trial,family,physical_core,weights,device,compute_capability,auto_select,selection_target,selected_implementation,selection_confidence,predicted_kernel_ms,selection_reason,backend,stage_space,stage_handoff,flow_tile_log,data_space,role_stages,target_ctas_per_sm,data_time,token_interleave,pipeline_buffers,dataflow_layout,dataflow_state,compute_unit,word_bits,logN,N,batch,modulus,modulus_bits,n1_log,rows_per_block,threads_per_block,hierarchical_core,stage_partition,segment_cores,segment_threads,segment_units,segment_data_space,segment_data_time,segment_role_stages,segment_token_interleave,segment_cta_weights,boundary_storage,boundary_buffers,ready_window,inverse,warmup,repeat,h2d_ms,kernel_ms,timed_region_wall_ms,host_timing_overhead_ms,d2h_ms,kernel_ntt_s,end_to_end_ntt_s,kernel_points_s,cross_twiddle,mod_multiply,output_order,correct
1,v06,dataflow-radix4,9-11,"Tesla V100-SXM2-16GB",7.0,0,"v100-sm70","hierarchical-dataflow-wave-10x10-resident-radix4","experimental",0.000000,"transform-wave readiness with the generated resident radix-4 core",hierarchical-dataflow,0,named-barrier,0,0,0,4,0,0,0,hermes-xor,inplace,radix4,32,20,1048576,1,998244353,30,0,0,0,dataflow-radix4,"10+10","dataflow-radix4+dataflow-radix4","256+256","1+1","0+0","0+0","0+0","0+0","9+11","full-scratch","1",8,0,5,30,0.797600,0.148070,0.148351,0.000280,0.742752,6753.544488,592.268860,7081604665.475410,fused,shoup,natural,-1
1,appt,appt-online,4-8-8,"Tesla V100-SXM2-16GB",7.0,0,"v100-sm70","hierarchical-dataflow-appt-online-warp-radix2","experimental",0.000000,"persistent CTA fold roles publish online-reordered packet groups without fold-wide barriers",hierarchical-dataflow,0,named-barrier,0,0,0,3,0,0,0,hermes-xor,inplace,radix4,32,20,1048576,1,998244353,30,0,0,0,dataflow-radix4,"7+7+6","appt-online+appt-online+appt-online","256+256+256","8+8+8","16+16+16","4+4+4","2+2+2","1+1+1","4+8+8","ring+ring","2+2",8,0,5,30,0.789536,0.362462,0.362818,0.000356,0.742496,2758.910927,527.845464,2892927784.691621,fused,shoup,natural,-1
1,appt,appt-online,6-6-8,"Tesla V100-SXM2-16GB",7.0,0,"v100-sm70","hierarchical-dataflow-appt-online-warp-radix2","experimental",0.000000,"persistent CTA fold roles publish online-reordered packet groups without fold-wide barriers",hierarchical-dataflow,0,named-barrier,0,0,0,3,0,0,0,hermes-xor,inplace,radix4,32,20,1048576,1,998244353,30,0,0,0,dataflow-radix4,"7+7+6","appt-online+appt-online+appt-online","256+256+256","8+8+8","16+16+16","4+4+4","2+2+2","1+1+1","6+6+8","ring+ring","2+2",8,0,5,30,0.791232,0.295390,0.295689,0.000299,0.736800,3385.356549,548.419441,3549803628.726995,fused,shoup,natural,-1
1,appt,appt-online,7-7-6,"Tesla V100-SXM2-16GB",7.0,0,"v100-sm70","hierarchical-dataflow-appt-online-warp-radix2","experimental",0.000000,"persistent CTA fold roles publish online-reordered packet groups without fold-wide barriers",hierarchical-dataflow,0,named-barrier,0,0,0,3,0,0,0,hermes-xor,inplace,radix4,32,20,1048576,1,998244353,30,0,0,0,dataflow-radix4,"7+7+6","appt-online+appt-online+appt-online","256+256+256","8+8+8","16+16+16","4+4+4","2+2+2","1+1+1","7+7+6","ring+ring","2+2",8,0,5,30,0.778304,0.298018,0.298273,0.000255,0.736992,3355.500579,551.476434,3518497375.188316,fused,shoup,natural,-1
1,appt,appt-online,7-6-7,"Tesla V100-SXM2-16GB",7.0,0,"v100-sm70","hierarchical-dataflow-appt-online-warp-radix2","experimental",0.000000,"persistent CTA fold roles publish online-reordered packet groups without fold-wide barriers",hierarchical-dataflow,0,named-barrier,0,0,0,3,0,0,0,hermes-xor,inplace,radix4,32,20,1048576,1,998244353,30,0,0,0,dataflow-radix4,"7+7+6","appt-online+appt-online+appt-online","256+256+256","8+8+8","16+16+16","4+4+4","2+2+2","1+1+1","7+6+7","ring+ring","2+2",8,0,5,30,0.804800,0.299998,0.300347,0.000350,0.715872,3333.357043,549.248405,3495278194.621278,fused,shoup,natural,-1
1,appt,appt-online,6-8-6,"Tesla V100-SXM2-16GB",7.0,0,"v100-sm70","hierarchical-dataflow-appt-online-warp-radix2","experimental",0.000000,"persistent CTA fold roles publish online-reordered packet groups without fold-wide barriers",hierarchical-dataflow,0,named-barrier,0,0,0,3,0,0,0,hermes-xor,inplace,radix4,32,20,1048576,1,998244353,30,0,0,0,dataflow-radix4,"7+7+6","appt-online+appt-online+appt-online","256+256+256","8+8+8","16+16+16","4+4+4","2+2+2","1+1+1","6+8+6","ring+ring","2+2",8,0,5,30,0.783520,0.297267,0.297548,0.000281,0.736320,3363.976599,550.325255,3527385126.734187,fused,shoup,natural,-1
1,appt,appt-online,5-7-8,"Tesla V100-SXM2-16GB",7.0,0,"v100-sm70","hierarchical-dataflow-appt-online-warp-radix2","experimental",0.000000,"persistent CTA fold roles publish online-reordered packet groups without fold-wide barriers",hierarchical-dataflow,0,named-barrier,0,0,0,3,0,0,0,hermes-xor,inplace,radix4,32,20,1048576,1,998244353,30,0,0,0,dataflow-radix4,"7+7+6","appt-online+appt-online+appt-online","256+256+256","8+8+8","16+16+16","4+4+4","2+2+2","1+1+1","5+7+8","ring+ring","2+2",8,0,5,30,0.783520,0.360209,0.360510,0.000301,0.742432,2776.165691,530.177426,2911020715.389344,fused,shoup,natural,-1
1,appt,appt-online,8-8-4,"Tesla V100-SXM2-16GB",7.0,0,"v100-sm70","hierarchical-dataflow-appt-online-warp-radix2","experimental",0.000000,"persistent CTA fold roles publish online-reordered packet groups without fold-wide barriers",hierarchical-dataflow,0,named-barrier,0,0,0,3,0,0,0,hermes-xor,inplace,radix4,32,20,1048576,1,998244353,30,0,0,0,dataflow-radix4,"7+7+6","appt-online+appt-online+appt-online","256+256+256","8+8+8","16+16+16","4+4+4","2+2+2","1+1+1","8+8+4","ring+ring","2+2",8,0,5,30,0.780864,0.310647,0.310899,0.000252,0.739616,3219.083159,546.111636,3375453342.826407,fused,shoup,natural,-1
1,appt,appt-online-radix4,4-8-8,"Tesla V100-SXM2-16GB",7.0,0,"v100-sm70","hierarchical-dataflow-appt-online-radix4","experimental",0.000000,"persistent CTA fold roles publish online-reordered packet groups without fold-wide barriers",hierarchical-dataflow,0,named-barrier,0,0,0,3,0,0,0,hermes-xor,inplace,radix4,32,20,1048576,1,998244353,30,0,0,0,dataflow-radix4,"7+7+6","appt-online-radix4+appt-online-radix4+appt-online-radix4","256+256+256","8+8+8","16+16+16","4+4+4","2+2+2","1+1+1","4+8+8","ring+ring","2+2",8,0,5,30,0.781056,0.379324,0.379611,0.000288,0.728640,2636.270463,529.375088,2764329937.079004,fused,shoup,natural,-1
1,appt,appt-online-radix4,6-6-8,"Tesla V100-SXM2-16GB",7.0,0,"v100-sm70","hierarchical-dataflow-appt-online-radix4","experimental",0.000000,"persistent CTA fold roles publish online-reordered packet groups without fold-wide barriers",hierarchical-dataflow,0,named-barrier,0,0,0,3,0,0,0,hermes-xor,inplace,radix4,32,20,1048576,1,998244353,30,0,0,0,dataflow-radix4,"7+7+6","appt-online-radix4+appt-online-radix4+appt-online-radix4","256+256+256","8+8+8","16+16+16","4+4+4","2+2+2","1+1+1","6+6+8","ring+ring","2+2",8,0,5,30,0.783808,0.317269,0.317537,0.000268,0.733696,3151.896261,545.026461,3305002773.756241,fused,shoup,natural,-1
1,appt,appt-online-radix4,7-7-6,"Tesla V100-SXM2-16GB",7.0,0,"v100-sm70","hierarchical-dataflow-appt-online-radix4","experimental",0.000000,"persistent CTA fold roles publish online-reordered packet groups without fold-wide barriers",hierarchical-dataflow,0,named-barrier,0,0,0,3,0,0,0,hermes-xor,inplace,radix4,32,20,1048576,1,998244353,30,0,0,0,dataflow-radix4,"7+7+6","appt-online-radix4+appt-online-radix4+appt-online-radix4","256+256+256","8+8+8","16+16+16","4+4+4","2+2+2","1+1+1","7+7+6","ring+ring","2+2",8,0,5,30,0.789568,0.324164,0.324442,0.000278,0.744800,3084.855699,538.058998,3234705649.755984,fused,shoup,natural,-1
1,appt,appt-online-radix4,7-6-7,"Tesla V100-SXM2-16GB",7.0,0,"v100-sm70","hierarchical-dataflow-appt-online-radix4","experimental",0.000000,"persistent CTA fold roles publish online-reordered packet groups without fold-wide barriers",hierarchical-dataflow,0,named-barrier,0,0,0,3,0,0,0,hermes-xor,inplace,radix4,32,20,1048576,1,998244353,30,0,0,0,dataflow-radix4,"7+7+6","appt-online-radix4+appt-online-radix4+appt-online-radix4","256+256+256","8+8+8","16+16+16","4+4+4","2+2+2","1+1+1","7+6+7","ring+ring","2+2",8,0,5,30,0.782720,0.306654,0.306930,0.000276,0.741088,3261.005460,546.310199,3419412061.408431,fused,shoup,natural,-1
1,appt,appt-online-radix4,6-8-6,"Tesla V100-SXM2-16GB",7.0,0,"v100-sm70","hierarchical-dataflow-appt-online-radix4","experimental",0.000000,"persistent CTA fold roles publish online-reordered packet groups without fold-wide barriers",hierarchical-dataflow,0,named-barrier,0,0,0,3,0,0,0,hermes-xor,inplace,radix4,32,20,1048576,1,998244353,30,0,0,0,dataflow-radix4,"7+7+6","appt-online-radix4+appt-online-radix4+appt-online-radix4","256+256+256","8+8+8","16+16+16","4+4+4","2+2+2","1+1+1","6+8+6","ring+ring","2+2",8,0,5,30,0.761984,0.324779,0.325058,0.000279,0.746304,3079.020162,545.533912,3228586645.610847,fused,shoup,natural,-1
1,appt,appt-online-radix4,5-7-8,"Tesla V100-SXM2-16GB",7.0,0,"v100-sm70","hierarchical-dataflow-appt-online-radix4","experimental",0.000000,"persistent CTA fold roles publish online-reordered packet groups without fold-wide barriers",hierarchical-dataflow,0,named-barrier,0,0,0,3,0,0,0,hermes-xor,inplace,radix4,32,20,1048576,1,998244353,30,0,0,0,dataflow-radix4,"7+7+6","appt-online-radix4+appt-online-radix4+appt-online-radix4","256+256+256","8+8+8","16+16+16","4+4+4","2+2+2","1+1+1","5+7+8","ring+ring","2+2",8,0,5,30,0.777760,0.378505,0.378773,0.000269,0.734560,2641.976205,528.869789,2770312841.011598,fused,shoup,natural,-1
1,appt,appt-online-radix4,8-8-4,"Tesla V100-SXM2-16GB",7.0,0,"v100-sm70","hierarchical-dataflow-appt-online-radix4","experimental",0.000000,"persistent CTA fold roles publish online-reordered packet groups without fold-wide barriers",hierarchical-dataflow,0,named-barrier,0,0,0,3,0,0,0,hermes-xor,inplace,radix4,32,20,1048576,1,998244353,30,0,0,0,dataflow-radix4,"7+7+6","appt-online-radix4+appt-online-radix4+appt-online-radix4","256+256+256","8+8+8","16+16+16","4+4+4","2+2+2","1+1+1","8+8+4","ring+ring","2+2",8,0,5,30,0.776128,0.355123,0.355396,0.000272,0.734400,2815.924227,536.005884,2952710561.882021,fused,shoup,natural,-1
2,v06,dataflow-radix4,9-11,"Tesla V100-SXM2-16GB",7.0,0,"v100-sm70","hierarchical-dataflow-wave-10x10-resident-radix4","experimental",0.000000,"transform-wave readiness with the generated resident radix-4 core",hierarchical-dataflow,0,named-barrier,0,0,0,4,0,0,0,hermes-xor,inplace,radix4,32,20,1048576,1,998244353,30,0,0,0,dataflow-radix4,"10+10","dataflow-radix4+dataflow-radix4","256+256","1+1","0+0","0+0","0+0","0+0","9+11","full-scratch","1",8,0,5,30,0.780672,0.148002,0.148253,0.000251,0.733920,6756.659389,601.469706,7084870875.512561,fused,shoup,natural,-1
2,appt,appt-online,4-8-8,"Tesla V100-SXM2-16GB",7.0,0,"v100-sm70","hierarchical-dataflow-appt-online-warp-radix2","experimental",0.000000,"persistent CTA fold roles publish online-reordered packet groups without fold-wide barriers",hierarchical-dataflow,0,named-barrier,0,0,0,3,0,0,0,hermes-xor,inplace,radix4,32,20,1048576,1,998244353,30,0,0,0,dataflow-radix4,"7+7+6","appt-online+appt-online+appt-online","256+256+256","8+8+8","16+16+16","4+4+4","2+2+2","1+1+1","4+8+8","ring+ring","2+2",8,0,5,30,0.792352,0.362871,0.363150,0.000279,0.740640,2755.796716,527.464142,2889662297.190871,fused,shoup,natural,-1
2,appt,appt-online,6-6-8,"Tesla V100-SXM2-16GB",7.0,0,"v100-sm70","hierarchical-dataflow-appt-online-warp-radix2","experimental",0.000000,"persistent CTA fold roles publish online-reordered packet groups without fold-wide barriers",hierarchical-dataflow,0,named-barrier,0,0,0,3,0,0,0,hermes-xor,inplace,radix4,32,20,1048576,1,998244353,30,0,0,0,dataflow-radix4,"7+7+6","appt-online+appt-online+appt-online","256+256+256","8+8+8","16+16+16","4+4+4","2+2+2","1+1+1","6+6+8","ring+ring","2+2",8,0,5,30,0.774368,0.294912,0.295170,0.000258,0.737696,3390.842237,553.410793,3555555789.099079,fused,shoup,natural,-1
2,appt,appt-online,7-7-6,"Tesla V100-SXM2-16GB",7.0,0,"v100-sm70","hierarchical-dataflow-appt-online-warp-radix2","experimental",0.000000,"persistent CTA fold roles publish online-reordered packet groups without fold-wide barriers",hierarchical-dataflow,0,named-barrier,0,0,0,3,0,0,0,hermes-xor,inplace,radix4,32,20,1048576,1,998244353,30,0,0,0,dataflow-radix4,"7+7+6","appt-online+appt-online+appt-online","256+256+256","8+8+8","16+16+16","4+4+4","2+2+2","1+1+1","7+7+6","ring+ring","2+2",8,0,5,30,0.791936,0.297711,0.297977,0.000266,0.737376,3358.963057,547.338520,3522128046.863508,fused,shoup,natural,-1
2,appt,appt-online,7-6-7,"Tesla V100-SXM2-16GB",7.0,0,"v100-sm70","hierarchical-dataflow-appt-online-warp-radix2","experimental",0.000000,"persistent CTA fold roles publish online-reordered packet groups without fold-wide barriers",hierarchical-dataflow,0,named-barrier,0,0,0,3,0,0,0,hermes-xor,inplace,radix4,32,20,1048576,1,998244353,30,0,0,0,dataflow-radix4,"7+7+6","appt-online+appt-online+appt-online","256+256+256","8+8+8","16+16+16","4+4+4","2+2+2","1+1+1","7+6+7","ring+ring","2+2",8,0,5,30,0.778048,0.300237,0.300516,0.000279,0.733536,3330.704393,551.930971,3492496689.720303,fused,shoup,natural,-1
2,appt,appt-online,6-8-6,"Tesla V100-SXM2-16GB",7.0,0,"v100-sm70","hierarchical-dataflow-appt-online-warp-radix2","experimental",0.000000,"persistent CTA fold roles publish online-reordered packet groups without fold-wide barriers",hierarchical-dataflow,0,named-barrier,0,0,0,3,0,0,0,hermes-xor,inplace,radix4,32,20,1048576,1,998244353,30,0,0,0,dataflow-radix4,"7+7+6","appt-online+appt-online+appt-online","256+256+256","8+8+8","16+16+16","4+4+4","2+2+2","1+1+1","6+8+6","ring+ring","2+2",8,0,5,30,0.776224,0.296789,0.297084,0.000295,0.736000,3369.393500,552.787522,3533065158.559183,fused,shoup,natural,-1
2,appt,appt-online,5-7-8,"Tesla V100-SXM2-16GB",7.0,0,"v100-sm70","hierarchical-dataflow-appt-online-warp-radix2","experimental",0.000000,"persistent CTA fold roles publish online-reordered packet groups without fold-wide barriers",hierarchical-dataflow,0,named-barrier,0,0,0,3,0,0,0,hermes-xor,inplace,radix4,32,20,1048576,1,998244353,30,0,0,0,dataflow-radix4,"7+7+6","appt-online+appt-online+appt-online","256+256+256","8+8+8","16+16+16","4+4+4","2+2+2","1+1+1","5+7+8","ring+ring","2+2",8,0,5,30,0.767968,0.359595,0.359884,0.000289,0.733568,2780.908827,537.307782,2915994254.003254,fused,shoup,natural,-1
2,appt,appt-online,8-8-4,"Tesla V100-SXM2-16GB",7.0,0,"v100-sm70","hierarchical-dataflow-appt-online-warp-radix2","experimental",0.000000,"persistent CTA fold roles publish online-reordered packet groups without fold-wide barriers",hierarchical-dataflow,0,named-barrier,0,0,0,3,0,0,0,hermes-xor,inplace,radix4,32,20,1048576,1,998244353,30,0,0,0,dataflow-radix4,"7+7+6","appt-online+appt-online+appt-online","256+256+256","8+8+8","16+16+16","4+4+4","2+2+2","1+1+1","8+8+4","ring+ring","2+2",8,0,5,30,0.789888,0.310545,0.310842,0.000297,0.743424,3220.144637,542.341384,3376566382.774626,fused,shoup,natural,-1
2,appt,appt-online-radix4,4-8-8,"Tesla V100-SXM2-16GB",7.0,0,"v100-sm70","hierarchical-dataflow-appt-online-radix4","experimental",0.000000,"persistent CTA fold roles publish online-reordered packet groups without fold-wide barriers",hierarchical-dataflow,0,named-barrier,0,0,0,3,0,0,0,hermes-xor,inplace,radix4,32,20,1048576,1,998244353,30,0,0,0,dataflow-radix4,"7+7+6","appt-online-radix4+appt-online-radix4+appt-online-radix4","256+256+256","8+8+8","16+16+16","4+4+4","2+2+2","1+1+1","4+8+8","ring+ring","2+2",8,0,5,30,0.774720,0.379324,0.379585,0.000261,0.736864,2636.270463,528.846533,2764329937.079004,fused,shoup,natural,-1
2,appt,appt-online-radix4,6-6-8,"Tesla V100-SXM2-16GB",7.0,0,"v100-sm70","hierarchical-dataflow-appt-online-radix4","experimental",0.000000,"persistent CTA fold roles publish online-reordered packet groups without fold-wide barriers",hierarchical-dataflow,0,named-barrier,0,0,0,3,0,0,0,hermes-xor,inplace,radix4,32,20,1048576,1,998244353,30,0,0,0,dataflow-radix4,"7+7+6","appt-online-radix4+appt-online-radix4+appt-online-radix4","256+256+256","8+8+8","16+16+16","4+4+4","2+2+2","1+1+1","6+6+8","ring+ring","2+2",8,0,5,30,0.763552,0.317133,0.317373,0.000240,0.738400,3153.253140,549.726986,3306425564.612148,fused,shoup,natural,-1
2,appt,appt-online-radix4,7-7-6,"Tesla V100-SXM2-16GB",7.0,0,"v100-sm70","hierarchical-dataflow-appt-online-radix4","experimental",0.000000,"persistent CTA fold roles publish online-reordered packet groups without fold-wide barriers",hierarchical-dataflow,0,named-barrier,0,0,0,3,0,0,0,hermes-xor,inplace,radix4,32,20,1048576,1,998244353,30,0,0,0,dataflow-radix4,"7+7+6","appt-online-radix4+appt-online-radix4+appt-online-radix4","256+256+256","8+8+8","16+16+16","4+4+4","2+2+2","1+1+1","7+7+6","ring+ring","2+2",8,0,5,30,0.782720,0.324096,0.324385,0.000289,0.749824,3085.505300,538.607365,3235386805.862844,fused,shoup,natural,-1
2,appt,appt-online-radix4,7-6-7,"Tesla V100-SXM2-16GB",7.0,0,"v100-sm70","hierarchical-dataflow-appt-online-radix4","experimental",0.000000,"persistent CTA fold roles publish online-reordered packet groups without fold-wide barriers",hierarchical-dataflow,0,named-barrier,0,0,0,3,0,0,0,hermes-xor,inplace,radix4,32,20,1048576,1,998244353,30,0,0,0,dataflow-radix4,"7+7+6","appt-online-radix4+appt-online-radix4+appt-online-radix4","256+256+256","8+8+8","16+16+16","4+4+4","2+2+2","1+1+1","7+6+7","ring+ring","2+2",8,0,5,30,0.778336,0.306927,0.307230,0.000303,0.734208,3258.104715,549.610334,3416370409.794269,fused,shoup,natural,-1
2,appt,appt-online-radix4,6-8-6,"Tesla V100-SXM2-16GB",7.0,0,"v100-sm70","hierarchical-dataflow-appt-online-radix4","experimental",0.000000,"persistent CTA fold roles publish online-reordered packet groups without fold-wide barriers",hierarchical-dataflow,0,named-barrier,0,0,0,3,0,0,0,hermes-xor,inplace,radix4,32,20,1048576,1,998244353,30,0,0,0,dataflow-radix4,"7+7+6","appt-online-radix4+appt-online-radix4+appt-online-radix4","256+256+256","8+8+8","16+16+16","4+4+4","2+2+2","1+1+1","6+8+6","ring+ring","2+2",8,0,5,30,0.783008,0.325257,0.325529,0.000273,0.737792,3074.496339,541.695224,3223843073.587398,fused,shoup,natural,-1
2,appt,appt-online-radix4,5-7-8,"Tesla V100-SXM2-16GB",7.0,0,"v100-sm70","hierarchical-dataflow-appt-online-radix4","experimental",0.000000,"persistent CTA fold roles publish online-reordered packet groups without fold-wide barriers",hierarchical-dataflow,0,named-barrier,0,0,0,3,0,0,0,hermes-xor,inplace,radix4,32,20,1048576,1,998244353,30,0,0,0,dataflow-radix4,"7+7+6","appt-online-radix4+appt-online-radix4+appt-online-radix4","256+256+256","8+8+8","16+16+16","4+4+4","2+2+2","1+1+1","5+7+8","ring+ring","2+2",8,0,5,30,0.764672,0.378846,0.379118,0.000272,0.737088,2639.595883,531.743526,2767816892.474944,fused,shoup,natural,-1
2,appt,appt-online-radix4,8-8-4,"Tesla V100-SXM2-16GB",7.0,0,"v100-sm70","hierarchical-dataflow-appt-online-radix4","experimental",0.000000,"persistent CTA fold roles publish online-reordered packet groups without fold-wide barriers",hierarchical-dataflow,0,named-barrier,0,0,0,3,0,0,0,hermes-xor,inplace,radix4,32,20,1048576,1,998244353,30,0,0,0,dataflow-radix4,"7+7+6","appt-online-radix4+appt-online-radix4+appt-online-radix4","256+256+256","8+8+8","16+16+16","4+4+4","2+2+2","1+1+1","8+8+4","ring+ring","2+2",8,0,5,30,0.775456,0.354918,0.355177,0.000259,0.734080,2817.549123,536.349932,2954414389.420514,fused,shoup,natural,-1
3,v06,dataflow-radix4,9-11,"Tesla V100-SXM2-16GB",7.0,0,"v100-sm70","hierarchical-dataflow-wave-10x10-resident-radix4","experimental",0.000000,"transform-wave readiness with the generated resident radix-4 core",hierarchical-dataflow,0,named-barrier,0,0,0,4,0,0,0,hermes-xor,inplace,radix4,32,20,1048576,1,998244353,30,0,0,0,dataflow-radix4,"10+10","dataflow-radix4+dataflow-radix4","256+256","1+1","0+0","0+0","0+0","0+0","9+11","full-scratch","1",8,0,5,30,0.791360,0.147866,0.148976,0.001111,0.738304,6762.898500,596.114656,7091413057.307541,fused,shoup,natural,-1
3,appt,appt-online,4-8-8,"Tesla V100-SXM2-16GB",7.0,0,"v100-sm70","hierarchical-dataflow-appt-online-warp-radix2","experimental",0.000000,"persistent CTA fold roles publish online-reordered packet groups without fold-wide barriers",hierarchical-dataflow,0,named-barrier,0,0,0,3,0,0,0,hermes-xor,inplace,radix4,32,20,1048576,1,998244353,30,0,0,0,dataflow-radix4,"7+7+6","appt-online+appt-online+appt-online","256+256+256","8+8+8","16+16+16","4+4+4","2+2+2","1+1+1","4+8+8","ring+ring","2+2",8,0,5,30,0.777024,0.362496,0.362756,0.000260,0.741056,2758.651217,531.751978,2892655458.142566,fused,shoup,natural,-1
3,appt,appt-online,6-6-8,"Tesla V100-SXM2-16GB",7.0,0,"v100-sm70","hierarchical-dataflow-appt-online-warp-radix2","experimental",0.000000,"persistent CTA fold roles publish online-reordered packet groups without fold-wide barriers",hierarchical-dataflow,0,named-barrier,0,0,0,3,0,0,0,hermes-xor,inplace,radix4,32,20,1048576,1,998244353,30,0,0,0,dataflow-radix4,"7+7+6","appt-online+appt-online+appt-online","256+256+256","8+8+8","16+16+16","4+4+4","2+2+2","1+1+1","6+6+8","ring+ring","2+2",8,0,5,30,0.785504,0.295253,0.295499,0.000246,0.737408,3386.921930,550.004996,3551445049.461908,fused,shoup,natural,-1
3,appt,appt-online,7-7-6,"Tesla V100-SXM2-16GB",7.0,0,"v100-sm70","hierarchical-dataflow-appt-online-warp-radix2","experimental",0.000000,"persistent CTA fold roles publish online-reordered packet groups without fold-wide barriers",hierarchical-dataflow,0,named-barrier,0,0,0,3,0,0,0,hermes-xor,inplace,radix4,32,20,1048576,1,998244353,30,0,0,0,dataflow-radix4,"7+7+6","appt-online+appt-online+appt-online","256+256+256","8+8+8","16+16+16","4+4+4","2+2+2","1+1+1","7+7+6","ring+ring","2+2",8,0,5,30,0.777248,0.298257,0.298519,0.000261,0.728416,3352.812583,554.347969,3515678807.290999,fused,shoup,natural,-1
3,appt,appt-online,7-6-7,"Tesla V100-SXM2-16GB",7.0,0,"v100-sm70","hierarchical-dataflow-appt-online-warp-radix2","experimental",0.000000,"persistent CTA fold roles publish online-reordered packet groups without fold-wide barriers",hierarchical-dataflow,0,named-barrier,0,0,0,3,0,0,0,hermes-xor,inplace,radix4,32,20,1048576,1,998244353,30,0,0,0,dataflow-radix4,"7+7+6","appt-online+appt-online+appt-online","256+256+256","8+8+8","16+16+16","4+4+4","2+2+2","1+1+1","7+6+7","ring+ring","2+2",8,0,5,30,0.784096,0.300066,0.300327,0.000261,0.737824,3332.598901,548.851596,3494483225.270615,fused,shoup,natural,-1
3,appt,appt-online,6-8-6,"Tesla V100-SXM2-16GB",7.0,0,"v100-sm70","hierarchical-dataflow-appt-online-warp-radix2","experimental",0.000000,"persistent CTA fold roles publish online-reordered packet groups without fold-wide barriers",hierarchical-dataflow,0,named-barrier,0,0,0,3,0,0,0,hermes-xor,inplace,radix4,32,20,1048576,1,998244353,30,0,0,0,dataflow-radix4,"7+7+6","appt-online+appt-online+appt-online","256+256+256","8+8+8","16+16+16","4+4+4","2+2+2","1+1+1","6+8+6","ring+ring","2+2",8,0,5,30,0.778048,0.297028,0.297324,0.000296,0.733824,3366.683209,552.822085,3530223212.099114,fused,shoup,natural,-1
3,appt,appt-online,5-7-8,"Tesla V100-SXM2-16GB",7.0,0,"v100-sm70","hierarchical-dataflow-appt-online-warp-radix2","experimental",0.000000,"persistent CTA fold roles publish online-reordered packet groups without fold-wide barriers",hierarchical-dataflow,0,named-barrier,0,0,0,3,0,0,0,hermes-xor,inplace,radix4,32,20,1048576,1,998244353,30,0,0,0,dataflow-radix4,"7+7+6","appt-online+appt-online+appt-online","256+256+256","8+8+8","16+16+16","4+4+4","2+2+2","1+1+1","5+7+8","ring+ring","2+2",8,0,5,30,0.784288,0.358366,0.358622,0.000256,0.732384,2790.444352,533.322559,2925992977.061751,fused,shoup,natural,-1
3,appt,appt-online,8-8-4,"Tesla V100-SXM2-16GB",7.0,0,"v100-sm70","hierarchical-dataflow-appt-online-warp-radix2","experimental",0.000000,"persistent CTA fold roles publish online-reordered packet groups without fold-wide barriers",hierarchical-dataflow,0,named-barrier,0,0,0,3,0,0,0,hermes-xor,inplace,radix4,32,20,1048576,1,998244353,30,0,0,0,dataflow-radix4,"7+7+6","appt-online+appt-online+appt-online","256+256+256","8+8+8","16+16+16","4+4+4","2+2+2","1+1+1","8+8+4","ring+ring","2+2",8,0,5,30,0.789120,0.311125,0.311387,0.000262,0.740192,3214.138733,543.349111,3370268736.320833,fused,shoup,natural,-1
3,appt,appt-online-radix4,4-8-8,"Tesla V100-SXM2-16GB",7.0,0,"v100-sm70","hierarchical-dataflow-appt-online-radix4","experimental",0.000000,"persistent CTA fold roles publish online-reordered packet groups without fold-wide barriers",hierarchical-dataflow,0,named-barrier,0,0,0,3,0,0,0,hermes-xor,inplace,radix4,32,20,1048576,1,998244353,30,0,0,0,dataflow-radix4,"7+7+6","appt-online-radix4+appt-online-radix4+appt-online-radix4","256+256+256","8+8+8","16+16+16","4+4+4","2+2+2","1+1+1","4+8+8","ring+ring","2+2",8,0,5,30,0.764352,0.379733,0.379990,0.000256,0.729696,2633.426824,533.680196,2761348165.390009,fused,shoup,natural,-1
3,appt,appt-online-radix4,6-6-8,"Tesla V100-SXM2-16GB",7.0,0,"v100-sm70","hierarchical-dataflow-appt-online-radix4","experimental",0.000000,"persistent CTA fold roles publish online-reordered packet groups without fold-wide barriers",hierarchical-dataflow,0,named-barrier,0,0,0,3,0,0,0,hermes-xor,inplace,radix4,32,20,1048576,1,998244353,30,0,0,0,dataflow-radix4,"7+7+6","appt-online-radix4+appt-online-radix4+appt-online-radix4","256+256+256","8+8+8","16+16+16","4+4+4","2+2+2","1+1+1","6+6+8","ring+ring","2+2",8,0,5,30,0.767648,0.316245,0.316492,0.000247,0.741824,3162.101857,547.729925,3315704117.326283,fused,shoup,natural,-1
3,appt,appt-online-radix4,7-7-6,"Tesla V100-SXM2-16GB",7.0,0,"v100-sm70","hierarchical-dataflow-appt-online-radix4","experimental",0.000000,"persistent CTA fold roles publish online-reordered packet groups without fold-wide barriers",hierarchical-dataflow,0,named-barrier,0,0,0,3,0,0,0,hermes-xor,inplace,radix4,32,20,1048576,1,998244353,30,0,0,0,dataflow-radix4,"7+7+6","appt-online-radix4+appt-online-radix4+appt-online-radix4","256+256+256","8+8+8","16+16+16","4+4+4","2+2+2","1+1+1","7+7+6","ring+ring","2+2",8,0,5,30,0.783488,0.324540,0.324779,0.000240,0.737184,3081.286928,541.943241,3230963521.906939,fused,shoup,natural,-1
3,appt,appt-online-radix4,7-6-7,"Tesla V100-SXM2-16GB",7.0,0,"v100-sm70","hierarchical-dataflow-appt-online-radix4","experimental",0.000000,"persistent CTA fold roles publish online-reordered packet groups without fold-wide barriers",hierarchical-dataflow,0,named-barrier,0,0,0,3,0,0,0,hermes-xor,inplace,radix4,32,20,1048576,1,998244353,30,0,0,0,dataflow-radix4,"7+7+6","appt-online-radix4+appt-online-radix4+appt-online-radix4","256+256+256","8+8+8","16+16+16","4+4+4","2+2+2","1+1+1","7+6+7","ring+ring","2+2",8,0,5,30,0.785568,0.306859,0.307114,0.000255,0.732192,3258.829338,548.059731,3417130232.311895,fused,shoup,natural,-1
3,appt,appt-online-radix4,6-8-6,"Tesla V100-SXM2-16GB",7.0,0,"v100-sm70","hierarchical-dataflow-appt-online-radix4","experimental",0.000000,"persistent CTA fold roles publish online-reordered packet groups without fold-wide barriers",hierarchical-dataflow,0,named-barrier,0,0,0,3,0,0,0,hermes-xor,inplace,radix4,32,20,1048576,1,998244353,30,0,0,0,dataflow-radix4,"7+7+6","appt-online-radix4+appt-online-radix4+appt-online-radix4","256+256+256","8+8+8","16+16+16","4+4+4","2+2+2","1+1+1","6+8+6","ring+ring","2+2",8,0,5,30,0.780032,0.324847,0.325120,0.000273,0.733152,3078.373006,544.060502,3227908053.375882,fused,shoup,natural,-1
3,appt,appt-online-radix4,5-7-8,"Tesla V100-SXM2-16GB",7.0,0,"v100-sm70","hierarchical-dataflow-appt-online-radix4","experimental",0.000000,"persistent CTA fold roles publish online-reordered packet groups without fold-wide barriers",hierarchical-dataflow,0,named-barrier,0,0,0,3,0,0,0,hermes-xor,inplace,radix4,32,20,1048576,1,998244353,30,0,0,0,dataflow-radix4,"7+7+6","appt-online-radix4+appt-online-radix4+appt-online-radix4","256+256+256","8+8+8","16+16+16","4+4+4","2+2+2","1+1+1","5+7+8","ring+ring","2+2",8,0,5,30,0.796288,0.379119,0.379454,0.000335,0.724480,2637.694794,526.347119,2765823456.490623,fused,shoup,natural,-1
3,appt,appt-online-radix4,8-8-4,"Tesla V100-SXM2-16GB",7.0,0,"v100-sm70","hierarchical-dataflow-appt-online-radix4","experimental",0.000000,"persistent CTA fold roles publish online-reordered packet groups without fold-wide barriers",hierarchical-dataflow,0,named-barrier,0,0,0,3,0,0,0,hermes-xor,inplace,radix4,32,20,1048576,1,998244353,30,0,0,0,dataflow-radix4,"7+7+6","appt-online-radix4+appt-online-radix4+appt-online-radix4","256+256+256","8+8+8","16+16+16","4+4+4","2+2+2","1+1+1","8+8+4","ring+ring","2+2",8,0,5,30,0.787872,0.352597,0.352889,0.000292,0.732800,2836.096380,533.826062,2973862597.812919,fused,shoup,natural,-1
1,v06,dataflow-radix4,9-11,"Tesla V100-SXM2-16GB",7.0,0,"v100-sm70","hierarchical-dataflow-wave-10x10-resident-radix4","experimental",0.000000,"transform-wave readiness with the generated resident radix-4 core",hierarchical-dataflow,0,named-barrier,0,0,0,4,0,0,0,hermes-xor,inplace,radix4,32,20,1048576,4,998244353,30,0,0,0,dataflow-radix4,"10+10","dataflow-radix4+dataflow-radix4","256+256","1+1","0+0","0+0","0+0","0+0","9+11","full-scratch","1",8,0,5,30,2.814144,0.350174,0.350445,0.000272,2.627744,11422.897160,690.600376,11977775812.727358,fused,shoup,natural,-1
1,appt,appt-online,4-8-8,"Tesla V100-SXM2-16GB",7.0,0,"v100-sm70","hierarchical-dataflow-appt-online-warp-radix2","experimental",0.000000,"persistent CTA fold roles publish online-reordered packet groups without fold-wide barriers",hierarchical-dataflow,0,named-barrier,0,0,0,3,0,0,0,hermes-xor,inplace,radix4,32,20,1048576,4,998244353,30,0,0,0,dataflow-radix4,"7+7+6","appt-online+appt-online+appt-online","256+256+256","8+8+8","16+16+16","4+4+4","2+2+2","1+1+1","4+8+8","ring+ring","2+2",8,0,5,30,2.808992,0.969933,0.970200,0.000267,2.617984,4123.997067,625.302025,4324324348.529187,fused,shoup,natural,-1
1,appt,appt-online,6-6-8,"Tesla V100-SXM2-16GB",7.0,0,"v100-sm70","hierarchical-dataflow-appt-online-warp-radix2","experimental",0.000000,"persistent CTA fold roles publish online-reordered packet groups without fold-wide barriers",hierarchical-dataflow,0,named-barrier,0,0,0,3,0,0,0,hermes-xor,inplace,radix4,32,20,1048576,4,998244353,30,0,0,0,dataflow-radix4,"7+7+6","appt-online+appt-online+appt-online","256+256+256","8+8+8","16+16+16","4+4+4","2+2+2","1+1+1","6+6+8","ring+ring","2+2",8,0,5,30,2.817248,0.949692,0.949999,0.000307,2.622240,4211.893129,626.058441,4416490049.581681,fused,shoup,natural,-1
1,appt,appt-online,7-7-6,"Tesla V100-SXM2-16GB",7.0,0,"v100-sm70","hierarchical-dataflow-appt-online-warp-radix2","experimental",0.000000,"persistent CTA fold roles publish online-reordered packet groups without fold-wide barriers",hierarchical-dataflow,0,named-barrier,0,0,0,3,0,0,0,hermes-xor,inplace,radix4,32,20,1048576,4,998244353,30,0,0,0,dataflow-radix4,"7+7+6","appt-online+appt-online+appt-online","256+256+256","8+8+8","16+16+16","4+4+4","2+2+2","1+1+1","7+7+6","ring+ring","2+2",8,0,5,30,2.814304,0.890061,0.890317,0.000257,2.620224,4494.075100,632.452175,4712379292.273582,fused,shoup,natural,-1
1,appt,appt-online,7-6-7,"Tesla V100-SXM2-16GB",7.0,0,"v100-sm70","hierarchical-dataflow-appt-online-warp-radix2","experimental",0.000000,"persistent CTA fold roles publish online-reordered packet groups without fold-wide barriers",hierarchical-dataflow,0,named-barrier,0,0,0,3,0,0,0,hermes-xor,inplace,radix4,32,20,1048576,4,998244353,30,0,0,0,dataflow-radix4,"7+7+6","appt-online+appt-online+appt-online","256+256+256","8+8+8","16+16+16","4+4+4","2+2+2","1+1+1","7+6+7","ring+ring","2+2",8,0,5,30,2.813696,0.931089,0.931378,0.000289,2.618816,4296.044263,628.574931,4504728908.851198,fused,shoup,natural,-1
1,appt,appt-online,6-8-6,"Tesla V100-SXM2-16GB",7.0,0,"v100-sm70","hierarchical-dataflow-appt-online-warp-radix2","experimental",0.000000,"persistent CTA fold roles publish online-reordered packet groups without fold-wide barriers",hierarchical-dataflow,0,named-barrier,0,0,0,3,0,0,0,hermes-xor,inplace,radix4,32,20,1048576,4,998244353,30,0,0,0,dataflow-radix4,"7+7+6","appt-online+appt-online+appt-online","256+256+256","8+8+8","16+16+16","4+4+4","2+2+2","1+1+1","6+8+6","ring+ring","2+2",8,0,5,30,2.808192,0.931669,0.931925,0.000256,2.609824,4293.368652,629.952479,4501923327.215761,fused,shoup,natural,-1
1,appt,appt-online,5-7-8,"Tesla V100-SXM2-16GB",7.0,0,"v100-sm70","hierarchical-dataflow-appt-online-warp-radix2","experimental",0.000000,"persistent CTA fold roles publish online-reordered packet groups without fold-wide barriers",hierarchical-dataflow,0,named-barrier,0,0,0,3,0,0,0,hermes-xor,inplace,radix4,32,20,1048576,4,998244353,30,0,0,0,dataflow-radix4,"7+7+6","appt-online+appt-online+appt-online","256+256+256","8+8+8","16+16+16","4+4+4","2+2+2","1+1+1","5+7+8","ring+ring","2+2",8,0,5,30,2.808320,0.976964,0.977238,0.000273,2.620832,4094.315693,624.403280,4293201171.982717,fused,shoup,natural,-1
1,appt,appt-online,8-8-4,"Tesla V100-SXM2-16GB",7.0,0,"v100-sm70","hierarchical-dataflow-appt-online-warp-radix2","experimental",0.000000,"persistent CTA fold roles publish online-reordered packet groups without fold-wide barriers",hierarchical-dataflow,0,named-barrier,0,0,0,3,0,0,0,hermes-xor,inplace,radix4,32,20,1048576,4,998244353,30,0,0,0,dataflow-radix4,"7+7+6","appt-online+appt-online+appt-online","256+256+256","8+8+8","16+16+16","4+4+4","2+2+2","1+1+1","8+8+4","ring+ring","2+2",8,0,5,30,2.795392,0.975667,0.975943,0.000276,2.621664,4099.758696,625.711428,4298908574.423854,fused,shoup,natural,-1
1,appt,appt-online-radix4,4-8-8,"Tesla V100-SXM2-16GB",7.0,0,"v100-sm70","hierarchical-dataflow-appt-online-radix4","experimental",0.000000,"persistent CTA fold roles publish online-reordered packet groups without fold-wide barriers",hierarchical-dataflow,0,named-barrier,0,0,0,3,0,0,0,hermes-xor,inplace,radix4,32,20,1048576,4,998244353,30,0,0,0,dataflow-radix4,"7+7+6","appt-online-radix4+appt-online-radix4+appt-online-radix4","256+256+256","8+8+8","16+16+16","4+4+4","2+2+2","1+1+1","4+8+8","ring+ring","2+2",8,0,5,30,2.813664,1.080149,1.080429,0.000280,2.618848,3703.191796,614.188239,3883078040.592878,fused,shoup,natural,-1
1,appt,appt-online-radix4,6-6-8,"Tesla V100-SXM2-16GB",7.0,0,"v100-sm70","hierarchical-dataflow-appt-online-radix4","experimental",0.000000,"persistent CTA fold roles publish online-reordered packet groups without fold-wide barriers",hierarchical-dataflow,0,named-barrier,0,0,0,3,0,0,0,hermes-xor,inplace,radix4,32,20,1048576,4,998244353,30,0,0,0,dataflow-radix4,"7+7+6","appt-online-radix4+appt-online-radix4+appt-online-radix4","256+256+256","8+8+8","16+16+16","4+4+4","2+2+2","1+1+1","6+6+8","ring+ring","2+2",8,0,5,30,2.802080,0.982869,0.983147,0.000278,2.619488,4069.716991,624.566976,4267407563.231864,fused,shoup,natural,-1
1,appt,appt-online-radix4,7-7-6,"Tesla V100-SXM2-16GB",7.0,0,"v100-sm70","hierarchical-dataflow-appt-online-radix4","experimental",0.000000,"persistent CTA fold roles publish online-reordered packet groups without fold-wide barriers",hierarchical-dataflow,0,named-barrier,0,0,0,3,0,0,0,hermes-xor,inplace,radix4,32,20,1048576,4,998244353,30,0,0,0,dataflow-radix4,"7+7+6","appt-online-radix4+appt-online-radix4+appt-online-radix4","256+256+256","8+8+8","16+16+16","4+4+4","2+2+2","1+1+1","7+7+6","ring+ring","2+2",8,0,5,30,2.803584,0.979251,0.979536,0.000285,2.617152,4084.753714,625.001242,4283174710.062731,fused,shoup,natural,-1
1,appt,appt-online-radix4,7-6-7,"Tesla V100-SXM2-16GB",7.0,0,"v100-sm70","hierarchical-dataflow-appt-online-radix4","experimental",0.000000,"persistent CTA fold roles publish online-reordered packet groups without fold-wide barriers",hierarchical-dataflow,0,named-barrier,0,0,0,3,0,0,0,hermes-xor,inplace,radix4,32,20,1048576,4,998244353,30,0,0,0,dataflow-radix4,"7+7+6","appt-online-radix4+appt-online-radix4+appt-online-radix4","256+256+256","8+8+8","16+16+16","4+4+4","2+2+2","1+1+1","7+6+7","ring+ring","2+2",8,0,5,30,2.807776,0.963721,0.963997,0.000276,2.615264,4150.581001,626.295609,4352199624.224984,fused,shoup,natural,-1
1,appt,appt-online-radix4,6-8-6,"Tesla V100-SXM2-16GB",7.0,0,"v100-sm70","hierarchical-dataflow-appt-online-radix4","experimental",0.000000,"persistent CTA fold roles publish online-reordered packet groups without fold-wide barriers",hierarchical-dataflow,0,named-barrier,0,0,0,3,0,0,0,hermes-xor,inplace,radix4,32,20,1048576,4,998244353,30,0,0,0,dataflow-radix4,"7+7+6","appt-online-radix4+appt-online-radix4+appt-online-radix4","256+256+256","8+8+8","16+16+16","4+4+4","2+2+2","1+1+1","6+8+6","ring+ring","2+2",8,0,5,30,2.805824,1.018300,1.018593,0.000294,2.621216,3928.116648,620.603432,4118928842.678226,fused,shoup,natural,-1
1,appt,appt-online-radix4,5-7-8,"Tesla V100-SXM2-16GB",7.0,0,"v100-sm70","hierarchical-dataflow-appt-online-radix4","experimental",0.000000,"persistent CTA fold roles publish online-reordered packet groups without fold-wide barriers",hierarchical-dataflow,0,named-barrier,0,0,0,3,0,0,0,hermes-xor,inplace,radix4,32,20,1048576,4,998244353,30,0,0,0,dataflow-radix4,"7+7+6","appt-online-radix4+appt-online-radix4+appt-online-radix4","256+256+256","8+8+8","16+16+16","4+4+4","2+2+2","1+1+1","5+7+8","ring+ring","2+2",8,0,5,30,2.814432,1.031305,1.031622,0.000318,2.627168,3878.582534,617.960613,4066988558.690866,fused,shoup,natural,-1
1,appt,appt-online-radix4,8-8-4,"Tesla V100-SXM2-16GB",7.0,0,"v100-sm70","hierarchical-dataflow-appt-online-radix4","experimental",0.000000,"persistent CTA fold roles publish online-reordered packet groups without fold-wide barriers",hierarchical-dataflow,0,named-barrier,0,0,0,3,0,0,0,hermes-xor,inplace,radix4,32,20,1048576,4,998244353,30,0,0,0,dataflow-radix4,"7+7+6","appt-online-radix4+appt-online-radix4+appt-online-radix4","256+256+256","8+8+8","16+16+16","4+4+4","2+2+2","1+1+1","8+8+4","ring+ring","2+2",8,0,5,30,2.817792,1.170978,1.171276,0.000298,2.624640,3415.947487,604.831687,3581880551.780502,fused,shoup,natural,-1
2,v06,dataflow-radix4,9-11,"Tesla V100-SXM2-16GB",7.0,0,"v100-sm70","hierarchical-dataflow-wave-10x10-resident-radix4","experimental",0.000000,"transform-wave readiness with the generated resident radix-4 core",hierarchical-dataflow,0,named-barrier,0,0,0,4,0,0,0,hermes-xor,inplace,radix4,32,20,1048576,4,998244353,30,0,0,0,dataflow-radix4,"10+10","dataflow-radix4+dataflow-radix4","256+256","1+1","0+0","0+0","0+0","0+0","9+11","full-scratch","1",8,0,5,30,2.811488,0.350652,0.350914,0.000263,2.614208,11407.329644,692.479098,11961452088.347363,fused,shoup,natural,-1
2,appt,appt-online,4-8-8,"Tesla V100-SXM2-16GB",7.0,0,"v100-sm70","hierarchical-dataflow-appt-online-warp-radix2","experimental",0.000000,"persistent CTA fold roles publish online-reordered packet groups without fold-wide barriers",hierarchical-dataflow,0,named-barrier,0,0,0,3,0,0,0,hermes-xor,inplace,radix4,32,20,1048576,4,998244353,30,0,0,0,dataflow-radix4,"7+7+6","appt-online+appt-online+appt-online","256+256+256","8+8+8","16+16+16","4+4+4","2+2+2","1+1+1","4+8+8","ring+ring","2+2",8,0,5,30,2.804288,0.973619,0.973898,0.000279,2.628000,4108.382319,624.423661,4307951098.811236,fused,shoup,natural,-1
2,appt,appt-online,6-6-8,"Tesla V100-SXM2-16GB",7.0,0,"v100-sm70","hierarchical-dataflow-appt-online-warp-radix2","experimental",0.000000,"persistent CTA fold roles publish online-reordered packet groups without fold-wide barriers",hierarchical-dataflow,0,named-barrier,0,0,0,3,0,0,0,hermes-xor,inplace,radix4,32,20,1048576,4,998244353,30,0,0,0,dataflow-radix4,"7+7+6","appt-online+appt-online+appt-online","256+256+256","8+8+8","16+16+16","4+4+4","2+2+2","1+1+1","6+6+8","ring+ring","2+2",8,0,5,30,2.813760,0.949043,0.949319,0.000275,2.622048,4214.771192,626.482889,4419507917.771945,fused,shoup,natural,-1
2,appt,appt-online,7-7-6,"Tesla V100-SXM2-16GB",7.0,0,"v100-sm70","hierarchical-dataflow-appt-online-warp-radix2","experimental",0.000000,"persistent CTA fold roles publish online-reordered packet groups without fold-wide barriers",hierarchical-dataflow,0,named-barrier,0,0,0,3,0,0,0,hermes-xor,inplace,radix4,32,20,1048576,4,998244353,30,0,0,0,dataflow-radix4,"7+7+6","appt-online+appt-online+appt-online","256+256+256","8+8+8","16+16+16","4+4+4","2+2+2","1+1+1","7+7+6","ring+ring","2+2",8,0,5,30,2.801440,0.888627,0.888892,0.000265,2.615552,4501.325334,634.354839,4719981713.863793,fused,shoup,natural,-1
2,appt,appt-online,7-6-7,"Tesla V100-SXM2-16GB",7.0,0,"v100-sm70","hierarchical-dataflow-appt-online-warp-radix2","experimental",0.000000,"persistent CTA fold roles publish online-reordered packet groups without fold-wide barriers",hierarchical-dataflow,0,named-barrier,0,0,0,3,0,0,0,hermes-xor,inplace,radix4,32,20,1048576,4,998244353,30,0,0,0,dataflow-radix4,"7+7+6","appt-online+appt-online+appt-online","256+256+256","8+8+8","16+16+16","4+4+4","2+2+2","1+1+1","7+6+7","ring+ring","2+2",8,0,5,30,2.801184,0.932659,0.932942,0.000283,2.620192,4288.811993,629.521222,4497145324.400916,fused,shoup,natural,-1
2,appt,appt-online,6-8-6,"Tesla V100-SXM2-16GB",7.0,0,"v100-sm70","hierarchical-dataflow-appt-online-warp-radix2","experimental",0.000000,"persistent CTA fold roles publish online-reordered packet groups without fold-wide barriers",hierarchical-dataflow,0,named-barrier,0,0,0,3,0,0,0,hermes-xor,inplace,radix4,32,20,1048576,4,998244353,30,0,0,0,dataflow-radix4,"7+7+6","appt-online+appt-online+appt-online","256+256+256","8+8+8","16+16+16","4+4+4","2+2+2","1+1+1","6+8+6","ring+ring","2+2",8,0,5,30,2.799328,0.932250,0.932516,0.000267,2.619808,4290.696371,629.783833,4499121238.083078,fused,shoup,natural,-1
2,appt,appt-online,5-7-8,"Tesla V100-SXM2-16GB",7.0,0,"v100-sm70","hierarchical-dataflow-appt-online-warp-radix2","experimental",0.000000,"persistent CTA fold roles publish online-reordered packet groups without fold-wide barriers",hierarchical-dataflow,0,named-barrier,0,0,0,3,0,0,0,hermes-xor,inplace,radix4,32,20,1048576,4,998244353,30,0,0,0,dataflow-radix4,"7+7+6","appt-online+appt-online+appt-online","256+256+256","8+8+8","16+16+16","4+4+4","2+2+2","1+1+1","5+7+8","ring+ring","2+2",8,0,5,30,2.804512,0.973517,0.973769,0.000253,2.615712,4108.814717,625.611857,4308404500.686315,fused,shoup,natural,-1
2,appt,appt-online,8-8-4,"Tesla V100-SXM2-16GB",7.0,0,"v100-sm70","hierarchical-dataflow-appt-online-warp-radix2","experimental",0.000000,"persistent CTA fold roles publish online-reordered packet groups without fold-wide barriers",hierarchical-dataflow,0,named-barrier,0,0,0,3,0,0,0,hermes-xor,inplace,radix4,32,20,1048576,4,998244353,30,0,0,0,dataflow-radix4,"7+7+6","appt-online+appt-online+appt-online","256+256+256","8+8+8","16+16+16","4+4+4","2+2+2","1+1+1","8+8+4","ring+ring","2+2",8,0,5,30,2.809568,0.973346,0.973619,0.000273,2.618400,4109.535079,624.871692,4309159854.843204,fused,shoup,natural,-1
2,appt,appt-online-radix4,4-8-8,"Tesla V100-SXM2-16GB",7.0,0,"v100-sm70","hierarchical-dataflow-appt-online-radix4","experimental",0.000000,"persistent CTA fold roles publish online-reordered packet groups without fold-wide barriers",hierarchical-dataflow,0,named-barrier,0,0,0,3,0,0,0,hermes-xor,inplace,radix4,32,20,1048576,4,998244353,30,0,0,0,dataflow-radix4,"7+7+6","appt-online-radix4+appt-online-radix4+appt-online-radix4","256+256+256","8+8+8","16+16+16","4+4+4","2+2+2","1+1+1","4+8+8","ring+ring","2+2",8,0,5,30,2.810592,1.074586,1.074869,0.000284,2.617696,3722.365310,615.112684,3903182927.353131,fused,shoup,natural,-1
2,appt,appt-online-radix4,6-6-8,"Tesla V100-SXM2-16GB",7.0,0,"v100-sm70","hierarchical-dataflow-appt-online-radix4","experimental",0.000000,"persistent CTA fold roles publish online-reordered packet groups without fold-wide barriers",hierarchical-dataflow,0,named-barrier,0,0,0,3,0,0,0,hermes-xor,inplace,radix4,32,20,1048576,4,998244353,30,0,0,0,dataflow-radix4,"7+7+6","appt-online-radix4+appt-online-radix4+appt-online-radix4","256+256+256","8+8+8","16+16+16","4+4+4","2+2+2","1+1+1","6+6+8","ring+ring","2+2",8,0,5,30,2.806080,0.982426,0.982697,0.000271,2.614848,4071.555014,624.672668,4269334870.268573,fused,shoup,natural,-1
2,appt,appt-online-radix4,7-7-6,"Tesla V100-SXM2-16GB",7.0,0,"v100-sm70","hierarchical-dataflow-appt-online-radix4","experimental",0.000000,"persistent CTA fold roles publish online-reordered packet groups without fold-wide barriers",hierarchical-dataflow,0,named-barrier,0,0,0,3,0,0,0,hermes-xor,inplace,radix4,32,20,1048576,4,998244353,30,0,0,0,dataflow-radix4,"7+7+6","appt-online-radix4+appt-online-radix4+appt-online-radix4","256+256+256","8+8+8","16+16+16","4+4+4","2+2+2","1+1+1","7+7+6","ring+ring","2+2",8,0,5,30,2.804672,0.977852,0.978111,0.000259,2.617952,4090.599630,624.953533,4289304597.120866,fused,shoup,natural,-1
2,appt,appt-online-radix4,7-6-7,"Tesla V100-SXM2-16GB",7.0,0,"v100-sm70","hierarchical-dataflow-appt-online-radix4","experimental",0.000000,"persistent CTA fold roles publish online-reordered packet groups without fold-wide barriers",hierarchical-dataflow,0,named-barrier,0,0,0,3,0,0,0,hermes-xor,inplace,radix4,32,20,1048576,4,998244353,30,0,0,0,dataflow-radix4,"7+7+6","appt-online-radix4+appt-online-radix4+appt-online-radix4","256+256+256","8+8+8","16+16+16","4+4+4","2+2+2","1+1+1","7+6+7","ring+ring","2+2",8,0,5,30,2.804448,0.961775,0.962044,0.000269,2.616864,4158.977128,626.656056,4361003601.388357,fused,shoup,natural,-1
2,appt,appt-online-radix4,6-8-6,"Tesla V100-SXM2-16GB",7.0,0,"v100-sm70","hierarchical-dataflow-appt-online-radix4","experimental",0.000000,"persistent CTA fold roles publish online-reordered packet groups without fold-wide barriers",hierarchical-dataflow,0,named-barrier,0,0,0,3,0,0,0,hermes-xor,inplace,radix4,32,20,1048576,4,998244353,30,0,0,0,dataflow-radix4,"7+7+6","appt-online-radix4+appt-online-radix4+appt-online-radix4","256+256+256","8+8+8","16+16+16","4+4+4","2+2+2","1+1+1","6+8+6","ring+ring","2+2",8,0,5,30,2.807616,1.018334,1.018647,0.000313,2.622976,3927.984675,620.258322,4118790458.614694,fused,shoup,natural,-1
2,appt,appt-online-radix4,5-7-8,"Tesla V100-SXM2-16GB",7.0,0,"v100-sm70","hierarchical-dataflow-appt-online-radix4","experimental",0.000000,"persistent CTA fold roles publish online-reordered packet groups without fold-wide barriers",hierarchical-dataflow,0,named-barrier,0,0,0,3,0,0,0,hermes-xor,inplace,radix4,32,20,1048576,4,998244353,30,0,0,0,dataflow-radix4,"7+7+6","appt-online-radix4+appt-online-radix4+appt-online-radix4","256+256+256","8+8+8","16+16+16","4+4+4","2+2+2","1+1+1","5+7+8","ring+ring","2+2",8,0,5,30,2.809696,1.033864,1.034134,0.000270,2.626848,3868.978969,618.198996,4056918491.303500,fused,shoup,natural,-1
2,appt,appt-online-radix4,8-8-4,"Tesla V100-SXM2-16GB",7.0,0,"v100-sm70","hierarchical-dataflow-appt-online-radix4","experimental",0.000000,"persistent CTA fold roles publish online-reordered packet groups without fold-wide barriers",hierarchical-dataflow,0,named-barrier,0,0,0,3,0,0,0,hermes-xor,inplace,radix4,32,20,1048576,4,998244353,30,0,0,0,dataflow-radix4,"7+7+6","appt-online-radix4+appt-online-radix4+appt-online-radix4","256+256+256","8+8+8","16+16+16","4+4+4","2+2+2","1+1+1","8+8+4","ring+ring","2+2",8,0,5,30,2.803936,1.169374,1.169644,0.000270,2.633856,3420.633985,605.403291,3586794700.973829,fused,shoup,natural,-1
3,v06,dataflow-radix4,9-11,"Tesla V100-SXM2-16GB",7.0,0,"v100-sm70","hierarchical-dataflow-wave-10x10-resident-radix4","experimental",0.000000,"transform-wave readiness with the generated resident radix-4 core",hierarchical-dataflow,0,named-barrier,0,0,0,4,0,0,0,hermes-xor,inplace,radix4,32,20,1048576,4,998244353,30,0,0,0,dataflow-radix4,"10+10","dataflow-radix4+dataflow-radix4","256+256","1+1","0+0","0+0","0+0","0+0","9+11","full-scratch","1",8,0,5,30,2.811840,0.350379,0.350653,0.000274,2.613536,11416.220306,692.550199,11970774623.931414,fused,shoup,natural,-1
3,appt,appt-online,4-8-8,"Tesla V100-SXM2-16GB",7.0,0,"v100-sm70","hierarchical-dataflow-appt-online-warp-radix2","experimental",0.000000,"persistent CTA fold roles publish online-reordered packet groups without fold-wide barriers",hierarchical-dataflow,0,named-barrier,0,0,0,3,0,0,0,hermes-xor,inplace,radix4,32,20,1048576,4,998244353,30,0,0,0,dataflow-radix4,"7+7+6","appt-online+appt-online+appt-online","256+256+256","8+8+8","16+16+16","4+4+4","2+2+2","1+1+1","4+8+8","ring+ring","2+2",8,0,5,30,2.803904,0.972868,0.973114,0.000246,2.610400,4111.553588,626.255223,4311276414.707713,fused,shoup,natural,-1
3,appt,appt-online,6-6-8,"Tesla V100-SXM2-16GB",7.0,0,"v100-sm70","hierarchical-dataflow-appt-online-warp-radix2","experimental",0.000000,"persistent CTA fold roles publish online-reordered packet groups without fold-wide barriers",hierarchical-dataflow,0,named-barrier,0,0,0,3,0,0,0,hermes-xor,inplace,radix4,32,20,1048576,4,998244353,30,0,0,0,dataflow-radix4,"7+7+6","appt-online+appt-online+appt-online","256+256+256","8+8+8","16+16+16","4+4+4","2+2+2","1+1+1","6+6+8","ring+ring","2+2",8,0,5,30,2.807616,0.952388,0.952661,0.000272,2.621536,4199.967919,626.807926,4403985560.881947,fused,shoup,natural,-1
3,appt,appt-online,7-7-6,"Tesla V100-SXM2-16GB",7.0,0,"v100-sm70","hierarchical-dataflow-appt-online-warp-radix2","experimental",0.000000,"persistent CTA fold roles publish online-reordered packet groups without fold-wide barriers",hierarchical-dataflow,0,named-barrier,0,0,0,3,0,0,0,hermes-xor,inplace,radix4,32,20,1048576,4,998244353,30,0,0,0,dataflow-radix4,"7+7+6","appt-online+appt-online+appt-online","256+256+256","8+8+8","16+16+16","4+4+4","2+2+2","1+1+1","7+7+6","ring+ring","2+2",8,0,5,30,2.800096,0.886170,0.886466,0.000297,2.621248,4513.808580,634.164303,4733071345.793790,fused,shoup,natural,-1
3,appt,appt-online,7-6-7,"Tesla V100-SXM2-16GB",7.0,0,"v100-sm70","hierarchical-dataflow-appt-online-warp-radix2","experimental",0.000000,"persistent CTA fold roles publish online-reordered packet groups without fold-wide barriers",hierarchical-dataflow,0,named-barrier,0,0,0,3,0,0,0,hermes-xor,inplace,radix4,32,20,1048576,4,998244353,30,0,0,0,dataflow-radix4,"7+7+6","appt-online+appt-online+appt-online","256+256+256","8+8+8","16+16+16","4+4+4","2+2+2","1+1+1","7+6+7","ring+ring","2+2",8,0,5,30,2.802208,0.932284,0.932563,0.000279,2.608160,4290.539459,630.651061,4498956704.051914,fused,shoup,natural,-1
3,appt,appt-online,6-8-6,"Tesla V100-SXM2-16GB",7.0,0,"v100-sm70","hierarchical-dataflow-appt-online-warp-radix2","experimental",0.000000,"persistent CTA fold roles publish online-reordered packet groups without fold-wide barriers",hierarchical-dataflow,0,named-barrier,0,0,0,3,0,0,0,hermes-xor,inplace,radix4,32,20,1048576,4,998244353,30,0,0,0,dataflow-radix4,"7+7+6","appt-online+appt-online+appt-online","256+256+256","8+8+8","16+16+16","4+4+4","2+2+2","1+1+1","6+8+6","ring+ring","2+2",8,0,5,30,2.804608,0.932454,0.932741,0.000287,2.619328,4289.753975,629.287955,4498133064.250045,fused,shoup,natural,-1
3,appt,appt-online,5-7-8,"Tesla V100-SXM2-16GB",7.0,0,"v100-sm70","hierarchical-dataflow-appt-online-warp-radix2","experimental",0.000000,"persistent CTA fold roles publish online-reordered packet groups without fold-wide barriers",hierarchical-dataflow,0,named-barrier,0,0,0,3,0,0,0,hermes-xor,inplace,radix4,32,20,1048576,4,998244353,30,0,0,0,dataflow-radix4,"7+7+6","appt-online+appt-online+appt-online","256+256+256","8+8+8","16+16+16","4+4+4","2+2+2","1+1+1","5+7+8","ring+ring","2+2",8,0,5,30,2.808544,0.975053,0.975318,0.000265,2.616384,4102.342055,625.001882,4301617422.201595,fused,shoup,natural,-1
3,appt,appt-online,8-8-4,"Tesla V100-SXM2-16GB",7.0,0,"v100-sm70","hierarchical-dataflow-appt-online-warp-radix2","experimental",0.000000,"persistent CTA fold roles publish online-reordered packet groups without fold-wide barriers",hierarchical-dataflow,0,named-barrier,0,0,0,3,0,0,0,hermes-xor,inplace,radix4,32,20,1048576,4,998244353,30,0,0,0,dataflow-radix4,"7+7+6","appt-online+appt-online+appt-online","256+256+256","8+8+8","16+16+16","4+4+4","2+2+2","1+1+1","8+8+4","ring+ring","2+2",8,0,5,30,2.807488,0.976111,0.976381,0.000270,2.618560,4097.895126,624.789239,4296954480.087868,fused,shoup,natural,-1
3,appt,appt-online-radix4,4-8-8,"Tesla V100-SXM2-16GB",7.0,0,"v100-sm70","hierarchical-dataflow-appt-online-radix4","experimental",0.000000,"persistent CTA fold roles publish online-reordered packet groups without fold-wide barriers",hierarchical-dataflow,0,named-barrier,0,0,0,3,0,0,0,hermes-xor,inplace,radix4,32,20,1048576,4,998244353,30,0,0,0,dataflow-radix4,"7+7+6","appt-online-radix4+appt-online-radix4+appt-online-radix4","256+256+256","8+8+8","16+16+16","4+4+4","2+2+2","1+1+1","4+8+8","ring+ring","2+2",8,0,5,30,2.807840,1.078306,1.078588,0.000282,2.616128,3709.521886,615.169386,3889715621.594725,fused,shoup,natural,-1
3,appt,appt-online-radix4,6-6-8,"Tesla V100-SXM2-16GB",7.0,0,"v100-sm70","hierarchical-dataflow-appt-online-radix4","experimental",0.000000,"persistent CTA fold roles publish online-reordered packet groups without fold-wide barriers",hierarchical-dataflow,0,named-barrier,0,0,0,3,0,0,0,hermes-xor,inplace,radix4,32,20,1048576,4,998244353,30,0,0,0,dataflow-radix4,"7+7+6","appt-online-radix4+appt-online-radix4+appt-online-radix4","256+256+256","8+8+8","16+16+16","4+4+4","2+2+2","1+1+1","6+6+8","ring+ring","2+2",8,0,5,30,2.810464,0.983142,0.983438,0.000295,2.616608,4068.586458,624.004105,4266222114.245975,fused,shoup,natural,-1
3,appt,appt-online-radix4,7-7-6,"Tesla V100-SXM2-16GB",7.0,0,"v100-sm70","hierarchical-dataflow-appt-online-radix4","experimental",0.000000,"persistent CTA fold roles publish online-reordered packet groups without fold-wide barriers",hierarchical-dataflow,0,named-barrier,0,0,0,3,0,0,0,hermes-xor,inplace,radix4,32,20,1048576,4,998244353,30,0,0,0,dataflow-radix4,"7+7+6","appt-online-radix4+appt-online-radix4+appt-online-radix4","256+256+256","8+8+8","16+16+16","4+4+4","2+2+2","1+1+1","7+7+6","ring+ring","2+2",8,0,5,30,2.818720,0.976111,0.976420,0.000309,2.624736,4097.895126,623.094980,4296954480.087868,fused,shoup,natural,-1
3,appt,appt-online-radix4,7-6-7,"Tesla V100-SXM2-16GB",7.0,0,"v100-sm70","hierarchical-dataflow-appt-online-radix4","experimental",0.000000,"persistent CTA fold roles publish online-reordered packet groups without fold-wide barriers",hierarchical-dataflow,0,named-barrier,0,0,0,3,0,0,0,hermes-xor,inplace,radix4,32,20,1048576,4,998244353,30,0,0,0,dataflow-radix4,"7+7+6","appt-online-radix4+appt-online-radix4+appt-online-radix4","256+256+256","8+8+8","16+16+16","4+4+4","2+2+2","1+1+1","7+6+7","ring+ring","2+2",8,0,5,30,2.807584,0.962253,0.962513,0.000260,2.609472,4156.911799,627.027171,4358837946.493178,fused,shoup,natural,-1
3,appt,appt-online-radix4,6-8-6,"Tesla V100-SXM2-16GB",7.0,0,"v100-sm70","hierarchical-dataflow-appt-online-radix4","experimental",0.000000,"persistent CTA fold roles publish online-reordered packet groups without fold-wide barriers",hierarchical-dataflow,0,named-barrier,0,0,0,3,0,0,0,hermes-xor,inplace,radix4,32,20,1048576,4,998244353,30,0,0,0,dataflow-radix4,"7+7+6","appt-online-radix4+appt-online-radix4+appt-online-radix4","256+256+256","8+8+8","16+16+16","4+4+4","2+2+2","1+1+1","6+8+6","ring+ring","2+2",8,0,5,30,2.799200,1.017412,1.017680,0.000267,2.617952,3931.542778,621.642695,4122521400.507318,fused,shoup,natural,-1
3,appt,appt-online-radix4,5-7-8,"Tesla V100-SXM2-16GB",7.0,0,"v100-sm70","hierarchical-dataflow-appt-online-radix4","experimental",0.000000,"persistent CTA fold roles publish online-reordered packet groups without fold-wide barriers",hierarchical-dataflow,0,named-barrier,0,0,0,3,0,0,0,hermes-xor,inplace,radix4,32,20,1048576,4,998244353,30,0,0,0,dataflow-radix4,"7+7+6","appt-online-radix4+appt-online-radix4+appt-online-radix4","256+256+256","8+8+8","16+16+16","4+4+4","2+2+2","1+1+1","5+7+8","ring+ring","2+2",8,0,5,30,2.808544,1.033864,1.034134,0.000269,2.614464,3868.978969,619.494968,4056918491.303500,fused,shoup,natural,-1
3,appt,appt-online-radix4,8-8-4,"Tesla V100-SXM2-16GB",7.0,0,"v100-sm70","hierarchical-dataflow-appt-online-radix4","experimental",0.000000,"persistent CTA fold roles publish online-reordered packet groups without fold-wide barriers",hierarchical-dataflow,0,named-barrier,0,0,0,3,0,0,0,hermes-xor,inplace,radix4,32,20,1048576,4,998244353,30,0,0,0,dataflow-radix4,"7+7+6","appt-online-radix4+appt-online-radix4+appt-online-radix4","256+256+256","8+8+8","16+16+16","4+4+4","2+2+2","1+1+1","8+8+4","ring+ring","2+2",8,0,5,30,2.811936,1.173641,1.173905,0.000264,2.624832,3408.198362,605.106333,3573755005.233712,fused,shoup,natural,-1
1,v06,dataflow-radix4,9-11,"Tesla V100-SXM2-16GB",7.0,0,"v100-sm70","hierarchical-dataflow-wave-10x10-resident-radix4","experimental",0.000000,"transform-wave readiness with the generated resident radix-4 core",hierarchical-dataflow,0,named-barrier,0,0,0,2,0,0,0,hermes-xor,inplace,radix4,64,20,1048576,1,576460756061519873,60,0,0,0,dataflow-radix4,"10+10","dataflow-radix4+dataflow-radix4","256+256","1+1","0+0","0+0","0+0","0+0","9+11","full-scratch","1",8,0,5,30,1.422624,0.228386,0.228645,0.000259,1.345376,4378.549533,333.735358,4591241955.243955,fused,shoup,natural,-1
1,appt,appt-online,4-8-8,"Tesla V100-SXM2-16GB",7.0,0,"v100-sm70","hierarchical-dataflow-appt-online-warp-radix2","experimental",0.000000,"persistent CTA fold roles publish online-reordered packet groups without fold-wide barriers",hierarchical-dataflow,0,named-barrier,0,0,0,2,0,0,0,hermes-xor,inplace,radix4,64,20,1048576,1,576460756061519873,60,0,0,0,dataflow-radix4,"7+7+6","appt-online+appt-online+appt-online","256+256+256","8+8+8","16+16+16","4+4+4","2+2+2","1+1+1","4+8+8","ring+ring","2+2",8,0,5,30,1.413696,0.671232,0.671485,0.000253,1.337536,1489.797897,292.187148,1562166319.973602,fused,shoup,natural,-1
1,appt,appt-online,6-6-8,"Tesla V100-SXM2-16GB",7.0,0,"v100-sm70","hierarchical-dataflow-appt-online-warp-radix2","experimental",0.000000,"persistent CTA fold roles publish online-reordered packet groups without fold-wide barriers",hierarchical-dataflow,0,named-barrier,0,0,0,2,0,0,0,hermes-xor,inplace,radix4,64,20,1048576,1,576460756061519873,60,0,0,0,dataflow-radix4,"7+7+6","appt-online+appt-online+appt-online","256+256+256","8+8+8","16+16+16","4+4+4","2+2+2","1+1+1","6+6+8","ring+ring","2+2",8,0,5,30,1.417696,0.748100,0.748376,0.000275,1.337248,1336.719188,285.465992,1401651659.497221,fused,shoup,natural,-1
1,appt,appt-online,7-7-6,"Tesla V100-SXM2-16GB",7.0,0,"v100-sm70","hierarchical-dataflow-appt-online-warp-radix2","experimental",0.000000,"persistent CTA fold roles publish online-reordered packet groups without fold-wide barriers",hierarchical-dataflow,0,named-barrier,0,0,0,2,0,0,0,hermes-xor,inplace,radix4,64,20,1048576,1,576460756061519873,60,0,0,0,dataflow-radix4,"7+7+6","appt-online+appt-online+appt-online","256+256+256","8+8+8","16+16+16","4+4+4","2+2+2","1+1+1","7+7+6","ring+ring","2+2",8,0,5,30,1.412288,0.789094,0.789354,0.000260,1.332448,1267.275518,282.979063,1328834693.671114,fused,shoup,natural,-1
1,appt,appt-online,7-6-7,"Tesla V100-SXM2-16GB",7.0,0,"v100-sm70","hierarchical-dataflow-appt-online-warp-radix2","experimental",0.000000,"persistent CTA fold roles publish online-reordered packet groups without fold-wide barriers",hierarchical-dataflow,0,named-barrier,0,0,0,2,0,0,0,hermes-xor,inplace,radix4,64,20,1048576,1,576460756061519873,60,0,0,0,dataflow-radix4,"7+7+6","appt-online+appt-online+appt-online","256+256+256","8+8+8","16+16+16","4+4+4","2+2+2","1+1+1","7+6+7","ring+ring","2+2",8,0,5,30,1.425792,0.759296,0.759584,0.000288,1.348096,1317.009440,283.030831,1380984490.889893,fused,shoup,natural,-1
1,appt,appt-online,6-8-6,"Tesla V100-SXM2-16GB",7.0,0,"v100-sm70","hierarchical-dataflow-appt-online-warp-radix2","experimental",0.000000,"persistent CTA fold roles publish online-reordered packet groups without fold-wide barriers",hierarchical-dataflow,0,named-barrier,0,0,0,2,0,0,0,hermes-xor,inplace,radix4,64,20,1048576,1,576460756061519873,60,0,0,0,dataflow-radix4,"7+7+6","appt-online+appt-online+appt-online","256+256+256","8+8+8","16+16+16","4+4+4","2+2+2","1+1+1","6+8+6","ring+ring","2+2",8,0,5,30,1.414432,0.750251,0.750530,0.000279,1.338848,1332.887798,285.426352,1397634156.159972,fused,shoup,natural,-1
1,appt,appt-online,5-7-8,"Tesla V100-SXM2-16GB",7.0,0,"v100-sm70","hierarchical-dataflow-appt-online-warp-radix2","experimental",0.000000,"persistent CTA fold roles publish online-reordered packet groups without fold-wide barriers",hierarchical-dataflow,0,named-barrier,0,0,0,2,0,0,0,hermes-xor,inplace,radix4,64,20,1048576,1,576460756061519873,60,0,0,0,dataflow-radix4,"7+7+6","appt-online+appt-online+appt-online","256+256+256","8+8+8","16+16+16","4+4+4","2+2+2","1+1+1","5+7+8","ring+ring","2+2",8,0,5,30,1.413568,0.763938,0.764201,0.000262,1.334720,1309.006531,284.719706,1372592832.149479,fused,shoup,natural,-1
1,appt,appt-online,8-8-4,"Tesla V100-SXM2-16GB",7.0,0,"v100-sm70","hierarchical-dataflow-appt-online-warp-radix2","experimental",0.000000,"persistent CTA fold roles publish online-reordered packet groups without fold-wide barriers",hierarchical-dataflow,0,named-barrier,0,0,0,2,0,0,0,hermes-xor,inplace,radix4,64,20,1048576,1,576460756061519873,60,0,0,0,dataflow-radix4,"7+7+6","appt-online+appt-online+appt-online","256+256+256","8+8+8","16+16+16","4+4+4","2+2+2","1+1+1","8+8+4","ring+ring","2+2",8,0,5,30,1.418880,0.672563,0.672826,0.000263,1.348384,1486.849127,290.712277,1559074310.695268,fused,shoup,natural,-1
1,appt,appt-online-radix4,4-8-8,"Tesla V100-SXM2-16GB",7.0,0,"v100-sm70","hierarchical-dataflow-appt-online-radix4","experimental",0.000000,"persistent CTA fold roles publish online-reordered packet groups without fold-wide barriers",hierarchical-dataflow,0,named-barrier,0,0,0,2,0,0,0,hermes-xor,inplace,radix4,64,20,1048576,1,576460756061519873,60,0,0,0,dataflow-radix4,"7+7+6","appt-online-radix4+appt-online-radix4+appt-online-radix4","256+256+256","8+8+8","16+16+16","4+4+4","2+2+2","1+1+1","4+8+8","ring+ring","2+2",8,0,5,30,1.413184,0.441139,0.441412,0.000273,1.355488,2266.858215,311.544805,2376973119.749767,fused,shoup,natural,-1
1,appt,appt-online-radix4,6-6-8,"Tesla V100-SXM2-16GB",7.0,0,"v100-sm70","hierarchical-dataflow-appt-online-radix4","experimental",0.000000,"persistent CTA fold roles publish online-reordered packet groups without fold-wide barriers",hierarchical-dataflow,0,named-barrier,0,0,0,2,0,0,0,hermes-xor,inplace,radix4,64,20,1048576,1,576460756061519873,60,0,0,0,dataflow-radix4,"7+7+6","appt-online-radix4+appt-online-radix4+appt-online-radix4","256+256+256","8+8+8","16+16+16","4+4+4","2+2+2","1+1+1","6+6+8","ring+ring","2+2",8,0,5,30,1.424896,0.488755,0.489051,0.000295,1.370560,2046.014053,304.487113,2145401231.265332,fused,shoup,natural,-1
1,appt,appt-online-radix4,7-7-6,"Tesla V100-SXM2-16GB",7.0,0,"v100-sm70","hierarchical-dataflow-appt-online-radix4","experimental",0.000000,"persistent CTA fold roles publish online-reordered packet groups without fold-wide barriers",hierarchical-dataflow,0,named-barrier,0,0,0,2,0,0,0,hermes-xor,inplace,radix4,64,20,1048576,1,576460756061519873,60,0,0,0,dataflow-radix4,"7+7+6","appt-online-radix4+appt-online-radix4+appt-online-radix4","256+256+256","8+8+8","16+16+16","4+4+4","2+2+2","1+1+1","7+7+6","ring+ring","2+2",8,0,5,30,1.414048,0.528111,0.528374,0.000264,1.335968,1893.541602,305.052255,1985522278.642171,fused,shoup,natural,-1
1,appt,appt-online-radix4,7-6-7,"Tesla V100-SXM2-16GB",7.0,0,"v100-sm70","hierarchical-dataflow-appt-online-radix4","experimental",0.000000,"persistent CTA fold roles publish online-reordered packet groups without fold-wide barriers",hierarchical-dataflow,0,named-barrier,0,0,0,2,0,0,0,hermes-xor,inplace,radix4,64,20,1048576,1,576460756061519873,60,0,0,0,dataflow-radix4,"7+7+6","appt-online-radix4+appt-online-radix4+appt-online-radix4","256+256+256","8+8+8","16+16+16","4+4+4","2+2+2","1+1+1","7+6+7","ring+ring","2+2",8,0,5,30,1.424352,0.524459,0.524728,0.000270,1.343616,1906.728025,303.727338,1999349246.026006,fused,shoup,natural,-1
1,appt,appt-online-radix4,6-8-6,"Tesla V100-SXM2-16GB",7.0,0,"v100-sm70","hierarchical-dataflow-appt-online-radix4","experimental",0.000000,"persistent CTA fold roles publish online-reordered packet groups without fold-wide barriers",hierarchical-dataflow,0,named-barrier,0,0,0,2,0,0,0,hermes-xor,inplace,radix4,64,20,1048576,1,576460756061519873,60,0,0,0,dataflow-radix4,"7+7+6","appt-online-radix4+appt-online-radix4+appt-online-radix4","256+256+256","8+8+8","16+16+16","4+4+4","2+2+2","1+1+1","6+8+6","ring+ring","2+2",8,0,5,30,1.413024,0.510908,0.511138,0.000230,1.342304,1957.300437,306.162840,2052378263.175296,fused,shoup,natural,-1
1,appt,appt-online-radix4,5-7-8,"Tesla V100-SXM2-16GB",7.0,0,"v100-sm70","hierarchical-dataflow-appt-online-radix4","experimental",0.000000,"persistent CTA fold roles publish online-reordered packet groups without fold-wide barriers",hierarchical-dataflow,0,named-barrier,0,0,0,2,0,0,0,hermes-xor,inplace,radix4,64,20,1048576,1,576460756061519873,60,0,0,0,dataflow-radix4,"7+7+6","appt-online-radix4+appt-online-radix4+appt-online-radix4","256+256+256","8+8+8","16+16+16","4+4+4","2+2+2","1+1+1","5+7+8","ring+ring","2+2",8,0,5,30,1.412416,0.495309,0.495580,0.000271,1.342848,2018.942459,307.638093,2117014608.283153,fused,shoup,natural,-1
1,appt,appt-online-radix4,8-8-4,"Tesla V100-SXM2-16GB",7.0,0,"v100-sm70","hierarchical-dataflow-appt-online-radix4","experimental",0.000000,"persistent CTA fold roles publish online-reordered packet groups without fold-wide barriers",hierarchical-dataflow,0,named-barrier,0,0,0,2,0,0,0,hermes-xor,inplace,radix4,64,20,1048576,1,576460756061519873,60,0,0,0,dataflow-radix4,"7+7+6","appt-online-radix4+appt-online-radix4+appt-online-radix4","256+256+256","8+8+8","16+16+16","4+4+4","2+2+2","1+1+1","8+8+4","ring+ring","2+2",8,0,5,30,1.417280,0.458957,0.459205,0.000249,1.342432,2178.854269,310.687451,2284694293.800761,fused,shoup,natural,-1
2,v06,dataflow-radix4,9-11,"Tesla V100-SXM2-16GB",7.0,0,"v100-sm70","hierarchical-dataflow-wave-10x10-resident-radix4","experimental",0.000000,"transform-wave readiness with the generated resident radix-4 core",hierarchical-dataflow,0,named-barrier,0,0,0,2,0,0,0,hermes-xor,inplace,radix4,64,20,1048576,1,576460756061519873,60,0,0,0,dataflow-radix4,"10+10","dataflow-radix4+dataflow-radix4","256+256","1+1","0+0","0+0","0+0","0+0","9+11","full-scratch","1",8,0,5,30,1.412256,0.229001,0.229280,0.000279,1.377600,4366.801957,331.251254,4578923728.596484,fused,shoup,natural,-1
2,appt,appt-online,4-8-8,"Tesla V100-SXM2-16GB",7.0,0,"v100-sm70","hierarchical-dataflow-appt-online-warp-radix2","experimental",0.000000,"persistent CTA fold roles publish online-reordered packet groups without fold-wide barriers",hierarchical-dataflow,0,named-barrier,0,0,0,2,0,0,0,hermes-xor,inplace,radix4,64,20,1048576,1,576460756061519873,60,0,0,0,dataflow-radix4,"7+7+6","appt-online+appt-online+appt-online","256+256+256","8+8+8","16+16+16","4+4+4","2+2+2","1+1+1","4+8+8","ring+ring","2+2",8,0,5,30,1.413408,0.671539,0.671829,0.000290,1.359488,1489.116374,290.323357,1561451691.316549,fused,shoup,natural,-1
2,appt,appt-online,6-6-8,"Tesla V100-SXM2-16GB",7.0,0,"v100-sm70","hierarchical-dataflow-appt-online-warp-radix2","experimental",0.000000,"persistent CTA fold roles publish online-reordered packet groups without fold-wide barriers",hierarchical-dataflow,0,named-barrier,0,0,0,2,0,0,0,hermes-xor,inplace,radix4,64,20,1048576,1,576460756061519873,60,0,0,0,dataflow-radix4,"7+7+6","appt-online+appt-online+appt-online","256+256+256","8+8+8","16+16+16","4+4+4","2+2+2","1+1+1","6+6+8","ring+ring","2+2",8,0,5,30,1.415744,0.746189,0.746436,0.000247,1.353792,1340.143371,284.436377,1405242175.608203,fused,shoup,natural,-1
2,appt,appt-online,7-7-6,"Tesla V100-SXM2-16GB",7.0,0,"v100-sm70","hierarchical-dataflow-appt-online-warp-radix2","experimental",0.000000,"persistent CTA fold roles publish online-reordered packet groups without fold-wide barriers",hierarchical-dataflow,0,named-barrier,0,0,0,2,0,0,0,hermes-xor,inplace,radix4,64,20,1048576,1,576460756061519873,60,0,0,0,dataflow-radix4,"7+7+6","appt-online+appt-online+appt-online","256+256+256","8+8+8","16+16+16","4+4+4","2+2+2","1+1+1","7+7+6","ring+ring","2+2",8,0,5,30,1.417344,0.793805,0.794094,0.000289,1.329344,1259.755508,282.446554,1320949391.880587,fused,shoup,natural,-1
2,appt,appt-online,7-6-7,"Tesla V100-SXM2-16GB",7.0,0,"v100-sm70","hierarchical-dataflow-appt-online-warp-radix2","experimental",0.000000,"persistent CTA fold roles publish online-reordered packet groups without fold-wide barriers",hierarchical-dataflow,0,named-barrier,0,0,0,2,0,0,0,hermes-xor,inplace,radix4,64,20,1048576,1,576460756061519873,60,0,0,0,dataflow-radix4,"7+7+6","appt-online+appt-online+appt-online","256+256+256","8+8+8","16+16+16","4+4+4","2+2+2","1+1+1","7+6+7","ring+ring","2+2",8,0,5,30,1.422080,0.757487,0.757753,0.000266,1.341248,1320.154775,284.025146,1384282613.227250,fused,shoup,natural,-1
2,appt,appt-online,6-8-6,"Tesla V100-SXM2-16GB",7.0,0,"v100-sm70","hierarchical-dataflow-appt-online-warp-radix2","experimental",0.000000,"persistent CTA fold roles publish online-reordered packet groups without fold-wide barriers",hierarchical-dataflow,0,named-barrier,0,0,0,2,0,0,0,hermes-xor,inplace,radix4,64,20,1048576,1,576460756061519873,60,0,0,0,dataflow-radix4,"7+7+6","appt-online+appt-online+appt-online","256+256+256","8+8+8","16+16+16","4+4+4","2+2+2","1+1+1","6+8+6","ring+ring","2+2",8,0,5,30,1.413216,0.751070,0.751338,0.000269,1.343360,1331.433992,285.091496,1396109729.986409,fused,shoup,natural,-1
2,appt,appt-online,5-7-8,"Tesla V100-SXM2-16GB",7.0,0,"v100-sm70","hierarchical-dataflow-appt-online-warp-radix2","experimental",0.000000,"persistent CTA fold roles publish online-reordered packet groups without fold-wide barriers",hierarchical-dataflow,0,named-barrier,0,0,0,2,0,0,0,hermes-xor,inplace,radix4,64,20,1048576,1,576460756061519873,60,0,0,0,dataflow-radix4,"7+7+6","appt-online+appt-online+appt-online","256+256+256","8+8+8","16+16+16","4+4+4","2+2+2","1+1+1","5+7+8","ring+ring","2+2",8,0,5,30,1.415328,0.764109,0.764384,0.000275,1.344544,1308.714191,283.769987,1372286291.558454,fused,shoup,natural,-1
2,appt,appt-online,8-8-4,"Tesla V100-SXM2-16GB",7.0,0,"v100-sm70","hierarchical-dataflow-appt-online-warp-radix2","experimental",0.000000,"persistent CTA fold roles publish online-reordered packet groups without fold-wide barriers",hierarchical-dataflow,0,named-barrier,0,0,0,2,0,0,0,hermes-xor,inplace,radix4,64,20,1048576,1,576460756061519873,60,0,0,0,dataflow-radix4,"7+7+6","appt-online+appt-online+appt-online","256+256+256","8+8+8","16+16+16","4+4+4","2+2+2","1+1+1","8+8+4","ring+ring","2+2",8,0,5,30,1.412320,0.671266,0.671524,0.000258,1.339936,1489.722098,292.096837,1562086838.253710,fused,shoup,natural,-1
2,appt,appt-online-radix4,4-8-8,"Tesla V100-SXM2-16GB",7.0,0,"v100-sm70","hierarchical-dataflow-appt-online-radix4","experimental",0.000000,"persistent CTA fold roles publish online-reordered packet groups without fold-wide barriers",hierarchical-dataflow,0,named-barrier,0,0,0,2,0,0,0,hermes-xor,inplace,radix4,64,20,1048576,1,576460756061519873,60,0,0,0,dataflow-radix4,"7+7+6","appt-online-radix4+appt-online-radix4+appt-online-radix4","256+256+256","8+8+8","16+16+16","4+4+4","2+2+2","1+1+1","4+8+8","ring+ring","2+2",8,0,5,30,1.416064,0.441276,0.441540,0.000265,1.342272,2266.156881,312.537916,2376237718.027636,fused,shoup,natural,-1
2,appt,appt-online-radix4,6-6-8,"Tesla V100-SXM2-16GB",7.0,0,"v100-sm70","hierarchical-dataflow-appt-online-radix4","experimental",0.000000,"persistent CTA fold roles publish online-reordered packet groups without fold-wide barriers",hierarchical-dataflow,0,named-barrier,0,0,0,2,0,0,0,hermes-xor,inplace,radix4,64,20,1048576,1,576460756061519873,60,0,0,0,dataflow-radix4,"7+7+6","appt-online-radix4+appt-online-radix4+appt-online-radix4","256+256+256","8+8+8","16+16+16","4+4+4","2+2+2","1+1+1","6+6+8","ring+ring","2+2",8,0,5,30,1.426464,0.489301,0.489555,0.000254,1.350880,2043.730420,306.124450,2143006668.492605,fused,shoup,natural,-1
2,appt,appt-online-radix4,7-7-6,"Tesla V100-SXM2-16GB",7.0,0,"v100-sm70","hierarchical-dataflow-appt-online-radix4","experimental",0.000000,"persistent CTA fold roles publish online-reordered packet groups without fold-wide barriers",hierarchical-dataflow,0,named-barrier,0,0,0,2,0,0,0,hermes-xor,inplace,radix4,64,20,1048576,1,576460756061519873,60,0,0,0,dataflow-radix4,"7+7+6","appt-online-radix4+appt-online-radix4+appt-online-radix4","256+256+256","8+8+8","16+16+16","4+4+4","2+2+2","1+1+1","7+7+6","ring+ring","2+2",8,0,5,30,1.421376,0.528145,0.528417,0.000272,1.342208,1893.419152,303.791707,1985393881.234254,fused,shoup,natural,-1
2,appt,appt-online-radix4,7-6-7,"Tesla V100-SXM2-16GB",7.0,0,"v100-sm70","hierarchical-dataflow-appt-online-radix4","experimental",0.000000,"persistent CTA fold roles publish online-reordered packet groups without fold-wide barriers",hierarchical-dataflow,0,named-barrier,0,0,0,2,0,0,0,hermes-xor,inplace,radix4,64,20,1048576,1,576460756061519873,60,0,0,0,dataflow-radix4,"7+7+6","appt-online-radix4+appt-online-radix4+appt-online-radix4","256+256+256","8+8+8","16+16+16","4+4+4","2+2+2","1+1+1","7+6+7","ring+ring","2+2",8,0,5,30,1.412224,0.525175,0.525447,0.000271,1.333024,1904.125556,305.770794,1996620359.049196,fused,shoup,natural,-1
2,appt,appt-online-radix4,6-8-6,"Tesla V100-SXM2-16GB",7.0,0,"v100-sm70","hierarchical-dataflow-appt-online-radix4","experimental",0.000000,"persistent CTA fold roles publish online-reordered packet groups without fold-wide barriers",hierarchical-dataflow,0,named-barrier,0,0,0,2,0,0,0,hermes-xor,inplace,radix4,64,20,1048576,1,576460756061519873,60,0,0,0,dataflow-radix4,"7+7+6","appt-online-radix4+appt-online-radix4+appt-online-radix4","256+256+256","8+8+8","16+16+16","4+4+4","2+2+2","1+1+1","6+8+6","ring+ring","2+2",8,0,5,30,1.417632,0.510908,0.511187,0.000280,1.344192,1957.300437,305.555135,2052378263.175296,fused,shoup,natural,-1
2,appt,appt-online-radix4,5-7-8,"Tesla V100-SXM2-16GB",7.0,0,"v100-sm70","hierarchical-dataflow-appt-online-radix4","experimental",0.000000,"persistent CTA fold roles publish online-reordered packet groups without fold-wide barriers",hierarchical-dataflow,0,named-barrier,0,0,0,2,0,0,0,hermes-xor,inplace,radix4,64,20,1048576,1,576460756061519873,60,0,0,0,dataflow-radix4,"7+7+6","appt-online-radix4+appt-online-radix4+appt-online-radix4","256+256+256","8+8+8","16+16+16","4+4+4","2+2+2","1+1+1","5+7+8","ring+ring","2+2",8,0,5,30,1.412416,0.495445,0.495717,0.000272,1.334656,2018.386122,308.402362,2116431245.785604,fused,shoup,natural,-1
2,appt,appt-online-radix4,8-8-4,"Tesla V100-SXM2-16GB",7.0,0,"v100-sm70","hierarchical-dataflow-appt-online-radix4","experimental",0.000000,"persistent CTA fold roles publish online-reordered packet groups without fold-wide barriers",hierarchical-dataflow,0,named-barrier,0,0,0,2,0,0,0,hermes-xor,inplace,radix4,64,20,1048576,1,576460756061519873,60,0,0,0,dataflow-radix4,"7+7+6","appt-online-radix4+appt-online-radix4+appt-online-radix4","256+256+256","8+8+8","16+16+16","4+4+4","2+2+2","1+1+1","8+8+4","ring+ring","2+2",8,0,5,30,1.415648,0.459708,0.459982,0.000274,1.347808,2175.295127,310.254174,2280962262.922982,fused,shoup,natural,-1
3,v06,dataflow-radix4,9-11,"Tesla V100-SXM2-16GB",7.0,0,"v100-sm70","hierarchical-dataflow-wave-10x10-resident-radix4","experimental",0.000000,"transform-wave readiness with the generated resident radix-4 core",hierarchical-dataflow,0,named-barrier,0,0,0,2,0,0,0,hermes-xor,inplace,radix4,64,20,1048576,1,576460756061519873,60,0,0,0,dataflow-radix4,"10+10","dataflow-radix4+dataflow-radix4","256+256","1+1","0+0","0+0","0+0","0+0","9+11","full-scratch","1",8,0,5,30,1.426752,0.228591,0.228999,0.000408,1.372512,4374.626658,330.266818,4587128522.179296,fused,shoup,natural,-1
3,appt,appt-online,4-8-8,"Tesla V100-SXM2-16GB",7.0,0,"v100-sm70","hierarchical-dataflow-appt-online-warp-radix2","experimental",0.000000,"persistent CTA fold roles publish online-reordered packet groups without fold-wide barriers",hierarchical-dataflow,0,named-barrier,0,0,0,2,0,0,0,hermes-xor,inplace,radix4,64,20,1048576,1,576460756061519873,60,0,0,0,dataflow-radix4,"7+7+6","appt-online+appt-online+appt-online","256+256+256","8+8+8","16+16+16","4+4+4","2+2+2","1+1+1","4+8+8","ring+ring","2+2",8,0,5,30,1.416352,0.672700,0.672983,0.000283,1.344384,1486.547306,291.253449,1558757827.435673,fused,shoup,natural,-1
3,appt,appt-online,6-6-8,"Tesla V100-SXM2-16GB",7.0,0,"v100-sm70","hierarchical-dataflow-appt-online-warp-radix2","experimental",0.000000,"persistent CTA fold roles publish online-reordered packet groups without fold-wide barriers",hierarchical-dataflow,0,named-barrier,0,0,0,2,0,0,0,hermes-xor,inplace,radix4,64,20,1048576,1,576460756061519873,60,0,0,0,dataflow-radix4,"7+7+6","appt-online+appt-online+appt-online","256+256+256","8+8+8","16+16+16","4+4+4","2+2+2","1+1+1","6+6+8","ring+ring","2+2",8,0,5,30,1.413152,0.746189,0.746432,0.000243,1.335008,1340.143371,286.176352,1405242175.608203,fused,shoup,natural,-1
3,appt,appt-online,7-7-6,"Tesla V100-SXM2-16GB",7.0,0,"v100-sm70","hierarchical-dataflow-appt-online-warp-radix2","experimental",0.000000,"persistent CTA fold roles publish online-reordered packet groups without fold-wide barriers",hierarchical-dataflow,0,named-barrier,0,0,0,2,0,0,0,hermes-xor,inplace,radix4,64,20,1048576,1,576460756061519873,60,0,0,0,dataflow-radix4,"7+7+6","appt-online+appt-online+appt-online","256+256+256","8+8+8","16+16+16","4+4+4","2+2+2","1+1+1","7+7+6","ring+ring","2+2",8,0,5,30,1.417920,0.785237,0.785514,0.000276,1.340320,1273.500360,282.208666,1335361913.592857,fused,shoup,natural,-1
3,appt,appt-online,7-6-7,"Tesla V100-SXM2-16GB",7.0,0,"v100-sm70","hierarchical-dataflow-appt-online-warp-radix2","experimental",0.000000,"persistent CTA fold roles publish online-reordered packet groups without fold-wide barriers",hierarchical-dataflow,0,named-barrier,0,0,0,2,0,0,0,hermes-xor,inplace,radix4,64,20,1048576,1,576460756061519873,60,0,0,0,dataflow-radix4,"7+7+6","appt-online+appt-online+appt-online","256+256+256","8+8+8","16+16+16","4+4+4","2+2+2","1+1+1","7+6+7","ring+ring","2+2",8,0,5,30,1.411840,0.759603,0.759889,0.000286,1.334304,1316.476809,285.245901,1380425986.575201,fused,shoup,natural,-1
3,appt,appt-online,6-8-6,"Tesla V100-SXM2-16GB",7.0,0,"v100-sm70","hierarchical-dataflow-appt-online-warp-radix2","experimental",0.000000,"persistent CTA fold roles publish online-reordered packet groups without fold-wide barriers",hierarchical-dataflow,0,named-barrier,0,0,0,2,0,0,0,hermes-xor,inplace,radix4,64,20,1048576,1,576460756061519873,60,0,0,0,dataflow-radix4,"7+7+6","appt-online+appt-online+appt-online","256+256+256","8+8+8","16+16+16","4+4+4","2+2+2","1+1+1","6+8+6","ring+ring","2+2",8,0,5,30,1.416992,0.748885,0.749157,0.000272,1.347808,1335.317912,284.601471,1400182315.022885,fused,shoup,natural,-1
3,appt,appt-online,5-7-8,"Tesla V100-SXM2-16GB",7.0,0,"v100-sm70","hierarchical-dataflow-appt-online-warp-radix2","experimental",0.000000,"persistent CTA fold roles publish online-reordered packet groups without fold-wide barriers",hierarchical-dataflow,0,named-barrier,0,0,0,2,0,0,0,hermes-xor,inplace,radix4,64,20,1048576,1,576460756061519873,60,0,0,0,dataflow-radix4,"7+7+6","appt-online+appt-online+appt-online","256+256+256","8+8+8","16+16+16","4+4+4","2+2+2","1+1+1","5+7+8","ring+ring","2+2",8,0,5,30,1.413440,0.763938,0.764201,0.000263,1.335872,1309.006531,284.636718,1372592832.149479,fused,shoup,natural,-1
3,appt,appt-online,8-8-4,"Tesla V100-SXM2-16GB",7.0,0,"v100-sm70","hierarchical-dataflow-appt-online-warp-radix2","experimental",0.000000,"persistent CTA fold roles publish online-reordered packet groups without fold-wide barriers",hierarchical-dataflow,0,named-barrier,0,0,0,2,0,0,0,hermes-xor,inplace,radix4,64,20,1048576,1,576460756061519873,60,0,0,0,dataflow-radix4,"7+7+6","appt-online+appt-online+appt-online","256+256+256","8+8+8","16+16+16","4+4+4","2+2+2","1+1+1","8+8+4","ring+ring","2+2",8,0,5,30,1.415904,0.668331,0.668599,0.000269,1.344512,1496.265449,291.651762,1568948039.528297,fused,shoup,natural,-1
3,appt,appt-online-radix4,4-8-8,"Tesla V100-SXM2-16GB",7.0,0,"v100-sm70","hierarchical-dataflow-appt-online-radix4","experimental",0.000000,"persistent CTA fold roles publish online-reordered packet groups without fold-wide barriers",hierarchical-dataflow,0,named-barrier,0,0,0,2,0,0,0,hermes-xor,inplace,radix4,64,20,1048576,1,576460756061519873,60,0,0,0,dataflow-radix4,"7+7+6","appt-online-radix4+appt-online-radix4+appt-online-radix4","256+256+256","8+8+8","16+16+16","4+4+4","2+2+2","1+1+1","4+8+8","ring+ring","2+2",8,0,5,30,1.411840,0.441276,0.441539,0.000263,1.331744,2266.156881,313.985580,2376237718.027636,fused,shoup,natural,-1
3,appt,appt-online-radix4,6-6-8,"Tesla V100-SXM2-16GB",7.0,0,"v100-sm70","hierarchical-dataflow-appt-online-radix4","experimental",0.000000,"persistent CTA fold roles publish online-reordered packet groups without fold-wide barriers",hierarchical-dataflow,0,named-barrier,0,0,0,2,0,0,0,hermes-xor,inplace,radix4,64,20,1048576,1,576460756061519873,60,0,0,0,dataflow-radix4,"7+7+6","appt-online-radix4+appt-online-radix4+appt-online-radix4","256+256+256","8+8+8","16+16+16","4+4+4","2+2+2","1+1+1","6+6+8","ring+ring","2+2",8,0,5,30,1.421152,0.488926,0.489236,0.000310,1.366560,2045.299815,305.190883,2144652298.560433,fused,shoup,natural,-1
3,appt,appt-online-radix4,7-7-6,"Tesla V100-SXM2-16GB",7.0,0,"v100-sm70","hierarchical-dataflow-appt-online-radix4","experimental",0.000000,"persistent CTA fold roles publish online-reordered packet groups without fold-wide barriers",hierarchical-dataflow,0,named-barrier,0,0,0,2,0,0,0,hermes-xor,inplace,radix4,64,20,1048576,1,576460756061519873,60,0,0,0,dataflow-radix4,"7+7+6","appt-online-radix4+appt-online-radix4+appt-online-radix4","256+256+256","8+8+8","16+16+16","4+4+4","2+2+2","1+1+1","7+7+6","ring+ring","2+2",8,0,5,30,1.413568,0.527906,0.528175,0.000269,1.336160,1894.276203,305.098121,1986292563.440387,fused,shoup,natural,-1
3,appt,appt-online-radix4,7-6-7,"Tesla V100-SXM2-16GB",7.0,0,"v100-sm70","hierarchical-dataflow-appt-online-radix4","experimental",0.000000,"persistent CTA fold roles publish online-reordered packet groups without fold-wide barriers",hierarchical-dataflow,0,named-barrier,0,0,0,2,0,0,0,hermes-xor,inplace,radix4,64,20,1048576,1,576460756061519873,60,0,0,0,dataflow-radix4,"7+7+6","appt-online-radix4+appt-online-radix4+appt-online-radix4","256+256+256","8+8+8","16+16+16","4+4+4","2+2+2","1+1+1","7+6+7","ring+ring","2+2",8,0,5,30,1.416800,0.524527,0.524806,0.000279,1.338144,1906.479720,304.927235,1999088879.244354,fused,shoup,natural,-1
3,appt,appt-online-radix4,6-8-6,"Tesla V100-SXM2-16GB",7.0,0,"v100-sm70","hierarchical-dataflow-appt-online-radix4","experimental",0.000000,"persistent CTA fold roles publish online-reordered packet groups without fold-wide barriers",hierarchical-dataflow,0,named-barrier,0,0,0,2,0,0,0,hermes-xor,inplace,radix4,64,20,1048576,1,576460756061519873,60,0,0,0,dataflow-radix4,"7+7+6","appt-online-radix4+appt-online-radix4+appt-online-radix4","256+256+256","8+8+8","16+16+16","4+4+4","2+2+2","1+1+1","6+8+6","ring+ring","2+2",8,0,5,30,1.413216,0.509611,0.509895,0.000285,1.334048,1962.282370,307.042824,2057602198.824587,fused,shoup,natural,-1
3,appt,appt-online-radix4,5-7-8,"Tesla V100-SXM2-16GB",7.0,0,"v100-sm70","hierarchical-dataflow-appt-online-radix4","experimental",0.000000,"persistent CTA fold roles publish online-reordered packet groups without fold-wide barriers",hierarchical-dataflow,0,named-barrier,0,0,0,2,0,0,0,hermes-xor,inplace,radix4,64,20,1048576,1,576460756061519873,60,0,0,0,dataflow-radix4,"7+7+6","appt-online-radix4+appt-online-radix4+appt-online-radix4","256+256+256","8+8+8","16+16+16","4+4+4","2+2+2","1+1+1","5+7+8","ring+ring","2+2",8,0,5,30,1.417152,0.495309,0.495576,0.000267,1.343040,2018.942459,307.172397,2117014608.283153,fused,shoup,natural,-1
3,appt,appt-online-radix4,8-8-4,"Tesla V100-SXM2-16GB",7.0,0,"v100-sm70","hierarchical-dataflow-appt-online-radix4","experimental",0.000000,"persistent CTA fold roles publish online-reordered packet groups without fold-wide barriers",hierarchical-dataflow,0,named-barrier,0,0,0,2,0,0,0,hermes-xor,inplace,radix4,64,20,1048576,1,576460756061519873,60,0,0,0,dataflow-radix4,"7+7+6","appt-online-radix4+appt-online-radix4+appt-online-radix4","256+256+256","8+8+8","16+16+16","4+4+4","2+2+2","1+1+1","8+8+4","ring+ring","2+2",8,0,5,30,1.412160,0.460390,0.460671,0.000280,1.337120,2172.069529,311.558459,2277579978.328263,fused,shoup,natural,-1
1,v06,dataflow-radix4,9-11,"Tesla V100-SXM2-16GB",7.0,0,"v100-sm70","hierarchical-dataflow-wave-10x10-resident-radix4","experimental",0.000000,"transform-wave readiness with the generated resident radix-4 core",hierarchical-dataflow,0,named-barrier,0,0,0,2,0,0,0,hermes-xor,inplace,radix4,64,20,1048576,4,576460756061519873,60,0,0,0,dataflow-radix4,"10+10","dataflow-radix4+dataflow-radix4","256+256","1+1","0+0","0+0","0+0","0+0","9+11","full-scratch","1",8,0,5,30,5.458880,0.610509,0.610770,0.000261,5.109376,6551.912115,357.821289,6870177797.718126,fused,shoup,natural,-1
1,appt,appt-online,4-8-8,"Tesla V100-SXM2-16GB",7.0,0,"v100-sm70","hierarchical-dataflow-appt-online-warp-radix2","experimental",0.000000,"persistent CTA fold roles publish online-reordered packet groups without fold-wide barriers",hierarchical-dataflow,0,named-barrier,0,0,0,2,0,0,0,hermes-xor,inplace,radix4,64,20,1048576,4,576460756061519873,60,0,0,0,dataflow-radix4,"7+7+6","appt-online+appt-online+appt-online","256+256+256","8+8+8","16+16+16","4+4+4","2+2+2","1+1+1","4+8+8","ring+ring","2+2",8,0,5,30,5.457888,2.058377,2.058679,0.000303,5.107296,1943.279036,316.867808,2037675758.901214,fused,shoup,natural,-1
1,appt,appt-online,6-6-8,"Tesla V100-SXM2-16GB",7.0,0,"v100-sm70","hierarchical-dataflow-appt-online-warp-radix2","experimental",0.000000,"persistent CTA fold roles publish online-reordered packet groups without fold-wide barriers",hierarchical-dataflow,0,named-barrier,0,0,0,2,0,0,0,hermes-xor,inplace,radix4,64,20,1048576,4,576460756061519873,60,0,0,0,dataflow-radix4,"7+7+6","appt-online+appt-online+appt-online","256+256+256","8+8+8","16+16+16","4+4+4","2+2+2","1+1+1","6+6+8","ring+ring","2+2",8,0,5,30,5.463264,1.979563,1.979888,0.000325,5.108000,2020.648359,318.704113,2118803373.454837,fused,shoup,natural,-1
1,appt,appt-online,7-7-6,"Tesla V100-SXM2-16GB",7.0,0,"v100-sm70","hierarchical-dataflow-appt-online-warp-radix2","experimental",0.000000,"persistent CTA fold roles publish online-reordered packet groups without fold-wide barriers",hierarchical-dataflow,0,named-barrier,0,0,0,2,0,0,0,hermes-xor,inplace,radix4,64,20,1048576,4,576460756061519873,60,0,0,0,dataflow-radix4,"7+7+6","appt-online+appt-online+appt-online","256+256+256","8+8+8","16+16+16","4+4+4","2+2+2","1+1+1","7+7+6","ring+ring","2+2",8,0,5,30,5.459136,1.836339,1.836593,0.000254,5.104192,2178.246766,322.589308,2284057280.571891,fused,shoup,natural,-1
1,appt,appt-online,7-6-7,"Tesla V100-SXM2-16GB",7.0,0,"v100-sm70","hierarchical-dataflow-appt-online-warp-radix2","experimental",0.000000,"persistent CTA fold roles publish online-reordered packet groups without fold-wide barriers",hierarchical-dataflow,0,named-barrier,0,0,0,2,0,0,0,hermes-xor,inplace,radix4,64,20,1048576,4,576460756061519873,60,0,0,0,dataflow-radix4,"7+7+6","appt-online+appt-online+appt-online","256+256+256","8+8+8","16+16+16","4+4+4","2+2+2","1+1+1","7+6+7","ring+ring","2+2",8,0,5,30,5.455104,1.904299,1.904609,0.000310,5.115488,2100.510848,320.644095,2202545263.086754,fused,shoup,natural,-1
1,appt,appt-online,6-8-6,"Tesla V100-SXM2-16GB",7.0,0,"v100-sm70","hierarchical-dataflow-appt-online-warp-radix2","experimental",0.000000,"persistent CTA fold roles publish online-reordered packet groups without fold-wide barriers",hierarchical-dataflow,0,named-barrier,0,0,0,2,0,0,0,hermes-xor,inplace,radix4,64,20,1048576,4,576460756061519873,60,0,0,0,dataflow-radix4,"7+7+6","appt-online+appt-online+appt-online","256+256+256","8+8+8","16+16+16","4+4+4","2+2+2","1+1+1","6+8+6","ring+ring","2+2",8,0,5,30,5.450080,1.769609,1.769903,0.000294,5.106816,2260.386823,324.504003,2370187373.700778,fused,shoup,natural,-1
1,appt,appt-online,5-7-8,"Tesla V100-SXM2-16GB",7.0,0,"v100-sm70","hierarchical-dataflow-appt-online-warp-radix2","experimental",0.000000,"persistent CTA fold roles publish online-reordered packet groups without fold-wide barriers",hierarchical-dataflow,0,named-barrier,0,0,0,2,0,0,0,hermes-xor,inplace,radix4,64,20,1048576,4,576460756061519873,60,0,0,0,dataflow-radix4,"7+7+6","appt-online+appt-online+appt-online","256+256+256","8+8+8","16+16+16","4+4+4","2+2+2","1+1+1","5+7+8","ring+ring","2+2",8,0,5,30,5.456832,1.787802,1.788084,0.000282,5.100736,2237.384701,324.008118,2346067899.946170,fused,shoup,natural,-1
1,appt,appt-online,8-8-4,"Tesla V100-SXM2-16GB",7.0,0,"v100-sm70","hierarchical-dataflow-appt-online-warp-radix2","experimental",0.000000,"persistent CTA fold roles publish online-reordered packet groups without fold-wide barriers",hierarchical-dataflow,0,named-barrier,0,0,0,2,0,0,0,hermes-xor,inplace,radix4,64,20,1048576,4,576460756061519873,60,0,0,0,dataflow-radix4,"7+7+6","appt-online+appt-online+appt-online","256+256+256","8+8+8","16+16+16","4+4+4","2+2+2","1+1+1","8+8+4","ring+ring","2+2",8,0,5,30,5.453792,1.963486,1.963795,0.000309,5.099936,2037.193202,319.559929,2136151899.341099,fused,shoup,natural,-1
1,appt,appt-online-radix4,4-8-8,"Tesla V100-SXM2-16GB",7.0,0,"v100-sm70","hierarchical-dataflow-appt-online-radix4","experimental",0.000000,"persistent CTA fold roles publish online-reordered packet groups without fold-wide barriers",hierarchical-dataflow,0,named-barrier,0,0,0,2,0,0,0,hermes-xor,inplace,radix4,64,20,1048576,4,576460756061519873,60,0,0,0,dataflow-radix4,"7+7+6","appt-online-radix4+appt-online-radix4+appt-online-radix4","256+256+256","8+8+8","16+16+16","4+4+4","2+2+2","1+1+1","4+8+8","ring+ring","2+2",8,0,5,30,5.461888,1.274880,1.275159,0.000279,5.097376,3137.550367,338.005024,3289960013.797040,fused,shoup,natural,-1
1,appt,appt-online-radix4,6-6-8,"Tesla V100-SXM2-16GB",7.0,0,"v100-sm70","hierarchical-dataflow-appt-online-radix4","experimental",0.000000,"persistent CTA fold roles publish online-reordered packet groups without fold-wide barriers",hierarchical-dataflow,0,named-barrier,0,0,0,2,0,0,0,hermes-xor,inplace,radix4,64,20,1048576,4,576460756061519873,60,0,0,0,dataflow-radix4,"7+7+6","appt-online-radix4+appt-online-radix4+appt-online-radix4","256+256+256","8+8+8","16+16+16","4+4+4","2+2+2","1+1+1","6+6+8","ring+ring","2+2",8,0,5,30,5.461504,1.312495,1.312785,0.000290,5.100576,3047.630950,336.854167,3195672671.250558,fused,shoup,natural,-1
1,appt,appt-online-radix4,7-7-6,"Tesla V100-SXM2-16GB",7.0,0,"v100-sm70","hierarchical-dataflow-appt-online-radix4","experimental",0.000000,"persistent CTA fold roles publish online-reordered packet groups without fold-wide barriers",hierarchical-dataflow,0,named-barrier,0,0,0,2,0,0,0,hermes-xor,inplace,radix4,64,20,1048576,4,576460756061519873,60,0,0,0,dataflow-radix4,"7+7+6","appt-online-radix4+appt-online-radix4+appt-online-radix4","256+256+256","8+8+8","16+16+16","4+4+4","2+2+2","1+1+1","7+7+6","ring+ring","2+2",8,0,5,30,5.463168,1.419059,1.419329,0.000270,5.101504,2818.768790,333.785856,2955693302.753409,fused,shoup,natural,-1
1,appt,appt-online-radix4,7-6-7,"Tesla V100-SXM2-16GB",7.0,0,"v100-sm70","hierarchical-dataflow-appt-online-radix4","experimental",0.000000,"persistent CTA fold roles publish online-reordered packet groups without fold-wide barriers",hierarchical-dataflow,0,named-barrier,0,0,0,2,0,0,0,hermes-xor,inplace,radix4,64,20,1048576,4,576460756061519873,60,0,0,0,dataflow-radix4,"7+7+6","appt-online-radix4+appt-online-radix4+appt-online-radix4","256+256+256","8+8+8","16+16+16","4+4+4","2+2+2","1+1+1","7+6+7","ring+ring","2+2",8,0,5,30,5.454144,1.419639,1.419918,0.000279,5.104672,2817.616789,333.932870,2954485342.210579,fused,shoup,natural,-1
1,appt,appt-online-radix4,6-8-6,"Tesla V100-SXM2-16GB",7.0,0,"v100-sm70","hierarchical-dataflow-appt-online-radix4","experimental",0.000000,"persistent CTA fold roles publish online-reordered packet groups without fold-wide barriers",hierarchical-dataflow,0,named-barrier,0,0,0,2,0,0,0,hermes-xor,inplace,radix4,64,20,1048576,4,576460756061519873,60,0,0,0,dataflow-radix4,"7+7+6","appt-online-radix4+appt-online-radix4+appt-online-radix4","256+256+256","8+8+8","16+16+16","4+4+4","2+2+2","1+1+1","6+8+6","ring+ring","2+2",8,0,5,30,5.472320,1.567437,1.573685,0.006248,5.101504,2551.936999,329.455078,2675899890.644892,fused,shoup,natural,-1
1,appt,appt-online-radix4,5-7-8,"Tesla V100-SXM2-16GB",7.0,0,"v100-sm70","hierarchical-dataflow-appt-online-radix4","experimental",0.000000,"persistent CTA fold roles publish online-reordered packet groups without fold-wide barriers",hierarchical-dataflow,0,named-barrier,0,0,0,2,0,0,0,hermes-xor,inplace,radix4,64,20,1048576,4,576460756061519873,60,0,0,0,dataflow-radix4,"7+7+6","appt-online-radix4+appt-online-radix4+appt-online-radix4","256+256+256","8+8+8","16+16+16","4+4+4","2+2+2","1+1+1","5+7+8","ring+ring","2+2",8,0,5,30,5.455072,1.268326,1.268571,0.000244,5.113792,3153.762308,337.918029,3306959465.909889,fused,shoup,natural,-1
1,appt,appt-online-radix4,8-8-4,"Tesla V100-SXM2-16GB",7.0,0,"v100-sm70","hierarchical-dataflow-appt-online-radix4","experimental",0.000000,"persistent CTA fold roles publish online-reordered packet groups without fold-wide barriers",hierarchical-dataflow,0,named-barrier,0,0,0,2,0,0,0,hermes-xor,inplace,radix4,64,20,1048576,4,576460756061519873,60,0,0,0,dataflow-radix4,"7+7+6","appt-online-radix4+appt-online-radix4+appt-online-radix4","256+256+256","8+8+8","16+16+16","4+4+4","2+2+2","1+1+1","8+8+4","ring+ring","2+2",8,0,5,30,5.454912,1.541700,1.541999,0.000299,5.100704,2594.538086,330.651840,2720570367.981552,fused,shoup,natural,-1
2,v06,dataflow-radix4,9-11,"Tesla V100-SXM2-16GB",7.0,0,"v100-sm70","hierarchical-dataflow-wave-10x10-resident-radix4","experimental",0.000000,"transform-wave readiness with the generated resident radix-4 core",hierarchical-dataflow,0,named-barrier,0,0,0,2,0,0,0,hermes-xor,inplace,radix4,64,20,1048576,4,576460756061519873,60,0,0,0,dataflow-radix4,"10+10","dataflow-radix4+dataflow-radix4","256+256","1+1","0+0","0+0","0+0","0+0","9+11","full-scratch","1",8,0,5,30,5.446400,0.555315,0.555591,0.000275,5.097088,7203.116401,360.399218,7553014983.794485,fused,shoup,natural,-1
2,appt,appt-online,4-8-8,"Tesla V100-SXM2-16GB",7.0,0,"v100-sm70","hierarchical-dataflow-appt-online-warp-radix2","experimental",0.000000,"persistent CTA fold roles publish online-reordered packet groups without fold-wide barriers",hierarchical-dataflow,0,named-barrier,0,0,0,2,0,0,0,hermes-xor,inplace,radix4,64,20,1048576,4,576460756061519873,60,0,0,0,dataflow-radix4,"7+7+6","appt-online+appt-online+appt-online","256+256+256","8+8+8","16+16+16","4+4+4","2+2+2","1+1+1","4+8+8","ring+ring","2+2",8,0,5,30,5.453728,1.867776,1.868047,0.000271,5.102400,2141.584388,321.959988,2245613991.489555,fused,shoup,natural,-1
2,appt,appt-online,6-6-8,"Tesla V100-SXM2-16GB",7.0,0,"v100-sm70","hierarchical-dataflow-appt-online-warp-radix2","experimental",0.000000,"persistent CTA fold roles publish online-reordered packet groups without fold-wide barriers",hierarchical-dataflow,0,named-barrier,0,0,0,2,0,0,0,hermes-xor,inplace,radix4,64,20,1048576,4,576460756061519873,60,0,0,0,dataflow-radix4,"7+7+6","appt-online+appt-online+appt-online","256+256+256","8+8+8","16+16+16","4+4+4","2+2+2","1+1+1","6+6+8","ring+ring","2+2",8,0,5,30,5.445056,1.870677,1.870957,0.000279,5.099328,2138.262911,322.189306,2242131170.094222,fused,shoup,natural,-1
2,appt,appt-online,7-7-6,"Tesla V100-SXM2-16GB",7.0,0,"v100-sm70","hierarchical-dataflow-appt-online-warp-radix2","experimental",0.000000,"persistent CTA fold roles publish online-reordered packet groups without fold-wide barriers",hierarchical-dataflow,0,named-barrier,0,0,0,2,0,0,0,hermes-xor,inplace,radix4,64,20,1048576,4,576460756061519873,60,0,0,0,dataflow-radix4,"7+7+6","appt-online+appt-online+appt-online","256+256+256","8+8+8","16+16+16","4+4+4","2+2+2","1+1+1","7+7+6","ring+ring","2+2",8,0,5,30,5.456256,1.836715,1.837006,0.000291,5.112928,2177.801573,322.427272,2283590462.062743,fused,shoup,natural,-1
2,appt,appt-online,7-6-7,"Tesla V100-SXM2-16GB",7.0,0,"v100-sm70","hierarchical-dataflow-appt-online-warp-radix2","experimental",0.000000,"persistent CTA fold roles publish online-reordered packet groups without fold-wide barriers",hierarchical-dataflow,0,named-barrier,0,0,0,2,0,0,0,hermes-xor,inplace,radix4,64,20,1048576,4,576460756061519873,60,0,0,0,dataflow-radix4,"7+7+6","appt-online+appt-online+appt-online","256+256+256","8+8+8","16+16+16","4+4+4","2+2+2","1+1+1","7+6+7","ring+ring","2+2",8,0,5,30,5.462688,1.906244,1.906531,0.000286,5.103552,2098.366954,320.705961,2200297227.646807,fused,shoup,natural,-1
2,appt,appt-online,6-8-6,"Tesla V100-SXM2-16GB",7.0,0,"v100-sm70","hierarchical-dataflow-appt-online-warp-radix2","experimental",0.000000,"persistent CTA fold roles publish online-reordered packet groups without fold-wide barriers",hierarchical-dataflow,0,named-barrier,0,0,0,2,0,0,0,hermes-xor,inplace,radix4,64,20,1048576,4,576460756061519873,60,0,0,0,dataflow-radix4,"7+7+6","appt-online+appt-online+appt-online","256+256+256","8+8+8","16+16+16","4+4+4","2+2+2","1+1+1","6+8+6","ring+ring","2+2",8,0,5,30,5.456064,1.771793,1.772085,0.000292,5.099680,2257.599908,324.476812,2367265080.748964,fused,shoup,natural,-1
2,appt,appt-online,5-7-8,"Tesla V100-SXM2-16GB",7.0,0,"v100-sm70","hierarchical-dataflow-appt-online-warp-radix2","experimental",0.000000,"persistent CTA fold roles publish online-reordered packet groups without fold-wide barriers",hierarchical-dataflow,0,named-barrier,0,0,0,2,0,0,0,hermes-xor,inplace,radix4,64,20,1048576,4,576460756061519873,60,0,0,0,dataflow-radix4,"7+7+6","appt-online+appt-online+appt-online","256+256+256","8+8+8","16+16+16","4+4+4","2+2+2","1+1+1","5+7+8","ring+ring","2+2",8,0,5,30,5.472032,1.797427,1.797681,0.000253,5.103232,2225.402945,323.292638,2333504118.828116,fused,shoup,natural,-1
2,appt,appt-online,8-8-4,"Tesla V100-SXM2-16GB",7.0,0,"v100-sm70","hierarchical-dataflow-appt-online-warp-radix2","experimental",0.000000,"persistent CTA fold roles publish online-reordered packet groups without fold-wide barriers",hierarchical-dataflow,0,named-barrier,0,0,0,2,0,0,0,hermes-xor,inplace,radix4,64,20,1048576,4,576460756061519873,60,0,0,0,dataflow-radix4,"7+7+6","appt-online+appt-online+appt-online","256+256+256","8+8+8","16+16+16","4+4+4","2+2+2","1+1+1","8+8+4","ring+ring","2+2",8,0,5,30,5.446880,1.969835,1.970107,0.000273,5.129984,2030.627255,318.808969,2129267004.609914,fused,shoup,natural,-1
2,appt,appt-online-radix4,4-8-8,"Tesla V100-SXM2-16GB",7.0,0,"v100-sm70","hierarchical-dataflow-appt-online-radix4","experimental",0.000000,"persistent CTA fold roles publish online-reordered packet groups without fold-wide barriers",hierarchical-dataflow,0,named-barrier,0,0,0,2,0,0,0,hermes-xor,inplace,radix4,64,20,1048576,4,576460756061519873,60,0,0,0,dataflow-radix4,"7+7+6","appt-online-radix4+appt-online-radix4+appt-online-radix4","256+256+256","8+8+8","16+16+16","4+4+4","2+2+2","1+1+1","4+8+8","ring+ring","2+2",8,0,5,30,5.449824,1.276894,1.277166,0.000272,5.095872,3132.601811,338.335350,3284771076.622375,fused,shoup,natural,-1
2,appt,appt-online-radix4,6-6-8,"Tesla V100-SXM2-16GB",7.0,0,"v100-sm70","hierarchical-dataflow-appt-online-radix4","experimental",0.000000,"persistent CTA fold roles publish online-reordered packet groups without fold-wide barriers",hierarchical-dataflow,0,named-barrier,0,0,0,2,0,0,0,hermes-xor,inplace,radix4,64,20,1048576,4,576460756061519873,60,0,0,0,dataflow-radix4,"7+7+6","appt-online-radix4+appt-online-radix4+appt-online-radix4","256+256+256","8+8+8","16+16+16","4+4+4","2+2+2","1+1+1","6+6+8","ring+ring","2+2",8,0,5,30,5.450720,1.311471,1.311726,0.000255,5.112960,3050.010567,336.837835,3198167880.116512,fused,shoup,natural,-1
2,appt,appt-online-radix4,7-7-6,"Tesla V100-SXM2-16GB",7.0,0,"v100-sm70","hierarchical-dataflow-appt-online-radix4","experimental",0.000000,"persistent CTA fold roles publish online-reordered packet groups without fold-wide barriers",hierarchical-dataflow,0,named-barrier,0,0,0,2,0,0,0,hermes-xor,inplace,radix4,64,20,1048576,4,576460756061519873,60,0,0,0,dataflow-radix4,"7+7+6","appt-online-radix4+appt-online-radix4+appt-online-radix4","256+256+256","8+8+8","16+16+16","4+4+4","2+2+2","1+1+1","7+7+6","ring+ring","2+2",8,0,5,30,5.449632,1.407659,1.407924,0.000265,5.095424,2841.597904,334.652001,2979631363.339862,fused,shoup,natural,-1
2,appt,appt-online-radix4,7-6-7,"Tesla V100-SXM2-16GB",7.0,0,"v100-sm70","hierarchical-dataflow-appt-online-radix4","experimental",0.000000,"persistent CTA fold roles publish online-reordered packet groups without fold-wide barriers",hierarchical-dataflow,0,named-barrier,0,0,0,2,0,0,0,hermes-xor,inplace,radix4,64,20,1048576,4,576460756061519873,60,0,0,0,dataflow-radix4,"7+7+6","appt-online-radix4+appt-online-radix4+appt-online-radix4","256+256+256","8+8+8","16+16+16","4+4+4","2+2+2","1+1+1","7+6+7","ring+ring","2+2",8,0,5,30,5.450496,1.408307,1.408557,0.000250,5.099296,2840.289402,334.501315,2978259300.070080,fused,shoup,natural,-1
2,appt,appt-online-radix4,6-8-6,"Tesla V100-SXM2-16GB",7.0,0,"v100-sm70","hierarchical-dataflow-appt-online-radix4","experimental",0.000000,"persistent CTA fold roles publish online-reordered packet groups without fold-wide barriers",hierarchical-dataflow,0,named-barrier,0,0,0,2,0,0,0,hermes-xor,inplace,radix4,64,20,1048576,4,576460756061519873,60,0,0,0,dataflow-radix4,"7+7+6","appt-online-radix4+appt-online-radix4+appt-online-radix4","256+256+256","8+8+8","16+16+16","4+4+4","2+2+2","1+1+1","6+8+6","ring+ring","2+2",8,0,5,30,5.446976,1.335398,1.335633,0.000234,5.097280,2995.360973,336.710128,3140863627.385249,fused,shoup,natural,-1
2,appt,appt-online-radix4,5-7-8,"Tesla V100-SXM2-16GB",7.0,0,"v100-sm70","hierarchical-dataflow-appt-online-radix4","experimental",0.000000,"persistent CTA fold roles publish online-reordered packet groups without fold-wide barriers",hierarchical-dataflow,0,named-barrier,0,0,0,2,0,0,0,hermes-xor,inplace,radix4,64,20,1048576,4,576460756061519873,60,0,0,0,dataflow-radix4,"7+7+6","appt-online-radix4+appt-online-radix4+appt-online-radix4","256+256+256","8+8+8","16+16+16","4+4+4","2+2+2","1+1+1","5+7+8","ring+ring","2+2",8,0,5,30,5.446016,1.273754,1.273998,0.000244,5.106272,3140.324679,338.236589,3292869090.449245,fused,shoup,natural,-1
2,appt,appt-online-radix4,8-8-4,"Tesla V100-SXM2-16GB",7.0,0,"v100-sm70","hierarchical-dataflow-appt-online-radix4","experimental",0.000000,"persistent CTA fold roles publish online-reordered packet groups without fold-wide barriers",hierarchical-dataflow,0,named-barrier,0,0,0,2,0,0,0,hermes-xor,inplace,radix4,64,20,1048576,4,576460756061519873,60,0,0,0,dataflow-radix4,"7+7+6","appt-online-radix4+appt-online-radix4+appt-online-radix4","256+256+256","8+8+8","16+16+16","4+4+4","2+2+2","1+1+1","8+8+4","ring+ring","2+2",8,0,5,30,5.448160,1.544055,1.544319,0.000264,5.115328,2590.580519,330.372549,2716420558.419255,fused,shoup,natural,-1
3,v06,dataflow-radix4,9-11,"Tesla V100-SXM2-16GB",7.0,0,"v100-sm70","hierarchical-dataflow-wave-10x10-resident-radix4","experimental",0.000000,"transform-wave readiness with the generated resident radix-4 core",hierarchical-dataflow,0,named-barrier,0,0,0,2,0,0,0,hermes-xor,inplace,radix4,64,20,1048576,4,576460756061519873,60,0,0,0,dataflow-radix4,"10+10","dataflow-radix4+dataflow-radix4","256+256","1+1","0+0","0+0","0+0","0+0","9+11","full-scratch","1",8,0,5,30,5.574432,0.555486,0.555776,0.000290,5.103712,7200.903567,356.073688,7550694658.886856,fused,shoup,natural,-1
3,appt,appt-online,4-8-8,"Tesla V100-SXM2-16GB",7.0,0,"v100-sm70","hierarchical-dataflow-appt-online-warp-radix2","experimental",0.000000,"persistent CTA fold roles publish online-reordered packet groups without fold-wide barriers",hierarchical-dataflow,0,named-barrier,0,0,0,2,0,0,0,hermes-xor,inplace,radix4,64,20,1048576,4,576460756061519873,60,0,0,0,dataflow-radix4,"7+7+6","appt-online+appt-online+appt-online","256+256+256","8+8+8","16+16+16","4+4+4","2+2+2","1+1+1","4+8+8","ring+ring","2+2",8,0,5,30,5.448736,1.872623,1.872901,0.000278,5.112224,2136.041302,321.709351,2239801644.237397,fused,shoup,natural,-1
3,appt,appt-online,6-6-8,"Tesla V100-SXM2-16GB",7.0,0,"v100-sm70","hierarchical-dataflow-appt-online-warp-radix2","experimental",0.000000,"persistent CTA fold roles publish online-reordered packet groups without fold-wide barriers",hierarchical-dataflow,0,named-barrier,0,0,0,2,0,0,0,hermes-xor,inplace,radix4,64,20,1048576,4,576460756061519873,60,0,0,0,dataflow-radix4,"7+7+6","appt-online+appt-online+appt-online","256+256+256","8+8+8","16+16+16","4+4+4","2+2+2","1+1+1","6+6+8","ring+ring","2+2",8,0,5,30,5.453984,1.868800,1.869054,0.000254,5.099200,2140.411045,322.009766,2244383651.896613,fused,shoup,natural,-1
3,appt,appt-online,7-7-6,"Tesla V100-SXM2-16GB",7.0,0,"v100-sm70","hierarchical-dataflow-appt-online-warp-radix2","experimental",0.000000,"persistent CTA fold roles publish online-reordered packet groups without fold-wide barriers",hierarchical-dataflow,0,named-barrier,0,0,0,2,0,0,0,hermes-xor,inplace,radix4,64,20,1048576,4,576460756061519873,60,0,0,0,dataflow-radix4,"7+7+6","appt-online+appt-online+appt-online","256+256+256","8+8+8","16+16+16","4+4+4","2+2+2","1+1+1","7+7+6","ring+ring","2+2",8,0,5,30,5.454080,1.839718,1.840002,0.000283,5.098048,2174.245866,322.792890,2279862033.572920,fused,shoup,natural,-1
3,appt,appt-online,7-6-7,"Tesla V100-SXM2-16GB",7.0,0,"v100-sm70","hierarchical-dataflow-appt-online-warp-radix2","experimental",0.000000,"persistent CTA fold roles publish online-reordered packet groups without fold-wide barriers",hierarchical-dataflow,0,named-barrier,0,0,0,2,0,0,0,hermes-xor,inplace,radix4,64,20,1048576,4,576460756061519873,60,0,0,0,dataflow-radix4,"7+7+6","appt-online+appt-online+appt-online","256+256+256","8+8+8","16+16+16","4+4+4","2+2+2","1+1+1","7+6+7","ring+ring","2+2",8,0,5,30,5.446400,1.909965,1.910233,0.000268,5.104224,2094.279434,321.012108,2196011151.755973,fused,shoup,natural,-1
3,appt,appt-online,6-8-6,"Tesla V100-SXM2-16GB",7.0,0,"v100-sm70","hierarchical-dataflow-appt-online-warp-radix2","experimental",0.000000,"persistent CTA fold roles publish online-reordered packet groups without fold-wide barriers",hierarchical-dataflow,0,named-barrier,0,0,0,2,0,0,0,hermes-xor,inplace,radix4,64,20,1048576,4,576460756061519873,60,0,0,0,dataflow-radix4,"7+7+6","appt-online+appt-online+appt-online","256+256+256","8+8+8","16+16+16","4+4+4","2+2+2","1+1+1","6+8+6","ring+ring","2+2",8,0,5,30,5.456864,1.779678,1.779967,0.000289,5.099328,2247.597766,324.257638,2356777075.041228,fused,shoup,natural,-1
3,appt,appt-online,5-7-8,"Tesla V100-SXM2-16GB",7.0,0,"v100-sm70","hierarchical-dataflow-appt-online-warp-radix2","experimental",0.000000,"persistent CTA fold roles publish online-reordered packet groups without fold-wide barriers",hierarchical-dataflow,0,named-barrier,0,0,0,2,0,0,0,hermes-xor,inplace,radix4,64,20,1048576,4,576460756061519873,60,0,0,0,dataflow-radix4,"7+7+6","appt-online+appt-online+appt-online","256+256+256","8+8+8","16+16+16","4+4+4","2+2+2","1+1+1","5+7+8","ring+ring","2+2",8,0,5,30,5.450336,1.801353,1.801640,0.000288,5.098432,2220.553575,323.883475,2328419185.195053,fused,shoup,natural,-1
3,appt,appt-online,8-8-4,"Tesla V100-SXM2-16GB",7.0,0,"v100-sm70","hierarchical-dataflow-appt-online-warp-radix2","experimental",0.000000,"persistent CTA fold roles publish online-reordered packet groups without fold-wide barriers",hierarchical-dataflow,0,named-barrier,0,0,0,2,0,0,0,hermes-xor,inplace,radix4,64,20,1048576,4,576460756061519873,60,0,0,0,dataflow-radix4,"7+7+6","appt-online+appt-online+appt-online","256+256+256","8+8+8","16+16+16","4+4+4","2+2+2","1+1+1","8+8+4","ring+ring","2+2",8,0,5,30,5.449184,1.968094,1.968395,0.000301,5.097824,2032.423380,319.613858,2131150378.303781,fused,shoup,natural,-1
3,appt,appt-online-radix4,4-8-8,"Tesla V100-SXM2-16GB",7.0,0,"v100-sm70","hierarchical-dataflow-appt-online-radix4","experimental",0.000000,"persistent CTA fold roles publish online-reordered packet groups without fold-wide barriers",hierarchical-dataflow,0,named-barrier,0,0,0,2,0,0,0,hermes-xor,inplace,radix4,64,20,1048576,4,576460756061519873,60,0,0,0,dataflow-radix4,"7+7+6","appt-online-radix4+appt-online-radix4+appt-online-radix4","256+256+256","8+8+8","16+16+16","4+4+4","2+2+2","1+1+1","4+8+8","ring+ring","2+2",8,0,5,30,5.446048,1.275119,1.275391,0.000272,5.099904,3136.962249,338.378821,3289343327.359589,fused,shoup,natural,-1
3,appt,appt-online-radix4,6-6-8,"Tesla V100-SXM2-16GB",7.0,0,"v100-sm70","hierarchical-dataflow-appt-online-radix4","experimental",0.000000,"persistent CTA fold roles publish online-reordered packet groups without fold-wide barriers",hierarchical-dataflow,0,named-barrier,0,0,0,2,0,0,0,hermes-xor,inplace,radix4,64,20,1048576,4,576460756061519873,60,0,0,0,dataflow-radix4,"7+7+6","appt-online-radix4+appt-online-radix4+appt-online-radix4","256+256+256","8+8+8","16+16+16","4+4+4","2+2+2","1+1+1","6+6+8","ring+ring","2+2",8,0,5,30,5.456000,1.311130,1.311408,0.000278,5.106720,3050.804229,336.874743,3199000094.724461,fused,shoup,natural,-1
3,appt,appt-online-radix4,7-7-6,"Tesla V100-SXM2-16GB",7.0,0,"v100-sm70","hierarchical-dataflow-appt-online-radix4","experimental",0.000000,"persistent CTA fold roles publish online-reordered packet groups without fold-wide barriers",hierarchical-dataflow,0,named-barrier,0,0,0,2,0,0,0,hermes-xor,inplace,radix4,64,20,1048576,4,576460756061519873,60,0,0,0,dataflow-radix4,"7+7+6","appt-online-radix4+appt-online-radix4+appt-online-radix4","256+256+256","8+8+8","16+16+16","4+4+4","2+2+2","1+1+1","7+7+6","ring+ring","2+2",8,0,5,30,5.453984,1.401924,1.402170,0.000245,5.099040,2853.221201,334.589492,2991819274.465309,fused,shoup,natural,-1
3,appt,appt-online-radix4,7-6-7,"Tesla V100-SXM2-16GB",7.0,0,"v100-sm70","hierarchical-dataflow-appt-online-radix4","experimental",0.000000,"persistent CTA fold roles publish online-reordered packet groups without fold-wide barriers",hierarchical-dataflow,0,named-barrier,0,0,0,2,0,0,0,hermes-xor,inplace,radix4,64,20,1048576,4,576460756061519873,60,0,0,0,dataflow-radix4,"7+7+6","appt-online-radix4+appt-online-radix4+appt-online-radix4","256+256+256","8+8+8","16+16+16","4+4+4","2+2+2","1+1+1","7+6+7","ring+ring","2+2",8,0,5,30,5.447968,1.411618,1.411891,0.000273,5.104832,2833.627567,334.324654,2971273859.293126,fused,shoup,natural,-1
3,appt,appt-online-radix4,6-8-6,"Tesla V100-SXM2-16GB",7.0,0,"v100-sm70","hierarchical-dataflow-appt-online-radix4","experimental",0.000000,"persistent CTA fold roles publish online-reordered packet groups without fold-wide barriers",hierarchical-dataflow,0,named-barrier,0,0,0,2,0,0,0,hermes-xor,inplace,radix4,64,20,1048576,4,576460756061519873,60,0,0,0,dataflow-radix4,"7+7+6","appt-online-radix4+appt-online-radix4+appt-online-radix4","256+256+256","8+8+8","16+16+16","4+4+4","2+2+2","1+1+1","6+8+6","ring+ring","2+2",8,0,5,30,5.458080,1.332531,1.332837,0.000306,5.104096,3001.805855,336.284031,3147621576.656174,fused,shoup,natural,-1
3,appt,appt-online-radix4,5-7-8,"Tesla V100-SXM2-16GB",7.0,0,"v100-sm70","hierarchical-dataflow-appt-online-radix4","experimental",0.000000,"persistent CTA fold roles publish online-reordered packet groups without fold-wide barriers",hierarchical-dataflow,0,named-barrier,0,0,0,2,0,0,0,hermes-xor,inplace,radix4,64,20,1048576,4,576460756061519873,60,0,0,0,dataflow-radix4,"7+7+6","appt-online-radix4+appt-online-radix4+appt-online-radix4","256+256+256","8+8+8","16+16+16","4+4+4","2+2+2","1+1+1","5+7+8","ring+ring","2+2",8,0,5,30,5.457728,1.271364,1.271657,0.000293,5.114688,3146.226677,337.730014,3299057783.986762,fused,shoup,natural,-1
3,appt,appt-online-radix4,8-8-4,"Tesla V100-SXM2-16GB",7.0,0,"v100-sm70","hierarchical-dataflow-appt-online-radix4","experimental",0.000000,"persistent CTA fold roles publish online-reordered packet groups without fold-wide barriers",hierarchical-dataflow,0,named-barrier,0,0,0,2,0,0,0,hermes-xor,inplace,radix4,64,20,1048576,4,576460756061519873,60,0,0,0,dataflow-radix4,"7+7+6","appt-online-radix4+appt-online-radix4+appt-online-radix4","256+256+256","8+8+8","16+16+16","4+4+4","2+2+2","1+1+1","8+8+4","ring+ring","2+2",8,0,5,30,5.450528,1.537638,1.537897,0.000259,5.101504,2601.392007,330.860966,2727757224.796248,fused,shoup,natural,-1
