trial,variant,producer_dt,consumer_dt,weights,resident_ctas,device,compute_capability,auto_select,selection_target,selected_implementation,selection_confidence,predicted_kernel_ms,selection_reason,backend,stage_space,stage_handoff,flow_tile_log,data_space,role_stages,target_ctas_per_sm,data_time,token_interleave,pipeline_buffers,dataflow_layout,dataflow_state,compute_unit,word_bits,logN,N,batch,modulus,modulus_bits,n1_log,rows_per_block,threads_per_block,hierarchical_core,stage_partition,segment_cores,segment_threads,segment_units,segment_data_space,segment_data_time,segment_role_stages,segment_token_interleave,segment_cta_weights,boundary_storage,boundary_buffers,ready_window,inverse,warmup,repeat,h2d_ms,kernel_ms,timed_region_wall_ms,host_timing_overhead_ms,appt_producer_weight,appt_tail_weight,appt_writer_weight,appt_fragment_width,appt_writer_tiles,appt_data_time_roles,input_order,output_order,appt_layout_id,d2h_ms,kernel_ntt_s,end_to_end_ntt_s,kernel_points_s,cross_twiddle,mod_multiply,correct
1,v06,1,1,9-11,4,"Tesla V100-SXM2-16GB",7.0,0,"v100-sm70","hierarchical-dataflow-wave-10x10-resident-radix4","experimental",0.000000,"transform-wave readiness with the generated resident radix-4 core",hierarchical-dataflow,0,named-barrier,0,0,0,4,0,0,0,hermes-xor,inplace,radix4,32,20,1048576,1,998244353,30,0,0,0,dataflow-radix4,"10+10","dataflow-radix4+dataflow-radix4","256+256","1+1","0+0","1+1","0+0","0+0","9+11","full-scratch","1",8,0,2,10,0.807712,0.148480,0.149566,0.001086,0,0,0,0,0,7,natural,natural,"",0.720864,6734.913879,596.283005,7062069055.328189,fused,shoup,-1
1,homogeneous,1,1,8-12,4,"Tesla V100-SXM2-16GB",7.0,0,"v100-sm70","hierarchical-dataflow-homogeneous-radix4-10x10","experimental",0.000000,"generated homogeneous two-level radix-4 roles with independent batch-time traversal",hierarchical-dataflow,0,named-barrier,0,0,0,4,0,0,0,hermes-xor,inplace,radix4,32,20,1048576,1,998244353,30,0,0,0,dataflow-radix4,"10+10","homogeneous-radix4+homogeneous-radix4","256+256","4+4","0+0","1+1","0+0","0+0","8+12","full-scratch","1",8,0,2,10,0.792000,0.151142,0.152214,0.001072,0,0,0,0,0,7,natural,natural,"",0.725440,6616.277600,599.311124,6937669900.787085,fused,shoup,-1
1,homogeneous,1,1,9-11,4,"Tesla V100-SXM2-16GB",7.0,0,"v100-sm70","hierarchical-dataflow-homogeneous-radix4-10x10","experimental",0.000000,"generated homogeneous two-level radix-4 roles with independent batch-time traversal",hierarchical-dataflow,0,named-barrier,0,0,0,4,0,0,0,hermes-xor,inplace,radix4,32,20,1048576,1,998244353,30,0,0,0,dataflow-radix4,"10+10","homogeneous-radix4+homogeneous-radix4","256+256","4+4","0+0","1+1","0+0","0+0","9+11","full-scratch","1",8,0,2,10,0.781376,0.148173,0.149131,0.000958,0,0,0,0,0,7,natural,natural,"",0.732000,6748.877179,601.848109,7076710637.285809,fused,shoup,-1
1,homogeneous,1,1,10-10,4,"Tesla V100-SXM2-16GB",7.0,0,"v100-sm70","hierarchical-dataflow-homogeneous-radix4-10x10","experimental",0.000000,"generated homogeneous two-level radix-4 roles with independent batch-time traversal",hierarchical-dataflow,0,named-barrier,0,0,0,4,0,0,0,hermes-xor,inplace,radix4,32,20,1048576,1,998244353,30,0,0,0,dataflow-radix4,"10+10","homogeneous-radix4+homogeneous-radix4","256+256","4+4","0+0","1+1","0+0","0+0","10+10","full-scratch","1",8,0,2,10,0.800064,0.149504,0.150550,0.001046,0,0,0,0,0,7,natural,natural,"",0.727968,6688.783982,596.112390,7013698352.928982,fused,shoup,-1
1,homogeneous,1,2,8-12,4,"Tesla V100-SXM2-16GB",7.0,0,"v100-sm70","hierarchical-dataflow-homogeneous-radix4-10x10","experimental",0.000000,"generated homogeneous two-level radix-4 roles with independent batch-time traversal",hierarchical-dataflow,0,named-barrier,0,0,0,4,0,0,0,hermes-xor,inplace,radix4,32,20,1048576,1,998244353,30,0,0,0,dataflow-radix4,"10+10","homogeneous-radix4+homogeneous-radix4","256+256","4+4","0+0","1+2","0+0","0+0","8+12","full-scratch","1",8,0,2,10,0.798464,0.151142,0.152354,0.001211,0,0,0,0,0,7,natural,natural,"",0.741056,6616.277600,591.484138,6937669900.787085,fused,shoup,-1
1,homogeneous,1,2,9-11,4,"Tesla V100-SXM2-16GB",7.0,0,"v100-sm70","hierarchical-dataflow-homogeneous-radix4-10x10","experimental",0.000000,"generated homogeneous two-level radix-4 roles with independent batch-time traversal",hierarchical-dataflow,0,named-barrier,0,0,0,4,0,0,0,hermes-xor,inplace,radix4,32,20,1048576,1,998244353,30,0,0,0,dataflow-radix4,"10+10","homogeneous-radix4+homogeneous-radix4","256+256","4+4","0+0","1+2","0+0","0+0","9+11","full-scratch","1",8,0,2,10,0.799296,0.149094,0.150100,0.001005,0,0,0,0,0,7,natural,natural,"",0.725408,6707.159902,597.443500,7032966901.356007,fused,shoup,-1
1,homogeneous,1,2,10-10,4,"Tesla V100-SXM2-16GB",7.0,0,"v100-sm70","hierarchical-dataflow-homogeneous-radix4-10x10","experimental",0.000000,"generated homogeneous two-level radix-4 roles with independent batch-time traversal",hierarchical-dataflow,0,named-barrier,0,0,0,4,0,0,0,hermes-xor,inplace,radix4,32,20,1048576,1,998244353,30,0,0,0,dataflow-radix4,"10+10","homogeneous-radix4+homogeneous-radix4","256+256","4+4","0+0","1+2","0+0","0+0","10+10","full-scratch","1",8,0,2,10,0.799424,0.148480,0.149574,0.001094,0,0,0,0,0,7,natural,natural,"",0.748992,6734.913879,589.311301,7062069055.328189,fused,shoup,-1
1,homogeneous,1,4,8-12,4,"Tesla V100-SXM2-16GB",7.0,0,"v100-sm70","hierarchical-dataflow-homogeneous-radix4-10x10","experimental",0.000000,"generated homogeneous two-level radix-4 roles with independent batch-time traversal",hierarchical-dataflow,0,named-barrier,0,0,0,4,0,0,0,hermes-xor,inplace,radix4,32,20,1048576,1,998244353,30,0,0,0,dataflow-radix4,"10+10","homogeneous-radix4+homogeneous-radix4","256+256","4+4","0+0","1+4","0+0","0+0","8+12","full-scratch","1",8,0,2,10,0.795584,0.150835,0.151835,0.001000,0,0,0,0,0,7,natural,natural,"",0.716960,6629.752156,601.185814,6951798996.823177,fused,shoup,-1
1,homogeneous,1,4,9-11,4,"Tesla V100-SXM2-16GB",7.0,0,"v100-sm70","hierarchical-dataflow-homogeneous-radix4-10x10","experimental",0.000000,"generated homogeneous two-level radix-4 roles with independent batch-time traversal",hierarchical-dataflow,0,named-barrier,0,0,0,4,0,0,0,hermes-xor,inplace,radix4,32,20,1048576,1,998244353,30,0,0,0,dataflow-radix4,"10+10","homogeneous-radix4+homogeneous-radix4","256+256","4+4","0+0","1+4","0+0","0+0","9+11","full-scratch","1",8,0,2,10,0.787968,0.148890,0.149941,0.001051,0,0,0,0,0,7,natural,natural,"",0.727168,6716.385777,600.952291,7042640932.161654,fused,shoup,-1
1,homogeneous,1,4,10-10,4,"Tesla V100-SXM2-16GB",7.0,0,"v100-sm70","hierarchical-dataflow-homogeneous-radix4-10x10","experimental",0.000000,"generated homogeneous two-level radix-4 roles with independent batch-time traversal",hierarchical-dataflow,0,named-barrier,0,0,0,4,0,0,0,hermes-xor,inplace,radix4,32,20,1048576,1,998244353,30,0,0,0,dataflow-radix4,"10+10","homogeneous-radix4+homogeneous-radix4","256+256","4+4","0+0","1+4","0+0","0+0","10+10","full-scratch","1",8,0,2,10,0.785792,0.148685,0.149723,0.001038,0,0,0,0,0,7,natural,natural,"",0.734176,6725.637067,599.285853,7052341613.392894,fused,shoup,-1
1,homogeneous,2,1,8-12,4,"Tesla V100-SXM2-16GB",7.0,0,"v100-sm70","hierarchical-dataflow-homogeneous-radix4-10x10","experimental",0.000000,"generated homogeneous two-level radix-4 roles with independent batch-time traversal",hierarchical-dataflow,0,named-barrier,0,0,0,4,0,0,0,hermes-xor,inplace,radix4,32,20,1048576,1,998244353,30,0,0,0,dataflow-radix4,"10+10","homogeneous-radix4+homogeneous-radix4","256+256","4+4","0+0","2+1","0+0","0+0","8+12","full-scratch","1",8,0,2,10,0.791936,0.151142,0.152245,0.001103,0,0,0,0,0,7,natural,natural,"",0.730464,6616.277600,597.534923,6937669900.787085,fused,shoup,-1
1,homogeneous,2,1,9-11,4,"Tesla V100-SXM2-16GB",7.0,0,"v100-sm70","hierarchical-dataflow-homogeneous-radix4-10x10","experimental",0.000000,"generated homogeneous two-level radix-4 roles with independent batch-time traversal",hierarchical-dataflow,0,named-barrier,0,0,0,4,0,0,0,hermes-xor,inplace,radix4,32,20,1048576,1,998244353,30,0,0,0,dataflow-radix4,"10+10","homogeneous-radix4+homogeneous-radix4","256+256","4+4","0+0","2+1","0+0","0+0","9+11","full-scratch","1",8,0,2,10,0.792640,0.148070,0.149155,0.001084,0,0,0,0,0,7,natural,natural,"",0.731168,6753.544488,598.129647,7081604665.475410,fused,shoup,-1
1,homogeneous,2,1,10-10,4,"Tesla V100-SXM2-16GB",7.0,0,"v100-sm70","hierarchical-dataflow-homogeneous-radix4-10x10","experimental",0.000000,"generated homogeneous two-level radix-4 roles with independent batch-time traversal",hierarchical-dataflow,0,named-barrier,0,0,0,4,0,0,0,hermes-xor,inplace,radix4,32,20,1048576,1,998244353,30,0,0,0,dataflow-radix4,"10+10","homogeneous-radix4+homogeneous-radix4","256+256","4+4","0+0","2+1","0+0","0+0","10+10","full-scratch","1",8,0,2,10,0.792224,0.148480,0.149666,0.001187,0,0,0,0,0,7,natural,natural,"",0.741280,6734.913879,594.535974,7062069055.328189,fused,shoup,-1
1,homogeneous,2,2,8-12,4,"Tesla V100-SXM2-16GB",7.0,0,"v100-sm70","hierarchical-dataflow-homogeneous-radix4-10x10","experimental",0.000000,"generated homogeneous two-level radix-4 roles with independent batch-time traversal",hierarchical-dataflow,0,named-barrier,0,0,0,4,0,0,0,hermes-xor,inplace,radix4,32,20,1048576,1,998244353,30,0,0,0,dataflow-radix4,"10+10","homogeneous-radix4+homogeneous-radix4","256+256","4+4","0+0","2+2","0+0","0+0","8+12","full-scratch","1",8,0,2,10,0.799392,0.152371,0.153432,0.001061,0,0,0,0,0,7,natural,natural,"",0.724896,6562.920116,596.424128,6881720523.194560,fused,shoup,-1
1,homogeneous,2,2,9-11,4,"Tesla V100-SXM2-16GB",7.0,0,"v100-sm70","hierarchical-dataflow-homogeneous-radix4-10x10","experimental",0.000000,"generated homogeneous two-level radix-4 roles with independent batch-time traversal",hierarchical-dataflow,0,named-barrier,0,0,0,4,0,0,0,hermes-xor,inplace,radix4,32,20,1048576,1,998244353,30,0,0,0,dataflow-radix4,"10+10","homogeneous-radix4+homogeneous-radix4","256+256","4+4","0+0","2+2","0+0","0+0","9+11","full-scratch","1",8,0,2,10,0.787744,0.149811,0.150790,0.000979,0,0,0,0,0,7,natural,natural,"",0.756800,6675.068649,590.195028,6999316783.836015,fused,shoup,-1
1,homogeneous,2,2,10-10,4,"Tesla V100-SXM2-16GB",7.0,0,"v100-sm70","hierarchical-dataflow-homogeneous-radix4-10x10","experimental",0.000000,"generated homogeneous two-level radix-4 roles with independent batch-time traversal",hierarchical-dataflow,0,named-barrier,0,0,0,4,0,0,0,hermes-xor,inplace,radix4,32,20,1048576,1,998244353,30,0,0,0,dataflow-radix4,"10+10","homogeneous-radix4+homogeneous-radix4","256+256","4+4","0+0","2+2","0+0","0+0","10+10","full-scratch","1",8,0,2,10,0.797632,0.149094,0.150010,0.000915,0,0,0,0,0,7,natural,natural,"",0.724480,6707.159902,598.370152,7032966901.356007,fused,shoup,-1
1,homogeneous,4,1,8-12,4,"Tesla V100-SXM2-16GB",7.0,0,"v100-sm70","hierarchical-dataflow-homogeneous-radix4-10x10","experimental",0.000000,"generated homogeneous two-level radix-4 roles with independent batch-time traversal",hierarchical-dataflow,0,named-barrier,0,0,0,4,0,0,0,hermes-xor,inplace,radix4,32,20,1048576,1,998244353,30,0,0,0,dataflow-radix4,"10+10","homogeneous-radix4+homogeneous-radix4","256+256","4+4","0+0","4+1","0+0","0+0","8+12","full-scratch","1",8,0,2,10,0.780640,0.150528,0.151429,0.000901,0,0,0,0,0,7,natural,natural,"",0.725568,6643.282366,603.596469,6965986449.856723,fused,shoup,-1
1,homogeneous,4,1,9-11,4,"Tesla V100-SXM2-16GB",7.0,0,"v100-sm70","hierarchical-dataflow-homogeneous-radix4-10x10","experimental",0.000000,"generated homogeneous two-level radix-4 roles with independent batch-time traversal",hierarchical-dataflow,0,named-barrier,0,0,0,4,0,0,0,hermes-xor,inplace,radix4,32,20,1048576,1,998244353,30,0,0,0,dataflow-radix4,"10+10","homogeneous-radix4+homogeneous-radix4","256+256","4+4","0+0","4+1","0+0","0+0","9+11","full-scratch","1",8,0,2,10,0.789440,0.148275,0.149308,0.001033,0,0,0,0,0,7,natural,natural,"",0.730048,6744.216317,599.605517,7071823368.855283,fused,shoup,-1
1,homogeneous,4,1,10-10,4,"Tesla V100-SXM2-16GB",7.0,0,"v100-sm70","hierarchical-dataflow-homogeneous-radix4-10x10","experimental",0.000000,"generated homogeneous two-level radix-4 roles with independent batch-time traversal",hierarchical-dataflow,0,named-barrier,0,0,0,4,0,0,0,hermes-xor,inplace,radix4,32,20,1048576,1,998244353,30,0,0,0,dataflow-radix4,"10+10","homogeneous-radix4+homogeneous-radix4","256+256","4+4","0+0","4+1","0+0","0+0","10+10","full-scratch","1",8,0,2,10,0.784096,0.148480,0.149601,0.001121,0,0,0,0,0,7,natural,natural,"",0.719392,6734.913879,605.338601,7062069055.328189,fused,shoup,-1
1,v06,1,1,9-11,4,"Tesla V100-SXM2-16GB",7.0,0,"v100-sm70","hierarchical-dataflow-wave-10x10-resident-radix4","experimental",0.000000,"transform-wave readiness with the generated resident radix-4 core",hierarchical-dataflow,0,named-barrier,0,0,0,4,0,0,0,hermes-xor,inplace,radix4,32,20,1048576,1,998244353,30,0,0,0,dataflow-radix4,"10+10","dataflow-radix4+dataflow-radix4","256+256","1+1","0+0","1+1","0+0","0+0","9+11","full-scratch","1",8,0,2,10,0.782560,0.148275,0.149362,0.001087,0,0,0,0,0,7,natural,natural,"",0.722080,6744.216317,604.991721,7071823368.855283,fused,shoup,-1
2,v06,1,1,9-11,4,"Tesla V100-SXM2-16GB",7.0,0,"v100-sm70","hierarchical-dataflow-wave-10x10-resident-radix4","experimental",0.000000,"transform-wave readiness with the generated resident radix-4 core",hierarchical-dataflow,0,named-barrier,0,0,0,4,0,0,0,hermes-xor,inplace,radix4,32,20,1048576,1,998244353,30,0,0,0,dataflow-radix4,"10+10","dataflow-radix4+dataflow-radix4","256+256","1+1","0+0","1+1","0+0","0+0","9+11","full-scratch","1",8,0,2,10,0.786016,0.148787,0.149863,0.001075,0,0,0,0,0,7,natural,natural,"",0.720160,6721.008238,604.243045,7047487934.595901,fused,shoup,-1
2,homogeneous,1,1,8-12,4,"Tesla V100-SXM2-16GB",7.0,0,"v100-sm70","hierarchical-dataflow-homogeneous-radix4-10x10","experimental",0.000000,"generated homogeneous two-level radix-4 roles with independent batch-time traversal",hierarchical-dataflow,0,named-barrier,0,0,0,4,0,0,0,hermes-xor,inplace,radix4,32,20,1048576,1,998244353,30,0,0,0,dataflow-radix4,"10+10","homogeneous-radix4+homogeneous-radix4","256+256","4+4","0+0","1+1","0+0","0+0","8+12","full-scratch","1",8,0,2,10,0.799136,0.150938,0.151940,0.001002,0,0,0,0,0,7,natural,natural,"",0.745344,6625.254325,589.825196,6947082679.426544,fused,shoup,-1
2,homogeneous,1,1,9-11,4,"Tesla V100-SXM2-16GB",7.0,0,"v100-sm70","hierarchical-dataflow-homogeneous-radix4-10x10","experimental",0.000000,"generated homogeneous two-level radix-4 roles with independent batch-time traversal",hierarchical-dataflow,0,named-barrier,0,0,0,4,0,0,0,hermes-xor,inplace,radix4,32,20,1048576,1,998244353,30,0,0,0,dataflow-radix4,"10+10","homogeneous-radix4+homogeneous-radix4","256+256","4+4","0+0","1+1","0+0","0+0","9+11","full-scratch","1",8,0,2,10,0.799104,0.148992,0.150148,0.001156,0,0,0,0,0,7,natural,natural,"",0.734144,6711.769669,594.445519,7037800592.324350,fused,shoup,-1
2,homogeneous,1,1,10-10,4,"Tesla V100-SXM2-16GB",7.0,0,"v100-sm70","hierarchical-dataflow-homogeneous-radix4-10x10","experimental",0.000000,"generated homogeneous two-level radix-4 roles with independent batch-time traversal",hierarchical-dataflow,0,named-barrier,0,0,0,4,0,0,0,hermes-xor,inplace,radix4,32,20,1048576,1,998244353,30,0,0,0,dataflow-radix4,"10+10","homogeneous-radix4+homogeneous-radix4","256+256","4+4","0+0","1+1","0+0","0+0","10+10","full-scratch","1",8,0,2,10,0.788928,0.149402,0.150368,0.000967,0,0,0,0,0,7,natural,natural,"",0.717024,6693.368516,604.100536,7018505584.949470,fused,shoup,-1
2,homogeneous,1,2,8-12,4,"Tesla V100-SXM2-16GB",7.0,0,"v100-sm70","hierarchical-dataflow-homogeneous-radix4-10x10","experimental",0.000000,"generated homogeneous two-level radix-4 roles with independent batch-time traversal",hierarchical-dataflow,0,named-barrier,0,0,0,4,0,0,0,hermes-xor,inplace,radix4,32,20,1048576,1,998244353,30,0,0,0,dataflow-radix4,"10+10","homogeneous-radix4+homogeneous-radix4","256+256","4+4","0+0","1+2","0+0","0+0","8+12","full-scratch","1",8,0,2,10,0.788768,0.151450,0.152438,0.000988,0,0,0,0,0,7,natural,natural,"",0.744672,6602.857056,593.510702,6923597440.049746,fused,shoup,-1
2,homogeneous,1,2,9-11,4,"Tesla V100-SXM2-16GB",7.0,0,"v100-sm70","hierarchical-dataflow-homogeneous-radix4-10x10","experimental",0.000000,"generated homogeneous two-level radix-4 roles with independent batch-time traversal",hierarchical-dataflow,0,named-barrier,0,0,0,4,0,0,0,hermes-xor,inplace,radix4,32,20,1048576,1,998244353,30,0,0,0,dataflow-radix4,"10+10","homogeneous-radix4+homogeneous-radix4","256+256","4+4","0+0","1+2","0+0","0+0","9+11","full-scratch","1",8,0,2,10,0.786240,0.148275,0.149168,0.000893,0,0,0,0,0,7,natural,natural,"",0.747808,6744.216317,594.416118,7071823368.855283,fused,shoup,-1
2,homogeneous,1,2,10-10,4,"Tesla V100-SXM2-16GB",7.0,0,"v100-sm70","hierarchical-dataflow-homogeneous-radix4-10x10","experimental",0.000000,"generated homogeneous two-level radix-4 roles with independent batch-time traversal",hierarchical-dataflow,0,named-barrier,0,0,0,4,0,0,0,hermes-xor,inplace,radix4,32,20,1048576,1,998244353,30,0,0,0,dataflow-radix4,"10+10","homogeneous-radix4+homogeneous-radix4","256+256","4+4","0+0","1+2","0+0","0+0","10+10","full-scratch","1",8,0,2,10,0.795968,0.150835,0.151726,0.000890,0,0,0,0,0,7,natural,natural,"",0.740960,6629.752156,592.500180,6951798996.823177,fused,shoup,-1
2,homogeneous,1,4,8-12,4,"Tesla V100-SXM2-16GB",7.0,0,"v100-sm70","hierarchical-dataflow-homogeneous-radix4-10x10","experimental",0.000000,"generated homogeneous two-level radix-4 roles with independent batch-time traversal",hierarchical-dataflow,0,named-barrier,0,0,0,4,0,0,0,hermes-xor,inplace,radix4,32,20,1048576,1,998244353,30,0,0,0,dataflow-radix4,"10+10","homogeneous-radix4+homogeneous-radix4","256+256","4+4","0+0","1+4","0+0","0+0","8+12","full-scratch","1",8,0,2,10,0.795936,0.152064,0.153043,0.000979,0,0,0,0,0,7,natural,natural,"",0.733152,6576.178641,594.830227,6895623095.160513,fused,shoup,-1
2,homogeneous,1,4,9-11,4,"Tesla V100-SXM2-16GB",7.0,0,"v100-sm70","hierarchical-dataflow-homogeneous-radix4-10x10","experimental",0.000000,"generated homogeneous two-level radix-4 roles with independent batch-time traversal",hierarchical-dataflow,0,named-barrier,0,0,0,4,0,0,0,hermes-xor,inplace,radix4,32,20,1048576,1,998244353,30,0,0,0,dataflow-radix4,"10+10","homogeneous-radix4+homogeneous-radix4","256+256","4+4","0+0","1+4","0+0","0+0","9+11","full-scratch","1",8,0,2,10,0.793600,0.149094,0.150102,0.001007,0,0,0,0,0,7,natural,natural,"",0.729792,6707.159902,597.912178,7032966901.356007,fused,shoup,-1
2,homogeneous,1,4,10-10,4,"Tesla V100-SXM2-16GB",7.0,0,"v100-sm70","hierarchical-dataflow-homogeneous-radix4-10x10","experimental",0.000000,"generated homogeneous two-level radix-4 roles with independent batch-time traversal",hierarchical-dataflow,0,named-barrier,0,0,0,4,0,0,0,hermes-xor,inplace,radix4,32,20,1048576,1,998244353,30,0,0,0,dataflow-radix4,"10+10","homogeneous-radix4+homogeneous-radix4","256+256","4+4","0+0","1+4","0+0","0+0","10+10","full-scratch","1",8,0,2,10,0.785280,0.148582,0.149667,0.001084,0,0,0,0,0,7,natural,natural,"",0.718720,6730.272276,605.113546,7057201982.356380,fused,shoup,-1
2,homogeneous,2,1,8-12,4,"Tesla V100-SXM2-16GB",7.0,0,"v100-sm70","hierarchical-dataflow-homogeneous-radix4-10x10","experimental",0.000000,"generated homogeneous two-level radix-4 roles with independent batch-time traversal",hierarchical-dataflow,0,named-barrier,0,0,0,4,0,0,0,hermes-xor,inplace,radix4,32,20,1048576,1,998244353,30,0,0,0,dataflow-radix4,"10+10","homogeneous-radix4+homogeneous-radix4","256+256","4+4","0+0","2+1","0+0","0+0","8+12","full-scratch","1",8,0,2,10,0.791904,0.151347,0.152326,0.000978,0,0,0,0,0,7,natural,natural,"",0.733568,6607.324517,596.367226,6928281912.722766,fused,shoup,-1
2,homogeneous,2,1,9-11,4,"Tesla V100-SXM2-16GB",7.0,0,"v100-sm70","hierarchical-dataflow-homogeneous-radix4-10x10","experimental",0.000000,"generated homogeneous two-level radix-4 roles with independent batch-time traversal",hierarchical-dataflow,0,named-barrier,0,0,0,4,0,0,0,hermes-xor,inplace,radix4,32,20,1048576,1,998244353,30,0,0,0,dataflow-radix4,"10+10","homogeneous-radix4+homogeneous-radix4","256+256","4+4","0+0","2+1","0+0","0+0","9+11","full-scratch","1",8,0,2,10,0.784960,0.149094,0.150113,0.001019,0,0,0,0,0,7,natural,natural,"",0.755104,6707.159902,592.010798,7032966901.356007,fused,shoup,-1
2,homogeneous,2,1,10-10,4,"Tesla V100-SXM2-16GB",7.0,0,"v100-sm70","hierarchical-dataflow-homogeneous-radix4-10x10","experimental",0.000000,"generated homogeneous two-level radix-4 roles with independent batch-time traversal",hierarchical-dataflow,0,named-barrier,0,0,0,4,0,0,0,hermes-xor,inplace,radix4,32,20,1048576,1,998244353,30,0,0,0,dataflow-radix4,"10+10","homogeneous-radix4+homogeneous-radix4","256+256","4+4","0+0","2+1","0+0","0+0","10+10","full-scratch","1",8,0,2,10,0.780128,0.149709,0.150629,0.000921,0,0,0,0,0,7,natural,natural,"",0.725696,6679.634395,604.035140,7004104314.908238,fused,shoup,-1
2,homogeneous,2,2,8-12,4,"Tesla V100-SXM2-16GB",7.0,0,"v100-sm70","hierarchical-dataflow-homogeneous-radix4-10x10","experimental",0.000000,"generated homogeneous two-level radix-4 roles with independent batch-time traversal",hierarchical-dataflow,0,named-barrier,0,0,0,4,0,0,0,hermes-xor,inplace,radix4,32,20,1048576,1,998244353,30,0,0,0,dataflow-radix4,"10+10","homogeneous-radix4+homogeneous-radix4","256+256","4+4","0+0","2+2","0+0","0+0","8+12","full-scratch","1",8,0,2,10,0.798144,0.151552,0.152692,0.001140,0,0,0,0,0,7,natural,natural,"",0.755072,6598.395632,586.590091,6918919297.793753,fused,shoup,-1
2,homogeneous,2,2,9-11,4,"Tesla V100-SXM2-16GB",7.0,0,"v100-sm70","hierarchical-dataflow-homogeneous-radix4-10x10","experimental",0.000000,"generated homogeneous two-level radix-4 roles with independent batch-time traversal",hierarchical-dataflow,0,named-barrier,0,0,0,4,0,0,0,hermes-xor,inplace,radix4,32,20,1048576,1,998244353,30,0,0,0,dataflow-radix4,"10+10","homogeneous-radix4+homogeneous-radix4","256+256","4+4","0+0","2+2","0+0","0+0","9+11","full-scratch","1",8,0,2,10,0.784544,0.149504,0.150776,0.001272,0,0,0,0,0,7,natural,natural,"",0.719904,6688.783982,604.612467,7013698352.928982,fused,shoup,-1
2,homogeneous,2,2,10-10,4,"Tesla V100-SXM2-16GB",7.0,0,"v100-sm70","hierarchical-dataflow-homogeneous-radix4-10x10","experimental",0.000000,"generated homogeneous two-level radix-4 roles with independent batch-time traversal",hierarchical-dataflow,0,named-barrier,0,0,0,4,0,0,0,hermes-xor,inplace,radix4,32,20,1048576,1,998244353,30,0,0,0,dataflow-radix4,"10+10","homogeneous-radix4+homogeneous-radix4","256+256","4+4","0+0","2+2","0+0","0+0","10+10","full-scratch","1",8,0,2,10,0.792832,0.150835,0.151966,0.001131,0,0,0,0,0,7,natural,natural,"",0.741184,6629.752156,593.524218,6951798996.823177,fused,shoup,-1
2,homogeneous,4,1,8-12,4,"Tesla V100-SXM2-16GB",7.0,0,"v100-sm70","hierarchical-dataflow-homogeneous-radix4-10x10","experimental",0.000000,"generated homogeneous two-level radix-4 roles with independent batch-time traversal",hierarchical-dataflow,0,named-barrier,0,0,0,4,0,0,0,hermes-xor,inplace,radix4,32,20,1048576,1,998244353,30,0,0,0,dataflow-radix4,"10+10","homogeneous-radix4+homogeneous-radix4","256+256","4+4","0+0","4+1","0+0","0+0","8+12","full-scratch","1",8,0,2,10,0.794912,0.152474,0.153669,0.001195,0,0,0,0,0,7,natural,natural,"",0.738368,6558.512480,593.206520,6877098781.769548,fused,shoup,-1
2,homogeneous,4,1,9-11,4,"Tesla V100-SXM2-16GB",7.0,0,"v100-sm70","hierarchical-dataflow-homogeneous-radix4-10x10","experimental",0.000000,"generated homogeneous two-level radix-4 roles with independent batch-time traversal",hierarchical-dataflow,0,named-barrier,0,0,0,4,0,0,0,hermes-xor,inplace,radix4,32,20,1048576,1,998244353,30,0,0,0,dataflow-radix4,"10+10","homogeneous-radix4+homogeneous-radix4","256+256","4+4","0+0","4+1","0+0","0+0","9+11","full-scratch","1",8,0,2,10,0.795136,0.148480,0.149625,0.001145,0,0,0,0,0,7,natural,natural,"",0.744672,6734.913879,592.316012,7062069055.328189,fused,shoup,-1
2,homogeneous,4,1,10-10,4,"Tesla V100-SXM2-16GB",7.0,0,"v100-sm70","hierarchical-dataflow-homogeneous-radix4-10x10","experimental",0.000000,"generated homogeneous two-level radix-4 roles with independent batch-time traversal",hierarchical-dataflow,0,named-barrier,0,0,0,4,0,0,0,hermes-xor,inplace,radix4,32,20,1048576,1,998244353,30,0,0,0,dataflow-radix4,"10+10","homogeneous-radix4+homogeneous-radix4","256+256","4+4","0+0","4+1","0+0","0+0","10+10","full-scratch","1",8,0,2,10,0.794208,0.148173,0.149273,0.001100,0,0,0,0,0,7,natural,natural,"",0.729952,6748.877179,597.967116,7076710637.285809,fused,shoup,-1
2,v06,1,1,9-11,4,"Tesla V100-SXM2-16GB",7.0,0,"v100-sm70","hierarchical-dataflow-wave-10x10-resident-radix4","experimental",0.000000,"transform-wave readiness with the generated resident radix-4 core",hierarchical-dataflow,0,named-barrier,0,0,0,4,0,0,0,hermes-xor,inplace,radix4,32,20,1048576,1,998244353,30,0,0,0,dataflow-radix4,"10+10","dataflow-radix4+dataflow-radix4","256+256","1+1","0+0","1+1","0+0","0+0","9+11","full-scratch","1",8,0,2,10,0.793408,0.147354,0.148395,0.001041,0,0,0,0,0,7,natural,natural,"",0.756160,6786.396599,589.302416,7116052600.233418,fused,shoup,-1
1,v06,1,1,9-11,4,"Tesla V100-SXM2-16GB",7.0,0,"v100-sm70","hierarchical-dataflow-wave-10x10-resident-radix4","experimental",0.000000,"transform-wave readiness with the generated resident radix-4 core",hierarchical-dataflow,0,named-barrier,0,0,0,4,0,0,0,hermes-xor,inplace,radix4,32,20,1048576,4,998244353,30,0,0,0,dataflow-radix4,"10+10","dataflow-radix4+dataflow-radix4","256+256","1+1","0+0","1+1","0+0","0+0","9+11","full-scratch","1",8,0,2,10,2.836768,0.349491,0.350697,0.001206,0,0,0,0,0,7,natural,natural,"",2.607968,11445.210181,690.342279,12001172710.934395,fused,shoup,-1
1,homogeneous,1,1,8-12,4,"Tesla V100-SXM2-16GB",7.0,0,"v100-sm70","hierarchical-dataflow-homogeneous-radix4-10x10","experimental",0.000000,"generated homogeneous two-level radix-4 roles with independent batch-time traversal",hierarchical-dataflow,0,named-barrier,0,0,0,4,0,0,0,hermes-xor,inplace,radix4,32,20,1048576,4,998244353,30,0,0,0,dataflow-radix4,"10+10","homogeneous-radix4+homogeneous-radix4","256+256","4+4","0+0","1+1","0+0","0+0","8+12","full-scratch","1",8,0,2,10,2.833792,0.349082,0.350116,0.001035,0,0,0,0,0,7,natural,natural,"",2.615488,11458.638711,689.850040,12015253544.842905,fused,shoup,-1
1,homogeneous,1,1,9-11,4,"Tesla V100-SXM2-16GB",7.0,0,"v100-sm70","hierarchical-dataflow-homogeneous-radix4-10x10","experimental",0.000000,"generated homogeneous two-level radix-4 roles with independent batch-time traversal",hierarchical-dataflow,0,named-barrier,0,0,0,4,0,0,0,hermes-xor,inplace,radix4,32,20,1048576,4,998244353,30,0,0,0,dataflow-radix4,"10+10","homogeneous-radix4+homogeneous-radix4","256+256","4+4","0+0","1+1","0+0","0+0","9+11","full-scratch","1",8,0,2,10,2.828672,0.346931,0.348063,0.001132,0,0,0,0,0,7,natural,natural,"",2.609184,11529.663874,691.468830,12089728826.282169,fused,shoup,-1
1,homogeneous,1,1,10-10,4,"Tesla V100-SXM2-16GB",7.0,0,"v100-sm70","hierarchical-dataflow-homogeneous-radix4-10x10","experimental",0.000000,"generated homogeneous two-level radix-4 roles with independent batch-time traversal",hierarchical-dataflow,0,named-barrier,0,0,0,4,0,0,0,hermes-xor,inplace,radix4,32,20,1048576,4,998244353,30,0,0,0,dataflow-radix4,"10+10","homogeneous-radix4+homogeneous-radix4","256+256","4+4","0+0","1+1","0+0","0+0","10+10","full-scratch","1",8,0,2,10,2.827104,0.368230,0.369317,0.001087,0,0,0,0,0,7,natural,natural,"",2.605984,10862.764110,689.498434,11390433738.957418,fused,shoup,-1
1,homogeneous,1,2,8-12,4,"Tesla V100-SXM2-16GB",7.0,0,"v100-sm70","hierarchical-dataflow-homogeneous-radix4-10x10","experimental",0.000000,"generated homogeneous two-level radix-4 roles with independent batch-time traversal",hierarchical-dataflow,0,named-barrier,0,0,0,4,0,0,0,hermes-xor,inplace,radix4,32,20,1048576,4,998244353,30,0,0,0,dataflow-radix4,"10+10","homogeneous-radix4+homogeneous-radix4","256+256","4+4","0+0","1+2","0+0","0+0","8+12","full-scratch","1",8,0,2,10,2.826016,0.376013,0.377030,0.001018,0,0,0,0,0,7,natural,natural,"",2.608384,10637.935670,688.419265,11154684032.849918,fused,shoup,-1
1,homogeneous,1,2,9-11,4,"Tesla V100-SXM2-16GB",7.0,0,"v100-sm70","hierarchical-dataflow-homogeneous-radix4-10x10","experimental",0.000000,"generated homogeneous two-level radix-4 roles with independent batch-time traversal",hierarchical-dataflow,0,named-barrier,0,0,0,4,0,0,0,hermes-xor,inplace,radix4,32,20,1048576,4,998244353,30,0,0,0,dataflow-radix4,"10+10","homogeneous-radix4+homogeneous-radix4","256+256","4+4","0+0","1+2","0+0","0+0","9+11","full-scratch","1",8,0,2,10,2.826368,0.368128,0.369095,0.000967,0,0,0,0,0,7,natural,natural,"",2.607776,10865.785764,689.385121,11393602173.010008,fused,shoup,-1
1,homogeneous,1,2,10-10,4,"Tesla V100-SXM2-16GB",7.0,0,"v100-sm70","hierarchical-dataflow-homogeneous-radix4-10x10","experimental",0.000000,"generated homogeneous two-level radix-4 roles with independent batch-time traversal",hierarchical-dataflow,0,named-barrier,0,0,0,4,0,0,0,hermes-xor,inplace,radix4,32,20,1048576,4,998244353,30,0,0,0,dataflow-radix4,"10+10","homogeneous-radix4+homogeneous-radix4","256+256","4+4","0+0","1+2","0+0","0+0","10+10","full-scratch","1",8,0,2,10,2.826560,0.400486,0.401557,0.001071,0,0,0,0,0,7,natural,natural,"",2.604384,9987.854528,685.938053,10473024549.115969,fused,shoup,-1
1,homogeneous,1,4,8-12,4,"Tesla V100-SXM2-16GB",7.0,0,"v100-sm70","hierarchical-dataflow-homogeneous-radix4-10x10","experimental",0.000000,"generated homogeneous two-level radix-4 roles with independent batch-time traversal",hierarchical-dataflow,0,named-barrier,0,0,0,4,0,0,0,hermes-xor,inplace,radix4,32,20,1048576,4,998244353,30,0,0,0,dataflow-radix4,"10+10","homogeneous-radix4+homogeneous-radix4","256+256","4+4","0+0","1+4","0+0","0+0","8+12","full-scratch","1",8,0,2,10,2.828320,0.416666,0.417847,0.001181,0,0,0,0,0,7,natural,natural,"",2.613952,9600.024262,682.717636,10066355040.064293,fused,shoup,-1
1,homogeneous,1,4,9-11,4,"Tesla V100-SXM2-16GB",7.0,0,"v100-sm70","hierarchical-dataflow-homogeneous-radix4-10x10","experimental",0.000000,"generated homogeneous two-level radix-4 roles with independent batch-time traversal",hierarchical-dataflow,0,named-barrier,0,0,0,4,0,0,0,hermes-xor,inplace,radix4,32,20,1048576,4,998244353,30,0,0,0,dataflow-radix4,"10+10","homogeneous-radix4+homogeneous-radix4","256+256","4+4","0+0","1+4","0+0","0+0","9+11","full-scratch","1",8,0,2,10,2.831712,0.411341,0.412275,0.000934,0,0,0,0,0,7,natural,natural,"",2.612704,9724.296670,683.088472,10196664105.162128,fused,shoup,-1
1,homogeneous,1,4,10-10,4,"Tesla V100-SXM2-16GB",7.0,0,"v100-sm70","hierarchical-dataflow-homogeneous-radix4-10x10","experimental",0.000000,"generated homogeneous two-level radix-4 roles with independent batch-time traversal",hierarchical-dataflow,0,named-barrier,0,0,0,4,0,0,0,hermes-xor,inplace,radix4,32,20,1048576,4,998244353,30,0,0,0,dataflow-radix4,"10+10","homogeneous-radix4+homogeneous-radix4","256+256","4+4","0+0","1+4","0+0","0+0","10+10","full-scratch","1",8,0,2,10,2.828320,0.407757,0.408904,0.001147,0,0,0,0,0,7,natural,natural,"",2.612864,9809.768830,683.884502,10286288160.612211,fused,shoup,-1
1,homogeneous,2,1,8-12,4,"Tesla V100-SXM2-16GB",7.0,0,"v100-sm70","hierarchical-dataflow-homogeneous-radix4-10x10","experimental",0.000000,"generated homogeneous two-level radix-4 roles with independent batch-time traversal",hierarchical-dataflow,0,named-barrier,0,0,0,4,0,0,0,hermes-xor,inplace,radix4,32,20,1048576,4,998244353,30,0,0,0,dataflow-radix4,"10+10","homogeneous-radix4+homogeneous-radix4","256+256","4+4","0+0","2+1","0+0","0+0","8+12","full-scratch","1",8,0,2,10,2.828480,0.369459,0.370508,0.001049,0,0,0,0,0,7,natural,natural,"",2.612960,10826.634908,688.361608,11352549525.742126,fused,shoup,-1
1,homogeneous,2,1,9-11,4,"Tesla V100-SXM2-16GB",7.0,0,"v100-sm70","hierarchical-dataflow-homogeneous-radix4-10x10","experimental",0.000000,"generated homogeneous two-level radix-4 roles with independent batch-time traversal",hierarchical-dataflow,0,named-barrier,0,0,0,4,0,0,0,hermes-xor,inplace,radix4,32,20,1048576,4,998244353,30,0,0,0,dataflow-radix4,"10+10","homogeneous-radix4+homogeneous-radix4","256+256","4+4","0+0","2+1","0+0","0+0","9+11","full-scratch","1",8,0,2,10,2.818848,0.376115,0.377231,0.001116,0,0,0,0,0,7,natural,natural,"",2.602944,10635.039395,689.904133,11151647068.819426,fused,shoup,-1
1,homogeneous,2,1,10-10,4,"Tesla V100-SXM2-16GB",7.0,0,"v100-sm70","hierarchical-dataflow-homogeneous-radix4-10x10","experimental",0.000000,"generated homogeneous two-level radix-4 roles with independent batch-time traversal",hierarchical-dataflow,0,named-barrier,0,0,0,4,0,0,0,hermes-xor,inplace,radix4,32,20,1048576,4,998244353,30,0,0,0,dataflow-radix4,"10+10","homogeneous-radix4+homogeneous-radix4","256+256","4+4","0+0","2+1","0+0","0+0","10+10","full-scratch","1",8,0,2,10,2.823840,0.404173,0.405203,0.001030,0,0,0,0,0,7,natural,natural,"",2.599968,9896.756836,686.344075,10377501696.518652,fused,shoup,-1
1,homogeneous,2,2,8-12,4,"Tesla V100-SXM2-16GB",7.0,0,"v100-sm70","hierarchical-dataflow-homogeneous-radix4-10x10","experimental",0.000000,"generated homogeneous two-level radix-4 roles with independent batch-time traversal",hierarchical-dataflow,0,named-barrier,0,0,0,4,0,0,0,hermes-xor,inplace,radix4,32,20,1048576,4,998244353,30,0,0,0,dataflow-radix4,"10+10","homogeneous-radix4+homogeneous-radix4","256+256","4+4","0+0","2+2","0+0","0+0","8+12","full-scratch","1",8,0,2,10,2.828768,0.387379,0.388393,0.001014,0,0,0,0,0,7,natural,natural,"",2.608736,10325.799649,686.709042,10827385693.249933,fused,shoup,-1
1,homogeneous,2,2,9-11,4,"Tesla V100-SXM2-16GB",7.0,0,"v100-sm70","hierarchical-dataflow-homogeneous-radix4-10x10","experimental",0.000000,"generated homogeneous two-level radix-4 roles with independent batch-time traversal",hierarchical-dataflow,0,named-barrier,0,0,0,4,0,0,0,hermes-xor,inplace,radix4,32,20,1048576,4,998244353,30,0,0,0,dataflow-radix4,"10+10","homogeneous-radix4+homogeneous-radix4","256+256","4+4","0+0","2+2","0+0","0+0","9+11","full-scratch","1",8,0,2,10,2.825792,0.380928,0.381853,0.000925,0,0,0,0,0,7,natural,natural,"",2.608128,10500.672596,687.894149,11010753267.830517,fused,shoup,-1
1,homogeneous,2,2,10-10,4,"Tesla V100-SXM2-16GB",7.0,0,"v100-sm70","hierarchical-dataflow-homogeneous-radix4-10x10","experimental",0.000000,"generated homogeneous two-level radix-4 roles with independent batch-time traversal",hierarchical-dataflow,0,named-barrier,0,0,0,4,0,0,0,hermes-xor,inplace,radix4,32,20,1048576,4,998244353,30,0,0,0,dataflow-radix4,"10+10","homogeneous-radix4+homogeneous-radix4","256+256","4+4","0+0","2+2","0+0","0+0","10+10","full-scratch","1",8,0,2,10,2.828288,0.402842,0.403810,0.000969,0,0,0,0,0,7,natural,natural,"",2.612736,9929.460428,684.478428,10411793897.793333,fused,shoup,-1
1,homogeneous,4,1,8-12,4,"Tesla V100-SXM2-16GB",7.0,0,"v100-sm70","hierarchical-dataflow-homogeneous-radix4-10x10","experimental",0.000000,"generated homogeneous two-level radix-4 roles with independent batch-time traversal",hierarchical-dataflow,0,named-barrier,0,0,0,4,0,0,0,hermes-xor,inplace,radix4,32,20,1048576,4,998244353,30,0,0,0,dataflow-radix4,"10+10","homogeneous-radix4+homogeneous-radix4","256+256","4+4","0+0","4+1","0+0","0+0","8+12","full-scratch","1",8,0,2,10,2.825696,0.412365,0.413309,0.000945,0,0,0,0,0,7,natural,natural,"",2.602304,9700.148742,684.888727,10171343167.782242,fused,shoup,-1
1,homogeneous,4,1,9-11,4,"Tesla V100-SXM2-16GB",7.0,0,"v100-sm70","hierarchical-dataflow-homogeneous-radix4-10x10","experimental",0.000000,"generated homogeneous two-level radix-4 roles with independent batch-time traversal",hierarchical-dataflow,0,named-barrier,0,0,0,4,0,0,0,hermes-xor,inplace,radix4,32,20,1048576,4,998244353,30,0,0,0,dataflow-radix4,"10+10","homogeneous-radix4+homogeneous-radix4","256+256","4+4","0+0","4+1","0+0","0+0","9+11","full-scratch","1",8,0,2,10,2.828480,0.421990,0.423040,0.001049,0,0,0,0,0,7,natural,natural,"",2.611040,9478.888741,682.417952,9939335240.207102,fused,shoup,-1
1,homogeneous,4,1,10-10,4,"Tesla V100-SXM2-16GB",7.0,0,"v100-sm70","hierarchical-dataflow-homogeneous-radix4-10x10","experimental",0.000000,"generated homogeneous two-level radix-4 roles with independent batch-time traversal",hierarchical-dataflow,0,named-barrier,0,0,0,4,0,0,0,hermes-xor,inplace,radix4,32,20,1048576,4,998244353,30,0,0,0,dataflow-radix4,"10+10","homogeneous-radix4+homogeneous-radix4","256+256","4+4","0+0","4+1","0+0","0+0","10+10","full-scratch","1",8,0,2,10,2.828608,0.443085,0.444140,0.001056,0,0,0,0,0,7,natural,natural,"",2.603808,9027.617160,680.793035,9466142691.587580,fused,shoup,-1
1,v06,1,1,9-11,4,"Tesla V100-SXM2-16GB",7.0,0,"v100-sm70","hierarchical-dataflow-wave-10x10-resident-radix4","experimental",0.000000,"transform-wave readiness with the generated resident radix-4 core",hierarchical-dataflow,0,named-barrier,0,0,0,4,0,0,0,hermes-xor,inplace,radix4,32,20,1048576,4,998244353,30,0,0,0,dataflow-radix4,"10+10","dataflow-radix4+dataflow-radix4","256+256","1+1","0+0","1+1","0+0","0+0","9+11","full-scratch","1",8,0,2,10,2.838912,0.347546,0.348817,0.001271,0,0,0,0,0,7,natural,natural,"",2.610720,11509.281284,689.990945,12068356131.362379,fused,shoup,-1
2,v06,1,1,9-11,4,"Tesla V100-SXM2-16GB",7.0,0,"v100-sm70","hierarchical-dataflow-wave-10x10-resident-radix4","experimental",0.000000,"transform-wave readiness with the generated resident radix-4 core",hierarchical-dataflow,0,named-barrier,0,0,0,4,0,0,0,hermes-xor,inplace,radix4,32,20,1048576,4,998244353,30,0,0,0,dataflow-radix4,"10+10","dataflow-radix4+dataflow-radix4","256+256","1+1","0+0","1+1","0+0","0+0","9+11","full-scratch","1",8,0,2,10,2.827552,0.349286,0.350299,0.001013,0,0,0,0,0,7,natural,natural,"",2.601952,11451.920998,692.186363,12008209512.382227,fused,shoup,-1
2,homogeneous,1,1,8-12,4,"Tesla V100-SXM2-16GB",7.0,0,"v100-sm70","hierarchical-dataflow-homogeneous-radix4-10x10","experimental",0.000000,"generated homogeneous two-level radix-4 roles with independent batch-time traversal",hierarchical-dataflow,0,named-barrier,0,0,0,4,0,0,0,hermes-xor,inplace,radix4,32,20,1048576,4,998244353,30,0,0,0,dataflow-radix4,"10+10","homogeneous-radix4+homogeneous-radix4","256+256","4+4","0+0","1+1","0+0","0+0","8+12","full-scratch","1",8,0,2,10,2.827808,0.346931,0.347982,0.001051,0,0,0,0,0,7,natural,natural,"",2.604448,11529.663874,692.138856,12089728826.282169,fused,shoup,-1
2,homogeneous,1,1,9-11,4,"Tesla V100-SXM2-16GB",7.0,0,"v100-sm70","hierarchical-dataflow-homogeneous-radix4-10x10","experimental",0.000000,"generated homogeneous two-level radix-4 roles with independent batch-time traversal",hierarchical-dataflow,0,named-barrier,0,0,0,4,0,0,0,hermes-xor,inplace,radix4,32,20,1048576,4,998244353,30,0,0,0,dataflow-radix4,"10+10","homogeneous-radix4+homogeneous-radix4","256+256","4+4","0+0","1+1","0+0","0+0","9+11","full-scratch","1",8,0,2,10,2.824160,0.346726,0.347863,0.001137,0,0,0,0,0,7,natural,natural,"",2.607456,11536.474123,692.240038,12096869890.257927,fused,shoup,-1
2,homogeneous,1,1,10-10,4,"Tesla V100-SXM2-16GB",7.0,0,"v100-sm70","hierarchical-dataflow-homogeneous-radix4-10x10","experimental",0.000000,"generated homogeneous two-level radix-4 roles with independent batch-time traversal",hierarchical-dataflow,0,named-barrier,0,0,0,4,0,0,0,hermes-xor,inplace,radix4,32,20,1048576,4,998244353,30,0,0,0,dataflow-radix4,"10+10","homogeneous-radix4+homogeneous-radix4","256+256","4+4","0+0","1+1","0+0","0+0","10+10","full-scratch","1",8,0,2,10,2.832416,0.367104,0.368104,0.001000,0,0,0,0,0,7,natural,natural,"",2.614720,10896.095021,687.966078,11425383732.616894,fused,shoup,-1
2,homogeneous,1,2,8-12,4,"Tesla V100-SXM2-16GB",7.0,0,"v100-sm70","hierarchical-dataflow-homogeneous-radix4-10x10","experimental",0.000000,"generated homogeneous two-level radix-4 roles with independent batch-time traversal",hierarchical-dataflow,0,named-barrier,0,0,0,4,0,0,0,hermes-xor,inplace,radix4,32,20,1048576,4,998244353,30,0,0,0,dataflow-radix4,"10+10","homogeneous-radix4+homogeneous-radix4","256+256","4+4","0+0","1+2","0+0","0+0","8+12","full-scratch","1",8,0,2,10,2.820352,0.374272,0.375331,0.001059,0,0,0,0,0,7,natural,natural,"",2.609152,10687.414819,689.206458,11206566680.765608,fused,shoup,-1
2,homogeneous,1,2,9-11,4,"Tesla V100-SXM2-16GB",7.0,0,"v100-sm70","hierarchical-dataflow-homogeneous-radix4-10x10","experimental",0.000000,"generated homogeneous two-level radix-4 roles with independent batch-time traversal",hierarchical-dataflow,0,named-barrier,0,0,0,4,0,0,0,hermes-xor,inplace,radix4,32,20,1048576,4,998244353,30,0,0,0,dataflow-radix4,"10+10","homogeneous-radix4+homogeneous-radix4","256+256","4+4","0+0","1+2","0+0","0+0","9+11","full-scratch","1",8,0,2,10,2.825760,0.366694,0.367849,0.001155,0,0,0,0,0,7,natural,natural,"",2.609184,10908.266122,689.460423,11438146057.128033,fused,shoup,-1
2,homogeneous,1,2,10-10,4,"Tesla V100-SXM2-16GB",7.0,0,"v100-sm70","hierarchical-dataflow-homogeneous-radix4-10x10","experimental",0.000000,"generated homogeneous two-level radix-4 roles with independent batch-time traversal",hierarchical-dataflow,0,named-barrier,0,0,0,4,0,0,0,hermes-xor,inplace,radix4,32,20,1048576,4,998244353,30,0,0,0,dataflow-radix4,"10+10","homogeneous-radix4+homogeneous-radix4","256+256","4+4","0+0","1+2","0+0","0+0","10+10","full-scratch","1",8,0,2,10,2.824128,0.399667,0.400577,0.000910,0,0,0,0,0,7,natural,natural,"",2.612608,10008.326842,685.353625,10494491326.889181,fused,shoup,-1
2,homogeneous,1,4,8-12,4,"Tesla V100-SXM2-16GB",7.0,0,"v100-sm70","hierarchical-dataflow-homogeneous-radix4-10x10","experimental",0.000000,"generated homogeneous two-level radix-4 roles with independent batch-time traversal",hierarchical-dataflow,0,named-barrier,0,0,0,4,0,0,0,hermes-xor,inplace,radix4,32,20,1048576,4,998244353,30,0,0,0,dataflow-radix4,"10+10","homogeneous-radix4+homogeneous-radix4","256+256","4+4","0+0","1+4","0+0","0+0","8+12","full-scratch","1",8,0,2,10,2.816384,0.416666,0.417825,0.001159,0,0,0,0,0,7,natural,natural,"",2.607872,9600.024262,684.823424,10066355040.064293,fused,shoup,-1
2,homogeneous,1,4,9-11,4,"Tesla V100-SXM2-16GB",7.0,0,"v100-sm70","hierarchical-dataflow-homogeneous-radix4-10x10","experimental",0.000000,"generated homogeneous two-level radix-4 roles with independent batch-time traversal",hierarchical-dataflow,0,named-barrier,0,0,0,4,0,0,0,hermes-xor,inplace,radix4,32,20,1048576,4,998244353,30,0,0,0,dataflow-radix4,"10+10","homogeneous-radix4+homogeneous-radix4","256+256","4+4","0+0","1+4","0+0","0+0","9+11","full-scratch","1",8,0,2,10,2.831488,0.408269,0.409303,0.001035,0,0,0,0,0,7,natural,natural,"",2.628864,9797.467259,681.591159,10273389028.105600,fused,shoup,-1
2,homogeneous,1,4,10-10,4,"Tesla V100-SXM2-16GB",7.0,0,"v100-sm70","hierarchical-dataflow-homogeneous-radix4-10x10","experimental",0.000000,"generated homogeneous two-level radix-4 roles with independent batch-time traversal",hierarchical-dataflow,0,named-barrier,0,0,0,4,0,0,0,hermes-xor,inplace,radix4,32,20,1048576,4,998244353,30,0,0,0,dataflow-radix4,"10+10","homogeneous-radix4+homogeneous-radix4","256+256","4+4","0+0","1+4","0+0","0+0","10+10","full-scratch","1",8,0,2,10,2.822016,0.405197,0.406356,0.001160,0,0,0,0,0,7,natural,natural,"",2.619392,9871.745889,684.157760,10351275817.536863,fused,shoup,-1
2,homogeneous,2,1,8-12,4,"Tesla V100-SXM2-16GB",7.0,0,"v100-sm70","hierarchical-dataflow-homogeneous-radix4-10x10","experimental",0.000000,"generated homogeneous two-level radix-4 roles with independent batch-time traversal",hierarchical-dataflow,0,named-barrier,0,0,0,4,0,0,0,hermes-xor,inplace,radix4,32,20,1048576,4,998244353,30,0,0,0,dataflow-radix4,"10+10","homogeneous-radix4+homogeneous-radix4","256+256","4+4","0+0","2+1","0+0","0+0","8+12","full-scratch","1",8,0,2,10,2.829280,0.371814,0.372843,0.001029,0,0,0,0,0,7,natural,natural,"",2.613632,10758.055633,687.908565,11280638943.724766,fused,shoup,-1
2,homogeneous,2,1,9-11,4,"Tesla V100-SXM2-16GB",7.0,0,"v100-sm70","hierarchical-dataflow-homogeneous-radix4-10x10","experimental",0.000000,"generated homogeneous two-level radix-4 roles with independent batch-time traversal",hierarchical-dataflow,0,named-barrier,0,0,0,4,0,0,0,hermes-xor,inplace,radix4,32,20,1048576,4,998244353,30,0,0,0,dataflow-radix4,"10+10","homogeneous-radix4+homogeneous-radix4","256+256","4+4","0+0","2+1","0+0","0+0","9+11","full-scratch","1",8,0,2,10,2.814880,0.375808,0.376833,0.001025,0,0,0,0,0,7,natural,natural,"",2.611328,10643.732954,689.415567,11160762926.012512,fused,shoup,-1
2,homogeneous,2,1,10-10,4,"Tesla V100-SXM2-16GB",7.0,0,"v100-sm70","hierarchical-dataflow-homogeneous-radix4-10x10","experimental",0.000000,"generated homogeneous two-level radix-4 roles with independent batch-time traversal",hierarchical-dataflow,0,named-barrier,0,0,0,4,0,0,0,hermes-xor,inplace,radix4,32,20,1048576,4,998244353,30,0,0,0,dataflow-radix4,"10+10","homogeneous-radix4+homogeneous-radix4","256+256","4+4","0+0","2+1","0+0","0+0","10+10","full-scratch","1",8,0,2,10,2.818368,0.402022,0.403014,0.000992,0,0,0,0,0,7,natural,natural,"",2.609600,9949.693817,686.107471,10433010143.590849,fused,shoup,-1
2,homogeneous,2,2,8-12,4,"Tesla V100-SXM2-16GB",7.0,0,"v100-sm70","hierarchical-dataflow-homogeneous-radix4-10x10","experimental",0.000000,"generated homogeneous two-level radix-4 roles with independent batch-time traversal",hierarchical-dataflow,0,named-barrier,0,0,0,4,0,0,0,hermes-xor,inplace,radix4,32,20,1048576,4,998244353,30,0,0,0,dataflow-radix4,"10+10","homogeneous-radix4+homogeneous-radix4","256+256","4+4","0+0","2+2","0+0","0+0","8+12","full-scratch","1",8,0,2,10,2.813536,0.387482,0.388465,0.000983,0,0,0,0,0,7,natural,natural,"",2.611840,10323.070823,688.129715,10824524311.606960,fused,shoup,-1
2,homogeneous,2,2,9-11,4,"Tesla V100-SXM2-16GB",7.0,0,"v100-sm70","hierarchical-dataflow-homogeneous-radix4-10x10","experimental",0.000000,"generated homogeneous two-level radix-4 roles with independent batch-time traversal",hierarchical-dataflow,0,named-barrier,0,0,0,4,0,0,0,hermes-xor,inplace,radix4,32,20,1048576,4,998244353,30,0,0,0,dataflow-radix4,"10+10","homogeneous-radix4+homogeneous-radix4","256+256","4+4","0+0","2+2","0+0","0+0","9+11","full-scratch","1",8,0,2,10,2.821600,0.380314,0.381333,0.001020,0,0,0,0,0,7,natural,natural,"",2.610016,10517.635832,688.239574,11028540509.947687,fused,shoup,-1
2,homogeneous,2,2,10-10,4,"Tesla V100-SXM2-16GB",7.0,0,"v100-sm70","hierarchical-dataflow-homogeneous-radix4-10x10","experimental",0.000000,"generated homogeneous two-level radix-4 roles with independent batch-time traversal",hierarchical-dataflow,0,named-barrier,0,0,0,4,0,0,0,hermes-xor,inplace,radix4,32,20,1048576,4,998244353,30,0,0,0,dataflow-radix4,"10+10","homogeneous-radix4+homogeneous-radix4","256+256","4+4","0+0","2+2","0+0","0+0","10+10","full-scratch","1",8,0,2,10,2.828928,0.403763,0.404736,0.000973,0,0,0,0,0,7,natural,natural,"",2.616384,9906.796737,683.868790,10388029295.394871,fused,shoup,-1
2,homogeneous,4,1,8-12,4,"Tesla V100-SXM2-16GB",7.0,0,"v100-sm70","hierarchical-dataflow-homogeneous-radix4-10x10","experimental",0.000000,"generated homogeneous two-level radix-4 roles with independent batch-time traversal",hierarchical-dataflow,0,named-barrier,0,0,0,4,0,0,0,hermes-xor,inplace,radix4,32,20,1048576,4,998244353,30,0,0,0,dataflow-radix4,"10+10","homogeneous-radix4+homogeneous-radix4","256+256","4+4","0+0","4+1","0+0","0+0","8+12","full-scratch","1",8,0,2,10,2.832512,0.412160,0.413099,0.000939,0,0,0,0,0,7,natural,natural,"",2.605792,9704.968729,683.706460,10176397289.716007,fused,shoup,-1
2,homogeneous,4,1,9-11,4,"Tesla V100-SXM2-16GB",7.0,0,"v100-sm70","hierarchical-dataflow-homogeneous-radix4-10x10","experimental",0.000000,"generated homogeneous two-level radix-4 roles with independent batch-time traversal",hierarchical-dataflow,0,named-barrier,0,0,0,4,0,0,0,hermes-xor,inplace,radix4,32,20,1048576,4,998244353,30,0,0,0,dataflow-radix4,"10+10","homogeneous-radix4+homogeneous-radix4","256+256","4+4","0+0","4+1","0+0","0+0","9+11","full-scratch","1",8,0,2,10,2.827968,0.422298,0.423707,0.001409,0,0,0,0,0,7,natural,natural,"",2.608512,9471.992611,682.736295,9932104123.910044,fused,shoup,-1
2,homogeneous,4,1,10-10,4,"Tesla V100-SXM2-16GB",7.0,0,"v100-sm70","hierarchical-dataflow-homogeneous-radix4-10x10","experimental",0.000000,"generated homogeneous two-level radix-4 roles with independent batch-time traversal",hierarchical-dataflow,0,named-barrier,0,0,0,4,0,0,0,hermes-xor,inplace,radix4,32,20,1048576,4,998244353,30,0,0,0,dataflow-radix4,"10+10","homogeneous-radix4+homogeneous-radix4","256+256","4+4","0+0","4+1","0+0","0+0","10+10","full-scratch","1",8,0,2,10,2.826656,0.443597,0.444806,0.001209,0,0,0,0,0,7,natural,natural,"",2.616544,9017.198000,679.486667,9455217409.743387,fused,shoup,-1
2,v06,1,1,9-11,4,"Tesla V100-SXM2-16GB",7.0,0,"v100-sm70","hierarchical-dataflow-wave-10x10-resident-radix4","experimental",0.000000,"transform-wave readiness with the generated resident radix-4 core",hierarchical-dataflow,0,named-barrier,0,0,0,4,0,0,0,hermes-xor,inplace,radix4,32,20,1048576,4,998244353,30,0,0,0,dataflow-radix4,"10+10","dataflow-radix4+dataflow-radix4","256+256","1+1","0+0","1+1","0+0","0+0","9+11","full-scratch","1",8,0,2,10,2.825632,0.349184,0.350088,0.000904,0,0,0,0,0,7,natural,natural,"",2.605344,11455.279358,692.022351,12011731008.497124,fused,shoup,-1
1,v06,1,1,9-11,4,"Tesla V100-SXM2-16GB",7.0,0,"v100-sm70","hierarchical-dataflow-wave-10x10-resident-radix4","experimental",0.000000,"transform-wave readiness with the generated resident radix-4 core",hierarchical-dataflow,0,named-barrier,0,0,0,4,0,0,0,hermes-xor,inplace,radix4,32,20,1048576,16,998244353,30,0,0,0,dataflow-radix4,"10+10","dataflow-radix4+dataflow-radix4","256+256","1+1","0+0","1+1","0+0","0+0","9+11","full-scratch","1",8,0,2,10,10.909792,1.085338,1.086285,0.000947,0,0,0,0,0,7,natural,natural,"",10.142688,14741.956261,722.745143,15458061527.931330,fused,shoup,-1
1,homogeneous,1,1,8-12,4,"Tesla V100-SXM2-16GB",7.0,0,"v100-sm70","hierarchical-dataflow-homogeneous-radix4-10x10","experimental",0.000000,"generated homogeneous two-level radix-4 roles with independent batch-time traversal",hierarchical-dataflow,0,named-barrier,0,0,0,4,0,0,0,hermes-xor,inplace,radix4,32,20,1048576,16,998244353,30,0,0,0,dataflow-radix4,"10+10","homogeneous-radix4+homogeneous-radix4","256+256","4+4","0+0","1+1","0+0","0+0","8+12","full-scratch","1",8,0,2,10,10.905952,1.170842,1.171719,0.000877,0,0,0,0,0,7,natural,natural,"",10.140992,13665.384238,720.143756,14329193943.035908,fused,shoup,-1
1,homogeneous,1,1,9-11,4,"Tesla V100-SXM2-16GB",7.0,0,"v100-sm70","hierarchical-dataflow-homogeneous-radix4-10x10","experimental",0.000000,"generated homogeneous two-level radix-4 roles with independent batch-time traversal",hierarchical-dataflow,0,named-barrier,0,0,0,4,0,0,0,hermes-xor,inplace,radix4,32,20,1048576,16,998244353,30,0,0,0,dataflow-radix4,"10+10","homogeneous-radix4+homogeneous-radix4","256+256","4+4","0+0","1+1","0+0","0+0","9+11","full-scratch","1",8,0,2,10,10.907424,1.086157,1.087007,0.000850,0,0,0,0,0,7,natural,natural,"",10.138240,14730.837514,722.940974,15446402677.291958,fused,shoup,-1
1,homogeneous,1,1,10-10,4,"Tesla V100-SXM2-16GB",7.0,0,"v100-sm70","hierarchical-dataflow-homogeneous-radix4-10x10","experimental",0.000000,"generated homogeneous two-level radix-4 roles with independent batch-time traversal",hierarchical-dataflow,0,named-barrier,0,0,0,4,0,0,0,hermes-xor,inplace,radix4,32,20,1048576,16,998244353,30,0,0,0,dataflow-radix4,"10+10","homogeneous-radix4+homogeneous-radix4","256+256","4+4","0+0","1+1","0+0","0+0","10+10","full-scratch","1",8,0,2,10,10.910880,1.181696,1.182652,0.000956,0,0,0,0,0,7,natural,natural,"",10.137248,13539.860695,719.753781,14197572968.174736,fused,shoup,-1
1,homogeneous,1,2,8-12,4,"Tesla V100-SXM2-16GB",7.0,0,"v100-sm70","hierarchical-dataflow-homogeneous-radix4-10x10","experimental",0.000000,"generated homogeneous two-level radix-4 roles with independent batch-time traversal",hierarchical-dataflow,0,named-barrier,0,0,0,4,0,0,0,hermes-xor,inplace,radix4,32,20,1048576,16,998244353,30,0,0,0,dataflow-radix4,"10+10","homogeneous-radix4+homogeneous-radix4","256+256","4+4","0+0","1+2","0+0","0+0","8+12","full-scratch","1",8,0,2,10,10.908224,1.191526,1.192536,0.001010,0,0,0,0,0,7,natural,natural,"",10.139040,13428.153859,719.463587,14080439860.554537,fused,shoup,-1
1,homogeneous,1,2,9-11,4,"Tesla V100-SXM2-16GB",7.0,0,"v100-sm70","hierarchical-dataflow-homogeneous-radix4-10x10","experimental",0.000000,"generated homogeneous two-level radix-4 roles with independent batch-time traversal",hierarchical-dataflow,0,named-barrier,0,0,0,4,0,0,0,hermes-xor,inplace,radix4,32,20,1048576,16,998244353,30,0,0,0,dataflow-radix4,"10+10","homogeneous-radix4+homogeneous-radix4","256+256","4+4","0+0","1+2","0+0","0+0","9+11","full-scratch","1",8,0,2,10,10.911008,1.130496,1.131501,0.001005,0,0,0,0,0,7,natural,natural,"",10.140416,14153.079396,721.308163,14840579380.835844,fused,shoup,-1
1,homogeneous,1,2,10-10,4,"Tesla V100-SXM2-16GB",7.0,0,"v100-sm70","hierarchical-dataflow-homogeneous-radix4-10x10","experimental",0.000000,"generated homogeneous two-level radix-4 roles with independent batch-time traversal",hierarchical-dataflow,0,named-barrier,0,0,0,4,0,0,0,hermes-xor,inplace,radix4,32,20,1048576,16,998244353,30,0,0,0,dataflow-radix4,"10+10","homogeneous-radix4+homogeneous-radix4","256+256","4+4","0+0","1+2","0+0","0+0","10+10","full-scratch","1",8,0,2,10,10.901632,1.169203,1.170130,0.000927,0,0,0,0,0,7,natural,natural,"",10.135040,13684.533636,720.530015,14349273541.586874,fused,shoup,-1
1,homogeneous,1,4,8-12,4,"Tesla V100-SXM2-16GB",7.0,0,"v100-sm70","hierarchical-dataflow-homogeneous-radix4-10x10","experimental",0.000000,"generated homogeneous two-level radix-4 roles with independent batch-time traversal",hierarchical-dataflow,0,named-barrier,0,0,0,4,0,0,0,hermes-xor,inplace,radix4,32,20,1048576,16,998244353,30,0,0,0,dataflow-radix4,"10+10","homogeneous-radix4+homogeneous-radix4","256+256","4+4","0+0","1+4","0+0","0+0","8+12","full-scratch","1",8,0,2,10,10.921312,1.238118,1.239082,0.000963,0,0,0,0,0,7,natural,natural,"",10.132768,12922.835061,717.739888,13550574697.054234,fused,shoup,-1
1,homogeneous,1,4,9-11,4,"Tesla V100-SXM2-16GB",7.0,0,"v100-sm70","hierarchical-dataflow-homogeneous-radix4-10x10","experimental",0.000000,"generated homogeneous two-level radix-4 roles with independent batch-time traversal",hierarchical-dataflow,0,named-barrier,0,0,0,4,0,0,0,hermes-xor,inplace,radix4,32,20,1048576,16,998244353,30,0,0,0,dataflow-radix4,"10+10","homogeneous-radix4+homogeneous-radix4","256+256","4+4","0+0","1+4","0+0","0+0","9+11","full-scratch","1",8,0,2,10,10.917536,1.178010,1.179104,0.001094,0,0,0,0,0,7,natural,natural,"",10.139520,13582.231930,719.584131,14242002428.017151,fused,shoup,-1
1,homogeneous,1,4,10-10,4,"Tesla V100-SXM2-16GB",7.0,0,"v100-sm70","hierarchical-dataflow-homogeneous-radix4-10x10","experimental",0.000000,"generated homogeneous two-level radix-4 roles with independent batch-time traversal",hierarchical-dataflow,0,named-barrier,0,0,0,4,0,0,0,hermes-xor,inplace,radix4,32,20,1048576,16,998244353,30,0,0,0,dataflow-radix4,"10+10","homogeneous-radix4+homogeneous-radix4","256+256","4+4","0+0","1+4","0+0","0+0","10+10","full-scratch","1",8,0,2,10,10.909856,1.202176,1.203204,0.001028,0,0,0,0,0,7,natural,natural,"",10.143360,13309.199597,718.926902,13955707276.674503,fused,shoup,-1
1,homogeneous,2,1,8-12,4,"Tesla V100-SXM2-16GB",7.0,0,"v100-sm70","hierarchical-dataflow-homogeneous-radix4-10x10","experimental",0.000000,"generated homogeneous two-level radix-4 roles with independent batch-time traversal",hierarchical-dataflow,0,named-barrier,0,0,0,4,0,0,0,hermes-xor,inplace,radix4,32,20,1048576,16,998244353,30,0,0,0,dataflow-radix4,"10+10","homogeneous-radix4+homogeneous-radix4","256+256","4+4","0+0","2+1","0+0","0+0","8+12","full-scratch","1",8,0,2,10,10.905024,1.185485,1.186339,0.000854,0,0,0,0,0,7,natural,natural,"",10.132736,13496.588439,719.966878,14152198718.690117,fused,shoup,-1
1,homogeneous,2,1,9-11,4,"Tesla V100-SXM2-16GB",7.0,0,"v100-sm70","hierarchical-dataflow-homogeneous-radix4-10x10","experimental",0.000000,"generated homogeneous two-level radix-4 roles with independent batch-time traversal",hierarchical-dataflow,0,named-barrier,0,0,0,4,0,0,0,hermes-xor,inplace,radix4,32,20,1048576,16,998244353,30,0,0,0,dataflow-radix4,"10+10","homogeneous-radix4+homogeneous-radix4","256+256","4+4","0+0","2+1","0+0","0+0","9+11","full-scratch","1",8,0,2,10,10.904736,1.172890,1.173805,0.000916,0,0,0,0,0,7,natural,natural,"",10.137888,13641.522725,720.217441,14304173333.342278,fused,shoup,-1
1,homogeneous,2,1,10-10,4,"Tesla V100-SXM2-16GB",7.0,0,"v100-sm70","hierarchical-dataflow-homogeneous-radix4-10x10","experimental",0.000000,"generated homogeneous two-level radix-4 roles with independent batch-time traversal",hierarchical-dataflow,0,named-barrier,0,0,0,4,0,0,0,hermes-xor,inplace,radix4,32,20,1048576,16,998244353,30,0,0,0,dataflow-radix4,"10+10","homogeneous-radix4+homogeneous-radix4","256+256","4+4","0+0","2+1","0+0","0+0","10+10","full-scratch","1",8,0,2,10,10.908896,1.200128,1.201218,0.001090,0,0,0,0,0,7,natural,natural,"",10.142144,13331.911715,719.063357,13979522658.954647,fused,shoup,-1
1,homogeneous,2,2,8-12,4,"Tesla V100-SXM2-16GB",7.0,0,"v100-sm70","hierarchical-dataflow-homogeneous-radix4-10x10","experimental",0.000000,"generated homogeneous two-level radix-4 roles with independent batch-time traversal",hierarchical-dataflow,0,named-barrier,0,0,0,4,0,0,0,hermes-xor,inplace,radix4,32,20,1048576,16,998244353,30,0,0,0,dataflow-radix4,"10+10","homogeneous-radix4+homogeneous-radix4","256+256","4+4","0+0","2+2","0+0","0+0","8+12","full-scratch","1",8,0,2,10,10.912256,1.196032,1.197041,0.001009,0,0,0,0,0,7,natural,natural,"",10.130368,13377.567964,719.467922,14027396705.857964,fused,shoup,-1
1,homogeneous,2,2,9-11,4,"Tesla V100-SXM2-16GB",7.0,0,"v100-sm70","hierarchical-dataflow-homogeneous-radix4-10x10","experimental",0.000000,"generated homogeneous two-level radix-4 roles with independent batch-time traversal",hierarchical-dataflow,0,named-barrier,0,0,0,4,0,0,0,hermes-xor,inplace,radix4,32,20,1048576,16,998244353,30,0,0,0,dataflow-radix4,"10+10","homogeneous-radix4+homogeneous-radix4","256+256","4+4","0+0","2+2","0+0","0+0","9+11","full-scratch","1",8,0,2,10,10.911840,1.169101,1.169950,0.000849,0,0,0,0,0,7,natural,natural,"",10.137856,13685.732255,720.111003,14350530385.177801,fused,shoup,-1
1,homogeneous,2,2,10-10,4,"Tesla V100-SXM2-16GB",7.0,0,"v100-sm70","hierarchical-dataflow-homogeneous-radix4-10x10","experimental",0.000000,"generated homogeneous two-level radix-4 roles with independent batch-time traversal",hierarchical-dataflow,0,named-barrier,0,0,0,4,0,0,0,hermes-xor,inplace,radix4,32,20,1048576,16,998244353,30,0,0,0,dataflow-radix4,"10+10","homogeneous-radix4+homogeneous-radix4","256+256","4+4","0+0","2+2","0+0","0+0","10+10","full-scratch","1",8,0,2,10,10.905760,1.219994,1.220986,0.000993,0,0,0,0,0,7,natural,natural,"",10.142112,13114.822991,718.524199,13751888632.467621,fused,shoup,-1
1,homogeneous,4,1,8-12,4,"Tesla V100-SXM2-16GB",7.0,0,"v100-sm70","hierarchical-dataflow-homogeneous-radix4-10x10","experimental",0.000000,"generated homogeneous two-level radix-4 roles with independent batch-time traversal",hierarchical-dataflow,0,named-barrier,0,0,0,4,0,0,0,hermes-xor,inplace,radix4,32,20,1048576,16,998244353,30,0,0,0,dataflow-radix4,"10+10","homogeneous-radix4+homogeneous-radix4","256+256","4+4","0+0","4+1","0+0","0+0","8+12","full-scratch","1",8,0,2,10,10.909504,1.237402,1.238381,0.000979,0,0,0,0,0,7,natural,natural,"",10.139392,12930.321037,717.929932,13558424311.816570,fused,shoup,-1
1,homogeneous,4,1,9-11,4,"Tesla V100-SXM2-16GB",7.0,0,"v100-sm70","hierarchical-dataflow-homogeneous-radix4-10x10","experimental",0.000000,"generated homogeneous two-level radix-4 roles with independent batch-time traversal",hierarchical-dataflow,0,named-barrier,0,0,0,4,0,0,0,hermes-xor,inplace,radix4,32,20,1048576,16,998244353,30,0,0,0,dataflow-radix4,"10+10","homogeneous-radix4+homogeneous-radix4","256+256","4+4","0+0","4+1","0+0","0+0","9+11","full-scratch","1",8,0,2,10,10.902976,1.225114,1.226141,0.001027,0,0,0,0,0,7,natural,natural,"",10.135808,13060.013051,718.652243,13694416244.444925,fused,shoup,-1
1,homogeneous,4,1,10-10,4,"Tesla V100-SXM2-16GB",7.0,0,"v100-sm70","hierarchical-dataflow-homogeneous-radix4-10x10","experimental",0.000000,"generated homogeneous two-level radix-4 roles with independent batch-time traversal",hierarchical-dataflow,0,named-barrier,0,0,0,4,0,0,0,hermes-xor,inplace,radix4,32,20,1048576,16,998244353,30,0,0,0,dataflow-radix4,"10+10","homogeneous-radix4+homogeneous-radix4","256+256","4+4","0+0","4+1","0+0","0+0","10+10","full-scratch","1",8,0,2,10,10.907200,1.237606,1.238661,0.001055,0,0,0,0,0,7,natural,natural,"",10.137344,12928.181302,718.063542,13556180636.906046,fused,shoup,-1
1,v06,1,1,9-11,4,"Tesla V100-SXM2-16GB",7.0,0,"v100-sm70","hierarchical-dataflow-wave-10x10-resident-radix4","experimental",0.000000,"transform-wave readiness with the generated resident radix-4 core",hierarchical-dataflow,0,named-barrier,0,0,0,4,0,0,0,hermes-xor,inplace,radix4,32,20,1048576,16,998244353,30,0,0,0,dataflow-radix4,"10+10","dataflow-radix4+dataflow-radix4","256+256","1+1","0+0","1+1","0+0","0+0","9+11","full-scratch","1",8,0,2,10,10.919168,1.113805,1.114815,0.001010,0,0,0,0,0,7,natural,natural,"",10.139744,14365.173999,721.607547,15062976691.177137,fused,shoup,-1
2,v06,1,1,9-11,4,"Tesla V100-SXM2-16GB",7.0,0,"v100-sm70","hierarchical-dataflow-wave-10x10-resident-radix4","experimental",0.000000,"transform-wave readiness with the generated resident radix-4 core",hierarchical-dataflow,0,named-barrier,0,0,0,4,0,0,0,hermes-xor,inplace,radix4,32,20,1048576,16,998244353,30,0,0,0,dataflow-radix4,"10+10","dataflow-radix4+dataflow-radix4","256+256","1+1","0+0","1+1","0+0","0+0","9+11","full-scratch","1",8,0,2,10,10.907168,1.068032,1.068952,0.000920,0,0,0,0,0,7,natural,natural,"",10.139488,14980.824176,723.501030,15708532690.976151,fused,shoup,-1
2,homogeneous,1,1,8-12,4,"Tesla V100-SXM2-16GB",7.0,0,"v100-sm70","hierarchical-dataflow-homogeneous-radix4-10x10","experimental",0.000000,"generated homogeneous two-level radix-4 roles with independent batch-time traversal",hierarchical-dataflow,0,named-barrier,0,0,0,4,0,0,0,hermes-xor,inplace,radix4,32,20,1048576,16,998244353,30,0,0,0,dataflow-radix4,"10+10","homogeneous-radix4+homogeneous-radix4","256+256","4+4","0+0","1+1","0+0","0+0","8+12","full-scratch","1",8,0,2,10,10.906464,1.152717,1.153580,0.000864,0,0,0,0,0,7,natural,natural,"",10.144544,13880.251383,720.599837,14554498474.648928,fused,shoup,-1
2,homogeneous,1,1,9-11,4,"Tesla V100-SXM2-16GB",7.0,0,"v100-sm70","hierarchical-dataflow-homogeneous-radix4-10x10","experimental",0.000000,"generated homogeneous two-level radix-4 roles with independent batch-time traversal",hierarchical-dataflow,0,named-barrier,0,0,0,4,0,0,0,hermes-xor,inplace,radix4,32,20,1048576,16,998244353,30,0,0,0,dataflow-radix4,"10+10","homogeneous-radix4+homogeneous-radix4","256+256","4+4","0+0","1+1","0+0","0+0","9+11","full-scratch","1",8,0,2,10,10.902912,1.091584,1.092601,0.001017,0,0,0,0,0,7,natural,natural,"",10.138272,14657.598939,722.910018,15369606465.454679,fused,shoup,-1
2,homogeneous,1,1,10-10,4,"Tesla V100-SXM2-16GB",7.0,0,"v100-sm70","hierarchical-dataflow-homogeneous-radix4-10x10","experimental",0.000000,"generated homogeneous two-level radix-4 roles with independent batch-time traversal",hierarchical-dataflow,0,named-barrier,0,0,0,4,0,0,0,hermes-xor,inplace,radix4,32,20,1048576,16,998244353,30,0,0,0,dataflow-radix4,"10+10","homogeneous-radix4+homogeneous-radix4","256+256","4+4","0+0","1+1","0+0","0+0","10+10","full-scratch","1",8,0,2,10,10.928288,1.143706,1.144787,0.001081,0,0,0,0,0,7,natural,natural,"",10.139328,13989.614031,720.353338,14669173522.651947,fused,shoup,-1
2,homogeneous,1,2,8-12,4,"Tesla V100-SXM2-16GB",7.0,0,"v100-sm70","hierarchical-dataflow-homogeneous-radix4-10x10","experimental",0.000000,"generated homogeneous two-level radix-4 roles with independent batch-time traversal",hierarchical-dataflow,0,named-barrier,0,0,0,4,0,0,0,hermes-xor,inplace,radix4,32,20,1048576,16,998244353,30,0,0,0,dataflow-radix4,"10+10","homogeneous-radix4+homogeneous-radix4","256+256","4+4","0+0","1+2","0+0","0+0","8+12","full-scratch","1",8,0,2,10,10.904960,1.211187,1.212049,0.000862,0,0,0,0,0,7,natural,natural,"",10.140864,13210.180062,718.874600,13851877768.562624,fused,shoup,-1
2,homogeneous,1,2,9-11,4,"Tesla V100-SXM2-16GB",7.0,0,"v100-sm70","hierarchical-dataflow-homogeneous-radix4-10x10","experimental",0.000000,"generated homogeneous two-level radix-4 roles with independent batch-time traversal",hierarchical-dataflow,0,named-barrier,0,0,0,4,0,0,0,hermes-xor,inplace,radix4,32,20,1048576,16,998244353,30,0,0,0,dataflow-radix4,"10+10","homogeneous-radix4+homogeneous-radix4","256+256","4+4","0+0","1+2","0+0","0+0","9+11","full-scratch","1",8,0,2,10,10.906560,1.159475,1.160537,0.001061,0,0,0,0,0,7,natural,natural,"",10.135072,13799.346376,720.684787,14469663425.276180,fused,shoup,-1
2,homogeneous,1,2,10-10,4,"Tesla V100-SXM2-16GB",7.0,0,"v100-sm70","hierarchical-dataflow-homogeneous-radix4-10x10","experimental",0.000000,"generated homogeneous two-level radix-4 roles with independent batch-time traversal",hierarchical-dataflow,0,named-barrier,0,0,0,4,0,0,0,hermes-xor,inplace,radix4,32,20,1048576,16,998244353,30,0,0,0,dataflow-radix4,"10+10","homogeneous-radix4+homogeneous-radix4","256+256","4+4","0+0","1+2","0+0","0+0","10+10","full-scratch","1",8,0,2,10,10.919296,1.174938,1.175870,0.000932,0,0,0,0,0,7,natural,natural,"",10.139424,13617.744398,719.629665,14279239949.725302,fused,shoup,-1
2,homogeneous,1,4,8-12,4,"Tesla V100-SXM2-16GB",7.0,0,"v100-sm70","hierarchical-dataflow-homogeneous-radix4-10x10","experimental",0.000000,"generated homogeneous two-level radix-4 roles with independent batch-time traversal",hierarchical-dataflow,0,named-barrier,0,0,0,4,0,0,0,hermes-xor,inplace,radix4,32,20,1048576,16,998244353,30,0,0,0,dataflow-radix4,"10+10","homogeneous-radix4+homogeneous-radix4","256+256","4+4","0+0","1+4","0+0","0+0","8+12","full-scratch","1",8,0,2,10,10.914112,1.228595,1.229706,0.001111,0,0,0,0,0,7,natural,natural,"",10.134080,13023.004495,718.236426,13655609961.818916,fused,shoup,-1
2,homogeneous,1,4,9-11,4,"Tesla V100-SXM2-16GB",7.0,0,"v100-sm70","hierarchical-dataflow-homogeneous-radix4-10x10","experimental",0.000000,"generated homogeneous two-level radix-4 roles with independent batch-time traversal",hierarchical-dataflow,0,named-barrier,0,0,0,4,0,0,0,hermes-xor,inplace,radix4,32,20,1048576,16,998244353,30,0,0,0,dataflow-radix4,"10+10","homogeneous-radix4+homogeneous-radix4","256+256","4+4","0+0","1+4","0+0","0+0","9+11","full-scratch","1",8,0,2,10,10.906720,1.202586,1.203487,0.000902,0,0,0,0,0,7,natural,natural,"",10.134528,13304.666456,719.300462,13950953934.100243,fused,shoup,-1
2,homogeneous,1,4,10-10,4,"Tesla V100-SXM2-16GB",7.0,0,"v100-sm70","hierarchical-dataflow-homogeneous-radix4-10x10","experimental",0.000000,"generated homogeneous two-level radix-4 roles with independent batch-time traversal",hierarchical-dataflow,0,named-barrier,0,0,0,4,0,0,0,hermes-xor,inplace,radix4,32,20,1048576,16,998244353,30,0,0,0,dataflow-radix4,"10+10","homogeneous-radix4+homogeneous-radix4","256+256","4+4","0+0","1+4","0+0","0+0","10+10","full-scratch","1",8,0,2,10,10.902400,1.206682,1.207651,0.000969,0,0,0,0,0,7,natural,natural,"",10.132192,13259.504312,719.383274,13903597993.646355,fused,shoup,-1
2,homogeneous,2,1,8-12,4,"Tesla V100-SXM2-16GB",7.0,0,"v100-sm70","hierarchical-dataflow-homogeneous-radix4-10x10","experimental",0.000000,"generated homogeneous two-level radix-4 roles with independent batch-time traversal",hierarchical-dataflow,0,named-barrier,0,0,0,4,0,0,0,hermes-xor,inplace,radix4,32,20,1048576,16,998244353,30,0,0,0,dataflow-radix4,"10+10","homogeneous-radix4+homogeneous-radix4","256+256","4+4","0+0","2+1","0+0","0+0","8+12","full-scratch","1",8,0,2,10,10.901696,1.158656,1.159520,0.000864,0,0,0,0,0,7,natural,natural,"",10.140288,13809.102948,720.699926,14479893932.454832,fused,shoup,-1
2,homogeneous,2,1,9-11,4,"Tesla V100-SXM2-16GB",7.0,0,"v100-sm70","hierarchical-dataflow-homogeneous-radix4-10x10","experimental",0.000000,"generated homogeneous two-level radix-4 roles with independent batch-time traversal",hierarchical-dataflow,0,named-barrier,0,0,0,4,0,0,0,hermes-xor,inplace,radix4,32,20,1048576,16,998244353,30,0,0,0,dataflow-radix4,"10+10","homogeneous-radix4+homogeneous-radix4","256+256","4+4","0+0","2+1","0+0","0+0","9+11","full-scratch","1",8,0,2,10,10.912928,1.114726,1.115925,0.001199,0,0,0,0,0,7,natural,natural,"",10.134528,14353.299037,721.950570,15050524890.843569,fused,shoup,-1
2,homogeneous,2,1,10-10,4,"Tesla V100-SXM2-16GB",7.0,0,"v100-sm70","hierarchical-dataflow-homogeneous-radix4-10x10","experimental",0.000000,"generated homogeneous two-level radix-4 roles with independent batch-time traversal",hierarchical-dataflow,0,named-barrier,0,0,0,4,0,0,0,hermes-xor,inplace,radix4,32,20,1048576,16,998244353,30,0,0,0,dataflow-radix4,"10+10","homogeneous-radix4+homogeneous-radix4","256+256","4+4","0+0","2+1","0+0","0+0","10+10","full-scratch","1",8,0,2,10,10.903136,1.180672,1.181670,0.000998,0,0,0,0,0,7,natural,natural,"",10.135264,13551.605310,720.102063,14209888089.361740,fused,shoup,-1
2,homogeneous,2,2,8-12,4,"Tesla V100-SXM2-16GB",7.0,0,"v100-sm70","hierarchical-dataflow-homogeneous-radix4-10x10","experimental",0.000000,"generated homogeneous two-level radix-4 roles with independent batch-time traversal",hierarchical-dataflow,0,named-barrier,0,0,0,4,0,0,0,hermes-xor,inplace,radix4,32,20,1048576,16,998244353,30,0,0,0,dataflow-radix4,"10+10","homogeneous-radix4+homogeneous-radix4","256+256","4+4","0+0","2+2","0+0","0+0","8+12","full-scratch","1",8,0,2,10,10.905312,1.185894,1.186781,0.000886,0,0,0,0,0,7,natural,natural,"",10.136640,13491.926772,719.817850,14147310606.493383,fused,shoup,-1
2,homogeneous,2,2,9-11,4,"Tesla V100-SXM2-16GB",7.0,0,"v100-sm70","hierarchical-dataflow-homogeneous-radix4-10x10","experimental",0.000000,"generated homogeneous two-level radix-4 roles with independent batch-time traversal",hierarchical-dataflow,0,named-barrier,0,0,0,4,0,0,0,hermes-xor,inplace,radix4,32,20,1048576,16,998244353,30,0,0,0,dataflow-radix4,"10+10","homogeneous-radix4+homogeneous-radix4","256+256","4+4","0+0","2+2","0+0","0+0","9+11","full-scratch","1",8,0,2,10,10.908736,1.161830,1.162810,0.000980,0,0,0,0,0,7,natural,natural,"",10.136480,13771.372872,720.492014,14440331080.338268,fused,shoup,-1
2,homogeneous,2,2,10-10,4,"Tesla V100-SXM2-16GB",7.0,0,"v100-sm70","hierarchical-dataflow-homogeneous-radix4-10x10","experimental",0.000000,"generated homogeneous two-level radix-4 roles with independent batch-time traversal",hierarchical-dataflow,0,named-barrier,0,0,0,4,0,0,0,hermes-xor,inplace,radix4,32,20,1048576,16,998244353,30,0,0,0,dataflow-radix4,"10+10","homogeneous-radix4+homogeneous-radix4","256+256","4+4","0+0","2+2","0+0","0+0","10+10","full-scratch","1",8,0,2,10,10.904384,1.194496,1.195572,0.001076,0,0,0,0,0,7,natural,natural,"",10.135776,13394.771619,719.597399,14045436045.552177,fused,shoup,-1
2,homogeneous,4,1,8-12,4,"Tesla V100-SXM2-16GB",7.0,0,"v100-sm70","hierarchical-dataflow-homogeneous-radix4-10x10","experimental",0.000000,"generated homogeneous two-level radix-4 roles with independent batch-time traversal",hierarchical-dataflow,0,named-barrier,0,0,0,4,0,0,0,hermes-xor,inplace,radix4,32,20,1048576,16,998244353,30,0,0,0,dataflow-radix4,"10+10","homogeneous-radix4+homogeneous-radix4","256+256","4+4","0+0","4+1","0+0","0+0","8+12","full-scratch","1",8,0,2,10,10.906784,1.243955,1.244894,0.000938,0,0,0,0,0,7,natural,natural,"",10.136512,12862.198975,717.899211,13486993152.342207,fused,shoup,-1
2,homogeneous,4,1,9-11,4,"Tesla V100-SXM2-16GB",7.0,0,"v100-sm70","hierarchical-dataflow-homogeneous-radix4-10x10","experimental",0.000000,"generated homogeneous two-level radix-4 roles with independent batch-time traversal",hierarchical-dataflow,0,named-barrier,0,0,0,4,0,0,0,hermes-xor,inplace,radix4,32,20,1048576,16,998244353,30,0,0,0,dataflow-radix4,"10+10","homogeneous-radix4+homogeneous-radix4","256+256","4+4","0+0","4+1","0+0","0+0","9+11","full-scratch","1",8,0,2,10,10.900896,1.236173,1.237199,0.001027,0,0,0,0,0,7,natural,natural,"",10.136896,12943.174337,718.327428,13571901973.450710,fused,shoup,-1
2,homogeneous,4,1,10-10,4,"Tesla V100-SXM2-16GB",7.0,0,"v100-sm70","hierarchical-dataflow-homogeneous-radix4-10x10","experimental",0.000000,"generated homogeneous two-level radix-4 roles with independent batch-time traversal",hierarchical-dataflow,0,named-barrier,0,0,0,4,0,0,0,hermes-xor,inplace,radix4,32,20,1048576,16,998244353,30,0,0,0,dataflow-radix4,"10+10","homogeneous-radix4+homogeneous-radix4","256+256","4+4","0+0","4+1","0+0","0+0","10+10","full-scratch","1",8,0,2,10,10.906336,1.259008,1.260007,0.000999,0,0,0,0,0,7,natural,natural,"",10.141632,12708.417552,717.264412,13325741642.770012,fused,shoup,-1
2,v06,1,1,9-11,4,"Tesla V100-SXM2-16GB",7.0,0,"v100-sm70","hierarchical-dataflow-wave-10x10-resident-radix4","experimental",0.000000,"transform-wave readiness with the generated resident radix-4 core",hierarchical-dataflow,0,named-barrier,0,0,0,4,0,0,0,hermes-xor,inplace,radix4,32,20,1048576,16,998244353,30,0,0,0,dataflow-radix4,"10+10","dataflow-radix4+dataflow-radix4","256+256","1+1","0+0","1+1","0+0","0+0","9+11","full-scratch","1",8,0,2,10,10.907168,1.086362,1.087252,0.000891,0,0,0,0,0,7,natural,natural,"",10.139712,14728.060448,722.894537,15443490712.049145,fused,shoup,-1
1,v06,1,1,9-11,2,"Tesla V100-SXM2-16GB",7.0,0,"v100-sm70","hierarchical-dataflow-wave-10x10-resident-radix4","experimental",0.000000,"transform-wave readiness with the generated resident radix-4 core",hierarchical-dataflow,0,named-barrier,0,0,0,2,0,0,0,hermes-xor,inplace,radix4,64,20,1048576,1,576460756061519873,60,0,0,0,dataflow-radix4,"10+10","dataflow-radix4+dataflow-radix4","256+256","1+1","0+0","1+1","0+0","0+0","9+11","full-scratch","1",8,0,2,10,1.418304,0.229274,0.230189,0.000915,0,0,0,0,0,7,natural,natural,"",1.343264,4361.601116,334.354055,4573470252.035660,fused,shoup,-1
1,homogeneous,1,1,8-12,2,"Tesla V100-SXM2-16GB",7.0,0,"v100-sm70","hierarchical-dataflow-homogeneous-radix4-10x10","experimental",0.000000,"generated homogeneous two-level radix-4 roles with independent batch-time traversal",hierarchical-dataflow,0,named-barrier,0,0,0,2,0,0,0,hermes-xor,inplace,radix4,64,20,1048576,1,576460756061519873,60,0,0,0,dataflow-radix4,"10+10","homogeneous-radix4+homogeneous-radix4","256+256","4+4","0+0","1+1","0+0","0+0","8+12","full-scratch","1",8,0,2,10,1.419840,0.238285,0.239238,0.000954,0,0,0,0,0,7,natural,natural,"",1.339040,4196.658850,333.648652,4400515750.504501,fused,shoup,-1
1,homogeneous,1,1,9-11,2,"Tesla V100-SXM2-16GB",7.0,0,"v100-sm70","hierarchical-dataflow-homogeneous-radix4-10x10","experimental",0.000000,"generated homogeneous two-level radix-4 roles with independent batch-time traversal",hierarchical-dataflow,0,named-barrier,0,0,0,2,0,0,0,hermes-xor,inplace,radix4,64,20,1048576,1,576460756061519873,60,0,0,0,dataflow-radix4,"10+10","homogeneous-radix4+homogeneous-radix4","256+256","4+4","0+0","1+1","0+0","0+0","9+11","full-scratch","1",8,0,2,10,1.414080,0.229274,0.230277,0.001003,0,0,0,0,0,7,natural,natural,"",1.345920,4361.601116,334.529433,4573470252.035660,fused,shoup,-1
1,homogeneous,1,1,10-10,2,"Tesla V100-SXM2-16GB",7.0,0,"v100-sm70","hierarchical-dataflow-homogeneous-radix4-10x10","experimental",0.000000,"generated homogeneous two-level radix-4 roles with independent batch-time traversal",hierarchical-dataflow,0,named-barrier,0,0,0,2,0,0,0,hermes-xor,inplace,radix4,64,20,1048576,1,576460756061519873,60,0,0,0,dataflow-radix4,"10+10","homogeneous-radix4+homogeneous-radix4","256+256","4+4","0+0","1+1","0+0","0+0","10+10","full-scratch","1",8,0,2,10,1.415040,0.255590,0.256771,0.001181,0,0,0,0,0,7,natural,natural,"",1.369856,3912.510334,328.894746,4102564435.819635,fused,shoup,-1
1,homogeneous,1,2,8-12,2,"Tesla V100-SXM2-16GB",7.0,0,"v100-sm70","hierarchical-dataflow-homogeneous-radix4-10x10","experimental",0.000000,"generated homogeneous two-level radix-4 roles with independent batch-time traversal",hierarchical-dataflow,0,named-barrier,0,0,0,2,0,0,0,hermes-xor,inplace,radix4,64,20,1048576,1,576460756061519873,60,0,0,0,dataflow-radix4,"10+10","homogeneous-radix4+homogeneous-radix4","256+256","4+4","0+0","1+2","0+0","0+0","8+12","full-scratch","1",8,0,2,10,1.415808,0.267264,0.268310,0.001046,0,0,0,0,0,7,natural,natural,"",1.342720,3741.618655,330.491983,3923371522.408165,fused,shoup,-1
1,homogeneous,1,2,9-11,2,"Tesla V100-SXM2-16GB",7.0,0,"v100-sm70","hierarchical-dataflow-homogeneous-radix4-10x10","experimental",0.000000,"generated homogeneous two-level radix-4 roles with independent batch-time traversal",hierarchical-dataflow,0,named-barrier,0,0,0,2,0,0,0,hermes-xor,inplace,radix4,64,20,1048576,1,576460756061519873,60,0,0,0,dataflow-radix4,"10+10","homogeneous-radix4+homogeneous-radix4","256+256","4+4","0+0","1+2","0+0","0+0","9+11","full-scratch","1",8,0,2,10,1.414848,0.259072,0.260027,0.000955,0,0,0,0,0,7,natural,natural,"",1.350656,3859.930744,330.624854,4047430740.227958,fused,shoup,-1
1,homogeneous,1,2,10-10,2,"Tesla V100-SXM2-16GB",7.0,0,"v100-sm70","hierarchical-dataflow-homogeneous-radix4-10x10","experimental",0.000000,"generated homogeneous two-level radix-4 roles with independent batch-time traversal",hierarchical-dataflow,0,named-barrier,0,0,0,2,0,0,0,hermes-xor,inplace,radix4,64,20,1048576,1,576460756061519873,60,0,0,0,dataflow-radix4,"10+10","homogeneous-radix4+homogeneous-radix4","256+256","4+4","0+0","1+2","0+0","0+0","10+10","full-scratch","1",8,0,2,10,1.415744,0.292659,0.293604,0.000945,0,0,0,0,0,7,natural,natural,"",1.348384,3416.943397,327.140863,3582924839.906746,fused,shoup,-1
1,homogeneous,1,4,8-12,2,"Tesla V100-SXM2-16GB",7.0,0,"v100-sm70","hierarchical-dataflow-homogeneous-radix4-10x10","experimental",0.000000,"generated homogeneous two-level radix-4 roles with independent batch-time traversal",hierarchical-dataflow,0,named-barrier,0,0,0,2,0,0,0,hermes-xor,inplace,radix4,64,20,1048576,1,576460756061519873,60,0,0,0,dataflow-radix4,"10+10","homogeneous-radix4+homogeneous-radix4","256+256","4+4","0+0","1+4","0+0","0+0","8+12","full-scratch","1",8,0,2,10,1.432608,0.267162,0.268092,0.000930,0,0,0,0,0,7,natural,natural,"",1.342976,3743.052785,328.650546,3924875317.457300,fused,shoup,-1
1,homogeneous,1,4,9-11,2,"Tesla V100-SXM2-16GB",7.0,0,"v100-sm70","hierarchical-dataflow-homogeneous-radix4-10x10","experimental",0.000000,"generated homogeneous two-level radix-4 roles with independent batch-time traversal",hierarchical-dataflow,0,named-barrier,0,0,0,2,0,0,0,hermes-xor,inplace,radix4,64,20,1048576,1,576460756061519873,60,0,0,0,dataflow-radix4,"10+10","homogeneous-radix4+homogeneous-radix4","256+256","4+4","0+0","1+4","0+0","0+0","9+11","full-scratch","1",8,0,2,10,1.414560,0.259072,0.260101,0.001029,0,0,0,0,0,7,natural,natural,"",1.346272,3859.930744,331.136359,4047430740.227958,fused,shoup,-1
1,homogeneous,1,4,10-10,2,"Tesla V100-SXM2-16GB",7.0,0,"v100-sm70","hierarchical-dataflow-homogeneous-radix4-10x10","experimental",0.000000,"generated homogeneous two-level radix-4 roles with independent batch-time traversal",hierarchical-dataflow,0,named-barrier,0,0,0,2,0,0,0,hermes-xor,inplace,radix4,64,20,1048576,1,576460756061519873,60,0,0,0,dataflow-radix4,"10+10","homogeneous-radix4+homogeneous-radix4","256+256","4+4","0+0","1+4","0+0","0+0","10+10","full-scratch","1",8,0,2,10,1.415296,0.291635,0.292535,0.000900,0,0,0,0,0,7,natural,natural,"",1.342016,3428.941183,327.982070,3595505429.563726,fused,shoup,-1
1,homogeneous,2,1,8-12,2,"Tesla V100-SXM2-16GB",7.0,0,"v100-sm70","hierarchical-dataflow-homogeneous-radix4-10x10","experimental",0.000000,"generated homogeneous two-level radix-4 roles with independent batch-time traversal",hierarchical-dataflow,0,named-barrier,0,0,0,2,0,0,0,hermes-xor,inplace,radix4,64,20,1048576,1,576460756061519873,60,0,0,0,dataflow-radix4,"10+10","homogeneous-radix4+homogeneous-radix4","256+256","4+4","0+0","2+1","0+0","0+0","8+12","full-scratch","1",8,0,2,10,1.414624,0.266650,0.267616,0.000967,0,0,0,0,0,7,natural,natural,"",1.342752,3750.239961,330.685036,3932411617.662404,fused,shoup,-1
1,homogeneous,2,1,9-11,2,"Tesla V100-SXM2-16GB",7.0,0,"v100-sm70","hierarchical-dataflow-homogeneous-radix4-10x10","experimental",0.000000,"generated homogeneous two-level radix-4 roles with independent batch-time traversal",hierarchical-dataflow,0,named-barrier,0,0,0,2,0,0,0,hermes-xor,inplace,radix4,64,20,1048576,1,576460756061519873,60,0,0,0,dataflow-radix4,"10+10","homogeneous-radix4+homogeneous-radix4","256+256","4+4","0+0","2+1","0+0","0+0","9+11","full-scratch","1",8,0,2,10,1.419968,0.258867,0.259785,0.000917,0,0,0,0,0,7,natural,natural,"",1.351104,3862.984510,330.039622,4050632845.840190,fused,shoup,-1
1,homogeneous,2,1,10-10,2,"Tesla V100-SXM2-16GB",7.0,0,"v100-sm70","hierarchical-dataflow-homogeneous-radix4-10x10","experimental",0.000000,"generated homogeneous two-level radix-4 roles with independent batch-time traversal",hierarchical-dataflow,0,named-barrier,0,0,0,2,0,0,0,hermes-xor,inplace,radix4,64,20,1048576,1,576460756061519873,60,0,0,0,dataflow-radix4,"10+10","homogeneous-radix4+homogeneous-radix4","256+256","4+4","0+0","2+1","0+0","0+0","10+10","full-scratch","1",8,0,2,10,1.426112,0.291533,0.292627,0.001094,0,0,0,0,0,7,natural,natural,"",1.372416,3430.145597,323.618218,3596768349.348992,fused,shoup,-1
1,homogeneous,2,2,8-12,2,"Tesla V100-SXM2-16GB",7.0,0,"v100-sm70","hierarchical-dataflow-homogeneous-radix4-10x10","experimental",0.000000,"generated homogeneous two-level radix-4 roles with independent batch-time traversal",hierarchical-dataflow,0,named-barrier,0,0,0,2,0,0,0,hermes-xor,inplace,radix4,64,20,1048576,1,576460756061519873,60,0,0,0,dataflow-radix4,"10+10","homogeneous-radix4+homogeneous-radix4","256+256","4+4","0+0","2+2","0+0","0+0","8+12","full-scratch","1",8,0,2,10,1.415616,0.266854,0.267810,0.000956,0,0,0,0,0,7,natural,natural,"",1.345280,3747.361781,330.278206,3929393627.269954,fused,shoup,-1
1,homogeneous,2,2,9-11,2,"Tesla V100-SXM2-16GB",7.0,0,"v100-sm70","hierarchical-dataflow-homogeneous-radix4-10x10","experimental",0.000000,"generated homogeneous two-level radix-4 roles with independent batch-time traversal",hierarchical-dataflow,0,named-barrier,0,0,0,2,0,0,0,hermes-xor,inplace,radix4,64,20,1048576,1,576460756061519873,60,0,0,0,dataflow-radix4,"10+10","homogeneous-radix4+homogeneous-radix4","256+256","4+4","0+0","2+2","0+0","0+0","9+11","full-scratch","1",8,0,2,10,1.414208,0.258867,0.259782,0.000915,0,0,0,0,0,7,natural,natural,"",1.345440,3862.984510,331.288698,4050632845.840190,fused,shoup,-1
1,homogeneous,2,2,10-10,2,"Tesla V100-SXM2-16GB",7.0,0,"v100-sm70","hierarchical-dataflow-homogeneous-radix4-10x10","experimental",0.000000,"generated homogeneous two-level radix-4 roles with independent batch-time traversal",hierarchical-dataflow,0,named-barrier,0,0,0,2,0,0,0,hermes-xor,inplace,radix4,64,20,1048576,1,576460756061519873,60,0,0,0,dataflow-radix4,"10+10","homogeneous-radix4+homogeneous-radix4","256+256","4+4","0+0","2+2","0+0","0+0","10+10","full-scratch","1",8,0,2,10,1.413632,0.291533,0.292444,0.000911,0,0,0,0,0,7,natural,natural,"",1.354048,3430.145597,326.881471,3596768349.348992,fused,shoup,-1
1,homogeneous,4,1,8-12,2,"Tesla V100-SXM2-16GB",7.0,0,"v100-sm70","hierarchical-dataflow-homogeneous-radix4-10x10","experimental",0.000000,"generated homogeneous two-level radix-4 roles with independent batch-time traversal",hierarchical-dataflow,0,named-barrier,0,0,0,2,0,0,0,hermes-xor,inplace,radix4,64,20,1048576,1,576460756061519873,60,0,0,0,dataflow-radix4,"10+10","homogeneous-radix4+homogeneous-radix4","256+256","4+4","0+0","4+1","0+0","0+0","8+12","full-scratch","1",8,0,2,10,1.415424,0.267366,0.268422,0.001055,0,0,0,0,0,7,natural,natural,"",1.352736,3740.185622,329.432154,3921868879.259793,fused,shoup,-1
1,homogeneous,4,1,9-11,2,"Tesla V100-SXM2-16GB",7.0,0,"v100-sm70","hierarchical-dataflow-homogeneous-radix4-10x10","experimental",0.000000,"generated homogeneous two-level radix-4 roles with independent batch-time traversal",hierarchical-dataflow,0,named-barrier,0,0,0,2,0,0,0,hermes-xor,inplace,radix4,64,20,1048576,1,576460756061519873,60,0,0,0,dataflow-radix4,"10+10","homogeneous-radix4+homogeneous-radix4","256+256","4+4","0+0","4+1","0+0","0+0","9+11","full-scratch","1",8,0,2,10,1.415456,0.259174,0.260109,0.000934,0,0,0,0,0,7,natural,natural,"",1.343680,3858.405671,331.311177,4045831585.167740,fused,shoup,-1
1,homogeneous,4,1,10-10,2,"Tesla V100-SXM2-16GB",7.0,0,"v100-sm70","hierarchical-dataflow-homogeneous-radix4-10x10","experimental",0.000000,"generated homogeneous two-level radix-4 roles with independent batch-time traversal",hierarchical-dataflow,0,named-barrier,0,0,0,2,0,0,0,hermes-xor,inplace,radix4,64,20,1048576,1,576460756061519873,60,0,0,0,dataflow-radix4,"10+10","homogeneous-radix4+homogeneous-radix4","256+256","4+4","0+0","4+1","0+0","0+0","10+10","full-scratch","1",8,0,2,10,1.414912,0.292045,0.293083,0.001038,0,0,0,0,0,7,natural,natural,"",1.365024,3424.131972,325.522871,3590462606.869524,fused,shoup,-1
1,v06,1,1,9-11,2,"Tesla V100-SXM2-16GB",7.0,0,"v100-sm70","hierarchical-dataflow-wave-10x10-resident-radix4","experimental",0.000000,"transform-wave readiness with the generated resident radix-4 core",hierarchical-dataflow,0,named-barrier,0,0,0,2,0,0,0,hermes-xor,inplace,radix4,64,20,1048576,1,576460756061519873,60,0,0,0,dataflow-radix4,"10+10","dataflow-radix4+dataflow-radix4","256+256","1+1","0+0","1+1","0+0","0+0","9+11","full-scratch","1",8,0,2,10,1.414848,0.229274,0.230388,0.001114,0,0,0,0,0,7,natural,natural,"",1.364960,4361.601116,332.327320,4573470252.035660,fused,shoup,-1
2,v06,1,1,9-11,2,"Tesla V100-SXM2-16GB",7.0,0,"v100-sm70","hierarchical-dataflow-wave-10x10-resident-radix4","experimental",0.000000,"transform-wave readiness with the generated resident radix-4 core",hierarchical-dataflow,0,named-barrier,0,0,0,2,0,0,0,hermes-xor,inplace,radix4,64,20,1048576,1,576460756061519873,60,0,0,0,dataflow-radix4,"10+10","dataflow-radix4+dataflow-radix4","256+256","1+1","0+0","1+1","0+0","0+0","9+11","full-scratch","1",8,0,2,10,1.415616,0.229376,0.230480,0.001104,0,0,0,0,0,7,natural,natural,"",1.344384,4359.653958,334.517974,4571428508.725854,fused,shoup,-1
2,homogeneous,1,1,8-12,2,"Tesla V100-SXM2-16GB",7.0,0,"v100-sm70","hierarchical-dataflow-homogeneous-radix4-10x10","experimental",0.000000,"generated homogeneous two-level radix-4 roles with independent batch-time traversal",hierarchical-dataflow,0,named-barrier,0,0,0,2,0,0,0,hermes-xor,inplace,radix4,64,20,1048576,1,576460756061519873,60,0,0,0,dataflow-radix4,"10+10","homogeneous-radix4+homogeneous-radix4","256+256","4+4","0+0","1+1","0+0","0+0","8+12","full-scratch","1",8,0,2,10,1.414688,0.238182,0.239414,0.001232,0,0,0,0,0,7,natural,natural,"",1.344416,4198.463103,333.635116,4402407646.178495,fused,shoup,-1
2,homogeneous,1,1,9-11,2,"Tesla V100-SXM2-16GB",7.0,0,"v100-sm70","hierarchical-dataflow-homogeneous-radix4-10x10","experimental",0.000000,"generated homogeneous two-level radix-4 roles with independent batch-time traversal",hierarchical-dataflow,0,named-barrier,0,0,0,2,0,0,0,hermes-xor,inplace,radix4,64,20,1048576,1,576460756061519873,60,0,0,0,dataflow-radix4,"10+10","homogeneous-radix4+homogeneous-radix4","256+256","4+4","0+0","1+1","0+0","0+0","9+11","full-scratch","1",8,0,2,10,1.417632,0.229683,0.230547,0.000863,0,0,0,0,0,7,natural,natural,"",1.346336,4353.822901,334.040252,4565314202.160547,fused,shoup,-1
2,homogeneous,1,1,10-10,2,"Tesla V100-SXM2-16GB",7.0,0,"v100-sm70","hierarchical-dataflow-homogeneous-radix4-10x10","experimental",0.000000,"generated homogeneous two-level radix-4 roles with independent batch-time traversal",hierarchical-dataflow,0,named-barrier,0,0,0,2,0,0,0,hermes-xor,inplace,radix4,64,20,1048576,1,576460756061519873,60,0,0,0,dataflow-radix4,"10+10","homogeneous-radix4+homogeneous-radix4","256+256","4+4","0+0","1+1","0+0","0+0","10+10","full-scratch","1",8,0,2,10,1.414688,0.254464,0.255336,0.000872,0,0,0,0,0,7,natural,natural,"",1.343904,3929.828967,331.888952,4120724338.570890,fused,shoup,-1
2,homogeneous,1,2,8-12,2,"Tesla V100-SXM2-16GB",7.0,0,"v100-sm70","hierarchical-dataflow-homogeneous-radix4-10x10","experimental",0.000000,"generated homogeneous two-level radix-4 roles with independent batch-time traversal",hierarchical-dataflow,0,named-barrier,0,0,0,2,0,0,0,hermes-xor,inplace,radix4,64,20,1048576,1,576460756061519873,60,0,0,0,dataflow-radix4,"10+10","homogeneous-radix4+homogeneous-radix4","256+256","4+4","0+0","1+2","0+0","0+0","8+12","full-scratch","1",8,0,2,10,1.420032,0.267059,0.267930,0.000870,0,0,0,0,0,7,natural,natural,"",1.347456,3744.488016,329.538455,3926380265.732249,fused,shoup,-1
2,homogeneous,1,2,9-11,2,"Tesla V100-SXM2-16GB",7.0,0,"v100-sm70","hierarchical-dataflow-homogeneous-radix4-10x10","experimental",0.000000,"generated homogeneous two-level radix-4 roles with independent batch-time traversal",hierarchical-dataflow,0,named-barrier,0,0,0,2,0,0,0,hermes-xor,inplace,radix4,64,20,1048576,1,576460756061519873,60,0,0,0,dataflow-radix4,"10+10","homogeneous-radix4+homogeneous-radix4","256+256","4+4","0+0","1+2","0+0","0+0","9+11","full-scratch","1",8,0,2,10,1.429024,0.259277,0.260355,0.001078,0,0,0,0,0,7,natural,natural,"",1.365952,3856.881803,327.412321,4044233693.272762,fused,shoup,-1
2,homogeneous,1,2,10-10,2,"Tesla V100-SXM2-16GB",7.0,0,"v100-sm70","hierarchical-dataflow-homogeneous-radix4-10x10","experimental",0.000000,"generated homogeneous two-level radix-4 roles with independent batch-time traversal",hierarchical-dataflow,0,named-barrier,0,0,0,2,0,0,0,hermes-xor,inplace,radix4,64,20,1048576,1,576460756061519873,60,0,0,0,dataflow-radix4,"10+10","homogeneous-radix4+homogeneous-radix4","256+256","4+4","0+0","1+2","0+0","0+0","10+10","full-scratch","1",8,0,2,10,1.415936,0.292147,0.293136,0.000988,0,0,0,0,0,7,natural,natural,"",1.349312,3422.931777,327.075810,3589204110.651267,fused,shoup,-1
2,homogeneous,1,4,8-12,2,"Tesla V100-SXM2-16GB",7.0,0,"v100-sm70","hierarchical-dataflow-homogeneous-radix4-10x10","experimental",0.000000,"generated homogeneous two-level radix-4 roles with independent batch-time traversal",hierarchical-dataflow,0,named-barrier,0,0,0,2,0,0,0,hermes-xor,inplace,radix4,64,20,1048576,1,576460756061519873,60,0,0,0,dataflow-radix4,"10+10","homogeneous-radix4+homogeneous-radix4","256+256","4+4","0+0","1+4","0+0","0+0","8+12","full-scratch","1",8,0,2,10,1.429600,0.267264,0.268287,0.001023,0,0,0,0,0,7,natural,natural,"",1.373792,3741.618655,325.663305,3923371522.408165,fused,shoup,-1
2,homogeneous,1,4,9-11,2,"Tesla V100-SXM2-16GB",7.0,0,"v100-sm70","hierarchical-dataflow-homogeneous-radix4-10x10","experimental",0.000000,"generated homogeneous two-level radix-4 roles with independent batch-time traversal",hierarchical-dataflow,0,named-barrier,0,0,0,2,0,0,0,hermes-xor,inplace,radix4,64,20,1048576,1,576460756061519873,60,0,0,0,dataflow-radix4,"10+10","homogeneous-radix4+homogeneous-radix4","256+256","4+4","0+0","1+4","0+0","0+0","9+11","full-scratch","1",8,0,2,10,1.415680,0.258970,0.260054,0.001084,0,0,0,0,0,7,natural,natural,"",1.363008,3861.457024,329.201018,4049031159.951841,fused,shoup,-1
2,homogeneous,1,4,10-10,2,"Tesla V100-SXM2-16GB",7.0,0,"v100-sm70","hierarchical-dataflow-homogeneous-radix4-10x10","experimental",0.000000,"generated homogeneous two-level radix-4 roles with independent batch-time traversal",hierarchical-dataflow,0,named-barrier,0,0,0,2,0,0,0,hermes-xor,inplace,radix4,64,20,1048576,1,576460756061519873,60,0,0,0,dataflow-radix4,"10+10","homogeneous-radix4+homogeneous-radix4","256+256","4+4","0+0","1+4","0+0","0+0","10+10","full-scratch","1",8,0,2,10,1.419008,0.292352,0.293210,0.000858,0,0,0,0,0,7,natural,natural,"",1.346496,3420.533908,327.026515,3586689763.060381,fused,shoup,-1
2,homogeneous,2,1,8-12,2,"Tesla V100-SXM2-16GB",7.0,0,"v100-sm70","hierarchical-dataflow-homogeneous-radix4-10x10","experimental",0.000000,"generated homogeneous two-level radix-4 roles with independent batch-time traversal",hierarchical-dataflow,0,named-barrier,0,0,0,2,0,0,0,hermes-xor,inplace,radix4,64,20,1048576,1,576460756061519873,60,0,0,0,dataflow-radix4,"10+10","homogeneous-radix4+homogeneous-radix4","256+256","4+4","0+0","2+1","0+0","0+0","8+12","full-scratch","1",8,0,2,10,1.418496,0.266342,0.267366,0.001024,0,0,0,0,0,7,natural,natural,"",1.341952,3754.565531,330.382971,3936947305.711735,fused,shoup,-1
2,homogeneous,2,1,9-11,2,"Tesla V100-SXM2-16GB",7.0,0,"v100-sm70","hierarchical-dataflow-homogeneous-radix4-10x10","experimental",0.000000,"generated homogeneous two-level radix-4 roles with independent batch-time traversal",hierarchical-dataflow,0,named-barrier,0,0,0,2,0,0,0,hermes-xor,inplace,radix4,64,20,1048576,1,576460756061519873,60,0,0,0,dataflow-radix4,"10+10","homogeneous-radix4+homogeneous-radix4","256+256","4+4","0+0","2+1","0+0","0+0","9+11","full-scratch","1",8,0,2,10,1.429920,0.258765,0.259913,0.001148,0,0,0,0,0,7,natural,natural,"",1.354080,3864.513206,328.648480,4052235799.396179,fused,shoup,-1
2,homogeneous,2,1,10-10,2,"Tesla V100-SXM2-16GB",7.0,0,"v100-sm70","hierarchical-dataflow-homogeneous-radix4-10x10","experimental",0.000000,"generated homogeneous two-level radix-4 roles with independent batch-time traversal",hierarchical-dataflow,0,named-barrier,0,0,0,2,0,0,0,hermes-xor,inplace,radix4,64,20,1048576,1,576460756061519873,60,0,0,0,dataflow-radix4,"10+10","homogeneous-radix4+homogeneous-radix4","256+256","4+4","0+0","2+1","0+0","0+0","10+10","full-scratch","1",8,0,2,10,1.414048,0.292147,0.292995,0.000848,0,0,0,0,0,7,natural,natural,"",1.338560,3422.931777,328.433633,3589204110.651267,fused,shoup,-1
2,homogeneous,2,2,8-12,2,"Tesla V100-SXM2-16GB",7.0,0,"v100-sm70","hierarchical-dataflow-homogeneous-radix4-10x10","experimental",0.000000,"generated homogeneous two-level radix-4 roles with independent batch-time traversal",hierarchical-dataflow,0,named-barrier,0,0,0,2,0,0,0,hermes-xor,inplace,radix4,64,20,1048576,1,576460756061519873,60,0,0,0,dataflow-radix4,"10+10","homogeneous-radix4+homogeneous-radix4","256+256","4+4","0+0","2+2","0+0","0+0","8+12","full-scratch","1",8,0,2,10,1.426208,0.266547,0.267545,0.000997,0,0,0,0,0,7,natural,natural,"",1.351840,3751.680710,328.450884,3933922352.013453,fused,shoup,-1
2,homogeneous,2,2,9-11,2,"Tesla V100-SXM2-16GB",7.0,0,"v100-sm70","hierarchical-dataflow-homogeneous-radix4-10x10","experimental",0.000000,"generated homogeneous two-level radix-4 roles with independent batch-time traversal",hierarchical-dataflow,0,named-barrier,0,0,0,2,0,0,0,hermes-xor,inplace,radix4,64,20,1048576,1,576460756061519873,60,0,0,0,dataflow-radix4,"10+10","homogeneous-radix4+homogeneous-radix4","256+256","4+4","0+0","2+2","0+0","0+0","9+11","full-scratch","1",8,0,2,10,1.419488,0.259584,0.260387,0.000803,0,0,0,0,0,7,natural,natural,"",1.360608,3852.317411,328.982004,4039447581.630444,fused,shoup,-1
2,homogeneous,2,2,10-10,2,"Tesla V100-SXM2-16GB",7.0,0,"v100-sm70","hierarchical-dataflow-homogeneous-radix4-10x10","experimental",0.000000,"generated homogeneous two-level radix-4 roles with independent batch-time traversal",hierarchical-dataflow,0,named-barrier,0,0,0,2,0,0,0,hermes-xor,inplace,radix4,64,20,1048576,1,576460756061519873,60,0,0,0,dataflow-radix4,"10+10","homogeneous-radix4+homogeneous-radix4","256+256","4+4","0+0","2+2","0+0","0+0","10+10","full-scratch","1",8,0,2,10,1.431712,0.291942,0.293091,0.001149,0,0,0,0,0,7,natural,natural,"",1.358560,3425.333010,324.442062,3591721985.939921,fused,shoup,-1
2,homogeneous,4,1,8-12,2,"Tesla V100-SXM2-16GB",7.0,0,"v100-sm70","hierarchical-dataflow-homogeneous-radix4-10x10","experimental",0.000000,"generated homogeneous two-level radix-4 roles with independent batch-time traversal",hierarchical-dataflow,0,named-barrier,0,0,0,2,0,0,0,hermes-xor,inplace,radix4,64,20,1048576,1,576460756061519873,60,0,0,0,dataflow-radix4,"10+10","homogeneous-radix4+homogeneous-radix4","256+256","4+4","0+0","4+1","0+0","0+0","8+12","full-scratch","1",8,0,2,10,1.415744,0.267162,0.268234,0.001072,0,0,0,0,0,7,natural,natural,"",1.356288,3743.052785,329.034659,3924875317.457300,fused,shoup,-1
2,homogeneous,4,1,9-11,2,"Tesla V100-SXM2-16GB",7.0,0,"v100-sm70","hierarchical-dataflow-homogeneous-radix4-10x10","experimental",0.000000,"generated homogeneous two-level radix-4 roles with independent batch-time traversal",hierarchical-dataflow,0,named-barrier,0,0,0,2,0,0,0,hermes-xor,inplace,radix4,64,20,1048576,1,576460756061519873,60,0,0,0,dataflow-radix4,"10+10","homogeneous-radix4+homogeneous-radix4","256+256","4+4","0+0","4+1","0+0","0+0","9+11","full-scratch","1",8,0,2,10,1.429248,0.259584,0.260560,0.000976,0,0,0,0,0,7,natural,natural,"",1.364992,3852.317411,327.458294,4039447581.630444,fused,shoup,-1
2,homogeneous,4,1,10-10,2,"Tesla V100-SXM2-16GB",7.0,0,"v100-sm70","hierarchical-dataflow-homogeneous-radix4-10x10","experimental",0.000000,"generated homogeneous two-level radix-4 roles with independent batch-time traversal",hierarchical-dataflow,0,named-barrier,0,0,0,2,0,0,0,hermes-xor,inplace,radix4,64,20,1048576,1,576460756061519873,60,0,0,0,dataflow-radix4,"10+10","homogeneous-radix4+homogeneous-radix4","256+256","4+4","0+0","4+1","0+0","0+0","10+10","full-scratch","1",8,0,2,10,1.414944,0.292659,0.293650,0.000990,0,0,0,0,0,7,natural,natural,"",1.341088,3416.943397,328.009592,3582924839.906746,fused,shoup,-1
2,v06,1,1,9-11,2,"Tesla V100-SXM2-16GB",7.0,0,"v100-sm70","hierarchical-dataflow-wave-10x10-resident-radix4","experimental",0.000000,"transform-wave readiness with the generated resident radix-4 core",hierarchical-dataflow,0,named-barrier,0,0,0,2,0,0,0,hermes-xor,inplace,radix4,64,20,1048576,1,576460756061519873,60,0,0,0,dataflow-radix4,"10+10","dataflow-radix4+dataflow-radix4","256+256","1+1","0+0","1+1","0+0","0+0","9+11","full-scratch","1",8,0,2,10,1.420032,0.229581,0.230655,0.001074,0,0,0,0,0,7,natural,natural,"",1.348128,4355.764853,333.584546,4567350486.224393,fused,shoup,-1
1,v06,1,1,9-11,2,"Tesla V100-SXM2-16GB",7.0,0,"v100-sm70","hierarchical-dataflow-wave-10x10-resident-radix4","experimental",0.000000,"transform-wave readiness with the generated resident radix-4 core",hierarchical-dataflow,0,named-barrier,0,0,0,2,0,0,0,hermes-xor,inplace,radix4,64,20,1048576,4,576460756061519873,60,0,0,0,dataflow-radix4,"10+10","dataflow-radix4+dataflow-radix4","256+256","1+1","0+0","1+1","0+0","0+0","9+11","full-scratch","1",8,0,2,10,5.486944,0.602624,0.603824,0.001200,0,0,0,0,0,7,natural,natural,"",5.123200,6637.638073,356.736174,6960067979.591218,fused,shoup,-1
1,homogeneous,1,1,8-12,2,"Tesla V100-SXM2-16GB",7.0,0,"v100-sm70","hierarchical-dataflow-homogeneous-radix4-10x10","experimental",0.000000,"generated homogeneous two-level radix-4 roles with independent batch-time traversal",hierarchical-dataflow,0,named-barrier,0,0,0,2,0,0,0,hermes-xor,inplace,radix4,64,20,1048576,4,576460756061519873,60,0,0,0,dataflow-radix4,"10+10","homogeneous-radix4+homogeneous-radix4","256+256","4+4","0+0","1+1","0+0","0+0","8+12","full-scratch","1",8,0,2,10,5.489152,0.629043,0.630066,0.001023,0,0,0,0,0,7,natural,natural,"",5.110784,6358.863530,356.221159,6667751685.128688,fused,shoup,-1
1,homogeneous,1,1,9-11,2,"Tesla V100-SXM2-16GB",7.0,0,"v100-sm70","hierarchical-dataflow-homogeneous-radix4-10x10","experimental",0.000000,"generated homogeneous two-level radix-4 roles with independent batch-time traversal",hierarchical-dataflow,0,named-barrier,0,0,0,2,0,0,0,hermes-xor,inplace,radix4,64,20,1048576,4,576460756061519873,60,0,0,0,dataflow-radix4,"10+10","homogeneous-radix4+homogeneous-radix4","256+256","4+4","0+0","1+1","0+0","0+0","9+11","full-scratch","1",8,0,2,10,5.477792,0.614502,0.615513,0.001011,0,0,0,0,0,7,natural,natural,"",5.113824,6509.332092,356.947873,6825529407.738137,fused,shoup,-1
1,homogeneous,1,1,10-10,2,"Tesla V100-SXM2-16GB",7.0,0,"v100-sm70","hierarchical-dataflow-homogeneous-radix4-10x10","experimental",0.000000,"generated homogeneous two-level radix-4 roles with independent batch-time traversal",hierarchical-dataflow,0,named-barrier,0,0,0,2,0,0,0,hermes-xor,inplace,radix4,64,20,1048576,4,576460756061519873,60,0,0,0,dataflow-radix4,"10+10","homogeneous-radix4+homogeneous-radix4","256+256","4+4","0+0","1+1","0+0","0+0","10+10","full-scratch","1",8,0,2,10,5.497216,0.620954,0.621995,0.001042,0,0,0,0,0,7,natural,natural,"",5.124000,6441.704943,355.803197,6754617202.346775,fused,shoup,-1
1,homogeneous,1,2,8-12,2,"Tesla V100-SXM2-16GB",7.0,0,"v100-sm70","hierarchical-dataflow-homogeneous-radix4-10x10","experimental",0.000000,"generated homogeneous two-level radix-4 roles with independent batch-time traversal",hierarchical-dataflow,0,named-barrier,0,0,0,2,0,0,0,hermes-xor,inplace,radix4,64,20,1048576,4,576460756061519873,60,0,0,0,dataflow-radix4,"10+10","homogeneous-radix4+homogeneous-radix4","256+256","4+4","0+0","1+2","0+0","0+0","8+12","full-scratch","1",8,0,2,10,5.492000,0.766259,0.767237,0.000978,0,0,0,0,0,7,natural,natural,"",5.117600,5220.165754,351.621790,5473740525.418772,fused,shoup,-1
1,homogeneous,1,2,9-11,2,"Tesla V100-SXM2-16GB",7.0,0,"v100-sm70","hierarchical-dataflow-homogeneous-radix4-10x10","experimental",0.000000,"generated homogeneous two-level radix-4 roles with independent batch-time traversal",hierarchical-dataflow,0,named-barrier,0,0,0,2,0,0,0,hermes-xor,inplace,radix4,64,20,1048576,4,576460756061519873,60,0,0,0,dataflow-radix4,"10+10","homogeneous-radix4+homogeneous-radix4","256+256","4+4","0+0","1+2","0+0","0+0","9+11","full-scratch","1",8,0,2,10,5.482688,0.781619,0.782554,0.000935,0,0,0,0,0,7,natural,natural,"",5.110208,5117.581612,351.663340,5366173255.959823,fused,shoup,-1
1,homogeneous,1,2,10-10,2,"Tesla V100-SXM2-16GB",7.0,0,"v100-sm70","hierarchical-dataflow-homogeneous-radix4-10x10","experimental",0.000000,"generated homogeneous two-level radix-4 roles with independent batch-time traversal",hierarchical-dataflow,0,named-barrier,0,0,0,2,0,0,0,hermes-xor,inplace,radix4,64,20,1048576,4,576460756061519873,60,0,0,0,dataflow-radix4,"10+10","homogeneous-radix4+homogeneous-radix4","256+256","4+4","0+0","1+2","0+0","0+0","10+10","full-scratch","1",8,0,2,10,5.485504,0.810086,0.811006,0.000920,0,0,0,0,0,7,natural,natural,"",5.112512,4937.744735,350.627980,5177600622.887728,fused,shoup,-1
1,homogeneous,1,4,8-12,2,"Tesla V100-SXM2-16GB",7.0,0,"v100-sm70","hierarchical-dataflow-homogeneous-radix4-10x10","experimental",0.000000,"generated homogeneous two-level radix-4 roles with independent batch-time traversal",hierarchical-dataflow,0,named-barrier,0,0,0,2,0,0,0,hermes-xor,inplace,radix4,64,20,1048576,4,576460756061519873,60,0,0,0,dataflow-radix4,"10+10","homogeneous-radix4+homogeneous-radix4","256+256","4+4","0+0","1+4","0+0","0+0","8+12","full-scratch","1",8,0,2,10,5.482496,0.907571,0.908961,0.001390,0,0,0,0,0,7,natural,natural,"",5.116416,4407.367725,347.630116,4621460019.793364,fused,shoup,-1
1,homogeneous,1,4,9-11,2,"Tesla V100-SXM2-16GB",7.0,0,"v100-sm70","hierarchical-dataflow-homogeneous-radix4-10x10","experimental",0.000000,"generated homogeneous two-level radix-4 roles with independent batch-time traversal",hierarchical-dataflow,0,named-barrier,0,0,0,2,0,0,0,hermes-xor,inplace,radix4,64,20,1048576,4,576460756061519873,60,0,0,0,dataflow-radix4,"10+10","homogeneous-radix4+homogeneous-radix4","256+256","4+4","0+0","1+4","0+0","0+0","9+11","full-scratch","1",8,0,2,10,5.476224,0.873472,0.874422,0.000950,0,0,0,0,0,7,natural,natural,"",5.109728,4579.425374,349.057689,4801875540.675383,fused,shoup,-1
1,homogeneous,1,4,10-10,2,"Tesla V100-SXM2-16GB",7.0,0,"v100-sm70","hierarchical-dataflow-homogeneous-radix4-10x10","experimental",0.000000,"generated homogeneous two-level radix-4 roles with independent batch-time traversal",hierarchical-dataflow,0,named-barrier,0,0,0,2,0,0,0,hermes-xor,inplace,radix4,64,20,1048576,4,576460756061519873,60,0,0,0,dataflow-radix4,"10+10","homogeneous-radix4+homogeneous-radix4","256+256","4+4","0+0","1+4","0+0","0+0","10+10","full-scratch","1",8,0,2,10,5.478400,0.933786,0.934786,0.001000,0,0,0,0,0,7,natural,natural,"",5.118336,4283.638477,346.905368,4491720499.932498,fused,shoup,-1
1,homogeneous,2,1,8-12,2,"Tesla V100-SXM2-16GB",7.0,0,"v100-sm70","hierarchical-dataflow-homogeneous-radix4-10x10","experimental",0.000000,"generated homogeneous two-level radix-4 roles with independent batch-time traversal",hierarchical-dataflow,0,named-barrier,0,0,0,2,0,0,0,hermes-xor,inplace,radix4,64,20,1048576,4,576460756061519873,60,0,0,0,dataflow-radix4,"10+10","homogeneous-radix4+homogeneous-radix4","256+256","4+4","0+0","2+1","0+0","0+0","8+12","full-scratch","1",8,0,2,10,5.480480,0.760422,0.761569,0.001147,0,0,0,0,0,7,natural,natural,"",5.108864,5260.234253,352.430160,5515755391.569891,fused,shoup,-1
1,homogeneous,2,1,9-11,2,"Tesla V100-SXM2-16GB",7.0,0,"v100-sm70","hierarchical-dataflow-homogeneous-radix4-10x10","experimental",0.000000,"generated homogeneous two-level radix-4 roles with independent batch-time traversal",hierarchical-dataflow,0,named-barrier,0,0,0,2,0,0,0,hermes-xor,inplace,radix4,64,20,1048576,4,576460756061519873,60,0,0,0,dataflow-radix4,"10+10","homogeneous-radix4+homogeneous-radix4","256+256","4+4","0+0","2+1","0+0","0+0","9+11","full-scratch","1",8,0,2,10,5.480224,0.793395,0.794451,0.001055,0,0,0,0,0,7,natural,natural,"",5.118272,5041.623889,351.126951,5286525810.656210,fused,shoup,-1
1,homogeneous,2,1,10-10,2,"Tesla V100-SXM2-16GB",7.0,0,"v100-sm70","hierarchical-dataflow-homogeneous-radix4-10x10","experimental",0.000000,"generated homogeneous two-level radix-4 roles with independent batch-time traversal",hierarchical-dataflow,0,named-barrier,0,0,0,2,0,0,0,hermes-xor,inplace,radix4,64,20,1048576,4,576460756061519873,60,0,0,0,dataflow-radix4,"10+10","homogeneous-radix4+homogeneous-radix4","256+256","4+4","0+0","2+1","0+0","0+0","10+10","full-scratch","1",8,0,2,10,5.474560,0.828109,0.829123,0.001014,0,0,0,0,0,7,natural,natural,"",5.110976,4830.283243,350.457726,5064919082.040917,fused,shoup,-1
1,homogeneous,2,2,8-12,2,"Tesla V100-SXM2-16GB",7.0,0,"v100-sm70","hierarchical-dataflow-homogeneous-radix4-10x10","experimental",0.000000,"generated homogeneous two-level radix-4 roles with independent batch-time traversal",hierarchical-dataflow,0,named-barrier,0,0,0,2,0,0,0,hermes-xor,inplace,radix4,64,20,1048576,4,576460756061519873,60,0,0,0,dataflow-radix4,"10+10","homogeneous-radix4+homogeneous-radix4","256+256","4+4","0+0","2+2","0+0","0+0","8+12","full-scratch","1",8,0,2,10,5.492480,0.781107,0.782064,0.000957,0,0,0,0,0,7,natural,natural,"",5.118560,5120.936109,351.119070,5369690701.033300,fused,shoup,-1
1,homogeneous,2,2,9-11,2,"Tesla V100-SXM2-16GB",7.0,0,"v100-sm70","hierarchical-dataflow-homogeneous-radix4-10x10","experimental",0.000000,"generated homogeneous two-level radix-4 roles with independent batch-time traversal",hierarchical-dataflow,0,named-barrier,0,0,0,2,0,0,0,hermes-xor,inplace,radix4,64,20,1048576,4,576460756061519873,60,0,0,0,dataflow-radix4,"10+10","homogeneous-radix4+homogeneous-radix4","256+256","4+4","0+0","2+2","0+0","0+0","9+11","full-scratch","1",8,0,2,10,5.479744,0.793293,0.794232,0.000940,0,0,0,0,0,7,natural,natural,"",5.112544,5042.274299,351.321558,5287207815.143834,fused,shoup,-1
1,homogeneous,2,2,10-10,2,"Tesla V100-SXM2-16GB",7.0,0,"v100-sm70","hierarchical-dataflow-homogeneous-radix4-10x10","experimental",0.000000,"generated homogeneous two-level radix-4 roles with independent batch-time traversal",hierarchical-dataflow,0,named-barrier,0,0,0,2,0,0,0,hermes-xor,inplace,radix4,64,20,1048576,4,576460756061519873,60,0,0,0,dataflow-radix4,"10+10","homogeneous-radix4+homogeneous-radix4","256+256","4+4","0+0","2+2","0+0","0+0","10+10","full-scratch","1",8,0,2,10,5.476672,0.852582,0.853463,0.000881,0,0,0,0,0,7,natural,natural,"",5.117312,4691.628988,349.449768,4919529558.019115,fused,shoup,-1
1,homogeneous,4,1,8-12,2,"Tesla V100-SXM2-16GB",7.0,0,"v100-sm70","hierarchical-dataflow-homogeneous-radix4-10x10","experimental",0.000000,"generated homogeneous two-level radix-4 roles with independent batch-time traversal",hierarchical-dataflow,0,named-barrier,0,0,0,2,0,0,0,hermes-xor,inplace,radix4,64,20,1048576,4,576460756061519873,60,0,0,0,dataflow-radix4,"10+10","homogeneous-radix4+homogeneous-radix4","256+256","4+4","0+0","4+1","0+0","0+0","8+12","full-scratch","1",8,0,2,10,5.474624,0.928051,0.929010,0.000959,0,0,0,0,0,7,natural,natural,"",5.113536,4310.107151,347.336457,4519474915.738516,fused,shoup,-1
1,homogeneous,4,1,9-11,2,"Tesla V100-SXM2-16GB",7.0,0,"v100-sm70","hierarchical-dataflow-homogeneous-radix4-10x10","experimental",0.000000,"generated homogeneous two-level radix-4 roles with independent batch-time traversal",hierarchical-dataflow,0,named-barrier,0,0,0,2,0,0,0,hermes-xor,inplace,radix4,64,20,1048576,4,576460756061519873,60,0,0,0,dataflow-radix4,"10+10","homogeneous-radix4+homogeneous-radix4","256+256","4+4","0+0","4+1","0+0","0+0","9+11","full-scratch","1",8,0,2,10,5.480096,0.955392,0.956342,0.000950,0,0,0,0,0,7,natural,natural,"",5.116192,4186.763116,346.269988,4390139321.418710,fused,shoup,-1
1,homogeneous,4,1,10-10,2,"Tesla V100-SXM2-16GB",7.0,0,"v100-sm70","hierarchical-dataflow-homogeneous-radix4-10x10","experimental",0.000000,"generated homogeneous two-level radix-4 roles with independent batch-time traversal",hierarchical-dataflow,0,named-barrier,0,0,0,2,0,0,0,hermes-xor,inplace,radix4,64,20,1048576,4,576460756061519873,60,0,0,0,dataflow-radix4,"10+10","homogeneous-radix4+homogeneous-radix4","256+256","4+4","0+0","4+1","0+0","0+0","10+10","full-scratch","1",8,0,2,10,5.470816,0.988570,0.989388,0.000818,0,0,0,0,0,7,natural,natural,"",5.108256,4046.250188,345.792179,4242800837.412754,fused,shoup,-1
1,v06,1,1,9-11,2,"Tesla V100-SXM2-16GB",7.0,0,"v100-sm70","hierarchical-dataflow-wave-10x10-resident-radix4","experimental",0.000000,"transform-wave readiness with the generated resident radix-4 core",hierarchical-dataflow,0,named-barrier,0,0,0,2,0,0,0,hermes-xor,inplace,radix4,64,20,1048576,4,576460756061519873,60,0,0,0,dataflow-radix4,"10+10","dataflow-radix4+dataflow-radix4","256+256","1+1","0+0","1+1","0+0","0+0","9+11","full-scratch","1",8,0,2,10,5.484480,0.613171,0.614274,0.001103,0,0,0,0,0,7,natural,natural,"",5.115392,6523.463383,356.727418,6840347140.219606,fused,shoup,-1
2,v06,1,1,9-11,2,"Tesla V100-SXM2-16GB",7.0,0,"v100-sm70","hierarchical-dataflow-wave-10x10-resident-radix4","experimental",0.000000,"transform-wave readiness with the generated resident radix-4 core",hierarchical-dataflow,0,named-barrier,0,0,0,2,0,0,0,hermes-xor,inplace,radix4,64,20,1048576,4,576460756061519873,60,0,0,0,dataflow-radix4,"10+10","dataflow-radix4+dataflow-radix4","256+256","1+1","0+0","1+1","0+0","0+0","9+11","full-scratch","1",8,0,2,10,5.470976,0.612557,0.613656,0.001099,0,0,0,0,0,7,natural,natural,"",5.112864,6530.006525,357.257795,6847208122.222463,fused,shoup,-1
2,homogeneous,1,1,8-12,2,"Tesla V100-SXM2-16GB",7.0,0,"v100-sm70","hierarchical-dataflow-homogeneous-radix4-10x10","experimental",0.000000,"generated homogeneous two-level radix-4 roles with independent batch-time traversal",hierarchical-dataflow,0,named-barrier,0,0,0,2,0,0,0,hermes-xor,inplace,radix4,64,20,1048576,4,576460756061519873,60,0,0,0,dataflow-radix4,"10+10","homogeneous-radix4+homogeneous-radix4","256+256","4+4","0+0","1+1","0+0","0+0","8+12","full-scratch","1",8,0,2,10,5.473632,0.625562,0.626528,0.000966,0,0,0,0,0,7,natural,natural,"",5.111616,6394.254430,356.798496,6704861733.475799,fused,shoup,-1
2,homogeneous,1,1,9-11,2,"Tesla V100-SXM2-16GB",7.0,0,"v100-sm70","hierarchical-dataflow-homogeneous-radix4-10x10","experimental",0.000000,"generated homogeneous two-level radix-4 roles with independent batch-time traversal",hierarchical-dataflow,0,named-barrier,0,0,0,2,0,0,0,hermes-xor,inplace,radix4,64,20,1048576,4,576460756061519873,60,0,0,0,dataflow-radix4,"10+10","homogeneous-radix4+homogeneous-radix4","256+256","4+4","0+0","1+1","0+0","0+0","9+11","full-scratch","1",8,0,2,10,5.467712,0.611738,0.612770,0.001032,0,0,0,0,0,7,natural,natural,"",5.110336,6538.751160,357.468876,6856377536.565303,fused,shoup,-1
2,homogeneous,1,1,10-10,2,"Tesla V100-SXM2-16GB",7.0,0,"v100-sm70","hierarchical-dataflow-homogeneous-radix4-10x10","experimental",0.000000,"generated homogeneous two-level radix-4 roles with independent batch-time traversal",hierarchical-dataflow,0,named-barrier,0,0,0,2,0,0,0,hermes-xor,inplace,radix4,64,20,1048576,4,576460756061519873,60,0,0,0,dataflow-radix4,"10+10","homogeneous-radix4+homogeneous-radix4","256+256","4+4","0+0","1+1","0+0","0+0","10+10","full-scratch","1",8,0,2,10,5.469632,0.623616,0.624694,0.001078,0,0,0,0,0,7,natural,natural,"",5.111360,6414.203817,356.995972,6725780181.262293,fused,shoup,-1
2,homogeneous,1,2,8-12,2,"Tesla V100-SXM2-16GB",7.0,0,"v100-sm70","hierarchical-dataflow-homogeneous-radix4-10x10","experimental",0.000000,"generated homogeneous two-level radix-4 roles with independent batch-time traversal",hierarchical-dataflow,0,named-barrier,0,0,0,2,0,0,0,hermes-xor,inplace,radix4,64,20,1048576,4,576460756061519873,60,0,0,0,dataflow-radix4,"10+10","homogeneous-radix4+homogeneous-radix4","256+256","4+4","0+0","1+2","0+0","0+0","8+12","full-scratch","1",8,0,2,10,5.475744,0.765235,0.766320,0.001085,0,0,0,0,0,7,natural,natural,"",5.115008,5227.151175,352.237111,5481065270.913242,fused,shoup,-1
2,homogeneous,1,2,9-11,2,"Tesla V100-SXM2-16GB",7.0,0,"v100-sm70","hierarchical-dataflow-homogeneous-radix4-10x10","experimental",0.000000,"generated homogeneous two-level radix-4 roles with independent batch-time traversal",hierarchical-dataflow,0,named-barrier,0,0,0,2,0,0,0,hermes-xor,inplace,radix4,64,20,1048576,4,576460756061519873,60,0,0,0,dataflow-radix4,"10+10","homogeneous-radix4+homogeneous-radix4","256+256","4+4","0+0","1+2","0+0","0+0","9+11","full-scratch","1",8,0,2,10,5.465952,0.780186,0.781281,0.001096,0,0,0,0,0,7,natural,natural,"",5.112128,5126.985298,352.166453,5376033736.276735,fused,shoup,-1
2,homogeneous,1,2,10-10,2,"Tesla V100-SXM2-16GB",7.0,0,"v100-sm70","hierarchical-dataflow-homogeneous-radix4-10x10","experimental",0.000000,"generated homogeneous two-level radix-4 roles with independent batch-time traversal",hierarchical-dataflow,0,named-barrier,0,0,0,2,0,0,0,hermes-xor,inplace,radix4,64,20,1048576,4,576460756061519873,60,0,0,0,dataflow-radix4,"10+10","homogeneous-radix4+homogeneous-radix4","256+256","4+4","0+0","1+2","0+0","0+0","10+10","full-scratch","1",8,0,2,10,5.477152,0.810598,0.811528,0.000929,0,0,0,0,0,7,natural,natural,"",5.110112,4934.626236,350.942997,5174330639.647800,fused,shoup,-1
2,homogeneous,1,4,8-12,2,"Tesla V100-SXM2-16GB",7.0,0,"v100-sm70","hierarchical-dataflow-homogeneous-radix4-10x10","experimental",0.000000,"generated homogeneous two-level radix-4 roles with independent batch-time traversal",hierarchical-dataflow,0,named-barrier,0,0,0,2,0,0,0,hermes-xor,inplace,radix4,64,20,1048576,4,576460756061519873,60,0,0,0,dataflow-radix4,"10+10","homogeneous-radix4+homogeneous-radix4","256+256","4+4","0+0","1+4","0+0","0+0","8+12","full-scratch","1",8,0,2,10,5.477536,0.907776,0.908662,0.000886,0,0,0,0,0,7,natural,natural,"",5.111744,4406.373388,347.915149,4620417381.277974,fused,shoup,-1
2,homogeneous,1,4,9-11,2,"Tesla V100-SXM2-16GB",7.0,0,"v100-sm70","hierarchical-dataflow-homogeneous-radix4-10x10","experimental",0.000000,"generated homogeneous two-level radix-4 roles with independent batch-time traversal",hierarchical-dataflow,0,named-barrier,0,0,0,2,0,0,0,hermes-xor,inplace,radix4,64,20,1048576,4,576460756061519873,60,0,0,0,dataflow-radix4,"10+10","homogeneous-radix4+homogeneous-radix4","256+256","4+4","0+0","1+4","0+0","0+0","9+11","full-scratch","1",8,0,2,10,5.483840,0.879002,0.880082,0.001081,0,0,0,0,0,7,natural,natural,"",5.118336,4550.617338,348.396312,4771668125.316263,fused,shoup,-1
2,homogeneous,1,4,10-10,2,"Tesla V100-SXM2-16GB",7.0,0,"v100-sm70","hierarchical-dataflow-homogeneous-radix4-10x10","experimental",0.000000,"generated homogeneous two-level radix-4 roles with independent batch-time traversal",hierarchical-dataflow,0,named-barrier,0,0,0,2,0,0,0,hermes-xor,inplace,radix4,64,20,1048576,4,576460756061519873,60,0,0,0,dataflow-radix4,"10+10","homogeneous-radix4+homogeneous-radix4","256+256","4+4","0+0","1+4","0+0","0+0","10+10","full-scratch","1",8,0,2,10,5.471232,0.934093,0.935128,0.001035,0,0,0,0,0,7,natural,natural,"",5.111872,4282.229684,347.306729,4490243273.028062,fused,shoup,-1
2,homogeneous,2,1,8-12,2,"Tesla V100-SXM2-16GB",7.0,0,"v100-sm70","hierarchical-dataflow-homogeneous-radix4-10x10","experimental",0.000000,"generated homogeneous two-level radix-4 roles with independent batch-time traversal",hierarchical-dataflow,0,named-barrier,0,0,0,2,0,0,0,hermes-xor,inplace,radix4,64,20,1048576,4,576460756061519873,60,0,0,0,dataflow-radix4,"10+10","homogeneous-radix4+homogeneous-radix4","256+256","4+4","0+0","2+1","0+0","0+0","8+12","full-scratch","1",8,0,2,10,5.485120,0.761856,0.763013,0.001157,0,0,0,0,0,7,natural,natural,"",5.113248,5250.336298,352.105744,5505376633.915258,fused,shoup,-1
2,homogeneous,2,1,9-11,2,"Tesla V100-SXM2-16GB",7.0,0,"v100-sm70","hierarchical-dataflow-homogeneous-radix4-10x10","experimental",0.000000,"generated homogeneous two-level radix-4 roles with independent batch-time traversal",hierarchical-dataflow,0,named-barrier,0,0,0,2,0,0,0,hermes-xor,inplace,radix4,64,20,1048576,4,576460756061519873,60,0,0,0,dataflow-radix4,"10+10","homogeneous-radix4+homogeneous-radix4","256+256","4+4","0+0","2+1","0+0","0+0","9+11","full-scratch","1",8,0,2,10,5.493632,0.796979,0.798456,0.001477,0,0,0,0,0,7,natural,natural,"",5.133536,5018.951631,350.135554,5262752225.297978,fused,shoup,-1
2,homogeneous,2,1,10-10,2,"Tesla V100-SXM2-16GB",7.0,0,"v100-sm70","hierarchical-dataflow-homogeneous-radix4-10x10","experimental",0.000000,"generated homogeneous two-level radix-4 roles with independent batch-time traversal",hierarchical-dataflow,0,named-barrier,0,0,0,2,0,0,0,hermes-xor,inplace,radix4,64,20,1048576,4,576460756061519873,60,0,0,0,dataflow-radix4,"10+10","homogeneous-radix4+homogeneous-radix4","256+256","4+4","0+0","2+1","0+0","0+0","10+10","full-scratch","1",8,0,2,10,5.464576,0.829133,0.830051,0.000918,0,0,0,0,0,7,natural,natural,"",5.115232,4824.317329,350.602228,5058663367.417846,fused,shoup,-1
2,homogeneous,2,2,8-12,2,"Tesla V100-SXM2-16GB",7.0,0,"v100-sm70","hierarchical-dataflow-homogeneous-radix4-10x10","experimental",0.000000,"generated homogeneous two-level radix-4 roles with independent batch-time traversal",hierarchical-dataflow,0,named-barrier,0,0,0,2,0,0,0,hermes-xor,inplace,radix4,64,20,1048576,4,576460756061519873,60,0,0,0,dataflow-radix4,"10+10","homogeneous-radix4+homogeneous-radix4","256+256","4+4","0+0","2+2","0+0","0+0","8+12","full-scratch","1",8,0,2,10,5.495104,0.782541,0.783493,0.000952,0,0,0,0,0,7,natural,natural,"",5.119776,5111.554579,350.956607,5359853453.923480,fused,shoup,-1
2,homogeneous,2,2,9-11,2,"Tesla V100-SXM2-16GB",7.0,0,"v100-sm70","hierarchical-dataflow-homogeneous-radix4-10x10","experimental",0.000000,"generated homogeneous two-level radix-4 roles with independent batch-time traversal",hierarchical-dataflow,0,named-barrier,0,0,0,2,0,0,0,hermes-xor,inplace,radix4,64,20,1048576,4,576460756061519873,60,0,0,0,dataflow-radix4,"10+10","homogeneous-radix4+homogeneous-radix4","256+256","4+4","0+0","2+2","0+0","0+0","9+11","full-scratch","1",8,0,2,10,5.489728,0.793600,0.794508,0.000908,0,0,0,0,0,7,natural,natural,"",5.107520,5040.322814,351.159105,5285161535.479411,fused,shoup,-1
2,homogeneous,2,2,10-10,2,"Tesla V100-SXM2-16GB",7.0,0,"v100-sm70","hierarchical-dataflow-homogeneous-radix4-10x10","experimental",0.000000,"generated homogeneous two-level radix-4 roles with independent batch-time traversal",hierarchical-dataflow,0,named-barrier,0,0,0,2,0,0,0,hermes-xor,inplace,radix4,64,20,1048576,4,576460756061519873,60,0,0,0,dataflow-radix4,"10+10","homogeneous-radix4+homogeneous-radix4","256+256","4+4","0+0","2+2","0+0","0+0","10+10","full-scratch","1",8,0,2,10,5.468064,0.852275,0.853305,0.001030,0,0,0,0,0,7,natural,natural,"",5.115104,4693.319756,349.789678,4921302456.930072,fused,shoup,-1
2,homogeneous,4,1,8-12,2,"Tesla V100-SXM2-16GB",7.0,0,"v100-sm70","hierarchical-dataflow-homogeneous-radix4-10x10","experimental",0.000000,"generated homogeneous two-level radix-4 roles with independent batch-time traversal",hierarchical-dataflow,0,named-barrier,0,0,0,2,0,0,0,hermes-xor,inplace,radix4,64,20,1048576,4,576460756061519873,60,0,0,0,dataflow-radix4,"10+10","homogeneous-radix4+homogeneous-radix4","256+256","4+4","0+0","4+1","0+0","0+0","8+12","full-scratch","1",8,0,2,10,5.489824,0.926106,0.926955,0.000850,0,0,0,0,0,7,natural,natural,"",5.110176,4319.161789,347.038294,4528969392.171726,fused,shoup,-1
2,homogeneous,4,1,9-11,2,"Tesla V100-SXM2-16GB",7.0,0,"v100-sm70","hierarchical-dataflow-homogeneous-radix4-10x10","experimental",0.000000,"generated homogeneous two-level radix-4 roles with independent batch-time traversal",hierarchical-dataflow,0,named-barrier,0,0,0,2,0,0,0,hermes-xor,inplace,radix4,64,20,1048576,4,576460756061519873,60,0,0,0,dataflow-radix4,"10+10","homogeneous-radix4+homogeneous-radix4","256+256","4+4","0+0","4+1","0+0","0+0","9+11","full-scratch","1",8,0,2,10,5.470272,0.954778,0.955860,0.001082,0,0,0,0,0,7,natural,natural,"",5.116000,4189.457322,346.588920,4392964400.413272,fused,shoup,-1
2,homogeneous,4,1,10-10,2,"Tesla V100-SXM2-16GB",7.0,0,"v100-sm70","hierarchical-dataflow-homogeneous-radix4-10x10","experimental",0.000000,"generated homogeneous two-level radix-4 roles with independent batch-time traversal",hierarchical-dataflow,0,named-barrier,0,0,0,2,0,0,0,hermes-xor,inplace,radix4,64,20,1048576,4,576460756061519873,60,0,0,0,dataflow-radix4,"10+10","homogeneous-radix4+homogeneous-radix4","256+256","4+4","0+0","4+1","0+0","0+0","10+10","full-scratch","1",8,0,2,10,5.489472,0.989389,0.990234,0.000845,0,0,0,0,0,7,natural,natural,"",5.107840,4042.899925,345.223379,4239287831.373941,fused,shoup,-1
2,v06,1,1,9-11,2,"Tesla V100-SXM2-16GB",7.0,0,"v100-sm70","hierarchical-dataflow-wave-10x10-resident-radix4","experimental",0.000000,"transform-wave readiness with the generated resident radix-4 core",hierarchical-dataflow,0,named-barrier,0,0,0,2,0,0,0,hermes-xor,inplace,radix4,64,20,1048576,4,576460756061519873,60,0,0,0,dataflow-radix4,"10+10","dataflow-radix4+dataflow-radix4","256+256","1+1","0+0","1+1","0+0","0+0","9+11","full-scratch","1",8,0,2,10,5.470976,0.614400,0.615512,0.001112,0,0,0,0,0,7,natural,natural,"",5.117632,6510.416357,357.046970,6826666342.417414,fused,shoup,-1
1,v06,1,1,9-11,2,"Tesla V100-SXM2-16GB",7.0,0,"v100-sm70","hierarchical-dataflow-wave-10x10-resident-radix4","experimental",0.000000,"transform-wave readiness with the generated resident radix-4 core",hierarchical-dataflow,0,named-barrier,0,0,0,2,0,0,0,hermes-xor,inplace,radix4,64,20,1048576,16,576460756061519873,60,0,0,0,dataflow-radix4,"10+10","dataflow-radix4+dataflow-radix4","256+256","1+1","0+0","1+1","0+0","0+0","9+11","full-scratch","1",8,0,2,10,21.671295,2.031616,2.032665,0.001049,0,0,0,0,0,7,natural,natural,"",20.184320,7875.504139,364.570729,8258064627.833472,fused,shoup,-1
1,homogeneous,1,1,8-12,2,"Tesla V100-SXM2-16GB",7.0,0,"v100-sm70","hierarchical-dataflow-homogeneous-radix4-10x10","experimental",0.000000,"generated homogeneous two-level radix-4 roles with independent batch-time traversal",hierarchical-dataflow,0,named-barrier,0,0,0,2,0,0,0,hermes-xor,inplace,radix4,64,20,1048576,16,576460756061519873,60,0,0,0,dataflow-radix4,"10+10","homogeneous-radix4+homogeneous-radix4","256+256","4+4","0+0","1+1","0+0","0+0","8+12","full-scratch","1",8,0,2,10,21.659201,2.184704,2.185685,0.000981,0,0,0,0,0,7,natural,natural,"",20.178593,7323.646371,363.450530,7679399817.256488,fused,shoup,-1
1,homogeneous,1,1,9-11,2,"Tesla V100-SXM2-16GB",7.0,0,"v100-sm70","hierarchical-dataflow-homogeneous-radix4-10x10","experimental",0.000000,"generated homogeneous two-level radix-4 roles with independent batch-time traversal",hierarchical-dataflow,0,named-barrier,0,0,0,2,0,0,0,hermes-xor,inplace,radix4,64,20,1048576,16,576460756061519873,60,0,0,0,dataflow-radix4,"10+10","homogeneous-radix4+homogeneous-radix4","256+256","4+4","0+0","1+1","0+0","0+0","9+11","full-scratch","1",8,0,2,10,21.672064,1.962291,1.963338,0.001046,0,0,0,0,0,7,natural,natural,"",20.177313,8153.734084,365.199519,8549809870.882931,fused,shoup,-1
1,homogeneous,1,1,10-10,2,"Tesla V100-SXM2-16GB",7.0,0,"v100-sm70","hierarchical-dataflow-homogeneous-radix4-10x10","experimental",0.000000,"generated homogeneous two-level radix-4 roles with independent batch-time traversal",hierarchical-dataflow,0,named-barrier,0,0,0,2,0,0,0,hermes-xor,inplace,radix4,64,20,1048576,16,576460756061519873,60,0,0,0,dataflow-radix4,"10+10","homogeneous-radix4+homogeneous-radix4","256+256","4+4","0+0","1+1","0+0","0+0","10+10","full-scratch","1",8,0,2,10,21.649952,2.057216,2.058354,0.001138,0,0,0,0,0,7,natural,natural,"",20.173088,7777.500611,364.628683,8155300481.036183,fused,shoup,-1
1,homogeneous,1,2,8-12,2,"Tesla V100-SXM2-16GB",7.0,0,"v100-sm70","hierarchical-dataflow-homogeneous-radix4-10x10","experimental",0.000000,"generated homogeneous two-level radix-4 roles with independent batch-time traversal",hierarchical-dataflow,0,named-barrier,0,0,0,2,0,0,0,hermes-xor,inplace,radix4,64,20,1048576,16,576460756061519873,60,0,0,0,dataflow-radix4,"10+10","homogeneous-radix4+homogeneous-radix4","256+256","4+4","0+0","1+2","0+0","0+0","8+12","full-scratch","1",8,0,2,10,21.648512,2.254643,2.255568,0.000925,0,0,0,0,0,7,natural,natural,"",20.163296,7096.466522,363.088011,7441184479.387911,fused,shoup,-1
1,homogeneous,1,2,9-11,2,"Tesla V100-SXM2-16GB",7.0,0,"v100-sm70","hierarchical-dataflow-homogeneous-radix4-10x10","experimental",0.000000,"generated homogeneous two-level radix-4 roles with independent batch-time traversal",hierarchical-dataflow,0,named-barrier,0,0,0,2,0,0,0,hermes-xor,inplace,radix4,64,20,1048576,16,576460756061519873,60,0,0,0,dataflow-radix4,"10+10","homogeneous-radix4+homogeneous-radix4","256+256","4+4","0+0","1+2","0+0","0+0","9+11","full-scratch","1",8,0,2,10,21.624161,2.376602,2.377602,0.001001,0,0,0,0,0,7,natural,natural,"",20.159937,6732.301852,362.313103,7059330146.963892,fused,shoup,-1
1,homogeneous,1,2,10-10,2,"Tesla V100-SXM2-16GB",7.0,0,"v100-sm70","hierarchical-dataflow-homogeneous-radix4-10x10","experimental",0.000000,"generated homogeneous two-level radix-4 roles with independent batch-time traversal",hierarchical-dataflow,0,named-barrier,0,0,0,2,0,0,0,hermes-xor,inplace,radix4,64,20,1048576,16,576460756061519873,60,0,0,0,dataflow-radix4,"10+10","homogeneous-radix4+homogeneous-radix4","256+256","4+4","0+0","1+2","0+0","0+0","10+10","full-scratch","1",8,0,2,10,21.630049,2.456167,2.457012,0.000845,0,0,0,0,0,7,natural,natural,"",20.167423,6514.216346,361.552192,6830650918.937840,fused,shoup,-1
1,homogeneous,1,4,8-12,2,"Tesla V100-SXM2-16GB",7.0,0,"v100-sm70","hierarchical-dataflow-homogeneous-radix4-10x10","experimental",0.000000,"generated homogeneous two-level radix-4 roles with independent batch-time traversal",hierarchical-dataflow,0,named-barrier,0,0,0,2,0,0,0,hermes-xor,inplace,radix4,64,20,1048576,16,576460756061519873,60,0,0,0,dataflow-radix4,"10+10","homogeneous-radix4+homogeneous-radix4","256+256","4+4","0+0","1+4","0+0","0+0","8+12","full-scratch","1",8,0,2,10,21.623968,2.325504,2.326425,0.000921,0,0,0,0,0,7,natural,natural,"",20.162497,6880.229488,362.713353,7214443516.026356,fused,shoup,-1
1,homogeneous,1,4,9-11,2,"Tesla V100-SXM2-16GB",7.0,0,"v100-sm70","hierarchical-dataflow-homogeneous-radix4-10x10","experimental",0.000000,"generated homogeneous two-level radix-4 roles with independent batch-time traversal",hierarchical-dataflow,0,named-barrier,0,0,0,2,0,0,0,hermes-xor,inplace,radix4,64,20,1048576,16,576460756061519873,60,0,0,0,dataflow-radix4,"10+10","homogeneous-radix4+homogeneous-radix4","256+256","4+4","0+0","1+4","0+0","0+0","9+11","full-scratch","1",8,0,2,10,21.630144,2.438451,2.439510,0.001059,0,0,0,0,0,7,natural,natural,"",20.166912,6561.541772,361.700383,6880275225.469577,fused,shoup,-1
1,homogeneous,1,4,10-10,2,"Tesla V100-SXM2-16GB",7.0,0,"v100-sm70","hierarchical-dataflow-homogeneous-radix4-10x10","experimental",0.000000,"generated homogeneous two-level radix-4 roles with independent batch-time traversal",hierarchical-dataflow,0,named-barrier,0,0,0,2,0,0,0,hermes-xor,inplace,radix4,64,20,1048576,16,576460756061519873,60,0,0,0,dataflow-radix4,"10+10","homogeneous-radix4+homogeneous-radix4","256+256","4+4","0+0","1+4","0+0","0+0","10+10","full-scratch","1",8,0,2,10,21.628576,2.537779,2.538732,0.000953,0,0,0,0,0,7,natural,natural,"",20.163551,6304.724687,360.930151,6610982993.552367,fused,shoup,-1
1,homogeneous,2,1,8-12,2,"Tesla V100-SXM2-16GB",7.0,0,"v100-sm70","hierarchical-dataflow-homogeneous-radix4-10x10","experimental",0.000000,"generated homogeneous two-level radix-4 roles with independent batch-time traversal",hierarchical-dataflow,0,named-barrier,0,0,0,2,0,0,0,hermes-xor,inplace,radix4,64,20,1048576,16,576460756061519873,60,0,0,0,dataflow-radix4,"10+10","homogeneous-radix4+homogeneous-radix4","256+256","4+4","0+0","2+1","0+0","0+0","8+12","full-scratch","1",8,0,2,10,21.619776,2.199347,2.200429,0.001082,0,0,0,0,0,7,natural,natural,"",20.169727,7274.886528,363.728535,7628271415.820734,fused,shoup,-1
1,homogeneous,2,1,9-11,2,"Tesla V100-SXM2-16GB",7.0,0,"v100-sm70","hierarchical-dataflow-homogeneous-radix4-10x10","experimental",0.000000,"generated homogeneous two-level radix-4 roles with independent batch-time traversal",hierarchical-dataflow,0,named-barrier,0,0,0,2,0,0,0,hermes-xor,inplace,radix4,64,20,1048576,16,576460756061519873,60,0,0,0,dataflow-radix4,"10+10","homogeneous-radix4+homogeneous-radix4","256+256","4+4","0+0","2+1","0+0","0+0","9+11","full-scratch","1",8,0,2,10,21.618591,2.339226,2.340293,0.001067,0,0,0,0,0,7,natural,natural,"",20.167072,6839.870628,362.607143,7172124183.990844,fused,shoup,-1
1,homogeneous,2,1,10-10,2,"Tesla V100-SXM2-16GB",7.0,0,"v100-sm70","hierarchical-dataflow-homogeneous-radix4-10x10","experimental",0.000000,"generated homogeneous two-level radix-4 roles with independent batch-time traversal",hierarchical-dataflow,0,named-barrier,0,0,0,2,0,0,0,hermes-xor,inplace,radix4,64,20,1048576,16,576460756061519873,60,0,0,0,dataflow-radix4,"10+10","homogeneous-radix4+homogeneous-radix4","256+256","4+4","0+0","2+1","0+0","0+0","10+10","full-scratch","1",8,0,2,10,21.626881,2.511053,2.512012,0.000960,0,0,0,0,0,7,natural,natural,"",20.165504,6371.829259,361.145788,6681347236.739729,fused,shoup,-1
1,homogeneous,2,2,8-12,2,"Tesla V100-SXM2-16GB",7.0,0,"v100-sm70","hierarchical-dataflow-homogeneous-radix4-10x10","experimental",0.000000,"generated homogeneous two-level radix-4 roles with independent batch-time traversal",hierarchical-dataflow,0,named-barrier,0,0,0,2,0,0,0,hermes-xor,inplace,radix4,64,20,1048576,16,576460756061519873,60,0,0,0,dataflow-radix4,"10+10","homogeneous-radix4+homogeneous-radix4","256+256","4+4","0+0","2+2","0+0","0+0","8+12","full-scratch","1",8,0,2,10,21.624640,2.211430,2.214366,0.002936,0,0,0,0,0,7,natural,natural,"",20.167007,7235.136427,363.610933,7586590413.908774,fused,shoup,-1
1,homogeneous,2,2,9-11,2,"Tesla V100-SXM2-16GB",7.0,0,"v100-sm70","hierarchical-dataflow-homogeneous-radix4-10x10","experimental",0.000000,"generated homogeneous two-level radix-4 roles with independent batch-time traversal",hierarchical-dataflow,0,named-barrier,0,0,0,2,0,0,0,hermes-xor,inplace,radix4,64,20,1048576,16,576460756061519873,60,0,0,0,dataflow-radix4,"10+10","homogeneous-radix4+homogeneous-radix4","256+256","4+4","0+0","2+2","0+0","0+0","9+11","full-scratch","1",8,0,2,10,21.622080,2.363801,2.364812,0.001010,0,0,0,0,0,7,natural,natural,"",20.162369,6768.757927,362.415270,7097557111.558805,fused,shoup,-1
1,homogeneous,2,2,10-10,2,"Tesla V100-SXM2-16GB",7.0,0,"v100-sm70","hierarchical-dataflow-homogeneous-radix4-10x10","experimental",0.000000,"generated homogeneous two-level radix-4 roles with independent batch-time traversal",hierarchical-dataflow,0,named-barrier,0,0,0,2,0,0,0,hermes-xor,inplace,radix4,64,20,1048576,16,576460756061519873,60,0,0,0,dataflow-radix4,"10+10","homogeneous-radix4+homogeneous-radix4","256+256","4+4","0+0","2+2","0+0","0+0","10+10","full-scratch","1",8,0,2,10,21.623585,2.504192,2.505329,0.001138,0,0,0,0,0,7,natural,natural,"",20.162209,6389.286762,361.255483,6699652756.014609,fused,shoup,-1
1,homogeneous,4,1,8-12,2,"Tesla V100-SXM2-16GB",7.0,0,"v100-sm70","hierarchical-dataflow-homogeneous-radix4-10x10","experimental",0.000000,"generated homogeneous two-level radix-4 roles with independent batch-time traversal",hierarchical-dataflow,0,named-barrier,0,0,0,2,0,0,0,hermes-xor,inplace,radix4,64,20,1048576,16,576460756061519873,60,0,0,0,dataflow-radix4,"10+10","homogeneous-radix4+homogeneous-radix4","256+256","4+4","0+0","4+1","0+0","0+0","8+12","full-scratch","1",8,0,2,10,21.631329,2.340147,2.341236,0.001089,0,0,0,0,0,7,natural,natural,"",20.166719,6837.176572,362.497830,7169299261.352773,fused,shoup,-1
1,homogeneous,4,1,9-11,2,"Tesla V100-SXM2-16GB",7.0,0,"v100-sm70","hierarchical-dataflow-homogeneous-radix4-10x10","experimental",0.000000,"generated homogeneous two-level radix-4 roles with independent batch-time traversal",hierarchical-dataflow,0,named-barrier,0,0,0,2,0,0,0,hermes-xor,inplace,radix4,64,20,1048576,16,576460756061519873,60,0,0,0,dataflow-radix4,"10+10","homogeneous-radix4+homogeneous-radix4","256+256","4+4","0+0","4+1","0+0","0+0","9+11","full-scratch","1",8,0,2,10,21.627136,2.487194,2.488067,0.000873,0,0,0,0,0,7,natural,natural,"",20.162527,6432.953229,361.362597,6745440364.973850,fused,shoup,-1
1,homogeneous,4,1,10-10,2,"Tesla V100-SXM2-16GB",7.0,0,"v100-sm70","hierarchical-dataflow-homogeneous-radix4-10x10","experimental",0.000000,"generated homogeneous two-level radix-4 roles with independent batch-time traversal",hierarchical-dataflow,0,named-barrier,0,0,0,2,0,0,0,hermes-xor,inplace,radix4,64,20,1048576,16,576460756061519873,60,0,0,0,dataflow-radix4,"10+10","homogeneous-radix4+homogeneous-radix4","256+256","4+4","0+0","4+1","0+0","0+0","10+10","full-scratch","1",8,0,2,10,21.624895,2.651546,2.652718,0.001173,0,0,0,0,0,7,natural,natural,"",20.169344,6034.216592,359.989145,6327334697.581273,fused,shoup,-1
1,v06,1,1,9-11,2,"Tesla V100-SXM2-16GB",7.0,0,"v100-sm70","hierarchical-dataflow-wave-10x10-resident-radix4","experimental",0.000000,"transform-wave readiness with the generated resident radix-4 core",hierarchical-dataflow,0,named-barrier,0,0,0,2,0,0,0,hermes-xor,inplace,radix4,64,20,1048576,16,576460756061519873,60,0,0,0,dataflow-radix4,"10+10","dataflow-radix4+dataflow-radix4","256+256","1+1","0+0","1+1","0+0","0+0","9+11","full-scratch","1",8,0,2,10,21.636992,1.839821,1.840777,0.000956,0,0,0,0,0,7,natural,natural,"",20.174623,8696.498845,366.540062,9118939973.012535,fused,shoup,-1
2,v06,1,1,9-11,2,"Tesla V100-SXM2-16GB",7.0,0,"v100-sm70","hierarchical-dataflow-wave-10x10-resident-radix4","experimental",0.000000,"transform-wave readiness with the generated resident radix-4 core",hierarchical-dataflow,0,named-barrier,0,0,0,2,0,0,0,hermes-xor,inplace,radix4,64,20,1048576,16,576460756061519873,60,0,0,0,dataflow-radix4,"10+10","dataflow-radix4+dataflow-radix4","256+256","1+1","0+0","1+1","0+0","0+0","9+11","full-scratch","1",8,0,2,10,21.632353,1.835213,1.836287,0.001075,0,0,0,0,0,7,natural,natural,"",20.163551,8718.335447,366.710759,9141837309.243593,fused,shoup,-1
2,homogeneous,1,1,8-12,2,"Tesla V100-SXM2-16GB",7.0,0,"v100-sm70","hierarchical-dataflow-homogeneous-radix4-10x10","experimental",0.000000,"generated homogeneous two-level radix-4 roles with independent batch-time traversal",hierarchical-dataflow,0,named-barrier,0,0,0,2,0,0,0,hermes-xor,inplace,radix4,64,20,1048576,16,576460756061519873,60,0,0,0,dataflow-radix4,"10+10","homogeneous-radix4+homogeneous-radix4","256+256","4+4","0+0","1+1","0+0","0+0","8+12","full-scratch","1",8,0,2,10,21.623425,2.041344,2.042244,0.000900,0,0,0,0,0,7,natural,natural,"",20.167135,7837.972777,365.030915,8218710142.593019,fused,shoup,-1
2,homogeneous,1,1,9-11,2,"Tesla V100-SXM2-16GB",7.0,0,"v100-sm70","hierarchical-dataflow-homogeneous-radix4-10x10","experimental",0.000000,"generated homogeneous two-level radix-4 roles with independent batch-time traversal",hierarchical-dataflow,0,named-barrier,0,0,0,2,0,0,0,hermes-xor,inplace,radix4,64,20,1048576,16,576460756061519873,60,0,0,0,dataflow-radix4,"10+10","homogeneous-radix4+homogeneous-radix4","256+256","4+4","0+0","1+1","0+0","0+0","9+11","full-scratch","1",8,0,2,10,21.632288,1.837670,1.838908,0.001238,0,0,0,0,0,7,natural,natural,"",20.165279,8706.675932,366.676128,9129611421.865894,fused,shoup,-1
2,homogeneous,1,1,10-10,2,"Tesla V100-SXM2-16GB",7.0,0,"v100-sm70","hierarchical-dataflow-homogeneous-radix4-10x10","experimental",0.000000,"generated homogeneous two-level radix-4 roles with independent batch-time traversal",hierarchical-dataflow,0,named-barrier,0,0,0,2,0,0,0,hermes-xor,inplace,radix4,64,20,1048576,16,576460756061519873,60,0,0,0,dataflow-radix4,"10+10","homogeneous-radix4+homogeneous-radix4","256+256","4+4","0+0","1+1","0+0","0+0","10+10","full-scratch","1",8,0,2,10,21.632353,1.932902,1.933885,0.000983,0,0,0,0,0,7,natural,natural,"",20.174017,8277.707415,365.803984,8679805330.295368,fused,shoup,-1
2,homogeneous,1,2,8-12,2,"Tesla V100-SXM2-16GB",7.0,0,"v100-sm70","hierarchical-dataflow-homogeneous-radix4-10x10","experimental",0.000000,"generated homogeneous two-level radix-4 roles with independent batch-time traversal",hierarchical-dataflow,0,named-barrier,0,0,0,2,0,0,0,hermes-xor,inplace,radix4,64,20,1048576,16,576460756061519873,60,0,0,0,dataflow-radix4,"10+10","homogeneous-radix4+homogeneous-radix4","256+256","4+4","0+0","1+2","0+0","0+0","8+12","full-scratch","1",8,0,2,10,21.627584,2.195661,2.196718,0.001057,0,0,0,0,0,7,natural,natural,"",20.169184,7287.099986,363.698945,7641078154.809464,fused,shoup,-1
2,homogeneous,1,2,9-11,2,"Tesla V100-SXM2-16GB",7.0,0,"v100-sm70","hierarchical-dataflow-homogeneous-radix4-10x10","experimental",0.000000,"generated homogeneous two-level radix-4 roles with independent batch-time traversal",hierarchical-dataflow,0,named-barrier,0,0,0,2,0,0,0,hermes-xor,inplace,radix4,64,20,1048576,16,576460756061519873,60,0,0,0,dataflow-radix4,"10+10","homogeneous-radix4+homogeneous-radix4","256+256","4+4","0+0","1+2","0+0","0+0","9+11","full-scratch","1",8,0,2,10,21.649311,2.350694,2.351593,0.000899,0,0,0,0,0,7,natural,natural,"",20.164864,6806.499338,362.278896,7137131850.002946,fused,shoup,-1
2,homogeneous,1,2,10-10,2,"Tesla V100-SXM2-16GB",7.0,0,"v100-sm70","hierarchical-dataflow-homogeneous-radix4-10x10","experimental",0.000000,"generated homogeneous two-level radix-4 roles with independent batch-time traversal",hierarchical-dataflow,0,named-barrier,0,0,0,2,0,0,0,hermes-xor,inplace,radix4,64,20,1048576,16,576460756061519873,60,0,0,0,dataflow-radix4,"10+10","homogeneous-radix4+homogeneous-radix4","256+256","4+4","0+0","1+2","0+0","0+0","10+10","full-scratch","1",8,0,2,10,21.625984,2.465382,2.466349,0.000967,0,0,0,0,0,7,natural,natural,"",20.163263,6489.865590,361.544093,6805117301.414246,fused,shoup,-1
2,homogeneous,1,4,8-12,2,"Tesla V100-SXM2-16GB",7.0,0,"v100-sm70","hierarchical-dataflow-homogeneous-radix4-10x10","experimental",0.000000,"generated homogeneous two-level radix-4 roles with independent batch-time traversal",hierarchical-dataflow,0,named-barrier,0,0,0,2,0,0,0,hermes-xor,inplace,radix4,64,20,1048576,16,576460756061519873,60,0,0,0,dataflow-radix4,"10+10","homogeneous-radix4+homogeneous-radix4","256+256","4+4","0+0","1+4","0+0","0+0","8+12","full-scratch","1",8,0,2,10,21.597441,2.328883,2.329670,0.000787,0,0,0,0,0,7,natural,natural,"",20.169216,6870.245875,362.848487,7203974938.858179,fused,shoup,-1
2,homogeneous,1,4,9-11,2,"Tesla V100-SXM2-16GB",7.0,0,"v100-sm70","hierarchical-dataflow-homogeneous-radix4-10x10","experimental",0.000000,"generated homogeneous two-level radix-4 roles with independent batch-time traversal",hierarchical-dataflow,0,named-barrier,0,0,0,2,0,0,0,hermes-xor,inplace,radix4,64,20,1048576,16,576460756061519873,60,0,0,0,dataflow-radix4,"10+10","homogeneous-radix4+homogeneous-radix4","256+256","4+4","0+0","1+4","0+0","0+0","9+11","full-scratch","1",8,0,2,10,21.577215,2.436506,2.437336,0.000831,0,0,0,0,0,7,natural,natural,"",20.156448,6566.781660,362.235425,6885769645.774697,fused,shoup,-1
2,homogeneous,1,4,10-10,2,"Tesla V100-SXM2-16GB",7.0,0,"v100-sm70","hierarchical-dataflow-homogeneous-radix4-10x10","experimental",0.000000,"generated homogeneous two-level radix-4 roles with independent batch-time traversal",hierarchical-dataflow,0,named-barrier,0,0,0,2,0,0,0,hermes-xor,inplace,radix4,64,20,1048576,16,576460756061519873,60,0,0,0,dataflow-radix4,"10+10","homogeneous-radix4+homogeneous-radix4","256+256","4+4","0+0","1+4","0+0","0+0","10+10","full-scratch","1",8,0,2,10,21.585056,2.531942,2.532673,0.000731,0,0,0,0,0,7,natural,natural,"",20.162497,6319.259160,361.341066,6626223493.471400,fused,shoup,-1
2,homogeneous,2,1,8-12,2,"Tesla V100-SXM2-16GB",7.0,0,"v100-sm70","hierarchical-dataflow-homogeneous-radix4-10x10","experimental",0.000000,"generated homogeneous two-level radix-4 roles with independent batch-time traversal",hierarchical-dataflow,0,named-barrier,0,0,0,2,0,0,0,hermes-xor,inplace,radix4,64,20,1048576,16,576460756061519873,60,0,0,0,dataflow-radix4,"10+10","homogeneous-radix4+homogeneous-radix4","256+256","4+4","0+0","2+1","0+0","0+0","8+12","full-scratch","1",8,0,2,10,21.581663,2.198118,2.198914,0.000795,0,0,0,0,0,7,natural,natural,"",20.157536,7278.952603,364.155143,7632535004.335232,fused,shoup,-1
2,homogeneous,2,1,9-11,2,"Tesla V100-SXM2-16GB",7.0,0,"v100-sm70","hierarchical-dataflow-homogeneous-radix4-10x10","experimental",0.000000,"generated homogeneous two-level radix-4 roles with independent batch-time traversal",hierarchical-dataflow,0,named-barrier,0,0,0,2,0,0,0,hermes-xor,inplace,radix4,64,20,1048576,16,576460756061519873,60,0,0,0,dataflow-radix4,"10+10","homogeneous-radix4+homogeneous-radix4","256+256","4+4","0+0","2+1","0+0","0+0","9+11","full-scratch","1",8,0,2,10,21.581345,2.343322,2.344082,0.000761,0,0,0,0,0,7,natural,natural,"",20.161377,6827.914811,362.926651,7159587601.377734,fused,shoup,-1
2,homogeneous,2,1,10-10,2,"Tesla V100-SXM2-16GB",7.0,0,"v100-sm70","hierarchical-dataflow-homogeneous-radix4-10x10","experimental",0.000000,"generated homogeneous two-level radix-4 roles with independent batch-time traversal",hierarchical-dataflow,0,named-barrier,0,0,0,2,0,0,0,hermes-xor,inplace,radix4,64,20,1048576,16,576460756061519873,60,0,0,0,dataflow-radix4,"10+10","homogeneous-radix4+homogeneous-radix4","256+256","4+4","0+0","2+1","0+0","0+0","10+10","full-scratch","1",8,0,2,10,21.595232,2.509722,2.510547,0.000826,0,0,0,0,0,7,natural,natural,"",20.164225,6375.209316,361.425278,6684891484.012925,fused,shoup,-1
2,homogeneous,2,2,8-12,2,"Tesla V100-SXM2-16GB",7.0,0,"v100-sm70","hierarchical-dataflow-homogeneous-radix4-10x10","experimental",0.000000,"generated homogeneous two-level radix-4 roles with independent batch-time traversal",hierarchical-dataflow,0,named-barrier,0,0,0,2,0,0,0,hermes-xor,inplace,radix4,64,20,1048576,16,576460756061519873,60,0,0,0,dataflow-radix4,"10+10","homogeneous-radix4+homogeneous-radix4","256+256","4+4","0+0","2+2","0+0","0+0","8+12","full-scratch","1",8,0,2,10,21.585505,2.212045,2.212903,0.000858,0,0,0,0,0,7,natural,natural,"",20.166113,7233.126837,363.936925,7584483206.667653,fused,shoup,-1
2,homogeneous,2,2,9-11,2,"Tesla V100-SXM2-16GB",7.0,0,"v100-sm70","hierarchical-dataflow-homogeneous-radix4-10x10","experimental",0.000000,"generated homogeneous two-level radix-4 roles with independent batch-time traversal",hierarchical-dataflow,0,named-barrier,0,0,0,2,0,0,0,hermes-xor,inplace,radix4,64,20,1048576,16,576460756061519873,60,0,0,0,dataflow-radix4,"10+10","homogeneous-radix4+homogeneous-radix4","256+256","4+4","0+0","2+2","0+0","0+0","9+11","full-scratch","1",8,0,2,10,21.581984,2.361549,2.362325,0.000776,0,0,0,0,0,7,natural,natural,"",20.162945,6775.214350,362.758511,7104327162.442930,fused,shoup,-1
2,homogeneous,2,2,10-10,2,"Tesla V100-SXM2-16GB",7.0,0,"v100-sm70","hierarchical-dataflow-homogeneous-radix4-10x10","experimental",0.000000,"generated homogeneous two-level radix-4 roles with independent batch-time traversal",hierarchical-dataflow,0,named-barrier,0,0,0,2,0,0,0,hermes-xor,inplace,radix4,64,20,1048576,16,576460756061519873,60,0,0,0,dataflow-radix4,"10+10","homogeneous-radix4+homogeneous-radix4","256+256","4+4","0+0","2+2","0+0","0+0","10+10","full-scratch","1",8,0,2,10,21.578400,2.499686,2.500480,0.000794,0,0,0,0,0,7,natural,natural,"",20.155647,6400.802713,361.714890,6711728105.556756,fused,shoup,-1
2,homogeneous,4,1,8-12,2,"Tesla V100-SXM2-16GB",7.0,0,"v100-sm70","hierarchical-dataflow-homogeneous-radix4-10x10","experimental",0.000000,"generated homogeneous two-level radix-4 roles with independent batch-time traversal",hierarchical-dataflow,0,named-barrier,0,0,0,2,0,0,0,hermes-xor,inplace,radix4,64,20,1048576,16,576460756061519873,60,0,0,0,dataflow-radix4,"10+10","homogeneous-radix4+homogeneous-radix4","256+256","4+4","0+0","4+1","0+0","0+0","8+12","full-scratch","1",8,0,2,10,21.578688,2.338509,2.339235,0.000726,0,0,0,0,0,7,natural,natural,"",20.154783,6841.966854,363.042461,7174322235.449819,fused,shoup,-1
2,homogeneous,4,1,9-11,2,"Tesla V100-SXM2-16GB",7.0,0,"v100-sm70","hierarchical-dataflow-homogeneous-radix4-10x10","experimental",0.000000,"generated homogeneous two-level radix-4 roles with independent batch-time traversal",hierarchical-dataflow,0,named-barrier,0,0,0,2,0,0,0,hermes-xor,inplace,radix4,64,20,1048576,16,576460756061519873,60,0,0,0,dataflow-radix4,"10+10","homogeneous-radix4+homogeneous-radix4","256+256","4+4","0+0","4+1","0+0","0+0","9+11","full-scratch","1",8,0,2,10,21.592863,2.487501,2.488254,0.000753,0,0,0,0,0,7,natural,natural,"",20.161505,6432.159078,361.648378,6744607637.181365,fused,shoup,-1
2,homogeneous,4,1,10-10,2,"Tesla V100-SXM2-16GB",7.0,0,"v100-sm70","hierarchical-dataflow-homogeneous-radix4-10x10","experimental",0.000000,"generated homogeneous two-level radix-4 roles with independent batch-time traversal",hierarchical-dataflow,0,named-barrier,0,0,0,2,0,0,0,hermes-xor,inplace,radix4,64,20,1048576,16,576460756061519873,60,0,0,0,dataflow-radix4,"10+10","homogeneous-radix4+homogeneous-radix4","256+256","4+4","0+0","4+1","0+0","0+0","10+10","full-scratch","1",8,0,2,10,21.596384,2.649395,2.650183,0.000788,0,0,0,0,0,7,natural,natural,"",20.161407,6039.114072,360.302041,6332470077.052337,fused,shoup,-1
2,v06,1,1,9-11,2,"Tesla V100-SXM2-16GB",7.0,0,"v100-sm70","hierarchical-dataflow-wave-10x10-resident-radix4","experimental",0.000000,"transform-wave readiness with the generated resident radix-4 core",hierarchical-dataflow,0,named-barrier,0,0,0,2,0,0,0,hermes-xor,inplace,radix4,64,20,1048576,16,576460756061519873,60,0,0,0,dataflow-radix4,"10+10","dataflow-radix4+dataflow-radix4","256+256","1+1","0+0","1+1","0+0","0+0","9+11","full-scratch","1",8,0,2,10,21.584929,1.852314,1.853120,0.000806,0,0,0,0,0,7,natural,natural,"",20.163679,8637.846029,366.964723,9057438037.614975,fused,shoup,-1
