variant,trial,device,compute_capability,auto_select,selection_target,selected_implementation,selection_confidence,predicted_kernel_ms,selection_reason,backend,stage_space,stage_handoff,flow_tile_log,data_space,role_stages,target_ctas_per_sm,data_time,token_interleave,pipeline_buffers,dataflow_layout,dataflow_state,compute_unit,word_bits,logN,N,batch,modulus,modulus_bits,n1_log,rows_per_block,threads_per_block,hierarchical_core,stage_partition,logical_subgraphs,execution_stage_partition,execution_groups,materialized_boundaries,segment_cores,segment_threads,segment_units,segment_data_space,segment_data_time,segment_role_stages,segment_token_interleave,segment_coefficient_reuse_stages,segment_cta_weights,execution_group_cores,boundary_storage,boundary_buffers,ready_window,packet_readiness,packet_compute_layout,packet_fold_wave_barriers,inverse,warmup,repeat,h2d_ms,kernel_ms,timed_region_wall_ms,host_timing_overhead_ms,appt_producer_weight,appt_tail_weight,appt_writer_weight,appt_fragment_width,appt_writer_tiles,appt_data_time_roles,input_order,output_order,appt_layout_id,d2h_ms,kernel_ntt_s,end_to_end_ntt_s,kernel_points_s,cross_twiddle,mod_multiply,correct
v06_hybrid2d,1,"Tesla V100-SXM2-16GB",7.0,0,"","","",0.000000,"",hybrid2d,0,named-barrier,0,0,0,0,0,0,0,hermes-xor,inplace,radix4,32,12,4096,1,998244353,30,6,4,256,dataflow-radix4,"",0,"",0,0,"","","","","","","","","","","","",0,per-packet,interleaved-rows,0,0,10,50,0.010240,0.007148,0.007313,0.000165,0,0,0,0,0,7,natural,natural,"",0.022368,139908.661458,25153.739102,573065877.330930,fused,shoup,-1
v07_full,1,"Tesla V100-SXM2-16GB",7.0,0,"v100-sm70","hierarchical-dataflow-wave-warp-radix4","experimental",0.000000,"warp-parallel subgraphs with dependency-wave readiness",hierarchical-dataflow,0,named-barrier,0,0,0,2,0,0,0,hermes-xor,inplace,radix4,32,12,4096,1,998244353,30,0,0,0,dataflow-radix4,"3+3+3+3",4,"3+3+3+3",4,3,"radix4+radix4+radix4+radix4","256+256+256+256","1+1+1+1","0+0+0+0","0+0+0+0","0+0+0+0","0+0+0+0","0+0+0+0","3+3+3+3","radix4+radix4+radix4+radix4","full-scratch+full-scratch+full-scratch","1+1+1",8,per-packet,interleaved-rows,0,0,10,50,0.010240,0.036352,0.036507,0.000155,0,0,0,0,0,7,natural,natural,"",0.022560,27508.801961,14460.897462,112676052.833698,fused,shoup,-1
v07_resident_generic,1,"Tesla V100-SXM2-16GB",7.0,0,"v100-sm70","hierarchical-dataflow-wave-warp-radix4-resident-fused-m4-g2","experimental",0.000000,"warp-parallel subgraphs with dependency-wave readiness; logical subgraphs are lowered into resident physical execution groups",hierarchical-dataflow,0,named-barrier,0,0,0,2,0,0,0,hermes-xor,inplace,radix4,32,12,4096,1,998244353,30,0,0,0,dataflow-radix4,"3+3+3+3",4,"6+6",2,1,"radix4+radix4+radix4+radix4","256+256+256+256","1+1+1+1","0+0+0+0","0+0+0+0","0+0+0+0","0+0+0+0","0+0+0+0","3+3+3+3","radix4+radix4","resident-fused+full-scratch+resident-fused","1+1+1",8,per-packet,interleaved-rows,0,0,10,50,0.010240,0.021484,0.021634,0.000150,0,0,0,0,0,7,natural,natural,"",0.021824,46547.310895,18675.001778,190657785.427206,fused,shoup,-1
v07_resident_core,1,"Tesla V100-SXM2-16GB",7.0,0,"v100-sm70","hierarchical-dataflow-wave-warp-radix4-resident-fused-m4-g2","experimental",0.000000,"warp-parallel subgraphs with dependency-wave readiness; logical subgraphs are lowered into resident physical execution groups",hierarchical-dataflow,0,named-barrier,0,0,0,4,0,0,0,hermes-xor,inplace,radix4,32,12,4096,1,998244353,30,0,0,0,dataflow-radix4,"3+3+3+3",4,"6+6",2,1,"radix4+radix4+radix4+radix4","256+256+256+256","1+1+1+1","0+0+0+0","0+0+0+0","0+0+0+0","0+0+0+0","0+0+0+0","3+3+3+3","dataflow-radix4+dataflow-radix4","resident-fused+full-scratch+resident-fused","1+1+1",8,per-packet,interleaved-rows,0,0,10,50,0.010240,0.031478,0.031646,0.000169,0,0,0,0,0,7,natural,natural,"",0.021696,31768.460760,15769.448221,130123615.272268,fused,shoup,-1
v07_full,2,"Tesla V100-SXM2-16GB",7.0,0,"v100-sm70","hierarchical-dataflow-wave-warp-radix4","experimental",0.000000,"warp-parallel subgraphs with dependency-wave readiness",hierarchical-dataflow,0,named-barrier,0,0,0,2,0,0,0,hermes-xor,inplace,radix4,32,12,4096,1,998244353,30,0,0,0,dataflow-radix4,"3+3+3+3",4,"3+3+3+3",4,3,"radix4+radix4+radix4+radix4","256+256+256+256","1+1+1+1","0+0+0+0","0+0+0+0","0+0+0+0","0+0+0+0","0+0+0+0","3+3+3+3","radix4+radix4+radix4+radix4","full-scratch+full-scratch+full-scratch","1+1+1",8,per-packet,interleaved-rows,0,0,10,50,0.009216,0.036577,0.036728,0.000151,0,0,0,0,0,7,natural,natural,"",0.022016,27339.375243,14747.243831,111982080.996765,fused,shoup,-1
v07_resident_generic,2,"Tesla V100-SXM2-16GB",7.0,0,"v100-sm70","hierarchical-dataflow-wave-warp-radix4-resident-fused-m4-g2","experimental",0.000000,"warp-parallel subgraphs with dependency-wave readiness; logical subgraphs are lowered into resident physical execution groups",hierarchical-dataflow,0,named-barrier,0,0,0,2,0,0,0,hermes-xor,inplace,radix4,32,12,4096,1,998244353,30,0,0,0,dataflow-radix4,"3+3+3+3",4,"6+6",2,1,"radix4+radix4+radix4+radix4","256+256+256+256","1+1+1+1","0+0+0+0","0+0+0+0","0+0+0+0","0+0+0+0","0+0+0+0","3+3+3+3","radix4+radix4","resident-fused+full-scratch+resident-fused","1+1+1",8,per-packet,interleaved-rows,0,0,10,50,0.010240,0.021484,0.021636,0.000152,0,0,0,0,0,7,natural,natural,"",0.022656,46547.310895,18389.276905,190657785.427206,fused,shoup,-1
v07_resident_core,2,"Tesla V100-SXM2-16GB",7.0,0,"v100-sm70","hierarchical-dataflow-wave-warp-radix4-resident-fused-m4-g2","experimental",0.000000,"warp-parallel subgraphs with dependency-wave readiness; logical subgraphs are lowered into resident physical execution groups",hierarchical-dataflow,0,named-barrier,0,0,0,4,0,0,0,hermes-xor,inplace,radix4,32,12,4096,1,998244353,30,0,0,0,dataflow-radix4,"3+3+3+3",4,"6+6",2,1,"radix4+radix4+radix4+radix4","256+256+256+256","1+1+1+1","0+0+0+0","0+0+0+0","0+0+0+0","0+0+0+0","0+0+0+0","3+3+3+3","dataflow-radix4+dataflow-radix4","resident-fused+full-scratch+resident-fused","1+1+1",8,per-packet,interleaved-rows,0,0,10,50,0.010240,0.031437,0.031613,0.000176,0,0,0,0,0,7,natural,natural,"",0.020736,31809.852452,16022.354320,130293155.643868,fused,shoup,-1
v06_hybrid2d,2,"Tesla V100-SXM2-16GB",7.0,0,"","","",0.000000,"",hybrid2d,0,named-barrier,0,0,0,0,0,0,0,hermes-xor,inplace,radix4,32,12,4096,1,998244353,30,6,4,256,dataflow-radix4,"",0,"",0,0,"","","","","","","","","","","","",0,per-packet,interleaved-rows,0,0,10,50,0.010240,0.007127,0.007280,0.000153,0,0,0,0,0,7,natural,natural,"",0.022304,140310.702727,25207.304786,574712638.370144,fused,shoup,-1
v07_resident_generic,3,"Tesla V100-SXM2-16GB",7.0,0,"v100-sm70","hierarchical-dataflow-wave-warp-radix4-resident-fused-m4-g2","experimental",0.000000,"warp-parallel subgraphs with dependency-wave readiness; logical subgraphs are lowered into resident physical execution groups",hierarchical-dataflow,0,named-barrier,0,0,0,2,0,0,0,hermes-xor,inplace,radix4,32,12,4096,1,998244353,30,0,0,0,dataflow-radix4,"3+3+3+3",4,"6+6",2,1,"radix4+radix4+radix4+radix4","256+256+256+256","1+1+1+1","0+0+0+0","0+0+0+0","0+0+0+0","0+0+0+0","0+0+0+0","3+3+3+3","radix4+radix4","resident-fused+full-scratch+resident-fused","1+1+1",8,per-packet,interleaved-rows,0,0,10,50,0.010240,0.021504,0.021662,0.000158,0,0,0,0,0,7,natural,natural,"",0.021408,46502.976560,18813.967961,190476191.988270,fused,shoup,-1
v07_resident_core,3,"Tesla V100-SXM2-16GB",7.0,0,"v100-sm70","hierarchical-dataflow-wave-warp-radix4-resident-fused-m4-g2","experimental",0.000000,"warp-parallel subgraphs with dependency-wave readiness; logical subgraphs are lowered into resident physical execution groups",hierarchical-dataflow,0,named-barrier,0,0,0,4,0,0,0,hermes-xor,inplace,radix4,32,12,4096,1,998244353,30,0,0,0,dataflow-radix4,"3+3+3+3",4,"6+6",2,1,"radix4+radix4+radix4+radix4","256+256+256+256","1+1+1+1","0+0+0+0","0+0+0+0","0+0+0+0","0+0+0+0","0+0+0+0","3+3+3+3","dataflow-radix4+dataflow-radix4","resident-fused+full-scratch+resident-fused","1+1+1",8,per-packet,interleaved-rows,0,0,10,50,0.010240,0.031478,0.031634,0.000157,0,0,0,0,0,7,natural,natural,"",0.021280,31768.460760,15873.580204,130123615.272268,fused,shoup,-1
v06_hybrid2d,3,"Tesla V100-SXM2-16GB",7.0,0,"","","",0.000000,"",hybrid2d,0,named-barrier,0,0,0,0,0,0,0,hermes-xor,inplace,radix4,32,12,4096,1,998244353,30,6,4,256,dataflow-radix4,"",0,"",0,0,"","","","","","","","","","","","",0,per-packet,interleaved-rows,0,0,10,50,0.010240,0.007107,0.007275,0.000168,0,0,0,0,0,7,natural,natural,"",0.021568,140715.061265,25697.322627,576368890.943130,fused,shoup,-1
v07_full,3,"Tesla V100-SXM2-16GB",7.0,0,"v100-sm70","hierarchical-dataflow-wave-warp-radix4","experimental",0.000000,"warp-parallel subgraphs with dependency-wave readiness",hierarchical-dataflow,0,named-barrier,0,0,0,2,0,0,0,hermes-xor,inplace,radix4,32,12,4096,1,998244353,30,0,0,0,dataflow-radix4,"3+3+3+3",4,"3+3+3+3",4,3,"radix4+radix4+radix4+radix4","256+256+256+256","1+1+1+1","0+0+0+0","0+0+0+0","0+0+0+0","0+0+0+0","0+0+0+0","3+3+3+3","radix4+radix4+radix4+radix4","full-scratch+full-scratch+full-scratch","1+1+1",8,per-packet,interleaved-rows,0,0,10,50,0.010240,0.036557,0.036721,0.000164,0,0,0,0,0,7,natural,natural,"",0.021728,27354.692651,14593.257093,112044821.100196,fused,shoup,-1
v06_hybrid2d,1,"Tesla V100-SXM2-16GB",7.0,0,"","","",0.000000,"",hybrid2d,0,named-barrier,0,0,0,0,0,0,0,hermes-xor,inplace,radix4,32,12,4096,4,998244353,30,6,4,256,dataflow-radix4,"",0,"",0,0,"","","","","","","","","","","","",0,per-packet,interleaved-rows,0,0,10,50,0.027648,0.007434,0.007599,0.000165,0,0,0,0,0,7,natural,natural,"",0.031840,538050.958637,59770.862042,2203856726.576519,fused,shoup,-1
v07_full,1,"Tesla V100-SXM2-16GB",7.0,0,"v100-sm70","hierarchical-dataflow-wave-warp-radix4","experimental",0.000000,"warp-parallel subgraphs with dependency-wave readiness",hierarchical-dataflow,0,named-barrier,0,0,0,2,0,0,0,hermes-xor,inplace,radix4,32,12,4096,4,998244353,30,0,0,0,dataflow-radix4,"3+3+3+3",4,"3+3+3+3",4,3,"radix4+radix4+radix4+radix4","256+256+256+256","1+1+1+1","0+0+0+0","0+0+0+0","0+0+0+0","0+0+0+0","0+0+0+0","3+3+3+3","radix4+radix4+radix4+radix4","full-scratch+full-scratch+full-scratch","1+1+1",8,per-packet,interleaved-rows,0,0,10,50,0.025600,0.053412,0.053591,0.000180,0,0,0,0,0,7,natural,natural,"",0.033504,74889.760317,35550.549235,306748458.260332,fused,shoup,-1
v07_resident_generic,1,"Tesla V100-SXM2-16GB",7.0,0,"v100-sm70","hierarchical-dataflow-wave-warp-radix4-resident-fused-m4-g2","experimental",0.000000,"warp-parallel subgraphs with dependency-wave readiness; logical subgraphs are lowered into resident physical execution groups",hierarchical-dataflow,0,named-barrier,0,0,0,2,0,0,0,hermes-xor,inplace,radix4,32,12,4096,4,998244353,30,0,0,0,dataflow-radix4,"3+3+3+3",4,"6+6",2,1,"radix4+radix4+radix4+radix4","256+256+256+256","1+1+1+1","0+0+0+0","0+0+0+0","0+0+0+0","0+0+0+0","0+0+0+0","3+3+3+3","radix4+radix4","resident-fused+full-scratch+resident-fused","1+1+1",8,per-packet,interleaved-rows,0,0,10,50,0.026624,0.021688,0.021851,0.000163,0,0,0,0,0,7,natural,natural,"",0.034464,184431.069233,48322.998014,755429659.576559,fused,shoup,-1
v07_resident_core,1,"Tesla V100-SXM2-16GB",7.0,0,"v100-sm70","hierarchical-dataflow-wave-warp-radix4-resident-fused-m4-g2","experimental",0.000000,"warp-parallel subgraphs with dependency-wave readiness; logical subgraphs are lowered into resident physical execution groups",hierarchical-dataflow,0,named-barrier,0,0,0,4,0,0,0,hermes-xor,inplace,radix4,32,12,4096,4,998244353,30,0,0,0,dataflow-radix4,"3+3+3+3",4,"6+6",2,1,"radix4+radix4+radix4+radix4","256+256+256+256","1+1+1+1","0+0+0+0","0+0+0+0","0+0+0+0","0+0+0+0","0+0+0+0","3+3+3+3","dataflow-radix4+dataflow-radix4","resident-fused+full-scratch+resident-fused","1+1+1",8,per-packet,interleaved-rows,0,0,10,50,0.025600,0.031539,0.031706,0.000166,0,0,0,0,0,7,natural,natural,"",0.033856,126826.306699,43958.363549,519480552.238603,fused,shoup,-1
v07_full,2,"Tesla V100-SXM2-16GB",7.0,0,"v100-sm70","hierarchical-dataflow-wave-warp-radix4","experimental",0.000000,"warp-parallel subgraphs with dependency-wave readiness",hierarchical-dataflow,0,named-barrier,0,0,0,2,0,0,0,hermes-xor,inplace,radix4,32,12,4096,4,998244353,30,0,0,0,dataflow-radix4,"3+3+3+3",4,"3+3+3+3",4,3,"radix4+radix4+radix4+radix4","256+256+256+256","1+1+1+1","0+0+0+0","0+0+0+0","0+0+0+0","0+0+0+0","0+0+0+0","3+3+3+3","radix4+radix4+radix4+radix4","full-scratch+full-scratch+full-scratch","1+1+1",8,per-packet,interleaved-rows,0,0,10,50,0.024576,0.053555,0.053714,0.000159,0,0,0,0,0,7,natural,natural,"",0.034528,74689.295313,35505.312445,305927353.602232,fused,shoup,-1
v07_resident_generic,2,"Tesla V100-SXM2-16GB",7.0,0,"v100-sm70","hierarchical-dataflow-wave-warp-radix4-resident-fused-m4-g2","experimental",0.000000,"warp-parallel subgraphs with dependency-wave readiness; logical subgraphs are lowered into resident physical execution groups",hierarchical-dataflow,0,named-barrier,0,0,0,2,0,0,0,hermes-xor,inplace,radix4,32,12,4096,4,998244353,30,0,0,0,dataflow-radix4,"3+3+3+3",4,"6+6",2,1,"radix4+radix4+radix4+radix4","256+256+256+256","1+1+1+1","0+0+0+0","0+0+0+0","0+0+0+0","0+0+0+0","0+0+0+0","3+3+3+3","radix4+radix4","resident-fused+full-scratch+resident-fused","1+1+1",8,per-packet,interleaved-rows,0,0,10,50,0.027648,0.021750,0.021920,0.000170,0,0,0,0,0,7,natural,natural,"",0.036128,183910.067250,46769.534466,753295635.453986,fused,shoup,-1
v07_resident_core,2,"Tesla V100-SXM2-16GB",7.0,0,"v100-sm70","hierarchical-dataflow-wave-warp-radix4-resident-fused-m4-g2","experimental",0.000000,"warp-parallel subgraphs with dependency-wave readiness; logical subgraphs are lowered into resident physical execution groups",hierarchical-dataflow,0,named-barrier,0,0,0,4,0,0,0,hermes-xor,inplace,radix4,32,12,4096,4,998244353,30,0,0,0,dataflow-radix4,"3+3+3+3",4,"6+6",2,1,"radix4+radix4+radix4+radix4","256+256+256+256","1+1+1+1","0+0+0+0","0+0+0+0","0+0+0+0","0+0+0+0","0+0+0+0","3+3+3+3","dataflow-radix4+dataflow-radix4","resident-fused+full-scratch+resident-fused","1+1+1",8,per-packet,interleaved-rows,0,0,10,50,0.025600,0.031560,0.031724,0.000165,0,0,0,0,0,7,natural,natural,"",0.034944,126743.998781,43429.317636,519143419.006516,fused,shoup,-1
v06_hybrid2d,2,"Tesla V100-SXM2-16GB",7.0,0,"","","",0.000000,"",hybrid2d,0,named-barrier,0,0,0,0,0,0,0,hermes-xor,inplace,radix4,32,12,4096,4,998244353,30,6,4,256,dataflow-radix4,"",0,"",0,0,"","","","","","","","","","","","",0,per-packet,interleaved-rows,0,0,10,50,0.024576,0.007455,0.007615,0.000160,0,0,0,0,0,7,natural,natural,"",0.032704,536572.778750,61790.642817,2197802101.759210,fused,shoup,-1
v07_resident_generic,3,"Tesla V100-SXM2-16GB",7.0,0,"v100-sm70","hierarchical-dataflow-wave-warp-radix4-resident-fused-m4-g2","experimental",0.000000,"warp-parallel subgraphs with dependency-wave readiness; logical subgraphs are lowered into resident physical execution groups",hierarchical-dataflow,0,named-barrier,0,0,0,2,0,0,0,hermes-xor,inplace,radix4,32,12,4096,4,998244353,30,0,0,0,dataflow-radix4,"3+3+3+3",4,"6+6",2,1,"radix4+radix4+radix4+radix4","256+256+256+256","1+1+1+1","0+0+0+0","0+0+0+0","0+0+0+0","0+0+0+0","0+0+0+0","3+3+3+3","radix4+radix4","resident-fused+full-scratch+resident-fused","1+1+1",8,per-packet,interleaved-rows,0,0,10,50,0.024576,0.021688,0.021857,0.000168,0,0,0,0,0,7,natural,natural,"",0.032960,184431.069233,50489.545375,755429659.576559,fused,shoup,-1
v07_resident_core,3,"Tesla V100-SXM2-16GB",7.0,0,"v100-sm70","hierarchical-dataflow-wave-warp-radix4-resident-fused-m4-g2","experimental",0.000000,"warp-parallel subgraphs with dependency-wave readiness; logical subgraphs are lowered into resident physical execution groups",hierarchical-dataflow,0,named-barrier,0,0,0,4,0,0,0,hermes-xor,inplace,radix4,32,12,4096,4,998244353,30,0,0,0,dataflow-radix4,"3+3+3+3",4,"6+6",2,1,"radix4+radix4+radix4+radix4","256+256+256+256","1+1+1+1","0+0+0+0","0+0+0+0","0+0+0+0","0+0+0+0","0+0+0+0","3+3+3+3","dataflow-radix4+dataflow-radix4","resident-fused+full-scratch+resident-fused","1+1+1",8,per-packet,interleaved-rows,0,0,10,50,0.025600,0.031539,0.031718,0.000179,0,0,0,0,0,7,natural,natural,"",0.033056,126826.306699,44348.260090,519480552.238603,fused,shoup,-1
v06_hybrid2d,3,"Tesla V100-SXM2-16GB",7.0,0,"","","",0.000000,"",hybrid2d,0,named-barrier,0,0,0,0,0,0,0,hermes-xor,inplace,radix4,32,12,4096,4,998244353,30,6,4,256,dataflow-radix4,"",0,"",0,0,"","","","","","","","","","","","",0,per-packet,interleaved-rows,0,0,10,50,0.027648,0.007434,0.007623,0.000189,0,0,0,0,0,7,natural,natural,"",0.034848,538050.958637,57199.860090,2203856726.576519,fused,shoup,-1
v07_full,3,"Tesla V100-SXM2-16GB",7.0,0,"v100-sm70","hierarchical-dataflow-wave-warp-radix4","experimental",0.000000,"warp-parallel subgraphs with dependency-wave readiness",hierarchical-dataflow,0,named-barrier,0,0,0,2,0,0,0,hermes-xor,inplace,radix4,32,12,4096,4,998244353,30,0,0,0,dataflow-radix4,"3+3+3+3",4,"3+3+3+3",4,3,"radix4+radix4+radix4+radix4","256+256+256+256","1+1+1+1","0+0+0+0","0+0+0+0","0+0+0+0","0+0+0+0","0+0+0+0","3+3+3+3","radix4+radix4+radix4+radix4","full-scratch+full-scratch+full-scratch","1+1+1",8,per-packet,interleaved-rows,0,0,10,50,0.028672,0.053576,0.053740,0.000164,0,0,0,0,0,7,natural,natural,"",0.035776,74660.742064,33891.503656,305810399.495133,fused,shoup,-1
v06_hybrid2d,1,"Tesla V100-SXM2-16GB",7.0,0,"","","",0.000000,"",hybrid2d,0,named-barrier,0,0,0,0,0,0,0,hermes-xor,inplace,radix4,32,12,4096,16,998244353,30,6,4,256,dataflow-radix4,"",0,"",0,0,"","","","","","","","","","","","",0,per-packet,interleaved-rows,0,0,10,50,0.068224,0.009073,0.009237,0.000164,0,0,0,0,0,7,natural,natural,"",0.080000,1763544.022059,101718.640604,7223476314.352164,fused,shoup,-1
v07_full,1,"Tesla V100-SXM2-16GB",7.0,0,"v100-sm70","hierarchical-dataflow-wave-warp-radix4","experimental",0.000000,"warp-parallel subgraphs with dependency-wave readiness",hierarchical-dataflow,0,named-barrier,0,0,0,2,0,0,0,hermes-xor,inplace,radix4,32,12,4096,16,998244353,30,0,0,0,dataflow-radix4,"3+3+3+3",4,"3+3+3+3",4,3,"radix4+radix4+radix4+radix4","256+256+256+256","1+1+1+1","0+0+0+0","0+0+0+0","0+0+0+0","0+0+0+0","0+0+0+0","3+3+3+3","radix4+radix4+radix4+radix4","full-scratch+full-scratch+full-scratch","1+1+1",8,per-packet,interleaved-rows,0,0,10,50,0.068512,0.120668,0.120837,0.000169,0,0,0,0,0,7,natural,natural,"",0.074976,132595.038210,60570.231768,543109276.506444,fused,shoup,-1
v07_resident_generic,1,"Tesla V100-SXM2-16GB",7.0,0,"v100-sm70","hierarchical-dataflow-wave-warp-radix4-resident-fused-m4-g2","experimental",0.000000,"warp-parallel subgraphs with dependency-wave readiness; logical subgraphs are lowered into resident physical execution groups",hierarchical-dataflow,0,named-barrier,0,0,0,2,0,0,0,hermes-xor,inplace,radix4,32,12,4096,16,998244353,30,0,0,0,dataflow-radix4,"3+3+3+3",4,"6+6",2,1,"radix4+radix4+radix4+radix4","256+256+256+256","1+1+1+1","0+0+0+0","0+0+0+0","0+0+0+0","0+0+0+0","0+0+0+0","3+3+3+3","radix4+radix4","resident-fused+full-scratch+resident-fused","1+1+1",8,per-packet,interleaved-rows,0,0,10,50,0.068672,0.033731,0.033888,0.000157,0,0,0,0,0,7,natural,natural,"",0.075328,474347.311463,90023.910197,1942926587.752049,fused,shoup,-1
v07_resident_core,1,"Tesla V100-SXM2-16GB",7.0,0,"v100-sm70","hierarchical-dataflow-wave-warp-radix4-resident-fused-m4-g2","experimental",0.000000,"warp-parallel subgraphs with dependency-wave readiness; logical subgraphs are lowered into resident physical execution groups",hierarchical-dataflow,0,named-barrier,0,0,0,4,0,0,0,hermes-xor,inplace,radix4,32,12,4096,16,998244353,30,0,0,0,dataflow-radix4,"3+3+3+3",4,"6+6",2,1,"radix4+radix4+radix4+radix4","256+256+256+256","1+1+1+1","0+0+0+0","0+0+0+0","0+0+0+0","0+0+0+0","0+0+0+0","3+3+3+3","dataflow-radix4+dataflow-radix4","resident-fused+full-scratch+resident-fused","1+1+1",8,per-packet,interleaved-rows,0,0,10,50,0.068352,0.041656,0.041830,0.000174,0,0,0,0,0,7,natural,natural,"",0.073824,384095.387306,87035.837254,1573254706.404104,fused,shoup,-1
v07_full,2,"Tesla V100-SXM2-16GB",7.0,0,"v100-sm70","hierarchical-dataflow-wave-warp-radix4","experimental",0.000000,"warp-parallel subgraphs with dependency-wave readiness",hierarchical-dataflow,0,named-barrier,0,0,0,2,0,0,0,hermes-xor,inplace,radix4,32,12,4096,16,998244353,30,0,0,0,dataflow-radix4,"3+3+3+3",4,"3+3+3+3",4,3,"radix4+radix4+radix4+radix4","256+256+256+256","1+1+1+1","0+0+0+0","0+0+0+0","0+0+0+0","0+0+0+0","0+0+0+0","3+3+3+3","radix4+radix4+radix4+radix4","full-scratch+full-scratch+full-scratch","1+1+1",8,per-packet,interleaved-rows,0,0,10,50,0.067296,0.120648,0.120829,0.000182,0,0,0,0,0,7,natural,natural,"",0.085792,132617.556277,58450.547820,543201510.512067,fused,shoup,-1
v07_resident_generic,2,"Tesla V100-SXM2-16GB",7.0,0,"v100-sm70","hierarchical-dataflow-wave-warp-radix4-resident-fused-m4-g2","experimental",0.000000,"warp-parallel subgraphs with dependency-wave readiness; logical subgraphs are lowered into resident physical execution groups",hierarchical-dataflow,0,named-barrier,0,0,0,2,0,0,0,hermes-xor,inplace,radix4,32,12,4096,16,998244353,30,0,0,0,dataflow-radix4,"3+3+3+3",4,"6+6",2,1,"radix4+radix4+radix4+radix4","256+256+256+256","1+1+1+1","0+0+0+0","0+0+0+0","0+0+0+0","0+0+0+0","0+0+0+0","3+3+3+3","radix4+radix4","resident-fused+full-scratch+resident-fused","1+1+1",8,per-packet,interleaved-rows,0,0,10,50,0.072640,0.033751,0.033912,0.000161,0,0,0,0,0,7,natural,natural,"",0.078912,474059.456228,86345.048700,1941747532.710462,fused,shoup,-1
v07_resident_core,2,"Tesla V100-SXM2-16GB",7.0,0,"v100-sm70","hierarchical-dataflow-wave-warp-radix4-resident-fused-m4-g2","experimental",0.000000,"warp-parallel subgraphs with dependency-wave readiness; logical subgraphs are lowered into resident physical execution groups",hierarchical-dataflow,0,named-barrier,0,0,0,4,0,0,0,hermes-xor,inplace,radix4,32,12,4096,16,998244353,30,0,0,0,dataflow-radix4,"3+3+3+3",4,"6+6",2,1,"radix4+radix4+radix4+radix4","256+256+256+256","1+1+1+1","0+0+0+0","0+0+0+0","0+0+0+0","0+0+0+0","0+0+0+0","3+3+3+3","dataflow-radix4+dataflow-radix4","resident-fused+full-scratch+resident-fused","1+1+1",8,per-packet,interleaved-rows,0,0,10,50,0.072672,0.041677,0.041847,0.000170,0,0,0,0,0,7,natural,natural,"",0.082976,383906.661792,81084.588464,1572481686.700818,fused,shoup,-1
v06_hybrid2d,2,"Tesla V100-SXM2-16GB",7.0,0,"","","",0.000000,"",hybrid2d,0,named-barrier,0,0,0,0,0,0,0,hermes-xor,inplace,radix4,32,12,4096,16,998244353,30,6,4,256,dataflow-radix4,"",0,"",0,0,"","","","","","","","","","","","",0,per-packet,interleaved-rows,0,0,10,50,0.067936,0.009032,0.009196,0.000164,0,0,0,0,0,7,natural,natural,"",0.074240,1771541.869185,105814.729231,7256235496.180793,fused,shoup,-1
v07_resident_generic,3,"Tesla V100-SXM2-16GB",7.0,0,"v100-sm70","hierarchical-dataflow-wave-warp-radix4-resident-fused-m4-g2","experimental",0.000000,"warp-parallel subgraphs with dependency-wave readiness; logical subgraphs are lowered into resident physical execution groups",hierarchical-dataflow,0,named-barrier,0,0,0,2,0,0,0,hermes-xor,inplace,radix4,32,12,4096,16,998244353,30,0,0,0,dataflow-radix4,"3+3+3+3",4,"6+6",2,1,"radix4+radix4+radix4+radix4","256+256+256+256","1+1+1+1","0+0+0+0","0+0+0+0","0+0+0+0","0+0+0+0","0+0+0+0","3+3+3+3","radix4+radix4","resident-fused+full-scratch+resident-fused","1+1+1",8,per-packet,interleaved-rows,0,0,10,50,0.067040,0.033710,0.033865,0.000155,0,0,0,0,0,7,natural,natural,"",0.073568,474635.516489,91786.236071,1944107075.539564,fused,shoup,-1
v07_resident_core,3,"Tesla V100-SXM2-16GB",7.0,0,"v100-sm70","hierarchical-dataflow-wave-warp-radix4-resident-fused-m4-g2","experimental",0.000000,"warp-parallel subgraphs with dependency-wave readiness; logical subgraphs are lowered into resident physical execution groups",hierarchical-dataflow,0,named-barrier,0,0,0,4,0,0,0,hermes-xor,inplace,radix4,32,12,4096,16,998244353,30,0,0,0,dataflow-radix4,"3+3+3+3",4,"6+6",2,1,"radix4+radix4+radix4+radix4","256+256+256+256","1+1+1+1","0+0+0+0","0+0+0+0","0+0+0+0","0+0+0+0","0+0+0+0","3+3+3+3","dataflow-radix4+dataflow-radix4","resident-fused+full-scratch+resident-fused","1+1+1",8,per-packet,interleaved-rows,0,0,10,50,0.069216,0.041697,0.041866,0.000168,0,0,0,0,0,7,natural,natural,"",0.073696,383718.087367,86669.532992,1571709285.853301,fused,shoup,-1
v06_hybrid2d,3,"Tesla V100-SXM2-16GB",7.0,0,"","","",0.000000,"",hybrid2d,0,named-barrier,0,0,0,0,0,0,0,hermes-xor,inplace,radix4,32,12,4096,16,998244353,30,6,4,256,dataflow-radix4,"",0,"",0,0,"","","","","","","","","","","","",0,per-packet,interleaved-rows,0,0,10,50,0.068864,0.009073,0.009240,0.000168,0,0,0,0,0,7,natural,natural,"",0.075808,1763544.022059,104068.664373,7223476314.352164,fused,shoup,-1
v07_full,3,"Tesla V100-SXM2-16GB",7.0,0,"v100-sm70","hierarchical-dataflow-wave-warp-radix4","experimental",0.000000,"warp-parallel subgraphs with dependency-wave readiness",hierarchical-dataflow,0,named-barrier,0,0,0,2,0,0,0,hermes-xor,inplace,radix4,32,12,4096,16,998244353,30,0,0,0,dataflow-radix4,"3+3+3+3",4,"3+3+3+3",4,3,"radix4+radix4+radix4+radix4","256+256+256+256","1+1+1+1","0+0+0+0","0+0+0+0","0+0+0+0","0+0+0+0","0+0+0+0","3+3+3+3","radix4+radix4+radix4+radix4","full-scratch+full-scratch+full-scratch","1+1+1",8,per-packet,interleaved-rows,0,0,10,50,0.067200,0.120689,0.120839,0.000150,0,0,0,0,0,7,natural,natural,"",0.073568,132572.544156,61195.615790,543017140.862750,fused,shoup,-1
v06_hybrid2d,1,"Tesla V100-SXM2-16GB",7.0,0,"","","",0.000000,"",hybrid2d,0,named-barrier,0,0,0,0,0,0,0,hermes-xor,inplace,radix4,32,14,16384,1,998244353,30,7,4,256,dataflow-radix4,"",0,"",0,0,"","","","","","","","","","","","",0,per-packet,interleaved-rows,0,0,10,50,0.029696,0.008458,0.008614,0.000155,0,0,0,0,0,7,natural,natural,"",0.030688,118227.906160,14525.965129,1937046014.532096,fused,shoup,-1
v07_full,1,"Tesla V100-SXM2-16GB",7.0,0,"v100-sm70","hierarchical-dataflow-wave-warp-radix4","experimental",0.000000,"warp-parallel subgraphs with dependency-wave readiness",hierarchical-dataflow,0,named-barrier,0,0,0,2,0,0,0,hermes-xor,inplace,radix4,32,14,16384,1,998244353,30,0,0,0,dataflow-radix4,"3+4+3+4",4,"3+4+3+4",4,3,"radix4+radix4+radix4+radix4","256+256+256+256","1+1+1+1","0+0+0+0","0+0+0+0","0+0+0+0","0+0+0+0","0+0+0+0","3+4+3+4","radix4+radix4+radix4+radix4","full-scratch+full-scratch+full-scratch","1+1+1",8,per-packet,interleaved-rows,0,0,10,50,0.028672,0.075039,0.075200,0.000161,0,0,0,0,0,7,natural,natural,"",0.031712,13326.454005,7384.285518,218340622.419284,fused,shoup,-1
v07_resident_generic,1,"Tesla V100-SXM2-16GB",7.0,0,"v100-sm70","hierarchical-dataflow-wave-warp-radix4-resident-fused-m4-g2","experimental",0.000000,"warp-parallel subgraphs with dependency-wave readiness; logical subgraphs are lowered into resident physical execution groups",hierarchical-dataflow,0,named-barrier,0,0,0,2,0,0,0,hermes-xor,inplace,radix4,32,14,16384,1,998244353,30,0,0,0,dataflow-radix4,"3+4+3+4",4,"7+7",2,1,"radix4+radix4+radix4+radix4","256+256+256+256","1+1+1+1","0+0+0+0","0+0+0+0","0+0+0+0","0+0+0+0","0+0+0+0","3+4+3+4","radix4+radix4","resident-fused+full-scratch+resident-fused","1+1+1",8,per-packet,interleaved-rows,0,0,10,50,0.029696,0.023654,0.023815,0.000161,0,0,0,0,0,7,natural,natural,"",0.033568,42275.433902,11505.043978,692640709.047441,fused,shoup,-1
v07_resident_core,1,"Tesla V100-SXM2-16GB",7.0,0,"v100-sm70","hierarchical-dataflow-wave-warp-radix4-resident-fused-m4-g2","experimental",0.000000,"warp-parallel subgraphs with dependency-wave readiness; logical subgraphs are lowered into resident physical execution groups",hierarchical-dataflow,0,named-barrier,0,0,0,4,0,0,0,hermes-xor,inplace,radix4,32,14,16384,1,998244353,30,0,0,0,dataflow-radix4,"3+4+3+4",4,"7+7",2,1,"radix4+radix4+radix4+radix4","256+256+256+256","1+1+1+1","0+0+0+0","0+0+0+0","0+0+0+0","0+0+0+0","0+0+0+0","3+4+3+4","dataflow-radix4+dataflow-radix4","resident-fused+full-scratch+resident-fused","1+1+1",8,per-packet,interleaved-rows,0,0,10,50,0.032768,0.031539,0.031706,0.000167,0,0,0,0,0,7,natural,natural,"",0.034304,31706.576675,10140.836097,519480552.238603,fused,shoup,-1
v07_full,2,"Tesla V100-SXM2-16GB",7.0,0,"v100-sm70","hierarchical-dataflow-wave-warp-radix4","experimental",0.000000,"warp-parallel subgraphs with dependency-wave readiness",hierarchical-dataflow,0,named-barrier,0,0,0,2,0,0,0,hermes-xor,inplace,radix4,32,14,16384,1,998244353,30,0,0,0,dataflow-radix4,"3+4+3+4",4,"3+4+3+4",4,3,"radix4+radix4+radix4+radix4","256+256+256+256","1+1+1+1","0+0+0+0","0+0+0+0","0+0+0+0","0+0+0+0","0+0+0+0","3+4+3+4","radix4+radix4+radix4+radix4","full-scratch+full-scratch+full-scratch","1+1+1",8,per-packet,interleaved-rows,0,0,10,50,0.027648,0.074977,0.075118,0.000141,0,0,0,0,0,7,natural,natural,"",0.033056,13337.373898,7370.213644,218519533.944400,fused,shoup,-1
v07_resident_generic,2,"Tesla V100-SXM2-16GB",7.0,0,"v100-sm70","hierarchical-dataflow-wave-warp-radix4-resident-fused-m4-g2","experimental",0.000000,"warp-parallel subgraphs with dependency-wave readiness; logical subgraphs are lowered into resident physical execution groups",hierarchical-dataflow,0,named-barrier,0,0,0,2,0,0,0,hermes-xor,inplace,radix4,32,14,16384,1,998244353,30,0,0,0,dataflow-radix4,"3+4+3+4",4,"7+7",2,1,"radix4+radix4+radix4+radix4","256+256+256+256","1+1+1+1","0+0+0+0","0+0+0+0","0+0+0+0","0+0+0+0","0+0+0+0","3+4+3+4","radix4+radix4","resident-fused+full-scratch+resident-fused","1+1+1",8,per-packet,interleaved-rows,0,0,10,50,0.029696,0.023675,0.023831,0.000156,0,0,0,0,0,7,natural,natural,"",0.033792,42238.863843,11472.773701,692041545.200708,fused,shoup,-1
v07_resident_core,2,"Tesla V100-SXM2-16GB",7.0,0,"v100-sm70","hierarchical-dataflow-wave-warp-radix4-resident-fused-m4-g2","experimental",0.000000,"warp-parallel subgraphs with dependency-wave readiness; logical subgraphs are lowered into resident physical execution groups",hierarchical-dataflow,0,named-barrier,0,0,0,4,0,0,0,hermes-xor,inplace,radix4,32,14,16384,1,998244353,30,0,0,0,dataflow-radix4,"3+4+3+4",4,"7+7",2,1,"radix4+radix4+radix4+radix4","256+256+256+256","1+1+1+1","0+0+0+0","0+0+0+0","0+0+0+0","0+0+0+0","0+0+0+0","3+4+3+4","dataflow-radix4+dataflow-radix4","resident-fused+full-scratch+resident-fused","1+1+1",8,per-packet,interleaved-rows,0,0,10,50,0.030720,0.031560,0.031715,0.000155,0,0,0,0,0,7,natural,natural,"",0.031872,31685.999695,10621.159453,519143419.006516,fused,shoup,-1
v06_hybrid2d,2,"Tesla V100-SXM2-16GB",7.0,0,"","","",0.000000,"",hybrid2d,0,named-barrier,0,0,0,0,0,0,0,hermes-xor,inplace,radix4,32,14,16384,1,998244353,30,7,4,256,dataflow-radix4,"",0,"",0,0,"","","","","","","","","","","","",0,per-packet,interleaved-rows,0,0,10,50,0.030720,0.008520,0.008678,0.000158,0,0,0,0,0,7,natural,natural,"",0.034528,117375.297184,13556.072642,1923076869.070699,fused,shoup,-1
v07_resident_generic,3,"Tesla V100-SXM2-16GB",7.0,0,"v100-sm70","hierarchical-dataflow-wave-warp-radix4-resident-fused-m4-g2","experimental",0.000000,"warp-parallel subgraphs with dependency-wave readiness; logical subgraphs are lowered into resident physical execution groups",hierarchical-dataflow,0,named-barrier,0,0,0,2,0,0,0,hermes-xor,inplace,radix4,32,14,16384,1,998244353,30,0,0,0,dataflow-radix4,"3+4+3+4",4,"7+7",2,1,"radix4+radix4+radix4+radix4","256+256+256+256","1+1+1+1","0+0+0+0","0+0+0+0","0+0+0+0","0+0+0+0","0+0+0+0","3+4+3+4","radix4+radix4","resident-fused+full-scratch+resident-fused","1+1+1",8,per-packet,interleaved-rows,0,0,10,50,0.028672,0.023634,0.023797,0.000163,0,0,0,0,0,7,natural,natural,"",0.034048,42312.064005,11580.250154,693240856.659467,fused,shoup,-1
v07_resident_core,3,"Tesla V100-SXM2-16GB",7.0,0,"v100-sm70","hierarchical-dataflow-wave-warp-radix4-resident-fused-m4-g2","experimental",0.000000,"warp-parallel subgraphs with dependency-wave readiness; logical subgraphs are lowered into resident physical execution groups",hierarchical-dataflow,0,named-barrier,0,0,0,4,0,0,0,hermes-xor,inplace,radix4,32,14,16384,1,998244353,30,0,0,0,dataflow-radix4,"3+4+3+4",4,"7+7",2,1,"radix4+radix4+radix4+radix4","256+256+256+256","1+1+1+1","0+0+0+0","0+0+0+0","0+0+0+0","0+0+0+0","0+0+0+0","3+4+3+4","dataflow-radix4+dataflow-radix4","resident-fused+full-scratch+resident-fused","1+1+1",8,per-packet,interleaved-rows,0,0,10,50,0.028672,0.031519,0.031684,0.000166,0,0,0,0,0,7,natural,natural,"",0.033696,31727.176647,10651.133620,519818062.186981,fused,shoup,-1
v06_hybrid2d,3,"Tesla V100-SXM2-16GB",7.0,0,"","","",0.000000,"",hybrid2d,0,named-barrier,0,0,0,0,0,0,0,hermes-xor,inplace,radix4,32,14,16384,1,998244353,30,7,4,256,dataflow-radix4,"",0,"",0,0,"","","","","","","","","","","","",0,per-packet,interleaved-rows,0,0,10,50,0.032768,0.008581,0.008749,0.000168,0,0,0,0,0,7,natural,natural,"",0.040768,116534.910109,12177.728482,1909307967.229971,fused,shoup,-1
v07_full,3,"Tesla V100-SXM2-16GB",7.0,0,"v100-sm70","hierarchical-dataflow-wave-warp-radix4","experimental",0.000000,"warp-parallel subgraphs with dependency-wave readiness",hierarchical-dataflow,0,named-barrier,0,0,0,2,0,0,0,hermes-xor,inplace,radix4,32,14,16384,1,998244353,30,0,0,0,dataflow-radix4,"3+4+3+4",4,"3+4+3+4",4,3,"radix4+radix4+radix4+radix4","256+256+256+256","1+1+1+1","0+0+0+0","0+0+0+0","0+0+0+0","0+0+0+0","0+0+0+0","3+4+3+4","radix4+radix4+radix4+radix4","full-scratch+full-scratch+full-scratch","1+1+1",8,per-packet,interleaved-rows,0,0,10,50,0.033792,0.074936,0.075105,0.000169,0,0,0,0,0,7,natural,natural,"",0.037664,13344.664659,6830.959642,218638985.767637,fused,shoup,-1
v06_hybrid2d,1,"Tesla V100-SXM2-16GB",7.0,0,"","","",0.000000,"",hybrid2d,0,named-barrier,0,0,0,0,0,0,0,hermes-xor,inplace,radix4,32,14,16384,4,998244353,30,7,4,256,dataflow-radix4,"",0,"",0,0,"","","","","","","","","","","","",0,per-packet,interleaved-rows,0,0,10,50,0.072224,0.010322,0.010508,0.000186,0,0,0,0,0,7,natural,natural,"",0.080800,387524.808859,24487.909560,6349206468.353870,fused,shoup,-1
v07_full,1,"Tesla V100-SXM2-16GB",7.0,0,"v100-sm70","hierarchical-dataflow-wave-warp-radix4","experimental",0.000000,"warp-parallel subgraphs with dependency-wave readiness",hierarchical-dataflow,0,named-barrier,0,0,0,2,0,0,0,hermes-xor,inplace,radix4,32,14,16384,4,998244353,30,0,0,0,dataflow-radix4,"3+4+3+4",4,"3+4+3+4",4,3,"radix4+radix4+radix4+radix4","256+256+256+256","1+1+1+1","0+0+0+0","0+0+0+0","0+0+0+0","0+0+0+0","0+0+0+0","3+4+3+4","radix4+radix4+radix4+radix4","full-scratch+full-scratch+full-scratch","1+1+1",8,per-packet,interleaved-rows,0,0,10,50,0.075584,0.155034,0.155208,0.000175,0,0,0,0,0,7,natural,natural,"",0.096736,25800.858102,12219.202567,422721259.137021,fused,shoup,-1
v07_resident_generic,1,"Tesla V100-SXM2-16GB",7.0,0,"v100-sm70","hierarchical-dataflow-wave-warp-radix4-resident-fused-m4-g2","experimental",0.000000,"warp-parallel subgraphs with dependency-wave readiness; logical subgraphs are lowered into resident physical execution groups",hierarchical-dataflow,0,named-barrier,0,0,0,2,0,0,0,hermes-xor,inplace,radix4,32,14,16384,4,998244353,30,0,0,0,dataflow-radix4,"3+4+3+4",4,"7+7",2,1,"radix4+radix4+radix4+radix4","256+256+256+256","1+1+1+1","0+0+0+0","0+0+0+0","0+0+0+0","0+0+0+0","0+0+0+0","3+4+3+4","radix4+radix4","resident-fused+full-scratch+resident-fused","1+1+1",8,per-packet,interleaved-rows,0,0,10,50,0.077504,0.033464,0.033646,0.000181,0,0,0,0,0,7,natural,natural,"",0.085248,119530.293743,20385.663891,1958384332.692049,fused,shoup,-1
v07_resident_core,1,"Tesla V100-SXM2-16GB",7.0,0,"v100-sm70","hierarchical-dataflow-wave-warp-radix4-resident-fused-m4-g2","experimental",0.000000,"warp-parallel subgraphs with dependency-wave readiness; logical subgraphs are lowered into resident physical execution groups",hierarchical-dataflow,0,named-barrier,0,0,0,4,0,0,0,hermes-xor,inplace,radix4,32,14,16384,4,998244353,30,0,0,0,dataflow-radix4,"3+4+3+4",4,"7+7",2,1,"radix4+radix4+radix4+radix4","256+256+256+256","1+1+1+1","0+0+0+0","0+0+0+0","0+0+0+0","0+0+0+0","0+0+0+0","3+4+3+4","dataflow-radix4+dataflow-radix4","resident-fused+full-scratch+resident-fused","1+1+1",8,per-packet,interleaved-rows,0,0,10,50,0.068288,0.035185,0.035363,0.000179,0,0,0,0,0,7,natural,natural,"",0.074304,113685.970647,22500.144201,1862630943.086279,fused,shoup,-1
v07_full,2,"Tesla V100-SXM2-16GB",7.0,0,"v100-sm70","hierarchical-dataflow-wave-warp-radix4","experimental",0.000000,"warp-parallel subgraphs with dependency-wave readiness",hierarchical-dataflow,0,named-barrier,0,0,0,2,0,0,0,hermes-xor,inplace,radix4,32,14,16384,4,998244353,30,0,0,0,dataflow-radix4,"3+4+3+4",4,"3+4+3+4",4,3,"radix4+radix4+radix4+radix4","256+256+256+256","1+1+1+1","0+0+0+0","0+0+0+0","0+0+0+0","0+0+0+0","0+0+0+0","3+4+3+4","radix4+radix4+radix4+radix4","full-scratch+full-scratch+full-scratch","1+1+1",8,per-packet,interleaved-rows,0,0,10,50,0.071872,0.154952,0.155114,0.000163,0,0,0,0,0,7,natural,natural,"",0.078208,25814.499620,13113.392044,422944761.777199,fused,shoup,-1
v07_resident_generic,2,"Tesla V100-SXM2-16GB",7.0,0,"v100-sm70","hierarchical-dataflow-wave-warp-radix4-resident-fused-m4-g2","experimental",0.000000,"warp-parallel subgraphs with dependency-wave readiness; logical subgraphs are lowered into resident physical execution groups",hierarchical-dataflow,0,named-barrier,0,0,0,2,0,0,0,hermes-xor,inplace,radix4,32,14,16384,4,998244353,30,0,0,0,dataflow-radix4,"3+4+3+4",4,"7+7",2,1,"radix4+radix4+radix4+radix4","256+256+256+256","1+1+1+1","0+0+0+0","0+0+0+0","0+0+0+0","0+0+0+0","0+0+0+0","3+4+3+4","radix4+radix4","resident-fused+full-scratch+resident-fused","1+1+1",8,per-packet,interleaved-rows,0,0,10,50,0.068096,0.033382,0.033546,0.000164,0,0,0,0,0,7,natural,natural,"",0.075552,119823.616508,22594.989406,1963190132.866125,fused,shoup,-1
v07_resident_core,2,"Tesla V100-SXM2-16GB",7.0,0,"v100-sm70","hierarchical-dataflow-wave-warp-radix4-resident-fused-m4-g2","experimental",0.000000,"warp-parallel subgraphs with dependency-wave readiness; logical subgraphs are lowered into resident physical execution groups",hierarchical-dataflow,0,named-barrier,0,0,0,4,0,0,0,hermes-xor,inplace,radix4,32,14,16384,4,998244353,30,0,0,0,dataflow-radix4,"3+4+3+4",4,"7+7",2,1,"radix4+radix4+radix4+radix4","256+256+256+256","1+1+1+1","0+0+0+0","0+0+0+0","0+0+0+0","0+0+0+0","0+0+0+0","3+4+3+4","dataflow-radix4+dataflow-radix4","resident-fused+full-scratch+resident-fused","1+1+1",8,per-packet,interleaved-rows,0,0,10,50,0.070592,0.035205,0.035408,0.000203,0,0,0,0,0,7,natural,natural,"",0.094816,113619.830391,19938.875142,1861547301.119975,fused,shoup,-1
v06_hybrid2d,2,"Tesla V100-SXM2-16GB",7.0,0,"","","",0.000000,"",hybrid2d,0,named-barrier,0,0,0,0,0,0,0,hermes-xor,inplace,radix4,32,14,16384,4,998244353,30,7,4,256,dataflow-radix4,"",0,"",0,0,"","","","","","","","","","","","",0,per-packet,interleaved-rows,0,0,10,50,0.066848,0.010342,0.010476,0.000134,0,0,0,0,0,7,natural,natural,"",0.074912,386757.406258,26298.072943,6336633344.132967,fused,shoup,-1
v07_resident_generic,3,"Tesla V100-SXM2-16GB",7.0,0,"v100-sm70","hierarchical-dataflow-wave-warp-radix4-resident-fused-m4-g2","experimental",0.000000,"warp-parallel subgraphs with dependency-wave readiness; logical subgraphs are lowered into resident physical execution groups",hierarchical-dataflow,0,named-barrier,0,0,0,2,0,0,0,hermes-xor,inplace,radix4,32,14,16384,4,998244353,30,0,0,0,dataflow-radix4,"3+4+3+4",4,"7+7",2,1,"radix4+radix4+radix4+radix4","256+256+256+256","1+1+1+1","0+0+0+0","0+0+0+0","0+0+0+0","0+0+0+0","0+0+0+0","3+4+3+4","radix4+radix4","resident-fused+full-scratch+resident-fused","1+1+1",8,per-packet,interleaved-rows,0,0,10,50,0.067520,0.033423,0.033590,0.000167,0,0,0,0,0,7,natural,natural,"",0.082336,119676.775395,21824.606795,1960784288.079768,fused,shoup,-1
v07_resident_core,3,"Tesla V100-SXM2-16GB",7.0,0,"v100-sm70","hierarchical-dataflow-wave-warp-radix4-resident-fused-m4-g2","experimental",0.000000,"warp-parallel subgraphs with dependency-wave readiness; logical subgraphs are lowered into resident physical execution groups",hierarchical-dataflow,0,named-barrier,0,0,0,4,0,0,0,hermes-xor,inplace,radix4,32,14,16384,4,998244353,30,0,0,0,dataflow-radix4,"3+4+3+4",4,"7+7",2,1,"radix4+radix4+radix4+radix4","256+256+256+256","1+1+1+1","0+0+0+0","0+0+0+0","0+0+0+0","0+0+0+0","0+0+0+0","3+4+3+4","dataflow-radix4+dataflow-radix4","resident-fused+full-scratch+resident-fused","1+1+1",8,per-packet,interleaved-rows,0,0,10,50,0.068416,0.035164,0.035328,0.000164,0,0,0,0,0,7,natural,natural,"",0.073184,113752.175901,22629.021579,1863715649.962476,fused,shoup,-1
v06_hybrid2d,3,"Tesla V100-SXM2-16GB",7.0,0,"","","",0.000000,"",hybrid2d,0,named-barrier,0,0,0,0,0,0,0,hermes-xor,inplace,radix4,32,14,16384,4,998244353,30,7,4,256,dataflow-radix4,"",0,"",0,0,"","","","","","","","","","","","",0,per-packet,interleaved-rows,0,0,10,50,0.069152,0.010281,0.010446,0.000165,0,0,0,0,0,7,natural,natural,"",0.074080,389068.751282,26056.432876,6374502421.001141,fused,shoup,-1
v07_full,3,"Tesla V100-SXM2-16GB",7.0,0,"v100-sm70","hierarchical-dataflow-wave-warp-radix4","experimental",0.000000,"warp-parallel subgraphs with dependency-wave readiness",hierarchical-dataflow,0,named-barrier,0,0,0,2,0,0,0,hermes-xor,inplace,radix4,32,14,16384,4,998244353,30,0,0,0,dataflow-radix4,"3+4+3+4",4,"3+4+3+4",4,3,"radix4+radix4+radix4+radix4","256+256+256+256","1+1+1+1","0+0+0+0","0+0+0+0","0+0+0+0","0+0+0+0","0+0+0+0","3+4+3+4","radix4+radix4+radix4+radix4","full-scratch+full-scratch+full-scratch","1+1+1",8,per-packet,interleaved-rows,0,0,10,50,0.067296,0.155095,0.155273,0.000178,0,0,0,0,0,7,natural,natural,"",0.073440,25790.637659,13521.231599,422553807.412042,fused,shoup,-1
v06_hybrid2d,1,"Tesla V100-SXM2-16GB",7.0,0,"","","",0.000000,"",hybrid2d,0,named-barrier,0,0,0,0,0,0,0,hermes-xor,inplace,radix4,32,14,16384,16,998244353,30,7,4,256,dataflow-radix4,"",0,"",0,0,"","","","","","","","","","","","",0,per-packet,interleaved-rows,0,0,10,50,0.280768,0.016609,0.016777,0.000168,0,0,0,0,0,7,natural,natural,"",0.253728,963316.925271,29032.564785,15782984503.637136,fused,shoup,-1
v07_full,1,"Tesla V100-SXM2-16GB",7.0,0,"v100-sm70","hierarchical-dataflow-wave-warp-radix4","experimental",0.000000,"warp-parallel subgraphs with dependency-wave readiness",hierarchical-dataflow,0,named-barrier,0,0,0,2,0,0,0,hermes-xor,inplace,radix4,32,14,16384,16,998244353,30,0,0,0,dataflow-radix4,"3+4+3+4",4,"3+4+3+4",4,3,"radix4+radix4+radix4+radix4","256+256+256+256","1+1+1+1","0+0+0+0","0+0+0+0","0+0+0+0","0+0+0+0","0+0+0+0","3+4+3+4","radix4+radix4+radix4+radix4","full-scratch+full-scratch+full-scratch","1+1+1",8,per-packet,interleaved-rows,0,0,10,50,0.279904,0.468029,0.468197,0.000168,0,0,0,0,0,7,natural,natural,"",0.260224,34185.883732,15870.536702,560101519.059233,fused,shoup,-1
v07_resident_generic,1,"Tesla V100-SXM2-16GB",7.0,0,"v100-sm70","hierarchical-dataflow-wave-warp-radix4-resident-fused-m4-g2","experimental",0.000000,"warp-parallel subgraphs with dependency-wave readiness; logical subgraphs are lowered into resident physical execution groups",hierarchical-dataflow,0,named-barrier,0,0,0,2,0,0,0,hermes-xor,inplace,radix4,32,14,16384,16,998244353,30,0,0,0,dataflow-radix4,"3+4+3+4",4,"7+7",2,1,"radix4+radix4+radix4+radix4","256+256+256+256","1+1+1+1","0+0+0+0","0+0+0+0","0+0+0+0","0+0+0+0","0+0+0+0","3+4+3+4","radix4+radix4","resident-fused+full-scratch+resident-fused","1+1+1",8,per-packet,interleaved-rows,0,0,10,50,0.283552,0.064901,0.065072,0.000171,0,0,0,0,0,7,natural,natural,"",0.293632,246528.869812,24918.814788,4039129003.005781,fused,shoup,-1
v07_resident_core,1,"Tesla V100-SXM2-16GB",7.0,0,"v100-sm70","hierarchical-dataflow-wave-warp-radix4-resident-fused-m4-g2","experimental",0.000000,"warp-parallel subgraphs with dependency-wave readiness; logical subgraphs are lowered into resident physical execution groups",hierarchical-dataflow,0,named-barrier,0,0,0,4,0,0,0,hermes-xor,inplace,radix4,32,14,16384,16,998244353,30,0,0,0,dataflow-radix4,"3+4+3+4",4,"7+7",2,1,"radix4+radix4+radix4+radix4","256+256+256+256","1+1+1+1","0+0+0+0","0+0+0+0","0+0+0+0","0+0+0+0","0+0+0+0","3+4+3+4","dataflow-radix4+dataflow-radix4","resident-fused+full-scratch+resident-fused","1+1+1",8,per-packet,interleaved-rows,0,0,10,50,0.279904,0.070083,0.070237,0.000155,0,0,0,0,0,7,natural,natural,"",0.255360,228302.161886,26431.139864,3740502620.347464,fused,shoup,-1
v07_full,2,"Tesla V100-SXM2-16GB",7.0,0,"v100-sm70","hierarchical-dataflow-wave-warp-radix4","experimental",0.000000,"warp-parallel subgraphs with dependency-wave readiness",hierarchical-dataflow,0,named-barrier,0,0,0,2,0,0,0,hermes-xor,inplace,radix4,32,14,16384,16,998244353,30,0,0,0,dataflow-radix4,"3+4+3+4",4,"3+4+3+4",4,3,"radix4+radix4+radix4+radix4","256+256+256+256","1+1+1+1","0+0+0+0","0+0+0+0","0+0+0+0","0+0+0+0","0+0+0+0","3+4+3+4","radix4+radix4+radix4+radix4","full-scratch+full-scratch+full-scratch","1+1+1",8,per-packet,interleaved-rows,0,0,10,50,0.284928,0.467907,0.468084,0.000177,0,0,0,0,0,7,natural,natural,"",0.278176,34194.861143,15518.754603,560248604.963753,fused,shoup,-1
v07_resident_generic,2,"Tesla V100-SXM2-16GB",7.0,0,"v100-sm70","hierarchical-dataflow-wave-warp-radix4-resident-fused-m4-g2","experimental",0.000000,"warp-parallel subgraphs with dependency-wave readiness; logical subgraphs are lowered into resident physical execution groups",hierarchical-dataflow,0,named-barrier,0,0,0,2,0,0,0,hermes-xor,inplace,radix4,32,14,16384,16,998244353,30,0,0,0,dataflow-radix4,"3+4+3+4",4,"7+7",2,1,"radix4+radix4+radix4+radix4","256+256+256+256","1+1+1+1","0+0+0+0","0+0+0+0","0+0+0+0","0+0+0+0","0+0+0+0","3+4+3+4","radix4+radix4","resident-fused+full-scratch+resident-fused","1+1+1",8,per-packet,interleaved-rows,0,0,10,50,0.280416,0.064983,0.065165,0.000182,0,0,0,0,0,7,natural,natural,"",0.256736,246218.089778,26572.111481,4034037182.921656,fused,shoup,-1
v07_resident_core,2,"Tesla V100-SXM2-16GB",7.0,0,"v100-sm70","hierarchical-dataflow-wave-warp-radix4-resident-fused-m4-g2","experimental",0.000000,"warp-parallel subgraphs with dependency-wave readiness; logical subgraphs are lowered into resident physical execution groups",hierarchical-dataflow,0,named-barrier,0,0,0,4,0,0,0,hermes-xor,inplace,radix4,32,14,16384,16,998244353,30,0,0,0,dataflow-radix4,"3+4+3+4",4,"7+7",2,1,"radix4+radix4+radix4+radix4","256+256+256+256","1+1+1+1","0+0+0+0","0+0+0+0","0+0+0+0","0+0+0+0","0+0+0+0","3+4+3+4","dataflow-radix4+dataflow-radix4","resident-fused+full-scratch+resident-fused","1+1+1",8,per-packet,interleaved-rows,0,0,10,50,0.279008,0.070410,0.070568,0.000158,0,0,0,0,0,7,natural,natural,"",0.255616,227239.660781,26444.783715,3723094602.239949,fused,shoup,-1
v06_hybrid2d,2,"Tesla V100-SXM2-16GB",7.0,0,"","","",0.000000,"",hybrid2d,0,named-barrier,0,0,0,0,0,0,0,hermes-xor,inplace,radix4,32,14,16384,16,998244353,30,7,4,256,dataflow-radix4,"",0,"",0,0,"","","","","","","","","","","","",0,per-packet,interleaved-rows,0,0,10,50,0.280448,0.016589,0.016761,0.000172,0,0,0,0,0,7,natural,natural,"",0.257568,964506.192873,28849.372123,15802469464.032291,fused,shoup,-1
v07_resident_generic,3,"Tesla V100-SXM2-16GB",7.0,0,"v100-sm70","hierarchical-dataflow-wave-warp-radix4-resident-fused-m4-g2","experimental",0.000000,"warp-parallel subgraphs with dependency-wave readiness; logical subgraphs are lowered into resident physical execution groups",hierarchical-dataflow,0,named-barrier,0,0,0,2,0,0,0,hermes-xor,inplace,radix4,32,14,16384,16,998244353,30,0,0,0,dataflow-radix4,"3+4+3+4",4,"7+7",2,1,"radix4+radix4+radix4+radix4","256+256+256+256","1+1+1+1","0+0+0+0","0+0+0+0","0+0+0+0","0+0+0+0","0+0+0+0","3+4+3+4","radix4+radix4","resident-fused+full-scratch+resident-fused","1+1+1",8,per-packet,interleaved-rows,0,0,10,50,0.286848,0.065126,0.065288,0.000162,0,0,0,0,0,7,natural,natural,"",0.263072,245676.113019,26014.296646,4025157435.695232,fused,shoup,-1
v07_resident_core,3,"Tesla V100-SXM2-16GB",7.0,0,"v100-sm70","hierarchical-dataflow-wave-warp-radix4-resident-fused-m4-g2","experimental",0.000000,"warp-parallel subgraphs with dependency-wave readiness; logical subgraphs are lowered into resident physical execution groups",hierarchical-dataflow,0,named-barrier,0,0,0,4,0,0,0,hermes-xor,inplace,radix4,32,14,16384,16,998244353,30,0,0,0,dataflow-radix4,"3+4+3+4",4,"7+7",2,1,"radix4+radix4+radix4+radix4","256+256+256+256","1+1+1+1","0+0+0+0","0+0+0+0","0+0+0+0","0+0+0+0","0+0+0+0","3+4+3+4","dataflow-radix4+dataflow-radix4","resident-fused+full-scratch+resident-fused","1+1+1",8,per-packet,interleaved-rows,0,0,10,50,0.291904,0.070472,0.070649,0.000177,0,0,0,0,0,7,natural,natural,"",0.283136,227041.576360,24786.538071,3719849187.087912,fused,shoup,-1
v06_hybrid2d,3,"Tesla V100-SXM2-16GB",7.0,0,"","","",0.000000,"",hybrid2d,0,named-barrier,0,0,0,0,0,0,0,hermes-xor,inplace,radix4,32,14,16384,16,998244353,30,7,4,256,dataflow-radix4,"",0,"",0,0,"","","","","","","","","","","","",0,per-packet,interleaved-rows,0,0,10,50,0.289472,0.016589,0.016759,0.000171,0,0,0,0,0,7,natural,natural,"",0.271808,964506.192873,27687.945211,15802469464.032291,fused,shoup,-1
v07_full,3,"Tesla V100-SXM2-16GB",7.0,0,"v100-sm70","hierarchical-dataflow-wave-warp-radix4","experimental",0.000000,"warp-parallel subgraphs with dependency-wave readiness",hierarchical-dataflow,0,named-barrier,0,0,0,2,0,0,0,hermes-xor,inplace,radix4,32,14,16384,16,998244353,30,0,0,0,dataflow-radix4,"3+4+3+4",4,"3+4+3+4",4,3,"radix4+radix4+radix4+radix4","256+256+256+256","1+1+1+1","0+0+0+0","0+0+0+0","0+0+0+0","0+0+0+0","0+0+0+0","3+4+3+4","radix4+radix4+radix4+radix4","full-scratch+full-scratch+full-scratch","1+1+1",8,per-packet,interleaved-rows,0,0,10,50,0.299200,0.468050,0.468225,0.000175,0,0,0,0,0,7,natural,natural,"",0.283808,34184.388317,15222.757875,560077018.193715,fused,shoup,-1
v06_hybrid2d,1,"Tesla V100-SXM2-16GB",7.0,0,"","","",0.000000,"",hybrid2d,0,named-barrier,0,0,0,0,0,0,0,hermes-xor,inplace,radix4,32,16,65536,1,998244353,30,8,4,256,dataflow-radix4,"",0,"",0,0,"","","","","","","","","","","","",0,per-packet,interleaved-rows,0,0,10,50,0.072512,0.012083,0.012243,0.000159,0,0,0,0,0,7,natural,natural,"",0.085504,82759.535224,5878.922297,5423728900.409636,fused,shoup,-1
v07_full,1,"Tesla V100-SXM2-16GB",7.0,0,"v100-sm70","hierarchical-dataflow-wave-warp-radix4","experimental",0.000000,"warp-parallel subgraphs with dependency-wave readiness",hierarchical-dataflow,0,named-barrier,0,0,0,2,0,0,0,hermes-xor,inplace,radix4,32,16,65536,1,998244353,30,0,0,0,dataflow-radix4,"4+4+4+4",4,"4+4+4+4",4,3,"radix4+radix4+radix4+radix4","256+256+256+256","1+1+1+1","0+0+0+0","0+0+0+0","0+0+0+0","0+0+0+0","0+0+0+0","4+4+4+4","radix4+radix4+radix4+radix4","full-scratch+full-scratch+full-scratch","1+1+1",8,per-packet,interleaved-rows,0,0,10,50,0.078144,0.123290,0.123473,0.000183,0,0,0,0,0,7,natural,natural,"",0.098048,8110.983728,3339.103215,531561429.607622,fused,shoup,-1
v07_resident_generic,1,"Tesla V100-SXM2-16GB",7.0,0,"v100-sm70","hierarchical-dataflow-wave-warp-radix4-resident-fused-m4-g2","experimental",0.000000,"warp-parallel subgraphs with dependency-wave readiness; logical subgraphs are lowered into resident physical execution groups",hierarchical-dataflow,0,named-barrier,0,0,0,2,0,0,0,hermes-xor,inplace,radix4,32,16,65536,1,998244353,30,0,0,0,dataflow-radix4,"4+4+4+4",4,"8+8",2,1,"radix4+radix4+radix4+radix4","256+256+256+256","1+1+1+1","0+0+0+0","0+0+0+0","0+0+0+0","0+0+0+0","0+0+0+0","4+4+4+4","radix4+radix4","resident-fused+full-scratch+resident-fused","1+1+1",8,per-packet,interleaved-rows,0,0,10,50,0.075136,0.041247,0.041438,0.000191,0,0,0,0,0,7,natural,natural,"",0.087968,24244.352237,4893.547783,1588877868.174748,fused,shoup,-1
v07_resident_core,1,"Tesla V100-SXM2-16GB",7.0,0,"v100-sm70","hierarchical-dataflow-wave-warp-radix4-resident-fused-m4-g2","experimental",0.000000,"warp-parallel subgraphs with dependency-wave readiness; logical subgraphs are lowered into resident physical execution groups",hierarchical-dataflow,0,named-barrier,0,0,0,4,0,0,0,hermes-xor,inplace,radix4,32,16,65536,1,998244353,30,0,0,0,dataflow-radix4,"4+4+4+4",4,"8+8",2,1,"radix4+radix4+radix4+radix4","256+256+256+256","1+1+1+1","0+0+0+0","0+0+0+0","0+0+0+0","0+0+0+0","0+0+0+0","4+4+4+4","dataflow-radix4+dataflow-radix4","resident-fused+full-scratch+resident-fused","1+1+1",8,per-packet,interleaved-rows,0,0,10,50,0.077792,0.042639,0.042845,0.000206,0,0,0,0,0,7,natural,natural,"",0.089696,23452.509699,4759.018674,1536983675.611109,fused,shoup,-1
v07_full,2,"Tesla V100-SXM2-16GB",7.0,0,"v100-sm70","hierarchical-dataflow-wave-warp-radix4","experimental",0.000000,"warp-parallel subgraphs with dependency-wave readiness",hierarchical-dataflow,0,named-barrier,0,0,0,2,0,0,0,hermes-xor,inplace,radix4,32,16,65536,1,998244353,30,0,0,0,dataflow-radix4,"4+4+4+4",4,"4+4+4+4",4,3,"radix4+radix4+radix4+radix4","256+256+256+256","1+1+1+1","0+0+0+0","0+0+0+0","0+0+0+0","0+0+0+0","0+0+0+0","4+4+4+4","radix4+radix4+radix4+radix4","full-scratch+full-scratch+full-scratch","1+1+1",8,per-packet,interleaved-rows,0,0,10,50,0.080192,0.123290,0.123531,0.000242,0,0,0,0,0,7,natural,natural,"",0.110272,8110.983728,3187.214376,531561429.607622,fused,shoup,-1
v07_resident_generic,2,"Tesla V100-SXM2-16GB",7.0,0,"v100-sm70","hierarchical-dataflow-wave-warp-radix4-resident-fused-m4-g2","experimental",0.000000,"warp-parallel subgraphs with dependency-wave readiness; logical subgraphs are lowered into resident physical execution groups",hierarchical-dataflow,0,named-barrier,0,0,0,2,0,0,0,hermes-xor,inplace,radix4,32,16,65536,1,998244353,30,0,0,0,dataflow-radix4,"4+4+4+4",4,"8+8",2,1,"radix4+radix4+radix4+radix4","256+256+256+256","1+1+1+1","0+0+0+0","0+0+0+0","0+0+0+0","0+0+0+0","0+0+0+0","4+4+4+4","radix4+radix4","resident-fused+full-scratch+resident-fused","1+1+1",8,per-packet,interleaved-rows,0,0,10,50,0.077568,0.041288,0.041491,0.000203,0,0,0,0,0,7,natural,natural,"",0.099616,24220.300554,4577.252305,1587301617.088468,fused,shoup,-1
v07_resident_core,2,"Tesla V100-SXM2-16GB",7.0,0,"v100-sm70","hierarchical-dataflow-wave-warp-radix4-resident-fused-m4-g2","experimental",0.000000,"warp-parallel subgraphs with dependency-wave readiness; logical subgraphs are lowered into resident physical execution groups",hierarchical-dataflow,0,named-barrier,0,0,0,4,0,0,0,hermes-xor,inplace,radix4,32,16,65536,1,998244353,30,0,0,0,dataflow-radix4,"4+4+4+4",4,"8+8",2,1,"radix4+radix4+radix4+radix4","256+256+256+256","1+1+1+1","0+0+0+0","0+0+0+0","0+0+0+0","0+0+0+0","0+0+0+0","4+4+4+4","dataflow-radix4+dataflow-radix4","resident-fused+full-scratch+resident-fused","1+1+1",8,per-packet,interleaved-rows,0,0,10,50,0.090912,0.042783,0.043030,0.000247,0,0,0,0,0,7,natural,natural,"",0.108768,23373.922832,4124.345372,1531833406.729947,fused,shoup,-1
v06_hybrid2d,2,"Tesla V100-SXM2-16GB",7.0,0,"","","",0.000000,"",hybrid2d,0,named-barrier,0,0,0,0,0,0,0,hermes-xor,inplace,radix4,32,16,65536,1,998244353,30,8,4,256,dataflow-radix4,"",0,"",0,0,"","","","","","","","","","","","",0,per-packet,interleaved-rows,0,0,10,50,0.097472,0.012104,0.012296,0.000193,0,0,0,0,0,7,natural,natural,"",0.091584,82619.497288,4971.175270,5414551374.265210,fused,shoup,-1
v07_resident_generic,3,"Tesla V100-SXM2-16GB",7.0,0,"v100-sm70","hierarchical-dataflow-wave-warp-radix4-resident-fused-m4-g2","experimental",0.000000,"warp-parallel subgraphs with dependency-wave readiness; logical subgraphs are lowered into resident physical execution groups",hierarchical-dataflow,0,named-barrier,0,0,0,2,0,0,0,hermes-xor,inplace,radix4,32,16,65536,1,998244353,30,0,0,0,dataflow-radix4,"4+4+4+4",4,"8+8",2,1,"radix4+radix4+radix4+radix4","256+256+256+256","1+1+1+1","0+0+0+0","0+0+0+0","0+0+0+0","0+0+0+0","0+0+0+0","4+4+4+4","radix4+radix4","resident-fused+full-scratch+resident-fused","1+1+1",8,per-packet,interleaved-rows,0,0,10,50,0.068256,0.041083,0.041251,0.000168,0,0,0,0,0,7,natural,natural,"",0.074848,24341.040765,5429.268374,1595214447.565905,fused,shoup,-1
v07_resident_core,3,"Tesla V100-SXM2-16GB",7.0,0,"v100-sm70","hierarchical-dataflow-wave-warp-radix4-resident-fused-m4-g2","experimental",0.000000,"warp-parallel subgraphs with dependency-wave readiness; logical subgraphs are lowered into resident physical execution groups",hierarchical-dataflow,0,named-barrier,0,0,0,4,0,0,0,hermes-xor,inplace,radix4,32,16,65536,1,998244353,30,0,0,0,dataflow-radix4,"4+4+4+4",4,"8+8",2,1,"radix4+radix4+radix4+radix4","256+256+256+256","1+1+1+1","0+0+0+0","0+0+0+0","0+0+0+0","0+0+0+0","0+0+0+0","4+4+4+4","dataflow-radix4+dataflow-radix4","resident-fused+full-scratch+resident-fused","1+1+1",8,per-packet,interleaved-rows,0,0,10,50,0.100352,0.042414,0.042577,0.000162,0,0,0,0,0,7,natural,natural,"",0.072576,23577.076096,4643.774257,1545147259.040865,fused,shoup,-1
v06_hybrid2d,3,"Tesla V100-SXM2-16GB",7.0,0,"","","",0.000000,"",hybrid2d,0,named-barrier,0,0,0,0,0,0,0,hermes-xor,inplace,radix4,32,16,65536,1,998244353,30,8,4,256,dataflow-radix4,"",0,"",0,0,"","","","","","","","","","","","",0,per-packet,interleaved-rows,0,0,10,50,0.069184,0.012042,0.012192,0.000150,0,0,0,0,0,7,natural,natural,"",0.077216,83041.027259,6311.448363,5442176762.431250,fused,shoup,-1
v07_full,3,"Tesla V100-SXM2-16GB",7.0,0,"v100-sm70","hierarchical-dataflow-wave-warp-radix4","experimental",0.000000,"warp-parallel subgraphs with dependency-wave readiness",hierarchical-dataflow,0,named-barrier,0,0,0,2,0,0,0,hermes-xor,inplace,radix4,32,16,65536,1,998244353,30,0,0,0,dataflow-radix4,"4+4+4+4",4,"4+4+4+4",4,3,"radix4+radix4+radix4+radix4","256+256+256+256","1+1+1+1","0+0+0+0","0+0+0+0","0+0+0+0","0+0+0+0","0+0+0+0","4+4+4+4","radix4+radix4+radix4+radix4","full-scratch+full-scratch+full-scratch","1+1+1",8,per-packet,interleaved-rows,0,0,10,50,0.067296,0.122696,0.122870,0.000174,0,0,0,0,0,7,natural,natural,"",0.074016,8150.245908,3787.768597,534134515.837807,fused,shoup,-1
v06_hybrid2d,1,"Tesla V100-SXM2-16GB",7.0,0,"","","",0.000000,"",hybrid2d,0,named-barrier,0,0,0,0,0,0,0,hermes-xor,inplace,radix4,32,16,65536,4,998244353,30,8,4,256,dataflow-radix4,"",0,"",0,0,"","","","","","","","","","","","",0,per-packet,interleaved-rows,0,0,10,50,0.282560,0.020255,0.020402,0.000147,0,0,0,0,0,7,natural,natural,"",0.263648,197484.833141,7061.365028,12942366024.747452,fused,shoup,-1
v07_full,1,"Tesla V100-SXM2-16GB",7.0,0,"v100-sm70","hierarchical-dataflow-wave-warp-radix4","experimental",0.000000,"warp-parallel subgraphs with dependency-wave readiness",hierarchical-dataflow,0,named-barrier,0,0,0,2,0,0,0,hermes-xor,inplace,radix4,32,16,65536,4,998244353,30,0,0,0,dataflow-radix4,"4+4+4+4",4,"4+4+4+4",4,3,"radix4+radix4+radix4+radix4","256+256+256+256","1+1+1+1","0+0+0+0","0+0+0+0","0+0+0+0","0+0+0+0","0+0+0+0","4+4+4+4","radix4+radix4+radix4+radix4","full-scratch+full-scratch+full-scratch","1+1+1",8,per-packet,interleaved-rows,0,0,10,50,0.272352,0.280207,0.280373,0.000166,0,0,0,0,0,7,natural,natural,"",0.298048,14275.142230,4702.522178,935535721.186926,fused,shoup,-1
v07_resident_generic,1,"Tesla V100-SXM2-16GB",7.0,0,"v100-sm70","hierarchical-dataflow-wave-warp-radix4-resident-fused-m4-g2","experimental",0.000000,"warp-parallel subgraphs with dependency-wave readiness; logical subgraphs are lowered into resident physical execution groups",hierarchical-dataflow,0,named-barrier,0,0,0,2,0,0,0,hermes-xor,inplace,radix4,32,16,65536,4,998244353,30,0,0,0,dataflow-radix4,"4+4+4+4",4,"8+8",2,1,"radix4+radix4+radix4+radix4","256+256+256+256","1+1+1+1","0+0+0+0","0+0+0+0","0+0+0+0","0+0+0+0","0+0+0+0","4+4+4+4","radix4+radix4","resident-fused+full-scratch+resident-fused","1+1+1",8,per-packet,interleaved-rows,0,0,10,50,0.279296,0.079217,0.079356,0.000140,0,0,0,0,0,7,natural,natural,"",0.254272,50494.438915,6527.578452,3309203548.743928,fused,shoup,-1
v07_resident_core,1,"Tesla V100-SXM2-16GB",7.0,0,"v100-sm70","hierarchical-dataflow-wave-warp-radix4-resident-fused-m4-g2","experimental",0.000000,"warp-parallel subgraphs with dependency-wave readiness; logical subgraphs are lowered into resident physical execution groups",hierarchical-dataflow,0,named-barrier,0,0,0,4,0,0,0,hermes-xor,inplace,radix4,32,16,65536,4,998244353,30,0,0,0,dataflow-radix4,"4+4+4+4",4,"8+8",2,1,"radix4+radix4+radix4+radix4","256+256+256+256","1+1+1+1","0+0+0+0","0+0+0+0","0+0+0+0","0+0+0+0","0+0+0+0","4+4+4+4","dataflow-radix4+dataflow-radix4","resident-fused+full-scratch+resident-fused","1+1+1",8,per-packet,interleaved-rows,0,0,10,50,0.283744,0.083128,0.083315,0.000186,0,0,0,0,0,7,natural,natural,"",0.265664,48118.379958,6323.747376,3153486148.956190,fused,shoup,-1
v07_full,2,"Tesla V100-SXM2-16GB",7.0,0,"v100-sm70","hierarchical-dataflow-wave-warp-radix4","experimental",0.000000,"warp-parallel subgraphs with dependency-wave readiness",hierarchical-dataflow,0,named-barrier,0,0,0,2,0,0,0,hermes-xor,inplace,radix4,32,16,65536,4,998244353,30,0,0,0,dataflow-radix4,"4+4+4+4",4,"4+4+4+4",4,3,"radix4+radix4+radix4+radix4","256+256+256+256","1+1+1+1","0+0+0+0","0+0+0+0","0+0+0+0","0+0+0+0","0+0+0+0","4+4+4+4","radix4+radix4+radix4+radix4","full-scratch+full-scratch+full-scratch","1+1+1",8,per-packet,interleaved-rows,0,0,10,50,0.286464,0.278385,0.278525,0.000140,0,0,0,0,0,7,natural,natural,"",0.265984,14368.608032,4814.447231,941661095.966733,fused,shoup,-1
v07_resident_generic,2,"Tesla V100-SXM2-16GB",7.0,0,"v100-sm70","hierarchical-dataflow-wave-warp-radix4-resident-fused-m4-g2","experimental",0.000000,"warp-parallel subgraphs with dependency-wave readiness; logical subgraphs are lowered into resident physical execution groups",hierarchical-dataflow,0,named-barrier,0,0,0,2,0,0,0,hermes-xor,inplace,radix4,32,16,65536,4,998244353,30,0,0,0,dataflow-radix4,"4+4+4+4",4,"8+8",2,1,"radix4+radix4+radix4+radix4","256+256+256+256","1+1+1+1","0+0+0+0","0+0+0+0","0+0+0+0","0+0+0+0","0+0+0+0","4+4+4+4","radix4+radix4","resident-fused+full-scratch+resident-fused","1+1+1",8,per-packet,interleaved-rows,0,0,10,50,0.279200,0.079626,0.079782,0.000156,0,0,0,0,0,7,natural,natural,"",0.251136,50234.696605,6557.783068,3292181076.730568,fused,shoup,-1
v07_resident_core,2,"Tesla V100-SXM2-16GB",7.0,0,"v100-sm70","hierarchical-dataflow-wave-warp-radix4-resident-fused-m4-g2","experimental",0.000000,"warp-parallel subgraphs with dependency-wave readiness; logical subgraphs are lowered into resident physical execution groups",hierarchical-dataflow,0,named-barrier,0,0,0,4,0,0,0,hermes-xor,inplace,radix4,32,16,65536,4,998244353,30,0,0,0,dataflow-radix4,"4+4+4+4",4,"8+8",2,1,"radix4+radix4+radix4+radix4","256+256+256+256","1+1+1+1","0+0+0+0","0+0+0+0","0+0+0+0","0+0+0+0","0+0+0+0","4+4+4+4","dataflow-radix4+dataflow-radix4","resident-fused+full-scratch+resident-fused","1+1+1",8,per-packet,interleaved-rows,0,0,10,50,0.278016,0.082964,0.083133,0.000168,0,0,0,0,0,7,natural,natural,"",0.258080,48213.404142,6461.404155,3159713653.873482,fused,shoup,-1
v06_hybrid2d,2,"Tesla V100-SXM2-16GB",7.0,0,"","","",0.000000,"",hybrid2d,0,named-barrier,0,0,0,0,0,0,0,hermes-xor,inplace,radix4,32,16,65536,4,998244353,30,8,4,256,dataflow-radix4,"",0,"",0,0,"","","","","","","","","","","","",0,per-packet,interleaved-rows,0,0,10,50,0.277440,0.020193,0.020344,0.000151,0,0,0,0,0,7,natural,natural,"",0.287776,198085.693400,6832.826365,12981744002.646206,fused,shoup,-1
v07_resident_generic,3,"Tesla V100-SXM2-16GB",7.0,0,"v100-sm70","hierarchical-dataflow-wave-warp-radix4-resident-fused-m4-g2","experimental",0.000000,"warp-parallel subgraphs with dependency-wave readiness; logical subgraphs are lowered into resident physical execution groups",hierarchical-dataflow,0,named-barrier,0,0,0,2,0,0,0,hermes-xor,inplace,radix4,32,16,65536,4,998244353,30,0,0,0,dataflow-radix4,"4+4+4+4",4,"8+8",2,1,"radix4+radix4+radix4+radix4","256+256+256+256","1+1+1+1","0+0+0+0","0+0+0+0","0+0+0+0","0+0+0+0","0+0+0+0","4+4+4+4","radix4+radix4","resident-fused+full-scratch+resident-fused","1+1+1",8,per-packet,interleaved-rows,0,0,10,50,0.282464,0.079258,0.079417,0.000159,0,0,0,0,0,7,natural,natural,"",0.266240,50468.346247,6369.816260,3307493539.657682,fused,shoup,-1
v07_resident_core,3,"Tesla V100-SXM2-16GB",7.0,0,"v100-sm70","hierarchical-dataflow-wave-warp-radix4-resident-fused-m4-g2","experimental",0.000000,"warp-parallel subgraphs with dependency-wave readiness; logical subgraphs are lowered into resident physical execution groups",hierarchical-dataflow,0,named-barrier,0,0,0,4,0,0,0,hermes-xor,inplace,radix4,32,16,65536,4,998244353,30,0,0,0,dataflow-radix4,"4+4+4+4",4,"8+8",2,1,"radix4+radix4+radix4+radix4","256+256+256+256","1+1+1+1","0+0+0+0","0+0+0+0","0+0+0+0","0+0+0+0","0+0+0+0","4+4+4+4","dataflow-radix4+dataflow-radix4","resident-fused+full-scratch+resident-fused","1+1+1",8,per-packet,interleaved-rows,0,0,10,50,0.284288,0.083149,0.083310,0.000161,0,0,0,0,0,7,natural,natural,"",0.262464,48106.522878,6350.206423,3152709083.300388,fused,shoup,-1
v06_hybrid2d,3,"Tesla V100-SXM2-16GB",7.0,0,"","","",0.000000,"",hybrid2d,0,named-barrier,0,0,0,0,0,0,0,hermes-xor,inplace,radix4,32,16,65536,4,998244353,30,8,4,256,dataflow-radix4,"",0,"",0,0,"","","","","","","","","","","","",0,per-packet,interleaved-rows,0,0,10,50,0.279424,0.020214,0.020392,0.000178,0,0,0,0,0,7,natural,natural,"",0.261056,197885.019036,7134.018906,12968592607.560932,fused,shoup,-1
v07_full,3,"Tesla V100-SXM2-16GB",7.0,0,"v100-sm70","hierarchical-dataflow-wave-warp-radix4","experimental",0.000000,"warp-parallel subgraphs with dependency-wave readiness",hierarchical-dataflow,0,named-barrier,0,0,0,2,0,0,0,hermes-xor,inplace,radix4,32,16,65536,4,998244353,30,0,0,0,dataflow-radix4,"4+4+4+4",4,"4+4+4+4",4,3,"radix4+radix4+radix4+radix4","256+256+256+256","1+1+1+1","0+0+0+0","0+0+0+0","0+0+0+0","0+0+0+0","0+0+0+0","4+4+4+4","radix4+radix4+radix4+radix4","full-scratch+full-scratch+full-scratch","1+1+1",8,per-packet,interleaved-rows,0,0,10,50,0.284000,0.278303,0.278472,0.000170,0,0,0,0,0,7,natural,natural,"",0.264768,14372.837854,4836.345663,941938301.574271,fused,shoup,-1
v06_hybrid2d,1,"Tesla V100-SXM2-16GB",7.0,0,"","","",0.000000,"",hybrid2d,0,named-barrier,0,0,0,0,0,0,0,hermes-xor,inplace,radix4,32,16,65536,16,998244353,30,8,4,256,dataflow-radix4,"",0,"",0,0,"","","","","","","","","","","","",0,per-packet,interleaved-rows,0,0,10,50,0.803904,0.053166,0.053332,0.000166,0,0,0,0,0,7,natural,natural,"",0.733792,300943.758123,10057.440025,19722650132.360626,fused,shoup,-1
v07_full,1,"Tesla V100-SXM2-16GB",7.0,0,"v100-sm70","hierarchical-dataflow-wave-warp-radix4","experimental",0.000000,"warp-parallel subgraphs with dependency-wave readiness",hierarchical-dataflow,0,named-barrier,0,0,0,2,0,0,0,hermes-xor,inplace,radix4,32,16,65536,16,998244353,30,0,0,0,dataflow-radix4,"4+4+4+4",4,"4+4+4+4",4,3,"radix4+radix4+radix4+radix4","256+256+256+256","1+1+1+1","0+0+0+0","0+0+0+0","0+0+0+0","0+0+0+0","0+0+0+0","4+4+4+4","radix4+radix4+radix4+radix4","full-scratch+full-scratch+full-scratch","1+1+1",8,per-packet,interleaved-rows,0,0,10,50,0.794528,0.893870,0.894043,0.000173,0,0,0,0,0,7,natural,natural,"",0.737088,17899.692278,6596.615700,1173074233.129901,fused,shoup,-1
v07_resident_generic,1,"Tesla V100-SXM2-16GB",7.0,0,"v100-sm70","hierarchical-dataflow-wave-warp-radix4-resident-fused-m4-g2","experimental",0.000000,"warp-parallel subgraphs with dependency-wave readiness; logical subgraphs are lowered into resident physical execution groups",hierarchical-dataflow,0,named-barrier,0,0,0,2,0,0,0,hermes-xor,inplace,radix4,32,16,65536,16,998244353,30,0,0,0,dataflow-radix4,"4+4+4+4",4,"8+8",2,1,"radix4+radix4+radix4+radix4","256+256+256+256","1+1+1+1","0+0+0+0","0+0+0+0","0+0+0+0","0+0+0+0","0+0+0+0","4+4+4+4","radix4+radix4","resident-fused+full-scratch+resident-fused","1+1+1",8,per-packet,interleaved-rows,0,0,10,50,0.807232,0.204001,0.204191,0.000190,0,0,0,0,0,7,natural,natural,"",0.737568,78430.881324,9149.123923,5140046238.427312,fused,shoup,-1
v07_resident_core,1,"Tesla V100-SXM2-16GB",7.0,0,"v100-sm70","hierarchical-dataflow-wave-warp-radix4-resident-fused-m4-g2","experimental",0.000000,"warp-parallel subgraphs with dependency-wave readiness; logical subgraphs are lowered into resident physical execution groups",hierarchical-dataflow,0,named-barrier,0,0,0,4,0,0,0,hermes-xor,inplace,radix4,32,16,65536,16,998244353,30,0,0,0,dataflow-radix4,"4+4+4+4",4,"8+8",2,1,"radix4+radix4+radix4+radix4","256+256+256+256","1+1+1+1","0+0+0+0","0+0+0+0","0+0+0+0","0+0+0+0","0+0+0+0","4+4+4+4","dataflow-radix4+dataflow-radix4","resident-fused+full-scratch+resident-fused","1+1+1",8,per-packet,interleaved-rows,0,0,10,50,0.791968,0.222290,0.222453,0.000163,0,0,0,0,0,7,natural,natural,"",0.734464,71978.072647,9149.539456,4717154969.026167,fused,shoup,-1
v07_full,2,"Tesla V100-SXM2-16GB",7.0,0,"v100-sm70","hierarchical-dataflow-wave-warp-radix4","experimental",0.000000,"warp-parallel subgraphs with dependency-wave readiness",hierarchical-dataflow,0,named-barrier,0,0,0,2,0,0,0,hermes-xor,inplace,radix4,32,16,65536,16,998244353,30,0,0,0,dataflow-radix4,"4+4+4+4",4,"4+4+4+4",4,3,"radix4+radix4+radix4+radix4","256+256+256+256","1+1+1+1","0+0+0+0","0+0+0+0","0+0+0+0","0+0+0+0","0+0+0+0","4+4+4+4","radix4+radix4+radix4+radix4","full-scratch+full-scratch+full-scratch","1+1+1",8,per-packet,interleaved-rows,0,0,10,50,0.814624,0.894280,0.894451,0.000171,0,0,0,0,0,7,natural,natural,"",0.748352,17891.493758,6511.328822,1172536934.950482,fused,shoup,-1
v07_resident_generic,2,"Tesla V100-SXM2-16GB",7.0,0,"v100-sm70","hierarchical-dataflow-wave-warp-radix4-resident-fused-m4-g2","experimental",0.000000,"warp-parallel subgraphs with dependency-wave readiness; logical subgraphs are lowered into resident physical execution groups",hierarchical-dataflow,0,named-barrier,0,0,0,2,0,0,0,hermes-xor,inplace,radix4,32,16,65536,16,998244353,30,0,0,0,dataflow-radix4,"4+4+4+4",4,"8+8",2,1,"radix4+radix4+radix4+radix4","256+256+256+256","1+1+1+1","0+0+0+0","0+0+0+0","0+0+0+0","0+0+0+0","0+0+0+0","4+4+4+4","radix4+radix4","resident-fused+full-scratch+resident-fused","1+1+1",8,per-packet,interleaved-rows,0,0,10,50,0.805920,0.203489,0.203655,0.000165,0,0,0,0,0,7,natural,natural,"",0.735904,78628.217255,9167.408658,5152978846.022920,fused,shoup,-1
v07_resident_core,2,"Tesla V100-SXM2-16GB",7.0,0,"v100-sm70","hierarchical-dataflow-wave-warp-radix4-resident-fused-m4-g2","experimental",0.000000,"warp-parallel subgraphs with dependency-wave readiness; logical subgraphs are lowered into resident physical execution groups",hierarchical-dataflow,0,named-barrier,0,0,0,4,0,0,0,hermes-xor,inplace,radix4,32,16,65536,16,998244353,30,0,0,0,dataflow-radix4,"4+4+4+4",4,"8+8",2,1,"radix4+radix4+radix4+radix4","256+256+256+256","1+1+1+1","0+0+0+0","0+0+0+0","0+0+0+0","0+0+0+0","0+0+0+0","4+4+4+4","dataflow-radix4+dataflow-radix4","resident-fused+full-scratch+resident-fused","1+1+1",8,per-packet,interleaved-rows,0,0,10,50,0.807520,0.222208,0.222383,0.000175,0,0,0,0,0,7,natural,natural,"",0.734496,72004.605647,9069.143261,4718893835.712638,fused,shoup,-1
v06_hybrid2d,2,"Tesla V100-SXM2-16GB",7.0,0,"","","",0.000000,"",hybrid2d,0,named-barrier,0,0,0,0,0,0,0,hermes-xor,inplace,radix4,32,16,65536,16,998244353,30,8,4,256,dataflow-radix4,"",0,"",0,0,"","","","","","","","","","","","",0,per-packet,interleaved-rows,0,0,10,50,0.807232,0.053084,0.053247,0.000163,0,0,0,0,0,7,natural,natural,"",0.739296,301408.193734,10002.424345,19753087384.525818,fused,shoup,-1
v07_resident_generic,3,"Tesla V100-SXM2-16GB",7.0,0,"v100-sm70","hierarchical-dataflow-wave-warp-radix4-resident-fused-m4-g2","experimental",0.000000,"warp-parallel subgraphs with dependency-wave readiness; logical subgraphs are lowered into resident physical execution groups",hierarchical-dataflow,0,named-barrier,0,0,0,2,0,0,0,hermes-xor,inplace,radix4,32,16,65536,16,998244353,30,0,0,0,dataflow-radix4,"4+4+4+4",4,"8+8",2,1,"radix4+radix4+radix4+radix4","256+256+256+256","1+1+1+1","0+0+0+0","0+0+0+0","0+0+0+0","0+0+0+0","0+0+0+0","4+4+4+4","radix4+radix4","resident-fused+full-scratch+resident-fused","1+1+1",8,per-packet,interleaved-rows,0,0,10,50,0.804896,0.204329,0.204484,0.000155,0,0,0,0,0,7,natural,natural,"",0.724000,78305.103949,9231.346571,5131803292.410221,fused,shoup,-1
v07_resident_core,3,"Tesla V100-SXM2-16GB",7.0,0,"v100-sm70","hierarchical-dataflow-wave-warp-radix4-resident-fused-m4-g2","experimental",0.000000,"warp-parallel subgraphs with dependency-wave readiness; logical subgraphs are lowered into resident physical execution groups",hierarchical-dataflow,0,named-barrier,0,0,0,4,0,0,0,hermes-xor,inplace,radix4,32,16,65536,16,998244353,30,0,0,0,dataflow-radix4,"4+4+4+4",4,"8+8",2,1,"radix4+radix4+radix4+radix4","256+256+256+256","1+1+1+1","0+0+0+0","0+0+0+0","0+0+0+0","0+0+0+0","0+0+0+0","4+4+4+4","dataflow-radix4+dataflow-radix4","resident-fused+full-scratch+resident-fused","1+1+1",8,per-packet,interleaved-rows,0,0,10,50,0.810272,0.222638,0.222807,0.000169,0,0,0,0,0,7,natural,natural,"",0.738272,71865.516792,9033.515164,4709778508.467044,fused,shoup,-1
v06_hybrid2d,3,"Tesla V100-SXM2-16GB",7.0,0,"","","",0.000000,"",hybrid2d,0,named-barrier,0,0,0,0,0,0,0,hermes-xor,inplace,radix4,32,16,65536,16,998244353,30,8,4,256,dataflow-radix4,"",0,"",0,0,"","","","","","","","","","","","",0,per-packet,interleaved-rows,0,0,10,50,0.811616,0.053166,0.053336,0.000170,0,0,0,0,0,7,natural,natural,"",0.734720,300943.758123,10003.112997,19722650132.360626,fused,shoup,-1
v07_full,3,"Tesla V100-SXM2-16GB",7.0,0,"v100-sm70","hierarchical-dataflow-wave-warp-radix4","experimental",0.000000,"warp-parallel subgraphs with dependency-wave readiness",hierarchical-dataflow,0,named-barrier,0,0,0,2,0,0,0,hermes-xor,inplace,radix4,32,16,65536,16,998244353,30,0,0,0,dataflow-radix4,"4+4+4+4",4,"4+4+4+4",4,3,"radix4+radix4+radix4+radix4","256+256+256+256","1+1+1+1","0+0+0+0","0+0+0+0","0+0+0+0","0+0+0+0","0+0+0+0","4+4+4+4","radix4+radix4+radix4+radix4","full-scratch+full-scratch+full-scratch","1+1+1",8,per-packet,interleaved-rows,0,0,10,50,0.788960,0.895836,0.895995,0.000159,0,0,0,0,0,7,natural,natural,"",0.740544,17860.408472,6597.012725,1170499729.595332,fused,shoup,-1
v06_hybrid2d,1,"Tesla V100-SXM2-16GB",7.0,0,"","","",0.000000,"",hybrid2d,0,named-barrier,0,0,0,0,0,0,0,hermes-xor,inplace,radix4,32,18,262144,1,998244353,30,9,4,512,dataflow-radix4,"",0,"",0,0,"","","","","","","","","","","","",0,per-packet,interleaved-rows,0,0,10,50,0.275072,0.024351,0.024517,0.000166,0,0,0,0,0,7,natural,natural,"",0.281888,41066.548318,1720.250355,10765349242.172743,fused,shoup,-1
v07_full,1,"Tesla V100-SXM2-16GB",7.0,0,"v100-sm70","hierarchical-dataflow-wave-warp-radix4","experimental",0.000000,"warp-parallel subgraphs with dependency-wave readiness",hierarchical-dataflow,0,named-barrier,0,0,0,2,0,0,0,hermes-xor,inplace,radix4,32,18,262144,1,998244353,30,0,0,0,dataflow-radix4,"4+5+4+5",4,"4+5+4+5",4,3,"radix4+radix4+radix4+radix4","256+256+256+256","1+1+1+1","0+0+0+0","0+0+0+0","0+0+0+0","0+0+0+0","0+0+0+0","4+5+4+5","radix4+radix4+radix4+radix4","full-scratch+full-scratch+full-scratch","1+1+1",8,per-packet,interleaved-rows,0,0,10,50,0.273472,0.485233,0.485399,0.000166,0,0,0,0,0,7,natural,natural,"",0.292128,2060.867086,951.626305,540243941.403192,fused,shoup,-1
v07_resident_generic,1,"Tesla V100-SXM2-16GB",7.0,0,"v100-sm70","hierarchical-dataflow-wave-warp-radix4-resident-fused-m4-g2","experimental",0.000000,"warp-parallel subgraphs with dependency-wave readiness; logical subgraphs are lowered into resident physical execution groups",hierarchical-dataflow,0,named-barrier,0,0,0,2,0,0,0,hermes-xor,inplace,radix4,32,18,262144,1,998244353,30,0,0,0,dataflow-radix4,"4+5+4+5",4,"9+9",2,1,"radix4+radix4+radix4+radix4","256+256+256+256","1+1+1+1","0+0+0+0","0+0+0+0","0+0+0+0","0+0+0+0","0+0+0+0","4+5+4+5","radix4+radix4","resident-fused+full-scratch+resident-fused","1+1+1",8,per-packet,interleaved-rows,0,0,10,50,0.277440,0.112005,0.112176,0.000171,0,0,0,0,0,7,natural,natural,"",0.247520,8928.163124,1569.944645,2340464393.995293,fused,shoup,-1
v07_resident_core,1,"Tesla V100-SXM2-16GB",7.0,0,"v100-sm70","hierarchical-dataflow-wave-warp-radix4-resident-fused-m4-g2","experimental",0.000000,"warp-parallel subgraphs with dependency-wave readiness; logical subgraphs are lowered into resident physical execution groups",hierarchical-dataflow,0,named-barrier,0,0,0,4,0,0,0,hermes-xor,inplace,radix4,32,18,262144,1,998244353,30,0,0,0,dataflow-radix4,"4+5+4+5",4,"9+9",2,1,"radix4+radix4+radix4+radix4","256+256+256+256","1+1+1+1","0+0+0+0","0+0+0+0","0+0+0+0","0+0+0+0","0+0+0+0","4+5+4+5","dataflow-radix4+dataflow-radix4","resident-fused+full-scratch+resident-fused","1+1+1",8,per-packet,interleaved-rows,0,0,10,50,0.283200,0.115405,0.115561,0.000156,0,0,0,0,0,7,natural,natural,"",0.263872,8665.150874,1509.486839,2271517310.828781,fused,shoup,-1
v07_full,2,"Tesla V100-SXM2-16GB",7.0,0,"v100-sm70","hierarchical-dataflow-wave-warp-radix4","experimental",0.000000,"warp-parallel subgraphs with dependency-wave readiness",hierarchical-dataflow,0,named-barrier,0,0,0,2,0,0,0,hermes-xor,inplace,radix4,32,18,262144,1,998244353,30,0,0,0,dataflow-radix4,"4+5+4+5",4,"4+5+4+5",4,3,"radix4+radix4+radix4+radix4","256+256+256+256","1+1+1+1","0+0+0+0","0+0+0+0","0+0+0+0","0+0+0+0","0+0+0+0","4+5+4+5","radix4+radix4+radix4+radix4","full-scratch+full-scratch+full-scratch","1+1+1",8,per-packet,interleaved-rows,0,0,10,50,0.284128,0.484311,0.484494,0.000183,0,0,0,0,0,7,natural,natural,"",0.261120,2064.788886,971.289634,541272017.769977,fused,shoup,-1
v07_resident_generic,2,"Tesla V100-SXM2-16GB",7.0,0,"v100-sm70","hierarchical-dataflow-wave-warp-radix4-resident-fused-m4-g2","experimental",0.000000,"warp-parallel subgraphs with dependency-wave readiness; logical subgraphs are lowered into resident physical execution groups",hierarchical-dataflow,0,named-barrier,0,0,0,2,0,0,0,hermes-xor,inplace,radix4,32,18,262144,1,998244353,30,0,0,0,dataflow-radix4,"4+5+4+5",4,"9+9",2,1,"radix4+radix4+radix4+radix4","256+256+256+256","1+1+1+1","0+0+0+0","0+0+0+0","0+0+0+0","0+0+0+0","0+0+0+0","4+5+4+5","radix4+radix4","resident-fused+full-scratch+resident-fused","1+1+1",8,per-packet,interleaved-rows,0,0,10,50,0.286592,0.112148,0.112320,0.000171,0,0,0,0,0,7,natural,natural,"",0.266720,8916.750474,1502.718834,2337472636.355579,fused,shoup,-1
v07_resident_core,2,"Tesla V100-SXM2-16GB",7.0,0,"v100-sm70","hierarchical-dataflow-wave-warp-radix4-resident-fused-m4-g2","experimental",0.000000,"warp-parallel subgraphs with dependency-wave readiness; logical subgraphs are lowered into resident physical execution groups",hierarchical-dataflow,0,named-barrier,0,0,0,4,0,0,0,hermes-xor,inplace,radix4,32,18,262144,1,998244353,30,0,0,0,dataflow-radix4,"4+5+4+5",4,"9+9",2,1,"radix4+radix4+radix4+radix4","256+256+256+256","1+1+1+1","0+0+0+0","0+0+0+0","0+0+0+0","0+0+0+0","0+0+0+0","4+5+4+5","dataflow-radix4+dataflow-radix4","resident-fused+full-scratch+resident-fused","1+1+1",8,per-packet,interleaved-rows,0,0,10,50,0.286816,0.115261,0.115436,0.000174,0,0,0,0,0,7,natural,natural,"",0.256448,8675.928171,1518.544209,2274342514.456861,fused,shoup,-1
v06_hybrid2d,2,"Tesla V100-SXM2-16GB",7.0,0,"","","",0.000000,"",hybrid2d,0,named-barrier,0,0,0,0,0,0,0,hermes-xor,inplace,radix4,32,18,262144,1,998244353,30,9,4,512,dataflow-radix4,"",0,"",0,0,"","","","","","","","","","","","",0,per-packet,interleaved-rows,0,0,10,50,0.287168,0.024433,0.024578,0.000146,0,0,0,0,0,7,natural,natural,"",0.264224,40928.854950,1736.639853,10729253752.014572,fused,shoup,-1
v07_resident_generic,3,"Tesla V100-SXM2-16GB",7.0,0,"v100-sm70","hierarchical-dataflow-wave-warp-radix4-resident-fused-m4-g2","experimental",0.000000,"warp-parallel subgraphs with dependency-wave readiness; logical subgraphs are lowered into resident physical execution groups",hierarchical-dataflow,0,named-barrier,0,0,0,2,0,0,0,hermes-xor,inplace,radix4,32,18,262144,1,998244353,30,0,0,0,dataflow-radix4,"4+5+4+5",4,"9+9",2,1,"radix4+radix4+radix4+radix4","256+256+256+256","1+1+1+1","0+0+0+0","0+0+0+0","0+0+0+0","0+0+0+0","0+0+0+0","4+5+4+5","radix4+radix4","resident-fused+full-scratch+resident-fused","1+1+1",8,per-packet,interleaved-rows,0,0,10,50,0.284000,0.112087,0.112261,0.000173,0,0,0,0,0,7,natural,natural,"",0.265312,8921.637951,1511.946563,2338753858.918479,fused,shoup,-1
v07_resident_core,3,"Tesla V100-SXM2-16GB",7.0,0,"v100-sm70","hierarchical-dataflow-wave-warp-radix4-resident-fused-m4-g2","experimental",0.000000,"warp-parallel subgraphs with dependency-wave readiness; logical subgraphs are lowered into resident physical execution groups",hierarchical-dataflow,0,named-barrier,0,0,0,4,0,0,0,hermes-xor,inplace,radix4,32,18,262144,1,998244353,30,0,0,0,dataflow-radix4,"4+5+4+5",4,"9+9",2,1,"radix4+radix4+radix4+radix4","256+256+256+256","1+1+1+1","0+0+0+0","0+0+0+0","0+0+0+0","0+0+0+0","0+0+0+0","4+5+4+5","dataflow-radix4+dataflow-radix4","resident-fused+full-scratch+resident-fused","1+1+1",8,per-packet,interleaved-rows,0,0,10,50,0.289120,0.115302,0.115488,0.000185,0,0,0,0,0,7,natural,natural,"",0.296832,8672.846449,1426.016043,2273534659.524080,fused,shoup,-1
v06_hybrid2d,3,"Tesla V100-SXM2-16GB",7.0,0,"","","",0.000000,"",hybrid2d,0,named-barrier,0,0,0,0,0,0,0,hermes-xor,inplace,radix4,32,18,262144,1,998244353,30,9,4,512,dataflow-radix4,"",0,"",0,0,"","","","","","","","","","","","",0,per-packet,interleaved-rows,0,0,10,50,0.288448,0.024474,0.024632,0.000158,0,0,0,0,0,7,natural,natural,"",0.269920,40860.355499,1715.732035,10711297031.936583,fused,shoup,-1
v07_full,3,"Tesla V100-SXM2-16GB",7.0,0,"v100-sm70","hierarchical-dataflow-wave-warp-radix4","experimental",0.000000,"warp-parallel subgraphs with dependency-wave readiness",hierarchical-dataflow,0,named-barrier,0,0,0,2,0,0,0,hermes-xor,inplace,radix4,32,18,262144,1,998244353,30,0,0,0,dataflow-radix4,"4+5+4+5",4,"4+5+4+5",4,3,"radix4+radix4+radix4+radix4","256+256+256+256","1+1+1+1","0+0+0+0","0+0+0+0","0+0+0+0","0+0+0+0","0+0+0+0","4+5+4+5","radix4+radix4+radix4+radix4","full-scratch+full-scratch+full-scratch","1+1+1",8,per-packet,interleaved-rows,0,0,10,50,0.284352,0.485601,0.485765,0.000163,0,0,0,0,0,7,natural,natural,"",0.295808,2059.302661,938.296436,539833836.668114,fused,shoup,-1
v06_hybrid2d,1,"Tesla V100-SXM2-16GB",7.0,0,"","","",0.000000,"",hybrid2d,0,named-barrier,0,0,0,0,0,0,0,hermes-xor,inplace,radix4,32,18,262144,4,998244353,30,9,4,512,dataflow-radix4,"",0,"",0,0,"","","","","","","","","","","","",0,per-packet,interleaved-rows,0,0,10,50,0.792288,0.066437,0.066606,0.000169,0,0,0,0,0,7,natural,natural,"",0.734048,60207.307829,2511.343216,15782984503.637136,fused,shoup,-1
v07_full,1,"Tesla V100-SXM2-16GB",7.0,0,"v100-sm70","hierarchical-dataflow-wave-warp-radix4","experimental",0.000000,"warp-parallel subgraphs with dependency-wave readiness",hierarchical-dataflow,0,named-barrier,0,0,0,2,0,0,0,hermes-xor,inplace,radix4,32,18,262144,4,998244353,30,0,0,0,dataflow-radix4,"4+5+4+5",4,"4+5+4+5",4,3,"radix4+radix4+radix4+radix4","256+256+256+256","1+1+1+1","0+0+0+0","0+0+0+0","0+0+0+0","0+0+0+0","0+0+0+0","4+5+4+5","radix4+radix4+radix4+radix4","full-scratch+full-scratch+full-scratch","1+1+1",8,per-packet,interleaved-rows,0,0,10,50,0.786720,1.194824,1.194976,0.000152,0,0,0,0,0,7,natural,natural,"",0.724480,3347.774119,1478.183658,877598898.663741,fused,shoup,-1
v07_resident_generic,1,"Tesla V100-SXM2-16GB",7.0,0,"v100-sm70","hierarchical-dataflow-wave-warp-radix4-resident-fused-m4-g2","experimental",0.000000,"warp-parallel subgraphs with dependency-wave readiness; logical subgraphs are lowered into resident physical execution groups",hierarchical-dataflow,0,named-barrier,0,0,0,2,0,0,0,hermes-xor,inplace,radix4,32,18,262144,4,998244353,30,0,0,0,dataflow-radix4,"4+5+4+5",4,"9+9",2,1,"radix4+radix4+radix4+radix4","256+256+256+256","1+1+1+1","0+0+0+0","0+0+0+0","0+0+0+0","0+0+0+0","0+0+0+0","4+5+4+5","radix4+radix4","resident-fused+full-scratch+resident-fused","1+1+1",8,per-packet,interleaved-rows,0,0,10,50,0.786112,0.214282,0.214441,0.000159,0,0,0,0,0,7,natural,natural,"",0.723552,18666.968933,2320.257963,4893433904.060837,fused,shoup,-1
v07_resident_core,1,"Tesla V100-SXM2-16GB",7.0,0,"v100-sm70","hierarchical-dataflow-wave-warp-radix4-resident-fused-m4-g2","experimental",0.000000,"warp-parallel subgraphs with dependency-wave readiness; logical subgraphs are lowered into resident physical execution groups",hierarchical-dataflow,0,named-barrier,0,0,0,4,0,0,0,hermes-xor,inplace,radix4,32,18,262144,4,998244353,30,0,0,0,dataflow-radix4,"4+5+4+5",4,"9+9",2,1,"radix4+radix4+radix4+radix4","256+256+256+256","1+1+1+1","0+0+0+0","0+0+0+0","0+0+0+0","0+0+0+0","0+0+0+0","4+5+4+5","dataflow-radix4+dataflow-radix4","resident-fused+full-scratch+resident-fused","1+1+1",8,per-packet,interleaved-rows,0,0,10,50,0.788576,0.227656,0.227820,0.000164,0,0,0,0,0,7,natural,natural,"",0.740000,17570.394105,2277.603810,4605973392.201477,fused,shoup,-1
v07_full,2,"Tesla V100-SXM2-16GB",7.0,0,"v100-sm70","hierarchical-dataflow-wave-warp-radix4","experimental",0.000000,"warp-parallel subgraphs with dependency-wave readiness",hierarchical-dataflow,0,named-barrier,0,0,0,2,0,0,0,hermes-xor,inplace,radix4,32,18,262144,4,998244353,30,0,0,0,dataflow-radix4,"4+5+4+5",4,"4+5+4+5",4,3,"radix4+radix4+radix4+radix4","256+256+256+256","1+1+1+1","0+0+0+0","0+0+0+0","0+0+0+0","0+0+0+0","0+0+0+0","4+5+4+5","radix4+radix4+radix4+radix4","full-scratch+full-scratch+full-scratch","1+1+1",8,per-packet,interleaved-rows,0,0,10,50,0.790048,1.021481,1.021625,0.000144,0,0,0,0,0,7,natural,natural,"",0.734816,3915.883234,1570.879084,1026525294.397362,fused,shoup,-1
v07_resident_generic,2,"Tesla V100-SXM2-16GB",7.0,0,"v100-sm70","hierarchical-dataflow-wave-warp-radix4-resident-fused-m4-g2","experimental",0.000000,"warp-parallel subgraphs with dependency-wave readiness; logical subgraphs are lowered into resident physical execution groups",hierarchical-dataflow,0,named-barrier,0,0,0,2,0,0,0,hermes-xor,inplace,radix4,32,18,262144,4,998244353,30,0,0,0,dataflow-radix4,"4+5+4+5",4,"9+9",2,1,"radix4+radix4+radix4+radix4","256+256+256+256","1+1+1+1","0+0+0+0","0+0+0+0","0+0+0+0","0+0+0+0","0+0+0+0","4+5+4+5","radix4+radix4","resident-fused+full-scratch+resident-fused","1+1+1",8,per-packet,interleaved-rows,0,0,10,50,0.783648,0.213996,0.214131,0.000135,0,0,0,0,0,7,natural,natural,"",0.725216,18691.980417,2321.721531,4899990514.422816,fused,shoup,-1
v07_resident_core,2,"Tesla V100-SXM2-16GB",7.0,0,"v100-sm70","hierarchical-dataflow-wave-warp-radix4-resident-fused-m4-g2","experimental",0.000000,"warp-parallel subgraphs with dependency-wave readiness; logical subgraphs are lowered into resident physical execution groups",hierarchical-dataflow,0,named-barrier,0,0,0,4,0,0,0,hermes-xor,inplace,radix4,32,18,262144,4,998244353,30,0,0,0,dataflow-radix4,"4+5+4+5",4,"9+9",2,1,"radix4+radix4+radix4+radix4","256+256+256+256","1+1+1+1","0+0+0+0","0+0+0+0","0+0+0+0","0+0+0+0","0+0+0+0","4+5+4+5","dataflow-radix4+dataflow-radix4","resident-fused+full-scratch+resident-fused","1+1+1",8,per-packet,interleaved-rows,0,0,10,50,0.786432,0.230257,0.230409,0.000153,0,0,0,0,0,7,natural,natural,"",0.724448,17371.920912,2297.349791,4553944835.494559,fused,shoup,-1
v06_hybrid2d,2,"Tesla V100-SXM2-16GB",7.0,0,"","","",0.000000,"",hybrid2d,0,named-barrier,0,0,0,0,0,0,0,hermes-xor,inplace,radix4,32,18,262144,4,998244353,30,9,4,512,dataflow-radix4,"",0,"",0,0,"","","","","","","","","","","","",0,per-packet,interleaved-rows,0,0,10,50,0.793056,0.058040,0.058184,0.000144,0,0,0,0,0,7,natural,natural,"",0.724736,68917.611008,2538.341162,18066338220.149975,fused,shoup,-1
v07_resident_generic,3,"Tesla V100-SXM2-16GB",7.0,0,"v100-sm70","hierarchical-dataflow-wave-warp-radix4-resident-fused-m4-g2","experimental",0.000000,"warp-parallel subgraphs with dependency-wave readiness; logical subgraphs are lowered into resident physical execution groups",hierarchical-dataflow,0,named-barrier,0,0,0,2,0,0,0,hermes-xor,inplace,radix4,32,18,262144,4,998244353,30,0,0,0,dataflow-radix4,"4+5+4+5",4,"9+9",2,1,"radix4+radix4+radix4+radix4","256+256+256+256","1+1+1+1","0+0+0+0","0+0+0+0","0+0+0+0","0+0+0+0","0+0+0+0","4+5+4+5","radix4+radix4","resident-fused+full-scratch+resident-fused","1+1+1",8,per-packet,interleaved-rows,0,0,10,50,0.785056,0.214487,0.214653,0.000166,0,0,0,0,0,7,natural,natural,"",0.725792,18649.146195,2318.390319,4888761780.195764,fused,shoup,-1
v07_resident_core,3,"Tesla V100-SXM2-16GB",7.0,0,"v100-sm70","hierarchical-dataflow-wave-warp-radix4-resident-fused-m4-g2","experimental",0.000000,"warp-parallel subgraphs with dependency-wave readiness; logical subgraphs are lowered into resident physical execution groups",hierarchical-dataflow,0,named-barrier,0,0,0,4,0,0,0,hermes-xor,inplace,radix4,32,18,262144,4,998244353,30,0,0,0,dataflow-radix4,"4+5+4+5",4,"9+9",2,1,"radix4+radix4+radix4+radix4","256+256+256+256","1+1+1+1","0+0+0+0","0+0+0+0","0+0+0+0","0+0+0+0","0+0+0+0","4+5+4+5","dataflow-radix4+dataflow-radix4","resident-fused+full-scratch+resident-fused","1+1+1",8,per-packet,interleaved-rows,0,0,10,50,0.785088,0.229540,0.229688,0.000148,0,0,0,0,0,7,natural,natural,"",0.721728,17426.169832,2303.675244,4568165864.426336,fused,shoup,-1
v06_hybrid2d,3,"Tesla V100-SXM2-16GB",7.0,0,"","","",0.000000,"",hybrid2d,0,named-barrier,0,0,0,0,0,0,0,hermes-xor,inplace,radix4,32,18,262144,4,998244353,30,9,4,512,dataflow-radix4,"",0,"",0,0,"","","","","","","","","","","","",0,per-packet,interleaved-rows,0,0,10,50,0.784800,0.057958,0.058112,0.000153,0,0,0,0,0,7,natural,natural,"",0.723168,69015.020032,2554.398459,18091873411.358940,fused,shoup,-1
v07_full,3,"Tesla V100-SXM2-16GB",7.0,0,"v100-sm70","hierarchical-dataflow-wave-warp-radix4","experimental",0.000000,"warp-parallel subgraphs with dependency-wave readiness",hierarchical-dataflow,0,named-barrier,0,0,0,2,0,0,0,hermes-xor,inplace,radix4,32,18,262144,4,998244353,30,0,0,0,dataflow-radix4,"4+5+4+5",4,"4+5+4+5",4,3,"radix4+radix4+radix4+radix4","256+256+256+256","1+1+1+1","0+0+0+0","0+0+0+0","0+0+0+0","0+0+0+0","0+0+0+0","4+5+4+5","radix4+radix4+radix4+radix4","full-scratch+full-scratch+full-scratch","1+1+1",8,per-packet,interleaved-rows,0,0,10,50,0.785920,1.022648,1.022810,0.000162,0,0,0,0,0,7,natural,natural,"",0.729728,3911.413010,1575.860129,1025353452.034342,fused,shoup,-1
v06_hybrid2d,1,"Tesla V100-SXM2-16GB",7.0,0,"","","",0.000000,"",hybrid2d,0,named-barrier,0,0,0,0,0,0,0,hermes-xor,inplace,radix4,32,18,262144,16,998244353,30,9,4,512,dataflow-radix4,"",0,"",0,0,"","","","","","","","","","","","",0,per-packet,interleaved-rows,0,0,10,50,2.802304,0.186061,0.186223,0.000162,0,0,0,0,0,7,natural,natural,"",2.602368,85993.402063,2861.878790,22542654390.518654,fused,shoup,-1
v07_full,1,"Tesla V100-SXM2-16GB",7.0,0,"v100-sm70","hierarchical-dataflow-wave-warp-radix4","experimental",0.000000,"warp-parallel subgraphs with dependency-wave readiness",hierarchical-dataflow,0,named-barrier,0,0,0,2,0,0,0,hermes-xor,inplace,radix4,32,18,262144,16,998244353,30,0,0,0,dataflow-radix4,"4+5+4+5",4,"4+5+4+5",4,3,"radix4+radix4+radix4+radix4","256+256+256+256","1+1+1+1","0+0+0+0","0+0+0+0","0+0+0+0","0+0+0+0","0+0+0+0","4+5+4+5","radix4+radix4+radix4+radix4","full-scratch+full-scratch+full-scratch","1+1+1",8,per-packet,interleaved-rows,0,0,10,50,2.803296,3.510047,3.510191,0.000145,0,0,0,0,0,7,natural,natural,"",2.614688,4558.343884,1792.108527,1194942499.055067,fused,shoup,-1
v07_resident_generic,1,"Tesla V100-SXM2-16GB",7.0,0,"v100-sm70","hierarchical-dataflow-wave-warp-radix4-resident-fused-m4-g2","experimental",0.000000,"warp-parallel subgraphs with dependency-wave readiness; logical subgraphs are lowered into resident physical execution groups",hierarchical-dataflow,0,named-barrier,0,0,0,2,0,0,0,hermes-xor,inplace,radix4,32,18,262144,16,998244353,30,0,0,0,dataflow-radix4,"4+5+4+5",4,"9+9",2,1,"radix4+radix4+radix4+radix4","256+256+256+256","1+1+1+1","0+0+0+0","0+0+0+0","0+0+0+0","0+0+0+0","0+0+0+0","4+5+4+5","radix4+radix4","resident-fused+full-scratch+resident-fused","1+1+1",8,per-packet,interleaved-rows,0,0,10,50,2.801984,0.667238,0.667400,0.000162,0,0,0,0,0,7,natural,natural,"",2.609888,23979.434723,2631.963975,6286064935.992031,fused,shoup,-1
v07_resident_core,1,"Tesla V100-SXM2-16GB",7.0,0,"v100-sm70","hierarchical-dataflow-wave-warp-radix4-resident-fused-m4-g2","experimental",0.000000,"warp-parallel subgraphs with dependency-wave readiness; logical subgraphs are lowered into resident physical execution groups",hierarchical-dataflow,0,named-barrier,0,0,0,4,0,0,0,hermes-xor,inplace,radix4,32,18,262144,16,998244353,30,0,0,0,dataflow-radix4,"4+5+4+5",4,"9+9",2,1,"radix4+radix4+radix4+radix4","256+256+256+256","1+1+1+1","0+0+0+0","0+0+0+0","0+0+0+0","0+0+0+0","0+0+0+0","4+5+4+5","dataflow-radix4+dataflow-radix4","resident-fused+full-scratch+resident-fused","1+1+1",8,per-packet,interleaved-rows,0,0,10,50,2.799456,0.716390,0.716554,0.000164,0,0,0,0,0,7,natural,natural,"",2.616128,22334.191860,2609.273853,5854774391.029696,fused,shoup,-1
v07_full,2,"Tesla V100-SXM2-16GB",7.0,0,"v100-sm70","hierarchical-dataflow-wave-warp-radix4","experimental",0.000000,"warp-parallel subgraphs with dependency-wave readiness",hierarchical-dataflow,0,named-barrier,0,0,0,2,0,0,0,hermes-xor,inplace,radix4,32,18,262144,16,998244353,30,0,0,0,dataflow-radix4,"4+5+4+5",4,"4+5+4+5",4,3,"radix4+radix4+radix4+radix4","256+256+256+256","1+1+1+1","0+0+0+0","0+0+0+0","0+0+0+0","0+0+0+0","0+0+0+0","4+5+4+5","radix4+radix4+radix4+radix4","full-scratch+full-scratch+full-scratch","1+1+1",8,per-packet,interleaved-rows,0,0,10,50,2.807776,3.513098,3.513319,0.000221,0,0,0,0,0,7,natural,natural,"",2.636672,4554.384451,1786.203451,1193904557.625170,fused,shoup,-1
v07_resident_generic,2,"Tesla V100-SXM2-16GB",7.0,0,"v100-sm70","hierarchical-dataflow-wave-warp-radix4-resident-fused-m4-g2","experimental",0.000000,"warp-parallel subgraphs with dependency-wave readiness; logical subgraphs are lowered into resident physical execution groups",hierarchical-dataflow,0,named-barrier,0,0,0,2,0,0,0,hermes-xor,inplace,radix4,32,18,262144,16,998244353,30,0,0,0,dataflow-radix4,"4+5+4+5",4,"9+9",2,1,"radix4+radix4+radix4+radix4","256+256+256+256","1+1+1+1","0+0+0+0","0+0+0+0","0+0+0+0","0+0+0+0","0+0+0+0","4+5+4+5","radix4+radix4","resident-fused+full-scratch+resident-fused","1+1+1",8,per-packet,interleaved-rows,0,0,10,50,2.805792,0.667771,0.667914,0.000143,0,0,0,0,0,7,natural,natural,"",2.609120,23960.314678,2630.418255,6281052730.870876,fused,shoup,-1
v07_resident_core,2,"Tesla V100-SXM2-16GB",7.0,0,"v100-sm70","hierarchical-dataflow-wave-warp-radix4-resident-fused-m4-g2","experimental",0.000000,"warp-parallel subgraphs with dependency-wave readiness; logical subgraphs are lowered into resident physical execution groups",hierarchical-dataflow,0,named-barrier,0,0,0,4,0,0,0,hermes-xor,inplace,radix4,32,18,262144,16,998244353,30,0,0,0,dataflow-radix4,"4+5+4+5",4,"9+9",2,1,"radix4+radix4+radix4+radix4","256+256+256+256","1+1+1+1","0+0+0+0","0+0+0+0","0+0+0+0","0+0+0+0","0+0+0+0","4+5+4+5","dataflow-radix4+dataflow-radix4","resident-fused+full-scratch+resident-fused","1+1+1",8,per-packet,interleaved-rows,0,0,10,50,2.807456,0.715674,0.715831,0.000158,0,0,0,0,0,7,natural,natural,"",2.612640,22356.559513,2607.659867,5860637937.090588,fused,shoup,-1
v06_hybrid2d,2,"Tesla V100-SXM2-16GB",7.0,0,"","","",0.000000,"",hybrid2d,0,named-barrier,0,0,0,0,0,0,0,hermes-xor,inplace,radix4,32,18,262144,16,998244353,30,9,4,512,dataflow-radix4,"",0,"",0,0,"","","","","","","","","","","","",0,per-packet,interleaved-rows,0,0,10,50,2.802272,0.185958,0.186127,0.000168,0,0,0,0,0,7,natural,natural,"",2.606304,86040.748728,2859.934147,22555066034.576344,fused,shoup,-1
v07_resident_generic,3,"Tesla V100-SXM2-16GB",7.0,0,"v100-sm70","hierarchical-dataflow-wave-warp-radix4-resident-fused-m4-g2","experimental",0.000000,"warp-parallel subgraphs with dependency-wave readiness; logical subgraphs are lowered into resident physical execution groups",hierarchical-dataflow,0,named-barrier,0,0,0,2,0,0,0,hermes-xor,inplace,radix4,32,18,262144,16,998244353,30,0,0,0,dataflow-radix4,"4+5+4+5",4,"9+9",2,1,"radix4+radix4+radix4+radix4","256+256+256+256","1+1+1+1","0+0+0+0","0+0+0+0","0+0+0+0","0+0+0+0","0+0+0+0","4+5+4+5","radix4+radix4","resident-fused+full-scratch+resident-fused","1+1+1",8,per-packet,interleaved-rows,0,0,10,50,2.810560,0.667546,0.667723,0.000177,0,0,0,0,0,7,natural,natural,"",2.611552,23968.399464,2627.405519,6283172109.188247,fused,shoup,-1
v07_resident_core,3,"Tesla V100-SXM2-16GB",7.0,0,"v100-sm70","hierarchical-dataflow-wave-warp-radix4-resident-fused-m4-g2","experimental",0.000000,"warp-parallel subgraphs with dependency-wave readiness; logical subgraphs are lowered into resident physical execution groups",hierarchical-dataflow,0,named-barrier,0,0,0,4,0,0,0,hermes-xor,inplace,radix4,32,18,262144,16,998244353,30,0,0,0,dataflow-radix4,"4+5+4+5",4,"9+9",2,1,"radix4+radix4+radix4+radix4","256+256+256+256","1+1+1+1","0+0+0+0","0+0+0+0","0+0+0+0","0+0+0+0","0+0+0+0","4+5+4+5","dataflow-radix4+dataflow-radix4","resident-fused+full-scratch+resident-fused","1+1+1",8,per-packet,interleaved-rows,0,0,10,50,2.812512,0.716964,0.717124,0.000160,0,0,0,0,0,7,natural,natural,"",2.622080,22316.328082,2600.968019,5850091508.774754,fused,shoup,-1
v06_hybrid2d,3,"Tesla V100-SXM2-16GB",7.0,0,"","","",0.000000,"",hybrid2d,0,named-barrier,0,0,0,0,0,0,0,hermes-xor,inplace,radix4,32,18,262144,16,998244353,30,9,4,512,dataflow-radix4,"",0,"",0,0,"","","","","","","","","","","","",0,per-packet,interleaved-rows,0,0,10,50,2.802400,0.186081,0.186230,0.000149,0,0,0,0,0,7,natural,natural,"",2.605152,85983.933474,2860.394881,22540172256.711742,fused,shoup,-1
v07_full,3,"Tesla V100-SXM2-16GB",7.0,0,"v100-sm70","hierarchical-dataflow-wave-warp-radix4","experimental",0.000000,"warp-parallel subgraphs with dependency-wave readiness",hierarchical-dataflow,0,named-barrier,0,0,0,2,0,0,0,hermes-xor,inplace,radix4,32,18,262144,16,998244353,30,0,0,0,dataflow-radix4,"4+5+4+5",4,"4+5+4+5",4,3,"radix4+radix4+radix4+radix4","256+256+256+256","1+1+1+1","0+0+0+0","0+0+0+0","0+0+0+0","0+0+0+0","0+0+0+0","4+5+4+5","radix4+radix4+radix4+radix4","full-scratch+full-scratch+full-scratch","1+1+1",8,per-packet,interleaved-rows,0,0,10,50,2.798752,3.508756,3.508918,0.000161,0,0,0,0,0,7,natural,natural,"",2.622080,4560.020184,1791.795882,1195381931.048419,fused,shoup,-1
v06_hybrid2d,1,"Tesla V100-SXM2-16GB",7.0,0,"","","",0.000000,"",hybrid2d,0,named-barrier,0,0,0,0,0,0,0,hermes-xor,inplace,radix4,32,20,1048576,1,998244353,30,10,2,512,dataflow-radix4,"",0,"",0,0,"","","","","","","","","","","","",0,per-packet,interleaved-rows,0,0,10,50,0.786304,0.085770,0.085920,0.000150,0,0,0,0,0,7,natural,natural,"",0.726656,11659.055375,625.496387,12225405648.555098,fused,shoup,-1
v07_full,1,"Tesla V100-SXM2-16GB",7.0,0,"v100-sm70","hierarchical-dataflow-wave-warp-radix4","experimental",0.000000,"warp-parallel subgraphs with dependency-wave readiness",hierarchical-dataflow,0,named-barrier,0,0,0,2,0,0,0,hermes-xor,inplace,radix4,32,20,1048576,1,998244353,30,0,0,0,dataflow-radix4,"5+5+5+5",4,"5+5+5+5",4,3,"radix4+radix4+radix4+radix4","256+256+256+256","1+1+1+1","0+0+0+0","0+0+0+0","0+0+0+0","0+0+0+0","0+0+0+0","5+5+5+5","radix4+radix4+radix4+radix4","full-scratch+full-scratch+full-scratch","1+1+1",8,per-packet,interleaved-rows,0,0,10,50,0.780544,0.958300,0.958460,0.000160,0,0,0,0,0,7,natural,natural,"",0.741216,1043.514368,403.216025,1094204122.293060,fused,shoup,-1
v07_resident_generic,1,"Tesla V100-SXM2-16GB",7.0,0,"v100-sm70","hierarchical-dataflow-wave-warp-radix4-resident-fused-m4-g2","experimental",0.000000,"warp-parallel subgraphs with dependency-wave readiness; logical subgraphs are lowered into resident physical execution groups",hierarchical-dataflow,0,named-barrier,0,0,0,2,0,0,0,hermes-xor,inplace,radix4,32,20,1048576,1,998244353,30,0,0,0,dataflow-radix4,"5+5+5+5",4,"10+10",2,1,"radix4+radix4+radix4+radix4","256+256+256+256","1+1+1+1","0+0+0+0","0+0+0+0","0+0+0+0","0+0+0+0","0+0+0+0","5+5+5+5","radix4+radix4","resident-fused+full-scratch+resident-fused","1+1+1",8,per-packet,interleaved-rows,0,0,10,50,0.779040,0.370135,0.370305,0.000170,0,0,0,0,0,7,natural,natural,"",0.731648,2701.716656,531.682128,2832955244.050507,fused,shoup,-1
v07_resident_core,1,"Tesla V100-SXM2-16GB",7.0,0,"v100-sm70","hierarchical-dataflow-wave-10x10-resident-radix4-resident-fused-m4-g2","experimental",0.000000,"resident lowering targets the generated V100 10+10 radix-4 execution core; logical subgraphs are lowered into resident physical execution groups",hierarchical-dataflow,0,named-barrier,0,0,0,4,0,0,0,hermes-xor,inplace,radix4,32,20,1048576,1,998244353,30,0,0,0,dataflow-radix4,"5+5+5+5",4,"10+10",2,1,"radix4+radix4+radix4+radix4","256+256+256+256","1+1+1+1","0+0+0+0","0+0+0+0","0+0+0+0","0+0+0+0","0+0+0+0","5+5+5+5","dataflow-radix4+dataflow-radix4","resident-fused+full-scratch+resident-fused","1+1+1",8,per-packet,interleaved-rows,0,0,10,50,0.781376,0.129823,0.129980,0.000157,0,0,0,0,0,7,natural,natural,"",0.727488,7702.812188,610.244776,8076983992.968986,fused,shoup,-1
v06_resident,1,"Tesla V100-SXM2-16GB",7.0,0,"v100-sm70","hierarchical-dataflow-wave-10x10-resident-radix4","experimental",0.000000,"transform-wave readiness with the generated resident radix-4 core",hierarchical-dataflow,0,named-barrier,0,0,0,4,0,0,0,hermes-xor,inplace,radix4,32,20,1048576,1,998244353,30,0,0,0,dataflow-radix4,"10+10",2,"10+10",2,1,"dataflow-radix4+dataflow-radix4","256+256","1+1","0+0","1+1","0+0","0+0","0+0","9+11","dataflow-radix4+dataflow-radix4","full-scratch","1",8,per-packet,interleaved-rows,0,0,10,50,0.792352,0.129167,0.129321,0.000154,0,0,0,0,0,7,natural,natural,"",0.744000,7741.893745,600.413300,8117963975.261975,fused,shoup,-1
v07_full,2,"Tesla V100-SXM2-16GB",7.0,0,"v100-sm70","hierarchical-dataflow-wave-warp-radix4","experimental",0.000000,"warp-parallel subgraphs with dependency-wave readiness",hierarchical-dataflow,0,named-barrier,0,0,0,2,0,0,0,hermes-xor,inplace,radix4,32,20,1048576,1,998244353,30,0,0,0,dataflow-radix4,"5+5+5+5",4,"5+5+5+5",4,3,"radix4+radix4+radix4+radix4","256+256+256+256","1+1+1+1","0+0+0+0","0+0+0+0","0+0+0+0","0+0+0+0","0+0+0+0","5+5+5+5","radix4+radix4+radix4+radix4","full-scratch+full-scratch+full-scratch","1+1+1",8,per-packet,interleaved-rows,0,0,10,50,0.798752,0.955761,0.955927,0.000167,0,0,0,0,0,7,natural,natural,"",0.755200,1046.287051,398.451983,1097111490.681729,fused,shoup,-1
v07_resident_generic,2,"Tesla V100-SXM2-16GB",7.0,0,"v100-sm70","hierarchical-dataflow-wave-warp-radix4-resident-fused-m4-g2","experimental",0.000000,"warp-parallel subgraphs with dependency-wave readiness; logical subgraphs are lowered into resident physical execution groups",hierarchical-dataflow,0,named-barrier,0,0,0,2,0,0,0,hermes-xor,inplace,radix4,32,20,1048576,1,998244353,30,0,0,0,dataflow-radix4,"5+5+5+5",4,"10+10",2,1,"radix4+radix4+radix4+radix4","256+256+256+256","1+1+1+1","0+0+0+0","0+0+0+0","0+0+0+0","0+0+0+0","0+0+0+0","5+5+5+5","radix4+radix4","resident-fused+full-scratch+resident-fused","1+1+1",8,per-packet,interleaved-rows,0,0,10,50,0.789280,0.370831,0.371006,0.000175,0,0,0,0,0,7,natural,natural,"",0.741536,2696.643488,525.859844,2827635642.043630,fused,shoup,-1
v07_resident_core,2,"Tesla V100-SXM2-16GB",7.0,0,"v100-sm70","hierarchical-dataflow-wave-10x10-resident-radix4-resident-fused-m4-g2","experimental",0.000000,"resident lowering targets the generated V100 10+10 radix-4 execution core; logical subgraphs are lowered into resident physical execution groups",hierarchical-dataflow,0,named-barrier,0,0,0,4,0,0,0,hermes-xor,inplace,radix4,32,20,1048576,1,998244353,30,0,0,0,dataflow-radix4,"5+5+5+5",4,"10+10",2,1,"radix4+radix4+radix4+radix4","256+256+256+256","1+1+1+1","0+0+0+0","0+0+0+0","0+0+0+0","0+0+0+0","0+0+0+0","5+5+5+5","dataflow-radix4+dataflow-radix4","resident-fused+full-scratch+resident-fused","1+1+1",8,per-packet,interleaved-rows,0,0,10,50,0.788320,0.129167,0.129324,0.000157,0,0,0,0,0,7,natural,natural,"",0.730112,7741.893745,606.943660,8117963975.261975,fused,shoup,-1
v06_resident,2,"Tesla V100-SXM2-16GB",7.0,0,"v100-sm70","hierarchical-dataflow-wave-10x10-resident-radix4","experimental",0.000000,"transform-wave readiness with the generated resident radix-4 core",hierarchical-dataflow,0,named-barrier,0,0,0,4,0,0,0,hermes-xor,inplace,radix4,32,20,1048576,1,998244353,30,0,0,0,dataflow-radix4,"10+10",2,"10+10",2,1,"dataflow-radix4+dataflow-radix4","256+256","1+1","0+0","1+1","0+0","0+0","0+0","9+11","dataflow-radix4+dataflow-radix4","full-scratch","1",8,per-packet,interleaved-rows,0,0,10,50,0.780800,0.128635,0.128789,0.000154,0,0,0,0,0,7,natural,natural,"",0.765120,7773.940952,597.173613,8151567907.718481,fused,shoup,-1
v06_hybrid2d,2,"Tesla V100-SXM2-16GB",7.0,0,"","","",0.000000,"",hybrid2d,0,named-barrier,0,0,0,0,0,0,0,hermes-xor,inplace,radix4,32,20,1048576,1,998244353,30,10,2,512,dataflow-radix4,"",0,"",0,0,"","","","","","","","","","","","",0,per-packet,interleaved-rows,0,0,10,50,0.787744,0.085688,0.085862,0.000173,0,0,0,0,0,7,natural,natural,"",0.733920,11670.201581,622.141150,12237093292.879196,fused,shoup,-1
v07_resident_generic,3,"Tesla V100-SXM2-16GB",7.0,0,"v100-sm70","hierarchical-dataflow-wave-warp-radix4-resident-fused-m4-g2","experimental",0.000000,"warp-parallel subgraphs with dependency-wave readiness; logical subgraphs are lowered into resident physical execution groups",hierarchical-dataflow,0,named-barrier,0,0,0,2,0,0,0,hermes-xor,inplace,radix4,32,20,1048576,1,998244353,30,0,0,0,dataflow-radix4,"5+5+5+5",4,"10+10",2,1,"radix4+radix4+radix4+radix4","256+256+256+256","1+1+1+1","0+0+0+0","0+0+0+0","0+0+0+0","0+0+0+0","0+0+0+0","5+5+5+5","radix4+radix4","resident-fused+full-scratch+resident-fused","1+1+1",8,per-packet,interleaved-rows,0,0,10,50,0.767136,0.370483,0.370651,0.000168,0,0,0,0,0,7,natural,natural,"",0.736864,2699.177580,533.480384,2830292829.633200,fused,shoup,-1
v07_resident_core,3,"Tesla V100-SXM2-16GB",7.0,0,"v100-sm70","hierarchical-dataflow-wave-10x10-resident-radix4-resident-fused-m4-g2","experimental",0.000000,"resident lowering targets the generated V100 10+10 radix-4 execution core; logical subgraphs are lowered into resident physical execution groups",hierarchical-dataflow,0,named-barrier,0,0,0,4,0,0,0,hermes-xor,inplace,radix4,32,20,1048576,1,998244353,30,0,0,0,dataflow-radix4,"5+5+5+5",4,"10+10",2,1,"radix4+radix4+radix4+radix4","256+256+256+256","1+1+1+1","0+0+0+0","0+0+0+0","0+0+0+0","0+0+0+0","0+0+0+0","5+5+5+5","dataflow-radix4+dataflow-radix4","resident-fused+full-scratch+resident-fused","1+1+1",8,per-packet,interleaved-rows,0,0,10,50,0.793824,0.129843,0.130018,0.000174,0,0,0,0,0,7,natural,natural,"",0.742304,7701.597578,600.250460,8075710381.709388,fused,shoup,-1
v06_resident,3,"Tesla V100-SXM2-16GB",7.0,0,"v100-sm70","hierarchical-dataflow-wave-10x10-resident-radix4","experimental",0.000000,"transform-wave readiness with the generated resident radix-4 core",hierarchical-dataflow,0,named-barrier,0,0,0,4,0,0,0,hermes-xor,inplace,radix4,32,20,1048576,1,998244353,30,0,0,0,dataflow-radix4,"10+10",2,"10+10",2,1,"dataflow-radix4+dataflow-radix4","256+256","1+1","0+0","1+1","0+0","0+0","0+0","9+11","dataflow-radix4+dataflow-radix4","full-scratch","1",8,per-packet,interleaved-rows,0,0,10,50,0.781792,0.129147,0.129307,0.000161,0,0,0,0,0,7,natural,natural,"",0.734016,7743.121993,607.919417,8119251886.795048,fused,shoup,-1
v06_hybrid2d,3,"Tesla V100-SXM2-16GB",7.0,0,"","","",0.000000,"",hybrid2d,0,named-barrier,0,0,0,0,0,0,0,hermes-xor,inplace,radix4,32,20,1048576,1,998244353,30,10,2,512,dataflow-radix4,"",0,"",0,0,"","","","","","","","","","","","",0,per-packet,interleaved-rows,0,0,10,50,0.791840,0.085729,0.085869,0.000140,0,0,0,0,0,7,natural,natural,"",0.723744,11664.625308,624.487421,12231246147.169355,fused,shoup,-1
v07_full,3,"Tesla V100-SXM2-16GB",7.0,0,"v100-sm70","hierarchical-dataflow-wave-warp-radix4","experimental",0.000000,"warp-parallel subgraphs with dependency-wave readiness",hierarchical-dataflow,0,named-barrier,0,0,0,2,0,0,0,hermes-xor,inplace,radix4,32,20,1048576,1,998244353,30,0,0,0,dataflow-radix4,"5+5+5+5",4,"5+5+5+5",4,3,"radix4+radix4+radix4+radix4","256+256+256+256","1+1+1+1","0+0+0+0","0+0+0+0","0+0+0+0","0+0+0+0","0+0+0+0","5+5+5+5","radix4+radix4+radix4+radix4","full-scratch+full-scratch+full-scratch","1+1+1",8,per-packet,interleaved-rows,0,0,10,50,0.799648,1.108562,1.108739,0.000177,0,0,0,0,0,7,natural,natural,"",0.732224,902.069534,378.725623,945888463.574216,fused,shoup,-1
v06_hybrid2d,1,"Tesla V100-SXM2-16GB",7.0,0,"","","",0.000000,"",hybrid2d,0,named-barrier,0,0,0,0,0,0,0,hermes-xor,inplace,radix4,32,20,1048576,4,998244353,30,10,2,512,dataflow-radix4,"",0,"",0,0,"","","","","","","","","","","","",0,per-packet,interleaved-rows,0,0,10,50,2.813824,0.280310,0.280495,0.000185,0,0,0,0,0,7,natural,natural,"",2.622848,14269.927336,699.669893,14963103326.391891,fused,shoup,-1
v07_full,1,"Tesla V100-SXM2-16GB",7.0,0,"v100-sm70","hierarchical-dataflow-wave-warp-radix4","experimental",0.000000,"warp-parallel subgraphs with dependency-wave readiness",hierarchical-dataflow,0,named-barrier,0,0,0,2,0,0,0,hermes-xor,inplace,radix4,32,20,1048576,4,998244353,30,0,0,0,dataflow-radix4,"5+5+5+5",4,"5+5+5+5",4,3,"radix4+radix4+radix4+radix4","256+256+256+256","1+1+1+1","0+0+0+0","0+0+0+0","0+0+0+0","0+0+0+0","0+0+0+0","5+5+5+5","radix4+radix4+radix4+radix4","full-scratch+full-scratch+full-scratch","1+1+1",8,per-packet,interleaved-rows,0,0,10,50,2.813888,2.633134,2.633323,0.000189,0,0,0,0,0,7,natural,natural,"",2.634016,1519.102259,494.985902,1592894170.307669,fused,shoup,-1
v07_resident_generic,1,"Tesla V100-SXM2-16GB",7.0,0,"v100-sm70","hierarchical-dataflow-wave-warp-radix4-resident-fused-m4-g2","experimental",0.000000,"warp-parallel subgraphs with dependency-wave readiness; logical subgraphs are lowered into resident physical execution groups",hierarchical-dataflow,0,named-barrier,0,0,0,2,0,0,0,hermes-xor,inplace,radix4,32,20,1048576,4,998244353,30,0,0,0,dataflow-radix4,"5+5+5+5",4,"10+10",2,1,"radix4+radix4+radix4+radix4","256+256+256+256","1+1+1+1","0+0+0+0","0+0+0+0","0+0+0+0","0+0+0+0","0+0+0+0","5+5+5+5","radix4+radix4","resident-fused+full-scratch+resident-fused","1+1+1",8,per-packet,interleaved-rows,0,0,10,50,2.811136,0.986849,0.987023,0.000173,0,0,0,0,0,7,natural,natural,"",2.621440,4053.303749,623.108743,4250197032.048640,fused,shoup,-1
v07_resident_core,1,"Tesla V100-SXM2-16GB",7.0,0,"v100-sm70","hierarchical-dataflow-wave-10x10-resident-radix4-resident-fused-m4-g2","experimental",0.000000,"resident lowering targets the generated V100 10+10 radix-4 execution core; logical subgraphs are lowered into resident physical execution groups",hierarchical-dataflow,0,named-barrier,0,0,0,4,0,0,0,hermes-xor,inplace,radix4,32,20,1048576,4,998244353,30,0,0,0,dataflow-radix4,"5+5+5+5",4,"10+10",2,1,"radix4+radix4+radix4+radix4","256+256+256+256","1+1+1+1","0+0+0+0","0+0+0+0","0+0+0+0","0+0+0+0","0+0+0+0","5+5+5+5","dataflow-radix4+dataflow-radix4","resident-fused+full-scratch+resident-fused","1+1+1",8,per-packet,interleaved-rows,0,0,10,50,2.814656,0.326308,0.326461,0.000153,0,0,0,0,0,7,natural,natural,"",2.617248,12258.363401,694.660089,12853825661.907846,fused,shoup,-1
v06_resident,1,"Tesla V100-SXM2-16GB",7.0,0,"v100-sm70","hierarchical-dataflow-wave-10x10-resident-radix4","experimental",0.000000,"transform-wave readiness with the generated resident radix-4 core",hierarchical-dataflow,0,named-barrier,0,0,0,4,0,0,0,hermes-xor,inplace,radix4,32,20,1048576,4,998244353,30,0,0,0,dataflow-radix4,"10+10",2,"10+10",2,1,"dataflow-radix4+dataflow-radix4","256+256","1+1","0+0","1+1","0+0","0+0","0+0","9+11","dataflow-radix4+dataflow-radix4","full-scratch","1",8,per-packet,interleaved-rows,0,0,10,50,2.815936,0.310456,0.310630,0.000173,0,0,0,0,0,7,natural,natural,"",2.611872,12884.260767,697.074891,13510126618.210966,fused,shoup,-1
v07_full,2,"Tesla V100-SXM2-16GB",7.0,0,"v100-sm70","hierarchical-dataflow-wave-warp-radix4","experimental",0.000000,"warp-parallel subgraphs with dependency-wave readiness",hierarchical-dataflow,0,named-barrier,0,0,0,2,0,0,0,hermes-xor,inplace,radix4,32,20,1048576,4,998244353,30,0,0,0,dataflow-radix4,"5+5+5+5",4,"5+5+5+5",4,3,"radix4+radix4+radix4+radix4","256+256+256+256","1+1+1+1","0+0+0+0","0+0+0+0","0+0+0+0","0+0+0+0","0+0+0+0","5+5+5+5","radix4+radix4+radix4+radix4","full-scratch+full-scratch+full-scratch","1+1+1",8,per-packet,interleaved-rows,0,0,10,50,2.802464,2.607739,2.607911,0.000172,0,0,0,0,0,7,natural,natural,"",2.612864,1533.895855,498.562458,1608406380.201963,fused,shoup,-1
v07_resident_generic,2,"Tesla V100-SXM2-16GB",7.0,0,"v100-sm70","hierarchical-dataflow-wave-warp-radix4-resident-fused-m4-g2","experimental",0.000000,"warp-parallel subgraphs with dependency-wave readiness; logical subgraphs are lowered into resident physical execution groups",hierarchical-dataflow,0,named-barrier,0,0,0,2,0,0,0,hermes-xor,inplace,radix4,32,20,1048576,4,998244353,30,0,0,0,dataflow-radix4,"5+5+5+5",4,"10+10",2,1,"radix4+radix4+radix4+radix4","256+256+256+256","1+1+1+1","0+0+0+0","0+0+0+0","0+0+0+0","0+0+0+0","0+0+0+0","5+5+5+5","radix4+radix4","resident-fused+full-scratch+resident-fused","1+1+1",8,per-packet,interleaved-rows,0,0,10,50,2.806880,1.005957,1.006122,0.000165,0,0,0,0,0,7,natural,natural,"",2.606144,3976.312602,623.151861,4169465963.329375,fused,shoup,-1
v07_resident_core,2,"Tesla V100-SXM2-16GB",7.0,0,"v100-sm70","hierarchical-dataflow-wave-10x10-resident-radix4-resident-fused-m4-g2","experimental",0.000000,"resident lowering targets the generated V100 10+10 radix-4 execution core; logical subgraphs are lowered into resident physical execution groups",hierarchical-dataflow,0,named-barrier,0,0,0,4,0,0,0,hermes-xor,inplace,radix4,32,20,1048576,4,998244353,30,0,0,0,dataflow-radix4,"5+5+5+5",4,"10+10",2,1,"radix4+radix4+radix4+radix4","256+256+256+256","1+1+1+1","0+0+0+0","0+0+0+0","0+0+0+0","0+0+0+0","0+0+0+0","5+5+5+5","dataflow-radix4+dataflow-radix4","resident-fused+full-scratch+resident-fused","1+1+1",8,per-packet,interleaved-rows,0,0,10,50,2.804544,0.325775,0.325942,0.000167,0,0,0,0,0,7,natural,natural,"",2.609472,12278.398508,696.889438,12874833994.132029,fused,shoup,-1
v06_resident,2,"Tesla V100-SXM2-16GB",7.0,0,"v100-sm70","hierarchical-dataflow-wave-10x10-resident-radix4","experimental",0.000000,"transform-wave readiness with the generated resident radix-4 core",hierarchical-dataflow,0,named-barrier,0,0,0,4,0,0,0,hermes-xor,inplace,radix4,32,20,1048576,4,998244353,30,0,0,0,dataflow-radix4,"10+10",2,"10+10",2,1,"dataflow-radix4+dataflow-radix4","256+256","1+1","0+0","1+1","0+0","0+0","0+0","9+11","dataflow-radix4+dataflow-radix4","full-scratch","1",8,per-packet,interleaved-rows,0,0,10,50,2.805632,0.310313,0.310475,0.000162,0,0,0,0,0,7,natural,natural,"",2.611712,12890.212656,698.365835,13516367625.573225,fused,shoup,-1
v06_hybrid2d,2,"Tesla V100-SXM2-16GB",7.0,0,"","","",0.000000,"",hybrid2d,0,named-barrier,0,0,0,0,0,0,0,hermes-xor,inplace,radix4,32,20,1048576,4,998244353,30,10,2,512,dataflow-radix4,"",0,"",0,0,"","","","","","","","","","","","",0,per-packet,interleaved-rows,0,0,10,50,2.815008,0.280699,0.280867,0.000168,0,0,0,0,0,7,natural,natural,"",2.613184,14250.146650,700.661506,14942361773.555157,fused,shoup,-1
v07_resident_generic,3,"Tesla V100-SXM2-16GB",7.0,0,"v100-sm70","hierarchical-dataflow-wave-warp-radix4-resident-fused-m4-g2","experimental",0.000000,"warp-parallel subgraphs with dependency-wave readiness; logical subgraphs are lowered into resident physical execution groups",hierarchical-dataflow,0,named-barrier,0,0,0,2,0,0,0,hermes-xor,inplace,radix4,32,20,1048576,4,998244353,30,0,0,0,dataflow-radix4,"5+5+5+5",4,"10+10",2,1,"radix4+radix4+radix4+radix4","256+256+256+256","1+1+1+1","0+0+0+0","0+0+0+0","0+0+0+0","0+0+0+0","0+0+0+0","5+5+5+5","radix4+radix4","resident-fused+full-scratch+resident-fused","1+1+1",8,per-packet,interleaved-rows,0,0,10,50,2.803936,0.980275,0.980421,0.000146,0,0,0,0,0,7,natural,natural,"",2.618176,4080.486729,624.766962,4278700451.978194,fused,shoup,-1
v07_resident_core,3,"Tesla V100-SXM2-16GB",7.0,0,"v100-sm70","hierarchical-dataflow-wave-10x10-resident-radix4-resident-fused-m4-g2","experimental",0.000000,"resident lowering targets the generated V100 10+10 radix-4 execution core; logical subgraphs are lowered into resident physical execution groups",hierarchical-dataflow,0,named-barrier,0,0,0,4,0,0,0,hermes-xor,inplace,radix4,32,20,1048576,4,998244353,30,0,0,0,dataflow-radix4,"5+5+5+5",4,"10+10",2,1,"radix4+radix4+radix4+radix4","256+256+256+256","1+1+1+1","0+0+0+0","0+0+0+0","0+0+0+0","0+0+0+0","0+0+0+0","5+5+5+5","dataflow-radix4+dataflow-radix4","resident-fused+full-scratch+resident-fused","1+1+1",8,per-packet,interleaved-rows,0,0,10,50,2.806400,0.325243,0.325409,0.000167,0,0,0,0,0,7,natural,natural,"",2.608512,12298.501467,696.845311,12895913474.273504,fused,shoup,-1
v06_resident,3,"Tesla V100-SXM2-16GB",7.0,0,"v100-sm70","hierarchical-dataflow-wave-10x10-resident-radix4","experimental",0.000000,"transform-wave readiness with the generated resident radix-4 core",hierarchical-dataflow,0,named-barrier,0,0,0,4,0,0,0,hermes-xor,inplace,radix4,32,20,1048576,4,998244353,30,0,0,0,dataflow-radix4,"10+10",2,"10+10",2,1,"dataflow-radix4+dataflow-radix4","256+256","1+1","0+0","1+1","0+0","0+0","0+0","9+11","dataflow-radix4+dataflow-radix4","full-scratch","1",8,per-packet,interleaved-rows,0,0,10,50,2.807456,0.310518,0.310679,0.000161,0,0,0,0,0,7,natural,natural,"",2.610752,12881.710934,698.235538,13507452923.932796,fused,shoup,-1
v06_hybrid2d,3,"Tesla V100-SXM2-16GB",7.0,0,"","","",0.000000,"",hybrid2d,0,named-barrier,0,0,0,0,0,0,0,hermes-xor,inplace,radix4,32,20,1048576,4,998244353,30,10,2,512,dataflow-radix4,"",0,"",0,0,"","","","","","","","","","","","",0,per-packet,interleaved-rows,0,0,10,50,2.825344,0.280842,0.281002,0.000160,0,0,0,0,0,7,natural,natural,"",2.613152,14242.871493,699.381598,14934733218.640799,fused,shoup,-1
v07_full,3,"Tesla V100-SXM2-16GB",7.0,0,"v100-sm70","hierarchical-dataflow-wave-warp-radix4","experimental",0.000000,"warp-parallel subgraphs with dependency-wave readiness",hierarchical-dataflow,0,named-barrier,0,0,0,2,0,0,0,hermes-xor,inplace,radix4,32,20,1048576,4,998244353,30,0,0,0,dataflow-radix4,"5+5+5+5",4,"5+5+5+5",4,3,"radix4+radix4+radix4+radix4","256+256+256+256","1+1+1+1","0+0+0+0","0+0+0+0","0+0+0+0","0+0+0+0","0+0+0+0","5+5+5+5","radix4+radix4+radix4+radix4","full-scratch+full-scratch+full-scratch","1+1+1",8,per-packet,interleaved-rows,0,0,10,50,2.811584,2.607063,2.607226,0.000163,0,0,0,0,0,7,natural,natural,"",2.615296,1534.293539,497.887529,1608823381.503574,fused,shoup,-1
v06_hybrid2d,1,"Tesla V100-SXM2-16GB",7.0,0,"","","",0.000000,"",hybrid2d,0,named-barrier,0,0,0,0,0,0,0,hermes-xor,inplace,radix4,32,20,1048576,16,998244353,30,10,2,512,dataflow-radix4,"",0,"",0,0,"","","","","","","","","","","","",0,per-packet,interleaved-rows,0,0,10,50,10.866048,1.051218,1.051373,0.000155,0,0,0,0,0,7,natural,natural,"",10.110464,15220.440779,726.357191,15959788910.087996,fused,shoup,-1
v07_full,1,"Tesla V100-SXM2-16GB",7.0,0,"v100-sm70","hierarchical-dataflow-wave-warp-radix4","experimental",0.000000,"warp-parallel subgraphs with dependency-wave readiness",hierarchical-dataflow,0,named-barrier,0,0,0,2,0,0,0,hermes-xor,inplace,radix4,32,20,1048576,16,998244353,30,0,0,0,dataflow-radix4,"5+5+5+5",4,"5+5+5+5",4,3,"radix4+radix4+radix4+radix4","256+256+256+256","1+1+1+1","0+0+0+0","0+0+0+0","0+0+0+0","0+0+0+0","0+0+0+0","5+5+5+5","radix4+radix4+radix4+radix4","full-scratch+full-scratch+full-scratch","1+1+1",8,per-packet,interleaved-rows,0,0,10,50,10.866720,9.482588,9.482762,0.000174,0,0,0,0,0,7,natural,natural,"",10.131712,1687.303119,524.916818,1769265555.826919,fused,shoup,-1
v07_resident_generic,1,"Tesla V100-SXM2-16GB",7.0,0,"v100-sm70","hierarchical-dataflow-wave-warp-radix4-resident-fused-m4-g2","experimental",0.000000,"warp-parallel subgraphs with dependency-wave readiness; logical subgraphs are lowered into resident physical execution groups",hierarchical-dataflow,0,named-barrier,0,0,0,2,0,0,0,hermes-xor,inplace,radix4,32,20,1048576,16,998244353,30,0,0,0,dataflow-radix4,"5+5+5+5",4,"10+10",2,1,"radix4+radix4+radix4+radix4","256+256+256+256","1+1+1+1","0+0+0+0","0+0+0+0","0+0+0+0","0+0+0+0","0+0+0+0","5+5+5+5","radix4+radix4","resident-fused+full-scratch+resident-fused","1+1+1",8,per-packet,interleaved-rows,0,0,10,50,10.872384,3.744625,3.744799,0.000174,0,0,0,0,0,7,natural,natural,"",10.133536,4272.791440,646.450411,4480346557.053842,fused,shoup,-1
v07_resident_core,1,"Tesla V100-SXM2-16GB",7.0,0,"v100-sm70","hierarchical-dataflow-wave-10x10-resident-radix4-resident-fused-m4-g2","experimental",0.000000,"resident lowering targets the generated V100 10+10 radix-4 execution core; logical subgraphs are lowered into resident physical execution groups",hierarchical-dataflow,0,named-barrier,0,0,0,4,0,0,0,hermes-xor,inplace,radix4,32,20,1048576,16,998244353,30,0,0,0,dataflow-radix4,"5+5+5+5",4,"10+10",2,1,"radix4+radix4+radix4+radix4","256+256+256+256","1+1+1+1","0+0+0+0","0+0+0+0","0+0+0+0","0+0+0+0","0+0+0+0","5+5+5+5","dataflow-radix4+dataflow-radix4","resident-fused+full-scratch+resident-fused","1+1+1",8,per-packet,interleaved-rows,0,0,10,50,10.884160,1.034404,1.034589,0.000185,0,0,0,0,0,7,natural,natural,"",10.121568,15467.847261,725.948479,16219213410.042492,fused,shoup,-1
v06_resident,1,"Tesla V100-SXM2-16GB",7.0,0,"v100-sm70","hierarchical-dataflow-wave-10x10-resident-radix4","experimental",0.000000,"transform-wave readiness with the generated resident radix-4 core",hierarchical-dataflow,0,named-barrier,0,0,0,4,0,0,0,hermes-xor,inplace,radix4,32,20,1048576,16,998244353,30,0,0,0,dataflow-radix4,"10+10",2,"10+10",2,1,"dataflow-radix4+dataflow-radix4","256+256","1+1","0+0","1+1","0+0","0+0","0+0","9+11","dataflow-radix4+dataflow-radix4","full-scratch","1",8,per-packet,interleaved-rows,0,0,10,50,10.870144,1.015030,1.015226,0.000196,0,0,0,0,0,7,natural,natural,"",10.117664,15763.084186,727.178921,16528791763.611275,fused,shoup,-1
v07_full,2,"Tesla V100-SXM2-16GB",7.0,0,"v100-sm70","hierarchical-dataflow-wave-warp-radix4","experimental",0.000000,"warp-parallel subgraphs with dependency-wave readiness",hierarchical-dataflow,0,named-barrier,0,0,0,2,0,0,0,hermes-xor,inplace,radix4,32,20,1048576,16,998244353,30,0,0,0,dataflow-radix4,"5+5+5+5",4,"5+5+5+5",4,3,"radix4+radix4+radix4+radix4","256+256+256+256","1+1+1+1","0+0+0+0","0+0+0+0","0+0+0+0","0+0+0+0","0+0+0+0","5+5+5+5","radix4+radix4+radix4+radix4","full-scratch+full-scratch+full-scratch","1+1+1",8,per-packet,interleaved-rows,0,0,10,50,10.891520,9.489613,9.489823,0.000211,0,0,0,0,0,7,natural,natural,"",10.185600,1686.054079,523.444894,1767955842.213821,fused,shoup,-1
v07_resident_generic,2,"Tesla V100-SXM2-16GB",7.0,0,"v100-sm70","hierarchical-dataflow-wave-warp-radix4-resident-fused-m4-g2","experimental",0.000000,"warp-parallel subgraphs with dependency-wave readiness; logical subgraphs are lowered into resident physical execution groups",hierarchical-dataflow,0,named-barrier,0,0,0,2,0,0,0,hermes-xor,inplace,radix4,32,20,1048576,16,998244353,30,0,0,0,dataflow-radix4,"5+5+5+5",4,"10+10",2,1,"radix4+radix4+radix4+radix4","256+256+256+256","1+1+1+1","0+0+0+0","0+0+0+0","0+0+0+0","0+0+0+0","0+0+0+0","5+5+5+5","radix4+radix4","resident-fused+full-scratch+resident-fused","1+1+1",8,per-packet,interleaved-rows,0,0,10,50,10.874464,3.763405,3.763586,0.000181,0,0,0,0,0,7,natural,natural,"",10.122048,4251.469256,646.205714,4457988626.171502,fused,shoup,-1
v07_resident_core,2,"Tesla V100-SXM2-16GB",7.0,0,"v100-sm70","hierarchical-dataflow-wave-10x10-resident-radix4-resident-fused-m4-g2","experimental",0.000000,"resident lowering targets the generated V100 10+10 radix-4 execution core; logical subgraphs are lowered into resident physical execution groups",hierarchical-dataflow,0,named-barrier,0,0,0,4,0,0,0,hermes-xor,inplace,radix4,32,20,1048576,16,998244353,30,0,0,0,dataflow-radix4,"5+5+5+5",4,"10+10",2,1,"radix4+radix4+radix4+radix4","256+256+256+256","1+1+1+1","0+0+0+0","0+0+0+0","0+0+0+0","0+0+0+0","0+0+0+0","5+5+5+5","dataflow-radix4+dataflow-radix4","resident-fused+full-scratch+resident-fused","1+1+1",8,per-packet,interleaved-rows,0,0,10,50,10.883168,1.035428,1.035617,0.000189,0,0,0,0,0,7,natural,natural,"",10.138944,15452.550013,725.375550,16203173082.695221,fused,shoup,-1
v06_resident,2,"Tesla V100-SXM2-16GB",7.0,0,"v100-sm70","hierarchical-dataflow-wave-10x10-resident-radix4","experimental",0.000000,"transform-wave readiness with the generated resident radix-4 core",hierarchical-dataflow,0,named-barrier,0,0,0,4,0,0,0,hermes-xor,inplace,radix4,32,20,1048576,16,998244353,30,0,0,0,dataflow-radix4,"10+10",2,"10+10",2,1,"dataflow-radix4+dataflow-radix4","256+256","1+1","0+0","1+1","0+0","0+0","0+0","9+11","dataflow-radix4+dataflow-radix4","full-scratch","1",8,per-packet,interleaved-rows,0,0,10,50,10.876032,1.007370,1.007606,0.000236,0,0,0,0,0,7,natural,natural,"",10.129440,15882.939030,726.848432,16654468676.440525,fused,shoup,-1
v06_hybrid2d,2,"Tesla V100-SXM2-16GB",7.0,0,"","","",0.000000,"",hybrid2d,0,named-barrier,0,0,0,0,0,0,0,hermes-xor,inplace,radix4,32,20,1048576,16,998244353,30,10,2,512,dataflow-radix4,"",0,"",0,0,"","","","","","","","","","","","",0,per-packet,interleaved-rows,0,0,10,50,10.880064,1.050911,1.051088,0.000177,0,0,0,0,0,7,natural,natural,"",10.124576,15224.890020,725.440978,15964454277.405323,fused,shoup,-1
v07_resident_generic,3,"Tesla V100-SXM2-16GB",7.0,0,"v100-sm70","hierarchical-dataflow-wave-warp-radix4-resident-fused-m4-g2","experimental",0.000000,"warp-parallel subgraphs with dependency-wave readiness; logical subgraphs are lowered into resident physical execution groups",hierarchical-dataflow,0,named-barrier,0,0,0,2,0,0,0,hermes-xor,inplace,radix4,32,20,1048576,16,998244353,30,0,0,0,dataflow-radix4,"5+5+5+5",4,"10+10",2,1,"radix4+radix4+radix4+radix4","256+256+256+256","1+1+1+1","0+0+0+0","0+0+0+0","0+0+0+0","0+0+0+0","0+0+0+0","5+5+5+5","radix4+radix4","resident-fused+full-scratch+resident-fused","1+1+1",8,per-packet,interleaved-rows,0,0,10,50,10.868288,3.699876,3.700027,0.000151,0,0,0,0,0,7,natural,natural,"",10.109984,4324.469449,648.346862,4534534877.276298,fused,shoup,-1
v07_resident_core,3,"Tesla V100-SXM2-16GB",7.0,0,"v100-sm70","hierarchical-dataflow-wave-10x10-resident-radix4-resident-fused-m4-g2","experimental",0.000000,"resident lowering targets the generated V100 10+10 radix-4 execution core; logical subgraphs are lowered into resident physical execution groups",hierarchical-dataflow,0,named-barrier,0,0,0,4,0,0,0,hermes-xor,inplace,radix4,32,20,1048576,16,998244353,30,0,0,0,dataflow-radix4,"5+5+5+5",4,"10+10",2,1,"radix4+radix4+radix4+radix4","256+256+256+256","1+1+1+1","0+0+0+0","0+0+0+0","0+0+0+0","0+0+0+0","0+0+0+0","5+5+5+5","dataflow-radix4+dataflow-radix4","resident-fused+full-scratch+resident-fused","1+1+1",8,per-packet,interleaved-rows,0,0,10,50,10.867648,1.028608,1.028779,0.000171,0,0,0,0,0,7,natural,natural,"",10.110336,15555.003025,727.054862,16310602852.369953,fused,shoup,-1
v06_resident,3,"Tesla V100-SXM2-16GB",7.0,0,"v100-sm70","hierarchical-dataflow-wave-10x10-resident-radix4","experimental",0.000000,"transform-wave readiness with the generated resident radix-4 core",hierarchical-dataflow,0,named-barrier,0,0,0,4,0,0,0,hermes-xor,inplace,radix4,32,20,1048576,16,998244353,30,0,0,0,dataflow-radix4,"10+10",2,"10+10",2,1,"dataflow-radix4+dataflow-radix4","256+256","1+1","0+0","1+1","0+0","0+0","0+0","9+11","dataflow-radix4+dataflow-radix4","full-scratch","1",8,per-packet,interleaved-rows,0,0,10,50,10.881536,1.007534,1.007701,0.000167,0,0,0,0,0,7,natural,natural,"",10.112640,15880.355081,727.216201,16651759209.812717,fused,shoup,-1
v06_hybrid2d,3,"Tesla V100-SXM2-16GB",7.0,0,"","","",0.000000,"",hybrid2d,0,named-barrier,0,0,0,0,0,0,0,hermes-xor,inplace,radix4,32,20,1048576,16,998244353,30,10,2,512,dataflow-radix4,"",0,"",0,0,"","","","","","","","","","","","",0,per-packet,interleaved-rows,0,0,10,50,10.877344,1.050644,1.050785,0.000141,0,0,0,0,0,7,natural,natural,"",10.109600,15228.749170,726.032248,15968500889.700781,fused,shoup,-1
v07_full,3,"Tesla V100-SXM2-16GB",7.0,0,"v100-sm70","hierarchical-dataflow-wave-warp-radix4","experimental",0.000000,"warp-parallel subgraphs with dependency-wave readiness",hierarchical-dataflow,0,named-barrier,0,0,0,2,0,0,0,hermes-xor,inplace,radix4,32,20,1048576,16,998244353,30,0,0,0,dataflow-radix4,"5+5+5+5",4,"5+5+5+5",4,3,"radix4+radix4+radix4+radix4","256+256+256+256","1+1+1+1","0+0+0+0","0+0+0+0","0+0+0+0","0+0+0+0","0+0+0+0","5+5+5+5","radix4+radix4+radix4+radix4","full-scratch+full-scratch+full-scratch","1+1+1",8,per-packet,interleaved-rows,0,0,10,50,10.866624,9.559183,9.559491,0.000308,0,0,0,0,0,7,natural,natural,"",10.213280,1673.783188,522.208777,1755088880.306239,fused,shoup,-1
v06_hybrid2d,1,"Tesla V100-SXM2-16GB",7.0,0,"","","",0.000000,"",hybrid2d,0,named-barrier,0,0,0,0,0,0,0,hermes-xor,inplace,radix4,64,12,4096,1,576460756061519873,60,6,4,256,dataflow-radix4,"",0,"",0,0,"","","","","","","","","","","","",0,per-packet,interleaved-rows,0,0,10,50,0.016384,0.007864,0.008034,0.000169,0,0,0,0,0,7,natural,natural,"",0.027904,127156.565000,19174.602122,520833290.239394,fused,shoup,-1
v07_full,1,"Tesla V100-SXM2-16GB",7.0,0,"v100-sm70","hierarchical-dataflow-wave-warp-radix4","experimental",0.000000,"warp-parallel subgraphs with dependency-wave readiness",hierarchical-dataflow,0,named-barrier,0,0,0,2,0,0,0,hermes-xor,inplace,radix4,64,12,4096,1,576460756061519873,60,0,0,0,dataflow-radix4,"3+3+3+3",4,"3+3+3+3",4,3,"radix4+radix4+radix4+radix4","256+256+256+256","1+1+1+1","0+0+0+0","0+0+0+0","0+0+0+0","0+0+0+0","0+0+0+0","3+3+3+3","radix4+radix4+radix4+radix4","full-scratch+full-scratch+full-scratch","1+1+1",8,per-packet,interleaved-rows,0,0,10,50,0.015360,0.032788,0.032934,0.000145,0,0,0,0,0,7,natural,natural,"",0.025792,30498.518563,13524.391828,124921932.034553,fused,shoup,-1
v07_resident_generic,1,"Tesla V100-SXM2-16GB",7.0,0,"v100-sm70","hierarchical-dataflow-wave-warp-radix4-resident-fused-m4-g2","experimental",0.000000,"warp-parallel subgraphs with dependency-wave readiness; logical subgraphs are lowered into resident physical execution groups",hierarchical-dataflow,0,named-barrier,0,0,0,2,0,0,0,hermes-xor,inplace,radix4,64,12,4096,1,576460756061519873,60,0,0,0,dataflow-radix4,"3+3+3+3",4,"6+6",2,1,"radix4+radix4+radix4+radix4","256+256+256+256","1+1+1+1","0+0+0+0","0+0+0+0","0+0+0+0","0+0+0+0","0+0+0+0","3+3+3+3","radix4+radix4","resident-fused+full-scratch+resident-fused","1+1+1",8,per-packet,interleaved-rows,0,0,10,50,0.016384,0.016753,0.016912,0.000159,0,0,0,0,0,7,natural,natural,"",0.024256,59692.085117,17423.836912,244498780.637992,fused,shoup,-1
v07_resident_core,1,"Tesla V100-SXM2-16GB",7.0,0,"v100-sm70","hierarchical-dataflow-wave-warp-radix4-resident-fused-m4-g2","experimental",0.000000,"warp-parallel subgraphs with dependency-wave readiness; logical subgraphs are lowered into resident physical execution groups",hierarchical-dataflow,0,named-barrier,0,0,0,2,0,0,0,hermes-xor,inplace,radix4,64,12,4096,1,576460756061519873,60,0,0,0,dataflow-radix4,"3+3+3+3",4,"6+6",2,1,"radix4+radix4+radix4+radix4","256+256+256+256","1+1+1+1","0+0+0+0","0+0+0+0","0+0+0+0","0+0+0+0","0+0+0+0","3+3+3+3","dataflow-radix4+dataflow-radix4","resident-fused+full-scratch+resident-fused","1+1+1",8,per-packet,interleaved-rows,0,0,10,50,0.015360,0.016671,0.016817,0.000146,0,0,0,0,0,7,natural,natural,"",0.024032,59985.409203,17837.165004,245700236.094536,fused,shoup,-1
v07_full,2,"Tesla V100-SXM2-16GB",7.0,0,"v100-sm70","hierarchical-dataflow-wave-warp-radix4","experimental",0.000000,"warp-parallel subgraphs with dependency-wave readiness",hierarchical-dataflow,0,named-barrier,0,0,0,2,0,0,0,hermes-xor,inplace,radix4,64,12,4096,1,576460756061519873,60,0,0,0,dataflow-radix4,"3+3+3+3",4,"3+3+3+3",4,3,"radix4+radix4+radix4+radix4","256+256+256+256","1+1+1+1","0+0+0+0","0+0+0+0","0+0+0+0","0+0+0+0","0+0+0+0","3+3+3+3","radix4+radix4+radix4+radix4","full-scratch+full-scratch+full-scratch","1+1+1",8,per-packet,interleaved-rows,0,0,10,50,0.015360,0.032707,0.032855,0.000148,0,0,0,0,0,7,natural,natural,"",0.025184,30574.903803,13651.772401,125234805.975351,fused,shoup,-1
v07_resident_generic,2,"Tesla V100-SXM2-16GB",7.0,0,"v100-sm70","hierarchical-dataflow-wave-warp-radix4-resident-fused-m4-g2","experimental",0.000000,"warp-parallel subgraphs with dependency-wave readiness; logical subgraphs are lowered into resident physical execution groups",hierarchical-dataflow,0,named-barrier,0,0,0,2,0,0,0,hermes-xor,inplace,radix4,64,12,4096,1,576460756061519873,60,0,0,0,dataflow-radix4,"3+3+3+3",4,"6+6",2,1,"radix4+radix4+radix4+radix4","256+256+256+256","1+1+1+1","0+0+0+0","0+0+0+0","0+0+0+0","0+0+0+0","0+0+0+0","3+3+3+3","radix4+radix4","resident-fused+full-scratch+resident-fused","1+1+1",8,per-packet,interleaved-rows,0,0,10,50,0.016384,0.016712,0.016864,0.000152,0,0,0,0,0,7,natural,natural,"",0.025824,59838.387698,16972.258007,245098036.009971,fused,shoup,-1
v07_resident_core,2,"Tesla V100-SXM2-16GB",7.0,0,"v100-sm70","hierarchical-dataflow-wave-warp-radix4-resident-fused-m4-g2","experimental",0.000000,"warp-parallel subgraphs with dependency-wave readiness; logical subgraphs are lowered into resident physical execution groups",hierarchical-dataflow,0,named-barrier,0,0,0,2,0,0,0,hermes-xor,inplace,radix4,64,12,4096,1,576460756061519873,60,0,0,0,dataflow-radix4,"3+3+3+3",4,"6+6",2,1,"radix4+radix4+radix4+radix4","256+256+256+256","1+1+1+1","0+0+0+0","0+0+0+0","0+0+0+0","0+0+0+0","0+0+0+0","3+3+3+3","dataflow-radix4+dataflow-radix4","resident-fused+full-scratch+resident-fused","1+1+1",8,per-packet,interleaved-rows,0,0,10,50,0.022528,0.016712,0.016872,0.000161,0,0,0,0,0,7,natural,natural,"",0.025344,59838.387698,15483.787936,245098036.009971,fused,shoup,-1
v06_hybrid2d,2,"Tesla V100-SXM2-16GB",7.0,0,"","","",0.000000,"",hybrid2d,0,named-barrier,0,0,0,0,0,0,0,hermes-xor,inplace,radix4,64,12,4096,1,576460756061519873,60,6,4,256,dataflow-radix4,"",0,"",0,0,"","","","","","","","","","","","",0,per-packet,interleaved-rows,0,0,10,50,0.017408,0.007844,0.008015,0.000171,0,0,0,0,0,7,natural,natural,"",0.027104,127488.578064,19100.066057,522193215.751736,fused,shoup,-1
v07_resident_generic,3,"Tesla V100-SXM2-16GB",7.0,0,"v100-sm70","hierarchical-dataflow-wave-warp-radix4-resident-fused-m4-g2","experimental",0.000000,"warp-parallel subgraphs with dependency-wave readiness; logical subgraphs are lowered into resident physical execution groups",hierarchical-dataflow,0,named-barrier,0,0,0,2,0,0,0,hermes-xor,inplace,radix4,64,12,4096,1,576460756061519873,60,0,0,0,dataflow-radix4,"3+3+3+3",4,"6+6",2,1,"radix4+radix4+radix4+radix4","256+256+256+256","1+1+1+1","0+0+0+0","0+0+0+0","0+0+0+0","0+0+0+0","0+0+0+0","3+3+3+3","radix4+radix4","resident-fused+full-scratch+resident-fused","1+1+1",8,per-packet,interleaved-rows,0,0,10,50,0.016384,0.016712,0.016853,0.000141,0,0,0,0,0,7,natural,natural,"",0.025760,59838.387698,16990.713339,245098036.009971,fused,shoup,-1
v07_resident_core,3,"Tesla V100-SXM2-16GB",7.0,0,"v100-sm70","hierarchical-dataflow-wave-warp-radix4-resident-fused-m4-g2","experimental",0.000000,"warp-parallel subgraphs with dependency-wave readiness; logical subgraphs are lowered into resident physical execution groups",hierarchical-dataflow,0,named-barrier,0,0,0,2,0,0,0,hermes-xor,inplace,radix4,64,12,4096,1,576460756061519873,60,0,0,0,dataflow-radix4,"3+3+3+3",4,"6+6",2,1,"radix4+radix4+radix4+radix4","256+256+256+256","1+1+1+1","0+0+0+0","0+0+0+0","0+0+0+0","0+0+0+0","0+0+0+0","3+3+3+3","dataflow-radix4+dataflow-radix4","resident-fused+full-scratch+resident-fused","1+1+1",8,per-packet,interleaved-rows,0,0,10,50,0.017408,0.016712,0.016862,0.000150,0,0,0,0,0,7,natural,natural,"",0.026112,59838.387698,16602.558640,245098036.009971,fused,shoup,-1
v06_hybrid2d,3,"Tesla V100-SXM2-16GB",7.0,0,"","","",0.000000,"",hybrid2d,0,named-barrier,0,0,0,0,0,0,0,hermes-xor,inplace,radix4,64,12,4096,1,576460756061519873,60,6,4,256,dataflow-radix4,"",0,"",0,0,"","","","","","","","","","","","",0,per-packet,interleaved-rows,0,0,10,50,0.018432,0.007905,0.008055,0.000150,0,0,0,0,0,7,natural,natural,"",0.026048,126497.729680,19089.331319,518134700.768476,fused,shoup,-1
v07_full,3,"Tesla V100-SXM2-16GB",7.0,0,"v100-sm70","hierarchical-dataflow-wave-warp-radix4","experimental",0.000000,"warp-parallel subgraphs with dependency-wave readiness",hierarchical-dataflow,0,named-barrier,0,0,0,2,0,0,0,hermes-xor,inplace,radix4,64,12,4096,1,576460756061519873,60,0,0,0,dataflow-radix4,"3+3+3+3",4,"3+3+3+3",4,3,"radix4+radix4+radix4+radix4","256+256+256+256","1+1+1+1","0+0+0+0","0+0+0+0","0+0+0+0","0+0+0+0","0+0+0+0","3+3+3+3","radix4+radix4+radix4+radix4","full-scratch+full-scratch+full-scratch","1+1+1",8,per-packet,interleaved-rows,0,0,10,50,0.016384,0.032748,0.032890,0.000142,0,0,0,0,0,7,natural,natural,"",0.025152,30536.665152,13461.936488,125078180.461732,fused,shoup,-1
v06_hybrid2d,1,"Tesla V100-SXM2-16GB",7.0,0,"","","",0.000000,"",hybrid2d,0,named-barrier,0,0,0,0,0,0,0,hermes-xor,inplace,radix4,64,12,4096,4,576460756061519873,60,6,4,256,dataflow-radix4,"",0,"",0,0,"","","","","","","","","","","","",0,per-packet,interleaved-rows,0,0,10,50,0.042304,0.008028,0.008188,0.000159,0,0,0,0,0,7,natural,natural,"",0.048224,498246.182819,40585.996859,2040816364.828029,fused,shoup,-1
v07_full,1,"Tesla V100-SXM2-16GB",7.0,0,"v100-sm70","hierarchical-dataflow-wave-warp-radix4","experimental",0.000000,"warp-parallel subgraphs with dependency-wave readiness",hierarchical-dataflow,0,named-barrier,0,0,0,2,0,0,0,hermes-xor,inplace,radix4,64,12,4096,4,576460756061519873,60,0,0,0,dataflow-radix4,"3+3+3+3",4,"3+3+3+3",4,3,"radix4+radix4+radix4+radix4","256+256+256+256","1+1+1+1","0+0+0+0","0+0+0+0","0+0+0+0","0+0+0+0","0+0+0+0","3+3+3+3","radix4+radix4+radix4+radix4","full-scratch+full-scratch+full-scratch","1+1+1",8,per-packet,interleaved-rows,0,0,10,50,0.038880,0.050258,0.050390,0.000132,0,0,0,0,0,7,natural,natural,"",0.044128,79589.443873,30015.174838,325998362.101927,fused,shoup,-1
v07_resident_generic,1,"Tesla V100-SXM2-16GB",7.0,0,"v100-sm70","hierarchical-dataflow-wave-warp-radix4-resident-fused-m4-g2","experimental",0.000000,"warp-parallel subgraphs with dependency-wave readiness; logical subgraphs are lowered into resident physical execution groups",hierarchical-dataflow,0,named-barrier,0,0,0,2,0,0,0,hermes-xor,inplace,radix4,64,12,4096,4,576460756061519873,60,0,0,0,dataflow-radix4,"3+3+3+3",4,"6+6",2,1,"radix4+radix4+radix4+radix4","256+256+256+256","1+1+1+1","0+0+0+0","0+0+0+0","0+0+0+0","0+0+0+0","0+0+0+0","3+3+3+3","radix4+radix4","resident-fused+full-scratch+resident-fused","1+1+1",8,per-packet,interleaved-rows,0,0,10,50,0.036704,0.017818,0.017958,0.000140,0,0,0,0,0,7,natural,natural,"",0.045504,224497.130231,39989.762692,919540245.424327,fused,shoup,-1
v07_resident_core,1,"Tesla V100-SXM2-16GB",7.0,0,"v100-sm70","hierarchical-dataflow-wave-warp-radix4-resident-fused-m4-g2","experimental",0.000000,"warp-parallel subgraphs with dependency-wave readiness; logical subgraphs are lowered into resident physical execution groups",hierarchical-dataflow,0,named-barrier,0,0,0,2,0,0,0,hermes-xor,inplace,radix4,64,12,4096,4,576460756061519873,60,0,0,0,dataflow-radix4,"3+3+3+3",4,"6+6",2,1,"radix4+radix4+radix4+radix4","256+256+256+256","1+1+1+1","0+0+0+0","0+0+0+0","0+0+0+0","0+0+0+0","0+0+0+0","3+3+3+3","dataflow-radix4+dataflow-radix4","resident-fused+full-scratch+resident-fused","1+1+1",8,per-packet,interleaved-rows,0,0,10,50,0.037248,0.017838,0.018001,0.000163,0,0,0,0,0,7,natural,natural,"",0.045568,224239.386531,39740.067961,918484527.229604,fused,shoup,-1
v07_full,2,"Tesla V100-SXM2-16GB",7.0,0,"v100-sm70","hierarchical-dataflow-wave-warp-radix4","experimental",0.000000,"warp-parallel subgraphs with dependency-wave readiness",hierarchical-dataflow,0,named-barrier,0,0,0,2,0,0,0,hermes-xor,inplace,radix4,64,12,4096,4,576460756061519873,60,0,0,0,dataflow-radix4,"3+3+3+3",4,"3+3+3+3",4,3,"radix4+radix4+radix4+radix4","256+256+256+256","1+1+1+1","0+0+0+0","0+0+0+0","0+0+0+0","0+0+0+0","0+0+0+0","3+3+3+3","radix4+radix4+radix4+radix4","full-scratch+full-scratch+full-scratch","1+1+1",8,per-packet,interleaved-rows,0,0,10,50,0.036352,0.050217,0.050362,0.000145,0,0,0,0,0,7,natural,natural,"",0.052640,79654.361164,28733.782389,326264263.328529,fused,shoup,-1
v07_resident_generic,2,"Tesla V100-SXM2-16GB",7.0,0,"v100-sm70","hierarchical-dataflow-wave-warp-radix4-resident-fused-m4-g2","experimental",0.000000,"warp-parallel subgraphs with dependency-wave readiness; logical subgraphs are lowered into resident physical execution groups",hierarchical-dataflow,0,named-barrier,0,0,0,2,0,0,0,hermes-xor,inplace,radix4,64,12,4096,4,576460756061519873,60,0,0,0,dataflow-radix4,"3+3+3+3",4,"6+6",2,1,"radix4+radix4+radix4+radix4","256+256+256+256","1+1+1+1","0+0+0+0","0+0+0+0","0+0+0+0","0+0+0+0","0+0+0+0","3+3+3+3","radix4+radix4","resident-fused+full-scratch+resident-fused","1+1+1",8,per-packet,interleaved-rows,0,0,10,50,0.039808,0.017797,0.018029,0.000232,0,0,0,0,0,7,natural,natural,"",0.047264,224755.467120,38142.782229,920598393.324539,fused,shoup,-1
v07_resident_core,2,"Tesla V100-SXM2-16GB",7.0,0,"v100-sm70","hierarchical-dataflow-wave-warp-radix4-resident-fused-m4-g2","experimental",0.000000,"warp-parallel subgraphs with dependency-wave readiness; logical subgraphs are lowered into resident physical execution groups",hierarchical-dataflow,0,named-barrier,0,0,0,2,0,0,0,hermes-xor,inplace,radix4,64,12,4096,4,576460756061519873,60,0,0,0,dataflow-radix4,"3+3+3+3",4,"6+6",2,1,"radix4+radix4+radix4+radix4","256+256+256+256","1+1+1+1","0+0+0+0","0+0+0+0","0+0+0+0","0+0+0+0","0+0+0+0","3+3+3+3","dataflow-radix4+dataflow-radix4","resident-fused+full-scratch+resident-fused","1+1+1",8,per-packet,interleaved-rows,0,0,10,50,0.039808,0.017940,0.018127,0.000187,0,0,0,0,0,7,natural,natural,"",0.050624,222959.471629,36909.738288,913241995.793483,fused,shoup,-1
v06_hybrid2d,2,"Tesla V100-SXM2-16GB",7.0,0,"","","",0.000000,"",hybrid2d,0,named-barrier,0,0,0,0,0,0,0,hermes-xor,inplace,radix4,64,12,4096,4,576460756061519873,60,6,4,256,dataflow-radix4,"",0,"",0,0,"","","","","","","","","","","","",0,per-packet,interleaved-rows,0,0,10,50,0.039744,0.008028,0.008178,0.000150,0,0,0,0,0,7,natural,natural,"",0.048032,498246.182819,41751.839814,2040816364.828029,fused,shoup,-1
v07_resident_generic,3,"Tesla V100-SXM2-16GB",7.0,0,"v100-sm70","hierarchical-dataflow-wave-warp-radix4-resident-fused-m4-g2","experimental",0.000000,"warp-parallel subgraphs with dependency-wave readiness; logical subgraphs are lowered into resident physical execution groups",hierarchical-dataflow,0,named-barrier,0,0,0,2,0,0,0,hermes-xor,inplace,radix4,64,12,4096,4,576460756061519873,60,0,0,0,dataflow-radix4,"3+3+3+3",4,"6+6",2,1,"radix4+radix4+radix4+radix4","256+256+256+256","1+1+1+1","0+0+0+0","0+0+0+0","0+0+0+0","0+0+0+0","0+0+0+0","3+3+3+3","radix4+radix4","resident-fused+full-scratch+resident-fused","1+1+1",8,per-packet,interleaved-rows,0,0,10,50,0.036256,0.017879,0.018022,0.000143,0,0,0,0,0,7,natural,natural,"",0.044896,223725.647239,40391.376098,916380251.090117,fused,shoup,-1
v07_resident_core,3,"Tesla V100-SXM2-16GB",7.0,0,"v100-sm70","hierarchical-dataflow-wave-warp-radix4-resident-fused-m4-g2","experimental",0.000000,"warp-parallel subgraphs with dependency-wave readiness; logical subgraphs are lowered into resident physical execution groups",hierarchical-dataflow,0,named-barrier,0,0,0,2,0,0,0,hermes-xor,inplace,radix4,64,12,4096,4,576460756061519873,60,0,0,0,dataflow-radix4,"3+3+3+3",4,"6+6",2,1,"radix4+radix4+radix4+radix4","256+256+256+256","1+1+1+1","0+0+0+0","0+0+0+0","0+0+0+0","0+0+0+0","0+0+0+0","3+3+3+3","dataflow-radix4+dataflow-radix4","resident-fused+full-scratch+resident-fused","1+1+1",8,per-packet,interleaved-rows,0,0,10,50,0.036736,0.017940,0.018085,0.000145,0,0,0,0,0,7,natural,natural,"",0.043808,222959.471629,40615.537037,913241995.793483,fused,shoup,-1
v06_hybrid2d,3,"Tesla V100-SXM2-16GB",7.0,0,"","","",0.000000,"",hybrid2d,0,named-barrier,0,0,0,0,0,0,0,hermes-xor,inplace,radix4,64,12,4096,4,576460756061519873,60,6,4,256,dataflow-radix4,"",0,"",0,0,"","","","","","","","","","","","",0,per-packet,interleaved-rows,0,0,10,50,0.037280,0.008008,0.008152,0.000144,0,0,0,0,0,7,natural,natural,"",0.044064,499520.456245,44766.924948,2046035788.780906,fused,shoup,-1
v07_full,3,"Tesla V100-SXM2-16GB",7.0,0,"v100-sm70","hierarchical-dataflow-wave-warp-radix4","experimental",0.000000,"warp-parallel subgraphs with dependency-wave readiness",hierarchical-dataflow,0,named-barrier,0,0,0,2,0,0,0,hermes-xor,inplace,radix4,64,12,4096,4,576460756061519873,60,0,0,0,dataflow-radix4,"3+3+3+3",4,"3+3+3+3",4,3,"radix4+radix4+radix4+radix4","256+256+256+256","1+1+1+1","0+0+0+0","0+0+0+0","0+0+0+0","0+0+0+0","0+0+0+0","3+3+3+3","radix4+radix4+radix4+radix4","full-scratch+full-scratch+full-scratch","1+1+1",8,per-packet,interleaved-rows,0,0,10,50,0.036864,0.050217,0.050368,0.000151,0,0,0,0,0,7,natural,natural,"",0.045056,79654.361164,30271.620445,326264263.328529,fused,shoup,-1
v06_hybrid2d,1,"Tesla V100-SXM2-16GB",7.0,0,"","","",0.000000,"",hybrid2d,0,named-barrier,0,0,0,0,0,0,0,hermes-xor,inplace,radix4,64,12,4096,16,576460756061519873,60,6,4,256,dataflow-radix4,"",0,"",0,0,"","","","","","","","","","","","",0,per-packet,interleaved-rows,0,0,10,50,0.120736,0.009216,0.009340,0.000124,0,0,0,0,0,7,natural,natural,"",0.130464,1736111.225146,61440.156153,7111111578.198158,fused,shoup,-1
v07_full,1,"Tesla V100-SXM2-16GB",7.0,0,"v100-sm70","hierarchical-dataflow-wave-warp-radix4","experimental",0.000000,"warp-parallel subgraphs with dependency-wave readiness",hierarchical-dataflow,0,named-barrier,0,0,0,2,0,0,0,hermes-xor,inplace,radix4,64,12,4096,16,576460756061519873,60,0,0,0,dataflow-radix4,"3+3+3+3",4,"3+3+3+3",4,3,"radix4+radix4+radix4+radix4","256+256+256+256","1+1+1+1","0+0+0+0","0+0+0+0","0+0+0+0","0+0+0+0","0+0+0+0","3+3+3+3","radix4+radix4+radix4+radix4","full-scratch+full-scratch+full-scratch","1+1+1",8,per-packet,interleaved-rows,0,0,10,50,0.125152,0.119255,0.119405,0.000150,0,0,0,0,0,7,natural,natural,"",0.127904,134166.241705,42974.820106,549544926.022639,fused,shoup,-1
v07_resident_generic,1,"Tesla V100-SXM2-16GB",7.0,0,"v100-sm70","hierarchical-dataflow-wave-warp-radix4-resident-fused-m4-g2","experimental",0.000000,"warp-parallel subgraphs with dependency-wave readiness; logical subgraphs are lowered into resident physical execution groups",hierarchical-dataflow,0,named-barrier,0,0,0,2,0,0,0,hermes-xor,inplace,radix4,64,12,4096,16,576460756061519873,60,0,0,0,dataflow-radix4,"3+3+3+3",4,"6+6",2,1,"radix4+radix4+radix4+radix4","256+256+256+256","1+1+1+1","0+0+0+0","0+0+0+0","0+0+0+0","0+0+0+0","0+0+0+0","3+3+3+3","radix4+radix4","resident-fused+full-scratch+resident-fused","1+1+1",8,per-packet,interleaved-rows,0,0,10,50,0.124928,0.029635,0.029795,0.000161,0,0,0,0,0,7,natural,natural,"",0.135744,539910.167566,55114.151947,2211472046.351923,fused,shoup,-1
v07_resident_core,1,"Tesla V100-SXM2-16GB",7.0,0,"v100-sm70","hierarchical-dataflow-wave-warp-radix4-resident-fused-m4-g2","experimental",0.000000,"warp-parallel subgraphs with dependency-wave readiness; logical subgraphs are lowered into resident physical execution groups",hierarchical-dataflow,0,named-barrier,0,0,0,2,0,0,0,hermes-xor,inplace,radix4,64,12,4096,16,576460756061519873,60,0,0,0,dataflow-radix4,"3+3+3+3",4,"6+6",2,1,"radix4+radix4+radix4+radix4","256+256+256+256","1+1+1+1","0+0+0+0","0+0+0+0","0+0+0+0","0+0+0+0","0+0+0+0","3+3+3+3","dataflow-radix4+dataflow-radix4","resident-fused+full-scratch+resident-fused","1+1+1",8,per-packet,interleaved-rows,0,0,10,50,0.124768,0.029676,0.029840,0.000164,0,0,0,0,0,7,natural,natural,"",0.141376,539164.957802,54087.032693,2208419667.157065,fused,shoup,-1
v07_full,2,"Tesla V100-SXM2-16GB",7.0,0,"v100-sm70","hierarchical-dataflow-wave-warp-radix4","experimental",0.000000,"warp-parallel subgraphs with dependency-wave readiness",hierarchical-dataflow,0,named-barrier,0,0,0,2,0,0,0,hermes-xor,inplace,radix4,64,12,4096,16,576460756061519873,60,0,0,0,dataflow-radix4,"3+3+3+3",4,"3+3+3+3",4,3,"radix4+radix4+radix4+radix4","256+256+256+256","1+1+1+1","0+0+0+0","0+0+0+0","0+0+0+0","0+0+0+0","0+0+0+0","3+3+3+3","radix4+radix4+radix4+radix4","full-scratch+full-scratch+full-scratch","1+1+1",8,per-packet,interleaved-rows,0,0,10,50,0.129312,0.119235,0.119433,0.000198,0,0,0,0,0,7,natural,natural,"",0.140192,134189.279873,41158.767720,549639290.358444,fused,shoup,-1
v07_resident_generic,2,"Tesla V100-SXM2-16GB",7.0,0,"v100-sm70","hierarchical-dataflow-wave-warp-radix4-resident-fused-m4-g2","experimental",0.000000,"warp-parallel subgraphs with dependency-wave readiness; logical subgraphs are lowered into resident physical execution groups",hierarchical-dataflow,0,named-barrier,0,0,0,2,0,0,0,hermes-xor,inplace,radix4,64,12,4096,16,576460756061519873,60,0,0,0,dataflow-radix4,"3+3+3+3",4,"6+6",2,1,"radix4+radix4+radix4+radix4","256+256+256+256","1+1+1+1","0+0+0+0","0+0+0+0","0+0+0+0","0+0+0+0","0+0+0+0","3+3+3+3","radix4+radix4","resident-fused+full-scratch+resident-fused","1+1+1",8,per-packet,interleaved-rows,0,0,10,50,0.126912,0.029655,0.029799,0.000144,0,0,0,0,0,7,natural,natural,"",0.135264,539537.305363,54826.246273,2209944802.767276,fused,shoup,-1
v07_resident_core,2,"Tesla V100-SXM2-16GB",7.0,0,"v100-sm70","hierarchical-dataflow-wave-warp-radix4-resident-fused-m4-g2","experimental",0.000000,"warp-parallel subgraphs with dependency-wave readiness; logical subgraphs are lowered into resident physical execution groups",hierarchical-dataflow,0,named-barrier,0,0,0,2,0,0,0,hermes-xor,inplace,radix4,64,12,4096,16,576460756061519873,60,0,0,0,dataflow-radix4,"3+3+3+3",4,"6+6",2,1,"radix4+radix4+radix4+radix4","256+256+256+256","1+1+1+1","0+0+0+0","0+0+0+0","0+0+0+0","0+0+0+0","0+0+0+0","3+3+3+3","dataflow-radix4+dataflow-radix4","resident-fused+full-scratch+resident-fused","1+1+1",8,per-packet,interleaved-rows,0,0,10,50,0.124736,0.029655,0.029822,0.000167,0,0,0,0,0,7,natural,natural,"",0.133280,539537.305363,55619.085487,2209944802.767276,fused,shoup,-1
v06_hybrid2d,2,"Tesla V100-SXM2-16GB",7.0,0,"","","",0.000000,"",hybrid2d,0,named-barrier,0,0,0,0,0,0,0,hermes-xor,inplace,radix4,64,12,4096,16,576460756061519873,60,6,4,256,dataflow-radix4,"",0,"",0,0,"","","","","","","","","","","","",0,per-packet,interleaved-rows,0,0,10,50,0.125312,0.009216,0.009379,0.000163,0,0,0,0,0,7,natural,natural,"",0.144224,1736111.225146,57398.690720,7111111578.198158,fused,shoup,-1
v07_resident_generic,3,"Tesla V100-SXM2-16GB",7.0,0,"v100-sm70","hierarchical-dataflow-wave-warp-radix4-resident-fused-m4-g2","experimental",0.000000,"warp-parallel subgraphs with dependency-wave readiness; logical subgraphs are lowered into resident physical execution groups",hierarchical-dataflow,0,named-barrier,0,0,0,2,0,0,0,hermes-xor,inplace,radix4,64,12,4096,16,576460756061519873,60,0,0,0,dataflow-radix4,"3+3+3+3",4,"6+6",2,1,"radix4+radix4+radix4+radix4","256+256+256+256","1+1+1+1","0+0+0+0","0+0+0+0","0+0+0+0","0+0+0+0","0+0+0+0","3+3+3+3","radix4+radix4","resident-fused+full-scratch+resident-fused","1+1+1",8,per-packet,interleaved-rows,0,0,10,50,0.125984,0.029635,0.029803,0.000168,0,0,0,0,0,7,natural,natural,"",0.133568,539910.167566,55327.605536,2211472046.351923,fused,shoup,-1
v07_resident_core,3,"Tesla V100-SXM2-16GB",7.0,0,"v100-sm70","hierarchical-dataflow-wave-warp-radix4-resident-fused-m4-g2","experimental",0.000000,"warp-parallel subgraphs with dependency-wave readiness; logical subgraphs are lowered into resident physical execution groups",hierarchical-dataflow,0,named-barrier,0,0,0,2,0,0,0,hermes-xor,inplace,radix4,64,12,4096,16,576460756061519873,60,0,0,0,dataflow-radix4,"3+3+3+3",4,"6+6",2,1,"radix4+radix4+radix4+radix4","256+256+256+256","1+1+1+1","0+0+0+0","0+0+0+0","0+0+0+0","0+0+0+0","0+0+0+0","3+3+3+3","dataflow-radix4+dataflow-radix4","resident-fused+full-scratch+resident-fused","1+1+1",8,per-packet,interleaved-rows,0,0,10,50,0.125792,0.029594,0.029734,0.000141,0,0,0,0,0,7,natural,natural,"",0.131808,540657.474203,55711.549318,2214533014.334519,fused,shoup,-1
v06_hybrid2d,3,"Tesla V100-SXM2-16GB",7.0,0,"","","",0.000000,"",hybrid2d,0,named-barrier,0,0,0,0,0,0,0,hermes-xor,inplace,radix4,64,12,4096,16,576460756061519873,60,6,4,256,dataflow-radix4,"",0,"",0,0,"","","","","","","","","","","","",0,per-packet,interleaved-rows,0,0,10,50,0.134208,0.009236,0.009386,0.000150,0,0,0,0,0,7,natural,natural,"",0.139072,1732261.620282,56633.865368,7095343596.674799,fused,shoup,-1
v07_full,3,"Tesla V100-SXM2-16GB",7.0,0,"v100-sm70","hierarchical-dataflow-wave-warp-radix4","experimental",0.000000,"warp-parallel subgraphs with dependency-wave readiness",hierarchical-dataflow,0,named-barrier,0,0,0,2,0,0,0,hermes-xor,inplace,radix4,64,12,4096,16,576460756061519873,60,0,0,0,dataflow-radix4,"3+3+3+3",4,"3+3+3+3",4,3,"radix4+radix4+radix4+radix4","256+256+256+256","1+1+1+1","0+0+0+0","0+0+0+0","0+0+0+0","0+0+0+0","0+0+0+0","3+3+3+3","radix4+radix4+radix4+radix4","full-scratch+full-scratch+full-scratch","1+1+1",8,per-packet,interleaved-rows,0,0,10,50,0.129632,0.119828,0.119994,0.000166,0,0,0,0,0,7,natural,natural,"",0.136864,133524.178382,41415.961225,546915034.651451,fused,shoup,-1
v06_hybrid2d,1,"Tesla V100-SXM2-16GB",7.0,0,"","","",0.000000,"",hybrid2d,0,named-barrier,0,0,0,0,0,0,0,hermes-xor,inplace,radix4,64,14,16384,1,576460756061519873,60,7,4,256,dataflow-radix4,"",0,"",0,0,"","","","","","","","","","","","",0,per-packet,interleaved-rows,0,0,10,50,0.035616,0.009175,0.009337,0.000162,0,0,0,0,0,7,natural,natural,"",0.046784,108991.352492,10920.006426,1785714319.224526,fused,shoup,-1
v07_full,1,"Tesla V100-SXM2-16GB",7.0,0,"v100-sm70","hierarchical-dataflow-wave-warp-radix4","experimental",0.000000,"warp-parallel subgraphs with dependency-wave readiness",hierarchical-dataflow,0,named-barrier,0,0,0,2,0,0,0,hermes-xor,inplace,radix4,64,14,16384,1,576460756061519873,60,0,0,0,dataflow-radix4,"3+4+3+4",4,"3+4+3+4",4,3,"radix4+radix4+radix4+radix4","256+256+256+256","1+1+1+1","0+0+0+0","0+0+0+0","0+0+0+0","0+0+0+0","0+0+0+0","3+4+3+4","radix4+radix4+radix4+radix4","full-scratch+full-scratch+full-scratch","1+1+1",8,per-packet,interleaved-rows,0,0,10,50,0.034016,0.072950,0.073113,0.000163,0,0,0,0,0,7,natural,natural,"",0.045184,13708.064353,6572.471787,224592926.362999,fused,shoup,-1
v07_resident_generic,1,"Tesla V100-SXM2-16GB",7.0,0,"v100-sm70","hierarchical-dataflow-wave-warp-radix4-resident-fused-m4-g2","experimental",0.000000,"warp-parallel subgraphs with dependency-wave readiness; logical subgraphs are lowered into resident physical execution groups",hierarchical-dataflow,0,named-barrier,0,0,0,2,0,0,0,hermes-xor,inplace,radix4,64,14,16384,1,576460756061519873,60,0,0,0,dataflow-radix4,"3+4+3+4",4,"7+7",2,1,"radix4+radix4+radix4+radix4","256+256+256+256","1+1+1+1","0+0+0+0","0+0+0+0","0+0+0+0","0+0+0+0","0+0+0+0","3+4+3+4","radix4+radix4","resident-fused+full-scratch+resident-fused","1+1+1",8,per-packet,interleaved-rows,0,0,10,50,0.033856,0.020541,0.020710,0.000169,0,0,0,0,0,7,natural,natural,"",0.044992,48682.081530,10061.431129,797607223.782952,fused,shoup,-1
v07_resident_core,1,"Tesla V100-SXM2-16GB",7.0,0,"v100-sm70","hierarchical-dataflow-wave-warp-radix4-resident-fused-m4-g2","experimental",0.000000,"warp-parallel subgraphs with dependency-wave readiness; logical subgraphs are lowered into resident physical execution groups",hierarchical-dataflow,0,named-barrier,0,0,0,2,0,0,0,hermes-xor,inplace,radix4,64,14,16384,1,576460756061519873,60,0,0,0,dataflow-radix4,"3+4+3+4",4,"7+7",2,1,"radix4+radix4+radix4+radix4","256+256+256+256","1+1+1+1","0+0+0+0","0+0+0+0","0+0+0+0","0+0+0+0","0+0+0+0","3+4+3+4","dataflow-radix4+dataflow-radix4","resident-fused+full-scratch+resident-fused","1+1+1",8,per-packet,interleaved-rows,0,0,10,50,0.036064,0.020541,0.020702,0.000161,0,0,0,0,0,7,natural,natural,"",0.048288,48682.081530,9533.484953,797607223.782952,fused,shoup,-1
v07_full,2,"Tesla V100-SXM2-16GB",7.0,0,"v100-sm70","hierarchical-dataflow-wave-warp-radix4","experimental",0.000000,"warp-parallel subgraphs with dependency-wave readiness",hierarchical-dataflow,0,named-barrier,0,0,0,2,0,0,0,hermes-xor,inplace,radix4,64,14,16384,1,576460756061519873,60,0,0,0,dataflow-radix4,"3+4+3+4",4,"3+4+3+4",4,3,"radix4+radix4+radix4+radix4","256+256+256+256","1+1+1+1","0+0+0+0","0+0+0+0","0+0+0+0","0+0+0+0","0+0+0+0","3+4+3+4","radix4+radix4+radix4+radix4","full-scratch+full-scratch+full-scratch","1+1+1",8,per-packet,interleaved-rows,0,0,10,50,0.034016,0.072991,0.073154,0.000164,0,0,0,0,0,7,natural,natural,"",0.046496,13700.372617,6514.542803,224466904.960962,fused,shoup,-1
v07_resident_generic,2,"Tesla V100-SXM2-16GB",7.0,0,"v100-sm70","hierarchical-dataflow-wave-warp-radix4-resident-fused-m4-g2","experimental",0.000000,"warp-parallel subgraphs with dependency-wave readiness; logical subgraphs are lowered into resident physical execution groups",hierarchical-dataflow,0,named-barrier,0,0,0,2,0,0,0,hermes-xor,inplace,radix4,64,14,16384,1,576460756061519873,60,0,0,0,dataflow-radix4,"3+4+3+4",4,"7+7",2,1,"radix4+radix4+radix4+radix4","256+256+256+256","1+1+1+1","0+0+0+0","0+0+0+0","0+0+0+0","0+0+0+0","0+0+0+0","3+4+3+4","radix4+radix4","resident-fused+full-scratch+resident-fused","1+1+1",8,per-packet,interleaved-rows,0,0,10,50,0.036128,0.020500,0.020665,0.000164,0,0,0,0,0,7,natural,natural,"",0.046176,48779.342969,9727.202362,799200755.199293,fused,shoup,-1
v07_resident_core,2,"Tesla V100-SXM2-16GB",7.0,0,"v100-sm70","hierarchical-dataflow-wave-warp-radix4-resident-fused-m4-g2","experimental",0.000000,"warp-parallel subgraphs with dependency-wave readiness; logical subgraphs are lowered into resident physical execution groups",hierarchical-dataflow,0,named-barrier,0,0,0,2,0,0,0,hermes-xor,inplace,radix4,64,14,16384,1,576460756061519873,60,0,0,0,dataflow-radix4,"3+4+3+4",4,"7+7",2,1,"radix4+radix4+radix4+radix4","256+256+256+256","1+1+1+1","0+0+0+0","0+0+0+0","0+0+0+0","0+0+0+0","0+0+0+0","3+4+3+4","dataflow-radix4+dataflow-radix4","resident-fused+full-scratch+resident-fused","1+1+1",8,per-packet,interleaved-rows,0,0,10,50,0.033728,0.020500,0.020671,0.000170,0,0,0,0,0,7,natural,natural,"",0.049376,48779.342969,9652.092207,799200755.199293,fused,shoup,-1
v06_hybrid2d,2,"Tesla V100-SXM2-16GB",7.0,0,"","","",0.000000,"",hybrid2d,0,named-barrier,0,0,0,0,0,0,0,hermes-xor,inplace,radix4,64,14,16384,1,576460756061519873,60,7,4,256,dataflow-radix4,"",0,"",0,0,"","","","","","","","","","","","",0,per-packet,interleaved-rows,0,0,10,50,0.034528,0.009175,0.009317,0.000142,0,0,0,0,0,7,natural,natural,"",0.045344,108991.352492,11230.019919,1785714319.224526,fused,shoup,-1
v07_resident_generic,3,"Tesla V100-SXM2-16GB",7.0,0,"v100-sm70","hierarchical-dataflow-wave-warp-radix4-resident-fused-m4-g2","experimental",0.000000,"warp-parallel subgraphs with dependency-wave readiness; logical subgraphs are lowered into resident physical execution groups",hierarchical-dataflow,0,named-barrier,0,0,0,2,0,0,0,hermes-xor,inplace,radix4,64,14,16384,1,576460756061519873,60,0,0,0,dataflow-radix4,"3+4+3+4",4,"7+7",2,1,"radix4+radix4+radix4+radix4","256+256+256+256","1+1+1+1","0+0+0+0","0+0+0+0","0+0+0+0","0+0+0+0","0+0+0+0","3+4+3+4","radix4+radix4","resident-fused+full-scratch+resident-fused","1+1+1",8,per-packet,interleaved-rows,0,0,10,50,0.034112,0.020500,0.020680,0.000180,0,0,0,0,0,7,natural,natural,"",0.045152,48779.342969,10023.607481,799200755.199293,fused,shoup,-1
v07_resident_core,3,"Tesla V100-SXM2-16GB",7.0,0,"v100-sm70","hierarchical-dataflow-wave-warp-radix4-resident-fused-m4-g2","experimental",0.000000,"warp-parallel subgraphs with dependency-wave readiness; logical subgraphs are lowered into resident physical execution groups",hierarchical-dataflow,0,named-barrier,0,0,0,2,0,0,0,hermes-xor,inplace,radix4,64,14,16384,1,576460756061519873,60,0,0,0,dataflow-radix4,"3+4+3+4",4,"7+7",2,1,"radix4+radix4+radix4+radix4","256+256+256+256","1+1+1+1","0+0+0+0","0+0+0+0","0+0+0+0","0+0+0+0","0+0+0+0","3+4+3+4","dataflow-radix4+dataflow-radix4","resident-fused+full-scratch+resident-fused","1+1+1",8,per-packet,interleaved-rows,0,0,10,50,0.036704,0.020480,0.020755,0.000275,0,0,0,0,0,7,natural,natural,"",0.048736,48828.121793,9441.087613,799999947.450127,fused,shoup,-1
v06_hybrid2d,3,"Tesla V100-SXM2-16GB",7.0,0,"","","",0.000000,"",hybrid2d,0,named-barrier,0,0,0,0,0,0,0,hermes-xor,inplace,radix4,64,14,16384,1,576460756061519873,60,7,4,256,dataflow-radix4,"",0,"",0,0,"","","","","","","","","","","","",0,per-packet,interleaved-rows,0,0,10,50,0.035968,0.009155,0.009314,0.000160,0,0,0,0,0,7,natural,natural,"",0.048192,109235.178441,10716.441663,1789709163.577810,fused,shoup,-1
v07_full,3,"Tesla V100-SXM2-16GB",7.0,0,"v100-sm70","hierarchical-dataflow-wave-warp-radix4","experimental",0.000000,"warp-parallel subgraphs with dependency-wave readiness",hierarchical-dataflow,0,named-barrier,0,0,0,2,0,0,0,hermes-xor,inplace,radix4,64,14,16384,1,576460756061519873,60,0,0,0,dataflow-radix4,"3+4+3+4",4,"3+4+3+4",4,3,"radix4+radix4+radix4+radix4","256+256+256+256","1+1+1+1","0+0+0+0","0+0+0+0","0+0+0+0","0+0+0+0","0+0+0+0","3+4+3+4","radix4+radix4+radix4+radix4","full-scratch+full-scratch+full-scratch","1+1+1",8,per-packet,interleaved-rows,0,0,10,50,0.035328,0.072888,0.073051,0.000162,0,0,0,0,0,7,natural,natural,"",0.048352,13719.618866,6386.988026,224782235.496716,fused,shoup,-1
v06_hybrid2d,1,"Tesla V100-SXM2-16GB",7.0,0,"","","",0.000000,"",hybrid2d,0,named-barrier,0,0,0,0,0,0,0,hermes-xor,inplace,radix4,64,14,16384,4,576460756061519873,60,7,4,256,dataflow-radix4,"",0,"",0,0,"","","","","","","","","","","","",0,per-packet,interleaved-rows,0,0,10,50,0.121696,0.010465,0.010620,0.000155,0,0,0,0,0,7,natural,natural,"",0.134240,382216.237079,15014.942625,6262230828.298171,fused,shoup,-1
v07_full,1,"Tesla V100-SXM2-16GB",7.0,0,"v100-sm70","hierarchical-dataflow-wave-warp-radix4","experimental",0.000000,"warp-parallel subgraphs with dependency-wave readiness",hierarchical-dataflow,0,named-barrier,0,0,0,2,0,0,0,hermes-xor,inplace,radix4,64,14,16384,4,576460756061519873,60,0,0,0,dataflow-radix4,"3+4+3+4",4,"3+4+3+4",4,3,"radix4+radix4+radix4+radix4","256+256+256+256","1+1+1+1","0+0+0+0","0+0+0+0","0+0+0+0","0+0+0+0","0+0+0+0","3+4+3+4","radix4+radix4+radix4+radix4","full-scratch+full-scratch+full-scratch","1+1+1",8,per-packet,interleaved-rows,0,0,10,50,0.122592,0.158986,0.159141,0.000155,0,0,0,0,0,7,natural,natural,"",0.146528,25159.409923,9343.474932,412211772.177331,fused,shoup,-1
v07_resident_generic,1,"Tesla V100-SXM2-16GB",7.0,0,"v100-sm70","hierarchical-dataflow-wave-warp-radix4-resident-fused-m4-g2","experimental",0.000000,"warp-parallel subgraphs with dependency-wave readiness; logical subgraphs are lowered into resident physical execution groups",hierarchical-dataflow,0,named-barrier,0,0,0,2,0,0,0,hermes-xor,inplace,radix4,64,14,16384,4,576460756061519873,60,0,0,0,dataflow-radix4,"3+4+3+4",4,"7+7",2,1,"radix4+radix4+radix4+radix4","256+256+256+256","1+1+1+1","0+0+0+0","0+0+0+0","0+0+0+0","0+0+0+0","0+0+0+0","3+4+3+4","radix4+radix4","resident-fused+full-scratch+resident-fused","1+1+1",8,per-packet,interleaved-rows,0,0,10,50,0.125888,0.029082,0.029254,0.000172,0,0,0,0,0,7,natural,natural,"",0.134048,137544.015092,13839.987376,2253521143.275327,fused,shoup,-1
v07_resident_core,1,"Tesla V100-SXM2-16GB",7.0,0,"v100-sm70","hierarchical-dataflow-wave-warp-radix4-resident-fused-m4-g2","experimental",0.000000,"warp-parallel subgraphs with dependency-wave readiness; logical subgraphs are lowered into resident physical execution groups",hierarchical-dataflow,0,named-barrier,0,0,0,2,0,0,0,hermes-xor,inplace,radix4,64,14,16384,4,576460756061519873,60,0,0,0,dataflow-radix4,"3+4+3+4",4,"7+7",2,1,"radix4+radix4+radix4+radix4","256+256+256+256","1+1+1+1","0+0+0+0","0+0+0+0","0+0+0+0","0+0+0+0","0+0+0+0","3+4+3+4","dataflow-radix4+dataflow-radix4","resident-fused+full-scratch+resident-fused","1+1+1",8,per-packet,interleaved-rows,0,0,10,50,0.123360,0.029102,0.029268,0.000166,0,0,0,0,0,7,natural,natural,"",0.143520,137447.222297,13514.331783,2251935290.112301,fused,shoup,-1
v07_full,2,"Tesla V100-SXM2-16GB",7.0,0,"v100-sm70","hierarchical-dataflow-wave-warp-radix4","experimental",0.000000,"warp-parallel subgraphs with dependency-wave readiness",hierarchical-dataflow,0,named-barrier,0,0,0,2,0,0,0,hermes-xor,inplace,radix4,64,14,16384,4,576460756061519873,60,0,0,0,dataflow-radix4,"3+4+3+4",4,"3+4+3+4",4,3,"radix4+radix4+radix4+radix4","256+256+256+256","1+1+1+1","0+0+0+0","0+0+0+0","0+0+0+0","0+0+0+0","0+0+0+0","3+4+3+4","radix4+radix4+radix4+radix4","full-scratch+full-scratch+full-scratch","1+1+1",8,per-packet,interleaved-rows,0,0,10,50,0.121632,0.158843,0.159008,0.000165,0,0,0,0,0,7,natural,natural,"",0.132864,25182.117617,9677.289556,412583815.037574,fused,shoup,-1
v07_resident_generic,2,"Tesla V100-SXM2-16GB",7.0,0,"v100-sm70","hierarchical-dataflow-wave-warp-radix4-resident-fused-m4-g2","experimental",0.000000,"warp-parallel subgraphs with dependency-wave readiness; logical subgraphs are lowered into resident physical execution groups",hierarchical-dataflow,0,named-barrier,0,0,0,2,0,0,0,hermes-xor,inplace,radix4,64,14,16384,4,576460756061519873,60,0,0,0,dataflow-radix4,"3+4+3+4",4,"7+7",2,1,"radix4+radix4+radix4+radix4","256+256+256+256","1+1+1+1","0+0+0+0","0+0+0+0","0+0+0+0","0+0+0+0","0+0+0+0","3+4+3+4","radix4+radix4","resident-fused+full-scratch+resident-fused","1+1+1",8,per-packet,interleaved-rows,0,0,10,50,0.124160,0.029041,0.029189,0.000149,0,0,0,0,0,7,natural,natural,"",0.128128,137738.010240,14218.246347,2256699559.769419,fused,shoup,-1
v07_resident_core,2,"Tesla V100-SXM2-16GB",7.0,0,"v100-sm70","hierarchical-dataflow-wave-warp-radix4-resident-fused-m4-g2","experimental",0.000000,"warp-parallel subgraphs with dependency-wave readiness; logical subgraphs are lowered into resident physical execution groups",hierarchical-dataflow,0,named-barrier,0,0,0,2,0,0,0,hermes-xor,inplace,radix4,64,14,16384,4,576460756061519873,60,0,0,0,dataflow-radix4,"3+4+3+4",4,"7+7",2,1,"radix4+radix4+radix4+radix4","256+256+256+256","1+1+1+1","0+0+0+0","0+0+0+0","0+0+0+0","0+0+0+0","0+0+0+0","3+4+3+4","dataflow-radix4+dataflow-radix4","resident-fused+full-scratch+resident-fused","1+1+1",8,per-packet,interleaved-rows,0,0,10,50,0.119040,0.029082,0.029275,0.000193,0,0,0,0,0,7,natural,natural,"",0.165056,137544.015092,12772.305458,2253521143.275327,fused,shoup,-1
v06_hybrid2d,2,"Tesla V100-SXM2-16GB",7.0,0,"","","",0.000000,"",hybrid2d,0,named-barrier,0,0,0,0,0,0,0,hermes-xor,inplace,radix4,64,14,16384,4,576460756061519873,60,7,4,256,dataflow-radix4,"",0,"",0,0,"","","","","","","","","","","","",0,per-packet,interleaved-rows,0,0,10,50,0.118336,0.010404,0.010556,0.000152,0,0,0,0,0,7,natural,natural,"",0.129344,384473.395536,15498.839341,6299212112.469037,fused,shoup,-1
v07_resident_generic,3,"Tesla V100-SXM2-16GB",7.0,0,"v100-sm70","hierarchical-dataflow-wave-warp-radix4-resident-fused-m4-g2","experimental",0.000000,"warp-parallel subgraphs with dependency-wave readiness; logical subgraphs are lowered into resident physical execution groups",hierarchical-dataflow,0,named-barrier,0,0,0,2,0,0,0,hermes-xor,inplace,radix4,64,14,16384,4,576460756061519873,60,0,0,0,dataflow-radix4,"3+4+3+4",4,"7+7",2,1,"radix4+radix4+radix4+radix4","256+256+256+256","1+1+1+1","0+0+0+0","0+0+0+0","0+0+0+0","0+0+0+0","0+0+0+0","3+4+3+4","radix4+radix4","resident-fused+full-scratch+resident-fused","1+1+1",8,per-packet,interleaved-rows,0,0,10,50,0.121568,0.029041,0.029197,0.000157,0,0,0,0,0,7,natural,natural,"",0.135392,137738.010240,13985.982819,2256699559.769419,fused,shoup,-1
v07_resident_core,3,"Tesla V100-SXM2-16GB",7.0,0,"v100-sm70","hierarchical-dataflow-wave-warp-radix4-resident-fused-m4-g2","experimental",0.000000,"warp-parallel subgraphs with dependency-wave readiness; logical subgraphs are lowered into resident physical execution groups",hierarchical-dataflow,0,named-barrier,0,0,0,2,0,0,0,hermes-xor,inplace,radix4,64,14,16384,4,576460756061519873,60,0,0,0,dataflow-radix4,"3+4+3+4",4,"7+7",2,1,"radix4+radix4+radix4+radix4","256+256+256+256","1+1+1+1","0+0+0+0","0+0+0+0","0+0+0+0","0+0+0+0","0+0+0+0","3+4+3+4","dataflow-radix4+dataflow-radix4","resident-fused+full-scratch+resident-fused","1+1+1",8,per-packet,interleaved-rows,0,0,10,50,0.121408,0.029061,0.029235,0.000174,0,0,0,0,0,7,natural,natural,"",0.130880,137640.944311,14217.211758,2255109231.584784,fused,shoup,-1
v06_hybrid2d,3,"Tesla V100-SXM2-16GB",7.0,0,"","","",0.000000,"",hybrid2d,0,named-barrier,0,0,0,0,0,0,0,hermes-xor,inplace,radix4,64,14,16384,4,576460756061519873,60,7,4,256,dataflow-radix4,"",0,"",0,0,"","","","","","","","","","","","",0,per-packet,interleaved-rows,0,0,10,50,0.116672,0.010486,0.010638,0.000153,0,0,0,0,0,7,natural,natural,"",0.144480,381469.728881,14725.492886,6250000037.984194,fused,shoup,-1
v07_full,3,"Tesla V100-SXM2-16GB",7.0,0,"v100-sm70","hierarchical-dataflow-wave-warp-radix4","experimental",0.000000,"warp-parallel subgraphs with dependency-wave readiness",hierarchical-dataflow,0,named-barrier,0,0,0,2,0,0,0,hermes-xor,inplace,radix4,64,14,16384,4,576460756061519873,60,0,0,0,dataflow-radix4,"3+4+3+4",4,"3+4+3+4",4,3,"radix4+radix4+radix4+radix4","256+256+256+256","1+1+1+1","0+0+0+0","0+0+0+0","0+0+0+0","0+0+0+0","0+0+0+0","3+4+3+4","radix4+radix4+radix4+radix4","full-scratch+full-scratch+full-scratch","1+1+1",8,per-packet,interleaved-rows,0,0,10,50,0.118464,0.159007,0.159161,0.000155,0,0,0,0,0,7,natural,natural,"",0.140800,25156.170320,9563.184465,412158694.516979,fused,shoup,-1
v06_hybrid2d,1,"Tesla V100-SXM2-16GB",7.0,0,"","","",0.000000,"",hybrid2d,0,named-barrier,0,0,0,0,0,0,0,hermes-xor,inplace,radix4,64,14,16384,16,576460756061519873,60,7,4,256,dataflow-radix4,"",0,"",0,0,"","","","","","","","","","","","",0,per-packet,interleaved-rows,0,0,10,50,0.436992,0.020480,0.020649,0.000169,0,0,0,0,0,7,natural,natural,"",0.405120,781249.948682,18548.746614,12799999159.202034,fused,shoup,-1
v07_full,1,"Tesla V100-SXM2-16GB",7.0,0,"v100-sm70","hierarchical-dataflow-wave-warp-radix4","experimental",0.000000,"warp-parallel subgraphs with dependency-wave readiness",hierarchical-dataflow,0,named-barrier,0,0,0,2,0,0,0,hermes-xor,inplace,radix4,64,14,16384,16,576460756061519873,60,0,0,0,dataflow-radix4,"3+4+3+4",4,"3+4+3+4",4,3,"radix4+radix4+radix4+radix4","256+256+256+256","1+1+1+1","0+0+0+0","0+0+0+0","0+0+0+0","0+0+0+0","0+0+0+0","3+4+3+4","radix4+radix4+radix4+radix4","full-scratch+full-scratch+full-scratch","1+1+1",8,per-packet,interleaved-rows,0,0,10,50,0.432768,0.488755,0.488946,0.000191,0,0,0,0,0,7,natural,natural,"",0.454880,32736.224842,11624.500873,536350307.816333,fused,shoup,-1
v07_resident_generic,1,"Tesla V100-SXM2-16GB",7.0,0,"v100-sm70","hierarchical-dataflow-wave-warp-radix4-resident-fused-m4-g2","experimental",0.000000,"warp-parallel subgraphs with dependency-wave readiness; logical subgraphs are lowered into resident physical execution groups",hierarchical-dataflow,0,named-barrier,0,0,0,2,0,0,0,hermes-xor,inplace,radix4,64,14,16384,16,576460756061519873,60,0,0,0,dataflow-radix4,"3+4+3+4",4,"7+7",2,1,"radix4+radix4+radix4+radix4","256+256+256+256","1+1+1+1","0+0+0+0","0+0+0+0","0+0+0+0","0+0+0+0","0+0+0+0","3+4+3+4","radix4+radix4","resident-fused+full-scratch+resident-fused","1+1+1",8,per-packet,interleaved-rows,0,0,10,50,0.437536,0.064184,0.064346,0.000161,0,0,0,0,0,7,natural,natural,"",0.415424,249282.056175,17445.455165,4084237208.376312,fused,shoup,-1
v07_resident_core,1,"Tesla V100-SXM2-16GB",7.0,0,"v100-sm70","hierarchical-dataflow-wave-warp-radix4-resident-fused-m4-g2","experimental",0.000000,"warp-parallel subgraphs with dependency-wave readiness; logical subgraphs are lowered into resident physical execution groups",hierarchical-dataflow,0,named-barrier,0,0,0,2,0,0,0,hermes-xor,inplace,radix4,64,14,16384,16,576460756061519873,60,0,0,0,dataflow-radix4,"3+4+3+4",4,"7+7",2,1,"radix4+radix4+radix4+radix4","256+256+256+256","1+1+1+1","0+0+0+0","0+0+0+0","0+0+0+0","0+0+0+0","0+0+0+0","3+4+3+4","dataflow-radix4+dataflow-radix4","resident-fused+full-scratch+resident-fused","1+1+1",8,per-packet,interleaved-rows,0,0,10,50,0.438784,0.064225,0.064397,0.000171,0,0,0,0,0,7,natural,natural,"",0.401472,249123.091410,17689.697153,4081632729.656059,fused,shoup,-1
v07_full,2,"Tesla V100-SXM2-16GB",7.0,0,"v100-sm70","hierarchical-dataflow-wave-warp-radix4","experimental",0.000000,"warp-parallel subgraphs with dependency-wave readiness",hierarchical-dataflow,0,named-barrier,0,0,0,2,0,0,0,hermes-xor,inplace,radix4,64,14,16384,16,576460756061519873,60,0,0,0,dataflow-radix4,"3+4+3+4",4,"3+4+3+4",4,3,"radix4+radix4+radix4+radix4","256+256+256+256","1+1+1+1","0+0+0+0","0+0+0+0","0+0+0+0","0+0+0+0","0+0+0+0","3+4+3+4","radix4+radix4+radix4+radix4","full-scratch+full-scratch+full-scratch","1+1+1",8,per-packet,interleaved-rows,0,0,10,50,0.433920,0.489124,0.489275,0.000151,0,0,0,0,0,7,natural,natural,"",0.409344,32711.551410,12008.515525,535946058.306975,fused,shoup,-1
v07_resident_generic,2,"Tesla V100-SXM2-16GB",7.0,0,"v100-sm70","hierarchical-dataflow-wave-warp-radix4-resident-fused-m4-g2","experimental",0.000000,"warp-parallel subgraphs with dependency-wave readiness; logical subgraphs are lowered into resident physical execution groups",hierarchical-dataflow,0,named-barrier,0,0,0,2,0,0,0,hermes-xor,inplace,radix4,64,14,16384,16,576460756061519873,60,0,0,0,dataflow-radix4,"3+4+3+4",4,"7+7",2,1,"radix4+radix4+radix4+radix4","256+256+256+256","1+1+1+1","0+0+0+0","0+0+0+0","0+0+0+0","0+0+0+0","0+0+0+0","3+4+3+4","radix4+radix4","resident-fused+full-scratch+resident-fused","1+1+1",8,per-packet,interleaved-rows,0,0,10,50,0.438784,0.064389,0.064558,0.000169,0,0,0,0,0,7,natural,natural,"",0.405536,248489.197089,17607.394614,4071247005.098840,fused,shoup,-1
v07_resident_core,2,"Tesla V100-SXM2-16GB",7.0,0,"v100-sm70","hierarchical-dataflow-wave-warp-radix4-resident-fused-m4-g2","experimental",0.000000,"warp-parallel subgraphs with dependency-wave readiness; logical subgraphs are lowered into resident physical execution groups",hierarchical-dataflow,0,named-barrier,0,0,0,2,0,0,0,hermes-xor,inplace,radix4,64,14,16384,16,576460756061519873,60,0,0,0,dataflow-radix4,"3+4+3+4",4,"7+7",2,1,"radix4+radix4+radix4+radix4","256+256+256+256","1+1+1+1","0+0+0+0","0+0+0+0","0+0+0+0","0+0+0+0","0+0+0+0","3+4+3+4","dataflow-radix4+dataflow-radix4","resident-fused+full-scratch+resident-fused","1+1+1",8,per-packet,interleaved-rows,0,0,10,50,0.439136,0.064225,0.064394,0.000168,0,0,0,0,0,7,natural,natural,"",0.402880,249123.091410,17655.342095,4081632729.656059,fused,shoup,-1
v06_hybrid2d,2,"Tesla V100-SXM2-16GB",7.0,0,"","","",0.000000,"",hybrid2d,0,named-barrier,0,0,0,0,0,0,0,hermes-xor,inplace,radix4,64,14,16384,16,576460756061519873,60,7,4,256,dataflow-radix4,"",0,"",0,0,"","","","","","","","","","","","",0,per-packet,interleaved-rows,0,0,10,50,0.445856,0.020460,0.020628,0.000168,0,0,0,0,0,7,natural,natural,"",0.420992,782031.972332,18032.079923,12812811834.694481,fused,shoup,-1
v07_resident_generic,3,"Tesla V100-SXM2-16GB",7.0,0,"v100-sm70","hierarchical-dataflow-wave-warp-radix4-resident-fused-m4-g2","experimental",0.000000,"warp-parallel subgraphs with dependency-wave readiness; logical subgraphs are lowered into resident physical execution groups",hierarchical-dataflow,0,named-barrier,0,0,0,2,0,0,0,hermes-xor,inplace,radix4,64,14,16384,16,576460756061519873,60,0,0,0,dataflow-radix4,"3+4+3+4",4,"7+7",2,1,"radix4+radix4+radix4+radix4","256+256+256+256","1+1+1+1","0+0+0+0","0+0+0+0","0+0+0+0","0+0+0+0","0+0+0+0","3+4+3+4","radix4+radix4","resident-fused+full-scratch+resident-fused","1+1+1",8,per-packet,interleaved-rows,0,0,10,50,0.435936,0.063918,0.064132,0.000214,0,0,0,0,0,7,natural,natural,"",0.402656,250320.394827,17728.333912,4101249348.851023,fused,shoup,-1
v07_resident_core,3,"Tesla V100-SXM2-16GB",7.0,0,"v100-sm70","hierarchical-dataflow-wave-warp-radix4-resident-fused-m4-g2","experimental",0.000000,"warp-parallel subgraphs with dependency-wave readiness; logical subgraphs are lowered into resident physical execution groups",hierarchical-dataflow,0,named-barrier,0,0,0,2,0,0,0,hermes-xor,inplace,radix4,64,14,16384,16,576460756061519873,60,0,0,0,dataflow-radix4,"3+4+3+4",4,"7+7",2,1,"radix4+radix4+radix4+radix4","256+256+256+256","1+1+1+1","0+0+0+0","0+0+0+0","0+0+0+0","0+0+0+0","0+0+0+0","3+4+3+4","dataflow-radix4+dataflow-radix4","resident-fused+full-scratch+resident-fused","1+1+1",8,per-packet,interleaved-rows,0,0,10,50,0.437760,0.064246,0.064415,0.000169,0,0,0,0,0,7,natural,natural,"",0.404256,249043.670590,17654.943662,4080331498.939106,fused,shoup,-1
v06_hybrid2d,3,"Tesla V100-SXM2-16GB",7.0,0,"","","",0.000000,"",hybrid2d,0,named-barrier,0,0,0,0,0,0,0,hermes-xor,inplace,radix4,64,14,16384,16,576460756061519873,60,7,4,256,dataflow-radix4,"",0,"",0,0,"","","","","","","","","","","","",0,per-packet,interleaved-rows,0,0,10,50,0.434656,0.020419,0.020577,0.000158,0,0,0,0,0,7,natural,natural,"",0.405696,783600.797327,18587.996341,12838515463.401049,fused,shoup,-1
v07_full,3,"Tesla V100-SXM2-16GB",7.0,0,"v100-sm70","hierarchical-dataflow-wave-warp-radix4","experimental",0.000000,"warp-parallel subgraphs with dependency-wave readiness",hierarchical-dataflow,0,named-barrier,0,0,0,2,0,0,0,hermes-xor,inplace,radix4,64,14,16384,16,576460756061519873,60,0,0,0,dataflow-radix4,"3+4+3+4",4,"3+4+3+4",4,3,"radix4+radix4+radix4+radix4","256+256+256+256","1+1+1+1","0+0+0+0","0+0+0+0","0+0+0+0","0+0+0+0","0+0+0+0","3+4+3+4","radix4+radix4+radix4+radix4","full-scratch+full-scratch+full-scratch","1+1+1",8,per-packet,interleaved-rows,0,0,10,50,0.450560,0.488899,0.489053,0.000154,0,0,0,0,0,7,natural,natural,"",0.429696,32726.626306,11686.043833,536193045.389334,fused,shoup,-1
v06_hybrid2d,1,"Tesla V100-SXM2-16GB",7.0,0,"","","",0.000000,"",hybrid2d,0,named-barrier,0,0,0,0,0,0,0,hermes-xor,inplace,radix4,64,16,65536,1,576460756061519873,60,8,4,256,dataflow-radix4,"",0,"",0,0,"","","","","","","","","","","","",0,per-packet,interleaved-rows,0,0,10,50,0.118400,0.015524,0.015665,0.000141,0,0,0,0,0,7,natural,natural,"",0.128064,64417.052522,3816.970955,4221635954.081795,fused,shoup,-1
v07_full,1,"Tesla V100-SXM2-16GB",7.0,0,"v100-sm70","hierarchical-dataflow-wave-warp-radix4","experimental",0.000000,"warp-parallel subgraphs with dependency-wave readiness",hierarchical-dataflow,0,named-barrier,0,0,0,2,0,0,0,hermes-xor,inplace,radix4,64,16,65536,1,576460756061519873,60,0,0,0,dataflow-radix4,"4+4+4+4",4,"4+4+4+4",4,3,"radix4+radix4+radix4+radix4","256+256+256+256","1+1+1+1","0+0+0+0","0+0+0+0","0+0+0+0","0+0+0+0","0+0+0+0","4+4+4+4","radix4+radix4+radix4+radix4","full-scratch+full-scratch+full-scratch","1+1+1",8,per-packet,interleaved-rows,0,0,10,50,0.121088,0.123904,0.124062,0.000158,0,0,0,0,0,7,natural,natural,"",0.138784,8070.764642,2605.686639,528925631.606231,fused,shoup,-1
v07_resident_generic,1,"Tesla V100-SXM2-16GB",7.0,0,"v100-sm70","hierarchical-dataflow-wave-warp-radix4-resident-fused-m4-g2","experimental",0.000000,"warp-parallel subgraphs with dependency-wave readiness; logical subgraphs are lowered into resident physical execution groups",hierarchical-dataflow,0,named-barrier,0,0,0,2,0,0,0,hermes-xor,inplace,radix4,64,16,65536,1,576460756061519873,60,0,0,0,dataflow-radix4,"4+4+4+4",4,"8+8",2,1,"radix4+radix4+radix4+radix4","256+256+256+256","1+1+1+1","0+0+0+0","0+0+0+0","0+0+0+0","0+0+0+0","0+0+0+0","4+4+4+4","radix4+radix4","resident-fused+full-scratch+resident-fused","1+1+1",8,per-packet,interleaved-rows,0,0,10,50,0.118784,0.038973,0.039114,0.000140,0,0,0,0,0,7,natural,natural,"",0.134272,25658.500076,3424.312327,1681555461.008294,fused,shoup,-1
v07_resident_core,1,"Tesla V100-SXM2-16GB",7.0,0,"v100-sm70","hierarchical-dataflow-wave-warp-radix4-resident-fused-m4-g2","experimental",0.000000,"warp-parallel subgraphs with dependency-wave readiness; logical subgraphs are lowered into resident physical execution groups",hierarchical-dataflow,0,named-barrier,0,0,0,2,0,0,0,hermes-xor,inplace,radix4,64,16,65536,1,576460756061519873,60,0,0,0,dataflow-radix4,"4+4+4+4",4,"8+8",2,1,"radix4+radix4+radix4+radix4","256+256+256+256","1+1+1+1","0+0+0+0","0+0+0+0","0+0+0+0","0+0+0+0","0+0+0+0","4+4+4+4","dataflow-radix4+dataflow-radix4","resident-fused+full-scratch+resident-fused","1+1+1",8,per-packet,interleaved-rows,0,0,10,50,0.117824,0.038994,0.039137,0.000143,0,0,0,0,0,7,natural,natural,"",0.128832,25645.025341,3500.788682,1680672380.728265,fused,shoup,-1
v07_full,2,"Tesla V100-SXM2-16GB",7.0,0,"v100-sm70","hierarchical-dataflow-wave-warp-radix4","experimental",0.000000,"warp-parallel subgraphs with dependency-wave readiness",hierarchical-dataflow,0,named-barrier,0,0,0,2,0,0,0,hermes-xor,inplace,radix4,64,16,65536,1,576460756061519873,60,0,0,0,dataflow-radix4,"4+4+4+4",4,"4+4+4+4",4,3,"radix4+radix4+radix4+radix4","256+256+256+256","1+1+1+1","0+0+0+0","0+0+0+0","0+0+0+0","0+0+0+0","0+0+0+0","4+4+4+4","radix4+radix4+radix4+radix4","full-scratch+full-scratch+full-scratch","1+1+1",8,per-packet,interleaved-rows,0,0,10,50,0.117856,0.123720,0.123870,0.000150,0,0,0,0,0,7,natural,natural,"",0.129056,8082.788133,2698.096288,529713603.107909,fused,shoup,-1
v07_resident_generic,2,"Tesla V100-SXM2-16GB",7.0,0,"v100-sm70","hierarchical-dataflow-wave-warp-radix4-resident-fused-m4-g2","experimental",0.000000,"warp-parallel subgraphs with dependency-wave readiness; logical subgraphs are lowered into resident physical execution groups",hierarchical-dataflow,0,named-barrier,0,0,0,2,0,0,0,hermes-xor,inplace,radix4,64,16,65536,1,576460756061519873,60,0,0,0,dataflow-radix4,"4+4+4+4",4,"8+8",2,1,"radix4+radix4+radix4+radix4","256+256+256+256","1+1+1+1","0+0+0+0","0+0+0+0","0+0+0+0","0+0+0+0","0+0+0+0","4+4+4+4","radix4+radix4","resident-fused+full-scratch+resident-fused","1+1+1",8,per-packet,interleaved-rows,0,0,10,50,0.118240,0.038953,0.039111,0.000159,0,0,0,0,0,7,natural,natural,"",0.128096,25671.988980,3505.218011,1682439469.774748,fused,shoup,-1
v07_resident_core,2,"Tesla V100-SXM2-16GB",7.0,0,"v100-sm70","hierarchical-dataflow-wave-warp-radix4-resident-fused-m4-g2","experimental",0.000000,"warp-parallel subgraphs with dependency-wave readiness; logical subgraphs are lowered into resident physical execution groups",hierarchical-dataflow,0,named-barrier,0,0,0,2,0,0,0,hermes-xor,inplace,radix4,64,16,65536,1,576460756061519873,60,0,0,0,dataflow-radix4,"4+4+4+4",4,"8+8",2,1,"radix4+radix4+radix4+radix4","256+256+256+256","1+1+1+1","0+0+0+0","0+0+0+0","0+0+0+0","0+0+0+0","0+0+0+0","4+4+4+4","dataflow-radix4+dataflow-radix4","resident-fused+full-scratch+resident-fused","1+1+1",8,per-packet,interleaved-rows,0,0,10,50,0.126528,0.039035,0.039175,0.000140,0,0,0,0,0,7,natural,natural,"",0.143072,25618.113393,3240.074593,1678908679.329352,fused,shoup,-1
v06_hybrid2d,2,"Tesla V100-SXM2-16GB",7.0,0,"","","",0.000000,"",hybrid2d,0,named-barrier,0,0,0,0,0,0,0,hermes-xor,inplace,radix4,64,16,65536,1,576460756061519873,60,8,4,256,dataflow-radix4,"",0,"",0,0,"","","","","","","","","","","","",0,per-packet,interleaved-rows,0,0,10,50,0.117632,0.015503,0.015651,0.000148,0,0,0,0,0,7,natural,natural,"",0.147968,64502.146804,3557.410395,4227212692.945577,fused,shoup,-1
v07_resident_generic,3,"Tesla V100-SXM2-16GB",7.0,0,"v100-sm70","hierarchical-dataflow-wave-warp-radix4-resident-fused-m4-g2","experimental",0.000000,"warp-parallel subgraphs with dependency-wave readiness; logical subgraphs are lowered into resident physical execution groups",hierarchical-dataflow,0,named-barrier,0,0,0,2,0,0,0,hermes-xor,inplace,radix4,64,16,65536,1,576460756061519873,60,0,0,0,dataflow-radix4,"4+4+4+4",4,"8+8",2,1,"radix4+radix4+radix4+radix4","256+256+256+256","1+1+1+1","0+0+0+0","0+0+0+0","0+0+0+0","0+0+0+0","0+0+0+0","4+4+4+4","radix4+radix4","resident-fused+full-scratch+resident-fused","1+1+1",8,per-packet,interleaved-rows,0,0,10,50,0.118432,0.038932,0.039080,0.000147,0,0,0,0,0,7,natural,natural,"",0.128544,25685.494531,3497.622699,1683324569.563188,fused,shoup,-1
v07_resident_core,3,"Tesla V100-SXM2-16GB",7.0,0,"v100-sm70","hierarchical-dataflow-wave-warp-radix4-resident-fused-m4-g2","experimental",0.000000,"warp-parallel subgraphs with dependency-wave readiness; logical subgraphs are lowered into resident physical execution groups",hierarchical-dataflow,0,named-barrier,0,0,0,2,0,0,0,hermes-xor,inplace,radix4,64,16,65536,1,576460756061519873,60,0,0,0,dataflow-radix4,"4+4+4+4",4,"8+8",2,1,"radix4+radix4+radix4+radix4","256+256+256+256","1+1+1+1","0+0+0+0","0+0+0+0","0+0+0+0","0+0+0+0","0+0+0+0","4+4+4+4","dataflow-radix4+dataflow-radix4","resident-fused+full-scratch+resident-fused","1+1+1",8,per-packet,interleaved-rows,0,0,10,50,0.118496,0.038994,0.039138,0.000144,0,0,0,0,0,7,natural,natural,"",0.131712,25645.025341,3457.791672,1680672380.728265,fused,shoup,-1
v06_hybrid2d,3,"Tesla V100-SXM2-16GB",7.0,0,"","","",0.000000,"",hybrid2d,0,named-barrier,0,0,0,0,0,0,0,hermes-xor,inplace,radix4,64,16,65536,1,576460756061519873,60,8,4,256,dataflow-radix4,"",0,"",0,0,"","","","","","","","","","","","",0,per-packet,interleaved-rows,0,0,10,50,0.121600,0.015524,0.015663,0.000140,0,0,0,0,0,7,natural,natural,"",0.138816,64417.052522,3623.978317,4221635954.081795,fused,shoup,-1
v07_full,3,"Tesla V100-SXM2-16GB",7.0,0,"v100-sm70","hierarchical-dataflow-wave-warp-radix4","experimental",0.000000,"warp-parallel subgraphs with dependency-wave readiness",hierarchical-dataflow,0,named-barrier,0,0,0,2,0,0,0,hermes-xor,inplace,radix4,64,16,65536,1,576460756061519873,60,0,0,0,dataflow-radix4,"4+4+4+4",4,"4+4+4+4",4,3,"radix4+radix4+radix4+radix4","256+256+256+256","1+1+1+1","0+0+0+0","0+0+0+0","0+0+0+0","0+0+0+0","0+0+0+0","4+4+4+4","radix4+radix4+radix4+radix4","full-scratch+full-scratch+full-scratch","1+1+1",8,per-packet,interleaved-rows,0,0,10,50,0.122592,0.123658,0.123807,0.000149,0,0,0,0,0,7,natural,natural,"",0.133216,8086.804416,2635.280576,529976814.193877,fused,shoup,-1
v06_hybrid2d,1,"Tesla V100-SXM2-16GB",7.0,0,"","","",0.000000,"",hybrid2d,0,named-barrier,0,0,0,0,0,0,0,hermes-xor,inplace,radix4,64,16,65536,4,576460756061519873,60,8,4,256,dataflow-radix4,"",0,"",0,0,"","","","","","","","","","","","",0,per-packet,interleaved-rows,0,0,10,50,0.433120,0.029471,0.029627,0.000156,0,0,0,0,0,7,natural,natural,"",0.395456,135727.938844,4661.750831,8895066200.049400,fused,shoup,-1
v07_full,1,"Tesla V100-SXM2-16GB",7.0,0,"v100-sm70","hierarchical-dataflow-wave-warp-radix4","experimental",0.000000,"warp-parallel subgraphs with dependency-wave readiness",hierarchical-dataflow,0,named-barrier,0,0,0,2,0,0,0,hermes-xor,inplace,radix4,64,16,65536,4,576460756061519873,60,0,0,0,dataflow-radix4,"4+4+4+4",4,"4+4+4+4",4,3,"radix4+radix4+radix4+radix4","256+256+256+256","1+1+1+1","0+0+0+0","0+0+0+0","0+0+0+0","0+0+0+0","0+0+0+0","4+4+4+4","radix4+radix4+radix4+radix4","full-scratch+full-scratch+full-scratch","1+1+1",8,per-packet,interleaved-rows,0,0,10,50,0.433568,0.289300,0.289464,0.000163,0,0,0,0,0,7,natural,natural,"",0.394368,13826.455168,3580.262661,906130565.915408,fused,shoup,-1
v07_resident_generic,1,"Tesla V100-SXM2-16GB",7.0,0,"v100-sm70","hierarchical-dataflow-wave-warp-radix4-resident-fused-m4-g2","experimental",0.000000,"warp-parallel subgraphs with dependency-wave readiness; logical subgraphs are lowered into resident physical execution groups",hierarchical-dataflow,0,named-barrier,0,0,0,2,0,0,0,hermes-xor,inplace,radix4,64,16,65536,4,576460756061519873,60,0,0,0,dataflow-radix4,"4+4+4+4",4,"8+8",2,1,"radix4+radix4+radix4+radix4","256+256+256+256","1+1+1+1","0+0+0+0","0+0+0+0","0+0+0+0","0+0+0+0","0+0+0+0","4+4+4+4","radix4+radix4","resident-fused+full-scratch+resident-fused","1+1+1",8,per-packet,interleaved-rows,0,0,10,50,0.434368,0.076718,0.076889,0.000171,0,0,0,0,0,7,natural,natural,"",0.414080,52138.950207,4323.548024,3416978240.771275,fused,shoup,-1
v07_resident_core,1,"Tesla V100-SXM2-16GB",7.0,0,"v100-sm70","hierarchical-dataflow-wave-warp-radix4-resident-fused-m4-g2","experimental",0.000000,"warp-parallel subgraphs with dependency-wave readiness; logical subgraphs are lowered into resident physical execution groups",hierarchical-dataflow,0,named-barrier,0,0,0,2,0,0,0,hermes-xor,inplace,radix4,64,16,65536,4,576460756061519873,60,0,0,0,dataflow-radix4,"4+4+4+4",4,"8+8",2,1,"radix4+radix4+radix4+radix4","256+256+256+256","1+1+1+1","0+0+0+0","0+0+0+0","0+0+0+0","0+0+0+0","0+0+0+0","4+4+4+4","dataflow-radix4+dataflow-radix4","resident-fused+full-scratch+resident-fused","1+1+1",8,per-packet,interleaved-rows,0,0,10,50,0.436992,0.076677,0.076835,0.000158,0,0,0,0,0,7,natural,natural,"",0.405568,52166.799382,4351.434398,3418803364.317239,fused,shoup,-1
v07_full,2,"Tesla V100-SXM2-16GB",7.0,0,"v100-sm70","hierarchical-dataflow-wave-warp-radix4","experimental",0.000000,"warp-parallel subgraphs with dependency-wave readiness",hierarchical-dataflow,0,named-barrier,0,0,0,2,0,0,0,hermes-xor,inplace,radix4,64,16,65536,4,576460756061519873,60,0,0,0,dataflow-radix4,"4+4+4+4",4,"4+4+4+4",4,3,"radix4+radix4+radix4+radix4","256+256+256+256","1+1+1+1","0+0+0+0","0+0+0+0","0+0+0+0","0+0+0+0","0+0+0+0","4+4+4+4","radix4+radix4+radix4+radix4","full-scratch+full-scratch+full-scratch","1+1+1",8,per-packet,interleaved-rows,0,0,10,50,0.427232,0.289034,0.289196,0.000162,0,0,0,0,0,7,natural,natural,"",0.395040,13839.190463,3599.367861,906965186.165937,fused,shoup,-1
v07_resident_generic,2,"Tesla V100-SXM2-16GB",7.0,0,"v100-sm70","hierarchical-dataflow-wave-warp-radix4-resident-fused-m4-g2","experimental",0.000000,"warp-parallel subgraphs with dependency-wave readiness; logical subgraphs are lowered into resident physical execution groups",hierarchical-dataflow,0,named-barrier,0,0,0,2,0,0,0,hermes-xor,inplace,radix4,64,16,65536,4,576460756061519873,60,0,0,0,dataflow-radix4,"4+4+4+4",4,"8+8",2,1,"radix4+radix4+radix4+radix4","256+256+256+256","1+1+1+1","0+0+0+0","0+0+0+0","0+0+0+0","0+0+0+0","0+0+0+0","4+4+4+4","radix4+radix4","resident-fused+full-scratch+resident-fused","1+1+1",8,per-packet,interleaved-rows,0,0,10,50,0.428096,0.076554,0.076706,0.000152,0,0,0,0,0,7,natural,natural,"",0.400384,52250.535867,4419.722266,3424291118.585264,fused,shoup,-1
v07_resident_core,2,"Tesla V100-SXM2-16GB",7.0,0,"v100-sm70","hierarchical-dataflow-wave-warp-radix4-resident-fused-m4-g2","experimental",0.000000,"warp-parallel subgraphs with dependency-wave readiness; logical subgraphs are lowered into resident physical execution groups",hierarchical-dataflow,0,named-barrier,0,0,0,2,0,0,0,hermes-xor,inplace,radix4,64,16,65536,4,576460756061519873,60,0,0,0,dataflow-radix4,"4+4+4+4",4,"8+8",2,1,"radix4+radix4+radix4+radix4","256+256+256+256","1+1+1+1","0+0+0+0","0+0+0+0","0+0+0+0","0+0+0+0","0+0+0+0","4+4+4+4","dataflow-radix4+dataflow-radix4","resident-fused+full-scratch+resident-fused","1+1+1",8,per-packet,interleaved-rows,0,0,10,50,0.432160,0.076698,0.076831,0.000133,0,0,0,0,0,7,natural,natural,"",0.394784,52152.868544,4426.533723,3417890392.883434,fused,shoup,-1
v06_hybrid2d,2,"Tesla V100-SXM2-16GB",7.0,0,"","","",0.000000,"",hybrid2d,0,named-barrier,0,0,0,0,0,0,0,hermes-xor,inplace,radix4,64,16,65536,4,576460756061519873,60,8,4,256,dataflow-radix4,"",0,"",0,0,"","","","","","","","","","","","",0,per-packet,interleaved-rows,0,0,10,50,0.436736,0.029450,0.029590,0.000140,0,0,0,0,0,7,natural,natural,"",0.394784,135822.324452,4645.921377,8901251855.298252,fused,shoup,-1
v07_resident_generic,3,"Tesla V100-SXM2-16GB",7.0,0,"v100-sm70","hierarchical-dataflow-wave-warp-radix4-resident-fused-m4-g2","experimental",0.000000,"warp-parallel subgraphs with dependency-wave readiness; logical subgraphs are lowered into resident physical execution groups",hierarchical-dataflow,0,named-barrier,0,0,0,2,0,0,0,hermes-xor,inplace,radix4,64,16,65536,4,576460756061519873,60,0,0,0,dataflow-radix4,"4+4+4+4",4,"8+8",2,1,"radix4+radix4+radix4+radix4","256+256+256+256","1+1+1+1","0+0+0+0","0+0+0+0","0+0+0+0","0+0+0+0","0+0+0+0","4+4+4+4","radix4+radix4","resident-fused+full-scratch+resident-fused","1+1+1",8,per-packet,interleaved-rows,0,0,10,50,0.433824,0.076780,0.076923,0.000143,0,0,0,0,0,7,natural,natural,"",0.396064,52097.229624,4411.760502,3414244040.645998,fused,shoup,-1
v07_resident_core,3,"Tesla V100-SXM2-16GB",7.0,0,"v100-sm70","hierarchical-dataflow-wave-warp-radix4-resident-fused-m4-g2","experimental",0.000000,"warp-parallel subgraphs with dependency-wave readiness; logical subgraphs are lowered into resident physical execution groups",hierarchical-dataflow,0,named-barrier,0,0,0,2,0,0,0,hermes-xor,inplace,radix4,64,16,65536,4,576460756061519873,60,0,0,0,dataflow-radix4,"4+4+4+4",4,"8+8",2,1,"radix4+radix4+radix4+radix4","256+256+256+256","1+1+1+1","0+0+0+0","0+0+0+0","0+0+0+0","0+0+0+0","0+0+0+0","4+4+4+4","dataflow-radix4+dataflow-radix4","resident-fused+full-scratch+resident-fused","1+1+1",8,per-packet,interleaved-rows,0,0,10,50,0.432896,0.076759,0.076899,0.000140,0,0,0,0,0,7,natural,natural,"",0.392352,52111.125692,4434.555173,3415154733.374592,fused,shoup,-1
v06_hybrid2d,3,"Tesla V100-SXM2-16GB",7.0,0,"","","",0.000000,"",hybrid2d,0,named-barrier,0,0,0,0,0,0,0,hermes-xor,inplace,radix4,64,16,65536,4,576460756061519873,60,8,4,256,dataflow-radix4,"",0,"",0,0,"","","","","","","","","","","","",0,per-packet,interleaved-rows,0,0,10,50,0.429056,0.029368,0.029531,0.000163,0,0,0,0,0,7,natural,natural,"",0.393536,136201.191907,4695.054404,8926081312.846659,fused,shoup,-1
v07_full,3,"Tesla V100-SXM2-16GB",7.0,0,"v100-sm70","hierarchical-dataflow-wave-warp-radix4","experimental",0.000000,"warp-parallel subgraphs with dependency-wave readiness",hierarchical-dataflow,0,named-barrier,0,0,0,2,0,0,0,hermes-xor,inplace,radix4,64,16,65536,4,576460756061519873,60,0,0,0,dataflow-radix4,"4+4+4+4",4,"4+4+4+4",4,3,"radix4+radix4+radix4+radix4","256+256+256+256","1+1+1+1","0+0+0+0","0+0+0+0","0+0+0+0","0+0+0+0","0+0+0+0","4+4+4+4","radix4+radix4+radix4+radix4","full-scratch+full-scratch+full-scratch","1+1+1",8,per-packet,interleaved-rows,0,0,10,50,0.430720,0.288850,0.288990,0.000140,0,0,0,0,0,7,natural,natural,"",0.400320,13848.021836,3571.779642,907543959.052413,fused,shoup,-1
v06_hybrid2d,1,"Tesla V100-SXM2-16GB",7.0,0,"","","",0.000000,"",hybrid2d,0,named-barrier,0,0,0,0,0,0,0,hermes-xor,inplace,radix4,64,16,65536,16,576460756061519873,60,8,4,256,dataflow-radix4,"",0,"",0,0,"","","","","","","","","","","","",0,per-packet,interleaved-rows,0,0,10,50,1.414016,0.081879,0.082031,0.000152,0,0,0,0,0,7,natural,natural,"",1.332608,195410.200117,5656.702433,12806402874.870184,fused,shoup,-1
v07_full,1,"Tesla V100-SXM2-16GB",7.0,0,"v100-sm70","hierarchical-dataflow-wave-warp-radix4","experimental",0.000000,"warp-parallel subgraphs with dependency-wave readiness",hierarchical-dataflow,0,named-barrier,0,0,0,2,0,0,0,hermes-xor,inplace,radix4,64,16,65536,16,576460756061519873,60,0,0,0,dataflow-radix4,"4+4+4+4",4,"4+4+4+4",4,3,"radix4+radix4+radix4+radix4","256+256+256+256","1+1+1+1","0+0+0+0","0+0+0+0","0+0+0+0","0+0+0+0","0+0+0+0","4+4+4+4","radix4+radix4+radix4+radix4","full-scratch+full-scratch+full-scratch","1+1+1",8,per-packet,interleaved-rows,0,0,10,50,1.421632,0.937963,0.938117,0.000153,0,0,0,0,0,7,natural,natural,"",1.371072,17058.233336,4288.776636,1117928379.906581,fused,shoup,-1
v07_resident_generic,1,"Tesla V100-SXM2-16GB",7.0,0,"v100-sm70","hierarchical-dataflow-wave-warp-radix4-resident-fused-m4-g2","experimental",0.000000,"warp-parallel subgraphs with dependency-wave readiness; logical subgraphs are lowered into resident physical execution groups",hierarchical-dataflow,0,named-barrier,0,0,0,2,0,0,0,hermes-xor,inplace,radix4,64,16,65536,16,576460756061519873,60,0,0,0,dataflow-radix4,"4+4+4+4",4,"8+8",2,1,"radix4+radix4+radix4+radix4","256+256+256+256","1+1+1+1","0+0+0+0","0+0+0+0","0+0+0+0","0+0+0+0","0+0+0+0","4+4+4+4","radix4+radix4","resident-fused+full-scratch+resident-fused","1+1+1",8,per-packet,interleaved-rows,0,0,10,50,1.423584,0.201011,0.201177,0.000166,0,0,0,0,0,7,natural,natural,"",1.340512,79597.556435,5396.094922,5216505458.500168,fused,shoup,-1
v07_resident_core,1,"Tesla V100-SXM2-16GB",7.0,0,"v100-sm70","hierarchical-dataflow-wave-warp-radix4-resident-fused-m4-g2","experimental",0.000000,"warp-parallel subgraphs with dependency-wave readiness; logical subgraphs are lowered into resident physical execution groups",hierarchical-dataflow,0,named-barrier,0,0,0,2,0,0,0,hermes-xor,inplace,radix4,64,16,65536,16,576460756061519873,60,0,0,0,dataflow-radix4,"4+4+4+4",4,"8+8",2,1,"radix4+radix4+radix4+radix4","256+256+256+256","1+1+1+1","0+0+0+0","0+0+0+0","0+0+0+0","0+0+0+0","0+0+0+0","4+4+4+4","dataflow-radix4+dataflow-radix4","resident-fused+full-scratch+resident-fused","1+1+1",8,per-packet,interleaved-rows,0,0,10,50,1.423136,0.201257,0.201422,0.000165,0,0,0,0,0,7,natural,natural,"",1.340672,79500.355913,5396.171803,5210135325.086113,fused,shoup,-1
v07_full,2,"Tesla V100-SXM2-16GB",7.0,0,"v100-sm70","hierarchical-dataflow-wave-warp-radix4","experimental",0.000000,"warp-parallel subgraphs with dependency-wave readiness",hierarchical-dataflow,0,named-barrier,0,0,0,2,0,0,0,hermes-xor,inplace,radix4,64,16,65536,16,576460756061519873,60,0,0,0,dataflow-radix4,"4+4+4+4",4,"4+4+4+4",4,3,"radix4+radix4+radix4+radix4","256+256+256+256","1+1+1+1","0+0+0+0","0+0+0+0","0+0+0+0","0+0+0+0","0+0+0+0","4+4+4+4","radix4+radix4+radix4+radix4","full-scratch+full-scratch+full-scratch","1+1+1",8,per-packet,interleaved-rows,0,0,10,50,1.422656,0.937718,0.937881,0.000164,0,0,0,0,0,7,natural,natural,"",1.344928,17062.703828,4318.136760,1118221358.095479,fused,shoup,-1
v07_resident_generic,2,"Tesla V100-SXM2-16GB",7.0,0,"v100-sm70","hierarchical-dataflow-wave-warp-radix4-resident-fused-m4-g2","experimental",0.000000,"warp-parallel subgraphs with dependency-wave readiness; logical subgraphs are lowered into resident physical execution groups",hierarchical-dataflow,0,named-barrier,0,0,0,2,0,0,0,hermes-xor,inplace,radix4,64,16,65536,16,576460756061519873,60,0,0,0,dataflow-radix4,"4+4+4+4",4,"8+8",2,1,"radix4+radix4+radix4+radix4","256+256+256+256","1+1+1+1","0+0+0+0","0+0+0+0","0+0+0+0","0+0+0+0","0+0+0+0","4+4+4+4","radix4+radix4","resident-fused+full-scratch+resident-fused","1+1+1",8,per-packet,interleaved-rows,0,0,10,50,1.423744,0.201359,0.201533,0.000173,0,0,0,0,0,7,natural,natural,"",1.342272,79459.926213,5391.970350,5207485724.312548,fused,shoup,-1
v07_resident_core,2,"Tesla V100-SXM2-16GB",7.0,0,"v100-sm70","hierarchical-dataflow-wave-warp-radix4-resident-fused-m4-g2","experimental",0.000000,"warp-parallel subgraphs with dependency-wave readiness; logical subgraphs are lowered into resident physical execution groups",hierarchical-dataflow,0,named-barrier,0,0,0,2,0,0,0,hermes-xor,inplace,radix4,64,16,65536,16,576460756061519873,60,0,0,0,dataflow-radix4,"4+4+4+4",4,"8+8",2,1,"radix4+radix4+radix4+radix4","256+256+256+256","1+1+1+1","0+0+0+0","0+0+0+0","0+0+0+0","0+0+0+0","0+0+0+0","4+4+4+4","dataflow-radix4+dataflow-radix4","resident-fused+full-scratch+resident-fused","1+1+1",8,per-packet,interleaved-rows,0,0,10,50,1.425440,0.200540,0.200708,0.000168,0,0,0,0,0,7,natural,natural,"",1.340448,79784.519895,5393.692109,5228758295.807809,fused,shoup,-1
v06_hybrid2d,2,"Tesla V100-SXM2-16GB",7.0,0,"","","",0.000000,"",hybrid2d,0,named-barrier,0,0,0,0,0,0,0,hermes-xor,inplace,radix4,64,16,65536,16,576460756061519873,60,8,4,256,dataflow-radix4,"",0,"",0,0,"","","","","","","","","","","","",0,per-packet,interleaved-rows,0,0,10,50,1.425152,0.082022,0.082204,0.000182,0,0,0,0,0,7,natural,natural,"",1.348032,195068.667237,5603.798147,12784020176.051653,fused,shoup,-1
v07_resident_generic,3,"Tesla V100-SXM2-16GB",7.0,0,"v100-sm70","hierarchical-dataflow-wave-warp-radix4-resident-fused-m4-g2","experimental",0.000000,"warp-parallel subgraphs with dependency-wave readiness; logical subgraphs are lowered into resident physical execution groups",hierarchical-dataflow,0,named-barrier,0,0,0,2,0,0,0,hermes-xor,inplace,radix4,64,16,65536,16,576460756061519873,60,0,0,0,dataflow-radix4,"4+4+4+4",4,"8+8",2,1,"radix4+radix4+radix4+radix4","256+256+256+256","1+1+1+1","0+0+0+0","0+0+0+0","0+0+0+0","0+0+0+0","0+0+0+0","4+4+4+4","radix4+radix4","resident-fused+full-scratch+resident-fused","1+1+1",8,per-packet,interleaved-rows,0,0,10,50,1.425088,0.200520,0.200699,0.000180,0,0,0,0,0,7,natural,natural,"",1.381312,79792.666346,5321.059880,5229292181.653559,fused,shoup,-1
v07_resident_core,3,"Tesla V100-SXM2-16GB",7.0,0,"v100-sm70","hierarchical-dataflow-wave-warp-radix4-resident-fused-m4-g2","experimental",0.000000,"warp-parallel subgraphs with dependency-wave readiness; logical subgraphs are lowered into resident physical execution groups",hierarchical-dataflow,0,named-barrier,0,0,0,2,0,0,0,hermes-xor,inplace,radix4,64,16,65536,16,576460756061519873,60,0,0,0,dataflow-radix4,"4+4+4+4",4,"8+8",2,1,"radix4+radix4+radix4+radix4","256+256+256+256","1+1+1+1","0+0+0+0","0+0+0+0","0+0+0+0","0+0+0+0","0+0+0+0","4+4+4+4","dataflow-radix4+dataflow-radix4","resident-fused+full-scratch+resident-fused","1+1+1",8,per-packet,interleaved-rows,0,0,10,50,1.424736,0.200806,0.200993,0.000187,0,0,0,0,0,7,natural,natural,"",1.349792,79678.731720,5377.546742,5221825362.010524,fused,shoup,-1
v06_hybrid2d,3,"Tesla V100-SXM2-16GB",7.0,0,"","","",0.000000,"",hybrid2d,0,named-barrier,0,0,0,0,0,0,0,hermes-xor,inplace,radix4,64,16,65536,16,576460756061519873,60,8,4,256,dataflow-radix4,"",0,"",0,0,"","","","","","","","","","","","",0,per-packet,interleaved-rows,0,0,10,50,1.428000,0.082104,0.082271,0.000167,0,0,0,0,0,7,natural,natural,"",1.355936,194874.038542,5582.615069,12771264989.904860,fused,shoup,-1
v07_full,3,"Tesla V100-SXM2-16GB",7.0,0,"v100-sm70","hierarchical-dataflow-wave-warp-radix4","experimental",0.000000,"warp-parallel subgraphs with dependency-wave readiness",hierarchical-dataflow,0,named-barrier,0,0,0,2,0,0,0,hermes-xor,inplace,radix4,64,16,65536,16,576460756061519873,60,0,0,0,dataflow-radix4,"4+4+4+4",4,"4+4+4+4",4,3,"radix4+radix4+radix4+radix4","256+256+256+256","1+1+1+1","0+0+0+0","0+0+0+0","0+0+0+0","0+0+0+0","0+0+0+0","4+4+4+4","radix4+radix4+radix4+radix4","full-scratch+full-scratch+full-scratch","1+1+1",8,per-packet,interleaved-rows,0,0,10,50,1.429152,0.939049,0.939207,0.000158,0,0,0,0,0,7,natural,natural,"",1.350496,17038.514397,4302.582247,1116636079.532693,fused,shoup,-1
v06_hybrid2d,1,"Tesla V100-SXM2-16GB",7.0,0,"","","",0.000000,"",hybrid2d,0,named-barrier,0,0,0,0,0,0,0,hermes-xor,inplace,radix4,64,18,262144,1,576460756061519873,60,9,4,512,dataflow-radix4,"",0,"",0,0,"","","","","","","","","","","","",0,per-packet,interleaved-rows,0,0,10,50,0.437248,0.039137,0.039299,0.000162,0,0,0,0,0,7,natural,natural,"",0.408896,25551.084854,1129.584496,6698063588.065830,fused,shoup,-1
v07_full,1,"Tesla V100-SXM2-16GB",7.0,0,"v100-sm70","hierarchical-dataflow-wave-warp-radix4","experimental",0.000000,"warp-parallel subgraphs with dependency-wave readiness",hierarchical-dataflow,0,named-barrier,0,0,0,2,0,0,0,hermes-xor,inplace,radix4,64,18,262144,1,576460756061519873,60,0,0,0,dataflow-radix4,"4+5+4+5",4,"4+5+4+5",4,3,"radix4+radix4+radix4+radix4","256+256+256+256","1+1+1+1","0+0+0+0","0+0+0+0","0+0+0+0","0+0+0+0","0+0+0+0","4+5+4+5","radix4+radix4+radix4+radix4","full-scratch+full-scratch+full-scratch","1+1+1",8,per-packet,interleaved-rows,0,0,10,50,0.439232,0.511365,0.511541,0.000176,0,0,0,0,0,7,natural,natural,"",0.405792,1955.549899,737.251572,512635672.596883,fused,shoup,-1
v07_resident_generic,1,"Tesla V100-SXM2-16GB",7.0,0,"v100-sm70","hierarchical-dataflow-wave-warp-radix4-resident-fused-m4-g2","experimental",0.000000,"warp-parallel subgraphs with dependency-wave readiness; logical subgraphs are lowered into resident physical execution groups",hierarchical-dataflow,0,named-barrier,0,0,0,2,0,0,0,hermes-xor,inplace,radix4,64,18,262144,1,576460756061519873,60,0,0,0,dataflow-radix4,"4+5+4+5",4,"9+9",2,1,"radix4+radix4+radix4+radix4","256+256+256+256","1+1+1+1","0+0+0+0","0+0+0+0","0+0+0+0","0+0+0+0","0+0+0+0","4+5+4+5","radix4+radix4","resident-fused+full-scratch+resident-fused","1+1+1",8,per-packet,interleaved-rows,0,0,10,50,0.438368,0.118825,0.118985,0.000160,0,0,0,0,0,7,natural,natural,"",0.405344,8415.740347,1038.921143,2206135837.492074,fused,shoup,-1
v07_resident_core,1,"Tesla V100-SXM2-16GB",7.0,0,"v100-sm70","hierarchical-dataflow-wave-warp-radix4-resident-fused-m4-g2","experimental",0.000000,"warp-parallel subgraphs with dependency-wave readiness; logical subgraphs are lowered into resident physical execution groups",hierarchical-dataflow,0,named-barrier,0,0,0,2,0,0,0,hermes-xor,inplace,radix4,64,18,262144,1,576460756061519873,60,0,0,0,dataflow-radix4,"4+5+4+5",4,"9+9",2,1,"radix4+radix4+radix4+radix4","256+256+256+256","1+1+1+1","0+0+0+0","0+0+0+0","0+0+0+0","0+0+0+0","0+0+0+0","4+5+4+5","dataflow-radix4+dataflow-radix4","resident-fused+full-scratch+resident-fused","1+1+1",8,per-packet,interleaved-rows,0,0,10,50,0.438592,0.119091,0.119249,0.000158,0,0,0,0,0,7,natural,natural,"",0.425152,8396.926205,1017.464588,2201203823.089248,fused,shoup,-1
v07_full,2,"Tesla V100-SXM2-16GB",7.0,0,"v100-sm70","hierarchical-dataflow-wave-warp-radix4","experimental",0.000000,"warp-parallel subgraphs with dependency-wave readiness",hierarchical-dataflow,0,named-barrier,0,0,0,2,0,0,0,hermes-xor,inplace,radix4,64,18,262144,1,576460756061519873,60,0,0,0,dataflow-radix4,"4+5+4+5",4,"4+5+4+5",4,3,"radix4+radix4+radix4+radix4","256+256+256+256","1+1+1+1","0+0+0+0","0+0+0+0","0+0+0+0","0+0+0+0","0+0+0+0","4+5+4+5","radix4+radix4+radix4+radix4","full-scratch+full-scratch+full-scratch","1+1+1",8,per-packet,interleaved-rows,0,0,10,50,0.437856,0.511365,0.511548,0.000183,0,0,0,0,0,7,natural,natural,"",0.421504,1955.549899,729.540886,512635672.596883,fused,shoup,-1
v07_resident_generic,2,"Tesla V100-SXM2-16GB",7.0,0,"v100-sm70","hierarchical-dataflow-wave-warp-radix4-resident-fused-m4-g2","experimental",0.000000,"warp-parallel subgraphs with dependency-wave readiness; logical subgraphs are lowered into resident physical execution groups",hierarchical-dataflow,0,named-barrier,0,0,0,2,0,0,0,hermes-xor,inplace,radix4,64,18,262144,1,576460756061519873,60,0,0,0,dataflow-radix4,"4+5+4+5",4,"9+9",2,1,"radix4+radix4+radix4+radix4","256+256+256+256","1+1+1+1","0+0+0+0","0+0+0+0","0+0+0+0","0+0+0+0","0+0+0+0","4+5+4+5","radix4+radix4","resident-fused+full-scratch+resident-fused","1+1+1",8,per-packet,interleaved-rows,0,0,10,50,0.439552,0.119009,0.119199,0.000189,0,0,0,0,0,7,natural,natural,"",0.406752,8402.706165,1035.933124,2202719005.032631,fused,shoup,-1
v07_resident_core,2,"Tesla V100-SXM2-16GB",7.0,0,"v100-sm70","hierarchical-dataflow-wave-warp-radix4-resident-fused-m4-g2","experimental",0.000000,"warp-parallel subgraphs with dependency-wave readiness; logical subgraphs are lowered into resident physical execution groups",hierarchical-dataflow,0,named-barrier,0,0,0,2,0,0,0,hermes-xor,inplace,radix4,64,18,262144,1,576460756061519873,60,0,0,0,dataflow-radix4,"4+5+4+5",4,"9+9",2,1,"radix4+radix4+radix4+radix4","256+256+256+256","1+1+1+1","0+0+0+0","0+0+0+0","0+0+0+0","0+0+0+0","0+0+0+0","4+5+4+5","dataflow-radix4+dataflow-radix4","resident-fused+full-scratch+resident-fused","1+1+1",8,per-packet,interleaved-rows,0,0,10,50,0.438528,0.119419,0.119600,0.000181,0,0,0,0,0,7,natural,natural,"",0.423104,8373.885140,1019.315134,2195163746.093166,fused,shoup,-1
v06_hybrid2d,2,"Tesla V100-SXM2-16GB",7.0,0,"","","",0.000000,"",hybrid2d,0,named-barrier,0,0,0,0,0,0,0,hermes-xor,inplace,radix4,64,18,262144,1,576460756061519873,60,9,4,512,dataflow-radix4,"",0,"",0,0,"","","","","","","","","","","","",0,per-packet,interleaved-rows,0,0,10,50,0.438528,0.039014,0.039198,0.000183,0,0,0,0,0,7,natural,natural,"",0.417344,25631.562303,1117.460267,6719160268.311352,fused,shoup,-1
v07_resident_generic,3,"Tesla V100-SXM2-16GB",7.0,0,"v100-sm70","hierarchical-dataflow-wave-warp-radix4-resident-fused-m4-g2","experimental",0.000000,"warp-parallel subgraphs with dependency-wave readiness; logical subgraphs are lowered into resident physical execution groups",hierarchical-dataflow,0,named-barrier,0,0,0,2,0,0,0,hermes-xor,inplace,radix4,64,18,262144,1,576460756061519873,60,0,0,0,dataflow-radix4,"4+5+4+5",4,"9+9",2,1,"radix4+radix4+radix4+radix4","256+256+256+256","1+1+1+1","0+0+0+0","0+0+0+0","0+0+0+0","0+0+0+0","0+0+0+0","4+5+4+5","radix4+radix4","resident-fused+full-scratch+resident-fused","1+1+1",8,per-packet,interleaved-rows,0,0,10,50,0.437504,0.119316,0.119479,0.000162,0,0,0,0,0,7,natural,natural,"",0.421312,8381.071845,1022.356400,2197047697.725302,fused,shoup,-1
v07_resident_core,3,"Tesla V100-SXM2-16GB",7.0,0,"v100-sm70","hierarchical-dataflow-wave-warp-radix4-resident-fused-m4-g2","experimental",0.000000,"warp-parallel subgraphs with dependency-wave readiness; logical subgraphs are lowered into resident physical execution groups",hierarchical-dataflow,0,named-barrier,0,0,0,2,0,0,0,hermes-xor,inplace,radix4,64,18,262144,1,576460756061519873,60,0,0,0,dataflow-radix4,"4+5+4+5",4,"9+9",2,1,"radix4+radix4+radix4+radix4","256+256+256+256","1+1+1+1","0+0+0+0","0+0+0+0","0+0+0+0","0+0+0+0","0+0+0+0","4+5+4+5","dataflow-radix4+dataflow-radix4","resident-fused+full-scratch+resident-fused","1+1+1",8,per-packet,interleaved-rows,0,0,10,50,0.438112,0.119214,0.119397,0.000183,0,0,0,0,0,7,natural,natural,"",0.402304,8388.270896,1042.068227,2198934885.856275,fused,shoup,-1
v06_hybrid2d,3,"Tesla V100-SXM2-16GB",7.0,0,"","","",0.000000,"",hybrid2d,0,named-barrier,0,0,0,0,0,0,0,hermes-xor,inplace,radix4,64,18,262144,1,576460756061519873,60,9,4,512,dataflow-radix4,"",0,"",0,0,"","","","","","","","","","","","",0,per-packet,interleaved-rows,0,0,10,50,0.450240,0.039178,0.039356,0.000177,0,0,0,0,0,7,natural,natural,"",0.411424,25524.372033,1110.072283,6691060982.132922,fused,shoup,-1
v07_full,3,"Tesla V100-SXM2-16GB",7.0,0,"v100-sm70","hierarchical-dataflow-wave-warp-radix4","experimental",0.000000,"warp-parallel subgraphs with dependency-wave readiness",hierarchical-dataflow,0,named-barrier,0,0,0,2,0,0,0,hermes-xor,inplace,radix4,64,18,262144,1,576460756061519873,60,0,0,0,dataflow-radix4,"4+5+4+5",4,"4+5+4+5",4,3,"radix4+radix4+radix4+radix4","256+256+256+256","1+1+1+1","0+0+0+0","0+0+0+0","0+0+0+0","0+0+0+0","0+0+0+0","4+5+4+5","radix4+radix4+radix4+radix4","full-scratch+full-scratch+full-scratch","1+1+1",8,per-packet,interleaved-rows,0,0,10,50,0.438592,0.594780,0.595025,0.000244,0,0,0,0,0,7,natural,natural,"",0.410144,1681.293508,692.752908,440741005.376322,fused,shoup,-1
v06_hybrid2d,1,"Tesla V100-SXM2-16GB",7.0,0,"","","",0.000000,"",hybrid2d,0,named-barrier,0,0,0,0,0,0,0,hermes-xor,inplace,radix4,64,18,262144,4,576460756061519873,60,9,4,512,dataflow-radix4,"",0,"",0,0,"","","","","","","","","","","","",0,per-packet,interleaved-rows,0,0,10,50,1.415680,0.112701,0.112867,0.000166,0,0,0,0,0,7,natural,natural,"",1.342528,35492.002529,1393.286701,9304015510.979517,fused,shoup,-1
v07_full,1,"Tesla V100-SXM2-16GB",7.0,0,"v100-sm70","hierarchical-dataflow-wave-warp-radix4","experimental",0.000000,"warp-parallel subgraphs with dependency-wave readiness",hierarchical-dataflow,0,named-barrier,0,0,0,2,0,0,0,hermes-xor,inplace,radix4,64,18,262144,4,576460756061519873,60,0,0,0,dataflow-radix4,"4+5+4+5",4,"4+5+4+5",4,3,"radix4+radix4+radix4+radix4","256+256+256+256","1+1+1+1","0+0+0+0","0+0+0+0","0+0+0+0","0+0+0+0","0+0+0+0","4+5+4+5","radix4+radix4+radix4+radix4","full-scratch+full-scratch+full-scratch","1+1+1",8,per-packet,interleaved-rows,0,0,10,50,1.415936,1.470628,1.470808,0.000180,0,0,0,0,0,7,natural,natural,"",1.346336,2719.926631,944.978641,713012446.718812,fused,shoup,-1
v07_resident_generic,1,"Tesla V100-SXM2-16GB",7.0,0,"v100-sm70","hierarchical-dataflow-wave-warp-radix4-resident-fused-m4-g2","experimental",0.000000,"warp-parallel subgraphs with dependency-wave readiness; logical subgraphs are lowered into resident physical execution groups",hierarchical-dataflow,0,named-barrier,0,0,0,2,0,0,0,hermes-xor,inplace,radix4,64,18,262144,4,576460756061519873,60,0,0,0,dataflow-radix4,"4+5+4+5",4,"9+9",2,1,"radix4+radix4+radix4+radix4","256+256+256+256","1+1+1+1","0+0+0+0","0+0+0+0","0+0+0+0","0+0+0+0","0+0+0+0","4+5+4+5","radix4+radix4","resident-fused+full-scratch+resident-fused","1+1+1",8,per-packet,interleaved-rows,0,0,10,50,1.414144,0.303739,0.303906,0.000167,0,0,0,0,0,7,natural,natural,"",1.344928,13169.205868,1305.989843,3452228303.148438,fused,shoup,-1
v07_resident_core,1,"Tesla V100-SXM2-16GB",7.0,0,"v100-sm70","hierarchical-dataflow-wave-warp-radix4-resident-fused-m4-g2","experimental",0.000000,"warp-parallel subgraphs with dependency-wave readiness; logical subgraphs are lowered into resident physical execution groups",hierarchical-dataflow,0,named-barrier,0,0,0,2,0,0,0,hermes-xor,inplace,radix4,64,18,262144,4,576460756061519873,60,0,0,0,dataflow-radix4,"4+5+4+5",4,"9+9",2,1,"radix4+radix4+radix4+radix4","256+256+256+256","1+1+1+1","0+0+0+0","0+0+0+0","0+0+0+0","0+0+0+0","0+0+0+0","4+5+4+5","dataflow-radix4+dataflow-radix4","resident-fused+full-scratch+resident-fused","1+1+1",8,per-packet,interleaved-rows,0,0,10,50,1.413888,0.304865,0.305037,0.000172,0,0,0,0,0,7,natural,natural,"",1.338848,13120.549903,1308.215062,3439473433.841718,fused,shoup,-1
v07_full,2,"Tesla V100-SXM2-16GB",7.0,0,"v100-sm70","hierarchical-dataflow-wave-warp-radix4","experimental",0.000000,"warp-parallel subgraphs with dependency-wave readiness",hierarchical-dataflow,0,named-barrier,0,0,0,2,0,0,0,hermes-xor,inplace,radix4,64,18,262144,4,576460756061519873,60,0,0,0,dataflow-radix4,"4+5+4+5",4,"4+5+4+5",4,3,"radix4+radix4+radix4+radix4","256+256+256+256","1+1+1+1","0+0+0+0","0+0+0+0","0+0+0+0","0+0+0+0","0+0+0+0","4+5+4+5","radix4+radix4+radix4+radix4","full-scratch+full-scratch+full-scratch","1+1+1",8,per-packet,interleaved-rows,0,0,10,50,1.431552,1.340621,1.340830,0.000209,0,0,0,0,0,7,natural,natural,"",1.357024,2983.692429,968.711406,782157068.052458,fused,shoup,-1
v07_resident_generic,2,"Tesla V100-SXM2-16GB",7.0,0,"v100-sm70","hierarchical-dataflow-wave-warp-radix4-resident-fused-m4-g2","experimental",0.000000,"warp-parallel subgraphs with dependency-wave readiness; logical subgraphs are lowered into resident physical execution groups",hierarchical-dataflow,0,named-barrier,0,0,0,2,0,0,0,hermes-xor,inplace,radix4,64,18,262144,4,576460756061519873,60,0,0,0,dataflow-radix4,"4+5+4+5",4,"9+9",2,1,"radix4+radix4+radix4+radix4","256+256+256+256","1+1+1+1","0+0+0+0","0+0+0+0","0+0+0+0","0+0+0+0","0+0+0+0","4+5+4+5","radix4+radix4","resident-fused+full-scratch+resident-fused","1+1+1",8,per-packet,interleaved-rows,0,0,10,50,1.415168,0.287130,0.287282,0.000153,0,0,0,0,0,7,natural,natural,"",1.340064,13930.992364,1314.768073,3651926062.236117,fused,shoup,-1
v07_resident_core,2,"Tesla V100-SXM2-16GB",7.0,0,"v100-sm70","hierarchical-dataflow-wave-warp-radix4-resident-fused-m4-g2","experimental",0.000000,"warp-parallel subgraphs with dependency-wave readiness; logical subgraphs are lowered into resident physical execution groups",hierarchical-dataflow,0,named-barrier,0,0,0,2,0,0,0,hermes-xor,inplace,radix4,64,18,262144,4,576460756061519873,60,0,0,0,dataflow-radix4,"4+5+4+5",4,"9+9",2,1,"radix4+radix4+radix4+radix4","256+256+256+256","1+1+1+1","0+0+0+0","0+0+0+0","0+0+0+0","0+0+0+0","0+0+0+0","4+5+4+5","dataflow-radix4+dataflow-radix4","resident-fused+full-scratch+resident-fused","1+1+1",8,per-packet,interleaved-rows,0,0,10,50,1.415008,0.287662,0.287836,0.000174,0,0,0,0,0,7,natural,natural,"",1.349120,13905.203900,1310.706151,3645165771.114936,fused,shoup,-1
v06_hybrid2d,2,"Tesla V100-SXM2-16GB",7.0,0,"","","",0.000000,"",hybrid2d,0,named-barrier,0,0,0,0,0,0,0,hermes-xor,inplace,radix4,64,18,262144,4,576460756061519873,60,9,4,512,dataflow-radix4,"",0,"",0,0,"","","","","","","","","","","","",0,per-packet,interleaved-rows,0,0,10,50,1.423136,0.102605,0.102779,0.000175,0,0,0,0,0,7,natural,natural,"",1.347840,38984.531328,1391.991509,10219560980.573120,fused,shoup,-1
v07_resident_generic,3,"Tesla V100-SXM2-16GB",7.0,0,"v100-sm70","hierarchical-dataflow-wave-warp-radix4-resident-fused-m4-g2","experimental",0.000000,"warp-parallel subgraphs with dependency-wave readiness; logical subgraphs are lowered into resident physical execution groups",hierarchical-dataflow,0,named-barrier,0,0,0,2,0,0,0,hermes-xor,inplace,radix4,64,18,262144,4,576460756061519873,60,0,0,0,dataflow-radix4,"4+5+4+5",4,"9+9",2,1,"radix4+radix4+radix4+radix4","256+256+256+256","1+1+1+1","0+0+0+0","0+0+0+0","0+0+0+0","0+0+0+0","0+0+0+0","4+5+4+5","radix4+radix4","resident-fused+full-scratch+resident-fused","1+1+1",8,per-packet,interleaved-rows,0,0,10,50,1.415360,0.285471,0.285629,0.000158,0,0,0,0,0,7,natural,natural,"",1.336864,14011.944701,1316.788027,3673147231.767460,fused,shoup,-1
v07_resident_core,3,"Tesla V100-SXM2-16GB",7.0,0,"v100-sm70","hierarchical-dataflow-wave-warp-radix4-resident-fused-m4-g2","experimental",0.000000,"warp-parallel subgraphs with dependency-wave readiness; logical subgraphs are lowered into resident physical execution groups",hierarchical-dataflow,0,named-barrier,0,0,0,2,0,0,0,hermes-xor,inplace,radix4,64,18,262144,4,576460756061519873,60,0,0,0,dataflow-radix4,"4+5+4+5",4,"9+9",2,1,"radix4+radix4+radix4+radix4","256+256+256+256","1+1+1+1","0+0+0+0","0+0+0+0","0+0+0+0","0+0+0+0","0+0+0+0","4+5+4+5","dataflow-radix4+dataflow-radix4","resident-fused+full-scratch+resident-fused","1+1+1",8,per-packet,interleaved-rows,0,0,10,50,1.414528,0.287355,0.287506,0.000151,0,0,0,0,0,7,natural,natural,"",1.344384,13920.069529,1313.082600,3649062706.591039,fused,shoup,-1
v06_hybrid2d,3,"Tesla V100-SXM2-16GB",7.0,0,"","","",0.000000,"",hybrid2d,0,named-barrier,0,0,0,0,0,0,0,hermes-xor,inplace,radix4,64,18,262144,4,576460756061519873,60,9,4,512,dataflow-radix4,"",0,"",0,0,"","","","","","","","","","","","",0,per-packet,interleaved-rows,0,0,10,50,1.426336,0.102175,0.102355,0.000181,0,0,0,0,0,7,natural,natural,"",1.348000,39148.626344,1390.573597,10262577504.320911,fused,shoup,-1
v07_full,3,"Tesla V100-SXM2-16GB",7.0,0,"v100-sm70","hierarchical-dataflow-wave-warp-radix4","experimental",0.000000,"warp-parallel subgraphs with dependency-wave readiness",hierarchical-dataflow,0,named-barrier,0,0,0,2,0,0,0,hermes-xor,inplace,radix4,64,18,262144,4,576460756061519873,60,0,0,0,dataflow-radix4,"4+5+4+5",4,"4+5+4+5",4,3,"radix4+radix4+radix4+radix4","256+256+256+256","1+1+1+1","0+0+0+0","0+0+0+0","0+0+0+0","0+0+0+0","0+0+0+0","4+5+4+5","radix4+radix4+radix4+radix4","full-scratch+full-scratch+full-scratch","1+1+1",8,per-packet,interleaved-rows,0,0,10,50,1.424384,1.265848,1.266038,0.000190,0,0,0,0,0,7,natural,natural,"",1.347360,3159.936358,990.689428,828358356.523512,fused,shoup,-1
v06_hybrid2d,1,"Tesla V100-SXM2-16GB",7.0,0,"","","",0.000000,"",hybrid2d,0,named-barrier,0,0,0,0,0,0,0,hermes-xor,inplace,radix4,64,18,262144,16,576460756061519873,60,9,4,512,dataflow-radix4,"",0,"",0,0,"","","","","","","","","","","","",0,per-packet,interleaved-rows,0,0,10,50,5.470976,0.341443,0.341611,0.000168,0,0,0,0,0,7,natural,natural,"",5.115072,46860.005459,1464.197149,12284069270.969112,fused,shoup,-1
v07_full,1,"Tesla V100-SXM2-16GB",7.0,0,"v100-sm70","hierarchical-dataflow-wave-warp-radix4","experimental",0.000000,"warp-parallel subgraphs with dependency-wave readiness",hierarchical-dataflow,0,named-barrier,0,0,0,2,0,0,0,hermes-xor,inplace,radix4,64,18,262144,16,576460756061519873,60,0,0,0,dataflow-radix4,"4+5+4+5",4,"4+5+4+5",4,3,"radix4+radix4+radix4+radix4","256+256+256+256","1+1+1+1","0+0+0+0","0+0+0+0","0+0+0+0","0+0+0+0","0+0+0+0","4+5+4+5","radix4+radix4+radix4+radix4","full-scratch+full-scratch+full-scratch","1+1+1",8,per-packet,interleaved-rows,0,0,10,50,5.460800,4.297810,4.297997,0.000187,0,0,0,0,0,7,natural,natural,"",5.125696,3722.826209,1074.957713,975916553.827009,fused,shoup,-1
v07_resident_generic,1,"Tesla V100-SXM2-16GB",7.0,0,"v100-sm70","hierarchical-dataflow-wave-warp-radix4-resident-fused-m4-g2","experimental",0.000000,"warp-parallel subgraphs with dependency-wave readiness; logical subgraphs are lowered into resident physical execution groups",hierarchical-dataflow,0,named-barrier,0,0,0,2,0,0,0,hermes-xor,inplace,radix4,64,18,262144,16,576460756061519873,60,0,0,0,dataflow-radix4,"4+5+4+5",4,"9+9",2,1,"radix4+radix4+radix4+radix4","256+256+256+256","1+1+1+1","0+0+0+0","0+0+0+0","0+0+0+0","0+0+0+0","0+0+0+0","4+5+4+5","radix4+radix4","resident-fused+full-scratch+resident-fused","1+1+1",8,per-packet,interleaved-rows,0,0,10,50,5.468192,0.862802,0.862995,0.000193,0,0,0,0,0,7,natural,natural,"",5.115552,18544.233415,1397.801578,4861259524.436676,fused,shoup,-1
v07_resident_core,1,"Tesla V100-SXM2-16GB",7.0,0,"v100-sm70","hierarchical-dataflow-wave-warp-radix4-resident-fused-m4-g2","experimental",0.000000,"warp-parallel subgraphs with dependency-wave readiness; logical subgraphs are lowered into resident physical execution groups",hierarchical-dataflow,0,named-barrier,0,0,0,2,0,0,0,hermes-xor,inplace,radix4,64,18,262144,16,576460756061519873,60,0,0,0,dataflow-radix4,"4+5+4+5",4,"9+9",2,1,"radix4+radix4+radix4+radix4","256+256+256+256","1+1+1+1","0+0+0+0","0+0+0+0","0+0+0+0","0+0+0+0","0+0+0+0","4+5+4+5","dataflow-radix4+dataflow-radix4","resident-fused+full-scratch+resident-fused","1+1+1",8,per-packet,interleaved-rows,0,0,10,50,5.466432,0.858051,0.858233,0.000183,0,0,0,0,0,7,natural,natural,"",5.125984,18646.920584,1397.322944,4888178349.496193,fused,shoup,-1
v07_full,2,"Tesla V100-SXM2-16GB",7.0,0,"v100-sm70","hierarchical-dataflow-wave-warp-radix4","experimental",0.000000,"warp-parallel subgraphs with dependency-wave readiness",hierarchical-dataflow,0,named-barrier,0,0,0,2,0,0,0,hermes-xor,inplace,radix4,64,18,262144,16,576460756061519873,60,0,0,0,dataflow-radix4,"4+5+4+5",4,"4+5+4+5",4,3,"radix4+radix4+radix4+radix4","256+256+256+256","1+1+1+1","0+0+0+0","0+0+0+0","0+0+0+0","0+0+0+0","0+0+0+0","4+5+4+5","radix4+radix4+radix4+radix4","full-scratch+full-scratch+full-scratch","1+1+1",8,per-packet,interleaved-rows,0,0,10,50,5.475232,4.301373,4.301567,0.000194,0,0,0,0,0,7,natural,natural,"",5.124480,3719.742094,1073.747287,975108071.362612,fused,shoup,-1
v07_resident_generic,2,"Tesla V100-SXM2-16GB",7.0,0,"v100-sm70","hierarchical-dataflow-wave-warp-radix4-resident-fused-m4-g2","experimental",0.000000,"warp-parallel subgraphs with dependency-wave readiness; logical subgraphs are lowered into resident physical execution groups",hierarchical-dataflow,0,named-barrier,0,0,0,2,0,0,0,hermes-xor,inplace,radix4,64,18,262144,16,576460756061519873,60,0,0,0,dataflow-radix4,"4+5+4+5",4,"9+9",2,1,"radix4+radix4+radix4+radix4","256+256+256+256","1+1+1+1","0+0+0+0","0+0+0+0","0+0+0+0","0+0+0+0","0+0+0+0","4+5+4+5","radix4+radix4","resident-fused+full-scratch+resident-fused","1+1+1",8,per-packet,interleaved-rows,0,0,10,50,5.466176,0.867471,0.867630,0.000159,0,0,0,0,0,7,natural,natural,"",5.127072,18444.412181,1396.072934,4835091986.752835,fused,shoup,-1
v07_resident_core,2,"Tesla V100-SXM2-16GB",7.0,0,"v100-sm70","hierarchical-dataflow-wave-warp-radix4-resident-fused-m4-g2","experimental",0.000000,"warp-parallel subgraphs with dependency-wave readiness; logical subgraphs are lowered into resident physical execution groups",hierarchical-dataflow,0,named-barrier,0,0,0,2,0,0,0,hermes-xor,inplace,radix4,64,18,262144,16,576460756061519873,60,0,0,0,dataflow-radix4,"4+5+4+5",4,"9+9",2,1,"radix4+radix4+radix4+radix4","256+256+256+256","1+1+1+1","0+0+0+0","0+0+0+0","0+0+0+0","0+0+0+0","0+0+0+0","4+5+4+5","dataflow-radix4+dataflow-radix4","resident-fused+full-scratch+resident-fused","1+1+1",8,per-packet,interleaved-rows,0,0,10,50,5.465312,0.858665,0.858840,0.000175,0,0,0,0,0,7,natural,natural,"",5.108800,18633.578062,1399.485023,4884680687.553741,fused,shoup,-1
v06_hybrid2d,2,"Tesla V100-SXM2-16GB",7.0,0,"","","",0.000000,"",hybrid2d,0,named-barrier,0,0,0,0,0,0,0,hermes-xor,inplace,radix4,64,18,262144,16,576460756061519873,60,9,4,512,dataflow-radix4,"",0,"",0,0,"","","","","","","","","","","","",0,per-packet,interleaved-rows,0,0,10,50,5.472608,0.341238,0.341420,0.000183,0,0,0,0,0,7,natural,natural,"",5.107712,46888.129551,1464.992498,12291441833.108864,fused,shoup,-1
v07_resident_generic,3,"Tesla V100-SXM2-16GB",7.0,0,"v100-sm70","hierarchical-dataflow-wave-warp-radix4-resident-fused-m4-g2","experimental",0.000000,"warp-parallel subgraphs with dependency-wave readiness; logical subgraphs are lowered into resident physical execution groups",hierarchical-dataflow,0,named-barrier,0,0,0,2,0,0,0,hermes-xor,inplace,radix4,64,18,262144,16,576460756061519873,60,0,0,0,dataflow-radix4,"4+5+4+5",4,"9+9",2,1,"radix4+radix4+radix4+radix4","256+256+256+256","1+1+1+1","0+0+0+0","0+0+0+0","0+0+0+0","0+0+0+0","0+0+0+0","4+5+4+5","radix4+radix4","resident-fused+full-scratch+resident-fused","1+1+1",8,per-packet,interleaved-rows,0,0,10,50,5.461888,0.865608,0.865764,0.000156,0,0,0,0,0,7,natural,natural,"",5.116352,18484.124379,1398.131167,4845502301.201165,fused,shoup,-1
v07_resident_core,3,"Tesla V100-SXM2-16GB",7.0,0,"v100-sm70","hierarchical-dataflow-wave-warp-radix4-resident-fused-m4-g2","experimental",0.000000,"warp-parallel subgraphs with dependency-wave readiness; logical subgraphs are lowered into resident physical execution groups",hierarchical-dataflow,0,named-barrier,0,0,0,2,0,0,0,hermes-xor,inplace,radix4,64,18,262144,16,576460756061519873,60,0,0,0,dataflow-radix4,"4+5+4+5",4,"9+9",2,1,"radix4+radix4+radix4+radix4","256+256+256+256","1+1+1+1","0+0+0+0","0+0+0+0","0+0+0+0","0+0+0+0","0+0+0+0","4+5+4+5","dataflow-radix4+dataflow-radix4","resident-fused+full-scratch+resident-fused","1+1+1",8,per-packet,interleaved-rows,0,0,10,50,5.467744,0.865403,0.865577,0.000174,0,0,0,0,0,7,natural,natural,"",5.128928,18488.497458,1395.907810,4846648677.727995,fused,shoup,-1
v06_hybrid2d,3,"Tesla V100-SXM2-16GB",7.0,0,"","","",0.000000,"",hybrid2d,0,named-barrier,0,0,0,0,0,0,0,hermes-xor,inplace,radix4,64,18,262144,16,576460756061519873,60,9,4,512,dataflow-radix4,"",0,"",0,0,"","","","","","","","","","","","",0,per-packet,interleaved-rows,0,0,10,50,5.468224,0.341484,0.341638,0.000155,0,0,0,0,0,7,natural,natural,"",5.099776,46854.382235,1466.613904,12282595176.567245,fused,shoup,-1
v07_full,3,"Tesla V100-SXM2-16GB",7.0,0,"v100-sm70","hierarchical-dataflow-wave-warp-radix4","experimental",0.000000,"warp-parallel subgraphs with dependency-wave readiness",hierarchical-dataflow,0,named-barrier,0,0,0,2,0,0,0,hermes-xor,inplace,radix4,64,18,262144,16,576460756061519873,60,0,0,0,dataflow-radix4,"4+5+4+5",4,"4+5+4+5",4,3,"radix4+radix4+radix4+radix4","256+256+256+256","1+1+1+1","0+0+0+0","0+0+0+0","0+0+0+0","0+0+0+0","0+0+0+0","4+5+4+5","radix4+radix4+radix4+radix4","full-scratch+full-scratch+full-scratch","1+1+1",8,per-packet,interleaved-rows,0,0,10,50,5.457792,4.296049,4.296216,0.000168,0,0,0,0,0,7,natural,natural,"",5.124000,3724.352617,1075.424890,976316692.453394,fused,shoup,-1
v06_hybrid2d,1,"Tesla V100-SXM2-16GB",7.0,0,"","","",0.000000,"",hybrid2d,0,named-barrier,0,0,0,0,0,0,0,hermes-xor,inplace,radix4,64,20,1048576,1,576460756061519873,60,10,2,512,dataflow-radix4,"",0,"",0,0,"","","","","","","","","","","","",0,per-packet,interleaved-rows,0,0,10,50,1.438400,0.131912,0.132087,0.000175,0,0,0,0,0,7,natural,natural,"",1.376320,7580.829834,339.370541,7949076224.231436,fused,shoup,-1
v07_full,1,"Tesla V100-SXM2-16GB",7.0,0,"v100-sm70","hierarchical-dataflow-wave-warp-radix4","experimental",0.000000,"warp-parallel subgraphs with dependency-wave readiness",hierarchical-dataflow,0,named-barrier,0,0,0,2,0,0,0,hermes-xor,inplace,radix4,64,20,1048576,1,576460756061519873,60,0,0,0,dataflow-radix4,"5+5+5+5",4,"5+5+5+5",4,3,"radix4+radix4+radix4+radix4","256+256+256+256","1+1+1+1","0+0+0+0","0+0+0+0","0+0+0+0","0+0+0+0","0+0+0+0","5+5+5+5","radix4+radix4+radix4+radix4","full-scratch+full-scratch+full-scratch","1+1+1",8,per-packet,interleaved-rows,0,0,10,50,1.423936,1.183375,1.183525,0.000150,0,0,0,0,0,7,natural,natural,"",1.349120,845.040412,252.753025,886089094.551436,fused,shoup,-1
v07_resident_generic,1,"Tesla V100-SXM2-16GB",7.0,0,"v100-sm70","hierarchical-dataflow-wave-warp-radix4-resident-fused-m4-g2","experimental",0.000000,"warp-parallel subgraphs with dependency-wave readiness; logical subgraphs are lowered into resident physical execution groups",hierarchical-dataflow,0,named-barrier,0,0,0,2,0,0,0,hermes-xor,inplace,radix4,64,20,1048576,1,576460756061519873,60,0,0,0,dataflow-radix4,"5+5+5+5",4,"10+10",2,1,"radix4+radix4+radix4+radix4","256+256+256+256","1+1+1+1","0+0+0+0","0+0+0+0","0+0+0+0","0+0+0+0","0+0+0+0","5+5+5+5","radix4+radix4","resident-fused+full-scratch+resident-fused","1+1+1",8,per-packet,interleaved-rows,0,0,10,50,1.421760,0.512799,0.512966,0.000167,0,0,0,0,0,7,natural,natural,"",1.355936,1950.082846,303.905667,2044810070.096771,fused,shoup,-1
v07_resident_core,1,"Tesla V100-SXM2-16GB",7.0,0,"v100-sm70","hierarchical-dataflow-wave-10x10-resident-radix4-resident-fused-m4-g2","experimental",0.000000,"resident lowering targets the generated V100 10+10 radix-4 execution core; logical subgraphs are lowered into resident physical execution groups",hierarchical-dataflow,0,named-barrier,0,0,0,2,0,0,0,hermes-xor,inplace,radix4,64,20,1048576,1,576460756061519873,60,0,0,0,dataflow-radix4,"5+5+5+5",4,"10+10",2,1,"radix4+radix4+radix4+radix4","256+256+256+256","1+1+1+1","0+0+0+0","0+0+0+0","0+0+0+0","0+0+0+0","0+0+0+0","5+5+5+5","dataflow-radix4+dataflow-radix4","resident-fused+full-scratch+resident-fused","1+1+1",8,per-packet,interleaved-rows,0,0,10,50,1.412320,0.225956,0.226118,0.000162,0,0,0,0,0,7,natural,natural,"",1.334048,4425.643447,336.437089,4640623503.173644,fused,shoup,-1
v06_resident,1,"Tesla V100-SXM2-16GB",7.0,0,"v100-sm70","hierarchical-dataflow-wave-10x10-resident-radix4","experimental",0.000000,"transform-wave readiness with the generated resident radix-4 core",hierarchical-dataflow,0,named-barrier,0,0,0,2,0,0,0,hermes-xor,inplace,radix4,64,20,1048576,1,576460756061519873,60,0,0,0,dataflow-radix4,"10+10",2,"10+10",2,1,"dataflow-radix4+dataflow-radix4","256+256","1+1","0+0","1+1","0+0","0+0","0+0","9+11","dataflow-radix4+dataflow-radix4","full-scratch","1",8,per-packet,interleaved-rows,0,0,10,50,1.411840,0.203530,0.203684,0.000154,0,0,0,0,0,7,natural,natural,"",1.334080,4913.274874,339.046242,5151942114.599482,fused,shoup,-1
v07_full,2,"Tesla V100-SXM2-16GB",7.0,0,"v100-sm70","hierarchical-dataflow-wave-warp-radix4","experimental",0.000000,"warp-parallel subgraphs with dependency-wave readiness",hierarchical-dataflow,0,named-barrier,0,0,0,2,0,0,0,hermes-xor,inplace,radix4,64,20,1048576,1,576460756061519873,60,0,0,0,dataflow-radix4,"5+5+5+5",4,"5+5+5+5",4,3,"radix4+radix4+radix4+radix4","256+256+256+256","1+1+1+1","0+0+0+0","0+0+0+0","0+0+0+0","0+0+0+0","0+0+0+0","5+5+5+5","radix4+radix4+radix4+radix4","full-scratch+full-scratch+full-scratch","1+1+1",8,per-packet,interleaved-rows,0,0,10,50,1.412704,1.183683,1.183846,0.000163,0,0,0,0,0,7,natural,natural,"",1.362016,844.821097,252.627164,885859126.947326,fused,shoup,-1
v07_resident_generic,2,"Tesla V100-SXM2-16GB",7.0,0,"v100-sm70","hierarchical-dataflow-wave-warp-radix4-resident-fused-m4-g2","experimental",0.000000,"warp-parallel subgraphs with dependency-wave readiness; logical subgraphs are lowered into resident physical execution groups",hierarchical-dataflow,0,named-barrier,0,0,0,2,0,0,0,hermes-xor,inplace,radix4,64,20,1048576,1,576460756061519873,60,0,0,0,dataflow-radix4,"5+5+5+5",4,"10+10",2,1,"radix4+radix4+radix4+radix4","256+256+256+256","1+1+1+1","0+0+0+0","0+0+0+0","0+0+0+0","0+0+0+0","0+0+0+0","5+5+5+5","radix4+radix4","resident-fused+full-scratch+resident-fused","1+1+1",8,per-packet,interleaved-rows,0,0,10,50,1.414848,0.512532,0.512690,0.000158,0,0,0,0,0,7,natural,natural,"",1.354080,1951.095888,304.742364,2045872322.312193,fused,shoup,-1
v07_resident_core,2,"Tesla V100-SXM2-16GB",7.0,0,"v100-sm70","hierarchical-dataflow-wave-10x10-resident-radix4-resident-fused-m4-g2","experimental",0.000000,"resident lowering targets the generated V100 10+10 radix-4 execution core; logical subgraphs are lowered into resident physical execution groups",hierarchical-dataflow,0,named-barrier,0,0,0,2,0,0,0,hermes-xor,inplace,radix4,64,20,1048576,1,576460756061519873,60,0,0,0,dataflow-radix4,"5+5+5+5",4,"10+10",2,1,"radix4+radix4+radix4+radix4","256+256+256+256","1+1+1+1","0+0+0+0","0+0+0+0","0+0+0+0","0+0+0+0","0+0+0+0","5+5+5+5","dataflow-radix4+dataflow-radix4","resident-fused+full-scratch+resident-fused","1+1+1",8,per-packet,interleaved-rows,0,0,10,50,1.413440,0.225915,0.226069,0.000154,0,0,0,0,0,7,natural,natural,"",1.358656,4426.445913,333.554489,4641464949.366366,fused,shoup,-1
v06_resident,2,"Tesla V100-SXM2-16GB",7.0,0,"v100-sm70","hierarchical-dataflow-wave-10x10-resident-radix4","experimental",0.000000,"transform-wave readiness with the generated resident radix-4 core",hierarchical-dataflow,0,named-barrier,0,0,0,2,0,0,0,hermes-xor,inplace,radix4,64,20,1048576,1,576460756061519873,60,0,0,0,dataflow-radix4,"10+10",2,"10+10",2,1,"dataflow-radix4+dataflow-radix4","256+256","1+1","0+0","1+1","0+0","0+0","0+0","9+11","dataflow-radix4+dataflow-radix4","full-scratch","1",8,per-packet,interleaved-rows,0,0,10,50,1.412640,0.203469,0.203614,0.000145,0,0,0,0,0,7,natural,natural,"",1.359520,4914.758440,336.063430,5153497745.636915,fused,shoup,-1
v06_hybrid2d,2,"Tesla V100-SXM2-16GB",7.0,0,"","","",0.000000,"",hybrid2d,0,named-barrier,0,0,0,0,0,0,0,hermes-xor,inplace,radix4,64,20,1048576,1,576460756061519873,60,10,2,512,dataflow-radix4,"",0,"",0,0,"","","","","","","","","","","","",0,per-packet,interleaved-rows,0,0,10,50,1.412768,0.132239,0.132385,0.000146,0,0,0,0,0,7,natural,natural,"",1.365184,7562.045260,343.620021,7929379170.214479,fused,shoup,-1
v07_resident_generic,3,"Tesla V100-SXM2-16GB",7.0,0,"v100-sm70","hierarchical-dataflow-wave-warp-radix4-resident-fused-m4-g2","experimental",0.000000,"warp-parallel subgraphs with dependency-wave readiness; logical subgraphs are lowered into resident physical execution groups",hierarchical-dataflow,0,named-barrier,0,0,0,2,0,0,0,hermes-xor,inplace,radix4,64,20,1048576,1,576460756061519873,60,0,0,0,dataflow-radix4,"5+5+5+5",4,"10+10",2,1,"radix4+radix4+radix4+radix4","256+256+256+256","1+1+1+1","0+0+0+0","0+0+0+0","0+0+0+0","0+0+0+0","0+0+0+0","5+5+5+5","radix4+radix4","resident-fused+full-scratch+resident-fused","1+1+1",8,per-packet,interleaved-rows,0,0,10,50,1.413664,0.512614,0.512773,0.000158,0,0,0,0,0,7,natural,natural,"",1.348800,1950.783949,305.336206,2045545229.875016,fused,shoup,-1
v07_resident_core,3,"Tesla V100-SXM2-16GB",7.0,0,"v100-sm70","hierarchical-dataflow-wave-10x10-resident-radix4-resident-fused-m4-g2","experimental",0.000000,"resident lowering targets the generated V100 10+10 radix-4 execution core; logical subgraphs are lowered into resident physical execution groups",hierarchical-dataflow,0,named-barrier,0,0,0,2,0,0,0,hermes-xor,inplace,radix4,64,20,1048576,1,576460756061519873,60,0,0,0,dataflow-radix4,"5+5+5+5",4,"10+10",2,1,"radix4+radix4+radix4+radix4","256+256+256+256","1+1+1+1","0+0+0+0","0+0+0+0","0+0+0+0","0+0+0+0","0+0+0+0","5+5+5+5","dataflow-radix4+dataflow-radix4","resident-fused+full-scratch+resident-fused","1+1+1",8,per-packet,interleaved-rows,0,0,10,50,1.412032,0.225567,0.225721,0.000154,0,0,0,0,0,7,natural,natural,"",1.340576,4433.278199,335.776130,4648629120.614821,fused,shoup,-1
v06_resident,3,"Tesla V100-SXM2-16GB",7.0,0,"v100-sm70","hierarchical-dataflow-wave-10x10-resident-radix4","experimental",0.000000,"transform-wave readiness with the generated resident radix-4 core",hierarchical-dataflow,0,named-barrier,0,0,0,2,0,0,0,hermes-xor,inplace,radix4,64,20,1048576,1,576460756061519873,60,0,0,0,dataflow-radix4,"10+10",2,"10+10",2,1,"dataflow-radix4+dataflow-radix4","256+256","1+1","0+0","1+1","0+0","0+0","0+0","9+11","dataflow-radix4+dataflow-radix4","full-scratch","1",8,per-packet,interleaved-rows,0,0,10,50,1.412288,0.203182,0.203325,0.000142,0,0,0,0,0,7,natural,natural,"",1.339264,4921.693728,338.439933,5160769922.409883,fused,shoup,-1
v06_hybrid2d,3,"Tesla V100-SXM2-16GB",7.0,0,"","","",0.000000,"",hybrid2d,0,named-barrier,0,0,0,0,0,0,0,hermes-xor,inplace,radix4,64,20,1048576,1,576460756061519873,60,10,2,512,dataflow-radix4,"",0,"",0,0,"","","","","","","","","","","","",0,per-packet,interleaved-rows,0,0,10,50,1.413056,0.132076,0.132230,0.000154,0,0,0,0,0,7,natural,natural,"",1.341408,7571.425896,346.435579,7939215480.230583,fused,shoup,-1
v07_full,3,"Tesla V100-SXM2-16GB",7.0,0,"v100-sm70","hierarchical-dataflow-wave-warp-radix4","experimental",0.000000,"warp-parallel subgraphs with dependency-wave readiness",hierarchical-dataflow,0,named-barrier,0,0,0,2,0,0,0,hermes-xor,inplace,radix4,64,20,1048576,1,576460756061519873,60,0,0,0,dataflow-radix4,"5+5+5+5",4,"5+5+5+5",4,3,"radix4+radix4+radix4+radix4","256+256+256+256","1+1+1+1","0+0+0+0","0+0+0+0","0+0+0+0","0+0+0+0","0+0+0+0","5+5+5+5","radix4+radix4+radix4+radix4","full-scratch+full-scratch+full-scratch","1+1+1",8,per-packet,interleaved-rows,0,0,10,50,1.425344,1.181327,1.181487,0.000160,0,0,0,0,0,7,natural,natural,"",1.343232,846.505421,253.170750,887625268.495530,fused,shoup,-1
v06_hybrid2d,1,"Tesla V100-SXM2-16GB",7.0,0,"","","",0.000000,"",hybrid2d,0,named-barrier,0,0,0,0,0,0,0,hermes-xor,inplace,radix4,64,20,1048576,4,576460756061519873,60,10,2,512,dataflow-radix4,"",0,"",0,0,"","","","","","","","","","","","",0,per-packet,interleaved-rows,0,0,10,50,5.444896,0.427479,0.427648,0.000169,0,0,0,0,0,7,natural,natural,"",5.106944,9357.183517,364.321309,9811718063.283155,fused,shoup,-1
v07_full,1,"Tesla V100-SXM2-16GB",7.0,0,"v100-sm70","hierarchical-dataflow-wave-warp-radix4","experimental",0.000000,"warp-parallel subgraphs with dependency-wave readiness",hierarchical-dataflow,0,named-barrier,0,0,0,2,0,0,0,hermes-xor,inplace,radix4,64,20,1048576,4,576460756061519873,60,0,0,0,dataflow-radix4,"5+5+5+5",4,"5+5+5+5",4,3,"radix4+radix4+radix4+radix4","256+256+256+256","1+1+1+1","0+0+0+0","0+0+0+0","0+0+0+0","0+0+0+0","0+0+0+0","5+5+5+5","radix4+radix4+radix4+radix4","full-scratch+full-scratch+full-scratch","1+1+1",8,per-packet,interleaved-rows,0,0,10,50,5.459616,3.226604,3.226775,0.000171,0,0,0,0,0,7,natural,natural,"",5.134432,1239.693687,289.421956,1299913047.762580,fused,shoup,-1
v07_resident_generic,1,"Tesla V100-SXM2-16GB",7.0,0,"v100-sm70","hierarchical-dataflow-wave-warp-radix4-resident-fused-m4-g2","experimental",0.000000,"warp-parallel subgraphs with dependency-wave readiness; logical subgraphs are lowered into resident physical execution groups",hierarchical-dataflow,0,named-barrier,0,0,0,2,0,0,0,hermes-xor,inplace,radix4,64,20,1048576,4,576460756061519873,60,0,0,0,dataflow-radix4,"5+5+5+5",4,"10+10",2,1,"radix4+radix4+radix4+radix4","256+256+256+256","1+1+1+1","0+0+0+0","0+0+0+0","0+0+0+0","0+0+0+0","0+0+0+0","5+5+5+5","radix4+radix4","resident-fused+full-scratch+resident-fused","1+1+1",8,per-packet,interleaved-rows,0,0,10,50,5.460800,1.240556,1.240719,0.000164,0,0,0,0,0,7,natural,natural,"",5.110336,3224.361925,338.647517,3380988529.786382,fused,shoup,-1
v07_resident_core,1,"Tesla V100-SXM2-16GB",7.0,0,"v100-sm70","hierarchical-dataflow-wave-10x10-resident-radix4-resident-fused-m4-g2","experimental",0.000000,"resident lowering targets the generated V100 10+10 radix-4 execution core; logical subgraphs are lowered into resident physical execution groups",hierarchical-dataflow,0,named-barrier,0,0,0,2,0,0,0,hermes-xor,inplace,radix4,64,20,1048576,4,576460756061519873,60,0,0,0,dataflow-radix4,"5+5+5+5",4,"10+10",2,1,"radix4+radix4+radix4+radix4","256+256+256+256","1+1+1+1","0+0+0+0","0+0+0+0","0+0+0+0","0+0+0+0","0+0+0+0","5+5+5+5","dataflow-radix4+dataflow-radix4","resident-fused+full-scratch+resident-fused","1+1+1",8,per-packet,interleaved-rows,0,0,10,50,5.447424,0.560026,0.560201,0.000176,0,0,0,0,0,7,natural,natural,"",5.106176,7142.530974,359.918555,7489486558.985576,fused,shoup,-1
v06_resident,1,"Tesla V100-SXM2-16GB",7.0,0,"v100-sm70","hierarchical-dataflow-wave-10x10-resident-radix4","experimental",0.000000,"transform-wave readiness with the generated resident radix-4 core",hierarchical-dataflow,0,named-barrier,0,0,0,2,0,0,0,hermes-xor,inplace,radix4,64,20,1048576,4,576460756061519873,60,0,0,0,dataflow-radix4,"10+10",2,"10+10",2,1,"dataflow-radix4+dataflow-radix4","256+256","1+1","0+0","1+1","0+0","0+0","0+0","9+11","dataflow-radix4+dataflow-radix4","full-scratch","1",8,per-packet,interleaved-rows,0,0,10,50,5.448544,0.553636,0.553800,0.000164,0,0,0,0,0,7,natural,natural,"",5.108224,7224.965839,360.022919,7575925779.974049,fused,shoup,-1
v07_full,2,"Tesla V100-SXM2-16GB",7.0,0,"v100-sm70","hierarchical-dataflow-wave-warp-radix4","experimental",0.000000,"warp-parallel subgraphs with dependency-wave readiness",hierarchical-dataflow,0,named-barrier,0,0,0,2,0,0,0,hermes-xor,inplace,radix4,64,20,1048576,4,576460756061519873,60,0,0,0,dataflow-radix4,"5+5+5+5",4,"5+5+5+5",4,3,"radix4+radix4+radix4+radix4","256+256+256+256","1+1+1+1","0+0+0+0","0+0+0+0","0+0+0+0","0+0+0+0","0+0+0+0","5+5+5+5","radix4+radix4+radix4+radix4","full-scratch+full-scratch+full-scratch","1+1+1",8,per-packet,interleaved-rows,0,0,10,50,5.462048,3.231191,3.231341,0.000149,0,0,0,0,0,7,natural,natural,"",5.097824,1237.933568,290.042900,1298067429.168636,fused,shoup,-1
v07_resident_generic,2,"Tesla V100-SXM2-16GB",7.0,0,"v100-sm70","hierarchical-dataflow-wave-warp-radix4-resident-fused-m4-g2","experimental",0.000000,"warp-parallel subgraphs with dependency-wave readiness; logical subgraphs are lowered into resident physical execution groups",hierarchical-dataflow,0,named-barrier,0,0,0,2,0,0,0,hermes-xor,inplace,radix4,64,20,1048576,4,576460756061519873,60,0,0,0,dataflow-radix4,"5+5+5+5",4,"10+10",2,1,"radix4+radix4+radix4+radix4","256+256+256+256","1+1+1+1","0+0+0+0","0+0+0+0","0+0+0+0","0+0+0+0","0+0+0+0","5+5+5+5","radix4+radix4","resident-fused+full-scratch+resident-fused","1+1+1",8,per-packet,interleaved-rows,0,0,10,50,5.461952,1.241047,1.241221,0.000173,0,0,0,0,0,7,natural,natural,"",5.117888,3223.084960,338.384076,3379649534.974786,fused,shoup,-1
v07_resident_core,2,"Tesla V100-SXM2-16GB",7.0,0,"v100-sm70","hierarchical-dataflow-wave-10x10-resident-radix4-resident-fused-m4-g2","experimental",0.000000,"resident lowering targets the generated V100 10+10 radix-4 execution core; logical subgraphs are lowered into resident physical execution groups",hierarchical-dataflow,0,named-barrier,0,0,0,2,0,0,0,hermes-xor,inplace,radix4,64,20,1048576,4,576460756061519873,60,0,0,0,dataflow-radix4,"5+5+5+5",4,"10+10",2,1,"radix4+radix4+radix4+radix4","256+256+256+256","1+1+1+1","0+0+0+0","0+0+0+0","0+0+0+0","0+0+0+0","0+0+0+0","5+5+5+5","dataflow-radix4+dataflow-radix4","resident-fused+full-scratch+resident-fused","1+1+1",8,per-packet,interleaved-rows,0,0,10,50,5.466400,0.559657,0.559827,0.000170,0,0,0,0,0,7,natural,natural,"",5.112512,7147.235871,359.112552,7494420000.422174,fused,shoup,-1
v06_resident,2,"Tesla V100-SXM2-16GB",7.0,0,"v100-sm70","hierarchical-dataflow-wave-10x10-resident-radix4","experimental",0.000000,"transform-wave readiness with the generated resident radix-4 core",hierarchical-dataflow,0,named-barrier,0,0,0,2,0,0,0,hermes-xor,inplace,radix4,64,20,1048576,4,576460756061519873,60,0,0,0,dataflow-radix4,"10+10",2,"10+10",2,1,"dataflow-radix4+dataflow-radix4","256+256","1+1","0+0","1+1","0+0","0+0","0+0","9+11","dataflow-radix4+dataflow-radix4","full-scratch","1",8,per-packet,interleaved-rows,0,0,10,50,5.449536,0.554189,0.554359,0.000170,0,0,0,0,0,7,natural,natural,"",5.102400,7217.756994,360.161640,7568366757.494854,fused,shoup,-1
v06_hybrid2d,2,"Tesla V100-SXM2-16GB",7.0,0,"","","",0.000000,"",hybrid2d,0,named-barrier,0,0,0,0,0,0,0,hermes-xor,inplace,radix4,64,20,1048576,4,576460756061519873,60,10,2,512,dataflow-radix4,"",0,"",0,0,"","","","","","","","","","","","",0,per-packet,interleaved-rows,0,0,10,50,5.447840,0.428933,0.429099,0.000166,0,0,0,0,0,7,natural,natural,"",5.099680,9325.463274,364.416438,9778456978.317270,fused,shoup,-1
v07_resident_generic,3,"Tesla V100-SXM2-16GB",7.0,0,"v100-sm70","hierarchical-dataflow-wave-warp-radix4-resident-fused-m4-g2","experimental",0.000000,"warp-parallel subgraphs with dependency-wave readiness; logical subgraphs are lowered into resident physical execution groups",hierarchical-dataflow,0,named-barrier,0,0,0,2,0,0,0,hermes-xor,inplace,radix4,64,20,1048576,4,576460756061519873,60,0,0,0,dataflow-radix4,"5+5+5+5",4,"10+10",2,1,"radix4+radix4+radix4+radix4","256+256+256+256","1+1+1+1","0+0+0+0","0+0+0+0","0+0+0+0","0+0+0+0","0+0+0+0","5+5+5+5","radix4+radix4","resident-fused+full-scratch+resident-fused","1+1+1",8,per-packet,interleaved-rows,0,0,10,50,5.471840,1.241027,1.241232,0.000206,0,0,0,0,0,7,natural,natural,"",5.125120,3223.138211,337.895297,3379705372.884356,fused,shoup,-1
v07_resident_core,3,"Tesla V100-SXM2-16GB",7.0,0,"v100-sm70","hierarchical-dataflow-wave-10x10-resident-radix4-resident-fused-m4-g2","experimental",0.000000,"resident lowering targets the generated V100 10+10 radix-4 execution core; logical subgraphs are lowered into resident physical execution groups",hierarchical-dataflow,0,named-barrier,0,0,0,2,0,0,0,hermes-xor,inplace,radix4,64,20,1048576,4,576460756061519873,60,0,0,0,dataflow-radix4,"5+5+5+5",4,"10+10",2,1,"radix4+radix4+radix4+radix4","256+256+256+256","1+1+1+1","0+0+0+0","0+0+0+0","0+0+0+0","0+0+0+0","0+0+0+0","5+5+5+5","dataflow-radix4+dataflow-radix4","resident-fused+full-scratch+resident-fused","1+1+1",8,per-packet,interleaved-rows,0,0,10,50,5.463616,0.568463,0.568636,0.000173,0,0,0,0,0,7,natural,natural,"",5.114496,7036.513001,358.854609,7378318656.749185,fused,shoup,-1
v06_resident,3,"Tesla V100-SXM2-16GB",7.0,0,"v100-sm70","hierarchical-dataflow-wave-10x10-resident-radix4","experimental",0.000000,"transform-wave readiness with the generated resident radix-4 core",hierarchical-dataflow,0,named-barrier,0,0,0,2,0,0,0,hermes-xor,inplace,radix4,64,20,1048576,4,576460756061519873,60,0,0,0,dataflow-radix4,"10+10",2,"10+10",2,1,"dataflow-radix4+dataflow-radix4","256+256","1+1","0+0","1+1","0+0","0+0","0+0","9+11","dataflow-radix4+dataflow-radix4","full-scratch","1",8,per-packet,interleaved-rows,0,0,10,50,5.458976,0.555151,0.555330,0.000179,0,0,0,0,0,7,natural,natural,"",5.117888,7205.242405,359.323982,7555244259.561468,fused,shoup,-1
v06_hybrid2d,3,"Tesla V100-SXM2-16GB",7.0,0,"","","",0.000000,"",hybrid2d,0,named-barrier,0,0,0,0,0,0,0,hermes-xor,inplace,radix4,64,20,1048576,4,576460756061519873,60,10,2,512,dataflow-radix4,"",0,"",0,0,"","","","","","","","","","","","",0,per-packet,interleaved-rows,0,0,10,50,5.463648,0.428442,0.428621,0.000180,0,0,0,0,0,7,natural,natural,"",5.101120,9336.161914,363.860984,9789675315.271429,fused,shoup,-1
v07_full,3,"Tesla V100-SXM2-16GB",7.0,0,"v100-sm70","hierarchical-dataflow-wave-warp-radix4","experimental",0.000000,"warp-parallel subgraphs with dependency-wave readiness",hierarchical-dataflow,0,named-barrier,0,0,0,2,0,0,0,hermes-xor,inplace,radix4,64,20,1048576,4,576460756061519873,60,0,0,0,dataflow-radix4,"5+5+5+5",4,"5+5+5+5",4,3,"radix4+radix4+radix4+radix4","256+256+256+256","1+1+1+1","0+0+0+0","0+0+0+0","0+0+0+0","0+0+0+0","0+0+0+0","5+5+5+5","radix4+radix4+radix4+radix4","full-scratch+full-scratch+full-scratch","1+1+1",8,per-packet,interleaved-rows,0,0,10,50,5.472224,3.221996,3.222162,0.000167,0,0,0,0,0,7,natural,natural,"",5.119264,1241.466627,289.572132,1301772109.887880,fused,shoup,-1
v06_hybrid2d,1,"Tesla V100-SXM2-16GB",7.0,0,"","","",0.000000,"",hybrid2d,0,named-barrier,0,0,0,0,0,0,0,hermes-xor,inplace,radix4,64,20,1048576,16,576460756061519873,60,10,2,512,dataflow-radix4,"",0,"",0,0,"","","","","","","","","","","","",0,per-packet,interleaved-rows,0,0,10,50,21.586752,1.608643,1.608830,0.000188,0,0,0,0,0,7,natural,natural,"",20.154049,9946.274093,369.093551,10429424303.536196,fused,shoup,-1
v07_full,1,"Tesla V100-SXM2-16GB",7.0,0,"v100-sm70","hierarchical-dataflow-wave-warp-radix4","experimental",0.000000,"warp-parallel subgraphs with dependency-wave readiness",hierarchical-dataflow,0,named-barrier,0,0,0,2,0,0,0,hermes-xor,inplace,radix4,64,20,1048576,16,576460756061519873,60,0,0,0,dataflow-radix4,"5+5+5+5",4,"5+5+5+5",4,3,"radix4+radix4+radix4+radix4","256+256+256+256","1+1+1+1","0+0+0+0","0+0+0+0","0+0+0+0","0+0+0+0","0+0+0+0","5+5+5+5","radix4+radix4+radix4+radix4","full-scratch+full-scratch+full-scratch","1+1+1",8,per-packet,interleaved-rows,0,0,10,50,21.636576,11.776758,11.776944,0.000185,0,0,0,0,0,7,natural,natural,"",20.179136,1358.608179,298.549403,1424603929.508441,fused,shoup,-1
v07_resident_generic,1,"Tesla V100-SXM2-16GB",7.0,0,"v100-sm70","hierarchical-dataflow-wave-warp-radix4-resident-fused-m4-g2","experimental",0.000000,"warp-parallel subgraphs with dependency-wave readiness; logical subgraphs are lowered into resident physical execution groups",hierarchical-dataflow,0,named-barrier,0,0,0,2,0,0,0,hermes-xor,inplace,radix4,64,20,1048576,16,576460756061519873,60,0,0,0,dataflow-radix4,"5+5+5+5",4,"10+10",2,1,"radix4+radix4+radix4+radix4","256+256+256+256","1+1+1+1","0+0+0+0","0+0+0+0","0+0+0+0","0+0+0+0","0+0+0+0","5+5+5+5","radix4+radix4","resident-fused+full-scratch+resident-fused","1+1+1",8,per-packet,interleaved-rows,0,0,10,50,21.630783,4.301599,4.301788,0.000189,0,0,0,0,0,7,natural,natural,"",20.167072,3719.547058,347.075691,3900227775.685623,fused,shoup,-1
v07_resident_core,1,"Tesla V100-SXM2-16GB",7.0,0,"v100-sm70","hierarchical-dataflow-wave-10x10-resident-radix4-resident-fused-m4-g2","experimental",0.000000,"resident lowering targets the generated V100 10+10 radix-4 execution core; logical subgraphs are lowered into resident physical execution groups",hierarchical-dataflow,0,named-barrier,0,0,0,2,0,0,0,hermes-xor,inplace,radix4,64,20,1048576,16,576460756061519873,60,0,0,0,dataflow-radix4,"5+5+5+5",4,"10+10",2,1,"radix4+radix4+radix4+radix4","256+256+256+256","1+1+1+1","0+0+0+0","0+0+0+0","0+0+0+0","0+0+0+0","0+0+0+0","5+5+5+5","dataflow-radix4+dataflow-radix4","resident-fused+full-scratch+resident-fused","1+1+1",8,per-packet,interleaved-rows,0,0,10,50,21.587936,1.932534,1.932718,0.000185,0,0,0,0,0,7,natural,natural,"",20.169825,8279.286235,366.214055,8681460842.873487,fused,shoup,-1
v06_resident,1,"Tesla V100-SXM2-16GB",7.0,0,"v100-sm70","hierarchical-dataflow-wave-10x10-resident-radix4","experimental",0.000000,"transform-wave readiness with the generated resident radix-4 core",hierarchical-dataflow,0,named-barrier,0,0,0,2,0,0,0,hermes-xor,inplace,radix4,64,20,1048576,16,576460756061519873,60,0,0,0,dataflow-radix4,"10+10",2,"10+10",2,1,"dataflow-radix4+dataflow-radix4","256+256","1+1","0+0","1+1","0+0","0+0","0+0","9+11","dataflow-radix4+dataflow-radix4","full-scratch","1",8,per-packet,interleaved-rows,0,0,10,50,21.599840,1.843896,1.844076,0.000180,0,0,0,0,0,7,natural,natural,"",20.159424,8677.277148,366.945879,9098784562.960136,fused,shoup,-1
v07_full,2,"Tesla V100-SXM2-16GB",7.0,0,"v100-sm70","hierarchical-dataflow-wave-warp-radix4","experimental",0.000000,"warp-parallel subgraphs with dependency-wave readiness",hierarchical-dataflow,0,named-barrier,0,0,0,2,0,0,0,hermes-xor,inplace,radix4,64,20,1048576,16,576460756061519873,60,0,0,0,dataflow-radix4,"5+5+5+5",4,"5+5+5+5",4,3,"radix4+radix4+radix4+radix4","256+256+256+256","1+1+1+1","0+0+0+0","0+0+0+0","0+0+0+0","0+0+0+0","0+0+0+0","5+5+5+5","radix4+radix4+radix4+radix4","full-scratch+full-scratch+full-scratch","1+1+1",8,per-packet,interleaved-rows,0,0,10,50,21.630367,11.778806,11.779010,0.000205,0,0,0,0,0,7,natural,natural,"",20.221855,1358.372008,298.334762,1424356287.105154,fused,shoup,-1
v07_resident_generic,2,"Tesla V100-SXM2-16GB",7.0,0,"v100-sm70","hierarchical-dataflow-wave-warp-radix4-resident-fused-m4-g2","experimental",0.000000,"warp-parallel subgraphs with dependency-wave readiness; logical subgraphs are lowered into resident physical execution groups",hierarchical-dataflow,0,named-barrier,0,0,0,2,0,0,0,hermes-xor,inplace,radix4,64,20,1048576,16,576460756061519873,60,0,0,0,dataflow-radix4,"5+5+5+5",4,"10+10",2,1,"radix4+radix4+radix4+radix4","256+256+256+256","1+1+1+1","0+0+0+0","0+0+0+0","0+0+0+0","0+0+0+0","0+0+0+0","5+5+5+5","radix4+radix4","resident-fused+full-scratch+resident-fused","1+1+1",8,per-packet,interleaved-rows,0,0,10,50,21.625568,4.286751,4.286934,0.000183,0,0,0,0,0,7,natural,natural,"",20.188929,3732.430638,347.062190,3913737188.923475,fused,shoup,-1
v07_resident_core,2,"Tesla V100-SXM2-16GB",7.0,0,"v100-sm70","hierarchical-dataflow-wave-10x10-resident-radix4-resident-fused-m4-g2","experimental",0.000000,"resident lowering targets the generated V100 10+10 radix-4 execution core; logical subgraphs are lowered into resident physical execution groups",hierarchical-dataflow,0,named-barrier,0,0,0,2,0,0,0,hermes-xor,inplace,radix4,64,20,1048576,16,576460756061519873,60,0,0,0,dataflow-radix4,"5+5+5+5",4,"10+10",2,1,"radix4+radix4+radix4+radix4","256+256+256+256","1+1+1+1","0+0+0+0","0+0+0+0","0+0+0+0","0+0+0+0","0+0+0+0","5+5+5+5","dataflow-radix4+dataflow-radix4","resident-fused+full-scratch+resident-fused","1+1+1",8,per-packet,interleaved-rows,0,0,10,50,21.600449,1.936323,1.936487,0.000165,0,0,0,0,0,7,natural,natural,"",20.164192,8263.085533,366.124651,8664473176.305044,fused,shoup,-1
v06_resident,2,"Tesla V100-SXM2-16GB",7.0,0,"v100-sm70","hierarchical-dataflow-wave-10x10-resident-radix4","experimental",0.000000,"transform-wave readiness with the generated resident radix-4 core",hierarchical-dataflow,0,named-barrier,0,0,0,2,0,0,0,hermes-xor,inplace,radix4,64,20,1048576,16,576460756061519873,60,0,0,0,dataflow-radix4,"10+10",2,"10+10",2,1,"dataflow-radix4+dataflow-radix4","256+256","1+1","0+0","1+1","0+0","0+0","0+0","9+11","dataflow-radix4+dataflow-radix4","full-scratch","1",8,per-packet,interleaved-rows,0,0,10,50,21.589184,1.838285,1.838471,0.000187,0,0,0,0,0,7,natural,natural,"",20.176928,8703.765924,366.935480,9126560057.800936,fused,shoup,-1
v06_hybrid2d,2,"Tesla V100-SXM2-16GB",7.0,0,"","","",0.000000,"",hybrid2d,0,named-barrier,0,0,0,0,0,0,0,hermes-xor,inplace,radix4,64,20,1048576,16,576460756061519873,60,10,2,512,dataflow-radix4,"",0,"",0,0,"","","","","","","","","","","","",0,per-packet,interleaved-rows,0,0,10,50,21.595713,1.611039,1.611226,0.000188,0,0,0,0,0,7,natural,natural,"",20.167809,9931.480945,368.879824,10413912563.256954,fused,shoup,-1
v07_resident_generic,3,"Tesla V100-SXM2-16GB",7.0,0,"v100-sm70","hierarchical-dataflow-wave-warp-radix4-resident-fused-m4-g2","experimental",0.000000,"warp-parallel subgraphs with dependency-wave readiness; logical subgraphs are lowered into resident physical execution groups",hierarchical-dataflow,0,named-barrier,0,0,0,2,0,0,0,hermes-xor,inplace,radix4,64,20,1048576,16,576460756061519873,60,0,0,0,dataflow-radix4,"5+5+5+5",4,"10+10",2,1,"radix4+radix4+radix4+radix4","256+256+256+256","1+1+1+1","0+0+0+0","0+0+0+0","0+0+0+0","0+0+0+0","0+0+0+0","5+5+5+5","radix4+radix4","resident-fused+full-scratch+resident-fused","1+1+1",8,per-packet,interleaved-rows,0,0,10,50,21.636608,4.303360,4.303541,0.000181,0,0,0,0,0,7,natural,natural,"",20.201599,3718.024998,346.758920,3898631780.076235,fused,shoup,-1
v07_resident_core,3,"Tesla V100-SXM2-16GB",7.0,0,"v100-sm70","hierarchical-dataflow-wave-10x10-resident-radix4-resident-fused-m4-g2","experimental",0.000000,"resident lowering targets the generated V100 10+10 radix-4 execution core; logical subgraphs are lowered into resident physical execution groups",hierarchical-dataflow,0,named-barrier,0,0,0,2,0,0,0,hermes-xor,inplace,radix4,64,20,1048576,16,576460756061519873,60,0,0,0,dataflow-radix4,"5+5+5+5",4,"10+10",2,1,"radix4+radix4+radix4+radix4","256+256+256+256","1+1+1+1","0+0+0+0","0+0+0+0","0+0+0+0","0+0+0+0","0+0+0+0","5+5+5+5","dataflow-radix4+dataflow-radix4","resident-fused+full-scratch+resident-fused","1+1+1",8,per-packet,interleaved-rows,0,0,10,50,21.599840,1.933763,1.933951,0.000188,0,0,0,0,0,7,natural,natural,"",20.184511,8274.025163,365.981022,8675944208.831991,fused,shoup,-1
v06_resident,3,"Tesla V100-SXM2-16GB",7.0,0,"v100-sm70","hierarchical-dataflow-wave-10x10-resident-radix4","experimental",0.000000,"transform-wave readiness with the generated resident radix-4 core",hierarchical-dataflow,0,named-barrier,0,0,0,2,0,0,0,hermes-xor,inplace,radix4,64,20,1048576,16,576460756061519873,60,0,0,0,dataflow-radix4,"10+10",2,"10+10",2,1,"dataflow-radix4+dataflow-radix4","256+256","1+1","0+0","1+1","0+0","0+0","0+0","9+11","dataflow-radix4+dataflow-radix4","full-scratch","1",8,per-packet,interleaved-rows,0,0,10,50,21.592352,1.841869,1.842039,0.000171,0,0,0,0,0,7,natural,natural,"",20.172417,8686.829574,366.916620,9108801007.288530,fused,shoup,-1
v06_hybrid2d,3,"Tesla V100-SXM2-16GB",7.0,0,"","","",0.000000,"",hybrid2d,0,named-barrier,0,0,0,0,0,0,0,hermes-xor,inplace,radix4,64,20,1048576,16,576460756061519873,60,10,2,512,dataflow-radix4,"",0,"",0,0,"","","","","","","","","","","","",0,per-packet,interleaved-rows,0,0,10,50,21.590431,1.609114,1.609278,0.000164,0,0,0,0,0,7,natural,natural,"",20.170080,9943.362767,368.921797,10426371556.858114,fused,shoup,-1
v07_full,3,"Tesla V100-SXM2-16GB",7.0,0,"v100-sm70","hierarchical-dataflow-wave-warp-radix4","experimental",0.000000,"warp-parallel subgraphs with dependency-wave readiness",hierarchical-dataflow,0,named-barrier,0,0,0,2,0,0,0,hermes-xor,inplace,radix4,64,20,1048576,16,576460756061519873,60,0,0,0,dataflow-radix4,"5+5+5+5",4,"5+5+5+5",4,3,"radix4+radix4+radix4+radix4","256+256+256+256","1+1+1+1","0+0+0+0","0+0+0+0","0+0+0+0","0+0+0+0","0+0+0+0","5+5+5+5","radix4+radix4+radix4+radix4","full-scratch+full-scratch+full-scratch","1+1+1",8,per-packet,interleaved-rows,0,0,10,50,21.634592,11.833426,11.833645,0.000218,0,0,0,0,0,7,natural,natural,"",20.225248,1352.102033,297.988946,1417781741.805752,fused,shoup,-1
