trial,variant,fragment_width,writer_tiles,roles,device,compute_capability,auto_select,selection_target,selected_implementation,selection_confidence,predicted_kernel_ms,selection_reason,backend,stage_space,stage_handoff,flow_tile_log,data_space,role_stages,target_ctas_per_sm,data_time,token_interleave,pipeline_buffers,dataflow_layout,dataflow_state,compute_unit,word_bits,logN,N,batch,modulus,modulus_bits,n1_log,rows_per_block,threads_per_block,hierarchical_core,stage_partition,segment_cores,segment_threads,segment_units,segment_data_space,segment_data_time,segment_role_stages,segment_token_interleave,segment_cta_weights,boundary_storage,boundary_buffers,ready_window,inverse,warmup,repeat,h2d_ms,kernel_ms,timed_region_wall_ms,host_timing_overhead_ms,appt_producer_weight,appt_tail_weight,appt_writer_weight,appt_fragment_width,appt_writer_tiles,input_order,output_order,appt_layout_id,d2h_ms,kernel_ntt_s,end_to_end_ntt_s,kernel_points_s,cross_twiddle,mod_multiply,correct
1,v06,0,0,9-11,"Tesla V100-SXM2-16GB",7.0,0,"v100-sm70","hierarchical-dataflow-wave-10x10-resident-radix4","experimental",0.000000,"transform-wave readiness with the generated resident radix-4 core",hierarchical-dataflow,0,named-barrier,0,0,0,4,0,0,0,hermes-xor,inplace,radix4,32,20,1048576,1,998244353,30,0,0,0,dataflow-radix4,"10+10","dataflow-radix4+dataflow-radix4","256+256","1+1","0+0","0+0","0+0","0+0","9+11","full-scratch","1",8,0,3,10,0.787200,0.147046,0.147836,0.000790,0,0,0,0,0,natural,natural,"",0.738144,6800.574416,597.946524,7130919118.375268,fused,shoup,-1
1,grouped,16,2,7-13-3,"Tesla V100-SXM2-16GB",7.0,0,"v100-sm70","hierarchical-dataflow-appt-online-register-tail-grouped","experimental",0.000000,"persistent CTA fold roles publish online-reordered packet groups without fold-wide barriers",hierarchical-dataflow,0,named-barrier,0,0,0,3,0,0,0,hermes-xor,inplace,radix4,32,20,1048576,1,998244353,30,0,0,0,dataflow-radix4,"7+7+6","appt-online-register-tail-grouped+appt-online-register-tail-grouped+appt-online-register-tail-grouped","256+256+256","8+8+8","32+16+16","4+4+4","2+2+2","1+1+1","8+6+6","ring+ring","2+2",8,0,3,10,0.792384,0.193946,0.194830,0.000884,7,13,3,16,2,natural,natural,"appt-ntt-log20-7x7x6-xor-fw16-v1",0.748064,5156.084963,576.570389,5406546946.380803,fused,shoup,-1
1,writer-final,8,1,7-13-3,"Tesla V100-SXM2-16GB",7.0,0,"v100-sm70","hierarchical-dataflow-appt-online-register-tail-grouped-writer-final","experimental",0.000000,"persistent CTA fold roles publish online-reordered packet groups without fold-wide barriers",hierarchical-dataflow,0,named-barrier,0,0,0,3,0,0,0,hermes-xor,inplace,radix4,32,20,1048576,1,998244353,30,0,0,0,dataflow-radix4,"7+7+6","appt-online-register-tail-grouped-writer-final+appt-online-register-tail-grouped-writer-final+appt-online-register-tail-grouped-writer-final","256+256+256","8+8+8","32+16+16","4+4+4","2+2+2","1+1+1","8+6+6","ring+ring","2+2",8,0,3,10,0.796544,0.185446,0.186338,0.000892,7,13,3,8,1,natural,natural,"appt-ntt-log20-7x7x6-xor-fw8-v1",0.742976,5392.393374,579.721425,5654334275.042591,fused,shoup,-1
1,writer-final,8,1,7-12-4,"Tesla V100-SXM2-16GB",7.0,0,"v100-sm70","hierarchical-dataflow-appt-online-register-tail-grouped-writer-final","experimental",0.000000,"persistent CTA fold roles publish online-reordered packet groups without fold-wide barriers",hierarchical-dataflow,0,named-barrier,0,0,0,3,0,0,0,hermes-xor,inplace,radix4,32,20,1048576,1,998244353,30,0,0,0,dataflow-radix4,"7+7+6","appt-online-register-tail-grouped-writer-final+appt-online-register-tail-grouped-writer-final+appt-online-register-tail-grouped-writer-final","256+256+256","8+8+8","32+16+16","4+4+4","2+2+2","1+1+1","8+6+6","ring+ring","2+2",8,0,3,10,0.791264,0.229581,0.230491,0.000911,7,12,4,8,1,natural,natural,"appt-ntt-log20-7x7x6-xor-fw8-v1",0.746752,4355.764853,565.739871,4567350486.224393,fused,shoup,-1
1,writer-final,8,1,7-11-5,"Tesla V100-SXM2-16GB",7.0,0,"v100-sm70","hierarchical-dataflow-appt-online-register-tail-grouped-writer-final","experimental",0.000000,"persistent CTA fold roles publish online-reordered packet groups without fold-wide barriers",hierarchical-dataflow,0,named-barrier,0,0,0,3,0,0,0,hermes-xor,inplace,radix4,32,20,1048576,1,998244353,30,0,0,0,dataflow-radix4,"7+7+6","appt-online-register-tail-grouped-writer-final+appt-online-register-tail-grouped-writer-final+appt-online-register-tail-grouped-writer-final","256+256+256","8+8+8","32+16+16","4+4+4","2+2+2","1+1+1","8+6+6","ring+ring","2+2",8,0,3,10,0.780544,0.223437,0.224342,0.000906,7,11,5,8,1,natural,natural,"appt-ntt-log20-7x7x6-xor-fw8-v1",0.741248,4475.538444,572.990774,4692942199.664279,fused,shoup,-1
1,writer-final,8,1,6-14-2,"Tesla V100-SXM2-16GB",7.0,0,"v100-sm70","hierarchical-dataflow-appt-online-register-tail-grouped-writer-final","experimental",0.000000,"persistent CTA fold roles publish online-reordered packet groups without fold-wide barriers",hierarchical-dataflow,0,named-barrier,0,0,0,3,0,0,0,hermes-xor,inplace,radix4,32,20,1048576,1,998244353,30,0,0,0,dataflow-radix4,"7+7+6","appt-online-register-tail-grouped-writer-final+appt-online-register-tail-grouped-writer-final+appt-online-register-tail-grouped-writer-final","256+256+256","8+8+8","32+16+16","4+4+4","2+2+2","1+1+1","8+6+6","ring+ring","2+2",8,0,3,10,0.792256,0.202342,0.203230,0.000888,6,14,2,8,1,natural,natural,"appt-ntt-log20-7x7x6-xor-fw8-v1",0.744736,4942.118134,574.932570,5182186464.955510,fused,shoup,-1
1,writer-final,8,1,6-13-3,"Tesla V100-SXM2-16GB",7.0,0,"v100-sm70","hierarchical-dataflow-appt-online-register-tail-grouped-writer-final","experimental",0.000000,"persistent CTA fold roles publish online-reordered packet groups without fold-wide barriers",hierarchical-dataflow,0,named-barrier,0,0,0,3,0,0,0,hermes-xor,inplace,radix4,32,20,1048576,1,998244353,30,0,0,0,dataflow-radix4,"7+7+6","appt-online-register-tail-grouped-writer-final+appt-online-register-tail-grouped-writer-final+appt-online-register-tail-grouped-writer-final","256+256+256","8+8+8","32+16+16","4+4+4","2+2+2","1+1+1","8+6+6","ring+ring","2+2",8,0,3,10,0.790880,0.185754,0.186670,0.000917,6,13,3,8,1,natural,natural,"appt-ntt-log20-7x7x6-xor-fw8-v1",0.748000,5383.475779,579.833288,5644983498.149203,fused,shoup,-1
1,writer-final,8,1,6-12-4,"Tesla V100-SXM2-16GB",7.0,0,"v100-sm70","hierarchical-dataflow-appt-online-register-tail-grouped-writer-final","experimental",0.000000,"persistent CTA fold roles publish online-reordered packet groups without fold-wide barriers",hierarchical-dataflow,0,named-barrier,0,0,0,3,0,0,0,hermes-xor,inplace,radix4,32,20,1048576,1,998244353,30,0,0,0,dataflow-radix4,"7+7+6","appt-online-register-tail-grouped-writer-final+appt-online-register-tail-grouped-writer-final+appt-online-register-tail-grouped-writer-final","256+256+256","8+8+8","32+16+16","4+4+4","2+2+2","1+1+1","8+6+6","ring+ring","2+2",8,0,3,10,0.786400,0.174592,0.175363,0.000771,6,12,4,8,1,natural,natural,"appt-ntt-log20-7x7x6-xor-fw8-v1",0.736480,5727.639679,589.111335,6005865504.248562,fused,shoup,-1
1,writer-final,8,1,6-11-5,"Tesla V100-SXM2-16GB",7.0,0,"v100-sm70","hierarchical-dataflow-appt-online-register-tail-grouped-writer-final","experimental",0.000000,"persistent CTA fold roles publish online-reordered packet groups without fold-wide barriers",hierarchical-dataflow,0,named-barrier,0,0,0,3,0,0,0,hermes-xor,inplace,radix4,32,20,1048576,1,998244353,30,0,0,0,dataflow-radix4,"7+7+6","appt-online-register-tail-grouped-writer-final+appt-online-register-tail-grouped-writer-final+appt-online-register-tail-grouped-writer-final","256+256+256","8+8+8","32+16+16","4+4+4","2+2+2","1+1+1","8+6+6","ring+ring","2+2",8,0,3,10,0.788256,0.216166,0.217082,0.000915,6,11,5,8,1,natural,natural,"appt-ntt-log20-7x7x6-xor-fw8-v1",0.747232,4626.065699,570.888864,4850781465.924737,fused,shoup,-1
1,writer-final,8,1,6-10-6,"Tesla V100-SXM2-16GB",7.0,0,"v100-sm70","hierarchical-dataflow-appt-online-register-tail-grouped-writer-final","experimental",0.000000,"persistent CTA fold roles publish online-reordered packet groups without fold-wide barriers",hierarchical-dataflow,0,named-barrier,0,0,0,3,0,0,0,hermes-xor,inplace,radix4,32,20,1048576,1,998244353,30,0,0,0,dataflow-radix4,"7+7+6","appt-online-register-tail-grouped-writer-final+appt-online-register-tail-grouped-writer-final+appt-online-register-tail-grouped-writer-final","256+256+256","8+8+8","32+16+16","4+4+4","2+2+2","1+1+1","8+6+6","ring+ring","2+2",8,0,3,10,0.782016,0.213299,0.214164,0.000865,6,10,6,8,1,natural,natural,"appt-ntt-log20-7x7x6-xor-fw8-v1",0.749344,4688.250121,573.177854,4915986559.260352,fused,shoup,-1
1,writer-final,8,2,7-13-3,"Tesla V100-SXM2-16GB",7.0,0,"v100-sm70","hierarchical-dataflow-appt-online-register-tail-grouped-writer-final","experimental",0.000000,"persistent CTA fold roles publish online-reordered packet groups without fold-wide barriers",hierarchical-dataflow,0,named-barrier,0,0,0,3,0,0,0,hermes-xor,inplace,radix4,32,20,1048576,1,998244353,30,0,0,0,dataflow-radix4,"7+7+6","appt-online-register-tail-grouped-writer-final+appt-online-register-tail-grouped-writer-final+appt-online-register-tail-grouped-writer-final","256+256+256","8+8+8","32+16+16","4+4+4","2+2+2","1+1+1","8+6+6","ring+ring","2+2",8,0,3,10,0.785728,0.183808,0.184708,0.000901,7,13,3,8,2,natural,natural,"appt-ntt-log20-7x7x6-xor-fw8-v1",0.746208,5440.459643,582.837537,5704735410.319748,fused,shoup,-1
1,writer-final,8,2,7-12-4,"Tesla V100-SXM2-16GB",7.0,0,"v100-sm70","hierarchical-dataflow-appt-online-register-tail-grouped-writer-final","experimental",0.000000,"persistent CTA fold roles publish online-reordered packet groups without fold-wide barriers",hierarchical-dataflow,0,named-barrier,0,0,0,3,0,0,0,hermes-xor,inplace,radix4,32,20,1048576,1,998244353,30,0,0,0,dataflow-radix4,"7+7+6","appt-online-register-tail-grouped-writer-final+appt-online-register-tail-grouped-writer-final+appt-online-register-tail-grouped-writer-final","256+256+256","8+8+8","32+16+16","4+4+4","2+2+2","1+1+1","8+6+6","ring+ring","2+2",8,0,3,10,0.789088,0.228352,0.229176,0.000824,7,12,4,8,2,natural,natural,"appt-ntt-log20-7x7x6-xor-fw8-v1",0.746624,4379.204125,566.872858,4591928344.649395,fused,shoup,-1
1,writer-final,8,2,7-11-5,"Tesla V100-SXM2-16GB",7.0,0,"v100-sm70","hierarchical-dataflow-appt-online-register-tail-grouped-writer-final","experimental",0.000000,"persistent CTA fold roles publish online-reordered packet groups without fold-wide barriers",hierarchical-dataflow,0,named-barrier,0,0,0,3,0,0,0,hermes-xor,inplace,radix4,32,20,1048576,1,998244353,30,0,0,0,dataflow-radix4,"7+7+6","appt-online-register-tail-grouped-writer-final+appt-online-register-tail-grouped-writer-final+appt-online-register-tail-grouped-writer-final","256+256+256","8+8+8","32+16+16","4+4+4","2+2+2","1+1+1","8+6+6","ring+ring","2+2",8,0,3,10,0.785664,0.224870,0.225699,0.000829,7,11,5,8,2,natural,natural,"appt-ntt-log20-7x7x6-xor-fw8-v1",0.746944,4447.005947,568.997026,4663023707.605636,fused,shoup,-1
1,writer-final,8,2,6-14-2,"Tesla V100-SXM2-16GB",7.0,0,"v100-sm70","hierarchical-dataflow-appt-online-register-tail-grouped-writer-final","experimental",0.000000,"persistent CTA fold roles publish online-reordered packet groups without fold-wide barriers",hierarchical-dataflow,0,named-barrier,0,0,0,3,0,0,0,hermes-xor,inplace,radix4,32,20,1048576,1,998244353,30,0,0,0,dataflow-radix4,"7+7+6","appt-online-register-tail-grouped-writer-final+appt-online-register-tail-grouped-writer-final+appt-online-register-tail-grouped-writer-final","256+256+256","8+8+8","32+16+16","4+4+4","2+2+2","1+1+1","8+6+6","ring+ring","2+2",8,0,3,10,0.793536,0.204800,0.205677,0.000877,6,14,2,8,2,natural,natural,"appt-ntt-log20-7x7x6-xor-fw8-v1",0.749696,4882.812268,572.071896,5119999756.813061,fused,shoup,-1
1,writer-final,8,2,6-13-3,"Tesla V100-SXM2-16GB",7.0,0,"v100-sm70","hierarchical-dataflow-appt-online-register-tail-grouped-writer-final","experimental",0.000000,"persistent CTA fold roles publish online-reordered packet groups without fold-wide barriers",hierarchical-dataflow,0,named-barrier,0,0,0,3,0,0,0,hermes-xor,inplace,radix4,32,20,1048576,1,998244353,30,0,0,0,dataflow-radix4,"7+7+6","appt-online-register-tail-grouped-writer-final+appt-online-register-tail-grouped-writer-final+appt-online-register-tail-grouped-writer-final","256+256+256","8+8+8","32+16+16","4+4+4","2+2+2","1+1+1","8+6+6","ring+ring","2+2",8,0,3,10,0.775712,0.184320,0.185057,0.000737,6,13,3,8,2,natural,natural,"appt-ntt-log20-7x7x6-xor-fw8-v1",0.744512,5425.347140,586.667154,5688888802.646120,fused,shoup,-1
1,writer-final,8,2,6-12-4,"Tesla V100-SXM2-16GB",7.0,0,"v100-sm70","hierarchical-dataflow-appt-online-register-tail-grouped-writer-final","experimental",0.000000,"persistent CTA fold roles publish online-reordered packet groups without fold-wide barriers",hierarchical-dataflow,0,named-barrier,0,0,0,3,0,0,0,hermes-xor,inplace,radix4,32,20,1048576,1,998244353,30,0,0,0,dataflow-radix4,"7+7+6","appt-online-register-tail-grouped-writer-final+appt-online-register-tail-grouped-writer-final+appt-online-register-tail-grouped-writer-final","256+256+256","8+8+8","32+16+16","4+4+4","2+2+2","1+1+1","8+6+6","ring+ring","2+2",8,0,3,10,0.790272,0.176947,0.177761,0.000814,6,12,4,8,2,natural,natural,"appt-ntt-log20-7x7x6-xor-fw8-v1",0.743296,5651.403157,584.619173,5925925716.320865,fused,shoup,-1
1,writer-final,8,2,6-11-5,"Tesla V100-SXM2-16GB",7.0,0,"v100-sm70","hierarchical-dataflow-appt-online-register-tail-grouped-writer-final","experimental",0.000000,"persistent CTA fold roles publish online-reordered packet groups without fold-wide barriers",hierarchical-dataflow,0,named-barrier,0,0,0,3,0,0,0,hermes-xor,inplace,radix4,32,20,1048576,1,998244353,30,0,0,0,dataflow-radix4,"7+7+6","appt-online-register-tail-grouped-writer-final+appt-online-register-tail-grouped-writer-final+appt-online-register-tail-grouped-writer-final","256+256+256","8+8+8","32+16+16","4+4+4","2+2+2","1+1+1","8+6+6","ring+ring","2+2",8,0,3,10,0.779488,0.221594,0.222506,0.000912,6,11,5,8,2,natural,natural,"appt-ntt-log20-7x7x6-xor-fw8-v1",0.743648,4512.765944,573.154714,4731978062.493351,fused,shoup,-1
1,writer-final,8,2,6-10-6,"Tesla V100-SXM2-16GB",7.0,0,"v100-sm70","hierarchical-dataflow-appt-online-register-tail-grouped-writer-final","experimental",0.000000,"persistent CTA fold roles publish online-reordered packet groups without fold-wide barriers",hierarchical-dataflow,0,named-barrier,0,0,0,3,0,0,0,hermes-xor,inplace,radix4,32,20,1048576,1,998244353,30,0,0,0,dataflow-radix4,"7+7+6","appt-online-register-tail-grouped-writer-final+appt-online-register-tail-grouped-writer-final+appt-online-register-tail-grouped-writer-final","256+256+256","8+8+8","32+16+16","4+4+4","2+2+2","1+1+1","8+6+6","ring+ring","2+2",8,0,3,10,0.788800,0.216166,0.217119,0.000952,6,10,6,8,2,natural,natural,"appt-ntt-log20-7x7x6-xor-fw8-v1",0.741216,4626.065699,572.677856,4850781465.924737,fused,shoup,-1
1,writer-final,16,1,7-13-3,"Tesla V100-SXM2-16GB",7.0,0,"v100-sm70","hierarchical-dataflow-appt-online-register-tail-grouped-writer-final","experimental",0.000000,"persistent CTA fold roles publish online-reordered packet groups without fold-wide barriers",hierarchical-dataflow,0,named-barrier,0,0,0,3,0,0,0,hermes-xor,inplace,radix4,32,20,1048576,1,998244353,30,0,0,0,dataflow-radix4,"7+7+6","appt-online-register-tail-grouped-writer-final+appt-online-register-tail-grouped-writer-final+appt-online-register-tail-grouped-writer-final","256+256+256","8+8+8","32+16+16","4+4+4","2+2+2","1+1+1","8+6+6","ring+ring","2+2",8,0,3,10,0.789120,0.189747,0.190596,0.000849,7,13,3,16,1,natural,natural,"appt-ntt-log20-7x7x6-xor-fw16-v1",0.753568,5270.170011,577.222163,5526173789.264865,fused,shoup,-1
1,writer-final,16,1,7-12-4,"Tesla V100-SXM2-16GB",7.0,0,"v100-sm70","hierarchical-dataflow-appt-online-register-tail-grouped-writer-final","experimental",0.000000,"persistent CTA fold roles publish online-reordered packet groups without fold-wide barriers",hierarchical-dataflow,0,named-barrier,0,0,0,3,0,0,0,hermes-xor,inplace,radix4,32,20,1048576,1,998244353,30,0,0,0,dataflow-radix4,"7+7+6","appt-online-register-tail-grouped-writer-final+appt-online-register-tail-grouped-writer-final+appt-online-register-tail-grouped-writer-final","256+256+256","8+8+8","32+16+16","4+4+4","2+2+2","1+1+1","8+6+6","ring+ring","2+2",8,0,3,10,0.787808,0.235827,0.236784,0.000957,7,12,4,16,1,natural,natural,"appt-ntt-log20-7x7x6-xor-fw16-v1",0.746432,4240.392830,564.950298,4446374151.759474,fused,shoup,-1
1,writer-final,16,1,7-11-5,"Tesla V100-SXM2-16GB",7.0,0,"v100-sm70","hierarchical-dataflow-appt-online-register-tail-grouped-writer-final","experimental",0.000000,"persistent CTA fold roles publish online-reordered packet groups without fold-wide barriers",hierarchical-dataflow,0,named-barrier,0,0,0,3,0,0,0,hermes-xor,inplace,radix4,32,20,1048576,1,998244353,30,0,0,0,dataflow-radix4,"7+7+6","appt-online-register-tail-grouped-writer-final+appt-online-register-tail-grouped-writer-final+appt-online-register-tail-grouped-writer-final","256+256+256","8+8+8","32+16+16","4+4+4","2+2+2","1+1+1","8+6+6","ring+ring","2+2",8,0,3,10,0.786464,0.221286,0.222133,0.000847,7,11,5,16,1,natural,natural,"appt-ntt-log20-7x7x6-xor-fw16-v1",0.741760,4519.030822,571.588493,4738547263.402342,fused,shoup,-1
1,writer-final,16,1,6-14-2,"Tesla V100-SXM2-16GB",7.0,0,"v100-sm70","hierarchical-dataflow-appt-online-register-tail-grouped-writer-final","experimental",0.000000,"persistent CTA fold roles publish online-reordered packet groups without fold-wide barriers",hierarchical-dataflow,0,named-barrier,0,0,0,3,0,0,0,hermes-xor,inplace,radix4,32,20,1048576,1,998244353,30,0,0,0,dataflow-radix4,"7+7+6","appt-online-register-tail-grouped-writer-final+appt-online-register-tail-grouped-writer-final+appt-online-register-tail-grouped-writer-final","256+256+256","8+8+8","32+16+16","4+4+4","2+2+2","1+1+1","8+6+6","ring+ring","2+2",8,0,3,10,0.780352,0.212480,0.213328,0.000848,6,14,2,16,1,natural,natural,"appt-ntt-log20-7x7x6-xor-fw16-v1",0.736192,4706.325441,578.360979,4934939905.333583,fused,shoup,-1
1,writer-final,16,1,6-13-3,"Tesla V100-SXM2-16GB",7.0,0,"v100-sm70","hierarchical-dataflow-appt-online-register-tail-grouped-writer-final","experimental",0.000000,"persistent CTA fold roles publish online-reordered packet groups without fold-wide barriers",hierarchical-dataflow,0,named-barrier,0,0,0,3,0,0,0,hermes-xor,inplace,radix4,32,20,1048576,1,998244353,30,0,0,0,dataflow-radix4,"7+7+6","appt-online-register-tail-grouped-writer-final+appt-online-register-tail-grouped-writer-final+appt-online-register-tail-grouped-writer-final","256+256+256","8+8+8","32+16+16","4+4+4","2+2+2","1+1+1","8+6+6","ring+ring","2+2",8,0,3,10,0.786176,0.193536,0.194353,0.000817,6,13,3,16,1,natural,natural,"appt-ntt-log20-7x7x6-xor-fw16-v1",0.744960,5166.997396,579.820383,5417989460.999674,fused,shoup,-1
1,writer-final,16,1,6-12-4,"Tesla V100-SXM2-16GB",7.0,0,"v100-sm70","hierarchical-dataflow-appt-online-register-tail-grouped-writer-final","experimental",0.000000,"persistent CTA fold roles publish online-reordered packet groups without fold-wide barriers",hierarchical-dataflow,0,named-barrier,0,0,0,3,0,0,0,hermes-xor,inplace,radix4,32,20,1048576,1,998244353,30,0,0,0,dataflow-radix4,"7+7+6","appt-online-register-tail-grouped-writer-final+appt-online-register-tail-grouped-writer-final+appt-online-register-tail-grouped-writer-final","256+256+256","8+8+8","32+16+16","4+4+4","2+2+2","1+1+1","8+6+6","ring+ring","2+2",8,0,3,10,0.793600,0.183808,0.184641,0.000834,6,12,4,16,1,natural,natural,"appt-ntt-log20-7x7x6-xor-fw16-v1",0.739328,5440.459643,582.500729,5704735410.319748,fused,shoup,-1
1,writer-final,16,1,6-11-5,"Tesla V100-SXM2-16GB",7.0,0,"v100-sm70","hierarchical-dataflow-appt-online-register-tail-grouped-writer-final","experimental",0.000000,"persistent CTA fold roles publish online-reordered packet groups without fold-wide barriers",hierarchical-dataflow,0,named-barrier,0,0,0,3,0,0,0,hermes-xor,inplace,radix4,32,20,1048576,1,998244353,30,0,0,0,dataflow-radix4,"7+7+6","appt-online-register-tail-grouped-writer-final+appt-online-register-tail-grouped-writer-final+appt-online-register-tail-grouped-writer-final","256+256+256","8+8+8","32+16+16","4+4+4","2+2+2","1+1+1","8+6+6","ring+ring","2+2",8,0,3,10,0.786880,0.220672,0.221494,0.000822,6,11,5,16,1,natural,natural,"appt-ntt-log20-7x7x6-xor-fw16-v1",0.738240,4531.612295,572.805914,4751739894.263561,fused,shoup,-1
1,writer-final,16,1,6-10-6,"Tesla V100-SXM2-16GB",7.0,0,"v100-sm70","hierarchical-dataflow-appt-online-register-tail-grouped-writer-final","experimental",0.000000,"persistent CTA fold roles publish online-reordered packet groups without fold-wide barriers",hierarchical-dataflow,0,named-barrier,0,0,0,3,0,0,0,hermes-xor,inplace,radix4,32,20,1048576,1,998244353,30,0,0,0,dataflow-radix4,"7+7+6","appt-online-register-tail-grouped-writer-final+appt-online-register-tail-grouped-writer-final+appt-online-register-tail-grouped-writer-final","256+256+256","8+8+8","32+16+16","4+4+4","2+2+2","1+1+1","8+6+6","ring+ring","2+2",8,0,3,10,0.796320,0.224666,0.225548,0.000883,6,10,6,16,1,natural,natural,"appt-ntt-log20-7x7x6-xor-fw16-v1",0.734496,4451.059766,569.644245,4667274445.321907,fused,shoup,-1
1,writer-final,16,2,7-13-3,"Tesla V100-SXM2-16GB",7.0,0,"v100-sm70","hierarchical-dataflow-appt-online-register-tail-grouped-writer-final","experimental",0.000000,"persistent CTA fold roles publish online-reordered packet groups without fold-wide barriers",hierarchical-dataflow,0,named-barrier,0,0,0,3,0,0,0,hermes-xor,inplace,radix4,32,20,1048576,1,998244353,30,0,0,0,dataflow-radix4,"7+7+6","appt-online-register-tail-grouped-writer-final+appt-online-register-tail-grouped-writer-final+appt-online-register-tail-grouped-writer-final","256+256+256","8+8+8","32+16+16","4+4+4","2+2+2","1+1+1","8+6+6","ring+ring","2+2",8,0,3,10,0.780672,0.199680,0.200558,0.000878,7,13,3,16,2,natural,natural,"appt-ntt-log20-7x7x6-xor-fw16-v1",0.737472,5008.012807,582.131809,5251282036.986341,fused,shoup,-1
1,writer-final,16,2,7-12-4,"Tesla V100-SXM2-16GB",7.0,0,"v100-sm70","hierarchical-dataflow-appt-online-register-tail-grouped-writer-final","experimental",0.000000,"persistent CTA fold roles publish online-reordered packet groups without fold-wide barriers",hierarchical-dataflow,0,named-barrier,0,0,0,3,0,0,0,hermes-xor,inplace,radix4,32,20,1048576,1,998244353,30,0,0,0,dataflow-radix4,"7+7+6","appt-online-register-tail-grouped-writer-final+appt-online-register-tail-grouped-writer-final+appt-online-register-tail-grouped-writer-final","256+256+256","8+8+8","32+16+16","4+4+4","2+2+2","1+1+1","8+6+6","ring+ring","2+2",8,0,3,10,0.781152,0.233267,0.234150,0.000882,7,12,4,16,2,natural,natural,"appt-ntt-log20-7x7x6-xor-fw16-v1",0.741856,4286.928995,569.386846,4495170858.358771,fused,shoup,-1
1,writer-final,16,2,7-11-5,"Tesla V100-SXM2-16GB",7.0,0,"v100-sm70","hierarchical-dataflow-appt-online-register-tail-grouped-writer-final","experimental",0.000000,"persistent CTA fold roles publish online-reordered packet groups without fold-wide barriers",hierarchical-dataflow,0,named-barrier,0,0,0,3,0,0,0,hermes-xor,inplace,radix4,32,20,1048576,1,998244353,30,0,0,0,dataflow-radix4,"7+7+6","appt-online-register-tail-grouped-writer-final+appt-online-register-tail-grouped-writer-final+appt-online-register-tail-grouped-writer-final","256+256+256","8+8+8","32+16+16","4+4+4","2+2+2","1+1+1","8+6+6","ring+ring","2+2",8,0,3,10,0.783296,0.229171,0.230038,0.000867,7,11,5,16,2,natural,natural,"appt-ntt-log20-7x7x6-xor-fw16-v1",0.739968,4363.550014,570.634512,4575513819.973563,fused,shoup,-1
1,writer-final,16,2,6-14-2,"Tesla V100-SXM2-16GB",7.0,0,"v100-sm70","hierarchical-dataflow-appt-online-register-tail-grouped-writer-final","experimental",0.000000,"persistent CTA fold roles publish online-reordered packet groups without fold-wide barriers",hierarchical-dataflow,0,named-barrier,0,0,0,3,0,0,0,hermes-xor,inplace,radix4,32,20,1048576,1,998244353,30,0,0,0,dataflow-radix4,"7+7+6","appt-online-register-tail-grouped-writer-final+appt-online-register-tail-grouped-writer-final+appt-online-register-tail-grouped-writer-final","256+256+256","8+8+8","32+16+16","4+4+4","2+2+2","1+1+1","8+6+6","ring+ring","2+2",8,0,3,10,0.775328,0.219546,0.220380,0.000834,6,14,2,16,2,natural,natural,"appt-ntt-log20-7x7x6-xor-fw16-v1",0.736000,4554.862349,577.742944,4776119342.105749,fused,shoup,-1
1,writer-final,16,2,6-13-3,"Tesla V100-SXM2-16GB",7.0,0,"v100-sm70","hierarchical-dataflow-appt-online-register-tail-grouped-writer-final","experimental",0.000000,"persistent CTA fold roles publish online-reordered packet groups without fold-wide barriers",hierarchical-dataflow,0,named-barrier,0,0,0,3,0,0,0,hermes-xor,inplace,radix4,32,20,1048576,1,998244353,30,0,0,0,dataflow-radix4,"7+7+6","appt-online-register-tail-grouped-writer-final+appt-online-register-tail-grouped-writer-final+appt-online-register-tail-grouped-writer-final","256+256+256","8+8+8","32+16+16","4+4+4","2+2+2","1+1+1","8+6+6","ring+ring","2+2",8,0,3,10,0.777984,0.199987,0.200759,0.000772,6,13,3,16,2,natural,natural,"appt-ntt-log20-7x7x6-xor-fw16-v1",0.738496,5000.319948,582.591955,5243215490.216537,fused,shoup,-1
1,writer-final,16,2,6-12-4,"Tesla V100-SXM2-16GB",7.0,0,"v100-sm70","hierarchical-dataflow-appt-online-register-tail-grouped-writer-final","experimental",0.000000,"persistent CTA fold roles publish online-reordered packet groups without fold-wide barriers",hierarchical-dataflow,0,named-barrier,0,0,0,3,0,0,0,hermes-xor,inplace,radix4,32,20,1048576,1,998244353,30,0,0,0,dataflow-radix4,"7+7+6","appt-online-register-tail-grouped-writer-final+appt-online-register-tail-grouped-writer-final+appt-online-register-tail-grouped-writer-final","256+256+256","8+8+8","32+16+16","4+4+4","2+2+2","1+1+1","8+6+6","ring+ring","2+2",8,0,3,10,0.789056,0.182784,0.183613,0.000829,6,12,4,16,2,natural,natural,"appt-ntt-log20-7x7x6-xor-fw16-v1",0.745664,5470.938642,582.240276,5736694957.248672,fused,shoup,-1
1,writer-final,16,2,6-11-5,"Tesla V100-SXM2-16GB",7.0,0,"v100-sm70","hierarchical-dataflow-appt-online-register-tail-grouped-writer-final","experimental",0.000000,"persistent CTA fold roles publish online-reordered packet groups without fold-wide barriers",hierarchical-dataflow,0,named-barrier,0,0,0,3,0,0,0,hermes-xor,inplace,radix4,32,20,1048576,1,998244353,30,0,0,0,dataflow-radix4,"7+7+6","appt-online-register-tail-grouped-writer-final+appt-online-register-tail-grouped-writer-final+appt-online-register-tail-grouped-writer-final","256+256+256","8+8+8","32+16+16","4+4+4","2+2+2","1+1+1","8+6+6","ring+ring","2+2",8,0,3,10,0.783104,0.225075,0.225931,0.000856,6,11,5,16,2,natural,natural,"appt-ntt-log20-7x7x6-xor-fw16-v1",0.740992,4442.959505,571.699324,4658780705.594695,fused,shoup,-1
1,writer-final,16,2,6-10-6,"Tesla V100-SXM2-16GB",7.0,0,"v100-sm70","hierarchical-dataflow-appt-online-register-tail-grouped-writer-final","experimental",0.000000,"persistent CTA fold roles publish online-reordered packet groups without fold-wide barriers",hierarchical-dataflow,0,named-barrier,0,0,0,3,0,0,0,hermes-xor,inplace,radix4,32,20,1048576,1,998244353,30,0,0,0,dataflow-radix4,"7+7+6","appt-online-register-tail-grouped-writer-final+appt-online-register-tail-grouped-writer-final+appt-online-register-tail-grouped-writer-final","256+256+256","8+8+8","32+16+16","4+4+4","2+2+2","1+1+1","8+6+6","ring+ring","2+2",8,0,3,10,0.782688,0.229888,0.230730,0.000842,6,10,6,16,2,natural,natural,"appt-ntt-log20-7x7x6-xor-fw16-v1",0.735808,4349.944187,571.956718,4561247076.258710,fused,shoup,-1
1,writer-final,32,1,7-13-3,"Tesla V100-SXM2-16GB",7.0,0,"v100-sm70","hierarchical-dataflow-appt-online-register-tail-grouped-writer-final","experimental",0.000000,"persistent CTA fold roles publish online-reordered packet groups without fold-wide barriers",hierarchical-dataflow,0,named-barrier,0,0,0,3,0,0,0,hermes-xor,inplace,radix4,32,20,1048576,1,998244353,30,0,0,0,dataflow-radix4,"7+7+6","appt-online-register-tail-grouped-writer-final+appt-online-register-tail-grouped-writer-final+appt-online-register-tail-grouped-writer-final","256+256+256","8+8+8","32+16+16","4+4+4","2+2+2","1+1+1","8+6+6","ring+ring","2+2",8,0,3,10,0.777888,0.253235,0.254001,0.000766,7,13,3,32,1,natural,natural,"appt-ntt-log20-7x7x6-xor-fw32-v1",0.738656,3948.898238,565.042246,4140719918.969661,fused,shoup,-1
1,writer-final,32,1,7-12-4,"Tesla V100-SXM2-16GB",7.0,0,"v100-sm70","hierarchical-dataflow-appt-online-register-tail-grouped-writer-final","experimental",0.000000,"persistent CTA fold roles publish online-reordered packet groups without fold-wide barriers",hierarchical-dataflow,0,named-barrier,0,0,0,3,0,0,0,hermes-xor,inplace,radix4,32,20,1048576,1,998244353,30,0,0,0,dataflow-radix4,"7+7+6","appt-online-register-tail-grouped-writer-final+appt-online-register-tail-grouped-writer-final+appt-online-register-tail-grouped-writer-final","256+256+256","8+8+8","32+16+16","4+4+4","2+2+2","1+1+1","8+6+6","ring+ring","2+2",8,0,3,10,0.774432,0.269107,0.269950,0.000843,7,12,4,32,1,natural,natural,"appt-ntt-log20-7x7x6-xor-fw32-v1",0.734176,3715.991348,562.519808,3896499343.871623,fused,shoup,-1
1,writer-final,32,1,7-11-5,"Tesla V100-SXM2-16GB",7.0,0,"v100-sm70","hierarchical-dataflow-appt-online-register-tail-grouped-writer-final","experimental",0.000000,"persistent CTA fold roles publish online-reordered packet groups without fold-wide barriers",hierarchical-dataflow,0,named-barrier,0,0,0,3,0,0,0,hermes-xor,inplace,radix4,32,20,1048576,1,998244353,30,0,0,0,dataflow-radix4,"7+7+6","appt-online-register-tail-grouped-writer-final+appt-online-register-tail-grouped-writer-final+appt-online-register-tail-grouped-writer-final","256+256+256","8+8+8","32+16+16","4+4+4","2+2+2","1+1+1","8+6+6","ring+ring","2+2",8,0,3,10,0.785440,0.261837,0.262592,0.000755,7,11,5,32,1,natural,natural,"appt-ntt-log20-7x7x6-xor-fw32-v1",0.739744,3819.172903,559.590567,4004693045.508398,fused,shoup,-1
1,writer-final,32,1,6-14-2,"Tesla V100-SXM2-16GB",7.0,0,"v100-sm70","hierarchical-dataflow-appt-online-register-tail-grouped-writer-final","experimental",0.000000,"persistent CTA fold roles publish online-reordered packet groups without fold-wide barriers",hierarchical-dataflow,0,named-barrier,0,0,0,3,0,0,0,hermes-xor,inplace,radix4,32,20,1048576,1,998244353,30,0,0,0,dataflow-radix4,"7+7+6","appt-online-register-tail-grouped-writer-final+appt-online-register-tail-grouped-writer-final+appt-online-register-tail-grouped-writer-final","256+256+256","8+8+8","32+16+16","4+4+4","2+2+2","1+1+1","8+6+6","ring+ring","2+2",8,0,3,10,0.782688,0.288666,0.289660,0.000994,6,14,2,32,1,natural,natural,"appt-ntt-log20-7x7x6-xor-fw32-v1",0.740448,3464.216122,551.936809,3632493884.358162,fused,shoup,-1
1,writer-final,32,1,6-13-3,"Tesla V100-SXM2-16GB",7.0,0,"v100-sm70","hierarchical-dataflow-appt-online-register-tail-grouped-writer-final","experimental",0.000000,"persistent CTA fold roles publish online-reordered packet groups without fold-wide barriers",hierarchical-dataflow,0,named-barrier,0,0,0,3,0,0,0,hermes-xor,inplace,radix4,32,20,1048576,1,998244353,30,0,0,0,dataflow-radix4,"7+7+6","appt-online-register-tail-grouped-writer-final+appt-online-register-tail-grouped-writer-final+appt-online-register-tail-grouped-writer-final","256+256+256","8+8+8","32+16+16","4+4+4","2+2+2","1+1+1","8+6+6","ring+ring","2+2",8,0,3,10,0.787104,0.252518,0.253464,0.000946,6,13,3,32,1,natural,natural,"appt-ntt-log20-7x7x6-xor-fw32-v1",0.749856,3960.107687,558.822059,4152473877.520546,fused,shoup,-1
1,writer-final,32,1,6-12-4,"Tesla V100-SXM2-16GB",7.0,0,"v100-sm70","hierarchical-dataflow-appt-online-register-tail-grouped-writer-final","experimental",0.000000,"persistent CTA fold roles publish online-reordered packet groups without fold-wide barriers",hierarchical-dataflow,0,named-barrier,0,0,0,3,0,0,0,hermes-xor,inplace,radix4,32,20,1048576,1,998244353,30,0,0,0,dataflow-radix4,"7+7+6","appt-online-register-tail-grouped-writer-final+appt-online-register-tail-grouped-writer-final+appt-online-register-tail-grouped-writer-final","256+256+256","8+8+8","32+16+16","4+4+4","2+2+2","1+1+1","8+6+6","ring+ring","2+2",8,0,3,10,0.783136,0.218317,0.219137,0.000820,6,12,4,32,1,natural,natural,"appt-ntt-log20-7x7x6-xor-fw32-v1",0.740256,4580.499669,574.148785,4803002020.454588,fused,shoup,-1
1,writer-final,32,1,6-11-5,"Tesla V100-SXM2-16GB",7.0,0,"v100-sm70","hierarchical-dataflow-appt-online-register-tail-grouped-writer-final","experimental",0.000000,"persistent CTA fold roles publish online-reordered packet groups without fold-wide barriers",hierarchical-dataflow,0,named-barrier,0,0,0,3,0,0,0,hermes-xor,inplace,radix4,32,20,1048576,1,998244353,30,0,0,0,dataflow-radix4,"7+7+6","appt-online-register-tail-grouped-writer-final+appt-online-register-tail-grouped-writer-final+appt-online-register-tail-grouped-writer-final","256+256+256","8+8+8","32+16+16","4+4+4","2+2+2","1+1+1","8+6+6","ring+ring","2+2",8,0,3,10,0.771840,0.262042,0.262877,0.000835,6,11,5,32,1,natural,natural,"appt-ntt-log20-7x7x6-xor-fw32-v1",0.736544,3816.187985,564.835939,4001563132.603945,fused,shoup,-1
1,writer-final,32,1,6-10-6,"Tesla V100-SXM2-16GB",7.0,0,"v100-sm70","hierarchical-dataflow-appt-online-register-tail-grouped-writer-final","experimental",0.000000,"persistent CTA fold roles publish online-reordered packet groups without fold-wide barriers",hierarchical-dataflow,0,named-barrier,0,0,0,3,0,0,0,hermes-xor,inplace,radix4,32,20,1048576,1,998244353,30,0,0,0,dataflow-radix4,"7+7+6","appt-online-register-tail-grouped-writer-final+appt-online-register-tail-grouped-writer-final+appt-online-register-tail-grouped-writer-final","256+256+256","8+8+8","32+16+16","4+4+4","2+2+2","1+1+1","8+6+6","ring+ring","2+2",8,0,3,10,0.785280,0.248832,0.249726,0.000894,6,10,6,32,1,natural,natural,"appt-ntt-log20-7x7x6-xor-fw32-v1",0.740096,4018.775443,563.631779,4213991478.546586,fused,shoup,-1
1,writer-final,32,2,7-13-3,"Tesla V100-SXM2-16GB",7.0,0,"v100-sm70","hierarchical-dataflow-appt-online-register-tail-grouped-writer-final","experimental",0.000000,"persistent CTA fold roles publish online-reordered packet groups without fold-wide barriers",hierarchical-dataflow,0,named-barrier,0,0,0,3,0,0,0,hermes-xor,inplace,radix4,32,20,1048576,1,998244353,30,0,0,0,dataflow-radix4,"7+7+6","appt-online-register-tail-grouped-writer-final+appt-online-register-tail-grouped-writer-final+appt-online-register-tail-grouped-writer-final","256+256+256","8+8+8","32+16+16","4+4+4","2+2+2","1+1+1","8+6+6","ring+ring","2+2",8,0,3,10,0.769440,0.252723,0.253492,0.000769,7,13,3,32,2,natural,natural,"appt-ntt-log20-7x7x6-xor-fw32-v1",0.737952,3956.898498,568.144638,4149108799.962453,fused,shoup,-1
1,writer-final,32,2,7-12-4,"Tesla V100-SXM2-16GB",7.0,0,"v100-sm70","hierarchical-dataflow-appt-online-register-tail-grouped-writer-final","experimental",0.000000,"persistent CTA fold roles publish online-reordered packet groups without fold-wide barriers",hierarchical-dataflow,0,named-barrier,0,0,0,3,0,0,0,hermes-xor,inplace,radix4,32,20,1048576,1,998244353,30,0,0,0,dataflow-radix4,"7+7+6","appt-online-register-tail-grouped-writer-final+appt-online-register-tail-grouped-writer-final+appt-online-register-tail-grouped-writer-final","256+256+256","8+8+8","32+16+16","4+4+4","2+2+2","1+1+1","8+6+6","ring+ring","2+2",8,0,3,10,0.785728,0.269107,0.269937,0.000830,7,12,4,32,2,natural,natural,"appt-ntt-log20-7x7x6-xor-fw32-v1",0.736160,3715.991348,558.348804,3896499343.871623,fused,shoup,-1
1,writer-final,32,2,7-11-5,"Tesla V100-SXM2-16GB",7.0,0,"v100-sm70","hierarchical-dataflow-appt-online-register-tail-grouped-writer-final","experimental",0.000000,"persistent CTA fold roles publish online-reordered packet groups without fold-wide barriers",hierarchical-dataflow,0,named-barrier,0,0,0,3,0,0,0,hermes-xor,inplace,radix4,32,20,1048576,1,998244353,30,0,0,0,dataflow-radix4,"7+7+6","appt-online-register-tail-grouped-writer-final+appt-online-register-tail-grouped-writer-final+appt-online-register-tail-grouped-writer-final","256+256+256","8+8+8","32+16+16","4+4+4","2+2+2","1+1+1","8+6+6","ring+ring","2+2",8,0,3,10,0.779168,0.263475,0.264319,0.000844,7,11,5,32,2,natural,natural,"appt-ntt-log20-7x7x6-xor-fw32-v1",0.739456,3795.423494,561.135985,3979789985.141777,fused,shoup,-1
1,writer-final,32,2,6-14-2,"Tesla V100-SXM2-16GB",7.0,0,"v100-sm70","hierarchical-dataflow-appt-online-register-tail-grouped-writer-final","experimental",0.000000,"persistent CTA fold roles publish online-reordered packet groups without fold-wide barriers",hierarchical-dataflow,0,named-barrier,0,0,0,3,0,0,0,hermes-xor,inplace,radix4,32,20,1048576,1,998244353,30,0,0,0,dataflow-radix4,"7+7+6","appt-online-register-tail-grouped-writer-final+appt-online-register-tail-grouped-writer-final+appt-online-register-tail-grouped-writer-final","256+256+256","8+8+8","32+16+16","4+4+4","2+2+2","1+1+1","8+6+6","ring+ring","2+2",8,0,3,10,0.780288,0.287846,0.288714,0.000868,6,14,2,32,2,natural,natural,"appt-ntt-log20-7x7x6-xor-fw32-v1",0.740448,3474.075226,552.919247,3642831904.180784,fused,shoup,-1
1,writer-final,32,2,6-13-3,"Tesla V100-SXM2-16GB",7.0,0,"v100-sm70","hierarchical-dataflow-appt-online-register-tail-grouped-writer-final","experimental",0.000000,"persistent CTA fold roles publish online-reordered packet groups without fold-wide barriers",hierarchical-dataflow,0,named-barrier,0,0,0,3,0,0,0,hermes-xor,inplace,radix4,32,20,1048576,1,998244353,30,0,0,0,dataflow-radix4,"7+7+6","appt-online-register-tail-grouped-writer-final+appt-online-register-tail-grouped-writer-final+appt-online-register-tail-grouped-writer-final","256+256+256","8+8+8","32+16+16","4+4+4","2+2+2","1+1+1","8+6+6","ring+ring","2+2",8,0,3,10,0.781344,0.253850,0.255199,0.001350,6,13,3,32,2,natural,natural,"appt-ntt-log20-7x7x6-xor-fw32-v1",0.741920,3939.340525,562.710233,4130697930.626282,fused,shoup,-1
1,writer-final,32,2,6-12-4,"Tesla V100-SXM2-16GB",7.0,0,"v100-sm70","hierarchical-dataflow-appt-online-register-tail-grouped-writer-final","experimental",0.000000,"persistent CTA fold roles publish online-reordered packet groups without fold-wide barriers",hierarchical-dataflow,0,named-barrier,0,0,0,3,0,0,0,hermes-xor,inplace,radix4,32,20,1048576,1,998244353,30,0,0,0,dataflow-radix4,"7+7+6","appt-online-register-tail-grouped-writer-final+appt-online-register-tail-grouped-writer-final+appt-online-register-tail-grouped-writer-final","256+256+256","8+8+8","32+16+16","4+4+4","2+2+2","1+1+1","8+6+6","ring+ring","2+2",8,0,3,10,0.771808,0.219443,0.220281,0.000838,6,12,4,32,2,natural,natural,"appt-ntt-log20-7x7x6-xor-fw32-v1",0.740032,4556.987826,577.606236,4778348066.168230,fused,shoup,-1
1,writer-final,32,2,6-11-5,"Tesla V100-SXM2-16GB",7.0,0,"v100-sm70","hierarchical-dataflow-appt-online-register-tail-grouped-writer-final","experimental",0.000000,"persistent CTA fold roles publish online-reordered packet groups without fold-wide barriers",hierarchical-dataflow,0,named-barrier,0,0,0,3,0,0,0,hermes-xor,inplace,radix4,32,20,1048576,1,998244353,30,0,0,0,dataflow-radix4,"7+7+6","appt-online-register-tail-grouped-writer-final+appt-online-register-tail-grouped-writer-final+appt-online-register-tail-grouped-writer-final","256+256+256","8+8+8","32+16+16","4+4+4","2+2+2","1+1+1","8+6+6","ring+ring","2+2",8,0,3,10,0.765216,0.262656,0.263575,0.000919,6,11,5,32,2,natural,natural,"appt-ntt-log20-7x7x6-xor-fw32-v1",0.738816,3807.261162,566.030895,3992202679.847998,fused,shoup,-1
1,writer-final,32,2,6-10-6,"Tesla V100-SXM2-16GB",7.0,0,"v100-sm70","hierarchical-dataflow-appt-online-register-tail-grouped-writer-final","experimental",0.000000,"persistent CTA fold roles publish online-reordered packet groups without fold-wide barriers",hierarchical-dataflow,0,named-barrier,0,0,0,3,0,0,0,hermes-xor,inplace,radix4,32,20,1048576,1,998244353,30,0,0,0,dataflow-radix4,"7+7+6","appt-online-register-tail-grouped-writer-final+appt-online-register-tail-grouped-writer-final+appt-online-register-tail-grouped-writer-final","256+256+256","8+8+8","32+16+16","4+4+4","2+2+2","1+1+1","8+6+6","ring+ring","2+2",8,0,3,10,0.775296,0.265626,0.266522,0.000896,6,10,6,32,2,natural,natural,"appt-ntt-log20-7x7x6-xor-fw32-v1",0.734720,3764.697435,563.176726,3947571377.182507,fused,shoup,-1
1,v06,0,0,9-11,"Tesla V100-SXM2-16GB",7.0,0,"v100-sm70","hierarchical-dataflow-wave-10x10-resident-radix4","experimental",0.000000,"transform-wave readiness with the generated resident radix-4 core",hierarchical-dataflow,0,named-barrier,0,0,0,4,0,0,0,hermes-xor,inplace,radix4,32,20,1048576,4,998244353,30,0,0,0,dataflow-radix4,"10+10","dataflow-radix4+dataflow-radix4","256+256","1+1","0+0","0+0","0+0","0+0","9+11","full-scratch","1",8,0,3,10,2.809440,0.351437,0.352326,0.000889,0,0,0,0,0,natural,natural,"",2.621440,11381.847520,691.764263,11934732145.141279,fused,shoup,-1
1,grouped,16,2,6-14-2,"Tesla V100-SXM2-16GB",7.0,0,"v100-sm70","hierarchical-dataflow-appt-online-register-tail-grouped","experimental",0.000000,"persistent CTA fold roles publish online-reordered packet groups without fold-wide barriers",hierarchical-dataflow,0,named-barrier,0,0,0,3,0,0,0,hermes-xor,inplace,radix4,32,20,1048576,4,998244353,30,0,0,0,dataflow-radix4,"7+7+6","appt-online-register-tail-grouped+appt-online-register-tail-grouped+appt-online-register-tail-grouped","256+256+256","8+8+8","32+16+16","4+4+4","2+2+2","1+1+1","7+7+6","ring+ring","2+2",8,0,3,10,2.802016,0.601395,0.602213,0.000818,6,14,2,16,2,natural,natural,"appt-ntt-log20-7x7x6-xor-fw16-v1",2.617984,6651.200522,664.297862,6974289238.427524,fused,shoup,-1
1,writer-final,8,1,7-13-3,"Tesla V100-SXM2-16GB",7.0,0,"v100-sm70","hierarchical-dataflow-appt-online-register-tail-grouped-writer-final","experimental",0.000000,"persistent CTA fold roles publish online-reordered packet groups without fold-wide barriers",hierarchical-dataflow,0,named-barrier,0,0,0,3,0,0,0,hermes-xor,inplace,radix4,32,20,1048576,4,998244353,30,0,0,0,dataflow-radix4,"7+7+6","appt-online-register-tail-grouped-writer-final+appt-online-register-tail-grouped-writer-final+appt-online-register-tail-grouped-writer-final","256+256+256","8+8+8","32+16+16","4+4+4","2+2+2","1+1+1","7+7+6","ring+ring","2+2",8,0,3,10,2.809856,0.549478,0.550338,0.000859,7,13,3,8,1,natural,natural,"appt-ntt-log20-7x7x6-xor-fw8-v1",2.619424,7279.630855,669.035224,7633246203.828341,fused,shoup,-1
1,writer-final,8,1,7-12-4,"Tesla V100-SXM2-16GB",7.0,0,"v100-sm70","hierarchical-dataflow-appt-online-register-tail-grouped-writer-final","experimental",0.000000,"persistent CTA fold roles publish online-reordered packet groups without fold-wide barriers",hierarchical-dataflow,0,named-barrier,0,0,0,3,0,0,0,hermes-xor,inplace,radix4,32,20,1048576,4,998244353,30,0,0,0,dataflow-radix4,"7+7+6","appt-online-register-tail-grouped-writer-final+appt-online-register-tail-grouped-writer-final+appt-online-register-tail-grouped-writer-final","256+256+256","8+8+8","32+16+16","4+4+4","2+2+2","1+1+1","7+7+6","ring+ring","2+2",8,0,3,10,2.822144,0.612864,0.613855,0.000991,7,12,4,8,1,natural,natural,"appt-ntt-log20-7x7x6-xor-fw8-v1",2.632384,6526.733314,659.261826,6843775911.663629,fused,shoup,-1
1,writer-final,8,1,7-11-5,"Tesla V100-SXM2-16GB",7.0,0,"v100-sm70","hierarchical-dataflow-appt-online-register-tail-grouped-writer-final","experimental",0.000000,"persistent CTA fold roles publish online-reordered packet groups without fold-wide barriers",hierarchical-dataflow,0,named-barrier,0,0,0,3,0,0,0,hermes-xor,inplace,radix4,32,20,1048576,4,998244353,30,0,0,0,dataflow-radix4,"7+7+6","appt-online-register-tail-grouped-writer-final+appt-online-register-tail-grouped-writer-final+appt-online-register-tail-grouped-writer-final","256+256+256","8+8+8","32+16+16","4+4+4","2+2+2","1+1+1","7+7+6","ring+ring","2+2",8,0,3,10,2.822208,0.576717,0.577611,0.000894,7,11,5,8,1,natural,natural,"appt-ntt-log20-7x7x6-xor-fw8-v1",2.634560,6935.813443,662.966780,7272727516.583707,fused,shoup,-1
1,writer-final,8,1,6-14-2,"Tesla V100-SXM2-16GB",7.0,0,"v100-sm70","hierarchical-dataflow-appt-online-register-tail-grouped-writer-final","experimental",0.000000,"persistent CTA fold roles publish online-reordered packet groups without fold-wide barriers",hierarchical-dataflow,0,named-barrier,0,0,0,3,0,0,0,hermes-xor,inplace,radix4,32,20,1048576,4,998244353,30,0,0,0,dataflow-radix4,"7+7+6","appt-online-register-tail-grouped-writer-final+appt-online-register-tail-grouped-writer-final+appt-online-register-tail-grouped-writer-final","256+256+256","8+8+8","32+16+16","4+4+4","2+2+2","1+1+1","7+7+6","ring+ring","2+2",8,0,3,10,2.807360,0.573338,0.574239,0.000901,6,14,2,8,1,natural,natural,"appt-ntt-log20-7x7x6-xor-fw8-v1",2.624160,6976.692090,666.127370,7315591884.534467,fused,shoup,-1
1,writer-final,8,1,6-13-3,"Tesla V100-SXM2-16GB",7.0,0,"v100-sm70","hierarchical-dataflow-appt-online-register-tail-grouped-writer-final","experimental",0.000000,"persistent CTA fold roles publish online-reordered packet groups without fold-wide barriers",hierarchical-dataflow,0,named-barrier,0,0,0,3,0,0,0,hermes-xor,inplace,radix4,32,20,1048576,4,998244353,30,0,0,0,dataflow-radix4,"7+7+6","appt-online-register-tail-grouped-writer-final+appt-online-register-tail-grouped-writer-final+appt-online-register-tail-grouped-writer-final","256+256+256","8+8+8","32+16+16","4+4+4","2+2+2","1+1+1","7+7+6","ring+ring","2+2",8,0,3,10,2.817408,0.545178,0.546037,0.000859,6,13,3,8,1,natural,natural,"appt-ntt-log20-7x7x6-xor-fw8-v1",2.633888,7337.058886,667.058712,7693463858.624039,fused,shoup,-1
1,writer-final,8,1,6-12-4,"Tesla V100-SXM2-16GB",7.0,0,"v100-sm70","hierarchical-dataflow-appt-online-register-tail-grouped-writer-final","experimental",0.000000,"persistent CTA fold roles publish online-reordered packet groups without fold-wide barriers",hierarchical-dataflow,0,named-barrier,0,0,0,3,0,0,0,hermes-xor,inplace,radix4,32,20,1048576,4,998244353,30,0,0,0,dataflow-radix4,"7+7+6","appt-online-register-tail-grouped-writer-final+appt-online-register-tail-grouped-writer-final+appt-online-register-tail-grouped-writer-final","256+256+256","8+8+8","32+16+16","4+4+4","2+2+2","1+1+1","7+7+6","ring+ring","2+2",8,0,3,10,2.813632,0.509747,0.510559,0.000811,6,12,4,8,1,natural,natural,"appt-ntt-log20-7x7x6-xor-fw8-v1",2.618848,7847.026808,673.148265,8228203982.379614,fused,shoup,-1
1,writer-final,8,1,6-11-5,"Tesla V100-SXM2-16GB",7.0,0,"v100-sm70","hierarchical-dataflow-appt-online-register-tail-grouped-writer-final","experimental",0.000000,"persistent CTA fold roles publish online-reordered packet groups without fold-wide barriers",hierarchical-dataflow,0,named-barrier,0,0,0,3,0,0,0,hermes-xor,inplace,radix4,32,20,1048576,4,998244353,30,0,0,0,dataflow-radix4,"7+7+6","appt-online-register-tail-grouped-writer-final+appt-online-register-tail-grouped-writer-final+appt-online-register-tail-grouped-writer-final","256+256+256","8+8+8","32+16+16","4+4+4","2+2+2","1+1+1","7+7+6","ring+ring","2+2",8,0,3,10,2.808864,0.589619,0.590495,0.000876,6,11,5,8,1,natural,natural,"appt-ntt-log20-7x7x6-xor-fw8-v1",2.618304,6784.039375,664.806610,7113580871.663636,fused,shoup,-1
1,writer-final,8,1,6-10-6,"Tesla V100-SXM2-16GB",7.0,0,"v100-sm70","hierarchical-dataflow-appt-online-register-tail-grouped-writer-final","experimental",0.000000,"persistent CTA fold roles publish online-reordered packet groups without fold-wide barriers",hierarchical-dataflow,0,named-barrier,0,0,0,3,0,0,0,hermes-xor,inplace,radix4,32,20,1048576,4,998244353,30,0,0,0,dataflow-radix4,"7+7+6","appt-online-register-tail-grouped-writer-final+appt-online-register-tail-grouped-writer-final+appt-online-register-tail-grouped-writer-final","256+256+256","8+8+8","32+16+16","4+4+4","2+2+2","1+1+1","7+7+6","ring+ring","2+2",8,0,3,10,2.809440,0.602829,0.603702,0.000873,6,10,6,8,1,natural,natural,"appt-ntt-log20-7x7x6-xor-fw8-v1",2.620224,6635.383040,663.075813,6957703406.474467,fused,shoup,-1
1,writer-final,8,2,7-13-3,"Tesla V100-SXM2-16GB",7.0,0,"v100-sm70","hierarchical-dataflow-appt-online-register-tail-grouped-writer-final","experimental",0.000000,"persistent CTA fold roles publish online-reordered packet groups without fold-wide barriers",hierarchical-dataflow,0,named-barrier,0,0,0,3,0,0,0,hermes-xor,inplace,radix4,32,20,1048576,4,998244353,30,0,0,0,dataflow-radix4,"7+7+6","appt-online-register-tail-grouped-writer-final+appt-online-register-tail-grouped-writer-final+appt-online-register-tail-grouped-writer-final","256+256+256","8+8+8","32+16+16","4+4+4","2+2+2","1+1+1","7+7+6","ring+ring","2+2",8,0,3,10,2.799136,0.546918,0.547748,0.000829,7,13,3,8,2,natural,natural,"appt-ntt-log20-7x7x6-xor-fw8-v1",2.619712,7313.705403,670.492224,7668975956.853312,fused,shoup,-1
1,writer-final,8,2,7-12-4,"Tesla V100-SXM2-16GB",7.0,0,"v100-sm70","hierarchical-dataflow-appt-online-register-tail-grouped-writer-final","experimental",0.000000,"persistent CTA fold roles publish online-reordered packet groups without fold-wide barriers",hierarchical-dataflow,0,named-barrier,0,0,0,3,0,0,0,hermes-xor,inplace,radix4,32,20,1048576,4,998244353,30,0,0,0,dataflow-radix4,"7+7+6","appt-online-register-tail-grouped-writer-final+appt-online-register-tail-grouped-writer-final+appt-online-register-tail-grouped-writer-final","256+256+256","8+8+8","32+16+16","4+4+4","2+2+2","1+1+1","7+7+6","ring+ring","2+2",8,0,3,10,2.808896,0.589517,0.590698,0.001181,7,12,4,8,2,natural,natural,"appt-ntt-log20-7x7x6-xor-fw8-v1",2.618368,6785.218468,664.807341,7114817240.637585,fused,shoup,-1
1,writer-final,8,2,7-11-5,"Tesla V100-SXM2-16GB",7.0,0,"v100-sm70","hierarchical-dataflow-appt-online-register-tail-grouped-writer-final","experimental",0.000000,"persistent CTA fold roles publish online-reordered packet groups without fold-wide barriers",hierarchical-dataflow,0,named-barrier,0,0,0,3,0,0,0,hermes-xor,inplace,radix4,32,20,1048576,4,998244353,30,0,0,0,dataflow-radix4,"7+7+6","appt-online-register-tail-grouped-writer-final+appt-online-register-tail-grouped-writer-final+appt-online-register-tail-grouped-writer-final","256+256+256","8+8+8","32+16+16","4+4+4","2+2+2","1+1+1","7+7+6","ring+ring","2+2",8,0,3,10,2.801920,0.577126,0.577959,0.000832,7,11,5,8,2,natural,natural,"appt-ntt-log20-7x7x6-xor-fw8-v1",2.619712,6930.890897,666.804647,7267565853.631895,fused,shoup,-1
1,writer-final,8,2,6-14-2,"Tesla V100-SXM2-16GB",7.0,0,"v100-sm70","hierarchical-dataflow-appt-online-register-tail-grouped-writer-final","experimental",0.000000,"persistent CTA fold roles publish online-reordered packet groups without fold-wide barriers",hierarchical-dataflow,0,named-barrier,0,0,0,3,0,0,0,hermes-xor,inplace,radix4,32,20,1048576,4,998244353,30,0,0,0,dataflow-radix4,"7+7+6","appt-online-register-tail-grouped-writer-final+appt-online-register-tail-grouped-writer-final+appt-online-register-tail-grouped-writer-final","256+256+256","8+8+8","32+16+16","4+4+4","2+2+2","1+1+1","7+7+6","ring+ring","2+2",8,0,3,10,2.816288,0.567501,0.568485,0.000984,6,14,2,8,2,natural,natural,"appt-ntt-log20-7x7x6-xor-fw8-v1",2.625696,7048.448585,665.614473,7390834023.573158,fused,shoup,-1
1,writer-final,8,2,6-13-3,"Tesla V100-SXM2-16GB",7.0,0,"v100-sm70","hierarchical-dataflow-appt-online-register-tail-grouped-writer-final","experimental",0.000000,"persistent CTA fold roles publish online-reordered packet groups without fold-wide barriers",hierarchical-dataflow,0,named-barrier,0,0,0,3,0,0,0,hermes-xor,inplace,radix4,32,20,1048576,4,998244353,30,0,0,0,dataflow-radix4,"7+7+6","appt-online-register-tail-grouped-writer-final+appt-online-register-tail-grouped-writer-final+appt-online-register-tail-grouped-writer-final","256+256+256","8+8+8","32+16+16","4+4+4","2+2+2","1+1+1","7+7+6","ring+ring","2+2",8,0,3,10,2.811904,0.548352,0.549230,0.000878,6,13,3,8,2,natural,natural,"appt-ntt-log20-7x7x6-xor-fw8-v1",2.619776,7294.584459,668.892745,7648926193.954229,fused,shoup,-1
1,writer-final,8,2,6-12-4,"Tesla V100-SXM2-16GB",7.0,0,"v100-sm70","hierarchical-dataflow-appt-online-register-tail-grouped-writer-final","experimental",0.000000,"persistent CTA fold roles publish online-reordered packet groups without fold-wide barriers",hierarchical-dataflow,0,named-barrier,0,0,0,3,0,0,0,hermes-xor,inplace,radix4,32,20,1048576,4,998244353,30,0,0,0,dataflow-radix4,"7+7+6","appt-online-register-tail-grouped-writer-final+appt-online-register-tail-grouped-writer-final+appt-online-register-tail-grouped-writer-final","256+256+256","8+8+8","32+16+16","4+4+4","2+2+2","1+1+1","7+7+6","ring+ring","2+2",8,0,3,10,2.810144,0.509030,0.509836,0.000805,6,12,4,8,2,natural,natural,"appt-ntt-log20-7x7x6-xor-fw8-v1",2.619328,7858.076819,673.570498,8239790758.935391,fused,shoup,-1
1,writer-final,8,2,6-11-5,"Tesla V100-SXM2-16GB",7.0,0,"v100-sm70","hierarchical-dataflow-appt-online-register-tail-grouped-writer-final","experimental",0.000000,"persistent CTA fold roles publish online-reordered packet groups without fold-wide barriers",hierarchical-dataflow,0,named-barrier,0,0,0,3,0,0,0,hermes-xor,inplace,radix4,32,20,1048576,4,998244353,30,0,0,0,dataflow-radix4,"7+7+6","appt-online-register-tail-grouped-writer-final+appt-online-register-tail-grouped-writer-final+appt-online-register-tail-grouped-writer-final","256+256+256","8+8+8","32+16+16","4+4+4","2+2+2","1+1+1","7+7+6","ring+ring","2+2",8,0,3,10,2.804736,0.596685,0.597486,0.000801,6,11,5,8,2,natural,natural,"appt-ntt-log20-7x7x6-xor-fw8-v1",2.617632,6703.706730,664.556409,7029345988.213024,fused,shoup,-1
1,writer-final,8,2,6-10-6,"Tesla V100-SXM2-16GB",7.0,0,"v100-sm70","hierarchical-dataflow-appt-online-register-tail-grouped-writer-final","experimental",0.000000,"persistent CTA fold roles publish online-reordered packet groups without fold-wide barriers",hierarchical-dataflow,0,named-barrier,0,0,0,3,0,0,0,hermes-xor,inplace,radix4,32,20,1048576,4,998244353,30,0,0,0,dataflow-radix4,"7+7+6","appt-online-register-tail-grouped-writer-final+appt-online-register-tail-grouped-writer-final+appt-online-register-tail-grouped-writer-final","256+256+256","8+8+8","32+16+16","4+4+4","2+2+2","1+1+1","7+7+6","ring+ring","2+2",8,0,3,10,2.806624,0.577024,0.577776,0.000753,6,10,6,8,2,natural,natural,"appt-ntt-log20-7x7x6-xor-fw8-v1",2.621024,6932.120879,666.147980,7268855582.364204,fused,shoup,-1
1,writer-final,16,1,7-13-3,"Tesla V100-SXM2-16GB",7.0,0,"v100-sm70","hierarchical-dataflow-appt-online-register-tail-grouped-writer-final","experimental",0.000000,"persistent CTA fold roles publish online-reordered packet groups without fold-wide barriers",hierarchical-dataflow,0,named-barrier,0,0,0,3,0,0,0,hermes-xor,inplace,radix4,32,20,1048576,4,998244353,30,0,0,0,dataflow-radix4,"7+7+6","appt-online-register-tail-grouped-writer-final+appt-online-register-tail-grouped-writer-final+appt-online-register-tail-grouped-writer-final","256+256+256","8+8+8","32+16+16","4+4+4","2+2+2","1+1+1","7+7+6","ring+ring","2+2",8,0,3,10,2.817440,0.533504,0.534380,0.000876,7,13,3,16,1,natural,natural,"appt-ntt-log20-7x7x6-xor-fw16-v1",2.616896,7497.600638,670.259261,7861804086.385978,fused,shoup,-1
1,writer-final,16,1,7-12-4,"Tesla V100-SXM2-16GB",7.0,0,"v100-sm70","hierarchical-dataflow-appt-online-register-tail-grouped-writer-final","experimental",0.000000,"persistent CTA fold roles publish online-reordered packet groups without fold-wide barriers",hierarchical-dataflow,0,named-barrier,0,0,0,3,0,0,0,hermes-xor,inplace,radix4,32,20,1048576,4,998244353,30,0,0,0,dataflow-radix4,"7+7+6","appt-online-register-tail-grouped-writer-final+appt-online-register-tail-grouped-writer-final+appt-online-register-tail-grouped-writer-final","256+256+256","8+8+8","32+16+16","4+4+4","2+2+2","1+1+1","7+7+6","ring+ring","2+2",8,0,3,10,2.815520,0.576512,0.577289,0.000777,7,12,4,16,1,natural,natural,"appt-ntt-log20-7x7x6-xor-fw16-v1",2.623488,6938.277339,664.946674,7275311098.522725,fused,shoup,-1
1,writer-final,16,1,7-11-5,"Tesla V100-SXM2-16GB",7.0,0,"v100-sm70","hierarchical-dataflow-appt-online-register-tail-grouped-writer-final","experimental",0.000000,"persistent CTA fold roles publish online-reordered packet groups without fold-wide barriers",hierarchical-dataflow,0,named-barrier,0,0,0,3,0,0,0,hermes-xor,inplace,radix4,32,20,1048576,4,998244353,30,0,0,0,dataflow-radix4,"7+7+6","appt-online-register-tail-grouped-writer-final+appt-online-register-tail-grouped-writer-final+appt-online-register-tail-grouped-writer-final","256+256+256","8+8+8","32+16+16","4+4+4","2+2+2","1+1+1","7+7+6","ring+ring","2+2",8,0,3,10,2.794688,0.571494,0.572434,0.000940,7,11,5,16,1,natural,natural,"appt-ntt-log20-7x7x6-xor-fw16-v1",2.620320,6999.193687,668.169774,7339186519.275122,fused,shoup,-1
1,writer-final,16,1,6-14-2,"Tesla V100-SXM2-16GB",7.0,0,"v100-sm70","hierarchical-dataflow-appt-online-register-tail-grouped-writer-final","experimental",0.000000,"persistent CTA fold roles publish online-reordered packet groups without fold-wide barriers",hierarchical-dataflow,0,named-barrier,0,0,0,3,0,0,0,hermes-xor,inplace,radix4,32,20,1048576,4,998244353,30,0,0,0,dataflow-radix4,"7+7+6","appt-online-register-tail-grouped-writer-final+appt-online-register-tail-grouped-writer-final+appt-online-register-tail-grouped-writer-final","256+256+256","8+8+8","32+16+16","4+4+4","2+2+2","1+1+1","7+7+6","ring+ring","2+2",8,0,3,10,2.804096,0.585626,0.586394,0.000768,6,14,2,16,1,natural,natural,"appt-ntt-log20-7x7x6-xor-fw16-v1",2.619520,6830.302630,665.641410,7162091410.524014,fused,shoup,-1
1,writer-final,16,1,6-13-3,"Tesla V100-SXM2-16GB",7.0,0,"v100-sm70","hierarchical-dataflow-appt-online-register-tail-grouped-writer-final","experimental",0.000000,"persistent CTA fold roles publish online-reordered packet groups without fold-wide barriers",hierarchical-dataflow,0,named-barrier,0,0,0,3,0,0,0,hermes-xor,inplace,radix4,32,20,1048576,4,998244353,30,0,0,0,dataflow-radix4,"7+7+6","appt-online-register-tail-grouped-writer-final+appt-online-register-tail-grouped-writer-final+appt-online-register-tail-grouped-writer-final","256+256+256","8+8+8","32+16+16","4+4+4","2+2+2","1+1+1","7+7+6","ring+ring","2+2",8,0,3,10,2.817568,0.532173,0.533071,0.000898,6,13,3,16,1,natural,natural,"appt-ntt-log20-7x7x6-xor-fw16-v1",2.623968,7516.355602,669.600774,7881470092.066442,fused,shoup,-1
1,writer-final,16,1,6-12-4,"Tesla V100-SXM2-16GB",7.0,0,"v100-sm70","hierarchical-dataflow-appt-online-register-tail-grouped-writer-final","experimental",0.000000,"persistent CTA fold roles publish online-reordered packet groups without fold-wide barriers",hierarchical-dataflow,0,named-barrier,0,0,0,3,0,0,0,hermes-xor,inplace,radix4,32,20,1048576,4,998244353,30,0,0,0,dataflow-radix4,"7+7+6","appt-online-register-tail-grouped-writer-final+appt-online-register-tail-grouped-writer-final+appt-online-register-tail-grouped-writer-final","256+256+256","8+8+8","32+16+16","4+4+4","2+2+2","1+1+1","7+7+6","ring+ring","2+2",8,0,3,10,2.798752,0.513536,0.514460,0.000924,6,12,4,16,1,natural,natural,"appt-ntt-log20-7x7x6-xor-fw16-v1",2.617728,7789.132960,674.534432,8167497882.664493,fused,shoup,-1
1,writer-final,16,1,6-11-5,"Tesla V100-SXM2-16GB",7.0,0,"v100-sm70","hierarchical-dataflow-appt-online-register-tail-grouped-writer-final","experimental",0.000000,"persistent CTA fold roles publish online-reordered packet groups without fold-wide barriers",hierarchical-dataflow,0,named-barrier,0,0,0,3,0,0,0,hermes-xor,inplace,radix4,32,20,1048576,4,998244353,30,0,0,0,dataflow-radix4,"7+7+6","appt-online-register-tail-grouped-writer-final+appt-online-register-tail-grouped-writer-final+appt-online-register-tail-grouped-writer-final","256+256+256","8+8+8","32+16+16","4+4+4","2+2+2","1+1+1","7+7+6","ring+ring","2+2",8,0,3,10,2.809760,0.570778,0.571677,0.000899,6,11,5,16,1,natural,natural,"appt-ntt-log20-7x7x6-xor-fw16-v1",2.620896,7007.983556,666.507395,7348403364.856462,fused,shoup,-1
1,writer-final,16,1,6-10-6,"Tesla V100-SXM2-16GB",7.0,0,"v100-sm70","hierarchical-dataflow-appt-online-register-tail-grouped-writer-final","experimental",0.000000,"persistent CTA fold roles publish online-reordered packet groups without fold-wide barriers",hierarchical-dataflow,0,named-barrier,0,0,0,3,0,0,0,hermes-xor,inplace,radix4,32,20,1048576,4,998244353,30,0,0,0,dataflow-radix4,"7+7+6","appt-online-register-tail-grouped-writer-final+appt-online-register-tail-grouped-writer-final+appt-online-register-tail-grouped-writer-final","256+256+256","8+8+8","32+16+16","4+4+4","2+2+2","1+1+1","7+7+6","ring+ring","2+2",8,0,3,10,2.809952,0.574054,0.574981,0.000927,6,10,6,16,1,natural,natural,"appt-ntt-log20-7x7x6-xor-fw16-v1",2.615040,6967.981216,666.772634,7306457871.259099,fused,shoup,-1
1,writer-final,16,2,7-13-3,"Tesla V100-SXM2-16GB",7.0,0,"v100-sm70","hierarchical-dataflow-appt-online-register-tail-grouped-writer-final","experimental",0.000000,"persistent CTA fold roles publish online-reordered packet groups without fold-wide barriers",hierarchical-dataflow,0,named-barrier,0,0,0,3,0,0,0,hermes-xor,inplace,radix4,32,20,1048576,4,998244353,30,0,0,0,dataflow-radix4,"7+7+6","appt-online-register-tail-grouped-writer-final+appt-online-register-tail-grouped-writer-final+appt-online-register-tail-grouped-writer-final","256+256+256","8+8+8","32+16+16","4+4+4","2+2+2","1+1+1","7+7+6","ring+ring","2+2",8,0,3,10,2.808928,0.532480,0.533302,0.000822,7,13,3,16,2,natural,natural,"appt-ntt-log20-7x7x6-xor-fw16-v1",2.615072,7512.019210,671.537549,7876923055.479513,fused,shoup,-1
1,writer-final,16,2,7-12-4,"Tesla V100-SXM2-16GB",7.0,0,"v100-sm70","hierarchical-dataflow-appt-online-register-tail-grouped-writer-final","experimental",0.000000,"persistent CTA fold roles publish online-reordered packet groups without fold-wide barriers",hierarchical-dataflow,0,named-barrier,0,0,0,3,0,0,0,hermes-xor,inplace,radix4,32,20,1048576,4,998244353,30,0,0,0,dataflow-radix4,"7+7+6","appt-online-register-tail-grouped-writer-final+appt-online-register-tail-grouped-writer-final+appt-online-register-tail-grouped-writer-final","256+256+256","8+8+8","32+16+16","4+4+4","2+2+2","1+1+1","7+7+6","ring+ring","2+2",8,0,3,10,2.806272,0.582758,0.583558,0.000799,7,12,4,16,2,natural,natural,"appt-ntt-log20-7x7x6-xor-fw16-v1",2.619904,6863.908313,665.675427,7197329522.952240,fused,shoup,-1
1,writer-final,16,2,7-11-5,"Tesla V100-SXM2-16GB",7.0,0,"v100-sm70","hierarchical-dataflow-appt-online-register-tail-grouped-writer-final","experimental",0.000000,"persistent CTA fold roles publish online-reordered packet groups without fold-wide barriers",hierarchical-dataflow,0,named-barrier,0,0,0,3,0,0,0,hermes-xor,inplace,radix4,32,20,1048576,4,998244353,30,0,0,0,dataflow-radix4,"7+7+6","appt-online-register-tail-grouped-writer-final+appt-online-register-tail-grouped-writer-final+appt-online-register-tail-grouped-writer-final","256+256+256","8+8+8","32+16+16","4+4+4","2+2+2","1+1+1","7+7+6","ring+ring","2+2",8,0,3,10,2.811392,0.569037,0.569862,0.000825,7,11,5,16,2,natural,natural,"appt-ntt-log20-7x7x6-xor-fw16-v1",2.622016,7029.421839,666.395126,7370883034.103591,fused,shoup,-1
1,writer-final,16,2,6-14-2,"Tesla V100-SXM2-16GB",7.0,0,"v100-sm70","hierarchical-dataflow-appt-online-register-tail-grouped-writer-final","experimental",0.000000,"persistent CTA fold roles publish online-reordered packet groups without fold-wide barriers",hierarchical-dataflow,0,named-barrier,0,0,0,3,0,0,0,hermes-xor,inplace,radix4,32,20,1048576,4,998244353,30,0,0,0,dataflow-radix4,"7+7+6","appt-online-register-tail-grouped-writer-final+appt-online-register-tail-grouped-writer-final+appt-online-register-tail-grouped-writer-final","256+256+256","8+8+8","32+16+16","4+4+4","2+2+2","1+1+1","7+7+6","ring+ring","2+2",8,0,3,10,2.816768,0.581427,0.582280,0.000853,6,14,2,16,2,natural,natural,"appt-ntt-log20-7x7x6-xor-fw16-v1",2.627008,6879.622911,663.878035,7213807473.673182,fused,shoup,-1
1,writer-final,16,2,6-13-3,"Tesla V100-SXM2-16GB",7.0,0,"v100-sm70","hierarchical-dataflow-appt-online-register-tail-grouped-writer-final","experimental",0.000000,"persistent CTA fold roles publish online-reordered packet groups without fold-wide barriers",hierarchical-dataflow,0,named-barrier,0,0,0,3,0,0,0,hermes-xor,inplace,radix4,32,20,1048576,4,998244353,30,0,0,0,dataflow-radix4,"7+7+6","appt-online-register-tail-grouped-writer-final+appt-online-register-tail-grouped-writer-final+appt-online-register-tail-grouped-writer-final","256+256+256","8+8+8","32+16+16","4+4+4","2+2+2","1+1+1","7+7+6","ring+ring","2+2",8,0,3,10,2.815072,0.534528,0.535453,0.000925,6,13,3,16,2,natural,natural,"appt-ntt-log20-7x7x6-xor-fw16-v1",2.629760,7483.237309,668.967905,7846743044.816329,fused,shoup,-1
1,writer-final,16,2,6-12-4,"Tesla V100-SXM2-16GB",7.0,0,"v100-sm70","hierarchical-dataflow-appt-online-register-tail-grouped-writer-final","experimental",0.000000,"persistent CTA fold roles publish online-reordered packet groups without fold-wide barriers",hierarchical-dataflow,0,named-barrier,0,0,0,3,0,0,0,hermes-xor,inplace,radix4,32,20,1048576,4,998244353,30,0,0,0,dataflow-radix4,"7+7+6","appt-online-register-tail-grouped-writer-final+appt-online-register-tail-grouped-writer-final+appt-online-register-tail-grouped-writer-final","256+256+256","8+8+8","32+16+16","4+4+4","2+2+2","1+1+1","7+7+6","ring+ring","2+2",8,0,3,10,2.807680,0.513946,0.514871,0.000925,6,12,4,16,2,natural,natural,"appt-ntt-log20-7x7x6-xor-fw16-v1",2.626368,7782.925195,672.495689,8160988569.734150,fused,shoup,-1
1,writer-final,16,2,6-11-5,"Tesla V100-SXM2-16GB",7.0,0,"v100-sm70","hierarchical-dataflow-appt-online-register-tail-grouped-writer-final","experimental",0.000000,"persistent CTA fold roles publish online-reordered packet groups without fold-wide barriers",hierarchical-dataflow,0,named-barrier,0,0,0,3,0,0,0,hermes-xor,inplace,radix4,32,20,1048576,4,998244353,30,0,0,0,dataflow-radix4,"7+7+6","appt-online-register-tail-grouped-writer-final+appt-online-register-tail-grouped-writer-final+appt-online-register-tail-grouped-writer-final","256+256+256","8+8+8","32+16+16","4+4+4","2+2+2","1+1+1","7+7+6","ring+ring","2+2",8,0,3,10,2.807584,0.577843,0.578653,0.000809,6,11,5,16,2,natural,natural,"appt-ntt-log20-7x7x6-xor-fw16-v1",2.619648,6922.293235,666.103230,7258550551.612650,fused,shoup,-1
1,writer-final,16,2,6-10-6,"Tesla V100-SXM2-16GB",7.0,0,"v100-sm70","hierarchical-dataflow-appt-online-register-tail-grouped-writer-final","experimental",0.000000,"persistent CTA fold roles publish online-reordered packet groups without fold-wide barriers",hierarchical-dataflow,0,named-barrier,0,0,0,3,0,0,0,hermes-xor,inplace,radix4,32,20,1048576,4,998244353,30,0,0,0,dataflow-radix4,"7+7+6","appt-online-register-tail-grouped-writer-final+appt-online-register-tail-grouped-writer-final+appt-online-register-tail-grouped-writer-final","256+256+256","8+8+8","32+16+16","4+4+4","2+2+2","1+1+1","7+7+6","ring+ring","2+2",8,0,3,10,2.817312,0.574259,0.575236,0.000977,6,10,6,16,2,natural,natural,"appt-ntt-log20-7x7x6-xor-fw16-v1",2.630560,6965.496182,664.216694,7303852124.472234,fused,shoup,-1
1,writer-final,32,1,7-13-3,"Tesla V100-SXM2-16GB",7.0,0,"v100-sm70","hierarchical-dataflow-appt-online-register-tail-grouped-writer-final","experimental",0.000000,"persistent CTA fold roles publish online-reordered packet groups without fold-wide barriers",hierarchical-dataflow,0,named-barrier,0,0,0,3,0,0,0,hermes-xor,inplace,radix4,32,20,1048576,4,998244353,30,0,0,0,dataflow-radix4,"7+7+6","appt-online-register-tail-grouped-writer-final+appt-online-register-tail-grouped-writer-final+appt-online-register-tail-grouped-writer-final","256+256+256","8+8+8","32+16+16","4+4+4","2+2+2","1+1+1","7+7+6","ring+ring","2+2",8,0,3,10,2.807872,0.710554,0.711380,0.000827,7,13,3,32,1,natural,natural,"appt-ntt-log20-7x7x6-xor-fw32-v1",2.619168,5629.413567,651.721213,5902867960.684537,fused,shoup,-1
1,writer-final,32,1,7-12-4,"Tesla V100-SXM2-16GB",7.0,0,"v100-sm70","hierarchical-dataflow-appt-online-register-tail-grouped-writer-final","experimental",0.000000,"persistent CTA fold roles publish online-reordered packet groups without fold-wide barriers",hierarchical-dataflow,0,named-barrier,0,0,0,3,0,0,0,hermes-xor,inplace,radix4,32,20,1048576,4,998244353,30,0,0,0,dataflow-radix4,"7+7+6","appt-online-register-tail-grouped-writer-final+appt-online-register-tail-grouped-writer-final+appt-online-register-tail-grouped-writer-final","256+256+256","8+8+8","32+16+16","4+4+4","2+2+2","1+1+1","7+7+6","ring+ring","2+2",8,0,3,10,2.816832,0.671334,0.672413,0.001079,7,12,4,32,1,natural,natural,"appt-ntt-log20-7x7x6-xor-fw32-v1",2.630688,5958.282615,653.717140,6247712151.006089,fused,shoup,-1
1,writer-final,32,1,7-11-5,"Tesla V100-SXM2-16GB",7.0,0,"v100-sm70","hierarchical-dataflow-appt-online-register-tail-grouped-writer-final","experimental",0.000000,"persistent CTA fold roles publish online-reordered packet groups without fold-wide barriers",hierarchical-dataflow,0,named-barrier,0,0,0,3,0,0,0,hermes-xor,inplace,radix4,32,20,1048576,4,998244353,30,0,0,0,dataflow-radix4,"7+7+6","appt-online-register-tail-grouped-writer-final+appt-online-register-tail-grouped-writer-final+appt-online-register-tail-grouped-writer-final","256+256+256","8+8+8","32+16+16","4+4+4","2+2+2","1+1+1","7+7+6","ring+ring","2+2",8,0,3,10,2.795264,0.601498,0.602363,0.000866,7,11,5,32,1,natural,natural,"appt-ntt-log20-7x7x6-xor-fw32-v1",2.623744,6650.068201,664.396026,6973101914.209992,fused,shoup,-1
1,writer-final,32,1,6-14-2,"Tesla V100-SXM2-16GB",7.0,0,"v100-sm70","hierarchical-dataflow-appt-online-register-tail-grouped-writer-final","experimental",0.000000,"persistent CTA fold roles publish online-reordered packet groups without fold-wide barriers",hierarchical-dataflow,0,named-barrier,0,0,0,3,0,0,0,hermes-xor,inplace,radix4,32,20,1048576,4,998244353,30,0,0,0,dataflow-radix4,"7+7+6","appt-online-register-tail-grouped-writer-final+appt-online-register-tail-grouped-writer-final+appt-online-register-tail-grouped-writer-final","256+256+256","8+8+8","32+16+16","4+4+4","2+2+2","1+1+1","7+7+6","ring+ring","2+2",8,0,3,10,2.832864,0.859238,0.860100,0.000862,6,14,2,32,1,natural,natural,"appt-ntt-log20-7x7x6-xor-fw32-v1",2.631264,4655.285177,632.574440,4881420309.697481,fused,shoup,-1
1,writer-final,32,1,6-13-3,"Tesla V100-SXM2-16GB",7.0,0,"v100-sm70","hierarchical-dataflow-appt-online-register-tail-grouped-writer-final","experimental",0.000000,"persistent CTA fold roles publish online-reordered packet groups without fold-wide barriers",hierarchical-dataflow,0,named-barrier,0,0,0,3,0,0,0,hermes-xor,inplace,radix4,32,20,1048576,4,998244353,30,0,0,0,dataflow-radix4,"7+7+6","appt-online-register-tail-grouped-writer-final+appt-online-register-tail-grouped-writer-final+appt-online-register-tail-grouped-writer-final","256+256+256","8+8+8","32+16+16","4+4+4","2+2+2","1+1+1","7+7+6","ring+ring","2+2",8,0,3,10,2.809056,0.701440,0.702213,0.000773,6,13,3,32,1,natural,natural,"appt-ntt-log20-7x7x6-xor-fw32-v1",2.620800,5702.554934,652.390616,5979562242.487515,fused,shoup,-1
1,writer-final,32,1,6-12-4,"Tesla V100-SXM2-16GB",7.0,0,"v100-sm70","hierarchical-dataflow-appt-online-register-tail-grouped-writer-final","experimental",0.000000,"persistent CTA fold roles publish online-reordered packet groups without fold-wide barriers",hierarchical-dataflow,0,named-barrier,0,0,0,3,0,0,0,hermes-xor,inplace,radix4,32,20,1048576,4,998244353,30,0,0,0,dataflow-radix4,"7+7+6","appt-online-register-tail-grouped-writer-final+appt-online-register-tail-grouped-writer-final+appt-online-register-tail-grouped-writer-final","256+256+256","8+8+8","32+16+16","4+4+4","2+2+2","1+1+1","7+7+6","ring+ring","2+2",8,0,3,10,2.800992,0.611942,0.612774,0.000831,6,12,4,32,1,natural,natural,"appt-ntt-log20-7x7x6-xor-fw32-v1",2.620384,6536.562807,662.985066,6854082881.402282,fused,shoup,-1
1,writer-final,32,1,6-11-5,"Tesla V100-SXM2-16GB",7.0,0,"v100-sm70","hierarchical-dataflow-appt-online-register-tail-grouped-writer-final","experimental",0.000000,"persistent CTA fold roles publish online-reordered packet groups without fold-wide barriers",hierarchical-dataflow,0,named-barrier,0,0,0,3,0,0,0,hermes-xor,inplace,radix4,32,20,1048576,4,998244353,30,0,0,0,dataflow-radix4,"7+7+6","appt-online-register-tail-grouped-writer-final+appt-online-register-tail-grouped-writer-final+appt-online-register-tail-grouped-writer-final","256+256+256","8+8+8","32+16+16","4+4+4","2+2+2","1+1+1","7+7+6","ring+ring","2+2",8,0,3,10,2.799840,0.606720,0.607414,0.000694,6,11,5,32,1,natural,natural,"appt-ntt-log20-7x7x6-xor-fw32-v1",2.614336,6592.826675,664.352945,6913079823.444040,fused,shoup,-1
1,writer-final,32,1,6-10-6,"Tesla V100-SXM2-16GB",7.0,0,"v100-sm70","hierarchical-dataflow-appt-online-register-tail-grouped-writer-final","experimental",0.000000,"persistent CTA fold roles publish online-reordered packet groups without fold-wide barriers",hierarchical-dataflow,0,named-barrier,0,0,0,3,0,0,0,hermes-xor,inplace,radix4,32,20,1048576,4,998244353,30,0,0,0,dataflow-radix4,"7+7+6","appt-online-register-tail-grouped-writer-final+appt-online-register-tail-grouped-writer-final+appt-online-register-tail-grouped-writer-final","256+256+256","8+8+8","32+16+16","4+4+4","2+2+2","1+1+1","7+7+6","ring+ring","2+2",8,0,3,10,2.810944,0.585626,0.586495,0.000869,6,10,6,32,1,natural,natural,"appt-ntt-log20-7x7x6-xor-fw32-v1",2.615936,6830.302630,665.280033,7162091410.524014,fused,shoup,-1
1,writer-final,32,2,7-13-3,"Tesla V100-SXM2-16GB",7.0,0,"v100-sm70","hierarchical-dataflow-appt-online-register-tail-grouped-writer-final","experimental",0.000000,"persistent CTA fold roles publish online-reordered packet groups without fold-wide barriers",hierarchical-dataflow,0,named-barrier,0,0,0,3,0,0,0,hermes-xor,inplace,radix4,32,20,1048576,4,998244353,30,0,0,0,dataflow-radix4,"7+7+6","appt-online-register-tail-grouped-writer-final+appt-online-register-tail-grouped-writer-final+appt-online-register-tail-grouped-writer-final","256+256+256","8+8+8","32+16+16","4+4+4","2+2+2","1+1+1","7+7+6","ring+ring","2+2",8,0,3,10,2.818880,0.692224,0.693000,0.000776,7,13,3,32,2,natural,natural,"appt-ntt-log20-7x7x6-xor-fw32-v1",2.621952,5778.476614,652.203393,6059171894.176745,fused,shoup,-1
1,writer-final,32,2,7-12-4,"Tesla V100-SXM2-16GB",7.0,0,"v100-sm70","hierarchical-dataflow-appt-online-register-tail-grouped-writer-final","experimental",0.000000,"persistent CTA fold roles publish online-reordered packet groups without fold-wide barriers",hierarchical-dataflow,0,named-barrier,0,0,0,3,0,0,0,hermes-xor,inplace,radix4,32,20,1048576,4,998244353,30,0,0,0,dataflow-radix4,"7+7+6","appt-online-register-tail-grouped-writer-final+appt-online-register-tail-grouped-writer-final+appt-online-register-tail-grouped-writer-final","256+256+256","8+8+8","32+16+16","4+4+4","2+2+2","1+1+1","7+7+6","ring+ring","2+2",8,0,3,10,2.810944,0.671437,0.672192,0.000756,7,12,4,32,2,natural,natural,"appt-ntt-log20-7x7x6-xor-fw32-v1",2.620000,5957.373917,655.481879,6246759312.841017,fused,shoup,-1
1,writer-final,32,2,7-11-5,"Tesla V100-SXM2-16GB",7.0,0,"v100-sm70","hierarchical-dataflow-appt-online-register-tail-grouped-writer-final","experimental",0.000000,"persistent CTA fold roles publish online-reordered packet groups without fold-wide barriers",hierarchical-dataflow,0,named-barrier,0,0,0,3,0,0,0,hermes-xor,inplace,radix4,32,20,1048576,4,998244353,30,0,0,0,dataflow-radix4,"7+7+6","appt-online-register-tail-grouped-writer-final+appt-online-register-tail-grouped-writer-final+appt-online-register-tail-grouped-writer-final","256+256+256","8+8+8","32+16+16","4+4+4","2+2+2","1+1+1","7+7+6","ring+ring","2+2",8,0,3,10,2.807520,0.625459,0.626321,0.000862,7,11,5,32,2,natural,natural,"appt-ntt-log20-7x7x6-xor-fw32-v1",2.623200,6395.301304,660.482454,6705959459.875595,fused,shoup,-1
1,writer-final,32,2,6-14-2,"Tesla V100-SXM2-16GB",7.0,0,"v100-sm70","hierarchical-dataflow-appt-online-register-tail-grouped-writer-final","experimental",0.000000,"persistent CTA fold roles publish online-reordered packet groups without fold-wide barriers",hierarchical-dataflow,0,named-barrier,0,0,0,3,0,0,0,hermes-xor,inplace,radix4,32,20,1048576,4,998244353,30,0,0,0,dataflow-radix4,"7+7+6","appt-online-register-tail-grouped-writer-final+appt-online-register-tail-grouped-writer-final+appt-online-register-tail-grouped-writer-final","256+256+256","8+8+8","32+16+16","4+4+4","2+2+2","1+1+1","7+7+6","ring+ring","2+2",8,0,3,10,2.809088,0.858726,0.859497,0.000770,6,14,2,32,2,natural,natural,"appt-ntt-log20-7x7x6-xor-fw32-v1",2.612640,4658.061150,636.896604,4884331128.831894,fused,shoup,-1
1,writer-final,32,2,6-13-3,"Tesla V100-SXM2-16GB",7.0,0,"v100-sm70","hierarchical-dataflow-appt-online-register-tail-grouped-writer-final","experimental",0.000000,"persistent CTA fold roles publish online-reordered packet groups without fold-wide barriers",hierarchical-dataflow,0,named-barrier,0,0,0,3,0,0,0,hermes-xor,inplace,radix4,32,20,1048576,4,998244353,30,0,0,0,dataflow-radix4,"7+7+6","appt-online-register-tail-grouped-writer-final+appt-online-register-tail-grouped-writer-final+appt-online-register-tail-grouped-writer-final","256+256+256","8+8+8","32+16+16","4+4+4","2+2+2","1+1+1","7+7+6","ring+ring","2+2",8,0,3,10,2.816352,0.699699,0.700525,0.000826,6,13,3,32,2,natural,natural,"appt-ntt-log20-7x7x6-xor-fw32-v1",2.637120,5716.742092,650.071308,5994438555.709279,fused,shoup,-1
1,writer-final,32,2,6-12-4,"Tesla V100-SXM2-16GB",7.0,0,"v100-sm70","hierarchical-dataflow-appt-online-register-tail-grouped-writer-final","experimental",0.000000,"persistent CTA fold roles publish online-reordered packet groups without fold-wide barriers",hierarchical-dataflow,0,named-barrier,0,0,0,3,0,0,0,hermes-xor,inplace,radix4,32,20,1048576,4,998244353,30,0,0,0,dataflow-radix4,"7+7+6","appt-online-register-tail-grouped-writer-final+appt-online-register-tail-grouped-writer-final+appt-online-register-tail-grouped-writer-final","256+256+256","8+8+8","32+16+16","4+4+4","2+2+2","1+1+1","7+7+6","ring+ring","2+2",8,0,3,10,2.799040,0.602214,0.602967,0.000753,6,12,4,32,2,natural,natural,"appt-ntt-log20-7x7x6-xor-fw32-v1",2.624160,6642.152739,663.854741,6964801950.700357,fused,shoup,-1
1,writer-final,32,2,6-11-5,"Tesla V100-SXM2-16GB",7.0,0,"v100-sm70","hierarchical-dataflow-appt-online-register-tail-grouped-writer-final","experimental",0.000000,"persistent CTA fold roles publish online-reordered packet groups without fold-wide barriers",hierarchical-dataflow,0,named-barrier,0,0,0,3,0,0,0,hermes-xor,inplace,radix4,32,20,1048576,4,998244353,30,0,0,0,dataflow-radix4,"7+7+6","appt-online-register-tail-grouped-writer-final+appt-online-register-tail-grouped-writer-final+appt-online-register-tail-grouped-writer-final","256+256+256","8+8+8","32+16+16","4+4+4","2+2+2","1+1+1","7+7+6","ring+ring","2+2",8,0,3,10,2.798176,0.622490,0.623345,0.000855,6,11,5,32,2,natural,natural,"appt-ntt-log20-7x7x6-xor-fw32-v1",2.624032,6425.810460,661.736986,6737950628.493776,fused,shoup,-1
1,writer-final,32,2,6-10-6,"Tesla V100-SXM2-16GB",7.0,0,"v100-sm70","hierarchical-dataflow-appt-online-register-tail-grouped-writer-final","experimental",0.000000,"persistent CTA fold roles publish online-reordered packet groups without fold-wide barriers",hierarchical-dataflow,0,named-barrier,0,0,0,3,0,0,0,hermes-xor,inplace,radix4,32,20,1048576,4,998244353,30,0,0,0,dataflow-radix4,"7+7+6","appt-online-register-tail-grouped-writer-final+appt-online-register-tail-grouped-writer-final+appt-online-register-tail-grouped-writer-final","256+256+256","8+8+8","32+16+16","4+4+4","2+2+2","1+1+1","7+7+6","ring+ring","2+2",8,0,3,10,2.813824,0.601600,0.602472,0.000873,6,10,6,32,2,natural,natural,"appt-ntt-log20-7x7x6-xor-fw32-v1",2.624960,6648.936266,662.209569,6971914994.191024,fused,shoup,-1
1,v06,0,0,9-11,"Tesla V100-SXM2-16GB",7.0,0,"v100-sm70","hierarchical-dataflow-wave-10x10-resident-radix4","experimental",0.000000,"transform-wave readiness with the generated resident radix-4 core",hierarchical-dataflow,0,named-barrier,0,0,0,4,0,0,0,hermes-xor,inplace,radix4,32,20,1048576,16,998244353,30,0,0,0,dataflow-radix4,"10+10","dataflow-radix4+dataflow-radix4","256+256","1+1","0+0","0+0","0+0","0+0","9+11","full-scratch","1",8,0,3,10,10.895968,1.094349,1.095167,0.000818,0,0,0,0,0,natural,natural,"",10.130656,14620.567201,723.295474,15330775873.251415,fused,shoup,-1
1,grouped,32,2,6-16-2,"Tesla V100-SXM2-16GB",7.0,0,"v100-sm70","hierarchical-dataflow-appt-online-register-tail-grouped","experimental",0.000000,"persistent CTA fold roles publish online-reordered packet groups without fold-wide barriers",hierarchical-dataflow,0,named-barrier,0,0,0,3,0,0,0,hermes-xor,inplace,radix4,32,20,1048576,16,998244353,30,0,0,0,dataflow-radix4,"7+7+6","appt-online-register-tail-grouped+appt-online-register-tail-grouped+appt-online-register-tail-grouped","256+256+256","8+8+8","32+16+16","4+4+4","2+2+2","1+1+1","7+7+6","ring+ring","2+2",8,0,3,10,10.900896,2.164838,2.165620,0.000782,6,16,2,32,2,natural,natural,"appt-ntt-log20-7x7x6-xor-fw32-v1",10.129216,7390.852193,689.805307,7749870228.674702,fused,shoup,-1
1,writer-final,8,1,7-13-3,"Tesla V100-SXM2-16GB",7.0,0,"v100-sm70","hierarchical-dataflow-appt-online-register-tail-grouped-writer-final","experimental",0.000000,"persistent CTA fold roles publish online-reordered packet groups without fold-wide barriers",hierarchical-dataflow,0,named-barrier,0,0,0,3,0,0,0,hermes-xor,inplace,radix4,32,20,1048576,16,998244353,30,0,0,0,dataflow-radix4,"7+7+6","appt-online-register-tail-grouped-writer-final+appt-online-register-tail-grouped-writer-final+appt-online-register-tail-grouped-writer-final","256+256+256","8+8+8","32+16+16","4+4+4","2+2+2","1+1+1","7+7+6","ring+ring","2+2",8,0,3,10,10.894592,2.019226,2.020002,0.000777,7,13,3,8,1,natural,natural,"appt-ntt-log20-7x7x6-xor-fw8-v1",10.136256,7923.829819,694.140936,8308737776.381039,fused,shoup,-1
1,writer-final,8,1,7-12-4,"Tesla V100-SXM2-16GB",7.0,0,"v100-sm70","hierarchical-dataflow-appt-online-register-tail-grouped-writer-final","experimental",0.000000,"persistent CTA fold roles publish online-reordered packet groups without fold-wide barriers",hierarchical-dataflow,0,named-barrier,0,0,0,3,0,0,0,hermes-xor,inplace,radix4,32,20,1048576,16,998244353,30,0,0,0,dataflow-radix4,"7+7+6","appt-online-register-tail-grouped-writer-final+appt-online-register-tail-grouped-writer-final+appt-online-register-tail-grouped-writer-final","256+256+256","8+8+8","32+16+16","4+4+4","2+2+2","1+1+1","7+7+6","ring+ring","2+2",8,0,3,10,10.894112,2.042163,2.042993,0.000830,7,12,4,8,1,natural,natural,"appt-ntt-log20-7x7x6-xor-fw8-v1",10.129024,7834.828603,693.682762,8215413237.601183,fused,shoup,-1
1,writer-final,8,1,7-11-5,"Tesla V100-SXM2-16GB",7.0,0,"v100-sm70","hierarchical-dataflow-appt-online-register-tail-grouped-writer-final","experimental",0.000000,"persistent CTA fold roles publish online-reordered packet groups without fold-wide barriers",hierarchical-dataflow,0,named-barrier,0,0,0,3,0,0,0,hermes-xor,inplace,radix4,32,20,1048576,16,998244353,30,0,0,0,dataflow-radix4,"7+7+6","appt-online-register-tail-grouped-writer-final+appt-online-register-tail-grouped-writer-final+appt-online-register-tail-grouped-writer-final","256+256+256","8+8+8","32+16+16","4+4+4","2+2+2","1+1+1","7+7+6","ring+ring","2+2",8,0,3,10,10.894272,2.083533,2.084371,0.000838,7,11,5,8,1,natural,natural,"appt-ntt-log20-7x7x6-xor-fw8-v1",10.129856,7679.264719,692.411065,8052292681.822229,fused,shoup,-1
1,writer-final,8,1,6-14-2,"Tesla V100-SXM2-16GB",7.0,0,"v100-sm70","hierarchical-dataflow-appt-online-register-tail-grouped-writer-final","experimental",0.000000,"persistent CTA fold roles publish online-reordered packet groups without fold-wide barriers",hierarchical-dataflow,0,named-barrier,0,0,0,3,0,0,0,hermes-xor,inplace,radix4,32,20,1048576,16,998244353,30,0,0,0,dataflow-radix4,"7+7+6","appt-online-register-tail-grouped-writer-final+appt-online-register-tail-grouped-writer-final+appt-online-register-tail-grouped-writer-final","256+256+256","8+8+8","32+16+16","4+4+4","2+2+2","1+1+1","7+7+6","ring+ring","2+2",8,0,3,10,10.894336,2.124493,2.125295,0.000802,6,14,2,8,1,natural,natural,"appt-ntt-log20-7x7x6-xor-fw8-v1",10.133248,7531.209035,691.082706,7897045044.896125,fused,shoup,-1
1,writer-final,8,1,6-13-3,"Tesla V100-SXM2-16GB",7.0,0,"v100-sm70","hierarchical-dataflow-appt-online-register-tail-grouped-writer-final","experimental",0.000000,"persistent CTA fold roles publish online-reordered packet groups without fold-wide barriers",hierarchical-dataflow,0,named-barrier,0,0,0,3,0,0,0,hermes-xor,inplace,radix4,32,20,1048576,16,998244353,30,0,0,0,dataflow-radix4,"7+7+6","appt-online-register-tail-grouped-writer-final+appt-online-register-tail-grouped-writer-final+appt-online-register-tail-grouped-writer-final","256+256+256","8+8+8","32+16+16","4+4+4","2+2+2","1+1+1","7+7+6","ring+ring","2+2",8,0,3,10,10.896608,1.953382,1.954246,0.000864,6,13,3,8,1,natural,natural,"appt-ntt-log20-7x7x6-xor-fw8-v1",10.129600,8190.920142,696.270025,8588802279.199520,fused,shoup,-1
1,writer-final,8,1,6-12-4,"Tesla V100-SXM2-16GB",7.0,0,"v100-sm70","hierarchical-dataflow-appt-online-register-tail-grouped-writer-final","experimental",0.000000,"persistent CTA fold roles publish online-reordered packet groups without fold-wide barriers",hierarchical-dataflow,0,named-barrier,0,0,0,3,0,0,0,hermes-xor,inplace,radix4,32,20,1048576,16,998244353,30,0,0,0,dataflow-radix4,"7+7+6","appt-online-register-tail-grouped-writer-final+appt-online-register-tail-grouped-writer-final+appt-online-register-tail-grouped-writer-final","256+256+256","8+8+8","32+16+16","4+4+4","2+2+2","1+1+1","7+7+6","ring+ring","2+2",8,0,3,10,10.902400,1.930650,1.931576,0.000927,6,12,4,8,1,natural,natural,"appt-ntt-log20-7x7x6-xor-fw8-v1",10.130656,8287.366424,696.751655,8689933535.414303,fused,shoup,-1
1,writer-final,8,1,6-11-5,"Tesla V100-SXM2-16GB",7.0,0,"v100-sm70","hierarchical-dataflow-appt-online-register-tail-grouped-writer-final","experimental",0.000000,"persistent CTA fold roles publish online-reordered packet groups without fold-wide barriers",hierarchical-dataflow,0,named-barrier,0,0,0,3,0,0,0,hermes-xor,inplace,radix4,32,20,1048576,16,998244353,30,0,0,0,dataflow-radix4,"7+7+6","appt-online-register-tail-grouped-writer-final+appt-online-register-tail-grouped-writer-final+appt-online-register-tail-grouped-writer-final","256+256+256","8+8+8","32+16+16","4+4+4","2+2+2","1+1+1","7+7+6","ring+ring","2+2",8,0,3,10,10.893568,2.058752,2.059480,0.000728,6,11,5,8,1,natural,natural,"appt-ntt-log20-7x7x6-xor-fw8-v1",10.130112,7771.698356,693.167867,8149216375.534451,fused,shoup,-1
1,writer-final,8,1,6-10-6,"Tesla V100-SXM2-16GB",7.0,0,"v100-sm70","hierarchical-dataflow-appt-online-register-tail-grouped-writer-final","experimental",0.000000,"persistent CTA fold roles publish online-reordered packet groups without fold-wide barriers",hierarchical-dataflow,0,named-barrier,0,0,0,3,0,0,0,hermes-xor,inplace,radix4,32,20,1048576,16,998244353,30,0,0,0,dataflow-radix4,"7+7+6","appt-online-register-tail-grouped-writer-final+appt-online-register-tail-grouped-writer-final+appt-online-register-tail-grouped-writer-final","256+256+256","8+8+8","32+16+16","4+4+4","2+2+2","1+1+1","7+7+6","ring+ring","2+2",8,0,3,10,10.901152,2.125721,2.126570,0.000849,6,10,6,8,1,natural,natural,"appt-ntt-log20-7x7x6-xor-fw8-v1",10.134976,7526.856336,690.791122,7892480909.732498,fused,shoup,-1
1,writer-final,8,2,7-13-3,"Tesla V100-SXM2-16GB",7.0,0,"v100-sm70","hierarchical-dataflow-appt-online-register-tail-grouped-writer-final","experimental",0.000000,"persistent CTA fold roles publish online-reordered packet groups without fold-wide barriers",hierarchical-dataflow,0,named-barrier,0,0,0,3,0,0,0,hermes-xor,inplace,radix4,32,20,1048576,16,998244353,30,0,0,0,dataflow-radix4,"7+7+6","appt-online-register-tail-grouped-writer-final+appt-online-register-tail-grouped-writer-final+appt-online-register-tail-grouped-writer-final","256+256+256","8+8+8","32+16+16","4+4+4","2+2+2","1+1+1","7+7+6","ring+ring","2+2",8,0,3,10,10.891808,2.012467,2.013285,0.000817,7,13,3,8,2,natural,natural,"appt-ntt-log20-7x7x6-xor-fw8-v1",10.126400,7950.440350,694.725631,8336640940.457172,fused,shoup,-1
1,writer-final,8,2,7-12-4,"Tesla V100-SXM2-16GB",7.0,0,"v100-sm70","hierarchical-dataflow-appt-online-register-tail-grouped-writer-final","experimental",0.000000,"persistent CTA fold roles publish online-reordered packet groups without fold-wide barriers",hierarchical-dataflow,0,named-barrier,0,0,0,3,0,0,0,hermes-xor,inplace,radix4,32,20,1048576,16,998244353,30,0,0,0,dataflow-radix4,"7+7+6","appt-online-register-tail-grouped-writer-final+appt-online-register-tail-grouped-writer-final+appt-online-register-tail-grouped-writer-final","256+256+256","8+8+8","32+16+16","4+4+4","2+2+2","1+1+1","7+7+6","ring+ring","2+2",8,0,3,10,10.895904,2.015846,2.016672,0.000825,7,12,4,8,2,natural,natural,"appt-ntt-log20-7x7x6-xor-fw8-v1",10.131872,7937.112311,694.335284,8322665478.779899,fused,shoup,-1
1,writer-final,8,2,7-11-5,"Tesla V100-SXM2-16GB",7.0,0,"v100-sm70","hierarchical-dataflow-appt-online-register-tail-grouped-writer-final","experimental",0.000000,"persistent CTA fold roles publish online-reordered packet groups without fold-wide barriers",hierarchical-dataflow,0,named-barrier,0,0,0,3,0,0,0,hermes-xor,inplace,radix4,32,20,1048576,16,998244353,30,0,0,0,dataflow-radix4,"7+7+6","appt-online-register-tail-grouped-writer-final+appt-online-register-tail-grouped-writer-final+appt-online-register-tail-grouped-writer-final","256+256+256","8+8+8","32+16+16","4+4+4","2+2+2","1+1+1","7+7+6","ring+ring","2+2",8,0,3,10,10.896640,2.089062,2.089916,0.000854,7,11,5,8,2,natural,natural,"appt-ntt-log20-7x7x6-xor-fw8-v1",10.129408,7658.938970,692.187926,8030979589.017413,fused,shoup,-1
1,writer-final,8,2,6-14-2,"Tesla V100-SXM2-16GB",7.0,0,"v100-sm70","hierarchical-dataflow-appt-online-register-tail-grouped-writer-final","experimental",0.000000,"persistent CTA fold roles publish online-reordered packet groups without fold-wide barriers",hierarchical-dataflow,0,named-barrier,0,0,0,3,0,0,0,hermes-xor,inplace,radix4,32,20,1048576,16,998244353,30,0,0,0,dataflow-radix4,"7+7+6","appt-online-register-tail-grouped-writer-final+appt-online-register-tail-grouped-writer-final+appt-online-register-tail-grouped-writer-final","256+256+256","8+8+8","32+16+16","4+4+4","2+2+2","1+1+1","7+7+6","ring+ring","2+2",8,0,3,10,10.897216,2.076570,2.077405,0.000835,6,14,2,8,2,natural,natural,"appt-ntt-log20-7x7x6-xor-fw8-v1",10.136288,7705.015199,692.338788,8079294017.342377,fused,shoup,-1
1,writer-final,8,2,6-13-3,"Tesla V100-SXM2-16GB",7.0,0,"v100-sm70","hierarchical-dataflow-appt-online-register-tail-grouped-writer-final","experimental",0.000000,"persistent CTA fold roles publish online-reordered packet groups without fold-wide barriers",hierarchical-dataflow,0,named-barrier,0,0,0,3,0,0,0,hermes-xor,inplace,radix4,32,20,1048576,16,998244353,30,0,0,0,dataflow-radix4,"7+7+6","appt-online-register-tail-grouped-writer-final+appt-online-register-tail-grouped-writer-final+appt-online-register-tail-grouped-writer-final","256+256+256","8+8+8","32+16+16","4+4+4","2+2+2","1+1+1","7+7+6","ring+ring","2+2",8,0,3,10,10.892640,1.938432,1.939242,0.000810,6,13,3,8,2,natural,natural,"appt-ntt-log20-7x7x6-xor-fw8-v1",10.130432,8254.094123,696.818460,8655044999.493135,fused,shoup,-1
1,writer-final,8,2,6-12-4,"Tesla V100-SXM2-16GB",7.0,0,"v100-sm70","hierarchical-dataflow-appt-online-register-tail-grouped-writer-final","experimental",0.000000,"persistent CTA fold roles publish online-reordered packet groups without fold-wide barriers",hierarchical-dataflow,0,named-barrier,0,0,0,3,0,0,0,hermes-xor,inplace,radix4,32,20,1048576,16,998244353,30,0,0,0,dataflow-radix4,"7+7+6","appt-online-register-tail-grouped-writer-final+appt-online-register-tail-grouped-writer-final+appt-online-register-tail-grouped-writer-final","256+256+256","8+8+8","32+16+16","4+4+4","2+2+2","1+1+1","7+7+6","ring+ring","2+2",8,0,3,10,10.905792,1.952154,1.952974,0.000821,6,12,4,8,2,natural,natural,"appt-ntt-log20-7x7x6-xor-fw8-v1",10.137376,8196.076528,695.793703,8594209140.967880,fused,shoup,-1
1,writer-final,8,2,6-11-5,"Tesla V100-SXM2-16GB",7.0,0,"v100-sm70","hierarchical-dataflow-appt-online-register-tail-grouped-writer-final","experimental",0.000000,"persistent CTA fold roles publish online-reordered packet groups without fold-wide barriers",hierarchical-dataflow,0,named-barrier,0,0,0,3,0,0,0,hermes-xor,inplace,radix4,32,20,1048576,16,998244353,30,0,0,0,dataflow-radix4,"7+7+6","appt-online-register-tail-grouped-writer-final+appt-online-register-tail-grouped-writer-final+appt-online-register-tail-grouped-writer-final","256+256+256","8+8+8","32+16+16","4+4+4","2+2+2","1+1+1","7+7+6","ring+ring","2+2",8,0,3,10,10.896704,2.081280,2.082139,0.000859,6,11,5,8,2,natural,natural,"appt-ntt-log20-7x7x6-xor-fw8-v1",10.132608,7687.576901,692.323239,8061008636.976071,fused,shoup,-1
1,writer-final,8,2,6-10-6,"Tesla V100-SXM2-16GB",7.0,0,"v100-sm70","hierarchical-dataflow-appt-online-register-tail-grouped-writer-final","experimental",0.000000,"persistent CTA fold roles publish online-reordered packet groups without fold-wide barriers",hierarchical-dataflow,0,named-barrier,0,0,0,3,0,0,0,hermes-xor,inplace,radix4,32,20,1048576,16,998244353,30,0,0,0,dataflow-radix4,"7+7+6","appt-online-register-tail-grouped-writer-final+appt-online-register-tail-grouped-writer-final+appt-online-register-tail-grouped-writer-final","256+256+256","8+8+8","32+16+16","4+4+4","2+2+2","1+1+1","7+7+6","ring+ring","2+2",8,0,3,10,10.905760,2.112921,2.113873,0.000951,6,10,6,8,2,natural,natural,"appt-ntt-log20-7x7x6-xor-fw8-v1",10.134176,7572.453676,691.059407,7940293185.371861,fused,shoup,-1
1,writer-final,16,1,7-13-3,"Tesla V100-SXM2-16GB",7.0,0,"v100-sm70","hierarchical-dataflow-appt-online-register-tail-grouped-writer-final","experimental",0.000000,"persistent CTA fold roles publish online-reordered packet groups without fold-wide barriers",hierarchical-dataflow,0,named-barrier,0,0,0,3,0,0,0,hermes-xor,inplace,radix4,32,20,1048576,16,998244353,30,0,0,0,dataflow-radix4,"7+7+6","appt-online-register-tail-grouped-writer-final+appt-online-register-tail-grouped-writer-final+appt-online-register-tail-grouped-writer-final","256+256+256","8+8+8","32+16+16","4+4+4","2+2+2","1+1+1","7+7+6","ring+ring","2+2",8,0,3,10,10.898368,1.912525,1.913386,0.000861,7,13,3,16,1,natural,natural,"appt-ntt-log20-7x7x6-xor-fw16-v1",10.130048,8365.904504,697.443071,8772286680.959627,fused,shoup,-1
1,writer-final,16,1,7-12-4,"Tesla V100-SXM2-16GB",7.0,0,"v100-sm70","hierarchical-dataflow-appt-online-register-tail-grouped-writer-final","experimental",0.000000,"persistent CTA fold roles publish online-reordered packet groups without fold-wide barriers",hierarchical-dataflow,0,named-barrier,0,0,0,3,0,0,0,hermes-xor,inplace,radix4,32,20,1048576,16,998244353,30,0,0,0,dataflow-radix4,"7+7+6","appt-online-register-tail-grouped-writer-final+appt-online-register-tail-grouped-writer-final+appt-online-register-tail-grouped-writer-final","256+256+256","8+8+8","32+16+16","4+4+4","2+2+2","1+1+1","7+7+6","ring+ring","2+2",8,0,3,10,10.908416,1.915904,1.916754,0.000850,7,12,4,16,1,natural,natural,"appt-ntt-log20-7x7x6-xor-fw16-v1",10.130848,8351.148922,697.010806,8756814331.523949,fused,shoup,-1
1,writer-final,16,1,7-11-5,"Tesla V100-SXM2-16GB",7.0,0,"v100-sm70","hierarchical-dataflow-appt-online-register-tail-grouped-writer-final","experimental",0.000000,"persistent CTA fold roles publish online-reordered packet groups without fold-wide barriers",hierarchical-dataflow,0,named-barrier,0,0,0,3,0,0,0,hermes-xor,inplace,radix4,32,20,1048576,16,998244353,30,0,0,0,dataflow-radix4,"7+7+6","appt-online-register-tail-grouped-writer-final+appt-online-register-tail-grouped-writer-final+appt-online-register-tail-grouped-writer-final","256+256+256","8+8+8","32+16+16","4+4+4","2+2+2","1+1+1","7+7+6","ring+ring","2+2",8,0,3,10,10.893248,1.963725,1.964558,0.000833,7,11,5,16,1,natural,natural,"appt-ntt-log20-7x7x6-xor-fw16-v1",10.127872,8147.781477,696.110856,8543568109.723857,fused,shoup,-1
1,writer-final,16,1,6-14-2,"Tesla V100-SXM2-16GB",7.0,0,"v100-sm70","hierarchical-dataflow-appt-online-register-tail-grouped-writer-final","experimental",0.000000,"persistent CTA fold roles publish online-reordered packet groups without fold-wide barriers",hierarchical-dataflow,0,named-barrier,0,0,0,3,0,0,0,hermes-xor,inplace,radix4,32,20,1048576,16,998244353,30,0,0,0,dataflow-radix4,"7+7+6","appt-online-register-tail-grouped-writer-final+appt-online-register-tail-grouped-writer-final+appt-online-register-tail-grouped-writer-final","256+256+256","8+8+8","32+16+16","4+4+4","2+2+2","1+1+1","7+7+6","ring+ring","2+2",8,0,3,10,10.896480,2.086707,2.087583,0.000876,6,14,2,16,1,natural,natural,"appt-ntt-log20-7x7x6-xor-fw16-v1",10.133216,7667.582999,692.149218,8040043510.661218,fused,shoup,-1
1,writer-final,16,1,6-13-3,"Tesla V100-SXM2-16GB",7.0,0,"v100-sm70","hierarchical-dataflow-appt-online-register-tail-grouped-writer-final","experimental",0.000000,"persistent CTA fold roles publish online-reordered packet groups without fold-wide barriers",hierarchical-dataflow,0,named-barrier,0,0,0,3,0,0,0,hermes-xor,inplace,radix4,32,20,1048576,16,998244353,30,0,0,0,dataflow-radix4,"7+7+6","appt-online-register-tail-grouped-writer-final+appt-online-register-tail-grouped-writer-final+appt-online-register-tail-grouped-writer-final","256+256+256","8+8+8","32+16+16","4+4+4","2+2+2","1+1+1","7+7+6","ring+ring","2+2",8,0,3,10,10.897088,1.861837,1.862700,0.000864,6,13,3,16,1,natural,natural,"appt-ntt-log20-7x7x6-xor-fw16-v1",10.130304,8593.664105,699.018734,9011109932.273840,fused,shoup,-1
1,writer-final,16,1,6-12-4,"Tesla V100-SXM2-16GB",7.0,0,"v100-sm70","hierarchical-dataflow-appt-online-register-tail-grouped-writer-final","experimental",0.000000,"persistent CTA fold roles publish online-reordered packet groups without fold-wide barriers",hierarchical-dataflow,0,named-barrier,0,0,0,3,0,0,0,hermes-xor,inplace,radix4,32,20,1048576,16,998244353,30,0,0,0,dataflow-radix4,"7+7+6","appt-online-register-tail-grouped-writer-final+appt-online-register-tail-grouped-writer-final+appt-online-register-tail-grouped-writer-final","256+256+256","8+8+8","32+16+16","4+4+4","2+2+2","1+1+1","7+7+6","ring+ring","2+2",8,0,3,10,10.893600,1.863578,1.864365,0.000787,6,12,4,16,1,natural,natural,"appt-ntt-log20-7x7x6-xor-fw16-v1",10.128928,8585.636554,699.114119,9002692434.886549,fused,shoup,-1
1,writer-final,16,1,6-11-5,"Tesla V100-SXM2-16GB",7.0,0,"v100-sm70","hierarchical-dataflow-appt-online-register-tail-grouped-writer-final","experimental",0.000000,"persistent CTA fold roles publish online-reordered packet groups without fold-wide barriers",hierarchical-dataflow,0,named-barrier,0,0,0,3,0,0,0,hermes-xor,inplace,radix4,32,20,1048576,16,998244353,30,0,0,0,dataflow-radix4,"7+7+6","appt-online-register-tail-grouped-writer-final+appt-online-register-tail-grouped-writer-final+appt-online-register-tail-grouped-writer-final","256+256+256","8+8+8","32+16+16","4+4+4","2+2+2","1+1+1","7+7+6","ring+ring","2+2",8,0,3,10,10.896896,1.972634,1.973313,0.000679,6,11,5,16,1,natural,natural,"appt-ntt-log20-7x7x6-xor-fw16-v1",10.129280,8110.984218,695.688167,8504983387.691182,fused,shoup,-1
1,writer-final,16,1,6-10-6,"Tesla V100-SXM2-16GB",7.0,0,"v100-sm70","hierarchical-dataflow-appt-online-register-tail-grouped-writer-final","experimental",0.000000,"persistent CTA fold roles publish online-reordered packet groups without fold-wide barriers",hierarchical-dataflow,0,named-barrier,0,0,0,3,0,0,0,hermes-xor,inplace,radix4,32,20,1048576,16,998244353,30,0,0,0,dataflow-radix4,"7+7+6","appt-online-register-tail-grouped-writer-final+appt-online-register-tail-grouped-writer-final+appt-online-register-tail-grouped-writer-final","256+256+256","8+8+8","32+16+16","4+4+4","2+2+2","1+1+1","7+7+6","ring+ring","2+2",8,0,3,10,10.908672,2.034381,2.035147,0.000766,6,10,6,16,1,natural,natural,"appt-ntt-log20-7x7x6-xor-fw16-v1",10.130208,7864.801412,693.443375,8246842005.250556,fused,shoup,-1
1,writer-final,16,2,7-13-3,"Tesla V100-SXM2-16GB",7.0,0,"v100-sm70","hierarchical-dataflow-appt-online-register-tail-grouped-writer-final","experimental",0.000000,"persistent CTA fold roles publish online-reordered packet groups without fold-wide barriers",hierarchical-dataflow,0,named-barrier,0,0,0,3,0,0,0,hermes-xor,inplace,radix4,32,20,1048576,16,998244353,30,0,0,0,dataflow-radix4,"7+7+6","appt-online-register-tail-grouped-writer-final+appt-online-register-tail-grouped-writer-final+appt-online-register-tail-grouped-writer-final","256+256+256","8+8+8","32+16+16","4+4+4","2+2+2","1+1+1","7+7+6","ring+ring","2+2",8,0,3,10,10.903168,1.900442,1.901254,0.000812,7,13,3,16,2,natural,natural,"appt-ntt-log20-7x7x6-xor-fw16-v1",10.128544,8419.096178,697.710325,8828062194.182571,fused,shoup,-1
1,writer-final,16,2,7-12-4,"Tesla V100-SXM2-16GB",7.0,0,"v100-sm70","hierarchical-dataflow-appt-online-register-tail-grouped-writer-final","experimental",0.000000,"persistent CTA fold roles publish online-reordered packet groups without fold-wide barriers",hierarchical-dataflow,0,named-barrier,0,0,0,3,0,0,0,hermes-xor,inplace,radix4,32,20,1048576,16,998244353,30,0,0,0,dataflow-radix4,"7+7+6","appt-online-register-tail-grouped-writer-final+appt-online-register-tail-grouped-writer-final+appt-online-register-tail-grouped-writer-final","256+256+256","8+8+8","32+16+16","4+4+4","2+2+2","1+1+1","7+7+6","ring+ring","2+2",8,0,3,10,10.907232,1.908634,1.909416,0.000783,7,12,4,16,2,natural,natural,"appt-ntt-log20-7x7x6-xor-fw16-v1",10.129536,8382.960504,697.307474,8790171193.751909,fused,shoup,-1
1,writer-final,16,2,7-11-5,"Tesla V100-SXM2-16GB",7.0,0,"v100-sm70","hierarchical-dataflow-appt-online-register-tail-grouped-writer-final","experimental",0.000000,"persistent CTA fold roles publish online-reordered packet groups without fold-wide barriers",hierarchical-dataflow,0,named-barrier,0,0,0,3,0,0,0,hermes-xor,inplace,radix4,32,20,1048576,16,998244353,30,0,0,0,dataflow-radix4,"7+7+6","appt-online-register-tail-grouped-writer-final+appt-online-register-tail-grouped-writer-final+appt-online-register-tail-grouped-writer-final","256+256+256","8+8+8","32+16+16","4+4+4","2+2+2","1+1+1","7+7+6","ring+ring","2+2",8,0,3,10,10.892192,1.981440,1.982217,0.000777,7,11,5,16,2,natural,natural,"appt-ntt-log20-7x7x6-xor-fw16-v1",10.133760,8074.935612,695.428661,8467183684.390894,fused,shoup,-1
1,writer-final,16,2,6-14-2,"Tesla V100-SXM2-16GB",7.0,0,"v100-sm70","hierarchical-dataflow-appt-online-register-tail-grouped-writer-final","experimental",0.000000,"persistent CTA fold roles publish online-reordered packet groups without fold-wide barriers",hierarchical-dataflow,0,named-barrier,0,0,0,3,0,0,0,hermes-xor,inplace,radix4,32,20,1048576,16,998244353,30,0,0,0,dataflow-radix4,"7+7+6","appt-online-register-tail-grouped-writer-final+appt-online-register-tail-grouped-writer-final+appt-online-register-tail-grouped-writer-final","256+256+256","8+8+8","32+16+16","4+4+4","2+2+2","1+1+1","7+7+6","ring+ring","2+2",8,0,3,10,10.907936,2.081485,2.082359,0.000875,6,14,2,16,2,natural,natural,"appt-ntt-log20-7x7x6-xor-fw16-v1",10.135424,7686.820505,691.896543,8060215497.797806,fused,shoup,-1
1,writer-final,16,2,6-13-3,"Tesla V100-SXM2-16GB",7.0,0,"v100-sm70","hierarchical-dataflow-appt-online-register-tail-grouped-writer-final","experimental",0.000000,"persistent CTA fold roles publish online-reordered packet groups without fold-wide barriers",hierarchical-dataflow,0,named-barrier,0,0,0,3,0,0,0,hermes-xor,inplace,radix4,32,20,1048576,16,998244353,30,0,0,0,dataflow-radix4,"7+7+6","appt-online-register-tail-grouped-writer-final+appt-online-register-tail-grouped-writer-final+appt-online-register-tail-grouped-writer-final","256+256+256","8+8+8","32+16+16","4+4+4","2+2+2","1+1+1","7+7+6","ring+ring","2+2",8,0,3,10,10.897312,1.865626,1.866421,0.000795,6,13,3,16,2,natural,natural,"appt-ntt-log20-7x7x6-xor-fw16-v1",10.128000,8576.211556,698.966550,8992809608.288101,fused,shoup,-1
1,writer-final,16,2,6-12-4,"Tesla V100-SXM2-16GB",7.0,0,"v100-sm70","hierarchical-dataflow-appt-online-register-tail-grouped-writer-final","experimental",0.000000,"persistent CTA fold roles publish online-reordered packet groups without fold-wide barriers",hierarchical-dataflow,0,named-barrier,0,0,0,3,0,0,0,hermes-xor,inplace,radix4,32,20,1048576,16,998244353,30,0,0,0,dataflow-radix4,"7+7+6","appt-online-register-tail-grouped-writer-final+appt-online-register-tail-grouped-writer-final+appt-online-register-tail-grouped-writer-final","256+256+256","8+8+8","32+16+16","4+4+4","2+2+2","1+1+1","7+7+6","ring+ring","2+2",8,0,3,10,10.898880,1.849958,1.850798,0.000839,6,12,4,16,2,natural,natural,"appt-ntt-log20-7x7x6-xor-fw16-v1",10.128992,8648.843038,699.367014,9068969237.598089,fused,shoup,-1
1,writer-final,16,2,6-11-5,"Tesla V100-SXM2-16GB",7.0,0,"v100-sm70","hierarchical-dataflow-appt-online-register-tail-grouped-writer-final","experimental",0.000000,"persistent CTA fold roles publish online-reordered packet groups without fold-wide barriers",hierarchical-dataflow,0,named-barrier,0,0,0,3,0,0,0,hermes-xor,inplace,radix4,32,20,1048576,16,998244353,30,0,0,0,dataflow-radix4,"7+7+6","appt-online-register-tail-grouped-writer-final+appt-online-register-tail-grouped-writer-final+appt-online-register-tail-grouped-writer-final","256+256+256","8+8+8","32+16+16","4+4+4","2+2+2","1+1+1","7+7+6","ring+ring","2+2",8,0,3,10,10.901504,1.993626,1.994470,0.000845,6,11,5,16,2,natural,natural,"appt-ntt-log20-7x7x6-xor-fw16-v1",10.134688,8025.578961,694.751487,8415429484.888552,fused,shoup,-1
1,writer-final,16,2,6-10-6,"Tesla V100-SXM2-16GB",7.0,0,"v100-sm70","hierarchical-dataflow-appt-online-register-tail-grouped-writer-final","experimental",0.000000,"persistent CTA fold roles publish online-reordered packet groups without fold-wide barriers",hierarchical-dataflow,0,named-barrier,0,0,0,3,0,0,0,hermes-xor,inplace,radix4,32,20,1048576,16,998244353,30,0,0,0,dataflow-radix4,"7+7+6","appt-online-register-tail-grouped-writer-final+appt-online-register-tail-grouped-writer-final+appt-online-register-tail-grouped-writer-final","256+256+256","8+8+8","32+16+16","4+4+4","2+2+2","1+1+1","7+7+6","ring+ring","2+2",8,0,3,10,10.901120,2.036531,2.037447,0.000915,6,10,6,16,2,natural,natural,"appt-ntt-log20-7x7x6-xor-fw16-v1",10.140096,7856.496341,693.308577,8238133507.636009,fused,shoup,-1
1,writer-final,32,1,7-13-3,"Tesla V100-SXM2-16GB",7.0,0,"v100-sm70","hierarchical-dataflow-appt-online-register-tail-grouped-writer-final","experimental",0.000000,"persistent CTA fold roles publish online-reordered packet groups without fold-wide barriers",hierarchical-dataflow,0,named-barrier,0,0,0,3,0,0,0,hermes-xor,inplace,radix4,32,20,1048576,16,998244353,30,0,0,0,dataflow-radix4,"7+7+6","appt-online-register-tail-grouped-writer-final+appt-online-register-tail-grouped-writer-final+appt-online-register-tail-grouped-writer-final","256+256+256","8+8+8","32+16+16","4+4+4","2+2+2","1+1+1","7+7+6","ring+ring","2+2",8,0,3,10,10.924608,2.545357,2.546227,0.000870,7,13,3,32,1,natural,natural,"appt-ntt-log20-7x7x6-xor-fw32-v1",10.128352,6285.955789,678.014449,6591302377.076058,fused,shoup,-1
1,writer-final,32,1,7-12-4,"Tesla V100-SXM2-16GB",7.0,0,"v100-sm70","hierarchical-dataflow-appt-online-register-tail-grouped-writer-final","experimental",0.000000,"persistent CTA fold roles publish online-reordered packet groups without fold-wide barriers",hierarchical-dataflow,0,named-barrier,0,0,0,3,0,0,0,hermes-xor,inplace,radix4,32,20,1048576,16,998244353,30,0,0,0,dataflow-radix4,"7+7+6","appt-online-register-tail-grouped-writer-final+appt-online-register-tail-grouped-writer-final+appt-online-register-tail-grouped-writer-final","256+256+256","8+8+8","32+16+16","4+4+4","2+2+2","1+1+1","7+7+6","ring+ring","2+2",8,0,3,10,10.910368,2.271027,2.271847,0.000820,7,12,4,32,1,natural,natural,"appt-ntt-log20-7x7x6-xor-fw32-v1",10.145824,7045.270434,685.894005,7387501491.034162,fused,shoup,-1
1,writer-final,32,1,7-11-5,"Tesla V100-SXM2-16GB",7.0,0,"v100-sm70","hierarchical-dataflow-appt-online-register-tail-grouped-writer-final","experimental",0.000000,"persistent CTA fold roles publish online-reordered packet groups without fold-wide barriers",hierarchical-dataflow,0,named-barrier,0,0,0,3,0,0,0,hermes-xor,inplace,radix4,32,20,1048576,16,998244353,30,0,0,0,dataflow-radix4,"7+7+6","appt-online-register-tail-grouped-writer-final+appt-online-register-tail-grouped-writer-final+appt-online-register-tail-grouped-writer-final","256+256+256","8+8+8","32+16+16","4+4+4","2+2+2","1+1+1","7+7+6","ring+ring","2+2",8,0,3,10,10.895424,2.055782,2.056563,0.000781,7,11,5,32,1,natural,natural,"appt-ntt-log20-7x7x6-xor-fw32-v1",10.131168,7782.925195,693.169585,8160988569.734150,fused,shoup,-1
1,writer-final,32,1,6-14-2,"Tesla V100-SXM2-16GB",7.0,0,"v100-sm70","hierarchical-dataflow-appt-online-register-tail-grouped-writer-final","experimental",0.000000,"persistent CTA fold roles publish online-reordered packet groups without fold-wide barriers",hierarchical-dataflow,0,named-barrier,0,0,0,3,0,0,0,hermes-xor,inplace,radix4,32,20,1048576,16,998244353,30,0,0,0,dataflow-radix4,"7+7+6","appt-online-register-tail-grouped-writer-final+appt-online-register-tail-grouped-writer-final+appt-online-register-tail-grouped-writer-final","256+256+256","8+8+8","32+16+16","4+4+4","2+2+2","1+1+1","7+7+6","ring+ring","2+2",8,0,3,10,10.893920,3.151872,3.152648,0.000776,6,14,2,32,1,natural,natural,"appt-ntt-log20-7x7x6-xor-fw32-v1",10.131104,5076.348024,661.788826,5322936705.141260,fused,shoup,-1
1,writer-final,32,1,6-13-3,"Tesla V100-SXM2-16GB",7.0,0,"v100-sm70","hierarchical-dataflow-appt-online-register-tail-grouped-writer-final","experimental",0.000000,"persistent CTA fold roles publish online-reordered packet groups without fold-wide barriers",hierarchical-dataflow,0,named-barrier,0,0,0,3,0,0,0,hermes-xor,inplace,radix4,32,20,1048576,16,998244353,30,0,0,0,dataflow-radix4,"7+7+6","appt-online-register-tail-grouped-writer-final+appt-online-register-tail-grouped-writer-final+appt-online-register-tail-grouped-writer-final","256+256+256","8+8+8","32+16+16","4+4+4","2+2+2","1+1+1","7+7+6","ring+ring","2+2",8,0,3,10,10.891264,2.420531,2.421285,0.000753,6,13,3,32,1,natural,natural,"appt-ntt-log20-7x7x6-xor-fw32-v1",10.125568,6610.119100,682.670639,6931212245.806429,fused,shoup,-1
1,writer-final,32,1,6-12-4,"Tesla V100-SXM2-16GB",7.0,0,"v100-sm70","hierarchical-dataflow-appt-online-register-tail-grouped-writer-final","experimental",0.000000,"persistent CTA fold roles publish online-reordered packet groups without fold-wide barriers",hierarchical-dataflow,0,named-barrier,0,0,0,3,0,0,0,hermes-xor,inplace,radix4,32,20,1048576,16,998244353,30,0,0,0,dataflow-radix4,"7+7+6","appt-online-register-tail-grouped-writer-final+appt-online-register-tail-grouped-writer-final+appt-online-register-tail-grouped-writer-final","256+256+256","8+8+8","32+16+16","4+4+4","2+2+2","1+1+1","7+7+6","ring+ring","2+2",8,0,3,10,10.902880,2.112410,2.113123,0.000713,6,12,4,32,1,natural,natural,"appt-ntt-log20-7x7x6-xor-fw32-v1",10.128128,7574.288653,691.341290,7942217298.255278,fused,shoup,-1
1,writer-final,32,1,6-11-5,"Tesla V100-SXM2-16GB",7.0,0,"v100-sm70","hierarchical-dataflow-appt-online-register-tail-grouped-writer-final","experimental",0.000000,"persistent CTA fold roles publish online-reordered packet groups without fold-wide barriers",hierarchical-dataflow,0,named-barrier,0,0,0,3,0,0,0,hermes-xor,inplace,radix4,32,20,1048576,16,998244353,30,0,0,0,dataflow-radix4,"7+7+6","appt-online-register-tail-grouped-writer-final+appt-online-register-tail-grouped-writer-final+appt-online-register-tail-grouped-writer-final","256+256+256","8+8+8","32+16+16","4+4+4","2+2+2","1+1+1","7+7+6","ring+ring","2+2",8,0,3,10,10.893024,2.014822,2.015638,0.000816,6,11,5,32,1,natural,natural,"appt-ntt-log20-7x7x6-xor-fw32-v1",10.127744,7941.146247,694.577371,8326895367.227017,fused,shoup,-1
1,writer-final,32,1,6-10-6,"Tesla V100-SXM2-16GB",7.0,0,"v100-sm70","hierarchical-dataflow-appt-online-register-tail-grouped-writer-final","experimental",0.000000,"persistent CTA fold roles publish online-reordered packet groups without fold-wide barriers",hierarchical-dataflow,0,named-barrier,0,0,0,3,0,0,0,hermes-xor,inplace,radix4,32,20,1048576,16,998244353,30,0,0,0,dataflow-radix4,"7+7+6","appt-online-register-tail-grouped-writer-final+appt-online-register-tail-grouped-writer-final+appt-online-register-tail-grouped-writer-final","256+256+256","8+8+8","32+16+16","4+4+4","2+2+2","1+1+1","7+7+6","ring+ring","2+2",8,0,3,10,10.890912,1.970381,1.971147,0.000766,6,10,6,32,1,natural,natural,"appt-ntt-log20-7x7x6-xor-fw32-v1",10.128064,8120.257839,695.974229,8514707483.984756,fused,shoup,-1
1,writer-final,32,2,7-13-3,"Tesla V100-SXM2-16GB",7.0,0,"v100-sm70","hierarchical-dataflow-appt-online-register-tail-grouped-writer-final","experimental",0.000000,"persistent CTA fold roles publish online-reordered packet groups without fold-wide barriers",hierarchical-dataflow,0,named-barrier,0,0,0,3,0,0,0,hermes-xor,inplace,radix4,32,20,1048576,16,998244353,30,0,0,0,dataflow-radix4,"7+7+6","appt-online-register-tail-grouped-writer-final+appt-online-register-tail-grouped-writer-final+appt-online-register-tail-grouped-writer-final","256+256+256","8+8+8","32+16+16","4+4+4","2+2+2","1+1+1","7+7+6","ring+ring","2+2",8,0,3,10,10.897856,2.545357,2.546210,0.000854,7,13,3,32,2,natural,natural,"appt-ntt-log20-7x7x6-xor-fw32-v1",10.130784,6285.955789,678.713937,6591302377.076058,fused,shoup,-1
1,writer-final,32,2,7-12-4,"Tesla V100-SXM2-16GB",7.0,0,"v100-sm70","hierarchical-dataflow-appt-online-register-tail-grouped-writer-final","experimental",0.000000,"persistent CTA fold roles publish online-reordered packet groups without fold-wide barriers",hierarchical-dataflow,0,named-barrier,0,0,0,3,0,0,0,hermes-xor,inplace,radix4,32,20,1048576,16,998244353,30,0,0,0,dataflow-radix4,"7+7+6","appt-online-register-tail-grouped-writer-final+appt-online-register-tail-grouped-writer-final+appt-online-register-tail-grouped-writer-final","256+256+256","8+8+8","32+16+16","4+4+4","2+2+2","1+1+1","7+7+6","ring+ring","2+2",8,0,3,10,10.896384,2.269799,2.270586,0.000788,7,12,4,32,2,natural,natural,"appt-ntt-log20-7x7x6-xor-fw32-v1",10.133248,7049.083819,686.712046,7391500114.510319,fused,shoup,-1
1,writer-final,32,2,7-11-5,"Tesla V100-SXM2-16GB",7.0,0,"v100-sm70","hierarchical-dataflow-appt-online-register-tail-grouped-writer-final","experimental",0.000000,"persistent CTA fold roles publish online-reordered packet groups without fold-wide barriers",hierarchical-dataflow,0,named-barrier,0,0,0,3,0,0,0,hermes-xor,inplace,radix4,32,20,1048576,16,998244353,30,0,0,0,dataflow-radix4,"7+7+6","appt-online-register-tail-grouped-writer-final+appt-online-register-tail-grouped-writer-final+appt-online-register-tail-grouped-writer-final","256+256+256","8+8+8","32+16+16","4+4+4","2+2+2","1+1+1","7+7+6","ring+ring","2+2",8,0,3,10,10.892416,2.068173,2.068949,0.000776,7,11,5,32,2,natural,natural,"appt-ntt-log20-7x7x6-xor-fw32-v1",10.125504,7736.296977,693.057953,8112095339.360007,fused,shoup,-1
1,writer-final,32,2,6-14-2,"Tesla V100-SXM2-16GB",7.0,0,"v100-sm70","hierarchical-dataflow-appt-online-register-tail-grouped-writer-final","experimental",0.000000,"persistent CTA fold roles publish online-reordered packet groups without fold-wide barriers",hierarchical-dataflow,0,named-barrier,0,0,0,3,0,0,0,hermes-xor,inplace,radix4,32,20,1048576,16,998244353,30,0,0,0,dataflow-radix4,"7+7+6","appt-online-register-tail-grouped-writer-final+appt-online-register-tail-grouped-writer-final+appt-online-register-tail-grouped-writer-final","256+256+256","8+8+8","32+16+16","4+4+4","2+2+2","1+1+1","7+7+6","ring+ring","2+2",8,0,3,10,10.905216,3.117158,3.118028,0.000869,6,14,2,32,2,natural,natural,"appt-ntt-log20-7x7x6-xor-fw32-v1",10.129152,5132.879976,662.483993,5382214753.793049,fused,shoup,-1
1,writer-final,32,2,6-13-3,"Tesla V100-SXM2-16GB",7.0,0,"v100-sm70","hierarchical-dataflow-appt-online-register-tail-grouped-writer-final","experimental",0.000000,"persistent CTA fold roles publish online-reordered packet groups without fold-wide barriers",hierarchical-dataflow,0,named-barrier,0,0,0,3,0,0,0,hermes-xor,inplace,radix4,32,20,1048576,16,998244353,30,0,0,0,dataflow-radix4,"7+7+6","appt-online-register-tail-grouped-writer-final+appt-online-register-tail-grouped-writer-final+appt-online-register-tail-grouped-writer-final","256+256+256","8+8+8","32+16+16","4+4+4","2+2+2","1+1+1","7+7+6","ring+ring","2+2",8,0,3,10,10.900960,2.494874,2.495760,0.000887,6,13,3,32,2,natural,natural,"appt-ntt-log20-7x7x6-xor-fw32-v1",10.131808,6413.150746,680.051157,6724675956.734247,fused,shoup,-1
1,writer-final,32,2,6-12-4,"Tesla V100-SXM2-16GB",7.0,0,"v100-sm70","hierarchical-dataflow-appt-online-register-tail-grouped-writer-final","experimental",0.000000,"persistent CTA fold roles publish online-reordered packet groups without fold-wide barriers",hierarchical-dataflow,0,named-barrier,0,0,0,3,0,0,0,hermes-xor,inplace,radix4,32,20,1048576,16,998244353,30,0,0,0,dataflow-radix4,"7+7+6","appt-online-register-tail-grouped-writer-final+appt-online-register-tail-grouped-writer-final+appt-online-register-tail-grouped-writer-final","256+256+256","8+8+8","32+16+16","4+4+4","2+2+2","1+1+1","7+7+6","ring+ring","2+2",8,0,3,10,10.892032,2.177229,2.178110,0.000881,6,12,4,32,2,natural,natural,"appt-ntt-log20-7x7x6-xor-fw32-v1",10.134848,7348.791645,689.533078,7705766547.754320,fused,shoup,-1
1,writer-final,32,2,6-11-5,"Tesla V100-SXM2-16GB",7.0,0,"v100-sm70","hierarchical-dataflow-appt-online-register-tail-grouped-writer-final","experimental",0.000000,"persistent CTA fold roles publish online-reordered packet groups without fold-wide barriers",hierarchical-dataflow,0,named-barrier,0,0,0,3,0,0,0,hermes-xor,inplace,radix4,32,20,1048576,16,998244353,30,0,0,0,dataflow-radix4,"7+7+6","appt-online-register-tail-grouped-writer-final+appt-online-register-tail-grouped-writer-final+appt-online-register-tail-grouped-writer-final","256+256+256","8+8+8","32+16+16","4+4+4","2+2+2","1+1+1","7+7+6","ring+ring","2+2",8,0,3,10,10.898336,2.132685,2.133493,0.000808,6,11,5,32,2,natural,natural,"appt-ntt-log20-7x7x6-xor-fw32-v1",10.128384,7502.281018,690.864043,7866711820.967123,fused,shoup,-1
1,writer-final,32,2,6-10-6,"Tesla V100-SXM2-16GB",7.0,0,"v100-sm70","hierarchical-dataflow-appt-online-register-tail-grouped-writer-final","experimental",0.000000,"persistent CTA fold roles publish online-reordered packet groups without fold-wide barriers",hierarchical-dataflow,0,named-barrier,0,0,0,3,0,0,0,hermes-xor,inplace,radix4,32,20,1048576,16,998244353,30,0,0,0,dataflow-radix4,"7+7+6","appt-online-register-tail-grouped-writer-final+appt-online-register-tail-grouped-writer-final+appt-online-register-tail-grouped-writer-final","256+256+256","8+8+8","32+16+16","4+4+4","2+2+2","1+1+1","7+7+6","ring+ring","2+2",8,0,3,10,10.894336,2.033664,2.034459,0.000795,6,10,6,32,2,natural,natural,"appt-ntt-log20-7x7x6-xor-fw32-v1",10.128480,7867.573057,693.948088,8249748285.882737,fused,shoup,-1
1,v06,0,0,9-11,"Tesla V100-SXM2-16GB",7.0,0,"v100-sm70","hierarchical-dataflow-wave-10x10-resident-radix4","experimental",0.000000,"transform-wave readiness with the generated resident radix-4 core",hierarchical-dataflow,0,named-barrier,0,0,0,2,0,0,0,hermes-xor,inplace,radix4,64,20,1048576,1,576460756061519873,60,0,0,0,dataflow-radix4,"10+10","dataflow-radix4+dataflow-radix4","256+256","1+1","0+0","0+0","0+0","0+0","9+11","full-scratch","1",8,0,3,10,1.413792,0.228454,0.229318,0.000864,0,0,0,0,0,natural,natural,"",1.343584,4377.241222,334.915210,4589870091.225965,fused,shoup,-1
1,grouped,8,2,10-9-3,"Tesla V100-SXM2-16GB",7.0,0,"v100-sm70","hierarchical-dataflow-appt-online-register-tail-grouped","experimental",0.000000,"persistent CTA fold roles publish online-reordered packet groups without fold-wide barriers",hierarchical-dataflow,0,named-barrier,0,0,0,2,0,0,0,hermes-xor,inplace,radix4,64,20,1048576,1,576460756061519873,60,0,0,0,dataflow-radix4,"7+7+6","appt-online-register-tail-grouped+appt-online-register-tail-grouped+appt-online-register-tail-grouped","256+256+256","8+8+8","32+16+16","4+4+4","2+2+2","1+1+1","10+5+5","ring+ring","2+2",8,0,3,10,1.416928,0.312525,0.313364,0.000839,10,9,3,8,2,natural,natural,"appt-ntt-log20-7x7x6-xor-fw8-v1",1.342464,3199.746114,325.529648,3355176981.123324,fused,shoup,-1
1,writer-final,8,1,10-9-3,"Tesla V100-SXM2-16GB",7.0,0,"v100-sm70","hierarchical-dataflow-appt-online-register-tail-grouped-writer-final","experimental",0.000000,"persistent CTA fold roles publish online-reordered packet groups without fold-wide barriers",hierarchical-dataflow,0,named-barrier,0,0,0,2,0,0,0,hermes-xor,inplace,radix4,64,20,1048576,1,576460756061519873,60,0,0,0,dataflow-radix4,"7+7+6","appt-online-register-tail-grouped-writer-final+appt-online-register-tail-grouped-writer-final+appt-online-register-tail-grouped-writer-final","256+256+256","8+8+8","32+16+16","4+4+4","2+2+2","1+1+1","10+5+5","ring+ring","2+2",8,0,3,10,1.422912,0.313344,0.314238,0.000894,10,9,3,8,1,natural,natural,"appt-ntt-log20-7x7x6-xor-fw8-v1",1.351936,3191.380701,323.814065,3346405209.854975,fused,shoup,-1
1,writer-final,8,1,10-8-4,"Tesla V100-SXM2-16GB",7.0,0,"v100-sm70","hierarchical-dataflow-appt-online-register-tail-grouped-writer-final","experimental",0.000000,"persistent CTA fold roles publish online-reordered packet groups without fold-wide barriers",hierarchical-dataflow,0,named-barrier,0,0,0,2,0,0,0,hermes-xor,inplace,radix4,64,20,1048576,1,576460756061519873,60,0,0,0,dataflow-radix4,"7+7+6","appt-online-register-tail-grouped-writer-final+appt-online-register-tail-grouped-writer-final+appt-online-register-tail-grouped-writer-final","256+256+256","8+8+8","32+16+16","4+4+4","2+2+2","1+1+1","10+5+5","ring+ring","2+2",8,0,3,10,1.424640,0.374989,0.376013,0.001024,10,8,4,8,1,natural,natural,"appt-ntt-log20-7x7x6-xor-fw8-v1",1.348608,2666.746354,317.638107,2796286224.719087,fused,shoup,-1
1,writer-final,8,1,9-9-3,"Tesla V100-SXM2-16GB",7.0,0,"v100-sm70","hierarchical-dataflow-appt-online-register-tail-grouped-writer-final","experimental",0.000000,"persistent CTA fold roles publish online-reordered packet groups without fold-wide barriers",hierarchical-dataflow,0,named-barrier,0,0,0,2,0,0,0,hermes-xor,inplace,radix4,64,20,1048576,1,576460756061519873,60,0,0,0,dataflow-radix4,"7+7+6","appt-online-register-tail-grouped-writer-final+appt-online-register-tail-grouped-writer-final+appt-online-register-tail-grouped-writer-final","256+256+256","8+8+8","32+16+16","4+4+4","2+2+2","1+1+1","10+5+5","ring+ring","2+2",8,0,3,10,1.415520,0.317235,0.318076,0.000841,9,9,3,8,1,natural,natural,"appt-ntt-log20-7x7x6-xor-fw8-v1",1.345792,3152.235297,324.828541,3305358279.032832,fused,shoup,-1
1,writer-final,8,1,9-8-4,"Tesla V100-SXM2-16GB",7.0,0,"v100-sm70","hierarchical-dataflow-appt-online-register-tail-grouped-writer-final","experimental",0.000000,"persistent CTA fold roles publish online-reordered packet groups without fold-wide barriers",hierarchical-dataflow,0,named-barrier,0,0,0,2,0,0,0,hermes-xor,inplace,radix4,64,20,1048576,1,576460756061519873,60,0,0,0,dataflow-radix4,"7+7+6","appt-online-register-tail-grouped-writer-final+appt-online-register-tail-grouped-writer-final+appt-online-register-tail-grouped-writer-final","256+256+256","8+8+8","32+16+16","4+4+4","2+2+2","1+1+1","10+5+5","ring+ring","2+2",8,0,3,10,1.422880,0.372838,0.373658,0.000819,9,8,4,8,1,natural,natural,"appt-ntt-log20-7x7x6-xor-fw8-v1",1.342816,2682.127107,318.620048,2812414113.433636,fused,shoup,-1
1,writer-final,8,1,9-7-5,"Tesla V100-SXM2-16GB",7.0,0,"v100-sm70","hierarchical-dataflow-appt-online-register-tail-grouped-writer-final","experimental",0.000000,"persistent CTA fold roles publish online-reordered packet groups without fold-wide barriers",hierarchical-dataflow,0,named-barrier,0,0,0,2,0,0,0,hermes-xor,inplace,radix4,64,20,1048576,1,576460756061519873,60,0,0,0,dataflow-radix4,"7+7+6","appt-online-register-tail-grouped-writer-final+appt-online-register-tail-grouped-writer-final+appt-online-register-tail-grouped-writer-final","256+256+256","8+8+8","32+16+16","4+4+4","2+2+2","1+1+1","10+5+5","ring+ring","2+2",8,0,3,10,1.415872,0.356147,0.356950,0.000802,9,7,5,8,1,natural,natural,"appt-ntt-log20-7x7x6-xor-fw8-v1",1.339136,2807.827776,321.424018,2944220817.642913,fused,shoup,-1
1,writer-final,8,1,8-10-2,"Tesla V100-SXM2-16GB",7.0,0,"v100-sm70","hierarchical-dataflow-appt-online-register-tail-grouped-writer-final","experimental",0.000000,"persistent CTA fold roles publish online-reordered packet groups without fold-wide barriers",hierarchical-dataflow,0,named-barrier,0,0,0,2,0,0,0,hermes-xor,inplace,radix4,64,20,1048576,1,576460756061519873,60,0,0,0,dataflow-radix4,"7+7+6","appt-online-register-tail-grouped-writer-final+appt-online-register-tail-grouped-writer-final+appt-online-register-tail-grouped-writer-final","256+256+256","8+8+8","32+16+16","4+4+4","2+2+2","1+1+1","10+5+5","ring+ring","2+2",8,0,3,10,1.417152,0.364646,0.365500,0.000854,8,10,2,8,1,natural,natural,"appt-ntt-log20-7x7x6-xor-fw8-v1",1.348704,2742.382720,319.437541,2875596703.203129,fused,shoup,-1
1,writer-final,8,1,8-9-3,"Tesla V100-SXM2-16GB",7.0,0,"v100-sm70","hierarchical-dataflow-appt-online-register-tail-grouped-writer-final","experimental",0.000000,"persistent CTA fold roles publish online-reordered packet groups without fold-wide barriers",hierarchical-dataflow,0,named-barrier,0,0,0,2,0,0,0,hermes-xor,inplace,radix4,64,20,1048576,1,576460756061519873,60,0,0,0,dataflow-radix4,"7+7+6","appt-online-register-tail-grouped-writer-final+appt-online-register-tail-grouped-writer-final+appt-online-register-tail-grouped-writer-final","256+256+256","8+8+8","32+16+16","4+4+4","2+2+2","1+1+1","10+5+5","ring+ring","2+2",8,0,3,10,1.418528,0.333517,0.334355,0.000839,8,9,3,8,1,natural,natural,"appt-ntt-log20-7x7x6-xor-fw8-v1",1.340640,2998.349919,323.343665,3143997764.699848,fused,shoup,-1
1,writer-final,8,1,8-8-4,"Tesla V100-SXM2-16GB",7.0,0,"v100-sm70","hierarchical-dataflow-appt-online-register-tail-grouped-writer-final","experimental",0.000000,"persistent CTA fold roles publish online-reordered packet groups without fold-wide barriers",hierarchical-dataflow,0,named-barrier,0,0,0,2,0,0,0,hermes-xor,inplace,radix4,64,20,1048576,1,576460756061519873,60,0,0,0,dataflow-radix4,"7+7+6","appt-online-register-tail-grouped-writer-final+appt-online-register-tail-grouped-writer-final+appt-online-register-tail-grouped-writer-final","256+256+256","8+8+8","32+16+16","4+4+4","2+2+2","1+1+1","10+5+5","ring+ring","2+2",8,0,3,10,1.427520,0.314266,0.315129,0.000864,8,8,4,8,1,natural,natural,"appt-ntt-log20-7x7x6-xor-fw8-v1",1.350720,3182.021742,323.362380,3336591630.390277,fused,shoup,-1
1,writer-final,8,1,8-7-5,"Tesla V100-SXM2-16GB",7.0,0,"v100-sm70","hierarchical-dataflow-appt-online-register-tail-grouped-writer-final","experimental",0.000000,"persistent CTA fold roles publish online-reordered packet groups without fold-wide barriers",hierarchical-dataflow,0,named-barrier,0,0,0,2,0,0,0,hermes-xor,inplace,radix4,64,20,1048576,1,576460756061519873,60,0,0,0,dataflow-radix4,"7+7+6","appt-online-register-tail-grouped-writer-final+appt-online-register-tail-grouped-writer-final+appt-online-register-tail-grouped-writer-final","256+256+256","8+8+8","32+16+16","4+4+4","2+2+2","1+1+1","10+5+5","ring+ring","2+2",8,0,3,10,1.414272,0.370688,0.371513,0.000825,8,7,5,8,1,natural,natural,"appt-ntt-log20-7x7x6-xor-fw8-v1",1.366592,2697.686310,317.303980,2828729120.119863,fused,shoup,-1
1,writer-final,8,2,10-9-3,"Tesla V100-SXM2-16GB",7.0,0,"v100-sm70","hierarchical-dataflow-appt-online-register-tail-grouped-writer-final","experimental",0.000000,"persistent CTA fold roles publish online-reordered packet groups without fold-wide barriers",hierarchical-dataflow,0,named-barrier,0,0,0,2,0,0,0,hermes-xor,inplace,radix4,64,20,1048576,1,576460756061519873,60,0,0,0,dataflow-radix4,"7+7+6","appt-online-register-tail-grouped-writer-final+appt-online-register-tail-grouped-writer-final+appt-online-register-tail-grouped-writer-final","256+256+256","8+8+8","32+16+16","4+4+4","2+2+2","1+1+1","10+5+5","ring+ring","2+2",8,0,3,10,1.426144,0.315904,0.316854,0.000950,10,9,3,8,2,natural,natural,"appt-ntt-log20-7x7x6-xor-fw8-v1",1.356928,3165.518724,322.687237,3319286961.684736,fused,shoup,-1
1,writer-final,8,2,10-8-4,"Tesla V100-SXM2-16GB",7.0,0,"v100-sm70","hierarchical-dataflow-appt-online-register-tail-grouped-writer-final","experimental",0.000000,"persistent CTA fold roles publish online-reordered packet groups without fold-wide barriers",hierarchical-dataflow,0,named-barrier,0,0,0,2,0,0,0,hermes-xor,inplace,radix4,64,20,1048576,1,576460756061519873,60,0,0,0,dataflow-radix4,"7+7+6","appt-online-register-tail-grouped-writer-final+appt-online-register-tail-grouped-writer-final+appt-online-register-tail-grouped-writer-final","256+256+256","8+8+8","32+16+16","4+4+4","2+2+2","1+1+1","10+5+5","ring+ring","2+2",8,0,3,10,1.419200,0.374272,0.374984,0.000712,10,8,4,8,2,natural,natural,"appt-ntt-log20-7x7x6-xor-fw8-v1",1.346112,2671.853705,318.513541,2801641670.191402,fused,shoup,-1
1,writer-final,8,2,9-9-3,"Tesla V100-SXM2-16GB",7.0,0,"v100-sm70","hierarchical-dataflow-appt-online-register-tail-grouped-writer-final","experimental",0.000000,"persistent CTA fold roles publish online-reordered packet groups without fold-wide barriers",hierarchical-dataflow,0,named-barrier,0,0,0,2,0,0,0,hermes-xor,inplace,radix4,64,20,1048576,1,576460756061519873,60,0,0,0,dataflow-radix4,"7+7+6","appt-online-register-tail-grouped-writer-final+appt-online-register-tail-grouped-writer-final+appt-online-register-tail-grouped-writer-final","256+256+256","8+8+8","32+16+16","4+4+4","2+2+2","1+1+1","10+5+5","ring+ring","2+2",8,0,3,10,1.422848,0.329933,0.330727,0.000794,9,9,3,8,2,natural,natural,"appt-ntt-log20-7x7x6-xor-fw8-v1",1.339200,3030.920154,323.417272,3178150131.755981,fused,shoup,-1
1,writer-final,8,2,9-8-4,"Tesla V100-SXM2-16GB",7.0,0,"v100-sm70","hierarchical-dataflow-appt-online-register-tail-grouped-writer-final","experimental",0.000000,"persistent CTA fold roles publish online-reordered packet groups without fold-wide barriers",hierarchical-dataflow,0,named-barrier,0,0,0,2,0,0,0,hermes-xor,inplace,radix4,64,20,1048576,1,576460756061519873,60,0,0,0,dataflow-radix4,"7+7+6","appt-online-register-tail-grouped-writer-final+appt-online-register-tail-grouped-writer-final+appt-online-register-tail-grouped-writer-final","256+256+256","8+8+8","32+16+16","4+4+4","2+2+2","1+1+1","10+5+5","ring+ring","2+2",8,0,3,10,1.418816,0.366182,0.366935,0.000753,9,8,4,8,2,natural,natural,"appt-ntt-log20-7x7x6-xor-fw8-v1",1.340096,2730.879572,319.990338,2863534778.251104,fused,shoup,-1
1,writer-final,8,2,9-7-5,"Tesla V100-SXM2-16GB",7.0,0,"v100-sm70","hierarchical-dataflow-appt-online-register-tail-grouped-writer-final","experimental",0.000000,"persistent CTA fold roles publish online-reordered packet groups without fold-wide barriers",hierarchical-dataflow,0,named-barrier,0,0,0,2,0,0,0,hermes-xor,inplace,radix4,64,20,1048576,1,576460756061519873,60,0,0,0,dataflow-radix4,"7+7+6","appt-online-register-tail-grouped-writer-final+appt-online-register-tail-grouped-writer-final+appt-online-register-tail-grouped-writer-final","256+256+256","8+8+8","32+16+16","4+4+4","2+2+2","1+1+1","10+5+5","ring+ring","2+2",8,0,3,10,1.414848,0.360653,0.361480,0.000827,9,7,5,8,2,natural,natural,"appt-ntt-log20-7x7x6-xor-fw8-v1",1.341536,2772.749824,320.817513,2907438919.872082,fused,shoup,-1
1,writer-final,8,2,8-10-2,"Tesla V100-SXM2-16GB",7.0,0,"v100-sm70","hierarchical-dataflow-appt-online-register-tail-grouped-writer-final","experimental",0.000000,"persistent CTA fold roles publish online-reordered packet groups without fold-wide barriers",hierarchical-dataflow,0,named-barrier,0,0,0,2,0,0,0,hermes-xor,inplace,radix4,64,20,1048576,1,576460756061519873,60,0,0,0,dataflow-radix4,"7+7+6","appt-online-register-tail-grouped-writer-final+appt-online-register-tail-grouped-writer-final+appt-online-register-tail-grouped-writer-final","256+256+256","8+8+8","32+16+16","4+4+4","2+2+2","1+1+1","10+5+5","ring+ring","2+2",8,0,3,10,1.418368,0.358502,0.359425,0.000923,8,10,2,8,2,natural,natural,"appt-ntt-log20-7x7x6-xor-fw8-v1",1.341824,2789.381467,320.646993,2924878460.866489,fused,shoup,-1
1,writer-final,8,2,8-9-3,"Tesla V100-SXM2-16GB",7.0,0,"v100-sm70","hierarchical-dataflow-appt-online-register-tail-grouped-writer-final","experimental",0.000000,"persistent CTA fold roles publish online-reordered packet groups without fold-wide barriers",hierarchical-dataflow,0,named-barrier,0,0,0,2,0,0,0,hermes-xor,inplace,radix4,64,20,1048576,1,576460756061519873,60,0,0,0,dataflow-radix4,"7+7+6","appt-online-register-tail-grouped-writer-final+appt-online-register-tail-grouped-writer-final+appt-online-register-tail-grouped-writer-final","256+256+256","8+8+8","32+16+16","4+4+4","2+2+2","1+1+1","10+5+5","ring+ring","2+2",8,0,3,10,1.415360,0.339661,0.340481,0.000820,8,9,3,8,2,natural,natural,"appt-ntt-log20-7x7x6-xor-fw8-v1",1.343232,2944.113455,322.762555,3087126709.736472,fused,shoup,-1
1,writer-final,8,2,8-8-4,"Tesla V100-SXM2-16GB",7.0,0,"v100-sm70","hierarchical-dataflow-appt-online-register-tail-grouped-writer-final","experimental",0.000000,"persistent CTA fold roles publish online-reordered packet groups without fold-wide barriers",hierarchical-dataflow,0,named-barrier,0,0,0,2,0,0,0,hermes-xor,inplace,radix4,64,20,1048576,1,576460756061519873,60,0,0,0,dataflow-radix4,"7+7+6","appt-online-register-tail-grouped-writer-final+appt-online-register-tail-grouped-writer-final+appt-online-register-tail-grouped-writer-final","256+256+256","8+8+8","32+16+16","4+4+4","2+2+2","1+1+1","10+5+5","ring+ring","2+2",8,0,3,10,1.425632,0.312422,0.313299,0.000876,8,8,4,8,2,natural,natural,"appt-ntt-log20-7x7x6-xor-fw8-v1",1.364064,3200.794875,322.360361,3356276686.985484,fused,shoup,-1
1,writer-final,8,2,8-7-5,"Tesla V100-SXM2-16GB",7.0,0,"v100-sm70","hierarchical-dataflow-appt-online-register-tail-grouped-writer-final","experimental",0.000000,"persistent CTA fold roles publish online-reordered packet groups without fold-wide barriers",hierarchical-dataflow,0,named-barrier,0,0,0,2,0,0,0,hermes-xor,inplace,radix4,64,20,1048576,1,576460756061519873,60,0,0,0,dataflow-radix4,"7+7+6","appt-online-register-tail-grouped-writer-final+appt-online-register-tail-grouped-writer-final+appt-online-register-tail-grouped-writer-final","256+256+256","8+8+8","32+16+16","4+4+4","2+2+2","1+1+1","10+5+5","ring+ring","2+2",8,0,3,10,1.427136,0.372531,0.373405,0.000874,8,7,5,8,2,natural,natural,"appt-ntt-log20-7x7x6-xor-fw8-v1",1.357088,2684.338883,316.780986,2814733329.063918,fused,shoup,-1
1,writer-final,16,1,10-9-3,"Tesla V100-SXM2-16GB",7.0,0,"v100-sm70","hierarchical-dataflow-appt-online-register-tail-grouped-writer-final","experimental",0.000000,"persistent CTA fold roles publish online-reordered packet groups without fold-wide barriers",hierarchical-dataflow,0,named-barrier,0,0,0,2,0,0,0,hermes-xor,inplace,radix4,64,20,1048576,1,576460756061519873,60,0,0,0,dataflow-radix4,"7+7+6","appt-online-register-tail-grouped-writer-final+appt-online-register-tail-grouped-writer-final+appt-online-register-tail-grouped-writer-final","256+256+256","8+8+8","32+16+16","4+4+4","2+2+2","1+1+1","10+5+5","ring+ring","2+2",8,0,3,10,1.417568,0.343552,0.344399,0.000847,10,9,3,16,1,natural,natural,"appt-ntt-log20-7x7x6-xor-fw16-v1",1.359648,2910.767567,320.433949,3052161012.701589,fused,shoup,-1
1,writer-final,16,1,10-8-4,"Tesla V100-SXM2-16GB",7.0,0,"v100-sm70","hierarchical-dataflow-appt-online-register-tail-grouped-writer-final","experimental",0.000000,"persistent CTA fold roles publish online-reordered packet groups without fold-wide barriers",hierarchical-dataflow,0,named-barrier,0,0,0,2,0,0,0,hermes-xor,inplace,radix4,64,20,1048576,1,576460756061519873,60,0,0,0,dataflow-radix4,"7+7+6","appt-online-register-tail-grouped-writer-final+appt-online-register-tail-grouped-writer-final+appt-online-register-tail-grouped-writer-final","256+256+256","8+8+8","32+16+16","4+4+4","2+2+2","1+1+1","10+5+5","ring+ring","2+2",8,0,3,10,1.413920,0.389632,0.390489,0.000857,10,8,4,16,1,natural,natural,"appt-ntt-log20-7x7x6-xor-fw16-v1",1.345568,2566.524202,317.549029,2691195681.590799,fused,shoup,-1
1,writer-final,16,1,9-9-3,"Tesla V100-SXM2-16GB",7.0,0,"v100-sm70","hierarchical-dataflow-appt-online-register-tail-grouped-writer-final","experimental",0.000000,"persistent CTA fold roles publish online-reordered packet groups without fold-wide barriers",hierarchical-dataflow,0,named-barrier,0,0,0,2,0,0,0,hermes-xor,inplace,radix4,64,20,1048576,1,576460756061519873,60,0,0,0,dataflow-radix4,"7+7+6","appt-online-register-tail-grouped-writer-final+appt-online-register-tail-grouped-writer-final+appt-online-register-tail-grouped-writer-final","256+256+256","8+8+8","32+16+16","4+4+4","2+2+2","1+1+1","10+5+5","ring+ring","2+2",8,0,3,10,1.417792,0.345088,0.345998,0.000910,9,9,3,16,1,natural,natural,"appt-ntt-log20-7x7x6-xor-fw16-v1",1.343552,2897.811530,321.912732,3038575623.049266,fused,shoup,-1
1,writer-final,16,1,9-8-4,"Tesla V100-SXM2-16GB",7.0,0,"v100-sm70","hierarchical-dataflow-appt-online-register-tail-grouped-writer-final","experimental",0.000000,"persistent CTA fold roles publish online-reordered packet groups without fold-wide barriers",hierarchical-dataflow,0,named-barrier,0,0,0,2,0,0,0,hermes-xor,inplace,radix4,64,20,1048576,1,576460756061519873,60,0,0,0,dataflow-radix4,"7+7+6","appt-online-register-tail-grouped-writer-final+appt-online-register-tail-grouped-writer-final+appt-online-register-tail-grouped-writer-final","256+256+256","8+8+8","32+16+16","4+4+4","2+2+2","1+1+1","10+5+5","ring+ring","2+2",8,0,3,10,1.415744,0.393933,0.394779,0.000846,9,8,4,16,1,natural,natural,"appt-ntt-log20-7x7x6-xor-fw16-v1",1.343392,2538.504096,317.151346,2661814471.347251,fused,shoup,-1
1,writer-final,16,1,9-7-5,"Tesla V100-SXM2-16GB",7.0,0,"v100-sm70","hierarchical-dataflow-appt-online-register-tail-grouped-writer-final","experimental",0.000000,"persistent CTA fold roles publish online-reordered packet groups without fold-wide barriers",hierarchical-dataflow,0,named-barrier,0,0,0,2,0,0,0,hermes-xor,inplace,radix4,64,20,1048576,1,576460756061519873,60,0,0,0,dataflow-radix4,"7+7+6","appt-online-register-tail-grouped-writer-final+appt-online-register-tail-grouped-writer-final+appt-online-register-tail-grouped-writer-final","256+256+256","8+8+8","32+16+16","4+4+4","2+2+2","1+1+1","10+5+5","ring+ring","2+2",8,0,3,10,1.418048,0.377958,0.378801,0.000843,9,7,5,16,1,natural,natural,"appt-ntt-log20-7x7x6-xor-fw16-v1",1.349984,2645.793913,317.864918,2774315997.971011,fused,shoup,-1
1,writer-final,16,1,8-10-2,"Tesla V100-SXM2-16GB",7.0,0,"v100-sm70","hierarchical-dataflow-appt-online-register-tail-grouped-writer-final","experimental",0.000000,"persistent CTA fold roles publish online-reordered packet groups without fold-wide barriers",hierarchical-dataflow,0,named-barrier,0,0,0,2,0,0,0,hermes-xor,inplace,radix4,64,20,1048576,1,576460756061519873,60,0,0,0,dataflow-radix4,"7+7+6","appt-online-register-tail-grouped-writer-final+appt-online-register-tail-grouped-writer-final+appt-online-register-tail-grouped-writer-final","256+256+256","8+8+8","32+16+16","4+4+4","2+2+2","1+1+1","10+5+5","ring+ring","2+2",8,0,3,10,1.417184,0.402227,0.403206,0.000979,8,10,2,16,1,natural,natural,"appt-ntt-log20-7x7x6-xor-fw16-v1",1.342144,2486.156936,316.300025,2606924495.038346,fused,shoup,-1
1,writer-final,16,1,8-9-3,"Tesla V100-SXM2-16GB",7.0,0,"v100-sm70","hierarchical-dataflow-appt-online-register-tail-grouped-writer-final","experimental",0.000000,"persistent CTA fold roles publish online-reordered packet groups without fold-wide barriers",hierarchical-dataflow,0,named-barrier,0,0,0,2,0,0,0,hermes-xor,inplace,radix4,64,20,1048576,1,576460756061519873,60,0,0,0,dataflow-radix4,"7+7+6","appt-online-register-tail-grouped-writer-final+appt-online-register-tail-grouped-writer-final+appt-online-register-tail-grouped-writer-final","256+256+256","8+8+8","32+16+16","4+4+4","2+2+2","1+1+1","10+5+5","ring+ring","2+2",8,0,3,10,1.413472,0.356864,0.357659,0.000795,8,9,3,16,1,natural,natural,"appt-ntt-log20-7x7x6-xor-fw16-v1",1.336576,2802.187907,321.862990,2938306986.266416,fused,shoup,-1
1,writer-final,16,1,8-8-4,"Tesla V100-SXM2-16GB",7.0,0,"v100-sm70","hierarchical-dataflow-appt-online-register-tail-grouped-writer-final","experimental",0.000000,"persistent CTA fold roles publish online-reordered packet groups without fold-wide barriers",hierarchical-dataflow,0,named-barrier,0,0,0,2,0,0,0,hermes-xor,inplace,radix4,64,20,1048576,1,576460756061519873,60,0,0,0,dataflow-radix4,"7+7+6","appt-online-register-tail-grouped-writer-final+appt-online-register-tail-grouped-writer-final+appt-online-register-tail-grouped-writer-final","256+256+256","8+8+8","32+16+16","4+4+4","2+2+2","1+1+1","10+5+5","ring+ring","2+2",8,0,3,10,1.416000,0.331674,0.332500,0.000826,8,8,4,16,1,natural,natural,"appt-ntt-log20-7x7x6-xor-fw16-v1",1.338048,3015.012419,324.073308,3161469662.498172,fused,shoup,-1
1,writer-final,16,1,8-7-5,"Tesla V100-SXM2-16GB",7.0,0,"v100-sm70","hierarchical-dataflow-appt-online-register-tail-grouped-writer-final","experimental",0.000000,"persistent CTA fold roles publish online-reordered packet groups without fold-wide barriers",hierarchical-dataflow,0,named-barrier,0,0,0,2,0,0,0,hermes-xor,inplace,radix4,64,20,1048576,1,576460756061519873,60,0,0,0,dataflow-radix4,"7+7+6","appt-online-register-tail-grouped-writer-final+appt-online-register-tail-grouped-writer-final+appt-online-register-tail-grouped-writer-final","256+256+256","8+8+8","32+16+16","4+4+4","2+2+2","1+1+1","10+5+5","ring+ring","2+2",8,0,3,10,1.418400,0.380928,0.381725,0.000797,8,7,5,16,1,natural,natural,"appt-ntt-log20-7x7x6-xor-fw16-v1",1.358400,2625.168149,316.683386,2752688316.957629,fused,shoup,-1
1,writer-final,16,2,10-9-3,"Tesla V100-SXM2-16GB",7.0,0,"v100-sm70","hierarchical-dataflow-appt-online-register-tail-grouped-writer-final","experimental",0.000000,"persistent CTA fold roles publish online-reordered packet groups without fold-wide barriers",hierarchical-dataflow,0,named-barrier,0,0,0,2,0,0,0,hermes-xor,inplace,radix4,64,20,1048576,1,576460756061519873,60,0,0,0,dataflow-radix4,"7+7+6","appt-online-register-tail-grouped-writer-final+appt-online-register-tail-grouped-writer-final+appt-online-register-tail-grouped-writer-final","256+256+256","8+8+8","32+16+16","4+4+4","2+2+2","1+1+1","10+5+5","ring+ring","2+2",8,0,3,10,1.414752,0.355430,0.356218,0.000788,10,9,3,16,2,natural,natural,"appt-ntt-log20-7x7x6-xor-fw16-v1",1.348448,2813.490393,320.653575,2950158502.165766,fused,shoup,-1
1,writer-final,16,2,10-8-4,"Tesla V100-SXM2-16GB",7.0,0,"v100-sm70","hierarchical-dataflow-appt-online-register-tail-grouped-writer-final","experimental",0.000000,"persistent CTA fold roles publish online-reordered packet groups without fold-wide barriers",hierarchical-dataflow,0,named-barrier,0,0,0,2,0,0,0,hermes-xor,inplace,radix4,64,20,1048576,1,576460756061519873,60,0,0,0,dataflow-radix4,"7+7+6","appt-online-register-tail-grouped-writer-final+appt-online-register-tail-grouped-writer-final+appt-online-register-tail-grouped-writer-final","256+256+256","8+8+8","32+16+16","4+4+4","2+2+2","1+1+1","10+5+5","ring+ring","2+2",8,0,3,10,1.415168,0.398131,0.398954,0.000822,10,8,4,16,2,natural,natural,"appt-ntt-log20-7x7x6-xor-fw16-v1",1.343072,2511.734877,316.819508,2633744910.672049,fused,shoup,-1
1,writer-final,16,2,9-9-3,"Tesla V100-SXM2-16GB",7.0,0,"v100-sm70","hierarchical-dataflow-appt-online-register-tail-grouped-writer-final","experimental",0.000000,"persistent CTA fold roles publish online-reordered packet groups without fold-wide barriers",hierarchical-dataflow,0,named-barrier,0,0,0,2,0,0,0,hermes-xor,inplace,radix4,64,20,1048576,1,576460756061519873,60,0,0,0,dataflow-radix4,"7+7+6","appt-online-register-tail-grouped-writer-final+appt-online-register-tail-grouped-writer-final+appt-online-register-tail-grouped-writer-final","256+256+256","8+8+8","32+16+16","4+4+4","2+2+2","1+1+1","10+5+5","ring+ring","2+2",8,0,3,10,1.440640,0.355123,0.355993,0.000870,9,9,3,16,2,natural,natural,"appt-ntt-log20-7x7x6-xor-fw16-v1",1.343648,2815.923990,318.531072,2952710314.087378,fused,shoup,-1
1,writer-final,16,2,9-8-4,"Tesla V100-SXM2-16GB",7.0,0,"v100-sm70","hierarchical-dataflow-appt-online-register-tail-grouped-writer-final","experimental",0.000000,"persistent CTA fold roles publish online-reordered packet groups without fold-wide barriers",hierarchical-dataflow,0,named-barrier,0,0,0,2,0,0,0,hermes-xor,inplace,radix4,64,20,1048576,1,576460756061519873,60,0,0,0,dataflow-radix4,"7+7+6","appt-online-register-tail-grouped-writer-final+appt-online-register-tail-grouped-writer-final+appt-online-register-tail-grouped-writer-final","256+256+256","8+8+8","32+16+16","4+4+4","2+2+2","1+1+1","10+5+5","ring+ring","2+2",8,0,3,10,1.426144,0.403046,0.403941,0.000895,9,8,4,16,2,natural,natural,"appt-ntt-log20-7x7x6-xor-fw16-v1",1.347584,2481.103733,314.784703,2601625828.052866,fused,shoup,-1
1,writer-final,16,2,9-7-5,"Tesla V100-SXM2-16GB",7.0,0,"v100-sm70","hierarchical-dataflow-appt-online-register-tail-grouped-writer-final","experimental",0.000000,"persistent CTA fold roles publish online-reordered packet groups without fold-wide barriers",hierarchical-dataflow,0,named-barrier,0,0,0,2,0,0,0,hermes-xor,inplace,radix4,64,20,1048576,1,576460756061519873,60,0,0,0,dataflow-radix4,"7+7+6","appt-online-register-tail-grouped-writer-final+appt-online-register-tail-grouped-writer-final+appt-online-register-tail-grouped-writer-final","256+256+256","8+8+8","32+16+16","4+4+4","2+2+2","1+1+1","10+5+5","ring+ring","2+2",8,0,3,10,1.424544,0.376013,0.376925,0.000912,9,7,5,16,2,natural,natural,"appt-ntt-log20-7x7x6-xor-fw16-v1",1.351232,2659.483917,317.280140,2788671008.212480,fused,shoup,-1
1,writer-final,16,2,8-10-2,"Tesla V100-SXM2-16GB",7.0,0,"v100-sm70","hierarchical-dataflow-appt-online-register-tail-grouped-writer-final","experimental",0.000000,"persistent CTA fold roles publish online-reordered packet groups without fold-wide barriers",hierarchical-dataflow,0,named-barrier,0,0,0,2,0,0,0,hermes-xor,inplace,radix4,64,20,1048576,1,576460756061519873,60,0,0,0,dataflow-radix4,"7+7+6","appt-online-register-tail-grouped-writer-final+appt-online-register-tail-grouped-writer-final+appt-online-register-tail-grouped-writer-final","256+256+256","8+8+8","32+16+16","4+4+4","2+2+2","1+1+1","10+5+5","ring+ring","2+2",8,0,3,10,1.425632,0.413286,0.414148,0.000862,8,10,2,16,2,natural,natural,"appt-ntt-log20-7x7x6-xor-fw16-v1",1.359904,2419.629654,312.615039,2537165584.563143,fused,shoup,-1
1,writer-final,16,2,8-9-3,"Tesla V100-SXM2-16GB",7.0,0,"v100-sm70","hierarchical-dataflow-appt-online-register-tail-grouped-writer-final","experimental",0.000000,"persistent CTA fold roles publish online-reordered packet groups without fold-wide barriers",hierarchical-dataflow,0,named-barrier,0,0,0,2,0,0,0,hermes-xor,inplace,radix4,64,20,1048576,1,576460756061519873,60,0,0,0,dataflow-radix4,"7+7+6","appt-online-register-tail-grouped-writer-final+appt-online-register-tail-grouped-writer-final+appt-online-register-tail-grouped-writer-final","256+256+256","8+8+8","32+16+16","4+4+4","2+2+2","1+1+1","10+5+5","ring+ring","2+2",8,0,3,10,1.425344,0.363520,0.364458,0.000938,8,9,3,16,2,natural,natural,"appt-ntt-log20-7x7x6-xor-fw16-v1",1.348160,2750.880309,318.773460,2884507070.782402,fused,shoup,-1
1,writer-final,16,2,8-8-4,"Tesla V100-SXM2-16GB",7.0,0,"v100-sm70","hierarchical-dataflow-appt-online-register-tail-grouped-writer-final","experimental",0.000000,"persistent CTA fold roles publish online-reordered packet groups without fold-wide barriers",hierarchical-dataflow,0,named-barrier,0,0,0,2,0,0,0,hermes-xor,inplace,radix4,64,20,1048576,1,576460756061519873,60,0,0,0,dataflow-radix4,"7+7+6","appt-online-register-tail-grouped-writer-final+appt-online-register-tail-grouped-writer-final+appt-online-register-tail-grouped-writer-final","256+256+256","8+8+8","32+16+16","4+4+4","2+2+2","1+1+1","10+5+5","ring+ring","2+2",8,0,3,10,1.424448,0.348058,0.348929,0.000871,8,8,4,16,2,natural,natural,"appt-ntt-log20-7x7x6-xor-fw16-v1",1.344640,2873.087690,320.806314,3012650798.029091,fused,shoup,-1
1,writer-final,16,2,8-7-5,"Tesla V100-SXM2-16GB",7.0,0,"v100-sm70","hierarchical-dataflow-appt-online-register-tail-grouped-writer-final","experimental",0.000000,"persistent CTA fold roles publish online-reordered packet groups without fold-wide barriers",hierarchical-dataflow,0,named-barrier,0,0,0,2,0,0,0,hermes-xor,inplace,radix4,64,20,1048576,1,576460756061519873,60,0,0,0,dataflow-radix4,"7+7+6","appt-online-register-tail-grouped-writer-final+appt-online-register-tail-grouped-writer-final+appt-online-register-tail-grouped-writer-final","256+256+256","8+8+8","32+16+16","4+4+4","2+2+2","1+1+1","10+5+5","ring+ring","2+2",8,0,3,10,1.423616,0.387789,0.388875,0.001086,8,7,5,16,2,natural,natural,"appt-ntt-log20-7x7x6-xor-fw16-v1",1.345216,2578.723248,316.794457,2703987308.426900,fused,shoup,-1
1,writer-final,32,1,10-9-3,"Tesla V100-SXM2-16GB",7.0,0,"v100-sm70","hierarchical-dataflow-appt-online-register-tail-grouped-writer-final","experimental",0.000000,"persistent CTA fold roles publish online-reordered packet groups without fold-wide barriers",hierarchical-dataflow,0,named-barrier,0,0,0,2,0,0,0,hermes-xor,inplace,radix4,64,20,1048576,1,576460756061519873,60,0,0,0,dataflow-radix4,"7+7+6","appt-online-register-tail-grouped-writer-final+appt-online-register-tail-grouped-writer-final+appt-online-register-tail-grouped-writer-final","256+256+256","8+8+8","32+16+16","4+4+4","2+2+2","1+1+1","10+5+5","ring+ring","2+2",8,0,3,10,1.416448,0.457216,0.458030,0.000814,10,9,3,32,1,natural,natural,"appt-ntt-log20-7x7x6-xor-fw32-v1",1.340000,2187.150224,311.171299,2293393233.703190,fused,shoup,-1
1,writer-final,32,1,10-8-4,"Tesla V100-SXM2-16GB",7.0,0,"v100-sm70","hierarchical-dataflow-appt-online-register-tail-grouped-writer-final","experimental",0.000000,"persistent CTA fold roles publish online-reordered packet groups without fold-wide barriers",hierarchical-dataflow,0,named-barrier,0,0,0,2,0,0,0,hermes-xor,inplace,radix4,64,20,1048576,1,576460756061519873,60,0,0,0,dataflow-radix4,"7+7+6","appt-online-register-tail-grouped-writer-final+appt-online-register-tail-grouped-writer-final+appt-online-register-tail-grouped-writer-final","256+256+256","8+8+8","32+16+16","4+4+4","2+2+2","1+1+1","10+5+5","ring+ring","2+2",8,0,3,10,1.414976,0.484762,0.485580,0.000819,10,8,4,32,1,natural,natural,"appt-ntt-log20-7x7x6-xor-fw32-v1",1.351040,2062.869558,307.618703,2163075509.240589,fused,shoup,-1
1,writer-final,32,1,9-9-3,"Tesla V100-SXM2-16GB",7.0,0,"v100-sm70","hierarchical-dataflow-appt-online-register-tail-grouped-writer-final","experimental",0.000000,"persistent CTA fold roles publish online-reordered packet groups without fold-wide barriers",hierarchical-dataflow,0,named-barrier,0,0,0,2,0,0,0,hermes-xor,inplace,radix4,64,20,1048576,1,576460756061519873,60,0,0,0,dataflow-radix4,"7+7+6","appt-online-register-tail-grouped-writer-final+appt-online-register-tail-grouped-writer-final+appt-online-register-tail-grouped-writer-final","256+256+256","8+8+8","32+16+16","4+4+4","2+2+2","1+1+1","10+5+5","ring+ring","2+2",8,0,3,10,1.425760,0.458445,0.459300,0.000855,9,9,3,32,1,natural,natural,"appt-ntt-log20-7x7x6-xor-fw32-v1",1.348832,2181.287816,309.306716,2287246052.574639,fused,shoup,-1
1,writer-final,32,1,9-8-4,"Tesla V100-SXM2-16GB",7.0,0,"v100-sm70","hierarchical-dataflow-appt-online-register-tail-grouped-writer-final","experimental",0.000000,"persistent CTA fold roles publish online-reordered packet groups without fold-wide barriers",hierarchical-dataflow,0,named-barrier,0,0,0,2,0,0,0,hermes-xor,inplace,radix4,64,20,1048576,1,576460756061519873,60,0,0,0,dataflow-radix4,"7+7+6","appt-online-register-tail-grouped-writer-final+appt-online-register-tail-grouped-writer-final+appt-online-register-tail-grouped-writer-final","256+256+256","8+8+8","32+16+16","4+4+4","2+2+2","1+1+1","10+5+5","ring+ring","2+2",8,0,3,10,1.416672,0.473293,0.474200,0.000908,9,8,4,32,1,natural,natural,"appt-ntt-log20-7x7x6-xor-fw32-v1",1.351456,2112.857131,308.506689,2215491279.166454,fused,shoup,-1
1,writer-final,32,1,9-7-5,"Tesla V100-SXM2-16GB",7.0,0,"v100-sm70","hierarchical-dataflow-appt-online-register-tail-grouped-writer-final","experimental",0.000000,"persistent CTA fold roles publish online-reordered packet groups without fold-wide barriers",hierarchical-dataflow,0,named-barrier,0,0,0,2,0,0,0,hermes-xor,inplace,radix4,64,20,1048576,1,576460756061519873,60,0,0,0,dataflow-radix4,"7+7+6","appt-online-register-tail-grouped-writer-final+appt-online-register-tail-grouped-writer-final+appt-online-register-tail-grouped-writer-final","256+256+256","8+8+8","32+16+16","4+4+4","2+2+2","1+1+1","10+5+5","ring+ring","2+2",8,0,3,10,1.421216,0.445850,0.446549,0.000700,9,7,5,32,1,natural,natural,"appt-ntt-log20-7x7x6-xor-fw32-v1",1.358976,2242.908832,309.977402,2351860371.721023,fused,shoup,-1
1,writer-final,32,1,8-10-2,"Tesla V100-SXM2-16GB",7.0,0,"v100-sm70","hierarchical-dataflow-appt-online-register-tail-grouped-writer-final","experimental",0.000000,"persistent CTA fold roles publish online-reordered packet groups without fold-wide barriers",hierarchical-dataflow,0,named-barrier,0,0,0,2,0,0,0,hermes-xor,inplace,radix4,64,20,1048576,1,576460756061519873,60,0,0,0,dataflow-radix4,"7+7+6","appt-online-register-tail-grouped-writer-final+appt-online-register-tail-grouped-writer-final+appt-online-register-tail-grouped-writer-final","256+256+256","8+8+8","32+16+16","4+4+4","2+2+2","1+1+1","10+5+5","ring+ring","2+2",8,0,3,10,1.418624,0.570470,0.571401,0.000931,8,10,2,32,1,natural,natural,"appt-ntt-log20-7x7x6-xor-fw32-v1",1.355136,1752.939351,299.022453,1838090133.003723,fused,shoup,-1
1,writer-final,32,1,8-9-3,"Tesla V100-SXM2-16GB",7.0,0,"v100-sm70","hierarchical-dataflow-appt-online-register-tail-grouped-writer-final","experimental",0.000000,"persistent CTA fold roles publish online-reordered packet groups without fold-wide barriers",hierarchical-dataflow,0,named-barrier,0,0,0,2,0,0,0,hermes-xor,inplace,radix4,64,20,1048576,1,576460756061519873,60,0,0,0,dataflow-radix4,"7+7+6","appt-online-register-tail-grouped-writer-final+appt-online-register-tail-grouped-writer-final+appt-online-register-tail-grouped-writer-final","256+256+256","8+8+8","32+16+16","4+4+4","2+2+2","1+1+1","10+5+5","ring+ring","2+2",8,0,3,10,1.413760,0.471142,0.471917,0.000774,8,9,3,32,1,natural,natural,"appt-ntt-log20-7x7x6-xor-fw32-v1",1.368704,2122.500627,307.351262,2225603217.477733,fused,shoup,-1
1,writer-final,32,1,8-8-4,"Tesla V100-SXM2-16GB",7.0,0,"v100-sm70","hierarchical-dataflow-appt-online-register-tail-grouped-writer-final","experimental",0.000000,"persistent CTA fold roles publish online-reordered packet groups without fold-wide barriers",hierarchical-dataflow,0,named-barrier,0,0,0,2,0,0,0,hermes-xor,inplace,radix4,64,20,1048576,1,576460756061519873,60,0,0,0,dataflow-radix4,"7+7+6","appt-online-register-tail-grouped-writer-final+appt-online-register-tail-grouped-writer-final+appt-online-register-tail-grouped-writer-final","256+256+256","8+8+8","32+16+16","4+4+4","2+2+2","1+1+1","10+5+5","ring+ring","2+2",8,0,3,10,1.415904,0.413491,0.414337,0.000846,8,8,4,32,1,natural,natural,"appt-ntt-log20-7x7x6-xor-fw32-v1",1.359328,2418.431216,313.605138,2535908930.294522,fused,shoup,-1
1,writer-final,32,1,8-7-5,"Tesla V100-SXM2-16GB",7.0,0,"v100-sm70","hierarchical-dataflow-appt-online-register-tail-grouped-writer-final","experimental",0.000000,"persistent CTA fold roles publish online-reordered packet groups without fold-wide barriers",hierarchical-dataflow,0,named-barrier,0,0,0,2,0,0,0,hermes-xor,inplace,radix4,64,20,1048576,1,576460756061519873,60,0,0,0,dataflow-radix4,"7+7+6","appt-online-register-tail-grouped-writer-final+appt-online-register-tail-grouped-writer-final+appt-online-register-tail-grouped-writer-final","256+256+256","8+8+8","32+16+16","4+4+4","2+2+2","1+1+1","10+5+5","ring+ring","2+2",8,0,3,10,1.415808,0.468992,0.469879,0.000887,8,7,5,32,1,natural,natural,"appt-ntt-log20-7x7x6-xor-fw32-v1",1.342848,2132.232556,309.823138,2235807884.776282,fused,shoup,-1
1,writer-final,32,2,10-9-3,"Tesla V100-SXM2-16GB",7.0,0,"v100-sm70","hierarchical-dataflow-appt-online-register-tail-grouped-writer-final","experimental",0.000000,"persistent CTA fold roles publish online-reordered packet groups without fold-wide barriers",hierarchical-dataflow,0,named-barrier,0,0,0,2,0,0,0,hermes-xor,inplace,radix4,64,20,1048576,1,576460756061519873,60,0,0,0,dataflow-radix4,"7+7+6","appt-online-register-tail-grouped-writer-final+appt-online-register-tail-grouped-writer-final+appt-online-register-tail-grouped-writer-final","256+256+256","8+8+8","32+16+16","4+4+4","2+2+2","1+1+1","10+5+5","ring+ring","2+2",8,0,3,10,1.425440,0.477082,0.477940,0.000859,10,9,3,32,2,natural,natural,"appt-ntt-log20-7x7x6-xor-fw32-v1",1.356160,2096.077498,306.872571,2197896558.828531,fused,shoup,-1
1,writer-final,32,2,10-8-4,"Tesla V100-SXM2-16GB",7.0,0,"v100-sm70","hierarchical-dataflow-appt-online-register-tail-grouped-writer-final","experimental",0.000000,"persistent CTA fold roles publish online-reordered packet groups without fold-wide barriers",hierarchical-dataflow,0,named-barrier,0,0,0,2,0,0,0,hermes-xor,inplace,radix4,64,20,1048576,1,576460756061519873,60,0,0,0,dataflow-radix4,"7+7+6","appt-online-register-tail-grouped-writer-final+appt-online-register-tail-grouped-writer-final+appt-online-register-tail-grouped-writer-final","256+256+256","8+8+8","32+16+16","4+4+4","2+2+2","1+1+1","10+5+5","ring+ring","2+2",8,0,3,10,1.425888,0.506982,0.507849,0.000867,10,8,4,32,2,natural,natural,"appt-ntt-log20-7x7x6-xor-fw32-v1",1.341504,1972.454882,305.401853,2068268850.053270,fused,shoup,-1
1,writer-final,32,2,9-9-3,"Tesla V100-SXM2-16GB",7.0,0,"v100-sm70","hierarchical-dataflow-appt-online-register-tail-grouped-writer-final","experimental",0.000000,"persistent CTA fold roles publish online-reordered packet groups without fold-wide barriers",hierarchical-dataflow,0,named-barrier,0,0,0,2,0,0,0,hermes-xor,inplace,radix4,64,20,1048576,1,576460756061519873,60,0,0,0,dataflow-radix4,"7+7+6","appt-online-register-tail-grouped-writer-final+appt-online-register-tail-grouped-writer-final+appt-online-register-tail-grouped-writer-final","256+256+256","8+8+8","32+16+16","4+4+4","2+2+2","1+1+1","10+5+5","ring+ring","2+2",8,0,3,10,1.426944,0.480358,0.481151,0.000793,9,9,3,32,2,natural,natural,"appt-ntt-log20-7x7x6-xor-fw32-v1",1.362016,2081.778844,305.874154,2182903333.026350,fused,shoup,-1
1,writer-final,32,2,9-8-4,"Tesla V100-SXM2-16GB",7.0,0,"v100-sm70","hierarchical-dataflow-appt-online-register-tail-grouped-writer-final","experimental",0.000000,"persistent CTA fold roles publish online-reordered packet groups without fold-wide barriers",hierarchical-dataflow,0,named-barrier,0,0,0,2,0,0,0,hermes-xor,inplace,radix4,64,20,1048576,1,576460756061519873,60,0,0,0,dataflow-radix4,"7+7+6","appt-online-register-tail-grouped-writer-final+appt-online-register-tail-grouped-writer-final+appt-online-register-tail-grouped-writer-final","256+256+256","8+8+8","32+16+16","4+4+4","2+2+2","1+1+1","10+5+5","ring+ring","2+2",8,0,3,10,1.423968,0.477594,0.478532,0.000938,9,8,4,32,2,natural,natural,"appt-ntt-log20-7x7x6-xor-fw32-v1",1.352512,2093.830400,307.307128,2195540305.300179,fused,shoup,-1
1,writer-final,32,2,9-7-5,"Tesla V100-SXM2-16GB",7.0,0,"v100-sm70","hierarchical-dataflow-appt-online-register-tail-grouped-writer-final","experimental",0.000000,"persistent CTA fold roles publish online-reordered packet groups without fold-wide barriers",hierarchical-dataflow,0,named-barrier,0,0,0,2,0,0,0,hermes-xor,inplace,radix4,64,20,1048576,1,576460756061519873,60,0,0,0,dataflow-radix4,"7+7+6","appt-online-register-tail-grouped-writer-final+appt-online-register-tail-grouped-writer-final+appt-online-register-tail-grouped-writer-final","256+256+256","8+8+8","32+16+16","4+4+4","2+2+2","1+1+1","10+5+5","ring+ring","2+2",8,0,3,10,1.424640,0.465715,0.466532,0.000817,9,7,5,32,2,natural,natural,"appt-ntt-log20-7x7x6-xor-fw32-v1",1.348224,2147.234912,308.777367,2251538995.408020,fused,shoup,-1
1,writer-final,32,2,8-10-2,"Tesla V100-SXM2-16GB",7.0,0,"v100-sm70","hierarchical-dataflow-appt-online-register-tail-grouped-writer-final","experimental",0.000000,"persistent CTA fold roles publish online-reordered packet groups without fold-wide barriers",hierarchical-dataflow,0,named-barrier,0,0,0,2,0,0,0,hermes-xor,inplace,radix4,64,20,1048576,1,576460756061519873,60,0,0,0,dataflow-radix4,"7+7+6","appt-online-register-tail-grouped-writer-final+appt-online-register-tail-grouped-writer-final+appt-online-register-tail-grouped-writer-final","256+256+256","8+8+8","32+16+16","4+4+4","2+2+2","1+1+1","10+5+5","ring+ring","2+2",8,0,3,10,1.415104,0.568525,0.569462,0.000937,8,10,2,32,2,natural,natural,"appt-ntt-log20-7x7x6-xor-fw32-v1",1.353088,1758.938289,299.695794,1844380475.188826,fused,shoup,-1
1,writer-final,32,2,8-9-3,"Tesla V100-SXM2-16GB",7.0,0,"v100-sm70","hierarchical-dataflow-appt-online-register-tail-grouped-writer-final","experimental",0.000000,"persistent CTA fold roles publish online-reordered packet groups without fold-wide barriers",hierarchical-dataflow,0,named-barrier,0,0,0,2,0,0,0,hermes-xor,inplace,radix4,64,20,1048576,1,576460756061519873,60,0,0,0,dataflow-radix4,"7+7+6","appt-online-register-tail-grouped-writer-final+appt-online-register-tail-grouped-writer-final+appt-online-register-tail-grouped-writer-final","256+256+256","8+8+8","32+16+16","4+4+4","2+2+2","1+1+1","10+5+5","ring+ring","2+2",8,0,3,10,1.415648,0.491725,0.492549,0.000824,8,9,3,32,2,natural,natural,"appt-ntt-log20-7x7x6-xor-fw32-v1",1.343136,2033.657896,307.644152,2132444861.745408,fused,shoup,-1
1,writer-final,32,2,8-8-4,"Tesla V100-SXM2-16GB",7.0,0,"v100-sm70","hierarchical-dataflow-appt-online-register-tail-grouped-writer-final","experimental",0.000000,"persistent CTA fold roles publish online-reordered packet groups without fold-wide barriers",hierarchical-dataflow,0,named-barrier,0,0,0,2,0,0,0,hermes-xor,inplace,radix4,64,20,1048576,1,576460756061519873,60,0,0,0,dataflow-radix4,"7+7+6","appt-online-register-tail-grouped-writer-final+appt-online-register-tail-grouped-writer-final+appt-online-register-tail-grouped-writer-final","256+256+256","8+8+8","32+16+16","4+4+4","2+2+2","1+1+1","10+5+5","ring+ring","2+2",8,0,3,10,1.415776,0.413184,0.413986,0.000802,8,8,4,32,2,natural,natural,"appt-ntt-log20-7x7x6-xor-fw32-v1",1.360288,2420.229145,313.553534,2537794195.811573,fused,shoup,-1
1,writer-final,32,2,8-7-5,"Tesla V100-SXM2-16GB",7.0,0,"v100-sm70","hierarchical-dataflow-appt-online-register-tail-grouped-writer-final","experimental",0.000000,"persistent CTA fold roles publish online-reordered packet groups without fold-wide barriers",hierarchical-dataflow,0,named-barrier,0,0,0,2,0,0,0,hermes-xor,inplace,radix4,64,20,1048576,1,576460756061519873,60,0,0,0,dataflow-radix4,"7+7+6","appt-online-register-tail-grouped-writer-final+appt-online-register-tail-grouped-writer-final+appt-online-register-tail-grouped-writer-final","256+256+256","8+8+8","32+16+16","4+4+4","2+2+2","1+1+1","10+5+5","ring+ring","2+2",8,0,3,10,1.419616,0.490291,0.491077,0.000786,8,7,5,32,2,natural,natural,"appt-ntt-log20-7x7x6-xor-fw32-v1",1.350528,2039.604185,306.707522,2138679998.394791,fused,shoup,-1
1,v06,0,0,9-11,"Tesla V100-SXM2-16GB",7.0,0,"v100-sm70","hierarchical-dataflow-wave-10x10-resident-radix4","experimental",0.000000,"transform-wave readiness with the generated resident radix-4 core",hierarchical-dataflow,0,named-barrier,0,0,0,2,0,0,0,hermes-xor,inplace,radix4,64,20,1048576,4,576460756061519873,60,0,0,0,dataflow-radix4,"10+10","dataflow-radix4+dataflow-radix4","256+256","1+1","0+0","0+0","0+0","0+0","9+11","full-scratch","1",8,0,3,10,5.466560,0.610816,0.611690,0.000874,0,0,0,0,0,natural,natural,"",5.117280,6548.616912,357.313350,6866722526.927167,fused,shoup,-1
1,grouped,16,2,8-10-2,"Tesla V100-SXM2-16GB",7.0,0,"v100-sm70","hierarchical-dataflow-appt-online-register-tail-grouped","experimental",0.000000,"persistent CTA fold roles publish online-reordered packet groups without fold-wide barriers",hierarchical-dataflow,0,named-barrier,0,0,0,2,0,0,0,hermes-xor,inplace,radix4,64,20,1048576,4,576460756061519873,60,0,0,0,dataflow-radix4,"7+7+6","appt-online-register-tail-grouped+appt-online-register-tail-grouped+appt-online-register-tail-grouped","256+256+256","8+8+8","32+16+16","4+4+4","2+2+2","1+1+1","10+5+5","ring+ring","2+2",8,0,3,10,5.469152,0.967066,0.967883,0.000817,8,10,2,16,2,natural,natural,"appt-ntt-log20-7x7x6-xor-fw16-v1",5.111936,4136.223919,346.375715,4337145132.369973,fused,shoup,-1
1,writer-final,8,1,10-9-3,"Tesla V100-SXM2-16GB",7.0,0,"v100-sm70","hierarchical-dataflow-appt-online-register-tail-grouped-writer-final","experimental",0.000000,"persistent CTA fold roles publish online-reordered packet groups without fold-wide barriers",hierarchical-dataflow,0,named-barrier,0,0,0,2,0,0,0,hermes-xor,inplace,radix4,64,20,1048576,4,576460756061519873,60,0,0,0,dataflow-radix4,"7+7+6","appt-online-register-tail-grouped-writer-final+appt-online-register-tail-grouped-writer-final+appt-online-register-tail-grouped-writer-final","256+256+256","8+8+8","32+16+16","4+4+4","2+2+2","1+1+1","10+5+5","ring+ring","2+2",8,0,3,10,5.463744,0.943616,0.944379,0.000763,10,9,3,8,1,natural,natural,"appt-ntt-log20-7x7x6-xor-fw8-v1",5.102592,4239.012333,347.525336,4444926596.299345,fused,shoup,-1
1,writer-final,8,1,10-8-4,"Tesla V100-SXM2-16GB",7.0,0,"v100-sm70","hierarchical-dataflow-appt-online-register-tail-grouped-writer-final","experimental",0.000000,"persistent CTA fold roles publish online-reordered packet groups without fold-wide barriers",hierarchical-dataflow,0,named-barrier,0,0,0,2,0,0,0,hermes-xor,inplace,radix4,64,20,1048576,4,576460756061519873,60,0,0,0,dataflow-radix4,"7+7+6","appt-online-register-tail-grouped-writer-final+appt-online-register-tail-grouped-writer-final+appt-online-register-tail-grouped-writer-final","256+256+256","8+8+8","32+16+16","4+4+4","2+2+2","1+1+1","10+5+5","ring+ring","2+2",8,0,3,10,5.477248,1.015296,1.016121,0.000825,10,8,4,8,1,natural,natural,"appt-ntt-log20-7x7x6-xor-fw8-v1",5.124768,3939.737840,344.313729,4131114544.792249,fused,shoup,-1
1,writer-final,8,1,9-9-3,"Tesla V100-SXM2-16GB",7.0,0,"v100-sm70","hierarchical-dataflow-appt-online-register-tail-grouped-writer-final","experimental",0.000000,"persistent CTA fold roles publish online-reordered packet groups without fold-wide barriers",hierarchical-dataflow,0,named-barrier,0,0,0,2,0,0,0,hermes-xor,inplace,radix4,64,20,1048576,4,576460756061519873,60,0,0,0,dataflow-radix4,"7+7+6","appt-online-register-tail-grouped-writer-final+appt-online-register-tail-grouped-writer-final+appt-online-register-tail-grouped-writer-final","256+256+256","8+8+8","32+16+16","4+4+4","2+2+2","1+1+1","10+5+5","ring+ring","2+2",8,0,3,10,5.471360,0.970138,0.970980,0.000843,9,9,3,8,1,natural,natural,"appt-ntt-log20-7x7x6-xor-fw8-v1",5.103840,4123.126468,346.460200,4323411459.085802,fused,shoup,-1
1,writer-final,8,1,9-8-4,"Tesla V100-SXM2-16GB",7.0,0,"v100-sm70","hierarchical-dataflow-appt-online-register-tail-grouped-writer-final","experimental",0.000000,"persistent CTA fold roles publish online-reordered packet groups without fold-wide barriers",hierarchical-dataflow,0,named-barrier,0,0,0,2,0,0,0,hermes-xor,inplace,radix4,64,20,1048576,4,576460756061519873,60,0,0,0,dataflow-radix4,"7+7+6","appt-online-register-tail-grouped-writer-final+appt-online-register-tail-grouped-writer-final+appt-online-register-tail-grouped-writer-final","256+256+256","8+8+8","32+16+16","4+4+4","2+2+2","1+1+1","10+5+5","ring+ring","2+2",8,0,3,10,5.488896,1.009254,1.010243,0.000989,9,8,4,8,1,natural,natural,"appt-ntt-log20-7x7x6-xor-fw8-v1",5.115264,3963.322084,344.429290,4155844417.908826,fused,shoup,-1
1,writer-final,8,1,9-7-5,"Tesla V100-SXM2-16GB",7.0,0,"v100-sm70","hierarchical-dataflow-appt-online-register-tail-grouped-writer-final","experimental",0.000000,"persistent CTA fold roles publish online-reordered packet groups without fold-wide barriers",hierarchical-dataflow,0,named-barrier,0,0,0,2,0,0,0,hermes-xor,inplace,radix4,64,20,1048576,4,576460756061519873,60,0,0,0,dataflow-radix4,"7+7+6","appt-online-register-tail-grouped-writer-final+appt-online-register-tail-grouped-writer-final+appt-online-register-tail-grouped-writer-final","256+256+256","8+8+8","32+16+16","4+4+4","2+2+2","1+1+1","10+5+5","ring+ring","2+2",8,0,3,10,5.467520,1.005773,1.006594,0.000821,9,7,5,8,1,natural,natural,"appt-ntt-log20-7x7x6-xor-fw8-v1",5.118784,3977.041221,345.063270,4170229975.229684,fused,shoup,-1
1,writer-final,8,1,8-10-2,"Tesla V100-SXM2-16GB",7.0,0,"v100-sm70","hierarchical-dataflow-appt-online-register-tail-grouped-writer-final","experimental",0.000000,"persistent CTA fold roles publish online-reordered packet groups without fold-wide barriers",hierarchical-dataflow,0,named-barrier,0,0,0,2,0,0,0,hermes-xor,inplace,radix4,64,20,1048576,4,576460756061519873,60,0,0,0,dataflow-radix4,"7+7+6","appt-online-register-tail-grouped-writer-final+appt-online-register-tail-grouped-writer-final+appt-online-register-tail-grouped-writer-final","256+256+256","8+8+8","32+16+16","4+4+4","2+2+2","1+1+1","10+5+5","ring+ring","2+2",8,0,3,10,5.479712,0.972698,0.973424,0.000726,8,10,2,8,1,natural,natural,"appt-ntt-log20-7x7x6-xor-fw8-v1",5.123968,4112.274910,345.531226,4312032776.302797,fused,shoup,-1
1,writer-final,8,1,8-9-3,"Tesla V100-SXM2-16GB",7.0,0,"v100-sm70","hierarchical-dataflow-appt-online-register-tail-grouped-writer-final","experimental",0.000000,"persistent CTA fold roles publish online-reordered packet groups without fold-wide barriers",hierarchical-dataflow,0,named-barrier,0,0,0,2,0,0,0,hermes-xor,inplace,radix4,64,20,1048576,4,576460756061519873,60,0,0,0,dataflow-radix4,"7+7+6","appt-online-register-tail-grouped-writer-final+appt-online-register-tail-grouped-writer-final+appt-online-register-tail-grouped-writer-final","256+256+256","8+8+8","32+16+16","4+4+4","2+2+2","1+1+1","10+5+5","ring+ring","2+2",8,0,3,10,5.467584,0.978227,0.979022,0.000795,8,9,3,8,1,natural,natural,"appt-ntt-log20-7x7x6-xor-fw8-v1",5.108576,4089.029383,346.188848,4287658074.197489,fused,shoup,-1
1,writer-final,8,1,8-8-4,"Tesla V100-SXM2-16GB",7.0,0,"v100-sm70","hierarchical-dataflow-appt-online-register-tail-grouped-writer-final","experimental",0.000000,"persistent CTA fold roles publish online-reordered packet groups without fold-wide barriers",hierarchical-dataflow,0,named-barrier,0,0,0,2,0,0,0,hermes-xor,inplace,radix4,64,20,1048576,4,576460756061519873,60,0,0,0,dataflow-radix4,"7+7+6","appt-online-register-tail-grouped-writer-final+appt-online-register-tail-grouped-writer-final+appt-online-register-tail-grouped-writer-final","256+256+256","8+8+8","32+16+16","4+4+4","2+2+2","1+1+1","10+5+5","ring+ring","2+2",8,0,3,10,5.489504,0.942182,0.943098,0.000916,8,8,4,8,1,natural,natural,"appt-ntt-log20-7x7x6-xor-fw8-v1",5.121216,4245.462352,346.233350,4451689931.236643,fused,shoup,-1
1,writer-final,8,1,8-7-5,"Tesla V100-SXM2-16GB",7.0,0,"v100-sm70","hierarchical-dataflow-appt-online-register-tail-grouped-writer-final","experimental",0.000000,"persistent CTA fold roles publish online-reordered packet groups without fold-wide barriers",hierarchical-dataflow,0,named-barrier,0,0,0,2,0,0,0,hermes-xor,inplace,radix4,64,20,1048576,4,576460756061519873,60,0,0,0,dataflow-radix4,"7+7+6","appt-online-register-tail-grouped-writer-final+appt-online-register-tail-grouped-writer-final+appt-online-register-tail-grouped-writer-final","256+256+256","8+8+8","32+16+16","4+4+4","2+2+2","1+1+1","10+5+5","ring+ring","2+2",8,0,3,10,5.470944,1.083187,1.083995,0.000808,8,7,5,8,1,natural,natural,"appt-ntt-log20-7x7x6-xor-fw8-v1",5.117856,3692.805747,342.700856,3872187478.720417,fused,shoup,-1
1,writer-final,8,2,10-9-3,"Tesla V100-SXM2-16GB",7.0,0,"v100-sm70","hierarchical-dataflow-appt-online-register-tail-grouped-writer-final","experimental",0.000000,"persistent CTA fold roles publish online-reordered packet groups without fold-wide barriers",hierarchical-dataflow,0,named-barrier,0,0,0,2,0,0,0,hermes-xor,inplace,radix4,64,20,1048576,4,576460756061519873,60,0,0,0,dataflow-radix4,"7+7+6","appt-online-register-tail-grouped-writer-final+appt-online-register-tail-grouped-writer-final+appt-online-register-tail-grouped-writer-final","256+256+256","8+8+8","32+16+16","4+4+4","2+2+2","1+1+1","10+5+5","ring+ring","2+2",8,0,3,10,5.469856,0.942285,0.943201,0.000916,10,9,3,8,2,natural,natural,"appt-ntt-log20-7x7x6-xor-fw8-v1",5.105120,4245.001254,347.304806,4451206434.955466,fused,shoup,-1
1,writer-final,8,2,10-8-4,"Tesla V100-SXM2-16GB",7.0,0,"v100-sm70","hierarchical-dataflow-appt-online-register-tail-grouped-writer-final","experimental",0.000000,"persistent CTA fold roles publish online-reordered packet groups without fold-wide barriers",hierarchical-dataflow,0,named-barrier,0,0,0,2,0,0,0,hermes-xor,inplace,radix4,64,20,1048576,4,576460756061519873,60,0,0,0,dataflow-radix4,"7+7+6","appt-online-register-tail-grouped-writer-final+appt-online-register-tail-grouped-writer-final+appt-online-register-tail-grouped-writer-final","256+256+256","8+8+8","32+16+16","4+4+4","2+2+2","1+1+1","10+5+5","ring+ring","2+2",8,0,3,10,5.463360,1.010176,1.011066,0.000891,10,8,4,8,2,natural,natural,"appt-ntt-log20-7x7x6-xor-fw8-v1",5.106016,3959.706253,345.436509,4152052944.349815,fused,shoup,-1
1,writer-final,8,2,9-9-3,"Tesla V100-SXM2-16GB",7.0,0,"v100-sm70","hierarchical-dataflow-appt-online-register-tail-grouped-writer-final","experimental",0.000000,"persistent CTA fold roles publish online-reordered packet groups without fold-wide barriers",hierarchical-dataflow,0,named-barrier,0,0,0,2,0,0,0,hermes-xor,inplace,radix4,64,20,1048576,4,576460756061519873,60,0,0,0,dataflow-radix4,"7+7+6","appt-online-register-tail-grouped-writer-final+appt-online-register-tail-grouped-writer-final+appt-online-register-tail-grouped-writer-final","256+256+256","8+8+8","32+16+16","4+4+4","2+2+2","1+1+1","10+5+5","ring+ring","2+2",8,0,3,10,5.480416,0.979149,0.980013,0.000865,9,9,3,8,2,natural,natural,"appt-ntt-log20-7x7x6-xor-fw8-v1",5.121088,4085.181152,345.403678,4283622911.348912,fused,shoup,-1
1,writer-final,8,2,9-8-4,"Tesla V100-SXM2-16GB",7.0,0,"v100-sm70","hierarchical-dataflow-appt-online-register-tail-grouped-writer-final","experimental",0.000000,"persistent CTA fold roles publish online-reordered packet groups without fold-wide barriers",hierarchical-dataflow,0,named-barrier,0,0,0,2,0,0,0,hermes-xor,inplace,radix4,64,20,1048576,4,576460756061519873,60,0,0,0,dataflow-radix4,"7+7+6","appt-online-register-tail-grouped-writer-final+appt-online-register-tail-grouped-writer-final+appt-online-register-tail-grouped-writer-final","256+256+256","8+8+8","32+16+16","4+4+4","2+2+2","1+1+1","10+5+5","ring+ring","2+2",8,0,3,10,5.475136,1.018675,1.019484,0.000809,9,8,4,8,2,natural,natural,"appt-ntt-log20-7x7x6-xor-fw8-v1",5.123488,3926.668646,344.314114,4117410502.074657,fused,shoup,-1
1,writer-final,8,2,9-7-5,"Tesla V100-SXM2-16GB",7.0,0,"v100-sm70","hierarchical-dataflow-appt-online-register-tail-grouped-writer-final","experimental",0.000000,"persistent CTA fold roles publish online-reordered packet groups without fold-wide barriers",hierarchical-dataflow,0,named-barrier,0,0,0,2,0,0,0,hermes-xor,inplace,radix4,64,20,1048576,4,576460756061519873,60,0,0,0,dataflow-radix4,"7+7+6","appt-online-register-tail-grouped-writer-final+appt-online-register-tail-grouped-writer-final+appt-online-register-tail-grouped-writer-final","256+256+256","8+8+8","32+16+16","4+4+4","2+2+2","1+1+1","10+5+5","ring+ring","2+2",8,0,3,10,5.479040,1.015398,1.016283,0.000884,9,7,5,8,2,natural,natural,"appt-ntt-log20-7x7x6-xor-fw8-v1",5.122112,3939.340525,344.336304,4130697930.626282,fused,shoup,-1
1,writer-final,8,2,8-10-2,"Tesla V100-SXM2-16GB",7.0,0,"v100-sm70","hierarchical-dataflow-appt-online-register-tail-grouped-writer-final","experimental",0.000000,"persistent CTA fold roles publish online-reordered packet groups without fold-wide barriers",hierarchical-dataflow,0,named-barrier,0,0,0,2,0,0,0,hermes-xor,inplace,radix4,64,20,1048576,4,576460756061519873,60,0,0,0,dataflow-radix4,"7+7+6","appt-online-register-tail-grouped-writer-final+appt-online-register-tail-grouped-writer-final+appt-online-register-tail-grouped-writer-final","256+256+256","8+8+8","32+16+16","4+4+4","2+2+2","1+1+1","10+5+5","ring+ring","2+2",8,0,3,10,5.491616,0.967782,0.968715,0.000933,8,10,2,8,2,natural,natural,"appt-ntt-log20-7x7x6-xor-fw8-v1",5.113312,4133.160605,345.640738,4333933014.791311,fused,shoup,-1
1,writer-final,8,2,8-9-3,"Tesla V100-SXM2-16GB",7.0,0,"v100-sm70","hierarchical-dataflow-appt-online-register-tail-grouped-writer-final","experimental",0.000000,"persistent CTA fold roles publish online-reordered packet groups without fold-wide barriers",hierarchical-dataflow,0,named-barrier,0,0,0,2,0,0,0,hermes-xor,inplace,radix4,64,20,1048576,4,576460756061519873,60,0,0,0,dataflow-radix4,"7+7+6","appt-online-register-tail-grouped-writer-final+appt-online-register-tail-grouped-writer-final+appt-online-register-tail-grouped-writer-final","256+256+256","8+8+8","32+16+16","4+4+4","2+2+2","1+1+1","10+5+5","ring+ring","2+2",8,0,3,10,5.472320,0.984781,0.985601,0.000820,8,9,3,8,2,natural,natural,"appt-ntt-log20-7x7x6-xor-fw8-v1",5.109760,4061.817662,345.815525,4259124517.165359,fused,shoup,-1
1,writer-final,8,2,8-8-4,"Tesla V100-SXM2-16GB",7.0,0,"v100-sm70","hierarchical-dataflow-appt-online-register-tail-grouped-writer-final","experimental",0.000000,"persistent CTA fold roles publish online-reordered packet groups without fold-wide barriers",hierarchical-dataflow,0,named-barrier,0,0,0,2,0,0,0,hermes-xor,inplace,radix4,64,20,1048576,4,576460756061519873,60,0,0,0,dataflow-radix4,"7+7+6","appt-online-register-tail-grouped-writer-final+appt-online-register-tail-grouped-writer-final+appt-online-register-tail-grouped-writer-final","256+256+256","8+8+8","32+16+16","4+4+4","2+2+2","1+1+1","10+5+5","ring+ring","2+2",8,0,3,10,5.471296,0.939008,0.939803,0.000795,8,8,4,8,2,natural,natural,"appt-ntt-log20-7x7x6-xor-fw8-v1",5.115200,4259.814354,347.056408,4466739095.802377,fused,shoup,-1
1,writer-final,8,2,8-7-5,"Tesla V100-SXM2-16GB",7.0,0,"v100-sm70","hierarchical-dataflow-appt-online-register-tail-grouped-writer-final","experimental",0.000000,"persistent CTA fold roles publish online-reordered packet groups without fold-wide barriers",hierarchical-dataflow,0,named-barrier,0,0,0,2,0,0,0,hermes-xor,inplace,radix4,64,20,1048576,4,576460756061519873,60,0,0,0,dataflow-radix4,"7+7+6","appt-online-register-tail-grouped-writer-final+appt-online-register-tail-grouped-writer-final+appt-online-register-tail-grouped-writer-final","256+256+256","8+8+8","32+16+16","4+4+4","2+2+2","1+1+1","10+5+5","ring+ring","2+2",8,0,3,10,5.470560,1.087283,1.088125,0.000842,8,7,5,8,2,natural,natural,"appt-ntt-log20-7x7x6-xor-fw8-v1",5.108640,3678.894149,342.862525,3857600110.958773,fused,shoup,-1
1,writer-final,16,1,10-9-3,"Tesla V100-SXM2-16GB",7.0,0,"v100-sm70","hierarchical-dataflow-appt-online-register-tail-grouped-writer-final","experimental",0.000000,"persistent CTA fold roles publish online-reordered packet groups without fold-wide barriers",hierarchical-dataflow,0,named-barrier,0,0,0,2,0,0,0,hermes-xor,inplace,radix4,64,20,1048576,4,576460756061519873,60,0,0,0,dataflow-radix4,"7+7+6","appt-online-register-tail-grouped-writer-final+appt-online-register-tail-grouped-writer-final+appt-online-register-tail-grouped-writer-final","256+256+256","8+8+8","32+16+16","4+4+4","2+2+2","1+1+1","10+5+5","ring+ring","2+2",8,0,3,10,5.473536,0.946586,0.947362,0.000776,10,9,3,16,1,natural,natural,"appt-ntt-log20-7x7x6-xor-fw16-v1",5.106944,4225.714262,347.009389,4430982558.332909,fused,shoup,-1
1,writer-final,16,1,10-8-4,"Tesla V100-SXM2-16GB",7.0,0,"v100-sm70","hierarchical-dataflow-appt-online-register-tail-grouped-writer-final","experimental",0.000000,"persistent CTA fold roles publish online-reordered packet groups without fold-wide barriers",hierarchical-dataflow,0,named-barrier,0,0,0,2,0,0,0,hermes-xor,inplace,radix4,64,20,1048576,4,576460756061519873,60,0,0,0,dataflow-radix4,"7+7+6","appt-online-register-tail-grouped-writer-final+appt-online-register-tail-grouped-writer-final+appt-online-register-tail-grouped-writer-final","256+256+256","8+8+8","32+16+16","4+4+4","2+2+2","1+1+1","10+5+5","ring+ring","2+2",8,0,3,10,5.478208,0.997786,0.998599,0.000814,10,8,4,16,1,natural,natural,"appt-ntt-log20-7x7x6-xor-fw16-v1",5.113344,4008.877385,345.144827,4203612613.288934,fused,shoup,-1
1,writer-final,16,1,9-9-3,"Tesla V100-SXM2-16GB",7.0,0,"v100-sm70","hierarchical-dataflow-appt-online-register-tail-grouped-writer-final","experimental",0.000000,"persistent CTA fold roles publish online-reordered packet groups without fold-wide barriers",hierarchical-dataflow,0,named-barrier,0,0,0,2,0,0,0,hermes-xor,inplace,radix4,64,20,1048576,4,576460756061519873,60,0,0,0,dataflow-radix4,"7+7+6","appt-online-register-tail-grouped-writer-final+appt-online-register-tail-grouped-writer-final+appt-online-register-tail-grouped-writer-final","256+256+256","8+8+8","32+16+16","4+4+4","2+2+2","1+1+1","10+5+5","ring+ring","2+2",8,0,3,10,5.472096,0.975155,0.975881,0.000726,9,9,3,16,1,natural,natural,"appt-ntt-log20-7x7x6-xor-fw16-v1",5.114720,4101.911269,345.961774,4301165710.525832,fused,shoup,-1
1,writer-final,16,1,9-8-4,"Tesla V100-SXM2-16GB",7.0,0,"v100-sm70","hierarchical-dataflow-appt-online-register-tail-grouped-writer-final","experimental",0.000000,"persistent CTA fold roles publish online-reordered packet groups without fold-wide barriers",hierarchical-dataflow,0,named-barrier,0,0,0,2,0,0,0,hermes-xor,inplace,radix4,64,20,1048576,4,576460756061519873,60,0,0,0,dataflow-radix4,"7+7+6","appt-online-register-tail-grouped-writer-final+appt-online-register-tail-grouped-writer-final+appt-online-register-tail-grouped-writer-final","256+256+256","8+8+8","32+16+16","4+4+4","2+2+2","1+1+1","10+5+5","ring+ring","2+2",8,0,3,10,5.470144,1.030349,1.031208,0.000859,9,8,4,16,1,natural,natural,"appt-ntt-log20-7x7x6-xor-fw16-v1",5.108320,3882.180565,344.565811,4070761367.887235,fused,shoup,-1
1,writer-final,16,1,9-7-5,"Tesla V100-SXM2-16GB",7.0,0,"v100-sm70","hierarchical-dataflow-appt-online-register-tail-grouped-writer-final","experimental",0.000000,"persistent CTA fold roles publish online-reordered packet groups without fold-wide barriers",hierarchical-dataflow,0,named-barrier,0,0,0,2,0,0,0,hermes-xor,inplace,radix4,64,20,1048576,4,576460756061519873,60,0,0,0,dataflow-radix4,"7+7+6","appt-online-register-tail-grouped-writer-final+appt-online-register-tail-grouped-writer-final+appt-online-register-tail-grouped-writer-final","256+256+256","8+8+8","32+16+16","4+4+4","2+2+2","1+1+1","10+5+5","ring+ring","2+2",8,0,3,10,5.469760,1.034240,1.035022,0.000782,9,7,5,16,1,natural,natural,"appt-ntt-log20-7x7x6-xor-fw16-v1",5.118784,3867.574230,344.151628,4055445515.535682,fused,shoup,-1
1,writer-final,16,1,8-10-2,"Tesla V100-SXM2-16GB",7.0,0,"v100-sm70","hierarchical-dataflow-appt-online-register-tail-grouped-writer-final","experimental",0.000000,"persistent CTA fold roles publish online-reordered packet groups without fold-wide barriers",hierarchical-dataflow,0,named-barrier,0,0,0,2,0,0,0,hermes-xor,inplace,radix4,64,20,1048576,4,576460756061519873,60,0,0,0,dataflow-radix4,"7+7+6","appt-online-register-tail-grouped-writer-final+appt-online-register-tail-grouped-writer-final+appt-online-register-tail-grouped-writer-final","256+256+256","8+8+8","32+16+16","4+4+4","2+2+2","1+1+1","10+5+5","ring+ring","2+2",8,0,3,10,5.469792,1.138278,1.139097,0.000819,8,10,2,16,1,natural,natural,"appt-ntt-log20-7x7x6-xor-fw16-v1",5.105312,3514.078913,341.489756,3684778810.235794,fused,shoup,-1
1,writer-final,16,1,8-9-3,"Tesla V100-SXM2-16GB",7.0,0,"v100-sm70","hierarchical-dataflow-appt-online-register-tail-grouped-writer-final","experimental",0.000000,"persistent CTA fold roles publish online-reordered packet groups without fold-wide barriers",hierarchical-dataflow,0,named-barrier,0,0,0,2,0,0,0,hermes-xor,inplace,radix4,64,20,1048576,4,576460756061519873,60,0,0,0,dataflow-radix4,"7+7+6","appt-online-register-tail-grouped-writer-final+appt-online-register-tail-grouped-writer-final+appt-online-register-tail-grouped-writer-final","256+256+256","8+8+8","32+16+16","4+4+4","2+2+2","1+1+1","10+5+5","ring+ring","2+2",8,0,3,10,5.472288,0.996454,0.997256,0.000802,8,9,3,16,1,natural,natural,"appt-ntt-log20-7x7x6-xor-fw16-v1",5.109408,4014.232793,345.478323,4209228164.854669,fused,shoup,-1
1,writer-final,16,1,8-8-4,"Tesla V100-SXM2-16GB",7.0,0,"v100-sm70","hierarchical-dataflow-appt-online-register-tail-grouped-writer-final","experimental",0.000000,"persistent CTA fold roles publish online-reordered packet groups without fold-wide barriers",hierarchical-dataflow,0,named-barrier,0,0,0,2,0,0,0,hermes-xor,inplace,radix4,64,20,1048576,4,576460756061519873,60,0,0,0,dataflow-radix4,"7+7+6","appt-online-register-tail-grouped-writer-final+appt-online-register-tail-grouped-writer-final+appt-online-register-tail-grouped-writer-final","256+256+256","8+8+8","32+16+16","4+4+4","2+2+2","1+1+1","10+5+5","ring+ring","2+2",8,0,3,10,5.497856,0.951808,0.952614,0.000806,8,8,4,16,1,natural,natural,"appt-ntt-log20-7x7x6-xor-fw16-v1",5.106272,4202.528348,346.142440,4406670365.008321,fused,shoup,-1
1,writer-final,16,1,8-7-5,"Tesla V100-SXM2-16GB",7.0,0,"v100-sm70","hierarchical-dataflow-appt-online-register-tail-grouped-writer-final","experimental",0.000000,"persistent CTA fold roles publish online-reordered packet groups without fold-wide barriers",hierarchical-dataflow,0,named-barrier,0,0,0,2,0,0,0,hermes-xor,inplace,radix4,64,20,1048576,4,576460756061519873,60,0,0,0,dataflow-radix4,"7+7+6","appt-online-register-tail-grouped-writer-final+appt-online-register-tail-grouped-writer-final+appt-online-register-tail-grouped-writer-final","256+256+256","8+8+8","32+16+16","4+4+4","2+2+2","1+1+1","10+5+5","ring+ring","2+2",8,0,3,10,5.471648,1.079398,1.080240,0.000842,8,7,5,16,1,natural,natural,"appt-ntt-log20-7x7x6-xor-fw16-v1",5.116096,3705.767976,342.843156,3885779360.751879,fused,shoup,-1
1,writer-final,16,2,10-9-3,"Tesla V100-SXM2-16GB",7.0,0,"v100-sm70","hierarchical-dataflow-appt-online-register-tail-grouped-writer-final","experimental",0.000000,"persistent CTA fold roles publish online-reordered packet groups without fold-wide barriers",hierarchical-dataflow,0,named-barrier,0,0,0,2,0,0,0,hermes-xor,inplace,radix4,64,20,1048576,4,576460756061519873,60,0,0,0,dataflow-radix4,"7+7+6","appt-online-register-tail-grouped-writer-final+appt-online-register-tail-grouped-writer-final+appt-online-register-tail-grouped-writer-final","256+256+256","8+8+8","32+16+16","4+4+4","2+2+2","1+1+1","10+5+5","ring+ring","2+2",8,0,3,10,5.476416,0.958566,0.959352,0.000786,10,9,3,16,2,natural,natural,"appt-ntt-log20-7x7x6-xor-fw16-v1",5.110592,4172.898336,346.453097,4375601045.117871,fused,shoup,-1
1,writer-final,16,2,10-8-4,"Tesla V100-SXM2-16GB",7.0,0,"v100-sm70","hierarchical-dataflow-appt-online-register-tail-grouped-writer-final","experimental",0.000000,"persistent CTA fold roles publish online-reordered packet groups without fold-wide barriers",hierarchical-dataflow,0,named-barrier,0,0,0,2,0,0,0,hermes-xor,inplace,radix4,64,20,1048576,4,576460756061519873,60,0,0,0,dataflow-radix4,"7+7+6","appt-online-register-tail-grouped-writer-final+appt-online-register-tail-grouped-writer-final+appt-online-register-tail-grouped-writer-final","256+256+256","8+8+8","32+16+16","4+4+4","2+2+2","1+1+1","10+5+5","ring+ring","2+2",8,0,3,10,5.468320,1.025741,1.026474,0.000733,10,8,4,16,2,natural,natural,"appt-ntt-log20-7x7x6-xor-fw16-v1",5.114496,3899.620410,344.573404,4089048370.619317,fused,shoup,-1
1,writer-final,16,2,9-9-3,"Tesla V100-SXM2-16GB",7.0,0,"v100-sm70","hierarchical-dataflow-appt-online-register-tail-grouped-writer-final","experimental",0.000000,"persistent CTA fold roles publish online-reordered packet groups without fold-wide barriers",hierarchical-dataflow,0,named-barrier,0,0,0,2,0,0,0,hermes-xor,inplace,radix4,64,20,1048576,4,576460756061519873,60,0,0,0,dataflow-radix4,"7+7+6","appt-online-register-tail-grouped-writer-final+appt-online-register-tail-grouped-writer-final+appt-online-register-tail-grouped-writer-final","256+256+256","8+8+8","32+16+16","4+4+4","2+2+2","1+1+1","10+5+5","ring+ring","2+2",8,0,3,10,5.470400,0.979558,0.980371,0.000813,9,9,3,16,2,natural,natural,"appt-ntt-log20-7x7x6-xor-fw16-v1",5.108320,4083.472930,346.072300,4281831710.950209,fused,shoup,-1
1,writer-final,16,2,9-8-4,"Tesla V100-SXM2-16GB",7.0,0,"v100-sm70","hierarchical-dataflow-appt-online-register-tail-grouped-writer-final","experimental",0.000000,"persistent CTA fold roles publish online-reordered packet groups without fold-wide barriers",hierarchical-dataflow,0,named-barrier,0,0,0,2,0,0,0,hermes-xor,inplace,radix4,64,20,1048576,4,576460756061519873,60,0,0,0,dataflow-radix4,"7+7+6","appt-online-register-tail-grouped-writer-final+appt-online-register-tail-grouped-writer-final+appt-online-register-tail-grouped-writer-final","256+256+256","8+8+8","32+16+16","4+4+4","2+2+2","1+1+1","10+5+5","ring+ring","2+2",8,0,3,10,5.480160,1.031885,1.032723,0.000838,9,8,4,16,2,natural,natural,"appt-ntt-log20-7x7x6-xor-fw16-v1",5.123424,3876.401746,343.776428,4064701837.660640,fused,shoup,-1
1,writer-final,16,2,9-7-5,"Tesla V100-SXM2-16GB",7.0,0,"v100-sm70","hierarchical-dataflow-appt-online-register-tail-grouped-writer-final","experimental",0.000000,"persistent CTA fold roles publish online-reordered packet groups without fold-wide barriers",hierarchical-dataflow,0,named-barrier,0,0,0,2,0,0,0,hermes-xor,inplace,radix4,64,20,1048576,4,576460756061519873,60,0,0,0,dataflow-radix4,"7+7+6","appt-online-register-tail-grouped-writer-final+appt-online-register-tail-grouped-writer-final+appt-online-register-tail-grouped-writer-final","256+256+256","8+8+8","32+16+16","4+4+4","2+2+2","1+1+1","10+5+5","ring+ring","2+2",8,0,3,10,5.481408,1.008230,1.009071,0.000841,9,7,5,16,2,natural,natural,"appt-ntt-log20-7x7x6-xor-fw16-v1",5.114496,3967.346958,344.704717,4160064803.915036,fused,shoup,-1
1,writer-final,16,2,8-10-2,"Tesla V100-SXM2-16GB",7.0,0,"v100-sm70","hierarchical-dataflow-appt-online-register-tail-grouped-writer-final","experimental",0.000000,"persistent CTA fold roles publish online-reordered packet groups without fold-wide barriers",hierarchical-dataflow,0,named-barrier,0,0,0,2,0,0,0,hermes-xor,inplace,radix4,64,20,1048576,4,576460756061519873,60,0,0,0,dataflow-radix4,"7+7+6","appt-online-register-tail-grouped-writer-final+appt-online-register-tail-grouped-writer-final+appt-online-register-tail-grouped-writer-final","256+256+256","8+8+8","32+16+16","4+4+4","2+2+2","1+1+1","10+5+5","ring+ring","2+2",8,0,3,10,5.481728,1.120154,1.121154,0.001000,8,10,2,16,2,natural,natural,"appt-ntt-log20-7x7x6-xor-fw16-v1",5.106048,3570.938634,341.648784,3744400548.801738,fused,shoup,-1
1,writer-final,16,2,8-9-3,"Tesla V100-SXM2-16GB",7.0,0,"v100-sm70","hierarchical-dataflow-appt-online-register-tail-grouped-writer-final","experimental",0.000000,"persistent CTA fold roles publish online-reordered packet groups without fold-wide barriers",hierarchical-dataflow,0,named-barrier,0,0,0,2,0,0,0,hermes-xor,inplace,radix4,64,20,1048576,4,576460756061519873,60,0,0,0,dataflow-radix4,"7+7+6","appt-online-register-tail-grouped-writer-final+appt-online-register-tail-grouped-writer-final+appt-online-register-tail-grouped-writer-final","256+256+256","8+8+8","32+16+16","4+4+4","2+2+2","1+1+1","10+5+5","ring+ring","2+2",8,0,3,10,5.477920,1.003110,1.003956,0.000846,8,9,3,16,2,natural,natural,"appt-ntt-log20-7x7x6-xor-fw16-v1",5.104896,3987.596943,345.246450,4181298452.568956,fused,shoup,-1
1,writer-final,16,2,8-8-4,"Tesla V100-SXM2-16GB",7.0,0,"v100-sm70","hierarchical-dataflow-appt-online-register-tail-grouped-writer-final","experimental",0.000000,"persistent CTA fold roles publish online-reordered packet groups without fold-wide barriers",hierarchical-dataflow,0,named-barrier,0,0,0,2,0,0,0,hermes-xor,inplace,radix4,64,20,1048576,4,576460756061519873,60,0,0,0,dataflow-radix4,"7+7+6","appt-online-register-tail-grouped-writer-final+appt-online-register-tail-grouped-writer-final+appt-online-register-tail-grouped-writer-final","256+256+256","8+8+8","32+16+16","4+4+4","2+2+2","1+1+1","10+5+5","ring+ring","2+2",8,0,3,10,5.470176,0.966758,0.967601,0.000842,8,8,4,16,2,natural,natural,"appt-ntt-log20-7x7x6-xor-fw16-v1",5.119616,4137.538268,346.124039,4338523326.848183,fused,shoup,-1
1,writer-final,16,2,8-7-5,"Tesla V100-SXM2-16GB",7.0,0,"v100-sm70","hierarchical-dataflow-appt-online-register-tail-grouped-writer-final","experimental",0.000000,"persistent CTA fold roles publish online-reordered packet groups without fold-wide barriers",hierarchical-dataflow,0,named-barrier,0,0,0,2,0,0,0,hermes-xor,inplace,radix4,64,20,1048576,4,576460756061519873,60,0,0,0,dataflow-radix4,"7+7+6","appt-online-register-tail-grouped-writer-final+appt-online-register-tail-grouped-writer-final+appt-online-register-tail-grouped-writer-final","256+256+256","8+8+8","32+16+16","4+4+4","2+2+2","1+1+1","10+5+5","ring+ring","2+2",8,0,3,10,5.479104,1.092096,1.092880,0.000784,8,7,5,16,2,natural,natural,"appt-ntt-log20-7x7x6-xor-fw16-v1",5.104672,3662.681366,342.586829,3840599776.145526,fused,shoup,-1
1,writer-final,32,1,10-9-3,"Tesla V100-SXM2-16GB",7.0,0,"v100-sm70","hierarchical-dataflow-appt-online-register-tail-grouped-writer-final","experimental",0.000000,"persistent CTA fold roles publish online-reordered packet groups without fold-wide barriers",hierarchical-dataflow,0,named-barrier,0,0,0,2,0,0,0,hermes-xor,inplace,radix4,64,20,1048576,4,576460756061519873,60,0,0,0,dataflow-radix4,"7+7+6","appt-online-register-tail-grouped-writer-final+appt-online-register-tail-grouped-writer-final+appt-online-register-tail-grouped-writer-final","256+256+256","8+8+8","32+16+16","4+4+4","2+2+2","1+1+1","10+5+5","ring+ring","2+2",8,0,3,10,5.470976,1.408717,1.409598,0.000881,10,9,3,32,1,natural,natural,"appt-ntt-log20-7x7x6-xor-fw32-v1",5.105120,2839.463550,333.755733,2977393331.622715,fused,shoup,-1
1,writer-final,32,1,10-8-4,"Tesla V100-SXM2-16GB",7.0,0,"v100-sm70","hierarchical-dataflow-appt-online-register-tail-grouped-writer-final","experimental",0.000000,"persistent CTA fold roles publish online-reordered packet groups without fold-wide barriers",hierarchical-dataflow,0,named-barrier,0,0,0,2,0,0,0,hermes-xor,inplace,radix4,64,20,1048576,4,576460756061519873,60,0,0,0,dataflow-radix4,"7+7+6","appt-online-register-tail-grouped-writer-final+appt-online-register-tail-grouped-writer-final+appt-online-register-tail-grouped-writer-final","256+256+256","8+8+8","32+16+16","4+4+4","2+2+2","1+1+1","10+5+5","ring+ring","2+2",8,0,3,10,5.469888,1.295667,1.296511,0.000844,10,8,4,32,1,natural,natural,"appt-ntt-log20-7x7x6-xor-fw32-v1",5.104512,3087.212587,336.982074,3237177025.342530,fused,shoup,-1
1,writer-final,32,1,9-9-3,"Tesla V100-SXM2-16GB",7.0,0,"v100-sm70","hierarchical-dataflow-appt-online-register-tail-grouped-writer-final","experimental",0.000000,"persistent CTA fold roles publish online-reordered packet groups without fold-wide barriers",hierarchical-dataflow,0,named-barrier,0,0,0,2,0,0,0,hermes-xor,inplace,radix4,64,20,1048576,4,576460756061519873,60,0,0,0,dataflow-radix4,"7+7+6","appt-online-register-tail-grouped-writer-final+appt-online-register-tail-grouped-writer-final+appt-online-register-tail-grouped-writer-final","256+256+256","8+8+8","32+16+16","4+4+4","2+2+2","1+1+1","10+5+5","ring+ring","2+2",8,0,3,10,5.469792,1.414554,1.415304,0.000751,9,9,3,32,1,natural,natural,"appt-ntt-log20-7x7x6-xor-fw32-v1",5.108032,2827.747128,333.545197,2965107772.979511,fused,shoup,-1
1,writer-final,32,1,9-8-4,"Tesla V100-SXM2-16GB",7.0,0,"v100-sm70","hierarchical-dataflow-appt-online-register-tail-grouped-writer-final","experimental",0.000000,"persistent CTA fold roles publish online-reordered packet groups without fold-wide barriers",hierarchical-dataflow,0,named-barrier,0,0,0,2,0,0,0,hermes-xor,inplace,radix4,64,20,1048576,4,576460756061519873,60,0,0,0,dataflow-radix4,"7+7+6","appt-online-register-tail-grouped-writer-final+appt-online-register-tail-grouped-writer-final+appt-online-register-tail-grouped-writer-final","256+256+256","8+8+8","32+16+16","4+4+4","2+2+2","1+1+1","10+5+5","ring+ring","2+2",8,0,3,10,5.482080,1.236480,1.237342,0.000862,9,8,4,32,1,natural,natural,"appt-ntt-log20-7x7x6-xor-fw32-v1",5.112224,3234.989654,338.101006,3392132511.664382,fused,shoup,-1
1,writer-final,32,1,9-7-5,"Tesla V100-SXM2-16GB",7.0,0,"v100-sm70","hierarchical-dataflow-appt-online-register-tail-grouped-writer-final","experimental",0.000000,"persistent CTA fold roles publish online-reordered packet groups without fold-wide barriers",hierarchical-dataflow,0,named-barrier,0,0,0,2,0,0,0,hermes-xor,inplace,radix4,64,20,1048576,4,576460756061519873,60,0,0,0,dataflow-radix4,"7+7+6","appt-online-register-tail-grouped-writer-final+appt-online-register-tail-grouped-writer-final+appt-online-register-tail-grouped-writer-final","256+256+256","8+8+8","32+16+16","4+4+4","2+2+2","1+1+1","10+5+5","ring+ring","2+2",8,0,3,10,5.469408,1.133773,1.134561,0.000788,9,7,5,32,1,natural,natural,"appt-ntt-log20-7x7x6-xor-fw32-v1",5.110496,3528.043929,341.481165,3699422191.023550,fused,shoup,-1
1,writer-final,32,1,8-10-2,"Tesla V100-SXM2-16GB",7.0,0,"v100-sm70","hierarchical-dataflow-appt-online-register-tail-grouped-writer-final","experimental",0.000000,"persistent CTA fold roles publish online-reordered packet groups without fold-wide barriers",hierarchical-dataflow,0,named-barrier,0,0,0,2,0,0,0,hermes-xor,inplace,radix4,64,20,1048576,4,576460756061519873,60,0,0,0,dataflow-radix4,"7+7+6","appt-online-register-tail-grouped-writer-final+appt-online-register-tail-grouped-writer-final+appt-online-register-tail-grouped-writer-final","256+256+256","8+8+8","32+16+16","4+4+4","2+2+2","1+1+1","10+5+5","ring+ring","2+2",8,0,3,10,5.473920,1.786470,1.787227,0.000757,8,10,2,32,1,natural,natural,"appt-ntt-log20-7x7x6-xor-fw32-v1",5.110688,2239.051915,323.334785,2347816100.949687,fused,shoup,-1
1,writer-final,32,1,8-9-3,"Tesla V100-SXM2-16GB",7.0,0,"v100-sm70","hierarchical-dataflow-appt-online-register-tail-grouped-writer-final","experimental",0.000000,"persistent CTA fold roles publish online-reordered packet groups without fold-wide barriers",hierarchical-dataflow,0,named-barrier,0,0,0,2,0,0,0,hermes-xor,inplace,radix4,64,20,1048576,4,576460756061519873,60,0,0,0,dataflow-radix4,"7+7+6","appt-online-register-tail-grouped-writer-final+appt-online-register-tail-grouped-writer-final+appt-online-register-tail-grouped-writer-final","256+256+256","8+8+8","32+16+16","4+4+4","2+2+2","1+1+1","10+5+5","ring+ring","2+2",8,0,3,10,5.479200,1.393459,1.394293,0.000834,8,9,3,32,1,natural,natural,"appt-ntt-log20-7x7x6-xor-fw32-v1",5.103616,2870.554084,333.993658,3009994119.249566,fused,shoup,-1
1,writer-final,32,1,8-8-4,"Tesla V100-SXM2-16GB",7.0,0,"v100-sm70","hierarchical-dataflow-appt-online-register-tail-grouped-writer-final","experimental",0.000000,"persistent CTA fold roles publish online-reordered packet groups without fold-wide barriers",hierarchical-dataflow,0,named-barrier,0,0,0,2,0,0,0,hermes-xor,inplace,radix4,64,20,1048576,4,576460756061519873,60,0,0,0,dataflow-radix4,"7+7+6","appt-online-register-tail-grouped-writer-final+appt-online-register-tail-grouped-writer-final+appt-online-register-tail-grouped-writer-final","256+256+256","8+8+8","32+16+16","4+4+4","2+2+2","1+1+1","10+5+5","ring+ring","2+2",8,0,3,10,5.471456,1.174733,1.175558,0.000825,8,8,4,32,1,natural,natural,"appt-ntt-log20-7x7x6-xor-fw32-v1",5.109760,3405.029625,340.253272,3570432343.978861,fused,shoup,-1
1,writer-final,32,1,8-7-5,"Tesla V100-SXM2-16GB",7.0,0,"v100-sm70","hierarchical-dataflow-appt-online-register-tail-grouped-writer-final","experimental",0.000000,"persistent CTA fold roles publish online-reordered packet groups without fold-wide barriers",hierarchical-dataflow,0,named-barrier,0,0,0,2,0,0,0,hermes-xor,inplace,radix4,64,20,1048576,4,576460756061519873,60,0,0,0,dataflow-radix4,"7+7+6","appt-online-register-tail-grouped-writer-final+appt-online-register-tail-grouped-writer-final+appt-online-register-tail-grouped-writer-final","256+256+256","8+8+8","32+16+16","4+4+4","2+2+2","1+1+1","10+5+5","ring+ring","2+2",8,0,3,10,5.475136,1.174426,1.175233,0.000807,8,7,5,32,1,natural,natural,"appt-ntt-log20-7x7x6-xor-fw32-v1",5.111648,3405.920301,340.101076,3571366285.785048,fused,shoup,-1
1,writer-final,32,2,10-9-3,"Tesla V100-SXM2-16GB",7.0,0,"v100-sm70","hierarchical-dataflow-appt-online-register-tail-grouped-writer-final","experimental",0.000000,"persistent CTA fold roles publish online-reordered packet groups without fold-wide barriers",hierarchical-dataflow,0,named-barrier,0,0,0,2,0,0,0,hermes-xor,inplace,radix4,64,20,1048576,4,576460756061519873,60,0,0,0,dataflow-radix4,"7+7+6","appt-online-register-tail-grouped-writer-final+appt-online-register-tail-grouped-writer-final+appt-online-register-tail-grouped-writer-final","256+256+256","8+8+8","32+16+16","4+4+4","2+2+2","1+1+1","10+5+5","ring+ring","2+2",8,0,3,10,5.468672,1.398272,1.399175,0.000903,10,9,3,32,2,natural,natural,"appt-ntt-log20-7x7x6-xor-fw32-v1",5.108416,2860.673669,334.019188,2999633753.300807,fused,shoup,-1
1,writer-final,32,2,10-8-4,"Tesla V100-SXM2-16GB",7.0,0,"v100-sm70","hierarchical-dataflow-appt-online-register-tail-grouped-writer-final","experimental",0.000000,"persistent CTA fold roles publish online-reordered packet groups without fold-wide barriers",hierarchical-dataflow,0,named-barrier,0,0,0,2,0,0,0,hermes-xor,inplace,radix4,64,20,1048576,4,576460756061519873,60,0,0,0,dataflow-radix4,"7+7+6","appt-online-register-tail-grouped-writer-final+appt-online-register-tail-grouped-writer-final+appt-online-register-tail-grouped-writer-final","256+256+256","8+8+8","32+16+16","4+4+4","2+2+2","1+1+1","10+5+5","ring+ring","2+2",8,0,3,10,5.471040,1.268019,1.268811,0.000792,10,8,4,32,2,natural,natural,"appt-ntt-log20-7x7x6-xor-fw32-v1",5.108864,3154.526368,337.611923,3307760641.226461,fused,shoup,-1
1,writer-final,32,2,9-9-3,"Tesla V100-SXM2-16GB",7.0,0,"v100-sm70","hierarchical-dataflow-appt-online-register-tail-grouped-writer-final","experimental",0.000000,"persistent CTA fold roles publish online-reordered packet groups without fold-wide barriers",hierarchical-dataflow,0,named-barrier,0,0,0,2,0,0,0,hermes-xor,inplace,radix4,64,20,1048576,4,576460756061519873,60,0,0,0,dataflow-radix4,"7+7+6","appt-online-register-tail-grouped-writer-final+appt-online-register-tail-grouped-writer-final+appt-online-register-tail-grouped-writer-final","256+256+256","8+8+8","32+16+16","4+4+4","2+2+2","1+1+1","10+5+5","ring+ring","2+2",8,0,3,10,5.472416,1.361408,1.362196,0.000788,9,9,3,32,2,natural,natural,"appt-ntt-log20-7x7x6-xor-fw32-v1",5.120128,2938.134647,334.617370,3080857476.020545,fused,shoup,-1
1,writer-final,32,2,9-8-4,"Tesla V100-SXM2-16GB",7.0,0,"v100-sm70","hierarchical-dataflow-appt-online-register-tail-grouped-writer-final","experimental",0.000000,"persistent CTA fold roles publish online-reordered packet groups without fold-wide barriers",hierarchical-dataflow,0,named-barrier,0,0,0,2,0,0,0,hermes-xor,inplace,radix4,64,20,1048576,4,576460756061519873,60,0,0,0,dataflow-radix4,"7+7+6","appt-online-register-tail-grouped-writer-final+appt-online-register-tail-grouped-writer-final+appt-online-register-tail-grouped-writer-final","256+256+256","8+8+8","32+16+16","4+4+4","2+2+2","1+1+1","10+5+5","ring+ring","2+2",8,0,3,10,5.468352,1.236173,1.236990,0.000818,9,8,4,32,2,natural,natural,"appt-ntt-log20-7x7x6-xor-fw32-v1",5.108000,3235.793584,338.623638,3392975493.362678,fused,shoup,-1
1,writer-final,32,2,9-7-5,"Tesla V100-SXM2-16GB",7.0,0,"v100-sm70","hierarchical-dataflow-appt-online-register-tail-grouped-writer-final","experimental",0.000000,"persistent CTA fold roles publish online-reordered packet groups without fold-wide barriers",hierarchical-dataflow,0,named-barrier,0,0,0,2,0,0,0,hermes-xor,inplace,radix4,64,20,1048576,4,576460756061519873,60,0,0,0,dataflow-radix4,"7+7+6","appt-online-register-tail-grouped-writer-final+appt-online-register-tail-grouped-writer-final+appt-online-register-tail-grouped-writer-final","256+256+256","8+8+8","32+16+16","4+4+4","2+2+2","1+1+1","10+5+5","ring+ring","2+2",8,0,3,10,5.470720,1.138176,1.138982,0.000806,9,7,5,32,2,natural,natural,"appt-ntt-log20-7x7x6-xor-fw32-v1",5.109568,3514.395072,341.341667,3685110326.833487,fused,shoup,-1
1,writer-final,32,2,8-10-2,"Tesla V100-SXM2-16GB",7.0,0,"v100-sm70","hierarchical-dataflow-appt-online-register-tail-grouped-writer-final","experimental",0.000000,"persistent CTA fold roles publish online-reordered packet groups without fold-wide barriers",hierarchical-dataflow,0,named-barrier,0,0,0,2,0,0,0,hermes-xor,inplace,radix4,64,20,1048576,4,576460756061519873,60,0,0,0,dataflow-radix4,"7+7+6","appt-online-register-tail-grouped-writer-final+appt-online-register-tail-grouped-writer-final+appt-online-register-tail-grouped-writer-final","256+256+256","8+8+8","32+16+16","4+4+4","2+2+2","1+1+1","10+5+5","ring+ring","2+2",8,0,3,10,5.478080,1.784423,1.785251,0.000828,8,10,2,32,2,natural,natural,"appt-ntt-log20-7x7x6-xor-fw32-v1",5.123648,2241.621568,322.941337,2350510577.207918,fused,shoup,-1
1,writer-final,32,2,8-9-3,"Tesla V100-SXM2-16GB",7.0,0,"v100-sm70","hierarchical-dataflow-appt-online-register-tail-grouped-writer-final","experimental",0.000000,"persistent CTA fold roles publish online-reordered packet groups without fold-wide barriers",hierarchical-dataflow,0,named-barrier,0,0,0,2,0,0,0,hermes-xor,inplace,radix4,64,20,1048576,4,576460756061519873,60,0,0,0,dataflow-radix4,"7+7+6","appt-online-register-tail-grouped-writer-final+appt-online-register-tail-grouped-writer-final+appt-online-register-tail-grouped-writer-final","256+256+256","8+8+8","32+16+16","4+4+4","2+2+2","1+1+1","10+5+5","ring+ring","2+2",8,0,3,10,5.472800,1.371648,1.372483,0.000835,8,9,3,32,2,natural,natural,"appt-ntt-log20-7x7x6-xor-fw32-v1",5.107680,2916.199919,334.668446,3057857246.302130,fused,shoup,-1
1,writer-final,32,2,8-8-4,"Tesla V100-SXM2-16GB",7.0,0,"v100-sm70","hierarchical-dataflow-appt-online-register-tail-grouped-writer-final","experimental",0.000000,"persistent CTA fold roles publish online-reordered packet groups without fold-wide barriers",hierarchical-dataflow,0,named-barrier,0,0,0,2,0,0,0,hermes-xor,inplace,radix4,64,20,1048576,4,576460756061519873,60,0,0,0,dataflow-radix4,"7+7+6","appt-online-register-tail-grouped-writer-final+appt-online-register-tail-grouped-writer-final+appt-online-register-tail-grouped-writer-final","256+256+256","8+8+8","32+16+16","4+4+4","2+2+2","1+1+1","10+5+5","ring+ring","2+2",8,0,3,10,5.474720,1.170739,1.171498,0.000759,8,8,4,32,2,natural,natural,"appt-ntt-log20-7x7x6-xor-fw32-v1",5.111040,3416.644876,340.237336,3582611817.854056,fused,shoup,-1
1,writer-final,32,2,8-7-5,"Tesla V100-SXM2-16GB",7.0,0,"v100-sm70","hierarchical-dataflow-appt-online-register-tail-grouped-writer-final","experimental",0.000000,"persistent CTA fold roles publish online-reordered packet groups without fold-wide barriers",hierarchical-dataflow,0,named-barrier,0,0,0,2,0,0,0,hermes-xor,inplace,radix4,64,20,1048576,4,576460756061519873,60,0,0,0,dataflow-radix4,"7+7+6","appt-online-register-tail-grouped-writer-final+appt-online-register-tail-grouped-writer-final+appt-online-register-tail-grouped-writer-final","256+256+256","8+8+8","32+16+16","4+4+4","2+2+2","1+1+1","10+5+5","ring+ring","2+2",8,0,3,10,5.469792,1.187840,1.188682,0.000842,8,7,5,32,2,natural,natural,"appt-ntt-log20-7x7x6-xor-fw32-v1",5.120480,3367.456939,339.613006,3531034527.664094,fused,shoup,-1
1,v06,0,0,9-11,"Tesla V100-SXM2-16GB",7.0,0,"v100-sm70","hierarchical-dataflow-wave-10x10-resident-radix4","experimental",0.000000,"transform-wave readiness with the generated resident radix-4 core",hierarchical-dataflow,0,named-barrier,0,0,0,2,0,0,0,hermes-xor,inplace,radix4,64,20,1048576,16,576460756061519873,60,0,0,0,dataflow-radix4,"10+10","dataflow-radix4+dataflow-radix4","256+256","1+1","0+0","0+0","0+0","0+0","9+11","full-scratch","1",8,0,3,10,21.617920,2.027008,2.027903,0.000895,0,0,0,0,0,natural,natural,"",20.169376,7893.407206,365.177543,8276837353.969377,fused,shoup,-1
1,grouped,16,2,8-10-2,"Tesla V100-SXM2-16GB",7.0,0,"v100-sm70","hierarchical-dataflow-appt-online-register-tail-grouped","experimental",0.000000,"persistent CTA fold roles publish online-reordered packet groups without fold-wide barriers",hierarchical-dataflow,0,named-barrier,0,0,0,2,0,0,0,hermes-xor,inplace,radix4,64,20,1048576,16,576460756061519873,60,0,0,0,dataflow-radix4,"7+7+6","appt-online-register-tail-grouped+appt-online-register-tail-grouped+appt-online-register-tail-grouped","256+256+256","8+8+8","32+16+16","4+4+4","2+2+2","1+1+1","10+5+5","ring+ring","2+2",8,0,3,10,21.653313,3.200000,3.200744,0.000744,8,10,2,16,2,natural,natural,"appt-ntt-log20-7x7x6-xor-fw16-v1",20.171040,4999.999925,355.363246,5242879921.875002,fused,shoup,-1
1,writer-final,8,1,10-9-3,"Tesla V100-SXM2-16GB",7.0,0,"v100-sm70","hierarchical-dataflow-appt-online-register-tail-grouped-writer-final","experimental",0.000000,"persistent CTA fold roles publish online-reordered packet groups without fold-wide barriers",hierarchical-dataflow,0,named-barrier,0,0,0,2,0,0,0,hermes-xor,inplace,radix4,64,20,1048576,16,576460756061519873,60,0,0,0,dataflow-radix4,"7+7+6","appt-online-register-tail-grouped-writer-final+appt-online-register-tail-grouped-writer-final+appt-online-register-tail-grouped-writer-final","256+256+256","8+8+8","32+16+16","4+4+4","2+2+2","1+1+1","10+5+5","ring+ring","2+2",8,0,3,10,21.624800,3.686400,3.687323,0.000923,10,9,3,8,1,natural,natural,"appt-ntt-log20-7x7x6-xor-fw8-v1",20.160065,4340.277852,351.870576,4551111189.288859,fused,shoup,-1
1,writer-final,8,1,10-8-4,"Tesla V100-SXM2-16GB",7.0,0,"v100-sm70","hierarchical-dataflow-appt-online-register-tail-grouped-writer-final","experimental",0.000000,"persistent CTA fold roles publish online-reordered packet groups without fold-wide barriers",hierarchical-dataflow,0,named-barrier,0,0,0,2,0,0,0,hermes-xor,inplace,radix4,64,20,1048576,16,576460756061519873,60,0,0,0,dataflow-radix4,"7+7+6","appt-online-register-tail-grouped-writer-final+appt-online-register-tail-grouped-writer-final+appt-online-register-tail-grouped-writer-final","256+256+256","8+8+8","32+16+16","4+4+4","2+2+2","1+1+1","10+5+5","ring+ring","2+2",8,0,3,10,21.628033,3.772109,3.772841,0.000732,10,8,4,8,1,natural,natural,"appt-ntt-log20-7x7x6-xor-fw8-v1",20.152384,4241.659209,351.242876,4447702046.659800,fused,shoup,-1
1,writer-final,8,1,9-9-3,"Tesla V100-SXM2-16GB",7.0,0,"v100-sm70","hierarchical-dataflow-appt-online-register-tail-grouped-writer-final","experimental",0.000000,"persistent CTA fold roles publish online-reordered packet groups without fold-wide barriers",hierarchical-dataflow,0,named-barrier,0,0,0,2,0,0,0,hermes-xor,inplace,radix4,64,20,1048576,16,576460756061519873,60,0,0,0,dataflow-radix4,"7+7+6","appt-online-register-tail-grouped-writer-final+appt-online-register-tail-grouped-writer-final+appt-online-register-tail-grouped-writer-final","256+256+256","8+8+8","32+16+16","4+4+4","2+2+2","1+1+1","10+5+5","ring+ring","2+2",8,0,3,10,21.625408,3.537305,3.538091,0.000785,9,9,3,8,1,natural,natural,"appt-ntt-log20-7x7x6-xor-fw8-v1",20.156384,4523.217080,353.052047,4742936873.104190,fused,shoup,-1
1,writer-final,8,1,9-8-4,"Tesla V100-SXM2-16GB",7.0,0,"v100-sm70","hierarchical-dataflow-appt-online-register-tail-grouped-writer-final","experimental",0.000000,"persistent CTA fold roles publish online-reordered packet groups without fold-wide barriers",hierarchical-dataflow,0,named-barrier,0,0,0,2,0,0,0,hermes-xor,inplace,radix4,64,20,1048576,16,576460756061519873,60,0,0,0,dataflow-radix4,"7+7+6","appt-online-register-tail-grouped-writer-final+appt-online-register-tail-grouped-writer-final+appt-online-register-tail-grouped-writer-final","256+256+256","8+8+8","32+16+16","4+4+4","2+2+2","1+1+1","10+5+5","ring+ring","2+2",8,0,3,10,21.623360,3.603354,3.604054,0.000701,9,8,4,8,1,natural,natural,"appt-ntt-log20-7x7x6-xor-fw8-v1",20.158112,4440.308174,352.540747,4656000583.427333,fused,shoup,-1
1,writer-final,8,1,9-7-5,"Tesla V100-SXM2-16GB",7.0,0,"v100-sm70","hierarchical-dataflow-appt-online-register-tail-grouped-writer-final","experimental",0.000000,"persistent CTA fold roles publish online-reordered packet groups without fold-wide barriers",hierarchical-dataflow,0,named-barrier,0,0,0,2,0,0,0,hermes-xor,inplace,radix4,64,20,1048576,16,576460756061519873,60,0,0,0,dataflow-radix4,"7+7+6","appt-online-register-tail-grouped-writer-final+appt-online-register-tail-grouped-writer-final+appt-online-register-tail-grouped-writer-final","256+256+256","8+8+8","32+16+16","4+4+4","2+2+2","1+1+1","10+5+5","ring+ring","2+2",8,0,3,10,21.627232,3.846349,3.846998,0.000649,9,7,5,8,1,natural,natural,"appt-ntt-log20-7x7x6-xor-fw8-v1",20.157248,4159.788931,350.640141,4361854838.429910,fused,shoup,-1
1,writer-final,8,1,8-10-2,"Tesla V100-SXM2-16GB",7.0,0,"v100-sm70","hierarchical-dataflow-appt-online-register-tail-grouped-writer-final","experimental",0.000000,"persistent CTA fold roles publish online-reordered packet groups without fold-wide barriers",hierarchical-dataflow,0,named-barrier,0,0,0,2,0,0,0,hermes-xor,inplace,radix4,64,20,1048576,16,576460756061519873,60,0,0,0,dataflow-radix4,"7+7+6","appt-online-register-tail-grouped-writer-final+appt-online-register-tail-grouped-writer-final+appt-online-register-tail-grouped-writer-final","256+256+256","8+8+8","32+16+16","4+4+4","2+2+2","1+1+1","10+5+5","ring+ring","2+2",8,0,3,10,21.632288,3.356570,3.357265,0.000695,8,10,2,8,1,natural,natural,"appt-ntt-log20-7x7x6-xor-fw8-v1",20.152832,4766.771171,354.439545,4998321847.784355,fused,shoup,-1
1,writer-final,8,1,8-9-3,"Tesla V100-SXM2-16GB",7.0,0,"v100-sm70","hierarchical-dataflow-appt-online-register-tail-grouped-writer-final","experimental",0.000000,"persistent CTA fold roles publish online-reordered packet groups without fold-wide barriers",hierarchical-dataflow,0,named-barrier,0,0,0,2,0,0,0,hermes-xor,inplace,radix4,64,20,1048576,16,576460756061519873,60,0,0,0,dataflow-radix4,"7+7+6","appt-online-register-tail-grouped-writer-final+appt-online-register-tail-grouped-writer-final+appt-online-register-tail-grouped-writer-final","256+256+256","8+8+8","32+16+16","4+4+4","2+2+2","1+1+1","10+5+5","ring+ring","2+2",8,0,3,10,21.632128,3.451597,3.452466,0.000869,8,9,3,8,1,natural,natural,"appt-ntt-log20-7x7x6-xor-fw8-v1",20.164864,4635.535730,353.602194,4860711513.775946,fused,shoup,-1
1,writer-final,8,1,8-8-4,"Tesla V100-SXM2-16GB",7.0,0,"v100-sm70","hierarchical-dataflow-appt-online-register-tail-grouped-writer-final","experimental",0.000000,"persistent CTA fold roles publish online-reordered packet groups without fold-wide barriers",hierarchical-dataflow,0,named-barrier,0,0,0,2,0,0,0,hermes-xor,inplace,radix4,64,20,1048576,16,576460756061519873,60,0,0,0,dataflow-radix4,"7+7+6","appt-online-register-tail-grouped-writer-final+appt-online-register-tail-grouped-writer-final+appt-online-register-tail-grouped-writer-final","256+256+256","8+8+8","32+16+16","4+4+4","2+2+2","1+1+1","10+5+5","ring+ring","2+2",8,0,3,10,21.622623,3.382579,3.383447,0.000868,8,8,4,8,1,natural,natural,"appt-ntt-log20-7x7x6-xor-fw8-v1",20.155487,4730.118523,354.290427,4959888760.168781,fused,shoup,-1
1,writer-final,8,1,8-7-5,"Tesla V100-SXM2-16GB",7.0,0,"v100-sm70","hierarchical-dataflow-appt-online-register-tail-grouped-writer-final","experimental",0.000000,"persistent CTA fold roles publish online-reordered packet groups without fold-wide barriers",hierarchical-dataflow,0,named-barrier,0,0,0,2,0,0,0,hermes-xor,inplace,radix4,64,20,1048576,16,576460756061519873,60,0,0,0,dataflow-radix4,"7+7+6","appt-online-register-tail-grouped-writer-final+appt-online-register-tail-grouped-writer-final+appt-online-register-tail-grouped-writer-final","256+256+256","8+8+8","32+16+16","4+4+4","2+2+2","1+1+1","10+5+5","ring+ring","2+2",8,0,3,10,21.622816,3.597414,3.598157,0.000742,8,7,5,8,1,natural,natural,"appt-ntt-log20-7x7x6-xor-fw8-v1",20.158304,4447.638722,352.589613,4663687220.371869,fused,shoup,-1
1,writer-final,8,2,10-9-3,"Tesla V100-SXM2-16GB",7.0,0,"v100-sm70","hierarchical-dataflow-appt-online-register-tail-grouped-writer-final","experimental",0.000000,"persistent CTA fold roles publish online-reordered packet groups without fold-wide barriers",hierarchical-dataflow,0,named-barrier,0,0,0,2,0,0,0,hermes-xor,inplace,radix4,64,20,1048576,16,576460756061519873,60,0,0,0,dataflow-radix4,"7+7+6","appt-online-register-tail-grouped-writer-final+appt-online-register-tail-grouped-writer-final+appt-online-register-tail-grouped-writer-final","256+256+256","8+8+8","32+16+16","4+4+4","2+2+2","1+1+1","10+5+5","ring+ring","2+2",8,0,3,10,21.627232,3.694080,3.694760,0.000680,10,9,3,8,2,natural,natural,"appt-ntt-log20-7x7x6-xor-fw8-v1",20.160095,4331.254477,351.792109,4541649494.166229,fused,shoup,-1
1,writer-final,8,2,10-8-4,"Tesla V100-SXM2-16GB",7.0,0,"v100-sm70","hierarchical-dataflow-appt-online-register-tail-grouped-writer-final","experimental",0.000000,"persistent CTA fold roles publish online-reordered packet groups without fold-wide barriers",hierarchical-dataflow,0,named-barrier,0,0,0,2,0,0,0,hermes-xor,inplace,radix4,64,20,1048576,16,576460756061519873,60,0,0,0,dataflow-radix4,"7+7+6","appt-online-register-tail-grouped-writer-final+appt-online-register-tail-grouped-writer-final+appt-online-register-tail-grouped-writer-final","256+256+256","8+8+8","32+16+16","4+4+4","2+2+2","1+1+1","10+5+5","ring+ring","2+2",8,0,3,10,21.636000,3.767398,3.768123,0.000725,10,8,4,8,2,natural,natural,"appt-ntt-log20-7x7x6-xor-fw8-v1",20.160225,4246.962620,351.157326,4453263076.649259,fused,shoup,-1
1,writer-final,8,2,9-9-3,"Tesla V100-SXM2-16GB",7.0,0,"v100-sm70","hierarchical-dataflow-appt-online-register-tail-grouped-writer-final","experimental",0.000000,"persistent CTA fold roles publish online-reordered packet groups without fold-wide barriers",hierarchical-dataflow,0,named-barrier,0,0,0,2,0,0,0,hermes-xor,inplace,radix4,64,20,1048576,16,576460756061519873,60,0,0,0,dataflow-radix4,"7+7+6","appt-online-register-tail-grouped-writer-final+appt-online-register-tail-grouped-writer-final+appt-online-register-tail-grouped-writer-final","256+256+256","8+8+8","32+16+16","4+4+4","2+2+2","1+1+1","10+5+5","ring+ring","2+2",8,0,3,10,21.628193,3.527373,3.528149,0.000776,9,9,3,8,2,natural,natural,"appt-ntt-log20-7x7x6-xor-fw8-v1",20.152609,4535.953736,353.137158,4756292225.108778,fused,shoup,-1
1,writer-final,8,2,9-8-4,"Tesla V100-SXM2-16GB",7.0,0,"v100-sm70","hierarchical-dataflow-appt-online-register-tail-grouped-writer-final","experimental",0.000000,"persistent CTA fold roles publish online-reordered packet groups without fold-wide barriers",hierarchical-dataflow,0,named-barrier,0,0,0,2,0,0,0,hermes-xor,inplace,radix4,64,20,1048576,16,576460756061519873,60,0,0,0,dataflow-radix4,"7+7+6","appt-online-register-tail-grouped-writer-final+appt-online-register-tail-grouped-writer-final+appt-online-register-tail-grouped-writer-final","256+256+256","8+8+8","32+16+16","4+4+4","2+2+2","1+1+1","10+5+5","ring+ring","2+2",8,0,3,10,21.621471,3.568435,3.569246,0.000811,9,8,4,8,2,natural,natural,"appt-ntt-log20-7x7x6-xor-fw8-v1",20.151136,4483.758045,352.881163,4701561075.595262,fused,shoup,-1
1,writer-final,8,2,9-7-5,"Tesla V100-SXM2-16GB",7.0,0,"v100-sm70","hierarchical-dataflow-appt-online-register-tail-grouped-writer-final","experimental",0.000000,"persistent CTA fold roles publish online-reordered packet groups without fold-wide barriers",hierarchical-dataflow,0,named-barrier,0,0,0,2,0,0,0,hermes-xor,inplace,radix4,64,20,1048576,16,576460756061519873,60,0,0,0,dataflow-radix4,"7+7+6","appt-online-register-tail-grouped-writer-final+appt-online-register-tail-grouped-writer-final+appt-online-register-tail-grouped-writer-final","256+256+256","8+8+8","32+16+16","4+4+4","2+2+2","1+1+1","10+5+5","ring+ring","2+2",8,0,3,10,21.652000,3.868877,3.869681,0.000804,9,7,5,8,2,natural,natural,"appt-ntt-log20-7x7x6-xor-fw8-v1",20.153408,4135.567313,350.306522,4336456630.664293,fused,shoup,-1
1,writer-final,8,2,8-10-2,"Tesla V100-SXM2-16GB",7.0,0,"v100-sm70","hierarchical-dataflow-appt-online-register-tail-grouped-writer-final","experimental",0.000000,"persistent CTA fold roles publish online-reordered packet groups without fold-wide barriers",hierarchical-dataflow,0,named-barrier,0,0,0,2,0,0,0,hermes-xor,inplace,radix4,64,20,1048576,16,576460756061519873,60,0,0,0,dataflow-radix4,"7+7+6","appt-online-register-tail-grouped-writer-final+appt-online-register-tail-grouped-writer-final+appt-online-register-tail-grouped-writer-final","256+256+256","8+8+8","32+16+16","4+4+4","2+2+2","1+1+1","10+5+5","ring+ring","2+2",8,0,3,10,21.626656,3.347149,3.347899,0.000751,8,10,2,8,2,natural,natural,"appt-ntt-log20-7x7x6-xor-fw8-v1",20.154688,4780.187706,354.543198,5012390104.228804,fused,shoup,-1
1,writer-final,8,2,8-9-3,"Tesla V100-SXM2-16GB",7.0,0,"v100-sm70","hierarchical-dataflow-appt-online-register-tail-grouped-writer-final","experimental",0.000000,"persistent CTA fold roles publish online-reordered packet groups without fold-wide barriers",hierarchical-dataflow,0,named-barrier,0,0,0,2,0,0,0,hermes-xor,inplace,radix4,64,20,1048576,16,576460756061519873,60,0,0,0,dataflow-radix4,"7+7+6","appt-online-register-tail-grouped-writer-final+appt-online-register-tail-grouped-writer-final+appt-online-register-tail-grouped-writer-final","256+256+256","8+8+8","32+16+16","4+4+4","2+2+2","1+1+1","10+5+5","ring+ring","2+2",8,0,3,10,21.624001,3.378176,3.378945,0.000769,8,9,3,8,2,natural,natural,"appt-ntt-log20-7x7x6-xor-fw8-v1",20.155617,4736.283425,354.313148,4966353128.312331,fused,shoup,-1
1,writer-final,8,2,8-8-4,"Tesla V100-SXM2-16GB",7.0,0,"v100-sm70","hierarchical-dataflow-appt-online-register-tail-grouped-writer-final","experimental",0.000000,"persistent CTA fold roles publish online-reordered packet groups without fold-wide barriers",hierarchical-dataflow,0,named-barrier,0,0,0,2,0,0,0,hermes-xor,inplace,radix4,64,20,1048576,16,576460756061519873,60,0,0,0,dataflow-radix4,"7+7+6","appt-online-register-tail-grouped-writer-final+appt-online-register-tail-grouped-writer-final+appt-online-register-tail-grouped-writer-final","256+256+256","8+8+8","32+16+16","4+4+4","2+2+2","1+1+1","10+5+5","ring+ring","2+2",8,0,3,10,21.621664,3.324928,3.325658,0.000730,8,8,4,8,2,natural,natural,"appt-ntt-log20-7x7x6-xor-fw8-v1",20.158239,4812.134557,354.729185,5045888805.589771,fused,shoup,-1
1,writer-final,8,2,8-7-5,"Tesla V100-SXM2-16GB",7.0,0,"v100-sm70","hierarchical-dataflow-appt-online-register-tail-grouped-writer-final","experimental",0.000000,"persistent CTA fold roles publish online-reordered packet groups without fold-wide barriers",hierarchical-dataflow,0,named-barrier,0,0,0,2,0,0,0,hermes-xor,inplace,radix4,64,20,1048576,16,576460756061519873,60,0,0,0,dataflow-radix4,"7+7+6","appt-online-register-tail-grouped-writer-final+appt-online-register-tail-grouped-writer-final+appt-online-register-tail-grouped-writer-final","256+256+256","8+8+8","32+16+16","4+4+4","2+2+2","1+1+1","10+5+5","ring+ring","2+2",8,0,3,10,21.626976,3.568947,3.569702,0.000755,8,7,5,8,2,natural,natural,"appt-ntt-log20-7x7x6-xor-fw8-v1",20.153791,4483.114652,352.813686,4700886429.023766,fused,shoup,-1
1,writer-final,16,1,10-9-3,"Tesla V100-SXM2-16GB",7.0,0,"v100-sm70","hierarchical-dataflow-appt-online-register-tail-grouped-writer-final","experimental",0.000000,"persistent CTA fold roles publish online-reordered packet groups without fold-wide barriers",hierarchical-dataflow,0,named-barrier,0,0,0,2,0,0,0,hermes-xor,inplace,radix4,64,20,1048576,16,576460756061519873,60,0,0,0,dataflow-radix4,"7+7+6","appt-online-register-tail-grouped-writer-final+appt-online-register-tail-grouped-writer-final+appt-online-register-tail-grouped-writer-final","256+256+256","8+8+8","32+16+16","4+4+4","2+2+2","1+1+1","10+5+5","ring+ring","2+2",8,0,3,10,21.626976,3.411968,3.412972,0.001004,10,9,3,16,1,natural,natural,"appt-ntt-log20-7x7x6-xor-fw16-v1",20.162752,4689.376088,353.969020,4917167220.745687,fused,shoup,-1
1,writer-final,16,1,10-8-4,"Tesla V100-SXM2-16GB",7.0,0,"v100-sm70","hierarchical-dataflow-appt-online-register-tail-grouped-writer-final","experimental",0.000000,"persistent CTA fold roles publish online-reordered packet groups without fold-wide barriers",hierarchical-dataflow,0,named-barrier,0,0,0,2,0,0,0,hermes-xor,inplace,radix4,64,20,1048576,16,576460756061519873,60,0,0,0,dataflow-radix4,"7+7+6","appt-online-register-tail-grouped-writer-final+appt-online-register-tail-grouped-writer-final+appt-online-register-tail-grouped-writer-final","256+256+256","8+8+8","32+16+16","4+4+4","2+2+2","1+1+1","10+5+5","ring+ring","2+2",8,0,3,10,21.624544,3.485184,3.485979,0.000795,10,8,4,16,1,natural,natural,"appt-ntt-log20-7x7x6-xor-fw16-v1",20.157761,4590.862094,353.454551,4813867810.873802,fused,shoup,-1
1,writer-final,16,1,9-9-3,"Tesla V100-SXM2-16GB",7.0,0,"v100-sm70","hierarchical-dataflow-appt-online-register-tail-grouped-writer-final","experimental",0.000000,"persistent CTA fold roles publish online-reordered packet groups without fold-wide barriers",hierarchical-dataflow,0,named-barrier,0,0,0,2,0,0,0,hermes-xor,inplace,radix4,64,20,1048576,16,576460756061519873,60,0,0,0,dataflow-radix4,"7+7+6","appt-online-register-tail-grouped-writer-final+appt-online-register-tail-grouped-writer-final+appt-online-register-tail-grouped-writer-final","256+256+256","8+8+8","32+16+16","4+4+4","2+2+2","1+1+1","10+5+5","ring+ring","2+2",8,0,3,10,21.625313,3.188326,3.189133,0.000807,9,9,3,16,1,natural,natural,"appt-ntt-log20-7x7x6-xor-fw16-v1",20.162271,5018.306848,355.745993,5262076121.448222,fused,shoup,-1
1,writer-final,16,1,9-8-4,"Tesla V100-SXM2-16GB",7.0,0,"v100-sm70","hierarchical-dataflow-appt-online-register-tail-grouped-writer-final","experimental",0.000000,"persistent CTA fold roles publish online-reordered packet groups without fold-wide barriers",hierarchical-dataflow,0,named-barrier,0,0,0,2,0,0,0,hermes-xor,inplace,radix4,64,20,1048576,16,576460756061519873,60,0,0,0,dataflow-radix4,"7+7+6","appt-online-register-tail-grouped-writer-final+appt-online-register-tail-grouped-writer-final+appt-online-register-tail-grouped-writer-final","256+256+256","8+8+8","32+16+16","4+4+4","2+2+2","1+1+1","10+5+5","ring+ring","2+2",8,0,3,10,21.631008,3.299123,3.299993,0.000870,9,8,4,16,1,natural,natural,"appt-ntt-log20-7x7x6-xor-fw16-v1",20.167135,4849.773290,354.788686,5085355877.753292,fused,shoup,-1
1,writer-final,16,1,9-7-5,"Tesla V100-SXM2-16GB",7.0,0,"v100-sm70","hierarchical-dataflow-appt-online-register-tail-grouped-writer-final","experimental",0.000000,"persistent CTA fold roles publish online-reordered packet groups without fold-wide barriers",hierarchical-dataflow,0,named-barrier,0,0,0,2,0,0,0,hermes-xor,inplace,radix4,64,20,1048576,16,576460756061519873,60,0,0,0,dataflow-radix4,"7+7+6","appt-online-register-tail-grouped-writer-final+appt-online-register-tail-grouped-writer-final+appt-online-register-tail-grouped-writer-final","256+256+256","8+8+8","32+16+16","4+4+4","2+2+2","1+1+1","10+5+5","ring+ring","2+2",8,0,3,10,21.627712,3.684864,3.685678,0.000814,9,7,5,16,1,natural,natural,"appt-ntt-log20-7x7x6-xor-fw16-v1",20.160959,4342.086929,351.853002,4553008143.259849,fused,shoup,-1
1,writer-final,16,1,8-10-2,"Tesla V100-SXM2-16GB",7.0,0,"v100-sm70","hierarchical-dataflow-appt-online-register-tail-grouped-writer-final","experimental",0.000000,"persistent CTA fold roles publish online-reordered packet groups without fold-wide barriers",hierarchical-dataflow,0,named-barrier,0,0,0,2,0,0,0,hermes-xor,inplace,radix4,64,20,1048576,16,576460756061519873,60,0,0,0,dataflow-radix4,"7+7+6","appt-online-register-tail-grouped-writer-final+appt-online-register-tail-grouped-writer-final+appt-online-register-tail-grouped-writer-final","256+256+256","8+8+8","32+16+16","4+4+4","2+2+2","1+1+1","10+5+5","ring+ring","2+2",8,0,3,10,21.630337,3.730432,3.731212,0.000780,8,10,2,16,1,natural,natural,"appt-ntt-log20-7x7x6-xor-fw16-v1",20.156288,4289.047450,351.516576,4497392218.692842,fused,shoup,-1
1,writer-final,16,1,8-9-3,"Tesla V100-SXM2-16GB",7.0,0,"v100-sm70","hierarchical-dataflow-appt-online-register-tail-grouped-writer-final","experimental",0.000000,"persistent CTA fold roles publish online-reordered packet groups without fold-wide barriers",hierarchical-dataflow,0,named-barrier,0,0,0,2,0,0,0,hermes-xor,inplace,radix4,64,20,1048576,16,576460756061519873,60,0,0,0,dataflow-radix4,"7+7+6","appt-online-register-tail-grouped-writer-final+appt-online-register-tail-grouped-writer-final+appt-online-register-tail-grouped-writer-final","256+256+256","8+8+8","32+16+16","4+4+4","2+2+2","1+1+1","10+5+5","ring+ring","2+2",8,0,3,10,21.639999,3.120947,3.121695,0.000748,8,9,3,16,1,natural,natural,"appt-ntt-log20-7x7x6-xor-fw16-v1",20.160513,5126.648466,356.177206,5375680541.649701,fused,shoup,-1
1,writer-final,16,1,8-8-4,"Tesla V100-SXM2-16GB",7.0,0,"v100-sm70","hierarchical-dataflow-appt-online-register-tail-grouped-writer-final","experimental",0.000000,"persistent CTA fold roles publish online-reordered packet groups without fold-wide barriers",hierarchical-dataflow,0,named-barrier,0,0,0,2,0,0,0,hermes-xor,inplace,radix4,64,20,1048576,16,576460756061519873,60,0,0,0,dataflow-radix4,"7+7+6","appt-online-register-tail-grouped-writer-final+appt-online-register-tail-grouped-writer-final+appt-online-register-tail-grouped-writer-final","256+256+256","8+8+8","32+16+16","4+4+4","2+2+2","1+1+1","10+5+5","ring+ring","2+2",8,0,3,10,21.632383,3.062579,3.063281,0.000702,8,8,4,16,1,natural,natural,"appt-ntt-log20-7x7x6-xor-fw16-v1",20.156321,5224.354765,356.734499,5478133021.568830,fused,shoup,-1
1,writer-final,16,1,8-7-5,"Tesla V100-SXM2-16GB",7.0,0,"v100-sm70","hierarchical-dataflow-appt-online-register-tail-grouped-writer-final","experimental",0.000000,"persistent CTA fold roles publish online-reordered packet groups without fold-wide barriers",hierarchical-dataflow,0,named-barrier,0,0,0,2,0,0,0,hermes-xor,inplace,radix4,64,20,1048576,16,576460756061519873,60,0,0,0,dataflow-radix4,"7+7+6","appt-online-register-tail-grouped-writer-final+appt-online-register-tail-grouped-writer-final+appt-online-register-tail-grouped-writer-final","256+256+256","8+8+8","32+16+16","4+4+4","2+2+2","1+1+1","10+5+5","ring+ring","2+2",8,0,3,10,21.627968,3.333530,3.334387,0.000857,8,7,5,16,1,natural,natural,"appt-ntt-log20-7x7x6-xor-fw16-v1",20.156351,4799.717233,354.626838,5032868297.467922,fused,shoup,-1
1,writer-final,16,2,10-9-3,"Tesla V100-SXM2-16GB",7.0,0,"v100-sm70","hierarchical-dataflow-appt-online-register-tail-grouped-writer-final","experimental",0.000000,"persistent CTA fold roles publish online-reordered packet groups without fold-wide barriers",hierarchical-dataflow,0,named-barrier,0,0,0,2,0,0,0,hermes-xor,inplace,radix4,64,20,1048576,16,576460756061519873,60,0,0,0,dataflow-radix4,"7+7+6","appt-online-register-tail-grouped-writer-final+appt-online-register-tail-grouped-writer-final+appt-online-register-tail-grouped-writer-final","256+256+256","8+8+8","32+16+16","4+4+4","2+2+2","1+1+1","10+5+5","ring+ring","2+2",8,0,3,10,21.623425,3.435111,3.435888,0.000778,10,9,3,16,2,natural,natural,"appt-ntt-log20-7x7x6-xor-fw16-v1",20.162336,4657.783113,353.818922,4884039585.626162,fused,shoup,-1
1,writer-final,16,2,10-8-4,"Tesla V100-SXM2-16GB",7.0,0,"v100-sm70","hierarchical-dataflow-appt-online-register-tail-grouped-writer-final","experimental",0.000000,"persistent CTA fold roles publish online-reordered packet groups without fold-wide barriers",hierarchical-dataflow,0,named-barrier,0,0,0,2,0,0,0,hermes-xor,inplace,radix4,64,20,1048576,16,576460756061519873,60,0,0,0,dataflow-radix4,"7+7+6","appt-online-register-tail-grouped-writer-final+appt-online-register-tail-grouped-writer-final+appt-online-register-tail-grouped-writer-final","256+256+256","8+8+8","32+16+16","4+4+4","2+2+2","1+1+1","10+5+5","ring+ring","2+2",8,0,3,10,21.626753,3.495936,3.496642,0.000706,10,8,4,16,2,natural,natural,"appt-ntt-log20-7x7x6-xor-fw16-v1",20.159616,4576.742932,353.338902,4799062797.144762,fused,shoup,-1
1,writer-final,16,2,9-9-3,"Tesla V100-SXM2-16GB",7.0,0,"v100-sm70","hierarchical-dataflow-appt-online-register-tail-grouped-writer-final","experimental",0.000000,"persistent CTA fold roles publish online-reordered packet groups without fold-wide barriers",hierarchical-dataflow,0,named-barrier,0,0,0,2,0,0,0,hermes-xor,inplace,radix4,64,20,1048576,16,576460756061519873,60,0,0,0,dataflow-radix4,"7+7+6","appt-online-register-tail-grouped-writer-final+appt-online-register-tail-grouped-writer-final+appt-online-register-tail-grouped-writer-final","256+256+256","8+8+8","32+16+16","4+4+4","2+2+2","1+1+1","10+5+5","ring+ring","2+2",8,0,3,10,21.649088,3.193242,3.193969,0.000728,9,9,3,16,2,natural,natural,"appt-ntt-log20-7x7x6-xor-fw16-v1",20.164480,5010.582356,355.501759,5253976404.369129,fused,shoup,-1
1,writer-final,16,2,9-8-4,"Tesla V100-SXM2-16GB",7.0,0,"v100-sm70","hierarchical-dataflow-appt-online-register-tail-grouped-writer-final","experimental",0.000000,"persistent CTA fold roles publish online-reordered packet groups without fold-wide barriers",hierarchical-dataflow,0,named-barrier,0,0,0,2,0,0,0,hermes-xor,inplace,radix4,64,20,1048576,16,576460756061519873,60,0,0,0,dataflow-radix4,"7+7+6","appt-online-register-tail-grouped-writer-final+appt-online-register-tail-grouped-writer-final+appt-online-register-tail-grouped-writer-final","256+256+256","8+8+8","32+16+16","4+4+4","2+2+2","1+1+1","10+5+5","ring+ring","2+2",8,0,3,10,21.634592,3.318989,3.319812,0.000823,9,8,4,16,2,natural,natural,"appt-ntt-log20-7x7x6-xor-fw16-v1",20.155424,4820.745403,354.696363,5054917931.555894,fused,shoup,-1
1,writer-final,16,2,9-7-5,"Tesla V100-SXM2-16GB",7.0,0,"v100-sm70","hierarchical-dataflow-appt-online-register-tail-grouped-writer-final","experimental",0.000000,"persistent CTA fold roles publish online-reordered packet groups without fold-wide barriers",hierarchical-dataflow,0,named-barrier,0,0,0,2,0,0,0,hermes-xor,inplace,radix4,64,20,1048576,16,576460756061519873,60,0,0,0,dataflow-radix4,"7+7+6","appt-online-register-tail-grouped-writer-final+appt-online-register-tail-grouped-writer-final+appt-online-register-tail-grouped-writer-final","256+256+256","8+8+8","32+16+16","4+4+4","2+2+2","1+1+1","10+5+5","ring+ring","2+2",8,0,3,10,21.634176,3.613901,3.614625,0.000724,9,7,5,16,2,natural,natural,"appt-ntt-log20-7x7x6-xor-fw16-v1",20.156351,4427.349144,352.388538,4642412056.003385,fused,shoup,-1
1,writer-final,16,2,8-10-2,"Tesla V100-SXM2-16GB",7.0,0,"v100-sm70","hierarchical-dataflow-appt-online-register-tail-grouped-writer-final","experimental",0.000000,"persistent CTA fold roles publish online-reordered packet groups without fold-wide barriers",hierarchical-dataflow,0,named-barrier,0,0,0,2,0,0,0,hermes-xor,inplace,radix4,64,20,1048576,16,576460756061519873,60,0,0,0,dataflow-radix4,"7+7+6","appt-online-register-tail-grouped-writer-final+appt-online-register-tail-grouped-writer-final+appt-online-register-tail-grouped-writer-final","256+256+256","8+8+8","32+16+16","4+4+4","2+2+2","1+1+1","10+5+5","ring+ring","2+2",8,0,3,10,21.626432,3.715072,3.715794,0.000722,8,10,2,16,2,natural,natural,"appt-ntt-log20-7x7x6-xor-fw16-v1",20.161760,4306.780692,351.623122,4515986870.973892,fused,shoup,-1
1,writer-final,16,2,8-9-3,"Tesla V100-SXM2-16GB",7.0,0,"v100-sm70","hierarchical-dataflow-appt-online-register-tail-grouped-writer-final","experimental",0.000000,"persistent CTA fold roles publish online-reordered packet groups without fold-wide barriers",hierarchical-dataflow,0,named-barrier,0,0,0,2,0,0,0,hermes-xor,inplace,radix4,64,20,1048576,16,576460756061519873,60,0,0,0,dataflow-radix4,"7+7+6","appt-online-register-tail-grouped-writer-final+appt-online-register-tail-grouped-writer-final+appt-online-register-tail-grouped-writer-final","256+256+256","8+8+8","32+16+16","4+4+4","2+2+2","1+1+1","10+5+5","ring+ring","2+2",8,0,3,10,21.638624,3.120538,3.121453,0.000916,8,9,3,16,2,natural,natural,"appt-ntt-log20-7x7x6-xor-fw16-v1",20.156384,5127.321784,356.224107,5376386566.545871,fused,shoup,-1
1,writer-final,16,2,8-8-4,"Tesla V100-SXM2-16GB",7.0,0,"v100-sm70","hierarchical-dataflow-appt-online-register-tail-grouped-writer-final","experimental",0.000000,"persistent CTA fold roles publish online-reordered packet groups without fold-wide barriers",hierarchical-dataflow,0,named-barrier,0,0,0,2,0,0,0,hermes-xor,inplace,radix4,64,20,1048576,16,576460756061519873,60,0,0,0,dataflow-radix4,"7+7+6","appt-online-register-tail-grouped-writer-final+appt-online-register-tail-grouped-writer-final+appt-online-register-tail-grouped-writer-final","256+256+256","8+8+8","32+16+16","4+4+4","2+2+2","1+1+1","10+5+5","ring+ring","2+2",8,0,3,10,21.621599,3.059507,3.060269,0.000762,8,8,4,16,2,natural,natural,"appt-ntt-log20-7x7x6-xor-fw16-v1",20.158785,5229.600492,356.825130,5483633565.303978,fused,shoup,-1
1,writer-final,16,2,8-7-5,"Tesla V100-SXM2-16GB",7.0,0,"v100-sm70","hierarchical-dataflow-appt-online-register-tail-grouped-writer-final","experimental",0.000000,"persistent CTA fold roles publish online-reordered packet groups without fold-wide barriers",hierarchical-dataflow,0,named-barrier,0,0,0,2,0,0,0,hermes-xor,inplace,radix4,64,20,1048576,16,576460756061519873,60,0,0,0,dataflow-radix4,"7+7+6","appt-online-register-tail-grouped-writer-final+appt-online-register-tail-grouped-writer-final+appt-online-register-tail-grouped-writer-final","256+256+256","8+8+8","32+16+16","4+4+4","2+2+2","1+1+1","10+5+5","ring+ring","2+2",8,0,3,10,21.620480,3.345203,3.345934,0.000731,8,7,5,16,2,natural,natural,"appt-ntt-log20-7x7x6-xor-fw16-v1",20.154495,4782.968438,354.608532,5015305913.296165,fused,shoup,-1
1,writer-final,32,1,10-9-3,"Tesla V100-SXM2-16GB",7.0,0,"v100-sm70","hierarchical-dataflow-appt-online-register-tail-grouped-writer-final","experimental",0.000000,"persistent CTA fold roles publish online-reordered packet groups without fold-wide barriers",hierarchical-dataflow,0,named-barrier,0,0,0,2,0,0,0,hermes-xor,inplace,radix4,64,20,1048576,16,576460756061519873,60,0,0,0,dataflow-radix4,"7+7+6","appt-online-register-tail-grouped-writer-final+appt-online-register-tail-grouped-writer-final+appt-online-register-tail-grouped-writer-final","256+256+256","8+8+8","32+16+16","4+4+4","2+2+2","1+1+1","10+5+5","ring+ring","2+2",8,0,3,10,21.623360,4.907520,4.908237,0.000717,10,9,3,32,1,natural,natural,"appt-ntt-log20-7x7x6-xor-fw32-v1",20.155584,3260.302677,342.711756,3418675140.277201,fused,shoup,-1
1,writer-final,32,1,10-8-4,"Tesla V100-SXM2-16GB",7.0,0,"v100-sm70","hierarchical-dataflow-appt-online-register-tail-grouped-writer-final","experimental",0.000000,"persistent CTA fold roles publish online-reordered packet groups without fold-wide barriers",hierarchical-dataflow,0,named-barrier,0,0,0,2,0,0,0,hermes-xor,inplace,radix4,64,20,1048576,16,576460756061519873,60,0,0,0,dataflow-radix4,"7+7+6","appt-online-register-tail-grouped-writer-final+appt-online-register-tail-grouped-writer-final+appt-online-register-tail-grouped-writer-final","256+256+256","8+8+8","32+16+16","4+4+4","2+2+2","1+1+1","10+5+5","ring+ring","2+2",8,0,3,10,21.621376,4.264960,4.265766,0.000806,10,8,4,32,1,natural,natural,"appt-ntt-log20-7x7x6-xor-fw32-v1",20.158880,3751.500346,347.484521,3933733226.840424,fused,shoup,-1
1,writer-final,32,1,9-9-3,"Tesla V100-SXM2-16GB",7.0,0,"v100-sm70","hierarchical-dataflow-appt-online-register-tail-grouped-writer-final","experimental",0.000000,"persistent CTA fold roles publish online-reordered packet groups without fold-wide barriers",hierarchical-dataflow,0,named-barrier,0,0,0,2,0,0,0,hermes-xor,inplace,radix4,64,20,1048576,16,576460756061519873,60,0,0,0,dataflow-radix4,"7+7+6","appt-online-register-tail-grouped-writer-final+appt-online-register-tail-grouped-writer-final+appt-online-register-tail-grouped-writer-final","256+256+256","8+8+8","32+16+16","4+4+4","2+2+2","1+1+1","10+5+5","ring+ring","2+2",8,0,3,10,21.619455,4.735898,4.736765,0.000867,9,9,3,32,1,natural,natural,"appt-ntt-log20-7x7x6-xor-fw32-v1",20.156927,3378.451468,343.995177,3542563126.543901,fused,shoup,-1
1,writer-final,32,1,9-8-4,"Tesla V100-SXM2-16GB",7.0,0,"v100-sm70","hierarchical-dataflow-appt-online-register-tail-grouped-writer-final","experimental",0.000000,"persistent CTA fold roles publish online-reordered packet groups without fold-wide barriers",hierarchical-dataflow,0,named-barrier,0,0,0,2,0,0,0,hermes-xor,inplace,radix4,64,20,1048576,16,576460756061519873,60,0,0,0,dataflow-radix4,"7+7+6","appt-online-register-tail-grouped-writer-final+appt-online-register-tail-grouped-writer-final+appt-online-register-tail-grouped-writer-final","256+256+256","8+8+8","32+16+16","4+4+4","2+2+2","1+1+1","10+5+5","ring+ring","2+2",8,0,3,10,21.624767,4.092723,4.093464,0.000742,9,8,4,32,1,natural,natural,"appt-ntt-log20-7x7x6-xor-fw32-v1",20.161089,3909.377795,348.746633,4099279731.269796,fused,shoup,-1
1,writer-final,32,1,9-7-5,"Tesla V100-SXM2-16GB",7.0,0,"v100-sm70","hierarchical-dataflow-appt-online-register-tail-grouped-writer-final","experimental",0.000000,"persistent CTA fold roles publish online-reordered packet groups without fold-wide barriers",hierarchical-dataflow,0,named-barrier,0,0,0,2,0,0,0,hermes-xor,inplace,radix4,64,20,1048576,16,576460756061519873,60,0,0,0,dataflow-radix4,"7+7+6","appt-online-register-tail-grouped-writer-final+appt-online-register-tail-grouped-writer-final+appt-online-register-tail-grouped-writer-final","256+256+256","8+8+8","32+16+16","4+4+4","2+2+2","1+1+1","10+5+5","ring+ring","2+2",8,0,3,10,21.627712,3.795763,3.796612,0.000849,9,7,5,32,1,natural,natural,"appt-ntt-log20-7x7x6-xor-fw32-v1",20.155104,4215.226276,351.042098,4419985107.183505,fused,shoup,-1
1,writer-final,32,1,8-10-2,"Tesla V100-SXM2-16GB",7.0,0,"v100-sm70","hierarchical-dataflow-appt-online-register-tail-grouped-writer-final","experimental",0.000000,"persistent CTA fold roles publish online-reordered packet groups without fold-wide barriers",hierarchical-dataflow,0,named-barrier,0,0,0,2,0,0,0,hermes-xor,inplace,radix4,64,20,1048576,16,576460756061519873,60,0,0,0,dataflow-radix4,"7+7+6","appt-online-register-tail-grouped-writer-final+appt-online-register-tail-grouped-writer-final+appt-online-register-tail-grouped-writer-final","256+256+256","8+8+8","32+16+16","4+4+4","2+2+2","1+1+1","10+5+5","ring+ring","2+2",8,0,3,10,21.619265,6.215885,6.216669,0.000784,8,10,2,32,1,natural,natural,"appt-ntt-log20-7x7x6-xor-fw32-v1",20.160448,2574.050326,333.363910,2699087394.444851,fused,shoup,-1
1,writer-final,32,1,8-9-3,"Tesla V100-SXM2-16GB",7.0,0,"v100-sm70","hierarchical-dataflow-appt-online-register-tail-grouped-writer-final","experimental",0.000000,"persistent CTA fold roles publish online-reordered packet groups without fold-wide barriers",hierarchical-dataflow,0,named-barrier,0,0,0,2,0,0,0,hermes-xor,inplace,radix4,64,20,1048576,16,576460756061519873,60,0,0,0,dataflow-radix4,"7+7+6","appt-online-register-tail-grouped-writer-final+appt-online-register-tail-grouped-writer-final+appt-online-register-tail-grouped-writer-final","256+256+256","8+8+8","32+16+16","4+4+4","2+2+2","1+1+1","10+5+5","ring+ring","2+2",8,0,3,10,21.629728,4.751053,4.751822,0.000769,8,9,3,32,1,natural,natural,"appt-ntt-log20-7x7x6-xor-fw32-v1",20.153568,3367.674594,343.832034,3531262755.210123,fused,shoup,-1
1,writer-final,32,1,8-8-4,"Tesla V100-SXM2-16GB",7.0,0,"v100-sm70","hierarchical-dataflow-appt-online-register-tail-grouped-writer-final","experimental",0.000000,"persistent CTA fold roles publish online-reordered packet groups without fold-wide barriers",hierarchical-dataflow,0,named-barrier,0,0,0,2,0,0,0,hermes-xor,inplace,radix4,64,20,1048576,16,576460756061519873,60,0,0,0,dataflow-radix4,"7+7+6","appt-online-register-tail-grouped-writer-final+appt-online-register-tail-grouped-writer-final+appt-online-register-tail-grouped-writer-final","256+256+256","8+8+8","32+16+16","4+4+4","2+2+2","1+1+1","10+5+5","ring+ring","2+2",8,0,3,10,21.628063,4.006810,4.007619,0.000810,8,8,4,32,1,natural,natural,"appt-ntt-log20-7x7x6-xor-fw32-v1",20.154560,3993.201862,349.425598,4187175635.526306,fused,shoup,-1
1,writer-final,32,1,8-7-5,"Tesla V100-SXM2-16GB",7.0,0,"v100-sm70","hierarchical-dataflow-appt-online-register-tail-grouped-writer-final","experimental",0.000000,"persistent CTA fold roles publish online-reordered packet groups without fold-wide barriers",hierarchical-dataflow,0,named-barrier,0,0,0,2,0,0,0,hermes-xor,inplace,radix4,64,20,1048576,16,576460756061519873,60,0,0,0,dataflow-radix4,"7+7+6","appt-online-register-tail-grouped-writer-final+appt-online-register-tail-grouped-writer-final+appt-online-register-tail-grouped-writer-final","256+256+256","8+8+8","32+16+16","4+4+4","2+2+2","1+1+1","10+5+5","ring+ring","2+2",8,0,3,10,21.629215,3.601101,3.601864,0.000763,8,7,5,32,1,natural,natural,"appt-ntt-log20-7x7x6-xor-fw32-v1",20.155071,4443.085697,352.536376,4658913028.297460,fused,shoup,-1
1,writer-final,32,2,10-9-3,"Tesla V100-SXM2-16GB",7.0,0,"v100-sm70","hierarchical-dataflow-appt-online-register-tail-grouped-writer-final","experimental",0.000000,"persistent CTA fold roles publish online-reordered packet groups without fold-wide barriers",hierarchical-dataflow,0,named-barrier,0,0,0,2,0,0,0,hermes-xor,inplace,radix4,64,20,1048576,16,576460756061519873,60,0,0,0,dataflow-radix4,"7+7+6","appt-online-register-tail-grouped-writer-final+appt-online-register-tail-grouped-writer-final+appt-online-register-tail-grouped-writer-final","256+256+256","8+8+8","32+16+16","4+4+4","2+2+2","1+1+1","10+5+5","ring+ring","2+2",8,0,3,10,21.640352,4.847718,4.848552,0.000833,10,9,3,32,2,natural,natural,"appt-ntt-log20-7x7x6-xor-fw32-v1",20.163521,3300.521856,342.967936,3460848005.895498,fused,shoup,-1
1,writer-final,32,2,10-8-4,"Tesla V100-SXM2-16GB",7.0,0,"v100-sm70","hierarchical-dataflow-appt-online-register-tail-grouped-writer-final","experimental",0.000000,"persistent CTA fold roles publish online-reordered packet groups without fold-wide barriers",hierarchical-dataflow,0,named-barrier,0,0,0,2,0,0,0,hermes-xor,inplace,radix4,64,20,1048576,16,576460756061519873,60,0,0,0,dataflow-radix4,"7+7+6","appt-online-register-tail-grouped-writer-final+appt-online-register-tail-grouped-writer-final+appt-online-register-tail-grouped-writer-final","256+256+256","8+8+8","32+16+16","4+4+4","2+2+2","1+1+1","10+5+5","ring+ring","2+2",8,0,3,10,21.624832,4.289844,4.290693,0.000849,10,8,4,32,2,natural,natural,"appt-ntt-log20-7x7x6-xor-fw32-v1",20.157824,3729.739740,347.278751,3910915577.274335,fused,shoup,-1
1,writer-final,32,2,9-9-3,"Tesla V100-SXM2-16GB",7.0,0,"v100-sm70","hierarchical-dataflow-appt-online-register-tail-grouped-writer-final","experimental",0.000000,"persistent CTA fold roles publish online-reordered packet groups without fold-wide barriers",hierarchical-dataflow,0,named-barrier,0,0,0,2,0,0,0,hermes-xor,inplace,radix4,64,20,1048576,16,576460756061519873,60,0,0,0,dataflow-radix4,"7+7+6","appt-online-register-tail-grouped-writer-final+appt-online-register-tail-grouped-writer-final+appt-online-register-tail-grouped-writer-final","256+256+256","8+8+8","32+16+16","4+4+4","2+2+2","1+1+1","10+5+5","ring+ring","2+2",8,0,3,10,21.627392,4.770611,4.771306,0.000694,9,9,3,32,2,natural,natural,"appt-ntt-log20-7x7x6-xor-fw32-v1",20.162560,3353.867888,343.638459,3516785374.792660,fused,shoup,-1
1,writer-final,32,2,9-8-4,"Tesla V100-SXM2-16GB",7.0,0,"v100-sm70","hierarchical-dataflow-appt-online-register-tail-grouped-writer-final","experimental",0.000000,"persistent CTA fold roles publish online-reordered packet groups without fold-wide barriers",hierarchical-dataflow,0,named-barrier,0,0,0,2,0,0,0,hermes-xor,inplace,radix4,64,20,1048576,16,576460756061519873,60,0,0,0,dataflow-radix4,"7+7+6","appt-online-register-tail-grouped-writer-final+appt-online-register-tail-grouped-writer-final+appt-online-register-tail-grouped-writer-final","256+256+256","8+8+8","32+16+16","4+4+4","2+2+2","1+1+1","10+5+5","ring+ring","2+2",8,0,3,10,21.623552,4.070707,4.071453,0.000745,9,8,4,32,2,natural,natural,"appt-ntt-log20-7x7x6-xor-fw32-v1",20.158432,3930.520850,348.943528,4121449830.785255,fused,shoup,-1
1,writer-final,32,2,9-7-5,"Tesla V100-SXM2-16GB",7.0,0,"v100-sm70","hierarchical-dataflow-appt-online-register-tail-grouped-writer-final","experimental",0.000000,"persistent CTA fold roles publish online-reordered packet groups without fold-wide barriers",hierarchical-dataflow,0,named-barrier,0,0,0,2,0,0,0,hermes-xor,inplace,radix4,64,20,1048576,16,576460756061519873,60,0,0,0,dataflow-radix4,"7+7+6","appt-online-register-tail-grouped-writer-final+appt-online-register-tail-grouped-writer-final+appt-online-register-tail-grouped-writer-final","256+256+256","8+8+8","32+16+16","4+4+4","2+2+2","1+1+1","10+5+5","ring+ring","2+2",8,0,3,10,21.636831,3.746918,3.747612,0.000694,9,7,5,32,2,natural,natural,"appt-ntt-log20-7x7x6-xor-fw32-v1",20.159008,4270.175681,351.318207,4477603734.711657,fused,shoup,-1
1,writer-final,32,2,8-10-2,"Tesla V100-SXM2-16GB",7.0,0,"v100-sm70","hierarchical-dataflow-appt-online-register-tail-grouped-writer-final","experimental",0.000000,"persistent CTA fold roles publish online-reordered packet groups without fold-wide barriers",hierarchical-dataflow,0,named-barrier,0,0,0,2,0,0,0,hermes-xor,inplace,radix4,64,20,1048576,16,576460756061519873,60,0,0,0,dataflow-radix4,"7+7+6","appt-online-register-tail-grouped-writer-final+appt-online-register-tail-grouped-writer-final+appt-online-register-tail-grouped-writer-final","256+256+256","8+8+8","32+16+16","4+4+4","2+2+2","1+1+1","10+5+5","ring+ring","2+2",8,0,3,10,21.620192,6.141235,6.141922,0.000686,8,10,2,32,2,natural,natural,"appt-ntt-log20-7x7x6-xor-fw32-v1",20.154753,2605.339005,333.916437,2731895952.453835,fused,shoup,-1
1,writer-final,32,2,8-9-3,"Tesla V100-SXM2-16GB",7.0,0,"v100-sm70","hierarchical-dataflow-appt-online-register-tail-grouped-writer-final","experimental",0.000000,"persistent CTA fold roles publish online-reordered packet groups without fold-wide barriers",hierarchical-dataflow,0,named-barrier,0,0,0,2,0,0,0,hermes-xor,inplace,radix4,64,20,1048576,16,576460756061519873,60,0,0,0,dataflow-radix4,"7+7+6","appt-online-register-tail-grouped-writer-final+appt-online-register-tail-grouped-writer-final+appt-online-register-tail-grouped-writer-final","256+256+256","8+8+8","32+16+16","4+4+4","2+2+2","1+1+1","10+5+5","ring+ring","2+2",8,0,3,10,21.619904,4.627149,4.627987,0.000838,8,9,3,32,2,natural,natural,"appt-ntt-log20-7x7x6-xor-fw32-v1",20.155617,3457.853051,344.807753,3625821720.449051,fused,shoup,-1
1,writer-final,32,2,8-8-4,"Tesla V100-SXM2-16GB",7.0,0,"v100-sm70","hierarchical-dataflow-appt-online-register-tail-grouped-writer-final","experimental",0.000000,"persistent CTA fold roles publish online-reordered packet groups without fold-wide barriers",hierarchical-dataflow,0,named-barrier,0,0,0,2,0,0,0,hermes-xor,inplace,radix4,64,20,1048576,16,576460756061519873,60,0,0,0,dataflow-radix4,"7+7+6","appt-online-register-tail-grouped-writer-final+appt-online-register-tail-grouped-writer-final+appt-online-register-tail-grouped-writer-final","256+256+256","8+8+8","32+16+16","4+4+4","2+2+2","1+1+1","10+5+5","ring+ring","2+2",8,0,3,10,21.621311,4.003635,4.004443,0.000808,8,8,4,32,2,natural,natural,"appt-ntt-log20-7x7x6-xor-fw32-v1",20.151903,3996.368371,349.521652,4190495960.488938,fused,shoup,-1
1,writer-final,32,2,8-7-5,"Tesla V100-SXM2-16GB",7.0,0,"v100-sm70","hierarchical-dataflow-appt-online-register-tail-grouped-writer-final","experimental",0.000000,"persistent CTA fold roles publish online-reordered packet groups without fold-wide barriers",hierarchical-dataflow,0,named-barrier,0,0,0,2,0,0,0,hermes-xor,inplace,radix4,64,20,1048576,16,576460756061519873,60,0,0,0,dataflow-radix4,"7+7+6","appt-online-register-tail-grouped-writer-final+appt-online-register-tail-grouped-writer-final+appt-online-register-tail-grouped-writer-final","256+256+256","8+8+8","32+16+16","4+4+4","2+2+2","1+1+1","10+5+5","ring+ring","2+2",8,0,3,10,21.628128,3.592294,3.593081,0.000787,8,7,5,32,2,natural,natural,"appt-ntt-log20-7x7x6-xor-fw32-v1",20.162687,4453.978165,352.554070,4670334608.046870,fused,shoup,-1
