trial,variant,scan_data_time,roles,role_mask,device,compute_capability,auto_select,selection_target,selected_implementation,selection_confidence,predicted_kernel_ms,selection_reason,backend,stage_space,stage_handoff,flow_tile_log,data_space,role_stages,target_ctas_per_sm,data_time,token_interleave,pipeline_buffers,dataflow_layout,dataflow_state,compute_unit,word_bits,logN,N,batch,modulus,modulus_bits,n1_log,rows_per_block,threads_per_block,hierarchical_core,stage_partition,segment_cores,segment_threads,segment_units,segment_data_space,segment_data_time,segment_role_stages,segment_token_interleave,segment_cta_weights,boundary_storage,boundary_buffers,ready_window,inverse,warmup,repeat,h2d_ms,kernel_ms,timed_region_wall_ms,host_timing_overhead_ms,appt_producer_weight,appt_tail_weight,appt_writer_weight,appt_fragment_width,appt_writer_tiles,appt_data_time_roles,input_order,output_order,appt_layout_id,d2h_ms,kernel_ntt_s,end_to_end_ntt_s,kernel_points_s,cross_twiddle,mod_multiply,correct
1,v06,0,9-11,0,"Tesla V100-SXM2-16GB",7.0,0,"v100-sm70","hierarchical-dataflow-wave-10x10-resident-radix4","experimental",0.000000,"transform-wave readiness with the generated resident radix-4 core",hierarchical-dataflow,0,named-barrier,0,0,0,4,0,0,0,hermes-xor,inplace,radix4,32,20,1048576,4,998244353,30,0,0,0,dataflow-radix4,"10+10","dataflow-radix4+dataflow-radix4","256+256","1+1","0+0","0+0","0+0","0+0","9+11","full-scratch","1",8,0,3,30,2.821472,0.348023,0.348328,0.000305,0,0,0,0,0,7,natural,natural,"",2.623264,11493.477585,690.517190,12051784752.287302,fused,shoup,-1
1,writer-final,1,6-12-4,0,"Tesla V100-SXM2-16GB",7.0,0,"v100-sm70","hierarchical-dataflow-appt-online-register-tail-grouped-writer-final","experimental",0.000000,"persistent CTA fold roles publish online-reordered packet groups without fold-wide barriers",hierarchical-dataflow,0,named-barrier,0,0,0,3,0,0,0,hermes-xor,inplace,radix4,32,20,1048576,4,998244353,30,0,0,0,dataflow-radix4,"7+7+6","appt-online-register-tail-grouped-writer-final+appt-online-register-tail-grouped-writer-final+appt-online-register-tail-grouped-writer-final","256+256+256","8+8+8","32+16+16","1+1+1","2+2+2","1+1+1","7+7+6","ring+ring","2+2",8,0,3,30,2.822016,0.513946,0.514216,0.000270,6,12,4,8,2,7,natural,natural,"appt-ntt-log20-7x7x6-xor-fw8-v1",2.620640,7782.924293,671.523834,8160987623.266687,fused,shoup,-1
1,data-time,1,6-12-4,4,"Tesla V100-SXM2-16GB",7.0,0,"v100-sm70","hierarchical-dataflow-appt-online-register-tail-grouped-writer-final-data-time","experimental",0.000000,"persistent CTA fold roles publish online-reordered packet groups without fold-wide barriers",hierarchical-dataflow,0,named-barrier,0,0,0,3,0,0,0,hermes-xor,inplace,radix4,32,20,1048576,4,998244353,30,0,0,0,dataflow-radix4,"7+7+6","appt-online-register-tail-grouped-writer-final-data-time+appt-online-register-tail-grouped-writer-final-data-time+appt-online-register-tail-grouped-writer-final-data-time","256+256+256","8+8+8","32+16+16","1+1+1","2+2+2","1+1+1","7+7+6","ring+ring","2+2",8,0,3,30,2.829824,0.513092,0.513419,0.000327,6,12,4,8,2,4,natural,natural,"appt-ntt-log20-7x7x6-xor-fw8-v1",2.597920,7795.868619,673.305890,8174560733.256662,fused,shoup,-1
1,data-time,1,6-11-5,4,"Tesla V100-SXM2-16GB",7.0,0,"v100-sm70","hierarchical-dataflow-appt-online-register-tail-grouped-writer-final-data-time","experimental",0.000000,"persistent CTA fold roles publish online-reordered packet groups without fold-wide barriers",hierarchical-dataflow,0,named-barrier,0,0,0,3,0,0,0,hermes-xor,inplace,radix4,32,20,1048576,4,998244353,30,0,0,0,dataflow-radix4,"7+7+6","appt-online-register-tail-grouped-writer-final-data-time+appt-online-register-tail-grouped-writer-final-data-time+appt-online-register-tail-grouped-writer-final-data-time","256+256+256","8+8+8","32+16+16","1+1+1","2+2+2","1+1+1","7+7+6","ring+ring","2+2",8,0,3,30,2.828736,0.588595,0.588888,0.000293,6,11,5,8,2,4,natural,natural,"appt-ntt-log20-7x7x6-xor-fw8-v1",2.611008,6795.841899,663.532668,7125956715.259531,fused,shoup,-1
1,data-time,1,7-11-4,4,"Tesla V100-SXM2-16GB",7.0,0,"v100-sm70","hierarchical-dataflow-appt-online-register-tail-grouped-writer-final-data-time","experimental",0.000000,"persistent CTA fold roles publish online-reordered packet groups without fold-wide barriers",hierarchical-dataflow,0,named-barrier,0,0,0,3,0,0,0,hermes-xor,inplace,radix4,32,20,1048576,4,998244353,30,0,0,0,dataflow-radix4,"7+7+6","appt-online-register-tail-grouped-writer-final-data-time+appt-online-register-tail-grouped-writer-final-data-time+appt-online-register-tail-grouped-writer-final-data-time","256+256+256","8+8+8","32+16+16","1+1+1","2+2+2","1+1+1","7+7+6","ring+ring","2+2",8,0,3,30,2.821440,0.575659,0.575929,0.000270,7,11,4,8,2,4,natural,natural,"appt-ntt-log20-7x7x6-xor-fw8-v1",2.616832,6948.561962,665.122399,7286095307.768625,fused,shoup,-1
1,data-time,1,6-12-4,6,"Tesla V100-SXM2-16GB",7.0,0,"v100-sm70","hierarchical-dataflow-appt-online-register-tail-grouped-writer-final-data-time","experimental",0.000000,"persistent CTA fold roles publish online-reordered packet groups without fold-wide barriers",hierarchical-dataflow,0,named-barrier,0,0,0,3,0,0,0,hermes-xor,inplace,radix4,32,20,1048576,4,998244353,30,0,0,0,dataflow-radix4,"7+7+6","appt-online-register-tail-grouped-writer-final-data-time+appt-online-register-tail-grouped-writer-final-data-time+appt-online-register-tail-grouped-writer-final-data-time","256+256+256","8+8+8","32+16+16","1+1+1","2+2+2","1+1+1","7+7+6","ring+ring","2+2",8,0,3,30,2.824960,0.513946,0.514213,0.000268,6,12,4,8,2,6,natural,natural,"appt-ntt-log20-7x7x6-xor-fw8-v1",2.618624,7782.924293,671.419240,8160987623.266687,fused,shoup,-1
1,data-time,1,6-11-5,6,"Tesla V100-SXM2-16GB",7.0,0,"v100-sm70","hierarchical-dataflow-appt-online-register-tail-grouped-writer-final-data-time","experimental",0.000000,"persistent CTA fold roles publish online-reordered packet groups without fold-wide barriers",hierarchical-dataflow,0,named-barrier,0,0,0,3,0,0,0,hermes-xor,inplace,radix4,32,20,1048576,4,998244353,30,0,0,0,dataflow-radix4,"7+7+6","appt-online-register-tail-grouped-writer-final-data-time+appt-online-register-tail-grouped-writer-final-data-time+appt-online-register-tail-grouped-writer-final-data-time","256+256+256","8+8+8","32+16+16","1+1+1","2+2+2","1+1+1","7+7+6","ring+ring","2+2",8,0,3,30,2.822176,0.587059,0.587311,0.000252,6,11,5,8,2,6,natural,natural,"appt-ntt-log20-7x7x6-xor-fw8-v1",2.626176,6813.622887,662.755163,7144601432.627705,fused,shoup,-1
1,data-time,1,7-11-4,6,"Tesla V100-SXM2-16GB",7.0,0,"v100-sm70","hierarchical-dataflow-appt-online-register-tail-grouped-writer-final-data-time","experimental",0.000000,"persistent CTA fold roles publish online-reordered packet groups without fold-wide barriers",hierarchical-dataflow,0,named-barrier,0,0,0,3,0,0,0,hermes-xor,inplace,radix4,32,20,1048576,4,998244353,30,0,0,0,dataflow-radix4,"7+7+6","appt-online-register-tail-grouped-writer-final-data-time+appt-online-register-tail-grouped-writer-final-data-time+appt-online-register-tail-grouped-writer-final-data-time","256+256+256","8+8+8","32+16+16","1+1+1","2+2+2","1+1+1","7+7+6","ring+ring","2+2",8,0,3,30,2.820896,0.576546,0.576824,0.000278,7,11,4,8,2,6,natural,natural,"appt-ntt-log20-7x7x6-xor-fw8-v1",2.632160,6937.866329,663.393704,7274880123.370605,fused,shoup,-1
1,data-time,1,6-12-4,7,"Tesla V100-SXM2-16GB",7.0,0,"v100-sm70","hierarchical-dataflow-appt-online-register-tail-grouped-writer-final-data-time","experimental",0.000000,"persistent CTA fold roles publish online-reordered packet groups without fold-wide barriers",hierarchical-dataflow,0,named-barrier,0,0,0,3,0,0,0,hermes-xor,inplace,radix4,32,20,1048576,4,998244353,30,0,0,0,dataflow-radix4,"7+7+6","appt-online-register-tail-grouped-writer-final-data-time+appt-online-register-tail-grouped-writer-final-data-time+appt-online-register-tail-grouped-writer-final-data-time","256+256+256","8+8+8","32+16+16","1+1+1","2+2+2","1+1+1","7+7+6","ring+ring","2+2",8,0,3,30,2.813888,0.512375,0.512657,0.000281,6,12,4,8,2,7,natural,natural,"appt-ntt-log20-7x7x6-xor-fw8-v1",2.610432,7806.774920,673.775508,8185996818.800419,fused,shoup,-1
1,data-time,1,6-11-5,7,"Tesla V100-SXM2-16GB",7.0,0,"v100-sm70","hierarchical-dataflow-appt-online-register-tail-grouped-writer-final-data-time","experimental",0.000000,"persistent CTA fold roles publish online-reordered packet groups without fold-wide barriers",hierarchical-dataflow,0,named-barrier,0,0,0,3,0,0,0,hermes-xor,inplace,radix4,32,20,1048576,4,998244353,30,0,0,0,dataflow-radix4,"7+7+6","appt-online-register-tail-grouped-writer-final-data-time+appt-online-register-tail-grouped-writer-final-data-time+appt-online-register-tail-grouped-writer-final-data-time","256+256+256","8+8+8","32+16+16","1+1+1","2+2+2","1+1+1","7+7+6","ring+ring","2+2",8,0,3,30,2.811808,0.584841,0.585089,0.000249,6,11,5,8,2,7,natural,natural,"appt-ntt-log20-7x7x6-xor-fw8-v1",2.611936,6839.471194,665.714170,7171705346.971605,fused,shoup,-1
1,data-time,1,7-11-4,7,"Tesla V100-SXM2-16GB",7.0,0,"v100-sm70","hierarchical-dataflow-appt-online-register-tail-grouped-writer-final-data-time","experimental",0.000000,"persistent CTA fold roles publish online-reordered packet groups without fold-wide barriers",hierarchical-dataflow,0,named-barrier,0,0,0,3,0,0,0,hermes-xor,inplace,radix4,32,20,1048576,4,998244353,30,0,0,0,dataflow-radix4,"7+7+6","appt-online-register-tail-grouped-writer-final-data-time+appt-online-register-tail-grouped-writer-final-data-time+appt-online-register-tail-grouped-writer-final-data-time","256+256+256","8+8+8","32+16+16","1+1+1","2+2+2","1+1+1","7+7+6","ring+ring","2+2",8,0,3,30,2.828512,0.577024,0.577358,0.000334,7,11,4,8,2,7,natural,natural,"appt-ntt-log20-7x7x6-xor-fw8-v1",2.593216,6932.120163,666.805369,7268854831.515846,fused,shoup,-1
1,data-time,2,6-12-4,4,"Tesla V100-SXM2-16GB",7.0,0,"v100-sm70","hierarchical-dataflow-appt-online-register-tail-grouped-writer-final-data-time","experimental",0.000000,"persistent CTA fold roles publish online-reordered packet groups without fold-wide barriers",hierarchical-dataflow,0,named-barrier,0,0,0,3,0,0,0,hermes-xor,inplace,radix4,32,20,1048576,4,998244353,30,0,0,0,dataflow-radix4,"7+7+6","appt-online-register-tail-grouped-writer-final-data-time+appt-online-register-tail-grouped-writer-final-data-time+appt-online-register-tail-grouped-writer-final-data-time","256+256+256","8+8+8","32+16+16","2+2+2","2+2+2","1+1+1","7+7+6","ring+ring","2+2",8,0,3,30,2.832960,0.531081,0.531413,0.000333,6,12,4,8,2,4,natural,natural,"appt-ntt-log20-7x7x6-xor-fw8-v1",2.604768,7531.814233,670.150503,7897679640.925144,fused,shoup,-1
1,data-time,2,6-11-5,4,"Tesla V100-SXM2-16GB",7.0,0,"v100-sm70","hierarchical-dataflow-appt-online-register-tail-grouped-writer-final-data-time","experimental",0.000000,"persistent CTA fold roles publish online-reordered packet groups without fold-wide barriers",hierarchical-dataflow,0,named-barrier,0,0,0,3,0,0,0,hermes-xor,inplace,radix4,32,20,1048576,4,998244353,30,0,0,0,dataflow-radix4,"7+7+6","appt-online-register-tail-grouped-writer-final-data-time+appt-online-register-tail-grouped-writer-final-data-time+appt-online-register-tail-grouped-writer-final-data-time","256+256+256","8+8+8","32+16+16","2+2+2","2+2+2","1+1+1","7+7+6","ring+ring","2+2",8,0,3,30,2.823680,0.595251,0.595558,0.000306,6,11,5,8,2,4,natural,natural,"appt-ntt-log20-7x7x6-xor-fw8-v1",2.620000,6719.852027,662.368885,7046275558.616707,fused,shoup,-1
1,data-time,2,7-11-4,4,"Tesla V100-SXM2-16GB",7.0,0,"v100-sm70","hierarchical-dataflow-appt-online-register-tail-grouped-writer-final-data-time","experimental",0.000000,"persistent CTA fold roles publish online-reordered packet groups without fold-wide barriers",hierarchical-dataflow,0,named-barrier,0,0,0,3,0,0,0,hermes-xor,inplace,radix4,32,20,1048576,4,998244353,30,0,0,0,dataflow-radix4,"7+7+6","appt-online-register-tail-grouped-writer-final-data-time+appt-online-register-tail-grouped-writer-final-data-time+appt-online-register-tail-grouped-writer-final-data-time","256+256+256","8+8+8","32+16+16","2+2+2","2+2+2","1+1+1","7+7+6","ring+ring","2+2",8,0,3,30,2.830464,0.577877,0.578180,0.000303,7,11,4,8,2,4,natural,natural,"appt-ntt-log20-7x7x6-xor-fw8-v1",2.597312,6921.884117,666.039124,7258121559.838489,fused,shoup,-1
1,data-time,2,6-12-4,6,"Tesla V100-SXM2-16GB",7.0,0,"v100-sm70","hierarchical-dataflow-appt-online-register-tail-grouped-writer-final-data-time","experimental",0.000000,"persistent CTA fold roles publish online-reordered packet groups without fold-wide barriers",hierarchical-dataflow,0,named-barrier,0,0,0,3,0,0,0,hermes-xor,inplace,radix4,32,20,1048576,4,998244353,30,0,0,0,dataflow-radix4,"7+7+6","appt-online-register-tail-grouped-writer-final-data-time+appt-online-register-tail-grouped-writer-final-data-time+appt-online-register-tail-grouped-writer-final-data-time","256+256+256","8+8+8","32+16+16","2+2+2","2+2+2","1+1+1","7+7+6","ring+ring","2+2",8,0,3,30,2.816832,0.532753,0.533072,0.000319,6,12,4,8,2,6,natural,natural,"appt-ntt-log20-7x7x6-xor-fw8-v1",2.615840,7508.169118,670.530591,7872885941.100097,fused,shoup,-1
1,data-time,2,6-11-5,6,"Tesla V100-SXM2-16GB",7.0,0,"v100-sm70","hierarchical-dataflow-appt-online-register-tail-grouped-writer-final-data-time","experimental",0.000000,"persistent CTA fold roles publish online-reordered packet groups without fold-wide barriers",hierarchical-dataflow,0,named-barrier,0,0,0,3,0,0,0,hermes-xor,inplace,radix4,32,20,1048576,4,998244353,30,0,0,0,dataflow-radix4,"7+7+6","appt-online-register-tail-grouped-writer-final-data-time+appt-online-register-tail-grouped-writer-final-data-time+appt-online-register-tail-grouped-writer-final-data-time","256+256+256","8+8+8","32+16+16","2+2+2","2+2+2","1+1+1","7+7+6","ring+ring","2+2",8,0,3,30,2.822848,0.629453,0.629754,0.000301,6,11,5,8,2,6,natural,natural,"appt-ntt-log20-7x7x6-xor-fw8-v1",2.623008,6354.726236,658.402740,6663413417.653863,fused,shoup,-1
1,data-time,2,7-11-4,6,"Tesla V100-SXM2-16GB",7.0,0,"v100-sm70","hierarchical-dataflow-appt-online-register-tail-grouped-writer-final-data-time","experimental",0.000000,"persistent CTA fold roles publish online-reordered packet groups without fold-wide barriers",hierarchical-dataflow,0,named-barrier,0,0,0,3,0,0,0,hermes-xor,inplace,radix4,32,20,1048576,4,998244353,30,0,0,0,dataflow-radix4,"7+7+6","appt-online-register-tail-grouped-writer-final-data-time+appt-online-register-tail-grouped-writer-final-data-time+appt-online-register-tail-grouped-writer-final-data-time","256+256+256","8+8+8","32+16+16","2+2+2","2+2+2","1+1+1","7+7+6","ring+ring","2+2",8,0,3,30,2.819616,0.614673,0.614974,0.000301,7,11,4,8,2,6,natural,natural,"appt-ntt-log20-7x7x6-xor-fw8-v1",2.617344,6507.524944,660.978615,6823634475.674671,fused,shoup,-1
1,data-time,2,6-12-4,7,"Tesla V100-SXM2-16GB",7.0,0,"v100-sm70","hierarchical-dataflow-appt-online-register-tail-grouped-writer-final-data-time","experimental",0.000000,"persistent CTA fold roles publish online-reordered packet groups without fold-wide barriers",hierarchical-dataflow,0,named-barrier,0,0,0,3,0,0,0,hermes-xor,inplace,radix4,32,20,1048576,4,998244353,30,0,0,0,dataflow-radix4,"7+7+6","appt-online-register-tail-grouped-writer-final-data-time+appt-online-register-tail-grouped-writer-final-data-time+appt-online-register-tail-grouped-writer-final-data-time","256+256+256","8+8+8","32+16+16","2+2+2","2+2+2","1+1+1","7+7+6","ring+ring","2+2",8,0,3,30,2.824064,0.582007,0.582284,0.000276,6,12,4,8,2,7,natural,natural,"appt-ntt-log20-7x7x6-xor-fw8-v1",2.610080,6872.764048,664.876875,7206615434.400554,fused,shoup,-1
1,data-time,2,6-11-5,7,"Tesla V100-SXM2-16GB",7.0,0,"v100-sm70","hierarchical-dataflow-appt-online-register-tail-grouped-writer-final-data-time","experimental",0.000000,"persistent CTA fold roles publish online-reordered packet groups without fold-wide barriers",hierarchical-dataflow,0,named-barrier,0,0,0,3,0,0,0,hermes-xor,inplace,radix4,32,20,1048576,4,998244353,30,0,0,0,dataflow-radix4,"7+7+6","appt-online-register-tail-grouped-writer-final-data-time+appt-online-register-tail-grouped-writer-final-data-time+appt-online-register-tail-grouped-writer-final-data-time","256+256+256","8+8+8","32+16+16","2+2+2","2+2+2","1+1+1","7+7+6","ring+ring","2+2",8,0,3,30,2.816160,0.683384,0.683659,0.000275,6,11,5,8,2,7,natural,natural,"appt-ntt-log20-7x7x6-xor-fw8-v1",2.614816,5853.228615,654.197719,6137555047.983943,fused,shoup,-1
1,data-time,2,7-11-4,7,"Tesla V100-SXM2-16GB",7.0,0,"v100-sm70","hierarchical-dataflow-appt-online-register-tail-grouped-writer-final-data-time","experimental",0.000000,"persistent CTA fold roles publish online-reordered packet groups without fold-wide barriers",hierarchical-dataflow,0,named-barrier,0,0,0,3,0,0,0,hermes-xor,inplace,radix4,32,20,1048576,4,998244353,30,0,0,0,dataflow-radix4,"7+7+6","appt-online-register-tail-grouped-writer-final-data-time+appt-online-register-tail-grouped-writer-final-data-time+appt-online-register-tail-grouped-writer-final-data-time","256+256+256","8+8+8","32+16+16","2+2+2","2+2+2","1+1+1","7+7+6","ring+ring","2+2",8,0,3,30,2.819648,0.665702,0.665955,0.000253,7,11,4,8,2,7,natural,natural,"appt-ntt-log20-7x7x6-xor-fw8-v1",2.611008,6008.690947,656.129408,6300569118.679430,fused,shoup,-1
1,data-time,4,6-12-4,4,"Tesla V100-SXM2-16GB",7.0,0,"v100-sm70","hierarchical-dataflow-appt-online-register-tail-grouped-writer-final-data-time","experimental",0.000000,"persistent CTA fold roles publish online-reordered packet groups without fold-wide barriers",hierarchical-dataflow,0,named-barrier,0,0,0,3,0,0,0,hermes-xor,inplace,radix4,32,20,1048576,4,998244353,30,0,0,0,dataflow-radix4,"7+7+6","appt-online-register-tail-grouped-writer-final-data-time+appt-online-register-tail-grouped-writer-final-data-time+appt-online-register-tail-grouped-writer-final-data-time","256+256+256","8+8+8","32+16+16","4+4+4","2+2+2","1+1+1","7+7+6","ring+ring","2+2",8,0,3,30,2.813152,0.569481,0.569761,0.000281,6,12,4,8,2,4,natural,natural,"appt-ntt-log20-7x7x6-xor-fw8-v1",2.608192,7023.945035,667.687719,7365140189.019014,fused,shoup,-1
1,data-time,4,6-11-5,4,"Tesla V100-SXM2-16GB",7.0,0,"v100-sm70","hierarchical-dataflow-appt-online-register-tail-grouped-writer-final-data-time","experimental",0.000000,"persistent CTA fold roles publish online-reordered packet groups without fold-wide barriers",hierarchical-dataflow,0,named-barrier,0,0,0,3,0,0,0,hermes-xor,inplace,radix4,32,20,1048576,4,998244353,30,0,0,0,dataflow-radix4,"7+7+6","appt-online-register-tail-grouped-writer-final-data-time+appt-online-register-tail-grouped-writer-final-data-time+appt-online-register-tail-grouped-writer-final-data-time","256+256+256","8+8+8","32+16+16","4+4+4","2+2+2","1+1+1","7+7+6","ring+ring","2+2",8,0,3,30,2.815360,0.617677,0.617996,0.000319,6,11,5,8,2,4,natural,natural,"appt-ntt-log20-7x7x6-xor-fw8-v1",2.612960,6475.878705,661.594775,6790450988.528014,fused,shoup,-1
1,data-time,4,7-11-4,4,"Tesla V100-SXM2-16GB",7.0,0,"v100-sm70","hierarchical-dataflow-appt-online-register-tail-grouped-writer-final-data-time","experimental",0.000000,"persistent CTA fold roles publish online-reordered packet groups without fold-wide barriers",hierarchical-dataflow,0,named-barrier,0,0,0,3,0,0,0,hermes-xor,inplace,radix4,32,20,1048576,4,998244353,30,0,0,0,dataflow-radix4,"7+7+6","appt-online-register-tail-grouped-writer-final-data-time+appt-online-register-tail-grouped-writer-final-data-time+appt-online-register-tail-grouped-writer-final-data-time","256+256+256","8+8+8","32+16+16","4+4+4","2+2+2","1+1+1","7+7+6","ring+ring","2+2",8,0,3,30,2.816320,0.595695,0.595996,0.000302,7,11,4,8,2,4,natural,natural,"appt-ntt-log20-7x7x6-xor-fw8-v1",2.620384,6714.846817,663.086132,7041027215.618171,fused,shoup,-1
1,data-time,4,6-12-4,6,"Tesla V100-SXM2-16GB",7.0,0,"v100-sm70","hierarchical-dataflow-appt-online-register-tail-grouped-writer-final-data-time","experimental",0.000000,"persistent CTA fold roles publish online-reordered packet groups without fold-wide barriers",hierarchical-dataflow,0,named-barrier,0,0,0,3,0,0,0,hermes-xor,inplace,radix4,32,20,1048576,4,998244353,30,0,0,0,dataflow-radix4,"7+7+6","appt-online-register-tail-grouped-writer-final-data-time+appt-online-register-tail-grouped-writer-final-data-time+appt-online-register-tail-grouped-writer-final-data-time","256+256+256","8+8+8","32+16+16","4+4+4","2+2+2","1+1+1","7+7+6","ring+ring","2+2",8,0,3,30,2.816256,0.573474,0.573754,0.000280,6,12,4,8,2,6,natural,natural,"appt-ntt-log20-7x7x6-xor-fw8-v1",2.618464,6975.031542,665.757447,7313850674.182768,fused,shoup,-1
1,data-time,4,6-11-5,6,"Tesla V100-SXM2-16GB",7.0,0,"v100-sm70","hierarchical-dataflow-appt-online-register-tail-grouped-writer-final-data-time","experimental",0.000000,"persistent CTA fold roles publish online-reordered packet groups without fold-wide barriers",hierarchical-dataflow,0,named-barrier,0,0,0,3,0,0,0,hermes-xor,inplace,radix4,32,20,1048576,4,998244353,30,0,0,0,dataflow-radix4,"7+7+6","appt-online-register-tail-grouped-writer-final-data-time+appt-online-register-tail-grouped-writer-final-data-time+appt-online-register-tail-grouped-writer-final-data-time","256+256+256","8+8+8","32+16+16","4+4+4","2+2+2","1+1+1","7+7+6","ring+ring","2+2",8,0,3,30,2.819168,0.761719,0.762049,0.000330,6,11,5,8,2,6,natural,natural,"appt-ntt-log20-7x7x6-xor-fw8-v1",2.617344,5251.277120,645.345374,5506363157.716887,fused,shoup,-1
1,data-time,4,7-11-4,6,"Tesla V100-SXM2-16GB",7.0,0,"v100-sm70","hierarchical-dataflow-appt-online-register-tail-grouped-writer-final-data-time","experimental",0.000000,"persistent CTA fold roles publish online-reordered packet groups without fold-wide barriers",hierarchical-dataflow,0,named-barrier,0,0,0,3,0,0,0,hermes-xor,inplace,radix4,32,20,1048576,4,998244353,30,0,0,0,dataflow-radix4,"7+7+6","appt-online-register-tail-grouped-writer-final-data-time+appt-online-register-tail-grouped-writer-final-data-time+appt-online-register-tail-grouped-writer-final-data-time","256+256+256","8+8+8","32+16+16","4+4+4","2+2+2","1+1+1","7+7+6","ring+ring","2+2",8,0,3,30,2.820288,0.713557,0.713845,0.000287,7,11,4,8,2,6,natural,natural,"appt-ntt-log20-7x7x6-xor-fw8-v1",2.612288,5605.716574,650.815698,5878019862.804552,fused,shoup,-1
1,data-time,4,6-12-4,7,"Tesla V100-SXM2-16GB",7.0,0,"v100-sm70","hierarchical-dataflow-appt-online-register-tail-grouped-writer-final-data-time","experimental",0.000000,"persistent CTA fold roles publish online-reordered packet groups without fold-wide barriers",hierarchical-dataflow,0,named-barrier,0,0,0,3,0,0,0,hermes-xor,inplace,radix4,32,20,1048576,4,998244353,30,0,0,0,dataflow-radix4,"7+7+6","appt-online-register-tail-grouped-writer-final-data-time+appt-online-register-tail-grouped-writer-final-data-time+appt-online-register-tail-grouped-writer-final-data-time","256+256+256","8+8+8","32+16+16","4+4+4","2+2+2","1+1+1","7+7+6","ring+ring","2+2",8,0,3,30,2.812736,0.650206,0.650498,0.000292,6,12,4,8,2,7,natural,natural,"appt-ntt-log20-7x7x6-xor-fw8-v1",2.612928,6151.897889,658.341955,6450732481.293183,fused,shoup,-1
1,data-time,4,6-11-5,7,"Tesla V100-SXM2-16GB",7.0,0,"v100-sm70","hierarchical-dataflow-appt-online-register-tail-grouped-writer-final-data-time","experimental",0.000000,"persistent CTA fold roles publish online-reordered packet groups without fold-wide barriers",hierarchical-dataflow,0,named-barrier,0,0,0,3,0,0,0,hermes-xor,inplace,radix4,32,20,1048576,4,998244353,30,0,0,0,dataflow-radix4,"7+7+6","appt-online-register-tail-grouped-writer-final-data-time+appt-online-register-tail-grouped-writer-final-data-time+appt-online-register-tail-grouped-writer-final-data-time","256+256+256","8+8+8","32+16+16","4+4+4","2+2+2","1+1+1","7+7+6","ring+ring","2+2",8,0,3,30,2.814304,0.825856,0.826171,0.000315,6,11,5,8,2,7,natural,natural,"appt-ntt-log20-7x7x6-xor-fw8-v1",2.609312,4843.459217,640.054051,5078735091.471478,fused,shoup,-1
1,data-time,4,7-11-4,7,"Tesla V100-SXM2-16GB",7.0,0,"v100-sm70","hierarchical-dataflow-appt-online-register-tail-grouped-writer-final-data-time","experimental",0.000000,"persistent CTA fold roles publish online-reordered packet groups without fold-wide barriers",hierarchical-dataflow,0,named-barrier,0,0,0,3,0,0,0,hermes-xor,inplace,radix4,32,20,1048576,4,998244353,30,0,0,0,dataflow-radix4,"7+7+6","appt-online-register-tail-grouped-writer-final-data-time+appt-online-register-tail-grouped-writer-final-data-time+appt-online-register-tail-grouped-writer-final-data-time","256+256+256","8+8+8","32+16+16","4+4+4","2+2+2","1+1+1","7+7+6","ring+ring","2+2",8,0,3,30,2.828096,0.809916,0.810185,0.000270,7,11,4,8,2,7,natural,natural,"appt-ntt-log20-7x7x6-xor-fw8-v1",2.611040,4938.785474,640.097116,5178691917.060853,fused,shoup,-1
2,v06,0,9-11,0,"Tesla V100-SXM2-16GB",7.0,0,"v100-sm70","hierarchical-dataflow-wave-10x10-resident-radix4","experimental",0.000000,"transform-wave readiness with the generated resident radix-4 core",hierarchical-dataflow,0,named-barrier,0,0,0,4,0,0,0,hermes-xor,inplace,radix4,32,20,1048576,4,998244353,30,0,0,0,dataflow-radix4,"10+10","dataflow-radix4+dataflow-radix4","256+256","1+1","0+0","0+0","0+0","0+0","9+11","full-scratch","1",8,0,3,30,2.850560,0.349355,0.349626,0.000271,0,0,0,0,0,7,natural,natural,"",2.614592,11449.681882,687.934540,12005861629.619469,fused,shoup,-1
2,writer-final,1,6-12-4,0,"Tesla V100-SXM2-16GB",7.0,0,"v100-sm70","hierarchical-dataflow-appt-online-register-tail-grouped-writer-final","experimental",0.000000,"persistent CTA fold roles publish online-reordered packet groups without fold-wide barriers",hierarchical-dataflow,0,named-barrier,0,0,0,3,0,0,0,hermes-xor,inplace,radix4,32,20,1048576,4,998244353,30,0,0,0,dataflow-radix4,"7+7+6","appt-online-register-tail-grouped-writer-final+appt-online-register-tail-grouped-writer-final+appt-online-register-tail-grouped-writer-final","256+256+256","8+8+8","32+16+16","1+1+1","2+2+2","1+1+1","7+7+6","ring+ring","2+2",8,0,3,30,2.823776,0.514423,0.514714,0.000291,6,12,4,8,2,7,natural,natural,"appt-ntt-log20-7x7x6-xor-fw8-v1",2.615936,7775.694697,671.801973,8153406842.873620,fused,shoup,-1
2,data-time,1,6-12-4,4,"Tesla V100-SXM2-16GB",7.0,0,"v100-sm70","hierarchical-dataflow-appt-online-register-tail-grouped-writer-final-data-time","experimental",0.000000,"persistent CTA fold roles publish online-reordered packet groups without fold-wide barriers",hierarchical-dataflow,0,named-barrier,0,0,0,3,0,0,0,hermes-xor,inplace,radix4,32,20,1048576,4,998244353,30,0,0,0,dataflow-radix4,"7+7+6","appt-online-register-tail-grouped-writer-final-data-time+appt-online-register-tail-grouped-writer-final-data-time+appt-online-register-tail-grouped-writer-final-data-time","256+256+256","8+8+8","32+16+16","1+1+1","2+2+2","1+1+1","7+7+6","ring+ring","2+2",8,0,3,30,2.817728,0.521148,0.521590,0.000442,6,12,4,8,2,4,natural,natural,"appt-ntt-log20-7x7x6-xor-fw8-v1",2.617888,7675.366859,671.505564,8048205479.792777,fused,shoup,-1
2,data-time,1,6-11-5,4,"Tesla V100-SXM2-16GB",7.0,0,"v100-sm70","hierarchical-dataflow-appt-online-register-tail-grouped-writer-final-data-time","experimental",0.000000,"persistent CTA fold roles publish online-reordered packet groups without fold-wide barriers",hierarchical-dataflow,0,named-barrier,0,0,0,3,0,0,0,hermes-xor,inplace,radix4,32,20,1048576,4,998244353,30,0,0,0,dataflow-radix4,"7+7+6","appt-online-register-tail-grouped-writer-final-data-time+appt-online-register-tail-grouped-writer-final-data-time+appt-online-register-tail-grouped-writer-final-data-time","256+256+256","8+8+8","32+16+16","1+1+1","2+2+2","1+1+1","7+7+6","ring+ring","2+2",8,0,3,30,2.816128,0.584260,0.584561,0.000301,6,11,5,8,2,4,natural,natural,"appt-ntt-log20-7x7x6-xor-fw8-v1",2.609760,6846.264433,665.540983,7178828573.988447,fused,shoup,-1
2,data-time,1,7-11-4,4,"Tesla V100-SXM2-16GB",7.0,0,"v100-sm70","hierarchical-dataflow-appt-online-register-tail-grouped-writer-final-data-time","experimental",0.000000,"persistent CTA fold roles publish online-reordered packet groups without fold-wide barriers",hierarchical-dataflow,0,named-barrier,0,0,0,3,0,0,0,hermes-xor,inplace,radix4,32,20,1048576,4,998244353,30,0,0,0,dataflow-radix4,"7+7+6","appt-online-register-tail-grouped-writer-final-data-time+appt-online-register-tail-grouped-writer-final-data-time+appt-online-register-tail-grouped-writer-final-data-time","256+256+256","8+8+8","32+16+16","1+1+1","2+2+2","1+1+1","7+7+6","ring+ring","2+2",8,0,3,30,2.819872,0.575863,0.576149,0.000286,7,11,4,8,2,4,natural,natural,"appt-ntt-log20-7x7x6-xor-fw8-v1",2.593728,6946.090758,667.839454,7283504062.218816,fused,shoup,-1
2,data-time,1,6-12-4,6,"Tesla V100-SXM2-16GB",7.0,0,"v100-sm70","hierarchical-dataflow-appt-online-register-tail-grouped-writer-final-data-time","experimental",0.000000,"persistent CTA fold roles publish online-reordered packet groups without fold-wide barriers",hierarchical-dataflow,0,named-barrier,0,0,0,3,0,0,0,hermes-xor,inplace,radix4,32,20,1048576,4,998244353,30,0,0,0,dataflow-radix4,"7+7+6","appt-online-register-tail-grouped-writer-final-data-time+appt-online-register-tail-grouped-writer-final-data-time+appt-online-register-tail-grouped-writer-final-data-time","256+256+256","8+8+8","32+16+16","1+1+1","2+2+2","1+1+1","7+7+6","ring+ring","2+2",8,0,3,30,2.812416,0.514628,0.514897,0.000269,6,12,4,8,2,6,natural,natural,"appt-ntt-log20-7x7x6-xor-fw8-v1",2.615168,7772.601181,673.149953,8150163055.702499,fused,shoup,-1
2,data-time,1,6-11-5,6,"Tesla V100-SXM2-16GB",7.0,0,"v100-sm70","hierarchical-dataflow-appt-online-register-tail-grouped-writer-final-data-time","experimental",0.000000,"persistent CTA fold roles publish online-reordered packet groups without fold-wide barriers",hierarchical-dataflow,0,named-barrier,0,0,0,3,0,0,0,hermes-xor,inplace,radix4,32,20,1048576,4,998244353,30,0,0,0,dataflow-radix4,"7+7+6","appt-online-register-tail-grouped-writer-final-data-time+appt-online-register-tail-grouped-writer-final-data-time+appt-online-register-tail-grouped-writer-final-data-time","256+256+256","8+8+8","32+16+16","1+1+1","2+2+2","1+1+1","7+7+6","ring+ring","2+2",8,0,3,30,2.824992,0.586820,0.587097,0.000276,6,11,5,8,2,6,natural,natural,"appt-ntt-log20-7x7x6-xor-fw8-v1",2.617984,6816.396723,663.372326,7147510010.467424,fused,shoup,-1
2,data-time,1,7-11-4,6,"Tesla V100-SXM2-16GB",7.0,0,"v100-sm70","hierarchical-dataflow-appt-online-register-tail-grouped-writer-final-data-time","experimental",0.000000,"persistent CTA fold roles publish online-reordered packet groups without fold-wide barriers",hierarchical-dataflow,0,named-barrier,0,0,0,3,0,0,0,hermes-xor,inplace,radix4,32,20,1048576,4,998244353,30,0,0,0,dataflow-radix4,"7+7+6","appt-online-register-tail-grouped-writer-final-data-time+appt-online-register-tail-grouped-writer-final-data-time+appt-online-register-tail-grouped-writer-final-data-time","256+256+256","8+8+8","32+16+16","1+1+1","2+2+2","1+1+1","7+7+6","ring+ring","2+2",8,0,3,30,2.813984,0.576751,0.577032,0.000281,7,11,4,8,2,6,natural,natural,"appt-ntt-log20-7x7x6-xor-fw8-v1",2.606272,6935.402725,666.999407,7272296847.460826,fused,shoup,-1
2,data-time,1,6-12-4,7,"Tesla V100-SXM2-16GB",7.0,0,"v100-sm70","hierarchical-dataflow-appt-online-register-tail-grouped-writer-final-data-time","experimental",0.000000,"persistent CTA fold roles publish online-reordered packet groups without fold-wide barriers",hierarchical-dataflow,0,named-barrier,0,0,0,3,0,0,0,hermes-xor,inplace,radix4,32,20,1048576,4,998244353,30,0,0,0,dataflow-radix4,"7+7+6","appt-online-register-tail-grouped-writer-final-data-time+appt-online-register-tail-grouped-writer-final-data-time+appt-online-register-tail-grouped-writer-final-data-time","256+256+256","8+8+8","32+16+16","1+1+1","2+2+2","1+1+1","7+7+6","ring+ring","2+2",8,0,3,30,2.815488,0.513707,0.513993,0.000286,6,12,4,8,2,7,natural,natural,"appt-ntt-log20-7x7x6-xor-fw8-v1",2.611776,7786.545490,673.290630,8164784723.221854,fused,shoup,-1
2,data-time,1,6-11-5,7,"Tesla V100-SXM2-16GB",7.0,0,"v100-sm70","hierarchical-dataflow-appt-online-register-tail-grouped-writer-final-data-time","experimental",0.000000,"persistent CTA fold roles publish online-reordered packet groups without fold-wide barriers",hierarchical-dataflow,0,named-barrier,0,0,0,3,0,0,0,hermes-xor,inplace,radix4,32,20,1048576,4,998244353,30,0,0,0,dataflow-radix4,"7+7+6","appt-online-register-tail-grouped-writer-final-data-time+appt-online-register-tail-grouped-writer-final-data-time+appt-online-register-tail-grouped-writer-final-data-time","256+256+256","8+8+8","32+16+16","1+1+1","2+2+2","1+1+1","7+7+6","ring+ring","2+2",8,0,3,30,2.819360,0.584636,0.584940,0.000304,6,11,5,8,2,7,natural,natural,"appt-ntt-log20-7x7x6-xor-fw8-v1",2.612544,6841.867104,664.833962,7174217640.271763,fused,shoup,-1
2,data-time,1,7-11-4,7,"Tesla V100-SXM2-16GB",7.0,0,"v100-sm70","hierarchical-dataflow-appt-online-register-tail-grouped-writer-final-data-time","experimental",0.000000,"persistent CTA fold roles publish online-reordered packet groups without fold-wide barriers",hierarchical-dataflow,0,named-barrier,0,0,0,3,0,0,0,hermes-xor,inplace,radix4,32,20,1048576,4,998244353,30,0,0,0,dataflow-radix4,"7+7+6","appt-online-register-tail-grouped-writer-final-data-time+appt-online-register-tail-grouped-writer-final-data-time+appt-online-register-tail-grouped-writer-final-data-time","256+256+256","8+8+8","32+16+16","1+1+1","2+2+2","1+1+1","7+7+6","ring+ring","2+2",8,0,3,30,2.810176,0.577331,0.577591,0.000259,7,11,4,8,2,7,natural,natural,"appt-ntt-log20-7x7x6-xor-fw8-v1",2.611392,6928.431529,666.789004,7264987018.666818,fused,shoup,-1
2,data-time,2,6-12-4,4,"Tesla V100-SXM2-16GB",7.0,0,"v100-sm70","hierarchical-dataflow-appt-online-register-tail-grouped-writer-final-data-time","experimental",0.000000,"persistent CTA fold roles publish online-reordered packet groups without fold-wide barriers",hierarchical-dataflow,0,named-barrier,0,0,0,3,0,0,0,hermes-xor,inplace,radix4,32,20,1048576,4,998244353,30,0,0,0,dataflow-radix4,"7+7+6","appt-online-register-tail-grouped-writer-final-data-time+appt-online-register-tail-grouped-writer-final-data-time+appt-online-register-tail-grouped-writer-final-data-time","256+256+256","8+8+8","32+16+16","2+2+2","2+2+2","1+1+1","7+7+6","ring+ring","2+2",8,0,3,30,2.824064,0.531695,0.531955,0.000260,6,12,4,8,2,4,natural,natural,"appt-ntt-log20-7x7x6-xor-fw8-v1",2.621184,7523.110780,669.238430,7888553409.179740,fused,shoup,-1
2,data-time,2,6-11-5,4,"Tesla V100-SXM2-16GB",7.0,0,"v100-sm70","hierarchical-dataflow-appt-online-register-tail-grouped-writer-final-data-time","experimental",0.000000,"persistent CTA fold roles publish online-reordered packet groups without fold-wide barriers",hierarchical-dataflow,0,named-barrier,0,0,0,3,0,0,0,hermes-xor,inplace,radix4,32,20,1048576,4,998244353,30,0,0,0,dataflow-radix4,"7+7+6","appt-online-register-tail-grouped-writer-final-data-time+appt-online-register-tail-grouped-writer-final-data-time+appt-online-register-tail-grouped-writer-final-data-time","256+256+256","8+8+8","32+16+16","2+2+2","2+2+2","1+1+1","7+7+6","ring+ring","2+2",8,0,3,30,2.817312,0.590575,0.590920,0.000345,6,11,5,8,2,4,natural,natural,"appt-ntt-log20-7x7x6-xor-fw8-v1",2.603168,6773.060385,665.440593,7102068566.378326,fused,shoup,-1
2,data-time,2,7-11-4,4,"Tesla V100-SXM2-16GB",7.0,0,"v100-sm70","hierarchical-dataflow-appt-online-register-tail-grouped-writer-final-data-time","experimental",0.000000,"persistent CTA fold roles publish online-reordered packet groups without fold-wide barriers",hierarchical-dataflow,0,named-barrier,0,0,0,3,0,0,0,hermes-xor,inplace,radix4,32,20,1048576,4,998244353,30,0,0,0,dataflow-radix4,"7+7+6","appt-online-register-tail-grouped-writer-final-data-time+appt-online-register-tail-grouped-writer-final-data-time+appt-online-register-tail-grouped-writer-final-data-time","256+256+256","8+8+8","32+16+16","2+2+2","2+2+2","1+1+1","7+7+6","ring+ring","2+2",8,0,3,30,2.820416,0.578014,0.578342,0.000328,7,11,4,8,2,4,natural,natural,"appt-ntt-log20-7x7x6-xor-fw8-v1",2.605792,6920.249554,666.197901,7256407596.261415,fused,shoup,-1
2,data-time,2,6-12-4,6,"Tesla V100-SXM2-16GB",7.0,0,"v100-sm70","hierarchical-dataflow-appt-online-register-tail-grouped-writer-final-data-time","experimental",0.000000,"persistent CTA fold roles publish online-reordered packet groups without fold-wide barriers",hierarchical-dataflow,0,named-barrier,0,0,0,3,0,0,0,hermes-xor,inplace,radix4,32,20,1048576,4,998244353,30,0,0,0,dataflow-radix4,"7+7+6","appt-online-register-tail-grouped-writer-final-data-time+appt-online-register-tail-grouped-writer-final-data-time+appt-online-register-tail-grouped-writer-final-data-time","256+256+256","8+8+8","32+16+16","2+2+2","2+2+2","1+1+1","7+7+6","ring+ring","2+2",8,0,3,30,2.822016,0.532753,0.533084,0.000331,6,12,4,8,2,6,natural,natural,"appt-ntt-log20-7x7x6-xor-fw8-v1",2.596128,7508.169118,672.167570,7872885941.100097,fused,shoup,-1
2,data-time,2,6-11-5,6,"Tesla V100-SXM2-16GB",7.0,0,"v100-sm70","hierarchical-dataflow-appt-online-register-tail-grouped-writer-final-data-time","experimental",0.000000,"persistent CTA fold roles publish online-reordered packet groups without fold-wide barriers",hierarchical-dataflow,0,named-barrier,0,0,0,3,0,0,0,hermes-xor,inplace,radix4,32,20,1048576,4,998244353,30,0,0,0,dataflow-radix4,"7+7+6","appt-online-register-tail-grouped-writer-final-data-time+appt-online-register-tail-grouped-writer-final-data-time+appt-online-register-tail-grouped-writer-final-data-time","256+256+256","8+8+8","32+16+16","2+2+2","2+2+2","1+1+1","7+7+6","ring+ring","2+2",8,0,3,30,2.828000,0.626312,0.626645,0.000332,6,11,5,8,2,6,natural,natural,"appt-ntt-log20-7x7x6-xor-fw8-v1",2.593696,6386.588223,661.374712,6696823132.732509,fused,shoup,-1
2,data-time,2,7-11-4,6,"Tesla V100-SXM2-16GB",7.0,0,"v100-sm70","hierarchical-dataflow-appt-online-register-tail-grouped-writer-final-data-time","experimental",0.000000,"persistent CTA fold roles publish online-reordered packet groups without fold-wide barriers",hierarchical-dataflow,0,named-barrier,0,0,0,3,0,0,0,hermes-xor,inplace,radix4,32,20,1048576,4,998244353,30,0,0,0,dataflow-radix4,"7+7+6","appt-online-register-tail-grouped-writer-final-data-time+appt-online-register-tail-grouped-writer-final-data-time+appt-online-register-tail-grouped-writer-final-data-time","256+256+256","8+8+8","32+16+16","2+2+2","2+2+2","1+1+1","7+7+6","ring+ring","2+2",8,0,3,30,2.814752,0.619861,0.620119,0.000257,7,11,4,8,2,6,natural,natural,"appt-ntt-log20-7x7x6-xor-fw8-v1",2.615136,6453.055844,661.184415,6766519485.045311,fused,shoup,-1
2,data-time,2,6-12-4,7,"Tesla V100-SXM2-16GB",7.0,0,"v100-sm70","hierarchical-dataflow-appt-online-register-tail-grouped-writer-final-data-time","experimental",0.000000,"persistent CTA fold roles publish online-reordered packet groups without fold-wide barriers",hierarchical-dataflow,0,named-barrier,0,0,0,3,0,0,0,hermes-xor,inplace,radix4,32,20,1048576,4,998244353,30,0,0,0,dataflow-radix4,"7+7+6","appt-online-register-tail-grouped-writer-final-data-time+appt-online-register-tail-grouped-writer-final-data-time+appt-online-register-tail-grouped-writer-final-data-time","256+256+256","8+8+8","32+16+16","2+2+2","2+2+2","1+1+1","7+7+6","ring+ring","2+2",8,0,3,30,2.823904,0.581086,0.581400,0.000314,6,12,4,8,2,7,natural,natural,"appt-ntt-log20-7x7x6-xor-fw8-v1",2.594880,6883.664309,666.681111,7218045186.534869,fused,shoup,-1
2,data-time,2,6-11-5,7,"Tesla V100-SXM2-16GB",7.0,0,"v100-sm70","hierarchical-dataflow-appt-online-register-tail-grouped-writer-final-data-time","experimental",0.000000,"persistent CTA fold roles publish online-reordered packet groups without fold-wide barriers",hierarchical-dataflow,0,named-barrier,0,0,0,3,0,0,0,hermes-xor,inplace,radix4,32,20,1048576,4,998244353,30,0,0,0,dataflow-radix4,"7+7+6","appt-online-register-tail-grouped-writer-final-data-time+appt-online-register-tail-grouped-writer-final-data-time+appt-online-register-tail-grouped-writer-final-data-time","256+256+256","8+8+8","32+16+16","2+2+2","2+2+2","1+1+1","7+7+6","ring+ring","2+2",8,0,3,30,2.819808,0.680585,0.680855,0.000270,6,11,5,8,2,7,natural,natural,"appt-ntt-log20-7x7x6-xor-fw8-v1",2.615808,5877.300624,654.000790,6162796379.365991,fused,shoup,-1
2,data-time,2,7-11-4,7,"Tesla V100-SXM2-16GB",7.0,0,"v100-sm70","hierarchical-dataflow-appt-online-register-tail-grouped-writer-final-data-time","experimental",0.000000,"persistent CTA fold roles publish online-reordered packet groups without fold-wide barriers",hierarchical-dataflow,0,named-barrier,0,0,0,3,0,0,0,hermes-xor,inplace,radix4,32,20,1048576,4,998244353,30,0,0,0,dataflow-radix4,"7+7+6","appt-online-register-tail-grouped-writer-final-data-time+appt-online-register-tail-grouped-writer-final-data-time+appt-online-register-tail-grouped-writer-final-data-time","256+256+256","8+8+8","32+16+16","2+2+2","2+2+2","1+1+1","7+7+6","ring+ring","2+2",8,0,3,30,2.825920,0.661538,0.661832,0.000294,7,11,4,8,2,7,natural,natural,"appt-ntt-log20-7x7x6-xor-fw8-v1",2.621152,6046.514712,654.813435,6340230210.926474,fused,shoup,-1
2,data-time,4,6-12-4,4,"Tesla V100-SXM2-16GB",7.0,0,"v100-sm70","hierarchical-dataflow-appt-online-register-tail-grouped-writer-final-data-time","experimental",0.000000,"persistent CTA fold roles publish online-reordered packet groups without fold-wide barriers",hierarchical-dataflow,0,named-barrier,0,0,0,3,0,0,0,hermes-xor,inplace,radix4,32,20,1048576,4,998244353,30,0,0,0,dataflow-radix4,"7+7+6","appt-online-register-tail-grouped-writer-final-data-time+appt-online-register-tail-grouped-writer-final-data-time+appt-online-register-tail-grouped-writer-final-data-time","256+256+256","8+8+8","32+16+16","4+4+4","2+2+2","1+1+1","7+7+6","ring+ring","2+2",8,0,3,30,2.818464,0.569242,0.569596,0.000355,6,12,4,8,2,4,natural,natural,"appt-ntt-log20-7x7x6-xor-fw8-v1",2.612352,7026.893532,666.660276,7368231911.899629,fused,shoup,-1
2,data-time,4,6-11-5,4,"Tesla V100-SXM2-16GB",7.0,0,"v100-sm70","hierarchical-dataflow-appt-online-register-tail-grouped-writer-final-data-time","experimental",0.000000,"persistent CTA fold roles publish online-reordered packet groups without fold-wide barriers",hierarchical-dataflow,0,named-barrier,0,0,0,3,0,0,0,hermes-xor,inplace,radix4,32,20,1048576,4,998244353,30,0,0,0,dataflow-radix4,"7+7+6","appt-online-register-tail-grouped-writer-final-data-time+appt-online-register-tail-grouped-writer-final-data-time+appt-online-register-tail-grouped-writer-final-data-time","256+256+256","8+8+8","32+16+16","4+4+4","2+2+2","1+1+1","7+7+6","ring+ring","2+2",8,0,3,30,2.815840,0.618906,0.619184,0.000279,6,11,5,8,2,4,natural,natural,"appt-ntt-log20-7x7x6-xor-fw8-v1",2.614368,6463.021137,661.253910,6776968852.224097,fused,shoup,-1
2,data-time,4,7-11-4,4,"Tesla V100-SXM2-16GB",7.0,0,"v100-sm70","hierarchical-dataflow-appt-online-register-tail-grouped-writer-final-data-time","experimental",0.000000,"persistent CTA fold roles publish online-reordered packet groups without fold-wide barriers",hierarchical-dataflow,0,named-barrier,0,0,0,3,0,0,0,hermes-xor,inplace,radix4,32,20,1048576,4,998244353,30,0,0,0,dataflow-radix4,"7+7+6","appt-online-register-tail-grouped-writer-final-data-time+appt-online-register-tail-grouped-writer-final-data-time+appt-online-register-tail-grouped-writer-final-data-time","256+256+256","8+8+8","32+16+16","4+4+4","2+2+2","1+1+1","7+7+6","ring+ring","2+2",8,0,3,30,2.820608,0.593510,0.593835,0.000325,7,11,4,8,2,4,natural,natural,"appt-ntt-log20-7x7x6-xor-fw8-v1",2.594912,6739.561888,665.664803,7066942846.188363,fused,shoup,-1
2,data-time,4,6-12-4,6,"Tesla V100-SXM2-16GB",7.0,0,"v100-sm70","hierarchical-dataflow-appt-online-register-tail-grouped-writer-final-data-time","experimental",0.000000,"persistent CTA fold roles publish online-reordered packet groups without fold-wide barriers",hierarchical-dataflow,0,named-barrier,0,0,0,3,0,0,0,hermes-xor,inplace,radix4,32,20,1048576,4,998244353,30,0,0,0,dataflow-radix4,"7+7+6","appt-online-register-tail-grouped-writer-final-data-time+appt-online-register-tail-grouped-writer-final-data-time+appt-online-register-tail-grouped-writer-final-data-time","256+256+256","8+8+8","32+16+16","4+4+4","2+2+2","1+1+1","7+7+6","ring+ring","2+2",8,0,3,30,2.814464,0.572894,0.573128,0.000234,6,12,4,8,2,6,natural,natural,"appt-ntt-log20-7x7x6-xor-fw8-v1",2.615680,6982.096150,666.329290,7321258452.595644,fused,shoup,-1
2,data-time,4,6-11-5,6,"Tesla V100-SXM2-16GB",7.0,0,"v100-sm70","hierarchical-dataflow-appt-online-register-tail-grouped-writer-final-data-time","experimental",0.000000,"persistent CTA fold roles publish online-reordered packet groups without fold-wide barriers",hierarchical-dataflow,0,named-barrier,0,0,0,3,0,0,0,hermes-xor,inplace,radix4,32,20,1048576,4,998244353,30,0,0,0,dataflow-radix4,"7+7+6","appt-online-register-tail-grouped-writer-final-data-time+appt-online-register-tail-grouped-writer-final-data-time+appt-online-register-tail-grouped-writer-final-data-time","256+256+256","8+8+8","32+16+16","4+4+4","2+2+2","1+1+1","7+7+6","ring+ring","2+2",8,0,3,30,2.827904,0.753596,0.753891,0.000295,6,11,5,8,2,6,natural,natural,"appt-ntt-log20-7x7x6-xor-fw8-v1",2.621440,5307.885844,644.855543,5565721706.548908,fused,shoup,-1
2,data-time,4,7-11-4,6,"Tesla V100-SXM2-16GB",7.0,0,"v100-sm70","hierarchical-dataflow-appt-online-register-tail-grouped-writer-final-data-time","experimental",0.000000,"persistent CTA fold roles publish online-reordered packet groups without fold-wide barriers",hierarchical-dataflow,0,named-barrier,0,0,0,3,0,0,0,hermes-xor,inplace,radix4,32,20,1048576,4,998244353,30,0,0,0,dataflow-radix4,"7+7+6","appt-online-register-tail-grouped-writer-final-data-time+appt-online-register-tail-grouped-writer-final-data-time+appt-online-register-tail-grouped-writer-final-data-time","256+256+256","8+8+8","32+16+16","4+4+4","2+2+2","1+1+1","7+7+6","ring+ring","2+2",8,0,3,30,2.829632,0.713796,0.714108,0.000311,7,11,4,8,2,6,natural,natural,"appt-ntt-log20-7x7x6-xor-fw8-v1",2.596256,5603.839501,651.499288,5876051608.441391,fused,shoup,-1
2,data-time,4,6-12-4,7,"Tesla V100-SXM2-16GB",7.0,0,"v100-sm70","hierarchical-dataflow-appt-online-register-tail-grouped-writer-final-data-time","experimental",0.000000,"persistent CTA fold roles publish online-reordered packet groups without fold-wide barriers",hierarchical-dataflow,0,named-barrier,0,0,0,3,0,0,0,hermes-xor,inplace,radix4,32,20,1048576,4,998244353,30,0,0,0,dataflow-radix4,"7+7+6","appt-online-register-tail-grouped-writer-final-data-time+appt-online-register-tail-grouped-writer-final-data-time+appt-online-register-tail-grouped-writer-final-data-time","256+256+256","8+8+8","32+16+16","4+4+4","2+2+2","1+1+1","7+7+6","ring+ring","2+2",8,0,3,30,2.819744,0.649216,0.649538,0.000322,6,12,4,8,2,7,natural,natural,"appt-ntt-log20-7x7x6-xor-fw8-v1",2.629120,6161.277638,655.944143,6460567860.508002,fused,shoup,-1
2,data-time,4,6-11-5,7,"Tesla V100-SXM2-16GB",7.0,0,"v100-sm70","hierarchical-dataflow-appt-online-register-tail-grouped-writer-final-data-time","experimental",0.000000,"persistent CTA fold roles publish online-reordered packet groups without fold-wide barriers",hierarchical-dataflow,0,named-barrier,0,0,0,3,0,0,0,hermes-xor,inplace,radix4,32,20,1048576,4,998244353,30,0,0,0,dataflow-radix4,"7+7+6","appt-online-register-tail-grouped-writer-final-data-time+appt-online-register-tail-grouped-writer-final-data-time+appt-online-register-tail-grouped-writer-final-data-time","256+256+256","8+8+8","32+16+16","4+4+4","2+2+2","1+1+1","7+7+6","ring+ring","2+2",8,0,3,30,2.808960,0.828450,0.828730,0.000280,6,11,5,8,2,7,natural,natural,"appt-ntt-log20-7x7x6-xor-fw8-v1",2.618016,4828.292966,639.444848,5062832125.424066,fused,shoup,-1
2,data-time,4,7-11-4,7,"Tesla V100-SXM2-16GB",7.0,0,"v100-sm70","hierarchical-dataflow-appt-online-register-tail-grouped-writer-final-data-time","experimental",0.000000,"persistent CTA fold roles publish online-reordered packet groups without fold-wide barriers",hierarchical-dataflow,0,named-barrier,0,0,0,3,0,0,0,hermes-xor,inplace,radix4,32,20,1048576,4,998244353,30,0,0,0,dataflow-radix4,"7+7+6","appt-online-register-tail-grouped-writer-final-data-time+appt-online-register-tail-grouped-writer-final-data-time+appt-online-register-tail-grouped-writer-final-data-time","256+256+256","8+8+8","32+16+16","4+4+4","2+2+2","1+1+1","7+7+6","ring+ring","2+2",8,0,3,30,2.816928,0.808311,0.808609,0.000297,7,11,4,8,2,7,natural,natural,"appt-ntt-log20-7x7x6-xor-fw8-v1",2.631392,4948.587501,639.321667,5188970087.760861,fused,shoup,-1
3,v06,0,9-11,0,"Tesla V100-SXM2-16GB",7.0,0,"v100-sm70","hierarchical-dataflow-wave-10x10-resident-radix4","experimental",0.000000,"transform-wave readiness with the generated resident radix-4 core",hierarchical-dataflow,0,named-barrier,0,0,0,4,0,0,0,hermes-xor,inplace,radix4,32,20,1048576,4,998244353,30,0,0,0,dataflow-radix4,"10+10","dataflow-radix4+dataflow-radix4","256+256","1+1","0+0","0+0","0+0","0+0","9+11","full-scratch","1",8,0,3,30,2.813536,0.349628,0.349925,0.000298,0,0,0,0,0,7,natural,natural,"",2.621120,11440.739046,691.529017,11996484385.609724,fused,shoup,-1
3,writer-final,1,6-12-4,0,"Tesla V100-SXM2-16GB",7.0,0,"v100-sm70","hierarchical-dataflow-appt-online-register-tail-grouped-writer-final","experimental",0.000000,"persistent CTA fold roles publish online-reordered packet groups without fold-wide barriers",hierarchical-dataflow,0,named-barrier,0,0,0,3,0,0,0,hermes-xor,inplace,radix4,32,20,1048576,4,998244353,30,0,0,0,dataflow-radix4,"7+7+6","appt-online-register-tail-grouped-writer-final+appt-online-register-tail-grouped-writer-final+appt-online-register-tail-grouped-writer-final","256+256+256","8+8+8","32+16+16","1+1+1","2+2+2","1+1+1","7+7+6","ring+ring","2+2",8,0,3,30,2.818816,0.517188,0.517474,0.000286,6,12,4,8,2,7,natural,natural,"appt-ntt-log20-7x7x6-xor-fw8-v1",2.631456,7734.127742,670.301927,8109820731.116672,fused,shoup,-1
3,data-time,1,6-12-4,4,"Tesla V100-SXM2-16GB",7.0,0,"v100-sm70","hierarchical-dataflow-appt-online-register-tail-grouped-writer-final-data-time","experimental",0.000000,"persistent CTA fold roles publish online-reordered packet groups without fold-wide barriers",hierarchical-dataflow,0,named-barrier,0,0,0,3,0,0,0,hermes-xor,inplace,radix4,32,20,1048576,4,998244353,30,0,0,0,dataflow-radix4,"7+7+6","appt-online-register-tail-grouped-writer-final-data-time+appt-online-register-tail-grouped-writer-final-data-time+appt-online-register-tail-grouped-writer-final-data-time","256+256+256","8+8+8","32+16+16","1+1+1","2+2+2","1+1+1","7+7+6","ring+ring","2+2",8,0,3,30,2.816320,0.518076,0.518352,0.000277,6,12,4,8,2,4,natural,natural,"appt-ntt-log20-7x7x6-xor-fw8-v1",2.625440,7720.879332,671.159461,8095928766.712057,fused,shoup,-1
3,data-time,1,6-11-5,4,"Tesla V100-SXM2-16GB",7.0,0,"v100-sm70","hierarchical-dataflow-appt-online-register-tail-grouped-writer-final-data-time","experimental",0.000000,"persistent CTA fold roles publish online-reordered packet groups without fold-wide barriers",hierarchical-dataflow,0,named-barrier,0,0,0,3,0,0,0,hermes-xor,inplace,radix4,32,20,1048576,4,998244353,30,0,0,0,dataflow-radix4,"7+7+6","appt-online-register-tail-grouped-writer-final-data-time+appt-online-register-tail-grouped-writer-final-data-time+appt-online-register-tail-grouped-writer-final-data-time","256+256+256","8+8+8","32+16+16","1+1+1","2+2+2","1+1+1","7+7+6","ring+ring","2+2",8,0,3,30,2.815840,0.588834,0.589129,0.000295,6,11,5,8,2,4,natural,natural,"appt-ntt-log20-7x7x6-xor-fw8-v1",2.631264,6793.084764,662.697321,7123065649.039473,fused,shoup,-1
3,data-time,1,7-11-4,4,"Tesla V100-SXM2-16GB",7.0,0,"v100-sm70","hierarchical-dataflow-appt-online-register-tail-grouped-writer-final-data-time","experimental",0.000000,"persistent CTA fold roles publish online-reordered packet groups without fold-wide barriers",hierarchical-dataflow,0,named-barrier,0,0,0,3,0,0,0,hermes-xor,inplace,radix4,32,20,1048576,4,998244353,30,0,0,0,dataflow-radix4,"7+7+6","appt-online-register-tail-grouped-writer-final-data-time+appt-online-register-tail-grouped-writer-final-data-time+appt-online-register-tail-grouped-writer-final-data-time","256+256+256","8+8+8","32+16+16","1+1+1","2+2+2","1+1+1","7+7+6","ring+ring","2+2",8,0,3,30,2.821344,0.576922,0.577213,0.000291,7,11,4,8,2,4,natural,natural,"appt-ntt-log20-7x7x6-xor-fw8-v1",2.627520,6933.351296,663.813864,7270145768.937688,fused,shoup,-1
3,data-time,1,6-12-4,6,"Tesla V100-SXM2-16GB",7.0,0,"v100-sm70","hierarchical-dataflow-appt-online-register-tail-grouped-writer-final-data-time","experimental",0.000000,"persistent CTA fold roles publish online-reordered packet groups without fold-wide barriers",hierarchical-dataflow,0,named-barrier,0,0,0,3,0,0,0,hermes-xor,inplace,radix4,32,20,1048576,4,998244353,30,0,0,0,dataflow-radix4,"7+7+6","appt-online-register-tail-grouped-writer-final-data-time+appt-online-register-tail-grouped-writer-final-data-time+appt-online-register-tail-grouped-writer-final-data-time","256+256+256","8+8+8","32+16+16","1+1+1","2+2+2","1+1+1","7+7+6","ring+ring","2+2",8,0,3,30,2.818048,0.518281,0.518550,0.000270,6,12,4,8,2,6,natural,natural,"appt-ntt-log20-7x7x6-xor-fw8-v1",2.626208,7717.827494,670.855417,8092728682.624014,fused,shoup,-1
3,data-time,1,6-11-5,6,"Tesla V100-SXM2-16GB",7.0,0,"v100-sm70","hierarchical-dataflow-appt-online-register-tail-grouped-writer-final-data-time","experimental",0.000000,"persistent CTA fold roles publish online-reordered packet groups without fold-wide barriers",hierarchical-dataflow,0,named-barrier,0,0,0,3,0,0,0,hermes-xor,inplace,radix4,32,20,1048576,4,998244353,30,0,0,0,dataflow-radix4,"7+7+6","appt-online-register-tail-grouped-writer-final-data-time+appt-online-register-tail-grouped-writer-final-data-time+appt-online-register-tail-grouped-writer-final-data-time","256+256+256","8+8+8","32+16+16","1+1+1","2+2+2","1+1+1","7+7+6","ring+ring","2+2",8,0,3,30,2.811168,0.586684,0.586947,0.000263,6,11,5,8,2,6,natural,natural,"appt-ntt-log20-7x7x6-xor-fw8-v1",2.622912,6817.983974,664.367559,7149174363.587062,fused,shoup,-1
3,data-time,1,7-11-4,6,"Tesla V100-SXM2-16GB",7.0,0,"v100-sm70","hierarchical-dataflow-appt-online-register-tail-grouped-writer-final-data-time","experimental",0.000000,"persistent CTA fold roles publish online-reordered packet groups without fold-wide barriers",hierarchical-dataflow,0,named-barrier,0,0,0,3,0,0,0,hermes-xor,inplace,radix4,32,20,1048576,4,998244353,30,0,0,0,dataflow-radix4,"7+7+6","appt-online-register-tail-grouped-writer-final-data-time+appt-online-register-tail-grouped-writer-final-data-time+appt-online-register-tail-grouped-writer-final-data-time","256+256+256","8+8+8","32+16+16","1+1+1","2+2+2","1+1+1","7+7+6","ring+ring","2+2",8,0,3,30,2.821088,0.580540,0.580797,0.000257,7,11,4,8,2,6,natural,natural,"appt-ntt-log20-7x7x6-xor-fw8-v1",2.635456,6890.140290,662.571548,7224835744.495187,fused,shoup,-1
3,data-time,1,6-12-4,7,"Tesla V100-SXM2-16GB",7.0,0,"v100-sm70","hierarchical-dataflow-appt-online-register-tail-grouped-writer-final-data-time","experimental",0.000000,"persistent CTA fold roles publish online-reordered packet groups without fold-wide barriers",hierarchical-dataflow,0,named-barrier,0,0,0,3,0,0,0,hermes-xor,inplace,radix4,32,20,1048576,4,998244353,30,0,0,0,dataflow-radix4,"7+7+6","appt-online-register-tail-grouped-writer-final-data-time+appt-online-register-tail-grouped-writer-final-data-time+appt-online-register-tail-grouped-writer-final-data-time","256+256+256","8+8+8","32+16+16","1+1+1","2+2+2","1+1+1","7+7+6","ring+ring","2+2",8,0,3,30,2.819488,0.511113,0.511380,0.000267,6,12,4,8,2,7,natural,natural,"appt-ntt-log20-7x7x6-xor-fw8-v1",2.633344,7826.065519,670.697054,8206224477.849854,fused,shoup,-1
3,data-time,1,6-11-5,7,"Tesla V100-SXM2-16GB",7.0,0,"v100-sm70","hierarchical-dataflow-appt-online-register-tail-grouped-writer-final-data-time","experimental",0.000000,"persistent CTA fold roles publish online-reordered packet groups without fold-wide barriers",hierarchical-dataflow,0,named-barrier,0,0,0,3,0,0,0,hermes-xor,inplace,radix4,32,20,1048576,4,998244353,30,0,0,0,dataflow-radix4,"7+7+6","appt-online-register-tail-grouped-writer-final-data-time+appt-online-register-tail-grouped-writer-final-data-time+appt-online-register-tail-grouped-writer-final-data-time","256+256+256","8+8+8","32+16+16","1+1+1","2+2+2","1+1+1","7+7+6","ring+ring","2+2",8,0,3,30,2.809344,0.579174,0.579458,0.000284,6,11,5,8,2,7,natural,natural,"appt-ntt-log20-7x7x6-xor-fw8-v1",2.616608,6906.382610,666.097558,7241867051.650655,fused,shoup,-1
3,data-time,1,7-11-4,7,"Tesla V100-SXM2-16GB",7.0,0,"v100-sm70","hierarchical-dataflow-appt-online-register-tail-grouped-writer-final-data-time","experimental",0.000000,"persistent CTA fold roles publish online-reordered packet groups without fold-wide barriers",hierarchical-dataflow,0,named-barrier,0,0,0,3,0,0,0,hermes-xor,inplace,radix4,32,20,1048576,4,998244353,30,0,0,0,dataflow-radix4,"7+7+6","appt-online-register-tail-grouped-writer-final-data-time+appt-online-register-tail-grouped-writer-final-data-time+appt-online-register-tail-grouped-writer-final-data-time","256+256+256","8+8+8","32+16+16","1+1+1","2+2+2","1+1+1","7+7+6","ring+ring","2+2",8,0,3,30,2.820288,0.582451,0.582763,0.000312,7,11,4,8,2,7,natural,natural,"appt-ntt-log20-7x7x6-xor-fw8-v1",2.618368,6867.528545,664.329664,7201125611.962208,fused,shoup,-1
3,data-time,2,6-12-4,4,"Tesla V100-SXM2-16GB",7.0,0,"v100-sm70","hierarchical-dataflow-appt-online-register-tail-grouped-writer-final-data-time","experimental",0.000000,"persistent CTA fold roles publish online-reordered packet groups without fold-wide barriers",hierarchical-dataflow,0,named-barrier,0,0,0,3,0,0,0,hermes-xor,inplace,radix4,32,20,1048576,4,998244353,30,0,0,0,dataflow-radix4,"7+7+6","appt-online-register-tail-grouped-writer-final-data-time+appt-online-register-tail-grouped-writer-final-data-time+appt-online-register-tail-grouped-writer-final-data-time","256+256+256","8+8+8","32+16+16","2+2+2","2+2+2","1+1+1","7+7+6","ring+ring","2+2",8,0,3,30,2.805472,0.532173,0.532451,0.000278,6,12,4,8,2,4,natural,natural,"appt-ntt-log20-7x7x6-xor-fw8-v1",2.620864,7516.355602,671.308923,7881470092.066442,fused,shoup,-1
3,data-time,2,6-11-5,4,"Tesla V100-SXM2-16GB",7.0,0,"v100-sm70","hierarchical-dataflow-appt-online-register-tail-grouped-writer-final-data-time","experimental",0.000000,"persistent CTA fold roles publish online-reordered packet groups without fold-wide barriers",hierarchical-dataflow,0,named-barrier,0,0,0,3,0,0,0,hermes-xor,inplace,radix4,32,20,1048576,4,998244353,30,0,0,0,dataflow-radix4,"7+7+6","appt-online-register-tail-grouped-writer-final-data-time+appt-online-register-tail-grouped-writer-final-data-time+appt-online-register-tail-grouped-writer-final-data-time","256+256+256","8+8+8","32+16+16","2+2+2","2+2+2","1+1+1","7+7+6","ring+ring","2+2",8,0,3,30,2.824000,0.598528,0.598819,0.000291,6,11,5,8,2,4,natural,natural,"appt-ntt-log20-7x7x6-xor-fw8-v1",2.615616,6683.062805,662.455225,7007699263.422991,fused,shoup,-1
3,data-time,2,7-11-4,4,"Tesla V100-SXM2-16GB",7.0,0,"v100-sm70","hierarchical-dataflow-appt-online-register-tail-grouped-writer-final-data-time","experimental",0.000000,"persistent CTA fold roles publish online-reordered packet groups without fold-wide barriers",hierarchical-dataflow,0,named-barrier,0,0,0,3,0,0,0,hermes-xor,inplace,radix4,32,20,1048576,4,998244353,30,0,0,0,dataflow-radix4,"7+7+6","appt-online-register-tail-grouped-writer-final-data-time+appt-online-register-tail-grouped-writer-final-data-time+appt-online-register-tail-grouped-writer-final-data-time","256+256+256","8+8+8","32+16+16","2+2+2","2+2+2","1+1+1","7+7+6","ring+ring","2+2",8,0,3,30,2.803872,0.578321,0.578580,0.000259,7,11,4,8,2,4,natural,natural,"appt-ntt-log20-7x7x6-xor-fw8-v1",2.621664,6916.572826,666.238358,7252552267.611072,fused,shoup,-1
3,data-time,2,6-12-4,6,"Tesla V100-SXM2-16GB",7.0,0,"v100-sm70","hierarchical-dataflow-appt-online-register-tail-grouped-writer-final-data-time","experimental",0.000000,"persistent CTA fold roles publish online-reordered packet groups without fold-wide barriers",hierarchical-dataflow,0,named-barrier,0,0,0,3,0,0,0,hermes-xor,inplace,radix4,32,20,1048576,4,998244353,30,0,0,0,dataflow-radix4,"7+7+6","appt-online-register-tail-grouped-writer-final-data-time+appt-online-register-tail-grouped-writer-final-data-time+appt-online-register-tail-grouped-writer-final-data-time","256+256+256","8+8+8","32+16+16","2+2+2","2+2+2","1+1+1","7+7+6","ring+ring","2+2",8,0,3,30,2.801664,0.532787,0.533079,0.000291,6,12,4,8,2,6,natural,natural,"appt-ntt-log20-7x7x6-xor-fw8-v1",2.613920,7507.687819,672.452980,7872381262.488022,fused,shoup,-1
3,data-time,2,6-11-5,6,"Tesla V100-SXM2-16GB",7.0,0,"v100-sm70","hierarchical-dataflow-appt-online-register-tail-grouped-writer-final-data-time","experimental",0.000000,"persistent CTA fold roles publish online-reordered packet groups without fold-wide barriers",hierarchical-dataflow,0,named-barrier,0,0,0,3,0,0,0,hermes-xor,inplace,radix4,32,20,1048576,4,998244353,30,0,0,0,dataflow-radix4,"7+7+6","appt-online-register-tail-grouped-writer-final-data-time+appt-online-register-tail-grouped-writer-final-data-time+appt-online-register-tail-grouped-writer-final-data-time","256+256+256","8+8+8","32+16+16","2+2+2","2+2+2","1+1+1","7+7+6","ring+ring","2+2",8,0,3,30,2.818048,0.626790,0.627092,0.000302,6,11,5,8,2,6,natural,natural,"appt-ntt-log20-7x7x6-xor-fw8-v1",2.633216,6381.718629,658.105340,6691716993.580895,fused,shoup,-1
3,data-time,2,7-11-4,6,"Tesla V100-SXM2-16GB",7.0,0,"v100-sm70","hierarchical-dataflow-appt-online-register-tail-grouped-writer-final-data-time","experimental",0.000000,"persistent CTA fold roles publish online-reordered packet groups without fold-wide barriers",hierarchical-dataflow,0,named-barrier,0,0,0,3,0,0,0,hermes-xor,inplace,radix4,32,20,1048576,4,998244353,30,0,0,0,dataflow-radix4,"7+7+6","appt-online-register-tail-grouped-writer-final-data-time+appt-online-register-tail-grouped-writer-final-data-time+appt-online-register-tail-grouped-writer-final-data-time","256+256+256","8+8+8","32+16+16","2+2+2","2+2+2","1+1+1","7+7+6","ring+ring","2+2",8,0,3,30,2.809344,0.617472,0.617737,0.000265,7,11,4,8,2,6,natural,natural,"appt-ntt-log20-7x7x6-xor-fw8-v1",2.623328,6478.026608,661.141287,6792703228.253285,fused,shoup,-1
3,data-time,2,6-12-4,7,"Tesla V100-SXM2-16GB",7.0,0,"v100-sm70","hierarchical-dataflow-appt-online-register-tail-grouped-writer-final-data-time","experimental",0.000000,"persistent CTA fold roles publish online-reordered packet groups without fold-wide barriers",hierarchical-dataflow,0,named-barrier,0,0,0,3,0,0,0,hermes-xor,inplace,radix4,32,20,1048576,4,998244353,30,0,0,0,dataflow-radix4,"7+7+6","appt-online-register-tail-grouped-writer-final-data-time+appt-online-register-tail-grouped-writer-final-data-time+appt-online-register-tail-grouped-writer-final-data-time","256+256+256","8+8+8","32+16+16","2+2+2","2+2+2","1+1+1","7+7+6","ring+ring","2+2",8,0,3,30,2.817952,0.589414,0.589707,0.000292,6,12,4,8,2,7,natural,natural,"appt-ntt-log20-7x7x6-xor-fw8-v1",2.624320,6786.396599,663.164455,7116052600.233418,fused,shoup,-1
3,data-time,2,6-11-5,7,"Tesla V100-SXM2-16GB",7.0,0,"v100-sm70","hierarchical-dataflow-appt-online-register-tail-grouped-writer-final-data-time","experimental",0.000000,"persistent CTA fold roles publish online-reordered packet groups without fold-wide barriers",hierarchical-dataflow,0,named-barrier,0,0,0,3,0,0,0,hermes-xor,inplace,radix4,32,20,1048576,4,998244353,30,0,0,0,dataflow-radix4,"7+7+6","appt-online-register-tail-grouped-writer-final-data-time+appt-online-register-tail-grouped-writer-final-data-time+appt-online-register-tail-grouped-writer-final-data-time","256+256+256","8+8+8","32+16+16","2+2+2","2+2+2","1+1+1","7+7+6","ring+ring","2+2",8,0,3,30,2.816704,0.678912,0.679199,0.000287,6,11,5,8,2,7,natural,natural,"appt-ntt-log20-7x7x6-xor-fw8-v1",2.629696,5891.779928,653.027970,6177979029.760269,fused,shoup,-1
3,data-time,2,7-11-4,7,"Tesla V100-SXM2-16GB",7.0,0,"v100-sm70","hierarchical-dataflow-appt-online-register-tail-grouped-writer-final-data-time","experimental",0.000000,"persistent CTA fold roles publish online-reordered packet groups without fold-wide barriers",hierarchical-dataflow,0,named-barrier,0,0,0,3,0,0,0,hermes-xor,inplace,radix4,32,20,1048576,4,998244353,30,0,0,0,dataflow-radix4,"7+7+6","appt-online-register-tail-grouped-writer-final-data-time+appt-online-register-tail-grouped-writer-final-data-time+appt-online-register-tail-grouped-writer-final-data-time","256+256+256","8+8+8","32+16+16","2+2+2","2+2+2","1+1+1","7+7+6","ring+ring","2+2",8,0,3,30,2.808992,0.665088,0.665377,0.000289,7,11,4,8,2,7,natural,natural,"appt-ntt-log20-7x7x6-xor-fw8-v1",2.616960,6014.241743,656.702308,6306389550.193600,fused,shoup,-1
3,data-time,4,6-12-4,4,"Tesla V100-SXM2-16GB",7.0,0,"v100-sm70","hierarchical-dataflow-appt-online-register-tail-grouped-writer-final-data-time","experimental",0.000000,"persistent CTA fold roles publish online-reordered packet groups without fold-wide barriers",hierarchical-dataflow,0,named-barrier,0,0,0,3,0,0,0,hermes-xor,inplace,radix4,32,20,1048576,4,998244353,30,0,0,0,dataflow-radix4,"7+7+6","appt-online-register-tail-grouped-writer-final-data-time+appt-online-register-tail-grouped-writer-final-data-time+appt-online-register-tail-grouped-writer-final-data-time","256+256+256","8+8+8","32+16+16","4+4+4","2+2+2","1+1+1","7+7+6","ring+ring","2+2",8,0,3,30,2.817344,0.569719,0.570015,0.000295,6,12,4,8,2,4,natural,natural,"appt-ntt-log20-7x7x6-xor-fw8-v1",2.630688,7020.999746,664.700114,7362051829.860228,fused,shoup,-1
3,data-time,4,6-11-5,4,"Tesla V100-SXM2-16GB",7.0,0,"v100-sm70","hierarchical-dataflow-appt-online-register-tail-grouped-writer-final-data-time","experimental",0.000000,"persistent CTA fold roles publish online-reordered packet groups without fold-wide barriers",hierarchical-dataflow,0,named-barrier,0,0,0,3,0,0,0,hermes-xor,inplace,radix4,32,20,1048576,4,998244353,30,0,0,0,dataflow-radix4,"7+7+6","appt-online-register-tail-grouped-writer-final-data-time+appt-online-register-tail-grouped-writer-final-data-time+appt-online-register-tail-grouped-writer-final-data-time","256+256+256","8+8+8","32+16+16","4+4+4","2+2+2","1+1+1","7+7+6","ring+ring","2+2",8,0,3,30,2.808192,0.617711,0.617989,0.000278,6,11,5,8,2,4,natural,natural,"appt-ntt-log20-7x7x6-xor-fw8-v1",2.621664,6475.520651,661.423014,6790075542.039877,fused,shoup,-1
3,data-time,4,7-11-4,4,"Tesla V100-SXM2-16GB",7.0,0,"v100-sm70","hierarchical-dataflow-appt-online-register-tail-grouped-writer-final-data-time","experimental",0.000000,"persistent CTA fold roles publish online-reordered packet groups without fold-wide barriers",hierarchical-dataflow,0,named-barrier,0,0,0,3,0,0,0,hermes-xor,inplace,radix4,32,20,1048576,4,998244353,30,0,0,0,dataflow-radix4,"7+7+6","appt-online-register-tail-grouped-writer-final-data-time+appt-online-register-tail-grouped-writer-final-data-time+appt-online-register-tail-grouped-writer-final-data-time","256+256+256","8+8+8","32+16+16","4+4+4","2+2+2","1+1+1","7+7+6","ring+ring","2+2",8,0,3,30,2.810176,0.594022,0.594301,0.000278,7,11,4,8,2,4,natural,natural,"appt-ntt-log20-7x7x6-xor-fw8-v1",2.623808,6733.752878,663.569325,7060851657.826046,fused,shoup,-1
3,data-time,4,6-12-4,6,"Tesla V100-SXM2-16GB",7.0,0,"v100-sm70","hierarchical-dataflow-appt-online-register-tail-grouped-writer-final-data-time","experimental",0.000000,"persistent CTA fold roles publish online-reordered packet groups without fold-wide barriers",hierarchical-dataflow,0,named-barrier,0,0,0,3,0,0,0,hermes-xor,inplace,radix4,32,20,1048576,4,998244353,30,0,0,0,dataflow-radix4,"7+7+6","appt-online-register-tail-grouped-writer-final-data-time+appt-online-register-tail-grouped-writer-final-data-time+appt-online-register-tail-grouped-writer-final-data-time","256+256+256","8+8+8","32+16+16","4+4+4","2+2+2","1+1+1","7+7+6","ring+ring","2+2",8,0,3,30,2.808544,0.573952,0.574232,0.000280,6,12,4,8,2,6,natural,natural,"appt-ntt-log20-7x7x6-xor-fw8-v1",2.622048,6969.224398,666.162184,7307761442.003149,fused,shoup,-1
3,data-time,4,6-11-5,6,"Tesla V100-SXM2-16GB",7.0,0,"v100-sm70","hierarchical-dataflow-appt-online-register-tail-grouped-writer-final-data-time","experimental",0.000000,"persistent CTA fold roles publish online-reordered packet groups without fold-wide barriers",hierarchical-dataflow,0,named-barrier,0,0,0,3,0,0,0,hermes-xor,inplace,radix4,32,20,1048576,4,998244353,30,0,0,0,dataflow-radix4,"7+7+6","appt-online-register-tail-grouped-writer-final-data-time+appt-online-register-tail-grouped-writer-final-data-time+appt-online-register-tail-grouped-writer-final-data-time","256+256+256","8+8+8","32+16+16","4+4+4","2+2+2","1+1+1","7+7+6","ring+ring","2+2",8,0,3,30,2.808480,0.755507,0.755835,0.000327,6,11,5,8,2,6,natural,natural,"appt-ntt-log20-7x7x6-xor-fw8-v1",2.616960,5294.456277,647.149992,5551639784.821323,fused,shoup,-1
3,data-time,4,7-11-4,6,"Tesla V100-SXM2-16GB",7.0,0,"v100-sm70","hierarchical-dataflow-appt-online-register-tail-grouped-writer-final-data-time","experimental",0.000000,"persistent CTA fold roles publish online-reordered packet groups without fold-wide barriers",hierarchical-dataflow,0,named-barrier,0,0,0,3,0,0,0,hermes-xor,inplace,radix4,32,20,1048576,4,998244353,30,0,0,0,dataflow-radix4,"7+7+6","appt-online-register-tail-grouped-writer-final-data-time+appt-online-register-tail-grouped-writer-final-data-time+appt-online-register-tail-grouped-writer-final-data-time","256+256+256","8+8+8","32+16+16","4+4+4","2+2+2","1+1+1","7+7+6","ring+ring","2+2",8,0,3,30,2.834240,0.716527,0.716790,0.000264,7,11,4,8,2,6,natural,natural,"appt-ntt-log20-7x7x6-xor-fw8-v1",2.626432,5582.483864,647.542699,5853658600.058380,fused,shoup,-1
3,data-time,4,6-12-4,7,"Tesla V100-SXM2-16GB",7.0,0,"v100-sm70","hierarchical-dataflow-appt-online-register-tail-grouped-writer-final-data-time","experimental",0.000000,"persistent CTA fold roles publish online-reordered packet groups without fold-wide barriers",hierarchical-dataflow,0,named-barrier,0,0,0,3,0,0,0,hermes-xor,inplace,radix4,32,20,1048576,4,998244353,30,0,0,0,dataflow-radix4,"7+7+6","appt-online-register-tail-grouped-writer-final-data-time+appt-online-register-tail-grouped-writer-final-data-time+appt-online-register-tail-grouped-writer-final-data-time","256+256+256","8+8+8","32+16+16","4+4+4","2+2+2","1+1+1","7+7+6","ring+ring","2+2",8,0,3,30,2.809376,0.652595,0.652888,0.000293,6,12,4,8,2,7,natural,natural,"appt-ntt-log20-7x7x6-xor-fw8-v1",2.631328,6129.373715,656.458806,6427114172.196212,fused,shoup,-1
3,data-time,4,6-11-5,7,"Tesla V100-SXM2-16GB",7.0,0,"v100-sm70","hierarchical-dataflow-appt-online-register-tail-grouped-writer-final-data-time","experimental",0.000000,"persistent CTA fold roles publish online-reordered packet groups without fold-wide barriers",hierarchical-dataflow,0,named-barrier,0,0,0,3,0,0,0,hermes-xor,inplace,radix4,32,20,1048576,4,998244353,30,0,0,0,dataflow-radix4,"7+7+6","appt-online-register-tail-grouped-writer-final-data-time+appt-online-register-tail-grouped-writer-final-data-time+appt-online-register-tail-grouped-writer-final-data-time","256+256+256","8+8+8","32+16+16","4+4+4","2+2+2","1+1+1","7+7+6","ring+ring","2+2",8,0,3,30,2.801536,0.828177,0.828471,0.000294,6,11,5,8,2,7,natural,natural,"appt-ntt-log20-7x7x6-xor-fw8-v1",2.617632,4829.884848,640.271978,5064501334.388139,fused,shoup,-1
3,data-time,4,7-11-4,7,"Tesla V100-SXM2-16GB",7.0,0,"v100-sm70","hierarchical-dataflow-appt-online-register-tail-grouped-writer-final-data-time","experimental",0.000000,"persistent CTA fold roles publish online-reordered packet groups without fold-wide barriers",hierarchical-dataflow,0,named-barrier,0,0,0,3,0,0,0,hermes-xor,inplace,radix4,32,20,1048576,4,998244353,30,0,0,0,dataflow-radix4,"7+7+6","appt-online-register-tail-grouped-writer-final-data-time+appt-online-register-tail-grouped-writer-final-data-time+appt-online-register-tail-grouped-writer-final-data-time","256+256+256","8+8+8","32+16+16","4+4+4","2+2+2","1+1+1","7+7+6","ring+ring","2+2",8,0,3,30,2.815136,0.811964,0.812241,0.000277,7,11,4,8,2,7,natural,natural,"appt-ntt-log20-7x7x6-xor-fw8-v1",2.626144,4926.328379,639.668025,5165629705.878609,fused,shoup,-1
1,v06,0,9-11,0,"Tesla V100-SXM2-16GB",7.0,0,"v100-sm70","hierarchical-dataflow-wave-10x10-resident-radix4","experimental",0.000000,"transform-wave readiness with the generated resident radix-4 core",hierarchical-dataflow,0,named-barrier,0,0,0,4,0,0,0,hermes-xor,inplace,radix4,32,20,1048576,16,998244353,30,0,0,0,dataflow-radix4,"10+10","dataflow-radix4+dataflow-radix4","256+256","1+1","0+0","0+0","0+0","0+0","9+11","full-scratch","1",8,0,3,30,10.895232,1.113737,1.113988,0.000251,0,0,0,0,0,7,natural,natural,"",10.129888,14366.055034,722.711227,15063900523.320723,fused,shoup,-1
1,writer-final,1,6-12-4,0,"Tesla V100-SXM2-16GB",7.0,0,"v100-sm70","hierarchical-dataflow-appt-online-register-tail-grouped-writer-final","experimental",0.000000,"persistent CTA fold roles publish online-reordered packet groups without fold-wide barriers",hierarchical-dataflow,0,named-barrier,0,0,0,3,0,0,0,hermes-xor,inplace,radix4,32,20,1048576,16,998244353,30,0,0,0,dataflow-radix4,"7+7+6","appt-online-register-tail-grouped-writer-final+appt-online-register-tail-grouped-writer-final+appt-online-register-tail-grouped-writer-final","256+256+256","8+8+8","32+16+16","1+1+1","2+2+2","1+1+1","7+7+6","ring+ring","2+2",8,0,3,30,10.891584,1.879689,1.879933,0.000244,6,12,4,16,2,7,natural,natural,"appt-ntt-log20-7x7x6-xor-fw16-v1",10.131104,8512.048666,698.617429,8925529941.731752,fused,shoup,-1
1,data-time,1,6-12-4,4,"Tesla V100-SXM2-16GB",7.0,0,"v100-sm70","hierarchical-dataflow-appt-online-register-tail-grouped-writer-final-data-time","experimental",0.000000,"persistent CTA fold roles publish online-reordered packet groups without fold-wide barriers",hierarchical-dataflow,0,named-barrier,0,0,0,3,0,0,0,hermes-xor,inplace,radix4,32,20,1048576,16,998244353,30,0,0,0,dataflow-radix4,"7+7+6","appt-online-register-tail-grouped-writer-final-data-time+appt-online-register-tail-grouped-writer-final-data-time+appt-online-register-tail-grouped-writer-final-data-time","256+256+256","8+8+8","32+16+16","1+1+1","2+2+2","1+1+1","7+7+6","ring+ring","2+2",8,0,3,30,10.903776,1.777323,1.777699,0.000376,6,12,4,16,2,4,natural,natural,"appt-ntt-log20-7x7x6-xor-fw16-v1",10.142144,9002.304675,701.039724,9439600626.491598,fused,shoup,-1
1,data-time,1,6-11-5,4,"Tesla V100-SXM2-16GB",7.0,0,"v100-sm70","hierarchical-dataflow-appt-online-register-tail-grouped-writer-final-data-time","experimental",0.000000,"persistent CTA fold roles publish online-reordered packet groups without fold-wide barriers",hierarchical-dataflow,0,named-barrier,0,0,0,3,0,0,0,hermes-xor,inplace,radix4,32,20,1048576,16,998244353,30,0,0,0,dataflow-radix4,"7+7+6","appt-online-register-tail-grouped-writer-final-data-time+appt-online-register-tail-grouped-writer-final-data-time+appt-online-register-tail-grouped-writer-final-data-time","256+256+256","8+8+8","32+16+16","1+1+1","2+2+2","1+1+1","7+7+6","ring+ring","2+2",8,0,3,30,10.892480,1.881873,1.882125,0.000252,6,11,5,16,2,4,natural,natural,"appt-ntt-log20-7x7x6-xor-fw16-v1",10.129152,8502.167735,698.583027,8915169034.616926,fused,shoup,-1
1,data-time,1,7-11-4,4,"Tesla V100-SXM2-16GB",7.0,0,"v100-sm70","hierarchical-dataflow-appt-online-register-tail-grouped-writer-final-data-time","experimental",0.000000,"persistent CTA fold roles publish online-reordered packet groups without fold-wide barriers",hierarchical-dataflow,0,named-barrier,0,0,0,3,0,0,0,hermes-xor,inplace,radix4,32,20,1048576,16,998244353,30,0,0,0,dataflow-radix4,"7+7+6","appt-online-register-tail-grouped-writer-final-data-time+appt-online-register-tail-grouped-writer-final-data-time+appt-online-register-tail-grouped-writer-final-data-time","256+256+256","8+8+8","32+16+16","1+1+1","2+2+2","1+1+1","7+7+6","ring+ring","2+2",8,0,3,30,10.889824,1.829990,1.830225,0.000234,7,11,4,16,2,4,natural,natural,"appt-ntt-log20-7x7x6-xor-fw16-v1",10.122592,8743.215327,700.451599,9167925754.978415,fused,shoup,-1
1,data-time,1,6-12-4,6,"Tesla V100-SXM2-16GB",7.0,0,"v100-sm70","hierarchical-dataflow-appt-online-register-tail-grouped-writer-final-data-time","experimental",0.000000,"persistent CTA fold roles publish online-reordered packet groups without fold-wide barriers",hierarchical-dataflow,0,named-barrier,0,0,0,3,0,0,0,hermes-xor,inplace,radix4,32,20,1048576,16,998244353,30,0,0,0,dataflow-radix4,"7+7+6","appt-online-register-tail-grouped-writer-final-data-time+appt-online-register-tail-grouped-writer-final-data-time+appt-online-register-tail-grouped-writer-final-data-time","256+256+256","8+8+8","32+16+16","1+1+1","2+2+2","1+1+1","7+7+6","ring+ring","2+2",8,0,3,30,10.879296,1.737694,1.737931,0.000237,6,12,4,16,2,6,natural,natural,"appt-ntt-log20-7x7x6-xor-fw16-v1",10.122272,9207.605520,703.628824,9654874166.105080,fused,shoup,-1
1,data-time,1,6-11-5,6,"Tesla V100-SXM2-16GB",7.0,0,"v100-sm70","hierarchical-dataflow-appt-online-register-tail-grouped-writer-final-data-time","experimental",0.000000,"persistent CTA fold roles publish online-reordered packet groups without fold-wide barriers",hierarchical-dataflow,0,named-barrier,0,0,0,3,0,0,0,hermes-xor,inplace,radix4,32,20,1048576,16,998244353,30,0,0,0,dataflow-radix4,"7+7+6","appt-online-register-tail-grouped-writer-final-data-time+appt-online-register-tail-grouped-writer-final-data-time+appt-online-register-tail-grouped-writer-final-data-time","256+256+256","8+8+8","32+16+16","1+1+1","2+2+2","1+1+1","7+7+6","ring+ring","2+2",8,0,3,30,10.877888,1.828113,1.828357,0.000244,6,11,5,16,2,6,natural,natural,"appt-ntt-log20-7x7x6-xor-fw16-v1",10.122080,8752.193824,700.891163,9177340391.068880,fused,shoup,-1
1,data-time,1,7-11-4,6,"Tesla V100-SXM2-16GB",7.0,0,"v100-sm70","hierarchical-dataflow-appt-online-register-tail-grouped-writer-final-data-time","experimental",0.000000,"persistent CTA fold roles publish online-reordered packet groups without fold-wide barriers",hierarchical-dataflow,0,named-barrier,0,0,0,3,0,0,0,hermes-xor,inplace,radix4,32,20,1048576,16,998244353,30,0,0,0,dataflow-radix4,"7+7+6","appt-online-register-tail-grouped-writer-final-data-time+appt-online-register-tail-grouped-writer-final-data-time+appt-online-register-tail-grouped-writer-final-data-time","256+256+256","8+8+8","32+16+16","1+1+1","2+2+2","1+1+1","7+7+6","ring+ring","2+2",8,0,3,30,10.891136,1.826441,1.826692,0.000251,7,11,4,16,2,6,natural,natural,"appt-ntt-log20-7x7x6-xor-fw16-v1",10.121184,8760.208374,700.563395,9185744256.022240,fused,shoup,-1
1,data-time,1,6-12-4,7,"Tesla V100-SXM2-16GB",7.0,0,"v100-sm70","hierarchical-dataflow-appt-online-register-tail-grouped-writer-final-data-time","experimental",0.000000,"persistent CTA fold roles publish online-reordered packet groups without fold-wide barriers",hierarchical-dataflow,0,named-barrier,0,0,0,3,0,0,0,hermes-xor,inplace,radix4,32,20,1048576,16,998244353,30,0,0,0,dataflow-radix4,"7+7+6","appt-online-register-tail-grouped-writer-final-data-time+appt-online-register-tail-grouped-writer-final-data-time+appt-online-register-tail-grouped-writer-final-data-time","256+256+256","8+8+8","32+16+16","1+1+1","2+2+2","1+1+1","7+7+6","ring+ring","2+2",8,0,3,30,10.884800,1.738411,1.738598,0.000187,6,12,4,16,2,7,natural,natural,"appt-ntt-log20-7x7x6-xor-fw16-v1",10.126464,9203.808914,703.306764,9650893135.354239,fused,shoup,-1
1,data-time,1,6-11-5,7,"Tesla V100-SXM2-16GB",7.0,0,"v100-sm70","hierarchical-dataflow-appt-online-register-tail-grouped-writer-final-data-time","experimental",0.000000,"persistent CTA fold roles publish online-reordered packet groups without fold-wide barriers",hierarchical-dataflow,0,named-barrier,0,0,0,3,0,0,0,hermes-xor,inplace,radix4,32,20,1048576,16,998244353,30,0,0,0,dataflow-radix4,"7+7+6","appt-online-register-tail-grouped-writer-final-data-time+appt-online-register-tail-grouped-writer-final-data-time+appt-online-register-tail-grouped-writer-final-data-time","256+256+256","8+8+8","32+16+16","1+1+1","2+2+2","1+1+1","7+7+6","ring+ring","2+2",8,0,3,30,10.879104,1.832550,1.832749,0.000198,6,11,5,16,2,7,natural,natural,"appt-ntt-log20-7x7x6-xor-fw16-v1",10.124640,8731.001310,700.639063,9155118429.973120,fused,shoup,-1
1,data-time,1,7-11-4,7,"Tesla V100-SXM2-16GB",7.0,0,"v100-sm70","hierarchical-dataflow-appt-online-register-tail-grouped-writer-final-data-time","experimental",0.000000,"persistent CTA fold roles publish online-reordered packet groups without fold-wide barriers",hierarchical-dataflow,0,named-barrier,0,0,0,3,0,0,0,hermes-xor,inplace,radix4,32,20,1048576,16,998244353,30,0,0,0,dataflow-radix4,"7+7+6","appt-online-register-tail-grouped-writer-final-data-time+appt-online-register-tail-grouped-writer-final-data-time+appt-online-register-tail-grouped-writer-final-data-time","256+256+256","8+8+8","32+16+16","1+1+1","2+2+2","1+1+1","7+7+6","ring+ring","2+2",8,0,3,30,10.884928,1.832073,1.832328,0.000255,7,11,4,16,2,7,natural,natural,"appt-ntt-log20-7x7x6-xor-fw16-v1",10.125120,8733.278290,700.460361,9157506016.370716,fused,shoup,-1
1,data-time,2,6-12-4,4,"Tesla V100-SXM2-16GB",7.0,0,"v100-sm70","hierarchical-dataflow-appt-online-register-tail-grouped-writer-final-data-time","experimental",0.000000,"persistent CTA fold roles publish online-reordered packet groups without fold-wide barriers",hierarchical-dataflow,0,named-barrier,0,0,0,3,0,0,0,hermes-xor,inplace,radix4,32,20,1048576,16,998244353,30,0,0,0,dataflow-radix4,"7+7+6","appt-online-register-tail-grouped-writer-final-data-time+appt-online-register-tail-grouped-writer-final-data-time+appt-online-register-tail-grouped-writer-final-data-time","256+256+256","8+8+8","32+16+16","2+2+2","2+2+2","1+1+1","7+7+6","ring+ring","2+2",8,0,3,30,10.879808,1.736841,1.737043,0.000202,6,12,4,16,2,4,natural,natural,"appt-ntt-log20-7x7x6-xor-fw16-v1",10.121504,9212.129166,703.663138,9659617551.889662,fused,shoup,-1
1,data-time,2,6-11-5,4,"Tesla V100-SXM2-16GB",7.0,0,"v100-sm70","hierarchical-dataflow-appt-online-register-tail-grouped-writer-final-data-time","experimental",0.000000,"persistent CTA fold roles publish online-reordered packet groups without fold-wide barriers",hierarchical-dataflow,0,named-barrier,0,0,0,3,0,0,0,hermes-xor,inplace,radix4,32,20,1048576,16,998244353,30,0,0,0,dataflow-radix4,"7+7+6","appt-online-register-tail-grouped-writer-final-data-time+appt-online-register-tail-grouped-writer-final-data-time+appt-online-register-tail-grouped-writer-final-data-time","256+256+256","8+8+8","32+16+16","2+2+2","2+2+2","1+1+1","7+7+6","ring+ring","2+2",8,0,3,30,10.877312,1.838968,1.839209,0.000241,6,11,5,16,2,4,natural,natural,"appt-ntt-log20-7x7x6-xor-fw16-v1",10.124896,8700.534111,700.489348,9123171256.099649,fused,shoup,-1
1,data-time,2,7-11-4,4,"Tesla V100-SXM2-16GB",7.0,0,"v100-sm70","hierarchical-dataflow-appt-online-register-tail-grouped-writer-final-data-time","experimental",0.000000,"persistent CTA fold roles publish online-reordered packet groups without fold-wide barriers",hierarchical-dataflow,0,named-barrier,0,0,0,3,0,0,0,hermes-xor,inplace,radix4,32,20,1048576,16,998244353,30,0,0,0,dataflow-radix4,"7+7+6","appt-online-register-tail-grouped-writer-final-data-time+appt-online-register-tail-grouped-writer-final-data-time+appt-online-register-tail-grouped-writer-final-data-time","256+256+256","8+8+8","32+16+16","2+2+2","2+2+2","1+1+1","7+7+6","ring+ring","2+2",8,0,3,30,10.883360,1.836851,1.837106,0.000255,7,11,4,16,2,4,natural,natural,"appt-ntt-log20-7x7x6-xor-fw16-v1",10.120800,8710.558405,700.494382,9133682489.860580,fused,shoup,-1
1,data-time,2,6-12-4,6,"Tesla V100-SXM2-16GB",7.0,0,"v100-sm70","hierarchical-dataflow-appt-online-register-tail-grouped-writer-final-data-time","experimental",0.000000,"persistent CTA fold roles publish online-reordered packet groups without fold-wide barriers",hierarchical-dataflow,0,named-barrier,0,0,0,3,0,0,0,hermes-xor,inplace,radix4,32,20,1048576,16,998244353,30,0,0,0,dataflow-radix4,"7+7+6","appt-online-register-tail-grouped-writer-final-data-time+appt-online-register-tail-grouped-writer-final-data-time+appt-online-register-tail-grouped-writer-final-data-time","256+256+256","8+8+8","32+16+16","2+2+2","2+2+2","1+1+1","7+7+6","ring+ring","2+2",8,0,3,30,10.887168,1.715644,1.715869,0.000225,6,12,4,16,2,6,natural,natural,"appt-ntt-log20-7x7x6-xor-fw16-v1",10.126304,9325.946010,703.942931,9778963163.719053,fused,shoup,-1
1,data-time,2,6-11-5,6,"Tesla V100-SXM2-16GB",7.0,0,"v100-sm70","hierarchical-dataflow-appt-online-register-tail-grouped-writer-final-data-time","experimental",0.000000,"persistent CTA fold roles publish online-reordered packet groups without fold-wide barriers",hierarchical-dataflow,0,named-barrier,0,0,0,3,0,0,0,hermes-xor,inplace,radix4,32,20,1048576,16,998244353,30,0,0,0,dataflow-radix4,"7+7+6","appt-online-register-tail-grouped-writer-final-data-time+appt-online-register-tail-grouped-writer-final-data-time+appt-online-register-tail-grouped-writer-final-data-time","256+256+256","8+8+8","32+16+16","2+2+2","2+2+2","1+1+1","7+7+6","ring+ring","2+2",8,0,3,30,10.882144,1.829683,1.829932,0.000249,6,11,5,16,2,6,natural,natural,"appt-ntt-log20-7x7x6-xor-fw16-v1",10.124608,8744.683306,700.634747,9169465042.359398,fused,shoup,-1
1,data-time,2,7-11-4,6,"Tesla V100-SXM2-16GB",7.0,0,"v100-sm70","hierarchical-dataflow-appt-online-register-tail-grouped-writer-final-data-time","experimental",0.000000,"persistent CTA fold roles publish online-reordered packet groups without fold-wide barriers",hierarchical-dataflow,0,named-barrier,0,0,0,3,0,0,0,hermes-xor,inplace,radix4,32,20,1048576,16,998244353,30,0,0,0,dataflow-radix4,"7+7+6","appt-online-register-tail-grouped-writer-final-data-time+appt-online-register-tail-grouped-writer-final-data-time+appt-online-register-tail-grouped-writer-final-data-time","256+256+256","8+8+8","32+16+16","2+2+2","2+2+2","1+1+1","7+7+6","ring+ring","2+2",8,0,3,30,10.885600,1.807701,1.807934,0.000233,7,11,4,16,2,6,natural,natural,"appt-ntt-log20-7x7x6-xor-fw16-v1",10.126784,8851.019559,701.136716,9280966685.610182,fused,shoup,-1
1,data-time,2,6-12-4,7,"Tesla V100-SXM2-16GB",7.0,0,"v100-sm70","hierarchical-dataflow-appt-online-register-tail-grouped-writer-final-data-time","experimental",0.000000,"persistent CTA fold roles publish online-reordered packet groups without fold-wide barriers",hierarchical-dataflow,0,named-barrier,0,0,0,3,0,0,0,hermes-xor,inplace,radix4,32,20,1048576,16,998244353,30,0,0,0,dataflow-radix4,"7+7+6","appt-online-register-tail-grouped-writer-final-data-time+appt-online-register-tail-grouped-writer-final-data-time+appt-online-register-tail-grouped-writer-final-data-time","256+256+256","8+8+8","32+16+16","2+2+2","2+2+2","1+1+1","7+7+6","ring+ring","2+2",8,0,3,30,10.879232,1.777084,1.777297,0.000213,6,12,4,16,2,7,natural,natural,"appt-ntt-log20-7x7x6-xor-fw16-v1",10.124320,9003.514865,702.350885,9440869602.877899,fused,shoup,-1
1,data-time,2,6-11-5,7,"Tesla V100-SXM2-16GB",7.0,0,"v100-sm70","hierarchical-dataflow-appt-online-register-tail-grouped-writer-final-data-time","experimental",0.000000,"persistent CTA fold roles publish online-reordered packet groups without fold-wide barriers",hierarchical-dataflow,0,named-barrier,0,0,0,3,0,0,0,hermes-xor,inplace,radix4,32,20,1048576,16,998244353,30,0,0,0,dataflow-radix4,"7+7+6","appt-online-register-tail-grouped-writer-final-data-time+appt-online-register-tail-grouped-writer-final-data-time+appt-online-register-tail-grouped-writer-final-data-time","256+256+256","8+8+8","32+16+16","2+2+2","2+2+2","1+1+1","7+7+6","ring+ring","2+2",8,0,3,30,10.886496,1.859755,1.860011,0.000257,6,11,5,16,2,7,natural,natural,"appt-ntt-log20-7x7x6-xor-fw16-v1",10.129280,8603.285239,699.437335,9021198422.622805,fused,shoup,-1
1,data-time,2,7-11-4,7,"Tesla V100-SXM2-16GB",7.0,0,"v100-sm70","hierarchical-dataflow-appt-online-register-tail-grouped-writer-final-data-time","experimental",0.000000,"persistent CTA fold roles publish online-reordered packet groups without fold-wide barriers",hierarchical-dataflow,0,named-barrier,0,0,0,3,0,0,0,hermes-xor,inplace,radix4,32,20,1048576,16,998244353,30,0,0,0,dataflow-radix4,"7+7+6","appt-online-register-tail-grouped-writer-final-data-time+appt-online-register-tail-grouped-writer-final-data-time+appt-online-register-tail-grouped-writer-final-data-time","256+256+256","8+8+8","32+16+16","2+2+2","2+2+2","1+1+1","7+7+6","ring+ring","2+2",8,0,3,30,10.882752,1.868151,1.868351,0.000199,7,11,4,16,2,7,natural,natural,"appt-ntt-log20-7x7x6-xor-fw16-v1",10.119584,8564.616216,699.591546,8980651013.441097,fused,shoup,-1
1,data-time,4,6-12-4,4,"Tesla V100-SXM2-16GB",7.0,0,"v100-sm70","hierarchical-dataflow-appt-online-register-tail-grouped-writer-final-data-time","experimental",0.000000,"persistent CTA fold roles publish online-reordered packet groups without fold-wide barriers",hierarchical-dataflow,0,named-barrier,0,0,0,3,0,0,0,hermes-xor,inplace,radix4,32,20,1048576,16,998244353,30,0,0,0,dataflow-radix4,"7+7+6","appt-online-register-tail-grouped-writer-final-data-time+appt-online-register-tail-grouped-writer-final-data-time+appt-online-register-tail-grouped-writer-final-data-time","256+256+256","8+8+8","32+16+16","4+4+4","2+2+2","1+1+1","7+7+6","ring+ring","2+2",8,0,3,30,10.885344,1.779610,1.779856,0.000247,6,12,4,16,2,4,natural,natural,"appt-ntt-log20-7x7x6-xor-fw16-v1",10.129280,8990.736143,701.931925,9427470141.758751,fused,shoup,-1
1,data-time,4,6-11-5,4,"Tesla V100-SXM2-16GB",7.0,0,"v100-sm70","hierarchical-dataflow-appt-online-register-tail-grouped-writer-final-data-time","experimental",0.000000,"persistent CTA fold roles publish online-reordered packet groups without fold-wide barriers",hierarchical-dataflow,0,named-barrier,0,0,0,3,0,0,0,hermes-xor,inplace,radix4,32,20,1048576,16,998244353,30,0,0,0,dataflow-radix4,"7+7+6","appt-online-register-tail-grouped-writer-final-data-time+appt-online-register-tail-grouped-writer-final-data-time+appt-online-register-tail-grouped-writer-final-data-time","256+256+256","8+8+8","32+16+16","4+4+4","2+2+2","1+1+1","7+7+6","ring+ring","2+2",8,0,3,30,10.878304,1.870575,1.870804,0.000229,6,11,5,16,2,4,natural,natural,"appt-ntt-log20-7x7x6-xor-fw16-v1",10.122720,8553.519863,699.557584,8969015643.820866,fused,shoup,-1
1,data-time,4,7-11-4,4,"Tesla V100-SXM2-16GB",7.0,0,"v100-sm70","hierarchical-dataflow-appt-online-register-tail-grouped-writer-final-data-time","experimental",0.000000,"persistent CTA fold roles publish online-reordered packet groups without fold-wide barriers",hierarchical-dataflow,0,named-barrier,0,0,0,3,0,0,0,hermes-xor,inplace,radix4,32,20,1048576,16,998244353,30,0,0,0,dataflow-radix4,"7+7+6","appt-online-register-tail-grouped-writer-final-data-time+appt-online-register-tail-grouped-writer-final-data-time+appt-online-register-tail-grouped-writer-final-data-time","256+256+256","8+8+8","32+16+16","4+4+4","2+2+2","1+1+1","7+7+6","ring+ring","2+2",8,0,3,30,10.883424,1.865318,1.865551,0.000232,7,11,4,16,2,4,natural,natural,"appt-ntt-log20-7x7x6-xor-fw16-v1",10.127424,8577.623986,699.417887,8994290648.801832,fused,shoup,-1
1,data-time,4,6-12-4,6,"Tesla V100-SXM2-16GB",7.0,0,"v100-sm70","hierarchical-dataflow-appt-online-register-tail-grouped-writer-final-data-time","experimental",0.000000,"persistent CTA fold roles publish online-reordered packet groups without fold-wide barriers",hierarchical-dataflow,0,named-barrier,0,0,0,3,0,0,0,hermes-xor,inplace,radix4,32,20,1048576,16,998244353,30,0,0,0,dataflow-radix4,"7+7+6","appt-online-register-tail-grouped-writer-final-data-time+appt-online-register-tail-grouped-writer-final-data-time+appt-online-register-tail-grouped-writer-final-data-time","256+256+256","8+8+8","32+16+16","4+4+4","2+2+2","1+1+1","7+7+6","ring+ring","2+2",8,0,3,30,10.877216,1.761690,1.761915,0.000226,6,12,4,16,2,6,natural,natural,"appt-ntt-log20-7x7x6-xor-fw16-v1",10.123968,9082.189864,702.898936,9523366318.710548,fused,shoup,-1
1,data-time,4,6-11-5,6,"Tesla V100-SXM2-16GB",7.0,0,"v100-sm70","hierarchical-dataflow-appt-online-register-tail-grouped-writer-final-data-time","experimental",0.000000,"persistent CTA fold roles publish online-reordered packet groups without fold-wide barriers",hierarchical-dataflow,0,named-barrier,0,0,0,3,0,0,0,hermes-xor,inplace,radix4,32,20,1048576,16,998244353,30,0,0,0,dataflow-radix4,"7+7+6","appt-online-register-tail-grouped-writer-final-data-time+appt-online-register-tail-grouped-writer-final-data-time+appt-online-register-tail-grouped-writer-final-data-time","256+256+256","8+8+8","32+16+16","4+4+4","2+2+2","1+1+1","7+7+6","ring+ring","2+2",8,0,3,30,10.885600,1.917542,1.917775,0.000233,6,11,5,16,2,6,natural,natural,"appt-ntt-log20-7x7x6-xor-fw16-v1",10.125984,8344.013939,697.802418,8749332760.104916,fused,shoup,-1
1,data-time,4,7-11-4,6,"Tesla V100-SXM2-16GB",7.0,0,"v100-sm70","hierarchical-dataflow-appt-online-register-tail-grouped-writer-final-data-time","experimental",0.000000,"persistent CTA fold roles publish online-reordered packet groups without fold-wide barriers",hierarchical-dataflow,0,named-barrier,0,0,0,3,0,0,0,hermes-xor,inplace,radix4,32,20,1048576,16,998244353,30,0,0,0,dataflow-radix4,"7+7+6","appt-online-register-tail-grouped-writer-final-data-time+appt-online-register-tail-grouped-writer-final-data-time+appt-online-register-tail-grouped-writer-final-data-time","256+256+256","8+8+8","32+16+16","4+4+4","2+2+2","1+1+1","7+7+6","ring+ring","2+2",8,0,3,30,10.880864,1.919795,1.920000,0.000205,7,11,4,16,2,6,natural,natural,"appt-ntt-log20-7x7x6-xor-fw16-v1",10.123648,8334.221993,697.949121,8739065160.122477,fused,shoup,-1
1,data-time,4,6-12-4,7,"Tesla V100-SXM2-16GB",7.0,0,"v100-sm70","hierarchical-dataflow-appt-online-register-tail-grouped-writer-final-data-time","experimental",0.000000,"persistent CTA fold roles publish online-reordered packet groups without fold-wide barriers",hierarchical-dataflow,0,named-barrier,0,0,0,3,0,0,0,hermes-xor,inplace,radix4,32,20,1048576,16,998244353,30,0,0,0,dataflow-radix4,"7+7+6","appt-online-register-tail-grouped-writer-final-data-time+appt-online-register-tail-grouped-writer-final-data-time+appt-online-register-tail-grouped-writer-final-data-time","256+256+256","8+8+8","32+16+16","4+4+4","2+2+2","1+1+1","7+7+6","ring+ring","2+2",8,0,3,30,10.883936,1.860779,1.860997,0.000218,6,12,4,16,2,7,natural,natural,"appt-ntt-log20-7x7x6-xor-fw16-v1",10.124224,8598.550753,699.638950,9016233953.942072,fused,shoup,-1
1,data-time,4,6-11-5,7,"Tesla V100-SXM2-16GB",7.0,0,"v100-sm70","hierarchical-dataflow-appt-online-register-tail-grouped-writer-final-data-time","experimental",0.000000,"persistent CTA fold roles publish online-reordered packet groups without fold-wide barriers",hierarchical-dataflow,0,named-barrier,0,0,0,3,0,0,0,hermes-xor,inplace,radix4,32,20,1048576,16,998244353,30,0,0,0,dataflow-radix4,"7+7+6","appt-online-register-tail-grouped-writer-final-data-time+appt-online-register-tail-grouped-writer-final-data-time+appt-online-register-tail-grouped-writer-final-data-time","256+256+256","8+8+8","32+16+16","4+4+4","2+2+2","1+1+1","7+7+6","ring+ring","2+2",8,0,3,30,10.878336,1.996288,1.996511,0.000223,6,11,5,16,2,7,natural,natural,"appt-ntt-log20-7x7x6-xor-fw16-v1",10.126976,8014.875364,695.603783,8404205949.317087,fused,shoup,-1
1,data-time,4,7-11-4,7,"Tesla V100-SXM2-16GB",7.0,0,"v100-sm70","hierarchical-dataflow-appt-online-register-tail-grouped-writer-final-data-time","experimental",0.000000,"persistent CTA fold roles publish online-reordered packet groups without fold-wide barriers",hierarchical-dataflow,0,named-barrier,0,0,0,3,0,0,0,hermes-xor,inplace,radix4,32,20,1048576,16,998244353,30,0,0,0,dataflow-radix4,"7+7+6","appt-online-register-tail-grouped-writer-final-data-time+appt-online-register-tail-grouped-writer-final-data-time+appt-online-register-tail-grouped-writer-final-data-time","256+256+256","8+8+8","32+16+16","4+4+4","2+2+2","1+1+1","7+7+6","ring+ring","2+2",8,0,3,30,10.888256,1.998609,1.998848,0.000239,7,11,4,16,2,7,natural,natural,"appt-ntt-log20-7x7x6-xor-fw16-v1",10.126656,8005.567608,695.243470,8394446060.178171,fused,shoup,-1
2,v06,0,9-11,0,"Tesla V100-SXM2-16GB",7.0,0,"v100-sm70","hierarchical-dataflow-wave-10x10-resident-radix4","experimental",0.000000,"transform-wave readiness with the generated resident radix-4 core",hierarchical-dataflow,0,named-barrier,0,0,0,4,0,0,0,hermes-xor,inplace,radix4,32,20,1048576,16,998244353,30,0,0,0,dataflow-radix4,"10+10","dataflow-radix4+dataflow-radix4","256+256","1+1","0+0","0+0","0+0","0+0","9+11","full-scratch","1",8,0,3,30,10.878496,1.024034,1.024304,0.000270,0,0,0,0,0,7,natural,natural,"",10.121696,15624.479044,726.472723,16383453738.306385,fused,shoup,-1
2,writer-final,1,6-12-4,0,"Tesla V100-SXM2-16GB",7.0,0,"v100-sm70","hierarchical-dataflow-appt-online-register-tail-grouped-writer-final","experimental",0.000000,"persistent CTA fold roles publish online-reordered packet groups without fold-wide barriers",hierarchical-dataflow,0,named-barrier,0,0,0,3,0,0,0,hermes-xor,inplace,radix4,32,20,1048576,16,998244353,30,0,0,0,dataflow-radix4,"7+7+6","appt-online-register-tail-grouped-writer-final+appt-online-register-tail-grouped-writer-final+appt-online-register-tail-grouped-writer-final","256+256+256","8+8+8","32+16+16","1+1+1","2+2+2","1+1+1","7+7+6","ring+ring","2+2",8,0,3,30,10.878656,1.726430,1.726679,0.000250,6,12,4,16,2,7,natural,natural,"appt-ntt-log20-7x7x6-xor-fw16-v1",10.126144,9267.680513,703.877422,9717867361.332899,fused,shoup,-1
2,data-time,1,6-12-4,4,"Tesla V100-SXM2-16GB",7.0,0,"v100-sm70","hierarchical-dataflow-appt-online-register-tail-grouped-writer-final-data-time","experimental",0.000000,"persistent CTA fold roles publish online-reordered packet groups without fold-wide barriers",hierarchical-dataflow,0,named-barrier,0,0,0,3,0,0,0,hermes-xor,inplace,radix4,32,20,1048576,16,998244353,30,0,0,0,dataflow-radix4,"7+7+6","appt-online-register-tail-grouped-writer-final-data-time+appt-online-register-tail-grouped-writer-final-data-time+appt-online-register-tail-grouped-writer-final-data-time","256+256+256","8+8+8","32+16+16","1+1+1","2+2+2","1+1+1","7+7+6","ring+ring","2+2",8,0,3,30,10.903040,1.738820,1.739055,0.000234,6,12,4,16,2,4,natural,natural,"appt-ntt-log20-7x7x6-xor-fw16-v1",10.125600,9201.640829,702.757353,9648619734.304329,fused,shoup,-1
2,data-time,1,6-11-5,4,"Tesla V100-SXM2-16GB",7.0,0,"v100-sm70","hierarchical-dataflow-appt-online-register-tail-grouped-writer-final-data-time","experimental",0.000000,"persistent CTA fold roles publish online-reordered packet groups without fold-wide barriers",hierarchical-dataflow,0,named-barrier,0,0,0,3,0,0,0,hermes-xor,inplace,radix4,32,20,1048576,16,998244353,30,0,0,0,dataflow-radix4,"7+7+6","appt-online-register-tail-grouped-writer-final-data-time+appt-online-register-tail-grouped-writer-final-data-time+appt-online-register-tail-grouped-writer-final-data-time","256+256+256","8+8+8","32+16+16","1+1+1","2+2+2","1+1+1","7+7+6","ring+ring","2+2",8,0,3,30,10.881984,1.832516,1.832776,0.000260,6,11,5,16,2,4,natural,natural,"appt-ntt-log20-7x7x6-xor-fw16-v1",10.122816,8731.164318,700.607724,9155289355.978106,fused,shoup,-1
2,data-time,1,7-11-4,4,"Tesla V100-SXM2-16GB",7.0,0,"v100-sm70","hierarchical-dataflow-appt-online-register-tail-grouped-writer-final-data-time","experimental",0.000000,"persistent CTA fold roles publish online-reordered packet groups without fold-wide barriers",hierarchical-dataflow,0,named-barrier,0,0,0,3,0,0,0,hermes-xor,inplace,radix4,32,20,1048576,16,998244353,30,0,0,0,dataflow-radix4,"7+7+6","appt-online-register-tail-grouped-writer-final-data-time+appt-online-register-tail-grouped-writer-final-data-time+appt-online-register-tail-grouped-writer-final-data-time","256+256+256","8+8+8","32+16+16","1+1+1","2+2+2","1+1+1","7+7+6","ring+ring","2+2",8,0,3,30,10.881248,1.827874,1.828103,0.000229,7,11,4,16,2,4,natural,natural,"appt-ntt-log20-7x7x6-xor-fw16-v1",10.123872,8753.338269,700.740330,9178540429.200489,fused,shoup,-1
2,data-time,1,6-12-4,6,"Tesla V100-SXM2-16GB",7.0,0,"v100-sm70","hierarchical-dataflow-appt-online-register-tail-grouped-writer-final-data-time","experimental",0.000000,"persistent CTA fold roles publish online-reordered packet groups without fold-wide barriers",hierarchical-dataflow,0,named-barrier,0,0,0,3,0,0,0,hermes-xor,inplace,radix4,32,20,1048576,16,998244353,30,0,0,0,dataflow-radix4,"7+7+6","appt-online-register-tail-grouped-writer-final-data-time+appt-online-register-tail-grouped-writer-final-data-time+appt-online-register-tail-grouped-writer-final-data-time","256+256+256","8+8+8","32+16+16","1+1+1","2+2+2","1+1+1","7+7+6","ring+ring","2+2",8,0,3,30,10.882304,1.734280,1.734510,0.000229,6,12,4,16,2,6,natural,natural,"appt-ntt-log20-7x7x6-xor-fw16-v1",10.125056,9225.728078,703.555212,9673877045.215563,fused,shoup,-1
2,data-time,1,6-11-5,6,"Tesla V100-SXM2-16GB",7.0,0,"v100-sm70","hierarchical-dataflow-appt-online-register-tail-grouped-writer-final-data-time","experimental",0.000000,"persistent CTA fold roles publish online-reordered packet groups without fold-wide barriers",hierarchical-dataflow,0,named-barrier,0,0,0,3,0,0,0,hermes-xor,inplace,radix4,32,20,1048576,16,998244353,30,0,0,0,dataflow-radix4,"7+7+6","appt-online-register-tail-grouped-writer-final-data-time+appt-online-register-tail-grouped-writer-final-data-time+appt-online-register-tail-grouped-writer-final-data-time","256+256+256","8+8+8","32+16+16","1+1+1","2+2+2","1+1+1","7+7+6","ring+ring","2+2",8,0,3,30,10.879552,1.827021,1.827267,0.000246,6,11,5,16,2,6,natural,natural,"appt-ntt-log20-7x7x6-xor-fw16-v1",10.122432,8757.426468,700.862802,9182827216.504381,fused,shoup,-1
2,data-time,1,7-11-4,6,"Tesla V100-SXM2-16GB",7.0,0,"v100-sm70","hierarchical-dataflow-appt-online-register-tail-grouped-writer-final-data-time","experimental",0.000000,"persistent CTA fold roles publish online-reordered packet groups without fold-wide barriers",hierarchical-dataflow,0,named-barrier,0,0,0,3,0,0,0,hermes-xor,inplace,radix4,32,20,1048576,16,998244353,30,0,0,0,dataflow-radix4,"7+7+6","appt-online-register-tail-grouped-writer-final-data-time+appt-online-register-tail-grouped-writer-final-data-time+appt-online-register-tail-grouped-writer-final-data-time","256+256+256","8+8+8","32+16+16","1+1+1","2+2+2","1+1+1","7+7+6","ring+ring","2+2",8,0,3,30,10.880768,1.825792,1.826013,0.000221,7,11,4,16,2,6,natural,natural,"appt-ntt-log20-7x7x6-xor-fw16-v1",10.130272,8763.319891,700.622579,9189006917.624575,fused,shoup,-1
2,data-time,1,6-12-4,7,"Tesla V100-SXM2-16GB",7.0,0,"v100-sm70","hierarchical-dataflow-appt-online-register-tail-grouped-writer-final-data-time","experimental",0.000000,"persistent CTA fold roles publish online-reordered packet groups without fold-wide barriers",hierarchical-dataflow,0,named-barrier,0,0,0,3,0,0,0,hermes-xor,inplace,radix4,32,20,1048576,16,998244353,30,0,0,0,dataflow-radix4,"7+7+6","appt-online-register-tail-grouped-writer-final-data-time+appt-online-register-tail-grouped-writer-final-data-time+appt-online-register-tail-grouped-writer-final-data-time","256+256+256","8+8+8","32+16+16","1+1+1","2+2+2","1+1+1","7+7+6","ring+ring","2+2",8,0,3,30,10.886560,1.734007,1.734257,0.000250,6,12,4,16,2,7,natural,natural,"appt-ntt-log20-7x7x6-xor-fw16-v1",10.130464,9227.180508,703.264816,9675400028.649155,fused,shoup,-1
2,data-time,1,6-11-5,7,"Tesla V100-SXM2-16GB",7.0,0,"v100-sm70","hierarchical-dataflow-appt-online-register-tail-grouped-writer-final-data-time","experimental",0.000000,"persistent CTA fold roles publish online-reordered packet groups without fold-wide barriers",hierarchical-dataflow,0,named-barrier,0,0,0,3,0,0,0,hermes-xor,inplace,radix4,32,20,1048576,16,998244353,30,0,0,0,dataflow-radix4,"7+7+6","appt-online-register-tail-grouped-writer-final-data-time+appt-online-register-tail-grouped-writer-final-data-time+appt-online-register-tail-grouped-writer-final-data-time","256+256+256","8+8+8","32+16+16","1+1+1","2+2+2","1+1+1","7+7+6","ring+ring","2+2",8,0,3,30,10.883712,1.823881,1.824089,0.000209,6,11,5,16,2,7,natural,natural,"appt-ntt-log20-7x7x6-xor-fw16-v1",10.121632,8772.504302,700.856061,9198637471.157536,fused,shoup,-1
2,data-time,1,7-11-4,7,"Tesla V100-SXM2-16GB",7.0,0,"v100-sm70","hierarchical-dataflow-appt-online-register-tail-grouped-writer-final-data-time","experimental",0.000000,"persistent CTA fold roles publish online-reordered packet groups without fold-wide barriers",hierarchical-dataflow,0,named-barrier,0,0,0,3,0,0,0,hermes-xor,inplace,radix4,32,20,1048576,16,998244353,30,0,0,0,dataflow-radix4,"7+7+6","appt-online-register-tail-grouped-writer-final-data-time+appt-online-register-tail-grouped-writer-final-data-time+appt-online-register-tail-grouped-writer-final-data-time","256+256+256","8+8+8","32+16+16","1+1+1","2+2+2","1+1+1","7+7+6","ring+ring","2+2",8,0,3,30,10.883904,1.818419,1.818661,0.000242,7,11,4,16,2,7,natural,natural,"appt-ntt-log20-7x7x6-xor-fw16-v1",10.116480,8798.851711,701.176118,9226264732.136118,fused,shoup,-1
2,data-time,2,6-12-4,4,"Tesla V100-SXM2-16GB",7.0,0,"v100-sm70","hierarchical-dataflow-appt-online-register-tail-grouped-writer-final-data-time","experimental",0.000000,"persistent CTA fold roles publish online-reordered packet groups without fold-wide barriers",hierarchical-dataflow,0,named-barrier,0,0,0,3,0,0,0,hermes-xor,inplace,radix4,32,20,1048576,16,998244353,30,0,0,0,dataflow-radix4,"7+7+6","appt-online-register-tail-grouped-writer-final-data-time+appt-online-register-tail-grouped-writer-final-data-time+appt-online-register-tail-grouped-writer-final-data-time","256+256+256","8+8+8","32+16+16","2+2+2","2+2+2","1+1+1","7+7+6","ring+ring","2+2",8,0,3,30,10.885856,1.747866,1.748095,0.000229,6,12,4,16,2,4,natural,natural,"appt-ntt-log20-7x7x6-xor-fw16-v1",10.134144,9154.022133,702.744854,9598687911.877644,fused,shoup,-1
2,data-time,2,6-11-5,4,"Tesla V100-SXM2-16GB",7.0,0,"v100-sm70","hierarchical-dataflow-appt-online-register-tail-grouped-writer-final-data-time","experimental",0.000000,"persistent CTA fold roles publish online-reordered packet groups without fold-wide barriers",hierarchical-dataflow,0,named-barrier,0,0,0,3,0,0,0,hermes-xor,inplace,radix4,32,20,1048576,16,998244353,30,0,0,0,dataflow-radix4,"7+7+6","appt-online-register-tail-grouped-writer-final-data-time+appt-online-register-tail-grouped-writer-final-data-time+appt-online-register-tail-grouped-writer-final-data-time","256+256+256","8+8+8","32+16+16","2+2+2","2+2+2","1+1+1","7+7+6","ring+ring","2+2",8,0,3,30,10.873664,1.847910,1.848146,0.000236,6,11,5,16,2,4,natural,natural,"appt-ntt-log20-7x7x6-xor-fw16-v1",10.120608,8658.428441,700.458457,9079020260.841539,fused,shoup,-1
2,data-time,2,7-11-4,4,"Tesla V100-SXM2-16GB",7.0,0,"v100-sm70","hierarchical-dataflow-appt-online-register-tail-grouped-writer-final-data-time","experimental",0.000000,"persistent CTA fold roles publish online-reordered packet groups without fold-wide barriers",hierarchical-dataflow,0,named-barrier,0,0,0,3,0,0,0,hermes-xor,inplace,radix4,32,20,1048576,16,998244353,30,0,0,0,dataflow-radix4,"7+7+6","appt-online-register-tail-grouped-writer-final-data-time+appt-online-register-tail-grouped-writer-final-data-time+appt-online-register-tail-grouped-writer-final-data-time","256+256+256","8+8+8","32+16+16","2+2+2","2+2+2","1+1+1","7+7+6","ring+ring","2+2",8,0,3,30,10.879648,1.834667,1.834914,0.000247,7,11,4,16,2,4,natural,natural,"appt-ntt-log20-7x7x6-xor-fw16-v1",10.122944,8720.929936,700.609479,9144557828.978514,fused,shoup,-1
2,data-time,2,6-12-4,6,"Tesla V100-SXM2-16GB",7.0,0,"v100-sm70","hierarchical-dataflow-appt-online-register-tail-grouped-writer-final-data-time","experimental",0.000000,"persistent CTA fold roles publish online-reordered packet groups without fold-wide barriers",hierarchical-dataflow,0,named-barrier,0,0,0,3,0,0,0,hermes-xor,inplace,radix4,32,20,1048576,16,998244353,30,0,0,0,dataflow-radix4,"7+7+6","appt-online-register-tail-grouped-writer-final-data-time+appt-online-register-tail-grouped-writer-final-data-time+appt-online-register-tail-grouped-writer-final-data-time","256+256+256","8+8+8","32+16+16","2+2+2","2+2+2","1+1+1","7+7+6","ring+ring","2+2",8,0,3,30,10.882048,1.723699,1.723965,0.000266,6,12,4,16,2,6,natural,natural,"appt-ntt-log20-7x7x6-xor-fw16-v1",10.121472,9282.361962,704.001657,9733261976.612782,fused,shoup,-1
2,data-time,2,6-11-5,6,"Tesla V100-SXM2-16GB",7.0,0,"v100-sm70","hierarchical-dataflow-appt-online-register-tail-grouped-writer-final-data-time","experimental",0.000000,"persistent CTA fold roles publish online-reordered packet groups without fold-wide barriers",hierarchical-dataflow,0,named-barrier,0,0,0,3,0,0,0,hermes-xor,inplace,radix4,32,20,1048576,16,998244353,30,0,0,0,dataflow-radix4,"7+7+6","appt-online-register-tail-grouped-writer-final-data-time+appt-online-register-tail-grouped-writer-final-data-time+appt-online-register-tail-grouped-writer-final-data-time","256+256+256","8+8+8","32+16+16","2+2+2","2+2+2","1+1+1","7+7+6","ring+ring","2+2",8,0,3,30,10.878464,1.836715,1.836963,0.000248,6,11,5,16,2,6,natural,natural,"appt-ntt-log20-7x7x6-xor-fw16-v1",10.121248,8711.206291,700.635010,9134361848.250971,fused,shoup,-1
2,data-time,2,7-11-4,6,"Tesla V100-SXM2-16GB",7.0,0,"v100-sm70","hierarchical-dataflow-appt-online-register-tail-grouped-writer-final-data-time","experimental",0.000000,"persistent CTA fold roles publish online-reordered packet groups without fold-wide barriers",hierarchical-dataflow,0,named-barrier,0,0,0,3,0,0,0,hermes-xor,inplace,radix4,32,20,1048576,16,998244353,30,0,0,0,dataflow-radix4,"7+7+6","appt-online-register-tail-grouped-writer-final-data-time+appt-online-register-tail-grouped-writer-final-data-time+appt-online-register-tail-grouped-writer-final-data-time","256+256+256","8+8+8","32+16+16","2+2+2","2+2+2","1+1+1","7+7+6","ring+ring","2+2",8,0,3,30,10.903264,1.809920,1.810152,0.000232,7,11,4,16,2,6,natural,natural,"appt-ntt-log20-7x7x6-xor-fw16-v1",10.121600,8840.169959,700.685406,9269590055.063822,fused,shoup,-1
2,data-time,2,6-12-4,7,"Tesla V100-SXM2-16GB",7.0,0,"v100-sm70","hierarchical-dataflow-appt-online-register-tail-grouped-writer-final-data-time","experimental",0.000000,"persistent CTA fold roles publish online-reordered packet groups without fold-wide barriers",hierarchical-dataflow,0,named-barrier,0,0,0,3,0,0,0,hermes-xor,inplace,radix4,32,20,1048576,16,998244353,30,0,0,0,dataflow-radix4,"7+7+6","appt-online-register-tail-grouped-writer-final-data-time+appt-online-register-tail-grouped-writer-final-data-time+appt-online-register-tail-grouped-writer-final-data-time","256+256+256","8+8+8","32+16+16","2+2+2","2+2+2","1+1+1","7+7+6","ring+ring","2+2",8,0,3,30,10.880320,1.774114,1.774321,0.000207,6,12,4,16,2,7,natural,natural,"appt-ntt-log20-7x7x6-xor-fw16-v1",10.128992,9018.585508,702.264889,9456672317.790714,fused,shoup,-1
2,data-time,2,6-11-5,7,"Tesla V100-SXM2-16GB",7.0,0,"v100-sm70","hierarchical-dataflow-appt-online-register-tail-grouped-writer-final-data-time","experimental",0.000000,"persistent CTA fold roles publish online-reordered packet groups without fold-wide barriers",hierarchical-dataflow,0,named-barrier,0,0,0,3,0,0,0,hermes-xor,inplace,radix4,32,20,1048576,16,998244353,30,0,0,0,dataflow-radix4,"7+7+6","appt-online-register-tail-grouped-writer-final-data-time+appt-online-register-tail-grouped-writer-final-data-time+appt-online-register-tail-grouped-writer-final-data-time","256+256+256","8+8+8","32+16+16","2+2+2","2+2+2","1+1+1","7+7+6","ring+ring","2+2",8,0,3,30,10.878016,1.854703,1.854950,0.000247,6,11,5,16,2,7,natural,natural,"appt-ntt-log20-7x7x6-xor-fw16-v1",10.125600,8626.718921,699.963977,9045770419.811066,fused,shoup,-1
2,data-time,2,7-11-4,7,"Tesla V100-SXM2-16GB",7.0,0,"v100-sm70","hierarchical-dataflow-appt-online-register-tail-grouped-writer-final-data-time","experimental",0.000000,"persistent CTA fold roles publish online-reordered packet groups without fold-wide barriers",hierarchical-dataflow,0,named-barrier,0,0,0,3,0,0,0,hermes-xor,inplace,radix4,32,20,1048576,16,998244353,30,0,0,0,dataflow-radix4,"7+7+6","appt-online-register-tail-grouped-writer-final-data-time+appt-online-register-tail-grouped-writer-final-data-time+appt-online-register-tail-grouped-writer-final-data-time","256+256+256","8+8+8","32+16+16","2+2+2","2+2+2","1+1+1","7+7+6","ring+ring","2+2",8,0,3,30,10.884032,1.857399,1.857623,0.000223,7,11,4,16,2,7,natural,natural,"appt-ntt-log20-7x7x6-xor-fw16-v1",10.118336,8614.194369,699.919631,9032637474.223600,fused,shoup,-1
2,data-time,4,6-12-4,4,"Tesla V100-SXM2-16GB",7.0,0,"v100-sm70","hierarchical-dataflow-appt-online-register-tail-grouped-writer-final-data-time","experimental",0.000000,"persistent CTA fold roles publish online-reordered packet groups without fold-wide barriers",hierarchical-dataflow,0,named-barrier,0,0,0,3,0,0,0,hermes-xor,inplace,radix4,32,20,1048576,16,998244353,30,0,0,0,dataflow-radix4,"7+7+6","appt-online-register-tail-grouped-writer-final-data-time+appt-online-register-tail-grouped-writer-final-data-time+appt-online-register-tail-grouped-writer-final-data-time","256+256+256","8+8+8","32+16+16","4+4+4","2+2+2","1+1+1","7+7+6","ring+ring","2+2",8,0,3,30,10.881792,1.773022,1.773241,0.000220,6,12,4,16,2,4,natural,natural,"appt-ntt-log20-7x7x6-xor-fw16-v1",10.122368,9024.141635,702.457406,9462498338.810955,fused,shoup,-1
2,data-time,4,6-11-5,4,"Tesla V100-SXM2-16GB",7.0,0,"v100-sm70","hierarchical-dataflow-appt-online-register-tail-grouped-writer-final-data-time","experimental",0.000000,"persistent CTA fold roles publish online-reordered packet groups without fold-wide barriers",hierarchical-dataflow,0,named-barrier,0,0,0,3,0,0,0,hermes-xor,inplace,radix4,32,20,1048576,16,998244353,30,0,0,0,dataflow-radix4,"7+7+6","appt-online-register-tail-grouped-writer-final-data-time+appt-online-register-tail-grouped-writer-final-data-time+appt-online-register-tail-grouped-writer-final-data-time","256+256+256","8+8+8","32+16+16","4+4+4","2+2+2","1+1+1","7+7+6","ring+ring","2+2",8,0,3,30,10.881632,1.870165,1.870393,0.000227,6,11,5,16,2,4,natural,natural,"appt-ntt-log20-7x7x6-xor-fw16-v1",10.127776,8555.393253,699.313740,8970980035.250193,fused,shoup,-1
2,data-time,4,7-11-4,4,"Tesla V100-SXM2-16GB",7.0,0,"v100-sm70","hierarchical-dataflow-appt-online-register-tail-grouped-writer-final-data-time","experimental",0.000000,"persistent CTA fold roles publish online-reordered packet groups without fold-wide barriers",hierarchical-dataflow,0,named-barrier,0,0,0,3,0,0,0,hermes-xor,inplace,radix4,32,20,1048576,16,998244353,30,0,0,0,dataflow-radix4,"7+7+6","appt-online-register-tail-grouped-writer-final-data-time+appt-online-register-tail-grouped-writer-final-data-time+appt-online-register-tail-grouped-writer-final-data-time","256+256+256","8+8+8","32+16+16","4+4+4","2+2+2","1+1+1","7+7+6","ring+ring","2+2",8,0,3,30,10.882016,1.869926,1.870181,0.000255,7,11,4,16,2,4,natural,natural,"appt-ntt-log20-7x7x6-xor-fw16-v1",10.126336,8556.486260,699.353312,8972126137.016258,fused,shoup,-1
2,data-time,4,6-12-4,6,"Tesla V100-SXM2-16GB",7.0,0,"v100-sm70","hierarchical-dataflow-appt-online-register-tail-grouped-writer-final-data-time","experimental",0.000000,"persistent CTA fold roles publish online-reordered packet groups without fold-wide barriers",hierarchical-dataflow,0,named-barrier,0,0,0,3,0,0,0,hermes-xor,inplace,radix4,32,20,1048576,16,998244353,30,0,0,0,dataflow-radix4,"7+7+6","appt-online-register-tail-grouped-writer-final-data-time+appt-online-register-tail-grouped-writer-final-data-time+appt-online-register-tail-grouped-writer-final-data-time","256+256+256","8+8+8","32+16+16","4+4+4","2+2+2","1+1+1","7+7+6","ring+ring","2+2",8,0,3,30,10.876160,1.768107,1.768347,0.000241,6,12,4,16,2,6,natural,natural,"appt-ntt-log20-7x7x6-xor-fw16-v1",10.125504,9049.227634,702.686064,9488802915.335903,fused,shoup,-1
2,data-time,4,6-11-5,6,"Tesla V100-SXM2-16GB",7.0,0,"v100-sm70","hierarchical-dataflow-appt-online-register-tail-grouped-writer-final-data-time","experimental",0.000000,"persistent CTA fold roles publish online-reordered packet groups without fold-wide barriers",hierarchical-dataflow,0,named-barrier,0,0,0,3,0,0,0,hermes-xor,inplace,radix4,32,20,1048576,16,998244353,30,0,0,0,dataflow-radix4,"7+7+6","appt-online-register-tail-grouped-writer-final-data-time+appt-online-register-tail-grouped-writer-final-data-time+appt-online-register-tail-grouped-writer-final-data-time","256+256+256","8+8+8","32+16+16","4+4+4","2+2+2","1+1+1","7+7+6","ring+ring","2+2",8,0,3,30,10.878848,1.939115,1.939335,0.000220,6,11,5,16,2,6,natural,natural,"appt-ntt-log20-7x7x6-xor-fw16-v1",10.125888,8251.188073,697.354609,8651997784.358540,fused,shoup,-1
2,data-time,4,7-11-4,6,"Tesla V100-SXM2-16GB",7.0,0,"v100-sm70","hierarchical-dataflow-appt-online-register-tail-grouped-writer-final-data-time","experimental",0.000000,"persistent CTA fold roles publish online-reordered packet groups without fold-wide barriers",hierarchical-dataflow,0,named-barrier,0,0,0,3,0,0,0,hermes-xor,inplace,radix4,32,20,1048576,16,998244353,30,0,0,0,dataflow-radix4,"7+7+6","appt-online-register-tail-grouped-writer-final-data-time+appt-online-register-tail-grouped-writer-final-data-time+appt-online-register-tail-grouped-writer-final-data-time","256+256+256","8+8+8","32+16+16","4+4+4","2+2+2","1+1+1","7+7+6","ring+ring","2+2",8,0,3,30,10.890080,1.924437,1.924667,0.000230,7,11,4,16,2,6,natural,natural,"appt-ntt-log20-7x7x6-xor-fw16-v1",10.122560,8314.118693,697.560539,8717985322.459589,fused,shoup,-1
2,data-time,4,6-12-4,7,"Tesla V100-SXM2-16GB",7.0,0,"v100-sm70","hierarchical-dataflow-appt-online-register-tail-grouped-writer-final-data-time","experimental",0.000000,"persistent CTA fold roles publish online-reordered packet groups without fold-wide barriers",hierarchical-dataflow,0,named-barrier,0,0,0,3,0,0,0,hermes-xor,inplace,radix4,32,20,1048576,16,998244353,30,0,0,0,dataflow-radix4,"7+7+6","appt-online-register-tail-grouped-writer-final-data-time+appt-online-register-tail-grouped-writer-final-data-time+appt-online-register-tail-grouped-writer-final-data-time","256+256+256","8+8+8","32+16+16","4+4+4","2+2+2","1+1+1","7+7+6","ring+ring","2+2",8,0,3,30,10.887968,1.862622,1.862840,0.000218,6,12,4,16,2,7,natural,natural,"appt-ntt-log20-7x7x6-xor-fw16-v1",10.123712,8590.042345,699.474913,9007312242.465761,fused,shoup,-1
2,data-time,4,6-11-5,7,"Tesla V100-SXM2-16GB",7.0,0,"v100-sm70","hierarchical-dataflow-appt-online-register-tail-grouped-writer-final-data-time","experimental",0.000000,"persistent CTA fold roles publish online-reordered packet groups without fold-wide barriers",hierarchical-dataflow,0,named-barrier,0,0,0,3,0,0,0,hermes-xor,inplace,radix4,32,20,1048576,16,998244353,30,0,0,0,dataflow-radix4,"7+7+6","appt-online-register-tail-grouped-writer-final-data-time+appt-online-register-tail-grouped-writer-final-data-time+appt-online-register-tail-grouped-writer-final-data-time","256+256+256","8+8+8","32+16+16","4+4+4","2+2+2","1+1+1","7+7+6","ring+ring","2+2",8,0,3,30,10.881952,1.993080,1.993294,0.000214,6,11,5,16,2,7,natural,natural,"appt-ntt-log20-7x7x6-xor-fw16-v1",10.128480,8027.777946,695.545974,8417735287.067182,fused,shoup,-1
2,data-time,4,7-11-4,7,"Tesla V100-SXM2-16GB",7.0,0,"v100-sm70","hierarchical-dataflow-appt-online-register-tail-grouped-writer-final-data-time","experimental",0.000000,"persistent CTA fold roles publish online-reordered packet groups without fold-wide barriers",hierarchical-dataflow,0,named-barrier,0,0,0,3,0,0,0,hermes-xor,inplace,radix4,32,20,1048576,16,998244353,30,0,0,0,dataflow-radix4,"7+7+6","appt-online-register-tail-grouped-writer-final-data-time+appt-online-register-tail-grouped-writer-final-data-time+appt-online-register-tail-grouped-writer-final-data-time","256+256+256","8+8+8","32+16+16","4+4+4","2+2+2","1+1+1","7+7+6","ring+ring","2+2",8,0,3,30,10.883040,1.993865,1.994094,0.000230,7,11,4,16,2,7,natural,natural,"appt-ntt-log20-7x7x6-xor-fw16-v1",10.127328,8024.617374,695.524171,8414421187.938979,fused,shoup,-1
3,v06,0,9-11,0,"Tesla V100-SXM2-16GB",7.0,0,"v100-sm70","hierarchical-dataflow-wave-10x10-resident-radix4","experimental",0.000000,"transform-wave readiness with the generated resident radix-4 core",hierarchical-dataflow,0,named-barrier,0,0,0,4,0,0,0,hermes-xor,inplace,radix4,32,20,1048576,16,998244353,30,0,0,0,dataflow-radix4,"10+10","dataflow-radix4+dataflow-radix4","256+256","1+1","0+0","0+0","0+0","0+0","9+11","full-scratch","1",8,0,3,30,10.875648,1.024546,1.024778,0.000231,0,0,0,0,0,7,natural,natural,"",10.131200,15616.670910,726.236404,16375266315.791140,fused,shoup,-1
3,writer-final,1,6-12-4,0,"Tesla V100-SXM2-16GB",7.0,0,"v100-sm70","hierarchical-dataflow-appt-online-register-tail-grouped-writer-final","experimental",0.000000,"persistent CTA fold roles publish online-reordered packet groups without fold-wide barriers",hierarchical-dataflow,0,named-barrier,0,0,0,3,0,0,0,hermes-xor,inplace,radix4,32,20,1048576,16,998244353,30,0,0,0,dataflow-radix4,"7+7+6","appt-online-register-tail-grouped-writer-final+appt-online-register-tail-grouped-writer-final+appt-online-register-tail-grouped-writer-final","256+256+256","8+8+8","32+16+16","1+1+1","2+2+2","1+1+1","7+7+6","ring+ring","2+2",8,0,3,30,10.882336,1.730799,1.731043,0.000244,6,12,4,16,2,7,natural,natural,"appt-ntt-log20-7x7x6-xor-fw16-v1",10.122720,9244.285658,703.734275,9693336077.921652,fused,shoup,-1
3,data-time,1,6-12-4,4,"Tesla V100-SXM2-16GB",7.0,0,"v100-sm70","hierarchical-dataflow-appt-online-register-tail-grouped-writer-final-data-time","experimental",0.000000,"persistent CTA fold roles publish online-reordered packet groups without fold-wide barriers",hierarchical-dataflow,0,named-barrier,0,0,0,3,0,0,0,hermes-xor,inplace,radix4,32,20,1048576,16,998244353,30,0,0,0,dataflow-radix4,"7+7+6","appt-online-register-tail-grouped-writer-final-data-time+appt-online-register-tail-grouped-writer-final-data-time+appt-online-register-tail-grouped-writer-final-data-time","256+256+256","8+8+8","32+16+16","1+1+1","2+2+2","1+1+1","7+7+6","ring+ring","2+2",8,0,3,30,10.885440,1.724279,1.724518,0.000238,6,12,4,16,2,4,natural,natural,"appt-ntt-log20-7x7x6-xor-fw16-v1",10.124768,9279.238600,703.776585,9729986894.310850,fused,shoup,-1
3,data-time,1,6-11-5,4,"Tesla V100-SXM2-16GB",7.0,0,"v100-sm70","hierarchical-dataflow-appt-online-register-tail-grouped-writer-final-data-time","experimental",0.000000,"persistent CTA fold roles publish online-reordered packet groups without fold-wide barriers",hierarchical-dataflow,0,named-barrier,0,0,0,3,0,0,0,hermes-xor,inplace,radix4,32,20,1048576,16,998244353,30,0,0,0,dataflow-radix4,"7+7+6","appt-online-register-tail-grouped-writer-final-data-time+appt-online-register-tail-grouped-writer-final-data-time+appt-online-register-tail-grouped-writer-final-data-time","256+256+256","8+8+8","32+16+16","1+1+1","2+2+2","1+1+1","7+7+6","ring+ring","2+2",8,0,3,30,10.882304,1.831049,1.831283,0.000234,6,11,5,16,2,4,natural,natural,"appt-ntt-log20-7x7x6-xor-fw16-v1",10.125472,8738.162347,700.561438,9162627320.919359,fused,shoup,-1
3,data-time,1,7-11-4,4,"Tesla V100-SXM2-16GB",7.0,0,"v100-sm70","hierarchical-dataflow-appt-online-register-tail-grouped-writer-final-data-time","experimental",0.000000,"persistent CTA fold roles publish online-reordered packet groups without fold-wide barriers",hierarchical-dataflow,0,named-barrier,0,0,0,3,0,0,0,hermes-xor,inplace,radix4,32,20,1048576,16,998244353,30,0,0,0,dataflow-radix4,"7+7+6","appt-online-register-tail-grouped-writer-final-data-time+appt-online-register-tail-grouped-writer-final-data-time+appt-online-register-tail-grouped-writer-final-data-time","256+256+256","8+8+8","32+16+16","1+1+1","2+2+2","1+1+1","7+7+6","ring+ring","2+2",8,0,3,30,10.899072,1.819750,1.819992,0.000242,7,11,4,16,2,4,natural,natural,"appt-ntt-log20-7x7x6-xor-fw16-v1",10.130176,8792.415048,700.249538,9219515401.158140,fused,shoup,-1
3,data-time,1,6-12-4,6,"Tesla V100-SXM2-16GB",7.0,0,"v100-sm70","hierarchical-dataflow-appt-online-register-tail-grouped-writer-final-data-time","experimental",0.000000,"persistent CTA fold roles publish online-reordered packet groups without fold-wide barriers",hierarchical-dataflow,0,named-barrier,0,0,0,3,0,0,0,hermes-xor,inplace,radix4,32,20,1048576,16,998244353,30,0,0,0,dataflow-radix4,"7+7+6","appt-online-register-tail-grouped-writer-final-data-time+appt-online-register-tail-grouped-writer-final-data-time+appt-online-register-tail-grouped-writer-final-data-time","256+256+256","8+8+8","32+16+16","1+1+1","2+2+2","1+1+1","7+7+6","ring+ring","2+2",8,0,3,30,10.886336,1.736021,1.736258,0.000237,6,12,4,16,2,6,natural,natural,"appt-ntt-log20-7x7x6-xor-fw16-v1",10.135136,9216.476884,703.065132,9664176465.169821,fused,shoup,-1
3,data-time,1,6-11-5,6,"Tesla V100-SXM2-16GB",7.0,0,"v100-sm70","hierarchical-dataflow-appt-online-register-tail-grouped-writer-final-data-time","experimental",0.000000,"persistent CTA fold roles publish online-reordered packet groups without fold-wide barriers",hierarchical-dataflow,0,named-barrier,0,0,0,3,0,0,0,hermes-xor,inplace,radix4,32,20,1048576,16,998244353,30,0,0,0,dataflow-radix4,"7+7+6","appt-online-register-tail-grouped-writer-final-data-time+appt-online-register-tail-grouped-writer-final-data-time+appt-online-register-tail-grouped-writer-final-data-time","256+256+256","8+8+8","32+16+16","1+1+1","2+2+2","1+1+1","7+7+6","ring+ring","2+2",8,0,3,30,10.882368,1.829990,1.830241,0.000250,6,11,5,16,2,6,natural,natural,"appt-ntt-log20-7x7x6-xor-fw16-v1",10.130496,8743.215327,700.437855,9167925754.978415,fused,shoup,-1
3,data-time,1,7-11-4,6,"Tesla V100-SXM2-16GB",7.0,0,"v100-sm70","hierarchical-dataflow-appt-online-register-tail-grouped-writer-final-data-time","experimental",0.000000,"persistent CTA fold roles publish online-reordered packet groups without fold-wide barriers",hierarchical-dataflow,0,named-barrier,0,0,0,3,0,0,0,hermes-xor,inplace,radix4,32,20,1048576,16,998244353,30,0,0,0,dataflow-radix4,"7+7+6","appt-online-register-tail-grouped-writer-final-data-time+appt-online-register-tail-grouped-writer-final-data-time+appt-online-register-tail-grouped-writer-final-data-time","256+256+256","8+8+8","32+16+16","1+1+1","2+2+2","1+1+1","7+7+6","ring+ring","2+2",8,0,3,30,10.883424,1.824154,1.824358,0.000205,7,11,4,16,2,6,natural,natural,"appt-ntt-log20-7x7x6-xor-fw16-v1",10.193216,8771.190901,698.665738,9197260270.337097,fused,shoup,-1
3,data-time,1,6-12-4,7,"Tesla V100-SXM2-16GB",7.0,0,"v100-sm70","hierarchical-dataflow-appt-online-register-tail-grouped-writer-final-data-time","experimental",0.000000,"persistent CTA fold roles publish online-reordered packet groups without fold-wide barriers",hierarchical-dataflow,0,named-barrier,0,0,0,3,0,0,0,hermes-xor,inplace,radix4,32,20,1048576,16,998244353,30,0,0,0,dataflow-radix4,"7+7+6","appt-online-register-tail-grouped-writer-final-data-time+appt-online-register-tail-grouped-writer-final-data-time+appt-online-register-tail-grouped-writer-final-data-time","256+256+256","8+8+8","32+16+16","1+1+1","2+2+2","1+1+1","7+7+6","ring+ring","2+2",8,0,3,30,10.893408,1.735714,1.735931,0.000217,6,12,4,16,2,7,natural,natural,"appt-ntt-log20-7x7x6-xor-fw16-v1",10.122432,9218.108099,703.248677,9665886918.322210,fused,shoup,-1
3,data-time,1,6-11-5,7,"Tesla V100-SXM2-16GB",7.0,0,"v100-sm70","hierarchical-dataflow-appt-online-register-tail-grouped-writer-final-data-time","experimental",0.000000,"persistent CTA fold roles publish online-reordered packet groups without fold-wide barriers",hierarchical-dataflow,0,named-barrier,0,0,0,3,0,0,0,hermes-xor,inplace,radix4,32,20,1048576,16,998244353,30,0,0,0,dataflow-radix4,"7+7+6","appt-online-register-tail-grouped-writer-final-data-time+appt-online-register-tail-grouped-writer-final-data-time+appt-online-register-tail-grouped-writer-final-data-time","256+256+256","8+8+8","32+16+16","1+1+1","2+2+2","1+1+1","7+7+6","ring+ring","2+2",8,0,3,30,10.880384,1.826679,1.826895,0.000215,6,11,5,16,2,7,natural,natural,"appt-ntt-log20-7x7x6-xor-fw16-v1",10.124032,8759.062703,700.798597,9184542932.946157,fused,shoup,-1
3,data-time,1,7-11-4,7,"Tesla V100-SXM2-16GB",7.0,0,"v100-sm70","hierarchical-dataflow-appt-online-register-tail-grouped-writer-final-data-time","experimental",0.000000,"persistent CTA fold roles publish online-reordered packet groups without fold-wide barriers",hierarchical-dataflow,0,named-barrier,0,0,0,3,0,0,0,hermes-xor,inplace,radix4,32,20,1048576,16,998244353,30,0,0,0,dataflow-radix4,"7+7+6","appt-online-register-tail-grouped-writer-final-data-time+appt-online-register-tail-grouped-writer-final-data-time+appt-online-register-tail-grouped-writer-final-data-time","256+256+256","8+8+8","32+16+16","1+1+1","2+2+2","1+1+1","7+7+6","ring+ring","2+2",8,0,3,30,10.876064,1.821150,1.821380,0.000230,7,11,4,16,2,7,natural,natural,"appt-ntt-log20-7x7x6-xor-fw16-v1",10.122016,8785.658253,701.163008,9212430388.767572,fused,shoup,-1
3,data-time,2,6-12-4,4,"Tesla V100-SXM2-16GB",7.0,0,"v100-sm70","hierarchical-dataflow-appt-online-register-tail-grouped-writer-final-data-time","experimental",0.000000,"persistent CTA fold roles publish online-reordered packet groups without fold-wide barriers",hierarchical-dataflow,0,named-barrier,0,0,0,3,0,0,0,hermes-xor,inplace,radix4,32,20,1048576,16,998244353,30,0,0,0,dataflow-radix4,"7+7+6","appt-online-register-tail-grouped-writer-final-data-time+appt-online-register-tail-grouped-writer-final-data-time+appt-online-register-tail-grouped-writer-final-data-time","256+256+256","8+8+8","32+16+16","2+2+2","2+2+2","1+1+1","7+7+6","ring+ring","2+2",8,0,3,30,10.894464,1.744725,1.744954,0.000229,6,12,4,16,2,4,natural,natural,"appt-ntt-log20-7x7x6-xor-fw16-v1",10.132896,9170.497827,702.614617,9615963929.811913,fused,shoup,-1
3,data-time,2,6-11-5,4,"Tesla V100-SXM2-16GB",7.0,0,"v100-sm70","hierarchical-dataflow-appt-online-register-tail-grouped-writer-final-data-time","experimental",0.000000,"persistent CTA fold roles publish online-reordered packet groups without fold-wide barriers",hierarchical-dataflow,0,named-barrier,0,0,0,3,0,0,0,hermes-xor,inplace,radix4,32,20,1048576,16,998244353,30,0,0,0,dataflow-radix4,"7+7+6","appt-online-register-tail-grouped-writer-final-data-time+appt-online-register-tail-grouped-writer-final-data-time+appt-online-register-tail-grouped-writer-final-data-time","256+256+256","8+8+8","32+16+16","2+2+2","2+2+2","1+1+1","7+7+6","ring+ring","2+2",8,0,3,30,10.886112,1.840606,1.840842,0.000236,6,11,5,16,2,4,natural,natural,"appt-ntt-log20-7x7x6-xor-fw16-v1",10.127648,8692.789345,700.085035,9115050279.740536,fused,shoup,-1
3,data-time,2,7-11-4,4,"Tesla V100-SXM2-16GB",7.0,0,"v100-sm70","hierarchical-dataflow-appt-online-register-tail-grouped-writer-final-data-time","experimental",0.000000,"persistent CTA fold roles publish online-reordered packet groups without fold-wide barriers",hierarchical-dataflow,0,named-barrier,0,0,0,3,0,0,0,hermes-xor,inplace,radix4,32,20,1048576,16,998244353,30,0,0,0,dataflow-radix4,"7+7+6","appt-online-register-tail-grouped-writer-final-data-time+appt-online-register-tail-grouped-writer-final-data-time+appt-online-register-tail-grouped-writer-final-data-time","256+256+256","8+8+8","32+16+16","2+2+2","2+2+2","1+1+1","7+7+6","ring+ring","2+2",8,0,3,30,10.878880,1.835452,1.835690,0.000239,7,11,4,16,2,4,natural,natural,"appt-ntt-log20-7x7x6-xor-fw16-v1",10.128224,8717.200135,700.447019,9140646848.718296,fused,shoup,-1
3,data-time,2,6-12-4,6,"Tesla V100-SXM2-16GB",7.0,0,"v100-sm70","hierarchical-dataflow-appt-online-register-tail-grouped-writer-final-data-time","experimental",0.000000,"persistent CTA fold roles publish online-reordered packet groups without fold-wide barriers",hierarchical-dataflow,0,named-barrier,0,0,0,3,0,0,0,hermes-xor,inplace,radix4,32,20,1048576,16,998244353,30,0,0,0,dataflow-radix4,"7+7+6","appt-online-register-tail-grouped-writer-final-data-time+appt-online-register-tail-grouped-writer-final-data-time+appt-online-register-tail-grouped-writer-final-data-time","256+256+256","8+8+8","32+16+16","2+2+2","2+2+2","1+1+1","7+7+6","ring+ring","2+2",8,0,3,30,10.883168,1.720047,1.720302,0.000255,6,12,4,16,2,6,natural,natural,"appt-ntt-log20-7x7x6-xor-fw16-v1",10.132000,9302.072057,703.754064,9753929509.679079,fused,shoup,-1
3,data-time,2,6-11-5,6,"Tesla V100-SXM2-16GB",7.0,0,"v100-sm70","hierarchical-dataflow-appt-online-register-tail-grouped-writer-final-data-time","experimental",0.000000,"persistent CTA fold roles publish online-reordered packet groups without fold-wide barriers",hierarchical-dataflow,0,named-barrier,0,0,0,3,0,0,0,hermes-xor,inplace,radix4,32,20,1048576,16,998244353,30,0,0,0,dataflow-radix4,"7+7+6","appt-online-register-tail-grouped-writer-final-data-time+appt-online-register-tail-grouped-writer-final-data-time+appt-online-register-tail-grouped-writer-final-data-time","256+256+256","8+8+8","32+16+16","2+2+2","2+2+2","1+1+1","7+7+6","ring+ring","2+2",8,0,3,30,10.879488,1.827567,1.827795,0.000228,6,11,5,16,2,6,natural,natural,"appt-ntt-log20-7x7x6-xor-fw16-v1",10.126816,8754.809650,700.713438,9180083283.335405,fused,shoup,-1
3,data-time,2,7-11-4,6,"Tesla V100-SXM2-16GB",7.0,0,"v100-sm70","hierarchical-dataflow-appt-online-register-tail-grouped-writer-final-data-time","experimental",0.000000,"persistent CTA fold roles publish online-reordered packet groups without fold-wide barriers",hierarchical-dataflow,0,named-barrier,0,0,0,3,0,0,0,hermes-xor,inplace,radix4,32,20,1048576,16,998244353,30,0,0,0,dataflow-radix4,"7+7+6","appt-online-register-tail-grouped-writer-final-data-time+appt-online-register-tail-grouped-writer-final-data-time+appt-online-register-tail-grouped-writer-final-data-time","256+256+256","8+8+8","32+16+16","2+2+2","2+2+2","1+1+1","7+7+6","ring+ring","2+2",8,0,3,30,10.876864,1.812616,1.812870,0.000254,7,11,4,16,2,6,natural,natural,"appt-ntt-log20-7x7x6-xor-fw16-v1",10.126208,8827.019001,701.271825,9255800276.030067,fused,shoup,-1
3,data-time,2,6-12-4,7,"Tesla V100-SXM2-16GB",7.0,0,"v100-sm70","hierarchical-dataflow-appt-online-register-tail-grouped-writer-final-data-time","experimental",0.000000,"persistent CTA fold roles publish online-reordered packet groups without fold-wide barriers",hierarchical-dataflow,0,named-barrier,0,0,0,3,0,0,0,hermes-xor,inplace,radix4,32,20,1048576,16,998244353,30,0,0,0,dataflow-radix4,"7+7+6","appt-online-register-tail-grouped-writer-final-data-time+appt-online-register-tail-grouped-writer-final-data-time+appt-online-register-tail-grouped-writer-final-data-time","256+256+256","8+8+8","32+16+16","2+2+2","2+2+2","1+1+1","7+7+6","ring+ring","2+2",8,0,3,30,10.882656,1.771554,1.771815,0.000261,6,12,4,16,2,7,natural,natural,"appt-ntt-log20-7x7x6-xor-fw16-v1",10.126368,9031.617387,702.352683,9470337232.879305,fused,shoup,-1
3,data-time,2,6-11-5,7,"Tesla V100-SXM2-16GB",7.0,0,"v100-sm70","hierarchical-dataflow-appt-online-register-tail-grouped-writer-final-data-time","experimental",0.000000,"persistent CTA fold roles publish online-reordered packet groups without fold-wide barriers",hierarchical-dataflow,0,named-barrier,0,0,0,3,0,0,0,hermes-xor,inplace,radix4,32,20,1048576,16,998244353,30,0,0,0,dataflow-radix4,"7+7+6","appt-online-register-tail-grouped-writer-final-data-time+appt-online-register-tail-grouped-writer-final-data-time+appt-online-register-tail-grouped-writer-final-data-time","256+256+256","8+8+8","32+16+16","2+2+2","2+2+2","1+1+1","7+7+6","ring+ring","2+2",8,0,3,30,10.883776,1.849958,1.850185,0.000227,6,11,5,16,2,7,natural,natural,"appt-ntt-log20-7x7x6-xor-fw16-v1",10.124544,8648.843038,699.965230,9068969237.598089,fused,shoup,-1
3,data-time,2,7-11-4,7,"Tesla V100-SXM2-16GB",7.0,0,"v100-sm70","hierarchical-dataflow-appt-online-register-tail-grouped-writer-final-data-time","experimental",0.000000,"persistent CTA fold roles publish online-reordered packet groups without fold-wide barriers",hierarchical-dataflow,0,named-barrier,0,0,0,3,0,0,0,hermes-xor,inplace,radix4,32,20,1048576,16,998244353,30,0,0,0,dataflow-radix4,"7+7+6","appt-online-register-tail-grouped-writer-final-data-time+appt-online-register-tail-grouped-writer-final-data-time+appt-online-register-tail-grouped-writer-final-data-time","256+256+256","8+8+8","32+16+16","2+2+2","2+2+2","1+1+1","7+7+6","ring+ring","2+2",8,0,3,30,10.881888,1.857297,1.857518,0.000221,7,11,4,16,2,7,natural,natural,"appt-ntt-log20-7x7x6-xor-fw16-v1",10.124800,8614.669306,699.790517,9033135482.398390,fused,shoup,-1
3,data-time,4,6-12-4,4,"Tesla V100-SXM2-16GB",7.0,0,"v100-sm70","hierarchical-dataflow-appt-online-register-tail-grouped-writer-final-data-time","experimental",0.000000,"persistent CTA fold roles publish online-reordered packet groups without fold-wide barriers",hierarchical-dataflow,0,named-barrier,0,0,0,3,0,0,0,hermes-xor,inplace,radix4,32,20,1048576,16,998244353,30,0,0,0,dataflow-radix4,"7+7+6","appt-online-register-tail-grouped-writer-final-data-time+appt-online-register-tail-grouped-writer-final-data-time+appt-online-register-tail-grouped-writer-final-data-time","256+256+256","8+8+8","32+16+16","4+4+4","2+2+2","1+1+1","7+7+6","ring+ring","2+2",8,0,3,30,10.887392,1.778893,1.779139,0.000246,6,12,4,16,2,4,natural,natural,"appt-ntt-log20-7x7x6-xor-fw16-v1",10.130976,8994.358963,701.838714,9431268944.149996,fused,shoup,-1
3,data-time,4,6-11-5,4,"Tesla V100-SXM2-16GB",7.0,0,"v100-sm70","hierarchical-dataflow-appt-online-register-tail-grouped-writer-final-data-time","experimental",0.000000,"persistent CTA fold roles publish online-reordered packet groups without fold-wide barriers",hierarchical-dataflow,0,named-barrier,0,0,0,3,0,0,0,hermes-xor,inplace,radix4,32,20,1048576,16,998244353,30,0,0,0,dataflow-radix4,"7+7+6","appt-online-register-tail-grouped-writer-final-data-time+appt-online-register-tail-grouped-writer-final-data-time+appt-online-register-tail-grouped-writer-final-data-time","256+256+256","8+8+8","32+16+16","4+4+4","2+2+2","1+1+1","7+7+6","ring+ring","2+2",8,0,3,30,10.880416,1.871223,1.871463,0.000240,6,11,5,16,2,4,natural,natural,"appt-ntt-log20-7x7x6-xor-fw16-v1",10.122208,8550.555522,699.488809,8965907306.594908,fused,shoup,-1
3,data-time,4,7-11-4,4,"Tesla V100-SXM2-16GB",7.0,0,"v100-sm70","hierarchical-dataflow-appt-online-register-tail-grouped-writer-final-data-time","experimental",0.000000,"persistent CTA fold roles publish online-reordered packet groups without fold-wide barriers",hierarchical-dataflow,0,named-barrier,0,0,0,3,0,0,0,hermes-xor,inplace,radix4,32,20,1048576,16,998244353,30,0,0,0,dataflow-radix4,"7+7+6","appt-online-register-tail-grouped-writer-final-data-time+appt-online-register-tail-grouped-writer-final-data-time+appt-online-register-tail-grouped-writer-final-data-time","256+256+256","8+8+8","32+16+16","4+4+4","2+2+2","1+1+1","7+7+6","ring+ring","2+2",8,0,3,30,10.883456,1.866138,1.866401,0.000263,7,11,4,16,2,4,natural,natural,"appt-ntt-log20-7x7x6-xor-fw16-v1",10.125504,8573.858539,699.450574,8990342291.022587,fused,shoup,-1
3,data-time,4,6-12-4,6,"Tesla V100-SXM2-16GB",7.0,0,"v100-sm70","hierarchical-dataflow-appt-online-register-tail-grouped-writer-final-data-time","experimental",0.000000,"persistent CTA fold roles publish online-reordered packet groups without fold-wide barriers",hierarchical-dataflow,0,named-barrier,0,0,0,3,0,0,0,hermes-xor,inplace,radix4,32,20,1048576,16,998244353,30,0,0,0,dataflow-radix4,"7+7+6","appt-online-register-tail-grouped-writer-final-data-time+appt-online-register-tail-grouped-writer-final-data-time+appt-online-register-tail-grouped-writer-final-data-time","256+256+256","8+8+8","32+16+16","4+4+4","2+2+2","1+1+1","7+7+6","ring+ring","2+2",8,0,3,30,10.887616,1.766366,1.766623,0.000257,6,12,4,16,2,6,natural,natural,"appt-ntt-log20-7x7x6-xor-fw16-v1",10.124032,9058.146565,702.431741,9498155092.194489,fused,shoup,-1
3,data-time,4,6-11-5,6,"Tesla V100-SXM2-16GB",7.0,0,"v100-sm70","hierarchical-dataflow-appt-online-register-tail-grouped-writer-final-data-time","experimental",0.000000,"persistent CTA fold roles publish online-reordered packet groups without fold-wide barriers",hierarchical-dataflow,0,named-barrier,0,0,0,3,0,0,0,hermes-xor,inplace,radix4,32,20,1048576,16,998244353,30,0,0,0,dataflow-radix4,"7+7+6","appt-online-register-tail-grouped-writer-final-data-time+appt-online-register-tail-grouped-writer-final-data-time+appt-online-register-tail-grouped-writer-final-data-time","256+256+256","8+8+8","32+16+16","4+4+4","2+2+2","1+1+1","7+7+6","ring+ring","2+2",8,0,3,30,10.882560,1.922901,1.923154,0.000252,6,11,5,16,2,6,natural,natural,"appt-ntt-log20-7x7x6-xor-fw16-v1",10.124288,8320.760003,697.783488,8724949240.789276,fused,shoup,-1
3,data-time,4,7-11-4,6,"Tesla V100-SXM2-16GB",7.0,0,"v100-sm70","hierarchical-dataflow-appt-online-register-tail-grouped-writer-final-data-time","experimental",0.000000,"persistent CTA fold roles publish online-reordered packet groups without fold-wide barriers",hierarchical-dataflow,0,named-barrier,0,0,0,3,0,0,0,hermes-xor,inplace,radix4,32,20,1048576,16,998244353,30,0,0,0,dataflow-radix4,"7+7+6","appt-online-register-tail-grouped-writer-final-data-time+appt-online-register-tail-grouped-writer-final-data-time+appt-online-register-tail-grouped-writer-final-data-time","256+256+256","8+8+8","32+16+16","4+4+4","2+2+2","1+1+1","7+7+6","ring+ring","2+2",8,0,3,30,10.882528,1.933107,1.933339,0.000231,7,11,4,16,2,6,natural,natural,"appt-ntt-log20-7x7x6-xor-fw16-v1",10.125504,8276.829929,697.437033,8678885219.745661,fused,shoup,-1
3,data-time,4,6-12-4,7,"Tesla V100-SXM2-16GB",7.0,0,"v100-sm70","hierarchical-dataflow-appt-online-register-tail-grouped-writer-final-data-time","experimental",0.000000,"persistent CTA fold roles publish online-reordered packet groups without fold-wide barriers",hierarchical-dataflow,0,named-barrier,0,0,0,3,0,0,0,hermes-xor,inplace,radix4,32,20,1048576,16,998244353,30,0,0,0,dataflow-radix4,"7+7+6","appt-online-register-tail-grouped-writer-final-data-time+appt-online-register-tail-grouped-writer-final-data-time+appt-online-register-tail-grouped-writer-final-data-time","256+256+256","8+8+8","32+16+16","4+4+4","2+2+2","1+1+1","7+7+6","ring+ring","2+2",8,0,3,30,10.877056,1.855966,1.856211,0.000245,6,12,4,16,2,7,natural,natural,"appt-ntt-log20-7x7x6-xor-fw16-v1",10.129888,8620.848264,699.823439,9039614589.489735,fused,shoup,-1
3,data-time,4,6-11-5,7,"Tesla V100-SXM2-16GB",7.0,0,"v100-sm70","hierarchical-dataflow-appt-online-register-tail-grouped-writer-final-data-time","experimental",0.000000,"persistent CTA fold roles publish online-reordered packet groups without fold-wide barriers",hierarchical-dataflow,0,named-barrier,0,0,0,3,0,0,0,hermes-xor,inplace,radix4,32,20,1048576,16,998244353,30,0,0,0,dataflow-radix4,"7+7+6","appt-online-register-tail-grouped-writer-final-data-time+appt-online-register-tail-grouped-writer-final-data-time+appt-online-register-tail-grouped-writer-final-data-time","256+256+256","8+8+8","32+16+16","4+4+4","2+2+2","1+1+1","7+7+6","ring+ring","2+2",8,0,3,30,10.883744,2.013116,2.013332,0.000216,6,11,5,16,2,7,natural,natural,"appt-ntt-log20-7x7x6-xor-fw16-v1",10.119552,7947.879221,695.156148,8333955402.021811,fused,shoup,-1
3,data-time,4,7-11-4,7,"Tesla V100-SXM2-16GB",7.0,0,"v100-sm70","hierarchical-dataflow-appt-online-register-tail-grouped-writer-final-data-time","experimental",0.000000,"persistent CTA fold roles publish online-reordered packet groups without fold-wide barriers",hierarchical-dataflow,0,named-barrier,0,0,0,3,0,0,0,hermes-xor,inplace,radix4,32,20,1048576,16,998244353,30,0,0,0,dataflow-radix4,"7+7+6","appt-online-register-tail-grouped-writer-final-data-time+appt-online-register-tail-grouped-writer-final-data-time+appt-online-register-tail-grouped-writer-final-data-time","256+256+256","8+8+8","32+16+16","4+4+4","2+2+2","1+1+1","7+7+6","ring+ring","2+2",8,0,3,30,10.884288,1.989154,1.989386,0.000231,7,11,4,16,2,7,natural,natural,"appt-ntt-log20-7x7x6-xor-fw16-v1",10.122880,8043.619666,695.763434,8434346535.052875,fused,shoup,-1
1,v06,0,9-11,0,"Tesla V100-SXM2-16GB",7.0,0,"v100-sm70","hierarchical-dataflow-wave-10x10-resident-radix4","experimental",0.000000,"transform-wave readiness with the generated resident radix-4 core",hierarchical-dataflow,0,named-barrier,0,0,0,2,0,0,0,hermes-xor,inplace,radix4,64,20,1048576,4,576460756061519873,60,0,0,0,dataflow-radix4,"10+10","dataflow-radix4+dataflow-radix4","256+256","1+1","0+0","0+0","0+0","0+0","9+11","full-scratch","1",8,0,3,30,5.459136,0.555110,0.555390,0.000280,0,0,0,0,0,7,natural,natural,"",5.104800,7205.773908,359.743073,7555801581.309639,fused,shoup,-1
1,writer-final,1,8-8-4,0,"Tesla V100-SXM2-16GB",7.0,0,"v100-sm70","hierarchical-dataflow-appt-online-register-tail-grouped-writer-final","experimental",0.000000,"persistent CTA fold roles publish online-reordered packet groups without fold-wide barriers",hierarchical-dataflow,0,named-barrier,0,0,0,2,0,0,0,hermes-xor,inplace,radix4,64,20,1048576,4,576460756061519873,60,0,0,0,dataflow-radix4,"7+7+6","appt-online-register-tail-grouped-writer-final+appt-online-register-tail-grouped-writer-final+appt-online-register-tail-grouped-writer-final","256+256+256","8+8+8","32+16+16","1+1+1","2+2+2","1+1+1","10+5+5","ring+ring","2+2",8,0,3,30,5.465888,0.871185,0.871441,0.000255,8,8,4,8,2,7,natural,natural,"appt-ntt-log20-7x7x6-xor-fw8-v1",5.101568,4591.446943,349.691881,4814481069.293914,fused,shoup,-1
1,data-time,1,8-8-4,4,"Tesla V100-SXM2-16GB",7.0,0,"v100-sm70","hierarchical-dataflow-appt-online-register-tail-grouped-writer-final-data-time","experimental",0.000000,"persistent CTA fold roles publish online-reordered packet groups without fold-wide barriers",hierarchical-dataflow,0,named-barrier,0,0,0,2,0,0,0,hermes-xor,inplace,radix4,64,20,1048576,4,576460756061519873,60,0,0,0,dataflow-radix4,"7+7+6","appt-online-register-tail-grouped-writer-final-data-time+appt-online-register-tail-grouped-writer-final-data-time+appt-online-register-tail-grouped-writer-final-data-time","256+256+256","8+8+8","32+16+16","1+1+1","2+2+2","1+1+1","10+5+5","ring+ring","2+2",8,0,3,30,5.466976,0.879548,0.879809,0.000261,8,8,4,8,2,4,natural,natural,"appt-ntt-log20-7x7x6-xor-fw8-v1",5.103552,4547.791620,349.342665,4768705146.224988,fused,shoup,-1
1,data-time,1,8-7-5,4,"Tesla V100-SXM2-16GB",7.0,0,"v100-sm70","hierarchical-dataflow-appt-online-register-tail-grouped-writer-final-data-time","experimental",0.000000,"persistent CTA fold roles publish online-reordered packet groups without fold-wide barriers",hierarchical-dataflow,0,named-barrier,0,0,0,2,0,0,0,hermes-xor,inplace,radix4,64,20,1048576,4,576460756061519873,60,0,0,0,dataflow-radix4,"7+7+6","appt-online-register-tail-grouped-writer-final-data-time+appt-online-register-tail-grouped-writer-final-data-time+appt-online-register-tail-grouped-writer-final-data-time","256+256+256","8+8+8","32+16+16","1+1+1","2+2+2","1+1+1","10+5+5","ring+ring","2+2",8,0,3,30,5.472544,1.018470,1.018695,0.000225,8,7,5,8,2,4,natural,natural,"appt-ntt-log20-7x7x6-xor-fw8-v1",5.106176,3927.458249,344.911123,4118238461.420658,fused,shoup,-1
1,data-time,1,9-8-3,4,"Tesla V100-SXM2-16GB",7.0,0,"v100-sm70","hierarchical-dataflow-appt-online-register-tail-grouped-writer-final-data-time","experimental",0.000000,"persistent CTA fold roles publish online-reordered packet groups without fold-wide barriers",hierarchical-dataflow,0,named-barrier,0,0,0,2,0,0,0,hermes-xor,inplace,radix4,64,20,1048576,4,576460756061519873,60,0,0,0,dataflow-radix4,"7+7+6","appt-online-register-tail-grouped-writer-final-data-time+appt-online-register-tail-grouped-writer-final-data-time+appt-online-register-tail-grouped-writer-final-data-time","256+256+256","8+8+8","32+16+16","1+1+1","2+2+2","1+1+1","10+5+5","ring+ring","2+2",8,0,3,30,5.460832,0.910165,0.910410,0.000245,9,8,3,8,2,4,natural,natural,"appt-ntt-log20-7x7x6-xor-fw8-v1",5.107392,4394.805751,348.480949,4608287834.830568,fused,shoup,-1
1,data-time,1,8-8-4,6,"Tesla V100-SXM2-16GB",7.0,0,"v100-sm70","hierarchical-dataflow-appt-online-register-tail-grouped-writer-final-data-time","experimental",0.000000,"persistent CTA fold roles publish online-reordered packet groups without fold-wide barriers",hierarchical-dataflow,0,named-barrier,0,0,0,2,0,0,0,hermes-xor,inplace,radix4,64,20,1048576,4,576460756061519873,60,0,0,0,dataflow-radix4,"7+7+6","appt-online-register-tail-grouped-writer-final-data-time+appt-online-register-tail-grouped-writer-final-data-time+appt-online-register-tail-grouped-writer-final-data-time","256+256+256","8+8+8","32+16+16","1+1+1","2+2+2","1+1+1","10+5+5","ring+ring","2+2",8,0,3,30,5.466048,0.878490,0.878761,0.000272,8,8,4,8,2,6,natural,natural,"appt-ntt-log20-7x7x6-xor-fw8-v1",5.104096,4553.269542,349.386681,4774449162.957973,fused,shoup,-1
1,data-time,1,8-7-5,6,"Tesla V100-SXM2-16GB",7.0,0,"v100-sm70","hierarchical-dataflow-appt-online-register-tail-grouped-writer-final-data-time","experimental",0.000000,"persistent CTA fold roles publish online-reordered packet groups without fold-wide barriers",hierarchical-dataflow,0,named-barrier,0,0,0,2,0,0,0,hermes-xor,inplace,radix4,64,20,1048576,4,576460756061519873,60,0,0,0,dataflow-radix4,"7+7+6","appt-online-register-tail-grouped-writer-final-data-time+appt-online-register-tail-grouped-writer-final-data-time+appt-online-register-tail-grouped-writer-final-data-time","256+256+256","8+8+8","32+16+16","1+1+1","2+2+2","1+1+1","10+5+5","ring+ring","2+2",8,0,3,30,5.464736,1.016525,1.016767,0.000243,8,7,5,8,2,6,natural,natural,"appt-ntt-log20-7x7x6-xor-fw8-v1",5.108352,3934.975352,345.136633,4126120714.590017,fused,shoup,-1
1,data-time,1,9-8-3,6,"Tesla V100-SXM2-16GB",7.0,0,"v100-sm70","hierarchical-dataflow-appt-online-register-tail-grouped-writer-final-data-time","experimental",0.000000,"persistent CTA fold roles publish online-reordered packet groups without fold-wide barriers",hierarchical-dataflow,0,named-barrier,0,0,0,2,0,0,0,hermes-xor,inplace,radix4,64,20,1048576,4,576460756061519873,60,0,0,0,dataflow-radix4,"7+7+6","appt-online-register-tail-grouped-writer-final-data-time+appt-online-register-tail-grouped-writer-final-data-time+appt-online-register-tail-grouped-writer-final-data-time","256+256+256","8+8+8","32+16+16","1+1+1","2+2+2","1+1+1","10+5+5","ring+ring","2+2",8,0,3,30,5.465408,0.909961,0.910200,0.000240,9,8,3,8,2,6,natural,natural,"appt-ntt-log20-7x7x6-xor-fw8-v1",5.106336,4395.794874,348.380329,4609325005.635765,fused,shoup,-1
1,data-time,1,8-8-4,7,"Tesla V100-SXM2-16GB",7.0,0,"v100-sm70","hierarchical-dataflow-appt-online-register-tail-grouped-writer-final-data-time","experimental",0.000000,"persistent CTA fold roles publish online-reordered packet groups without fold-wide barriers",hierarchical-dataflow,0,named-barrier,0,0,0,2,0,0,0,hermes-xor,inplace,radix4,64,20,1048576,4,576460756061519873,60,0,0,0,dataflow-radix4,"7+7+6","appt-online-register-tail-grouped-writer-final-data-time+appt-online-register-tail-grouped-writer-final-data-time+appt-online-register-tail-grouped-writer-final-data-time","256+256+256","8+8+8","32+16+16","1+1+1","2+2+2","1+1+1","10+5+5","ring+ring","2+2",8,0,3,30,5.468640,0.951023,0.951305,0.000282,8,8,4,8,2,7,natural,natural,"appt-ntt-log20-7x7x6-xor-fw8-v1",5.119264,4205.997462,346.652686,4410307994.260794,fused,shoup,-1
1,data-time,1,8-7-5,7,"Tesla V100-SXM2-16GB",7.0,0,"v100-sm70","hierarchical-dataflow-appt-online-register-tail-grouped-writer-final-data-time","experimental",0.000000,"persistent CTA fold roles publish online-reordered packet groups without fold-wide barriers",hierarchical-dataflow,0,named-barrier,0,0,0,2,0,0,0,hermes-xor,inplace,radix4,64,20,1048576,4,576460756061519873,60,0,0,0,dataflow-radix4,"7+7+6","appt-online-register-tail-grouped-writer-final-data-time+appt-online-register-tail-grouped-writer-final-data-time+appt-online-register-tail-grouped-writer-final-data-time","256+256+256","8+8+8","32+16+16","1+1+1","2+2+2","1+1+1","10+5+5","ring+ring","2+2",8,0,3,30,5.472768,1.101107,1.101348,0.000241,8,7,5,8,2,7,natural,natural,"appt-ntt-log20-7x7x6-xor-fw8-v1",5.111040,3632.707414,342.321701,3809169809.057639,fused,shoup,-1
1,data-time,1,9-8-3,7,"Tesla V100-SXM2-16GB",7.0,0,"v100-sm70","hierarchical-dataflow-appt-online-register-tail-grouped-writer-final-data-time","experimental",0.000000,"persistent CTA fold roles publish online-reordered packet groups without fold-wide barriers",hierarchical-dataflow,0,named-barrier,0,0,0,2,0,0,0,hermes-xor,inplace,radix4,64,20,1048576,4,576460756061519873,60,0,0,0,dataflow-radix4,"7+7+6","appt-online-register-tail-grouped-writer-final-data-time+appt-online-register-tail-grouped-writer-final-data-time+appt-online-register-tail-grouped-writer-final-data-time","256+256+256","8+8+8","32+16+16","1+1+1","2+2+2","1+1+1","10+5+5","ring+ring","2+2",8,0,3,30,5.475040,0.983962,0.984214,0.000252,9,8,3,8,2,7,natural,natural,"appt-ntt-log20-7x7x6-xor-fw8-v1",5.107456,4065.199120,345.827570,4262670232.120318,fused,shoup,-1
1,data-time,2,8-8-4,4,"Tesla V100-SXM2-16GB",7.0,0,"v100-sm70","hierarchical-dataflow-appt-online-register-tail-grouped-writer-final-data-time","experimental",0.000000,"persistent CTA fold roles publish online-reordered packet groups without fold-wide barriers",hierarchical-dataflow,0,named-barrier,0,0,0,2,0,0,0,hermes-xor,inplace,radix4,64,20,1048576,4,576460756061519873,60,0,0,0,dataflow-radix4,"7+7+6","appt-online-register-tail-grouped-writer-final-data-time+appt-online-register-tail-grouped-writer-final-data-time+appt-online-register-tail-grouped-writer-final-data-time","256+256+256","8+8+8","32+16+16","2+2+2","2+2+2","1+1+1","10+5+5","ring+ring","2+2",8,0,3,30,5.477792,0.977135,0.977400,0.000265,8,8,4,8,2,4,natural,natural,"appt-ntt-log20-7x7x6-xor-fw8-v1",5.106528,4093.600407,345.977229,4292451139.948483,fused,shoup,-1
1,data-time,2,8-7-5,4,"Tesla V100-SXM2-16GB",7.0,0,"v100-sm70","hierarchical-dataflow-appt-online-register-tail-grouped-writer-final-data-time","experimental",0.000000,"persistent CTA fold roles publish online-reordered packet groups without fold-wide barriers",hierarchical-dataflow,0,named-barrier,0,0,0,2,0,0,0,hermes-xor,inplace,radix4,64,20,1048576,4,576460756061519873,60,0,0,0,dataflow-radix4,"7+7+6","appt-online-register-tail-grouped-writer-final-data-time+appt-online-register-tail-grouped-writer-final-data-time+appt-online-register-tail-grouped-writer-final-data-time","256+256+256","8+8+8","32+16+16","2+2+2","2+2+2","1+1+1","10+5+5","ring+ring","2+2",8,0,3,30,5.471616,1.124625,1.124907,0.000282,8,7,5,8,2,4,natural,natural,"appt-ntt-log20-7x7x6-xor-fw8-v1",5.108832,3556.741238,341.732181,3729513500.881807,fused,shoup,-1
1,data-time,2,9-8-3,4,"Tesla V100-SXM2-16GB",7.0,0,"v100-sm70","hierarchical-dataflow-appt-online-register-tail-grouped-writer-final-data-time","experimental",0.000000,"persistent CTA fold roles publish online-reordered packet groups without fold-wide barriers",hierarchical-dataflow,0,named-barrier,0,0,0,2,0,0,0,hermes-xor,inplace,radix4,64,20,1048576,4,576460756061519873,60,0,0,0,dataflow-radix4,"7+7+6","appt-online-register-tail-grouped-writer-final-data-time+appt-online-register-tail-grouped-writer-final-data-time+appt-online-register-tail-grouped-writer-final-data-time","256+256+256","8+8+8","32+16+16","2+2+2","2+2+2","1+1+1","10+5+5","ring+ring","2+2",8,0,3,30,5.467392,1.024273,1.024527,0.000254,9,8,3,8,2,4,natural,natural,"appt-ntt-log20-7x7x6-xor-fw8-v1",5.107040,3905.208721,344.866088,4094908139.490295,fused,shoup,-1
1,data-time,2,8-8-4,6,"Tesla V100-SXM2-16GB",7.0,0,"v100-sm70","hierarchical-dataflow-appt-online-register-tail-grouped-writer-final-data-time","experimental",0.000000,"persistent CTA fold roles publish online-reordered packet groups without fold-wide barriers",hierarchical-dataflow,0,named-barrier,0,0,0,2,0,0,0,hermes-xor,inplace,radix4,64,20,1048576,4,576460756061519873,60,0,0,0,dataflow-radix4,"7+7+6","appt-online-register-tail-grouped-writer-final-data-time+appt-online-register-tail-grouped-writer-final-data-time+appt-online-register-tail-grouped-writer-final-data-time","256+256+256","8+8+8","32+16+16","2+2+2","2+2+2","1+1+1","10+5+5","ring+ring","2+2",8,0,3,30,5.472000,0.980514,0.980807,0.000293,8,8,4,8,2,6,natural,natural,"appt-ntt-log20-7x7x6-xor-fw8-v1",5.107968,4079.492299,346.006330,4277657716.453769,fused,shoup,-1
1,data-time,2,8-7-5,6,"Tesla V100-SXM2-16GB",7.0,0,"v100-sm70","hierarchical-dataflow-appt-online-register-tail-grouped-writer-final-data-time","experimental",0.000000,"persistent CTA fold roles publish online-reordered packet groups without fold-wide barriers",hierarchical-dataflow,0,named-barrier,0,0,0,2,0,0,0,hermes-xor,inplace,radix4,64,20,1048576,4,576460756061519873,60,0,0,0,dataflow-radix4,"7+7+6","appt-online-register-tail-grouped-writer-final-data-time+appt-online-register-tail-grouped-writer-final-data-time+appt-online-register-tail-grouped-writer-final-data-time","256+256+256","8+8+8","32+16+16","2+2+2","2+2+2","1+1+1","10+5+5","ring+ring","2+2",8,0,3,30,5.472352,1.107661,1.107934,0.000273,8,7,5,8,2,6,natural,natural,"appt-ntt-log20-7x7x6-xor-fw8-v1",5.109184,3611.213927,342.196315,3786632254.226876,fused,shoup,-1
1,data-time,2,9-8-3,6,"Tesla V100-SXM2-16GB",7.0,0,"v100-sm70","hierarchical-dataflow-appt-online-register-tail-grouped-writer-final-data-time","experimental",0.000000,"persistent CTA fold roles publish online-reordered packet groups without fold-wide barriers",hierarchical-dataflow,0,named-barrier,0,0,0,2,0,0,0,hermes-xor,inplace,radix4,64,20,1048576,4,576460756061519873,60,0,0,0,dataflow-radix4,"7+7+6","appt-online-register-tail-grouped-writer-final-data-time+appt-online-register-tail-grouped-writer-final-data-time+appt-online-register-tail-grouped-writer-final-data-time","256+256+256","8+8+8","32+16+16","2+2+2","2+2+2","1+1+1","10+5+5","ring+ring","2+2",8,0,3,30,5.478112,1.030212,1.030460,0.000248,9,8,3,8,2,6,natural,natural,"appt-ntt-log20-7x7x6-xor-fw8-v1",5.109152,3882.694922,344.308857,4071300710.217382,fused,shoup,-1
1,data-time,2,8-8-4,7,"Tesla V100-SXM2-16GB",7.0,0,"v100-sm70","hierarchical-dataflow-appt-online-register-tail-grouped-writer-final-data-time","experimental",0.000000,"persistent CTA fold roles publish online-reordered packet groups without fold-wide barriers",hierarchical-dataflow,0,named-barrier,0,0,0,2,0,0,0,hermes-xor,inplace,radix4,64,20,1048576,4,576460756061519873,60,0,0,0,dataflow-radix4,"7+7+6","appt-online-register-tail-grouped-writer-final-data-time+appt-online-register-tail-grouped-writer-final-data-time+appt-online-register-tail-grouped-writer-final-data-time","256+256+256","8+8+8","32+16+16","2+2+2","2+2+2","1+1+1","10+5+5","ring+ring","2+2",8,0,3,30,5.473632,1.015671,1.015925,0.000253,8,8,4,8,2,7,natural,natural,"appt-ntt-log20-7x7x6-xor-fw8-v1",5.123072,3938.281258,344.460098,4129587208.653450,fused,shoup,-1
1,data-time,2,8-7-5,7,"Tesla V100-SXM2-16GB",7.0,0,"v100-sm70","hierarchical-dataflow-appt-online-register-tail-grouped-writer-final-data-time","experimental",0.000000,"persistent CTA fold roles publish online-reordered packet groups without fold-wide barriers",hierarchical-dataflow,0,named-barrier,0,0,0,2,0,0,0,hermes-xor,inplace,radix4,64,20,1048576,4,576460756061519873,60,0,0,0,dataflow-radix4,"7+7+6","appt-online-register-tail-grouped-writer-final-data-time+appt-online-register-tail-grouped-writer-final-data-time+appt-online-register-tail-grouped-writer-final-data-time","256+256+256","8+8+8","32+16+16","2+2+2","2+2+2","1+1+1","10+5+5","ring+ring","2+2",8,0,3,30,5.472160,1.141623,1.141914,0.000290,8,7,5,8,2,7,natural,natural,"appt-ntt-log20-7x7x6-xor-fw8-v1",5.116832,3503.782489,340.988089,3673982227.030780,fused,shoup,-1
1,data-time,2,9-8-3,7,"Tesla V100-SXM2-16GB",7.0,0,"v100-sm70","hierarchical-dataflow-appt-online-register-tail-grouped-writer-final-data-time","experimental",0.000000,"persistent CTA fold roles publish online-reordered packet groups without fold-wide barriers",hierarchical-dataflow,0,named-barrier,0,0,0,2,0,0,0,hermes-xor,inplace,radix4,64,20,1048576,4,576460756061519873,60,0,0,0,dataflow-radix4,"7+7+6","appt-online-register-tail-grouped-writer-final-data-time+appt-online-register-tail-grouped-writer-final-data-time+appt-online-register-tail-grouped-writer-final-data-time","256+256+256","8+8+8","32+16+16","2+2+2","2+2+2","1+1+1","10+5+5","ring+ring","2+2",8,0,3,30,5.476256,1.067349,1.067597,0.000248,9,8,3,8,2,7,natural,natural,"appt-ntt-log20-7x7x6-xor-fw8-v1",5.119200,3747.601600,342.970653,3929645095.822841,fused,shoup,-1
1,data-time,4,8-8-4,4,"Tesla V100-SXM2-16GB",7.0,0,"v100-sm70","hierarchical-dataflow-appt-online-register-tail-grouped-writer-final-data-time","experimental",0.000000,"persistent CTA fold roles publish online-reordered packet groups without fold-wide barriers",hierarchical-dataflow,0,named-barrier,0,0,0,2,0,0,0,hermes-xor,inplace,radix4,64,20,1048576,4,576460756061519873,60,0,0,0,dataflow-radix4,"7+7+6","appt-online-register-tail-grouped-writer-final-data-time+appt-online-register-tail-grouped-writer-final-data-time+appt-online-register-tail-grouped-writer-final-data-time","256+256+256","8+8+8","32+16+16","4+4+4","2+2+2","1+1+1","10+5+5","ring+ring","2+2",8,0,3,30,5.472288,1.039770,1.040011,0.000241,8,8,4,8,2,4,natural,natural,"appt-ntt-log20-7x7x6-xor-fw8-v1",5.117824,3847.005923,343.941585,4033878082.510187,fused,shoup,-1
1,data-time,4,8-7-5,4,"Tesla V100-SXM2-16GB",7.0,0,"v100-sm70","hierarchical-dataflow-appt-online-register-tail-grouped-writer-final-data-time","experimental",0.000000,"persistent CTA fold roles publish online-reordered packet groups without fold-wide barriers",hierarchical-dataflow,0,named-barrier,0,0,0,2,0,0,0,hermes-xor,inplace,radix4,64,20,1048576,4,576460756061519873,60,0,0,0,dataflow-radix4,"7+7+6","appt-online-register-tail-grouped-writer-final-data-time+appt-online-register-tail-grouped-writer-final-data-time+appt-online-register-tail-grouped-writer-final-data-time","256+256+256","8+8+8","32+16+16","4+4+4","2+2+2","1+1+1","10+5+5","ring+ring","2+2",8,0,3,30,5.473856,1.185826,1.186083,0.000257,8,7,5,8,2,4,natural,natural,"appt-ntt-log20-7x7x6-xor-fw8-v1",5.109952,3373.175986,339.857637,3537031382.862910,fused,shoup,-1
1,data-time,4,9-8-3,4,"Tesla V100-SXM2-16GB",7.0,0,"v100-sm70","hierarchical-dataflow-appt-online-register-tail-grouped-writer-final-data-time","experimental",0.000000,"persistent CTA fold roles publish online-reordered packet groups without fold-wide barriers",hierarchical-dataflow,0,named-barrier,0,0,0,2,0,0,0,hermes-xor,inplace,radix4,64,20,1048576,4,576460756061519873,60,0,0,0,dataflow-radix4,"7+7+6","appt-online-register-tail-grouped-writer-final-data-time+appt-online-register-tail-grouped-writer-final-data-time+appt-online-register-tail-grouped-writer-final-data-time","256+256+256","8+8+8","32+16+16","4+4+4","2+2+2","1+1+1","10+5+5","ring+ring","2+2",8,0,3,30,5.481984,1.125922,1.126200,0.000278,9,8,3,8,2,4,natural,natural,"appt-ntt-log20-7x7x6-xor-fw8-v1",5.111392,3552.643702,341.317365,3725216922.329562,fused,shoup,-1
1,data-time,4,8-8-4,6,"Tesla V100-SXM2-16GB",7.0,0,"v100-sm70","hierarchical-dataflow-appt-online-register-tail-grouped-writer-final-data-time","experimental",0.000000,"persistent CTA fold roles publish online-reordered packet groups without fold-wide barriers",hierarchical-dataflow,0,named-barrier,0,0,0,2,0,0,0,hermes-xor,inplace,radix4,64,20,1048576,4,576460756061519873,60,0,0,0,dataflow-radix4,"7+7+6","appt-online-register-tail-grouped-writer-final-data-time+appt-online-register-tail-grouped-writer-final-data-time+appt-online-register-tail-grouped-writer-final-data-time","256+256+256","8+8+8","32+16+16","4+4+4","2+2+2","1+1+1","10+5+5","ring+ring","2+2",8,0,3,30,5.474400,1.059533,1.059809,0.000276,8,8,4,8,2,6,natural,natural,"appt-ntt-log20-7x7x6-xor-fw8-v1",5.119712,3775.249001,343.240257,3958635496.810814,fused,shoup,-1
1,data-time,4,8-7-5,6,"Tesla V100-SXM2-16GB",7.0,0,"v100-sm70","hierarchical-dataflow-appt-online-register-tail-grouped-writer-final-data-time","experimental",0.000000,"persistent CTA fold roles publish online-reordered packet groups without fold-wide barriers",hierarchical-dataflow,0,named-barrier,0,0,0,2,0,0,0,hermes-xor,inplace,radix4,64,20,1048576,4,576460756061519873,60,0,0,0,dataflow-radix4,"7+7+6","appt-online-register-tail-grouped-writer-final-data-time+appt-online-register-tail-grouped-writer-final-data-time+appt-online-register-tail-grouped-writer-final-data-time","256+256+256","8+8+8","32+16+16","4+4+4","2+2+2","1+1+1","10+5+5","ring+ring","2+2",8,0,3,30,5.474208,1.282321,1.282581,0.000260,8,7,5,8,2,6,natural,natural,"appt-ntt-log20-7x7x6-xor-fw8-v1",5.110368,3119.343520,337.072116,3270868751.070314,fused,shoup,-1
1,data-time,4,9-8-3,6,"Tesla V100-SXM2-16GB",7.0,0,"v100-sm70","hierarchical-dataflow-appt-online-register-tail-grouped-writer-final-data-time","experimental",0.000000,"persistent CTA fold roles publish online-reordered packet groups without fold-wide barriers",hierarchical-dataflow,0,named-barrier,0,0,0,2,0,0,0,hermes-xor,inplace,radix4,64,20,1048576,4,576460756061519873,60,0,0,0,dataflow-radix4,"7+7+6","appt-online-register-tail-grouped-writer-final-data-time+appt-online-register-tail-grouped-writer-final-data-time+appt-online-register-tail-grouped-writer-final-data-time","256+256+256","8+8+8","32+16+16","4+4+4","2+2+2","1+1+1","10+5+5","ring+ring","2+2",8,0,3,30,5.469984,1.139132,1.139362,0.000230,9,8,3,8,2,6,natural,natural,"appt-ntt-log20-7x7x6-xor-fw8-v1",5.112512,3511.446589,341.249531,3682018618.237499,fused,shoup,-1
1,data-time,4,8-8-4,7,"Tesla V100-SXM2-16GB",7.0,0,"v100-sm70","hierarchical-dataflow-appt-online-register-tail-grouped-writer-final-data-time","experimental",0.000000,"persistent CTA fold roles publish online-reordered packet groups without fold-wide barriers",hierarchical-dataflow,0,named-barrier,0,0,0,2,0,0,0,hermes-xor,inplace,radix4,64,20,1048576,4,576460756061519873,60,0,0,0,dataflow-radix4,"7+7+6","appt-online-register-tail-grouped-writer-final-data-time+appt-online-register-tail-grouped-writer-final-data-time+appt-online-register-tail-grouped-writer-final-data-time","256+256+256","8+8+8","32+16+16","4+4+4","2+2+2","1+1+1","10+5+5","ring+ring","2+2",8,0,3,30,5.473536,1.172548,1.172803,0.000255,8,8,4,8,2,7,natural,natural,"appt-ntt-log20-7x7x6-xor-fw8-v1",5.113536,3411.373348,340.147040,3577084220.088393,fused,shoup,-1
1,data-time,4,8-7-5,7,"Tesla V100-SXM2-16GB",7.0,0,"v100-sm70","hierarchical-dataflow-appt-online-register-tail-grouped-writer-final-data-time","experimental",0.000000,"persistent CTA fold roles publish online-reordered packet groups without fold-wide barriers",hierarchical-dataflow,0,named-barrier,0,0,0,2,0,0,0,hermes-xor,inplace,radix4,64,20,1048576,4,576460756061519873,60,0,0,0,dataflow-radix4,"7+7+6","appt-online-register-tail-grouped-writer-final-data-time+appt-online-register-tail-grouped-writer-final-data-time+appt-online-register-tail-grouped-writer-final-data-time","256+256+256","8+8+8","32+16+16","4+4+4","2+2+2","1+1+1","10+5+5","ring+ring","2+2",8,0,3,30,5.489120,1.397862,1.398118,0.000255,8,7,5,8,2,7,natural,natural,"appt-ntt-log20-7x7x6-xor-fw8-v1",5.115616,2861.512151,333.261178,3000512965.016984,fused,shoup,-1
1,data-time,4,9-8-3,7,"Tesla V100-SXM2-16GB",7.0,0,"v100-sm70","hierarchical-dataflow-appt-online-register-tail-grouped-writer-final-data-time","experimental",0.000000,"persistent CTA fold roles publish online-reordered packet groups without fold-wide barriers",hierarchical-dataflow,0,named-barrier,0,0,0,2,0,0,0,hermes-xor,inplace,radix4,64,20,1048576,4,576460756061519873,60,0,0,0,dataflow-radix4,"7+7+6","appt-online-register-tail-grouped-writer-final-data-time+appt-online-register-tail-grouped-writer-final-data-time+appt-online-register-tail-grouped-writer-final-data-time","256+256+256","8+8+8","32+16+16","4+4+4","2+2+2","1+1+1","10+5+5","ring+ring","2+2",8,0,3,30,5.474752,1.244058,1.244296,0.000238,9,8,3,8,2,7,natural,natural,"appt-ntt-log20-7x7x6-xor-fw8-v1",5.113600,3215.285374,338.054568,3371471076.059579,fused,shoup,-1
2,v06,0,9-11,0,"Tesla V100-SXM2-16GB",7.0,0,"v100-sm70","hierarchical-dataflow-wave-10x10-resident-radix4","experimental",0.000000,"transform-wave readiness with the generated resident radix-4 core",hierarchical-dataflow,0,named-barrier,0,0,0,2,0,0,0,hermes-xor,inplace,radix4,64,20,1048576,4,576460756061519873,60,0,0,0,dataflow-radix4,"10+10","dataflow-radix4+dataflow-radix4","256+256","1+1","0+0","0+0","0+0","0+0","9+11","full-scratch","1",8,0,3,30,5.461056,0.597879,0.598125,0.000246,0,0,0,0,0,7,natural,natural,"",5.115776,6690.311684,357.951067,7015300264.861870,fused,shoup,-1
2,writer-final,1,8-8-4,0,"Tesla V100-SXM2-16GB",7.0,0,"v100-sm70","hierarchical-dataflow-appt-online-register-tail-grouped-writer-final","experimental",0.000000,"persistent CTA fold roles publish online-reordered packet groups without fold-wide barriers",hierarchical-dataflow,0,named-barrier,0,0,0,2,0,0,0,hermes-xor,inplace,radix4,64,20,1048576,4,576460756061519873,60,0,0,0,dataflow-radix4,"7+7+6","appt-online-register-tail-grouped-writer-final+appt-online-register-tail-grouped-writer-final+appt-online-register-tail-grouped-writer-final","256+256+256","8+8+8","32+16+16","1+1+1","2+2+2","1+1+1","10+5+5","ring+ring","2+2",8,0,3,30,5.479456,0.927607,0.927855,0.000247,8,8,4,8,2,7,natural,natural,"appt-ntt-log20-7x7x6-xor-fw8-v1",5.111456,4312.168779,347.266856,4521636689.335912,fused,shoup,-1
2,data-time,1,8-8-4,4,"Tesla V100-SXM2-16GB",7.0,0,"v100-sm70","hierarchical-dataflow-appt-online-register-tail-grouped-writer-final-data-time","experimental",0.000000,"persistent CTA fold roles publish online-reordered packet groups without fold-wide barriers",hierarchical-dataflow,0,named-barrier,0,0,0,2,0,0,0,hermes-xor,inplace,radix4,64,20,1048576,4,576460756061519873,60,0,0,0,dataflow-radix4,"7+7+6","appt-online-register-tail-grouped-writer-final-data-time+appt-online-register-tail-grouped-writer-final-data-time+appt-online-register-tail-grouped-writer-final-data-time","256+256+256","8+8+8","32+16+16","1+1+1","2+2+2","1+1+1","10+5+5","ring+ring","2+2",8,0,3,30,5.469664,0.936073,0.936347,0.000274,8,8,4,8,2,4,natural,natural,"appt-ntt-log20-7x7x6-xor-fw8-v1",5.108608,4273.173156,347.392771,4480746814.927081,fused,shoup,-1
2,data-time,1,8-7-5,4,"Tesla V100-SXM2-16GB",7.0,0,"v100-sm70","hierarchical-dataflow-appt-online-register-tail-grouped-writer-final-data-time","experimental",0.000000,"persistent CTA fold roles publish online-reordered packet groups without fold-wide barriers",hierarchical-dataflow,0,named-barrier,0,0,0,2,0,0,0,hermes-xor,inplace,radix4,64,20,1048576,4,576460756061519873,60,0,0,0,dataflow-radix4,"7+7+6","appt-online-register-tail-grouped-writer-final-data-time+appt-online-register-tail-grouped-writer-final-data-time+appt-online-register-tail-grouped-writer-final-data-time","256+256+256","8+8+8","32+16+16","1+1+1","2+2+2","1+1+1","10+5+5","ring+ring","2+2",8,0,3,30,5.470112,1.082129,1.082366,0.000237,8,7,5,8,2,4,natural,natural,"appt-ntt-log20-7x7x6-xor-fw8-v1",5.114592,3696.416965,342.852257,3875974115.591465,fused,shoup,-1
2,data-time,1,9-8-3,4,"Tesla V100-SXM2-16GB",7.0,0,"v100-sm70","hierarchical-dataflow-appt-online-register-tail-grouped-writer-final-data-time","experimental",0.000000,"persistent CTA fold roles publish online-reordered packet groups without fold-wide barriers",hierarchical-dataflow,0,named-barrier,0,0,0,2,0,0,0,hermes-xor,inplace,radix4,64,20,1048576,4,576460756061519873,60,0,0,0,dataflow-radix4,"7+7+6","appt-online-register-tail-grouped-writer-final-data-time+appt-online-register-tail-grouped-writer-final-data-time+appt-online-register-tail-grouped-writer-final-data-time","256+256+256","8+8+8","32+16+16","1+1+1","2+2+2","1+1+1","10+5+5","ring+ring","2+2",8,0,3,30,5.471040,0.968499,0.968771,0.000271,9,8,3,8,2,4,natural,natural,"appt-ntt-log20-7x7x6-xor-fw8-v1",5.107136,4130.101571,346.420081,4330725384.994265,fused,shoup,-1
2,data-time,1,8-8-4,6,"Tesla V100-SXM2-16GB",7.0,0,"v100-sm70","hierarchical-dataflow-appt-online-register-tail-grouped-writer-final-data-time","experimental",0.000000,"persistent CTA fold roles publish online-reordered packet groups without fold-wide barriers",hierarchical-dataflow,0,named-barrier,0,0,0,2,0,0,0,hermes-xor,inplace,radix4,64,20,1048576,4,576460756061519873,60,0,0,0,dataflow-radix4,"7+7+6","appt-online-register-tail-grouped-writer-final-data-time+appt-online-register-tail-grouped-writer-final-data-time+appt-online-register-tail-grouped-writer-final-data-time","256+256+256","8+8+8","32+16+16","1+1+1","2+2+2","1+1+1","10+5+5","ring+ring","2+2",8,0,3,30,5.480768,0.936277,0.936541,0.000264,8,8,4,8,2,6,natural,natural,"appt-ntt-log20-7x7x6-xor-fw8-v1",5.112320,4272.238441,346.940168,4479766695.142202,fused,shoup,-1
2,data-time,1,8-7-5,6,"Tesla V100-SXM2-16GB",7.0,0,"v100-sm70","hierarchical-dataflow-appt-online-register-tail-grouped-writer-final-data-time","experimental",0.000000,"persistent CTA fold roles publish online-reordered packet groups without fold-wide barriers",hierarchical-dataflow,0,named-barrier,0,0,0,2,0,0,0,hermes-xor,inplace,radix4,64,20,1048576,4,576460756061519873,60,0,0,0,dataflow-radix4,"7+7+6","appt-online-register-tail-grouped-writer-final-data-time+appt-online-register-tail-grouped-writer-final-data-time+appt-online-register-tail-grouped-writer-final-data-time","256+256+256","8+8+8","32+16+16","1+1+1","2+2+2","1+1+1","10+5+5","ring+ring","2+2",8,0,3,30,5.471840,1.083392,1.083639,0.000247,8,7,5,8,2,6,natural,natural,"appt-ntt-log20-7x7x6-xor-fw8-v1",5.110080,3692.108075,342.896971,3871455916.642221,fused,shoup,-1
2,data-time,1,9-8-3,6,"Tesla V100-SXM2-16GB",7.0,0,"v100-sm70","hierarchical-dataflow-appt-online-register-tail-grouped-writer-final-data-time","experimental",0.000000,"persistent CTA fold roles publish online-reordered packet groups without fold-wide barriers",hierarchical-dataflow,0,named-barrier,0,0,0,2,0,0,0,hermes-xor,inplace,radix4,64,20,1048576,4,576460756061519873,60,0,0,0,dataflow-radix4,"7+7+6","appt-online-register-tail-grouped-writer-final-data-time+appt-online-register-tail-grouped-writer-final-data-time+appt-online-register-tail-grouped-writer-final-data-time","256+256+256","8+8+8","32+16+16","1+1+1","2+2+2","1+1+1","10+5+5","ring+ring","2+2",8,0,3,30,5.472256,0.969079,0.969322,0.000242,9,8,3,8,2,6,natural,natural,"appt-ntt-log20-7x7x6-xor-fw8-v1",5.118528,4127.628609,346.024847,4328132296.559790,fused,shoup,-1
2,data-time,1,8-8-4,7,"Tesla V100-SXM2-16GB",7.0,0,"v100-sm70","hierarchical-dataflow-appt-online-register-tail-grouped-writer-final-data-time","experimental",0.000000,"persistent CTA fold roles publish online-reordered packet groups without fold-wide barriers",hierarchical-dataflow,0,named-barrier,0,0,0,2,0,0,0,hermes-xor,inplace,radix4,64,20,1048576,4,576460756061519873,60,0,0,0,dataflow-radix4,"7+7+6","appt-online-register-tail-grouped-writer-final-data-time+appt-online-register-tail-grouped-writer-final-data-time+appt-online-register-tail-grouped-writer-final-data-time","256+256+256","8+8+8","32+16+16","1+1+1","2+2+2","1+1+1","10+5+5","ring+ring","2+2",8,0,3,30,5.472448,0.935083,0.935358,0.000275,8,8,4,8,2,7,natural,natural,"appt-ntt-log20-7x7x6-xor-fw8-v1",5.109376,4277.696626,347.315488,4485490017.625096,fused,shoup,-1
2,data-time,1,8-7-5,7,"Tesla V100-SXM2-16GB",7.0,0,"v100-sm70","hierarchical-dataflow-appt-online-register-tail-grouped-writer-final-data-time","experimental",0.000000,"persistent CTA fold roles publish online-reordered packet groups without fold-wide barriers",hierarchical-dataflow,0,named-barrier,0,0,0,2,0,0,0,hermes-xor,inplace,radix4,64,20,1048576,4,576460756061519873,60,0,0,0,dataflow-radix4,"7+7+6","appt-online-register-tail-grouped-writer-final-data-time+appt-online-register-tail-grouped-writer-final-data-time+appt-online-register-tail-grouped-writer-final-data-time","256+256+256","8+8+8","32+16+16","1+1+1","2+2+2","1+1+1","10+5+5","ring+ring","2+2",8,0,3,30,5.547712,1.080832,1.081167,0.000335,8,7,5,8,2,7,natural,natural,"appt-ntt-log20-7x7x6-xor-fw8-v1",5.100032,3700.852661,341.047379,3880625279.742212,fused,shoup,-1
2,data-time,1,9-8-3,7,"Tesla V100-SXM2-16GB",7.0,0,"v100-sm70","hierarchical-dataflow-appt-online-register-tail-grouped-writer-final-data-time","experimental",0.000000,"persistent CTA fold roles publish online-reordered packet groups without fold-wide barriers",hierarchical-dataflow,0,named-barrier,0,0,0,2,0,0,0,hermes-xor,inplace,radix4,64,20,1048576,4,576460756061519873,60,0,0,0,dataflow-radix4,"7+7+6","appt-online-register-tail-grouped-writer-final-data-time+appt-online-register-tail-grouped-writer-final-data-time+appt-online-register-tail-grouped-writer-final-data-time","256+256+256","8+8+8","32+16+16","1+1+1","2+2+2","1+1+1","10+5+5","ring+ring","2+2",8,0,3,30,5.475584,0.967817,0.968065,0.000249,9,8,3,8,2,7,natural,natural,"appt-ntt-log20-7x7x6-xor-fw8-v1",5.106912,4133.014749,346.310971,4333780073.805771,fused,shoup,-1
2,data-time,2,8-8-4,4,"Tesla V100-SXM2-16GB",7.0,0,"v100-sm70","hierarchical-dataflow-appt-online-register-tail-grouped-writer-final-data-time","experimental",0.000000,"persistent CTA fold roles publish online-reordered packet groups without fold-wide barriers",hierarchical-dataflow,0,named-barrier,0,0,0,2,0,0,0,hermes-xor,inplace,radix4,64,20,1048576,4,576460756061519873,60,0,0,0,dataflow-radix4,"7+7+6","appt-online-register-tail-grouped-writer-final-data-time+appt-online-register-tail-grouped-writer-final-data-time+appt-online-register-tail-grouped-writer-final-data-time","256+256+256","8+8+8","32+16+16","2+2+2","2+2+2","1+1+1","10+5+5","ring+ring","2+2",8,0,3,30,5.482080,0.961911,0.962182,0.000271,8,8,4,8,2,4,natural,natural,"appt-ntt-log20-7x7x6-xor-fw8-v1",5.113856,4158.386972,346.085210,4360384777.682958,fused,shoup,-1
2,data-time,2,8-7-5,4,"Tesla V100-SXM2-16GB",7.0,0,"v100-sm70","hierarchical-dataflow-appt-online-register-tail-grouped-writer-final-data-time","experimental",0.000000,"persistent CTA fold roles publish online-reordered packet groups without fold-wide barriers",hierarchical-dataflow,0,named-barrier,0,0,0,2,0,0,0,hermes-xor,inplace,radix4,64,20,1048576,4,576460756061519873,60,0,0,0,dataflow-radix4,"7+7+6","appt-online-register-tail-grouped-writer-final-data-time+appt-online-register-tail-grouped-writer-final-data-time+appt-online-register-tail-grouped-writer-final-data-time","256+256+256","8+8+8","32+16+16","2+2+2","2+2+2","1+1+1","10+5+5","ring+ring","2+2",8,0,3,30,5.481984,1.108412,1.108662,0.000250,8,7,5,8,2,4,natural,natural,"appt-ntt-log20-7x7x6-xor-fw8-v1",5.116000,3608.767103,341.693546,3784066573.317020,fused,shoup,-1
2,data-time,2,9-8-3,4,"Tesla V100-SXM2-16GB",7.0,0,"v100-sm70","hierarchical-dataflow-appt-online-register-tail-grouped-writer-final-data-time","experimental",0.000000,"persistent CTA fold roles publish online-reordered packet groups without fold-wide barriers",hierarchical-dataflow,0,named-barrier,0,0,0,2,0,0,0,hermes-xor,inplace,radix4,64,20,1048576,4,576460756061519873,60,0,0,0,dataflow-radix4,"7+7+6","appt-online-register-tail-grouped-writer-final-data-time+appt-online-register-tail-grouped-writer-final-data-time+appt-online-register-tail-grouped-writer-final-data-time","256+256+256","8+8+8","32+16+16","2+2+2","2+2+2","1+1+1","10+5+5","ring+ring","2+2",8,0,3,30,5.473376,1.009698,1.009981,0.000283,9,8,3,8,2,4,natural,natural,"appt-ntt-log20-7x7x6-xor-fw8-v1",5.113952,3961.579993,344.916012,4154017702.656990,fused,shoup,-1
2,data-time,2,8-8-4,6,"Tesla V100-SXM2-16GB",7.0,0,"v100-sm70","hierarchical-dataflow-appt-online-register-tail-grouped-writer-final-data-time","experimental",0.000000,"persistent CTA fold roles publish online-reordered packet groups without fold-wide barriers",hierarchical-dataflow,0,named-barrier,0,0,0,2,0,0,0,hermes-xor,inplace,radix4,64,20,1048576,4,576460756061519873,60,0,0,0,dataflow-radix4,"7+7+6","appt-online-register-tail-grouped-writer-final-data-time+appt-online-register-tail-grouped-writer-final-data-time+appt-online-register-tail-grouped-writer-final-data-time","256+256+256","8+8+8","32+16+16","2+2+2","2+2+2","1+1+1","10+5+5","ring+ring","2+2",8,0,3,30,5.475776,0.967714,0.967991,0.000277,8,8,4,8,2,6,natural,natural,"appt-ntt-log20-7x7x6-xor-fw8-v1",5.111488,4133.452093,346.171142,4334238662.189002,fused,shoup,-1
2,data-time,2,8-7-5,6,"Tesla V100-SXM2-16GB",7.0,0,"v100-sm70","hierarchical-dataflow-appt-online-register-tail-grouped-writer-final-data-time","experimental",0.000000,"persistent CTA fold roles publish online-reordered packet groups without fold-wide barriers",hierarchical-dataflow,0,named-barrier,0,0,0,2,0,0,0,hermes-xor,inplace,radix4,64,20,1048576,4,576460756061519873,60,0,0,0,dataflow-radix4,"7+7+6","appt-online-register-tail-grouped-writer-final-data-time+appt-online-register-tail-grouped-writer-final-data-time+appt-online-register-tail-grouped-writer-final-data-time","256+256+256","8+8+8","32+16+16","2+2+2","2+2+2","1+1+1","10+5+5","ring+ring","2+2",8,0,3,30,5.478112,1.090628,1.090889,0.000260,8,7,5,8,2,6,natural,natural,"appt-ntt-log20-7x7x6-xor-fw8-v1",5.118752,3667.610792,342.246209,3845768654.150635,fused,shoup,-1
2,data-time,2,9-8-3,6,"Tesla V100-SXM2-16GB",7.0,0,"v100-sm70","hierarchical-dataflow-appt-online-register-tail-grouped-writer-final-data-time","experimental",0.000000,"persistent CTA fold roles publish online-reordered packet groups without fold-wide barriers",hierarchical-dataflow,0,named-barrier,0,0,0,2,0,0,0,hermes-xor,inplace,radix4,64,20,1048576,4,576460756061519873,60,0,0,0,dataflow-radix4,"7+7+6","appt-online-register-tail-grouped-writer-final-data-time+appt-online-register-tail-grouped-writer-final-data-time+appt-online-register-tail-grouped-writer-final-data-time","256+256+256","8+8+8","32+16+16","2+2+2","2+2+2","1+1+1","10+5+5","ring+ring","2+2",8,0,3,30,5.469888,1.014135,1.014406,0.000270,9,8,3,8,2,6,natural,natural,"appt-ntt-log20-7x7x6-xor-fw8-v1",5.110240,3944.246187,344.998192,4135841889.982645,fused,shoup,-1
2,data-time,2,8-8-4,7,"Tesla V100-SXM2-16GB",7.0,0,"v100-sm70","hierarchical-dataflow-appt-online-register-tail-grouped-writer-final-data-time","experimental",0.000000,"persistent CTA fold roles publish online-reordered packet groups without fold-wide barriers",hierarchical-dataflow,0,named-barrier,0,0,0,2,0,0,0,hermes-xor,inplace,radix4,64,20,1048576,4,576460756061519873,60,0,0,0,dataflow-radix4,"7+7+6","appt-online-register-tail-grouped-writer-final-data-time+appt-online-register-tail-grouped-writer-final-data-time+appt-online-register-tail-grouped-writer-final-data-time","256+256+256","8+8+8","32+16+16","2+2+2","2+2+2","1+1+1","10+5+5","ring+ring","2+2",8,0,3,30,5.471776,0.999799,1.000109,0.000309,8,8,4,8,2,7,natural,natural,"appt-ntt-log20-7x7x6-xor-fw8-v1",5.115680,4000.802201,345.206846,4195145168.662750,fused,shoup,-1
2,data-time,2,8-7-5,7,"Tesla V100-SXM2-16GB",7.0,0,"v100-sm70","hierarchical-dataflow-appt-online-register-tail-grouped-writer-final-data-time","experimental",0.000000,"persistent CTA fold roles publish online-reordered packet groups without fold-wide barriers",hierarchical-dataflow,0,named-barrier,0,0,0,2,0,0,0,hermes-xor,inplace,radix4,64,20,1048576,4,576460756061519873,60,0,0,0,dataflow-radix4,"7+7+6","appt-online-register-tail-grouped-writer-final-data-time+appt-online-register-tail-grouped-writer-final-data-time+appt-online-register-tail-grouped-writer-final-data-time","256+256+256","8+8+8","32+16+16","2+2+2","2+2+2","1+1+1","10+5+5","ring+ring","2+2",8,0,3,30,5.471616,1.119607,1.119877,0.000270,8,7,5,8,2,7,natural,natural,"appt-ntt-log20-7x7x6-xor-fw8-v1",5.114976,3572.680769,341.699295,3746227309.694644,fused,shoup,-1
2,data-time,2,9-8-3,7,"Tesla V100-SXM2-16GB",7.0,0,"v100-sm70","hierarchical-dataflow-appt-online-register-tail-grouped-writer-final-data-time","experimental",0.000000,"persistent CTA fold roles publish online-reordered packet groups without fold-wide barriers",hierarchical-dataflow,0,named-barrier,0,0,0,2,0,0,0,hermes-xor,inplace,radix4,64,20,1048576,4,576460756061519873,60,0,0,0,dataflow-radix4,"7+7+6","appt-online-register-tail-grouped-writer-final-data-time+appt-online-register-tail-grouped-writer-final-data-time+appt-online-register-tail-grouped-writer-final-data-time","256+256+256","8+8+8","32+16+16","2+2+2","2+2+2","1+1+1","10+5+5","ring+ring","2+2",8,0,3,30,5.473696,1.048542,1.048812,0.000271,9,8,3,8,2,7,natural,natural,"appt-ntt-log20-7x7x6-xor-fw8-v1",5.110368,3814.821312,343.861043,4000130072.070931,fused,shoup,-1
2,data-time,4,8-8-4,4,"Tesla V100-SXM2-16GB",7.0,0,"v100-sm70","hierarchical-dataflow-appt-online-register-tail-grouped-writer-final-data-time","experimental",0.000000,"persistent CTA fold roles publish online-reordered packet groups without fold-wide barriers",hierarchical-dataflow,0,named-barrier,0,0,0,2,0,0,0,hermes-xor,inplace,radix4,64,20,1048576,4,576460756061519873,60,0,0,0,dataflow-radix4,"7+7+6","appt-online-register-tail-grouped-writer-final-data-time+appt-online-register-tail-grouped-writer-final-data-time+appt-online-register-tail-grouped-writer-final-data-time","256+256+256","8+8+8","32+16+16","4+4+4","2+2+2","1+1+1","10+5+5","ring+ring","2+2",8,0,3,30,5.486464,1.020484,1.020754,0.000270,8,8,4,8,2,4,natural,natural,"appt-ntt-log20-7x7x6-xor-fw8-v1",5.109984,3919.707426,344.324982,4110111134.299008,fused,shoup,-1
2,data-time,4,8-7-5,4,"Tesla V100-SXM2-16GB",7.0,0,"v100-sm70","hierarchical-dataflow-appt-online-register-tail-grouped-writer-final-data-time","experimental",0.000000,"persistent CTA fold roles publish online-reordered packet groups without fold-wide barriers",hierarchical-dataflow,0,named-barrier,0,0,0,2,0,0,0,hermes-xor,inplace,radix4,64,20,1048576,4,576460756061519873,60,0,0,0,dataflow-radix4,"7+7+6","appt-online-register-tail-grouped-writer-final-data-time+appt-online-register-tail-grouped-writer-final-data-time+appt-online-register-tail-grouped-writer-final-data-time","256+256+256","8+8+8","32+16+16","4+4+4","2+2+2","1+1+1","10+5+5","ring+ring","2+2",8,0,3,30,5.470560,1.164868,1.165106,0.000238,8,7,5,8,2,4,natural,natural,"appt-ntt-log20-7x7x6-xor-fw8-v1",5.113024,3433.864774,340.470371,3600668188.778057,fused,shoup,-1
2,data-time,4,9-8-3,4,"Tesla V100-SXM2-16GB",7.0,0,"v100-sm70","hierarchical-dataflow-appt-online-register-tail-grouped-writer-final-data-time","experimental",0.000000,"persistent CTA fold roles publish online-reordered packet groups without fold-wide barriers",hierarchical-dataflow,0,named-barrier,0,0,0,2,0,0,0,hermes-xor,inplace,radix4,64,20,1048576,4,576460756061519873,60,0,0,0,dataflow-radix4,"7+7+6","appt-online-register-tail-grouped-writer-final-data-time+appt-online-register-tail-grouped-writer-final-data-time+appt-online-register-tail-grouped-writer-final-data-time","256+256+256","8+8+8","32+16+16","4+4+4","2+2+2","1+1+1","10+5+5","ring+ring","2+2",8,0,3,30,5.481280,1.106330,1.106587,0.000257,9,8,3,8,2,4,natural,natural,"appt-ntt-log20-7x7x6-xor-fw8-v1",5.117120,3615.559182,341.742208,3791188584.836376,fused,shoup,-1
2,data-time,4,8-8-4,6,"Tesla V100-SXM2-16GB",7.0,0,"v100-sm70","hierarchical-dataflow-appt-online-register-tail-grouped-writer-final-data-time","experimental",0.000000,"persistent CTA fold roles publish online-reordered packet groups without fold-wide barriers",hierarchical-dataflow,0,named-barrier,0,0,0,2,0,0,0,hermes-xor,inplace,radix4,64,20,1048576,4,576460756061519873,60,0,0,0,dataflow-radix4,"7+7+6","appt-online-register-tail-grouped-writer-final-data-time+appt-online-register-tail-grouped-writer-final-data-time+appt-online-register-tail-grouped-writer-final-data-time","256+256+256","8+8+8","32+16+16","4+4+4","2+2+2","1+1+1","10+5+5","ring+ring","2+2",8,0,3,30,5.471104,1.041135,1.041409,0.000274,8,8,4,8,2,6,natural,natural,"appt-ntt-log20-7x7x6-xor-fw8-v1",5.108288,3841.961108,344.218471,4028588211.263691,fused,shoup,-1
2,data-time,4,8-7-5,6,"Tesla V100-SXM2-16GB",7.0,0,"v100-sm70","hierarchical-dataflow-appt-online-register-tail-grouped-writer-final-data-time","experimental",0.000000,"persistent CTA fold roles publish online-reordered packet groups without fold-wide barriers",hierarchical-dataflow,0,named-barrier,0,0,0,2,0,0,0,hermes-xor,inplace,radix4,64,20,1048576,4,576460756061519873,60,0,0,0,dataflow-radix4,"7+7+6","appt-online-register-tail-grouped-writer-final-data-time+appt-online-register-tail-grouped-writer-final-data-time+appt-online-register-tail-grouped-writer-final-data-time","256+256+256","8+8+8","32+16+16","4+4+4","2+2+2","1+1+1","10+5+5","ring+ring","2+2",8,0,3,30,5.478208,1.257404,1.257681,0.000277,8,7,5,8,2,6,natural,natural,"appt-ntt-log20-7x7x6-xor-fw8-v1",5.120832,3181.158048,337.369289,3335685981.709098,fused,shoup,-1
2,data-time,4,9-8-3,6,"Tesla V100-SXM2-16GB",7.0,0,"v100-sm70","hierarchical-dataflow-appt-online-register-tail-grouped-writer-final-data-time","experimental",0.000000,"persistent CTA fold roles publish online-reordered packet groups without fold-wide barriers",hierarchical-dataflow,0,named-barrier,0,0,0,2,0,0,0,hermes-xor,inplace,radix4,64,20,1048576,4,576460756061519873,60,0,0,0,dataflow-radix4,"7+7+6","appt-online-register-tail-grouped-writer-final-data-time+appt-online-register-tail-grouped-writer-final-data-time+appt-online-register-tail-grouped-writer-final-data-time","256+256+256","8+8+8","32+16+16","4+4+4","2+2+2","1+1+1","10+5+5","ring+ring","2+2",8,0,3,30,5.476192,1.118720,1.118968,0.000248,9,8,3,8,2,6,natural,natural,"appt-ntt-log20-7x7x6-xor-fw8-v1",5.117152,3575.515081,341.528184,3749199301.106515,fused,shoup,-1
2,data-time,4,8-8-4,7,"Tesla V100-SXM2-16GB",7.0,0,"v100-sm70","hierarchical-dataflow-appt-online-register-tail-grouped-writer-final-data-time","experimental",0.000000,"persistent CTA fold roles publish online-reordered packet groups without fold-wide barriers",hierarchical-dataflow,0,named-barrier,0,0,0,2,0,0,0,hermes-xor,inplace,radix4,64,20,1048576,4,576460756061519873,60,0,0,0,dataflow-radix4,"7+7+6","appt-online-register-tail-grouped-writer-final-data-time+appt-online-register-tail-grouped-writer-final-data-time+appt-online-register-tail-grouped-writer-final-data-time","256+256+256","8+8+8","32+16+16","4+4+4","2+2+2","1+1+1","10+5+5","ring+ring","2+2",8,0,3,30,5.472640,1.153911,1.154175,0.000263,8,8,4,8,2,7,natural,natural,"appt-ntt-log20-7x7x6-xor-fw8-v1",5.109568,3466.470435,340.828155,3634857702.759101,fused,shoup,-1
2,data-time,4,8-7-5,7,"Tesla V100-SXM2-16GB",7.0,0,"v100-sm70","hierarchical-dataflow-appt-online-register-tail-grouped-writer-final-data-time","experimental",0.000000,"persistent CTA fold roles publish online-reordered packet groups without fold-wide barriers",hierarchical-dataflow,0,named-barrier,0,0,0,2,0,0,0,hermes-xor,inplace,radix4,64,20,1048576,4,576460756061519873,60,0,0,0,dataflow-radix4,"7+7+6","appt-online-register-tail-grouped-writer-final-data-time+appt-online-register-tail-grouped-writer-final-data-time+appt-online-register-tail-grouped-writer-final-data-time","256+256+256","8+8+8","32+16+16","4+4+4","2+2+2","1+1+1","10+5+5","ring+ring","2+2",8,0,3,30,5.482080,1.372535,1.372803,0.000268,8,7,5,8,2,7,natural,natural,"appt-ntt-log20-7x7x6-xor-fw8-v1",5.108256,2914.314490,334.367887,3055880230.706095,fused,shoup,-1
2,data-time,4,9-8-3,7,"Tesla V100-SXM2-16GB",7.0,0,"v100-sm70","hierarchical-dataflow-appt-online-register-tail-grouped-writer-final-data-time","experimental",0.000000,"persistent CTA fold roles publish online-reordered packet groups without fold-wide barriers",hierarchical-dataflow,0,named-barrier,0,0,0,2,0,0,0,hermes-xor,inplace,radix4,64,20,1048576,4,576460756061519873,60,0,0,0,dataflow-radix4,"7+7+6","appt-online-register-tail-grouped-writer-final-data-time+appt-online-register-tail-grouped-writer-final-data-time+appt-online-register-tail-grouped-writer-final-data-time","256+256+256","8+8+8","32+16+16","4+4+4","2+2+2","1+1+1","10+5+5","ring+ring","2+2",8,0,3,30,5.477920,1.212041,1.212278,0.000237,9,8,3,8,2,7,natural,natural,"appt-ntt-log20-7x7x6-xor-fw8-v1",5.115360,3300.219635,338.830279,3460531103.764576,fused,shoup,-1
3,v06,0,9-11,0,"Tesla V100-SXM2-16GB",7.0,0,"v100-sm70","hierarchical-dataflow-wave-10x10-resident-radix4","experimental",0.000000,"transform-wave readiness with the generated resident radix-4 core",hierarchical-dataflow,0,named-barrier,0,0,0,2,0,0,0,hermes-xor,inplace,radix4,64,20,1048576,4,576460756061519873,60,0,0,0,dataflow-radix4,"10+10","dataflow-radix4+dataflow-radix4","256+256","1+1","0+0","0+0","0+0","0+0","9+11","full-scratch","1",8,0,3,30,5.456864,0.581598,0.581880,0.000282,0,0,0,0,0,7,natural,natural,"",5.110016,6877.604344,358.793383,7211690852.207506,fused,shoup,-1
3,writer-final,1,8-8-4,0,"Tesla V100-SXM2-16GB",7.0,0,"v100-sm70","hierarchical-dataflow-appt-online-register-tail-grouped-writer-final","experimental",0.000000,"persistent CTA fold roles publish online-reordered packet groups without fold-wide barriers",hierarchical-dataflow,0,named-barrier,0,0,0,2,0,0,0,hermes-xor,inplace,radix4,64,20,1048576,4,576460756061519873,60,0,0,0,dataflow-radix4,"7+7+6","appt-online-register-tail-grouped-writer-final+appt-online-register-tail-grouped-writer-final+appt-online-register-tail-grouped-writer-final","256+256+256","8+8+8","32+16+16","1+1+1","2+2+2","1+1+1","10+5+5","ring+ring","2+2",8,0,3,30,5.469088,0.906240,0.906510,0.000270,8,8,4,8,2,7,natural,natural,"appt-ntt-log20-7x7x6-xor-fw8-v1",5.110720,4413.841584,348.248580,4628248352.520309,fused,shoup,-1
3,data-time,1,8-8-4,4,"Tesla V100-SXM2-16GB",7.0,0,"v100-sm70","hierarchical-dataflow-appt-online-register-tail-grouped-writer-final-data-time","experimental",0.000000,"persistent CTA fold roles publish online-reordered packet groups without fold-wide barriers",hierarchical-dataflow,0,named-barrier,0,0,0,2,0,0,0,hermes-xor,inplace,radix4,64,20,1048576,4,576460756061519873,60,0,0,0,dataflow-radix4,"7+7+6","appt-online-register-tail-grouped-writer-final-data-time+appt-online-register-tail-grouped-writer-final-data-time+appt-online-register-tail-grouped-writer-final-data-time","256+256+256","8+8+8","32+16+16","1+1+1","2+2+2","1+1+1","10+5+5","ring+ring","2+2",8,0,3,30,5.470272,0.912759,0.913041,0.000281,8,8,4,8,2,4,natural,natural,"appt-ntt-log20-7x7x6-xor-fw8-v1",5.106944,4382.315468,348.129546,4595190823.824867,fused,shoup,-1
3,data-time,1,8-7-5,4,"Tesla V100-SXM2-16GB",7.0,0,"v100-sm70","hierarchical-dataflow-appt-online-register-tail-grouped-writer-final-data-time","experimental",0.000000,"persistent CTA fold roles publish online-reordered packet groups without fold-wide barriers",hierarchical-dataflow,0,named-barrier,0,0,0,2,0,0,0,hermes-xor,inplace,radix4,64,20,1048576,4,576460756061519873,60,0,0,0,dataflow-radix4,"7+7+6","appt-online-register-tail-grouped-writer-final-data-time+appt-online-register-tail-grouped-writer-final-data-time+appt-online-register-tail-grouped-writer-final-data-time","256+256+256","8+8+8","32+16+16","1+1+1","2+2+2","1+1+1","10+5+5","ring+ring","2+2",8,0,3,30,5.469568,1.056836,1.057163,0.000326,8,7,5,8,2,4,natural,natural,"appt-ntt-log20-7x7x6-xor-fw8-v1",5.105536,3784.881536,343.880728,3968735941.962137,fused,shoup,-1
3,data-time,1,9-8-3,4,"Tesla V100-SXM2-16GB",7.0,0,"v100-sm70","hierarchical-dataflow-appt-online-register-tail-grouped-writer-final-data-time","experimental",0.000000,"persistent CTA fold roles publish online-reordered packet groups without fold-wide barriers",hierarchical-dataflow,0,named-barrier,0,0,0,2,0,0,0,hermes-xor,inplace,radix4,64,20,1048576,4,576460756061519873,60,0,0,0,dataflow-radix4,"7+7+6","appt-online-register-tail-grouped-writer-final-data-time+appt-online-register-tail-grouped-writer-final-data-time+appt-online-register-tail-grouped-writer-final-data-time","256+256+256","8+8+8","32+16+16","1+1+1","2+2+2","1+1+1","10+5+5","ring+ring","2+2",8,0,3,30,5.472768,0.946722,0.946992,0.000270,9,8,3,8,2,4,natural,natural,"appt-ntt-log20-7x7x6-xor-fw8-v1",5.108928,4225.104484,346.968677,4430343158.939776,fused,shoup,-1
3,data-time,1,8-8-4,6,"Tesla V100-SXM2-16GB",7.0,0,"v100-sm70","hierarchical-dataflow-appt-online-register-tail-grouped-writer-final-data-time","experimental",0.000000,"persistent CTA fold roles publish online-reordered packet groups without fold-wide barriers",hierarchical-dataflow,0,named-barrier,0,0,0,2,0,0,0,hermes-xor,inplace,radix4,64,20,1048576,4,576460756061519873,60,0,0,0,dataflow-radix4,"7+7+6","appt-online-register-tail-grouped-writer-final-data-time+appt-online-register-tail-grouped-writer-final-data-time+appt-online-register-tail-grouped-writer-final-data-time","256+256+256","8+8+8","32+16+16","1+1+1","2+2+2","1+1+1","10+5+5","ring+ring","2+2",8,0,3,30,5.477888,0.913988,0.914235,0.000247,8,8,4,8,2,6,natural,natural,"appt-ntt-log20-7x7x6-xor-fw8-v1",5.121376,4376.423960,347.425720,4589013129.863499,fused,shoup,-1
3,data-time,1,8-7-5,6,"Tesla V100-SXM2-16GB",7.0,0,"v100-sm70","hierarchical-dataflow-appt-online-register-tail-grouped-writer-final-data-time","experimental",0.000000,"persistent CTA fold roles publish online-reordered packet groups without fold-wide barriers",hierarchical-dataflow,0,named-barrier,0,0,0,2,0,0,0,hermes-xor,inplace,radix4,64,20,1048576,4,576460756061519873,60,0,0,0,dataflow-radix4,"7+7+6","appt-online-register-tail-grouped-writer-final-data-time+appt-online-register-tail-grouped-writer-final-data-time+appt-online-register-tail-grouped-writer-final-data-time","256+256+256","8+8+8","32+16+16","1+1+1","2+2+2","1+1+1","10+5+5","ring+ring","2+2",8,0,3,30,5.468288,1.056461,1.056739,0.000278,8,7,5,8,2,6,natural,natural,"appt-ntt-log20-7x7x6-xor-fw8-v1",5.111424,3786.226411,343.755638,3970146144.701179,fused,shoup,-1
3,data-time,1,9-8-3,6,"Tesla V100-SXM2-16GB",7.0,0,"v100-sm70","hierarchical-dataflow-appt-online-register-tail-grouped-writer-final-data-time","experimental",0.000000,"persistent CTA fold roles publish online-reordered packet groups without fold-wide barriers",hierarchical-dataflow,0,named-barrier,0,0,0,2,0,0,0,hermes-xor,inplace,radix4,64,20,1048576,4,576460756061519873,60,0,0,0,dataflow-radix4,"7+7+6","appt-online-register-tail-grouped-writer-final-data-time+appt-online-register-tail-grouped-writer-final-data-time+appt-online-register-tail-grouped-writer-final-data-time","256+256+256","8+8+8","32+16+16","1+1+1","2+2+2","1+1+1","10+5+5","ring+ring","2+2",8,0,3,30,5.478432,0.947098,0.947334,0.000236,9,8,3,8,2,6,natural,natural,"appt-ntt-log20-7x7x6-xor-fw8-v1",5.111584,4223.429562,346.707159,4428586876.564831,fused,shoup,-1
3,data-time,1,8-8-4,7,"Tesla V100-SXM2-16GB",7.0,0,"v100-sm70","hierarchical-dataflow-appt-online-register-tail-grouped-writer-final-data-time","experimental",0.000000,"persistent CTA fold roles publish online-reordered packet groups without fold-wide barriers",hierarchical-dataflow,0,named-barrier,0,0,0,2,0,0,0,hermes-xor,inplace,radix4,64,20,1048576,4,576460756061519873,60,0,0,0,dataflow-radix4,"7+7+6","appt-online-register-tail-grouped-writer-final-data-time+appt-online-register-tail-grouped-writer-final-data-time+appt-online-register-tail-grouped-writer-final-data-time","256+256+256","8+8+8","32+16+16","1+1+1","2+2+2","1+1+1","10+5+5","ring+ring","2+2",8,0,3,30,5.480736,0.915149,0.915407,0.000259,8,8,4,8,2,7,natural,natural,"appt-ntt-log20-7x7x6-xor-fw8-v1",5.113920,4370.873921,347.529787,4583193492.157076,fused,shoup,-1
3,data-time,1,8-7-5,7,"Tesla V100-SXM2-16GB",7.0,0,"v100-sm70","hierarchical-dataflow-appt-online-register-tail-grouped-writer-final-data-time","experimental",0.000000,"persistent CTA fold roles publish online-reordered packet groups without fold-wide barriers",hierarchical-dataflow,0,named-barrier,0,0,0,2,0,0,0,hermes-xor,inplace,radix4,64,20,1048576,4,576460756061519873,60,0,0,0,dataflow-radix4,"7+7+6","appt-online-register-tail-grouped-writer-final-data-time+appt-online-register-tail-grouped-writer-final-data-time+appt-online-register-tail-grouped-writer-final-data-time","256+256+256","8+8+8","32+16+16","1+1+1","2+2+2","1+1+1","10+5+5","ring+ring","2+2",8,0,3,30,5.466592,1.057007,1.057346,0.000339,8,7,5,8,2,7,natural,natural,"appt-ntt-log20-7x7x6-xor-fw8-v1",5.110464,3784.270274,343.817980,3968094987.054769,fused,shoup,-1
3,data-time,1,9-8-3,7,"Tesla V100-SXM2-16GB",7.0,0,"v100-sm70","hierarchical-dataflow-appt-online-register-tail-grouped-writer-final-data-time","experimental",0.000000,"persistent CTA fold roles publish online-reordered packet groups without fold-wide barriers",hierarchical-dataflow,0,named-barrier,0,0,0,2,0,0,0,hermes-xor,inplace,radix4,64,20,1048576,4,576460756061519873,60,0,0,0,dataflow-radix4,"7+7+6","appt-online-register-tail-grouped-writer-final-data-time+appt-online-register-tail-grouped-writer-final-data-time+appt-online-register-tail-grouped-writer-final-data-time","256+256+256","8+8+8","32+16+16","1+1+1","2+2+2","1+1+1","10+5+5","ring+ring","2+2",8,0,3,30,5.469152,0.961707,0.961980,0.000273,9,8,3,8,2,7,natural,natural,"appt-ntt-log20-7x7x6-xor-fw8-v1",5.111872,4159.272269,346.538444,4361313079.113102,fused,shoup,-1
3,data-time,2,8-8-4,4,"Tesla V100-SXM2-16GB",7.0,0,"v100-sm70","hierarchical-dataflow-appt-online-register-tail-grouped-writer-final-data-time","experimental",0.000000,"persistent CTA fold roles publish online-reordered packet groups without fold-wide barriers",hierarchical-dataflow,0,named-barrier,0,0,0,2,0,0,0,hermes-xor,inplace,radix4,64,20,1048576,4,576460756061519873,60,0,0,0,dataflow-radix4,"7+7+6","appt-online-register-tail-grouped-writer-final-data-time+appt-online-register-tail-grouped-writer-final-data-time+appt-online-register-tail-grouped-writer-final-data-time","256+256+256","8+8+8","32+16+16","2+2+2","2+2+2","1+1+1","10+5+5","ring+ring","2+2",8,0,3,30,5.480320,0.935765,0.936017,0.000252,8,8,4,8,2,4,natural,natural,"appt-ntt-log20-7x7x6-xor-fw8-v1",5.106592,4274.575995,347.141540,4482217799.013054,fused,shoup,-1
3,data-time,2,8-7-5,4,"Tesla V100-SXM2-16GB",7.0,0,"v100-sm70","hierarchical-dataflow-appt-online-register-tail-grouped-writer-final-data-time","experimental",0.000000,"persistent CTA fold roles publish online-reordered packet groups without fold-wide barriers",hierarchical-dataflow,0,named-barrier,0,0,0,2,0,0,0,hermes-xor,inplace,radix4,64,20,1048576,4,576460756061519873,60,0,0,0,dataflow-radix4,"7+7+6","appt-online-register-tail-grouped-writer-final-data-time+appt-online-register-tail-grouped-writer-final-data-time+appt-online-register-tail-grouped-writer-final-data-time","256+256+256","8+8+8","32+16+16","2+2+2","2+2+2","1+1+1","10+5+5","ring+ring","2+2",8,0,3,30,5.469888,1.080218,1.080491,0.000273,8,7,5,8,2,4,natural,natural,"appt-ntt-log20-7x7x6-xor-fw8-v1",5.113888,3702.957627,342.935716,3882832496.442871,fused,shoup,-1
3,data-time,2,9-8-3,4,"Tesla V100-SXM2-16GB",7.0,0,"v100-sm70","hierarchical-dataflow-appt-online-register-tail-grouped-writer-final-data-time","experimental",0.000000,"persistent CTA fold roles publish online-reordered packet groups without fold-wide barriers",hierarchical-dataflow,0,named-barrier,0,0,0,2,0,0,0,hermes-xor,inplace,radix4,64,20,1048576,4,576460756061519873,60,0,0,0,dataflow-radix4,"7+7+6","appt-online-register-tail-grouped-writer-final-data-time+appt-online-register-tail-grouped-writer-final-data-time+appt-online-register-tail-grouped-writer-final-data-time","256+256+256","8+8+8","32+16+16","2+2+2","2+2+2","1+1+1","10+5+5","ring+ring","2+2",8,0,3,30,5.478784,0.984951,0.985232,0.000280,9,8,3,8,2,4,natural,natural,"appt-ntt-log20-7x7x6-xor-fw8-v1",5.110176,4061.113931,345.604851,4258386601.090498,fused,shoup,-1
3,data-time,2,8-8-4,6,"Tesla V100-SXM2-16GB",7.0,0,"v100-sm70","hierarchical-dataflow-appt-online-register-tail-grouped-writer-final-data-time","experimental",0.000000,"persistent CTA fold roles publish online-reordered packet groups without fold-wide barriers",hierarchical-dataflow,0,named-barrier,0,0,0,2,0,0,0,hermes-xor,inplace,radix4,64,20,1048576,4,576460756061519873,60,0,0,0,dataflow-radix4,"7+7+6","appt-online-register-tail-grouped-writer-final-data-time+appt-online-register-tail-grouped-writer-final-data-time+appt-online-register-tail-grouped-writer-final-data-time","256+256+256","8+8+8","32+16+16","2+2+2","2+2+2","1+1+1","10+5+5","ring+ring","2+2",8,0,3,30,5.485856,0.942831,0.943105,0.000274,8,8,4,8,2,6,natural,natural,"appt-ntt-log20-7x7x6-xor-fw8-v1",5.110336,4242.542236,346.649805,4448627967.169209,fused,shoup,-1
3,data-time,2,8-7-5,6,"Tesla V100-SXM2-16GB",7.0,0,"v100-sm70","hierarchical-dataflow-appt-online-register-tail-grouped-writer-final-data-time","experimental",0.000000,"persistent CTA fold roles publish online-reordered packet groups without fold-wide barriers",hierarchical-dataflow,0,named-barrier,0,0,0,2,0,0,0,hermes-xor,inplace,radix4,64,20,1048576,4,576460756061519873,60,0,0,0,dataflow-radix4,"7+7+6","appt-online-register-tail-grouped-writer-final-data-time+appt-online-register-tail-grouped-writer-final-data-time+appt-online-register-tail-grouped-writer-final-data-time","256+256+256","8+8+8","32+16+16","2+2+2","2+2+2","1+1+1","10+5+5","ring+ring","2+2",8,0,3,30,5.468288,1.063151,1.063421,0.000270,8,7,5,8,2,6,natural,natural,"appt-ntt-log20-7x7x6-xor-fw8-v1",5.109568,3762.401052,343.612887,3945163445.912229,fused,shoup,-1
3,data-time,2,9-8-3,6,"Tesla V100-SXM2-16GB",7.0,0,"v100-sm70","hierarchical-dataflow-appt-online-register-tail-grouped-writer-final-data-time","experimental",0.000000,"persistent CTA fold roles publish online-reordered packet groups without fold-wide barriers",hierarchical-dataflow,0,named-barrier,0,0,0,2,0,0,0,hermes-xor,inplace,radix4,64,20,1048576,4,576460756061519873,60,0,0,0,dataflow-radix4,"7+7+6","appt-online-register-tail-grouped-writer-final-data-time+appt-online-register-tail-grouped-writer-final-data-time+appt-online-register-tail-grouped-writer-final-data-time","256+256+256","8+8+8","32+16+16","2+2+2","2+2+2","1+1+1","10+5+5","ring+ring","2+2",8,0,3,30,5.470272,0.988228,0.988489,0.000261,9,8,3,8,2,6,natural,natural,"appt-ntt-log20-7x7x6-xor-fw8-v1",5.110336,4047.647852,345.756474,4244266394.241302,fused,shoup,-1
3,data-time,2,8-8-4,7,"Tesla V100-SXM2-16GB",7.0,0,"v100-sm70","hierarchical-dataflow-appt-online-register-tail-grouped-writer-final-data-time","experimental",0.000000,"persistent CTA fold roles publish online-reordered packet groups without fold-wide barriers",hierarchical-dataflow,0,named-barrier,0,0,0,2,0,0,0,hermes-xor,inplace,radix4,64,20,1048576,4,576460756061519873,60,0,0,0,dataflow-radix4,"7+7+6","appt-online-register-tail-grouped-writer-final-data-time+appt-online-register-tail-grouped-writer-final-data-time+appt-online-register-tail-grouped-writer-final-data-time","256+256+256","8+8+8","32+16+16","2+2+2","2+2+2","1+1+1","10+5+5","ring+ring","2+2",8,0,3,30,5.475168,0.975633,0.976016,0.000383,8,8,4,8,2,7,natural,natural,"appt-ntt-log20-7x7x6-xor-fw8-v1",5.111424,4099.902214,345.954167,4299059064.008065,fused,shoup,-1
3,data-time,2,8-7-5,7,"Tesla V100-SXM2-16GB",7.0,0,"v100-sm70","hierarchical-dataflow-appt-online-register-tail-grouped-writer-final-data-time","experimental",0.000000,"persistent CTA fold roles publish online-reordered packet groups without fold-wide barriers",hierarchical-dataflow,0,named-barrier,0,0,0,2,0,0,0,hermes-xor,inplace,radix4,64,20,1048576,4,576460756061519873,60,0,0,0,dataflow-radix4,"7+7+6","appt-online-register-tail-grouped-writer-final-data-time+appt-online-register-tail-grouped-writer-final-data-time+appt-online-register-tail-grouped-writer-final-data-time","256+256+256","8+8+8","32+16+16","2+2+2","2+2+2","1+1+1","10+5+5","ring+ring","2+2",8,0,3,30,5.477024,1.094007,1.094284,0.000277,8,7,5,8,2,7,natural,natural,"appt-ntt-log20-7x7x6-xor-fw8-v1",5.117344,3656.282090,342.220355,3833889649.221113,fused,shoup,-1
3,data-time,2,9-8-3,7,"Tesla V100-SXM2-16GB",7.0,0,"v100-sm70","hierarchical-dataflow-appt-online-register-tail-grouped-writer-final-data-time","experimental",0.000000,"persistent CTA fold roles publish online-reordered packet groups without fold-wide barriers",hierarchical-dataflow,0,named-barrier,0,0,0,2,0,0,0,hermes-xor,inplace,radix4,64,20,1048576,4,576460756061519873,60,0,0,0,dataflow-radix4,"7+7+6","appt-online-register-tail-grouped-writer-final-data-time+appt-online-register-tail-grouped-writer-final-data-time+appt-online-register-tail-grouped-writer-final-data-time","256+256+256","8+8+8","32+16+16","2+2+2","2+2+2","1+1+1","10+5+5","ring+ring","2+2",8,0,3,30,5.471776,1.025502,1.025732,0.000230,9,8,3,8,2,7,natural,natural,"appt-ntt-log20-7x7x6-xor-fw8-v1",5.107904,3900.529298,344.673618,4090001408.751585,fused,shoup,-1
3,data-time,4,8-8-4,4,"Tesla V100-SXM2-16GB",7.0,0,"v100-sm70","hierarchical-dataflow-appt-online-register-tail-grouped-writer-final-data-time","experimental",0.000000,"persistent CTA fold roles publish online-reordered packet groups without fold-wide barriers",hierarchical-dataflow,0,named-barrier,0,0,0,2,0,0,0,hermes-xor,inplace,radix4,64,20,1048576,4,576460756061519873,60,0,0,0,dataflow-radix4,"7+7+6","appt-online-register-tail-grouped-writer-final-data-time+appt-online-register-tail-grouped-writer-final-data-time+appt-online-register-tail-grouped-writer-final-data-time","256+256+256","8+8+8","32+16+16","4+4+4","2+2+2","1+1+1","10+5+5","ring+ring","2+2",8,0,3,30,5.473440,0.992939,0.993230,0.000291,8,8,4,8,2,4,natural,natural,"appt-ntt-log20-7x7x6-xor-fw8-v1",5.121120,4028.446077,345.199603,4224131873.643558,fused,shoup,-1
3,data-time,4,8-7-5,4,"Tesla V100-SXM2-16GB",7.0,0,"v100-sm70","hierarchical-dataflow-appt-online-register-tail-grouped-writer-final-data-time","experimental",0.000000,"persistent CTA fold roles publish online-reordered packet groups without fold-wide barriers",hierarchical-dataflow,0,named-barrier,0,0,0,2,0,0,0,hermes-xor,inplace,radix4,64,20,1048576,4,576460756061519873,60,0,0,0,dataflow-radix4,"7+7+6","appt-online-register-tail-grouped-writer-final-data-time+appt-online-register-tail-grouped-writer-final-data-time+appt-online-register-tail-grouped-writer-final-data-time","256+256+256","8+8+8","32+16+16","4+4+4","2+2+2","1+1+1","10+5+5","ring+ring","2+2",8,0,3,30,5.482144,1.136503,1.136780,0.000277,8,7,5,8,2,4,natural,natural,"appt-ntt-log20-7x7x6-xor-fw8-v1",5.113952,3519.566942,340.930414,3690533425.473180,fused,shoup,-1
3,data-time,4,9-8-3,4,"Tesla V100-SXM2-16GB",7.0,0,"v100-sm70","hierarchical-dataflow-appt-online-register-tail-grouped-writer-final-data-time","experimental",0.000000,"persistent CTA fold roles publish online-reordered packet groups without fold-wide barriers",hierarchical-dataflow,0,named-barrier,0,0,0,2,0,0,0,hermes-xor,inplace,radix4,64,20,1048576,4,576460756061519873,60,0,0,0,dataflow-radix4,"7+7+6","appt-online-register-tail-grouped-writer-final-data-time+appt-online-register-tail-grouped-writer-final-data-time+appt-online-register-tail-grouped-writer-final-data-time","256+256+256","8+8+8","32+16+16","4+4+4","2+2+2","1+1+1","10+5+5","ring+ring","2+2",8,0,3,30,5.478144,1.076702,1.076956,0.000254,9,8,3,8,2,4,natural,natural,"appt-ntt-log20-7x7x6-xor-fw8-v1",5.102624,3715.048776,343.127626,3895510985.773076,fused,shoup,-1
3,data-time,4,8-8-4,6,"Tesla V100-SXM2-16GB",7.0,0,"v100-sm70","hierarchical-dataflow-appt-online-register-tail-grouped-writer-final-data-time","experimental",0.000000,"persistent CTA fold roles publish online-reordered packet groups without fold-wide barriers",hierarchical-dataflow,0,named-barrier,0,0,0,2,0,0,0,hermes-xor,inplace,radix4,64,20,1048576,4,576460756061519873,60,0,0,0,dataflow-radix4,"7+7+6","appt-online-register-tail-grouped-writer-final-data-time+appt-online-register-tail-grouped-writer-final-data-time+appt-online-register-tail-grouped-writer-final-data-time","256+256+256","8+8+8","32+16+16","4+4+4","2+2+2","1+1+1","10+5+5","ring+ring","2+2",8,0,3,30,5.471872,1.016422,1.016655,0.000233,8,8,4,8,2,6,natural,natural,"appt-ntt-log20-7x7x6-xor-fw8-v1",5.104992,3935.371786,345.027281,4126536405.922849,fused,shoup,-1
3,data-time,4,8-7-5,6,"Tesla V100-SXM2-16GB",7.0,0,"v100-sm70","hierarchical-dataflow-appt-online-register-tail-grouped-writer-final-data-time","experimental",0.000000,"persistent CTA fold roles publish online-reordered packet groups without fold-wide barriers",hierarchical-dataflow,0,named-barrier,0,0,0,2,0,0,0,hermes-xor,inplace,radix4,64,20,1048576,4,576460756061519873,60,0,0,0,dataflow-radix4,"7+7+6","appt-online-register-tail-grouped-writer-final-data-time+appt-online-register-tail-grouped-writer-final-data-time+appt-online-register-tail-grouped-writer-final-data-time","256+256+256","8+8+8","32+16+16","4+4+4","2+2+2","1+1+1","10+5+5","ring+ring","2+2",8,0,3,30,5.469344,1.223373,1.223605,0.000233,8,7,5,8,2,6,natural,natural,"appt-ntt-log20-7x7x6-xor-fw8-v1",5.106816,3269.649239,338.996474,3428475720.222424,fused,shoup,-1
3,data-time,4,9-8-3,6,"Tesla V100-SXM2-16GB",7.0,0,"v100-sm70","hierarchical-dataflow-appt-online-register-tail-grouped-writer-final-data-time","experimental",0.000000,"persistent CTA fold roles publish online-reordered packet groups without fold-wide barriers",hierarchical-dataflow,0,named-barrier,0,0,0,2,0,0,0,hermes-xor,inplace,radix4,64,20,1048576,4,576460756061519873,60,0,0,0,dataflow-radix4,"7+7+6","appt-online-register-tail-grouped-writer-final-data-time+appt-online-register-tail-grouped-writer-final-data-time+appt-online-register-tail-grouped-writer-final-data-time","256+256+256","8+8+8","32+16+16","4+4+4","2+2+2","1+1+1","10+5+5","ring+ring","2+2",8,0,3,30,5.480992,1.091243,1.091501,0.000258,9,8,3,8,2,6,natural,natural,"appt-ntt-log20-7x7x6-xor-fw8-v1",5.110048,3665.545810,342.398847,3843603362.858691,fused,shoup,-1
3,data-time,4,8-8-4,7,"Tesla V100-SXM2-16GB",7.0,0,"v100-sm70","hierarchical-dataflow-appt-online-register-tail-grouped-writer-final-data-time","experimental",0.000000,"persistent CTA fold roles publish online-reordered packet groups without fold-wide barriers",hierarchical-dataflow,0,named-barrier,0,0,0,2,0,0,0,hermes-xor,inplace,radix4,64,20,1048576,4,576460756061519873,60,0,0,0,dataflow-radix4,"7+7+6","appt-online-register-tail-grouped-writer-final-data-time+appt-online-register-tail-grouped-writer-final-data-time+appt-online-register-tail-grouped-writer-final-data-time","256+256+256","8+8+8","32+16+16","4+4+4","2+2+2","1+1+1","10+5+5","ring+ring","2+2",8,0,3,30,5.471424,1.124454,1.124713,0.000258,8,8,4,8,2,7,natural,natural,"appt-ntt-log20-7x7x6-xor-fw8-v1",5.109184,3557.280824,341.732484,3730079297.147861,fused,shoup,-1
3,data-time,4,8-7-5,7,"Tesla V100-SXM2-16GB",7.0,0,"v100-sm70","hierarchical-dataflow-appt-online-register-tail-grouped-writer-final-data-time","experimental",0.000000,"persistent CTA fold roles publish online-reordered packet groups without fold-wide barriers",hierarchical-dataflow,0,named-barrier,0,0,0,2,0,0,0,hermes-xor,inplace,radix4,64,20,1048576,4,576460756061519873,60,0,0,0,dataflow-radix4,"7+7+6","appt-online-register-tail-grouped-writer-final-data-time+appt-online-register-tail-grouped-writer-final-data-time+appt-online-register-tail-grouped-writer-final-data-time","256+256+256","8+8+8","32+16+16","4+4+4","2+2+2","1+1+1","10+5+5","ring+ring","2+2",8,0,3,30,5.484160,1.338573,1.338829,0.000257,8,7,5,8,2,7,natural,natural,"appt-ntt-log20-7x7x6-xor-fw8-v1",5.116864,2988.257211,335.019683,3133414792.781003,fused,shoup,-1
3,data-time,4,9-8-3,7,"Tesla V100-SXM2-16GB",7.0,0,"v100-sm70","hierarchical-dataflow-appt-online-register-tail-grouped-writer-final-data-time","experimental",0.000000,"persistent CTA fold roles publish online-reordered packet groups without fold-wide barriers",hierarchical-dataflow,0,named-barrier,0,0,0,2,0,0,0,hermes-xor,inplace,radix4,64,20,1048576,4,576460756061519873,60,0,0,0,dataflow-radix4,"7+7+6","appt-online-register-tail-grouped-writer-final-data-time+appt-online-register-tail-grouped-writer-final-data-time+appt-online-register-tail-grouped-writer-final-data-time","256+256+256","8+8+8","32+16+16","4+4+4","2+2+2","1+1+1","10+5+5","ring+ring","2+2",8,0,3,30,5.473920,1.211256,1.211504,0.000249,9,8,3,8,2,7,natural,natural,"appt-ntt-log20-7x7x6-xor-fw8-v1",5.110976,3302.358448,339.093640,3462773812.403575,fused,shoup,-1
1,v06,0,9-11,0,"Tesla V100-SXM2-16GB",7.0,0,"v100-sm70","hierarchical-dataflow-wave-10x10-resident-radix4","experimental",0.000000,"transform-wave readiness with the generated resident radix-4 core",hierarchical-dataflow,0,named-barrier,0,0,0,2,0,0,0,hermes-xor,inplace,radix4,64,20,1048576,16,576460756061519873,60,0,0,0,dataflow-radix4,"10+10","dataflow-radix4+dataflow-radix4","256+256","1+1","0+0","0+0","0+0","0+0","9+11","full-scratch","1",8,0,3,30,21.609793,1.912388,1.912616,0.000228,0,0,0,0,0,7,natural,natural,"",20.156992,8366.502133,366.307303,8772913340.241831,fused,shoup,-1
1,writer-final,1,8-8-4,0,"Tesla V100-SXM2-16GB",7.0,0,"v100-sm70","hierarchical-dataflow-appt-online-register-tail-grouped-writer-final","experimental",0.000000,"persistent CTA fold roles publish online-reordered packet groups without fold-wide barriers",hierarchical-dataflow,0,named-barrier,0,0,0,2,0,0,0,hermes-xor,inplace,radix4,64,20,1048576,16,576460756061519873,60,0,0,0,dataflow-radix4,"7+7+6","appt-online-register-tail-grouped-writer-final+appt-online-register-tail-grouped-writer-final+appt-online-register-tail-grouped-writer-final","256+256+256","8+8+8","32+16+16","1+1+1","2+2+2","1+1+1","10+5+5","ring+ring","2+2",8,0,3,30,21.630527,3.092173,3.092389,0.000217,8,8,4,16,2,7,natural,natural,"appt-ntt-log20-7x7x6-xor-fw16-v1",20.162975,5174.354966,356.461160,5425704432.977860,fused,shoup,-1
1,data-time,1,8-8-4,4,"Tesla V100-SXM2-16GB",7.0,0,"v100-sm70","hierarchical-dataflow-appt-online-register-tail-grouped-writer-final-data-time","experimental",0.000000,"persistent CTA fold roles publish online-reordered packet groups without fold-wide barriers",hierarchical-dataflow,0,named-barrier,0,0,0,2,0,0,0,hermes-xor,inplace,radix4,64,20,1048576,16,576460756061519873,60,0,0,0,dataflow-radix4,"7+7+6","appt-online-register-tail-grouped-writer-final-data-time+appt-online-register-tail-grouped-writer-final-data-time+appt-online-register-tail-grouped-writer-final-data-time","256+256+256","8+8+8","32+16+16","1+1+1","2+2+2","1+1+1","10+5+5","ring+ring","2+2",8,0,3,30,21.636192,3.099989,3.100206,0.000217,8,8,4,16,2,4,natural,natural,"appt-ntt-log20-7x7x6-xor-fw16-v1",20.162624,5161.307947,356.356914,5412023642.102650,fused,shoup,-1
1,data-time,1,8-7-5,4,"Tesla V100-SXM2-16GB",7.0,0,"v100-sm70","hierarchical-dataflow-appt-online-register-tail-grouped-writer-final-data-time","experimental",0.000000,"persistent CTA fold roles publish online-reordered packet groups without fold-wide barriers",hierarchical-dataflow,0,named-barrier,0,0,0,2,0,0,0,hermes-xor,inplace,radix4,64,20,1048576,16,576460756061519873,60,0,0,0,dataflow-radix4,"7+7+6","appt-online-register-tail-grouped-writer-final-data-time+appt-online-register-tail-grouped-writer-final-data-time+appt-online-register-tail-grouped-writer-final-data-time","256+256+256","8+8+8","32+16+16","1+1+1","2+2+2","1+1+1","10+5+5","ring+ring","2+2",8,0,3,30,21.629248,3.399032,3.399246,0.000214,8,7,5,16,2,4,natural,natural,"appt-ntt-log20-7x7x6-xor-fw16-v1",20.157440,4707.223027,354.094174,4935881092.429793,fused,shoup,-1
1,data-time,1,9-8-3,4,"Tesla V100-SXM2-16GB",7.0,0,"v100-sm70","hierarchical-dataflow-appt-online-register-tail-grouped-writer-final-data-time","experimental",0.000000,"persistent CTA fold roles publish online-reordered packet groups without fold-wide barriers",hierarchical-dataflow,0,named-barrier,0,0,0,2,0,0,0,hermes-xor,inplace,radix4,64,20,1048576,16,576460756061519873,60,0,0,0,dataflow-radix4,"7+7+6","appt-online-register-tail-grouped-writer-final-data-time+appt-online-register-tail-grouped-writer-final-data-time+appt-online-register-tail-grouped-writer-final-data-time","256+256+256","8+8+8","32+16+16","1+1+1","2+2+2","1+1+1","10+5+5","ring+ring","2+2",8,0,3,30,21.624544,3.206758,3.206953,0.000195,9,8,3,16,2,4,natural,natural,"appt-ntt-log20-7x7x6-xor-fw16-v1",20.157696,4989.462472,355.642505,5231830601.473786,fused,shoup,-1
1,data-time,1,8-8-4,6,"Tesla V100-SXM2-16GB",7.0,0,"v100-sm70","hierarchical-dataflow-appt-online-register-tail-grouped-writer-final-data-time","experimental",0.000000,"persistent CTA fold roles publish online-reordered packet groups without fold-wide barriers",hierarchical-dataflow,0,named-barrier,0,0,0,2,0,0,0,hermes-xor,inplace,radix4,64,20,1048576,16,576460756061519873,60,0,0,0,dataflow-radix4,"7+7+6","appt-online-register-tail-grouped-writer-final-data-time+appt-online-register-tail-grouped-writer-final-data-time+appt-online-register-tail-grouped-writer-final-data-time","256+256+256","8+8+8","32+16+16","1+1+1","2+2+2","1+1+1","10+5+5","ring+ring","2+2",8,0,3,30,21.621281,3.107533,3.107704,0.000171,8,8,4,16,2,6,natural,natural,"appt-ntt-log20-7x7x6-xor-fw16-v1",20.160769,5148.779222,356.430141,5398886320.968408,fused,shoup,-1
1,data-time,1,8-7-5,6,"Tesla V100-SXM2-16GB",7.0,0,"v100-sm70","hierarchical-dataflow-appt-online-register-tail-grouped-writer-final-data-time","experimental",0.000000,"persistent CTA fold roles publish online-reordered packet groups without fold-wide barriers",hierarchical-dataflow,0,named-barrier,0,0,0,2,0,0,0,hermes-xor,inplace,radix4,64,20,1048576,16,576460756061519873,60,0,0,0,dataflow-radix4,"7+7+6","appt-online-register-tail-grouped-writer-final-data-time+appt-online-register-tail-grouped-writer-final-data-time+appt-online-register-tail-grouped-writer-final-data-time","256+256+256","8+8+8","32+16+16","1+1+1","2+2+2","1+1+1","10+5+5","ring+ring","2+2",8,0,3,30,21.635040,3.402615,3.402803,0.000187,8,7,5,16,2,6,natural,natural,"appt-ntt-log20-7x7x6-xor-fw16-v1",20.158785,4702.265331,354.010180,4930682571.373657,fused,shoup,-1
1,data-time,1,9-8-3,6,"Tesla V100-SXM2-16GB",7.0,0,"v100-sm70","hierarchical-dataflow-appt-online-register-tail-grouped-writer-final-data-time","experimental",0.000000,"persistent CTA fold roles publish online-reordered packet groups without fold-wide barriers",hierarchical-dataflow,0,named-barrier,0,0,0,2,0,0,0,hermes-xor,inplace,radix4,64,20,1048576,16,576460756061519873,60,0,0,0,dataflow-radix4,"7+7+6","appt-online-register-tail-grouped-writer-final-data-time+appt-online-register-tail-grouped-writer-final-data-time+appt-online-register-tail-grouped-writer-final-data-time","256+256+256","8+8+8","32+16+16","1+1+1","2+2+2","1+1+1","10+5+5","ring+ring","2+2",8,0,3,30,21.639263,3.204608,3.204837,0.000229,9,8,3,16,2,6,natural,natural,"appt-ntt-log20-7x7x6-xor-fw16-v1",20.168673,4992.810410,355.456473,5235341168.331758,fused,shoup,-1
1,data-time,1,8-8-4,7,"Tesla V100-SXM2-16GB",7.0,0,"v100-sm70","hierarchical-dataflow-appt-online-register-tail-grouped-writer-final-data-time","experimental",0.000000,"persistent CTA fold roles publish online-reordered packet groups without fold-wide barriers",hierarchical-dataflow,0,named-barrier,0,0,0,2,0,0,0,hermes-xor,inplace,radix4,64,20,1048576,16,576460756061519873,60,0,0,0,dataflow-radix4,"7+7+6","appt-online-register-tail-grouped-writer-final-data-time+appt-online-register-tail-grouped-writer-final-data-time+appt-online-register-tail-grouped-writer-final-data-time","256+256+256","8+8+8","32+16+16","1+1+1","2+2+2","1+1+1","10+5+5","ring+ring","2+2",8,0,3,30,21.632736,3.110229,3.110442,0.000212,8,8,4,16,2,7,natural,natural,"appt-ntt-log20-7x7x6-xor-fw16-v1",20.163328,5144.315320,356.297497,5394205581.363389,fused,shoup,-1
1,data-time,1,8-7-5,7,"Tesla V100-SXM2-16GB",7.0,0,"v100-sm70","hierarchical-dataflow-appt-online-register-tail-grouped-writer-final-data-time","experimental",0.000000,"persistent CTA fold roles publish online-reordered packet groups without fold-wide barriers",hierarchical-dataflow,0,named-barrier,0,0,0,2,0,0,0,hermes-xor,inplace,radix4,64,20,1048576,16,576460756061519873,60,0,0,0,dataflow-radix4,"7+7+6","appt-online-register-tail-grouped-writer-final-data-time+appt-online-register-tail-grouped-writer-final-data-time+appt-online-register-tail-grouped-writer-final-data-time","256+256+256","8+8+8","32+16+16","1+1+1","2+2+2","1+1+1","10+5+5","ring+ring","2+2",8,0,3,30,21.626911,3.403844,3.404046,0.000202,8,7,5,16,2,7,natural,natural,"appt-ntt-log20-7x7x6-xor-fw16-v1",20.159744,4700.567783,354.056719,4928902563.632904,fused,shoup,-1
1,data-time,1,9-8-3,7,"Tesla V100-SXM2-16GB",7.0,0,"v100-sm70","hierarchical-dataflow-appt-online-register-tail-grouped-writer-final-data-time","experimental",0.000000,"persistent CTA fold roles publish online-reordered packet groups without fold-wide barriers",hierarchical-dataflow,0,named-barrier,0,0,0,2,0,0,0,hermes-xor,inplace,radix4,64,20,1048576,16,576460756061519873,60,0,0,0,dataflow-radix4,"7+7+6","appt-online-register-tail-grouped-writer-final-data-time+appt-online-register-tail-grouped-writer-final-data-time+appt-online-register-tail-grouped-writer-final-data-time","256+256+256","8+8+8","32+16+16","1+1+1","2+2+2","1+1+1","10+5+5","ring+ring","2+2",8,0,3,30,21.621729,3.201843,3.202033,0.000190,9,8,3,16,2,7,natural,natural,"appt-ntt-log20-7x7x6-xor-fw16-v1",20.156736,4997.121562,355.711211,5239861738.576793,fused,shoup,-1
1,data-time,2,8-8-4,4,"Tesla V100-SXM2-16GB",7.0,0,"v100-sm70","hierarchical-dataflow-appt-online-register-tail-grouped-writer-final-data-time","experimental",0.000000,"persistent CTA fold roles publish online-reordered packet groups without fold-wide barriers",hierarchical-dataflow,0,named-barrier,0,0,0,2,0,0,0,hermes-xor,inplace,radix4,64,20,1048576,16,576460756061519873,60,0,0,0,dataflow-radix4,"7+7+6","appt-online-register-tail-grouped-writer-final-data-time+appt-online-register-tail-grouped-writer-final-data-time+appt-online-register-tail-grouped-writer-final-data-time","256+256+256","8+8+8","32+16+16","2+2+2","2+2+2","1+1+1","10+5+5","ring+ring","2+2",8,0,3,30,21.623264,3.205018,3.205258,0.000240,8,8,4,16,2,4,natural,natural,"appt-ntt-log20-7x7x6-xor-fw16-v1",20.156992,4992.172326,355.671949,5234672088.669504,fused,shoup,-1
1,data-time,2,8-7-5,4,"Tesla V100-SXM2-16GB",7.0,0,"v100-sm70","hierarchical-dataflow-appt-online-register-tail-grouped-writer-final-data-time","experimental",0.000000,"persistent CTA fold roles publish online-reordered packet groups without fold-wide barriers",hierarchical-dataflow,0,named-barrier,0,0,0,2,0,0,0,hermes-xor,inplace,radix4,64,20,1048576,16,576460756061519873,60,0,0,0,dataflow-radix4,"7+7+6","appt-online-register-tail-grouped-writer-final-data-time+appt-online-register-tail-grouped-writer-final-data-time+appt-online-register-tail-grouped-writer-final-data-time","256+256+256","8+8+8","32+16+16","2+2+2","2+2+2","1+1+1","10+5+5","ring+ring","2+2",8,0,3,30,21.623713,3.445862,3.446032,0.000169,8,7,5,16,2,4,natural,natural,"appt-ntt-log20-7x7x6-xor-fw16-v1",20.156033,4643.249973,353.781871,4868800483.668920,fused,shoup,-1
1,data-time,2,9-8-3,4,"Tesla V100-SXM2-16GB",7.0,0,"v100-sm70","hierarchical-dataflow-appt-online-register-tail-grouped-writer-final-data-time","experimental",0.000000,"persistent CTA fold roles publish online-reordered packet groups without fold-wide barriers",hierarchical-dataflow,0,named-barrier,0,0,0,2,0,0,0,hermes-xor,inplace,radix4,64,20,1048576,16,576460756061519873,60,0,0,0,dataflow-radix4,"7+7+6","appt-online-register-tail-grouped-writer-final-data-time+appt-online-register-tail-grouped-writer-final-data-time+appt-online-register-tail-grouped-writer-final-data-time","256+256+256","8+8+8","32+16+16","2+2+2","2+2+2","1+1+1","10+5+5","ring+ring","2+2",8,0,3,30,21.632160,3.274616,3.274816,0.000200,9,8,3,16,2,4,natural,natural,"appt-ntt-log20-7x7x6-xor-fw16-v1",20.163296,4886.069791,355.002765,5123415517.262985,fused,shoup,-1
1,data-time,2,8-8-4,6,"Tesla V100-SXM2-16GB",7.0,0,"v100-sm70","hierarchical-dataflow-appt-online-register-tail-grouped-writer-final-data-time","experimental",0.000000,"persistent CTA fold roles publish online-reordered packet groups without fold-wide barriers",hierarchical-dataflow,0,named-barrier,0,0,0,2,0,0,0,hermes-xor,inplace,radix4,64,20,1048576,16,576460756061519873,60,0,0,0,dataflow-radix4,"7+7+6","appt-online-register-tail-grouped-writer-final-data-time+appt-online-register-tail-grouped-writer-final-data-time+appt-online-register-tail-grouped-writer-final-data-time","256+256+256","8+8+8","32+16+16","2+2+2","2+2+2","1+1+1","10+5+5","ring+ring","2+2",8,0,3,30,21.631552,3.157641,3.157831,0.000190,8,8,4,16,2,6,natural,natural,"appt-ntt-log20-7x7x6-xor-fw16-v1",20.157503,5067.074295,355.977226,5313212495.496222,fused,shoup,-1
1,data-time,2,8-7-5,6,"Tesla V100-SXM2-16GB",7.0,0,"v100-sm70","hierarchical-dataflow-appt-online-register-tail-grouped-writer-final-data-time","experimental",0.000000,"persistent CTA fold roles publish online-reordered packet groups without fold-wide barriers",hierarchical-dataflow,0,named-barrier,0,0,0,2,0,0,0,hermes-xor,inplace,radix4,64,20,1048576,16,576460756061519873,60,0,0,0,dataflow-radix4,"7+7+6","appt-online-register-tail-grouped-writer-final-data-time+appt-online-register-tail-grouped-writer-final-data-time+appt-online-register-tail-grouped-writer-final-data-time","256+256+256","8+8+8","32+16+16","2+2+2","2+2+2","1+1+1","10+5+5","ring+ring","2+2",8,0,3,30,21.644672,3.544713,3.544966,0.000254,8,7,5,16,2,6,natural,natural,"appt-ntt-log20-7x7x6-xor-fw16-v1",20.163904,4513.765165,352.785880,4733025822.029942,fused,shoup,-1
1,data-time,2,9-8-3,6,"Tesla V100-SXM2-16GB",7.0,0,"v100-sm70","hierarchical-dataflow-appt-online-register-tail-grouped-writer-final-data-time","experimental",0.000000,"persistent CTA fold roles publish online-reordered packet groups without fold-wide barriers",hierarchical-dataflow,0,named-barrier,0,0,0,2,0,0,0,hermes-xor,inplace,radix4,64,20,1048576,16,576460756061519873,60,0,0,0,dataflow-radix4,"7+7+6","appt-online-register-tail-grouped-writer-final-data-time+appt-online-register-tail-grouped-writer-final-data-time+appt-online-register-tail-grouped-writer-final-data-time","256+256+256","8+8+8","32+16+16","2+2+2","2+2+2","1+1+1","10+5+5","ring+ring","2+2",8,0,3,30,21.633728,3.254682,3.254899,0.000218,9,8,3,16,2,6,natural,natural,"appt-ntt-log20-7x7x6-xor-fw16-v1",20.167072,4915.995489,355.117720,5154794885.583341,fused,shoup,-1
1,data-time,2,8-8-4,7,"Tesla V100-SXM2-16GB",7.0,0,"v100-sm70","hierarchical-dataflow-appt-online-register-tail-grouped-writer-final-data-time","experimental",0.000000,"persistent CTA fold roles publish online-reordered packet groups without fold-wide barriers",hierarchical-dataflow,0,named-barrier,0,0,0,2,0,0,0,hermes-xor,inplace,radix4,64,20,1048576,16,576460756061519873,60,0,0,0,dataflow-radix4,"7+7+6","appt-online-register-tail-grouped-writer-final-data-time+appt-online-register-tail-grouped-writer-final-data-time+appt-online-register-tail-grouped-writer-final-data-time","256+256+256","8+8+8","32+16+16","2+2+2","2+2+2","1+1+1","10+5+5","ring+ring","2+2",8,0,3,30,21.628000,3.212356,3.212572,0.000216,8,8,4,16,2,7,natural,natural,"appt-ntt-log20-7x7x6-xor-fw16-v1",20.162560,4980.767499,355.532516,5222713261.517135,fused,shoup,-1
1,data-time,2,8-7-5,7,"Tesla V100-SXM2-16GB",7.0,0,"v100-sm70","hierarchical-dataflow-appt-online-register-tail-grouped-writer-final-data-time","experimental",0.000000,"persistent CTA fold roles publish online-reordered packet groups without fold-wide barriers",hierarchical-dataflow,0,named-barrier,0,0,0,2,0,0,0,hermes-xor,inplace,radix4,64,20,1048576,16,576460756061519873,60,0,0,0,dataflow-radix4,"7+7+6","appt-online-register-tail-grouped-writer-final-data-time+appt-online-register-tail-grouped-writer-final-data-time+appt-online-register-tail-grouped-writer-final-data-time","256+256+256","8+8+8","32+16+16","2+2+2","2+2+2","1+1+1","10+5+5","ring+ring","2+2",8,0,3,30,21.629440,3.559014,3.559217,0.000203,8,7,5,16,2,7,natural,natural,"appt-ntt-log20-7x7x6-xor-fw16-v1",20.161407,4495.626755,352.812539,4714006320.221593,fused,shoup,-1
1,data-time,2,9-8-3,7,"Tesla V100-SXM2-16GB",7.0,0,"v100-sm70","hierarchical-dataflow-appt-online-register-tail-grouped-writer-final-data-time","experimental",0.000000,"persistent CTA fold roles publish online-reordered packet groups without fold-wide barriers",hierarchical-dataflow,0,named-barrier,0,0,0,2,0,0,0,hermes-xor,inplace,radix4,64,20,1048576,16,576460756061519873,60,0,0,0,dataflow-radix4,"7+7+6","appt-online-register-tail-grouped-writer-final-data-time+appt-online-register-tail-grouped-writer-final-data-time+appt-online-register-tail-grouped-writer-final-data-time","256+256+256","8+8+8","32+16+16","2+2+2","2+2+2","1+1+1","10+5+5","ring+ring","2+2",8,0,3,30,21.624704,3.298611,3.298796,0.000185,9,8,3,16,2,7,natural,natural,"appt-ntt-log20-7x7x6-xor-fw16-v1",20.156511,4850.526238,354.925942,5086145400.412189,fused,shoup,-1
1,data-time,4,8-8-4,4,"Tesla V100-SXM2-16GB",7.0,0,"v100-sm70","hierarchical-dataflow-appt-online-register-tail-grouped-writer-final-data-time","experimental",0.000000,"persistent CTA fold roles publish online-reordered packet groups without fold-wide barriers",hierarchical-dataflow,0,named-barrier,0,0,0,2,0,0,0,hermes-xor,inplace,radix4,64,20,1048576,16,576460756061519873,60,0,0,0,dataflow-radix4,"7+7+6","appt-online-register-tail-grouped-writer-final-data-time+appt-online-register-tail-grouped-writer-final-data-time+appt-online-register-tail-grouped-writer-final-data-time","256+256+256","8+8+8","32+16+16","4+4+4","2+2+2","1+1+1","10+5+5","ring+ring","2+2",8,0,3,30,21.624960,3.358993,3.359205,0.000212,8,8,4,16,2,4,natural,natural,"appt-ntt-log20-7x7x6-xor-fw16-v1",20.158976,4763.332268,354.429819,4994715896.431152,fused,shoup,-1
1,data-time,4,8-7-5,4,"Tesla V100-SXM2-16GB",7.0,0,"v100-sm70","hierarchical-dataflow-appt-online-register-tail-grouped-writer-final-data-time","experimental",0.000000,"persistent CTA fold roles publish online-reordered packet groups without fold-wide barriers",hierarchical-dataflow,0,named-barrier,0,0,0,2,0,0,0,hermes-xor,inplace,radix4,64,20,1048576,16,576460756061519873,60,0,0,0,dataflow-radix4,"7+7+6","appt-online-register-tail-grouped-writer-final-data-time+appt-online-register-tail-grouped-writer-final-data-time+appt-online-register-tail-grouped-writer-final-data-time","256+256+256","8+8+8","32+16+16","4+4+4","2+2+2","1+1+1","10+5+5","ring+ring","2+2",8,0,3,30,21.622112,3.535019,3.535223,0.000204,8,7,5,16,2,4,natural,natural,"appt-ntt-log20-7x7x6-xor-fw16-v1",20.159073,4526.142982,353.074588,4746004903.213292,fused,shoup,-1
1,data-time,4,9-8-3,4,"Tesla V100-SXM2-16GB",7.0,0,"v100-sm70","hierarchical-dataflow-appt-online-register-tail-grouped-writer-final-data-time","experimental",0.000000,"persistent CTA fold roles publish online-reordered packet groups without fold-wide barriers",hierarchical-dataflow,0,named-barrier,0,0,0,2,0,0,0,hermes-xor,inplace,radix4,64,20,1048576,16,576460756061519873,60,0,0,0,dataflow-radix4,"7+7+6","appt-online-register-tail-grouped-writer-final-data-time+appt-online-register-tail-grouped-writer-final-data-time+appt-online-register-tail-grouped-writer-final-data-time","256+256+256","8+8+8","32+16+16","4+4+4","2+2+2","1+1+1","10+5+5","ring+ring","2+2",8,0,3,30,21.633568,3.418522,3.418715,0.000193,9,8,3,16,2,4,natural,natural,"appt-ntt-log20-7x7x6-xor-fw16-v1",20.162209,4680.385755,353.870362,4907740173.563164,fused,shoup,-1
1,data-time,4,8-8-4,6,"Tesla V100-SXM2-16GB",7.0,0,"v100-sm70","hierarchical-dataflow-appt-online-register-tail-grouped-writer-final-data-time","experimental",0.000000,"persistent CTA fold roles publish online-reordered packet groups without fold-wide barriers",hierarchical-dataflow,0,named-barrier,0,0,0,2,0,0,0,hermes-xor,inplace,radix4,64,20,1048576,16,576460756061519873,60,0,0,0,dataflow-radix4,"7+7+6","appt-online-register-tail-grouped-writer-final-data-time+appt-online-register-tail-grouped-writer-final-data-time+appt-online-register-tail-grouped-writer-final-data-time","256+256+256","8+8+8","32+16+16","4+4+4","2+2+2","1+1+1","10+5+5","ring+ring","2+2",8,0,3,30,21.623743,3.291546,3.291760,0.000214,8,8,4,16,2,6,natural,natural,"appt-ntt-log20-7x7x6-xor-fw16-v1",20.161633,4860.938234,354.948820,5097063169.846346,fused,shoup,-1
1,data-time,4,8-7-5,6,"Tesla V100-SXM2-16GB",7.0,0,"v100-sm70","hierarchical-dataflow-appt-online-register-tail-grouped-writer-final-data-time","experimental",0.000000,"persistent CTA fold roles publish online-reordered packet groups without fold-wide barriers",hierarchical-dataflow,0,named-barrier,0,0,0,2,0,0,0,hermes-xor,inplace,radix4,64,20,1048576,16,576460756061519873,60,0,0,0,dataflow-radix4,"7+7+6","appt-online-register-tail-grouped-writer-final-data-time+appt-online-register-tail-grouped-writer-final-data-time+appt-online-register-tail-grouped-writer-final-data-time","256+256+256","8+8+8","32+16+16","4+4+4","2+2+2","1+1+1","10+5+5","ring+ring","2+2",8,0,3,30,21.628609,3.777092,3.777286,0.000194,8,7,5,16,2,6,natural,natural,"appt-ntt-log20-7x7x6-xor-fw16-v1",20.165184,4236.062843,351.101367,4441833831.399321,fused,shoup,-1
1,data-time,4,9-8-3,6,"Tesla V100-SXM2-16GB",7.0,0,"v100-sm70","hierarchical-dataflow-appt-online-register-tail-grouped-writer-final-data-time","experimental",0.000000,"persistent CTA fold roles publish online-reordered packet groups without fold-wide barriers",hierarchical-dataflow,0,named-barrier,0,0,0,2,0,0,0,hermes-xor,inplace,radix4,64,20,1048576,16,576460756061519873,60,0,0,0,dataflow-radix4,"7+7+6","appt-online-register-tail-grouped-writer-final-data-time+appt-online-register-tail-grouped-writer-final-data-time+appt-online-register-tail-grouped-writer-final-data-time","256+256+256","8+8+8","32+16+16","4+4+4","2+2+2","1+1+1","10+5+5","ring+ring","2+2",8,0,3,30,21.635584,3.372100,3.372292,0.000192,9,8,3,16,2,6,natural,natural,"appt-ntt-log20-7x7x6-xor-fw16-v1",20.159008,4744.817272,354.243342,4975301516.123390,fused,shoup,-1
1,data-time,4,8-8-4,7,"Tesla V100-SXM2-16GB",7.0,0,"v100-sm70","hierarchical-dataflow-appt-online-register-tail-grouped-writer-final-data-time","experimental",0.000000,"persistent CTA fold roles publish online-reordered packet groups without fold-wide barriers",hierarchical-dataflow,0,named-barrier,0,0,0,2,0,0,0,hermes-xor,inplace,radix4,64,20,1048576,16,576460756061519873,60,0,0,0,dataflow-radix4,"7+7+6","appt-online-register-tail-grouped-writer-final-data-time+appt-online-register-tail-grouped-writer-final-data-time+appt-online-register-tail-grouped-writer-final-data-time","256+256+256","8+8+8","32+16+16","4+4+4","2+2+2","1+1+1","10+5+5","ring+ring","2+2",8,0,3,30,21.634464,3.399646,3.399843,0.000198,8,8,4,16,2,7,natural,natural,"appt-ntt-log20-7x7x6-xor-fw16-v1",20.162815,4706.372639,354.006383,4934989396.117075,fused,shoup,-1
1,data-time,4,8-7-5,7,"Tesla V100-SXM2-16GB",7.0,0,"v100-sm70","hierarchical-dataflow-appt-online-register-tail-grouped-writer-final-data-time","experimental",0.000000,"persistent CTA fold roles publish online-reordered packet groups without fold-wide barriers",hierarchical-dataflow,0,named-barrier,0,0,0,2,0,0,0,hermes-xor,inplace,radix4,64,20,1048576,16,576460756061519873,60,0,0,0,dataflow-radix4,"7+7+6","appt-online-register-tail-grouped-writer-final-data-time+appt-online-register-tail-grouped-writer-final-data-time+appt-online-register-tail-grouped-writer-final-data-time","256+256+256","8+8+8","32+16+16","4+4+4","2+2+2","1+1+1","10+5+5","ring+ring","2+2",8,0,3,30,21.632544,3.880311,3.880494,0.000182,8,7,5,16,2,7,natural,natural,"appt-ntt-log20-7x7x6-xor-fw16-v1",20.157984,4123.380312,350.332957,4323677634.412984,fused,shoup,-1
1,data-time,4,9-8-3,7,"Tesla V100-SXM2-16GB",7.0,0,"v100-sm70","hierarchical-dataflow-appt-online-register-tail-grouped-writer-final-data-time","experimental",0.000000,"persistent CTA fold roles publish online-reordered packet groups without fold-wide barriers",hierarchical-dataflow,0,named-barrier,0,0,0,2,0,0,0,hermes-xor,inplace,radix4,64,20,1048576,16,576460756061519873,60,0,0,0,dataflow-radix4,"7+7+6","appt-online-register-tail-grouped-writer-final-data-time+appt-online-register-tail-grouped-writer-final-data-time+appt-online-register-tail-grouped-writer-final-data-time","256+256+256","8+8+8","32+16+16","4+4+4","2+2+2","1+1+1","10+5+5","ring+ring","2+2",8,0,3,30,21.626207,3.492557,3.492778,0.000222,9,8,3,16,2,7,natural,natural,"appt-ntt-log20-7x7x6-xor-fw16-v1",20.156897,4581.171007,353.390756,4803705969.833390,fused,shoup,-1
2,v06,0,9-11,0,"Tesla V100-SXM2-16GB",7.0,0,"v100-sm70","hierarchical-dataflow-wave-10x10-resident-radix4","experimental",0.000000,"transform-wave readiness with the generated resident radix-4 core",hierarchical-dataflow,0,named-barrier,0,0,0,2,0,0,0,hermes-xor,inplace,radix4,64,20,1048576,16,576460756061519873,60,0,0,0,dataflow-radix4,"10+10","dataflow-radix4+dataflow-radix4","256+256","1+1","0+0","0+0","0+0","0+0","9+11","full-scratch","1",8,0,3,30,21.594463,1.843951,1.844169,0.000218,0,0,0,0,0,7,natural,natural,"",20.164352,8677.020782,366.949192,9098515743.727591,fused,shoup,-1
2,writer-final,1,8-8-4,0,"Tesla V100-SXM2-16GB",7.0,0,"v100-sm70","hierarchical-dataflow-appt-online-register-tail-grouped-writer-final","experimental",0.000000,"persistent CTA fold roles publish online-reordered packet groups without fold-wide barriers",hierarchical-dataflow,0,named-barrier,0,0,0,2,0,0,0,hermes-xor,inplace,radix4,64,20,1048576,16,576460756061519873,60,0,0,0,dataflow-radix4,"7+7+6","appt-online-register-tail-grouped-writer-final+appt-online-register-tail-grouped-writer-final+appt-online-register-tail-grouped-writer-final","256+256+256","8+8+8","32+16+16","1+1+1","2+2+2","1+1+1","10+5+5","ring+ring","2+2",8,0,3,30,21.624895,3.111321,3.111509,0.000188,8,8,4,16,2,7,natural,natural,"appt-ntt-log20-7x7x6-xor-fw16-v1",20.158079,5142.509464,356.392717,5392312004.239750,fused,shoup,-1
2,data-time,1,8-8-4,4,"Tesla V100-SXM2-16GB",7.0,0,"v100-sm70","hierarchical-dataflow-appt-online-register-tail-grouped-writer-final-data-time","experimental",0.000000,"persistent CTA fold roles publish online-reordered packet groups without fold-wide barriers",hierarchical-dataflow,0,named-barrier,0,0,0,2,0,0,0,hermes-xor,inplace,radix4,64,20,1048576,16,576460756061519873,60,0,0,0,dataflow-radix4,"7+7+6","appt-online-register-tail-grouped-writer-final-data-time+appt-online-register-tail-grouped-writer-final-data-time+appt-online-register-tail-grouped-writer-final-data-time","256+256+256","8+8+8","32+16+16","1+1+1","2+2+2","1+1+1","10+5+5","ring+ring","2+2",8,0,3,30,21.626368,3.111151,3.111359,0.000208,8,8,4,16,2,4,natural,natural,"appt-ntt-log20-7x7x6-xor-fw16-v1",20.160864,5142.791238,356.360277,5392607465.171311,fused,shoup,-1
2,data-time,1,8-7-5,4,"Tesla V100-SXM2-16GB",7.0,0,"v100-sm70","hierarchical-dataflow-appt-online-register-tail-grouped-writer-final-data-time","experimental",0.000000,"persistent CTA fold roles publish online-reordered packet groups without fold-wide barriers",hierarchical-dataflow,0,named-barrier,0,0,0,2,0,0,0,hermes-xor,inplace,radix4,64,20,1048576,16,576460756061519873,60,0,0,0,dataflow-radix4,"7+7+6","appt-online-register-tail-grouped-writer-final-data-time+appt-online-register-tail-grouped-writer-final-data-time+appt-online-register-tail-grouped-writer-final-data-time","256+256+256","8+8+8","32+16+16","1+1+1","2+2+2","1+1+1","10+5+5","ring+ring","2+2",8,0,3,30,21.635456,3.408145,3.408348,0.000203,8,7,5,16,2,4,natural,natural,"appt-ntt-log20-7x7x6-xor-fw16-v1",20.160704,4694.635678,353.948590,4922682300.256800,fused,shoup,-1
2,data-time,1,9-8-3,4,"Tesla V100-SXM2-16GB",7.0,0,"v100-sm70","hierarchical-dataflow-appt-online-register-tail-grouped-writer-final-data-time","experimental",0.000000,"persistent CTA fold roles publish online-reordered packet groups without fold-wide barriers",hierarchical-dataflow,0,named-barrier,0,0,0,2,0,0,0,hermes-xor,inplace,radix4,64,20,1048576,16,576460756061519873,60,0,0,0,dataflow-radix4,"7+7+6","appt-online-register-tail-grouped-writer-final-data-time+appt-online-register-tail-grouped-writer-final-data-time+appt-online-register-tail-grouped-writer-final-data-time","256+256+256","8+8+8","32+16+16","1+1+1","2+2+2","1+1+1","10+5+5","ring+ring","2+2",8,0,3,30,21.631008,3.216998,3.217264,0.000266,9,8,3,16,2,4,natural,natural,"appt-ntt-log20-7x7x6-xor-fw16-v1",20.164831,4973.580436,355.454151,5215177079.259285,fused,shoup,-1
2,data-time,1,8-8-4,6,"Tesla V100-SXM2-16GB",7.0,0,"v100-sm70","hierarchical-dataflow-appt-online-register-tail-grouped-writer-final-data-time","experimental",0.000000,"persistent CTA fold roles publish online-reordered packet groups without fold-wide barriers",hierarchical-dataflow,0,named-barrier,0,0,0,2,0,0,0,hermes-xor,inplace,radix4,64,20,1048576,16,576460756061519873,60,0,0,0,dataflow-radix4,"7+7+6","appt-online-register-tail-grouped-writer-final-data-time+appt-online-register-tail-grouped-writer-final-data-time+appt-online-register-tail-grouped-writer-final-data-time","256+256+256","8+8+8","32+16+16","1+1+1","2+2+2","1+1+1","10+5+5","ring+ring","2+2",8,0,3,30,21.634497,3.119718,3.119943,0.000225,8,8,4,16,2,6,natural,natural,"appt-ntt-log20-7x7x6-xor-fw16-v1",20.162304,5128.668166,356.216385,5377798350.870578,fused,shoup,-1
2,data-time,1,8-7-5,6,"Tesla V100-SXM2-16GB",7.0,0,"v100-sm70","hierarchical-dataflow-appt-online-register-tail-grouped-writer-final-data-time","experimental",0.000000,"persistent CTA fold roles publish online-reordered packet groups without fold-wide barriers",hierarchical-dataflow,0,named-barrier,0,0,0,2,0,0,0,hermes-xor,inplace,radix4,64,20,1048576,16,576460756061519873,60,0,0,0,dataflow-radix4,"7+7+6","appt-online-register-tail-grouped-writer-final-data-time+appt-online-register-tail-grouped-writer-final-data-time+appt-online-register-tail-grouped-writer-final-data-time","256+256+256","8+8+8","32+16+16","1+1+1","2+2+2","1+1+1","10+5+5","ring+ring","2+2",8,0,3,30,21.634048,3.399885,3.400096,0.000212,8,7,5,16,2,6,natural,natural,"appt-ntt-log20-7x7x6-xor-fw16-v1",20.161888,4706.041942,354.015029,4934642635.432587,fused,shoup,-1
2,data-time,1,9-8-3,6,"Tesla V100-SXM2-16GB",7.0,0,"v100-sm70","hierarchical-dataflow-appt-online-register-tail-grouped-writer-final-data-time","experimental",0.000000,"persistent CTA fold roles publish online-reordered packet groups without fold-wide barriers",hierarchical-dataflow,0,named-barrier,0,0,0,2,0,0,0,hermes-xor,inplace,radix4,64,20,1048576,16,576460756061519873,60,0,0,0,dataflow-radix4,"7+7+6","appt-online-register-tail-grouped-writer-final-data-time+appt-online-register-tail-grouped-writer-final-data-time+appt-online-register-tail-grouped-writer-final-data-time","256+256+256","8+8+8","32+16+16","1+1+1","2+2+2","1+1+1","10+5+5","ring+ring","2+2",8,0,3,30,21.623392,3.196143,3.196349,0.000206,9,8,3,16,2,6,natural,natural,"appt-ntt-log20-7x7x6-xor-fw16-v1",20.160959,5006.033973,355.709742,5249207079.407068,fused,shoup,-1
2,data-time,1,8-8-4,7,"Tesla V100-SXM2-16GB",7.0,0,"v100-sm70","hierarchical-dataflow-appt-online-register-tail-grouped-writer-final-data-time","experimental",0.000000,"persistent CTA fold roles publish online-reordered packet groups without fold-wide barriers",hierarchical-dataflow,0,named-barrier,0,0,0,2,0,0,0,hermes-xor,inplace,radix4,64,20,1048576,16,576460756061519873,60,0,0,0,dataflow-radix4,"7+7+6","appt-online-register-tail-grouped-writer-final-data-time+appt-online-register-tail-grouped-writer-final-data-time+appt-online-register-tail-grouped-writer-final-data-time","256+256+256","8+8+8","32+16+16","1+1+1","2+2+2","1+1+1","10+5+5","ring+ring","2+2",8,0,3,30,21.626688,3.122620,3.122819,0.000200,8,8,4,16,2,7,natural,natural,"appt-ntt-log20-7x7x6-xor-fw16-v1",20.157696,5123.902973,356.291865,5372801683.782569,fused,shoup,-1
2,data-time,1,8-7-5,7,"Tesla V100-SXM2-16GB",7.0,0,"v100-sm70","hierarchical-dataflow-appt-online-register-tail-grouped-writer-final-data-time","experimental",0.000000,"persistent CTA fold roles publish online-reordered packet groups without fold-wide barriers",hierarchical-dataflow,0,named-barrier,0,0,0,2,0,0,0,hermes-xor,inplace,radix4,64,20,1048576,16,576460756061519873,60,0,0,0,dataflow-radix4,"7+7+6","appt-online-register-tail-grouped-writer-final-data-time+appt-online-register-tail-grouped-writer-final-data-time+appt-online-register-tail-grouped-writer-final-data-time","256+256+256","8+8+8","32+16+16","1+1+1","2+2+2","1+1+1","10+5+5","ring+ring","2+2",8,0,3,30,21.623808,3.406507,3.406688,0.000182,8,7,5,16,2,7,natural,natural,"appt-ntt-log20-7x7x6-xor-fw16-v1",20.164097,4696.893964,354.026074,4925050285.658294,fused,shoup,-1
2,data-time,1,9-8-3,7,"Tesla V100-SXM2-16GB",7.0,0,"v100-sm70","hierarchical-dataflow-appt-online-register-tail-grouped-writer-final-data-time","experimental",0.000000,"persistent CTA fold roles publish online-reordered packet groups without fold-wide barriers",hierarchical-dataflow,0,named-barrier,0,0,0,2,0,0,0,hermes-xor,inplace,radix4,64,20,1048576,16,576460756061519873,60,0,0,0,dataflow-radix4,"7+7+6","appt-online-register-tail-grouped-writer-final-data-time+appt-online-register-tail-grouped-writer-final-data-time+appt-online-register-tail-grouped-writer-final-data-time","256+256+256","8+8+8","32+16+16","1+1+1","2+2+2","1+1+1","10+5+5","ring+ring","2+2",8,0,3,30,21.624607,3.211947,3.212167,0.000220,9,8,3,16,2,7,natural,natural,"appt-ntt-log20-7x7x6-xor-fw16-v1",20.158464,4981.402671,355.594922,5223379287.396022,fused,shoup,-1
2,data-time,2,8-8-4,4,"Tesla V100-SXM2-16GB",7.0,0,"v100-sm70","hierarchical-dataflow-appt-online-register-tail-grouped-writer-final-data-time","experimental",0.000000,"persistent CTA fold roles publish online-reordered packet groups without fold-wide barriers",hierarchical-dataflow,0,named-barrier,0,0,0,2,0,0,0,hermes-xor,inplace,radix4,64,20,1048576,16,576460756061519873,60,0,0,0,dataflow-radix4,"7+7+6","appt-online-register-tail-grouped-writer-final-data-time+appt-online-register-tail-grouped-writer-final-data-time+appt-online-register-tail-grouped-writer-final-data-time","256+256+256","8+8+8","32+16+16","2+2+2","2+2+2","1+1+1","10+5+5","ring+ring","2+2",8,0,3,30,21.627329,3.206280,3.206469,0.000188,8,8,4,16,2,4,natural,natural,"appt-ntt-log20-7x7x6-xor-fw16-v1",20.155231,4990.205988,355.643749,5232610234.048713,fused,shoup,-1
2,data-time,2,8-7-5,4,"Tesla V100-SXM2-16GB",7.0,0,"v100-sm70","hierarchical-dataflow-appt-online-register-tail-grouped-writer-final-data-time","experimental",0.000000,"persistent CTA fold roles publish online-reordered packet groups without fold-wide barriers",hierarchical-dataflow,0,named-barrier,0,0,0,2,0,0,0,hermes-xor,inplace,radix4,64,20,1048576,16,576460756061519873,60,0,0,0,dataflow-radix4,"7+7+6","appt-online-register-tail-grouped-writer-final-data-time+appt-online-register-tail-grouped-writer-final-data-time+appt-online-register-tail-grouped-writer-final-data-time","256+256+256","8+8+8","32+16+16","2+2+2","2+2+2","1+1+1","10+5+5","ring+ring","2+2",8,0,3,30,21.622433,3.445214,3.445445,0.000232,8,7,5,16,2,4,natural,natural,"appt-ntt-log20-7x7x6-xor-fw16-v1",20.160448,4644.123980,353.762416,4869716946.382055,fused,shoup,-1
2,data-time,2,9-8-3,4,"Tesla V100-SXM2-16GB",7.0,0,"v100-sm70","hierarchical-dataflow-appt-online-register-tail-grouped-writer-final-data-time","experimental",0.000000,"persistent CTA fold roles publish online-reordered packet groups without fold-wide barriers",hierarchical-dataflow,0,named-barrier,0,0,0,2,0,0,0,hermes-xor,inplace,radix4,64,20,1048576,16,576460756061519873,60,0,0,0,dataflow-radix4,"7+7+6","appt-online-register-tail-grouped-writer-final-data-time+appt-online-register-tail-grouped-writer-final-data-time+appt-online-register-tail-grouped-writer-final-data-time","256+256+256","8+8+8","32+16+16","2+2+2","2+2+2","1+1+1","10+5+5","ring+ring","2+2",8,0,3,30,21.632481,3.272124,3.272318,0.000195,9,8,3,16,2,4,natural,natural,"appt-ntt-log20-7x7x6-xor-fw16-v1",20.155169,4889.790519,355.083902,5127316982.969602,fused,shoup,-1
2,data-time,2,8-8-4,6,"Tesla V100-SXM2-16GB",7.0,0,"v100-sm70","hierarchical-dataflow-appt-online-register-tail-grouped-writer-final-data-time","experimental",0.000000,"persistent CTA fold roles publish online-reordered packet groups without fold-wide barriers",hierarchical-dataflow,0,named-barrier,0,0,0,2,0,0,0,hermes-xor,inplace,radix4,64,20,1048576,16,576460756061519873,60,0,0,0,dataflow-radix4,"7+7+6","appt-online-register-tail-grouped-writer-final-data-time+appt-online-register-tail-grouped-writer-final-data-time+appt-online-register-tail-grouped-writer-final-data-time","256+256+256","8+8+8","32+16+16","2+2+2","2+2+2","1+1+1","10+5+5","ring+ring","2+2",8,0,3,30,21.622240,3.194436,3.194643,0.000206,8,8,4,16,2,6,natural,natural,"appt-ntt-log20-7x7x6-xor-fw16-v1",20.159296,5008.708404,355.745505,5252011423.247652,fused,shoup,-1
2,data-time,2,8-7-5,6,"Tesla V100-SXM2-16GB",7.0,0,"v100-sm70","hierarchical-dataflow-appt-online-register-tail-grouped-writer-final-data-time","experimental",0.000000,"persistent CTA fold roles publish online-reordered packet groups without fold-wide barriers",hierarchical-dataflow,0,named-barrier,0,0,0,2,0,0,0,hermes-xor,inplace,radix4,64,20,1048576,16,576460756061519873,60,0,0,0,dataflow-radix4,"7+7+6","appt-online-register-tail-grouped-writer-final-data-time+appt-online-register-tail-grouped-writer-final-data-time+appt-online-register-tail-grouped-writer-final-data-time","256+256+256","8+8+8","32+16+16","2+2+2","2+2+2","1+1+1","10+5+5","ring+ring","2+2",8,0,3,30,21.634687,3.547341,3.547513,0.000172,8,7,5,16,2,6,natural,natural,"appt-ntt-log20-7x7x6-xor-fw16-v1",20.163937,4510.420788,352.842861,4729518987.685019,fused,shoup,-1
2,data-time,2,9-8-3,6,"Tesla V100-SXM2-16GB",7.0,0,"v100-sm70","hierarchical-dataflow-appt-online-register-tail-grouped-writer-final-data-time","experimental",0.000000,"persistent CTA fold roles publish online-reordered packet groups without fold-wide barriers",hierarchical-dataflow,0,named-barrier,0,0,0,2,0,0,0,hermes-xor,inplace,radix4,64,20,1048576,16,576460756061519873,60,0,0,0,dataflow-radix4,"7+7+6","appt-online-register-tail-grouped-writer-final-data-time+appt-online-register-tail-grouped-writer-final-data-time+appt-online-register-tail-grouped-writer-final-data-time","256+256+256","8+8+8","32+16+16","2+2+2","2+2+2","1+1+1","10+5+5","ring+ring","2+2",8,0,3,30,21.620768,3.245705,3.245911,0.000206,9,8,3,16,2,6,natural,natural,"appt-ntt-log20-7x7x6-xor-fw16-v1",20.158016,4929.592098,355.362172,5169051963.941602,fused,shoup,-1
2,data-time,2,8-8-4,7,"Tesla V100-SXM2-16GB",7.0,0,"v100-sm70","hierarchical-dataflow-appt-online-register-tail-grouped-writer-final-data-time","experimental",0.000000,"persistent CTA fold roles publish online-reordered packet groups without fold-wide barriers",hierarchical-dataflow,0,named-barrier,0,0,0,2,0,0,0,hermes-xor,inplace,radix4,64,20,1048576,16,576460756061519873,60,0,0,0,dataflow-radix4,"7+7+6","appt-online-register-tail-grouped-writer-final-data-time+appt-online-register-tail-grouped-writer-final-data-time+appt-online-register-tail-grouped-writer-final-data-time","256+256+256","8+8+8","32+16+16","2+2+2","2+2+2","1+1+1","10+5+5","ring+ring","2+2",8,0,3,30,21.633663,3.204472,3.204684,0.000213,8,8,4,16,2,7,natural,natural,"appt-ntt-log20-7x7x6-xor-fw16-v1",20.162720,4993.022893,355.548804,5235563973.205814,fused,shoup,-1
2,data-time,2,8-7-5,7,"Tesla V100-SXM2-16GB",7.0,0,"v100-sm70","hierarchical-dataflow-appt-online-register-tail-grouped-writer-final-data-time","experimental",0.000000,"persistent CTA fold roles publish online-reordered packet groups without fold-wide barriers",hierarchical-dataflow,0,named-barrier,0,0,0,2,0,0,0,hermes-xor,inplace,radix4,64,20,1048576,16,576460756061519873,60,0,0,0,dataflow-radix4,"7+7+6","appt-online-register-tail-grouped-writer-final-data-time+appt-online-register-tail-grouped-writer-final-data-time+appt-online-register-tail-grouped-writer-final-data-time","256+256+256","8+8+8","32+16+16","2+2+2","2+2+2","1+1+1","10+5+5","ring+ring","2+2",8,0,3,30,21.631008,3.554748,3.554941,0.000194,8,7,5,16,2,7,natural,natural,"appt-ntt-log20-7x7x6-xor-fw16-v1",20.158527,4501.022523,352.855946,4719664192.794848,fused,shoup,-1
2,data-time,2,9-8-3,7,"Tesla V100-SXM2-16GB",7.0,0,"v100-sm70","hierarchical-dataflow-appt-online-register-tail-grouped-writer-final-data-time","experimental",0.000000,"persistent CTA fold roles publish online-reordered packet groups without fold-wide barriers",hierarchical-dataflow,0,named-barrier,0,0,0,2,0,0,0,hermes-xor,inplace,radix4,64,20,1048576,16,576460756061519873,60,0,0,0,dataflow-radix4,"7+7+6","appt-online-register-tail-grouped-writer-final-data-time+appt-online-register-tail-grouped-writer-final-data-time+appt-online-register-tail-grouped-writer-final-data-time","256+256+256","8+8+8","32+16+16","2+2+2","2+2+2","1+1+1","10+5+5","ring+ring","2+2",8,0,3,30,21.625696,3.305370,3.305616,0.000247,9,8,3,16,2,7,natural,natural,"appt-ntt-log20-7x7x6-xor-fw16-v1",20.163809,4840.608422,354.807506,5075745817.063163,fused,shoup,-1
2,data-time,4,8-8-4,4,"Tesla V100-SXM2-16GB",7.0,0,"v100-sm70","hierarchical-dataflow-appt-online-register-tail-grouped-writer-final-data-time","experimental",0.000000,"persistent CTA fold roles publish online-reordered packet groups without fold-wide barriers",hierarchical-dataflow,0,named-barrier,0,0,0,2,0,0,0,hermes-xor,inplace,radix4,64,20,1048576,16,576460756061519873,60,0,0,0,dataflow-radix4,"7+7+6","appt-online-register-tail-grouped-writer-final-data-time+appt-online-register-tail-grouped-writer-final-data-time+appt-online-register-tail-grouped-writer-final-data-time","256+256+256","8+8+8","32+16+16","4+4+4","2+2+2","1+1+1","10+5+5","ring+ring","2+2",8,0,3,30,21.626432,3.346398,3.346606,0.000208,8,8,4,16,2,4,natural,natural,"appt-ntt-log20-7x7x6-xor-fw16-v1",20.166912,4781.260504,354.454836,5013515014.642119,fused,shoup,-1
2,data-time,4,8-7-5,4,"Tesla V100-SXM2-16GB",7.0,0,"v100-sm70","hierarchical-dataflow-appt-online-register-tail-grouped-writer-final-data-time","experimental",0.000000,"persistent CTA fold roles publish online-reordered packet groups without fold-wide barriers",hierarchical-dataflow,0,named-barrier,0,0,0,2,0,0,0,hermes-xor,inplace,radix4,64,20,1048576,16,576460756061519873,60,0,0,0,dataflow-radix4,"7+7+6","appt-online-register-tail-grouped-writer-final-data-time+appt-online-register-tail-grouped-writer-final-data-time+appt-online-register-tail-grouped-writer-final-data-time","256+256+256","8+8+8","32+16+16","4+4+4","2+2+2","1+1+1","10+5+5","ring+ring","2+2",8,0,3,30,21.633856,3.529079,3.529233,0.000154,8,7,5,16,2,4,natural,natural,"appt-ntt-log20-7x7x6-xor-fw16-v1",20.155329,4533.760230,353.058537,4753992166.593344,fused,shoup,-1
2,data-time,4,9-8-3,4,"Tesla V100-SXM2-16GB",7.0,0,"v100-sm70","hierarchical-dataflow-appt-online-register-tail-grouped-writer-final-data-time","experimental",0.000000,"persistent CTA fold roles publish online-reordered packet groups without fold-wide barriers",hierarchical-dataflow,0,named-barrier,0,0,0,2,0,0,0,hermes-xor,inplace,radix4,64,20,1048576,16,576460756061519873,60,0,0,0,dataflow-radix4,"7+7+6","appt-online-register-tail-grouped-writer-final-data-time+appt-online-register-tail-grouped-writer-final-data-time+appt-online-register-tail-grouped-writer-final-data-time","256+256+256","8+8+8","32+16+16","4+4+4","2+2+2","1+1+1","10+5+5","ring+ring","2+2",8,0,3,30,21.624607,3.414221,3.414400,0.000179,9,8,3,16,2,4,natural,natural,"appt-ntt-log20-7x7x6-xor-fw16-v1",20.163521,4686.281880,353.963910,4913922709.024314,fused,shoup,-1
2,data-time,4,8-8-4,6,"Tesla V100-SXM2-16GB",7.0,0,"v100-sm70","hierarchical-dataflow-appt-online-register-tail-grouped-writer-final-data-time","experimental",0.000000,"persistent CTA fold roles publish online-reordered packet groups without fold-wide barriers",hierarchical-dataflow,0,named-barrier,0,0,0,2,0,0,0,hermes-xor,inplace,radix4,64,20,1048576,16,576460756061519873,60,0,0,0,dataflow-radix4,"7+7+6","appt-online-register-tail-grouped-writer-final-data-time+appt-online-register-tail-grouped-writer-final-data-time+appt-online-register-tail-grouped-writer-final-data-time","256+256+256","8+8+8","32+16+16","4+4+4","2+2+2","1+1+1","10+5+5","ring+ring","2+2",8,0,3,30,21.634687,3.300147,3.300324,0.000176,8,8,4,16,2,6,natural,natural,"appt-ntt-log20-7x7x6-xor-fw16-v1",20.154495,4848.268447,354.851137,5083777934.829818,fused,shoup,-1
2,data-time,4,8-7-5,6,"Tesla V100-SXM2-16GB",7.0,0,"v100-sm70","hierarchical-dataflow-appt-online-register-tail-grouped-writer-final-data-time","experimental",0.000000,"persistent CTA fold roles publish online-reordered packet groups without fold-wide barriers",hierarchical-dataflow,0,named-barrier,0,0,0,2,0,0,0,hermes-xor,inplace,radix4,64,20,1048576,16,576460756061519873,60,0,0,0,dataflow-radix4,"7+7+6","appt-online-register-tail-grouped-writer-final-data-time+appt-online-register-tail-grouped-writer-final-data-time+appt-online-register-tail-grouped-writer-final-data-time","256+256+256","8+8+8","32+16+16","4+4+4","2+2+2","1+1+1","10+5+5","ring+ring","2+2",8,0,3,30,21.625441,3.774532,3.774715,0.000182,8,7,5,16,2,6,natural,natural,"appt-ntt-log20-7x7x6-xor-fw16-v1",20.153984,4238.935755,351.231837,4444846297.773254,fused,shoup,-1
2,data-time,4,9-8-3,6,"Tesla V100-SXM2-16GB",7.0,0,"v100-sm70","hierarchical-dataflow-appt-online-register-tail-grouped-writer-final-data-time","experimental",0.000000,"persistent CTA fold roles publish online-reordered packet groups without fold-wide barriers",hierarchical-dataflow,0,named-barrier,0,0,0,2,0,0,0,hermes-xor,inplace,radix4,64,20,1048576,16,576460756061519873,60,0,0,0,dataflow-radix4,"7+7+6","appt-online-register-tail-grouped-writer-final-data-time+appt-online-register-tail-grouped-writer-final-data-time+appt-online-register-tail-grouped-writer-final-data-time","256+256+256","8+8+8","32+16+16","4+4+4","2+2+2","1+1+1","10+5+5","ring+ring","2+2",8,0,3,30,21.625664,3.367083,3.367294,0.000211,9,8,3,16,2,6,natural,natural,"appt-ntt-log20-7x7x6-xor-fw16-v1",20.156063,4751.887847,354.383651,4982715551.091590,fused,shoup,-1
2,data-time,4,8-8-4,7,"Tesla V100-SXM2-16GB",7.0,0,"v100-sm70","hierarchical-dataflow-appt-online-register-tail-grouped-writer-final-data-time","experimental",0.000000,"persistent CTA fold roles publish online-reordered packet groups without fold-wide barriers",hierarchical-dataflow,0,named-barrier,0,0,0,2,0,0,0,hermes-xor,inplace,radix4,64,20,1048576,16,576460756061519873,60,0,0,0,dataflow-radix4,"7+7+6","appt-online-register-tail-grouped-writer-final-data-time+appt-online-register-tail-grouped-writer-final-data-time+appt-online-register-tail-grouped-writer-final-data-time","256+256+256","8+8+8","32+16+16","4+4+4","2+2+2","1+1+1","10+5+5","ring+ring","2+2",8,0,3,30,21.625376,3.397359,3.397532,0.000173,8,8,4,16,2,7,natural,natural,"appt-ntt-log20-7x7x6-xor-fw16-v1",20.154207,4709.540704,354.162972,4938311353.537190,fused,shoup,-1
2,data-time,4,8-7-5,7,"Tesla V100-SXM2-16GB",7.0,0,"v100-sm70","hierarchical-dataflow-appt-online-register-tail-grouped-writer-final-data-time","experimental",0.000000,"persistent CTA fold roles publish online-reordered packet groups without fold-wide barriers",hierarchical-dataflow,0,named-barrier,0,0,0,2,0,0,0,hermes-xor,inplace,radix4,64,20,1048576,16,576460756061519873,60,0,0,0,dataflow-radix4,"7+7+6","appt-online-register-tail-grouped-writer-final-data-time+appt-online-register-tail-grouped-writer-final-data-time+appt-online-register-tail-grouped-writer-final-data-time","256+256+256","8+8+8","32+16+16","4+4+4","2+2+2","1+1+1","10+5+5","ring+ring","2+2",8,0,3,30,21.624256,3.880380,3.880564,0.000184,8,7,5,16,2,7,natural,natural,"appt-ntt-log20-7x7x6-xor-fw16-v1",20.154593,4123.307855,350.422041,4323601656.875504,fused,shoup,-1
2,data-time,4,9-8-3,7,"Tesla V100-SXM2-16GB",7.0,0,"v100-sm70","hierarchical-dataflow-appt-online-register-tail-grouped-writer-final-data-time","experimental",0.000000,"persistent CTA fold roles publish online-reordered packet groups without fold-wide barriers",hierarchical-dataflow,0,named-barrier,0,0,0,2,0,0,0,hermes-xor,inplace,radix4,64,20,1048576,16,576460756061519873,60,0,0,0,dataflow-radix4,"7+7+6","appt-online-register-tail-grouped-writer-final-data-time+appt-online-register-tail-grouped-writer-final-data-time+appt-online-register-tail-grouped-writer-final-data-time","256+256+256","8+8+8","32+16+16","4+4+4","2+2+2","1+1+1","10+5+5","ring+ring","2+2",8,0,3,30,21.623137,3.490270,3.490451,0.000181,9,8,3,16,2,7,natural,natural,"appt-ntt-log20-7x7x6-xor-fw16-v1",20.158497,4584.172703,353.420087,4806853476.585451,fused,shoup,-1
3,v06,0,9-11,0,"Tesla V100-SXM2-16GB",7.0,0,"v100-sm70","hierarchical-dataflow-wave-10x10-resident-radix4","experimental",0.000000,"transform-wave readiness with the generated resident radix-4 core",hierarchical-dataflow,0,named-barrier,0,0,0,2,0,0,0,hermes-xor,inplace,radix4,64,20,1048576,16,576460756061519873,60,0,0,0,dataflow-radix4,"10+10","dataflow-radix4+dataflow-radix4","256+256","1+1","0+0","0+0","0+0","0+0","9+11","full-scratch","1",8,0,3,30,21.584673,1.826099,1.826371,0.000272,0,0,0,0,0,7,natural,natural,"",20.161888,8761.846221,367.202735,9187461662.541656,fused,shoup,-1
3,writer-final,1,8-8-4,0,"Tesla V100-SXM2-16GB",7.0,0,"v100-sm70","hierarchical-dataflow-appt-online-register-tail-grouped-writer-final","experimental",0.000000,"persistent CTA fold roles publish online-reordered packet groups without fold-wide barriers",hierarchical-dataflow,0,named-barrier,0,0,0,2,0,0,0,hermes-xor,inplace,radix4,64,20,1048576,16,576460756061519873,60,0,0,0,dataflow-radix4,"7+7+6","appt-online-register-tail-grouped-writer-final+appt-online-register-tail-grouped-writer-final+appt-online-register-tail-grouped-writer-final","256+256+256","8+8+8","32+16+16","1+1+1","2+2+2","1+1+1","10+5+5","ring+ring","2+2",8,0,3,30,21.620640,3.097054,3.097230,0.000176,8,8,4,16,2,7,natural,natural,"appt-ntt-log20-7x7x6-xor-fw16-v1",20.157888,5166.200269,356.541337,5417153613.161524,fused,shoup,-1
3,data-time,1,8-8-4,4,"Tesla V100-SXM2-16GB",7.0,0,"v100-sm70","hierarchical-dataflow-appt-online-register-tail-grouped-writer-final-data-time","experimental",0.000000,"persistent CTA fold roles publish online-reordered packet groups without fold-wide barriers",hierarchical-dataflow,0,named-barrier,0,0,0,2,0,0,0,hermes-xor,inplace,radix4,64,20,1048576,16,576460756061519873,60,0,0,0,dataflow-radix4,"7+7+6","appt-online-register-tail-grouped-writer-final-data-time+appt-online-register-tail-grouped-writer-final-data-time+appt-online-register-tail-grouped-writer-final-data-time","256+256+256","8+8+8","32+16+16","1+1+1","2+2+2","1+1+1","10+5+5","ring+ring","2+2",8,0,3,30,21.624001,3.109308,3.109508,0.000200,8,8,4,16,2,4,natural,natural,"appt-ntt-log20-7x7x6-xor-fw16-v1",20.156832,5145.840306,356.425711,5395804645.049785,fused,shoup,-1
3,data-time,1,8-7-5,4,"Tesla V100-SXM2-16GB",7.0,0,"v100-sm70","hierarchical-dataflow-appt-online-register-tail-grouped-writer-final-data-time","experimental",0.000000,"persistent CTA fold roles publish online-reordered packet groups without fold-wide barriers",hierarchical-dataflow,0,named-barrier,0,0,0,2,0,0,0,hermes-xor,inplace,radix4,64,20,1048576,16,576460756061519873,60,0,0,0,dataflow-radix4,"7+7+6","appt-online-register-tail-grouped-writer-final-data-time+appt-online-register-tail-grouped-writer-final-data-time+appt-online-register-tail-grouped-writer-final-data-time","256+256+256","8+8+8","32+16+16","1+1+1","2+2+2","1+1+1","10+5+5","ring+ring","2+2",8,0,3,30,21.623039,3.404220,3.404427,0.000208,8,7,5,16,2,4,natural,natural,"appt-ntt-log20-7x7x6-xor-fw16-v1",20.160831,4700.048948,354.075594,4928358526.003281,fused,shoup,-1
3,data-time,1,9-8-3,4,"Tesla V100-SXM2-16GB",7.0,0,"v100-sm70","hierarchical-dataflow-appt-online-register-tail-grouped-writer-final-data-time","experimental",0.000000,"persistent CTA fold roles publish online-reordered packet groups without fold-wide barriers",hierarchical-dataflow,0,named-barrier,0,0,0,2,0,0,0,hermes-xor,inplace,radix4,64,20,1048576,16,576460756061519873,60,0,0,0,dataflow-radix4,"7+7+6","appt-online-register-tail-grouped-writer-final-data-time+appt-online-register-tail-grouped-writer-final-data-time+appt-online-register-tail-grouped-writer-final-data-time","256+256+256","8+8+8","32+16+16","1+1+1","2+2+2","1+1+1","10+5+5","ring+ring","2+2",8,0,3,30,21.624384,3.211844,3.212031,0.000186,9,8,3,16,2,4,natural,natural,"appt-ntt-log20-7x7x6-xor-fw16-v1",20.155712,4981.561305,355.619247,5223545626.534096,fused,shoup,-1
3,data-time,1,8-8-4,6,"Tesla V100-SXM2-16GB",7.0,0,"v100-sm70","hierarchical-dataflow-appt-online-register-tail-grouped-writer-final-data-time","experimental",0.000000,"persistent CTA fold roles publish online-reordered packet groups without fold-wide barriers",hierarchical-dataflow,0,named-barrier,0,0,0,2,0,0,0,hermes-xor,inplace,radix4,64,20,1048576,16,576460756061519873,60,0,0,0,dataflow-radix4,"7+7+6","appt-online-register-tail-grouped-writer-final-data-time+appt-online-register-tail-grouped-writer-final-data-time+appt-online-register-tail-grouped-writer-final-data-time","256+256+256","8+8+8","32+16+16","1+1+1","2+2+2","1+1+1","10+5+5","ring+ring","2+2",8,0,3,30,21.625601,3.127091,3.127309,0.000217,8,8,4,16,2,6,natural,natural,"appt-ntt-log20-7x7x6-xor-fw16-v1",20.163679,5116.576119,356.217557,5365118920.868611,fused,shoup,-1
3,data-time,1,8-7-5,6,"Tesla V100-SXM2-16GB",7.0,0,"v100-sm70","hierarchical-dataflow-appt-online-register-tail-grouped-writer-final-data-time","experimental",0.000000,"persistent CTA fold roles publish online-reordered packet groups without fold-wide barriers",hierarchical-dataflow,0,named-barrier,0,0,0,2,0,0,0,hermes-xor,inplace,radix4,64,20,1048576,16,576460756061519873,60,0,0,0,dataflow-radix4,"7+7+6","appt-online-register-tail-grouped-writer-final-data-time+appt-online-register-tail-grouped-writer-final-data-time+appt-online-register-tail-grouped-writer-final-data-time","256+256+256","8+8+8","32+16+16","1+1+1","2+2+2","1+1+1","10+5+5","ring+ring","2+2",8,0,3,30,21.626368,3.415859,3.416043,0.000184,8,7,5,16,2,6,natural,natural,"appt-ntt-log20-7x7x6-xor-fw16-v1",20.153088,4684.033784,354.019000,4911565409.347510,fused,shoup,-1
3,data-time,1,9-8-3,6,"Tesla V100-SXM2-16GB",7.0,0,"v100-sm70","hierarchical-dataflow-appt-online-register-tail-grouped-writer-final-data-time","experimental",0.000000,"persistent CTA fold roles publish online-reordered packet groups without fold-wide barriers",hierarchical-dataflow,0,named-barrier,0,0,0,2,0,0,0,hermes-xor,inplace,radix4,64,20,1048576,16,576460756061519873,60,0,0,0,dataflow-radix4,"7+7+6","appt-online-register-tail-grouped-writer-final-data-time+appt-online-register-tail-grouped-writer-final-data-time+appt-online-register-tail-grouped-writer-final-data-time","256+256+256","8+8+8","32+16+16","1+1+1","2+2+2","1+1+1","10+5+5","ring+ring","2+2",8,0,3,30,21.633184,3.223279,3.223492,0.000213,9,8,3,16,2,6,natural,natural,"appt-ntt-log20-7x7x6-xor-fw16-v1",20.158625,4963.889625,355.436383,5205015527.500717,fused,shoup,-1
3,data-time,1,8-8-4,7,"Tesla V100-SXM2-16GB",7.0,0,"v100-sm70","hierarchical-dataflow-appt-online-register-tail-grouped-writer-final-data-time","experimental",0.000000,"persistent CTA fold roles publish online-reordered packet groups without fold-wide barriers",hierarchical-dataflow,0,named-barrier,0,0,0,2,0,0,0,hermes-xor,inplace,radix4,64,20,1048576,16,576460756061519873,60,0,0,0,dataflow-radix4,"7+7+6","appt-online-register-tail-grouped-writer-final-data-time+appt-online-register-tail-grouped-writer-final-data-time+appt-online-register-tail-grouped-writer-final-data-time","256+256+256","8+8+8","32+16+16","1+1+1","2+2+2","1+1+1","10+5+5","ring+ring","2+2",8,0,3,30,21.635904,3.111902,3.112118,0.000217,8,8,4,16,2,7,natural,natural,"appt-ntt-log20-7x7x6-xor-fw16-v1",20.161793,5141.550484,356.271274,5391306440.038056,fused,shoup,-1
3,data-time,1,8-7-5,7,"Tesla V100-SXM2-16GB",7.0,0,"v100-sm70","hierarchical-dataflow-appt-online-register-tail-grouped-writer-final-data-time","experimental",0.000000,"persistent CTA fold roles publish online-reordered packet groups without fold-wide barriers",hierarchical-dataflow,0,named-barrier,0,0,0,2,0,0,0,hermes-xor,inplace,radix4,64,20,1048576,16,576460756061519873,60,0,0,0,dataflow-radix4,"7+7+6","appt-online-register-tail-grouped-writer-final-data-time+appt-online-register-tail-grouped-writer-final-data-time+appt-online-register-tail-grouped-writer-final-data-time","256+256+256","8+8+8","32+16+16","1+1+1","2+2+2","1+1+1","10+5+5","ring+ring","2+2",8,0,3,30,21.628992,3.403640,3.403875,0.000236,8,7,5,16,2,7,natural,natural,"appt-ntt-log20-7x7x6-xor-fw16-v1",20.159744,4700.850293,354.042019,4929198797.053972,fused,shoup,-1
3,data-time,1,9-8-3,7,"Tesla V100-SXM2-16GB",7.0,0,"v100-sm70","hierarchical-dataflow-appt-online-register-tail-grouped-writer-final-data-time","experimental",0.000000,"persistent CTA fold roles publish online-reordered packet groups without fold-wide barriers",hierarchical-dataflow,0,named-barrier,0,0,0,2,0,0,0,hermes-xor,inplace,radix4,64,20,1048576,16,576460756061519873,60,0,0,0,dataflow-radix4,"7+7+6","appt-online-register-tail-grouped-writer-final-data-time+appt-online-register-tail-grouped-writer-final-data-time+appt-online-register-tail-grouped-writer-final-data-time","256+256+256","8+8+8","32+16+16","1+1+1","2+2+2","1+1+1","10+5+5","ring+ring","2+2",8,0,3,30,21.619200,3.219183,3.219376,0.000193,9,8,3,16,2,7,natural,natural,"appt-ntt-log20-7x7x6-xor-fw16-v1",20.157473,4970.205590,355.588308,5211638297.231324,fused,shoup,-1
3,data-time,2,8-8-4,4,"Tesla V100-SXM2-16GB",7.0,0,"v100-sm70","hierarchical-dataflow-appt-online-register-tail-grouped-writer-final-data-time","experimental",0.000000,"persistent CTA fold roles publish online-reordered packet groups without fold-wide barriers",hierarchical-dataflow,0,named-barrier,0,0,0,2,0,0,0,hermes-xor,inplace,radix4,64,20,1048576,16,576460756061519873,60,0,0,0,dataflow-radix4,"7+7+6","appt-online-register-tail-grouped-writer-final-data-time+appt-online-register-tail-grouped-writer-final-data-time+appt-online-register-tail-grouped-writer-final-data-time","256+256+256","8+8+8","32+16+16","2+2+2","2+2+2","1+1+1","10+5+5","ring+ring","2+2",8,0,3,30,21.624449,3.212595,3.212816,0.000221,8,8,4,16,2,4,natural,natural,"appt-ntt-log20-7x7x6-xor-fw16-v1",20.160032,4980.397119,355.578658,5222324889.446745,fused,shoup,-1
3,data-time,2,8-7-5,4,"Tesla V100-SXM2-16GB",7.0,0,"v100-sm70","hierarchical-dataflow-appt-online-register-tail-grouped-writer-final-data-time","experimental",0.000000,"persistent CTA fold roles publish online-reordered packet groups without fold-wide barriers",hierarchical-dataflow,0,named-barrier,0,0,0,2,0,0,0,hermes-xor,inplace,radix4,64,20,1048576,16,576460756061519873,60,0,0,0,dataflow-radix4,"7+7+6","appt-online-register-tail-grouped-writer-final-data-time+appt-online-register-tail-grouped-writer-final-data-time+appt-online-register-tail-grouped-writer-final-data-time","256+256+256","8+8+8","32+16+16","2+2+2","2+2+2","1+1+1","10+5+5","ring+ring","2+2",8,0,3,30,21.638720,3.449651,3.449848,0.000197,8,7,5,16,2,4,natural,natural,"appt-ntt-log20-7x7x6-xor-fw16-v1",20.158209,4638.150348,353.617891,4863453139.455045,fused,shoup,-1
3,data-time,2,9-8-3,4,"Tesla V100-SXM2-16GB",7.0,0,"v100-sm70","hierarchical-dataflow-appt-online-register-tail-grouped-writer-final-data-time","experimental",0.000000,"persistent CTA fold roles publish online-reordered packet groups without fold-wide barriers",hierarchical-dataflow,0,named-barrier,0,0,0,2,0,0,0,hermes-xor,inplace,radix4,64,20,1048576,16,576460756061519873,60,0,0,0,dataflow-radix4,"7+7+6","appt-online-register-tail-grouped-writer-final-data-time+appt-online-register-tail-grouped-writer-final-data-time+appt-online-register-tail-grouped-writer-final-data-time","256+256+256","8+8+8","32+16+16","2+2+2","2+2+2","1+1+1","10+5+5","ring+ring","2+2",8,0,3,30,21.619936,3.267004,3.267211,0.000207,9,8,3,16,2,4,natural,natural,"appt-ntt-log20-7x7x6-xor-fw16-v1",20.165600,4897.454142,355.140914,5135352874.269985,fused,shoup,-1
3,data-time,2,8-8-4,6,"Tesla V100-SXM2-16GB",7.0,0,"v100-sm70","hierarchical-dataflow-appt-online-register-tail-grouped-writer-final-data-time","experimental",0.000000,"persistent CTA fold roles publish online-reordered packet groups without fold-wide barriers",hierarchical-dataflow,0,named-barrier,0,0,0,2,0,0,0,hermes-xor,inplace,radix4,64,20,1048576,16,576460756061519873,60,0,0,0,dataflow-radix4,"7+7+6","appt-online-register-tail-grouped-writer-final-data-time+appt-online-register-tail-grouped-writer-final-data-time+appt-online-register-tail-grouped-writer-final-data-time","256+256+256","8+8+8","32+16+16","2+2+2","2+2+2","1+1+1","10+5+5","ring+ring","2+2",8,0,3,30,21.631296,3.157197,3.157388,0.000191,8,8,4,16,2,6,natural,natural,"appt-ntt-log20-7x7x6-xor-fw16-v1",20.161856,5067.786779,355.948296,5313959589.600039,fused,shoup,-1
3,data-time,2,8-7-5,6,"Tesla V100-SXM2-16GB",7.0,0,"v100-sm70","hierarchical-dataflow-appt-online-register-tail-grouped-writer-final-data-time","experimental",0.000000,"persistent CTA fold roles publish online-reordered packet groups without fold-wide barriers",hierarchical-dataflow,0,named-barrier,0,0,0,2,0,0,0,hermes-xor,inplace,radix4,64,20,1048576,16,576460756061519873,60,0,0,0,dataflow-radix4,"7+7+6","appt-online-register-tail-grouped-writer-final-data-time+appt-online-register-tail-grouped-writer-final-data-time+appt-online-register-tail-grouped-writer-final-data-time","256+256+256","8+8+8","32+16+16","2+2+2","2+2+2","1+1+1","10+5+5","ring+ring","2+2",8,0,3,30,21.629057,3.534404,3.534585,0.000181,8,7,5,16,2,6,natural,natural,"appt-ntt-log20-7x7x6-xor-fw16-v1",20.165089,4526.929786,352.978422,4746829927.004230,fused,shoup,-1
3,data-time,2,9-8-3,6,"Tesla V100-SXM2-16GB",7.0,0,"v100-sm70","hierarchical-dataflow-appt-online-register-tail-grouped-writer-final-data-time","experimental",0.000000,"persistent CTA fold roles publish online-reordered packet groups without fold-wide barriers",hierarchical-dataflow,0,named-barrier,0,0,0,2,0,0,0,hermes-xor,inplace,radix4,64,20,1048576,16,576460756061519873,60,0,0,0,dataflow-radix4,"7+7+6","appt-online-register-tail-grouped-writer-final-data-time+appt-online-register-tail-grouped-writer-final-data-time+appt-online-register-tail-grouped-writer-final-data-time","256+256+256","8+8+8","32+16+16","2+2+2","2+2+2","1+1+1","10+5+5","ring+ring","2+2",8,0,3,30,21.625025,3.254955,3.255122,0.000167,9,8,3,16,2,6,natural,natural,"appt-ntt-log20-7x7x6-xor-fw16-v1",20.168064,4915.582830,355.176356,5154362181.356214,fused,shoup,-1
3,data-time,2,8-8-4,7,"Tesla V100-SXM2-16GB",7.0,0,"v100-sm70","hierarchical-dataflow-appt-online-register-tail-grouped-writer-final-data-time","experimental",0.000000,"persistent CTA fold roles publish online-reordered packet groups without fold-wide barriers",hierarchical-dataflow,0,named-barrier,0,0,0,2,0,0,0,hermes-xor,inplace,radix4,64,20,1048576,16,576460756061519873,60,0,0,0,dataflow-radix4,"7+7+6","appt-online-register-tail-grouped-writer-final-data-time+appt-online-register-tail-grouped-writer-final-data-time+appt-online-register-tail-grouped-writer-final-data-time","256+256+256","8+8+8","32+16+16","2+2+2","2+2+2","1+1+1","10+5+5","ring+ring","2+2",8,0,3,30,21.624607,3.194095,3.194312,0.000218,8,8,4,16,2,7,natural,natural,"appt-ntt-log20-7x7x6-xor-fw16-v1",20.156639,5009.243782,355.750498,5252572808.449650,fused,shoup,-1
3,data-time,2,8-7-5,7,"Tesla V100-SXM2-16GB",7.0,0,"v100-sm70","hierarchical-dataflow-appt-online-register-tail-grouped-writer-final-data-time","experimental",0.000000,"persistent CTA fold roles publish online-reordered packet groups without fold-wide barriers",hierarchical-dataflow,0,named-barrier,0,0,0,2,0,0,0,hermes-xor,inplace,radix4,64,20,1048576,16,576460756061519873,60,0,0,0,dataflow-radix4,"7+7+6","appt-online-register-tail-grouped-writer-final-data-time+appt-online-register-tail-grouped-writer-final-data-time+appt-online-register-tail-grouped-writer-final-data-time","256+256+256","8+8+8","32+16+16","2+2+2","2+2+2","1+1+1","10+5+5","ring+ring","2+2",8,0,3,30,21.626593,3.557478,3.557706,0.000228,8,7,5,16,2,7,natural,natural,"appt-ntt-log20-7x7x6-xor-fw16-v1",20.155584,4497.567680,352.891963,4716041527.752895,fused,shoup,-1
3,data-time,2,9-8-3,7,"Tesla V100-SXM2-16GB",7.0,0,"v100-sm70","hierarchical-dataflow-appt-online-register-tail-grouped-writer-final-data-time","experimental",0.000000,"persistent CTA fold roles publish online-reordered packet groups without fold-wide barriers",hierarchical-dataflow,0,named-barrier,0,0,0,2,0,0,0,hermes-xor,inplace,radix4,64,20,1048576,16,576460756061519873,60,0,0,0,dataflow-radix4,"7+7+6","appt-online-register-tail-grouped-writer-final-data-time+appt-online-register-tail-grouped-writer-final-data-time+appt-online-register-tail-grouped-writer-final-data-time","256+256+256","8+8+8","32+16+16","2+2+2","2+2+2","1+1+1","10+5+5","ring+ring","2+2",8,0,3,30,21.627457,3.311309,3.311488,0.000180,9,8,3,16,2,7,natural,natural,"appt-ntt-log20-7x7x6-xor-fw16-v1",20.159649,4831.926188,354.779657,5066641834.206326,fused,shoup,-1
3,data-time,4,8-8-4,4,"Tesla V100-SXM2-16GB",7.0,0,"v100-sm70","hierarchical-dataflow-appt-online-register-tail-grouped-writer-final-data-time","experimental",0.000000,"persistent CTA fold roles publish online-reordered packet groups without fold-wide barriers",hierarchical-dataflow,0,named-barrier,0,0,0,2,0,0,0,hermes-xor,inplace,radix4,64,20,1048576,16,576460756061519873,60,0,0,0,dataflow-radix4,"7+7+6","appt-online-register-tail-grouped-writer-final-data-time+appt-online-register-tail-grouped-writer-final-data-time+appt-online-register-tail-grouped-writer-final-data-time","256+256+256","8+8+8","32+16+16","4+4+4","2+2+2","1+1+1","10+5+5","ring+ring","2+2",8,0,3,30,21.628321,3.362884,3.363079,0.000195,8,8,4,16,2,4,natural,natural,"appt-ntt-log20-7x7x6-xor-fw16-v1",20.158272,4757.820565,354.378415,4988936456.863434,fused,shoup,-1
3,data-time,4,8-7-5,4,"Tesla V100-SXM2-16GB",7.0,0,"v100-sm70","hierarchical-dataflow-appt-online-register-tail-grouped-writer-final-data-time","experimental",0.000000,"persistent CTA fold roles publish online-reordered packet groups without fold-wide barriers",hierarchical-dataflow,0,named-barrier,0,0,0,2,0,0,0,hermes-xor,inplace,radix4,64,20,1048576,16,576460756061519873,60,0,0,0,dataflow-radix4,"7+7+6","appt-online-register-tail-grouped-writer-final-data-time+appt-online-register-tail-grouped-writer-final-data-time+appt-online-register-tail-grouped-writer-final-data-time","256+256+256","8+8+8","32+16+16","4+4+4","2+2+2","1+1+1","10+5+5","ring+ring","2+2",8,0,3,30,21.633984,3.533380,3.533604,0.000224,8,7,5,16,2,4,natural,natural,"appt-ntt-log20-7x7x6-xor-fw16-v1",20.167072,4528.241734,352.932591,4748205604.255472,fused,shoup,-1
3,data-time,4,9-8-3,4,"Tesla V100-SXM2-16GB",7.0,0,"v100-sm70","hierarchical-dataflow-appt-online-register-tail-grouped-writer-final-data-time","experimental",0.000000,"persistent CTA fold roles publish online-reordered packet groups without fold-wide barriers",hierarchical-dataflow,0,named-barrier,0,0,0,2,0,0,0,hermes-xor,inplace,radix4,64,20,1048576,16,576460756061519873,60,0,0,0,dataflow-radix4,"7+7+6","appt-online-register-tail-grouped-writer-final-data-time+appt-online-register-tail-grouped-writer-final-data-time+appt-online-register-tail-grouped-writer-final-data-time","256+256+256","8+8+8","32+16+16","4+4+4","2+2+2","1+1+1","10+5+5","ring+ring","2+2",8,0,3,30,21.624577,3.409817,3.410008,0.000191,9,8,3,16,2,4,natural,natural,"appt-ntt-log20-7x7x6-xor-fw16-v1",20.162239,4692.333300,354.008671,4920268081.969759,fused,shoup,-1
3,data-time,4,8-8-4,6,"Tesla V100-SXM2-16GB",7.0,0,"v100-sm70","hierarchical-dataflow-appt-online-register-tail-grouped-writer-final-data-time","experimental",0.000000,"persistent CTA fold roles publish online-reordered packet groups without fold-wide barriers",hierarchical-dataflow,0,named-barrier,0,0,0,2,0,0,0,hermes-xor,inplace,radix4,64,20,1048576,16,576460756061519873,60,0,0,0,dataflow-radix4,"7+7+6","appt-online-register-tail-grouped-writer-final-data-time+appt-online-register-tail-grouped-writer-final-data-time+appt-online-register-tail-grouped-writer-final-data-time","256+256+256","8+8+8","32+16+16","4+4+4","2+2+2","1+1+1","10+5+5","ring+ring","2+2",8,0,3,30,21.628193,3.307861,3.308035,0.000173,8,8,4,16,2,6,natural,natural,"appt-ntt-log20-7x7x6-xor-fw16-v1",20.160320,4836.962137,354.795705,5071922410.214776,fused,shoup,-1
3,data-time,4,8-7-5,6,"Tesla V100-SXM2-16GB",7.0,0,"v100-sm70","hierarchical-dataflow-appt-online-register-tail-grouped-writer-final-data-time","experimental",0.000000,"persistent CTA fold roles publish online-reordered packet groups without fold-wide barriers",hierarchical-dataflow,0,named-barrier,0,0,0,2,0,0,0,hermes-xor,inplace,radix4,64,20,1048576,16,576460756061519873,60,0,0,0,dataflow-radix4,"7+7+6","appt-online-register-tail-grouped-writer-final-data-time+appt-online-register-tail-grouped-writer-final-data-time+appt-online-register-tail-grouped-writer-final-data-time","256+256+256","8+8+8","32+16+16","4+4+4","2+2+2","1+1+1","10+5+5","ring+ring","2+2",8,0,3,30,21.619680,3.774225,3.774428,0.000203,8,7,5,16,2,6,natural,natural,"appt-ntt-log20-7x7x6-xor-fw16-v1",20.156288,4239.280916,351.260857,4445208225.599007,fused,shoup,-1
3,data-time,4,9-8-3,6,"Tesla V100-SXM2-16GB",7.0,0,"v100-sm70","hierarchical-dataflow-appt-online-register-tail-grouped-writer-final-data-time","experimental",0.000000,"persistent CTA fold roles publish online-reordered packet groups without fold-wide barriers",hierarchical-dataflow,0,named-barrier,0,0,0,2,0,0,0,hermes-xor,inplace,radix4,64,20,1048576,16,576460756061519873,60,0,0,0,dataflow-radix4,"7+7+6","appt-online-register-tail-grouped-writer-final-data-time+appt-online-register-tail-grouped-writer-final-data-time+appt-online-register-tail-grouped-writer-final-data-time","256+256+256","8+8+8","32+16+16","4+4+4","2+2+2","1+1+1","10+5+5","ring+ring","2+2",8,0,3,30,21.629536,3.371349,3.371530,0.000181,9,8,3,16,2,6,natural,natural,"appt-ntt-log20-7x7x6-xor-fw16-v1",20.156736,4745.874251,354.314499,4976409839.002737,fused,shoup,-1
3,data-time,4,8-8-4,7,"Tesla V100-SXM2-16GB",7.0,0,"v100-sm70","hierarchical-dataflow-appt-online-register-tail-grouped-writer-final-data-time","experimental",0.000000,"persistent CTA fold roles publish online-reordered packet groups without fold-wide barriers",hierarchical-dataflow,0,named-barrier,0,0,0,2,0,0,0,hermes-xor,inplace,radix4,64,20,1048576,16,576460756061519873,60,0,0,0,dataflow-radix4,"7+7+6","appt-online-register-tail-grouped-writer-final-data-time+appt-online-register-tail-grouped-writer-final-data-time+appt-online-register-tail-grouped-writer-final-data-time","256+256+256","8+8+8","32+16+16","4+4+4","2+2+2","1+1+1","10+5+5","ring+ring","2+2",8,0,3,30,21.633375,3.404971,3.405168,0.000198,8,8,4,16,2,7,natural,natural,"appt-ntt-log20-7x7x6-xor-fw16-v1",20.156960,4699.012609,354.019071,4927271845.993574,fused,shoup,-1
3,data-time,4,8-7-5,7,"Tesla V100-SXM2-16GB",7.0,0,"v100-sm70","hierarchical-dataflow-appt-online-register-tail-grouped-writer-final-data-time","experimental",0.000000,"persistent CTA fold roles publish online-reordered packet groups without fold-wide barriers",hierarchical-dataflow,0,named-barrier,0,0,0,2,0,0,0,hermes-xor,inplace,radix4,64,20,1048576,16,576460756061519873,60,0,0,0,dataflow-radix4,"7+7+6","appt-online-register-tail-grouped-writer-final-data-time+appt-online-register-tail-grouped-writer-final-data-time+appt-online-register-tail-grouped-writer-final-data-time","256+256+256","8+8+8","32+16+16","4+4+4","2+2+2","1+1+1","10+5+5","ring+ring","2+2",8,0,3,30,21.638208,3.882598,3.882787,0.000189,8,7,5,16,2,7,natural,natural,"appt-ntt-log20-7x7x6-xor-fw16-v1",20.161633,4120.951577,350.243994,4321130920.854161,fused,shoup,-1
3,data-time,4,9-8-3,7,"Tesla V100-SXM2-16GB",7.0,0,"v100-sm70","hierarchical-dataflow-appt-online-register-tail-grouped-writer-final-data-time","experimental",0.000000,"persistent CTA fold roles publish online-reordered packet groups without fold-wide barriers",hierarchical-dataflow,0,named-barrier,0,0,0,2,0,0,0,hermes-xor,inplace,radix4,64,20,1048576,16,576460756061519873,60,0,0,0,dataflow-radix4,"7+7+6","appt-online-register-tail-grouped-writer-final-data-time+appt-online-register-tail-grouped-writer-final-data-time+appt-online-register-tail-grouped-writer-final-data-time","256+256+256","8+8+8","32+16+16","4+4+4","2+2+2","1+1+1","10+5+5","ring+ring","2+2",8,0,3,30,21.628864,3.492693,3.492856,0.000162,9,8,3,16,2,7,natural,natural,"appt-ntt-log20-7x7x6-xor-fw16-v1",20.159679,4580.991818,353.347236,4803518076.804417,fused,shoup,-1
