trial,family,physical_core,weights,device,compute_capability,auto_select,selection_target,selected_implementation,selection_confidence,predicted_kernel_ms,selection_reason,backend,stage_space,stage_handoff,flow_tile_log,data_space,role_stages,target_ctas_per_sm,data_time,token_interleave,pipeline_buffers,dataflow_layout,dataflow_state,compute_unit,word_bits,logN,N,batch,modulus,modulus_bits,n1_log,rows_per_block,threads_per_block,hierarchical_core,stage_partition,segment_cores,segment_threads,segment_units,segment_data_space,segment_data_time,segment_role_stages,segment_token_interleave,segment_cta_weights,boundary_storage,boundary_buffers,ready_window,inverse,warmup,repeat,h2d_ms,kernel_ms,timed_region_wall_ms,host_timing_overhead_ms,d2h_ms,kernel_ntt_s,end_to_end_ntt_s,kernel_points_s,cross_twiddle,mod_multiply,output_order,correct
1,v06,dataflow-radix4,9-11,"Tesla V100-SXM2-16GB",7.0,0,"v100-sm70","hierarchical-dataflow-wave-10x10-resident-radix4","experimental",0.000000,"transform-wave readiness with the generated resident radix-4 core",hierarchical-dataflow,0,named-barrier,0,0,0,4,0,0,0,hermes-xor,inplace,radix4,32,20,1048576,1,998244353,30,0,0,0,dataflow-radix4,"10+10","dataflow-radix4+dataflow-radix4","256+256","1+1","0+0","0+0","0+0","0+0","9+11","full-scratch","1",8,0,2,5,0.789120,0.149299,0.150865,0.001566,0.741344,6697.959338,595.322008,7023319411.302587,fused,shoup,natural,-1
1,appt,appt-online,3-7-10,"Tesla V100-SXM2-16GB",7.0,0,"v100-sm70","hierarchical-dataflow-appt-online","experimental",0.000000,"persistent CTA fold roles publish online-reordered packet groups without fold-wide barriers",hierarchical-dataflow,0,named-barrier,0,0,0,3,0,0,0,hermes-xor,inplace,radix4,32,20,1048576,1,998244353,30,0,0,0,dataflow-radix4,"7+7+6","appt-online+appt-online+appt-online","256+256+256","8+8+8","16+16+16","4+4+4","2+2+2","1+1+1","3+7+10","ring+ring","2+2",8,0,2,5,0.788192,0.325222,0.326769,0.001547,0.737184,3074.818928,540.365764,3224181332.333393,fused,shoup,natural,-1
1,appt,appt-online,3-8-9,"Tesla V100-SXM2-16GB",7.0,0,"v100-sm70","hierarchical-dataflow-appt-online","experimental",0.000000,"persistent CTA fold roles publish online-reordered packet groups without fold-wide barriers",hierarchical-dataflow,0,named-barrier,0,0,0,3,0,0,0,hermes-xor,inplace,radix4,32,20,1048576,1,998244353,30,0,0,0,dataflow-radix4,"7+7+6","appt-online+appt-online+appt-online","256+256+256","8+8+8","16+16+16","4+4+4","2+2+2","1+1+1","3+8+9","ring+ring","2+2",8,0,2,5,0.793248,0.349389,0.351158,0.001769,0.738624,2862.141152,531.558424,3001172520.116531,fused,shoup,natural,-1
1,appt,appt-online,3-9-8,"Tesla V100-SXM2-16GB",7.0,0,"v100-sm70","hierarchical-dataflow-appt-online","experimental",0.000000,"persistent CTA fold roles publish online-reordered packet groups without fold-wide barriers",hierarchical-dataflow,0,named-barrier,0,0,0,3,0,0,0,hermes-xor,inplace,radix4,32,20,1048576,1,998244353,30,0,0,0,dataflow-radix4,"7+7+6","appt-online+appt-online+appt-online","256+256+256","8+8+8","16+16+16","4+4+4","2+2+2","1+1+1","3+9+8","ring+ring","2+2",8,0,2,5,0.787264,0.340378,0.341825,0.001447,0.736032,2937.913667,536.574646,3080625761.148085,fused,shoup,natural,-1
1,appt,appt-online,3-10-7,"Tesla V100-SXM2-16GB",7.0,0,"v100-sm70","hierarchical-dataflow-appt-online","experimental",0.000000,"persistent CTA fold roles publish online-reordered packet groups without fold-wide barriers",hierarchical-dataflow,0,named-barrier,0,0,0,3,0,0,0,hermes-xor,inplace,radix4,32,20,1048576,1,998244353,30,0,0,0,dataflow-radix4,"7+7+6","appt-online+appt-online+appt-online","256+256+256","8+8+8","16+16+16","4+4+4","2+2+2","1+1+1","3+10+7","ring+ring","2+2",8,0,2,5,0.792640,0.367206,0.368925,0.001718,0.739840,2723.264122,526.402691,2855549400.046521,fused,shoup,natural,-1
1,appt,appt-online,4-6-10,"Tesla V100-SXM2-16GB",7.0,0,"v100-sm70","hierarchical-dataflow-appt-online","experimental",0.000000,"persistent CTA fold roles publish online-reordered packet groups without fold-wide barriers",hierarchical-dataflow,0,named-barrier,0,0,0,3,0,0,0,hermes-xor,inplace,radix4,32,20,1048576,1,998244353,30,0,0,0,dataflow-radix4,"7+7+6","appt-online+appt-online+appt-online","256+256+256","8+8+8","16+16+16","4+4+4","2+2+2","1+1+1","4+6+10","ring+ring","2+2",8,0,2,5,0.774272,0.344269,0.345973,0.001704,0.732928,2904.707030,540.111721,3045806078.184558,fused,shoup,natural,-1
1,appt,appt-online,4-7-9,"Tesla V100-SXM2-16GB",7.0,0,"v100-sm70","hierarchical-dataflow-appt-online","experimental",0.000000,"persistent CTA fold roles publish online-reordered packet groups without fold-wide barriers",hierarchical-dataflow,0,named-barrier,0,0,0,3,0,0,0,hermes-xor,inplace,radix4,32,20,1048576,1,998244353,30,0,0,0,dataflow-radix4,"7+7+6","appt-online+appt-online+appt-online","256+256+256","8+8+8","16+16+16","4+4+4","2+2+2","1+1+1","4+7+9","ring+ring","2+2",8,0,2,5,0.788064,0.385638,0.387070,0.001431,0.737856,2593.102655,523.133379,2719065209.798114,fused,shoup,natural,-1
1,appt,appt-online,4-8-8,"Tesla V100-SXM2-16GB",7.0,0,"v100-sm70","hierarchical-dataflow-appt-online","experimental",0.000000,"persistent CTA fold roles publish online-reordered packet groups without fold-wide barriers",hierarchical-dataflow,0,named-barrier,0,0,0,3,0,0,0,hermes-xor,inplace,radix4,32,20,1048576,1,998244353,30,0,0,0,dataflow-radix4,"7+7+6","appt-online+appt-online+appt-online","256+256+256","8+8+8","16+16+16","4+4+4","2+2+2","1+1+1","4+8+8","ring+ring","2+2",8,0,2,5,0.782272,0.362906,0.364346,0.001440,0.732160,2755.537591,532.669259,2889390585.061079,fused,shoup,natural,-1
1,appt,appt-online,4-9-7,"Tesla V100-SXM2-16GB",7.0,0,"v100-sm70","hierarchical-dataflow-appt-online","experimental",0.000000,"persistent CTA fold roles publish online-reordered packet groups without fold-wide barriers",hierarchical-dataflow,0,named-barrier,0,0,0,3,0,0,0,hermes-xor,inplace,radix4,32,20,1048576,1,998244353,30,0,0,0,dataflow-radix4,"7+7+6","appt-online+appt-online+appt-online","256+256+256","8+8+8","16+16+16","4+4+4","2+2+2","1+1+1","4+9+7","ring+ring","2+2",8,0,2,5,0.793088,0.367411,0.368976,0.001565,0.740896,2721.746126,525.929591,2853957665.836434,fused,shoup,natural,-1
1,appt,appt-online,4-10-6,"Tesla V100-SXM2-16GB",7.0,0,"v100-sm70","hierarchical-dataflow-appt-online","experimental",0.000000,"persistent CTA fold roles publish online-reordered packet groups without fold-wide barriers",hierarchical-dataflow,0,named-barrier,0,0,0,3,0,0,0,hermes-xor,inplace,radix4,32,20,1048576,1,998244353,30,0,0,0,dataflow-radix4,"7+7+6","appt-online+appt-online+appt-online","256+256+256","8+8+8","16+16+16","4+4+4","2+2+2","1+1+1","4+10+6","ring+ring","2+2",8,0,2,5,0.792448,0.381133,0.382757,0.001624,0.737728,2623.757516,523.201702,2751209160.906657,fused,shoup,natural,-1
1,appt,appt-online,5-5-10,"Tesla V100-SXM2-16GB",7.0,0,"v100-sm70","hierarchical-dataflow-appt-online","experimental",0.000000,"persistent CTA fold roles publish online-reordered packet groups without fold-wide barriers",hierarchical-dataflow,0,named-barrier,0,0,0,3,0,0,0,hermes-xor,inplace,radix4,32,20,1048576,1,998244353,30,0,0,0,dataflow-radix4,"7+7+6","appt-online+appt-online+appt-online","256+256+256","8+8+8","16+16+16","4+4+4","2+2+2","1+1+1","5+5+10","ring+ring","2+2",8,0,2,5,0.782816,0.378880,0.380439,0.001559,0.730880,2639.358149,528.380364,2767567610.270443,fused,shoup,natural,-1
1,appt,appt-online,5-6-9,"Tesla V100-SXM2-16GB",7.0,0,"v100-sm70","hierarchical-dataflow-appt-online","experimental",0.000000,"persistent CTA fold roles publish online-reordered packet groups without fold-wide barriers",hierarchical-dataflow,0,named-barrier,0,0,0,3,0,0,0,hermes-xor,inplace,radix4,32,20,1048576,1,998244353,30,0,0,0,dataflow-radix4,"7+7+6","appt-online+appt-online+appt-online","256+256+256","8+8+8","16+16+16","4+4+4","2+2+2","1+1+1","5+6+9","ring+ring","2+2",8,0,2,5,0.780192,0.383181,0.384781,0.001601,0.739328,2609.734119,525.568696,2736504563.735134,fused,shoup,natural,-1
1,appt,appt-online,5-7-8,"Tesla V100-SXM2-16GB",7.0,0,"v100-sm70","hierarchical-dataflow-appt-online","experimental",0.000000,"persistent CTA fold roles publish online-reordered packet groups without fold-wide barriers",hierarchical-dataflow,0,named-barrier,0,0,0,3,0,0,0,hermes-xor,inplace,radix4,32,20,1048576,1,998244353,30,0,0,0,dataflow-radix4,"7+7+6","appt-online+appt-online+appt-online","256+256+256","8+8+8","16+16+16","4+4+4","2+2+2","1+1+1","5+7+8","ring+ring","2+2",8,0,2,5,0.785216,0.362701,0.364403,0.001702,0.740448,2757.093525,529.558706,2891022099.835015,fused,shoup,natural,-1
1,appt,appt-online,5-8-7,"Tesla V100-SXM2-16GB",7.0,0,"v100-sm70","hierarchical-dataflow-appt-online","experimental",0.000000,"persistent CTA fold roles publish online-reordered packet groups without fold-wide barriers",hierarchical-dataflow,0,named-barrier,0,0,0,3,0,0,0,hermes-xor,inplace,radix4,32,20,1048576,1,998244353,30,0,0,0,dataflow-radix4,"7+7+6","appt-online+appt-online+appt-online","256+256+256","8+8+8","16+16+16","4+4+4","2+2+2","1+1+1","5+8+7","ring+ring","2+2",8,0,2,5,0.791200,0.378061,0.379741,0.001680,0.747424,2645.077278,521.734201,2773564552.355720,fused,shoup,natural,-1
1,appt,appt-online,5-9-6,"Tesla V100-SXM2-16GB",7.0,0,"v100-sm70","hierarchical-dataflow-appt-online","experimental",0.000000,"persistent CTA fold roles publish online-reordered packet groups without fold-wide barriers",hierarchical-dataflow,0,named-barrier,0,0,0,3,0,0,0,hermes-xor,inplace,radix4,32,20,1048576,1,998244353,30,0,0,0,dataflow-radix4,"7+7+6","appt-online+appt-online+appt-online","256+256+256","8+8+8","16+16+16","4+4+4","2+2+2","1+1+1","5+9+6","ring+ring","2+2",8,0,2,5,0.784096,0.352666,0.354136,0.001470,0.732416,2835.547303,534.994647,2973286849.077035,fused,shoup,natural,-1
1,appt,appt-online,5-10-5,"Tesla V100-SXM2-16GB",7.0,0,"v100-sm70","hierarchical-dataflow-appt-online","experimental",0.000000,"persistent CTA fold roles publish online-reordered packet groups without fold-wide barriers",hierarchical-dataflow,0,named-barrier,0,0,0,3,0,0,0,hermes-xor,inplace,radix4,32,20,1048576,1,998244353,30,0,0,0,dataflow-radix4,"7+7+6","appt-online+appt-online+appt-online","256+256+256","8+8+8","16+16+16","4+4+4","2+2+2","1+1+1","5+10+5","ring+ring","2+2",8,0,2,5,0.786784,0.392397,0.393906,0.001509,0.729312,2548.440712,523.973681,2672233768.222324,fused,shoup,natural,-1
1,appt,appt-online,6-4-10,"Tesla V100-SXM2-16GB",7.0,0,"v100-sm70","hierarchical-dataflow-appt-online","experimental",0.000000,"persistent CTA fold roles publish online-reordered packet groups without fold-wide barriers",hierarchical-dataflow,0,named-barrier,0,0,0,3,0,0,0,hermes-xor,inplace,radix4,32,20,1048576,1,998244353,30,0,0,0,dataflow-radix4,"7+7+6","appt-online+appt-online+appt-online","256+256+256","8+8+8","16+16+16","4+4+4","2+2+2","1+1+1","6+4+10","ring+ring","2+2",8,0,2,5,0.784832,0.373965,0.375641,0.001676,0.733088,2674.048350,528.573401,2803942922.452560,fused,shoup,natural,-1
1,appt,appt-online,6-5-9,"Tesla V100-SXM2-16GB",7.0,0,"v100-sm70","hierarchical-dataflow-appt-online","experimental",0.000000,"persistent CTA fold roles publish online-reordered packet groups without fold-wide barriers",hierarchical-dataflow,0,named-barrier,0,0,0,3,0,0,0,hermes-xor,inplace,radix4,32,20,1048576,1,998244353,30,0,0,0,dataflow-radix4,"7+7+6","appt-online+appt-online+appt-online","256+256+256","8+8+8","16+16+16","4+4+4","2+2+2","1+1+1","6+5+9","ring+ring","2+2",8,0,2,5,0.768320,0.400589,0.402202,0.001613,0.729504,2496.325344,526.755818,2617586843.821499,fused,shoup,natural,-1
1,appt,appt-online,6-6-8,"Tesla V100-SXM2-16GB",7.0,0,"v100-sm70","hierarchical-dataflow-appt-online","experimental",0.000000,"persistent CTA fold roles publish online-reordered packet groups without fold-wide barriers",hierarchical-dataflow,0,named-barrier,0,0,0,3,0,0,0,hermes-xor,inplace,radix4,32,20,1048576,1,998244353,30,0,0,0,dataflow-radix4,"7+7+6","appt-online+appt-online+appt-online","256+256+256","8+8+8","16+16+16","4+4+4","2+2+2","1+1+1","6+6+8","ring+ring","2+2",8,0,2,5,0.762496,0.295322,0.296791,0.001470,0.735872,3386.138888,557.510069,3550623970.235785,fused,shoup,natural,-1
1,appt,appt-online,6-7-7,"Tesla V100-SXM2-16GB",7.0,0,"v100-sm70","hierarchical-dataflow-appt-online","experimental",0.000000,"persistent CTA fold roles publish online-reordered packet groups without fold-wide barriers",hierarchical-dataflow,0,named-barrier,0,0,0,3,0,0,0,hermes-xor,inplace,radix4,32,20,1048576,1,998244353,30,0,0,0,dataflow-radix4,"7+7+6","appt-online+appt-online+appt-online","256+256+256","8+8+8","16+16+16","4+4+4","2+2+2","1+1+1","6+7+7","ring+ring","2+2",8,0,2,5,0.783200,0.332390,0.333771,0.001381,0.735264,3008.510494,540.291006,3154651900.238237,fused,shoup,natural,-1
1,appt,appt-online,6-8-6,"Tesla V100-SXM2-16GB",7.0,0,"v100-sm70","hierarchical-dataflow-appt-online","experimental",0.000000,"persistent CTA fold roles publish online-reordered packet groups without fold-wide barriers",hierarchical-dataflow,0,named-barrier,0,0,0,3,0,0,0,hermes-xor,inplace,radix4,32,20,1048576,1,998244353,30,0,0,0,dataflow-radix4,"7+7+6","appt-online+appt-online+appt-online","256+256+256","8+8+8","16+16+16","4+4+4","2+2+2","1+1+1","6+8+6","ring+ring","2+2",8,0,2,5,0.773952,0.297574,0.299164,0.001590,0.739392,3360.504119,552.206000,3523743967.297951,fused,shoup,natural,-1
1,appt,appt-online,6-9-5,"Tesla V100-SXM2-16GB",7.0,0,"v100-sm70","hierarchical-dataflow-appt-online","experimental",0.000000,"persistent CTA fold roles publish online-reordered packet groups without fold-wide barriers",hierarchical-dataflow,0,named-barrier,0,0,0,3,0,0,0,hermes-xor,inplace,radix4,32,20,1048576,1,998244353,30,0,0,0,dataflow-radix4,"7+7+6","appt-online+appt-online+appt-online","256+256+256","8+8+8","16+16+16","4+4+4","2+2+2","1+1+1","6+9+5","ring+ring","2+2",8,0,2,5,0.768640,0.305766,0.307401,0.001635,0.741728,3270.470490,550.620044,3429336864.341259,fused,shoup,natural,-1
1,appt,appt-online,6-10-4,"Tesla V100-SXM2-16GB",7.0,0,"v100-sm70","hierarchical-dataflow-appt-online","experimental",0.000000,"persistent CTA fold roles publish online-reordered packet groups without fold-wide barriers",hierarchical-dataflow,0,named-barrier,0,0,0,3,0,0,0,hermes-xor,inplace,radix4,32,20,1048576,1,998244353,30,0,0,0,dataflow-radix4,"7+7+6","appt-online+appt-online+appt-online","256+256+256","8+8+8","16+16+16","4+4+4","2+2+2","1+1+1","6+10+4","ring+ring","2+2",8,0,2,5,0.793792,0.312730,0.314466,0.001737,0.740928,3197.650652,541.286755,3352979729.937798,fused,shoup,natural,-1
1,appt,appt-online,7-3-10,"Tesla V100-SXM2-16GB",7.0,0,"v100-sm70","hierarchical-dataflow-appt-online","experimental",0.000000,"persistent CTA fold roles publish online-reordered packet groups without fold-wide barriers",hierarchical-dataflow,0,named-barrier,0,0,0,3,0,0,0,hermes-xor,inplace,radix4,32,20,1048576,1,998244353,30,0,0,0,dataflow-radix4,"7+7+6","appt-online+appt-online+appt-online","256+256+256","8+8+8","16+16+16","4+4+4","2+2+2","1+1+1","7+3+10","ring+ring","2+2",8,0,2,5,0.790592,0.360653,0.362325,0.001672,0.746176,2772.749824,527.031214,2907438919.872082,fused,shoup,natural,-1
1,appt,appt-online,7-4-9,"Tesla V100-SXM2-16GB",7.0,0,"v100-sm70","hierarchical-dataflow-appt-online","experimental",0.000000,"persistent CTA fold roles publish online-reordered packet groups without fold-wide barriers",hierarchical-dataflow,0,named-barrier,0,0,0,3,0,0,0,hermes-xor,inplace,radix4,32,20,1048576,1,998244353,30,0,0,0,dataflow-radix4,"7+7+6","appt-online+appt-online+appt-online","256+256+256","8+8+8","16+16+16","4+4+4","2+2+2","1+1+1","7+4+9","ring+ring","2+2",8,0,2,5,0.794240,0.402022,0.403734,0.001711,0.754944,2487.423454,512.503432,2608252535.897712,fused,shoup,natural,-1
1,appt,appt-online,7-5-8,"Tesla V100-SXM2-16GB",7.0,0,"v100-sm70","hierarchical-dataflow-appt-online","experimental",0.000000,"persistent CTA fold roles publish online-reordered packet groups without fold-wide barriers",hierarchical-dataflow,0,named-barrier,0,0,0,3,0,0,0,hermes-xor,inplace,radix4,32,20,1048576,1,998244353,30,0,0,0,dataflow-radix4,"7+7+6","appt-online+appt-online+appt-online","256+256+256","8+8+8","16+16+16","4+4+4","2+2+2","1+1+1","7+5+8","ring+ring","2+2",8,0,2,5,0.774848,0.379699,0.381246,0.001547,0.752160,2633.663697,524.464376,2761596545.154930,fused,shoup,natural,-1
1,appt,appt-online,7-6-7,"Tesla V100-SXM2-16GB",7.0,0,"v100-sm70","hierarchical-dataflow-appt-online","experimental",0.000000,"persistent CTA fold roles publish online-reordered packet groups without fold-wide barriers",hierarchical-dataflow,0,named-barrier,0,0,0,3,0,0,0,hermes-xor,inplace,radix4,32,20,1048576,1,998244353,30,0,0,0,dataflow-radix4,"7+7+6","appt-online+appt-online+appt-online","256+256+256","8+8+8","16+16+16","4+4+4","2+2+2","1+1+1","7+6+7","ring+ring","2+2",8,0,2,5,0.791136,0.300237,0.301872,0.001635,0.736608,3330.704393,547.051684,3492496689.720303,fused,shoup,natural,-1
1,appt,appt-online,7-7-6,"Tesla V100-SXM2-16GB",7.0,0,"v100-sm70","hierarchical-dataflow-appt-online","experimental",0.000000,"persistent CTA fold roles publish online-reordered packet groups without fold-wide barriers",hierarchical-dataflow,0,named-barrier,0,0,0,3,0,0,0,hermes-xor,inplace,radix4,32,20,1048576,1,998244353,30,0,0,0,dataflow-radix4,"7+7+6","appt-online+appt-online+appt-online","256+256+256","8+8+8","16+16+16","4+4+4","2+2+2","1+1+1","7+7+6","ring+ring","2+2",8,0,2,5,0.791808,0.298189,0.300020,0.001831,0.748384,3353.579951,543.956939,3516483450.678003,fused,shoup,natural,-1
1,appt,appt-online,7-8-5,"Tesla V100-SXM2-16GB",7.0,0,"v100-sm70","hierarchical-dataflow-appt-online","experimental",0.000000,"persistent CTA fold roles publish online-reordered packet groups without fold-wide barriers",hierarchical-dataflow,0,named-barrier,0,0,0,3,0,0,0,hermes-xor,inplace,radix4,32,20,1048576,1,998244353,30,0,0,0,dataflow-radix4,"7+7+6","appt-online+appt-online+appt-online","256+256+256","8+8+8","16+16+16","4+4+4","2+2+2","1+1+1","7+8+5","ring+ring","2+2",8,0,2,5,0.772992,0.325222,0.326818,0.001596,0.742048,3074.818928,543.400755,3224181332.333393,fused,shoup,natural,-1
1,appt,appt-online,7-9-4,"Tesla V100-SXM2-16GB",7.0,0,"v100-sm70","hierarchical-dataflow-appt-online","experimental",0.000000,"persistent CTA fold roles publish online-reordered packet groups without fold-wide barriers",hierarchical-dataflow,0,named-barrier,0,0,0,3,0,0,0,hermes-xor,inplace,radix4,32,20,1048576,1,998244353,30,0,0,0,dataflow-radix4,"7+7+6","appt-online+appt-online+appt-online","256+256+256","8+8+8","16+16+16","4+4+4","2+2+2","1+1+1","7+9+4","ring+ring","2+2",8,0,2,5,0.788992,0.301261,0.302774,0.001513,0.739200,3319.383082,546.611538,3480625434.475772,fused,shoup,natural,-1
1,appt,appt-online,7-10-3,"Tesla V100-SXM2-16GB",7.0,0,"v100-sm70","hierarchical-dataflow-appt-online","experimental",0.000000,"persistent CTA fold roles publish online-reordered packet groups without fold-wide barriers",hierarchical-dataflow,0,named-barrier,0,0,0,3,0,0,0,hermes-xor,inplace,radix4,32,20,1048576,1,998244353,30,0,0,0,dataflow-radix4,"7+7+6","appt-online+appt-online+appt-online","256+256+256","8+8+8","16+16+16","4+4+4","2+2+2","1+1+1","7+10+3","ring+ring","2+2",8,0,2,5,0.796704,0.319898,0.321484,0.001587,0.740832,3126.000398,538.377266,3277848992.930303,fused,shoup,natural,-1
1,appt,appt-online,8-3-9,"Tesla V100-SXM2-16GB",7.0,0,"v100-sm70","hierarchical-dataflow-appt-online","experimental",0.000000,"persistent CTA fold roles publish online-reordered packet groups without fold-wide barriers",hierarchical-dataflow,0,named-barrier,0,0,0,3,0,0,0,hermes-xor,inplace,radix4,32,20,1048576,1,998244353,30,0,0,0,dataflow-radix4,"7+7+6","appt-online+appt-online+appt-online","256+256+256","8+8+8","16+16+16","4+4+4","2+2+2","1+1+1","8+3+9","ring+ring","2+2",8,0,2,5,0.796384,0.383795,0.385546,0.001751,0.743488,2605.556285,519.840440,2732123786.699674,fused,shoup,natural,-1
1,appt,appt-online,8-4-8,"Tesla V100-SXM2-16GB",7.0,0,"v100-sm70","hierarchical-dataflow-appt-online","experimental",0.000000,"persistent CTA fold roles publish online-reordered packet groups without fold-wide barriers",hierarchical-dataflow,0,named-barrier,0,0,0,3,0,0,0,hermes-xor,inplace,radix4,32,20,1048576,1,998244353,30,0,0,0,dataflow-radix4,"7+7+6","appt-online+appt-online+appt-online","256+256+256","8+8+8","16+16+16","4+4+4","2+2+2","1+1+1","8+4+8","ring+ring","2+2",8,0,2,5,0.766272,0.373760,0.375359,0.001599,0.734720,2675.513593,533.403881,2805479341.171593,fused,shoup,natural,-1
1,appt,appt-online,8-5-7,"Tesla V100-SXM2-16GB",7.0,0,"v100-sm70","hierarchical-dataflow-appt-online","experimental",0.000000,"persistent CTA fold roles publish online-reordered packet groups without fold-wide barriers",hierarchical-dataflow,0,named-barrier,0,0,0,3,0,0,0,hermes-xor,inplace,radix4,32,20,1048576,1,998244353,30,0,0,0,dataflow-radix4,"7+7+6","appt-online+appt-online+appt-online","256+256+256","8+8+8","16+16+16","4+4+4","2+2+2","1+1+1","8+5+7","ring+ring","2+2",8,0,2,5,0.786432,0.394445,0.396150,0.001705,0.742912,2535.209024,519.807575,2658359337.931064,fused,shoup,natural,-1
1,appt,appt-online,8-6-6,"Tesla V100-SXM2-16GB",7.0,0,"v100-sm70","hierarchical-dataflow-appt-online","experimental",0.000000,"persistent CTA fold roles publish online-reordered packet groups without fold-wide barriers",hierarchical-dataflow,0,named-barrier,0,0,0,3,0,0,0,hermes-xor,inplace,radix4,32,20,1048576,1,998244353,30,0,0,0,dataflow-radix4,"7+7+6","appt-online+appt-online+appt-online","256+256+256","8+8+8","16+16+16","4+4+4","2+2+2","1+1+1","8+6+6","ring+ring","2+2",8,0,2,5,0.779360,0.297779,0.299422,0.001643,0.735840,3358.192888,551.578302,3521320466.080827,fused,shoup,natural,-1
1,appt,appt-online,8-7-5,"Tesla V100-SXM2-16GB",7.0,0,"v100-sm70","hierarchical-dataflow-appt-online","experimental",0.000000,"persistent CTA fold roles publish online-reordered packet groups without fold-wide barriers",hierarchical-dataflow,0,named-barrier,0,0,0,3,0,0,0,hermes-xor,inplace,radix4,32,20,1048576,1,998244353,30,0,0,0,dataflow-radix4,"7+7+6","appt-online+appt-online+appt-online","256+256+256","8+8+8","16+16+16","4+4+4","2+2+2","1+1+1","8+7+5","ring+ring","2+2",8,0,2,5,0.782656,0.325427,0.326801,0.001373,0.737536,3072.883848,541.823570,3222152253.768548,fused,shoup,natural,-1
1,appt,appt-online,8-8-4,"Tesla V100-SXM2-16GB",7.0,0,"v100-sm70","hierarchical-dataflow-appt-online","experimental",0.000000,"persistent CTA fold roles publish online-reordered packet groups without fold-wide barriers",hierarchical-dataflow,0,named-barrier,0,0,0,3,0,0,0,hermes-xor,inplace,radix4,32,20,1048576,1,998244353,30,0,0,0,dataflow-radix4,"7+7+6","appt-online+appt-online+appt-online","256+256+256","8+8+8","16+16+16","4+4+4","2+2+2","1+1+1","8+8+4","ring+ring","2+2",8,0,2,5,0.789440,0.310477,0.312259,0.001782,0.744544,3220.852472,542.163863,3377308601.173388,fused,shoup,natural,-1
1,appt,appt-online,8-9-3,"Tesla V100-SXM2-16GB",7.0,0,"v100-sm70","hierarchical-dataflow-appt-online","experimental",0.000000,"persistent CTA fold roles publish online-reordered packet groups without fold-wide barriers",hierarchical-dataflow,0,named-barrier,0,0,0,3,0,0,0,hermes-xor,inplace,radix4,32,20,1048576,1,998244353,30,0,0,0,dataflow-radix4,"7+7+6","appt-online+appt-online+appt-online","256+256+256","8+8+8","16+16+16","4+4+4","2+2+2","1+1+1","8+9+3","ring+ring","2+2",8,0,2,5,0.769216,0.319693,0.321177,0.001485,0.731296,3128.002976,549.388730,3279948848.182968,fused,shoup,natural,-1
1,appt,appt-online,9-3-8,"Tesla V100-SXM2-16GB",7.0,0,"v100-sm70","hierarchical-dataflow-appt-online","experimental",0.000000,"persistent CTA fold roles publish online-reordered packet groups without fold-wide barriers",hierarchical-dataflow,0,named-barrier,0,0,0,3,0,0,0,hermes-xor,inplace,radix4,32,20,1048576,1,998244353,30,0,0,0,dataflow-radix4,"7+7+6","appt-online+appt-online+appt-online","256+256+256","8+8+8","16+16+16","4+4+4","2+2+2","1+1+1","9+3+8","ring+ring","2+2",8,0,2,5,0.774560,0.361267,0.362954,0.001687,0.753216,2768.034228,529.368515,2902494258.331796,fused,shoup,natural,-1
1,appt,appt-online,9-4-7,"Tesla V100-SXM2-16GB",7.0,0,"v100-sm70","hierarchical-dataflow-appt-online","experimental",0.000000,"persistent CTA fold roles publish online-reordered packet groups without fold-wide barriers",hierarchical-dataflow,0,named-barrier,0,0,0,3,0,0,0,hermes-xor,inplace,radix4,32,20,1048576,1,998244353,30,0,0,0,dataflow-radix4,"7+7+6","appt-online+appt-online+appt-online","256+256+256","8+8+8","16+16+16","4+4+4","2+2+2","1+1+1","9+4+7","ring+ring","2+2",8,0,2,5,0.787040,0.390144,0.391617,0.001473,0.734112,2563.156230,523.205194,2687664107.324541,fused,shoup,natural,-1
1,appt,appt-online,9-5-6,"Tesla V100-SXM2-16GB",7.0,0,"v100-sm70","hierarchical-dataflow-appt-online","experimental",0.000000,"persistent CTA fold roles publish online-reordered packet groups without fold-wide barriers",hierarchical-dataflow,0,named-barrier,0,0,0,3,0,0,0,hermes-xor,inplace,radix4,32,20,1048576,1,998244353,30,0,0,0,dataflow-radix4,"7+7+6","appt-online+appt-online+appt-online","256+256+256","8+8+8","16+16+16","4+4+4","2+2+2","1+1+1","9+5+6","ring+ring","2+2",8,0,2,5,0.785600,0.398541,0.400339,0.001798,0.746688,2509.153424,517.912305,2631038060.724111,fused,shoup,natural,-1
1,appt,appt-online,9-6-5,"Tesla V100-SXM2-16GB",7.0,0,"v100-sm70","hierarchical-dataflow-appt-online","experimental",0.000000,"persistent CTA fold roles publish online-reordered packet groups without fold-wide barriers",hierarchical-dataflow,0,named-barrier,0,0,0,3,0,0,0,hermes-xor,inplace,radix4,32,20,1048576,1,998244353,30,0,0,0,dataflow-radix4,"7+7+6","appt-online+appt-online+appt-online","256+256+256","8+8+8","16+16+16","4+4+4","2+2+2","1+1+1","9+6+5","ring+ring","2+2",8,0,2,5,0.787136,0.310477,0.312105,0.001628,0.738208,3220.852472,544.715468,3377308601.173388,fused,shoup,natural,-1
1,appt,appt-online,9-7-4,"Tesla V100-SXM2-16GB",7.0,0,"v100-sm70","hierarchical-dataflow-appt-online","experimental",0.000000,"persistent CTA fold roles publish online-reordered packet groups without fold-wide barriers",hierarchical-dataflow,0,named-barrier,0,0,0,3,0,0,0,hermes-xor,inplace,radix4,32,20,1048576,1,998244353,30,0,0,0,dataflow-radix4,"7+7+6","appt-online+appt-online+appt-online","256+256+256","8+8+8","16+16+16","4+4+4","2+2+2","1+1+1","9+7+4","ring+ring","2+2",8,0,2,5,0.782080,0.312525,0.314098,0.001573,0.734432,3199.746114,546.735864,3355176981.123324,fused,shoup,natural,-1
1,appt,appt-online,9-8-3,"Tesla V100-SXM2-16GB",7.0,0,"v100-sm70","hierarchical-dataflow-appt-online","experimental",0.000000,"persistent CTA fold roles publish online-reordered packet groups without fold-wide barriers",hierarchical-dataflow,0,named-barrier,0,0,0,3,0,0,0,hermes-xor,inplace,radix4,32,20,1048576,1,998244353,30,0,0,0,dataflow-radix4,"7+7+6","appt-online+appt-online+appt-online","256+256+256","8+8+8","16+16+16","4+4+4","2+2+2","1+1+1","9+8+3","ring+ring","2+2",8,0,2,5,0.782368,0.319488,0.321075,0.001587,0.737120,3130.008121,543.780897,3282051395.578345,fused,shoup,natural,-1
1,appt,appt-online,10-3-7,"Tesla V100-SXM2-16GB",7.0,0,"v100-sm70","hierarchical-dataflow-appt-online","experimental",0.000000,"persistent CTA fold roles publish online-reordered packet groups without fold-wide barriers",hierarchical-dataflow,0,named-barrier,0,0,0,3,0,0,0,hermes-xor,inplace,radix4,32,20,1048576,1,998244353,30,0,0,0,dataflow-radix4,"7+7+6","appt-online+appt-online+appt-online","256+256+256","8+8+8","16+16+16","4+4+4","2+2+2","1+1+1","10+3+7","ring+ring","2+2",8,0,2,5,0.768608,0.372531,0.374113,0.001582,0.734752,2684.338883,533.079963,2814733329.063918,fused,shoup,natural,-1
1,appt,appt-online,10-4-6,"Tesla V100-SXM2-16GB",7.0,0,"v100-sm70","hierarchical-dataflow-appt-online","experimental",0.000000,"persistent CTA fold roles publish online-reordered packet groups without fold-wide barriers",hierarchical-dataflow,0,named-barrier,0,0,0,3,0,0,0,hermes-xor,inplace,radix4,32,20,1048576,1,998244353,30,0,0,0,dataflow-radix4,"7+7+6","appt-online+appt-online+appt-online","256+256+256","8+8+8","16+16+16","4+4+4","2+2+2","1+1+1","10+4+6","ring+ring","2+2",8,0,2,5,0.781056,0.368230,0.369900,0.001670,0.736576,2715.691027,530.261378,2847608434.739355,fused,shoup,natural,-1
1,appt,appt-online,10-5-5,"Tesla V100-SXM2-16GB",7.0,0,"v100-sm70","hierarchical-dataflow-appt-online","experimental",0.000000,"persistent CTA fold roles publish online-reordered packet groups without fold-wide barriers",hierarchical-dataflow,0,named-barrier,0,0,0,3,0,0,0,hermes-xor,inplace,radix4,32,20,1048576,1,998244353,30,0,0,0,dataflow-radix4,"7+7+6","appt-online+appt-online+appt-online","256+256+256","8+8+8","16+16+16","4+4+4","2+2+2","1+1+1","10+5+5","ring+ring","2+2",8,0,2,5,0.784448,0.408576,0.410034,0.001458,0.740640,2447.524993,517.152922,2566415966.873861,fused,shoup,natural,-1
1,appt,appt-online,10-6-4,"Tesla V100-SXM2-16GB",7.0,0,"v100-sm70","hierarchical-dataflow-appt-online","experimental",0.000000,"persistent CTA fold roles publish online-reordered packet groups without fold-wide barriers",hierarchical-dataflow,0,named-barrier,0,0,0,3,0,0,0,hermes-xor,inplace,radix4,32,20,1048576,1,998244353,30,0,0,0,dataflow-radix4,"7+7+6","appt-online+appt-online+appt-online","256+256+256","8+8+8","16+16+16","4+4+4","2+2+2","1+1+1","10+6+4","ring+ring","2+2",8,0,2,5,0.777152,0.300851,0.302495,0.001644,0.735776,3323.902358,551.335023,3485364239.082126,fused,shoup,natural,-1
1,appt,appt-online,10-7-3,"Tesla V100-SXM2-16GB",7.0,0,"v100-sm70","hierarchical-dataflow-appt-online","experimental",0.000000,"persistent CTA fold roles publish online-reordered packet groups without fold-wide barriers",hierarchical-dataflow,0,named-barrier,0,0,0,3,0,0,0,hermes-xor,inplace,radix4,32,20,1048576,1,998244353,30,0,0,0,dataflow-radix4,"7+7+6","appt-online+appt-online+appt-online","256+256+256","8+8+8","16+16+16","4+4+4","2+2+2","1+1+1","10+7+3","ring+ring","2+2",8,0,2,5,0.788608,0.320512,0.322228,0.001716,0.718720,3120.008019,547.093828,3271565528.421611,fused,shoup,natural,-1
1,appt,appt-online-radix4,3-7-10,"Tesla V100-SXM2-16GB",7.0,0,"v100-sm70","hierarchical-dataflow-appt-online","experimental",0.000000,"persistent CTA fold roles publish online-reordered packet groups without fold-wide barriers",hierarchical-dataflow,0,named-barrier,0,0,0,3,0,0,0,hermes-xor,inplace,radix4,32,20,1048576,1,998244353,30,0,0,0,dataflow-radix4,"7+7+6","appt-online-radix4+appt-online-radix4+appt-online-radix4","256+256+256","8+8+8","16+16+16","4+4+4","2+2+2","1+1+1","3+7+10","ring+ring","2+2",8,0,2,5,0.792160,0.348160,0.349801,0.001641,0.730688,2872.242658,534.471273,3011764717.514540,fused,shoup,natural,-1
1,appt,appt-online-radix4,3-8-9,"Tesla V100-SXM2-16GB",7.0,0,"v100-sm70","hierarchical-dataflow-appt-online","experimental",0.000000,"persistent CTA fold roles publish online-reordered packet groups without fold-wide barriers",hierarchical-dataflow,0,named-barrier,0,0,0,3,0,0,0,hermes-xor,inplace,radix4,32,20,1048576,1,998244353,30,0,0,0,dataflow-radix4,"7+7+6","appt-online-radix4+appt-online-radix4+appt-online-radix4","256+256+256","8+8+8","16+16+16","4+4+4","2+2+2","1+1+1","3+8+9","ring+ring","2+2",8,0,2,5,0.797216,0.362291,0.364084,0.001793,0.745568,2760.210670,524.913672,2894290663.110153,fused,shoup,natural,-1
1,appt,appt-online-radix4,3-9-8,"Tesla V100-SXM2-16GB",7.0,0,"v100-sm70","hierarchical-dataflow-appt-online","experimental",0.000000,"persistent CTA fold roles publish online-reordered packet groups without fold-wide barriers",hierarchical-dataflow,0,named-barrier,0,0,0,3,0,0,0,hermes-xor,inplace,radix4,32,20,1048576,1,998244353,30,0,0,0,dataflow-radix4,"7+7+6","appt-online-radix4+appt-online-radix4+appt-online-radix4","256+256+256","8+8+8","16+16+16","4+4+4","2+2+2","1+1+1","3+9+8","ring+ring","2+2",8,0,2,5,0.786816,0.367616,0.369431,0.001815,0.746912,2720.229821,525.943753,2852367705.159874,fused,shoup,natural,-1
1,appt,appt-online-radix4,3-10-7,"Tesla V100-SXM2-16GB",7.0,0,"v100-sm70","hierarchical-dataflow-appt-online","experimental",0.000000,"persistent CTA fold roles publish online-reordered packet groups without fold-wide barriers",hierarchical-dataflow,0,named-barrier,0,0,0,3,0,0,0,hermes-xor,inplace,radix4,32,20,1048576,1,998244353,30,0,0,0,dataflow-radix4,"7+7+6","appt-online-radix4+appt-online-radix4+appt-online-radix4","256+256+256","8+8+8","16+16+16","4+4+4","2+2+2","1+1+1","3+10+7","ring+ring","2+2",8,0,2,5,0.776672,0.377856,0.379509,0.001653,0.726976,2646.510936,531.489710,2775067850.877015,fused,shoup,natural,-1
1,appt,appt-online-radix4,4-6-10,"Tesla V100-SXM2-16GB",7.0,0,"v100-sm70","hierarchical-dataflow-appt-online","experimental",0.000000,"persistent CTA fold roles publish online-reordered packet groups without fold-wide barriers",hierarchical-dataflow,0,named-barrier,0,0,0,3,0,0,0,hermes-xor,inplace,radix4,32,20,1048576,1,998244353,30,0,0,0,dataflow-radix4,"7+7+6","appt-online-radix4+appt-online-radix4+appt-online-radix4","256+256+256","8+8+8","16+16+16","4+4+4","2+2+2","1+1+1","4+6+10","ring+ring","2+2",8,0,2,5,0.797952,0.360038,0.361653,0.001615,0.741824,2777.481515,526.367216,2912400457.518837,fused,shoup,natural,-1
1,appt,appt-online-radix4,4-7-9,"Tesla V100-SXM2-16GB",7.0,0,"v100-sm70","hierarchical-dataflow-appt-online","experimental",0.000000,"persistent CTA fold roles publish online-reordered packet groups without fold-wide barriers",hierarchical-dataflow,0,named-barrier,0,0,0,3,0,0,0,hermes-xor,inplace,radix4,32,20,1048576,1,998244353,30,0,0,0,dataflow-radix4,"7+7+6","appt-online-radix4+appt-online-radix4+appt-online-radix4","256+256+256","8+8+8","16+16+16","4+4+4","2+2+2","1+1+1","4+7+9","ring+ring","2+2",8,0,2,5,0.764320,0.389939,0.391614,0.001675,0.736000,2564.502436,529.027975,2689075706.404708,fused,shoup,natural,-1
1,appt,appt-online-radix4,4-8-8,"Tesla V100-SXM2-16GB",7.0,0,"v100-sm70","hierarchical-dataflow-appt-online","experimental",0.000000,"persistent CTA fold roles publish online-reordered packet groups without fold-wide barriers",hierarchical-dataflow,0,named-barrier,0,0,0,3,0,0,0,hermes-xor,inplace,radix4,32,20,1048576,1,998244353,30,0,0,0,dataflow-radix4,"7+7+6","appt-online-radix4+appt-online-radix4+appt-online-radix4","256+256+256","8+8+8","16+16+16","4+4+4","2+2+2","1+1+1","4+8+8","ring+ring","2+2",8,0,2,5,0.787648,0.382362,0.384077,0.001715,0.744512,2615.325451,522.323688,2742367499.924162,fused,shoup,natural,-1
1,appt,appt-online-radix4,4-9-7,"Tesla V100-SXM2-16GB",7.0,0,"v100-sm70","hierarchical-dataflow-appt-online","experimental",0.000000,"persistent CTA fold roles publish online-reordered packet groups without fold-wide barriers",hierarchical-dataflow,0,named-barrier,0,0,0,3,0,0,0,hermes-xor,inplace,radix4,32,20,1048576,1,998244353,30,0,0,0,dataflow-radix4,"7+7+6","appt-online-radix4+appt-online-radix4+appt-online-radix4","256+256+256","8+8+8","16+16+16","4+4+4","2+2+2","1+1+1","4+9+7","ring+ring","2+2",8,0,2,5,0.785856,0.373965,0.375619,0.001654,0.732224,2674.048350,528.528708,2803942922.452560,fused,shoup,natural,-1
1,appt,appt-online-radix4,4-10-6,"Tesla V100-SXM2-16GB",7.0,0,"v100-sm70","hierarchical-dataflow-appt-online","experimental",0.000000,"persistent CTA fold roles publish online-reordered packet groups without fold-wide barriers",hierarchical-dataflow,0,named-barrier,0,0,0,3,0,0,0,hermes-xor,inplace,radix4,32,20,1048576,1,998244353,30,0,0,0,dataflow-radix4,"7+7+6","appt-online-radix4+appt-online-radix4+appt-online-radix4","256+256+256","8+8+8","16+16+16","4+4+4","2+2+2","1+1+1","4+10+6","ring+ring","2+2",8,0,2,5,0.766048,0.386662,0.388402,0.001739,0.738240,2586.235276,528.834589,2711864241.185648,fused,shoup,natural,-1
1,appt,appt-online-radix4,5-5-10,"Tesla V100-SXM2-16GB",7.0,0,"v100-sm70","hierarchical-dataflow-appt-online","experimental",0.000000,"persistent CTA fold roles publish online-reordered packet groups without fold-wide barriers",hierarchical-dataflow,0,named-barrier,0,0,0,3,0,0,0,hermes-xor,inplace,radix4,32,20,1048576,1,998244353,30,0,0,0,dataflow-radix4,"7+7+6","appt-online-radix4+appt-online-radix4+appt-online-radix4","256+256+256","8+8+8","16+16+16","4+4+4","2+2+2","1+1+1","5+5+10","ring+ring","2+2",8,0,2,5,0.765344,0.398541,0.400224,0.001683,0.733568,2509.153424,527.022324,2631038060.724111,fused,shoup,natural,-1
1,appt,appt-online-radix4,5-6-9,"Tesla V100-SXM2-16GB",7.0,0,"v100-sm70","hierarchical-dataflow-appt-online","experimental",0.000000,"persistent CTA fold roles publish online-reordered packet groups without fold-wide barriers",hierarchical-dataflow,0,named-barrier,0,0,0,3,0,0,0,hermes-xor,inplace,radix4,32,20,1048576,1,998244353,30,0,0,0,dataflow-radix4,"7+7+6","appt-online-radix4+appt-online-radix4+appt-online-radix4","256+256+256","8+8+8","16+16+16","4+4+4","2+2+2","1+1+1","5+6+9","ring+ring","2+2",8,0,2,5,0.789440,0.379904,0.381710,0.001806,0.737792,2632.243922,524.346456,2760107802.535454,fused,shoup,natural,-1
1,appt,appt-online-radix4,5-7-8,"Tesla V100-SXM2-16GB",7.0,0,"v100-sm70","hierarchical-dataflow-appt-online","experimental",0.000000,"persistent CTA fold roles publish online-reordered packet groups without fold-wide barriers",hierarchical-dataflow,0,named-barrier,0,0,0,3,0,0,0,hermes-xor,inplace,radix4,32,20,1048576,1,998244353,30,0,0,0,dataflow-radix4,"7+7+6","appt-online-radix4+appt-online-radix4+appt-online-radix4","256+256+256","8+8+8","16+16+16","4+4+4","2+2+2","1+1+1","5+7+8","ring+ring","2+2",8,0,2,5,0.809472,0.380928,0.383074,0.002146,0.744512,2625.168149,516.819363,2752688316.957629,fused,shoup,natural,-1
1,appt,appt-online-radix4,5-8-7,"Tesla V100-SXM2-16GB",7.0,0,"v100-sm70","hierarchical-dataflow-appt-online","experimental",0.000000,"persistent CTA fold roles publish online-reordered packet groups without fold-wide barriers",hierarchical-dataflow,0,named-barrier,0,0,0,3,0,0,0,hermes-xor,inplace,radix4,32,20,1048576,1,998244353,30,0,0,0,dataflow-radix4,"7+7+6","appt-online-radix4+appt-online-radix4+appt-online-radix4","256+256+256","8+8+8","16+16+16","4+4+4","2+2+2","1+1+1","5+8+7","ring+ring","2+2",8,0,2,5,0.770240,0.370483,0.372124,0.001640,0.736352,2699.177580,532.743691,2830292829.633200,fused,shoup,natural,-1
1,appt,appt-online-radix4,5-9-6,"Tesla V100-SXM2-16GB",7.0,0,"v100-sm70","hierarchical-dataflow-appt-online","experimental",0.000000,"persistent CTA fold roles publish online-reordered packet groups without fold-wide barriers",hierarchical-dataflow,0,named-barrier,0,0,0,3,0,0,0,hermes-xor,inplace,radix4,32,20,1048576,1,998244353,30,0,0,0,dataflow-radix4,"7+7+6","appt-online-radix4+appt-online-radix4+appt-online-radix4","256+256+256","8+8+8","16+16+16","4+4+4","2+2+2","1+1+1","5+9+6","ring+ring","2+2",8,0,2,5,0.791392,0.380314,0.381817,0.001503,0.738144,2629.408958,523.601436,2757135127.486922,fused,shoup,natural,-1
1,appt,appt-online-radix4,5-10-5,"Tesla V100-SXM2-16GB",7.0,0,"v100-sm70","hierarchical-dataflow-appt-online","experimental",0.000000,"persistent CTA fold roles publish online-reordered packet groups without fold-wide barriers",hierarchical-dataflow,0,named-barrier,0,0,0,3,0,0,0,hermes-xor,inplace,radix4,32,20,1048576,1,998244353,30,0,0,0,dataflow-radix4,"7+7+6","appt-online-radix4+appt-online-radix4+appt-online-radix4","256+256+256","8+8+8","16+16+16","4+4+4","2+2+2","1+1+1","5+10+5","ring+ring","2+2",8,0,2,5,0.772672,0.398336,0.399894,0.001558,0.725440,2510.443487,527.301561,2632390789.844454,fused,shoup,natural,-1
1,appt,appt-online-radix4,6-4-10,"Tesla V100-SXM2-16GB",7.0,0,"v100-sm70","hierarchical-dataflow-appt-online","experimental",0.000000,"persistent CTA fold roles publish online-reordered packet groups without fold-wide barriers",hierarchical-dataflow,0,named-barrier,0,0,0,3,0,0,0,hermes-xor,inplace,radix4,32,20,1048576,1,998244353,30,0,0,0,dataflow-radix4,"7+7+6","appt-online-radix4+appt-online-radix4+appt-online-radix4","256+256+256","8+8+8","16+16+16","4+4+4","2+2+2","1+1+1","6+4+10","ring+ring","2+2",8,0,2,5,0.782720,0.400384,0.401980,0.001596,0.736160,2497.602246,521.033058,2618925773.088679,fused,shoup,natural,-1
1,appt,appt-online-radix4,6-5-9,"Tesla V100-SXM2-16GB",7.0,0,"v100-sm70","hierarchical-dataflow-appt-online","experimental",0.000000,"persistent CTA fold roles publish online-reordered packet groups without fold-wide barriers",hierarchical-dataflow,0,named-barrier,0,0,0,3,0,0,0,hermes-xor,inplace,radix4,32,20,1048576,1,998244353,30,0,0,0,dataflow-radix4,"7+7+6","appt-online-radix4+appt-online-radix4+appt-online-radix4","256+256+256","8+8+8","16+16+16","4+4+4","2+2+2","1+1+1","6+5+9","ring+ring","2+2",8,0,2,5,0.774496,0.417178,0.418711,0.001533,0.734592,2397.060699,519.139202,2513500319.280031,fused,shoup,natural,-1
1,appt,appt-online-radix4,6-6-8,"Tesla V100-SXM2-16GB",7.0,0,"v100-sm70","hierarchical-dataflow-appt-online","experimental",0.000000,"persistent CTA fold roles publish online-reordered packet groups without fold-wide barriers",hierarchical-dataflow,0,named-barrier,0,0,0,3,0,0,0,hermes-xor,inplace,radix4,32,20,1048576,1,998244353,30,0,0,0,dataflow-radix4,"7+7+6","appt-online-radix4+appt-online-radix4+appt-online-radix4","256+256+256","8+8+8","16+16+16","4+4+4","2+2+2","1+1+1","6+6+8","ring+ring","2+2",8,0,2,5,0.796480,0.319283,0.321098,0.001815,0.745408,3132.015839,537.296089,3284156640.296990,fused,shoup,natural,-1
1,appt,appt-online-radix4,6-7-7,"Tesla V100-SXM2-16GB",7.0,0,"v100-sm70","hierarchical-dataflow-appt-online","experimental",0.000000,"persistent CTA fold roles publish online-reordered packet groups without fold-wide barriers",hierarchical-dataflow,0,named-barrier,0,0,0,3,0,0,0,hermes-xor,inplace,radix4,32,20,1048576,1,998244353,30,0,0,0,dataflow-radix4,"7+7+6","appt-online-radix4+appt-online-radix4+appt-online-radix4","256+256+256","8+8+8","16+16+16","4+4+4","2+2+2","1+1+1","6+7+7","ring+ring","2+2",8,0,2,5,0.777152,0.347546,0.349343,0.001797,0.734496,2877.320321,537.867602,3017089032.840595,fused,shoup,natural,-1
1,appt,appt-online-radix4,6-8-6,"Tesla V100-SXM2-16GB",7.0,0,"v100-sm70","hierarchical-dataflow-appt-online","experimental",0.000000,"persistent CTA fold roles publish online-reordered packet groups without fold-wide barriers",hierarchical-dataflow,0,named-barrier,0,0,0,3,0,0,0,hermes-xor,inplace,radix4,32,20,1048576,1,998244353,30,0,0,0,dataflow-radix4,"7+7+6","appt-online-radix4+appt-online-radix4+appt-online-radix4","256+256+256","8+8+8","16+16+16","4+4+4","2+2+2","1+1+1","6+8+6","ring+ring","2+2",8,0,2,5,0.777248,0.324608,0.326257,0.001649,0.731392,3080.638819,545.479920,3230283930.254001,fused,shoup,natural,-1
1,appt,appt-online-radix4,6-9-5,"Tesla V100-SXM2-16GB",7.0,0,"v100-sm70","hierarchical-dataflow-appt-online","experimental",0.000000,"persistent CTA fold roles publish online-reordered packet groups without fold-wide barriers",hierarchical-dataflow,0,named-barrier,0,0,0,3,0,0,0,hermes-xor,inplace,radix4,32,20,1048576,1,998244353,30,0,0,0,dataflow-radix4,"7+7+6","appt-online-radix4+appt-online-radix4+appt-online-radix4","256+256+256","8+8+8","16+16+16","4+4+4","2+2+2","1+1+1","6+9+5","ring+ring","2+2",8,0,2,5,0.773184,0.330138,0.331733,0.001595,0.734208,3029.039917,544.208921,3176178559.652198,fused,shoup,natural,-1
1,appt,appt-online-radix4,6-10-4,"Tesla V100-SXM2-16GB",7.0,0,"v100-sm70","hierarchical-dataflow-appt-online","experimental",0.000000,"persistent CTA fold roles publish online-reordered packet groups without fold-wide barriers",hierarchical-dataflow,0,named-barrier,0,0,0,3,0,0,0,hermes-xor,inplace,radix4,32,20,1048576,1,998244353,30,0,0,0,dataflow-radix4,"7+7+6","appt-online-radix4+appt-online-radix4+appt-online-radix4","256+256+256","8+8+8","16+16+16","4+4+4","2+2+2","1+1+1","6+10+4","ring+ring","2+2",8,0,2,5,0.774464,0.357786,0.359316,0.001531,0.736448,2794.969852,535.132058,2930738307.580832,fused,shoup,natural,-1
1,appt,appt-online-radix4,7-3-10,"Tesla V100-SXM2-16GB",7.0,0,"v100-sm70","hierarchical-dataflow-appt-online","experimental",0.000000,"persistent CTA fold roles publish online-reordered packet groups without fold-wide barriers",hierarchical-dataflow,0,named-barrier,0,0,0,3,0,0,0,hermes-xor,inplace,radix4,32,20,1048576,1,998244353,30,0,0,0,dataflow-radix4,"7+7+6","appt-online-radix4+appt-online-radix4+appt-online-radix4","256+256+256","8+8+8","16+16+16","4+4+4","2+2+2","1+1+1","7+3+10","ring+ring","2+2",8,0,2,5,0.792512,0.385843,0.387575,0.001731,0.750176,2591.726263,518.529327,2717621958.316334,fused,shoup,natural,-1
1,appt,appt-online-radix4,7-4-9,"Tesla V100-SXM2-16GB",7.0,0,"v100-sm70","hierarchical-dataflow-appt-online","experimental",0.000000,"persistent CTA fold roles publish online-reordered packet groups without fold-wide barriers",hierarchical-dataflow,0,named-barrier,0,0,0,3,0,0,0,hermes-xor,inplace,radix4,32,20,1048576,1,998244353,30,0,0,0,dataflow-radix4,"7+7+6","appt-online-radix4+appt-online-radix4+appt-online-radix4","256+256+256","8+8+8","16+16+16","4+4+4","2+2+2","1+1+1","7+4+9","ring+ring","2+2",8,0,2,5,0.794336,0.427418,0.429927,0.002509,0.745056,2339.632214,508.437624,2453282188.186314,fused,shoup,natural,-1
1,appt,appt-online-radix4,7-5-8,"Tesla V100-SXM2-16GB",7.0,0,"v100-sm70","hierarchical-dataflow-appt-online","experimental",0.000000,"persistent CTA fold roles publish online-reordered packet groups without fold-wide barriers",hierarchical-dataflow,0,named-barrier,0,0,0,3,0,0,0,hermes-xor,inplace,radix4,32,20,1048576,1,998244353,30,0,0,0,dataflow-radix4,"7+7+6","appt-online-radix4+appt-online-radix4+appt-online-radix4","256+256+256","8+8+8","16+16+16","4+4+4","2+2+2","1+1+1","7+5+8","ring+ring","2+2",8,0,2,5,0.794560,0.412262,0.413772,0.001509,0.745152,2425.639710,512.301803,2543467584.131255,fused,shoup,natural,-1
1,appt,appt-online-radix4,7-6-7,"Tesla V100-SXM2-16GB",7.0,0,"v100-sm70","hierarchical-dataflow-appt-online","experimental",0.000000,"persistent CTA fold roles publish online-reordered packet groups without fold-wide barriers",hierarchical-dataflow,0,named-barrier,0,0,0,3,0,0,0,hermes-xor,inplace,radix4,32,20,1048576,1,998244353,30,0,0,0,dataflow-radix4,"7+7+6","appt-online-radix4+appt-online-radix4+appt-online-radix4","256+256+256","8+8+8","16+16+16","4+4+4","2+2+2","1+1+1","7+6+7","ring+ring","2+2",8,0,2,5,0.793952,0.307405,0.308789,0.001384,0.734368,3253.039469,544.743953,3411059114.591333,fused,shoup,natural,-1
1,appt,appt-online-radix4,7-7-6,"Tesla V100-SXM2-16GB",7.0,0,"v100-sm70","hierarchical-dataflow-appt-online","experimental",0.000000,"persistent CTA fold roles publish online-reordered packet groups without fold-wide barriers",hierarchical-dataflow,0,named-barrier,0,0,0,3,0,0,0,hermes-xor,inplace,radix4,32,20,1048576,1,998244353,30,0,0,0,dataflow-radix4,"7+7+6","appt-online-radix4+appt-online-radix4+appt-online-radix4","256+256+256","8+8+8","16+16+16","4+4+4","2+2+2","1+1+1","7+7+6","ring+ring","2+2",8,0,2,5,0.795904,0.324198,0.325863,0.001665,0.752000,3084.531001,534.158830,3234365179.245677,fused,shoup,natural,-1
1,appt,appt-online-radix4,7-8-5,"Tesla V100-SXM2-16GB",7.0,0,"v100-sm70","hierarchical-dataflow-appt-online","experimental",0.000000,"persistent CTA fold roles publish online-reordered packet groups without fold-wide barriers",hierarchical-dataflow,0,named-barrier,0,0,0,3,0,0,0,hermes-xor,inplace,radix4,32,20,1048576,1,998244353,30,0,0,0,dataflow-radix4,"7+7+6","appt-online-radix4+appt-online-radix4+appt-online-radix4","256+256+256","8+8+8","16+16+16","4+4+4","2+2+2","1+1+1","7+8+5","ring+ring","2+2",8,0,2,5,0.784736,0.340992,0.342600,0.001608,0.734112,2932.620088,537.680659,3075075041.895269,fused,shoup,natural,-1
1,appt,appt-online-radix4,7-9-4,"Tesla V100-SXM2-16GB",7.0,0,"v100-sm70","hierarchical-dataflow-appt-online","experimental",0.000000,"persistent CTA fold roles publish online-reordered packet groups without fold-wide barriers",hierarchical-dataflow,0,named-barrier,0,0,0,3,0,0,0,hermes-xor,inplace,radix4,32,20,1048576,1,998244353,30,0,0,0,dataflow-radix4,"7+7+6","appt-online-radix4+appt-online-radix4+appt-online-radix4","256+256+256","8+8+8","16+16+16","4+4+4","2+2+2","1+1+1","7+9+4","ring+ring","2+2",8,0,2,5,0.763808,0.348979,0.350550,0.001570,0.739808,2865.500253,539.783315,3004694793.551281,fused,shoup,natural,-1
1,appt,appt-online-radix4,7-10-3,"Tesla V100-SXM2-16GB",7.0,0,"v100-sm70","hierarchical-dataflow-appt-online","experimental",0.000000,"persistent CTA fold roles publish online-reordered packet groups without fold-wide barriers",hierarchical-dataflow,0,named-barrier,0,0,0,3,0,0,0,hermes-xor,inplace,radix4,32,20,1048576,1,998244353,30,0,0,0,dataflow-radix4,"7+7+6","appt-online-radix4+appt-online-radix4+appt-online-radix4","256+256+256","8+8+8","16+16+16","4+4+4","2+2+2","1+1+1","7+10+3","ring+ring","2+2",8,0,2,5,0.770368,0.393011,0.394652,0.001641,0.731968,2544.456861,527.607832,2668056397.798877,fused,shoup,natural,-1
1,appt,appt-online-radix4,8-3-9,"Tesla V100-SXM2-16GB",7.0,0,"v100-sm70","hierarchical-dataflow-appt-online","experimental",0.000000,"persistent CTA fold roles publish online-reordered packet groups without fold-wide barriers",hierarchical-dataflow,0,named-barrier,0,0,0,3,0,0,0,hermes-xor,inplace,radix4,32,20,1048576,1,998244353,30,0,0,0,dataflow-radix4,"7+7+6","appt-online-radix4+appt-online-radix4+appt-online-radix4","256+256+256","8+8+8","16+16+16","4+4+4","2+2+2","1+1+1","8+3+9","ring+ring","2+2",8,0,2,5,0.770688,0.408166,0.409740,0.001573,0.733408,2449.981133,522.940790,2568991416.402352,fused,shoup,natural,-1
1,appt,appt-online-radix4,8-4-8,"Tesla V100-SXM2-16GB",7.0,0,"v100-sm70","hierarchical-dataflow-appt-online","experimental",0.000000,"persistent CTA fold roles publish online-reordered packet groups without fold-wide barriers",hierarchical-dataflow,0,named-barrier,0,0,0,3,0,0,0,hermes-xor,inplace,radix4,32,20,1048576,1,998244353,30,0,0,0,dataflow-radix4,"7+7+6","appt-online-radix4+appt-online-radix4+appt-online-radix4","256+256+256","8+8+8","16+16+16","4+4+4","2+2+2","1+1+1","8+4+8","ring+ring","2+2",8,0,2,5,0.783360,0.412672,0.414204,0.001532,0.736224,2423.232108,517.529773,2540943031.223428,fused,shoup,natural,-1
1,appt,appt-online-radix4,8-5-7,"Tesla V100-SXM2-16GB",7.0,0,"v100-sm70","hierarchical-dataflow-appt-online","experimental",0.000000,"persistent CTA fold roles publish online-reordered packet groups without fold-wide barriers",hierarchical-dataflow,0,named-barrier,0,0,0,3,0,0,0,hermes-xor,inplace,radix4,32,20,1048576,1,998244353,30,0,0,0,dataflow-radix4,"7+7+6","appt-online-radix4+appt-online-radix4+appt-online-radix4","256+256+256","8+8+8","16+16+16","4+4+4","2+2+2","1+1+1","8+5+7","ring+ring","2+2",8,0,2,5,0.774720,0.400794,0.402444,0.001650,0.740768,2495.049746,521.843960,2616249282.913465,fused,shoup,natural,-1
1,appt,appt-online-radix4,8-6-6,"Tesla V100-SXM2-16GB",7.0,0,"v100-sm70","hierarchical-dataflow-appt-online","experimental",0.000000,"persistent CTA fold roles publish online-reordered packet groups without fold-wide barriers",hierarchical-dataflow,0,named-barrier,0,0,0,3,0,0,0,hermes-xor,inplace,radix4,32,20,1048576,1,998244353,30,0,0,0,dataflow-radix4,"7+7+6","appt-online-radix4+appt-online-radix4+appt-online-radix4","256+256+256","8+8+8","16+16+16","4+4+4","2+2+2","1+1+1","8+6+6","ring+ring","2+2",8,0,2,5,0.776288,0.319283,0.320709,0.001426,0.743296,3132.015839,543.813064,3284156640.296990,fused,shoup,natural,-1
1,appt,appt-online-radix4,8-7-5,"Tesla V100-SXM2-16GB",7.0,0,"v100-sm70","hierarchical-dataflow-appt-online","experimental",0.000000,"persistent CTA fold roles publish online-reordered packet groups without fold-wide barriers",hierarchical-dataflow,0,named-barrier,0,0,0,3,0,0,0,hermes-xor,inplace,radix4,32,20,1048576,1,998244353,30,0,0,0,dataflow-radix4,"7+7+6","appt-online-radix4+appt-online-radix4+appt-online-radix4","256+256+256","8+8+8","16+16+16","4+4+4","2+2+2","1+1+1","8+7+5","ring+ring","2+2",8,0,2,5,0.762976,0.348979,0.350692,0.001713,0.733600,2865.500253,541.842363,3004694793.551281,fused,shoup,natural,-1
1,appt,appt-online-radix4,8-8-4,"Tesla V100-SXM2-16GB",7.0,0,"v100-sm70","hierarchical-dataflow-appt-online","experimental",0.000000,"persistent CTA fold roles publish online-reordered packet groups without fold-wide barriers",hierarchical-dataflow,0,named-barrier,0,0,0,3,0,0,0,hermes-xor,inplace,radix4,32,20,1048576,1,998244353,30,0,0,0,dataflow-radix4,"7+7+6","appt-online-radix4+appt-online-radix4+appt-online-radix4","256+256+256","8+8+8","16+16+16","4+4+4","2+2+2","1+1+1","8+8+4","ring+ring","2+2",8,0,2,5,0.769472,0.359424,0.361041,0.001617,0.737536,2782.229383,535.781638,2917378957.816858,fused,shoup,natural,-1
1,appt,appt-online-radix4,8-9-3,"Tesla V100-SXM2-16GB",7.0,0,"v100-sm70","hierarchical-dataflow-appt-online","experimental",0.000000,"persistent CTA fold roles publish online-reordered packet groups without fold-wide barriers",hierarchical-dataflow,0,named-barrier,0,0,0,3,0,0,0,hermes-xor,inplace,radix4,32,20,1048576,1,998244353,30,0,0,0,dataflow-radix4,"7+7+6","appt-online-radix4+appt-online-radix4+appt-online-radix4","256+256+256","8+8+8","16+16+16","4+4+4","2+2+2","1+1+1","8+9+3","ring+ring","2+2",8,0,2,5,0.785312,0.351437,0.353001,0.001564,0.738336,2845.461880,533.309209,2983683036.285320,fused,shoup,natural,-1
1,appt,appt-online-radix4,9-3-8,"Tesla V100-SXM2-16GB",7.0,0,"v100-sm70","hierarchical-dataflow-appt-online","experimental",0.000000,"persistent CTA fold roles publish online-reordered packet groups without fold-wide barriers",hierarchical-dataflow,0,named-barrier,0,0,0,3,0,0,0,hermes-xor,inplace,radix4,32,20,1048576,1,998244353,30,0,0,0,dataflow-radix4,"7+7+6","appt-online-radix4+appt-online-radix4+appt-online-radix4","256+256+256","8+8+8","16+16+16","4+4+4","2+2+2","1+1+1","9+3+8","ring+ring","2+2",8,0,2,5,0.780672,0.394035,0.395450,0.001415,0.733280,2537.844397,524.112529,2661122726.335571,fused,shoup,natural,-1
1,appt,appt-online-radix4,9-4-7,"Tesla V100-SXM2-16GB",7.0,0,"v100-sm70","hierarchical-dataflow-appt-online","experimental",0.000000,"persistent CTA fold roles publish online-reordered packet groups without fold-wide barriers",hierarchical-dataflow,0,named-barrier,0,0,0,3,0,0,0,hermes-xor,inplace,radix4,32,20,1048576,1,998244353,30,0,0,0,dataflow-radix4,"7+7+6","appt-online-radix4+appt-online-radix4+appt-online-radix4","256+256+256","8+8+8","16+16+16","4+4+4","2+2+2","1+1+1","9+4+7","ring+ring","2+2",8,0,2,5,0.784992,0.400384,0.402129,0.001745,0.732544,2497.602246,521.398183,2618925773.088679,fused,shoup,natural,-1
1,appt,appt-online-radix4,9-5-6,"Tesla V100-SXM2-16GB",7.0,0,"v100-sm70","hierarchical-dataflow-appt-online","experimental",0.000000,"persistent CTA fold roles publish online-reordered packet groups without fold-wide barriers",hierarchical-dataflow,0,named-barrier,0,0,0,3,0,0,0,hermes-xor,inplace,radix4,32,20,1048576,1,998244353,30,0,0,0,dataflow-radix4,"7+7+6","appt-online-radix4+appt-online-radix4+appt-online-radix4","256+256+256","8+8+8","16+16+16","4+4+4","2+2+2","1+1+1","9+5+6","ring+ring","2+2",8,0,2,5,0.787520,0.414515,0.415989,0.001474,0.740512,2412.456785,514.788006,2529644285.391818,fused,shoup,natural,-1
1,appt,appt-online-radix4,9-6-5,"Tesla V100-SXM2-16GB",7.0,0,"v100-sm70","hierarchical-dataflow-appt-online","experimental",0.000000,"persistent CTA fold roles publish online-reordered packet groups without fold-wide barriers",hierarchical-dataflow,0,named-barrier,0,0,0,3,0,0,0,hermes-xor,inplace,radix4,32,20,1048576,1,998244353,30,0,0,0,dataflow-radix4,"7+7+6","appt-online-radix4+appt-online-radix4+appt-online-radix4","256+256+256","8+8+8","16+16+16","4+4+4","2+2+2","1+1+1","9+6+5","ring+ring","2+2",8,0,2,5,0.790208,0.325018,0.326794,0.001776,0.742624,3076.756447,538.256712,3226212968.042545,fused,shoup,natural,-1
1,appt,appt-online-radix4,9-7-4,"Tesla V100-SXM2-16GB",7.0,0,"v100-sm70","hierarchical-dataflow-appt-online","experimental",0.000000,"persistent CTA fold roles publish online-reordered packet groups without fold-wide barriers",hierarchical-dataflow,0,named-barrier,0,0,0,3,0,0,0,hermes-xor,inplace,radix4,32,20,1048576,1,998244353,30,0,0,0,dataflow-radix4,"7+7+6","appt-online-radix4+appt-online-radix4+appt-online-radix4","256+256+256","8+8+8","16+16+16","4+4+4","2+2+2","1+1+1","9+7+4","ring+ring","2+2",8,0,2,5,0.769792,0.353894,0.355595,0.001700,0.738912,2825.701578,536.884381,2962962858.160432,fused,shoup,natural,-1
1,appt,appt-online-radix4,9-8-3,"Tesla V100-SXM2-16GB",7.0,0,"v100-sm70","hierarchical-dataflow-appt-online","experimental",0.000000,"persistent CTA fold roles publish online-reordered packet groups without fold-wide barriers",hierarchical-dataflow,0,named-barrier,0,0,0,3,0,0,0,hermes-xor,inplace,radix4,32,20,1048576,1,998244353,30,0,0,0,dataflow-radix4,"7+7+6","appt-online-radix4+appt-online-radix4+appt-online-radix4","256+256+256","8+8+8","16+16+16","4+4+4","2+2+2","1+1+1","9+8+3","ring+ring","2+2",8,0,2,5,0.765984,0.388096,0.389543,0.001447,0.738848,2576.682027,528.282118,2701846932.808164,fused,shoup,natural,-1
1,appt,appt-online-radix4,10-3-7,"Tesla V100-SXM2-16GB",7.0,0,"v100-sm70","hierarchical-dataflow-appt-online","experimental",0.000000,"persistent CTA fold roles publish online-reordered packet groups without fold-wide barriers",hierarchical-dataflow,0,named-barrier,0,0,0,3,0,0,0,hermes-xor,inplace,radix4,32,20,1048576,1,998244353,30,0,0,0,dataflow-radix4,"7+7+6","appt-online-radix4+appt-online-radix4+appt-online-radix4","256+256+256","8+8+8","16+16+16","4+4+4","2+2+2","1+1+1","10+3+7","ring+ring","2+2",8,0,2,5,0.781536,0.380723,0.382198,0.001475,0.731744,2626.580300,527.982226,2754169064.366749,fused,shoup,natural,-1
1,appt,appt-online-radix4,10-4-6,"Tesla V100-SXM2-16GB",7.0,0,"v100-sm70","hierarchical-dataflow-appt-online","experimental",0.000000,"persistent CTA fold roles publish online-reordered packet groups without fold-wide barriers",hierarchical-dataflow,0,named-barrier,0,0,0,3,0,0,0,hermes-xor,inplace,radix4,32,20,1048576,1,998244353,30,0,0,0,dataflow-radix4,"7+7+6","appt-online-radix4+appt-online-radix4+appt-online-radix4","256+256+256","8+8+8","16+16+16","4+4+4","2+2+2","1+1+1","10+4+6","ring+ring","2+2",8,0,2,5,0.779680,0.406733,0.408246,0.001513,0.735808,2458.616580,520.231592,2578046339.338356,fused,shoup,natural,-1
1,appt,appt-online-radix4,10-5-5,"Tesla V100-SXM2-16GB",7.0,0,"v100-sm70","hierarchical-dataflow-appt-online","experimental",0.000000,"persistent CTA fold roles publish online-reordered packet groups without fold-wide barriers",hierarchical-dataflow,0,named-barrier,0,0,0,3,0,0,0,hermes-xor,inplace,radix4,32,20,1048576,1,998244353,30,0,0,0,dataflow-radix4,"7+7+6","appt-online-radix4+appt-online-radix4+appt-online-radix4","256+256+256","8+8+8","16+16+16","4+4+4","2+2+2","1+1+1","10+5+5","ring+ring","2+2",8,0,2,5,0.778368,0.423731,0.425455,0.001724,0.739776,2359.986831,514.966155,2474625551.127056,fused,shoup,natural,-1
1,appt,appt-online-radix4,10-6-4,"Tesla V100-SXM2-16GB",7.0,0,"v100-sm70","hierarchical-dataflow-appt-online","experimental",0.000000,"persistent CTA fold roles publish online-reordered packet groups without fold-wide barriers",hierarchical-dataflow,0,named-barrier,0,0,0,3,0,0,0,hermes-xor,inplace,radix4,32,20,1048576,1,998244353,30,0,0,0,dataflow-radix4,"7+7+6","appt-online-radix4+appt-online-radix4+appt-online-radix4","256+256+256","8+8+8","16+16+16","4+4+4","2+2+2","1+1+1","10+6+4","ring+ring","2+2",8,0,2,5,0.786784,0.335258,0.336831,0.001574,0.729952,2982.781092,539.958681,3127672666.776065,fused,shoup,natural,-1
1,appt,appt-online-radix4,10-7-3,"Tesla V100-SXM2-16GB",7.0,0,"v100-sm70","hierarchical-dataflow-appt-online","experimental",0.000000,"persistent CTA fold roles publish online-reordered packet groups without fold-wide barriers",hierarchical-dataflow,0,named-barrier,0,0,0,3,0,0,0,hermes-xor,inplace,radix4,32,20,1048576,1,998244353,30,0,0,0,dataflow-radix4,"7+7+6","appt-online-radix4+appt-online-radix4+appt-online-radix4","256+256+256","8+8+8","16+16+16","4+4+4","2+2+2","1+1+1","10+7+3","ring+ring","2+2",8,0,2,5,0.780544,0.398950,0.400808,0.001857,0.730048,2506.577271,523.685680,2628336769.031971,fused,shoup,natural,-1
1,v06,dataflow-radix4,9-11,"Tesla V100-SXM2-16GB",7.0,0,"v100-sm70","hierarchical-dataflow-wave-10x10-resident-radix4","experimental",0.000000,"transform-wave readiness with the generated resident radix-4 core",hierarchical-dataflow,0,named-barrier,0,0,0,4,0,0,0,hermes-xor,inplace,radix4,32,20,1048576,4,998244353,30,0,0,0,dataflow-radix4,"10+10","dataflow-radix4+dataflow-radix4","256+256","1+1","0+0","0+0","0+0","0+0","9+11","full-scratch","1",8,0,2,5,2.805440,0.350413,0.352086,0.001673,2.612608,11415.108580,693.425892,11969608894.114613,fused,shoup,natural,-1
1,appt,appt-online,3-7-10,"Tesla V100-SXM2-16GB",7.0,0,"v100-sm70","hierarchical-dataflow-appt-online","experimental",0.000000,"persistent CTA fold roles publish online-reordered packet groups without fold-wide barriers",hierarchical-dataflow,0,named-barrier,0,0,0,3,0,0,0,hermes-xor,inplace,radix4,32,20,1048576,4,998244353,30,0,0,0,dataflow-radix4,"7+7+6","appt-online+appt-online+appt-online","256+256+256","8+8+8","16+16+16","4+4+4","2+2+2","1+1+1","3+7+10","ring+ring","2+2",8,0,2,5,2.809568,1.090970,1.092600,0.001630,2.607712,3666.463426,614.604586,3844565553.480025,fused,shoup,natural,-1
1,appt,appt-online,3-8-9,"Tesla V100-SXM2-16GB",7.0,0,"v100-sm70","hierarchical-dataflow-appt-online","experimental",0.000000,"persistent CTA fold roles publish online-reordered packet groups without fold-wide barriers",hierarchical-dataflow,0,named-barrier,0,0,0,3,0,0,0,hermes-xor,inplace,radix4,32,20,1048576,4,998244353,30,0,0,0,dataflow-radix4,"7+7+6","appt-online+appt-online+appt-online","256+256+256","8+8+8","16+16+16","4+4+4","2+2+2","1+1+1","3+8+9","ring+ring","2+2",8,0,2,5,2.808736,1.129882,1.131707,0.001825,2.607136,3540.193882,611.083180,3712162340.058919,fused,shoup,natural,-1
1,appt,appt-online,3-9-8,"Tesla V100-SXM2-16GB",7.0,0,"v100-sm70","hierarchical-dataflow-appt-online","experimental",0.000000,"persistent CTA fold roles publish online-reordered packet groups without fold-wide barriers",hierarchical-dataflow,0,named-barrier,0,0,0,3,0,0,0,hermes-xor,inplace,radix4,32,20,1048576,4,998244353,30,0,0,0,dataflow-radix4,"7+7+6","appt-online+appt-online+appt-online","256+256+256","8+8+8","16+16+16","4+4+4","2+2+2","1+1+1","3+9+8","ring+ring","2+2",8,0,2,5,2.815104,1.065574,1.067145,0.001570,2.612064,3753.843909,616.072503,3936190631.244011,fused,shoup,natural,-1
1,appt,appt-online,3-10-7,"Tesla V100-SXM2-16GB",7.0,0,"v100-sm70","hierarchical-dataflow-appt-online","experimental",0.000000,"persistent CTA fold roles publish online-reordered packet groups without fold-wide barriers",hierarchical-dataflow,0,named-barrier,0,0,0,3,0,0,0,hermes-xor,inplace,radix4,32,20,1048576,4,998244353,30,0,0,0,dataflow-radix4,"7+7+6","appt-online+appt-online+appt-online","256+256+256","8+8+8","16+16+16","4+4+4","2+2+2","1+1+1","3+10+7","ring+ring","2+2",8,0,2,5,2.794240,1.139098,1.140928,0.001830,2.614496,3511.551688,610.889077,3682128823.209139,fused,shoup,natural,-1
1,appt,appt-online,4-6-10,"Tesla V100-SXM2-16GB",7.0,0,"v100-sm70","hierarchical-dataflow-appt-online","experimental",0.000000,"persistent CTA fold roles publish online-reordered packet groups without fold-wide barriers",hierarchical-dataflow,0,named-barrier,0,0,0,3,0,0,0,hermes-xor,inplace,radix4,32,20,1048576,4,998244353,30,0,0,0,dataflow-radix4,"7+7+6","appt-online+appt-online+appt-online","256+256+256","8+8+8","16+16+16","4+4+4","2+2+2","1+1+1","4+6+10","ring+ring","2+2",8,0,2,5,2.805120,0.977306,0.978916,0.001610,2.612512,4092.885620,625.494757,4291701631.678580,fused,shoup,natural,-1
1,appt,appt-online,4-7-9,"Tesla V100-SXM2-16GB",7.0,0,"v100-sm70","hierarchical-dataflow-appt-online","experimental",0.000000,"persistent CTA fold roles publish online-reordered packet groups without fold-wide barriers",hierarchical-dataflow,0,named-barrier,0,0,0,3,0,0,0,hermes-xor,inplace,radix4,32,20,1048576,4,998244353,30,0,0,0,dataflow-radix4,"7+7+6","appt-online+appt-online+appt-online","256+256+256","8+8+8","16+16+16","4+4+4","2+2+2","1+1+1","4+7+9","ring+ring","2+2",8,0,2,5,2.798080,1.023181,1.024775,0.001594,2.609504,3909.377795,622.010010,4099279731.269796,fused,shoup,natural,-1
1,appt,appt-online,4-8-8,"Tesla V100-SXM2-16GB",7.0,0,"v100-sm70","hierarchical-dataflow-appt-online","experimental",0.000000,"persistent CTA fold roles publish online-reordered packet groups without fold-wide barriers",hierarchical-dataflow,0,named-barrier,0,0,0,3,0,0,0,hermes-xor,inplace,radix4,32,20,1048576,4,998244353,30,0,0,0,dataflow-radix4,"7+7+6","appt-online+appt-online+appt-online","256+256+256","8+8+8","16+16+16","4+4+4","2+2+2","1+1+1","4+8+8","ring+ring","2+2",8,0,2,5,2.805664,0.970342,0.971810,0.001468,2.612512,4122.255983,626.123242,4322498689.477811,fused,shoup,natural,-1
1,appt,appt-online,4-9-7,"Tesla V100-SXM2-16GB",7.0,0,"v100-sm70","hierarchical-dataflow-appt-online","experimental",0.000000,"persistent CTA fold roles publish online-reordered packet groups without fold-wide barriers",hierarchical-dataflow,0,named-barrier,0,0,0,3,0,0,0,hermes-xor,inplace,radix4,32,20,1048576,4,998244353,30,0,0,0,dataflow-radix4,"7+7+6","appt-online+appt-online+appt-online","256+256+256","8+8+8","16+16+16","4+4+4","2+2+2","1+1+1","4+9+7","ring+ring","2+2",8,0,2,5,2.812320,1.062502,1.064034,0.001531,2.613760,3764.697435,616.467476,3947571377.182507,fused,shoup,natural,-1
1,appt,appt-online,4-10-6,"Tesla V100-SXM2-16GB",7.0,0,"v100-sm70","hierarchical-dataflow-appt-online","experimental",0.000000,"persistent CTA fold roles publish online-reordered packet groups without fold-wide barriers",hierarchical-dataflow,0,named-barrier,0,0,0,3,0,0,0,hermes-xor,inplace,radix4,32,20,1048576,4,998244353,30,0,0,0,dataflow-radix4,"7+7+6","appt-online+appt-online+appt-online","256+256+256","8+8+8","16+16+16","4+4+4","2+2+2","1+1+1","4+10+6","ring+ring","2+2",8,0,2,5,2.811168,1.034035,1.035617,0.001582,2.615776,3868.340244,619.101202,4056248739.218152,fused,shoup,natural,-1
1,appt,appt-online,5-5-10,"Tesla V100-SXM2-16GB",7.0,0,"v100-sm70","hierarchical-dataflow-appt-online","experimental",0.000000,"persistent CTA fold roles publish online-reordered packet groups without fold-wide barriers",hierarchical-dataflow,0,named-barrier,0,0,0,3,0,0,0,hermes-xor,inplace,radix4,32,20,1048576,4,998244353,30,0,0,0,dataflow-radix4,"7+7+6","appt-online+appt-online+appt-online","256+256+256","8+8+8","16+16+16","4+4+4","2+2+2","1+1+1","5+5+10","ring+ring","2+2",8,0,2,5,2.815744,0.990618,0.992943,0.002325,2.624640,4037.885162,621.987106,4234029471.324363,fused,shoup,natural,-1
1,appt,appt-online,5-6-9,"Tesla V100-SXM2-16GB",7.0,0,"v100-sm70","hierarchical-dataflow-appt-online","experimental",0.000000,"persistent CTA fold roles publish online-reordered packet groups without fold-wide barriers",hierarchical-dataflow,0,named-barrier,0,0,0,3,0,0,0,hermes-xor,inplace,radix4,32,20,1048576,4,998244353,30,0,0,0,dataflow-radix4,"7+7+6","appt-online+appt-online+appt-online","256+256+256","8+8+8","16+16+16","4+4+4","2+2+2","1+1+1","5+6+9","ring+ring","2+2",8,0,2,5,2.796672,0.957440,0.958930,0.001490,2.618656,4177.807405,627.670735,4380748577.751177,fused,shoup,natural,-1
1,appt,appt-online,5-7-8,"Tesla V100-SXM2-16GB",7.0,0,"v100-sm70","hierarchical-dataflow-appt-online","experimental",0.000000,"persistent CTA fold roles publish online-reordered packet groups without fold-wide barriers",hierarchical-dataflow,0,named-barrier,0,0,0,3,0,0,0,hermes-xor,inplace,radix4,32,20,1048576,4,998244353,30,0,0,0,dataflow-radix4,"7+7+6","appt-online+appt-online+appt-online","256+256+256","8+8+8","16+16+16","4+4+4","2+2+2","1+1+1","5+7+8","ring+ring","2+2",8,0,2,5,2.808736,0.976282,0.977940,0.001658,2.616512,4097.178339,624.850642,4296202873.877301,fused,shoup,natural,-1
1,appt,appt-online,5-8-7,"Tesla V100-SXM2-16GB",7.0,0,"v100-sm70","hierarchical-dataflow-appt-online","experimental",0.000000,"persistent CTA fold roles publish online-reordered packet groups without fold-wide barriers",hierarchical-dataflow,0,named-barrier,0,0,0,3,0,0,0,hermes-xor,inplace,radix4,32,20,1048576,4,998244353,30,0,0,0,dataflow-radix4,"7+7+6","appt-online+appt-online+appt-online","256+256+256","8+8+8","16+16+16","4+4+4","2+2+2","1+1+1","5+8+7","ring+ring","2+2",8,0,2,5,2.802304,1.003725,1.005321,0.001596,2.612064,3985.156037,623.238113,4178738976.807912,fused,shoup,natural,-1
1,appt,appt-online,5-9-6,"Tesla V100-SXM2-16GB",7.0,0,"v100-sm70","hierarchical-dataflow-appt-online","experimental",0.000000,"persistent CTA fold roles publish online-reordered packet groups without fold-wide barriers",hierarchical-dataflow,0,named-barrier,0,0,0,3,0,0,0,hermes-xor,inplace,radix4,32,20,1048576,4,998244353,30,0,0,0,dataflow-radix4,"7+7+6","appt-online+appt-online+appt-online","256+256+256","8+8+8","16+16+16","4+4+4","2+2+2","1+1+1","5+9+6","ring+ring","2+2",8,0,2,5,2.802208,0.964403,0.966029,0.001626,2.614656,4147.643016,626.834758,4349118923.217800,fused,shoup,natural,-1
1,appt,appt-online,5-10-5,"Tesla V100-SXM2-16GB",7.0,0,"v100-sm70","hierarchical-dataflow-appt-online","experimental",0.000000,"persistent CTA fold roles publish online-reordered packet groups without fold-wide barriers",hierarchical-dataflow,0,named-barrier,0,0,0,3,0,0,0,hermes-xor,inplace,radix4,32,20,1048576,4,998244353,30,0,0,0,dataflow-radix4,"7+7+6","appt-online+appt-online+appt-online","256+256+256","8+8+8","16+16+16","4+4+4","2+2+2","1+1+1","5+10+5","ring+ring","2+2",8,0,2,5,2.804544,1.057997,1.059496,0.001499,2.615456,3780.729525,617.474820,3964382242.093601,fused,shoup,natural,-1
1,appt,appt-online,6-4-10,"Tesla V100-SXM2-16GB",7.0,0,"v100-sm70","hierarchical-dataflow-appt-online","experimental",0.000000,"persistent CTA fold roles publish online-reordered packet groups without fold-wide barriers",hierarchical-dataflow,0,named-barrier,0,0,0,3,0,0,0,hermes-xor,inplace,radix4,32,20,1048576,4,998244353,30,0,0,0,dataflow-radix4,"7+7+6","appt-online+appt-online+appt-online","256+256+256","8+8+8","16+16+16","4+4+4","2+2+2","1+1+1","6+4+10","ring+ring","2+2",8,0,2,5,2.804096,1.090355,1.091962,0.001606,2.613088,3668.529443,614.671688,3846731929.312019,fused,shoup,natural,-1
1,appt,appt-online,6-5-9,"Tesla V100-SXM2-16GB",7.0,0,"v100-sm70","hierarchical-dataflow-appt-online","experimental",0.000000,"persistent CTA fold roles publish online-reordered packet groups without fold-wide barriers",hierarchical-dataflow,0,named-barrier,0,0,0,3,0,0,0,hermes-xor,inplace,radix4,32,20,1048576,4,998244353,30,0,0,0,dataflow-radix4,"7+7+6","appt-online+appt-online+appt-online","256+256+256","8+8+8","16+16+16","4+4+4","2+2+2","1+1+1","6+5+9","ring+ring","2+2",8,0,2,5,2.813856,1.020109,1.021784,0.001675,2.619008,3921.150298,619.869344,4111624095.240399,fused,shoup,natural,-1
1,appt,appt-online,6-6-8,"Tesla V100-SXM2-16GB",7.0,0,"v100-sm70","hierarchical-dataflow-appt-online","experimental",0.000000,"persistent CTA fold roles publish online-reordered packet groups without fold-wide barriers",hierarchical-dataflow,0,named-barrier,0,0,0,3,0,0,0,hermes-xor,inplace,radix4,32,20,1048576,4,998244353,30,0,0,0,dataflow-radix4,"7+7+6","appt-online+appt-online+appt-online","256+256+256","8+8+8","16+16+16","4+4+4","2+2+2","1+1+1","6+6+8","ring+ring","2+2",8,0,2,5,2.814912,0.951910,0.953545,0.001635,2.625536,4202.076265,625.747140,4406196321.976035,fused,shoup,natural,-1
1,appt,appt-online,6-7-7,"Tesla V100-SXM2-16GB",7.0,0,"v100-sm70","hierarchical-dataflow-appt-online","experimental",0.000000,"persistent CTA fold roles publish online-reordered packet groups without fold-wide barriers",hierarchical-dataflow,0,named-barrier,0,0,0,3,0,0,0,hermes-xor,inplace,radix4,32,20,1048576,4,998244353,30,0,0,0,dataflow-radix4,"7+7+6","appt-online+appt-online+appt-online","256+256+256","8+8+8","16+16+16","4+4+4","2+2+2","1+1+1","6+7+7","ring+ring","2+2",8,0,2,5,2.802816,1.068032,1.069762,0.001730,2.614112,3745.206044,616.811838,3927133172.744038,fused,shoup,natural,-1
1,appt,appt-online,6-8-6,"Tesla V100-SXM2-16GB",7.0,0,"v100-sm70","hierarchical-dataflow-appt-online","experimental",0.000000,"persistent CTA fold roles publish online-reordered packet groups without fold-wide barriers",hierarchical-dataflow,0,named-barrier,0,0,0,3,0,0,0,hermes-xor,inplace,radix4,32,20,1048576,4,998244353,30,0,0,0,dataflow-radix4,"7+7+6","appt-online+appt-online+appt-online","256+256+256","8+8+8","16+16+16","4+4+4","2+2+2","1+1+1","6+8+6","ring+ring","2+2",8,0,2,5,2.804896,0.934707,0.936175,0.001468,2.612736,4279.415148,629.689289,4487292018.412191,fused,shoup,natural,-1
1,appt,appt-online,6-9-5,"Tesla V100-SXM2-16GB",7.0,0,"v100-sm70","hierarchical-dataflow-appt-online","experimental",0.000000,"persistent CTA fold roles publish online-reordered packet groups without fold-wide barriers",hierarchical-dataflow,0,named-barrier,0,0,0,3,0,0,0,hermes-xor,inplace,radix4,32,20,1048576,4,998244353,30,0,0,0,dataflow-radix4,"7+7+6","appt-online+appt-online+appt-online","256+256+256","8+8+8","16+16+16","4+4+4","2+2+2","1+1+1","6+9+5","ring+ring","2+2",8,0,2,5,2.807104,1.014579,1.016173,0.001594,2.611488,3942.521285,621.777310,4134033198.674595,fused,shoup,natural,-1
1,appt,appt-online,6-10-4,"Tesla V100-SXM2-16GB",7.0,0,"v100-sm70","hierarchical-dataflow-appt-online","experimental",0.000000,"persistent CTA fold roles publish online-reordered packet groups without fold-wide barriers",hierarchical-dataflow,0,named-barrier,0,0,0,3,0,0,0,hermes-xor,inplace,radix4,32,20,1048576,4,998244353,30,0,0,0,dataflow-radix4,"7+7+6","appt-online+appt-online+appt-online","256+256+256","8+8+8","16+16+16","4+4+4","2+2+2","1+1+1","6+10+4","ring+ring","2+2",8,0,2,5,2.819712,1.073562,1.075341,0.001779,2.628800,3725.915857,613.301900,3906905946.079628,fused,shoup,natural,-1
1,appt,appt-online,7-3-10,"Tesla V100-SXM2-16GB",7.0,0,"v100-sm70","hierarchical-dataflow-appt-online","experimental",0.000000,"persistent CTA fold roles publish online-reordered packet groups without fold-wide barriers",hierarchical-dataflow,0,named-barrier,0,0,0,3,0,0,0,hermes-xor,inplace,radix4,32,20,1048576,4,998244353,30,0,0,0,dataflow-radix4,"7+7+6","appt-online+appt-online+appt-online","256+256+256","8+8+8","16+16+16","4+4+4","2+2+2","1+1+1","7+3+10","ring+ring","2+2",8,0,2,5,2.809920,1.182720,1.184504,0.001784,2.623616,3382.034787,604.571528,3546320508.513438,fused,shoup,natural,-1
1,appt,appt-online,7-4-9,"Tesla V100-SXM2-16GB",7.0,0,"v100-sm70","hierarchical-dataflow-appt-online","experimental",0.000000,"persistent CTA fold roles publish online-reordered packet groups without fold-wide barriers",hierarchical-dataflow,0,named-barrier,0,0,0,3,0,0,0,hermes-xor,inplace,radix4,32,20,1048576,4,998244353,30,0,0,0,dataflow-radix4,"7+7+6","appt-online+appt-online+appt-online","256+256+256","8+8+8","16+16+16","4+4+4","2+2+2","1+1+1","7+4+9","ring+ring","2+2",8,0,2,5,2.803008,1.047347,1.048926,0.001579,2.609792,3819.172903,619.180932,4004693045.508398,fused,shoup,natural,-1
1,appt,appt-online,7-5-8,"Tesla V100-SXM2-16GB",7.0,0,"v100-sm70","hierarchical-dataflow-appt-online","experimental",0.000000,"persistent CTA fold roles publish online-reordered packet groups without fold-wide barriers",hierarchical-dataflow,0,named-barrier,0,0,0,3,0,0,0,hermes-xor,inplace,radix4,32,20,1048576,4,998244353,30,0,0,0,dataflow-radix4,"7+7+6","appt-online+appt-online+appt-online","256+256+256","8+8+8","16+16+16","4+4+4","2+2+2","1+1+1","7+5+8","ring+ring","2+2",8,0,2,5,2.803072,0.961741,0.963163,0.001422,2.613664,4159.124823,627.108979,4361158469.903534,fused,shoup,natural,-1
1,appt,appt-online,7-6-7,"Tesla V100-SXM2-16GB",7.0,0,"v100-sm70","hierarchical-dataflow-appt-online","experimental",0.000000,"persistent CTA fold roles publish online-reordered packet groups without fold-wide barriers",hierarchical-dataflow,0,named-barrier,0,0,0,3,0,0,0,hermes-xor,inplace,radix4,32,20,1048576,4,998244353,30,0,0,0,dataflow-radix4,"7+7+6","appt-online+appt-online+appt-online","256+256+256","8+8+8","16+16+16","4+4+4","2+2+2","1+1+1","7+6+7","ring+ring","2+2",8,0,2,5,2.807616,0.932864,0.934485,0.001621,2.613504,4287.870425,629.526300,4496158018.249858,fused,shoup,natural,-1
1,appt,appt-online,7-7-6,"Tesla V100-SXM2-16GB",7.0,0,"v100-sm70","hierarchical-dataflow-appt-online","experimental",0.000000,"persistent CTA fold roles publish online-reordered packet groups without fold-wide barriers",hierarchical-dataflow,0,named-barrier,0,0,0,3,0,0,0,hermes-xor,inplace,radix4,32,20,1048576,4,998244353,30,0,0,0,dataflow-radix4,"7+7+6","appt-online+appt-online+appt-online","256+256+256","8+8+8","16+16+16","4+4+4","2+2+2","1+1+1","7+7+6","ring+ring","2+2",8,0,2,5,2.809408,0.884122,0.885690,0.001569,2.614720,4524.264552,634.090314,4744035226.736098,fused,shoup,natural,-1
1,appt,appt-online,7-8-5,"Tesla V100-SXM2-16GB",7.0,0,"v100-sm70","hierarchical-dataflow-appt-online","experimental",0.000000,"persistent CTA fold roles publish online-reordered packet groups without fold-wide barriers",hierarchical-dataflow,0,named-barrier,0,0,0,3,0,0,0,hermes-xor,inplace,radix4,32,20,1048576,4,998244353,30,0,0,0,dataflow-radix4,"7+7+6","appt-online+appt-online+appt-online","256+256+256","8+8+8","16+16+16","4+4+4","2+2+2","1+1+1","7+8+5","ring+ring","2+2",8,0,2,5,2.811392,0.932864,0.934550,0.001686,2.617472,4287.870425,628.759983,4496158018.249858,fused,shoup,natural,-1
1,appt,appt-online,7-9-4,"Tesla V100-SXM2-16GB",7.0,0,"v100-sm70","hierarchical-dataflow-appt-online","experimental",0.000000,"persistent CTA fold roles publish online-reordered packet groups without fold-wide barriers",hierarchical-dataflow,0,named-barrier,0,0,0,3,0,0,0,hermes-xor,inplace,radix4,32,20,1048576,4,998244353,30,0,0,0,dataflow-radix4,"7+7+6","appt-online+appt-online+appt-online","256+256+256","8+8+8","16+16+16","4+4+4","2+2+2","1+1+1","7+9+4","ring+ring","2+2",8,0,2,5,2.798976,1.031168,1.032673,0.001505,2.616544,3879.096386,620.473651,4067527371.916786,fused,shoup,natural,-1
1,appt,appt-online,7-10-3,"Tesla V100-SXM2-16GB",7.0,0,"v100-sm70","hierarchical-dataflow-appt-online","experimental",0.000000,"persistent CTA fold roles publish online-reordered packet groups without fold-wide barriers",hierarchical-dataflow,0,named-barrier,0,0,0,3,0,0,0,hermes-xor,inplace,radix4,32,20,1048576,4,998244353,30,0,0,0,dataflow-radix4,"7+7+6","appt-online+appt-online+appt-online","256+256+256","8+8+8","16+16+16","4+4+4","2+2+2","1+1+1","7+10+3","ring+ring","2+2",8,0,2,5,2.797664,1.086054,1.087597,0.001542,2.616224,3683.056610,615.390067,3861964767.938479,fused,shoup,natural,-1
1,appt,appt-online,8-3-9,"Tesla V100-SXM2-16GB",7.0,0,"v100-sm70","hierarchical-dataflow-appt-online","experimental",0.000000,"persistent CTA fold roles publish online-reordered packet groups without fold-wide barriers",hierarchical-dataflow,0,named-barrier,0,0,0,3,0,0,0,hermes-xor,inplace,radix4,32,20,1048576,4,998244353,30,0,0,0,dataflow-radix4,"7+7+6","appt-online+appt-online+appt-online","256+256+256","8+8+8","16+16+16","4+4+4","2+2+2","1+1+1","8+3+9","ring+ring","2+2",8,0,2,5,2.805024,1.200333,1.201909,0.001577,2.613184,3332.408923,604.362826,3494284018.887844,fused,shoup,natural,-1
1,appt,appt-online,8-4-8,"Tesla V100-SXM2-16GB",7.0,0,"v100-sm70","hierarchical-dataflow-appt-online","experimental",0.000000,"persistent CTA fold roles publish online-reordered packet groups without fold-wide barriers",hierarchical-dataflow,0,named-barrier,0,0,0,3,0,0,0,hermes-xor,inplace,radix4,32,20,1048576,4,998244353,30,0,0,0,dataflow-radix4,"7+7+6","appt-online+appt-online+appt-online","256+256+256","8+8+8","16+16+16","4+4+4","2+2+2","1+1+1","8+4+8","ring+ring","2+2",8,0,2,5,2.817856,1.047347,1.049119,0.001771,2.622656,3819.172903,616.536175,4004693045.508398,fused,shoup,natural,-1
1,appt,appt-online,8-5-7,"Tesla V100-SXM2-16GB",7.0,0,"v100-sm70","hierarchical-dataflow-appt-online","experimental",0.000000,"persistent CTA fold roles publish online-reordered packet groups without fold-wide barriers",hierarchical-dataflow,0,named-barrier,0,0,0,3,0,0,0,hermes-xor,inplace,radix4,32,20,1048576,4,998244353,30,0,0,0,dataflow-radix4,"7+7+6","appt-online+appt-online+appt-online","256+256+256","8+8+8","16+16+16","4+4+4","2+2+2","1+1+1","8+5+7","ring+ring","2+2",8,0,2,5,2.802176,1.015808,1.017463,0.001655,2.614144,3937.752069,621.878165,4129032313.916736,fused,shoup,natural,-1
1,appt,appt-online,8-6-6,"Tesla V100-SXM2-16GB",7.0,0,"v100-sm70","hierarchical-dataflow-appt-online","experimental",0.000000,"persistent CTA fold roles publish online-reordered packet groups without fold-wide barriers",hierarchical-dataflow,0,named-barrier,0,0,0,3,0,0,0,hermes-xor,inplace,radix4,32,20,1048576,4,998244353,30,0,0,0,dataflow-radix4,"7+7+6","appt-online+appt-online+appt-online","256+256+256","8+8+8","16+16+16","4+4+4","2+2+2","1+1+1","8+6+6","ring+ring","2+2",8,0,2,5,2.820480,0.926106,0.927777,0.001671,2.621984,4319.161789,628.084510,4528969392.171726,fused,shoup,natural,-1
1,appt,appt-online,8-7-5,"Tesla V100-SXM2-16GB",7.0,0,"v100-sm70","hierarchical-dataflow-appt-online","experimental",0.000000,"persistent CTA fold roles publish online-reordered packet groups without fold-wide barriers",hierarchical-dataflow,0,named-barrier,0,0,0,3,0,0,0,hermes-xor,inplace,radix4,32,20,1048576,4,998244353,30,0,0,0,dataflow-radix4,"7+7+6","appt-online+appt-online+appt-online","256+256+256","8+8+8","16+16+16","4+4+4","2+2+2","1+1+1","8+7+5","ring+ring","2+2",8,0,2,5,2.806624,0.917709,0.919376,0.001668,2.615616,4358.681314,630.919924,4570408617.388335,fused,shoup,natural,-1
1,appt,appt-online,8-8-4,"Tesla V100-SXM2-16GB",7.0,0,"v100-sm70","hierarchical-dataflow-appt-online","experimental",0.000000,"persistent CTA fold roles publish online-reordered packet groups without fold-wide barriers",hierarchical-dataflow,0,named-barrier,0,0,0,3,0,0,0,hermes-xor,inplace,radix4,32,20,1048576,4,998244353,30,0,0,0,dataflow-radix4,"7+7+6","appt-online+appt-online+appt-online","256+256+256","8+8+8","16+16+16","4+4+4","2+2+2","1+1+1","8+8+4","ring+ring","2+2",8,0,2,5,2.798272,0.977510,0.979307,0.001797,2.613248,4092.028355,626.073095,4290802724.166523,fused,shoup,natural,-1
1,appt,appt-online,8-9-3,"Tesla V100-SXM2-16GB",7.0,0,"v100-sm70","hierarchical-dataflow-appt-online","experimental",0.000000,"persistent CTA fold roles publish online-reordered packet groups without fold-wide barriers",hierarchical-dataflow,0,named-barrier,0,0,0,3,0,0,0,hermes-xor,inplace,radix4,32,20,1048576,4,998244353,30,0,0,0,dataflow-radix4,"7+7+6","appt-online+appt-online+appt-online","256+256+256","8+8+8","16+16+16","4+4+4","2+2+2","1+1+1","8+9+3","ring+ring","2+2",8,0,2,5,2.818944,1.047757,1.049533,0.001776,2.629248,3817.679860,615.768412,4003127477.262434,fused,shoup,natural,-1
1,appt,appt-online,9-3-8,"Tesla V100-SXM2-16GB",7.0,0,"v100-sm70","hierarchical-dataflow-appt-online","experimental",0.000000,"persistent CTA fold roles publish online-reordered packet groups without fold-wide barriers",hierarchical-dataflow,0,named-barrier,0,0,0,3,0,0,0,hermes-xor,inplace,radix4,32,20,1048576,4,998244353,30,0,0,0,dataflow-radix4,"7+7+6","appt-online+appt-online+appt-online","256+256+256","8+8+8","16+16+16","4+4+4","2+2+2","1+1+1","9+3+8","ring+ring","2+2",8,0,2,5,2.804640,1.203200,1.204959,0.001759,2.614496,3324.468133,604.016465,3485957497.095512,fused,shoup,natural,-1
1,appt,appt-online,9-4-7,"Tesla V100-SXM2-16GB",7.0,0,"v100-sm70","hierarchical-dataflow-appt-online","experimental",0.000000,"persistent CTA fold roles publish online-reordered packet groups without fold-wide barriers",hierarchical-dataflow,0,named-barrier,0,0,0,3,0,0,0,hermes-xor,inplace,radix4,32,20,1048576,4,998244353,30,0,0,0,dataflow-radix4,"7+7+6","appt-online+appt-online+appt-online","256+256+256","8+8+8","16+16+16","4+4+4","2+2+2","1+1+1","9+4+7","ring+ring","2+2",8,0,2,5,2.809824,1.107763,1.109457,0.001694,2.610496,3610.880109,612.737288,3786282220.839376,fused,shoup,natural,-1
1,appt,appt-online,9-5-6,"Tesla V100-SXM2-16GB",7.0,0,"v100-sm70","hierarchical-dataflow-appt-online","experimental",0.000000,"persistent CTA fold roles publish online-reordered packet groups without fold-wide barriers",hierarchical-dataflow,0,named-barrier,0,0,0,3,0,0,0,hermes-xor,inplace,radix4,32,20,1048576,4,998244353,30,0,0,0,dataflow-radix4,"7+7+6","appt-online+appt-online+appt-online","256+256+256","8+8+8","16+16+16","4+4+4","2+2+2","1+1+1","9+5+6","ring+ring","2+2",8,0,2,5,2.815104,1.015603,1.017361,0.001757,2.625696,3938.546137,619.540000,4129864954.331459,fused,shoup,natural,-1
1,appt,appt-online,9-6-5,"Tesla V100-SXM2-16GB",7.0,0,"v100-sm70","hierarchical-dataflow-appt-online","experimental",0.000000,"persistent CTA fold roles publish online-reordered packet groups without fold-wide barriers",hierarchical-dataflow,0,named-barrier,0,0,0,3,0,0,0,hermes-xor,inplace,radix4,32,20,1048576,4,998244353,30,0,0,0,dataflow-radix4,"7+7+6","appt-online+appt-online+appt-online","256+256+256","8+8+8","16+16+16","4+4+4","2+2+2","1+1+1","9+6+5","ring+ring","2+2",8,0,2,5,2.805600,0.969933,0.971508,0.001575,2.611424,4123.996814,626.276356,4324324082.789331,fused,shoup,natural,-1
1,appt,appt-online,9-7-4,"Tesla V100-SXM2-16GB",7.0,0,"v100-sm70","hierarchical-dataflow-appt-online","experimental",0.000000,"persistent CTA fold roles publish online-reordered packet groups without fold-wide barriers",hierarchical-dataflow,0,named-barrier,0,0,0,3,0,0,0,hermes-xor,inplace,radix4,32,20,1048576,4,998244353,30,0,0,0,dataflow-radix4,"7+7+6","appt-online+appt-online+appt-online","256+256+256","8+8+8","16+16+16","4+4+4","2+2+2","1+1+1","9+7+4","ring+ring","2+2",8,0,2,5,2.817344,0.992051,0.993656,0.001605,2.624032,4032.049781,621.752585,4227910630.916462,fused,shoup,natural,-1
1,appt,appt-online,9-8-3,"Tesla V100-SXM2-16GB",7.0,0,"v100-sm70","hierarchical-dataflow-appt-online","experimental",0.000000,"persistent CTA fold roles publish online-reordered packet groups without fold-wide barriers",hierarchical-dataflow,0,named-barrier,0,0,0,3,0,0,0,hermes-xor,inplace,radix4,32,20,1048576,4,998244353,30,0,0,0,dataflow-radix4,"7+7+6","appt-online+appt-online+appt-online","256+256+256","8+8+8","16+16+16","4+4+4","2+2+2","1+1+1","9+8+3","ring+ring","2+2",8,0,2,5,2.804192,0.982835,0.984443,0.001608,2.614720,4069.858413,624.829407,4267555855.380582,fused,shoup,natural,-1
1,appt,appt-online,10-3-7,"Tesla V100-SXM2-16GB",7.0,0,"v100-sm70","hierarchical-dataflow-appt-online","experimental",0.000000,"persistent CTA fold roles publish online-reordered packet groups without fold-wide barriers",hierarchical-dataflow,0,named-barrier,0,0,0,3,0,0,0,hermes-xor,inplace,radix4,32,20,1048576,4,998244353,30,0,0,0,dataflow-radix4,"7+7+6","appt-online+appt-online+appt-online","256+256+256","8+8+8","16+16+16","4+4+4","2+2+2","1+1+1","10+3+7","ring+ring","2+2",8,0,2,5,2.814560,1.239450,1.241120,0.001670,2.618944,3227.238877,599.434719,3384005232.229231,fused,shoup,natural,-1
1,appt,appt-online,10-4-6,"Tesla V100-SXM2-16GB",7.0,0,"v100-sm70","hierarchical-dataflow-appt-online","experimental",0.000000,"persistent CTA fold roles publish online-reordered packet groups without fold-wide barriers",hierarchical-dataflow,0,named-barrier,0,0,0,3,0,0,0,hermes-xor,inplace,radix4,32,20,1048576,4,998244353,30,0,0,0,dataflow-radix4,"7+7+6","appt-online+appt-online+appt-online","256+256+256","8+8+8","16+16+16","4+4+4","2+2+2","1+1+1","10+4+6","ring+ring","2+2",8,0,2,5,2.816672,1.067008,1.068544,0.001536,2.617280,3748.800319,615.293731,3930902043.192989,fused,shoup,natural,-1
1,appt,appt-online,10-5-5,"Tesla V100-SXM2-16GB",7.0,0,"v100-sm70","hierarchical-dataflow-appt-online","experimental",0.000000,"persistent CTA fold roles publish online-reordered packet groups without fold-wide barriers",hierarchical-dataflow,0,named-barrier,0,0,0,3,0,0,0,hermes-xor,inplace,radix4,32,20,1048576,4,998244353,30,0,0,0,dataflow-radix4,"7+7+6","appt-online+appt-online+appt-online","256+256+256","8+8+8","16+16+16","4+4+4","2+2+2","1+1+1","10+5+5","ring+ring","2+2",8,0,2,5,2.800896,1.005363,1.006913,0.001550,2.614016,3978.661539,623.026252,4171929002.168707,fused,shoup,natural,-1
1,appt,appt-online,10-6-4,"Tesla V100-SXM2-16GB",7.0,0,"v100-sm70","hierarchical-dataflow-appt-online","experimental",0.000000,"persistent CTA fold roles publish online-reordered packet groups without fold-wide barriers",hierarchical-dataflow,0,named-barrier,0,0,0,3,0,0,0,hermes-xor,inplace,radix4,32,20,1048576,4,998244353,30,0,0,0,dataflow-radix4,"7+7+6","appt-online+appt-online+appt-online","256+256+256","8+8+8","16+16+16","4+4+4","2+2+2","1+1+1","10+6+4","ring+ring","2+2",8,0,2,5,2.804384,0.973414,0.974909,0.001494,2.615904,4109.246703,625.615595,4308857470.325728,fused,shoup,natural,-1
1,appt,appt-online,10-7-3,"Tesla V100-SXM2-16GB",7.0,0,"v100-sm70","hierarchical-dataflow-appt-online","experimental",0.000000,"persistent CTA fold roles publish online-reordered packet groups without fold-wide barriers",hierarchical-dataflow,0,named-barrier,0,0,0,3,0,0,0,hermes-xor,inplace,radix4,32,20,1048576,4,998244353,30,0,0,0,dataflow-radix4,"7+7+6","appt-online+appt-online+appt-online","256+256+256","8+8+8","16+16+16","4+4+4","2+2+2","1+1+1","10+7+3","ring+ring","2+2",8,0,2,5,2.810624,1.000038,1.001641,0.001603,2.612416,3999.846464,622.754358,4194143006.179811,fused,shoup,natural,-1
1,appt,appt-online-radix4,3-7-10,"Tesla V100-SXM2-16GB",7.0,0,"v100-sm70","hierarchical-dataflow-appt-online","experimental",0.000000,"persistent CTA fold roles publish online-reordered packet groups without fold-wide barriers",hierarchical-dataflow,0,named-barrier,0,0,0,3,0,0,0,hermes-xor,inplace,radix4,32,20,1048576,4,998244353,30,0,0,0,dataflow-radix4,"7+7+6","appt-online-radix4+appt-online-radix4+appt-online-radix4","256+256+256","8+8+8","16+16+16","4+4+4","2+2+2","1+1+1","3+7+10","ring+ring","2+2",8,0,2,5,2.801024,1.103872,1.105548,0.001676,2.614912,3623.608335,613.514994,3799628733.290352,fused,shoup,natural,-1
1,appt,appt-online-radix4,3-8-9,"Tesla V100-SXM2-16GB",7.0,0,"v100-sm70","hierarchical-dataflow-appt-online","experimental",0.000000,"persistent CTA fold roles publish online-reordered packet groups without fold-wide barriers",hierarchical-dataflow,0,named-barrier,0,0,0,3,0,0,0,hermes-xor,inplace,radix4,32,20,1048576,4,998244353,30,0,0,0,dataflow-radix4,"7+7+6","appt-online-radix4+appt-online-radix4+appt-online-radix4","256+256+256","8+8+8","16+16+16","4+4+4","2+2+2","1+1+1","3+8+9","ring+ring","2+2",8,0,2,5,2.805792,1.164083,1.165635,0.001552,2.614272,3436.180381,607.519809,3603096279.690053,fused,shoup,natural,-1
1,appt,appt-online-radix4,3-9-8,"Tesla V100-SXM2-16GB",7.0,0,"v100-sm70","hierarchical-dataflow-appt-online","experimental",0.000000,"persistent CTA fold roles publish online-reordered packet groups without fold-wide barriers",hierarchical-dataflow,0,named-barrier,0,0,0,3,0,0,0,hermes-xor,inplace,radix4,32,20,1048576,4,998244353,30,0,0,0,dataflow-radix4,"7+7+6","appt-online-radix4+appt-online-radix4+appt-online-radix4","256+256+256","8+8+8","16+16+16","4+4+4","2+2+2","1+1+1","3+9+8","ring+ring","2+2",8,0,2,5,2.807552,1.127424,1.129110,0.001686,2.614400,3547.910985,610.745206,3720254308.670837,fused,shoup,natural,-1
1,appt,appt-online-radix4,3-10-7,"Tesla V100-SXM2-16GB",7.0,0,"v100-sm70","hierarchical-dataflow-appt-online","experimental",0.000000,"persistent CTA fold roles publish online-reordered packet groups without fold-wide barriers",hierarchical-dataflow,0,named-barrier,0,0,0,3,0,0,0,hermes-xor,inplace,radix4,32,20,1048576,4,998244353,30,0,0,0,dataflow-radix4,"7+7+6","appt-online-radix4+appt-online-radix4+appt-online-radix4","256+256+256","8+8+8","16+16+16","4+4+4","2+2+2","1+1+1","3+10+7","ring+ring","2+2",8,0,2,5,2.801024,1.200742,1.202139,0.001397,2.612928,3331.272155,604.714260,3493092031.719450,fused,shoup,natural,-1
1,appt,appt-online-radix4,4-6-10,"Tesla V100-SXM2-16GB",7.0,0,"v100-sm70","hierarchical-dataflow-appt-online","experimental",0.000000,"persistent CTA fold roles publish online-reordered packet groups without fold-wide barriers",hierarchical-dataflow,0,named-barrier,0,0,0,3,0,0,0,hermes-xor,inplace,radix4,32,20,1048576,4,998244353,30,0,0,0,dataflow-radix4,"7+7+6","appt-online-radix4+appt-online-radix4+appt-online-radix4","256+256+256","8+8+8","16+16+16","4+4+4","2+2+2","1+1+1","4+6+10","ring+ring","2+2",8,0,2,5,2.804128,1.032602,1.034330,0.001729,2.609152,3873.710848,620.551267,4061880226.230852,fused,shoup,natural,-1
1,appt,appt-online-radix4,4-7-9,"Tesla V100-SXM2-16GB",7.0,0,"v100-sm70","hierarchical-dataflow-appt-online","experimental",0.000000,"persistent CTA fold roles publish online-reordered packet groups without fold-wide barriers",hierarchical-dataflow,0,named-barrier,0,0,0,3,0,0,0,hermes-xor,inplace,radix4,32,20,1048576,4,998244353,30,0,0,0,dataflow-radix4,"7+7+6","appt-online-radix4+appt-online-radix4+appt-online-radix4","256+256+256","8+8+8","16+16+16","4+4+4","2+2+2","1+1+1","4+7+9","ring+ring","2+2",8,0,2,5,2.804576,1.041408,1.043006,0.001598,2.614240,3840.953997,619.173596,4027532178.058905,fused,shoup,natural,-1
1,appt,appt-online-radix4,4-8-8,"Tesla V100-SXM2-16GB",7.0,0,"v100-sm70","hierarchical-dataflow-appt-online","experimental",0.000000,"persistent CTA fold roles publish online-reordered packet groups without fold-wide barriers",hierarchical-dataflow,0,named-barrier,0,0,0,3,0,0,0,hermes-xor,inplace,radix4,32,20,1048576,4,998244353,30,0,0,0,dataflow-radix4,"7+7+6","appt-online-radix4+appt-online-radix4+appt-online-radix4","256+256+256","8+8+8","16+16+16","4+4+4","2+2+2","1+1+1","4+8+8","ring+ring","2+2",8,0,2,5,2.805152,1.072742,1.074258,0.001516,2.614624,3728.761176,616.093758,3909889478.651578,fused,shoup,natural,-1
1,appt,appt-online-radix4,4-9-7,"Tesla V100-SXM2-16GB",7.0,0,"v100-sm70","hierarchical-dataflow-appt-online","experimental",0.000000,"persistent CTA fold roles publish online-reordered packet groups without fold-wide barriers",hierarchical-dataflow,0,named-barrier,0,0,0,3,0,0,0,hermes-xor,inplace,radix4,32,20,1048576,4,998244353,30,0,0,0,dataflow-radix4,"7+7+6","appt-online-radix4+appt-online-radix4+appt-online-radix4","256+256+256","8+8+8","16+16+16","4+4+4","2+2+2","1+1+1","4+9+7","ring+ring","2+2",8,0,2,5,2.815040,1.198080,1.199833,0.001753,2.618752,3338.675371,603.147945,3500854865.492239,fused,shoup,natural,-1
1,appt,appt-online-radix4,4-10-6,"Tesla V100-SXM2-16GB",7.0,0,"v100-sm70","hierarchical-dataflow-appt-online","experimental",0.000000,"persistent CTA fold roles publish online-reordered packet groups without fold-wide barriers",hierarchical-dataflow,0,named-barrier,0,0,0,3,0,0,0,hermes-xor,inplace,radix4,32,20,1048576,4,998244353,30,0,0,0,dataflow-radix4,"7+7+6","appt-online-radix4+appt-online-radix4+appt-online-radix4","256+256+256","8+8+8","16+16+16","4+4+4","2+2+2","1+1+1","4+10+6","ring+ring","2+2",8,0,2,5,2.807936,1.144218,1.145786,0.001568,2.613696,3495.838522,609.212852,3665652374.187221,fused,shoup,natural,-1
1,appt,appt-online-radix4,5-5-10,"Tesla V100-SXM2-16GB",7.0,0,"v100-sm70","hierarchical-dataflow-appt-online","experimental",0.000000,"persistent CTA fold roles publish online-reordered packet groups without fold-wide barriers",hierarchical-dataflow,0,named-barrier,0,0,0,3,0,0,0,hermes-xor,inplace,radix4,32,20,1048576,4,998244353,30,0,0,0,dataflow-radix4,"7+7+6","appt-online-radix4+appt-online-radix4+appt-online-radix4","256+256+256","8+8+8","16+16+16","4+4+4","2+2+2","1+1+1","5+5+10","ring+ring","2+2",8,0,2,5,2.803680,1.077862,1.079495,0.001633,2.611296,3711.048894,616.063397,3891316804.720317,fused,shoup,natural,-1
1,appt,appt-online-radix4,5-6-9,"Tesla V100-SXM2-16GB",7.0,0,"v100-sm70","hierarchical-dataflow-appt-online","experimental",0.000000,"persistent CTA fold roles publish online-reordered packet groups without fold-wide barriers",hierarchical-dataflow,0,named-barrier,0,0,0,3,0,0,0,hermes-xor,inplace,radix4,32,20,1048576,4,998244353,30,0,0,0,dataflow-radix4,"7+7+6","appt-online-radix4+appt-online-radix4+appt-online-radix4","256+256+256","8+8+8","16+16+16","4+4+4","2+2+2","1+1+1","5+6+9","ring+ring","2+2",8,0,2,5,2.805728,1.004954,1.006525,0.001572,2.615616,3980.283178,622.442378,4173629414.100464,fused,shoup,natural,-1
1,appt,appt-online-radix4,5-7-8,"Tesla V100-SXM2-16GB",7.0,0,"v100-sm70","hierarchical-dataflow-appt-online","experimental",0.000000,"persistent CTA fold roles publish online-reordered packet groups without fold-wide barriers",hierarchical-dataflow,0,named-barrier,0,0,0,3,0,0,0,hermes-xor,inplace,radix4,32,20,1048576,4,998244353,30,0,0,0,dataflow-radix4,"7+7+6","appt-online-radix4+appt-online-radix4+appt-online-radix4","256+256+256","8+8+8","16+16+16","4+4+4","2+2+2","1+1+1","5+7+8","ring+ring","2+2",8,0,2,5,2.811296,1.033830,1.035430,0.001600,2.612096,3869.106561,619.461390,4057052281.137466,fused,shoup,natural,-1
1,appt,appt-online-radix4,5-8-7,"Tesla V100-SXM2-16GB",7.0,0,"v100-sm70","hierarchical-dataflow-appt-online","experimental",0.000000,"persistent CTA fold roles publish online-reordered packet groups without fold-wide barriers",hierarchical-dataflow,0,named-barrier,0,0,0,3,0,0,0,hermes-xor,inplace,radix4,32,20,1048576,4,998244353,30,0,0,0,dataflow-radix4,"7+7+6","appt-online-radix4+appt-online-radix4+appt-online-radix4","256+256+256","8+8+8","16+16+16","4+4+4","2+2+2","1+1+1","5+8+7","ring+ring","2+2",8,0,2,5,2.810368,1.115546,1.117292,0.001747,2.622208,3585.689656,610.862197,3759868116.287097,fused,shoup,natural,-1
1,appt,appt-online-radix4,5-9-6,"Tesla V100-SXM2-16GB",7.0,0,"v100-sm70","hierarchical-dataflow-appt-online","experimental",0.000000,"persistent CTA fold roles publish online-reordered packet groups without fold-wide barriers",hierarchical-dataflow,0,named-barrier,0,0,0,3,0,0,0,hermes-xor,inplace,radix4,32,20,1048576,4,998244353,30,0,0,0,dataflow-radix4,"7+7+6","appt-online-radix4+appt-online-radix4+appt-online-radix4","256+256+256","8+8+8","16+16+16","4+4+4","2+2+2","1+1+1","5+9+6","ring+ring","2+2",8,0,2,5,2.803552,1.087898,1.089379,0.001481,2.617312,3676.816847,614.556250,3855421902.434225,fused,shoup,natural,-1
1,appt,appt-online-radix4,5-10-5,"Tesla V100-SXM2-16GB",7.0,0,"v100-sm70","hierarchical-dataflow-appt-online","experimental",0.000000,"persistent CTA fold roles publish online-reordered packet groups without fold-wide barriers",hierarchical-dataflow,0,named-barrier,0,0,0,3,0,0,0,hermes-xor,inplace,radix4,32,20,1048576,4,998244353,30,0,0,0,dataflow-radix4,"7+7+6","appt-online-radix4+appt-online-radix4+appt-online-radix4","256+256+256","8+8+8","16+16+16","4+4+4","2+2+2","1+1+1","5+10+5","ring+ring","2+2",8,0,2,5,2.798432,1.191322,1.192995,0.001673,2.614496,3357.615577,605.670617,3520715111.560380,fused,shoup,natural,-1
1,appt,appt-online-radix4,6-4-10,"Tesla V100-SXM2-16GB",7.0,0,"v100-sm70","hierarchical-dataflow-appt-online","experimental",0.000000,"persistent CTA fold roles publish online-reordered packet groups without fold-wide barriers",hierarchical-dataflow,0,named-barrier,0,0,0,3,0,0,0,hermes-xor,inplace,radix4,32,20,1048576,4,998244353,30,0,0,0,dataflow-radix4,"7+7+6","appt-online-radix4+appt-online-radix4+appt-online-radix4","256+256+256","8+8+8","16+16+16","4+4+4","2+2+2","1+1+1","6+4+10","ring+ring","2+2",8,0,2,5,2.817696,1.134387,1.136260,0.001873,2.617536,3526.132706,608.863276,3697418128.215739,fused,shoup,natural,-1
1,appt,appt-online-radix4,6-5-9,"Tesla V100-SXM2-16GB",7.0,0,"v100-sm70","hierarchical-dataflow-appt-online","experimental",0.000000,"persistent CTA fold roles publish online-reordered packet groups without fold-wide barriers",hierarchical-dataflow,0,named-barrier,0,0,0,3,0,0,0,hermes-xor,inplace,radix4,32,20,1048576,4,998244353,30,0,0,0,dataflow-radix4,"7+7+6","appt-online-radix4+appt-online-radix4+appt-online-radix4","256+256+256","8+8+8","16+16+16","4+4+4","2+2+2","1+1+1","6+5+9","ring+ring","2+2",8,0,2,5,2.828928,1.058202,1.060098,0.001897,2.625280,3779.998238,614.211995,3963615432.525861,fused,shoup,natural,-1
1,appt,appt-online-radix4,6-6-8,"Tesla V100-SXM2-16GB",7.0,0,"v100-sm70","hierarchical-dataflow-appt-online","experimental",0.000000,"persistent CTA fold roles publish online-reordered packet groups without fold-wide barriers",hierarchical-dataflow,0,named-barrier,0,0,0,3,0,0,0,hermes-xor,inplace,radix4,32,20,1048576,4,998244353,30,0,0,0,dataflow-radix4,"7+7+6","appt-online-radix4+appt-online-radix4+appt-online-radix4","256+256+256","8+8+8","16+16+16","4+4+4","2+2+2","1+1+1","6+6+8","ring+ring","2+2",8,0,2,5,2.805472,0.985702,0.987215,0.001513,2.610400,4058.019965,624.846302,4255142342.564119,fused,shoup,natural,-1
1,appt,appt-online-radix4,6-7-7,"Tesla V100-SXM2-16GB",7.0,0,"v100-sm70","hierarchical-dataflow-appt-online","experimental",0.000000,"persistent CTA fold roles publish online-reordered packet groups without fold-wide barriers",hierarchical-dataflow,0,named-barrier,0,0,0,3,0,0,0,hermes-xor,inplace,radix4,32,20,1048576,4,998244353,30,0,0,0,dataflow-radix4,"7+7+6","appt-online-radix4+appt-online-radix4+appt-online-radix4","256+256+256","8+8+8","16+16+16","4+4+4","2+2+2","1+1+1","6+7+7","ring+ring","2+2",8,0,2,5,2.811584,1.035469,1.037286,0.001817,2.626592,3862.984510,617.889947,4050632845.840190,fused,shoup,natural,-1
1,appt,appt-online-radix4,6-8-6,"Tesla V100-SXM2-16GB",7.0,0,"v100-sm70","hierarchical-dataflow-appt-online","experimental",0.000000,"persistent CTA fold roles publish online-reordered packet groups without fold-wide barriers",hierarchical-dataflow,0,named-barrier,0,0,0,3,0,0,0,hermes-xor,inplace,radix4,32,20,1048576,4,998244353,30,0,0,0,dataflow-radix4,"7+7+6","appt-online-radix4+appt-online-radix4+appt-online-radix4","256+256+256","8+8+8","16+16+16","4+4+4","2+2+2","1+1+1","6+8+6","ring+ring","2+2",8,0,2,5,2.802816,1.017242,1.018805,0.001564,2.612800,3932.202548,621.807659,4123213218.615530,fused,shoup,natural,-1
1,appt,appt-online-radix4,6-9-5,"Tesla V100-SXM2-16GB",7.0,0,"v100-sm70","hierarchical-dataflow-appt-online","experimental",0.000000,"persistent CTA fold roles publish online-reordered packet groups without fold-wide barriers",hierarchical-dataflow,0,named-barrier,0,0,0,3,0,0,0,hermes-xor,inplace,radix4,32,20,1048576,4,998244353,30,0,0,0,dataflow-radix4,"7+7+6","appt-online-radix4+appt-online-radix4+appt-online-radix4","256+256+256","8+8+8","16+16+16","4+4+4","2+2+2","1+1+1","6+9+5","ring+ring","2+2",8,0,2,5,2.806080,1.222861,1.224329,0.001468,2.620384,3271.018220,601.564830,3429911200.790790,fused,shoup,natural,-1
1,appt,appt-online-radix4,6-10-4,"Tesla V100-SXM2-16GB",7.0,0,"v100-sm70","hierarchical-dataflow-appt-online","experimental",0.000000,"persistent CTA fold roles publish online-reordered packet groups without fold-wide barriers",hierarchical-dataflow,0,named-barrier,0,0,0,3,0,0,0,hermes-xor,inplace,radix4,32,20,1048576,4,998244353,30,0,0,0,dataflow-radix4,"7+7+6","appt-online-radix4+appt-online-radix4+appt-online-radix4","256+256+256","8+8+8","16+16+16","4+4+4","2+2+2","1+1+1","6+10+4","ring+ring","2+2",8,0,2,5,2.800160,1.257267,1.259024,0.001756,2.613472,3181.503409,599.619318,3336048118.916190,fused,shoup,natural,-1
1,appt,appt-online-radix4,7-3-10,"Tesla V100-SXM2-16GB",7.0,0,"v100-sm70","hierarchical-dataflow-appt-online","experimental",0.000000,"persistent CTA fold roles publish online-reordered packet groups without fold-wide barriers",hierarchical-dataflow,0,named-barrier,0,0,0,3,0,0,0,hermes-xor,inplace,radix4,32,20,1048576,4,998244353,30,0,0,0,dataflow-radix4,"7+7+6","appt-online-radix4+appt-online-radix4+appt-online-radix4","256+256+256","8+8+8","16+16+16","4+4+4","2+2+2","1+1+1","7+3+10","ring+ring","2+2",8,0,2,5,2.802016,1.189478,1.191145,0.001667,2.614624,3362.818534,605.499286,3526170806.696447,fused,shoup,natural,-1
1,appt,appt-online-radix4,7-4-9,"Tesla V100-SXM2-16GB",7.0,0,"v100-sm70","hierarchical-dataflow-appt-online","experimental",0.000000,"persistent CTA fold roles publish online-reordered packet groups without fold-wide barriers",hierarchical-dataflow,0,named-barrier,0,0,0,3,0,0,0,hermes-xor,inplace,radix4,32,20,1048576,4,998244353,30,0,0,0,dataflow-radix4,"7+7+6","appt-online-radix4+appt-online-radix4+appt-online-radix4","256+256+256","8+8+8","16+16+16","4+4+4","2+2+2","1+1+1","7+4+9","ring+ring","2+2",8,0,2,5,2.816800,1.061683,1.063242,0.001558,2.613216,3767.602316,616.171493,3950617366.008073,fused,shoup,natural,-1
1,appt,appt-online-radix4,7-5-8,"Tesla V100-SXM2-16GB",7.0,0,"v100-sm70","hierarchical-dataflow-appt-online","experimental",0.000000,"persistent CTA fold roles publish online-reordered packet groups without fold-wide barriers",hierarchical-dataflow,0,named-barrier,0,0,0,3,0,0,0,hermes-xor,inplace,radix4,32,20,1048576,4,998244353,30,0,0,0,dataflow-radix4,"7+7+6","appt-online-radix4+appt-online-radix4+appt-online-radix4","256+256+256","8+8+8","16+16+16","4+4+4","2+2+2","1+1+1","7+5+8","ring+ring","2+2",8,0,2,5,2.792704,1.044685,1.046196,0.001511,2.618368,3828.906215,619.602029,4014899163.449651,fused,shoup,natural,-1
1,appt,appt-online-radix4,7-6-7,"Tesla V100-SXM2-16GB",7.0,0,"v100-sm70","hierarchical-dataflow-appt-online","experimental",0.000000,"persistent CTA fold roles publish online-reordered packet groups without fold-wide barriers",hierarchical-dataflow,0,named-barrier,0,0,0,3,0,0,0,hermes-xor,inplace,radix4,32,20,1048576,4,998244353,30,0,0,0,dataflow-radix4,"7+7+6","appt-online-radix4+appt-online-radix4+appt-online-radix4","256+256+256","8+8+8","16+16+16","4+4+4","2+2+2","1+1+1","7+6+7","ring+ring","2+2",8,0,2,5,2.816160,0.968294,0.970039,0.001745,2.628640,4130.974864,623.723867,4331641099.412168,fused,shoup,natural,-1
1,appt,appt-online-radix4,7-7-6,"Tesla V100-SXM2-16GB",7.0,0,"v100-sm70","hierarchical-dataflow-appt-online","experimental",0.000000,"persistent CTA fold roles publish online-reordered packet groups without fold-wide barriers",hierarchical-dataflow,0,named-barrier,0,0,0,3,0,0,0,hermes-xor,inplace,radix4,32,20,1048576,4,998244353,30,0,0,0,dataflow-radix4,"7+7+6","appt-online-radix4+appt-online-radix4+appt-online-radix4","256+256+256","8+8+8","16+16+16","4+4+4","2+2+2","1+1+1","7+7+6","ring+ring","2+2",8,0,2,5,2.801984,0.979763,0.981407,0.001644,2.616832,4082.619106,625.138771,4280936411.943302,fused,shoup,natural,-1
1,appt,appt-online-radix4,7-8-5,"Tesla V100-SXM2-16GB",7.0,0,"v100-sm70","hierarchical-dataflow-appt-online","experimental",0.000000,"persistent CTA fold roles publish online-reordered packet groups without fold-wide barriers",hierarchical-dataflow,0,named-barrier,0,0,0,3,0,0,0,hermes-xor,inplace,radix4,32,20,1048576,4,998244353,30,0,0,0,dataflow-radix4,"7+7+6","appt-online-radix4+appt-online-radix4+appt-online-radix4","256+256+256","8+8+8","16+16+16","4+4+4","2+2+2","1+1+1","7+8+5","ring+ring","2+2",8,0,2,5,2.821408,1.078682,1.080355,0.001674,2.613952,3708.230532,614.058104,3888361538.741359,fused,shoup,natural,-1
1,appt,appt-online-radix4,7-9-4,"Tesla V100-SXM2-16GB",7.0,0,"v100-sm70","hierarchical-dataflow-appt-online","experimental",0.000000,"persistent CTA fold roles publish online-reordered packet groups without fold-wide barriers",hierarchical-dataflow,0,named-barrier,0,0,0,3,0,0,0,hermes-xor,inplace,radix4,32,20,1048576,4,998244353,30,0,0,0,dataflow-radix4,"7+7+6","appt-online-radix4+appt-online-radix4+appt-online-radix4","256+256+256","8+8+8","16+16+16","4+4+4","2+2+2","1+1+1","7+9+4","ring+ring","2+2",8,0,2,5,2.809024,1.256448,1.258116,0.001668,2.619744,3183.577755,598.335175,3338223227.923737,fused,shoup,natural,-1
1,appt,appt-online-radix4,7-10-3,"Tesla V100-SXM2-16GB",7.0,0,"v100-sm70","hierarchical-dataflow-appt-online","experimental",0.000000,"persistent CTA fold roles publish online-reordered packet groups without fold-wide barriers",hierarchical-dataflow,0,named-barrier,0,0,0,3,0,0,0,hermes-xor,inplace,radix4,32,20,1048576,4,998244353,30,0,0,0,dataflow-radix4,"7+7+6","appt-online-radix4+appt-online-radix4+appt-online-radix4","256+256+256","8+8+8","16+16+16","4+4+4","2+2+2","1+1+1","7+10+3","ring+ring","2+2",8,0,2,5,2.807712,1.420288,1.422094,0.001806,2.621312,2816.330275,584.000266,2953136334.501264,fused,shoup,natural,-1
1,appt,appt-online-radix4,8-3-9,"Tesla V100-SXM2-16GB",7.0,0,"v100-sm70","hierarchical-dataflow-appt-online","experimental",0.000000,"persistent CTA fold roles publish online-reordered packet groups without fold-wide barriers",hierarchical-dataflow,0,named-barrier,0,0,0,3,0,0,0,hermes-xor,inplace,radix4,32,20,1048576,4,998244353,30,0,0,0,dataflow-radix4,"7+7+6","appt-online-radix4+appt-online-radix4+appt-online-radix4","256+256+256","8+8+8","16+16+16","4+4+4","2+2+2","1+1+1","8+3+9","ring+ring","2+2",8,0,2,5,2.826240,1.195418,1.197030,0.001613,2.622912,3346.110897,601.995346,3508651579.627619,fused,shoup,natural,-1
1,appt,appt-online-radix4,8-4-8,"Tesla V100-SXM2-16GB",7.0,0,"v100-sm70","hierarchical-dataflow-appt-online","experimental",0.000000,"persistent CTA fold roles publish online-reordered packet groups without fold-wide barriers",hierarchical-dataflow,0,named-barrier,0,0,0,3,0,0,0,hermes-xor,inplace,radix4,32,20,1048576,4,998244353,30,0,0,0,dataflow-radix4,"7+7+6","appt-online-radix4+appt-online-radix4+appt-online-radix4","256+256+256","8+8+8","16+16+16","4+4+4","2+2+2","1+1+1","8+4+8","ring+ring","2+2",8,0,2,5,2.812128,1.111040,1.112621,0.001581,2.617248,3600.230427,611.581882,3775115220.464548,fused,shoup,natural,-1
1,appt,appt-online-radix4,8-5-7,"Tesla V100-SXM2-16GB",7.0,0,"v100-sm70","hierarchical-dataflow-appt-online","experimental",0.000000,"persistent CTA fold roles publish online-reordered packet groups without fold-wide barriers",hierarchical-dataflow,0,named-barrier,0,0,0,3,0,0,0,hermes-xor,inplace,radix4,32,20,1048576,4,998244353,30,0,0,0,dataflow-radix4,"7+7+6","appt-online-radix4+appt-online-radix4+appt-online-radix4","256+256+256","8+8+8","16+16+16","4+4+4","2+2+2","1+1+1","8+5+7","ring+ring","2+2",8,0,2,5,2.812608,1.036288,1.038198,0.001910,2.608320,3859.930744,619.462007,4047430740.227958,fused,shoup,natural,-1
1,appt,appt-online-radix4,8-6-6,"Tesla V100-SXM2-16GB",7.0,0,"v100-sm70","hierarchical-dataflow-appt-online","experimental",0.000000,"persistent CTA fold roles publish online-reordered packet groups without fold-wide barriers",hierarchical-dataflow,0,named-barrier,0,0,0,3,0,0,0,hermes-xor,inplace,radix4,32,20,1048576,4,998244353,30,0,0,0,dataflow-radix4,"7+7+6","appt-online-radix4+appt-online-radix4+appt-online-radix4","256+256+256","8+8+8","16+16+16","4+4+4","2+2+2","1+1+1","8+6+6","ring+ring","2+2",8,0,2,5,2.805280,0.982630,0.984304,0.001673,2.620512,4070.706413,624.178580,4268445048.000634,fused,shoup,natural,-1
1,appt,appt-online-radix4,8-7-5,"Tesla V100-SXM2-16GB",7.0,0,"v100-sm70","hierarchical-dataflow-appt-online","experimental",0.000000,"persistent CTA fold roles publish online-reordered packet groups without fold-wide barriers",hierarchical-dataflow,0,named-barrier,0,0,0,3,0,0,0,hermes-xor,inplace,radix4,32,20,1048576,4,998244353,30,0,0,0,dataflow-radix4,"7+7+6","appt-online-radix4+appt-online-radix4+appt-online-radix4","256+256+256","8+8+8","16+16+16","4+4+4","2+2+2","1+1+1","8+7+5","ring+ring","2+2",8,0,2,5,2.836160,1.020723,1.022204,0.001481,2.613760,3918.790037,618.176571,4109149182.334443,fused,shoup,natural,-1
1,appt,appt-online-radix4,8-8-4,"Tesla V100-SXM2-16GB",7.0,0,"v100-sm70","hierarchical-dataflow-appt-online","experimental",0.000000,"persistent CTA fold roles publish online-reordered packet groups without fold-wide barriers",hierarchical-dataflow,0,named-barrier,0,0,0,3,0,0,0,hermes-xor,inplace,radix4,32,20,1048576,4,998244353,30,0,0,0,dataflow-radix4,"7+7+6","appt-online-radix4+appt-online-radix4+appt-online-radix4","256+256+256","8+8+8","16+16+16","4+4+4","2+2+2","1+1+1","8+8+4","ring+ring","2+2",8,0,2,5,2.805088,1.176781,1.178346,0.001565,2.617248,3399.103667,606.141708,3564218526.591712,fused,shoup,natural,-1
1,appt,appt-online-radix4,8-9-3,"Tesla V100-SXM2-16GB",7.0,0,"v100-sm70","hierarchical-dataflow-appt-online","experimental",0.000000,"persistent CTA fold roles publish online-reordered packet groups without fold-wide barriers",hierarchical-dataflow,0,named-barrier,0,0,0,3,0,0,0,hermes-xor,inplace,radix4,32,20,1048576,4,998244353,30,0,0,0,dataflow-radix4,"7+7+6","appt-online-radix4+appt-online-radix4+appt-online-radix4","256+256+256","8+8+8","16+16+16","4+4+4","2+2+2","1+1+1","8+9+3","ring+ring","2+2",8,0,2,5,2.802880,1.418854,1.420492,0.001637,2.614048,2819.175659,585.156123,2956119936.075087,fused,shoup,natural,-1
1,appt,appt-online-radix4,9-3-8,"Tesla V100-SXM2-16GB",7.0,0,"v100-sm70","hierarchical-dataflow-appt-online","experimental",0.000000,"persistent CTA fold roles publish online-reordered packet groups without fold-wide barriers",hierarchical-dataflow,0,named-barrier,0,0,0,3,0,0,0,hermes-xor,inplace,radix4,32,20,1048576,4,998244353,30,0,0,0,dataflow-radix4,"7+7+6","appt-online-radix4+appt-online-radix4+appt-online-radix4","256+256+256","8+8+8","16+16+16","4+4+4","2+2+2","1+1+1","9+3+8","ring+ring","2+2",8,0,2,5,2.805568,1.216102,1.217568,0.001465,2.612416,3289.196803,602.946627,3448972826.768388,fused,shoup,natural,-1
1,appt,appt-online-radix4,9-4-7,"Tesla V100-SXM2-16GB",7.0,0,"v100-sm70","hierarchical-dataflow-appt-online","experimental",0.000000,"persistent CTA fold roles publish online-reordered packet groups without fold-wide barriers",hierarchical-dataflow,0,named-barrier,0,0,0,3,0,0,0,hermes-xor,inplace,radix4,32,20,1048576,4,998244353,30,0,0,0,dataflow-radix4,"7+7+6","appt-online-radix4+appt-online-radix4+appt-online-radix4","256+256+256","8+8+8","16+16+16","4+4+4","2+2+2","1+1+1","9+4+7","ring+ring","2+2",8,0,2,5,2.813248,1.131725,1.133549,0.001825,2.624768,3534.428050,608.852029,3706116427.203349,fused,shoup,natural,-1
1,appt,appt-online-radix4,9-5-6,"Tesla V100-SXM2-16GB",7.0,0,"v100-sm70","hierarchical-dataflow-appt-online","experimental",0.000000,"persistent CTA fold roles publish online-reordered packet groups without fold-wide barriers",hierarchical-dataflow,0,named-barrier,0,0,0,3,0,0,0,hermes-xor,inplace,radix4,32,20,1048576,4,998244353,30,0,0,0,dataflow-radix4,"7+7+6","appt-online-radix4+appt-online-radix4+appt-online-radix4","256+256+256","8+8+8","16+16+16","4+4+4","2+2+2","1+1+1","9+5+6","ring+ring","2+2",8,0,2,5,2.822944,1.072538,1.074225,0.001687,2.593920,3729.472770,616.389655,3910635639.273019,fused,shoup,natural,-1
1,appt,appt-online-radix4,9-6-5,"Tesla V100-SXM2-16GB",7.0,0,"v100-sm70","hierarchical-dataflow-appt-online","experimental",0.000000,"persistent CTA fold roles publish online-reordered packet groups without fold-wide barriers",hierarchical-dataflow,0,named-barrier,0,0,0,3,0,0,0,hermes-xor,inplace,radix4,32,20,1048576,4,998244353,30,0,0,0,dataflow-radix4,"7+7+6","appt-online-radix4+appt-online-radix4+appt-online-radix4","256+256+256","8+8+8","16+16+16","4+4+4","2+2+2","1+1+1","9+6+5","ring+ring","2+2",8,0,2,5,2.808544,1.036493,1.038184,0.001691,2.617120,3859.168057,618.988387,4046631004.708598,fused,shoup,natural,-1
1,appt,appt-online-radix4,9-7-4,"Tesla V100-SXM2-16GB",7.0,0,"v100-sm70","hierarchical-dataflow-appt-online","experimental",0.000000,"persistent CTA fold roles publish online-reordered packet groups without fold-wide barriers",hierarchical-dataflow,0,named-barrier,0,0,0,3,0,0,0,hermes-xor,inplace,radix4,32,20,1048576,4,998244353,30,0,0,0,dataflow-radix4,"7+7+6","appt-online-radix4+appt-online-radix4+appt-online-radix4","256+256+256","8+8+8","16+16+16","4+4+4","2+2+2","1+1+1","9+7+4","ring+ring","2+2",8,0,2,5,2.816064,1.211597,1.213485,0.001888,2.618752,3301.428528,601.828420,3461798720.024873,fused,shoup,natural,-1
1,appt,appt-online-radix4,9-8-3,"Tesla V100-SXM2-16GB",7.0,0,"v100-sm70","hierarchical-dataflow-appt-online","experimental",0.000000,"persistent CTA fold roles publish online-reordered packet groups without fold-wide barriers",hierarchical-dataflow,0,named-barrier,0,0,0,3,0,0,0,hermes-xor,inplace,radix4,32,20,1048576,4,998244353,30,0,0,0,dataflow-radix4,"7+7+6","appt-online-radix4+appt-online-radix4+appt-online-radix4","256+256+256","8+8+8","16+16+16","4+4+4","2+2+2","1+1+1","9+8+3","ring+ring","2+2",8,0,2,5,2.804832,1.379328,1.381003,0.001675,2.615520,2899.962854,588.262978,3040831449.873914,fused,shoup,natural,-1
1,appt,appt-online-radix4,10-3-7,"Tesla V100-SXM2-16GB",7.0,0,"v100-sm70","hierarchical-dataflow-appt-online","experimental",0.000000,"persistent CTA fold roles publish online-reordered packet groups without fold-wide barriers",hierarchical-dataflow,0,named-barrier,0,0,0,3,0,0,0,hermes-xor,inplace,radix4,32,20,1048576,4,998244353,30,0,0,0,dataflow-radix4,"7+7+6","appt-online-radix4+appt-online-radix4+appt-online-radix4","256+256+256","8+8+8","16+16+16","4+4+4","2+2+2","1+1+1","10+3+7","ring+ring","2+2",8,0,2,5,2.805504,1.265459,1.267036,0.001577,2.613984,3160.907964,598.359236,3314452229.429941,fused,shoup,natural,-1
1,appt,appt-online-radix4,10-4-6,"Tesla V100-SXM2-16GB",7.0,0,"v100-sm70","hierarchical-dataflow-appt-online","experimental",0.000000,"persistent CTA fold roles publish online-reordered packet groups without fold-wide barriers",hierarchical-dataflow,0,named-barrier,0,0,0,3,0,0,0,hermes-xor,inplace,radix4,32,20,1048576,4,998244353,30,0,0,0,dataflow-radix4,"7+7+6","appt-online-radix4+appt-online-radix4+appt-online-radix4","256+256+256","8+8+8","16+16+16","4+4+4","2+2+2","1+1+1","10+4+6","ring+ring","2+2",8,0,2,5,2.813216,1.106534,1.108185,0.001651,2.622336,3614.890001,611.425752,3790486897.332478,fused,shoup,natural,-1
1,appt,appt-online-radix4,10-5-5,"Tesla V100-SXM2-16GB",7.0,0,"v100-sm70","hierarchical-dataflow-appt-online","experimental",0.000000,"persistent CTA fold roles publish online-reordered packet groups without fold-wide barriers",hierarchical-dataflow,0,named-barrier,0,0,0,3,0,0,0,hermes-xor,inplace,radix4,32,20,1048576,4,998244353,30,0,0,0,dataflow-radix4,"7+7+6","appt-online-radix4+appt-online-radix4+appt-online-radix4","256+256+256","8+8+8","16+16+16","4+4+4","2+2+2","1+1+1","10+5+5","ring+ring","2+2",8,0,2,5,2.810464,1.041818,1.043536,0.001718,2.612928,3839.443879,618.696128,4025948705.263600,fused,shoup,natural,-1
1,appt,appt-online-radix4,10-6-4,"Tesla V100-SXM2-16GB",7.0,0,"v100-sm70","hierarchical-dataflow-appt-online","experimental",0.000000,"persistent CTA fold roles publish online-reordered packet groups without fold-wide barriers",hierarchical-dataflow,0,named-barrier,0,0,0,3,0,0,0,hermes-xor,inplace,radix4,32,20,1048576,4,998244353,30,0,0,0,dataflow-radix4,"7+7+6","appt-online-radix4+appt-online-radix4+appt-online-radix4","256+256+256","8+8+8","16+16+16","4+4+4","2+2+2","1+1+1","10+6+4","ring+ring","2+2",8,0,2,5,2.804192,1.171661,1.173512,0.001851,2.612864,3413.957406,607.098481,3579793800.688867,fused,shoup,natural,-1
1,appt,appt-online-radix4,10-7-3,"Tesla V100-SXM2-16GB",7.0,0,"v100-sm70","hierarchical-dataflow-appt-online","experimental",0.000000,"persistent CTA fold roles publish online-reordered packet groups without fold-wide barriers",hierarchical-dataflow,0,named-barrier,0,0,0,3,0,0,0,hermes-xor,inplace,radix4,32,20,1048576,4,998244353,30,0,0,0,dataflow-radix4,"7+7+6","appt-online-radix4+appt-online-radix4+appt-online-radix4","256+256+256","8+8+8","16+16+16","4+4+4","2+2+2","1+1+1","10+7+3","ring+ring","2+2",8,0,2,5,2.812704,1.396326,1.397965,0.001639,2.623648,2864.659678,585.421960,3003813386.210726,fused,shoup,natural,-1
1,v06,dataflow-radix4,9-11,"Tesla V100-SXM2-16GB",7.0,0,"v100-sm70","hierarchical-dataflow-wave-10x10-resident-radix4","experimental",0.000000,"transform-wave readiness with the generated resident radix-4 core",hierarchical-dataflow,0,named-barrier,0,0,0,2,0,0,0,hermes-xor,inplace,radix4,64,20,1048576,1,576460756061519873,60,0,0,0,dataflow-radix4,"10+10","dataflow-radix4+dataflow-radix4","256+256","1+1","0+0","0+0","0+0","0+0","9+11","full-scratch","1",8,0,2,5,1.425984,0.229786,0.231521,0.001736,1.360736,4351.882680,331.509408,4563279732.980404,fused,shoup,natural,-1
1,appt,appt-online,3-7-10,"Tesla V100-SXM2-16GB",7.0,0,"v100-sm70","hierarchical-dataflow-appt-online","experimental",0.000000,"persistent CTA fold roles publish online-reordered packet groups without fold-wide barriers",hierarchical-dataflow,0,named-barrier,0,0,0,2,0,0,0,hermes-xor,inplace,radix4,64,20,1048576,1,576460756061519873,60,0,0,0,dataflow-radix4,"7+7+6","appt-online+appt-online+appt-online","256+256+256","8+8+8","16+16+16","4+4+4","2+2+2","1+1+1","3+7+10","ring+ring","2+2",8,0,2,5,1.414208,0.847053,0.848589,0.001536,1.339648,1180.564016,277.707671,1237911093.873862,fused,shoup,natural,-1
1,appt,appt-online,3-8-9,"Tesla V100-SXM2-16GB",7.0,0,"v100-sm70","hierarchical-dataflow-appt-online","experimental",0.000000,"persistent CTA fold roles publish online-reordered packet groups without fold-wide barriers",hierarchical-dataflow,0,named-barrier,0,0,0,2,0,0,0,hermes-xor,inplace,radix4,64,20,1048576,1,576460756061519873,60,0,0,0,dataflow-radix4,"7+7+6","appt-online+appt-online+appt-online","256+256+256","8+8+8","16+16+16","4+4+4","2+2+2","1+1+1","3+8+9","ring+ring","2+2",8,0,2,5,1.428704,0.851149,0.852785,0.001636,1.346304,1174.882722,275.774060,1231953824.658382,fused,shoup,natural,-1
1,appt,appt-online,3-9-8,"Tesla V100-SXM2-16GB",7.0,0,"v100-sm70","hierarchical-dataflow-appt-online","experimental",0.000000,"persistent CTA fold roles publish online-reordered packet groups without fold-wide barriers",hierarchical-dataflow,0,named-barrier,0,0,0,2,0,0,0,hermes-xor,inplace,radix4,64,20,1048576,1,576460756061519873,60,0,0,0,dataflow-radix4,"7+7+6","appt-online+appt-online+appt-online","256+256+256","8+8+8","16+16+16","4+4+4","2+2+2","1+1+1","3+9+8","ring+ring","2+2",8,0,2,5,1.413408,0.855450,0.857146,0.001696,1.339680,1168.975998,277.120574,1225760176.092885,fused,shoup,natural,-1
1,appt,appt-online,3-10-7,"Tesla V100-SXM2-16GB",7.0,0,"v100-sm70","hierarchical-dataflow-appt-online","experimental",0.000000,"persistent CTA fold roles publish online-reordered packet groups without fold-wide barriers",hierarchical-dataflow,0,named-barrier,0,0,0,2,0,0,0,hermes-xor,inplace,radix4,64,20,1048576,1,576460756061519873,60,0,0,0,dataflow-radix4,"7+7+6","appt-online+appt-online+appt-online","256+256+256","8+8+8","16+16+16","4+4+4","2+2+2","1+1+1","3+10+7","ring+ring","2+2",8,0,2,5,1.424096,0.886784,0.888674,0.001890,1.363328,1127.670377,272.167504,1182448093.646318,fused,shoup,natural,-1
1,appt,appt-online,4-6-10,"Tesla V100-SXM2-16GB",7.0,0,"v100-sm70","hierarchical-dataflow-appt-online","experimental",0.000000,"persistent CTA fold roles publish online-reordered packet groups without fold-wide barriers",hierarchical-dataflow,0,named-barrier,0,0,0,2,0,0,0,hermes-xor,inplace,radix4,64,20,1048576,1,576460756061519873,60,0,0,0,dataflow-radix4,"7+7+6","appt-online+appt-online+appt-online","256+256+256","8+8+8","16+16+16","4+4+4","2+2+2","1+1+1","4+6+10","ring+ring","2+2",8,0,2,5,1.412864,0.731136,0.732741,0.001605,1.348576,1367.734660,286.321624,1434173739.312168,fused,shoup,natural,-1
1,appt,appt-online,4-7-9,"Tesla V100-SXM2-16GB",7.0,0,"v100-sm70","hierarchical-dataflow-appt-online","experimental",0.000000,"persistent CTA fold roles publish online-reordered packet groups without fold-wide barriers",hierarchical-dataflow,0,named-barrier,0,0,0,2,0,0,0,hermes-xor,inplace,radix4,64,20,1048576,1,576460756061519873,60,0,0,0,dataflow-radix4,"7+7+6","appt-online+appt-online+appt-online","256+256+256","8+8+8","16+16+16","4+4+4","2+2+2","1+1+1","4+7+9","ring+ring","2+2",8,0,2,5,1.413728,0.726016,0.727601,0.001585,1.339264,1377.380141,287.438257,1444287759.012069,fused,shoup,natural,-1
1,appt,appt-online,4-8-8,"Tesla V100-SXM2-16GB",7.0,0,"v100-sm70","hierarchical-dataflow-appt-online","experimental",0.000000,"persistent CTA fold roles publish online-reordered packet groups without fold-wide barriers",hierarchical-dataflow,0,named-barrier,0,0,0,2,0,0,0,hermes-xor,inplace,radix4,64,20,1048576,1,576460756061519873,60,0,0,0,dataflow-radix4,"7+7+6","appt-online+appt-online+appt-online","256+256+256","8+8+8","16+16+16","4+4+4","2+2+2","1+1+1","4+8+8","ring+ring","2+2",8,0,2,5,1.413408,0.671539,0.673267,0.001728,1.332768,1489.116374,292.593134,1561451691.316549,fused,shoup,natural,-1
1,appt,appt-online,4-9-7,"Tesla V100-SXM2-16GB",7.0,0,"v100-sm70","hierarchical-dataflow-appt-online","experimental",0.000000,"persistent CTA fold roles publish online-reordered packet groups without fold-wide barriers",hierarchical-dataflow,0,named-barrier,0,0,0,2,0,0,0,hermes-xor,inplace,radix4,64,20,1048576,1,576460756061519873,60,0,0,0,dataflow-radix4,"7+7+6","appt-online+appt-online+appt-online","256+256+256","8+8+8","16+16+16","4+4+4","2+2+2","1+1+1","4+9+7","ring+ring","2+2",8,0,2,5,1.427136,0.697549,0.699267,0.001718,1.374560,1433.591443,285.775952,1503229580.464443,fused,shoup,natural,-1
1,appt,appt-online,4-10-6,"Tesla V100-SXM2-16GB",7.0,0,"v100-sm70","hierarchical-dataflow-appt-online","experimental",0.000000,"persistent CTA fold roles publish online-reordered packet groups without fold-wide barriers",hierarchical-dataflow,0,named-barrier,0,0,0,2,0,0,0,hermes-xor,inplace,radix4,64,20,1048576,1,576460756061519873,60,0,0,0,dataflow-radix4,"7+7+6","appt-online+appt-online+appt-online","256+256+256","8+8+8","16+16+16","4+4+4","2+2+2","1+1+1","4+10+6","ring+ring","2+2",8,0,2,5,1.415072,0.717210,0.718681,0.001471,1.346912,1394.292591,287.422927,1462021747.627398,fused,shoup,natural,-1
1,appt,appt-online,5-5-10,"Tesla V100-SXM2-16GB",7.0,0,"v100-sm70","hierarchical-dataflow-appt-online","experimental",0.000000,"persistent CTA fold roles publish online-reordered packet groups without fold-wide barriers",hierarchical-dataflow,0,named-barrier,0,0,0,2,0,0,0,hermes-xor,inplace,radix4,64,20,1048576,1,576460756061519873,60,0,0,0,dataflow-radix4,"7+7+6","appt-online+appt-online+appt-online","256+256+256","8+8+8","16+16+16","4+4+4","2+2+2","1+1+1","5+5+10","ring+ring","2+2",8,0,2,5,1.416480,0.739738,0.741242,0.001504,1.332832,1351.830649,286.611005,1417497174.174171,fused,shoup,natural,-1
1,appt,appt-online,5-6-9,"Tesla V100-SXM2-16GB",7.0,0,"v100-sm70","hierarchical-dataflow-appt-online","experimental",0.000000,"persistent CTA fold roles publish online-reordered packet groups without fold-wide barriers",hierarchical-dataflow,0,named-barrier,0,0,0,2,0,0,0,hermes-xor,inplace,radix4,64,20,1048576,1,576460756061519873,60,0,0,0,dataflow-radix4,"7+7+6","appt-online+appt-online+appt-online","256+256+256","8+8+8","16+16+16","4+4+4","2+2+2","1+1+1","5+6+9","ring+ring","2+2",8,0,2,5,1.413120,0.741171,0.742717,0.001546,1.338208,1349.215869,286.327908,1414755379.416620,fused,shoup,natural,-1
1,appt,appt-online,5-7-8,"Tesla V100-SXM2-16GB",7.0,0,"v100-sm70","hierarchical-dataflow-appt-online","experimental",0.000000,"persistent CTA fold roles publish online-reordered packet groups without fold-wide barriers",hierarchical-dataflow,0,named-barrier,0,0,0,2,0,0,0,hermes-xor,inplace,radix4,64,20,1048576,1,576460756061519873,60,0,0,0,dataflow-radix4,"7+7+6","appt-online+appt-online+appt-online","256+256+256","8+8+8","16+16+16","4+4+4","2+2+2","1+1+1","5+7+8","ring+ring","2+2",8,0,2,5,1.417728,0.764109,0.765733,0.001624,1.333024,1308.714191,284.506292,1372286291.558454,fused,shoup,natural,-1
1,appt,appt-online,5-8-7,"Tesla V100-SXM2-16GB",7.0,0,"v100-sm70","hierarchical-dataflow-appt-online","experimental",0.000000,"persistent CTA fold roles publish online-reordered packet groups without fold-wide barriers",hierarchical-dataflow,0,named-barrier,0,0,0,2,0,0,0,hermes-xor,inplace,radix4,64,20,1048576,1,576460756061519873,60,0,0,0,dataflow-radix4,"7+7+6","appt-online+appt-online+appt-online","256+256+256","8+8+8","16+16+16","4+4+4","2+2+2","1+1+1","5+8+7","ring+ring","2+2",8,0,2,5,1.417248,0.718438,0.720035,0.001597,1.341824,1391.907808,287.562040,1459521121.218949,fused,shoup,natural,-1
1,appt,appt-online,5-9-6,"Tesla V100-SXM2-16GB",7.0,0,"v100-sm70","hierarchical-dataflow-appt-online","experimental",0.000000,"persistent CTA fold roles publish online-reordered packet groups without fold-wide barriers",hierarchical-dataflow,0,named-barrier,0,0,0,2,0,0,0,hermes-xor,inplace,radix4,64,20,1048576,1,576460756061519873,60,0,0,0,dataflow-radix4,"7+7+6","appt-online+appt-online+appt-online","256+256+256","8+8+8","16+16+16","4+4+4","2+2+2","1+1+1","5+9+6","ring+ring","2+2",8,0,2,5,1.426976,0.709427,0.711100,0.001672,1.345376,1409.587830,287.209480,1478059968.037543,fused,shoup,natural,-1
1,appt,appt-online,5-10-5,"Tesla V100-SXM2-16GB",7.0,0,"v100-sm70","hierarchical-dataflow-appt-online","experimental",0.000000,"persistent CTA fold roles publish online-reordered packet groups without fold-wide barriers",hierarchical-dataflow,0,named-barrier,0,0,0,2,0,0,0,hermes-xor,inplace,radix4,64,20,1048576,1,576460756061519873,60,0,0,0,dataflow-radix4,"7+7+6","appt-online+appt-online+appt-online","256+256+256","8+8+8","16+16+16","4+4+4","2+2+2","1+1+1","5+10+5","ring+ring","2+2",8,0,2,5,1.428608,0.816538,0.818334,0.001796,1.345408,1224.683407,278.508595,1284173628.513200,fused,shoup,natural,-1
1,appt,appt-online,6-4-10,"Tesla V100-SXM2-16GB",7.0,0,"v100-sm70","hierarchical-dataflow-appt-online","experimental",0.000000,"persistent CTA fold roles publish online-reordered packet groups without fold-wide barriers",hierarchical-dataflow,0,named-barrier,0,0,0,2,0,0,0,hermes-xor,inplace,radix4,64,20,1048576,1,576460756061519873,60,0,0,0,dataflow-radix4,"7+7+6","appt-online+appt-online+appt-online","256+256+256","8+8+8","16+16+16","4+4+4","2+2+2","1+1+1","6+4+10","ring+ring","2+2",8,0,2,5,1.415424,0.726630,0.728045,0.001415,1.332288,1376.215493,287.824251,1443066536.821801,fused,shoup,natural,-1
1,appt,appt-online,6-5-9,"Tesla V100-SXM2-16GB",7.0,0,"v100-sm70","hierarchical-dataflow-appt-online","experimental",0.000000,"persistent CTA fold roles publish online-reordered packet groups without fold-wide barriers",hierarchical-dataflow,0,named-barrier,0,0,0,2,0,0,0,hermes-xor,inplace,radix4,64,20,1048576,1,576460756061519873,60,0,0,0,dataflow-radix4,"7+7+6","appt-online+appt-online+appt-online","256+256+256","8+8+8","16+16+16","4+4+4","2+2+2","1+1+1","6+5+9","ring+ring","2+2",8,0,2,5,1.429952,0.728064,0.729862,0.001798,1.345248,1373.505625,285.448084,1440225033.961919,fused,shoup,natural,-1
1,appt,appt-online,6-6-8,"Tesla V100-SXM2-16GB",7.0,0,"v100-sm70","hierarchical-dataflow-appt-online","experimental",0.000000,"persistent CTA fold roles publish online-reordered packet groups without fold-wide barriers",hierarchical-dataflow,0,named-barrier,0,0,0,2,0,0,0,hermes-xor,inplace,radix4,64,20,1048576,1,576460756061519873,60,0,0,0,dataflow-radix4,"7+7+6","appt-online+appt-online+appt-online","256+256+256","8+8+8","16+16+16","4+4+4","2+2+2","1+1+1","6+6+8","ring+ring","2+2",8,0,2,5,1.414592,0.748339,0.749994,0.001654,1.331328,1336.292462,286.183689,1401204204.429645,fused,shoup,natural,-1
1,appt,appt-online,6-7-7,"Tesla V100-SXM2-16GB",7.0,0,"v100-sm70","hierarchical-dataflow-appt-online","experimental",0.000000,"persistent CTA fold roles publish online-reordered packet groups without fold-wide barriers",hierarchical-dataflow,0,named-barrier,0,0,0,2,0,0,0,hermes-xor,inplace,radix4,64,20,1048576,1,576460756061519873,60,0,0,0,dataflow-radix4,"7+7+6","appt-online+appt-online+appt-online","256+256+256","8+8+8","16+16+16","4+4+4","2+2+2","1+1+1","6+7+7","ring+ring","2+2",8,0,2,5,1.414304,0.764723,0.766383,0.001660,1.331360,1307.662725,284.868861,1371183749.962081,fused,shoup,natural,-1
1,appt,appt-online,6-8-6,"Tesla V100-SXM2-16GB",7.0,0,"v100-sm70","hierarchical-dataflow-appt-online","experimental",0.000000,"persistent CTA fold roles publish online-reordered packet groups without fold-wide barriers",hierarchical-dataflow,0,named-barrier,0,0,0,2,0,0,0,hermes-xor,inplace,radix4,64,20,1048576,1,576460756061519873,60,0,0,0,dataflow-radix4,"7+7+6","appt-online+appt-online+appt-online","256+256+256","8+8+8","16+16+16","4+4+4","2+2+2","1+1+1","6+8+6","ring+ring","2+2",8,0,2,5,1.413632,0.751411,0.752913,0.001501,1.331104,1330.829246,286.029140,1395475607.231394,fused,shoup,natural,-1
1,appt,appt-online,6-9-5,"Tesla V100-SXM2-16GB",7.0,0,"v100-sm70","hierarchical-dataflow-appt-online","experimental",0.000000,"persistent CTA fold roles publish online-reordered packet groups without fold-wide barriers",hierarchical-dataflow,0,named-barrier,0,0,0,2,0,0,0,hermes-xor,inplace,radix4,64,20,1048576,1,576460756061519873,60,0,0,0,dataflow-radix4,"7+7+6","appt-online+appt-online+appt-online","256+256+256","8+8+8","16+16+16","4+4+4","2+2+2","1+1+1","6+9+5","ring+ring","2+2",8,0,2,5,1.424320,0.842547,0.844825,0.002277,1.345280,1186.877074,276.843640,1244530814.256801,fused,shoup,natural,-1
1,appt,appt-online,6-10-4,"Tesla V100-SXM2-16GB",7.0,0,"v100-sm70","hierarchical-dataflow-appt-online","experimental",0.000000,"persistent CTA fold roles publish online-reordered packet groups without fold-wide barriers",hierarchical-dataflow,0,named-barrier,0,0,0,2,0,0,0,hermes-xor,inplace,radix4,64,20,1048576,1,576460756061519873,60,0,0,0,dataflow-radix4,"7+7+6","appt-online+appt-online+appt-online","256+256+256","8+8+8","16+16+16","4+4+4","2+2+2","1+1+1","6+10+4","ring+ring","2+2",8,0,2,5,1.413536,0.842752,0.844322,0.001570,1.331552,1186.588728,278.719232,1244228462.345654,fused,shoup,natural,-1
1,appt,appt-online,7-3-10,"Tesla V100-SXM2-16GB",7.0,0,"v100-sm70","hierarchical-dataflow-appt-online","experimental",0.000000,"persistent CTA fold roles publish online-reordered packet groups without fold-wide barriers",hierarchical-dataflow,0,named-barrier,0,0,0,2,0,0,0,hermes-xor,inplace,radix4,64,20,1048576,1,576460756061519873,60,0,0,0,dataflow-radix4,"7+7+6","appt-online+appt-online+appt-online","256+256+256","8+8+8","16+16+16","4+4+4","2+2+2","1+1+1","7+3+10","ring+ring","2+2",8,0,2,5,1.432608,0.877773,0.879539,0.001766,1.348608,1139.246956,273.299550,1194587016.542058,fused,shoup,natural,-1
1,appt,appt-online,7-4-9,"Tesla V100-SXM2-16GB",7.0,0,"v100-sm70","hierarchical-dataflow-appt-online","experimental",0.000000,"persistent CTA fold roles publish online-reordered packet groups without fold-wide barriers",hierarchical-dataflow,0,named-barrier,0,0,0,2,0,0,0,hermes-xor,inplace,radix4,64,20,1048576,1,576460756061519873,60,0,0,0,dataflow-radix4,"7+7+6","appt-online+appt-online+appt-online","256+256+256","8+8+8","16+16+16","4+4+4","2+2+2","1+1+1","7+4+9","ring+ring","2+2",8,0,2,5,1.423264,0.706150,0.707747,0.001597,1.341312,1416.128890,288.124115,1484918767.092887,fused,shoup,natural,-1
1,appt,appt-online,7-5-8,"Tesla V100-SXM2-16GB",7.0,0,"v100-sm70","hierarchical-dataflow-appt-online","experimental",0.000000,"persistent CTA fold roles publish online-reordered packet groups without fold-wide barriers",hierarchical-dataflow,0,named-barrier,0,0,0,2,0,0,0,hermes-xor,inplace,radix4,64,20,1048576,1,576460756061519873,60,0,0,0,dataflow-radix4,"7+7+6","appt-online+appt-online+appt-online","256+256+256","8+8+8","16+16+16","4+4+4","2+2+2","1+1+1","7+5+8","ring+ring","2+2",8,0,2,5,1.413888,0.711270,0.712705,0.001435,1.332160,1405.935086,289.241514,1474229789.234465,fused,shoup,natural,-1
1,appt,appt-online,7-6-7,"Tesla V100-SXM2-16GB",7.0,0,"v100-sm70","hierarchical-dataflow-appt-online","experimental",0.000000,"persistent CTA fold roles publish online-reordered packet groups without fold-wide barriers",hierarchical-dataflow,0,named-barrier,0,0,0,2,0,0,0,hermes-xor,inplace,radix4,64,20,1048576,1,576460756061519873,60,0,0,0,dataflow-radix4,"7+7+6","appt-online+appt-online+appt-online","256+256+256","8+8+8","16+16+16","4+4+4","2+2+2","1+1+1","7+6+7","ring+ring","2+2",8,0,2,5,1.412640,0.750182,0.751634,0.001452,1.332256,1333.009163,286.116621,1397761415.996794,fused,shoup,natural,-1
1,appt,appt-online,7-7-6,"Tesla V100-SXM2-16GB",7.0,0,"v100-sm70","hierarchical-dataflow-appt-online","experimental",0.000000,"persistent CTA fold roles publish online-reordered packet groups without fold-wide barriers",hierarchical-dataflow,0,named-barrier,0,0,0,2,0,0,0,hermes-xor,inplace,radix4,64,20,1048576,1,576460756061519873,60,0,0,0,dataflow-radix4,"7+7+6","appt-online+appt-online+appt-online","256+256+256","8+8+8","16+16+16","4+4+4","2+2+2","1+1+1","7+7+6","ring+ring","2+2",8,0,2,5,1.415360,0.791347,0.792935,0.001588,1.334336,1263.667822,282.402653,1325051750.392476,fused,shoup,natural,-1
1,appt,appt-online,7-8-5,"Tesla V100-SXM2-16GB",7.0,0,"v100-sm70","hierarchical-dataflow-appt-online","experimental",0.000000,"persistent CTA fold roles publish online-reordered packet groups without fold-wide barriers",hierarchical-dataflow,0,named-barrier,0,0,0,2,0,0,0,hermes-xor,inplace,radix4,64,20,1048576,1,576460756061519873,60,0,0,0,dataflow-radix4,"7+7+6","appt-online+appt-online+appt-online","256+256+256","8+8+8","16+16+16","4+4+4","2+2+2","1+1+1","7+8+5","ring+ring","2+2",8,0,2,5,1.414464,0.855040,0.856586,0.001546,1.353152,1169.535991,276.040563,1226347371.099023,fused,shoup,natural,-1
1,appt,appt-online,7-9-4,"Tesla V100-SXM2-16GB",7.0,0,"v100-sm70","hierarchical-dataflow-appt-online","experimental",0.000000,"persistent CTA fold roles publish online-reordered packet groups without fold-wide barriers",hierarchical-dataflow,0,named-barrier,0,0,0,2,0,0,0,hermes-xor,inplace,radix4,64,20,1048576,1,576460756061519873,60,0,0,0,dataflow-radix4,"7+7+6","appt-online+appt-online+appt-online","256+256+256","8+8+8","16+16+16","4+4+4","2+2+2","1+1+1","7+9+4","ring+ring","2+2",8,0,2,5,1.413248,0.854221,0.855815,0.001594,1.338112,1170.657588,277.347836,1227523450.488946,fused,shoup,natural,-1
1,appt,appt-online,7-10-3,"Tesla V100-SXM2-16GB",7.0,0,"v100-sm70","hierarchical-dataflow-appt-online","experimental",0.000000,"persistent CTA fold roles publish online-reordered packet groups without fold-wide barriers",hierarchical-dataflow,0,named-barrier,0,0,0,2,0,0,0,hermes-xor,inplace,radix4,64,20,1048576,1,576460756061519873,60,0,0,0,dataflow-radix4,"7+7+6","appt-online+appt-online+appt-online","256+256+256","8+8+8","16+16+16","4+4+4","2+2+2","1+1+1","7+10+3","ring+ring","2+2",8,0,2,5,1.431136,1.034445,1.036270,0.001825,1.363008,966.702130,261.192842,1013660652.475260,fused,shoup,natural,-1
1,appt,appt-online,8-3-9,"Tesla V100-SXM2-16GB",7.0,0,"v100-sm70","hierarchical-dataflow-appt-online","experimental",0.000000,"persistent CTA fold roles publish online-reordered packet groups without fold-wide barriers",hierarchical-dataflow,0,named-barrier,0,0,0,2,0,0,0,hermes-xor,inplace,radix4,64,20,1048576,1,576460756061519873,60,0,0,0,dataflow-radix4,"7+7+6","appt-online+appt-online+appt-online","256+256+256","8+8+8","16+16+16","4+4+4","2+2+2","1+1+1","8+3+9","ring+ring","2+2",8,0,2,5,1.414656,0.862618,0.864253,0.001635,1.333344,1159.262211,276.960925,1215574532.159801,fused,shoup,natural,-1
1,appt,appt-online,8-4-8,"Tesla V100-SXM2-16GB",7.0,0,"v100-sm70","hierarchical-dataflow-appt-online","experimental",0.000000,"persistent CTA fold roles publish online-reordered packet groups without fold-wide barriers",hierarchical-dataflow,0,named-barrier,0,0,0,2,0,0,0,hermes-xor,inplace,radix4,64,20,1048576,1,576460756061519873,60,0,0,0,dataflow-radix4,"7+7+6","appt-online+appt-online+appt-online","256+256+256","8+8+8","16+16+16","4+4+4","2+2+2","1+1+1","8+4+8","ring+ring","2+2",8,0,2,5,1.424032,0.701645,0.703196,0.001551,1.343040,1425.222607,288.291053,1494454220.286271,fused,shoup,natural,-1
1,appt,appt-online,8-5-7,"Tesla V100-SXM2-16GB",7.0,0,"v100-sm70","hierarchical-dataflow-appt-online","experimental",0.000000,"persistent CTA fold roles publish online-reordered packet groups without fold-wide barriers",hierarchical-dataflow,0,named-barrier,0,0,0,2,0,0,0,hermes-xor,inplace,radix4,64,20,1048576,1,576460756061519873,60,0,0,0,dataflow-radix4,"7+7+6","appt-online+appt-online+appt-online","256+256+256","8+8+8","16+16+16","4+4+4","2+2+2","1+1+1","8+5+7","ring+ring","2+2",8,0,2,5,1.412992,0.743834,0.745380,0.001547,1.341536,1344.386699,285.848091,1409691627.161021,fused,shoup,natural,-1
1,appt,appt-online,8-6-6,"Tesla V100-SXM2-16GB",7.0,0,"v100-sm70","hierarchical-dataflow-appt-online","experimental",0.000000,"persistent CTA fold roles publish online-reordered packet groups without fold-wide barriers",hierarchical-dataflow,0,named-barrier,0,0,0,2,0,0,0,hermes-xor,inplace,radix4,64,20,1048576,1,576460756061519873,60,0,0,0,dataflow-radix4,"7+7+6","appt-online+appt-online+appt-online","256+256+256","8+8+8","16+16+16","4+4+4","2+2+2","1+1+1","8+6+6","ring+ring","2+2",8,0,2,5,1.412672,0.738918,0.740554,0.001635,1.341664,1353.329364,286.266008,1419068690.717766,fused,shoup,natural,-1
1,appt,appt-online,8-7-5,"Tesla V100-SXM2-16GB",7.0,0,"v100-sm70","hierarchical-dataflow-appt-online","experimental",0.000000,"persistent CTA fold roles publish online-reordered packet groups without fold-wide barriers",hierarchical-dataflow,0,named-barrier,0,0,0,2,0,0,0,hermes-xor,inplace,radix4,64,20,1048576,1,576460756061519873,60,0,0,0,dataflow-radix4,"7+7+6","appt-online+appt-online+appt-online","256+256+256","8+8+8","16+16+16","4+4+4","2+2+2","1+1+1","8+7+5","ring+ring","2+2",8,0,2,5,1.431744,0.782541,0.784257,0.001716,1.345248,1277.888645,280.935748,1339963363.480870,fused,shoup,natural,-1
1,appt,appt-online,8-8-4,"Tesla V100-SXM2-16GB",7.0,0,"v100-sm70","hierarchical-dataflow-appt-online","experimental",0.000000,"persistent CTA fold roles publish online-reordered packet groups without fold-wide barriers",hierarchical-dataflow,0,named-barrier,0,0,0,2,0,0,0,hermes-xor,inplace,radix4,64,20,1048576,1,576460756061519873,60,0,0,0,dataflow-radix4,"7+7+6","appt-online+appt-online+appt-online","256+256+256","8+8+8","16+16+16","4+4+4","2+2+2","1+1+1","8+8+4","ring+ring","2+2",8,0,2,5,1.427776,0.673382,0.674959,0.001576,1.350432,1485.040295,289.721513,1557177612.180838,fused,shoup,natural,-1
1,appt,appt-online,8-9-3,"Tesla V100-SXM2-16GB",7.0,0,"v100-sm70","hierarchical-dataflow-appt-online","experimental",0.000000,"persistent CTA fold roles publish online-reordered packet groups without fold-wide barriers",hierarchical-dataflow,0,named-barrier,0,0,0,2,0,0,0,hermes-xor,inplace,radix4,64,20,1048576,1,576460756061519873,60,0,0,0,dataflow-radix4,"7+7+6","appt-online+appt-online+appt-online","256+256+256","8+8+8","16+16+16","4+4+4","2+2+2","1+1+1","8+9+3","ring+ring","2+2",8,0,2,5,1.420608,0.847462,0.849025,0.001563,1.332480,1179.993415,277.735319,1237312775.563528,fused,shoup,natural,-1
1,appt,appt-online,9-3-8,"Tesla V100-SXM2-16GB",7.0,0,"v100-sm70","hierarchical-dataflow-appt-online","experimental",0.000000,"persistent CTA fold roles publish online-reordered packet groups without fold-wide barriers",hierarchical-dataflow,0,named-barrier,0,0,0,2,0,0,0,hermes-xor,inplace,radix4,64,20,1048576,1,576460756061519873,60,0,0,0,dataflow-radix4,"7+7+6","appt-online+appt-online+appt-online","256+256+256","8+8+8","16+16+16","4+4+4","2+2+2","1+1+1","9+3+8","ring+ring","2+2",8,0,2,5,1.427456,0.861594,0.863067,0.001474,1.383680,1160.639999,272.277054,1217019247.850765,fused,shoup,natural,-1
1,appt,appt-online,9-4-7,"Tesla V100-SXM2-16GB",7.0,0,"v100-sm70","hierarchical-dataflow-appt-online","experimental",0.000000,"persistent CTA fold roles publish online-reordered packet groups without fold-wide barriers",hierarchical-dataflow,0,named-barrier,0,0,0,2,0,0,0,hermes-xor,inplace,radix4,64,20,1048576,1,576460756061519873,60,0,0,0,dataflow-radix4,"7+7+6","appt-online+appt-online+appt-online","256+256+256","8+8+8","16+16+16","4+4+4","2+2+2","1+1+1","9+4+7","ring+ring","2+2",8,0,2,5,1.412832,0.738304,0.739859,0.001555,1.337760,1354.455582,286.623619,1420249616.759156,fused,shoup,natural,-1
1,appt,appt-online,9-5-6,"Tesla V100-SXM2-16GB",7.0,0,"v100-sm70","hierarchical-dataflow-appt-online","experimental",0.000000,"persistent CTA fold roles publish online-reordered packet groups without fold-wide barriers",hierarchical-dataflow,0,named-barrier,0,0,0,2,0,0,0,hermes-xor,inplace,radix4,64,20,1048576,1,576460756061519873,60,0,0,0,dataflow-radix4,"7+7+6","appt-online+appt-online+appt-online","256+256+256","8+8+8","16+16+16","4+4+4","2+2+2","1+1+1","9+5+6","ring+ring","2+2",8,0,2,5,1.427680,0.743424,0.744981,0.001557,1.347040,1345.127413,284.240776,1410468322.678579,fused,shoup,natural,-1
1,appt,appt-online,9-6-5,"Tesla V100-SXM2-16GB",7.0,0,"v100-sm70","hierarchical-dataflow-appt-online","experimental",0.000000,"persistent CTA fold roles publish online-reordered packet groups without fold-wide barriers",hierarchical-dataflow,0,named-barrier,0,0,0,2,0,0,0,hermes-xor,inplace,radix4,64,20,1048576,1,576460756061519873,60,0,0,0,dataflow-radix4,"7+7+6","appt-online+appt-online+appt-online","256+256+256","8+8+8","16+16+16","4+4+4","2+2+2","1+1+1","9+6+5","ring+ring","2+2",8,0,2,5,1.436672,0.826163,0.827895,0.001732,1.344672,1210.414641,277.199731,1269211742.452014,fused,shoup,natural,-1
1,appt,appt-online,9-7-4,"Tesla V100-SXM2-16GB",7.0,0,"v100-sm70","hierarchical-dataflow-appt-online","experimental",0.000000,"persistent CTA fold roles publish online-reordered packet groups without fold-wide barriers",hierarchical-dataflow,0,named-barrier,0,0,0,2,0,0,0,hermes-xor,inplace,radix4,64,20,1048576,1,576460756061519873,60,0,0,0,dataflow-radix4,"7+7+6","appt-online+appt-online+appt-online","256+256+256","8+8+8","16+16+16","4+4+4","2+2+2","1+1+1","9+7+4","ring+ring","2+2",8,0,2,5,1.426176,0.831283,0.832976,0.001693,1.343168,1202.959456,277.729392,1261394414.360241,fused,shoup,natural,-1
1,appt,appt-online,9-8-3,"Tesla V100-SXM2-16GB",7.0,0,"v100-sm70","hierarchical-dataflow-appt-online","experimental",0.000000,"persistent CTA fold roles publish online-reordered packet groups without fold-wide barriers",hierarchical-dataflow,0,named-barrier,0,0,0,2,0,0,0,hermes-xor,inplace,radix4,64,20,1048576,1,576460756061519873,60,0,0,0,dataflow-radix4,"7+7+6","appt-online+appt-online+appt-online","256+256+256","8+8+8","16+16+16","4+4+4","2+2+2","1+1+1","9+8+3","ring+ring","2+2",8,0,2,5,1.425696,0.853606,0.855332,0.001726,1.365184,1171.500116,274.387088,1228406905.652965,fused,shoup,natural,-1
1,appt,appt-online,10-3-7,"Tesla V100-SXM2-16GB",7.0,0,"v100-sm70","hierarchical-dataflow-appt-online","experimental",0.000000,"persistent CTA fold roles publish online-reordered packet groups without fold-wide barriers",hierarchical-dataflow,0,named-barrier,0,0,0,2,0,0,0,hermes-xor,inplace,radix4,64,20,1048576,1,576460756061519873,60,0,0,0,dataflow-radix4,"7+7+6","appt-online+appt-online+appt-online","256+256+256","8+8+8","16+16+16","4+4+4","2+2+2","1+1+1","10+3+7","ring+ring","2+2",8,0,2,5,1.426336,0.894771,0.896303,0.001531,1.368704,1117.604120,271.016574,1171892857.698726,fused,shoup,natural,-1
1,appt,appt-online,10-4-6,"Tesla V100-SXM2-16GB",7.0,0,"v100-sm70","hierarchical-dataflow-appt-online","experimental",0.000000,"persistent CTA fold roles publish online-reordered packet groups without fold-wide barriers",hierarchical-dataflow,0,named-barrier,0,0,0,2,0,0,0,hermes-xor,inplace,radix4,64,20,1048576,1,576460756061519873,60,0,0,0,dataflow-radix4,"7+7+6","appt-online+appt-online+appt-online","256+256+256","8+8+8","16+16+16","4+4+4","2+2+2","1+1+1","10+4+6","ring+ring","2+2",8,0,2,5,1.429408,0.731546,0.733280,0.001735,1.350112,1366.968846,284.813828,1433370724.349396,fused,shoup,natural,-1
1,appt,appt-online,10-5-5,"Tesla V100-SXM2-16GB",7.0,0,"v100-sm70","hierarchical-dataflow-appt-online","experimental",0.000000,"persistent CTA fold roles publish online-reordered packet groups without fold-wide barriers",hierarchical-dataflow,0,named-barrier,0,0,0,2,0,0,0,hermes-xor,inplace,radix4,64,20,1048576,1,576460756061519873,60,0,0,0,dataflow-radix4,"7+7+6","appt-online+appt-online+appt-online","256+256+256","8+8+8","16+16+16","4+4+4","2+2+2","1+1+1","10+5+5","ring+ring","2+2",8,0,2,5,1.426176,0.825139,0.826917,0.001778,1.346048,1211.916693,277.981386,1270786757.953728,fused,shoup,natural,-1
1,appt,appt-online,10-6-4,"Tesla V100-SXM2-16GB",7.0,0,"v100-sm70","hierarchical-dataflow-appt-online","experimental",0.000000,"persistent CTA fold roles publish online-reordered packet groups without fold-wide barriers",hierarchical-dataflow,0,named-barrier,0,0,0,2,0,0,0,hermes-xor,inplace,radix4,64,20,1048576,1,576460756061519873,60,0,0,0,dataflow-radix4,"7+7+6","appt-online+appt-online+appt-online","256+256+256","8+8+8","16+16+16","4+4+4","2+2+2","1+1+1","10+6+4","ring+ring","2+2",8,0,2,5,1.425600,0.833946,0.835613,0.001667,1.350592,1199.119023,276.997749,1257367428.682641,fused,shoup,natural,-1
1,appt,appt-online,10-7-3,"Tesla V100-SXM2-16GB",7.0,0,"v100-sm70","hierarchical-dataflow-appt-online","experimental",0.000000,"persistent CTA fold roles publish online-reordered packet groups without fold-wide barriers",hierarchical-dataflow,0,named-barrier,0,0,0,2,0,0,0,hermes-xor,inplace,radix4,64,20,1048576,1,576460756061519873,60,0,0,0,dataflow-radix4,"7+7+6","appt-online+appt-online+appt-online","256+256+256","8+8+8","16+16+16","4+4+4","2+2+2","1+1+1","10+7+3","ring+ring","2+2",8,0,2,5,1.413024,1.017037,1.018592,0.001555,1.345952,983.248595,264.829612,1031010878.386895,fused,shoup,natural,-1
1,appt,appt-online-radix4,3-7-10,"Tesla V100-SXM2-16GB",7.0,0,"v100-sm70","hierarchical-dataflow-appt-online","experimental",0.000000,"persistent CTA fold roles publish online-reordered packet groups without fold-wide barriers",hierarchical-dataflow,0,named-barrier,0,0,0,2,0,0,0,hermes-xor,inplace,radix4,64,20,1048576,1,576460756061519873,60,0,0,0,dataflow-radix4,"7+7+6","appt-online-radix4+appt-online-radix4+appt-online-radix4","256+256+256","8+8+8","16+16+16","4+4+4","2+2+2","1+1+1","3+7+10","ring+ring","2+2",8,0,2,5,1.425472,0.512410,0.514146,0.001736,1.346400,1951.563872,304.480589,2046363038.134861,fused,shoup,natural,-1
1,appt,appt-online-radix4,3-8-9,"Tesla V100-SXM2-16GB",7.0,0,"v100-sm70","hierarchical-dataflow-appt-online","experimental",0.000000,"persistent CTA fold roles publish online-reordered packet groups without fold-wide barriers",hierarchical-dataflow,0,named-barrier,0,0,0,2,0,0,0,hermes-xor,inplace,radix4,64,20,1048576,1,576460756061519873,60,0,0,0,dataflow-radix4,"7+7+6","appt-online-radix4+appt-online-radix4+appt-online-radix4","256+256+256","8+8+8","16+16+16","4+4+4","2+2+2","1+1+1","3+8+9","ring+ring","2+2",8,0,2,5,1.414944,0.509338,0.511107,0.001770,1.334592,1963.334323,306.854487,2058705251.037329,fused,shoup,natural,-1
1,appt,appt-online-radix4,3-9-8,"Tesla V100-SXM2-16GB",7.0,0,"v100-sm70","hierarchical-dataflow-appt-online","experimental",0.000000,"persistent CTA fold roles publish online-reordered packet groups without fold-wide barriers",hierarchical-dataflow,0,named-barrier,0,0,0,2,0,0,0,hermes-xor,inplace,radix4,64,20,1048576,1,576460756061519873,60,0,0,0,dataflow-radix4,"7+7+6","appt-online-radix4+appt-online-radix4+appt-online-radix4","256+256+256","8+8+8","16+16+16","4+4+4","2+2+2","1+1+1","3+9+8","ring+ring","2+2",8,0,2,5,1.425216,0.525107,0.526683,0.001576,1.344000,1904.373032,303.552492,1996879856.507674,fused,shoup,natural,-1
1,appt,appt-online-radix4,3-10-7,"Tesla V100-SXM2-16GB",7.0,0,"v100-sm70","hierarchical-dataflow-appt-online","experimental",0.000000,"persistent CTA fold roles publish online-reordered packet groups without fold-wide barriers",hierarchical-dataflow,0,named-barrier,0,0,0,2,0,0,0,hermes-xor,inplace,radix4,64,20,1048576,1,576460756061519873,60,0,0,0,dataflow-radix4,"7+7+6","appt-online-radix4+appt-online-radix4+appt-online-radix4","256+256+256","8+8+8","16+16+16","4+4+4","2+2+2","1+1+1","3+10+7","ring+ring","2+2",8,0,2,5,1.474144,0.545382,0.547000,0.001617,1.362144,1833.575920,295.711851,1922643703.792722,fused,shoup,natural,-1
1,appt,appt-online-radix4,4-6-10,"Tesla V100-SXM2-16GB",7.0,0,"v100-sm70","hierarchical-dataflow-appt-online","experimental",0.000000,"persistent CTA fold roles publish online-reordered packet groups without fold-wide barriers",hierarchical-dataflow,0,named-barrier,0,0,0,2,0,0,0,hermes-xor,inplace,radix4,64,20,1048576,1,576460756061519873,60,0,0,0,dataflow-radix4,"7+7+6","appt-online-radix4+appt-online-radix4+appt-online-radix4","256+256+256","8+8+8","16+16+16","4+4+4","2+2+2","1+1+1","4+6+10","ring+ring","2+2",8,0,2,5,1.413120,0.483123,0.484694,0.001571,1.336800,2069.865353,309.306103,2170411132.543763,fused,shoup,natural,-1
1,appt,appt-online-radix4,4-7-9,"Tesla V100-SXM2-16GB",7.0,0,"v100-sm70","hierarchical-dataflow-appt-online","experimental",0.000000,"persistent CTA fold roles publish online-reordered packet groups without fold-wide barriers",hierarchical-dataflow,0,named-barrier,0,0,0,2,0,0,0,hermes-xor,inplace,radix4,64,20,1048576,1,576460756061519873,60,0,0,0,dataflow-radix4,"7+7+6","appt-online-radix4+appt-online-radix4+appt-online-radix4","256+256+256","8+8+8","16+16+16","4+4+4","2+2+2","1+1+1","4+7+9","ring+ring","2+2",8,0,2,5,1.425728,0.475955,0.477552,0.001597,1.344512,2101.038133,308.052954,2203098160.988018,fused,shoup,natural,-1
1,appt,appt-online-radix4,4-8-8,"Tesla V100-SXM2-16GB",7.0,0,"v100-sm70","hierarchical-dataflow-appt-online","experimental",0.000000,"persistent CTA fold roles publish online-reordered packet groups without fold-wide barriers",hierarchical-dataflow,0,named-barrier,0,0,0,2,0,0,0,hermes-xor,inplace,radix4,64,20,1048576,1,576460756061519873,60,0,0,0,dataflow-radix4,"7+7+6","appt-online-radix4+appt-online-radix4+appt-online-radix4","256+256+256","8+8+8","16+16+16","4+4+4","2+2+2","1+1+1","4+8+8","ring+ring","2+2",8,0,2,5,1.414304,0.442368,0.443783,0.001415,1.332384,2260.561491,313.572420,2370370526.066052,fused,shoup,natural,-1
1,appt,appt-online-radix4,4-9-7,"Tesla V100-SXM2-16GB",7.0,0,"v100-sm70","hierarchical-dataflow-appt-online","experimental",0.000000,"persistent CTA fold roles publish online-reordered packet groups without fold-wide barriers",hierarchical-dataflow,0,named-barrier,0,0,0,2,0,0,0,hermes-xor,inplace,radix4,64,20,1048576,1,576460756061519873,60,0,0,0,dataflow-radix4,"7+7+6","appt-online-radix4+appt-online-radix4+appt-online-radix4","256+256+256","8+8+8","16+16+16","4+4+4","2+2+2","1+1+1","4+9+7","ring+ring","2+2",8,0,2,5,1.430880,0.467149,0.468751,0.001602,1.357760,2140.645638,307.145241,2244629640.589498,fused,shoup,natural,-1
1,appt,appt-online-radix4,4-10-6,"Tesla V100-SXM2-16GB",7.0,0,"v100-sm70","hierarchical-dataflow-appt-online","experimental",0.000000,"persistent CTA fold roles publish online-reordered packet groups without fold-wide barriers",hierarchical-dataflow,0,named-barrier,0,0,0,2,0,0,0,hermes-xor,inplace,radix4,64,20,1048576,1,576460756061519873,60,0,0,0,dataflow-radix4,"7+7+6","appt-online-radix4+appt-online-radix4+appt-online-radix4","256+256+256","8+8+8","16+16+16","4+4+4","2+2+2","1+1+1","4+10+6","ring+ring","2+2",8,0,2,5,1.426272,0.473907,0.475582,0.001674,1.346816,2110.117883,307.977054,2212618969.386768,fused,shoup,natural,-1
1,appt,appt-online-radix4,5-5-10,"Tesla V100-SXM2-16GB",7.0,0,"v100-sm70","hierarchical-dataflow-appt-online","experimental",0.000000,"persistent CTA fold roles publish online-reordered packet groups without fold-wide barriers",hierarchical-dataflow,0,named-barrier,0,0,0,2,0,0,0,hermes-xor,inplace,radix4,64,20,1048576,1,576460756061519873,60,0,0,0,dataflow-radix4,"7+7+6","appt-online-radix4+appt-online-radix4+appt-online-radix4","256+256+256","8+8+8","16+16+16","4+4+4","2+2+2","1+1+1","5+5+10","ring+ring","2+2",8,0,2,5,1.431072,0.482304,0.484115,0.001811,1.346560,2073.381075,306.754488,2174097633.823520,fused,shoup,natural,-1
1,appt,appt-online-radix4,5-6-9,"Tesla V100-SXM2-16GB",7.0,0,"v100-sm70","hierarchical-dataflow-appt-online","experimental",0.000000,"persistent CTA fold roles publish online-reordered packet groups without fold-wide barriers",hierarchical-dataflow,0,named-barrier,0,0,0,2,0,0,0,hermes-xor,inplace,radix4,64,20,1048576,1,576460756061519873,60,0,0,0,dataflow-radix4,"7+7+6","appt-online-radix4+appt-online-radix4+appt-online-radix4","256+256+256","8+8+8","16+16+16","4+4+4","2+2+2","1+1+1","5+6+9","ring+ring","2+2",8,0,2,5,1.414080,0.488243,0.490030,0.001787,1.333632,2048.159637,309.027763,2147651039.990849,fused,shoup,natural,-1
1,appt,appt-online-radix4,5-7-8,"Tesla V100-SXM2-16GB",7.0,0,"v100-sm70","hierarchical-dataflow-appt-online","experimental",0.000000,"persistent CTA fold roles publish online-reordered packet groups without fold-wide barriers",hierarchical-dataflow,0,named-barrier,0,0,0,2,0,0,0,hermes-xor,inplace,radix4,64,20,1048576,1,576460756061519873,60,0,0,0,dataflow-radix4,"7+7+6","appt-online-radix4+appt-online-radix4+appt-online-radix4","256+256+256","8+8+8","16+16+16","4+4+4","2+2+2","1+1+1","5+7+8","ring+ring","2+2",8,0,2,5,1.424256,0.495821,0.497524,0.001703,1.355040,2016.857621,305.332627,2114828496.509644,fused,shoup,natural,-1
1,appt,appt-online-radix4,5-8-7,"Tesla V100-SXM2-16GB",7.0,0,"v100-sm70","hierarchical-dataflow-appt-online","experimental",0.000000,"persistent CTA fold roles publish online-reordered packet groups without fold-wide barriers",hierarchical-dataflow,0,named-barrier,0,0,0,2,0,0,0,hermes-xor,inplace,radix4,64,20,1048576,1,576460756061519873,60,0,0,0,dataflow-radix4,"7+7+6","appt-online-radix4+appt-online-radix4+appt-online-radix4","256+256+256","8+8+8","16+16+16","4+4+4","2+2+2","1+1+1","5+8+7","ring+ring","2+2",8,0,2,5,1.413568,0.471654,0.473425,0.001771,1.334496,2120.196415,310.586163,2223187075.879737,fused,shoup,natural,-1
1,appt,appt-online-radix4,5-9-6,"Tesla V100-SXM2-16GB",7.0,0,"v100-sm70","hierarchical-dataflow-appt-online","experimental",0.000000,"persistent CTA fold roles publish online-reordered packet groups without fold-wide barriers",hierarchical-dataflow,0,named-barrier,0,0,0,2,0,0,0,hermes-xor,inplace,radix4,64,20,1048576,1,576460756061519873,60,0,0,0,dataflow-radix4,"7+7+6","appt-online-radix4+appt-online-radix4+appt-online-radix4","256+256+256","8+8+8","16+16+16","4+4+4","2+2+2","1+1+1","5+9+6","ring+ring","2+2",8,0,2,5,1.426048,0.470016,0.471602,0.001586,1.369312,2127.587134,306.243438,2230936806.569983,fused,shoup,natural,-1
1,appt,appt-online-radix4,5-10-5,"Tesla V100-SXM2-16GB",7.0,0,"v100-sm70","hierarchical-dataflow-appt-online","experimental",0.000000,"persistent CTA fold roles publish online-reordered packet groups without fold-wide barriers",hierarchical-dataflow,0,named-barrier,0,0,0,2,0,0,0,hermes-xor,inplace,radix4,64,20,1048576,1,576460756061519873,60,0,0,0,dataflow-radix4,"7+7+6","appt-online-radix4+appt-online-radix4+appt-online-radix4","256+256+256","8+8+8","16+16+16","4+4+4","2+2+2","1+1+1","5+10+5","ring+ring","2+2",8,0,2,5,1.415360,0.545382,0.546991,0.001608,1.349632,1833.575920,302.080637,1922643703.792722,fused,shoup,natural,-1
1,appt,appt-online-radix4,6-4-10,"Tesla V100-SXM2-16GB",7.0,0,"v100-sm70","hierarchical-dataflow-appt-online","experimental",0.000000,"persistent CTA fold roles publish online-reordered packet groups without fold-wide barriers",hierarchical-dataflow,0,named-barrier,0,0,0,2,0,0,0,hermes-xor,inplace,radix4,64,20,1048576,1,576460756061519873,60,0,0,0,dataflow-radix4,"7+7+6","appt-online-radix4+appt-online-radix4+appt-online-radix4","256+256+256","8+8+8","16+16+16","4+4+4","2+2+2","1+1+1","6+4+10","ring+ring","2+2",8,0,2,5,1.423648,0.481894,0.483664,0.001769,1.348512,2075.143418,307.308932,2175945584.670779,fused,shoup,natural,-1
1,appt,appt-online-radix4,6-5-9,"Tesla V100-SXM2-16GB",7.0,0,"v100-sm70","hierarchical-dataflow-appt-online","experimental",0.000000,"persistent CTA fold roles publish online-reordered packet groups without fold-wide barriers",hierarchical-dataflow,0,named-barrier,0,0,0,2,0,0,0,hermes-xor,inplace,radix4,64,20,1048576,1,576460756061519873,60,0,0,0,dataflow-radix4,"7+7+6","appt-online-radix4+appt-online-radix4+appt-online-radix4","256+256+256","8+8+8","16+16+16","4+4+4","2+2+2","1+1+1","6+5+9","ring+ring","2+2",8,0,2,5,1.413984,0.485581,0.487285,0.001704,1.364960,2059.389616,306.323309,2159426526.162547,fused,shoup,natural,-1
1,appt,appt-online-radix4,6-6-8,"Tesla V100-SXM2-16GB",7.0,0,"v100-sm70","hierarchical-dataflow-appt-online","experimental",0.000000,"persistent CTA fold roles publish online-reordered packet groups without fold-wide barriers",hierarchical-dataflow,0,named-barrier,0,0,0,2,0,0,0,hermes-xor,inplace,radix4,64,20,1048576,1,576460756061519873,60,0,0,0,dataflow-radix4,"7+7+6","appt-online-radix4+appt-online-radix4+appt-online-radix4","256+256+256","8+8+8","16+16+16","4+4+4","2+2+2","1+1+1","6+6+8","ring+ring","2+2",8,0,2,5,1.413216,0.489472,0.490840,0.001368,1.346368,2043.017775,307.781711,2142259406.387316,fused,shoup,natural,-1
1,appt,appt-online-radix4,6-7-7,"Tesla V100-SXM2-16GB",7.0,0,"v100-sm70","hierarchical-dataflow-appt-online","experimental",0.000000,"persistent CTA fold roles publish online-reordered packet groups without fold-wide barriers",hierarchical-dataflow,0,named-barrier,0,0,0,2,0,0,0,hermes-xor,inplace,radix4,64,20,1048576,1,576460756061519873,60,0,0,0,dataflow-radix4,"7+7+6","appt-online-radix4+appt-online-radix4+appt-online-radix4","256+256+256","8+8+8","16+16+16","4+4+4","2+2+2","1+1+1","6+7+7","ring+ring","2+2",8,0,2,5,1.423104,0.521421,0.523207,0.001786,1.343136,1917.836669,304.167628,2010997502.788183,fused,shoup,natural,-1
1,appt,appt-online-radix4,6-8-6,"Tesla V100-SXM2-16GB",7.0,0,"v100-sm70","hierarchical-dataflow-appt-online","experimental",0.000000,"persistent CTA fold roles publish online-reordered packet groups without fold-wide barriers",hierarchical-dataflow,0,named-barrier,0,0,0,2,0,0,0,hermes-xor,inplace,radix4,64,20,1048576,1,576460756061519873,60,0,0,0,dataflow-radix4,"7+7+6","appt-online-radix4+appt-online-radix4+appt-online-radix4","256+256+256","8+8+8","16+16+16","4+4+4","2+2+2","1+1+1","6+8+6","ring+ring","2+2",8,0,2,5,1.413952,0.512000,0.513727,0.001727,1.335552,1953.125135,306.607019,2048000141.143809,fused,shoup,natural,-1
1,appt,appt-online-radix4,6-9-5,"Tesla V100-SXM2-16GB",7.0,0,"v100-sm70","hierarchical-dataflow-appt-online","experimental",0.000000,"persistent CTA fold roles publish online-reordered packet groups without fold-wide barriers",hierarchical-dataflow,0,named-barrier,0,0,0,2,0,0,0,hermes-xor,inplace,radix4,64,20,1048576,1,576460756061519873,60,0,0,0,dataflow-radix4,"7+7+6","appt-online-radix4+appt-online-radix4+appt-online-radix4","256+256+256","8+8+8","16+16+16","4+4+4","2+2+2","1+1+1","6+9+5","ring+ring","2+2",8,0,2,5,1.415168,0.577946,0.580012,0.002067,1.337632,1730.266685,300.233079,1814316119.213087,fused,shoup,natural,-1
1,appt,appt-online-radix4,6-10-4,"Tesla V100-SXM2-16GB",7.0,0,"v100-sm70","hierarchical-dataflow-appt-online","experimental",0.000000,"persistent CTA fold roles publish online-reordered packet groups without fold-wide barriers",hierarchical-dataflow,0,named-barrier,0,0,0,2,0,0,0,hermes-xor,inplace,radix4,64,20,1048576,1,576460756061519873,60,0,0,0,dataflow-radix4,"7+7+6","appt-online-radix4+appt-online-radix4+appt-online-radix4","256+256+256","8+8+8","16+16+16","4+4+4","2+2+2","1+1+1","6+10+4","ring+ring","2+2",8,0,2,5,1.414688,0.573440,0.575073,0.001633,1.337536,1743.861742,300.691839,1828571569.797955,fused,shoup,natural,-1
1,appt,appt-online-radix4,7-3-10,"Tesla V100-SXM2-16GB",7.0,0,"v100-sm70","hierarchical-dataflow-appt-online","experimental",0.000000,"persistent CTA fold roles publish online-reordered packet groups without fold-wide barriers",hierarchical-dataflow,0,named-barrier,0,0,0,2,0,0,0,hermes-xor,inplace,radix4,64,20,1048576,1,576460756061519873,60,0,0,0,dataflow-radix4,"7+7+6","appt-online-radix4+appt-online-radix4+appt-online-radix4","256+256+256","8+8+8","16+16+16","4+4+4","2+2+2","1+1+1","7+3+10","ring+ring","2+2",8,0,2,5,1.424928,0.596378,0.598005,0.001627,1.353312,1676.789975,296.329874,1758241725.339002,fused,shoup,natural,-1
1,appt,appt-online-radix4,7-4-9,"Tesla V100-SXM2-16GB",7.0,0,"v100-sm70","hierarchical-dataflow-appt-online","experimental",0.000000,"persistent CTA fold roles publish online-reordered packet groups without fold-wide barriers",hierarchical-dataflow,0,named-barrier,0,0,0,2,0,0,0,hermes-xor,inplace,radix4,64,20,1048576,1,576460756061519873,60,0,0,0,dataflow-radix4,"7+7+6","appt-online-radix4+appt-online-radix4+appt-online-radix4","256+256+256","8+8+8","16+16+16","4+4+4","2+2+2","1+1+1","7+4+9","ring+ring","2+2",8,0,2,5,1.413792,0.487635,0.489304,0.001669,1.347040,2050.713340,307.837487,2150328791.282313,fused,shoup,natural,-1
1,appt,appt-online-radix4,7-5-8,"Tesla V100-SXM2-16GB",7.0,0,"v100-sm70","hierarchical-dataflow-appt-online","experimental",0.000000,"persistent CTA fold roles publish online-reordered packet groups without fold-wide barriers",hierarchical-dataflow,0,named-barrier,0,0,0,2,0,0,0,hermes-xor,inplace,radix4,64,20,1048576,1,576460756061519873,60,0,0,0,dataflow-radix4,"7+7+6","appt-online-radix4+appt-online-radix4+appt-online-radix4","256+256+256","8+8+8","16+16+16","4+4+4","2+2+2","1+1+1","7+5+8","ring+ring","2+2",8,0,2,5,1.424320,0.487424,0.489033,0.001609,1.355584,2051.601949,306.060488,2151260565.123766,fused,shoup,natural,-1
1,appt,appt-online-radix4,7-6-7,"Tesla V100-SXM2-16GB",7.0,0,"v100-sm70","hierarchical-dataflow-appt-online","experimental",0.000000,"persistent CTA fold roles publish online-reordered packet groups without fold-wide barriers",hierarchical-dataflow,0,named-barrier,0,0,0,2,0,0,0,hermes-xor,inplace,radix4,64,20,1048576,1,576460756061519873,60,0,0,0,dataflow-radix4,"7+7+6","appt-online-radix4+appt-online-radix4+appt-online-radix4","256+256+256","8+8+8","16+16+16","4+4+4","2+2+2","1+1+1","7+6+7","ring+ring","2+2",8,0,2,5,1.425792,0.525722,0.527405,0.001683,1.366784,1902.147414,301.359351,1994546126.443046,fused,shoup,natural,-1
1,appt,appt-online-radix4,7-7-6,"Tesla V100-SXM2-16GB",7.0,0,"v100-sm70","hierarchical-dataflow-appt-online","experimental",0.000000,"persistent CTA fold roles publish online-reordered packet groups without fold-wide barriers",hierarchical-dataflow,0,named-barrier,0,0,0,2,0,0,0,hermes-xor,inplace,radix4,64,20,1048576,1,576460756061519873,60,0,0,0,dataflow-radix4,"7+7+6","appt-online-radix4+appt-online-radix4+appt-online-radix4","256+256+256","8+8+8","16+16+16","4+4+4","2+2+2","1+1+1","7+7+6","ring+ring","2+2",8,0,2,5,1.415360,0.529203,0.530925,0.001722,1.353856,1889.633404,303.175541,1981424236.600636,fused,shoup,natural,-1
1,appt,appt-online-radix4,7-8-5,"Tesla V100-SXM2-16GB",7.0,0,"v100-sm70","hierarchical-dataflow-appt-online","experimental",0.000000,"persistent CTA fold roles publish online-reordered packet groups without fold-wide barriers",hierarchical-dataflow,0,named-barrier,0,0,0,2,0,0,0,hermes-xor,inplace,radix4,64,20,1048576,1,576460756061519873,60,0,0,0,dataflow-radix4,"7+7+6","appt-online-radix4+appt-online-radix4+appt-online-radix4","256+256+256","8+8+8","16+16+16","4+4+4","2+2+2","1+1+1","7+8+5","ring+ring","2+2",8,0,2,5,1.427296,0.576717,0.578463,0.001746,1.375584,1733.953361,295.893283,1818181879.145927,fused,shoup,natural,-1
1,appt,appt-online-radix4,7-9-4,"Tesla V100-SXM2-16GB",7.0,0,"v100-sm70","hierarchical-dataflow-appt-online","experimental",0.000000,"persistent CTA fold roles publish online-reordered packet groups without fold-wide barriers",hierarchical-dataflow,0,named-barrier,0,0,0,2,0,0,0,hermes-xor,inplace,radix4,64,20,1048576,1,576460756061519873,60,0,0,0,dataflow-radix4,"7+7+6","appt-online-radix4+appt-online-radix4+appt-online-radix4","256+256+256","8+8+8","16+16+16","4+4+4","2+2+2","1+1+1","7+9+4","ring+ring","2+2",8,0,2,5,1.415168,0.576102,0.577741,0.001639,1.346176,1735.802596,299.630276,1820120943.276187,fused,shoup,natural,-1
1,appt,appt-online-radix4,7-10-3,"Tesla V100-SXM2-16GB",7.0,0,"v100-sm70","hierarchical-dataflow-appt-online","experimental",0.000000,"persistent CTA fold roles publish online-reordered packet groups without fold-wide barriers",hierarchical-dataflow,0,named-barrier,0,0,0,2,0,0,0,hermes-xor,inplace,radix4,64,20,1048576,1,576460756061519873,60,0,0,0,dataflow-radix4,"7+7+6","appt-online-radix4+appt-online-radix4+appt-online-radix4","256+256+256","8+8+8","16+16+16","4+4+4","2+2+2","1+1+1","7+10+3","ring+ring","2+2",8,0,2,5,1.426816,0.713728,0.715514,0.001786,1.361120,1401.093953,285.578515,1469153493.133208,fused,shoup,natural,-1
1,appt,appt-online-radix4,8-3-9,"Tesla V100-SXM2-16GB",7.0,0,"v100-sm70","hierarchical-dataflow-appt-online","experimental",0.000000,"persistent CTA fold roles publish online-reordered packet groups without fold-wide barriers",hierarchical-dataflow,0,named-barrier,0,0,0,2,0,0,0,hermes-xor,inplace,radix4,64,20,1048576,1,576460756061519873,60,0,0,0,dataflow-radix4,"7+7+6","appt-online-radix4+appt-online-radix4+appt-online-radix4","256+256+256","8+8+8","16+16+16","4+4+4","2+2+2","1+1+1","8+3+9","ring+ring","2+2",8,0,2,5,1.418080,0.593715,0.595502,0.001787,1.333536,1684.309270,298.924065,1766126277.538308,fused,shoup,natural,-1
1,appt,appt-online-radix4,8-4-8,"Tesla V100-SXM2-16GB",7.0,0,"v100-sm70","hierarchical-dataflow-appt-online","experimental",0.000000,"persistent CTA fold roles publish online-reordered packet groups without fold-wide barriers",hierarchical-dataflow,0,named-barrier,0,0,0,2,0,0,0,hermes-xor,inplace,radix4,64,20,1048576,1,576460756061519873,60,0,0,0,dataflow-radix4,"7+7+6","appt-online-radix4+appt-online-radix4+appt-online-radix4","256+256+256","8+8+8","16+16+16","4+4+4","2+2+2","1+1+1","8+4+8","ring+ring","2+2",8,0,2,5,1.425056,0.478618,0.480396,0.001778,1.351872,2089.350626,307.168179,2190842921.936853,fused,shoup,natural,-1
1,appt,appt-online-radix4,8-5-7,"Tesla V100-SXM2-16GB",7.0,0,"v100-sm70","hierarchical-dataflow-appt-online","experimental",0.000000,"persistent CTA fold roles publish online-reordered packet groups without fold-wide barriers",hierarchical-dataflow,0,named-barrier,0,0,0,2,0,0,0,hermes-xor,inplace,radix4,64,20,1048576,1,576460756061519873,60,0,0,0,dataflow-radix4,"7+7+6","appt-online-radix4+appt-online-radix4+appt-online-radix4","256+256+256","8+8+8","16+16+16","4+4+4","2+2+2","1+1+1","8+5+7","ring+ring","2+2",8,0,2,5,1.423520,0.501760,0.503365,0.001605,1.392000,1992.984670,301.451798,2089795893.582142,fused,shoup,natural,-1
1,appt,appt-online-radix4,8-6-6,"Tesla V100-SXM2-16GB",7.0,0,"v100-sm70","hierarchical-dataflow-appt-online","experimental",0.000000,"persistent CTA fold roles publish online-reordered packet groups without fold-wide barriers",hierarchical-dataflow,0,named-barrier,0,0,0,2,0,0,0,hermes-xor,inplace,radix4,64,20,1048576,1,576460756061519873,60,0,0,0,dataflow-radix4,"7+7+6","appt-online-radix4+appt-online-radix4+appt-online-radix4","256+256+256","8+8+8","16+16+16","4+4+4","2+2+2","1+1+1","8+6+6","ring+ring","2+2",8,0,2,5,1.426656,0.517734,0.519408,0.001674,1.345440,1931.492255,303.967033,2025316422.920095,fused,shoup,natural,-1
1,appt,appt-online-radix4,8-7-5,"Tesla V100-SXM2-16GB",7.0,0,"v100-sm70","hierarchical-dataflow-appt-online","experimental",0.000000,"persistent CTA fold roles publish online-reordered packet groups without fold-wide barriers",hierarchical-dataflow,0,named-barrier,0,0,0,2,0,0,0,hermes-xor,inplace,radix4,64,20,1048576,1,576460756061519873,60,0,0,0,dataflow-radix4,"7+7+6","appt-online-radix4+appt-online-radix4+appt-online-radix4","256+256+256","8+8+8","16+16+16","4+4+4","2+2+2","1+1+1","8+7+5","ring+ring","2+2",8,0,2,5,1.426976,0.566682,0.568498,0.001817,1.350784,1764.659305,299.003583,1850379395.752755,fused,shoup,natural,-1
1,appt,appt-online-radix4,8-8-4,"Tesla V100-SXM2-16GB",7.0,0,"v100-sm70","hierarchical-dataflow-appt-online","experimental",0.000000,"persistent CTA fold roles publish online-reordered packet groups without fold-wide barriers",hierarchical-dataflow,0,named-barrier,0,0,0,2,0,0,0,hermes-xor,inplace,radix4,64,20,1048576,1,576460756061519873,60,0,0,0,dataflow-radix4,"7+7+6","appt-online-radix4+appt-online-radix4+appt-online-radix4","256+256+256","8+8+8","16+16+16","4+4+4","2+2+2","1+1+1","8+8+4","ring+ring","2+2",8,0,2,5,1.423488,0.462848,0.464453,0.001605,1.342976,2160.536469,309.663482,2265486688.077641,fused,shoup,natural,-1
1,appt,appt-online-radix4,8-9-3,"Tesla V100-SXM2-16GB",7.0,0,"v100-sm70","hierarchical-dataflow-appt-online","experimental",0.000000,"persistent CTA fold roles publish online-reordered packet groups without fold-wide barriers",hierarchical-dataflow,0,named-barrier,0,0,0,2,0,0,0,hermes-xor,inplace,radix4,64,20,1048576,1,576460756061519873,60,0,0,0,dataflow-radix4,"7+7+6","appt-online-radix4+appt-online-radix4+appt-online-radix4","256+256+256","8+8+8","16+16+16","4+4+4","2+2+2","1+1+1","8+9+3","ring+ring","2+2",8,0,2,5,1.424160,0.586547,0.588333,0.001786,1.345536,1704.892645,297.952187,1787709509.668132,fused,shoup,natural,-1
1,appt,appt-online-radix4,9-3-8,"Tesla V100-SXM2-16GB",7.0,0,"v100-sm70","hierarchical-dataflow-appt-online","experimental",0.000000,"persistent CTA fold roles publish online-reordered packet groups without fold-wide barriers",hierarchical-dataflow,0,named-barrier,0,0,0,2,0,0,0,hermes-xor,inplace,radix4,64,20,1048576,1,576460756061519873,60,0,0,0,dataflow-radix4,"7+7+6","appt-online-radix4+appt-online-radix4+appt-online-radix4","256+256+256","8+8+8","16+16+16","4+4+4","2+2+2","1+1+1","9+3+8","ring+ring","2+2",8,0,2,5,1.423424,0.592486,0.594002,0.001515,1.357920,1687.802507,296.399010,1769789201.383624,fused,shoup,natural,-1
1,appt,appt-online-radix4,9-4-7,"Tesla V100-SXM2-16GB",7.0,0,"v100-sm70","hierarchical-dataflow-appt-online","experimental",0.000000,"persistent CTA fold roles publish online-reordered packet groups without fold-wide barriers",hierarchical-dataflow,0,named-barrier,0,0,0,2,0,0,0,hermes-xor,inplace,radix4,64,20,1048576,1,576460756061519873,60,0,0,0,dataflow-radix4,"7+7+6","appt-online-radix4+appt-online-radix4+appt-online-radix4","256+256+256","8+8+8","16+16+16","4+4+4","2+2+2","1+1+1","9+4+7","ring+ring","2+2",8,0,2,5,1.432192,0.500531,0.502060,0.001529,1.342784,1997.877469,305.296229,2094926364.499995,fused,shoup,natural,-1
1,appt,appt-online-radix4,9-5-6,"Tesla V100-SXM2-16GB",7.0,0,"v100-sm70","hierarchical-dataflow-appt-online","experimental",0.000000,"persistent CTA fold roles publish online-reordered packet groups without fold-wide barriers",hierarchical-dataflow,0,named-barrier,0,0,0,2,0,0,0,hermes-xor,inplace,radix4,64,20,1048576,1,576460756061519873,60,0,0,0,dataflow-radix4,"7+7+6","appt-online-radix4+appt-online-radix4+appt-online-radix4","256+256+256","8+8+8","16+16+16","4+4+4","2+2+2","1+1+1","9+5+6","ring+ring","2+2",8,0,2,5,1.423520,0.504422,0.506170,0.001748,1.342688,1982.465620,305.751463,2078765870.411494,fused,shoup,natural,-1
1,appt,appt-online-radix4,9-6-5,"Tesla V100-SXM2-16GB",7.0,0,"v100-sm70","hierarchical-dataflow-appt-online","experimental",0.000000,"persistent CTA fold roles publish online-reordered packet groups without fold-wide barriers",hierarchical-dataflow,0,named-barrier,0,0,0,2,0,0,0,hermes-xor,inplace,radix4,64,20,1048576,1,576460756061519873,60,0,0,0,dataflow-radix4,"7+7+6","appt-online-radix4+appt-online-radix4+appt-online-radix4","256+256+256","8+8+8","16+16+16","4+4+4","2+2+2","1+1+1","9+6+5","ring+ring","2+2",8,0,2,5,1.424448,0.578765,0.580433,0.001668,1.344256,1727.817598,298.733175,1811748065.503186,fused,shoup,natural,-1
1,appt,appt-online-radix4,9-7-4,"Tesla V100-SXM2-16GB",7.0,0,"v100-sm70","hierarchical-dataflow-appt-online","experimental",0.000000,"persistent CTA fold roles publish online-reordered packet groups without fold-wide barriers",hierarchical-dataflow,0,named-barrier,0,0,0,2,0,0,0,hermes-xor,inplace,radix4,64,20,1048576,1,576460756061519873,60,0,0,0,dataflow-radix4,"7+7+6","appt-online-radix4+appt-online-radix4+appt-online-radix4","256+256+256","8+8+8","16+16+16","4+4+4","2+2+2","1+1+1","9+7+4","ring+ring","2+2",8,0,2,5,1.433600,0.583270,0.584934,0.001663,1.350976,1714.470591,296.925658,1797752714.781863,fused,shoup,natural,-1
1,appt,appt-online-radix4,9-8-3,"Tesla V100-SXM2-16GB",7.0,0,"v100-sm70","hierarchical-dataflow-appt-online","experimental",0.000000,"persistent CTA fold roles publish online-reordered packet groups without fold-wide barriers",hierarchical-dataflow,0,named-barrier,0,0,0,2,0,0,0,hermes-xor,inplace,radix4,64,20,1048576,1,576460756061519873,60,0,0,0,dataflow-radix4,"7+7+6","appt-online-radix4+appt-online-radix4+appt-online-radix4","256+256+256","8+8+8","16+16+16","4+4+4","2+2+2","1+1+1","9+8+3","ring+ring","2+2",8,0,2,5,1.425856,0.592282,0.593795,0.001513,1.347072,1688.386122,297.158313,1770401166.368852,fused,shoup,natural,-1
1,appt,appt-online-radix4,10-3-7,"Tesla V100-SXM2-16GB",7.0,0,"v100-sm70","hierarchical-dataflow-appt-online","experimental",0.000000,"persistent CTA fold roles publish online-reordered packet groups without fold-wide barriers",hierarchical-dataflow,0,named-barrier,0,0,0,2,0,0,0,hermes-xor,inplace,radix4,64,20,1048576,1,576460756061519873,60,0,0,0,dataflow-radix4,"7+7+6","appt-online-radix4+appt-online-radix4+appt-online-radix4","256+256+256","8+8+8","16+16+16","4+4+4","2+2+2","1+1+1","10+3+7","ring+ring","2+2",8,0,2,5,1.424064,0.621978,0.623794,0.001817,1.343392,1607.774872,295.034538,1685874144.042776,fused,shoup,natural,-1
1,appt,appt-online-radix4,10-4-6,"Tesla V100-SXM2-16GB",7.0,0,"v100-sm70","hierarchical-dataflow-appt-online","experimental",0.000000,"persistent CTA fold roles publish online-reordered packet groups without fold-wide barriers",hierarchical-dataflow,0,named-barrier,0,0,0,2,0,0,0,hermes-xor,inplace,radix4,64,20,1048576,1,576460756061519873,60,0,0,0,dataflow-radix4,"7+7+6","appt-online-radix4+appt-online-radix4+appt-online-radix4","256+256+256","8+8+8","16+16+16","4+4+4","2+2+2","1+1+1","10+4+6","ring+ring","2+2",8,0,2,5,1.424832,0.500736,0.502451,0.001715,1.345024,1997.060335,305.755046,2094069537.373604,fused,shoup,natural,-1
1,appt,appt-online-radix4,10-5-5,"Tesla V100-SXM2-16GB",7.0,0,"v100-sm70","hierarchical-dataflow-appt-online","experimental",0.000000,"persistent CTA fold roles publish online-reordered packet groups without fold-wide barriers",hierarchical-dataflow,0,named-barrier,0,0,0,2,0,0,0,hermes-xor,inplace,radix4,64,20,1048576,1,576460756061519873,60,0,0,0,dataflow-radix4,"7+7+6","appt-online-radix4+appt-online-radix4+appt-online-radix4","256+256+256","8+8+8","16+16+16","4+4+4","2+2+2","1+1+1","10+5+5","ring+ring","2+2",8,0,2,5,1.425760,0.571392,0.573246,0.001854,1.343264,1750.112008,299.363910,1835125448.923038,fused,shoup,natural,-1
1,appt,appt-online-radix4,10-6-4,"Tesla V100-SXM2-16GB",7.0,0,"v100-sm70","hierarchical-dataflow-appt-online","experimental",0.000000,"persistent CTA fold roles publish online-reordered packet groups without fold-wide barriers",hierarchical-dataflow,0,named-barrier,0,0,0,2,0,0,0,hermes-xor,inplace,radix4,64,20,1048576,1,576460756061519873,60,0,0,0,dataflow-radix4,"7+7+6","appt-online-radix4+appt-online-radix4+appt-online-radix4","256+256+256","8+8+8","16+16+16","4+4+4","2+2+2","1+1+1","10+6+4","ring+ring","2+2",8,0,2,5,1.422624,0.584909,0.586643,0.001734,1.342208,1709.668116,298.530555,1792716954.917803,fused,shoup,natural,-1
1,appt,appt-online-radix4,10-7-3,"Tesla V100-SXM2-16GB",7.0,0,"v100-sm70","hierarchical-dataflow-appt-online","experimental",0.000000,"persistent CTA fold roles publish online-reordered packet groups without fold-wide barriers",hierarchical-dataflow,0,named-barrier,0,0,0,2,0,0,0,hermes-xor,inplace,radix4,64,20,1048576,1,576460756061519873,60,0,0,0,dataflow-radix4,"7+7+6","appt-online-radix4+appt-online-radix4+appt-online-radix4","256+256+256","8+8+8","16+16+16","4+4+4","2+2+2","1+1+1","10+7+3","ring+ring","2+2",8,0,2,5,1.424448,0.716186,0.717929,0.001744,1.362272,1396.286045,285.477285,1464112036.045138,fused,shoup,natural,-1
1,v06,dataflow-radix4,9-11,"Tesla V100-SXM2-16GB",7.0,0,"v100-sm70","hierarchical-dataflow-wave-10x10-resident-radix4","experimental",0.000000,"transform-wave readiness with the generated resident radix-4 core",hierarchical-dataflow,0,named-barrier,0,0,0,2,0,0,0,hermes-xor,inplace,radix4,64,20,1048576,4,576460756061519873,60,0,0,0,dataflow-radix4,"10+10","dataflow-radix4+dataflow-radix4","256+256","1+1","0+0","0+0","0+0","0+0","9+11","full-scratch","1",8,0,2,5,5.463040,0.611328,0.613093,0.001765,5.108096,6543.132266,357.702918,6860971459.298611,fused,shoup,natural,-1
1,appt,appt-online,3-7-10,"Tesla V100-SXM2-16GB",7.0,0,"v100-sm70","hierarchical-dataflow-appt-online","experimental",0.000000,"persistent CTA fold roles publish online-reordered packet groups without fold-wide barriers",hierarchical-dataflow,0,named-barrier,0,0,0,2,0,0,0,hermes-xor,inplace,radix4,64,20,1048576,4,576460756061519873,60,0,0,0,dataflow-radix4,"7+7+6","appt-online+appt-online+appt-online","256+256+256","8+8+8","16+16+16","4+4+4","2+2+2","1+1+1","3+7+10","ring+ring","2+2",8,0,2,5,5.464224,2.653184,2.654788,0.001604,5.095360,1507.622575,302.737482,1580856849.535866,fused,shoup,natural,-1
1,appt,appt-online,3-8-9,"Tesla V100-SXM2-16GB",7.0,0,"v100-sm70","hierarchical-dataflow-appt-online","experimental",0.000000,"persistent CTA fold roles publish online-reordered packet groups without fold-wide barriers",hierarchical-dataflow,0,named-barrier,0,0,0,2,0,0,0,hermes-xor,inplace,radix4,64,20,1048576,4,576460756061519873,60,0,0,0,dataflow-radix4,"7+7+6","appt-online+appt-online+appt-online","256+256+256","8+8+8","16+16+16","4+4+4","2+2+2","1+1+1","3+8+9","ring+ring","2+2",8,0,2,5,5.466752,2.634547,2.636014,0.001467,5.107136,1518.287450,302.836784,1592039780.701916,fused,shoup,natural,-1
1,appt,appt-online,3-9-8,"Tesla V100-SXM2-16GB",7.0,0,"v100-sm70","hierarchical-dataflow-appt-online","experimental",0.000000,"persistent CTA fold roles publish online-reordered packet groups without fold-wide barriers",hierarchical-dataflow,0,named-barrier,0,0,0,2,0,0,0,hermes-xor,inplace,radix4,64,20,1048576,4,576460756061519873,60,0,0,0,dataflow-radix4,"7+7+6","appt-online+appt-online+appt-online","256+256+256","8+8+8","16+16+16","4+4+4","2+2+2","1+1+1","3+9+8","ring+ring","2+2",8,0,2,5,5.460768,2.652570,2.654141,0.001571,5.113952,1507.971780,302.405105,1581223017.446749,fused,shoup,natural,-1
1,appt,appt-online,3-10-7,"Tesla V100-SXM2-16GB",7.0,0,"v100-sm70","hierarchical-dataflow-appt-online","experimental",0.000000,"persistent CTA fold roles publish online-reordered packet groups without fold-wide barriers",hierarchical-dataflow,0,named-barrier,0,0,0,2,0,0,0,hermes-xor,inplace,radix4,64,20,1048576,4,576460756061519873,60,0,0,0,dataflow-radix4,"7+7+6","appt-online+appt-online+appt-online","256+256+256","8+8+8","16+16+16","4+4+4","2+2+2","1+1+1","3+10+7","ring+ring","2+2",8,0,2,5,5.466976,2.744730,2.746403,0.001674,5.114304,1457.338500,300.164871,1528130174.989207,fused,shoup,natural,-1
1,appt,appt-online,4-6-10,"Tesla V100-SXM2-16GB",7.0,0,"v100-sm70","hierarchical-dataflow-appt-online","experimental",0.000000,"persistent CTA fold roles publish online-reordered packet groups without fold-wide barriers",hierarchical-dataflow,0,named-barrier,0,0,0,2,0,0,0,hermes-xor,inplace,radix4,64,20,1048576,4,576460756061519873,60,0,0,0,dataflow-radix4,"7+7+6","appt-online+appt-online+appt-online","256+256+256","8+8+8","16+16+16","4+4+4","2+2+2","1+1+1","4+6+10","ring+ring","2+2",8,0,2,5,5.462176,2.125210,2.126901,0.001691,5.107392,1882.167320,315.090208,1973595479.403059,fused,shoup,natural,-1
1,appt,appt-online,4-7-9,"Tesla V100-SXM2-16GB",7.0,0,"v100-sm70","hierarchical-dataflow-appt-online","experimental",0.000000,"persistent CTA fold roles publish online-reordered packet groups without fold-wide barriers",hierarchical-dataflow,0,named-barrier,0,0,0,2,0,0,0,hermes-xor,inplace,radix4,64,20,1048576,4,576460756061519873,60,0,0,0,dataflow-radix4,"7+7+6","appt-online+appt-online+appt-online","256+256+256","8+8+8","16+16+16","4+4+4","2+2+2","1+1+1","4+7+9","ring+ring","2+2",8,0,2,5,5.473184,2.110054,2.111659,0.001604,5.110272,1895.685639,315.121651,1987770464.702646,fused,shoup,natural,-1
1,appt,appt-online,4-8-8,"Tesla V100-SXM2-16GB",7.0,0,"v100-sm70","hierarchical-dataflow-appt-online","experimental",0.000000,"persistent CTA fold roles publish online-reordered packet groups without fold-wide barriers",hierarchical-dataflow,0,named-barrier,0,0,0,2,0,0,0,hermes-xor,inplace,radix4,64,20,1048576,4,576460756061519873,60,0,0,0,dataflow-radix4,"7+7+6","appt-online+appt-online+appt-online","256+256+256","8+8+8","16+16+16","4+4+4","2+2+2","1+1+1","4+8+8","ring+ring","2+2",8,0,2,5,5.454144,2.076467,2.078191,0.001724,5.095424,1926.348903,316.805706,2019923227.702141,fused,shoup,natural,-1
1,appt,appt-online,4-9-7,"Tesla V100-SXM2-16GB",7.0,0,"v100-sm70","hierarchical-dataflow-appt-online","experimental",0.000000,"persistent CTA fold roles publish online-reordered packet groups without fold-wide barriers",hierarchical-dataflow,0,named-barrier,0,0,0,2,0,0,0,hermes-xor,inplace,radix4,64,20,1048576,4,576460756061519873,60,0,0,0,dataflow-radix4,"7+7+6","appt-online+appt-online+appt-online","256+256+256","8+8+8","16+16+16","4+4+4","2+2+2","1+1+1","4+9+7","ring+ring","2+2",8,0,2,5,5.456000,2.117018,2.118646,0.001628,5.095488,1889.450600,315.743639,1981232552.416572,fused,shoup,natural,-1
1,appt,appt-online,4-10-6,"Tesla V100-SXM2-16GB",7.0,0,"v100-sm70","hierarchical-dataflow-appt-online","experimental",0.000000,"persistent CTA fold roles publish online-reordered packet groups without fold-wide barriers",hierarchical-dataflow,0,named-barrier,0,0,0,2,0,0,0,hermes-xor,inplace,radix4,64,20,1048576,4,576460756061519873,60,0,0,0,dataflow-radix4,"7+7+6","appt-online+appt-online+appt-online","256+256+256","8+8+8","16+16+16","4+4+4","2+2+2","1+1+1","4+10+6","ring+ring","2+2",8,0,2,5,5.481984,2.150195,2.151858,0.001662,5.102624,1860.296286,314.099868,1950662038.781306,fused,shoup,natural,-1
1,appt,appt-online,5-5-10,"Tesla V100-SXM2-16GB",7.0,0,"v100-sm70","hierarchical-dataflow-appt-online","experimental",0.000000,"persistent CTA fold roles publish online-reordered packet groups without fold-wide barriers",hierarchical-dataflow,0,named-barrier,0,0,0,2,0,0,0,hermes-xor,inplace,radix4,64,20,1048576,4,576460756061519873,60,0,0,0,dataflow-radix4,"7+7+6","appt-online+appt-online+appt-online","256+256+256","8+8+8","16+16+16","4+4+4","2+2+2","1+1+1","5+5+10","ring+ring","2+2",8,0,2,5,5.462016,2.113741,2.115597,0.001857,5.107360,1892.379719,315.379895,1984303956.735593,fused,shoup,natural,-1
1,appt,appt-online,5-6-9,"Tesla V100-SXM2-16GB",7.0,0,"v100-sm70","hierarchical-dataflow-appt-online","experimental",0.000000,"persistent CTA fold roles publish online-reordered packet groups without fold-wide barriers",hierarchical-dataflow,0,named-barrier,0,0,0,2,0,0,0,hermes-xor,inplace,radix4,64,20,1048576,4,576460756061519873,60,0,0,0,dataflow-radix4,"7+7+6","appt-online+appt-online+appt-online","256+256+256","8+8+8","16+16+16","4+4+4","2+2+2","1+1+1","5+6+9","ring+ring","2+2",8,0,2,5,5.466560,1.992090,1.993696,0.001606,5.111072,2007.941782,318.225028,2105479562.051957,fused,shoup,natural,-1
1,appt,appt-online,5-7-8,"Tesla V100-SXM2-16GB",7.0,0,"v100-sm70","hierarchical-dataflow-appt-online","experimental",0.000000,"persistent CTA fold roles publish online-reordered packet groups without fold-wide barriers",hierarchical-dataflow,0,named-barrier,0,0,0,2,0,0,0,hermes-xor,inplace,radix4,64,20,1048576,4,576460756061519873,60,0,0,0,dataflow-radix4,"7+7+6","appt-online+appt-online+appt-online","256+256+256","8+8+8","16+16+16","4+4+4","2+2+2","1+1+1","5+7+8","ring+ring","2+2",8,0,2,5,5.475776,1.963622,1.965306,0.001684,5.100896,2037.051470,318.971775,2136003282.214567,fused,shoup,natural,-1
1,appt,appt-online,5-8-7,"Tesla V100-SXM2-16GB",7.0,0,"v100-sm70","hierarchical-dataflow-appt-online","experimental",0.000000,"persistent CTA fold roles publish online-reordered packet groups without fold-wide barriers",hierarchical-dataflow,0,named-barrier,0,0,0,2,0,0,0,hermes-xor,inplace,radix4,64,20,1048576,4,576460756061519873,60,0,0,0,dataflow-radix4,"7+7+6","appt-online+appt-online+appt-online","256+256+256","8+8+8","16+16+16","4+4+4","2+2+2","1+1+1","5+8+7","ring+ring","2+2",8,0,2,5,5.469728,2.020966,2.022629,0.001663,5.096416,1979.251221,317.785410,2075395328.359059,fused,shoup,natural,-1
1,appt,appt-online,5-9-6,"Tesla V100-SXM2-16GB",7.0,0,"v100-sm70","hierarchical-dataflow-appt-online","experimental",0.000000,"persistent CTA fold roles publish online-reordered packet groups without fold-wide barriers",hierarchical-dataflow,0,named-barrier,0,0,0,2,0,0,0,hermes-xor,inplace,radix4,64,20,1048576,4,576460756061519873,60,0,0,0,dataflow-radix4,"7+7+6","appt-online+appt-online+appt-online","256+256+256","8+8+8","16+16+16","4+4+4","2+2+2","1+1+1","5+9+6","ring+ring","2+2",8,0,2,5,5.464672,2.051891,2.053452,0.001561,5.098336,1949.421206,317.085367,2044116290.351146,fused,shoup,natural,-1
1,appt,appt-online,5-10-5,"Tesla V100-SXM2-16GB",7.0,0,"v100-sm70","hierarchical-dataflow-appt-online","experimental",0.000000,"persistent CTA fold roles publish online-reordered packet groups without fold-wide barriers",hierarchical-dataflow,0,named-barrier,0,0,0,2,0,0,0,hermes-xor,inplace,radix4,64,20,1048576,4,576460756061519873,60,0,0,0,dataflow-radix4,"7+7+6","appt-online+appt-online+appt-online","256+256+256","8+8+8","16+16+16","4+4+4","2+2+2","1+1+1","5+10+5","ring+ring","2+2",8,0,2,5,5.473376,2.262630,2.264278,0.001648,5.107264,1767.853861,311.447155,1853729130.427306,fused,shoup,natural,-1
1,appt,appt-online,6-4-10,"Tesla V100-SXM2-16GB",7.0,0,"v100-sm70","hierarchical-dataflow-appt-online","experimental",0.000000,"persistent CTA fold roles publish online-reordered packet groups without fold-wide barriers",hierarchical-dataflow,0,named-barrier,0,0,0,2,0,0,0,hermes-xor,inplace,radix4,64,20,1048576,4,576460756061519873,60,0,0,0,dataflow-radix4,"7+7+6","appt-online+appt-online+appt-online","256+256+256","8+8+8","16+16+16","4+4+4","2+2+2","1+1+1","6+4+10","ring+ring","2+2",8,0,2,5,5.465568,2.221261,2.223046,0.001785,5.112160,1800.779100,312.524683,1888253745.948621,fused,shoup,natural,-1
1,appt,appt-online,6-5-9,"Tesla V100-SXM2-16GB",7.0,0,"v100-sm70","hierarchical-dataflow-appt-online","experimental",0.000000,"persistent CTA fold roles publish online-reordered packet groups without fold-wide barriers",hierarchical-dataflow,0,named-barrier,0,0,0,2,0,0,0,hermes-xor,inplace,radix4,64,20,1048576,4,576460756061519873,60,0,0,0,dataflow-radix4,"7+7+6","appt-online+appt-online+appt-online","256+256+256","8+8+8","16+16+16","4+4+4","2+2+2","1+1+1","6+5+9","ring+ring","2+2",8,0,2,5,5.458912,2.057830,2.059369,0.001539,5.102912,1943.794848,316.965896,2038216626.168006,fused,shoup,natural,-1
1,appt,appt-online,6-6-8,"Tesla V100-SXM2-16GB",7.0,0,"v100-sm70","hierarchical-dataflow-appt-online","experimental",0.000000,"persistent CTA fold roles publish online-reordered packet groups without fold-wide barriers",hierarchical-dataflow,0,named-barrier,0,0,0,2,0,0,0,hermes-xor,inplace,radix4,64,20,1048576,4,576460756061519873,60,0,0,0,dataflow-radix4,"7+7+6","appt-online+appt-online+appt-online","256+256+256","8+8+8","16+16+16","4+4+4","2+2+2","1+1+1","6+6+8","ring+ring","2+2",8,0,2,5,5.454752,2.048819,2.050396,0.001577,5.096480,1952.344191,317.459034,2047181262.347135,fused,shoup,natural,-1
1,appt,appt-online,6-7-7,"Tesla V100-SXM2-16GB",7.0,0,"v100-sm70","hierarchical-dataflow-appt-online","experimental",0.000000,"persistent CTA fold roles publish online-reordered packet groups without fold-wide barriers",hierarchical-dataflow,0,named-barrier,0,0,0,2,0,0,0,hermes-xor,inplace,radix4,64,20,1048576,4,576460756061519873,60,0,0,0,dataflow-radix4,"7+7+6","appt-online+appt-online+appt-online","256+256+256","8+8+8","16+16+16","4+4+4","2+2+2","1+1+1","6+7+7","ring+ring","2+2",8,0,2,5,5.465056,1.960141,1.961600,0.001460,5.095840,2040.669706,319.462364,2139797277.810122,fused,shoup,natural,-1
1,appt,appt-online,6-8-6,"Tesla V100-SXM2-16GB",7.0,0,"v100-sm70","hierarchical-dataflow-appt-online","experimental",0.000000,"persistent CTA fold roles publish online-reordered packet groups without fold-wide barriers",hierarchical-dataflow,0,named-barrier,0,0,0,2,0,0,0,hermes-xor,inplace,radix4,64,20,1048576,4,576460756061519873,60,0,0,0,dataflow-radix4,"7+7+6","appt-online+appt-online+appt-online","256+256+256","8+8+8","16+16+16","4+4+4","2+2+2","1+1+1","6+8+6","ring+ring","2+2",8,0,2,5,5.455808,1.926144,1.927780,0.001636,5.102368,2076.687928,320.401911,2177565120.560536,fused,shoup,natural,-1
1,appt,appt-online,6-9-5,"Tesla V100-SXM2-16GB",7.0,0,"v100-sm70","hierarchical-dataflow-appt-online","experimental",0.000000,"persistent CTA fold roles publish online-reordered packet groups without fold-wide barriers",hierarchical-dataflow,0,named-barrier,0,0,0,2,0,0,0,hermes-xor,inplace,radix4,64,20,1048576,4,576460756061519873,60,0,0,0,dataflow-radix4,"7+7+6","appt-online+appt-online+appt-online","256+256+256","8+8+8","16+16+16","4+4+4","2+2+2","1+1+1","6+9+5","ring+ring","2+2",8,0,2,5,5.489504,2.128896,2.130493,0.001597,5.116864,1878.908131,314.088501,1970177972.027845,fused,shoup,natural,-1
1,appt,appt-online,6-10-4,"Tesla V100-SXM2-16GB",7.0,0,"v100-sm70","hierarchical-dataflow-appt-online","experimental",0.000000,"persistent CTA fold roles publish online-reordered packet groups without fold-wide barriers",hierarchical-dataflow,0,named-barrier,0,0,0,2,0,0,0,hermes-xor,inplace,radix4,64,20,1048576,4,576460756061519873,60,0,0,0,dataflow-radix4,"7+7+6","appt-online+appt-online+appt-online","256+256+256","8+8+8","16+16+16","4+4+4","2+2+2","1+1+1","6+10+4","ring+ring","2+2",8,0,2,5,5.461632,2.336154,2.337905,0.001751,5.097184,1712.216251,310.198486,1795388867.646990,fused,shoup,natural,-1
1,appt,appt-online,7-3-10,"Tesla V100-SXM2-16GB",7.0,0,"v100-sm70","hierarchical-dataflow-appt-online","experimental",0.000000,"persistent CTA fold roles publish online-reordered packet groups without fold-wide barriers",hierarchical-dataflow,0,named-barrier,0,0,0,2,0,0,0,hermes-xor,inplace,radix4,64,20,1048576,4,576460756061519873,60,0,0,0,dataflow-radix4,"7+7+6","appt-online+appt-online+appt-online","256+256+256","8+8+8","16+16+16","4+4+4","2+2+2","1+1+1","7+3+10","ring+ring","2+2",8,0,2,5,5.476416,2.666496,2.668318,0.001822,5.108000,1500.095985,301.866016,1572964647.064961,fused,shoup,natural,-1
1,appt,appt-online,7-4-9,"Tesla V100-SXM2-16GB",7.0,0,"v100-sm70","hierarchical-dataflow-appt-online","experimental",0.000000,"persistent CTA fold roles publish online-reordered packet groups without fold-wide barriers",hierarchical-dataflow,0,named-barrier,0,0,0,2,0,0,0,hermes-xor,inplace,radix4,64,20,1048576,4,576460756061519873,60,0,0,0,dataflow-radix4,"7+7+6","appt-online+appt-online+appt-online","256+256+256","8+8+8","16+16+16","4+4+4","2+2+2","1+1+1","7+4+9","ring+ring","2+2",8,0,2,5,5.486464,2.178458,2.180134,0.001676,5.120640,1836.161396,312.852899,1925354772.241651,fused,shoup,natural,-1
1,appt,appt-online,7-5-8,"Tesla V100-SXM2-16GB",7.0,0,"v100-sm70","hierarchical-dataflow-appt-online","experimental",0.000000,"persistent CTA fold roles publish online-reordered packet groups without fold-wide barriers",hierarchical-dataflow,0,named-barrier,0,0,0,2,0,0,0,hermes-xor,inplace,radix4,64,20,1048576,4,576460756061519873,60,0,0,0,dataflow-radix4,"7+7+6","appt-online+appt-online+appt-online","256+256+256","8+8+8","16+16+16","4+4+4","2+2+2","1+1+1","7+5+8","ring+ring","2+2",8,0,2,5,5.451840,2.074009,2.075707,0.001698,5.098880,1928.631550,316.838480,2022316756.429513,fused,shoup,natural,-1
1,appt,appt-online,7-6-7,"Tesla V100-SXM2-16GB",7.0,0,"v100-sm70","hierarchical-dataflow-appt-online","experimental",0.000000,"persistent CTA fold roles publish online-reordered packet groups without fold-wide barriers",hierarchical-dataflow,0,named-barrier,0,0,0,2,0,0,0,hermes-xor,inplace,radix4,64,20,1048576,4,576460756061519873,60,0,0,0,dataflow-radix4,"7+7+6","appt-online+appt-online+appt-online","256+256+256","8+8+8","16+16+16","4+4+4","2+2+2","1+1+1","7+6+7","ring+ring","2+2",8,0,2,5,5.466272,2.085894,2.087604,0.001709,5.095840,1917.642668,316.255379,2010794078.600506,fused,shoup,natural,-1
1,appt,appt-online,7-7-6,"Tesla V100-SXM2-16GB",7.0,0,"v100-sm70","hierarchical-dataflow-appt-online","experimental",0.000000,"persistent CTA fold roles publish online-reordered packet groups without fold-wide barriers",hierarchical-dataflow,0,named-barrier,0,0,0,2,0,0,0,hermes-xor,inplace,radix4,64,20,1048576,4,576460756061519873,60,0,0,0,dataflow-radix4,"7+7+6","appt-online+appt-online+appt-online","256+256+256","8+8+8","16+16+16","4+4+4","2+2+2","1+1+1","7+7+6","ring+ring","2+2",8,0,2,5,5.455424,2.007040,2.008735,0.001695,5.105632,1992.984670,318.266196,2089795893.582142,fused,shoup,natural,-1
1,appt,appt-online,7-8-5,"Tesla V100-SXM2-16GB",7.0,0,"v100-sm70","hierarchical-dataflow-appt-online","experimental",0.000000,"persistent CTA fold roles publish online-reordered packet groups without fold-wide barriers",hierarchical-dataflow,0,named-barrier,0,0,0,2,0,0,0,hermes-xor,inplace,radix4,64,20,1048576,4,576460756061519873,60,0,0,0,dataflow-radix4,"7+7+6","appt-online+appt-online+appt-online","256+256+256","8+8+8","16+16+16","4+4+4","2+2+2","1+1+1","7+8+5","ring+ring","2+2",8,0,2,5,5.455840,2.178663,2.180224,0.001561,5.095872,1835.988791,314.209136,1925173782.458758,fused,shoup,natural,-1
1,appt,appt-online,7-9-4,"Tesla V100-SXM2-16GB",7.0,0,"v100-sm70","hierarchical-dataflow-appt-online","experimental",0.000000,"persistent CTA fold roles publish online-reordered packet groups without fold-wide barriers",hierarchical-dataflow,0,named-barrier,0,0,0,2,0,0,0,hermes-xor,inplace,radix4,64,20,1048576,4,576460756061519873,60,0,0,0,dataflow-radix4,"7+7+6","appt-online+appt-online+appt-online","256+256+256","8+8+8","16+16+16","4+4+4","2+2+2","1+1+1","7+9+4","ring+ring","2+2",8,0,2,5,5.458592,2.333901,2.335616,0.001715,5.096512,1713.868807,310.342039,1797121698.177869,fused,shoup,natural,-1
1,appt,appt-online,7-10-3,"Tesla V100-SXM2-16GB",7.0,0,"v100-sm70","hierarchical-dataflow-appt-online","experimental",0.000000,"persistent CTA fold roles publish online-reordered packet groups without fold-wide barriers",hierarchical-dataflow,0,named-barrier,0,0,0,2,0,0,0,hermes-xor,inplace,radix4,64,20,1048576,4,576460756061519873,60,0,0,0,dataflow-radix4,"7+7+6","appt-online+appt-online+appt-online","256+256+256","8+8+8","16+16+16","4+4+4","2+2+2","1+1+1","7+10+3","ring+ring","2+2",8,0,2,5,5.464608,2.949939,2.951521,0.001582,5.110496,1355.960127,295.747663,1421827245.647478,fused,shoup,natural,-1
1,appt,appt-online,8-3-9,"Tesla V100-SXM2-16GB",7.0,0,"v100-sm70","hierarchical-dataflow-appt-online","experimental",0.000000,"persistent CTA fold roles publish online-reordered packet groups without fold-wide barriers",hierarchical-dataflow,0,named-barrier,0,0,0,2,0,0,0,hermes-xor,inplace,radix4,64,20,1048576,4,576460756061519873,60,0,0,0,dataflow-radix4,"7+7+6","appt-online+appt-online+appt-online","256+256+256","8+8+8","16+16+16","4+4+4","2+2+2","1+1+1","8+3+9","ring+ring","2+2",8,0,2,5,5.467616,2.587034,2.588989,0.001955,5.107776,1546.172330,303.895346,1621279197.546800,fused,shoup,natural,-1
1,appt,appt-online,8-4-8,"Tesla V100-SXM2-16GB",7.0,0,"v100-sm70","hierarchical-dataflow-appt-online","experimental",0.000000,"persistent CTA fold roles publish online-reordered packet groups without fold-wide barriers",hierarchical-dataflow,0,named-barrier,0,0,0,2,0,0,0,hermes-xor,inplace,radix4,64,20,1048576,4,576460756061519873,60,0,0,0,dataflow-radix4,"7+7+6","appt-online+appt-online+appt-online","256+256+256","8+8+8","16+16+16","4+4+4","2+2+2","1+1+1","8+4+8","ring+ring","2+2",8,0,2,5,5.467520,2.126234,2.127946,0.001713,5.097056,1881.260856,315.188714,1972644983.097913,fused,shoup,natural,-1
1,appt,appt-online,8-5-7,"Tesla V100-SXM2-16GB",7.0,0,"v100-sm70","hierarchical-dataflow-appt-online","experimental",0.000000,"persistent CTA fold roles publish online-reordered packet groups without fold-wide barriers",hierarchical-dataflow,0,named-barrier,0,0,0,2,0,0,0,hermes-xor,inplace,radix4,64,20,1048576,4,576460756061519873,60,0,0,0,dataflow-radix4,"7+7+6","appt-online+appt-online+appt-online","256+256+256","8+8+8","16+16+16","4+4+4","2+2+2","1+1+1","8+5+7","ring+ring","2+2",8,0,2,5,5.470368,2.156134,2.157648,0.001514,5.116992,1855.171951,313.885651,1945288783.582166,fused,shoup,natural,-1
1,appt,appt-online,8-6-6,"Tesla V100-SXM2-16GB",7.0,0,"v100-sm70","hierarchical-dataflow-appt-online","experimental",0.000000,"persistent CTA fold roles publish online-reordered packet groups without fold-wide barriers",hierarchical-dataflow,0,named-barrier,0,0,0,2,0,0,0,hermes-xor,inplace,radix4,64,20,1048576,4,576460756061519873,60,0,0,0,dataflow-radix4,"7+7+6","appt-online+appt-online+appt-online","256+256+256","8+8+8","16+16+16","4+4+4","2+2+2","1+1+1","8+6+6","ring+ring","2+2",8,0,2,5,5.456192,2.127462,2.129076,0.001613,5.104960,1880.174251,315.243248,1971505595.333704,fused,shoup,natural,-1
1,appt,appt-online,8-7-5,"Tesla V100-SXM2-16GB",7.0,0,"v100-sm70","hierarchical-dataflow-appt-online","experimental",0.000000,"persistent CTA fold roles publish online-reordered packet groups without fold-wide barriers",hierarchical-dataflow,0,named-barrier,0,0,0,2,0,0,0,hermes-xor,inplace,radix4,64,20,1048576,4,576460756061519873,60,0,0,0,dataflow-radix4,"7+7+6","appt-online+appt-online+appt-online","256+256+256","8+8+8","16+16+16","4+4+4","2+2+2","1+1+1","8+7+5","ring+ring","2+2",8,0,2,5,5.456160,2.226790,2.228478,0.001688,5.095840,1796.307344,313.018670,1883564769.704308,fused,shoup,natural,-1
1,appt,appt-online,8-8-4,"Tesla V100-SXM2-16GB",7.0,0,"v100-sm70","hierarchical-dataflow-appt-online","experimental",0.000000,"persistent CTA fold roles publish online-reordered packet groups without fold-wide barriers",hierarchical-dataflow,0,named-barrier,0,0,0,2,0,0,0,hermes-xor,inplace,radix4,64,20,1048576,4,576460756061519873,60,0,0,0,dataflow-radix4,"7+7+6","appt-online+appt-online+appt-online","256+256+256","8+8+8","16+16+16","4+4+4","2+2+2","1+1+1","8+8+4","ring+ring","2+2",8,0,2,5,5.469568,2.179072,2.180831,0.001759,5.114944,1835.643879,313.391607,1924812115.554904,fused,shoup,natural,-1
1,appt,appt-online,8-9-3,"Tesla V100-SXM2-16GB",7.0,0,"v100-sm70","hierarchical-dataflow-appt-online","experimental",0.000000,"persistent CTA fold roles publish online-reordered packet groups without fold-wide barriers",hierarchical-dataflow,0,named-barrier,0,0,0,2,0,0,0,hermes-xor,inplace,radix4,64,20,1048576,4,576460756061519873,60,0,0,0,dataflow-radix4,"7+7+6","appt-online+appt-online+appt-online","256+256+256","8+8+8","16+16+16","4+4+4","2+2+2","1+1+1","8+9+3","ring+ring","2+2",8,0,2,5,5.461952,2.716877,2.718479,0.001602,5.105088,1472.278787,301.115999,1543796201.786913,fused,shoup,natural,-1
1,appt,appt-online,9-3-8,"Tesla V100-SXM2-16GB",7.0,0,"v100-sm70","hierarchical-dataflow-appt-online","experimental",0.000000,"persistent CTA fold roles publish online-reordered packet groups without fold-wide barriers",hierarchical-dataflow,0,named-barrier,0,0,0,2,0,0,0,hermes-xor,inplace,radix4,64,20,1048576,4,576460756061519873,60,0,0,0,dataflow-radix4,"7+7+6","appt-online+appt-online+appt-online","256+256+256","8+8+8","16+16+16","4+4+4","2+2+2","1+1+1","9+3+8","ring+ring","2+2",8,0,2,5,5.455328,2.635366,2.636996,0.001630,5.099648,1517.815488,303.252173,1591544893.577507,fused,shoup,natural,-1
1,appt,appt-online,9-4-7,"Tesla V100-SXM2-16GB",7.0,0,"v100-sm70","hierarchical-dataflow-appt-online","experimental",0.000000,"persistent CTA fold roles publish online-reordered packet groups without fold-wide barriers",hierarchical-dataflow,0,named-barrier,0,0,0,2,0,0,0,hermes-xor,inplace,radix4,64,20,1048576,4,576460756061519873,60,0,0,0,dataflow-radix4,"7+7+6","appt-online+appt-online+appt-online","256+256+256","8+8+8","16+16+16","4+4+4","2+2+2","1+1+1","9+4+7","ring+ring","2+2",8,0,2,5,5.458976,2.232729,2.234366,0.001637,5.102656,1791.529210,312.637729,1878554532.543221,fused,shoup,natural,-1
1,appt,appt-online,9-5-6,"Tesla V100-SXM2-16GB",7.0,0,"v100-sm70","hierarchical-dataflow-appt-online","experimental",0.000000,"persistent CTA fold roles publish online-reordered packet groups without fold-wide barriers",hierarchical-dataflow,0,named-barrier,0,0,0,2,0,0,0,hermes-xor,inplace,radix4,64,20,1048576,4,576460756061519873,60,0,0,0,dataflow-radix4,"7+7+6","appt-online+appt-online+appt-online","256+256+256","8+8+8","16+16+16","4+4+4","2+2+2","1+1+1","9+5+6","ring+ring","2+2",8,0,2,5,5.457440,2.143642,2.145213,0.001572,5.097120,1865.983471,315.005241,1956625484.512270,fused,shoup,natural,-1
1,appt,appt-online,9-6-5,"Tesla V100-SXM2-16GB",7.0,0,"v100-sm70","hierarchical-dataflow-appt-online","experimental",0.000000,"persistent CTA fold roles publish online-reordered packet groups without fold-wide barriers",hierarchical-dataflow,0,named-barrier,0,0,0,2,0,0,0,hermes-xor,inplace,radix4,64,20,1048576,4,576460756061519873,60,0,0,0,dataflow-radix4,"7+7+6","appt-online+appt-online+appt-online","256+256+256","8+8+8","16+16+16","4+4+4","2+2+2","1+1+1","9+6+5","ring+ring","2+2",8,0,2,5,5.456288,2.260787,2.262319,0.001532,5.105216,1769.295188,311.956729,1855240471.024460,fused,shoup,natural,-1
1,appt,appt-online,9-7-4,"Tesla V100-SXM2-16GB",7.0,0,"v100-sm70","hierarchical-dataflow-appt-online","experimental",0.000000,"persistent CTA fold roles publish online-reordered packet groups without fold-wide barriers",hierarchical-dataflow,0,named-barrier,0,0,0,2,0,0,0,hermes-xor,inplace,radix4,64,20,1048576,4,576460756061519873,60,0,0,0,dataflow-radix4,"7+7+6","appt-online+appt-online+appt-online","256+256+256","8+8+8","16+16+16","4+4+4","2+2+2","1+1+1","9+7+4","ring+ring","2+2",8,0,2,5,5.455360,2.428314,2.430036,0.001722,5.097152,1647.233612,308.146803,1727249631.904532,fused,shoup,natural,-1
1,appt,appt-online,9-8-3,"Tesla V100-SXM2-16GB",7.0,0,"v100-sm70","hierarchical-dataflow-appt-online","experimental",0.000000,"persistent CTA fold roles publish online-reordered packet groups without fold-wide barriers",hierarchical-dataflow,0,named-barrier,0,0,0,2,0,0,0,hermes-xor,inplace,radix4,64,20,1048576,4,576460756061519873,60,0,0,0,dataflow-radix4,"7+7+6","appt-online+appt-online+appt-online","256+256+256","8+8+8","16+16+16","4+4+4","2+2+2","1+1+1","9+8+3","ring+ring","2+2",8,0,2,5,5.456672,2.690253,2.691684,0.001431,5.101536,1486.849127,301.921866,1559074310.695268,fused,shoup,natural,-1
1,appt,appt-online,10-3-7,"Tesla V100-SXM2-16GB",7.0,0,"v100-sm70","hierarchical-dataflow-appt-online","experimental",0.000000,"persistent CTA fold roles publish online-reordered packet groups without fold-wide barriers",hierarchical-dataflow,0,named-barrier,0,0,0,2,0,0,0,hermes-xor,inplace,radix4,64,20,1048576,4,576460756061519873,60,0,0,0,dataflow-radix4,"7+7+6","appt-online+appt-online+appt-online","256+256+256","8+8+8","16+16+16","4+4+4","2+2+2","1+1+1","10+3+7","ring+ring","2+2",8,0,2,5,5.476224,2.516787,2.518424,0.001637,5.114816,1589.327948,305.161179,1666531141.921360,fused,shoup,natural,-1
1,appt,appt-online,10-4-6,"Tesla V100-SXM2-16GB",7.0,0,"v100-sm70","hierarchical-dataflow-appt-online","experimental",0.000000,"persistent CTA fold roles publish online-reordered packet groups without fold-wide barriers",hierarchical-dataflow,0,named-barrier,0,0,0,2,0,0,0,hermes-xor,inplace,radix4,64,20,1048576,4,576460756061519873,60,0,0,0,dataflow-radix4,"7+7+6","appt-online+appt-online+appt-online","256+256+256","8+8+8","16+16+16","4+4+4","2+2+2","1+1+1","10+4+6","ring+ring","2+2",8,0,2,5,5.462976,2.054554,2.056056,0.001503,5.097056,1946.895023,317.093259,2041467395.285504,fused,shoup,natural,-1
1,appt,appt-online,10-5-5,"Tesla V100-SXM2-16GB",7.0,0,"v100-sm70","hierarchical-dataflow-appt-online","experimental",0.000000,"persistent CTA fold roles publish online-reordered packet groups without fold-wide barriers",hierarchical-dataflow,0,named-barrier,0,0,0,2,0,0,0,hermes-xor,inplace,radix4,64,20,1048576,4,576460756061519873,60,0,0,0,dataflow-radix4,"7+7+6","appt-online+appt-online+appt-online","256+256+256","8+8+8","16+16+16","4+4+4","2+2+2","1+1+1","10+5+5","ring+ring","2+2",8,0,2,5,5.469120,2.126029,2.127709,0.001680,5.108736,1881.442079,314.864315,1972835009.109463,fused,shoup,natural,-1
1,appt,appt-online,10-6-4,"Tesla V100-SXM2-16GB",7.0,0,"v100-sm70","hierarchical-dataflow-appt-online","experimental",0.000000,"persistent CTA fold roles publish online-reordered packet groups without fold-wide barriers",hierarchical-dataflow,0,named-barrier,0,0,0,2,0,0,0,hermes-xor,inplace,radix4,64,20,1048576,4,576460756061519873,60,0,0,0,dataflow-radix4,"7+7+6","appt-online+appt-online+appt-online","256+256+256","8+8+8","16+16+16","4+4+4","2+2+2","1+1+1","10+6+4","ring+ring","2+2",8,0,2,5,5.454528,2.286797,2.288391,0.001594,5.101408,1749.171586,311.460193,1834139344.991894,fused,shoup,natural,-1
1,appt,appt-online,10-7-3,"Tesla V100-SXM2-16GB",7.0,0,"v100-sm70","hierarchical-dataflow-appt-online","experimental",0.000000,"persistent CTA fold roles publish online-reordered packet groups without fold-wide barriers",hierarchical-dataflow,0,named-barrier,0,0,0,2,0,0,0,hermes-xor,inplace,radix4,64,20,1048576,4,576460756061519873,60,0,0,0,dataflow-radix4,"7+7+6","appt-online+appt-online+appt-online","256+256+256","8+8+8","16+16+16","4+4+4","2+2+2","1+1+1","10+7+3","ring+ring","2+2",8,0,2,5,5.457056,2.837504,2.839265,0.001761,5.097152,1409.689687,298.692202,1478166773.664240,fused,shoup,natural,-1
1,appt,appt-online-radix4,3-7-10,"Tesla V100-SXM2-16GB",7.0,0,"v100-sm70","hierarchical-dataflow-appt-online","experimental",0.000000,"persistent CTA fold roles publish online-reordered packet groups without fold-wide barriers",hierarchical-dataflow,0,named-barrier,0,0,0,2,0,0,0,hermes-xor,inplace,radix4,64,20,1048576,4,576460756061519873,60,0,0,0,dataflow-radix4,"7+7+6","appt-online-radix4+appt-online-radix4+appt-online-radix4","256+256+256","8+8+8","16+16+16","4+4+4","2+2+2","1+1+1","3+7+10","ring+ring","2+2",8,0,2,5,5.456288,1.569382,1.571079,0.001697,5.103680,2548.773279,329.778583,2672582489.880466,fused,shoup,natural,-1
1,appt,appt-online-radix4,3-8-9,"Tesla V100-SXM2-16GB",7.0,0,"v100-sm70","hierarchical-dataflow-appt-online","experimental",0.000000,"persistent CTA fold roles publish online-reordered packet groups without fold-wide barriers",hierarchical-dataflow,0,named-barrier,0,0,0,2,0,0,0,hermes-xor,inplace,radix4,64,20,1048576,4,576460756061519873,60,0,0,0,dataflow-radix4,"7+7+6","appt-online-radix4+appt-online-radix4+appt-online-radix4","256+256+256","8+8+8","16+16+16","4+4+4","2+2+2","1+1+1","3+8+9","ring+ring","2+2",8,0,2,5,5.472224,1.603994,1.605629,0.001635,5.098048,2493.775452,328.561900,2614913088.267991,fused,shoup,natural,-1
1,appt,appt-online-radix4,3-9-8,"Tesla V100-SXM2-16GB",7.0,0,"v100-sm70","hierarchical-dataflow-appt-online","experimental",0.000000,"persistent CTA fold roles publish online-reordered packet groups without fold-wide barriers",hierarchical-dataflow,0,named-barrier,0,0,0,2,0,0,0,hermes-xor,inplace,radix4,64,20,1048576,4,576460756061519873,60,0,0,0,dataflow-radix4,"7+7+6","appt-online-radix4+appt-online-radix4+appt-online-radix4","256+256+256","8+8+8","16+16+16","4+4+4","2+2+2","1+1+1","3+9+8","ring+ring","2+2",8,0,2,5,5.468768,1.601741,1.603574,0.001833,5.109824,2497.282898,328.398243,2618590912.373396,fused,shoup,natural,-1
1,appt,appt-online-radix4,3-10-7,"Tesla V100-SXM2-16GB",7.0,0,"v100-sm70","hierarchical-dataflow-appt-online","experimental",0.000000,"persistent CTA fold roles publish online-reordered packet groups without fold-wide barriers",hierarchical-dataflow,0,named-barrier,0,0,0,2,0,0,0,hermes-xor,inplace,radix4,64,20,1048576,4,576460756061519873,60,0,0,0,dataflow-radix4,"7+7+6","appt-online-radix4+appt-online-radix4+appt-online-radix4","256+256+256","8+8+8","16+16+16","4+4+4","2+2+2","1+1+1","3+10+7","ring+ring","2+2",8,0,2,5,5.466048,1.582694,1.584495,0.001800,5.109184,2527.335645,329.003484,2650103500.784953,fused,shoup,natural,-1
1,appt,appt-online-radix4,4-6-10,"Tesla V100-SXM2-16GB",7.0,0,"v100-sm70","hierarchical-dataflow-appt-online","experimental",0.000000,"persistent CTA fold roles publish online-reordered packet groups without fold-wide barriers",hierarchical-dataflow,0,named-barrier,0,0,0,2,0,0,0,hermes-xor,inplace,radix4,64,20,1048576,4,576460756061519873,60,0,0,0,dataflow-radix4,"7+7+6","appt-online-radix4+appt-online-radix4+appt-online-radix4","256+256+256","8+8+8","16+16+16","4+4+4","2+2+2","1+1+1","4+6+10","ring+ring","2+2",8,0,2,5,5.455584,1.407386,1.408938,0.001553,5.097728,2842.149326,334.428659,2980209572.045957,fused,shoup,natural,-1
1,appt,appt-online-radix4,4-7-9,"Tesla V100-SXM2-16GB",7.0,0,"v100-sm70","hierarchical-dataflow-appt-online","experimental",0.000000,"persistent CTA fold roles publish online-reordered packet groups without fold-wide barriers",hierarchical-dataflow,0,named-barrier,0,0,0,2,0,0,0,hermes-xor,inplace,radix4,64,20,1048576,4,576460756061519873,60,0,0,0,dataflow-radix4,"7+7+6","appt-online-radix4+appt-online-radix4+appt-online-radix4","256+256+256","8+8+8","16+16+16","4+4+4","2+2+2","1+1+1","4+7+9","ring+ring","2+2",8,0,2,5,5.454432,1.385267,1.386941,0.001674,5.095360,2887.529697,335.147067,3027794339.075130,fused,shoup,natural,-1
1,appt,appt-online-radix4,4-8-8,"Tesla V100-SXM2-16GB",7.0,0,"v100-sm70","hierarchical-dataflow-appt-online","experimental",0.000000,"persistent CTA fold roles publish online-reordered packet groups without fold-wide barriers",hierarchical-dataflow,0,named-barrier,0,0,0,2,0,0,0,hermes-xor,inplace,radix4,64,20,1048576,4,576460756061519873,60,0,0,0,dataflow-radix4,"7+7+6","appt-online-radix4+appt-online-radix4+appt-online-radix4","256+256+256","8+8+8","16+16+16","4+4+4","2+2+2","1+1+1","4+8+8","ring+ring","2+2",8,0,2,5,5.464832,1.376870,1.378512,0.001642,5.111872,2905.139088,334.627941,3046259124.337209,fused,shoup,natural,-1
1,appt,appt-online-radix4,4-9-7,"Tesla V100-SXM2-16GB",7.0,0,"v100-sm70","hierarchical-dataflow-appt-online","experimental",0.000000,"persistent CTA fold roles publish online-reordered packet groups without fold-wide barriers",hierarchical-dataflow,0,named-barrier,0,0,0,2,0,0,0,hermes-xor,inplace,radix4,64,20,1048576,4,576460756061519873,60,0,0,0,dataflow-radix4,"7+7+6","appt-online-radix4+appt-online-radix4+appt-online-radix4","256+256+256","8+8+8","16+16+16","4+4+4","2+2+2","1+1+1","4+9+7","ring+ring","2+2",8,0,2,5,5.475008,1.504870,1.506443,0.001573,5.109024,2658.036174,330.881981,2787152939.505225,fused,shoup,natural,-1
1,appt,appt-online-radix4,4-10-6,"Tesla V100-SXM2-16GB",7.0,0,"v100-sm70","hierarchical-dataflow-appt-online","experimental",0.000000,"persistent CTA fold roles publish online-reordered packet groups without fold-wide barriers",hierarchical-dataflow,0,named-barrier,0,0,0,2,0,0,0,hermes-xor,inplace,radix4,64,20,1048576,4,576460756061519873,60,0,0,0,dataflow-radix4,"7+7+6","appt-online-radix4+appt-online-radix4+appt-online-radix4","256+256+256","8+8+8","16+16+16","4+4+4","2+2+2","1+1+1","4+10+6","ring+ring","2+2",8,0,2,5,5.476256,1.463501,1.465199,0.001698,5.108704,2733.172520,331.992617,2865939107.977089,fused,shoup,natural,-1
1,appt,appt-online-radix4,5-5-10,"Tesla V100-SXM2-16GB",7.0,0,"v100-sm70","hierarchical-dataflow-appt-online","experimental",0.000000,"persistent CTA fold roles publish online-reordered packet groups without fold-wide barriers",hierarchical-dataflow,0,named-barrier,0,0,0,2,0,0,0,hermes-xor,inplace,radix4,64,20,1048576,4,576460756061519873,60,0,0,0,dataflow-radix4,"7+7+6","appt-online-radix4+appt-online-radix4+appt-online-radix4","256+256+256","8+8+8","16+16+16","4+4+4","2+2+2","1+1+1","5+5+10","ring+ring","2+2",8,0,2,5,5.459584,1.467392,1.469030,0.001638,5.103776,2725.924694,332.481290,2858339211.413478,fused,shoup,natural,-1
1,appt,appt-online-radix4,5-6-9,"Tesla V100-SXM2-16GB",7.0,0,"v100-sm70","hierarchical-dataflow-appt-online","experimental",0.000000,"persistent CTA fold roles publish online-reordered packet groups without fold-wide barriers",hierarchical-dataflow,0,named-barrier,0,0,0,2,0,0,0,hermes-xor,inplace,radix4,64,20,1048576,4,576460756061519873,60,0,0,0,dataflow-radix4,"7+7+6","appt-online-radix4+appt-online-radix4+appt-online-radix4","256+256+256","8+8+8","16+16+16","4+4+4","2+2+2","1+1+1","5+6+9","ring+ring","2+2",8,0,2,5,5.471968,1.385677,1.387392,0.001715,5.099488,2886.676149,334.528361,3026899329.461827,fused,shoup,natural,-1
1,appt,appt-online-radix4,5-7-8,"Tesla V100-SXM2-16GB",7.0,0,"v100-sm70","hierarchical-dataflow-appt-online","experimental",0.000000,"persistent CTA fold roles publish online-reordered packet groups without fold-wide barriers",hierarchical-dataflow,0,named-barrier,0,0,0,2,0,0,0,hermes-xor,inplace,radix4,64,20,1048576,4,576460756061519873,60,0,0,0,dataflow-radix4,"7+7+6","appt-online-radix4+appt-online-radix4+appt-online-radix4","256+256+256","8+8+8","16+16+16","4+4+4","2+2+2","1+1+1","5+7+8","ring+ring","2+2",8,0,2,5,5.468864,1.374413,1.376114,0.001701,5.109728,2910.333833,334.643894,3051706209.496583,fused,shoup,natural,-1
1,appt,appt-online-radix4,5-8-7,"Tesla V100-SXM2-16GB",7.0,0,"v100-sm70","hierarchical-dataflow-appt-online","experimental",0.000000,"persistent CTA fold roles publish online-reordered packet groups without fold-wide barriers",hierarchical-dataflow,0,named-barrier,0,0,0,2,0,0,0,hermes-xor,inplace,radix4,64,20,1048576,4,576460756061519873,60,0,0,0,dataflow-radix4,"7+7+6","appt-online-radix4+appt-online-radix4+appt-online-radix4","256+256+256","8+8+8","16+16+16","4+4+4","2+2+2","1+1+1","5+8+7","ring+ring","2+2",8,0,2,5,5.458208,1.435238,1.436762,0.001523,5.102528,2786.993511,333.445189,2922374507.903717,fused,shoup,natural,-1
1,appt,appt-online-radix4,5-9-6,"Tesla V100-SXM2-16GB",7.0,0,"v100-sm70","hierarchical-dataflow-appt-online","experimental",0.000000,"persistent CTA fold roles publish online-reordered packet groups without fold-wide barriers",hierarchical-dataflow,0,named-barrier,0,0,0,2,0,0,0,hermes-xor,inplace,radix4,64,20,1048576,4,576460756061519873,60,0,0,0,dataflow-radix4,"7+7+6","appt-online-radix4+appt-online-radix4+appt-online-radix4","256+256+256","8+8+8","16+16+16","4+4+4","2+2+2","1+1+1","5+9+6","ring+ring","2+2",8,0,2,5,5.468864,1.536614,1.538421,0.001807,5.109536,2603.125386,330.168815,2729574804.704650,fused,shoup,natural,-1
1,appt,appt-online-radix4,5-10-5,"Tesla V100-SXM2-16GB",7.0,0,"v100-sm70","hierarchical-dataflow-appt-online","experimental",0.000000,"persistent CTA fold roles publish online-reordered packet groups without fold-wide barriers",hierarchical-dataflow,0,named-barrier,0,0,0,2,0,0,0,hermes-xor,inplace,radix4,64,20,1048576,4,576460756061519873,60,0,0,0,dataflow-radix4,"7+7+6","appt-online-radix4+appt-online-radix4+appt-online-radix4","256+256+256","8+8+8","16+16+16","4+4+4","2+2+2","1+1+1","5+10+5","ring+ring","2+2",8,0,2,5,5.465408,1.651917,1.653478,0.001561,5.098272,2421.429367,327.450238,2539052719.702124,fused,shoup,natural,-1
1,appt,appt-online-radix4,6-4-10,"Tesla V100-SXM2-16GB",7.0,0,"v100-sm70","hierarchical-dataflow-appt-online","experimental",0.000000,"persistent CTA fold roles publish online-reordered packet groups without fold-wide barriers",hierarchical-dataflow,0,named-barrier,0,0,0,2,0,0,0,hermes-xor,inplace,radix4,64,20,1048576,4,576460756061519873,60,0,0,0,dataflow-radix4,"7+7+6","appt-online-radix4+appt-online-radix4+appt-online-radix4","256+256+256","8+8+8","16+16+16","4+4+4","2+2+2","1+1+1","6+4+10","ring+ring","2+2",8,0,2,5,5.470784,1.514291,1.515772,0.001481,5.098656,2641.499922,331.023574,2769813422.072229,fused,shoup,natural,-1
1,appt,appt-online-radix4,6-5-9,"Tesla V100-SXM2-16GB",7.0,0,"v100-sm70","hierarchical-dataflow-appt-online","experimental",0.000000,"persistent CTA fold roles publish online-reordered packet groups without fold-wide barriers",hierarchical-dataflow,0,named-barrier,0,0,0,2,0,0,0,hermes-xor,inplace,radix4,64,20,1048576,4,576460756061519873,60,0,0,0,dataflow-radix4,"7+7+6","appt-online-radix4+appt-online-radix4+appt-online-radix4","256+256+256","8+8+8","16+16+16","4+4+4","2+2+2","1+1+1","6+5+9","ring+ring","2+2",8,0,2,5,5.462304,1.444045,1.445596,0.001551,5.099072,2769.997109,333.182820,2904552488.584414,fused,shoup,natural,-1
1,appt,appt-online-radix4,6-6-8,"Tesla V100-SXM2-16GB",7.0,0,"v100-sm70","hierarchical-dataflow-appt-online","experimental",0.000000,"persistent CTA fold roles publish online-reordered packet groups without fold-wide barriers",hierarchical-dataflow,0,named-barrier,0,0,0,2,0,0,0,hermes-xor,inplace,radix4,64,20,1048576,4,576460756061519873,60,0,0,0,dataflow-radix4,"7+7+6","appt-online-radix4+appt-online-radix4+appt-online-radix4","256+256+256","8+8+8","16+16+16","4+4+4","2+2+2","1+1+1","6+6+8","ring+ring","2+2",8,0,2,5,5.469696,1.446912,1.448750,0.001838,5.111264,2764.508043,332.560896,2898796785.390957,fused,shoup,natural,-1
1,appt,appt-online-radix4,6-7-7,"Tesla V100-SXM2-16GB",7.0,0,"v100-sm70","hierarchical-dataflow-appt-online","experimental",0.000000,"persistent CTA fold roles publish online-reordered packet groups without fold-wide barriers",hierarchical-dataflow,0,named-barrier,0,0,0,2,0,0,0,hermes-xor,inplace,radix4,64,20,1048576,4,576460756061519873,60,0,0,0,dataflow-radix4,"7+7+6","appt-online-radix4+appt-online-radix4+appt-online-radix4","256+256+256","8+8+8","16+16+16","4+4+4","2+2+2","1+1+1","6+7+7","ring+ring","2+2",8,0,2,5,5.461376,1.445274,1.446899,0.001626,5.102720,2767.641985,333.073269,2902082962.273485,fused,shoup,natural,-1
1,appt,appt-online-radix4,6-8-6,"Tesla V100-SXM2-16GB",7.0,0,"v100-sm70","hierarchical-dataflow-appt-online","experimental",0.000000,"persistent CTA fold roles publish online-reordered packet groups without fold-wide barriers",hierarchical-dataflow,0,named-barrier,0,0,0,2,0,0,0,hermes-xor,inplace,radix4,64,20,1048576,4,576460756061519873,60,0,0,0,dataflow-radix4,"7+7+6","appt-online-radix4+appt-online-radix4+appt-online-radix4","256+256+256","8+8+8","16+16+16","4+4+4","2+2+2","1+1+1","6+8+6","ring+ring","2+2",8,0,2,5,5.470848,1.450189,1.451829,0.001640,5.102368,2758.261402,332.684465,2892246707.813340,fused,shoup,natural,-1
1,appt,appt-online-radix4,6-9-5,"Tesla V100-SXM2-16GB",7.0,0,"v100-sm70","hierarchical-dataflow-appt-online","experimental",0.000000,"persistent CTA fold roles publish online-reordered packet groups without fold-wide barriers",hierarchical-dataflow,0,named-barrier,0,0,0,2,0,0,0,hermes-xor,inplace,radix4,64,20,1048576,4,576460756061519873,60,0,0,0,dataflow-radix4,"7+7+6","appt-online-radix4+appt-online-radix4+appt-online-radix4","256+256+256","8+8+8","16+16+16","4+4+4","2+2+2","1+1+1","6+9+5","ring+ring","2+2",8,0,2,5,5.464288,1.775616,1.777253,0.001637,5.102528,2252.739268,324.085227,2362168330.564184,fused,shoup,natural,-1
1,appt,appt-online-radix4,6-10-4,"Tesla V100-SXM2-16GB",7.0,0,"v100-sm70","hierarchical-dataflow-appt-online","experimental",0.000000,"persistent CTA fold roles publish online-reordered packet groups without fold-wide barriers",hierarchical-dataflow,0,named-barrier,0,0,0,2,0,0,0,hermes-xor,inplace,radix4,64,20,1048576,4,576460756061519873,60,0,0,0,dataflow-radix4,"7+7+6","appt-online-radix4+appt-online-radix4+appt-online-radix4","256+256+256","8+8+8","16+16+16","4+4+4","2+2+2","1+1+1","6+10+4","ring+ring","2+2",8,0,2,5,5.468128,1.821696,1.823312,0.001616,5.102560,2195.755991,322.778886,2302417033.886346,fused,shoup,natural,-1
1,appt,appt-online-radix4,7-3-10,"Tesla V100-SXM2-16GB",7.0,0,"v100-sm70","hierarchical-dataflow-appt-online","experimental",0.000000,"persistent CTA fold roles publish online-reordered packet groups without fold-wide barriers",hierarchical-dataflow,0,named-barrier,0,0,0,2,0,0,0,hermes-xor,inplace,radix4,64,20,1048576,4,576460756061519873,60,0,0,0,dataflow-radix4,"7+7+6","appt-online-radix4+appt-online-radix4+appt-online-radix4","256+256+256","8+8+8","16+16+16","4+4+4","2+2+2","1+1+1","7+3+10","ring+ring","2+2",8,0,2,5,5.464256,1.832960,1.834338,0.001378,5.097024,2182.262700,322.730567,2288268293.292227,fused,shoup,natural,-1
1,appt,appt-online-radix4,7-4-9,"Tesla V100-SXM2-16GB",7.0,0,"v100-sm70","hierarchical-dataflow-appt-online","experimental",0.000000,"persistent CTA fold roles publish online-reordered packet groups without fold-wide barriers",hierarchical-dataflow,0,named-barrier,0,0,0,2,0,0,0,hermes-xor,inplace,radix4,64,20,1048576,4,576460756061519873,60,0,0,0,dataflow-radix4,"7+7+6","appt-online-radix4+appt-online-radix4+appt-online-radix4","256+256+256","8+8+8","16+16+16","4+4+4","2+2+2","1+1+1","7+4+9","ring+ring","2+2",8,0,2,5,5.455072,1.576550,1.578246,0.001696,5.098656,2537.185040,329.753353,2660431340.768055,fused,shoup,natural,-1
1,appt,appt-online-radix4,7-5-8,"Tesla V100-SXM2-16GB",7.0,0,"v100-sm70","hierarchical-dataflow-appt-online","experimental",0.000000,"persistent CTA fold roles publish online-reordered packet groups without fold-wide barriers",hierarchical-dataflow,0,named-barrier,0,0,0,2,0,0,0,hermes-xor,inplace,radix4,64,20,1048576,4,576460756061519873,60,0,0,0,dataflow-radix4,"7+7+6","appt-online-radix4+appt-online-radix4+appt-online-radix4","256+256+256","8+8+8","16+16+16","4+4+4","2+2+2","1+1+1","7+5+8","ring+ring","2+2",8,0,2,5,5.464736,1.458995,1.460559,0.001564,5.099104,2741.612815,332.700229,2874789398.724187,fused,shoup,natural,-1
1,appt,appt-online-radix4,7-6-7,"Tesla V100-SXM2-16GB",7.0,0,"v100-sm70","hierarchical-dataflow-appt-online","experimental",0.000000,"persistent CTA fold roles publish online-reordered packet groups without fold-wide barriers",hierarchical-dataflow,0,named-barrier,0,0,0,2,0,0,0,hermes-xor,inplace,radix4,64,20,1048576,4,576460756061519873,60,0,0,0,dataflow-radix4,"7+7+6","appt-online-radix4+appt-online-radix4+appt-online-radix4","256+256+256","8+8+8","16+16+16","4+4+4","2+2+2","1+1+1","7+6+7","ring+ring","2+2",8,0,2,5,5.461504,1.532518,1.534045,0.001526,5.110464,2610.082877,330.455985,2736870262.709386,fused,shoup,natural,-1
1,appt,appt-online-radix4,7-7-6,"Tesla V100-SXM2-16GB",7.0,0,"v100-sm70","hierarchical-dataflow-appt-online","experimental",0.000000,"persistent CTA fold roles publish online-reordered packet groups without fold-wide barriers",hierarchical-dataflow,0,named-barrier,0,0,0,2,0,0,0,hermes-xor,inplace,radix4,64,20,1048576,4,576460756061519873,60,0,0,0,dataflow-radix4,"7+7+6","appt-online-radix4+appt-online-radix4+appt-online-radix4","256+256+256","8+8+8","16+16+16","4+4+4","2+2+2","1+1+1","7+7+6","ring+ring","2+2",8,0,2,5,5.466208,1.519616,1.521351,0.001735,5.115776,2632.243922,330.534804,2760107802.535454,fused,shoup,natural,-1
1,appt,appt-online-radix4,7-8-5,"Tesla V100-SXM2-16GB",7.0,0,"v100-sm70","hierarchical-dataflow-appt-online","experimental",0.000000,"persistent CTA fold roles publish online-reordered packet groups without fold-wide barriers",hierarchical-dataflow,0,named-barrier,0,0,0,2,0,0,0,hermes-xor,inplace,radix4,64,20,1048576,4,576460756061519873,60,0,0,0,dataflow-radix4,"7+7+6","appt-online-radix4+appt-online-radix4+appt-online-radix4","256+256+256","8+8+8","16+16+16","4+4+4","2+2+2","1+1+1","7+8+5","ring+ring","2+2",8,0,2,5,5.469792,1.670554,1.672281,0.001728,5.109376,2394.415889,326.538038,2510727035.523943,fused,shoup,natural,-1
1,appt,appt-online-radix4,7-9-4,"Tesla V100-SXM2-16GB",7.0,0,"v100-sm70","hierarchical-dataflow-appt-online","experimental",0.000000,"persistent CTA fold roles publish online-reordered packet groups without fold-wide barriers",hierarchical-dataflow,0,named-barrier,0,0,0,2,0,0,0,hermes-xor,inplace,radix4,64,20,1048576,4,576460756061519873,60,0,0,0,dataflow-radix4,"7+7+6","appt-online-radix4+appt-online-radix4+appt-online-radix4","256+256+256","8+8+8","16+16+16","4+4+4","2+2+2","1+1+1","7+9+4","ring+ring","2+2",8,0,2,5,5.462720,1.842176,1.843773,0.001597,5.104384,2171.345098,322.339412,2276820357.242434,fused,shoup,natural,-1
1,appt,appt-online-radix4,7-10-3,"Tesla V100-SXM2-16GB",7.0,0,"v100-sm70","hierarchical-dataflow-appt-online","experimental",0.000000,"persistent CTA fold roles publish online-reordered packet groups without fold-wide barriers",hierarchical-dataflow,0,named-barrier,0,0,0,2,0,0,0,hermes-xor,inplace,radix4,64,20,1048576,4,576460756061519873,60,0,0,0,dataflow-radix4,"7+7+6","appt-online-radix4+appt-online-radix4+appt-online-radix4","256+256+256","8+8+8","16+16+16","4+4+4","2+2+2","1+1+1","7+10+3","ring+ring","2+2",8,0,2,5,5.466912,2.346394,2.348025,0.001631,5.115072,1704.743835,309.396914,1787553472.037562,fused,shoup,natural,-1
1,appt,appt-online-radix4,8-3-9,"Tesla V100-SXM2-16GB",7.0,0,"v100-sm70","hierarchical-dataflow-appt-online","experimental",0.000000,"persistent CTA fold roles publish online-reordered packet groups without fold-wide barriers",hierarchical-dataflow,0,named-barrier,0,0,0,2,0,0,0,hermes-xor,inplace,radix4,64,20,1048576,4,576460756061519873,60,0,0,0,dataflow-radix4,"7+7+6","appt-online-radix4+appt-online-radix4+appt-online-radix4","256+256+256","8+8+8","16+16+16","4+4+4","2+2+2","1+1+1","8+3+9","ring+ring","2+2",8,0,2,5,5.461632,1.880064,1.881776,0.001712,5.108896,2127.587134,321.269875,2230936806.569983,fused,shoup,natural,-1
1,appt,appt-online-radix4,8-4-8,"Tesla V100-SXM2-16GB",7.0,0,"v100-sm70","hierarchical-dataflow-appt-online","experimental",0.000000,"persistent CTA fold roles publish online-reordered packet groups without fold-wide barriers",hierarchical-dataflow,0,named-barrier,0,0,0,2,0,0,0,hermes-xor,inplace,radix4,64,20,1048576,4,576460756061519873,60,0,0,0,dataflow-radix4,"7+7+6","appt-online-radix4+appt-online-radix4+appt-online-radix4","256+256+256","8+8+8","16+16+16","4+4+4","2+2+2","1+1+1","8+4+8","ring+ring","2+2",8,0,2,5,5.459168,1.545216,1.546923,0.001707,5.098464,2588.634917,330.500724,2714380447.041944,fused,shoup,natural,-1
1,appt,appt-online-radix4,8-5-7,"Tesla V100-SXM2-16GB",7.0,0,"v100-sm70","hierarchical-dataflow-appt-online","experimental",0.000000,"persistent CTA fold roles publish online-reordered packet groups without fold-wide barriers",hierarchical-dataflow,0,named-barrier,0,0,0,2,0,0,0,hermes-xor,inplace,radix4,64,20,1048576,4,576460756061519873,60,0,0,0,dataflow-radix4,"7+7+6","appt-online-radix4+appt-online-radix4+appt-online-radix4","256+256+256","8+8+8","16+16+16","4+4+4","2+2+2","1+1+1","8+5+7","ring+ring","2+2",8,0,2,5,5.476736,1.571635,1.573401,0.001766,5.115712,2545.119810,328.836941,2668751550.295240,fused,shoup,natural,-1
1,appt,appt-online-radix4,8-6-6,"Tesla V100-SXM2-16GB",7.0,0,"v100-sm70","hierarchical-dataflow-appt-online","experimental",0.000000,"persistent CTA fold roles publish online-reordered packet groups without fold-wide barriers",hierarchical-dataflow,0,named-barrier,0,0,0,2,0,0,0,hermes-xor,inplace,radix4,64,20,1048576,4,576460756061519873,60,0,0,0,dataflow-radix4,"7+7+6","appt-online-radix4+appt-online-radix4+appt-online-radix4","256+256+256","8+8+8","16+16+16","4+4+4","2+2+2","1+1+1","8+6+6","ring+ring","2+2",8,0,2,5,5.456960,1.527603,1.529164,0.001561,5.097952,2618.480912,331.056893,2745676240.781960,fused,shoup,natural,-1
1,appt,appt-online-radix4,8-7-5,"Tesla V100-SXM2-16GB",7.0,0,"v100-sm70","hierarchical-dataflow-appt-online","experimental",0.000000,"persistent CTA fold roles publish online-reordered packet groups without fold-wide barriers",hierarchical-dataflow,0,named-barrier,0,0,0,2,0,0,0,hermes-xor,inplace,radix4,64,20,1048576,4,576460756061519873,60,0,0,0,dataflow-radix4,"7+7+6","appt-online-radix4+appt-online-radix4+appt-online-radix4","256+256+256","8+8+8","16+16+16","4+4+4","2+2+2","1+1+1","8+7+5","ring+ring","2+2",8,0,2,5,5.470880,1.658880,1.660488,0.001608,5.110912,2411.265439,326.779448,2528395068.821721,fused,shoup,natural,-1
1,appt,appt-online-radix4,8-8-4,"Tesla V100-SXM2-16GB",7.0,0,"v100-sm70","hierarchical-dataflow-appt-online","experimental",0.000000,"persistent CTA fold roles publish online-reordered packet groups without fold-wide barriers",hierarchical-dataflow,0,named-barrier,0,0,0,2,0,0,0,hermes-xor,inplace,radix4,64,20,1048576,4,576460756061519873,60,0,0,0,dataflow-radix4,"7+7+6","appt-online-radix4+appt-online-radix4+appt-online-radix4","256+256+256","8+8+8","16+16+16","4+4+4","2+2+2","1+1+1","8+8+4","ring+ring","2+2",8,0,2,5,5.460256,1.702707,1.704505,0.001797,5.102304,2349.200019,326.124158,2463314759.403121,fused,shoup,natural,-1
1,appt,appt-online-radix4,8-9-3,"Tesla V100-SXM2-16GB",7.0,0,"v100-sm70","hierarchical-dataflow-appt-online","experimental",0.000000,"persistent CTA fold roles publish online-reordered packet groups without fold-wide barriers",hierarchical-dataflow,0,named-barrier,0,0,0,2,0,0,0,hermes-xor,inplace,radix4,64,20,1048576,4,576460756061519873,60,0,0,0,dataflow-radix4,"7+7+6","appt-online-radix4+appt-online-radix4+appt-online-radix4","256+256+256","8+8+8","16+16+16","4+4+4","2+2+2","1+1+1","8+9+3","ring+ring","2+2",8,0,2,5,5.472320,2.143027,2.144731,0.001704,5.103072,1866.518655,314.504492,1957186665.640467,fused,shoup,natural,-1
1,appt,appt-online-radix4,9-3-8,"Tesla V100-SXM2-16GB",7.0,0,"v100-sm70","hierarchical-dataflow-appt-online","experimental",0.000000,"persistent CTA fold roles publish online-reordered packet groups without fold-wide barriers",hierarchical-dataflow,0,named-barrier,0,0,0,2,0,0,0,hermes-xor,inplace,radix4,64,20,1048576,4,576460756061519873,60,0,0,0,dataflow-radix4,"7+7+6","appt-online-radix4+appt-online-radix4+appt-online-radix4","256+256+256","8+8+8","16+16+16","4+4+4","2+2+2","1+1+1","9+3+8","ring+ring","2+2",8,0,2,5,5.464992,1.913242,1.914604,0.001362,5.109440,2090.692544,320.315869,2192250025.068298,fused,shoup,natural,-1
1,appt,appt-online-radix4,9-4-7,"Tesla V100-SXM2-16GB",7.0,0,"v100-sm70","hierarchical-dataflow-appt-online","experimental",0.000000,"persistent CTA fold roles publish online-reordered packet groups without fold-wide barriers",hierarchical-dataflow,0,named-barrier,0,0,0,2,0,0,0,hermes-xor,inplace,radix4,64,20,1048576,4,576460756061519873,60,0,0,0,dataflow-radix4,"7+7+6","appt-online-radix4+appt-online-radix4+appt-online-radix4","256+256+256","8+8+8","16+16+16","4+4+4","2+2+2","1+1+1","9+4+7","ring+ring","2+2",8,0,2,5,5.464832,1.667277,1.668757,0.001481,5.110752,2399.121816,326.721026,2515661557.069071,fused,shoup,natural,-1
1,appt,appt-online-radix4,9-5-6,"Tesla V100-SXM2-16GB",7.0,0,"v100-sm70","hierarchical-dataflow-appt-online","experimental",0.000000,"persistent CTA fold roles publish online-reordered packet groups without fold-wide barriers",hierarchical-dataflow,0,named-barrier,0,0,0,2,0,0,0,hermes-xor,inplace,radix4,64,20,1048576,4,576460756061519873,60,0,0,0,dataflow-radix4,"7+7+6","appt-online-radix4+appt-online-radix4+appt-online-radix4","256+256+256","8+8+8","16+16+16","4+4+4","2+2+2","1+1+1","9+5+6","ring+ring","2+2",8,0,2,5,5.460992,1.636966,1.638591,0.001624,5.096864,2443.544429,328.008056,2562242043.587220,fused,shoup,natural,-1
1,appt,appt-online-radix4,9-6-5,"Tesla V100-SXM2-16GB",7.0,0,"v100-sm70","hierarchical-dataflow-appt-online","experimental",0.000000,"persistent CTA fold roles publish online-reordered packet groups without fold-wide barriers",hierarchical-dataflow,0,named-barrier,0,0,0,2,0,0,0,hermes-xor,inplace,radix4,64,20,1048576,4,576460756061519873,60,0,0,0,dataflow-radix4,"7+7+6","appt-online-radix4+appt-online-radix4+appt-online-radix4","256+256+256","8+8+8","16+16+16","4+4+4","2+2+2","1+1+1","9+6+5","ring+ring","2+2",8,0,2,5,5.460704,1.625088,1.626810,0.001722,5.099360,2461.405203,328.268376,2580970421.766188,fused,shoup,natural,-1
1,appt,appt-online-radix4,9-7-4,"Tesla V100-SXM2-16GB",7.0,0,"v100-sm70","hierarchical-dataflow-appt-online","experimental",0.000000,"persistent CTA fold roles publish online-reordered packet groups without fold-wide barriers",hierarchical-dataflow,0,named-barrier,0,0,0,2,0,0,0,hermes-xor,inplace,radix4,64,20,1048576,4,576460756061519873,60,0,0,0,dataflow-radix4,"7+7+6","appt-online-radix4+appt-online-radix4+appt-online-radix4","256+256+256","8+8+8","16+16+16","4+4+4","2+2+2","1+1+1","9+7+4","ring+ring","2+2",8,0,2,5,5.461024,1.813709,1.815534,0.001825,5.101824,2205.425577,323.191672,2312556329.601782,fused,shoup,natural,-1
1,appt,appt-online-radix4,9-8-3,"Tesla V100-SXM2-16GB",7.0,0,"v100-sm70","hierarchical-dataflow-appt-online","experimental",0.000000,"persistent CTA fold roles publish online-reordered packet groups without fold-wide barriers",hierarchical-dataflow,0,named-barrier,0,0,0,2,0,0,0,hermes-xor,inplace,radix4,64,20,1048576,4,576460756061519873,60,0,0,0,dataflow-radix4,"7+7+6","appt-online-radix4+appt-online-radix4+appt-online-radix4","256+256+256","8+8+8","16+16+16","4+4+4","2+2+2","1+1+1","9+8+3","ring+ring","2+2",8,0,2,5,5.467520,2.096128,2.097828,0.001700,5.106688,1908.280422,315.698015,2000977052.067848,fused,shoup,natural,-1
1,appt,appt-online-radix4,10-3-7,"Tesla V100-SXM2-16GB",7.0,0,"v100-sm70","hierarchical-dataflow-appt-online","experimental",0.000000,"persistent CTA fold roles publish online-reordered packet groups without fold-wide barriers",hierarchical-dataflow,0,named-barrier,0,0,0,2,0,0,0,hermes-xor,inplace,radix4,64,20,1048576,4,576460756061519873,60,0,0,0,dataflow-radix4,"7+7+6","appt-online-radix4+appt-online-radix4+appt-online-radix4","256+256+256","8+8+8","16+16+16","4+4+4","2+2+2","1+1+1","10+3+7","ring+ring","2+2",8,0,2,5,5.468896,1.814323,1.815885,0.001561,5.098080,2204.678874,323.067872,2311773354.572899,fused,shoup,natural,-1
1,appt,appt-online-radix4,10-4-6,"Tesla V100-SXM2-16GB",7.0,0,"v100-sm70","hierarchical-dataflow-appt-online","experimental",0.000000,"persistent CTA fold roles publish online-reordered packet groups without fold-wide barriers",hierarchical-dataflow,0,named-barrier,0,0,0,2,0,0,0,hermes-xor,inplace,radix4,64,20,1048576,4,576460756061519873,60,0,0,0,dataflow-radix4,"7+7+6","appt-online-radix4+appt-online-radix4+appt-online-radix4","256+256+256","8+8+8","16+16+16","4+4+4","2+2+2","1+1+1","10+4+6","ring+ring","2+2",8,0,2,5,5.463200,1.439130,1.440698,0.001568,5.099680,2779.457823,333.277520,2914472766.222559,fused,shoup,natural,-1
1,appt,appt-online-radix4,10-5-5,"Tesla V100-SXM2-16GB",7.0,0,"v100-sm70","hierarchical-dataflow-appt-online","experimental",0.000000,"persistent CTA fold roles publish online-reordered packet groups without fold-wide barriers",hierarchical-dataflow,0,named-barrier,0,0,0,2,0,0,0,hermes-xor,inplace,radix4,64,20,1048576,4,576460756061519873,60,0,0,0,dataflow-radix4,"7+7+6","appt-online-radix4+appt-online-radix4+appt-online-radix4","256+256+256","8+8+8","16+16+16","4+4+4","2+2+2","1+1+1","10+5+5","ring+ring","2+2",8,0,2,5,5.465824,1.552384,1.553968,0.001584,5.101728,2576.682027,330.034743,2701846932.808164,fused,shoup,natural,-1
1,appt,appt-online-radix4,10-6-4,"Tesla V100-SXM2-16GB",7.0,0,"v100-sm70","hierarchical-dataflow-appt-online","experimental",0.000000,"persistent CTA fold roles publish online-reordered packet groups without fold-wide barriers",hierarchical-dataflow,0,named-barrier,0,0,0,2,0,0,0,hermes-xor,inplace,radix4,64,20,1048576,4,576460756061519873,60,0,0,0,dataflow-radix4,"7+7+6","appt-online-radix4+appt-online-radix4+appt-online-radix4","256+256+256","8+8+8","16+16+16","4+4+4","2+2+2","1+1+1","10+6+4","ring+ring","2+2",8,0,2,5,5.458560,1.714790,1.716384,0.001594,5.110304,2332.646678,325.635998,2445957323.058716,fused,shoup,natural,-1
1,appt,appt-online-radix4,10-7-3,"Tesla V100-SXM2-16GB",7.0,0,"v100-sm70","hierarchical-dataflow-appt-online","experimental",0.000000,"persistent CTA fold roles publish online-reordered packet groups without fold-wide barriers",hierarchical-dataflow,0,named-barrier,0,0,0,2,0,0,0,hermes-xor,inplace,radix4,64,20,1048576,4,576460756061519873,60,0,0,0,dataflow-radix4,"7+7+6","appt-online-radix4+appt-online-radix4+appt-online-radix4","256+256+256","8+8+8","16+16+16","4+4+4","2+2+2","1+1+1","10+7+3","ring+ring","2+2",8,0,2,5,5.472608,2.132787,2.134361,0.001574,5.100192,1875.480099,314.822123,1966583419.884595,fused,shoup,natural,-1
