trial,variant,scan_data_time,roles,device,compute_capability,auto_select,selection_target,selected_implementation,selection_confidence,predicted_kernel_ms,selection_reason,backend,stage_space,stage_handoff,flow_tile_log,data_space,role_stages,target_ctas_per_sm,data_time,token_interleave,pipeline_buffers,dataflow_layout,dataflow_state,compute_unit,word_bits,logN,N,batch,modulus,modulus_bits,n1_log,rows_per_block,threads_per_block,hierarchical_core,stage_partition,segment_cores,segment_threads,segment_units,segment_data_space,segment_data_time,segment_role_stages,segment_token_interleave,segment_cta_weights,boundary_storage,boundary_buffers,ready_window,inverse,warmup,repeat,h2d_ms,kernel_ms,timed_region_wall_ms,host_timing_overhead_ms,appt_producer_weight,appt_tail_weight,appt_writer_weight,appt_fragment_width,appt_writer_tiles,input_order,output_order,appt_layout_id,d2h_ms,kernel_ntt_s,end_to_end_ntt_s,kernel_points_s,cross_twiddle,mod_multiply,correct
1,v06,0,9-11,"Tesla V100-SXM2-16GB",7.0,0,"v100-sm70","hierarchical-dataflow-wave-10x10-resident-radix4","experimental",0.000000,"transform-wave readiness with the generated resident radix-4 core",hierarchical-dataflow,0,named-barrier,0,0,0,4,0,0,0,hermes-xor,inplace,radix4,32,20,1048576,1,998244353,30,0,0,0,dataflow-radix4,"10+10","dataflow-radix4+dataflow-radix4","256+256","1+1","0+0","0+0","0+0","0+0","9+11","full-scratch","1",8,0,3,20,0.786464,0.147814,0.148245,0.000431,0,0,0,0,0,natural,natural,"",0.724160,6765.240371,602.976873,7093868686.958028,fused,shoup,-1
1,writer-final,1,6-12-4,"Tesla V100-SXM2-16GB",7.0,0,"v100-sm70","hierarchical-dataflow-appt-online-register-tail-grouped-writer-final","experimental",0.000000,"persistent CTA fold roles publish online-reordered packet groups without fold-wide barriers",hierarchical-dataflow,0,named-barrier,0,0,0,3,0,0,0,hermes-xor,inplace,radix4,32,20,1048576,1,998244353,30,0,0,0,dataflow-radix4,"7+7+6","appt-online-register-tail-grouped-writer-final+appt-online-register-tail-grouped-writer-final+appt-online-register-tail-grouped-writer-final","256+256+256","8+8+8","32+16+16","1+1+1","2+2+2","1+1+1","8+6+6","ring+ring","2+2",8,0,3,20,0.798048,0.175923,0.176397,0.000474,6,12,4,8,1,natural,natural,"appt-ntt-log20-7x7x6-xor-fw8-v1",0.733024,5684.298653,585.824722,5960419144.091914,fused,shoup,-1
1,data-time,1,6-12-4,"Tesla V100-SXM2-16GB",7.0,0,"v100-sm70","hierarchical-dataflow-appt-online-register-tail-grouped-writer-final-data-time","experimental",0.000000,"persistent CTA fold roles publish online-reordered packet groups without fold-wide barriers",hierarchical-dataflow,0,named-barrier,0,0,0,3,0,0,0,hermes-xor,inplace,radix4,32,20,1048576,1,998244353,30,0,0,0,dataflow-radix4,"7+7+6","appt-online-register-tail-grouped-writer-final-data-time+appt-online-register-tail-grouped-writer-final-data-time+appt-online-register-tail-grouped-writer-final-data-time","256+256+256","8+8+8","32+16+16","1+1+1","2+2+2","1+1+1","8+6+6","ring+ring","2+2",8,0,3,20,0.794880,0.175821,0.176372,0.000551,6,12,4,8,1,natural,natural,"appt-ntt-log20-7x7x6-xor-fw8-v1",0.729376,5687.609277,588.208725,5963890585.331432,fused,shoup,-1
1,data-time,1,6-11-5,"Tesla V100-SXM2-16GB",7.0,0,"v100-sm70","hierarchical-dataflow-appt-online-register-tail-grouped-writer-final-data-time","experimental",0.000000,"persistent CTA fold roles publish online-reordered packet groups without fold-wide barriers",hierarchical-dataflow,0,named-barrier,0,0,0,3,0,0,0,hermes-xor,inplace,radix4,32,20,1048576,1,998244353,30,0,0,0,dataflow-radix4,"7+7+6","appt-online-register-tail-grouped-writer-final-data-time+appt-online-register-tail-grouped-writer-final-data-time+appt-online-register-tail-grouped-writer-final-data-time","256+256+256","8+8+8","32+16+16","1+1+1","2+2+2","1+1+1","8+6+6","ring+ring","2+2",8,0,3,20,0.793472,0.218214,0.218993,0.000779,6,11,5,8,1,natural,natural,"appt-ntt-log20-7x7x6-xor-fw8-v1",0.748576,4582.649145,568.097130,4805255910.062469,fused,shoup,-1
1,data-time,1,7-11-4,"Tesla V100-SXM2-16GB",7.0,0,"v100-sm70","hierarchical-dataflow-appt-online-register-tail-grouped-writer-final-data-time","experimental",0.000000,"persistent CTA fold roles publish online-reordered packet groups without fold-wide barriers",hierarchical-dataflow,0,named-barrier,0,0,0,3,0,0,0,hermes-xor,inplace,radix4,32,20,1048576,1,998244353,30,0,0,0,dataflow-radix4,"7+7+6","appt-online-register-tail-grouped-writer-final-data-time+appt-online-register-tail-grouped-writer-final-data-time+appt-online-register-tail-grouped-writer-final-data-time","256+256+256","8+8+8","32+16+16","1+1+1","2+2+2","1+1+1","8+6+6","ring+ring","2+2",8,0,3,20,0.795488,0.222822,0.223386,0.000564,7,11,4,8,1,natural,natural,"appt-ntt-log20-7x7x6-xor-fw8-v1",0.731424,4487.879177,571.515320,4705882396.292792,fused,shoup,-1
1,data-time,2,6-12-4,"Tesla V100-SXM2-16GB",7.0,0,"v100-sm70","hierarchical-dataflow-appt-online-register-tail-grouped-writer-final-data-time","experimental",0.000000,"persistent CTA fold roles publish online-reordered packet groups without fold-wide barriers",hierarchical-dataflow,0,named-barrier,0,0,0,3,0,0,0,hermes-xor,inplace,radix4,32,20,1048576,1,998244353,30,0,0,0,dataflow-radix4,"7+7+6","appt-online-register-tail-grouped-writer-final-data-time+appt-online-register-tail-grouped-writer-final-data-time+appt-online-register-tail-grouped-writer-final-data-time","256+256+256","8+8+8","32+16+16","2+2+2","2+2+2","1+1+1","8+6+6","ring+ring","2+2",8,0,3,20,0.794784,0.176435,0.176941,0.000506,6,12,4,8,1,natural,natural,"appt-ntt-log20-7x7x6-xor-fw8-v1",0.737312,5667.803174,585.298051,5943122381.323686,fused,shoup,-1
1,data-time,2,6-11-5,"Tesla V100-SXM2-16GB",7.0,0,"v100-sm70","hierarchical-dataflow-appt-online-register-tail-grouped-writer-final-data-time","experimental",0.000000,"persistent CTA fold roles publish online-reordered packet groups without fold-wide barriers",hierarchical-dataflow,0,named-barrier,0,0,0,3,0,0,0,hermes-xor,inplace,radix4,32,20,1048576,1,998244353,30,0,0,0,dataflow-radix4,"7+7+6","appt-online-register-tail-grouped-writer-final-data-time+appt-online-register-tail-grouped-writer-final-data-time+appt-online-register-tail-grouped-writer-final-data-time","256+256+256","8+8+8","32+16+16","2+2+2","2+2+2","1+1+1","8+6+6","ring+ring","2+2",8,0,3,20,0.797024,0.218368,0.218842,0.000474,6,11,5,8,1,natural,natural,"appt-ntt-log20-7x7x6-xor-fw8-v1",0.731072,4579.425374,572.585512,4801875540.675383,fused,shoup,-1
1,data-time,2,7-11-4,"Tesla V100-SXM2-16GB",7.0,0,"v100-sm70","hierarchical-dataflow-appt-online-register-tail-grouped-writer-final-data-time","experimental",0.000000,"persistent CTA fold roles publish online-reordered packet groups without fold-wide barriers",hierarchical-dataflow,0,named-barrier,0,0,0,3,0,0,0,hermes-xor,inplace,radix4,32,20,1048576,1,998244353,30,0,0,0,dataflow-radix4,"7+7+6","appt-online-register-tail-grouped-writer-final-data-time+appt-online-register-tail-grouped-writer-final-data-time+appt-online-register-tail-grouped-writer-final-data-time","256+256+256","8+8+8","32+16+16","2+2+2","2+2+2","1+1+1","8+6+6","ring+ring","2+2",8,0,3,20,0.794144,0.223334,0.223814,0.000479,7,11,4,8,1,natural,natural,"appt-ntt-log20-7x7x6-xor-fw8-v1",0.728704,4477.590518,572.677876,4695093954.774436,fused,shoup,-1
1,data-time,4,6-12-4,"Tesla V100-SXM2-16GB",7.0,0,"v100-sm70","hierarchical-dataflow-appt-online-register-tail-grouped-writer-final-data-time","experimental",0.000000,"persistent CTA fold roles publish online-reordered packet groups without fold-wide barriers",hierarchical-dataflow,0,named-barrier,0,0,0,3,0,0,0,hermes-xor,inplace,radix4,32,20,1048576,1,998244353,30,0,0,0,dataflow-radix4,"7+7+6","appt-online-register-tail-grouped-writer-final-data-time+appt-online-register-tail-grouped-writer-final-data-time+appt-online-register-tail-grouped-writer-final-data-time","256+256+256","8+8+8","32+16+16","4+4+4","2+2+2","1+1+1","8+6+6","ring+ring","2+2",8,0,3,20,0.793696,0.175923,0.176457,0.000534,6,12,4,8,1,natural,natural,"appt-ntt-log20-7x7x6-xor-fw8-v1",0.727040,5684.298653,589.393564,5960419144.091914,fused,shoup,-1
1,data-time,4,6-11-5,"Tesla V100-SXM2-16GB",7.0,0,"v100-sm70","hierarchical-dataflow-appt-online-register-tail-grouped-writer-final-data-time","experimental",0.000000,"persistent CTA fold roles publish online-reordered packet groups without fold-wide barriers",hierarchical-dataflow,0,named-barrier,0,0,0,3,0,0,0,hermes-xor,inplace,radix4,32,20,1048576,1,998244353,30,0,0,0,dataflow-radix4,"7+7+6","appt-online-register-tail-grouped-writer-final-data-time+appt-online-register-tail-grouped-writer-final-data-time+appt-online-register-tail-grouped-writer-final-data-time","256+256+256","8+8+8","32+16+16","4+4+4","2+2+2","1+1+1","8+6+6","ring+ring","2+2",8,0,3,20,0.797056,0.219443,0.219951,0.000508,6,11,5,8,1,natural,natural,"appt-ntt-log20-7x7x6-xor-fw8-v1",0.725152,4556.987826,574.167766,4778348066.168230,fused,shoup,-1
1,data-time,4,7-11-4,"Tesla V100-SXM2-16GB",7.0,0,"v100-sm70","hierarchical-dataflow-appt-online-register-tail-grouped-writer-final-data-time","experimental",0.000000,"persistent CTA fold roles publish online-reordered packet groups without fold-wide barriers",hierarchical-dataflow,0,named-barrier,0,0,0,3,0,0,0,hermes-xor,inplace,radix4,32,20,1048576,1,998244353,30,0,0,0,dataflow-radix4,"7+7+6","appt-online-register-tail-grouped-writer-final-data-time+appt-online-register-tail-grouped-writer-final-data-time+appt-online-register-tail-grouped-writer-final-data-time","256+256+256","8+8+8","32+16+16","4+4+4","2+2+2","1+1+1","8+6+6","ring+ring","2+2",8,0,3,20,0.795872,0.223027,0.223533,0.000506,7,11,4,8,1,natural,natural,"appt-ntt-log20-7x7x6-xor-fw8-v1",0.734112,4483.758045,570.447012,4701561075.595262,fused,shoup,-1
1,data-time,8,6-12-4,"Tesla V100-SXM2-16GB",7.0,0,"v100-sm70","hierarchical-dataflow-appt-online-register-tail-grouped-writer-final-data-time","experimental",0.000000,"persistent CTA fold roles publish online-reordered packet groups without fold-wide barriers",hierarchical-dataflow,0,named-barrier,0,0,0,3,0,0,0,hermes-xor,inplace,radix4,32,20,1048576,1,998244353,30,0,0,0,dataflow-radix4,"7+7+6","appt-online-register-tail-grouped-writer-final-data-time+appt-online-register-tail-grouped-writer-final-data-time+appt-online-register-tail-grouped-writer-final-data-time","256+256+256","8+8+8","32+16+16","8+8+8","2+2+2","1+1+1","8+6+6","ring+ring","2+2",8,0,3,20,0.794752,0.176026,0.176526,0.000500,6,12,4,8,1,natural,natural,"appt-ntt-log20-7x7x6-xor-fw8-v1",0.724736,5680.991880,589.791798,5956951741.790950,fused,shoup,-1
1,data-time,8,6-11-5,"Tesla V100-SXM2-16GB",7.0,0,"v100-sm70","hierarchical-dataflow-appt-online-register-tail-grouped-writer-final-data-time","experimental",0.000000,"persistent CTA fold roles publish online-reordered packet groups without fold-wide barriers",hierarchical-dataflow,0,named-barrier,0,0,0,3,0,0,0,hermes-xor,inplace,radix4,32,20,1048576,1,998244353,30,0,0,0,dataflow-radix4,"7+7+6","appt-online-register-tail-grouped-writer-final-data-time+appt-online-register-tail-grouped-writer-final-data-time+appt-online-register-tail-grouped-writer-final-data-time","256+256+256","8+8+8","32+16+16","8+8+8","2+2+2","1+1+1","8+6+6","ring+ring","2+2",8,0,3,20,0.794752,0.219085,0.219599,0.000514,6,11,5,8,1,natural,natural,"appt-ntt-log20-7x7x6-xor-fw8-v1",0.728864,4564.442331,573.821957,4786164681.804421,fused,shoup,-1
1,data-time,8,7-11-4,"Tesla V100-SXM2-16GB",7.0,0,"v100-sm70","hierarchical-dataflow-appt-online-register-tail-grouped-writer-final-data-time","experimental",0.000000,"persistent CTA fold roles publish online-reordered packet groups without fold-wide barriers",hierarchical-dataflow,0,named-barrier,0,0,0,3,0,0,0,hermes-xor,inplace,radix4,32,20,1048576,1,998244353,30,0,0,0,dataflow-radix4,"7+7+6","appt-online-register-tail-grouped-writer-final-data-time+appt-online-register-tail-grouped-writer-final-data-time+appt-online-register-tail-grouped-writer-final-data-time","256+256+256","8+8+8","32+16+16","8+8+8","2+2+2","1+1+1","8+6+6","ring+ring","2+2",8,0,3,20,0.791936,0.223334,0.223876,0.000542,7,11,4,8,1,natural,natural,"appt-ntt-log20-7x7x6-xor-fw8-v1",0.722816,4477.590518,575.345400,4695093954.774436,fused,shoup,-1
2,v06,0,9-11,"Tesla V100-SXM2-16GB",7.0,0,"v100-sm70","hierarchical-dataflow-wave-10x10-resident-radix4","experimental",0.000000,"transform-wave readiness with the generated resident radix-4 core",hierarchical-dataflow,0,named-barrier,0,0,0,4,0,0,0,hermes-xor,inplace,radix4,32,20,1048576,1,998244353,30,0,0,0,dataflow-radix4,"10+10","dataflow-radix4+dataflow-radix4","256+256","1+1","0+0","0+0","0+0","0+0","9+11","full-scratch","1",8,0,3,20,0.794912,0.147456,0.147897,0.000440,0,0,0,0,0,natural,natural,"",0.722144,6781.683788,600.776686,7111110859.585038,fused,shoup,-1
2,writer-final,1,6-12-4,"Tesla V100-SXM2-16GB",7.0,0,"v100-sm70","hierarchical-dataflow-appt-online-register-tail-grouped-writer-final","experimental",0.000000,"persistent CTA fold roles publish online-reordered packet groups without fold-wide barriers",hierarchical-dataflow,0,named-barrier,0,0,0,3,0,0,0,hermes-xor,inplace,radix4,32,20,1048576,1,998244353,30,0,0,0,dataflow-radix4,"7+7+6","appt-online-register-tail-grouped-writer-final+appt-online-register-tail-grouped-writer-final+appt-online-register-tail-grouped-writer-final","256+256+256","8+8+8","32+16+16","1+1+1","2+2+2","1+1+1","8+6+6","ring+ring","2+2",8,0,3,20,0.798048,0.175667,0.176178,0.000511,6,12,4,8,1,natural,natural,"appt-ntt-log20-7x7x6-xor-fw8-v1",0.723776,5692.582451,589.104674,5969105335.651235,fused,shoup,-1
2,data-time,1,6-12-4,"Tesla V100-SXM2-16GB",7.0,0,"v100-sm70","hierarchical-dataflow-appt-online-register-tail-grouped-writer-final-data-time","experimental",0.000000,"persistent CTA fold roles publish online-reordered packet groups without fold-wide barriers",hierarchical-dataflow,0,named-barrier,0,0,0,3,0,0,0,hermes-xor,inplace,radix4,32,20,1048576,1,998244353,30,0,0,0,dataflow-radix4,"7+7+6","appt-online-register-tail-grouped-writer-final-data-time+appt-online-register-tail-grouped-writer-final-data-time+appt-online-register-tail-grouped-writer-final-data-time","256+256+256","8+8+8","32+16+16","1+1+1","2+2+2","1+1+1","8+6+6","ring+ring","2+2",8,0,3,20,0.792192,0.176486,0.177017,0.000530,6,12,4,8,1,natural,natural,"appt-ntt-log20-7x7x6-xor-fw8-v1",0.728256,5666.158891,589.297981,5941398224.798422,fused,shoup,-1
2,data-time,1,6-11-5,"Tesla V100-SXM2-16GB",7.0,0,"v100-sm70","hierarchical-dataflow-appt-online-register-tail-grouped-writer-final-data-time","experimental",0.000000,"persistent CTA fold roles publish online-reordered packet groups without fold-wide barriers",hierarchical-dataflow,0,named-barrier,0,0,0,3,0,0,0,hermes-xor,inplace,radix4,32,20,1048576,1,998244353,30,0,0,0,dataflow-radix4,"7+7+6","appt-online-register-tail-grouped-writer-final-data-time+appt-online-register-tail-grouped-writer-final-data-time+appt-online-register-tail-grouped-writer-final-data-time","256+256+256","8+8+8","32+16+16","1+1+1","2+2+2","1+1+1","8+6+6","ring+ring","2+2",8,0,3,20,0.793696,0.217754,0.218252,0.000498,6,11,5,8,1,natural,natural,"appt-ntt-log20-7x7x6-xor-fw8-v1",0.730496,4592.346493,574.070747,4815424316.640910,fused,shoup,-1
2,data-time,1,7-11-4,"Tesla V100-SXM2-16GB",7.0,0,"v100-sm70","hierarchical-dataflow-appt-online-register-tail-grouped-writer-final-data-time","experimental",0.000000,"persistent CTA fold roles publish online-reordered packet groups without fold-wide barriers",hierarchical-dataflow,0,named-barrier,0,0,0,3,0,0,0,hermes-xor,inplace,radix4,32,20,1048576,1,998244353,30,0,0,0,dataflow-radix4,"7+7+6","appt-online-register-tail-grouped-writer-final-data-time+appt-online-register-tail-grouped-writer-final-data-time+appt-online-register-tail-grouped-writer-final-data-time","256+256+256","8+8+8","32+16+16","1+1+1","2+2+2","1+1+1","8+6+6","ring+ring","2+2",8,0,3,20,0.803648,0.222822,0.223340,0.000518,7,11,4,8,1,natural,natural,"appt-ntt-log20-7x7x6-xor-fw8-v1",0.733632,4487.879177,568.148755,4705882396.292792,fused,shoup,-1
2,data-time,2,6-12-4,"Tesla V100-SXM2-16GB",7.0,0,"v100-sm70","hierarchical-dataflow-appt-online-register-tail-grouped-writer-final-data-time","experimental",0.000000,"persistent CTA fold roles publish online-reordered packet groups without fold-wide barriers",hierarchical-dataflow,0,named-barrier,0,0,0,3,0,0,0,hermes-xor,inplace,radix4,32,20,1048576,1,998244353,30,0,0,0,dataflow-radix4,"7+7+6","appt-online-register-tail-grouped-writer-final-data-time+appt-online-register-tail-grouped-writer-final-data-time+appt-online-register-tail-grouped-writer-final-data-time","256+256+256","8+8+8","32+16+16","2+2+2","2+2+2","1+1+1","8+6+6","ring+ring","2+2",8,0,3,20,0.805504,0.176128,0.176608,0.000480,6,12,4,8,1,natural,natural,"appt-ntt-log20-7x7x6-xor-fw8-v1",0.723200,5677.688953,586.568044,5953488371.383828,fused,shoup,-1
2,data-time,2,6-11-5,"Tesla V100-SXM2-16GB",7.0,0,"v100-sm70","hierarchical-dataflow-appt-online-register-tail-grouped-writer-final-data-time","experimental",0.000000,"persistent CTA fold roles publish online-reordered packet groups without fold-wide barriers",hierarchical-dataflow,0,named-barrier,0,0,0,3,0,0,0,hermes-xor,inplace,radix4,32,20,1048576,1,998244353,30,0,0,0,dataflow-radix4,"7+7+6","appt-online-register-tail-grouped-writer-final-data-time+appt-online-register-tail-grouped-writer-final-data-time+appt-online-register-tail-grouped-writer-final-data-time","256+256+256","8+8+8","32+16+16","2+2+2","2+2+2","1+1+1","8+6+6","ring+ring","2+2",8,0,3,20,0.793984,0.218931,0.219386,0.000455,6,11,5,8,1,natural,natural,"appt-ntt-log20-7x7x6-xor-fw8-v1",0.723296,4567.645035,575.966801,4789522959.741426,fused,shoup,-1
2,data-time,2,7-11-4,"Tesla V100-SXM2-16GB",7.0,0,"v100-sm70","hierarchical-dataflow-appt-online-register-tail-grouped-writer-final-data-time","experimental",0.000000,"persistent CTA fold roles publish online-reordered packet groups without fold-wide barriers",hierarchical-dataflow,0,named-barrier,0,0,0,3,0,0,0,hermes-xor,inplace,radix4,32,20,1048576,1,998244353,30,0,0,0,dataflow-radix4,"7+7+6","appt-online-register-tail-grouped-writer-final-data-time+appt-online-register-tail-grouped-writer-final-data-time+appt-online-register-tail-grouped-writer-final-data-time","256+256+256","8+8+8","32+16+16","2+2+2","2+2+2","1+1+1","8+6+6","ring+ring","2+2",8,0,3,20,0.832000,0.223386,0.223879,0.000493,7,11,4,8,1,natural,natural,"appt-ntt-log20-7x7x6-xor-fw8-v1",0.719008,4476.564246,563.572802,4694017830.626247,fused,shoup,-1
2,data-time,4,6-12-4,"Tesla V100-SXM2-16GB",7.0,0,"v100-sm70","hierarchical-dataflow-appt-online-register-tail-grouped-writer-final-data-time","experimental",0.000000,"persistent CTA fold roles publish online-reordered packet groups without fold-wide barriers",hierarchical-dataflow,0,named-barrier,0,0,0,3,0,0,0,hermes-xor,inplace,radix4,32,20,1048576,1,998244353,30,0,0,0,dataflow-radix4,"7+7+6","appt-online-register-tail-grouped-writer-final-data-time+appt-online-register-tail-grouped-writer-final-data-time+appt-online-register-tail-grouped-writer-final-data-time","256+256+256","8+8+8","32+16+16","4+4+4","2+2+2","1+1+1","8+6+6","ring+ring","2+2",8,0,3,20,0.790368,0.176486,0.176956,0.000469,6,12,4,8,1,natural,natural,"appt-ntt-log20-7x7x6-xor-fw8-v1",0.731680,5666.158891,588.742860,5941398224.798422,fused,shoup,-1
2,data-time,4,6-11-5,"Tesla V100-SXM2-16GB",7.0,0,"v100-sm70","hierarchical-dataflow-appt-online-register-tail-grouped-writer-final-data-time","experimental",0.000000,"persistent CTA fold roles publish online-reordered packet groups without fold-wide barriers",hierarchical-dataflow,0,named-barrier,0,0,0,3,0,0,0,hermes-xor,inplace,radix4,32,20,1048576,1,998244353,30,0,0,0,dataflow-radix4,"7+7+6","appt-online-register-tail-grouped-writer-final-data-time+appt-online-register-tail-grouped-writer-final-data-time+appt-online-register-tail-grouped-writer-final-data-time","256+256+256","8+8+8","32+16+16","4+4+4","2+2+2","1+1+1","8+6+6","ring+ring","2+2",8,0,3,20,0.785312,0.218317,0.218783,0.000466,6,11,5,8,1,natural,natural,"appt-ntt-log20-7x7x6-xor-fw8-v1",0.723104,4580.499669,579.128401,4803002020.454588,fused,shoup,-1
2,data-time,4,7-11-4,"Tesla V100-SXM2-16GB",7.0,0,"v100-sm70","hierarchical-dataflow-appt-online-register-tail-grouped-writer-final-data-time","experimental",0.000000,"persistent CTA fold roles publish online-reordered packet groups without fold-wide barriers",hierarchical-dataflow,0,named-barrier,0,0,0,3,0,0,0,hermes-xor,inplace,radix4,32,20,1048576,1,998244353,30,0,0,0,dataflow-radix4,"7+7+6","appt-online-register-tail-grouped-writer-final-data-time+appt-online-register-tail-grouped-writer-final-data-time+appt-online-register-tail-grouped-writer-final-data-time","256+256+256","8+8+8","32+16+16","4+4+4","2+2+2","1+1+1","8+6+6","ring+ring","2+2",8,0,3,20,0.783872,0.222874,0.223346,0.000472,7,11,4,8,1,natural,natural,"appt-ntt-log20-7x7x6-xor-fw8-v1",0.709056,4486.848184,582.817958,4704801321.570920,fused,shoup,-1
2,data-time,8,6-12-4,"Tesla V100-SXM2-16GB",7.0,0,"v100-sm70","hierarchical-dataflow-appt-online-register-tail-grouped-writer-final-data-time","experimental",0.000000,"persistent CTA fold roles publish online-reordered packet groups without fold-wide barriers",hierarchical-dataflow,0,named-barrier,0,0,0,3,0,0,0,hermes-xor,inplace,radix4,32,20,1048576,1,998244353,30,0,0,0,dataflow-radix4,"7+7+6","appt-online-register-tail-grouped-writer-final-data-time+appt-online-register-tail-grouped-writer-final-data-time+appt-online-register-tail-grouped-writer-final-data-time","256+256+256","8+8+8","32+16+16","8+8+8","2+2+2","1+1+1","8+6+6","ring+ring","2+2",8,0,3,20,0.788352,0.176691,0.177168,0.000477,6,12,4,8,1,natural,natural,"appt-ntt-log20-7x7x6-xor-fw8-v1",0.724640,5659.591285,591.826908,5934511590.987207,fused,shoup,-1
2,data-time,8,6-11-5,"Tesla V100-SXM2-16GB",7.0,0,"v100-sm70","hierarchical-dataflow-appt-online-register-tail-grouped-writer-final-data-time","experimental",0.000000,"persistent CTA fold roles publish online-reordered packet groups without fold-wide barriers",hierarchical-dataflow,0,named-barrier,0,0,0,3,0,0,0,hermes-xor,inplace,radix4,32,20,1048576,1,998244353,30,0,0,0,dataflow-radix4,"7+7+6","appt-online-register-tail-grouped-writer-final-data-time+appt-online-register-tail-grouped-writer-final-data-time+appt-online-register-tail-grouped-writer-final-data-time","256+256+256","8+8+8","32+16+16","8+8+8","2+2+2","1+1+1","8+6+6","ring+ring","2+2",8,0,3,20,0.795872,0.218675,0.219085,0.000410,6,11,5,8,1,natural,natural,"appt-ntt-log20-7x7x6-xor-fw8-v1",0.716928,4572.992042,577.542206,4795129703.361319,fused,shoup,-1
2,data-time,8,7-11-4,"Tesla V100-SXM2-16GB",7.0,0,"v100-sm70","hierarchical-dataflow-appt-online-register-tail-grouped-writer-final-data-time","experimental",0.000000,"persistent CTA fold roles publish online-reordered packet groups without fold-wide barriers",hierarchical-dataflow,0,named-barrier,0,0,0,3,0,0,0,hermes-xor,inplace,radix4,32,20,1048576,1,998244353,30,0,0,0,dataflow-radix4,"7+7+6","appt-online-register-tail-grouped-writer-final-data-time+appt-online-register-tail-grouped-writer-final-data-time+appt-online-register-tail-grouped-writer-final-data-time","256+256+256","8+8+8","32+16+16","8+8+8","2+2+2","1+1+1","8+6+6","ring+ring","2+2",8,0,3,20,0.791904,0.222976,0.223449,0.000473,7,11,4,8,1,natural,natural,"appt-ntt-log20-7x7x6-xor-fw8-v1",0.719552,4484.787618,576.557644,4702640661.564085,fused,shoup,-1
1,v06,0,9-11,"Tesla V100-SXM2-16GB",7.0,0,"v100-sm70","hierarchical-dataflow-wave-10x10-resident-radix4","experimental",0.000000,"transform-wave readiness with the generated resident radix-4 core",hierarchical-dataflow,0,named-barrier,0,0,0,4,0,0,0,hermes-xor,inplace,radix4,32,20,1048576,4,998244353,30,0,0,0,dataflow-radix4,"10+10","dataflow-radix4+dataflow-radix4","256+256","1+1","0+0","0+0","0+0","0+0","9+11","full-scratch","1",8,0,3,20,2.826912,0.350003,0.350457,0.000454,0,0,0,0,0,natural,natural,"",2.607232,11428.467498,691.545332,11983616735.684925,fused,shoup,-1
1,writer-final,1,6-12-4,"Tesla V100-SXM2-16GB",7.0,0,"v100-sm70","hierarchical-dataflow-appt-online-register-tail-grouped-writer-final","experimental",0.000000,"persistent CTA fold roles publish online-reordered packet groups without fold-wide barriers",hierarchical-dataflow,0,named-barrier,0,0,0,3,0,0,0,hermes-xor,inplace,radix4,32,20,1048576,4,998244353,30,0,0,0,dataflow-radix4,"7+7+6","appt-online-register-tail-grouped-writer-final+appt-online-register-tail-grouped-writer-final+appt-online-register-tail-grouped-writer-final","256+256+256","8+8+8","32+16+16","1+1+1","2+2+2","1+1+1","7+7+6","ring+ring","2+2",8,0,3,20,2.820896,0.514355,0.514795,0.000439,6,12,4,8,2,natural,natural,"appt-ntt-log20-7x7x6-xor-fw8-v1",2.611168,7776.727318,672.673755,8154489624.094611,fused,shoup,-1
1,data-time,1,6-12-4,"Tesla V100-SXM2-16GB",7.0,0,"v100-sm70","hierarchical-dataflow-appt-online-register-tail-grouped-writer-final-data-time","experimental",0.000000,"persistent CTA fold roles publish online-reordered packet groups without fold-wide barriers",hierarchical-dataflow,0,named-barrier,0,0,0,3,0,0,0,hermes-xor,inplace,radix4,32,20,1048576,4,998244353,30,0,0,0,dataflow-radix4,"7+7+6","appt-online-register-tail-grouped-writer-final-data-time+appt-online-register-tail-grouped-writer-final-data-time+appt-online-register-tail-grouped-writer-final-data-time","256+256+256","8+8+8","32+16+16","1+1+1","2+2+2","1+1+1","7+7+6","ring+ring","2+2",8,0,3,20,2.832224,0.512922,0.513383,0.000462,6,12,4,8,2,natural,natural,"appt-ntt-log20-7x7x6-xor-fw8-v1",2.605984,7798.462291,672.141314,8177280394.810837,fused,shoup,-1
1,data-time,1,6-11-5,"Tesla V100-SXM2-16GB",7.0,0,"v100-sm70","hierarchical-dataflow-appt-online-register-tail-grouped-writer-final-data-time","experimental",0.000000,"persistent CTA fold roles publish online-reordered packet groups without fold-wide barriers",hierarchical-dataflow,0,named-barrier,0,0,0,3,0,0,0,hermes-xor,inplace,radix4,32,20,1048576,4,998244353,30,0,0,0,dataflow-radix4,"7+7+6","appt-online-register-tail-grouped-writer-final-data-time+appt-online-register-tail-grouped-writer-final-data-time+appt-online-register-tail-grouped-writer-final-data-time","256+256+256","8+8+8","32+16+16","1+1+1","2+2+2","1+1+1","7+7+6","ring+ring","2+2",8,0,3,20,2.821344,0.577741,0.578275,0.000534,6,11,5,8,2,natural,natural,"appt-ntt-log20-7x7x6-xor-fw8-v1",2.608384,6923.520167,665.837856,7259837082.269650,fused,shoup,-1
1,data-time,1,7-11-4,"Tesla V100-SXM2-16GB",7.0,0,"v100-sm70","hierarchical-dataflow-appt-online-register-tail-grouped-writer-final-data-time","experimental",0.000000,"persistent CTA fold roles publish online-reordered packet groups without fold-wide barriers",hierarchical-dataflow,0,named-barrier,0,0,0,3,0,0,0,hermes-xor,inplace,radix4,32,20,1048576,4,998244353,30,0,0,0,dataflow-radix4,"7+7+6","appt-online-register-tail-grouped-writer-final-data-time+appt-online-register-tail-grouped-writer-final-data-time+appt-online-register-tail-grouped-writer-final-data-time","256+256+256","8+8+8","32+16+16","1+1+1","2+2+2","1+1+1","7+7+6","ring+ring","2+2",8,0,3,20,2.825504,0.580352,0.580798,0.000446,7,11,4,8,2,natural,natural,"appt-ntt-log20-7x7x6-xor-fw8-v1",2.604160,6892.368670,665.555617,7227172370.743201,fused,shoup,-1
1,data-time,2,6-12-4,"Tesla V100-SXM2-16GB",7.0,0,"v100-sm70","hierarchical-dataflow-appt-online-register-tail-grouped-writer-final-data-time","experimental",0.000000,"persistent CTA fold roles publish online-reordered packet groups without fold-wide barriers",hierarchical-dataflow,0,named-barrier,0,0,0,3,0,0,0,hermes-xor,inplace,radix4,32,20,1048576,4,998244353,30,0,0,0,dataflow-radix4,"7+7+6","appt-online-register-tail-grouped-writer-final-data-time+appt-online-register-tail-grouped-writer-final-data-time+appt-online-register-tail-grouped-writer-final-data-time","256+256+256","8+8+8","32+16+16","2+2+2","2+2+2","1+1+1","7+7+6","ring+ring","2+2",8,0,3,20,2.832064,0.578150,0.578642,0.000491,6,12,4,8,2,natural,natural,"appt-ntt-log20-7x7x6-xor-fw8-v1",2.603616,6918.615049,665.133500,7254693694.052859,fused,shoup,-1
1,data-time,2,6-11-5,"Tesla V100-SXM2-16GB",7.0,0,"v100-sm70","hierarchical-dataflow-appt-online-register-tail-grouped-writer-final-data-time","experimental",0.000000,"persistent CTA fold roles publish online-reordered packet groups without fold-wide barriers",hierarchical-dataflow,0,named-barrier,0,0,0,3,0,0,0,hermes-xor,inplace,radix4,32,20,1048576,4,998244353,30,0,0,0,dataflow-radix4,"7+7+6","appt-online-register-tail-grouped-writer-final-data-time+appt-online-register-tail-grouped-writer-final-data-time+appt-online-register-tail-grouped-writer-final-data-time","256+256+256","8+8+8","32+16+16","2+2+2","2+2+2","1+1+1","7+7+6","ring+ring","2+2",8,0,3,20,2.819168,0.678502,0.678905,0.000402,6,11,5,8,2,natural,natural,"appt-ntt-log20-7x7x6-xor-fw8-v1",2.605888,5895.336201,655.355405,6181708052.814533,fused,shoup,-1
1,data-time,2,7-11-4,"Tesla V100-SXM2-16GB",7.0,0,"v100-sm70","hierarchical-dataflow-appt-online-register-tail-grouped-writer-final-data-time","experimental",0.000000,"persistent CTA fold roles publish online-reordered packet groups without fold-wide barriers",hierarchical-dataflow,0,named-barrier,0,0,0,3,0,0,0,hermes-xor,inplace,radix4,32,20,1048576,4,998244353,30,0,0,0,dataflow-radix4,"7+7+6","appt-online-register-tail-grouped-writer-final-data-time+appt-online-register-tail-grouped-writer-final-data-time+appt-online-register-tail-grouped-writer-final-data-time","256+256+256","8+8+8","32+16+16","2+2+2","2+2+2","1+1+1","7+7+6","ring+ring","2+2",8,0,3,20,2.816704,0.663910,0.664305,0.000394,7,11,4,8,2,natural,natural,"appt-ntt-log20-7x7x6-xor-fw8-v1",2.602912,6024.909486,657.513382,6317575488.847759,fused,shoup,-1
1,data-time,4,6-12-4,"Tesla V100-SXM2-16GB",7.0,0,"v100-sm70","hierarchical-dataflow-appt-online-register-tail-grouped-writer-final-data-time","experimental",0.000000,"persistent CTA fold roles publish online-reordered packet groups without fold-wide barriers",hierarchical-dataflow,0,named-barrier,0,0,0,3,0,0,0,hermes-xor,inplace,radix4,32,20,1048576,4,998244353,30,0,0,0,dataflow-radix4,"7+7+6","appt-online-register-tail-grouped-writer-final-data-time+appt-online-register-tail-grouped-writer-final-data-time+appt-online-register-tail-grouped-writer-final-data-time","256+256+256","8+8+8","32+16+16","4+4+4","2+2+2","1+1+1","7+7+6","ring+ring","2+2",8,0,3,20,2.817376,0.650086,0.650540,0.000454,6,12,4,8,2,natural,natural,"appt-ntt-log20-7x7x6-xor-fw8-v1",2.601120,6153.028247,659.132530,6451917747.139725,fused,shoup,-1
1,data-time,4,6-11-5,"Tesla V100-SXM2-16GB",7.0,0,"v100-sm70","hierarchical-dataflow-appt-online-register-tail-grouped-writer-final-data-time","experimental",0.000000,"persistent CTA fold roles publish online-reordered packet groups without fold-wide barriers",hierarchical-dataflow,0,named-barrier,0,0,0,3,0,0,0,hermes-xor,inplace,radix4,32,20,1048576,4,998244353,30,0,0,0,dataflow-radix4,"7+7+6","appt-online-register-tail-grouped-writer-final-data-time+appt-online-register-tail-grouped-writer-final-data-time+appt-online-register-tail-grouped-writer-final-data-time","256+256+256","8+8+8","32+16+16","4+4+4","2+2+2","1+1+1","7+7+6","ring+ring","2+2",8,0,3,20,2.830016,0.833229,0.833750,0.000521,6,11,5,8,2,natural,natural,"appt-ntt-log20-7x7x6-xor-fw8-v1",2.610784,4800.602378,637.548883,5033796439.257903,fused,shoup,-1
1,data-time,4,7-11-4,"Tesla V100-SXM2-16GB",7.0,0,"v100-sm70","hierarchical-dataflow-appt-online-register-tail-grouped-writer-final-data-time","experimental",0.000000,"persistent CTA fold roles publish online-reordered packet groups without fold-wide barriers",hierarchical-dataflow,0,named-barrier,0,0,0,3,0,0,0,hermes-xor,inplace,radix4,32,20,1048576,4,998244353,30,0,0,0,dataflow-radix4,"7+7+6","appt-online-register-tail-grouped-writer-final-data-time+appt-online-register-tail-grouped-writer-final-data-time+appt-online-register-tail-grouped-writer-final-data-time","256+256+256","8+8+8","32+16+16","4+4+4","2+2+2","1+1+1","7+7+6","ring+ring","2+2",8,0,3,20,2.823776,0.809882,0.810357,0.000476,7,11,4,8,2,natural,natural,"appt-ntt-log20-7x7x6-xor-fw8-v1",2.603200,4938.993747,641.348624,5178910307.331457,fused,shoup,-1
1,data-time,8,6-12-4,"Tesla V100-SXM2-16GB",7.0,0,"v100-sm70","hierarchical-dataflow-appt-online-register-tail-grouped-writer-final-data-time","experimental",0.000000,"persistent CTA fold roles publish online-reordered packet groups without fold-wide barriers",hierarchical-dataflow,0,named-barrier,0,0,0,3,0,0,0,hermes-xor,inplace,radix4,32,20,1048576,4,998244353,30,0,0,0,dataflow-radix4,"7+7+6","appt-online-register-tail-grouped-writer-final-data-time+appt-online-register-tail-grouped-writer-final-data-time+appt-online-register-tail-grouped-writer-final-data-time","256+256+256","8+8+8","32+16+16","8+8+8","2+2+2","1+1+1","7+7+6","ring+ring","2+2",8,0,3,20,2.823296,0.649523,0.650008,0.000484,6,12,4,8,2,natural,natural,"appt-ntt-log20-7x7x6-xor-fw8-v1",2.602272,6158.363564,658.426318,6457512232.066410,fused,shoup,-1
1,data-time,8,6-11-5,"Tesla V100-SXM2-16GB",7.0,0,"v100-sm70","hierarchical-dataflow-appt-online-register-tail-grouped-writer-final-data-time","experimental",0.000000,"persistent CTA fold roles publish online-reordered packet groups without fold-wide barriers",hierarchical-dataflow,0,named-barrier,0,0,0,3,0,0,0,hermes-xor,inplace,radix4,32,20,1048576,4,998244353,30,0,0,0,dataflow-radix4,"7+7+6","appt-online-register-tail-grouped-writer-final-data-time+appt-online-register-tail-grouped-writer-final-data-time+appt-online-register-tail-grouped-writer-final-data-time","256+256+256","8+8+8","32+16+16","8+8+8","2+2+2","1+1+1","7+7+6","ring+ring","2+2",8,0,3,20,2.814944,0.825293,0.825756,0.000463,6,11,5,8,2,natural,natural,"appt-ntt-log20-7x7x6-xor-fw8-v1",2.599968,4846.764887,641.004608,5082201337.896153,fused,shoup,-1
1,data-time,8,7-11-4,"Tesla V100-SXM2-16GB",7.0,0,"v100-sm70","hierarchical-dataflow-appt-online-register-tail-grouped-writer-final-data-time","experimental",0.000000,"persistent CTA fold roles publish online-reordered packet groups without fold-wide barriers",hierarchical-dataflow,0,named-barrier,0,0,0,3,0,0,0,hermes-xor,inplace,radix4,32,20,1048576,4,998244353,30,0,0,0,dataflow-radix4,"7+7+6","appt-online-register-tail-grouped-writer-final-data-time+appt-online-register-tail-grouped-writer-final-data-time+appt-online-register-tail-grouped-writer-final-data-time","256+256+256","8+8+8","32+16+16","8+8+8","2+2+2","1+1+1","7+7+6","ring+ring","2+2",8,0,3,20,2.824992,0.806912,0.807409,0.000497,7,11,4,8,2,natural,natural,"appt-ntt-log20-7x7x6-xor-fw8-v1",2.605792,4957.169654,641.262410,5197969127.313884,fused,shoup,-1
2,v06,0,9-11,"Tesla V100-SXM2-16GB",7.0,0,"v100-sm70","hierarchical-dataflow-wave-10x10-resident-radix4","experimental",0.000000,"transform-wave readiness with the generated resident radix-4 core",hierarchical-dataflow,0,named-barrier,0,0,0,4,0,0,0,hermes-xor,inplace,radix4,32,20,1048576,4,998244353,30,0,0,0,dataflow-radix4,"10+10","dataflow-radix4+dataflow-radix4","256+256","1+1","0+0","0+0","0+0","0+0","9+11","full-scratch","1",8,0,3,20,2.814016,0.348979,0.349414,0.000435,0,0,0,0,0,natural,natural,"",2.602912,11462.001013,693.732976,12018779174.205124,fused,shoup,-1
2,writer-final,1,6-12-4,"Tesla V100-SXM2-16GB",7.0,0,"v100-sm70","hierarchical-dataflow-appt-online-register-tail-grouped-writer-final","experimental",0.000000,"persistent CTA fold roles publish online-reordered packet groups without fold-wide barriers",hierarchical-dataflow,0,named-barrier,0,0,0,3,0,0,0,hermes-xor,inplace,radix4,32,20,1048576,4,998244353,30,0,0,0,dataflow-radix4,"7+7+6","appt-online-register-tail-grouped-writer-final+appt-online-register-tail-grouped-writer-final+appt-online-register-tail-grouped-writer-final","256+256+256","8+8+8","32+16+16","1+1+1","2+2+2","1+1+1","7+7+6","ring+ring","2+2",8,0,3,20,2.815776,0.511130,0.511637,0.000507,6,12,4,8,2,natural,natural,"appt-ntt-log20-7x7x6-xor-fw8-v1",2.606592,7825.803596,674.138632,8205949831.174350,fused,shoup,-1
2,data-time,1,6-12-4,"Tesla V100-SXM2-16GB",7.0,0,"v100-sm70","hierarchical-dataflow-appt-online-register-tail-grouped-writer-final-data-time","experimental",0.000000,"persistent CTA fold roles publish online-reordered packet groups without fold-wide barriers",hierarchical-dataflow,0,named-barrier,0,0,0,3,0,0,0,hermes-xor,inplace,radix4,32,20,1048576,4,998244353,30,0,0,0,dataflow-radix4,"7+7+6","appt-online-register-tail-grouped-writer-final-data-time+appt-online-register-tail-grouped-writer-final-data-time+appt-online-register-tail-grouped-writer-final-data-time","256+256+256","8+8+8","32+16+16","1+1+1","2+2+2","1+1+1","7+7+6","ring+ring","2+2",8,0,3,20,2.825280,0.524339,0.524834,0.000495,6,12,4,8,2,natural,natural,"appt-ntt-log20-7x7x6-xor-fw8-v1",2.602112,7628.649560,672.073362,7999218840.532948,fused,shoup,-1
2,data-time,1,6-11-5,"Tesla V100-SXM2-16GB",7.0,0,"v100-sm70","hierarchical-dataflow-appt-online-register-tail-grouped-writer-final-data-time","experimental",0.000000,"persistent CTA fold roles publish online-reordered packet groups without fold-wide barriers",hierarchical-dataflow,0,named-barrier,0,0,0,3,0,0,0,hermes-xor,inplace,radix4,32,20,1048576,4,998244353,30,0,0,0,dataflow-radix4,"7+7+6","appt-online-register-tail-grouped-writer-final-data-time+appt-online-register-tail-grouped-writer-final-data-time+appt-online-register-tail-grouped-writer-final-data-time","256+256+256","8+8+8","32+16+16","1+1+1","2+2+2","1+1+1","7+7+6","ring+ring","2+2",8,0,3,20,2.819616,0.583066,0.583503,0.000438,6,11,5,8,2,natural,natural,"appt-ntt-log20-7x7x6-xor-fw8-v1",2.598368,6860.291194,666.550061,7193536698.697984,fused,shoup,-1
2,data-time,1,7-11-4,"Tesla V100-SXM2-16GB",7.0,0,"v100-sm70","hierarchical-dataflow-appt-online-register-tail-grouped-writer-final-data-time","experimental",0.000000,"persistent CTA fold roles publish online-reordered packet groups without fold-wide barriers",hierarchical-dataflow,0,named-barrier,0,0,0,3,0,0,0,hermes-xor,inplace,radix4,32,20,1048576,4,998244353,30,0,0,0,dataflow-radix4,"7+7+6","appt-online-register-tail-grouped-writer-final-data-time+appt-online-register-tail-grouped-writer-final-data-time+appt-online-register-tail-grouped-writer-final-data-time","256+256+256","8+8+8","32+16+16","1+1+1","2+2+2","1+1+1","7+7+6","ring+ring","2+2",8,0,3,20,2.831168,0.579994,0.580428,0.000435,7,11,4,8,2,natural,natural,"appt-ntt-log20-7x7x6-xor-fw8-v1",2.617184,6896.627758,663.531980,7231638348.084686,fused,shoup,-1
2,data-time,2,6-12-4,"Tesla V100-SXM2-16GB",7.0,0,"v100-sm70","hierarchical-dataflow-appt-online-register-tail-grouped-writer-final-data-time","experimental",0.000000,"persistent CTA fold roles publish online-reordered packet groups without fold-wide barriers",hierarchical-dataflow,0,named-barrier,0,0,0,3,0,0,0,hermes-xor,inplace,radix4,32,20,1048576,4,998244353,30,0,0,0,dataflow-radix4,"7+7+6","appt-online-register-tail-grouped-writer-final-data-time+appt-online-register-tail-grouped-writer-final-data-time+appt-online-register-tail-grouped-writer-final-data-time","256+256+256","8+8+8","32+16+16","2+2+2","2+2+2","1+1+1","7+7+6","ring+ring","2+2",8,0,3,20,2.834880,0.579379,0.579851,0.000472,6,12,4,8,2,natural,natural,"appt-ntt-log20-7x7x6-xor-fw8-v1",2.615616,6903.941311,663.363625,7239307163.993139,fused,shoup,-1
2,data-time,2,6-11-5,"Tesla V100-SXM2-16GB",7.0,0,"v100-sm70","hierarchical-dataflow-appt-online-register-tail-grouped-writer-final-data-time","experimental",0.000000,"persistent CTA fold roles publish online-reordered packet groups without fold-wide barriers",hierarchical-dataflow,0,named-barrier,0,0,0,3,0,0,0,hermes-xor,inplace,radix4,32,20,1048576,4,998244353,30,0,0,0,dataflow-radix4,"7+7+6","appt-online-register-tail-grouped-writer-final-data-time+appt-online-register-tail-grouped-writer-final-data-time+appt-online-register-tail-grouped-writer-final-data-time","256+256+256","8+8+8","32+16+16","2+2+2","2+2+2","1+1+1","7+7+6","ring+ring","2+2",8,0,3,20,2.818336,0.684646,0.685049,0.000403,6,11,5,8,2,natural,natural,"appt-ntt-log20-7x7x6-xor-fw8-v1",2.600864,5842.431712,655.324488,6126233674.380996,fused,shoup,-1
2,data-time,2,7-11-4,"Tesla V100-SXM2-16GB",7.0,0,"v100-sm70","hierarchical-dataflow-appt-online-register-tail-grouped-writer-final-data-time","experimental",0.000000,"persistent CTA fold roles publish online-reordered packet groups without fold-wide barriers",hierarchical-dataflow,0,named-barrier,0,0,0,3,0,0,0,hermes-xor,inplace,radix4,32,20,1048576,4,998244353,30,0,0,0,dataflow-radix4,"7+7+6","appt-online-register-tail-grouped-writer-final-data-time+appt-online-register-tail-grouped-writer-final-data-time+appt-online-register-tail-grouped-writer-final-data-time","256+256+256","8+8+8","32+16+16","2+2+2","2+2+2","1+1+1","7+7+6","ring+ring","2+2",8,0,3,20,2.821152,0.656845,0.657335,0.000490,7,11,4,8,2,natural,natural,"appt-ntt-log20-7x7x6-xor-fw8-v1",2.599552,6089.718655,658.160092,6385532828.337354,fused,shoup,-1
2,data-time,4,6-12-4,"Tesla V100-SXM2-16GB",7.0,0,"v100-sm70","hierarchical-dataflow-appt-online-register-tail-grouped-writer-final-data-time","experimental",0.000000,"persistent CTA fold roles publish online-reordered packet groups without fold-wide barriers",hierarchical-dataflow,0,named-barrier,0,0,0,3,0,0,0,hermes-xor,inplace,radix4,32,20,1048576,4,998244353,30,0,0,0,dataflow-radix4,"7+7+6","appt-online-register-tail-grouped-writer-final-data-time+appt-online-register-tail-grouped-writer-final-data-time+appt-online-register-tail-grouped-writer-final-data-time","256+256+256","8+8+8","32+16+16","4+4+4","2+2+2","1+1+1","7+7+6","ring+ring","2+2",8,0,3,20,2.817696,0.649574,0.650075,0.000500,6,12,4,8,2,natural,natural,"appt-ntt-log20-7x7x6-xor-fw8-v1",2.602496,6157.878153,659.003944,6457003241.650021,fused,shoup,-1
2,data-time,4,6-11-5,"Tesla V100-SXM2-16GB",7.0,0,"v100-sm70","hierarchical-dataflow-appt-online-register-tail-grouped-writer-final-data-time","experimental",0.000000,"persistent CTA fold roles publish online-reordered packet groups without fold-wide barriers",hierarchical-dataflow,0,named-barrier,0,0,0,3,0,0,0,hermes-xor,inplace,radix4,32,20,1048576,4,998244353,30,0,0,0,dataflow-radix4,"7+7+6","appt-online-register-tail-grouped-writer-final-data-time+appt-online-register-tail-grouped-writer-final-data-time+appt-online-register-tail-grouped-writer-final-data-time","256+256+256","8+8+8","32+16+16","4+4+4","2+2+2","1+1+1","7+7+6","ring+ring","2+2",8,0,3,20,2.823840,0.824576,0.824990,0.000414,6,11,5,8,2,natural,natural,"appt-ntt-log20-7x7x6-xor-fw8-v1",2.608448,4850.977838,639.297902,5086618937.542259,fused,shoup,-1
2,data-time,4,7-11-4,"Tesla V100-SXM2-16GB",7.0,0,"v100-sm70","hierarchical-dataflow-appt-online-register-tail-grouped-writer-final-data-time","experimental",0.000000,"persistent CTA fold roles publish online-reordered packet groups without fold-wide barriers",hierarchical-dataflow,0,named-barrier,0,0,0,3,0,0,0,hermes-xor,inplace,radix4,32,20,1048576,4,998244353,30,0,0,0,dataflow-radix4,"7+7+6","appt-online-register-tail-grouped-writer-final-data-time+appt-online-register-tail-grouped-writer-final-data-time+appt-online-register-tail-grouped-writer-final-data-time","256+256+256","8+8+8","32+16+16","4+4+4","2+2+2","1+1+1","7+7+6","ring+ring","2+2",8,0,3,20,2.837568,0.821914,0.822487,0.000573,7,11,4,8,2,natural,natural,"appt-ntt-log20-7x7x6-xor-fw8-v1",2.610688,4866.691584,637.941275,5103095994.717110,fused,shoup,-1
2,data-time,8,6-12-4,"Tesla V100-SXM2-16GB",7.0,0,"v100-sm70","hierarchical-dataflow-appt-online-register-tail-grouped-writer-final-data-time","experimental",0.000000,"persistent CTA fold roles publish online-reordered packet groups without fold-wide barriers",hierarchical-dataflow,0,named-barrier,0,0,0,3,0,0,0,hermes-xor,inplace,radix4,32,20,1048576,4,998244353,30,0,0,0,dataflow-radix4,"7+7+6","appt-online-register-tail-grouped-writer-final-data-time+appt-online-register-tail-grouped-writer-final-data-time+appt-online-register-tail-grouped-writer-final-data-time","256+256+256","8+8+8","32+16+16","8+8+8","2+2+2","1+1+1","7+7+6","ring+ring","2+2",8,0,3,20,2.818976,0.651008,0.651430,0.000422,6,12,4,8,2,natural,natural,"appt-ntt-log20-7x7x6-xor-fw8-v1",2.609760,6144.317641,657.922441,6442784015.170706,fused,shoup,-1
2,data-time,8,6-11-5,"Tesla V100-SXM2-16GB",7.0,0,"v100-sm70","hierarchical-dataflow-appt-online-register-tail-grouped-writer-final-data-time","experimental",0.000000,"persistent CTA fold roles publish online-reordered packet groups without fold-wide barriers",hierarchical-dataflow,0,named-barrier,0,0,0,3,0,0,0,hermes-xor,inplace,radix4,32,20,1048576,4,998244353,30,0,0,0,dataflow-radix4,"7+7+6","appt-online-register-tail-grouped-writer-final-data-time+appt-online-register-tail-grouped-writer-final-data-time+appt-online-register-tail-grouped-writer-final-data-time","256+256+256","8+8+8","32+16+16","8+8+8","2+2+2","1+1+1","7+7+6","ring+ring","2+2",8,0,3,20,2.823680,0.825293,0.825710,0.000418,6,11,5,8,2,natural,natural,"appt-ntt-log20-7x7x6-xor-fw8-v1",2.605216,4846.764887,639.571363,5082201337.896153,fused,shoup,-1
2,data-time,8,7-11-4,"Tesla V100-SXM2-16GB",7.0,0,"v100-sm70","hierarchical-dataflow-appt-online-register-tail-grouped-writer-final-data-time","experimental",0.000000,"persistent CTA fold roles publish online-reordered packet groups without fold-wide barriers",hierarchical-dataflow,0,named-barrier,0,0,0,3,0,0,0,hermes-xor,inplace,radix4,32,20,1048576,4,998244353,30,0,0,0,dataflow-radix4,"7+7+6","appt-online-register-tail-grouped-writer-final-data-time+appt-online-register-tail-grouped-writer-final-data-time+appt-online-register-tail-grouped-writer-final-data-time","256+256+256","8+8+8","32+16+16","8+8+8","2+2+2","1+1+1","7+7+6","ring+ring","2+2",8,0,3,20,2.822144,0.809626,0.810041,0.000416,7,11,4,8,2,natural,natural,"appt-ntt-log20-7x7x6-xor-fw8-v1",2.605600,4940.555083,641.295954,5180547486.794338,fused,shoup,-1
1,v06,0,9-11,"Tesla V100-SXM2-16GB",7.0,0,"v100-sm70","hierarchical-dataflow-wave-10x10-resident-radix4","experimental",0.000000,"transform-wave readiness with the generated resident radix-4 core",hierarchical-dataflow,0,named-barrier,0,0,0,4,0,0,0,hermes-xor,inplace,radix4,32,20,1048576,16,998244353,30,0,0,0,dataflow-radix4,"10+10","dataflow-radix4+dataflow-radix4","256+256","1+1","0+0","0+0","0+0","0+0","9+11","full-scratch","1",8,0,3,20,10.900480,1.111603,1.111999,0.000395,0,0,0,0,0,natural,natural,"",10.123104,14393.626117,722.831013,15092810899.632732,fused,shoup,-1
1,writer-final,1,6-12-4,"Tesla V100-SXM2-16GB",7.0,0,"v100-sm70","hierarchical-dataflow-appt-online-register-tail-grouped-writer-final","experimental",0.000000,"persistent CTA fold roles publish online-reordered packet groups without fold-wide barriers",hierarchical-dataflow,0,named-barrier,0,0,0,3,0,0,0,hermes-xor,inplace,radix4,32,20,1048576,16,998244353,30,0,0,0,dataflow-radix4,"7+7+6","appt-online-register-tail-grouped-writer-final+appt-online-register-tail-grouped-writer-final+appt-online-register-tail-grouped-writer-final","256+256+256","8+8+8","32+16+16","1+1+1","2+2+2","1+1+1","7+7+6","ring+ring","2+2",8,0,3,20,10.905856,1.891123,1.891526,0.000403,6,12,4,16,2,natural,natural,"appt-ntt-log20-7x7x6-xor-fw16-v1",10.141888,8460.580573,697.506116,8871561734.465271,fused,shoup,-1
1,data-time,1,6-12-4,"Tesla V100-SXM2-16GB",7.0,0,"v100-sm70","hierarchical-dataflow-appt-online-register-tail-grouped-writer-final-data-time","experimental",0.000000,"persistent CTA fold roles publish online-reordered packet groups without fold-wide barriers",hierarchical-dataflow,0,named-barrier,0,0,0,3,0,0,0,hermes-xor,inplace,radix4,32,20,1048576,16,998244353,30,0,0,0,dataflow-radix4,"7+7+6","appt-online-register-tail-grouped-writer-final-data-time+appt-online-register-tail-grouped-writer-final-data-time+appt-online-register-tail-grouped-writer-final-data-time","256+256+256","8+8+8","32+16+16","1+1+1","2+2+2","1+1+1","7+7+6","ring+ring","2+2",8,0,3,20,10.908640,1.887027,1.887409,0.000381,6,12,4,16,2,natural,natural,"appt-ntt-log20-7x7x6-xor-fw16-v1",10.138240,8478.945333,697.656970,8890818581.758865,fused,shoup,-1
1,data-time,1,6-11-5,"Tesla V100-SXM2-16GB",7.0,0,"v100-sm70","hierarchical-dataflow-appt-online-register-tail-grouped-writer-final-data-time","experimental",0.000000,"persistent CTA fold roles publish online-reordered packet groups without fold-wide barriers",hierarchical-dataflow,0,named-barrier,0,0,0,3,0,0,0,hermes-xor,inplace,radix4,32,20,1048576,16,998244353,30,0,0,0,dataflow-radix4,"7+7+6","appt-online-register-tail-grouped-writer-final-data-time+appt-online-register-tail-grouped-writer-final-data-time+appt-online-register-tail-grouped-writer-final-data-time","256+256+256","8+8+8","32+16+16","1+1+1","2+2+2","1+1+1","7+7+6","ring+ring","2+2",8,0,3,20,10.901504,1.968845,1.969184,0.000340,6,11,5,16,2,natural,natural,"appt-ntt-log20-7x7x6-xor-fw16-v1",10.137792,8126.592930,695.406062,8521350308.483836,fused,shoup,-1
1,data-time,1,7-11-4,"Tesla V100-SXM2-16GB",7.0,0,"v100-sm70","hierarchical-dataflow-appt-online-register-tail-grouped-writer-final-data-time","experimental",0.000000,"persistent CTA fold roles publish online-reordered packet groups without fold-wide barriers",hierarchical-dataflow,0,named-barrier,0,0,0,3,0,0,0,hermes-xor,inplace,radix4,32,20,1048576,16,998244353,30,0,0,0,dataflow-radix4,"7+7+6","appt-online-register-tail-grouped-writer-final-data-time+appt-online-register-tail-grouped-writer-final-data-time+appt-online-register-tail-grouped-writer-final-data-time","256+256+256","8+8+8","32+16+16","1+1+1","2+2+2","1+1+1","7+7+6","ring+ring","2+2",8,0,3,20,10.900160,1.872333,1.872701,0.000368,7,11,4,16,2,natural,natural,"appt-ntt-log20-7x7x6-xor-fw16-v1",10.119936,8545.489297,698.921039,8960594985.168850,fused,shoup,-1
1,data-time,2,6-12-4,"Tesla V100-SXM2-16GB",7.0,0,"v100-sm70","hierarchical-dataflow-appt-online-register-tail-grouped-writer-final-data-time","experimental",0.000000,"persistent CTA fold roles publish online-reordered packet groups without fold-wide barriers",hierarchical-dataflow,0,named-barrier,0,0,0,3,0,0,0,hermes-xor,inplace,radix4,32,20,1048576,16,998244353,30,0,0,0,dataflow-radix4,"7+7+6","appt-online-register-tail-grouped-writer-final-data-time+appt-online-register-tail-grouped-writer-final-data-time+appt-online-register-tail-grouped-writer-final-data-time","256+256+256","8+8+8","32+16+16","2+2+2","2+2+2","1+1+1","7+7+6","ring+ring","2+2",8,0,3,20,10.891040,1.817190,1.817582,0.000392,6,12,4,16,2,natural,natural,"appt-ntt-log20-7x7x6-xor-fw16-v1",10.120736,8804.801040,700.863970,9232503055.054489,fused,shoup,-1
1,data-time,2,6-11-5,"Tesla V100-SXM2-16GB",7.0,0,"v100-sm70","hierarchical-dataflow-appt-online-register-tail-grouped-writer-final-data-time","experimental",0.000000,"persistent CTA fold roles publish online-reordered packet groups without fold-wide barriers",hierarchical-dataflow,0,named-barrier,0,0,0,3,0,0,0,hermes-xor,inplace,radix4,32,20,1048576,16,998244353,30,0,0,0,dataflow-radix4,"7+7+6","appt-online-register-tail-grouped-writer-final-data-time+appt-online-register-tail-grouped-writer-final-data-time+appt-online-register-tail-grouped-writer-final-data-time","256+256+256","8+8+8","32+16+16","2+2+2","2+2+2","1+1+1","7+7+6","ring+ring","2+2",8,0,3,20,10.892864,1.906842,1.907172,0.000330,6,11,5,16,2,natural,natural,"appt-ntt-log20-7x7x6-xor-fw16-v1",10.119104,8390.838390,698.116518,8798431755.348969,fused,shoup,-1
1,data-time,2,7-11-4,"Tesla V100-SXM2-16GB",7.0,0,"v100-sm70","hierarchical-dataflow-appt-online-register-tail-grouped-writer-final-data-time","experimental",0.000000,"persistent CTA fold roles publish online-reordered packet groups without fold-wide barriers",hierarchical-dataflow,0,named-barrier,0,0,0,3,0,0,0,hermes-xor,inplace,radix4,32,20,1048576,16,998244353,30,0,0,0,dataflow-radix4,"7+7+6","appt-online-register-tail-grouped-writer-final-data-time+appt-online-register-tail-grouped-writer-final-data-time+appt-online-register-tail-grouped-writer-final-data-time","256+256+256","8+8+8","32+16+16","2+2+2","2+2+2","1+1+1","7+7+6","ring+ring","2+2",8,0,3,20,10.886304,1.853286,1.853653,0.000366,7,11,4,16,2,natural,natural,"appt-ntt-log20-7x7x6-xor-fw16-v1",10.127968,8633.312220,699.681178,9052683994.732960,fused,shoup,-1
1,data-time,4,6-12-4,"Tesla V100-SXM2-16GB",7.0,0,"v100-sm70","hierarchical-dataflow-appt-online-register-tail-grouped-writer-final-data-time","experimental",0.000000,"persistent CTA fold roles publish online-reordered packet groups without fold-wide barriers",hierarchical-dataflow,0,named-barrier,0,0,0,3,0,0,0,hermes-xor,inplace,radix4,32,20,1048576,16,998244353,30,0,0,0,dataflow-radix4,"7+7+6","appt-online-register-tail-grouped-writer-final-data-time+appt-online-register-tail-grouped-writer-final-data-time+appt-online-register-tail-grouped-writer-final-data-time","256+256+256","8+8+8","32+16+16","4+4+4","2+2+2","1+1+1","7+7+6","ring+ring","2+2",8,0,3,20,10.886112,1.864090,1.864445,0.000355,6,12,4,16,2,natural,natural,"appt-ntt-log20-7x7x6-xor-fw16-v1",10.128992,8583.278363,699.325338,9000219692.372194,fused,shoup,-1
1,data-time,4,6-11-5,"Tesla V100-SXM2-16GB",7.0,0,"v100-sm70","hierarchical-dataflow-appt-online-register-tail-grouped-writer-final-data-time","experimental",0.000000,"persistent CTA fold roles publish online-reordered packet groups without fold-wide barriers",hierarchical-dataflow,0,named-barrier,0,0,0,3,0,0,0,hermes-xor,inplace,radix4,32,20,1048576,16,998244353,30,0,0,0,dataflow-radix4,"7+7+6","appt-online-register-tail-grouped-writer-final-data-time+appt-online-register-tail-grouped-writer-final-data-time+appt-online-register-tail-grouped-writer-final-data-time","256+256+256","8+8+8","32+16+16","4+4+4","2+2+2","1+1+1","7+7+6","ring+ring","2+2",8,0,3,20,10.897024,2.004378,2.004765,0.000387,6,11,5,16,2,natural,natural,"appt-ntt-log20-7x7x6-xor-fw16-v1",10.128480,7982.527829,694.749552,8370287100.816478,fused,shoup,-1
1,data-time,4,7-11-4,"Tesla V100-SXM2-16GB",7.0,0,"v100-sm70","hierarchical-dataflow-appt-online-register-tail-grouped-writer-final-data-time","experimental",0.000000,"persistent CTA fold roles publish online-reordered packet groups without fold-wide barriers",hierarchical-dataflow,0,named-barrier,0,0,0,3,0,0,0,hermes-xor,inplace,radix4,32,20,1048576,16,998244353,30,0,0,0,dataflow-radix4,"7+7+6","appt-online-register-tail-grouped-writer-final-data-time+appt-online-register-tail-grouped-writer-final-data-time+appt-online-register-tail-grouped-writer-final-data-time","256+256+256","8+8+8","32+16+16","4+4+4","2+2+2","1+1+1","7+7+6","ring+ring","2+2",8,0,3,20,10.886400,1.998131,1.998689,0.000558,7,11,4,16,2,natural,natural,"appt-ntt-log20-7x7x6-xor-fw16-v1",10.124192,8007.482368,695.388422,8396453831.317517,fused,shoup,-1
1,data-time,8,6-12-4,"Tesla V100-SXM2-16GB",7.0,0,"v100-sm70","hierarchical-dataflow-appt-online-register-tail-grouped-writer-final-data-time","experimental",0.000000,"persistent CTA fold roles publish online-reordered packet groups without fold-wide barriers",hierarchical-dataflow,0,named-barrier,0,0,0,3,0,0,0,hermes-xor,inplace,radix4,32,20,1048576,16,998244353,30,0,0,0,dataflow-radix4,"7+7+6","appt-online-register-tail-grouped-writer-final-data-time+appt-online-register-tail-grouped-writer-final-data-time+appt-online-register-tail-grouped-writer-final-data-time","256+256+256","8+8+8","32+16+16","8+8+8","2+2+2","1+1+1","7+7+6","ring+ring","2+2",8,0,3,20,10.883648,2.039859,2.040189,0.000330,6,12,4,16,2,natural,natural,"appt-ntt-log20-7x7x6-xor-fw16-v1",10.113120,7843.678258,694.546115,8224692772.691241,fused,shoup,-1
1,data-time,8,6-11-5,"Tesla V100-SXM2-16GB",7.0,0,"v100-sm70","hierarchical-dataflow-appt-online-register-tail-grouped-writer-final-data-time","experimental",0.000000,"persistent CTA fold roles publish online-reordered packet groups without fold-wide barriers",hierarchical-dataflow,0,named-barrier,0,0,0,3,0,0,0,hermes-xor,inplace,radix4,32,20,1048576,16,998244353,30,0,0,0,dataflow-radix4,"7+7+6","appt-online-register-tail-grouped-writer-final-data-time+appt-online-register-tail-grouped-writer-final-data-time+appt-online-register-tail-grouped-writer-final-data-time","256+256+256","8+8+8","32+16+16","8+8+8","2+2+2","1+1+1","7+7+6","ring+ring","2+2",8,0,3,20,10.880896,2.294323,2.294644,0.000321,6,11,5,16,2,natural,natural,"appt-ntt-log20-7x7x6-xor-fw16-v1",10.115136,6973.734110,686.979654,7312490217.815090,fused,shoup,-1
1,data-time,8,7-11-4,"Tesla V100-SXM2-16GB",7.0,0,"v100-sm70","hierarchical-dataflow-appt-online-register-tail-grouped-writer-final-data-time","experimental",0.000000,"persistent CTA fold roles publish online-reordered packet groups without fold-wide barriers",hierarchical-dataflow,0,named-barrier,0,0,0,3,0,0,0,hermes-xor,inplace,radix4,32,20,1048576,16,998244353,30,0,0,0,dataflow-radix4,"7+7+6","appt-online-register-tail-grouped-writer-final-data-time+appt-online-register-tail-grouped-writer-final-data-time+appt-online-register-tail-grouped-writer-final-data-time","256+256+256","8+8+8","32+16+16","8+8+8","2+2+2","1+1+1","7+7+6","ring+ring","2+2",8,0,3,20,10.898496,2.263347,2.263781,0.000434,7,11,4,16,2,natural,natural,"appt-ntt-log20-7x7x6-xor-fw16-v1",10.132384,7069.176290,686.865459,7412568596.995355,fused,shoup,-1
2,v06,0,9-11,"Tesla V100-SXM2-16GB",7.0,0,"v100-sm70","hierarchical-dataflow-wave-10x10-resident-radix4","experimental",0.000000,"transform-wave readiness with the generated resident radix-4 core",hierarchical-dataflow,0,named-barrier,0,0,0,4,0,0,0,hermes-xor,inplace,radix4,32,20,1048576,16,998244353,30,0,0,0,dataflow-radix4,"10+10","dataflow-radix4+dataflow-radix4","256+256","1+1","0+0","0+0","0+0","0+0","9+11","full-scratch","1",8,0,3,20,10.886560,1.037158,1.037557,0.000398,0,0,0,0,0,natural,natural,"",10.129824,15426.766502,725.507025,16176137111.739977,fused,shoup,-1
2,writer-final,1,6-12-4,"Tesla V100-SXM2-16GB",7.0,0,"v100-sm70","hierarchical-dataflow-appt-online-register-tail-grouped-writer-final","experimental",0.000000,"persistent CTA fold roles publish online-reordered packet groups without fold-wide barriers",hierarchical-dataflow,0,named-barrier,0,0,0,3,0,0,0,hermes-xor,inplace,radix4,32,20,1048576,16,998244353,30,0,0,0,dataflow-radix4,"7+7+6","appt-online-register-tail-grouped-writer-final+appt-online-register-tail-grouped-writer-final+appt-online-register-tail-grouped-writer-final","256+256+256","8+8+8","32+16+16","1+1+1","2+2+2","1+1+1","7+7+6","ring+ring","2+2",8,0,3,20,10.885088,1.724160,1.724484,0.000324,6,12,4,16,2,natural,natural,"appt-ntt-log20-7x7x6-xor-fw16-v1",10.113440,9279.881454,704.142061,9730660975.987917,fused,shoup,-1
2,data-time,1,6-12-4,"Tesla V100-SXM2-16GB",7.0,0,"v100-sm70","hierarchical-dataflow-appt-online-register-tail-grouped-writer-final-data-time","experimental",0.000000,"persistent CTA fold roles publish online-reordered packet groups without fold-wide barriers",hierarchical-dataflow,0,named-barrier,0,0,0,3,0,0,0,hermes-xor,inplace,radix4,32,20,1048576,16,998244353,30,0,0,0,dataflow-radix4,"7+7+6","appt-online-register-tail-grouped-writer-final-data-time+appt-online-register-tail-grouped-writer-final-data-time+appt-online-register-tail-grouped-writer-final-data-time","256+256+256","8+8+8","32+16+16","1+1+1","2+2+2","1+1+1","7+7+6","ring+ring","2+2",8,0,3,20,10.876992,1.728922,1.729273,0.000351,6,12,4,16,2,natural,natural,"appt-ntt-log20-7x7x6-xor-fw16-v1",10.115552,9254.323981,704.179924,9703862022.280392,fused,shoup,-1
2,data-time,1,6-11-5,"Tesla V100-SXM2-16GB",7.0,0,"v100-sm70","hierarchical-dataflow-appt-online-register-tail-grouped-writer-final-data-time","experimental",0.000000,"persistent CTA fold roles publish online-reordered packet groups without fold-wide barriers",hierarchical-dataflow,0,named-barrier,0,0,0,3,0,0,0,hermes-xor,inplace,radix4,32,20,1048576,16,998244353,30,0,0,0,dataflow-radix4,"7+7+6","appt-online-register-tail-grouped-writer-final-data-time+appt-online-register-tail-grouped-writer-final-data-time+appt-online-register-tail-grouped-writer-final-data-time","256+256+256","8+8+8","32+16+16","1+1+1","2+2+2","1+1+1","7+7+6","ring+ring","2+2",8,0,3,20,10.890432,1.831987,1.832423,0.000436,6,11,5,16,2,natural,natural,"appt-ntt-log20-7x7x6-xor-fw16-v1",10.137472,8733.685749,699.915828,9157933268.314013,fused,shoup,-1
2,data-time,1,7-11-4,"Tesla V100-SXM2-16GB",7.0,0,"v100-sm70","hierarchical-dataflow-appt-online-register-tail-grouped-writer-final-data-time","experimental",0.000000,"persistent CTA fold roles publish online-reordered packet groups without fold-wide barriers",hierarchical-dataflow,0,named-barrier,0,0,0,3,0,0,0,hermes-xor,inplace,radix4,32,20,1048576,16,998244353,30,0,0,0,dataflow-radix4,"7+7+6","appt-online-register-tail-grouped-writer-final-data-time+appt-online-register-tail-grouped-writer-final-data-time+appt-online-register-tail-grouped-writer-final-data-time","256+256+256","8+8+8","32+16+16","1+1+1","2+2+2","1+1+1","7+7+6","ring+ring","2+2",8,0,3,20,10.878720,1.832090,1.832465,0.000376,7,11,4,16,2,natural,natural,"appt-ntt-log20-7x7x6-xor-fw16-v1",10.115232,8733.197030,700.953749,9157420809.105686,fused,shoup,-1
2,data-time,2,6-12-4,"Tesla V100-SXM2-16GB",7.0,0,"v100-sm70","hierarchical-dataflow-appt-online-register-tail-grouped-writer-final-data-time","experimental",0.000000,"persistent CTA fold roles publish online-reordered packet groups without fold-wide barriers",hierarchical-dataflow,0,named-barrier,0,0,0,3,0,0,0,hermes-xor,inplace,radix4,32,20,1048576,16,998244353,30,0,0,0,dataflow-radix4,"7+7+6","appt-online-register-tail-grouped-writer-final-data-time+appt-online-register-tail-grouped-writer-final-data-time+appt-online-register-tail-grouped-writer-final-data-time","256+256+256","8+8+8","32+16+16","2+2+2","2+2+2","1+1+1","7+7+6","ring+ring","2+2",8,0,3,20,10.876128,1.777766,1.778082,0.000316,6,12,4,16,2,natural,natural,"appt-ntt-log20-7x7x6-xor-fw16-v1",10.110304,9000.057266,702.858041,9437244047.257069,fused,shoup,-1
2,data-time,2,6-11-5,"Tesla V100-SXM2-16GB",7.0,0,"v100-sm70","hierarchical-dataflow-appt-online-register-tail-grouped-writer-final-data-time","experimental",0.000000,"persistent CTA fold roles publish online-reordered packet groups without fold-wide barriers",hierarchical-dataflow,0,named-barrier,0,0,0,3,0,0,0,hermes-xor,inplace,radix4,32,20,1048576,16,998244353,30,0,0,0,dataflow-radix4,"7+7+6","appt-online-register-tail-grouped-writer-final-data-time+appt-online-register-tail-grouped-writer-final-data-time+appt-online-register-tail-grouped-writer-final-data-time","256+256+256","8+8+8","32+16+16","2+2+2","2+2+2","1+1+1","7+7+6","ring+ring","2+2",8,0,3,20,10.877952,1.851290,1.851656,0.000367,6,11,5,16,2,natural,natural,"appt-ntt-log20-7x7x6-xor-fw16-v1",10.113280,8642.624456,700.448068,9062448581.266064,fused,shoup,-1
2,data-time,2,7-11-4,"Tesla V100-SXM2-16GB",7.0,0,"v100-sm70","hierarchical-dataflow-appt-online-register-tail-grouped-writer-final-data-time","experimental",0.000000,"persistent CTA fold roles publish online-reordered packet groups without fold-wide barriers",hierarchical-dataflow,0,named-barrier,0,0,0,3,0,0,0,hermes-xor,inplace,radix4,32,20,1048576,16,998244353,30,0,0,0,dataflow-radix4,"7+7+6","appt-online-register-tail-grouped-writer-final-data-time+appt-online-register-tail-grouped-writer-final-data-time+appt-online-register-tail-grouped-writer-final-data-time","256+256+256","8+8+8","32+16+16","2+2+2","2+2+2","1+1+1","7+7+6","ring+ring","2+2",8,0,3,20,10.877376,1.849907,1.850239,0.000331,7,11,4,16,2,natural,natural,"appt-ntt-log20-7x7x6-xor-fw16-v1",10.111552,8649.082693,700.561128,9069220534.162264,fused,shoup,-1
2,data-time,4,6-12-4,"Tesla V100-SXM2-16GB",7.0,0,"v100-sm70","hierarchical-dataflow-appt-online-register-tail-grouped-writer-final-data-time","experimental",0.000000,"persistent CTA fold roles publish online-reordered packet groups without fold-wide barriers",hierarchical-dataflow,0,named-barrier,0,0,0,3,0,0,0,hermes-xor,inplace,radix4,32,20,1048576,16,998244353,30,0,0,0,dataflow-radix4,"7+7+6","appt-online-register-tail-grouped-writer-final-data-time+appt-online-register-tail-grouped-writer-final-data-time+appt-online-register-tail-grouped-writer-final-data-time","256+256+256","8+8+8","32+16+16","4+4+4","2+2+2","1+1+1","7+7+6","ring+ring","2+2",8,0,3,20,10.881024,1.868339,1.868748,0.000409,6,12,4,16,2,natural,natural,"appt-ntt-log20-7x7x6-xor-fw16-v1",10.117408,8563.755534,699.705252,8979748522.697048,fused,shoup,-1
2,data-time,4,6-11-5,"Tesla V100-SXM2-16GB",7.0,0,"v100-sm70","hierarchical-dataflow-appt-online-register-tail-grouped-writer-final-data-time","experimental",0.000000,"persistent CTA fold roles publish online-reordered packet groups without fold-wide barriers",hierarchical-dataflow,0,named-barrier,0,0,0,3,0,0,0,hermes-xor,inplace,radix4,32,20,1048576,16,998244353,30,0,0,0,dataflow-radix4,"7+7+6","appt-online-register-tail-grouped-writer-final-data-time+appt-online-register-tail-grouped-writer-final-data-time+appt-online-register-tail-grouped-writer-final-data-time","256+256+256","8+8+8","32+16+16","4+4+4","2+2+2","1+1+1","7+7+6","ring+ring","2+2",8,0,3,20,10.896448,1.998029,1.998389,0.000360,6,11,5,16,2,natural,natural,"appt-ntt-log20-7x7x6-xor-fw16-v1",10.131968,8007.892759,694.853261,8396884157.165938,fused,shoup,-1
2,data-time,4,7-11-4,"Tesla V100-SXM2-16GB",7.0,0,"v100-sm70","hierarchical-dataflow-appt-online-register-tail-grouped-writer-final-data-time","experimental",0.000000,"persistent CTA fold roles publish online-reordered packet groups without fold-wide barriers",hierarchical-dataflow,0,named-barrier,0,0,0,3,0,0,0,hermes-xor,inplace,radix4,32,20,1048576,16,998244353,30,0,0,0,dataflow-radix4,"7+7+6","appt-online-register-tail-grouped-writer-final-data-time+appt-online-register-tail-grouped-writer-final-data-time+appt-online-register-tail-grouped-writer-final-data-time","256+256+256","8+8+8","32+16+16","4+4+4","2+2+2","1+1+1","7+7+6","ring+ring","2+2",8,0,3,20,10.879264,1.990451,1.990767,0.000316,7,11,4,16,2,natural,natural,"appt-ntt-log20-7x7x6-xor-fw16-v1",10.120576,8038.378367,695.945954,8428850634.096249,fused,shoup,-1
2,data-time,8,6-12-4,"Tesla V100-SXM2-16GB",7.0,0,"v100-sm70","hierarchical-dataflow-appt-online-register-tail-grouped-writer-final-data-time","experimental",0.000000,"persistent CTA fold roles publish online-reordered packet groups without fold-wide barriers",hierarchical-dataflow,0,named-barrier,0,0,0,3,0,0,0,hermes-xor,inplace,radix4,32,20,1048576,16,998244353,30,0,0,0,dataflow-radix4,"7+7+6","appt-online-register-tail-grouped-writer-final-data-time+appt-online-register-tail-grouped-writer-final-data-time+appt-online-register-tail-grouped-writer-final-data-time","256+256+256","8+8+8","32+16+16","8+8+8","2+2+2","1+1+1","7+7+6","ring+ring","2+2",8,0,3,20,10.887936,2.026393,2.026696,0.000302,6,12,4,16,2,natural,natural,"appt-ntt-log20-7x7x6-xor-fw16-v1",10.124352,7895.801424,694.484187,8279347873.846701,fused,shoup,-1
2,data-time,8,6-11-5,"Tesla V100-SXM2-16GB",7.0,0,"v100-sm70","hierarchical-dataflow-appt-online-register-tail-grouped-writer-final-data-time","experimental",0.000000,"persistent CTA fold roles publish online-reordered packet groups without fold-wide barriers",hierarchical-dataflow,0,named-barrier,0,0,0,3,0,0,0,hermes-xor,inplace,radix4,32,20,1048576,16,998244353,30,0,0,0,dataflow-radix4,"7+7+6","appt-online-register-tail-grouped-writer-final-data-time+appt-online-register-tail-grouped-writer-final-data-time+appt-online-register-tail-grouped-writer-final-data-time","256+256+256","8+8+8","32+16+16","8+8+8","2+2+2","1+1+1","7+7+6","ring+ring","2+2",8,0,3,20,10.885440,2.307533,2.307856,0.000323,6,11,5,16,2,natural,natural,"appt-ntt-log20-7x7x6-xor-fw16-v1",10.120800,6933.812637,686.289612,7270629519.185939,fused,shoup,-1
2,data-time,8,7-11-4,"Tesla V100-SXM2-16GB",7.0,0,"v100-sm70","hierarchical-dataflow-appt-online-register-tail-grouped-writer-final-data-time","experimental",0.000000,"persistent CTA fold roles publish online-reordered packet groups without fold-wide barriers",hierarchical-dataflow,0,named-barrier,0,0,0,3,0,0,0,hermes-xor,inplace,radix4,32,20,1048576,16,998244353,30,0,0,0,dataflow-radix4,"7+7+6","appt-online-register-tail-grouped-writer-final-data-time+appt-online-register-tail-grouped-writer-final-data-time+appt-online-register-tail-grouped-writer-final-data-time","256+256+256","8+8+8","32+16+16","8+8+8","2+2+2","1+1+1","7+7+6","ring+ring","2+2",8,0,3,20,10.885056,2.273690,2.273996,0.000306,7,11,4,16,2,natural,natural,"appt-ntt-log20-7x7x6-xor-fw16-v1",10.124416,7037.019902,687.191896,7378850180.942241,fused,shoup,-1
1,v06,0,9-11,"Tesla V100-SXM2-16GB",7.0,0,"v100-sm70","hierarchical-dataflow-wave-10x10-resident-radix4","experimental",0.000000,"transform-wave readiness with the generated resident radix-4 core",hierarchical-dataflow,0,named-barrier,0,0,0,2,0,0,0,hermes-xor,inplace,radix4,64,20,1048576,1,576460756061519873,60,0,0,0,dataflow-radix4,"10+10","dataflow-radix4+dataflow-radix4","256+256","1+1","0+0","0+0","0+0","0+0","9+11","full-scratch","1",8,0,3,20,1.416320,0.203520,0.203913,0.000393,0,0,0,0,0,natural,natural,"",1.342752,4913.521653,337.542265,5152200881.114852,fused,shoup,-1
1,writer-final,1,8-8-4,"Tesla V100-SXM2-16GB",7.0,0,"v100-sm70","hierarchical-dataflow-appt-online-register-tail-grouped-writer-final","experimental",0.000000,"persistent CTA fold roles publish online-reordered packet groups without fold-wide barriers",hierarchical-dataflow,0,named-barrier,0,0,0,2,0,0,0,hermes-xor,inplace,radix4,64,20,1048576,1,576460756061519873,60,0,0,0,dataflow-radix4,"7+7+6","appt-online-register-tail-grouped-writer-final+appt-online-register-tail-grouped-writer-final+appt-online-register-tail-grouped-writer-final","256+256+256","8+8+8","32+16+16","1+1+1","2+2+2","1+1+1","10+5+5","ring+ring","2+2",8,0,3,20,1.417024,0.289382,0.289803,0.000421,8,8,4,8,2,natural,natural,"appt-ntt-log20-7x7x6-xor-fw8-v1",1.338080,3455.635196,328.462620,3623496131.006372,fused,shoup,-1
1,data-time,1,8-8-4,"Tesla V100-SXM2-16GB",7.0,0,"v100-sm70","hierarchical-dataflow-appt-online-register-tail-grouped-writer-final-data-time","experimental",0.000000,"persistent CTA fold roles publish online-reordered packet groups without fold-wide barriers",hierarchical-dataflow,0,named-barrier,0,0,0,2,0,0,0,hermes-xor,inplace,radix4,64,20,1048576,1,576460756061519873,60,0,0,0,dataflow-radix4,"7+7+6","appt-online-register-tail-grouped-writer-final-data-time+appt-online-register-tail-grouped-writer-final-data-time+appt-online-register-tail-grouped-writer-final-data-time","256+256+256","8+8+8","32+16+16","1+1+1","2+2+2","1+1+1","10+5+5","ring+ring","2+2",8,0,3,20,1.420416,0.299315,0.299689,0.000374,8,8,4,8,2,natural,natural,"appt-ntt-log20-7x7x6-xor-fw8-v1",1.345216,3340.959805,326.269893,3503250268.643603,fused,shoup,-1
1,data-time,1,8-7-5,"Tesla V100-SXM2-16GB",7.0,0,"v100-sm70","hierarchical-dataflow-appt-online-register-tail-grouped-writer-final-data-time","experimental",0.000000,"persistent CTA fold roles publish online-reordered packet groups without fold-wide barriers",hierarchical-dataflow,0,named-barrier,0,0,0,2,0,0,0,hermes-xor,inplace,radix4,64,20,1048576,1,576460756061519873,60,0,0,0,dataflow-radix4,"7+7+6","appt-online-register-tail-grouped-writer-final-data-time+appt-online-register-tail-grouped-writer-final-data-time+appt-online-register-tail-grouped-writer-final-data-time","256+256+256","8+8+8","32+16+16","1+1+1","2+2+2","1+1+1","10+5+5","ring+ring","2+2",8,0,3,20,1.411136,0.360550,0.360939,0.000389,8,7,5,8,2,natural,natural,"appt-ntt-log20-7x7x6-xor-fw8-v1",1.346048,2773.537320,320.745728,2908264668.531428,fused,shoup,-1
1,data-time,1,9-8-3,"Tesla V100-SXM2-16GB",7.0,0,"v100-sm70","hierarchical-dataflow-appt-online-register-tail-grouped-writer-final-data-time","experimental",0.000000,"persistent CTA fold roles publish online-reordered packet groups without fold-wide barriers",hierarchical-dataflow,0,named-barrier,0,0,0,2,0,0,0,hermes-xor,inplace,radix4,64,20,1048576,1,576460756061519873,60,0,0,0,dataflow-radix4,"7+7+6","appt-online-register-tail-grouped-writer-final-data-time+appt-online-register-tail-grouped-writer-final-data-time+appt-online-register-tail-grouped-writer-final-data-time","256+256+256","8+8+8","32+16+16","1+1+1","2+2+2","1+1+1","10+5+5","ring+ring","2+2",8,0,3,20,1.418592,0.323430,0.323822,0.000391,9,8,3,8,2,natural,natural,"appt-ntt-log20-7x7x6-xor-fw8-v1",1.344160,3091.855415,324.024926,3242045383.256226,fused,shoup,-1
1,data-time,2,8-8-4,"Tesla V100-SXM2-16GB",7.0,0,"v100-sm70","hierarchical-dataflow-appt-online-register-tail-grouped-writer-final-data-time","experimental",0.000000,"persistent CTA fold roles publish online-reordered packet groups without fold-wide barriers",hierarchical-dataflow,0,named-barrier,0,0,0,2,0,0,0,hermes-xor,inplace,radix4,64,20,1048576,1,576460756061519873,60,0,0,0,dataflow-radix4,"7+7+6","appt-online-register-tail-grouped-writer-final-data-time+appt-online-register-tail-grouped-writer-final-data-time+appt-online-register-tail-grouped-writer-final-data-time","256+256+256","8+8+8","32+16+16","2+2+2","2+2+2","1+1+1","10+5+5","ring+ring","2+2",8,0,3,20,1.415232,0.300186,0.300591,0.000405,8,8,4,8,2,natural,natural,"appt-ntt-log20-7x7x6-xor-fw8-v1",1.337952,3331.272155,327.507029,3493092031.719450,fused,shoup,-1
1,data-time,2,8-7-5,"Tesla V100-SXM2-16GB",7.0,0,"v100-sm70","hierarchical-dataflow-appt-online-register-tail-grouped-writer-final-data-time","experimental",0.000000,"persistent CTA fold roles publish online-reordered packet groups without fold-wide barriers",hierarchical-dataflow,0,named-barrier,0,0,0,2,0,0,0,hermes-xor,inplace,radix4,64,20,1048576,1,576460756061519873,60,0,0,0,dataflow-radix4,"7+7+6","appt-online-register-tail-grouped-writer-final-data-time+appt-online-register-tail-grouped-writer-final-data-time+appt-online-register-tail-grouped-writer-final-data-time","256+256+256","8+8+8","32+16+16","2+2+2","2+2+2","1+1+1","10+5+5","ring+ring","2+2",8,0,3,20,1.417568,0.359782,0.360166,0.000384,8,7,5,8,2,natural,natural,"appt-ntt-log20-7x7x6-xor-fw8-v1",1.342208,2779.457823,320.558192,2914472766.222559,fused,shoup,-1
1,data-time,2,9-8-3,"Tesla V100-SXM2-16GB",7.0,0,"v100-sm70","hierarchical-dataflow-appt-online-register-tail-grouped-writer-final-data-time","experimental",0.000000,"persistent CTA fold roles publish online-reordered packet groups without fold-wide barriers",hierarchical-dataflow,0,named-barrier,0,0,0,2,0,0,0,hermes-xor,inplace,radix4,64,20,1048576,1,576460756061519873,60,0,0,0,dataflow-radix4,"7+7+6","appt-online-register-tail-grouped-writer-final-data-time+appt-online-register-tail-grouped-writer-final-data-time+appt-online-register-tail-grouped-writer-final-data-time","256+256+256","8+8+8","32+16+16","2+2+2","2+2+2","1+1+1","10+5+5","ring+ring","2+2",8,0,3,20,1.416928,0.324250,0.324661,0.000411,9,8,3,8,2,natural,natural,"appt-ntt-log20-7x7x6-xor-fw8-v1",1.346496,3084.043941,323.868426,3233854459.230969,fused,shoup,-1
1,data-time,4,8-8-4,"Tesla V100-SXM2-16GB",7.0,0,"v100-sm70","hierarchical-dataflow-appt-online-register-tail-grouped-writer-final-data-time","experimental",0.000000,"persistent CTA fold roles publish online-reordered packet groups without fold-wide barriers",hierarchical-dataflow,0,named-barrier,0,0,0,2,0,0,0,hermes-xor,inplace,radix4,64,20,1048576,1,576460756061519873,60,0,0,0,dataflow-radix4,"7+7+6","appt-online-register-tail-grouped-writer-final-data-time+appt-online-register-tail-grouped-writer-final-data-time+appt-online-register-tail-grouped-writer-final-data-time","256+256+256","8+8+8","32+16+16","4+4+4","2+2+2","1+1+1","10+5+5","ring+ring","2+2",8,0,3,20,1.413632,0.299264,0.299690,0.000426,8,8,4,8,2,natural,natural,"appt-ntt-log20-7x7x6-xor-fw8-v1",1.340576,3341.531070,327.496033,3503849282.779277,fused,shoup,-1
1,data-time,4,8-7-5,"Tesla V100-SXM2-16GB",7.0,0,"v100-sm70","hierarchical-dataflow-appt-online-register-tail-grouped-writer-final-data-time","experimental",0.000000,"persistent CTA fold roles publish online-reordered packet groups without fold-wide barriers",hierarchical-dataflow,0,named-barrier,0,0,0,2,0,0,0,hermes-xor,inplace,radix4,64,20,1048576,1,576460756061519873,60,0,0,0,dataflow-radix4,"7+7+6","appt-online-register-tail-grouped-writer-final-data-time+appt-online-register-tail-grouped-writer-final-data-time+appt-online-register-tail-grouped-writer-final-data-time","256+256+256","8+8+8","32+16+16","4+4+4","2+2+2","1+1+1","10+5+5","ring+ring","2+2",8,0,3,20,1.416544,0.360141,0.360518,0.000377,8,7,5,8,2,natural,natural,"appt-ntt-log20-7x7x6-xor-fw8-v1",1.348032,2776.691779,320.029007,2911572358.960372,fused,shoup,-1
1,data-time,4,9-8-3,"Tesla V100-SXM2-16GB",7.0,0,"v100-sm70","hierarchical-dataflow-appt-online-register-tail-grouped-writer-final-data-time","experimental",0.000000,"persistent CTA fold roles publish online-reordered packet groups without fold-wide barriers",hierarchical-dataflow,0,named-barrier,0,0,0,2,0,0,0,hermes-xor,inplace,radix4,64,20,1048576,1,576460756061519873,60,0,0,0,dataflow-radix4,"7+7+6","appt-online-register-tail-grouped-writer-final-data-time+appt-online-register-tail-grouped-writer-final-data-time+appt-online-register-tail-grouped-writer-final-data-time","256+256+256","8+8+8","32+16+16","4+4+4","2+2+2","1+1+1","10+5+5","ring+ring","2+2",8,0,3,20,1.424864,0.324966,0.325379,0.000413,9,8,3,8,2,natural,natural,"appt-ntt-log20-7x7x6-xor-fw8-v1",1.356608,3077.241208,321.912056,3226721277.090200,fused,shoup,-1
1,data-time,8,8-8-4,"Tesla V100-SXM2-16GB",7.0,0,"v100-sm70","hierarchical-dataflow-appt-online-register-tail-grouped-writer-final-data-time","experimental",0.000000,"persistent CTA fold roles publish online-reordered packet groups without fold-wide barriers",hierarchical-dataflow,0,named-barrier,0,0,0,2,0,0,0,hermes-xor,inplace,radix4,64,20,1048576,1,576460756061519873,60,0,0,0,dataflow-radix4,"7+7+6","appt-online-register-tail-grouped-writer-final-data-time+appt-online-register-tail-grouped-writer-final-data-time+appt-online-register-tail-grouped-writer-final-data-time","256+256+256","8+8+8","32+16+16","8+8+8","2+2+2","1+1+1","10+5+5","ring+ring","2+2",8,0,3,20,1.415392,0.326758,0.327220,0.000461,8,8,4,8,2,natural,natural,"appt-ntt-log20-7x7x6-xor-fw8-v1",1.347424,3060.364953,323.669167,3209025241.422875,fused,shoup,-1
1,data-time,8,8-7-5,"Tesla V100-SXM2-16GB",7.0,0,"v100-sm70","hierarchical-dataflow-appt-online-register-tail-grouped-writer-final-data-time","experimental",0.000000,"persistent CTA fold roles publish online-reordered packet groups without fold-wide barriers",hierarchical-dataflow,0,named-barrier,0,0,0,2,0,0,0,hermes-xor,inplace,radix4,64,20,1048576,1,576460756061519873,60,0,0,0,dataflow-radix4,"7+7+6","appt-online-register-tail-grouped-writer-final-data-time+appt-online-register-tail-grouped-writer-final-data-time+appt-online-register-tail-grouped-writer-final-data-time","256+256+256","8+8+8","32+16+16","8+8+8","2+2+2","1+1+1","10+5+5","ring+ring","2+2",8,0,3,20,1.420096,0.393421,0.393825,0.000404,8,7,5,8,2,natural,natural,"appt-ntt-log20-7x7x6-xor-fw8-v1",1.351904,2541.807745,315.913758,2665278597.891631,fused,shoup,-1
1,data-time,8,9-8-3,"Tesla V100-SXM2-16GB",7.0,0,"v100-sm70","hierarchical-dataflow-appt-online-register-tail-grouped-writer-final-data-time","experimental",0.000000,"persistent CTA fold roles publish online-reordered packet groups without fold-wide barriers",hierarchical-dataflow,0,named-barrier,0,0,0,2,0,0,0,hermes-xor,inplace,radix4,64,20,1048576,1,576460756061519873,60,0,0,0,dataflow-radix4,"7+7+6","appt-online-register-tail-grouped-writer-final-data-time+appt-online-register-tail-grouped-writer-final-data-time+appt-online-register-tail-grouped-writer-final-data-time","256+256+256","8+8+8","32+16+16","8+8+8","2+2+2","1+1+1","10+5+5","ring+ring","2+2",8,0,3,20,1.414432,0.353792,0.354183,0.000391,9,8,3,8,2,natural,natural,"appt-ntt-log20-7x7x6-xor-fw8-v1",1.340352,2826.519443,321.690691,2963820451.596414,fused,shoup,-1
2,v06,0,9-11,"Tesla V100-SXM2-16GB",7.0,0,"v100-sm70","hierarchical-dataflow-wave-10x10-resident-radix4","experimental",0.000000,"transform-wave readiness with the generated resident radix-4 core",hierarchical-dataflow,0,named-barrier,0,0,0,2,0,0,0,hermes-xor,inplace,radix4,64,20,1048576,1,576460756061519873,60,0,0,0,dataflow-radix4,"10+10","dataflow-radix4+dataflow-radix4","256+256","1+1","0+0","0+0","0+0","0+0","9+11","full-scratch","1",8,0,3,20,1.419424,0.228147,0.228547,0.000400,0,0,0,0,0,natural,natural,"",1.361696,4383.135218,332.306809,4596050394.411385,fused,shoup,-1
2,writer-final,1,8-8-4,"Tesla V100-SXM2-16GB",7.0,0,"v100-sm70","hierarchical-dataflow-appt-online-register-tail-grouped-writer-final","experimental",0.000000,"persistent CTA fold roles publish online-reordered packet groups without fold-wide barriers",hierarchical-dataflow,0,named-barrier,0,0,0,2,0,0,0,hermes-xor,inplace,radix4,64,20,1048576,1,576460756061519873,60,0,0,0,dataflow-radix4,"7+7+6","appt-online-register-tail-grouped-writer-final+appt-online-register-tail-grouped-writer-final+appt-online-register-tail-grouped-writer-final","256+256+256","8+8+8","32+16+16","1+1+1","2+2+2","1+1+1","10+5+5","ring+ring","2+2",8,0,3,20,1.425728,0.314470,0.314878,0.000408,8,8,4,8,2,natural,natural,"appt-ntt-log20-7x7x6-xor-fw8-v1",1.362432,3179.949423,322.307165,3334418646.393494,fused,shoup,-1
2,data-time,1,8-8-4,"Tesla V100-SXM2-16GB",7.0,0,"v100-sm70","hierarchical-dataflow-appt-online-register-tail-grouped-writer-final-data-time","experimental",0.000000,"persistent CTA fold roles publish online-reordered packet groups without fold-wide barriers",hierarchical-dataflow,0,named-barrier,0,0,0,2,0,0,0,hermes-xor,inplace,radix4,64,20,1048576,1,576460756061519873,60,0,0,0,dataflow-radix4,"7+7+6","appt-online-register-tail-grouped-writer-final-data-time+appt-online-register-tail-grouped-writer-final-data-time+appt-online-register-tail-grouped-writer-final-data-time","256+256+256","8+8+8","32+16+16","1+1+1","2+2+2","1+1+1","10+5+5","ring+ring","2+2",8,0,3,20,1.427296,0.326810,0.327246,0.000436,8,8,4,8,2,natural,natural,"appt-ntt-log20-7x7x6-xor-fw8-v1",1.348192,3059.885773,322.341738,3208522784.596262,fused,shoup,-1
2,data-time,1,8-7-5,"Tesla V100-SXM2-16GB",7.0,0,"v100-sm70","hierarchical-dataflow-appt-online-register-tail-grouped-writer-final-data-time","experimental",0.000000,"persistent CTA fold roles publish online-reordered packet groups without fold-wide barriers",hierarchical-dataflow,0,named-barrier,0,0,0,2,0,0,0,hermes-xor,inplace,radix4,64,20,1048576,1,576460756061519873,60,0,0,0,dataflow-radix4,"7+7+6","appt-online-register-tail-grouped-writer-final-data-time+appt-online-register-tail-grouped-writer-final-data-time+appt-online-register-tail-grouped-writer-final-data-time","256+256+256","8+8+8","32+16+16","1+1+1","2+2+2","1+1+1","10+5+5","ring+ring","2+2",8,0,3,20,1.427360,0.390810,0.391258,0.000448,8,7,5,8,2,natural,natural,"appt-ntt-log20-7x7x6-xor-fw8-v1",1.356736,2558.790806,314.969995,2683086627.979911,fused,shoup,-1
2,data-time,1,9-8-3,"Tesla V100-SXM2-16GB",7.0,0,"v100-sm70","hierarchical-dataflow-appt-online-register-tail-grouped-writer-final-data-time","experimental",0.000000,"persistent CTA fold roles publish online-reordered packet groups without fold-wide barriers",hierarchical-dataflow,0,named-barrier,0,0,0,2,0,0,0,hermes-xor,inplace,radix4,64,20,1048576,1,576460756061519873,60,0,0,0,dataflow-radix4,"7+7+6","appt-online-register-tail-grouped-writer-final-data-time+appt-online-register-tail-grouped-writer-final-data-time+appt-online-register-tail-grouped-writer-final-data-time","256+256+256","8+8+8","32+16+16","1+1+1","2+2+2","1+1+1","10+5+5","ring+ring","2+2",8,0,3,20,1.426016,0.353229,0.353656,0.000428,9,8,3,8,2,natural,natural,"appt-ntt-log20-7x7x6-xor-fw8-v1",1.362464,2831.026176,318.298125,2968546103.506533,fused,shoup,-1
2,data-time,2,8-8-4,"Tesla V100-SXM2-16GB",7.0,0,"v100-sm70","hierarchical-dataflow-appt-online-register-tail-grouped-writer-final-data-time","experimental",0.000000,"persistent CTA fold roles publish online-reordered packet groups without fold-wide barriers",hierarchical-dataflow,0,named-barrier,0,0,0,2,0,0,0,hermes-xor,inplace,radix4,64,20,1048576,1,576460756061519873,60,0,0,0,dataflow-radix4,"7+7+6","appt-online-register-tail-grouped-writer-final-data-time+appt-online-register-tail-grouped-writer-final-data-time+appt-online-register-tail-grouped-writer-final-data-time","256+256+256","8+8+8","32+16+16","2+2+2","2+2+2","1+1+1","10+5+5","ring+ring","2+2",8,0,3,20,1.413888,0.326758,0.327169,0.000411,8,8,4,8,2,natural,natural,"appt-ntt-log20-7x7x6-xor-fw8-v1",1.346144,3060.364953,323.961101,3209025241.422875,fused,shoup,-1
2,data-time,2,8-7-5,"Tesla V100-SXM2-16GB",7.0,0,"v100-sm70","hierarchical-dataflow-appt-online-register-tail-grouped-writer-final-data-time","experimental",0.000000,"persistent CTA fold roles publish online-reordered packet groups without fold-wide barriers",hierarchical-dataflow,0,named-barrier,0,0,0,2,0,0,0,hermes-xor,inplace,radix4,64,20,1048576,1,576460756061519873,60,0,0,0,dataflow-radix4,"7+7+6","appt-online-register-tail-grouped-writer-final-data-time+appt-online-register-tail-grouped-writer-final-data-time+appt-online-register-tail-grouped-writer-final-data-time","256+256+256","8+8+8","32+16+16","2+2+2","2+2+2","1+1+1","10+5+5","ring+ring","2+2",8,0,3,20,1.421120,0.393216,0.393613,0.000397,8,7,5,8,2,natural,natural,"appt-ntt-log20-7x7x6-xor-fw8-v1",1.343264,2543.131613,316.696223,2666666774.454324,fused,shoup,-1
2,data-time,2,9-8-3,"Tesla V100-SXM2-16GB",7.0,0,"v100-sm70","hierarchical-dataflow-appt-online-register-tail-grouped-writer-final-data-time","experimental",0.000000,"persistent CTA fold roles publish online-reordered packet groups without fold-wide barriers",hierarchical-dataflow,0,named-barrier,0,0,0,2,0,0,0,hermes-xor,inplace,radix4,64,20,1048576,1,576460756061519873,60,0,0,0,dataflow-radix4,"7+7+6","appt-online-register-tail-grouped-writer-final-data-time+appt-online-register-tail-grouped-writer-final-data-time+appt-online-register-tail-grouped-writer-final-data-time","256+256+256","8+8+8","32+16+16","2+2+2","2+2+2","1+1+1","10+5+5","ring+ring","2+2",8,0,3,20,1.413280,0.354048,0.354455,0.000407,9,8,3,8,2,natural,natural,"appt-ntt-log20-7x7x6-xor-fw8-v1",1.339904,2824.475906,321.829853,2961677647.460214,fused,shoup,-1
2,data-time,4,8-8-4,"Tesla V100-SXM2-16GB",7.0,0,"v100-sm70","hierarchical-dataflow-appt-online-register-tail-grouped-writer-final-data-time","experimental",0.000000,"persistent CTA fold roles publish online-reordered packet groups without fold-wide barriers",hierarchical-dataflow,0,named-barrier,0,0,0,2,0,0,0,hermes-xor,inplace,radix4,64,20,1048576,1,576460756061519873,60,0,0,0,dataflow-radix4,"7+7+6","appt-online-register-tail-grouped-writer-final-data-time+appt-online-register-tail-grouped-writer-final-data-time+appt-online-register-tail-grouped-writer-final-data-time","256+256+256","8+8+8","32+16+16","4+4+4","2+2+2","1+1+1","10+5+5","ring+ring","2+2",8,0,3,20,1.419776,0.327424,0.327809,0.000385,8,8,4,8,2,natural,natural,"appt-ntt-log20-7x7x6-xor-fw8-v1",1.348288,3054.143958,323.050839,3202502054.683346,fused,shoup,-1
2,data-time,4,8-7-5,"Tesla V100-SXM2-16GB",7.0,0,"v100-sm70","hierarchical-dataflow-appt-online-register-tail-grouped-writer-final-data-time","experimental",0.000000,"persistent CTA fold roles publish online-reordered packet groups without fold-wide barriers",hierarchical-dataflow,0,named-barrier,0,0,0,2,0,0,0,hermes-xor,inplace,radix4,64,20,1048576,1,576460756061519873,60,0,0,0,dataflow-radix4,"7+7+6","appt-online-register-tail-grouped-writer-final-data-time+appt-online-register-tail-grouped-writer-final-data-time+appt-online-register-tail-grouped-writer-final-data-time","256+256+256","8+8+8","32+16+16","4+4+4","2+2+2","1+1+1","10+5+5","ring+ring","2+2",8,0,3,20,1.417344,0.392397,0.392836,0.000439,8,7,5,8,2,natural,natural,"appt-ntt-log20-7x7x6-xor-fw8-v1",1.344576,2548.440712,317.025863,2672233768.222324,fused,shoup,-1
2,data-time,4,9-8-3,"Tesla V100-SXM2-16GB",7.0,0,"v100-sm70","hierarchical-dataflow-appt-online-register-tail-grouped-writer-final-data-time","experimental",0.000000,"persistent CTA fold roles publish online-reordered packet groups without fold-wide barriers",hierarchical-dataflow,0,named-barrier,0,0,0,2,0,0,0,hermes-xor,inplace,radix4,64,20,1048576,1,576460756061519873,60,0,0,0,dataflow-radix4,"7+7+6","appt-online-register-tail-grouped-writer-final-data-time+appt-online-register-tail-grouped-writer-final-data-time+appt-online-register-tail-grouped-writer-final-data-time","256+256+256","8+8+8","32+16+16","4+4+4","2+2+2","1+1+1","10+5+5","ring+ring","2+2",8,0,3,20,1.423200,0.353792,0.354159,0.000367,9,8,3,8,2,natural,natural,"appt-ntt-log20-7x7x6-xor-fw8-v1",1.347904,2826.519443,320.010651,2963820451.596414,fused,shoup,-1
2,data-time,8,8-8-4,"Tesla V100-SXM2-16GB",7.0,0,"v100-sm70","hierarchical-dataflow-appt-online-register-tail-grouped-writer-final-data-time","experimental",0.000000,"persistent CTA fold roles publish online-reordered packet groups without fold-wide barriers",hierarchical-dataflow,0,named-barrier,0,0,0,2,0,0,0,hermes-xor,inplace,radix4,64,20,1048576,1,576460756061519873,60,0,0,0,dataflow-radix4,"7+7+6","appt-online-register-tail-grouped-writer-final-data-time+appt-online-register-tail-grouped-writer-final-data-time+appt-online-register-tail-grouped-writer-final-data-time","256+256+256","8+8+8","32+16+16","8+8+8","2+2+2","1+1+1","10+5+5","ring+ring","2+2",8,0,3,20,1.418816,0.327578,0.328021,0.000443,8,8,4,8,2,natural,natural,"appt-ntt-log20-7x7x6-xor-fw8-v1",1.355264,3052.711869,322.408260,3201000401.106291,fused,shoup,-1
2,data-time,8,8-7-5,"Tesla V100-SXM2-16GB",7.0,0,"v100-sm70","hierarchical-dataflow-appt-online-register-tail-grouped-writer-final-data-time","experimental",0.000000,"persistent CTA fold roles publish online-reordered packet groups without fold-wide barriers",hierarchical-dataflow,0,named-barrier,0,0,0,2,0,0,0,hermes-xor,inplace,radix4,64,20,1048576,1,576460756061519873,60,0,0,0,dataflow-radix4,"7+7+6","appt-online-register-tail-grouped-writer-final-data-time+appt-online-register-tail-grouped-writer-final-data-time+appt-online-register-tail-grouped-writer-final-data-time","256+256+256","8+8+8","32+16+16","8+8+8","2+2+2","1+1+1","10+5+5","ring+ring","2+2",8,0,3,20,1.419008,0.392806,0.393211,0.000404,8,7,5,8,2,natural,natural,"appt-ntt-log20-7x7x6-xor-fw8-v1",1.351520,2545.783298,316.122130,2669447267.656601,fused,shoup,-1
2,data-time,8,9-8-3,"Tesla V100-SXM2-16GB",7.0,0,"v100-sm70","hierarchical-dataflow-appt-online-register-tail-grouped-writer-final-data-time","experimental",0.000000,"persistent CTA fold roles publish online-reordered packet groups without fold-wide barriers",hierarchical-dataflow,0,named-barrier,0,0,0,2,0,0,0,hermes-xor,inplace,radix4,64,20,1048576,1,576460756061519873,60,0,0,0,dataflow-radix4,"7+7+6","appt-online-register-tail-grouped-writer-final-data-time+appt-online-register-tail-grouped-writer-final-data-time+appt-online-register-tail-grouped-writer-final-data-time","256+256+256","8+8+8","32+16+16","8+8+8","2+2+2","1+1+1","10+5+5","ring+ring","2+2",8,0,3,20,1.419712,0.353997,0.354382,0.000385,9,8,3,8,2,natural,natural,"appt-ntt-log20-7x7x6-xor-fw8-v1",1.359424,2824.884187,319.169368,2962105760.877146,fused,shoup,-1
1,v06,0,9-11,"Tesla V100-SXM2-16GB",7.0,0,"v100-sm70","hierarchical-dataflow-wave-10x10-resident-radix4","experimental",0.000000,"transform-wave readiness with the generated resident radix-4 core",hierarchical-dataflow,0,named-barrier,0,0,0,2,0,0,0,hermes-xor,inplace,radix4,64,20,1048576,4,576460756061519873,60,0,0,0,dataflow-radix4,"10+10","dataflow-radix4+dataflow-radix4","256+256","1+1","0+0","0+0","0+0","0+0","9+11","full-scratch","1",8,0,3,20,5.456768,0.611635,0.612044,0.000409,0,0,0,0,0,natural,natural,"",5.104512,6539.845887,358.008616,6857525440.408141,fused,shoup,-1
1,writer-final,1,8-8-4,"Tesla V100-SXM2-16GB",7.0,0,"v100-sm70","hierarchical-dataflow-appt-online-register-tail-grouped-writer-final","experimental",0.000000,"persistent CTA fold roles publish online-reordered packet groups without fold-wide barriers",hierarchical-dataflow,0,named-barrier,0,0,0,2,0,0,0,hermes-xor,inplace,radix4,64,20,1048576,4,576460756061519873,60,0,0,0,dataflow-radix4,"7+7+6","appt-online-register-tail-grouped-writer-final+appt-online-register-tail-grouped-writer-final+appt-online-register-tail-grouped-writer-final","256+256+256","8+8+8","32+16+16","1+1+1","2+2+2","1+1+1","10+5+5","ring+ring","2+2",8,0,3,20,5.475808,0.941414,0.941825,0.000411,8,8,4,8,2,natural,natural,"appt-ntt-log20-7x7x6-xor-fw8-v1",5.106016,4248.926069,347.124634,4455321901.812754,fused,shoup,-1
1,data-time,1,8-8-4,"Tesla V100-SXM2-16GB",7.0,0,"v100-sm70","hierarchical-dataflow-appt-online-register-tail-grouped-writer-final-data-time","experimental",0.000000,"persistent CTA fold roles publish online-reordered packet groups without fold-wide barriers",hierarchical-dataflow,0,named-barrier,0,0,0,2,0,0,0,hermes-xor,inplace,radix4,64,20,1048576,4,576460756061519873,60,0,0,0,dataflow-radix4,"7+7+6","appt-online-register-tail-grouped-writer-final-data-time+appt-online-register-tail-grouped-writer-final-data-time+appt-online-register-tail-grouped-writer-final-data-time","256+256+256","8+8+8","32+16+16","1+1+1","2+2+2","1+1+1","10+5+5","ring+ring","2+2",8,0,3,20,5.471584,1.008691,1.009021,0.000330,8,8,4,8,2,natural,natural,"appt-ntt-log20-7x7x6-xor-fw8-v1",5.113728,3965.534777,345.005946,4158164594.500158,fused,shoup,-1
1,data-time,1,8-7-5,"Tesla V100-SXM2-16GB",7.0,0,"v100-sm70","hierarchical-dataflow-appt-online-register-tail-grouped-writer-final-data-time","experimental",0.000000,"persistent CTA fold roles publish online-reordered packet groups without fold-wide barriers",hierarchical-dataflow,0,named-barrier,0,0,0,2,0,0,0,hermes-xor,inplace,radix4,64,20,1048576,4,576460756061519873,60,0,0,0,dataflow-radix4,"7+7+6","appt-online-register-tail-grouped-writer-final-data-time+appt-online-register-tail-grouped-writer-final-data-time+appt-online-register-tail-grouped-writer-final-data-time","256+256+256","8+8+8","32+16+16","1+1+1","2+2+2","1+1+1","10+5+5","ring+ring","2+2",8,0,3,20,5.472160,1.170995,1.171361,0.000365,8,7,5,8,2,natural,natural,"appt-ntt-log20-7x7x6-xor-fw8-v1",5.117440,3415.897759,340.118837,3581828408.048848,fused,shoup,-1
1,data-time,1,9-8-3,"Tesla V100-SXM2-16GB",7.0,0,"v100-sm70","hierarchical-dataflow-appt-online-register-tail-grouped-writer-final-data-time","experimental",0.000000,"persistent CTA fold roles publish online-reordered packet groups without fold-wide barriers",hierarchical-dataflow,0,named-barrier,0,0,0,2,0,0,0,hermes-xor,inplace,radix4,64,20,1048576,4,576460756061519873,60,0,0,0,dataflow-radix4,"7+7+6","appt-online-register-tail-grouped-writer-final-data-time+appt-online-register-tail-grouped-writer-final-data-time+appt-online-register-tail-grouped-writer-final-data-time","256+256+256","8+8+8","32+16+16","1+1+1","2+2+2","1+1+1","10+5+5","ring+ring","2+2",8,0,3,20,5.470528,1.043610,1.043980,0.000370,9,8,3,8,2,natural,natural,"appt-ntt-log20-7x7x6-xor-fw8-v1",5.113312,3832.850835,344.013534,4019035397.023130,fused,shoup,-1
1,data-time,2,8-8-4,"Tesla V100-SXM2-16GB",7.0,0,"v100-sm70","hierarchical-dataflow-appt-online-register-tail-grouped-writer-final-data-time","experimental",0.000000,"persistent CTA fold roles publish online-reordered packet groups without fold-wide barriers",hierarchical-dataflow,0,named-barrier,0,0,0,2,0,0,0,hermes-xor,inplace,radix4,64,20,1048576,4,576460756061519873,60,0,0,0,dataflow-radix4,"7+7+6","appt-online-register-tail-grouped-writer-final-data-time+appt-online-register-tail-grouped-writer-final-data-time+appt-online-register-tail-grouped-writer-final-data-time","256+256+256","8+8+8","32+16+16","2+2+2","2+2+2","1+1+1","10+5+5","ring+ring","2+2",8,0,3,20,5.476384,1.068544,1.068920,0.000376,8,8,4,8,2,natural,natural,"appt-ntt-log20-7x7x6-xor-fw8-v1",5.114624,3743.411490,343.066348,3925251446.359313,fused,shoup,-1
1,data-time,2,8-7-5,"Tesla V100-SXM2-16GB",7.0,0,"v100-sm70","hierarchical-dataflow-appt-online-register-tail-grouped-writer-final-data-time","experimental",0.000000,"persistent CTA fold roles publish online-reordered packet groups without fold-wide barriers",hierarchical-dataflow,0,named-barrier,0,0,0,2,0,0,0,hermes-xor,inplace,radix4,64,20,1048576,4,576460756061519873,60,0,0,0,dataflow-radix4,"7+7+6","appt-online-register-tail-grouped-writer-final-data-time+appt-online-register-tail-grouped-writer-final-data-time+appt-online-register-tail-grouped-writer-final-data-time","256+256+256","8+8+8","32+16+16","2+2+2","2+2+2","1+1+1","10+5+5","ring+ring","2+2",8,0,3,20,5.468096,1.198592,1.199088,0.000496,8,7,5,8,2,natural,natural,"appt-ntt-log20-7x7x6-xor-fw8-v1",5.105632,3337.249185,339.780107,3499359401.299197,fused,shoup,-1
1,data-time,2,9-8-3,"Tesla V100-SXM2-16GB",7.0,0,"v100-sm70","hierarchical-dataflow-appt-online-register-tail-grouped-writer-final-data-time","experimental",0.000000,"persistent CTA fold roles publish online-reordered packet groups without fold-wide barriers",hierarchical-dataflow,0,named-barrier,0,0,0,2,0,0,0,hermes-xor,inplace,radix4,64,20,1048576,4,576460756061519873,60,0,0,0,dataflow-radix4,"7+7+6","appt-online-register-tail-grouped-writer-final-data-time+appt-online-register-tail-grouped-writer-final-data-time+appt-online-register-tail-grouped-writer-final-data-time","256+256+256","8+8+8","32+16+16","2+2+2","2+2+2","1+1+1","10+5+5","ring+ring","2+2",8,0,3,20,5.484672,1.117286,1.117688,0.000402,9,8,3,8,2,natural,natural,"appt-ntt-log20-7x7x6-xor-fw8-v1",5.118016,3580.102509,341.297677,3754009568.102694,fused,shoup,-1
1,data-time,4,8-8-4,"Tesla V100-SXM2-16GB",7.0,0,"v100-sm70","hierarchical-dataflow-appt-online-register-tail-grouped-writer-final-data-time","experimental",0.000000,"persistent CTA fold roles publish online-reordered packet groups without fold-wide barriers",hierarchical-dataflow,0,named-barrier,0,0,0,2,0,0,0,hermes-xor,inplace,radix4,64,20,1048576,4,576460756061519873,60,0,0,0,dataflow-radix4,"7+7+6","appt-online-register-tail-grouped-writer-final-data-time+appt-online-register-tail-grouped-writer-final-data-time+appt-online-register-tail-grouped-writer-final-data-time","256+256+256","8+8+8","32+16+16","4+4+4","2+2+2","1+1+1","10+5+5","ring+ring","2+2",8,0,3,20,5.474912,1.212109,1.212466,0.000357,8,8,4,8,2,natural,natural,"appt-ntt-log20-7x7x6-xor-fw8-v1",5.114368,3300.033655,338.943154,3460336089.734897,fused,shoup,-1
1,data-time,4,8-7-5,"Tesla V100-SXM2-16GB",7.0,0,"v100-sm70","hierarchical-dataflow-appt-online-register-tail-grouped-writer-final-data-time","experimental",0.000000,"persistent CTA fold roles publish online-reordered packet groups without fold-wide barriers",hierarchical-dataflow,0,named-barrier,0,0,0,2,0,0,0,hermes-xor,inplace,radix4,64,20,1048576,4,576460756061519873,60,0,0,0,dataflow-radix4,"7+7+6","appt-online-register-tail-grouped-writer-final-data-time+appt-online-register-tail-grouped-writer-final-data-time+appt-online-register-tail-grouped-writer-final-data-time","256+256+256","8+8+8","32+16+16","4+4+4","2+2+2","1+1+1","10+5+5","ring+ring","2+2",8,0,3,20,5.471040,1.441485,1.441875,0.000390,8,7,5,8,2,natural,natural,"appt-ntt-log20-7x7x6-xor-fw8-v1",5.103776,2774.916513,332.881154,2909710857.887715,fused,shoup,-1
1,data-time,4,9-8-3,"Tesla V100-SXM2-16GB",7.0,0,"v100-sm70","hierarchical-dataflow-appt-online-register-tail-grouped-writer-final-data-time","experimental",0.000000,"persistent CTA fold roles publish online-reordered packet groups without fold-wide barriers",hierarchical-dataflow,0,named-barrier,0,0,0,2,0,0,0,hermes-xor,inplace,radix4,64,20,1048576,4,576460756061519873,60,0,0,0,dataflow-radix4,"7+7+6","appt-online-register-tail-grouped-writer-final-data-time+appt-online-register-tail-grouped-writer-final-data-time+appt-online-register-tail-grouped-writer-final-data-time","256+256+256","8+8+8","32+16+16","4+4+4","2+2+2","1+1+1","10+5+5","ring+ring","2+2",8,0,3,20,5.469280,1.301453,1.301788,0.000335,9,8,3,8,2,natural,natural,"appt-ntt-log20-7x7x6-xor-fw8-v1",5.110592,3073.488158,336.662801,3222785918.819702,fused,shoup,-1
1,data-time,8,8-8-4,"Tesla V100-SXM2-16GB",7.0,0,"v100-sm70","hierarchical-dataflow-appt-online-register-tail-grouped-writer-final-data-time","experimental",0.000000,"persistent CTA fold roles publish online-reordered packet groups without fold-wide barriers",hierarchical-dataflow,0,named-barrier,0,0,0,2,0,0,0,hermes-xor,inplace,radix4,64,20,1048576,4,576460756061519873,60,0,0,0,dataflow-radix4,"7+7+6","appt-online-register-tail-grouped-writer-final-data-time+appt-online-register-tail-grouped-writer-final-data-time+appt-online-register-tail-grouped-writer-final-data-time","256+256+256","8+8+8","32+16+16","8+8+8","2+2+2","1+1+1","10+5+5","ring+ring","2+2",8,0,3,20,5.464864,1.211955,1.212326,0.000371,8,8,4,8,2,natural,natural,"appt-ntt-log20-7x7x6-xor-fw8-v1",5.104640,3300.452058,339.516524,3460774817.112910,fused,shoup,-1
1,data-time,8,8-7-5,"Tesla V100-SXM2-16GB",7.0,0,"v100-sm70","hierarchical-dataflow-appt-online-register-tail-grouped-writer-final-data-time","experimental",0.000000,"persistent CTA fold roles publish online-reordered packet groups without fold-wide barriers",hierarchical-dataflow,0,named-barrier,0,0,0,2,0,0,0,hermes-xor,inplace,radix4,64,20,1048576,4,576460756061519873,60,0,0,0,dataflow-radix4,"7+7+6","appt-online-register-tail-grouped-writer-final-data-time+appt-online-register-tail-grouped-writer-final-data-time+appt-online-register-tail-grouped-writer-final-data-time","256+256+256","8+8+8","32+16+16","8+8+8","2+2+2","1+1+1","10+5+5","ring+ring","2+2",8,0,3,20,5.464416,1.444301,1.444655,0.000354,8,7,5,8,2,natural,natural,"appt-ntt-log20-7x7x6-xor-fw8-v1",5.103104,2769.506013,333.005294,2904037537.559363,fused,shoup,-1
1,data-time,8,9-8-3,"Tesla V100-SXM2-16GB",7.0,0,"v100-sm70","hierarchical-dataflow-appt-online-register-tail-grouped-writer-final-data-time","experimental",0.000000,"persistent CTA fold roles publish online-reordered packet groups without fold-wide barriers",hierarchical-dataflow,0,named-barrier,0,0,0,2,0,0,0,hermes-xor,inplace,radix4,64,20,1048576,4,576460756061519873,60,0,0,0,dataflow-radix4,"7+7+6","appt-online-register-tail-grouped-writer-final-data-time+appt-online-register-tail-grouped-writer-final-data-time+appt-online-register-tail-grouped-writer-final-data-time","256+256+256","8+8+8","32+16+16","8+8+8","2+2+2","1+1+1","10+5+5","ring+ring","2+2",8,0,3,20,5.465216,1.302835,1.303196,0.000361,9,8,3,8,2,natural,natural,"appt-ntt-log20-7x7x6-xor-fw8-v1",5.118624,3070.227086,336.511245,3219366437.218352,fused,shoup,-1
2,v06,0,9-11,"Tesla V100-SXM2-16GB",7.0,0,"v100-sm70","hierarchical-dataflow-wave-10x10-resident-radix4","experimental",0.000000,"transform-wave readiness with the generated resident radix-4 core",hierarchical-dataflow,0,named-barrier,0,0,0,2,0,0,0,hermes-xor,inplace,radix4,64,20,1048576,4,576460756061519873,60,0,0,0,dataflow-radix4,"10+10","dataflow-radix4+dataflow-radix4","256+256","1+1","0+0","0+0","0+0","0+0","9+11","full-scratch","1",8,0,3,20,5.463520,0.611686,0.612110,0.000424,0,0,0,0,0,natural,natural,"",5.114624,6539.298478,357.467435,6856951440.444847,fused,shoup,-1
2,writer-final,1,8-8-4,"Tesla V100-SXM2-16GB",7.0,0,"v100-sm70","hierarchical-dataflow-appt-online-register-tail-grouped-writer-final","experimental",0.000000,"persistent CTA fold roles publish online-reordered packet groups without fold-wide barriers",hierarchical-dataflow,0,named-barrier,0,0,0,2,0,0,0,hermes-xor,inplace,radix4,64,20,1048576,4,576460756061519873,60,0,0,0,dataflow-radix4,"7+7+6","appt-online-register-tail-grouped-writer-final+appt-online-register-tail-grouped-writer-final+appt-online-register-tail-grouped-writer-final","256+256+256","8+8+8","32+16+16","1+1+1","2+2+2","1+1+1","10+5+5","ring+ring","2+2",8,0,3,20,5.480320,0.941568,0.941960,0.000392,8,8,4,8,2,natural,natural,"appt-ntt-log20-7x7x6-xor-fw8-v1",5.116928,4248.232658,346.656015,4454594808.070703,fused,shoup,-1
2,data-time,1,8-8-4,"Tesla V100-SXM2-16GB",7.0,0,"v100-sm70","hierarchical-dataflow-appt-online-register-tail-grouped-writer-final-data-time","experimental",0.000000,"persistent CTA fold roles publish online-reordered packet groups without fold-wide barriers",hierarchical-dataflow,0,named-barrier,0,0,0,2,0,0,0,hermes-xor,inplace,radix4,64,20,1048576,4,576460756061519873,60,0,0,0,dataflow-radix4,"7+7+6","appt-online-register-tail-grouped-writer-final-data-time+appt-online-register-tail-grouped-writer-final-data-time+appt-online-register-tail-grouped-writer-final-data-time","256+256+256","8+8+8","32+16+16","1+1+1","2+2+2","1+1+1","10+5+5","ring+ring","2+2",8,0,3,20,5.472992,1.008077,1.008424,0.000347,8,8,4,8,2,natural,natural,"appt-ntt-log20-7x7x6-xor-fw8-v1",5.111264,3967.951699,345.055651,4160698921.064509,fused,shoup,-1
2,data-time,1,8-7-5,"Tesla V100-SXM2-16GB",7.0,0,"v100-sm70","hierarchical-dataflow-appt-online-register-tail-grouped-writer-final-data-time","experimental",0.000000,"persistent CTA fold roles publish online-reordered packet groups without fold-wide barriers",hierarchical-dataflow,0,named-barrier,0,0,0,2,0,0,0,hermes-xor,inplace,radix4,64,20,1048576,4,576460756061519873,60,0,0,0,dataflow-radix4,"7+7+6","appt-online-register-tail-grouped-writer-final-data-time+appt-online-register-tail-grouped-writer-final-data-time+appt-online-register-tail-grouped-writer-final-data-time","256+256+256","8+8+8","32+16+16","1+1+1","2+2+2","1+1+1","10+5+5","ring+ring","2+2",8,0,3,20,5.478016,1.172019,1.172371,0.000352,8,7,5,8,2,natural,natural,"appt-ntt-log20-7x7x6-xor-fw8-v1",5.107776,3412.913246,340.199370,3578698919.997030,fused,shoup,-1
2,data-time,1,9-8-3,"Tesla V100-SXM2-16GB",7.0,0,"v100-sm70","hierarchical-dataflow-appt-online-register-tail-grouped-writer-final-data-time","experimental",0.000000,"persistent CTA fold roles publish online-reordered packet groups without fold-wide barriers",hierarchical-dataflow,0,named-barrier,0,0,0,2,0,0,0,hermes-xor,inplace,radix4,64,20,1048576,4,576460756061519873,60,0,0,0,dataflow-radix4,"7+7+6","appt-online-register-tail-grouped-writer-final-data-time+appt-online-register-tail-grouped-writer-final-data-time+appt-online-register-tail-grouped-writer-final-data-time","256+256+256","8+8+8","32+16+16","1+1+1","2+2+2","1+1+1","10+5+5","ring+ring","2+2",8,0,3,20,5.480832,1.043098,1.043542,0.000445,9,8,3,8,2,natural,natural,"appt-ntt-log20-7x7x6-xor-fw8-v1",5.106560,3834.732188,343.923602,4021008138.367662,fused,shoup,-1
2,data-time,2,8-8-4,"Tesla V100-SXM2-16GB",7.0,0,"v100-sm70","hierarchical-dataflow-appt-online-register-tail-grouped-writer-final-data-time","experimental",0.000000,"persistent CTA fold roles publish online-reordered packet groups without fold-wide barriers",hierarchical-dataflow,0,named-barrier,0,0,0,2,0,0,0,hermes-xor,inplace,radix4,64,20,1048576,4,576460756061519873,60,0,0,0,dataflow-radix4,"7+7+6","appt-online-register-tail-grouped-writer-final-data-time+appt-online-register-tail-grouped-writer-final-data-time+appt-online-register-tail-grouped-writer-final-data-time","256+256+256","8+8+8","32+16+16","2+2+2","2+2+2","1+1+1","10+5+5","ring+ring","2+2",8,0,3,20,5.469152,1.070694,1.071079,0.000384,8,8,4,8,2,natural,natural,"appt-ntt-log20-7x7x6-xor-fw8-v1",5.103872,3735.893105,343.532875,3917367847.999184,fused,shoup,-1
2,data-time,2,8-7-5,"Tesla V100-SXM2-16GB",7.0,0,"v100-sm70","hierarchical-dataflow-appt-online-register-tail-grouped-writer-final-data-time","experimental",0.000000,"persistent CTA fold roles publish online-reordered packet groups without fold-wide barriers",hierarchical-dataflow,0,named-barrier,0,0,0,2,0,0,0,hermes-xor,inplace,radix4,64,20,1048576,4,576460756061519873,60,0,0,0,dataflow-radix4,"7+7+6","appt-online-register-tail-grouped-writer-final-data-time+appt-online-register-tail-grouped-writer-final-data-time+appt-online-register-tail-grouped-writer-final-data-time","256+256+256","8+8+8","32+16+16","2+2+2","2+2+2","1+1+1","10+5+5","ring+ring","2+2",8,0,3,20,5.509920,1.202842,1.203282,0.000440,8,7,5,8,2,natural,natural,"appt-ntt-log20-7x7x6-xor-fw8-v1",5.114400,3325.458868,338.204563,3486996357.525932,fused,shoup,-1
2,data-time,2,9-8-3,"Tesla V100-SXM2-16GB",7.0,0,"v100-sm70","hierarchical-dataflow-appt-online-register-tail-grouped-writer-final-data-time","experimental",0.000000,"persistent CTA fold roles publish online-reordered packet groups without fold-wide barriers",hierarchical-dataflow,0,named-barrier,0,0,0,2,0,0,0,hermes-xor,inplace,radix4,64,20,1048576,4,576460756061519873,60,0,0,0,dataflow-radix4,"7+7+6","appt-online-register-tail-grouped-writer-final-data-time+appt-online-register-tail-grouped-writer-final-data-time+appt-online-register-tail-grouped-writer-final-data-time","256+256+256","8+8+8","32+16+16","2+2+2","2+2+2","1+1+1","10+5+5","ring+ring","2+2",8,0,3,20,5.517664,1.117440,1.117859,0.000419,9,8,3,8,2,natural,natural,"appt-ntt-log20-7x7x6-xor-fw8-v1",5.111168,3579.610586,340.533580,3753493749.345994,fused,shoup,-1
2,data-time,4,8-8-4,"Tesla V100-SXM2-16GB",7.0,0,"v100-sm70","hierarchical-dataflow-appt-online-register-tail-grouped-writer-final-data-time","experimental",0.000000,"persistent CTA fold roles publish online-reordered packet groups without fold-wide barriers",hierarchical-dataflow,0,named-barrier,0,0,0,2,0,0,0,hermes-xor,inplace,radix4,64,20,1048576,4,576460756061519873,60,0,0,0,dataflow-radix4,"7+7+6","appt-online-register-tail-grouped-writer-final-data-time+appt-online-register-tail-grouped-writer-final-data-time+appt-online-register-tail-grouped-writer-final-data-time","256+256+256","8+8+8","32+16+16","4+4+4","2+2+2","1+1+1","10+5+5","ring+ring","2+2",8,0,3,20,5.479520,1.210317,1.210704,0.000387,8,8,4,8,2,natural,natural,"appt-ntt-log20-7x7x6-xor-fw8-v1",5.119360,3304.919898,338.719063,3465459687.009973,fused,shoup,-1
2,data-time,4,8-7-5,"Tesla V100-SXM2-16GB",7.0,0,"v100-sm70","hierarchical-dataflow-appt-online-register-tail-grouped-writer-final-data-time","experimental",0.000000,"persistent CTA fold roles publish online-reordered packet groups without fold-wide barriers",hierarchical-dataflow,0,named-barrier,0,0,0,2,0,0,0,hermes-xor,inplace,radix4,64,20,1048576,4,576460756061519873,60,0,0,0,dataflow-radix4,"7+7+6","appt-online-register-tail-grouped-writer-final-data-time+appt-online-register-tail-grouped-writer-final-data-time+appt-online-register-tail-grouped-writer-final-data-time","256+256+256","8+8+8","32+16+16","4+4+4","2+2+2","1+1+1","10+5+5","ring+ring","2+2",8,0,3,20,5.476768,1.443635,1.443990,0.000355,8,7,5,8,2,natural,natural,"appt-ntt-log20-7x7x6-xor-fw8-v1",5.110560,2770.783041,332.475458,2905376598.260789,fused,shoup,-1
2,data-time,4,9-8-3,"Tesla V100-SXM2-16GB",7.0,0,"v100-sm70","hierarchical-dataflow-appt-online-register-tail-grouped-writer-final-data-time","experimental",0.000000,"persistent CTA fold roles publish online-reordered packet groups without fold-wide barriers",hierarchical-dataflow,0,named-barrier,0,0,0,2,0,0,0,hermes-xor,inplace,radix4,64,20,1048576,4,576460756061519873,60,0,0,0,dataflow-radix4,"7+7+6","appt-online-register-tail-grouped-writer-final-data-time+appt-online-register-tail-grouped-writer-final-data-time+appt-online-register-tail-grouped-writer-final-data-time","256+256+256","8+8+8","32+16+16","4+4+4","2+2+2","1+1+1","10+5+5","ring+ring","2+2",8,0,3,20,5.474560,1.302938,1.303326,0.000388,9,8,3,8,2,natural,natural,"appt-ntt-log20-7x7x6-xor-fw8-v1",5.116000,3069.985790,336.318225,3219113420.015841,fused,shoup,-1
2,data-time,8,8-8-4,"Tesla V100-SXM2-16GB",7.0,0,"v100-sm70","hierarchical-dataflow-appt-online-register-tail-grouped-writer-final-data-time","experimental",0.000000,"persistent CTA fold roles publish online-reordered packet groups without fold-wide barriers",hierarchical-dataflow,0,named-barrier,0,0,0,2,0,0,0,hermes-xor,inplace,radix4,64,20,1048576,4,576460756061519873,60,0,0,0,dataflow-radix4,"7+7+6","appt-online-register-tail-grouped-writer-final-data-time+appt-online-register-tail-grouped-writer-final-data-time+appt-online-register-tail-grouped-writer-final-data-time","256+256+256","8+8+8","32+16+16","8+8+8","2+2+2","1+1+1","10+5+5","ring+ring","2+2",8,0,3,20,5.472864,1.213338,1.213744,0.000406,8,8,4,8,2,natural,natural,"appt-ntt-log20-7x7x6-xor-fw8-v1",5.106304,3296.691541,339.198471,3456831629.678055,fused,shoup,-1
2,data-time,8,8-7-5,"Tesla V100-SXM2-16GB",7.0,0,"v100-sm70","hierarchical-dataflow-appt-online-register-tail-grouped-writer-final-data-time","experimental",0.000000,"persistent CTA fold roles publish online-reordered packet groups without fold-wide barriers",hierarchical-dataflow,0,named-barrier,0,0,0,2,0,0,0,hermes-xor,inplace,radix4,64,20,1048576,4,576460756061519873,60,0,0,0,dataflow-radix4,"7+7+6","appt-online-register-tail-grouped-writer-final-data-time+appt-online-register-tail-grouped-writer-final-data-time+appt-online-register-tail-grouped-writer-final-data-time","256+256+256","8+8+8","32+16+16","8+8+8","2+2+2","1+1+1","10+5+5","ring+ring","2+2",8,0,3,20,5.481184,1.444096,1.444478,0.000382,8,7,5,8,2,natural,natural,"appt-ntt-log20-7x7x6-xor-fw8-v1",5.114752,2769.899013,332.225036,2904449627.626320,fused,shoup,-1
2,data-time,8,9-8-3,"Tesla V100-SXM2-16GB",7.0,0,"v100-sm70","hierarchical-dataflow-appt-online-register-tail-grouped-writer-final-data-time","experimental",0.000000,"persistent CTA fold roles publish online-reordered packet groups without fold-wide barriers",hierarchical-dataflow,0,named-barrier,0,0,0,2,0,0,0,hermes-xor,inplace,radix4,64,20,1048576,4,576460756061519873,60,0,0,0,dataflow-radix4,"7+7+6","appt-online-register-tail-grouped-writer-final-data-time+appt-online-register-tail-grouped-writer-final-data-time+appt-online-register-tail-grouped-writer-final-data-time","256+256+256","8+8+8","32+16+16","8+8+8","2+2+2","1+1+1","10+5+5","ring+ring","2+2",8,0,3,20,5.469888,1.305088,1.305511,0.000423,9,8,3,8,2,natural,natural,"appt-ntt-log20-7x7x6-xor-fw8-v1",5.115360,3064.927321,336.407650,3213809230.582163,fused,shoup,-1
1,v06,0,9-11,"Tesla V100-SXM2-16GB",7.0,0,"v100-sm70","hierarchical-dataflow-wave-10x10-resident-radix4","experimental",0.000000,"transform-wave readiness with the generated resident radix-4 core",hierarchical-dataflow,0,named-barrier,0,0,0,2,0,0,0,hermes-xor,inplace,radix4,64,20,1048576,16,576460756061519873,60,0,0,0,dataflow-radix4,"10+10","dataflow-radix4+dataflow-radix4","256+256","1+1","0+0","0+0","0+0","0+0","9+11","full-scratch","1",8,0,3,20,21.615393,2.034791,2.035138,0.000347,0,0,0,0,0,natural,natural,"",20.169985,7863.217307,365.128678,8245180950.522641,fused,shoup,-1
1,writer-final,1,8-8-4,"Tesla V100-SXM2-16GB",7.0,0,"v100-sm70","hierarchical-dataflow-appt-online-register-tail-grouped-writer-final","experimental",0.000000,"persistent CTA fold roles publish online-reordered packet groups without fold-wide barriers",hierarchical-dataflow,0,named-barrier,0,0,0,2,0,0,0,hermes-xor,inplace,radix4,64,20,1048576,16,576460756061519873,60,0,0,0,dataflow-radix4,"7+7+6","appt-online-register-tail-grouped-writer-final+appt-online-register-tail-grouped-writer-final+appt-online-register-tail-grouped-writer-final","256+256+256","8+8+8","32+16+16","1+1+1","2+2+2","1+1+1","10+5+5","ring+ring","2+2",8,0,3,20,21.647936,3.154330,3.154589,0.000259,8,8,4,16,2,natural,natural,"appt-ntt-log20-7x7x6-xor-fw16-v1",20.157345,5072.392911,355.874969,5318789469.505642,fused,shoup,-1
1,data-time,1,8-8-4,"Tesla V100-SXM2-16GB",7.0,0,"v100-sm70","hierarchical-dataflow-appt-online-register-tail-grouped-writer-final-data-time","experimental",0.000000,"persistent CTA fold roles publish online-reordered packet groups without fold-wide barriers",hierarchical-dataflow,0,named-barrier,0,0,0,2,0,0,0,hermes-xor,inplace,radix4,64,20,1048576,16,576460756061519873,60,0,0,0,dataflow-radix4,"7+7+6","appt-online-register-tail-grouped-writer-final-data-time+appt-online-register-tail-grouped-writer-final-data-time+appt-online-register-tail-grouped-writer-final-data-time","256+256+256","8+8+8","32+16+16","1+1+1","2+2+2","1+1+1","10+5+5","ring+ring","2+2",8,0,3,20,21.633663,3.353190,3.353476,0.000286,8,8,4,16,2,natural,natural,"appt-ntt-log20-7x7x6-xor-fw16-v1",20.163839,4771.575462,354.368871,5003359511.744168,fused,shoup,-1
1,data-time,1,8-7-5,"Tesla V100-SXM2-16GB",7.0,0,"v100-sm70","hierarchical-dataflow-appt-online-register-tail-grouped-writer-final-data-time","experimental",0.000000,"persistent CTA fold roles publish online-reordered packet groups without fold-wide barriers",hierarchical-dataflow,0,named-barrier,0,0,0,2,0,0,0,hermes-xor,inplace,radix4,64,20,1048576,16,576460756061519873,60,0,0,0,dataflow-radix4,"7+7+6","appt-online-register-tail-grouped-writer-final-data-time+appt-online-register-tail-grouped-writer-final-data-time+appt-online-register-tail-grouped-writer-final-data-time","256+256+256","8+8+8","32+16+16","1+1+1","2+2+2","1+1+1","10+5+5","ring+ring","2+2",8,0,3,20,21.627487,3.674522,3.674782,0.000261,8,7,5,16,2,natural,natural,"appt-ntt-log20-7x7x6-xor-fw16-v1",20.158785,4354.308227,351.951620,4565823102.936330,fused,shoup,-1
1,data-time,1,9-8-3,"Tesla V100-SXM2-16GB",7.0,0,"v100-sm70","hierarchical-dataflow-appt-online-register-tail-grouped-writer-final-data-time","experimental",0.000000,"persistent CTA fold roles publish online-reordered packet groups without fold-wide barriers",hierarchical-dataflow,0,named-barrier,0,0,0,2,0,0,0,hermes-xor,inplace,radix4,64,20,1048576,16,576460756061519873,60,0,0,0,dataflow-radix4,"7+7+6","appt-online-register-tail-grouped-writer-final-data-time+appt-online-register-tail-grouped-writer-final-data-time+appt-online-register-tail-grouped-writer-final-data-time","256+256+256","8+8+8","32+16+16","1+1+1","2+2+2","1+1+1","10+5+5","ring+ring","2+2",8,0,3,20,21.627136,3.484365,3.484632,0.000267,9,8,3,16,2,natural,natural,"appt-ntt-log20-7x7x6-xor-fw16-v1",20.156160,4591.941762,353.453205,4814999924.914494,fused,shoup,-1
1,data-time,2,8-8-4,"Tesla V100-SXM2-16GB",7.0,0,"v100-sm70","hierarchical-dataflow-appt-online-register-tail-grouped-writer-final-data-time","experimental",0.000000,"persistent CTA fold roles publish online-reordered packet groups without fold-wide barriers",hierarchical-dataflow,0,named-barrier,0,0,0,2,0,0,0,hermes-xor,inplace,radix4,64,20,1048576,16,576460756061519873,60,0,0,0,dataflow-radix4,"7+7+6","appt-online-register-tail-grouped-writer-final-data-time+appt-online-register-tail-grouped-writer-final-data-time+appt-online-register-tail-grouped-writer-final-data-time","256+256+256","8+8+8","32+16+16","2+2+2","2+2+2","1+1+1","10+5+5","ring+ring","2+2",8,0,3,20,21.632736,3.452007,3.452205,0.000198,8,8,4,16,2,natural,natural,"appt-ntt-log20-7x7x6-xor-fw16-v1",20.156927,4634.985373,353.656265,4860134422.905821,fused,shoup,-1
1,data-time,2,8-7-5,"Tesla V100-SXM2-16GB",7.0,0,"v100-sm70","hierarchical-dataflow-appt-online-register-tail-grouped-writer-final-data-time","experimental",0.000000,"persistent CTA fold roles publish online-reordered packet groups without fold-wide barriers",hierarchical-dataflow,0,named-barrier,0,0,0,2,0,0,0,hermes-xor,inplace,radix4,64,20,1048576,16,576460756061519873,60,0,0,0,dataflow-radix4,"7+7+6","appt-online-register-tail-grouped-writer-final-data-time+appt-online-register-tail-grouped-writer-final-data-time+appt-online-register-tail-grouped-writer-final-data-time","256+256+256","8+8+8","32+16+16","2+2+2","2+2+2","1+1+1","10+5+5","ring+ring","2+2",8,0,3,20,21.624767,3.799398,3.799624,0.000226,8,7,5,16,2,natural,natural,"appt-ntt-log20-7x7x6-xor-fw16-v1",20.160032,4211.192989,350.998826,4415755900.141518,fused,shoup,-1
1,data-time,2,9-8-3,"Tesla V100-SXM2-16GB",7.0,0,"v100-sm70","hierarchical-dataflow-appt-online-register-tail-grouped-writer-final-data-time","experimental",0.000000,"persistent CTA fold roles publish online-reordered packet groups without fold-wide barriers",hierarchical-dataflow,0,named-barrier,0,0,0,2,0,0,0,hermes-xor,inplace,radix4,64,20,1048576,16,576460756061519873,60,0,0,0,dataflow-radix4,"7+7+6","appt-online-register-tail-grouped-writer-final-data-time+appt-online-register-tail-grouped-writer-final-data-time+appt-online-register-tail-grouped-writer-final-data-time","256+256+256","8+8+8","32+16+16","2+2+2","2+2+2","1+1+1","10+5+5","ring+ring","2+2",8,0,3,20,21.627008,3.540070,3.540317,0.000247,9,8,3,16,2,natural,natural,"appt-ntt-log20-7x7x6-xor-fw16-v1",20.165953,4519.684262,352.943527,4739232444.653405,fused,shoup,-1
1,data-time,4,8-8-4,"Tesla V100-SXM2-16GB",7.0,0,"v100-sm70","hierarchical-dataflow-appt-online-register-tail-grouped-writer-final-data-time","experimental",0.000000,"persistent CTA fold roles publish online-reordered packet groups without fold-wide barriers",hierarchical-dataflow,0,named-barrier,0,0,0,2,0,0,0,hermes-xor,inplace,radix4,64,20,1048576,16,576460756061519873,60,0,0,0,dataflow-radix4,"7+7+6","appt-online-register-tail-grouped-writer-final-data-time+appt-online-register-tail-grouped-writer-final-data-time+appt-online-register-tail-grouped-writer-final-data-time","256+256+256","8+8+8","32+16+16","4+4+4","2+2+2","1+1+1","10+5+5","ring+ring","2+2",8,0,3,20,21.628736,3.594803,3.595059,0.000256,8,8,4,16,2,natural,natural,"appt-ntt-log20-7x7x6-xor-fw16-v1",20.160608,4450.869357,352.546003,4667074786.725666,fused,shoup,-1
1,data-time,4,8-7-5,"Tesla V100-SXM2-16GB",7.0,0,"v100-sm70","hierarchical-dataflow-appt-online-register-tail-grouped-writer-final-data-time","experimental",0.000000,"persistent CTA fold roles publish online-reordered packet groups without fold-wide barriers",hierarchical-dataflow,0,named-barrier,0,0,0,2,0,0,0,hermes-xor,inplace,radix4,64,20,1048576,16,576460756061519873,60,0,0,0,dataflow-radix4,"7+7+6","appt-online-register-tail-grouped-writer-final-data-time+appt-online-register-tail-grouped-writer-final-data-time+appt-online-register-tail-grouped-writer-final-data-time","256+256+256","8+8+8","32+16+16","4+4+4","2+2+2","1+1+1","10+5+5","ring+ring","2+2",8,0,3,20,21.631104,4.087501,4.087732,0.000231,8,7,5,16,2,natural,natural,"appt-ntt-log20-7x7x6-xor-fw16-v1",20.157856,3914.372541,348.762742,4104517101.254183,fused,shoup,-1
1,data-time,4,9-8-3,"Tesla V100-SXM2-16GB",7.0,0,"v100-sm70","hierarchical-dataflow-appt-online-register-tail-grouped-writer-final-data-time","experimental",0.000000,"persistent CTA fold roles publish online-reordered packet groups without fold-wide barriers",hierarchical-dataflow,0,named-barrier,0,0,0,2,0,0,0,hermes-xor,inplace,radix4,64,20,1048576,16,576460756061519873,60,0,0,0,dataflow-radix4,"7+7+6","appt-online-register-tail-grouped-writer-final-data-time+appt-online-register-tail-grouped-writer-final-data-time+appt-online-register-tail-grouped-writer-final-data-time","256+256+256","8+8+8","32+16+16","4+4+4","2+2+2","1+1+1","10+5+5","ring+ring","2+2",8,0,3,20,21.630367,3.653939,3.654227,0.000288,9,8,3,16,2,natural,natural,"appt-ntt-log20-7x7x6-xor-fw16-v1",20.156193,4378.836089,352.108809,4591542431.330943,fused,shoup,-1
1,data-time,8,8-8-4,"Tesla V100-SXM2-16GB",7.0,0,"v100-sm70","hierarchical-dataflow-appt-online-register-tail-grouped-writer-final-data-time","experimental",0.000000,"persistent CTA fold roles publish online-reordered packet groups without fold-wide barriers",hierarchical-dataflow,0,named-barrier,0,0,0,2,0,0,0,hermes-xor,inplace,radix4,64,20,1048576,16,576460756061519873,60,0,0,0,dataflow-radix4,"7+7+6","appt-online-register-tail-grouped-writer-final-data-time+appt-online-register-tail-grouped-writer-final-data-time+appt-online-register-tail-grouped-writer-final-data-time","256+256+256","8+8+8","32+16+16","8+8+8","2+2+2","1+1+1","10+5+5","ring+ring","2+2",8,0,3,20,21.641953,3.980186,3.980441,0.000255,8,8,4,16,2,natural,natural,"appt-ntt-log20-7x7x6-xor-fw16-v1",20.164640,4019.912893,349.445854,4215184181.297966,fused,shoup,-1
1,data-time,8,8-7-5,"Tesla V100-SXM2-16GB",7.0,0,"v100-sm70","hierarchical-dataflow-appt-online-register-tail-grouped-writer-final-data-time","experimental",0.000000,"persistent CTA fold roles publish online-reordered packet groups without fold-wide barriers",hierarchical-dataflow,0,named-barrier,0,0,0,2,0,0,0,hermes-xor,inplace,radix4,64,20,1048576,16,576460756061519873,60,0,0,0,dataflow-radix4,"7+7+6","appt-online-register-tail-grouped-writer-final-data-time+appt-online-register-tail-grouped-writer-final-data-time+appt-online-register-tail-grouped-writer-final-data-time","256+256+256","8+8+8","32+16+16","8+8+8","2+2+2","1+1+1","10+5+5","ring+ring","2+2",8,0,3,20,21.635233,4.306637,4.306864,0.000227,8,7,5,16,2,natural,natural,"appt-ntt-log20-7x7x6-xor-fw16-v1",20.162592,3715.196035,347.037996,3895665397.152598,fused,shoup,-1
1,data-time,8,9-8-3,"Tesla V100-SXM2-16GB",7.0,0,"v100-sm70","hierarchical-dataflow-appt-online-register-tail-grouped-writer-final-data-time","experimental",0.000000,"persistent CTA fold roles publish online-reordered packet groups without fold-wide barriers",hierarchical-dataflow,0,named-barrier,0,0,0,2,0,0,0,hermes-xor,inplace,radix4,64,20,1048576,16,576460756061519873,60,0,0,0,dataflow-radix4,"7+7+6","appt-online-register-tail-grouped-writer-final-data-time+appt-online-register-tail-grouped-writer-final-data-time+appt-online-register-tail-grouped-writer-final-data-time","256+256+256","8+8+8","32+16+16","8+8+8","2+2+2","1+1+1","10+5+5","ring+ring","2+2",8,0,3,20,21.637760,4.119296,4.119564,0.000268,9,8,3,16,2,natural,natural,"appt-ntt-log20-7x7x6-xor-fw16-v1",20.161057,3884.158777,348.446376,4072835673.610772,fused,shoup,-1
2,v06,0,9-11,"Tesla V100-SXM2-16GB",7.0,0,"v100-sm70","hierarchical-dataflow-wave-10x10-resident-radix4","experimental",0.000000,"transform-wave readiness with the generated resident radix-4 core",hierarchical-dataflow,0,named-barrier,0,0,0,2,0,0,0,hermes-xor,inplace,radix4,64,20,1048576,16,576460756061519873,60,0,0,0,dataflow-radix4,"10+10","dataflow-radix4+dataflow-radix4","256+256","1+1","0+0","0+0","0+0","0+0","9+11","full-scratch","1",8,0,3,20,21.605375,1.839002,1.839460,0.000458,0,0,0,0,0,natural,natural,"",20.163809,8700.372809,366.903592,9123002118.625776,fused,shoup,-1
2,writer-final,1,8-8-4,"Tesla V100-SXM2-16GB",7.0,0,"v100-sm70","hierarchical-dataflow-appt-online-register-tail-grouped-writer-final","experimental",0.000000,"persistent CTA fold roles publish online-reordered packet groups without fold-wide barriers",hierarchical-dataflow,0,named-barrier,0,0,0,2,0,0,0,hermes-xor,inplace,radix4,64,20,1048576,16,576460756061519873,60,0,0,0,dataflow-radix4,"7+7+6","appt-online-register-tail-grouped-writer-final+appt-online-register-tail-grouped-writer-final+appt-online-register-tail-grouped-writer-final","256+256+256","8+8+8","32+16+16","1+1+1","2+2+2","1+1+1","10+5+5","ring+ring","2+2",8,0,3,20,21.631071,3.082035,3.082267,0.000231,8,8,4,16,2,natural,natural,"appt-ntt-log20-7x7x6-xor-fw16-v1",20.163008,5191.374668,356.537109,5443550884.390824,fused,shoup,-1
2,data-time,1,8-8-4,"Tesla V100-SXM2-16GB",7.0,0,"v100-sm70","hierarchical-dataflow-appt-online-register-tail-grouped-writer-final-data-time","experimental",0.000000,"persistent CTA fold roles publish online-reordered packet groups without fold-wide barriers",hierarchical-dataflow,0,named-barrier,0,0,0,2,0,0,0,hermes-xor,inplace,radix4,64,20,1048576,16,576460756061519873,60,0,0,0,dataflow-radix4,"7+7+6","appt-online-register-tail-grouped-writer-final-data-time+appt-online-register-tail-grouped-writer-final-data-time+appt-online-register-tail-grouped-writer-final-data-time","256+256+256","8+8+8","32+16+16","1+1+1","2+2+2","1+1+1","10+5+5","ring+ring","2+2",8,0,3,20,21.640320,3.364659,3.364866,0.000207,8,8,4,16,2,natural,natural,"appt-ntt-log20-7x7x6-xor-fw16-v1",20.157248,4755.310913,354.278371,4986304896.314540,fused,shoup,-1
2,data-time,1,8-7-5,"Tesla V100-SXM2-16GB",7.0,0,"v100-sm70","hierarchical-dataflow-appt-online-register-tail-grouped-writer-final-data-time","experimental",0.000000,"persistent CTA fold roles publish online-reordered packet groups without fold-wide barriers",hierarchical-dataflow,0,named-barrier,0,0,0,2,0,0,0,hermes-xor,inplace,radix4,64,20,1048576,16,576460756061519873,60,0,0,0,dataflow-radix4,"7+7+6","appt-online-register-tail-grouped-writer-final-data-time+appt-online-register-tail-grouped-writer-final-data-time+appt-online-register-tail-grouped-writer-final-data-time","256+256+256","8+8+8","32+16+16","1+1+1","2+2+2","1+1+1","10+5+5","ring+ring","2+2",8,0,3,20,21.621792,3.667405,3.667609,0.000205,8,7,5,16,2,natural,natural,"appt-ntt-log20-7x7x6-xor-fw16-v1",20.154528,4362.757994,352.083818,4574683325.931753,fused,shoup,-1
2,data-time,1,9-8-3,"Tesla V100-SXM2-16GB",7.0,0,"v100-sm70","hierarchical-dataflow-appt-online-register-tail-grouped-writer-final-data-time","experimental",0.000000,"persistent CTA fold roles publish online-reordered packet groups without fold-wide barriers",hierarchical-dataflow,0,named-barrier,0,0,0,2,0,0,0,hermes-xor,inplace,radix4,64,20,1048576,16,576460756061519873,60,0,0,0,dataflow-radix4,"7+7+6","appt-online-register-tail-grouped-writer-final-data-time+appt-online-register-tail-grouped-writer-final-data-time+appt-online-register-tail-grouped-writer-final-data-time","256+256+256","8+8+8","32+16+16","1+1+1","2+2+2","1+1+1","10+5+5","ring+ring","2+2",8,0,3,20,21.629025,3.475814,3.476364,0.000550,9,8,3,16,2,natural,natural,"appt-ntt-log20-7x7x6-xor-fw16-v1",20.153952,4603.237809,353.522483,4826844689.276120,fused,shoup,-1
2,data-time,2,8-8-4,"Tesla V100-SXM2-16GB",7.0,0,"v100-sm70","hierarchical-dataflow-appt-online-register-tail-grouped-writer-final-data-time","experimental",0.000000,"persistent CTA fold roles publish online-reordered packet groups without fold-wide barriers",hierarchical-dataflow,0,named-barrier,0,0,0,2,0,0,0,hermes-xor,inplace,radix4,64,20,1048576,16,576460756061519873,60,0,0,0,dataflow-radix4,"7+7+6","appt-online-register-tail-grouped-writer-final-data-time+appt-online-register-tail-grouped-writer-final-data-time+appt-online-register-tail-grouped-writer-final-data-time","256+256+256","8+8+8","32+16+16","2+2+2","2+2+2","1+1+1","10+5+5","ring+ring","2+2",8,0,3,20,21.627199,3.458816,3.459046,0.000230,8,8,4,16,2,natural,natural,"appt-ntt-log20-7x7x6-xor-fw16-v1",20.154049,4625.860341,353.668818,4850566133.115366,fused,shoup,-1
2,data-time,2,8-7-5,"Tesla V100-SXM2-16GB",7.0,0,"v100-sm70","hierarchical-dataflow-appt-online-register-tail-grouped-writer-final-data-time","experimental",0.000000,"persistent CTA fold roles publish online-reordered packet groups without fold-wide barriers",hierarchical-dataflow,0,named-barrier,0,0,0,2,0,0,0,hermes-xor,inplace,radix4,64,20,1048576,16,576460756061519873,60,0,0,0,dataflow-radix4,"7+7+6","appt-online-register-tail-grouped-writer-final-data-time+appt-online-register-tail-grouped-writer-final-data-time+appt-online-register-tail-grouped-writer-final-data-time","256+256+256","8+8+8","32+16+16","2+2+2","2+2+2","1+1+1","10+5+5","ring+ring","2+2",8,0,3,20,21.627359,3.800832,3.801014,0.000182,8,7,5,16,2,natural,natural,"appt-ntt-log20-7x7x6-xor-fw16-v1",20.151712,4209.604597,351.031895,4414090350.123465,fused,shoup,-1
2,data-time,2,9-8-3,"Tesla V100-SXM2-16GB",7.0,0,"v100-sm70","hierarchical-dataflow-appt-online-register-tail-grouped-writer-final-data-time","experimental",0.000000,"persistent CTA fold roles publish online-reordered packet groups without fold-wide barriers",hierarchical-dataflow,0,named-barrier,0,0,0,2,0,0,0,hermes-xor,inplace,radix4,64,20,1048576,16,576460756061519873,60,0,0,0,dataflow-radix4,"7+7+6","appt-online-register-tail-grouped-writer-final-data-time+appt-online-register-tail-grouped-writer-final-data-time+appt-online-register-tail-grouped-writer-final-data-time","256+256+256","8+8+8","32+16+16","2+2+2","2+2+2","1+1+1","10+5+5","ring+ring","2+2",8,0,3,20,21.631777,3.544576,3.544781,0.000205,9,8,3,16,2,natural,natural,"appt-ntt-log20-7x7x6-xor-fw16-v1",20.159231,4513.939133,352.923655,4733208240.709291,fused,shoup,-1
2,data-time,4,8-8-4,"Tesla V100-SXM2-16GB",7.0,0,"v100-sm70","hierarchical-dataflow-appt-online-register-tail-grouped-writer-final-data-time","experimental",0.000000,"persistent CTA fold roles publish online-reordered packet groups without fold-wide barriers",hierarchical-dataflow,0,named-barrier,0,0,0,2,0,0,0,hermes-xor,inplace,radix4,64,20,1048576,16,576460756061519873,60,0,0,0,dataflow-radix4,"7+7+6","appt-online-register-tail-grouped-writer-final-data-time+appt-online-register-tail-grouped-writer-final-data-time+appt-online-register-tail-grouped-writer-final-data-time","256+256+256","8+8+8","32+16+16","4+4+4","2+2+2","1+1+1","10+5+5","ring+ring","2+2",8,0,3,20,21.617855,3.601510,3.601722,0.000212,8,8,4,16,2,natural,natural,"appt-ntt-log20-7x7x6-xor-fw16-v1",20.156672,4442.580675,352.609022,4658383474.198205,fused,shoup,-1
2,data-time,4,8-7-5,"Tesla V100-SXM2-16GB",7.0,0,"v100-sm70","hierarchical-dataflow-appt-online-register-tail-grouped-writer-final-data-time","experimental",0.000000,"persistent CTA fold roles publish online-reordered packet groups without fold-wide barriers",hierarchical-dataflow,0,named-barrier,0,0,0,2,0,0,0,hermes-xor,inplace,radix4,64,20,1048576,16,576460756061519873,60,0,0,0,dataflow-radix4,"7+7+6","appt-online-register-tail-grouped-writer-final-data-time+appt-online-register-tail-grouped-writer-final-data-time+appt-online-register-tail-grouped-writer-final-data-time","256+256+256","8+8+8","32+16+16","4+4+4","2+2+2","1+1+1","10+5+5","ring+ring","2+2",8,0,3,20,21.625536,4.092262,4.092527,0.000265,8,7,5,16,2,natural,natural,"appt-ntt-log20-7x7x6-xor-fw16-v1",20.156351,3909.817835,348.780310,4099741145.849685,fused,shoup,-1
2,data-time,4,9-8-3,"Tesla V100-SXM2-16GB",7.0,0,"v100-sm70","hierarchical-dataflow-appt-online-register-tail-grouped-writer-final-data-time","experimental",0.000000,"persistent CTA fold roles publish online-reordered packet groups without fold-wide barriers",hierarchical-dataflow,0,named-barrier,0,0,0,2,0,0,0,hermes-xor,inplace,radix4,64,20,1048576,16,576460756061519873,60,0,0,0,dataflow-radix4,"7+7+6","appt-online-register-tail-grouped-writer-final-data-time+appt-online-register-tail-grouped-writer-final-data-time+appt-online-register-tail-grouped-writer-final-data-time","256+256+256","8+8+8","32+16+16","4+4+4","2+2+2","1+1+1","10+5+5","ring+ring","2+2",8,0,3,20,21.625120,3.654707,3.654966,0.000258,9,8,3,16,2,natural,natural,"appt-ntt-log20-7x7x6-xor-fw16-v1",20.151648,4377.915414,352.178747,4590577033.349047,fused,shoup,-1
2,data-time,8,8-8-4,"Tesla V100-SXM2-16GB",7.0,0,"v100-sm70","hierarchical-dataflow-appt-online-register-tail-grouped-writer-final-data-time","experimental",0.000000,"persistent CTA fold roles publish online-reordered packet groups without fold-wide barriers",hierarchical-dataflow,0,named-barrier,0,0,0,2,0,0,0,hermes-xor,inplace,radix4,64,20,1048576,16,576460756061519873,60,0,0,0,dataflow-radix4,"7+7+6","appt-online-register-tail-grouped-writer-final-data-time+appt-online-register-tail-grouped-writer-final-data-time+appt-online-register-tail-grouped-writer-final-data-time","256+256+256","8+8+8","32+16+16","8+8+8","2+2+2","1+1+1","10+5+5","ring+ring","2+2",8,0,3,20,21.622240,3.978752,3.979000,0.000248,8,8,4,16,2,natural,natural,"appt-ntt-log20-7x7x6-xor-fw16-v1",20.157312,4021.361334,349.663305,4216702982.632890,fused,shoup,-1
2,data-time,8,8-7-5,"Tesla V100-SXM2-16GB",7.0,0,"v100-sm70","hierarchical-dataflow-appt-online-register-tail-grouped-writer-final-data-time","experimental",0.000000,"persistent CTA fold roles publish online-reordered packet groups without fold-wide barriers",hierarchical-dataflow,0,named-barrier,0,0,0,2,0,0,0,hermes-xor,inplace,radix4,64,20,1048576,16,576460756061519873,60,0,0,0,dataflow-radix4,"7+7+6","appt-online-register-tail-grouped-writer-final-data-time+appt-online-register-tail-grouped-writer-final-data-time+appt-online-register-tail-grouped-writer-final-data-time","256+256+256","8+8+8","32+16+16","8+8+8","2+2+2","1+1+1","10+5+5","ring+ring","2+2",8,0,3,20,21.631777,4.314368,4.314600,0.000232,8,7,5,16,2,natural,natural,"appt-ntt-log20-7x7x6-xor-fw16-v1",20.155807,3708.538326,347.056884,3888684283.691461,fused,shoup,-1
2,data-time,8,9-8-3,"Tesla V100-SXM2-16GB",7.0,0,"v100-sm70","hierarchical-dataflow-appt-online-register-tail-grouped-writer-final-data-time","experimental",0.000000,"persistent CTA fold roles publish online-reordered packet groups without fold-wide barriers",hierarchical-dataflow,0,named-barrier,0,0,0,2,0,0,0,hermes-xor,inplace,radix4,64,20,1048576,16,576460756061519873,60,0,0,0,dataflow-radix4,"7+7+6","appt-online-register-tail-grouped-writer-final-data-time+appt-online-register-tail-grouped-writer-final-data-time+appt-online-register-tail-grouped-writer-final-data-time","256+256+256","8+8+8","32+16+16","8+8+8","2+2+2","1+1+1","10+5+5","ring+ring","2+2",8,0,3,20,21.624928,4.114329,4.114515,0.000185,9,8,3,16,2,natural,natural,"appt-ntt-log20-7x7x6-xor-fw16-v1",20.157185,3888.847655,348.610905,4077752319.131276,fused,shoup,-1
