trial,variant,a_group,roles,device,compute_capability,auto_select,selection_target,selected_implementation,selection_confidence,predicted_kernel_ms,selection_reason,backend,stage_space,stage_handoff,flow_tile_log,data_space,role_stages,target_ctas_per_sm,data_time,token_interleave,pipeline_buffers,dataflow_layout,dataflow_state,compute_unit,word_bits,logN,N,batch,modulus,modulus_bits,n1_log,rows_per_block,threads_per_block,hierarchical_core,stage_partition,segment_cores,segment_threads,segment_units,segment_data_space,segment_data_time,segment_role_stages,segment_token_interleave,segment_cta_weights,boundary_storage,boundary_buffers,ready_window,inverse,warmup,repeat,h2d_ms,kernel_ms,timed_region_wall_ms,host_timing_overhead_ms,appt_producer_weight,appt_tail_weight,appt_writer_weight,appt_fragment_width,appt_writer_tiles,input_order,output_order,appt_layout_id,d2h_ms,kernel_ntt_s,end_to_end_ntt_s,kernel_points_s,cross_twiddle,mod_multiply,correct
1,v06,0,9-11,"Tesla V100-SXM2-16GB",7.0,0,"v100-sm70","hierarchical-dataflow-wave-10x10-resident-radix4","experimental",0.000000,"transform-wave readiness with the generated resident radix-4 core",hierarchical-dataflow,0,named-barrier,0,0,0,4,0,0,0,hermes-xor,inplace,radix4,32,20,1048576,1,998244353,30,0,0,0,dataflow-radix4,"10+10","dataflow-radix4+dataflow-radix4","256+256","1+1","0+0","0+0","0+0","0+0","9+11","full-scratch","1",8,0,3,20,0.792928,0.147866,0.148278,0.000412,0,0,0,0,0,natural,natural,"",0.716064,6762.897818,603.552183,7091412342.670173,fused,shoup,-1
1,radix4-matched,1,7-13-3,"Tesla V100-SXM2-16GB",7.0,0,"v100-sm70","hierarchical-dataflow-appt-online-register-tail","experimental",0.000000,"persistent CTA fold roles publish online-reordered packet groups without fold-wide barriers",hierarchical-dataflow,0,named-barrier,0,0,0,3,0,0,0,hermes-xor,inplace,radix4,32,20,1048576,1,998244353,30,0,0,0,dataflow-radix4,"7+7+6","appt-online-register-tail+appt-online-register-tail+appt-online-register-tail","256+256+256","8+8+8","16+16+16","4+4+4","2+2+2","1+1+1","8+6+6","ring+ring","2+2",8,0,3,20,0.792192,0.211712,0.212098,0.000386,7,13,3,16,2,natural,natural,"appt-ntt-log20-7x7x6-xor-fw16-v1",0.712960,4723.397762,582.457321,4952841531.697906,fused,shoup,-1
1,grouped,8,4-16-2,"Tesla V100-SXM2-16GB",7.0,0,"v100-sm70","hierarchical-dataflow-appt-online-register-tail-grouped","experimental",0.000000,"persistent CTA fold roles publish online-reordered packet groups without fold-wide barriers",hierarchical-dataflow,0,named-barrier,0,0,0,3,0,0,0,hermes-xor,inplace,radix4,32,20,1048576,1,998244353,30,0,0,0,dataflow-radix4,"7+7+6","appt-online-register-tail-grouped+appt-online-register-tail-grouped+appt-online-register-tail-grouped","256+256+256","8+8+8","8+16+16","4+4+4","2+2+2","1+1+1","8+6+6","ring+ring","2+2",8,0,3,20,0.795424,0.233011,0.233832,0.000820,4,16,2,16,2,natural,natural,"appt-ntt-log20-7x7x6-xor-fw16-v1",0.723424,4291.639181,570.822129,4500109846.186097,fused,shoup,-1
1,grouped,8,5-15-2,"Tesla V100-SXM2-16GB",7.0,0,"v100-sm70","hierarchical-dataflow-appt-online-register-tail-grouped","experimental",0.000000,"persistent CTA fold roles publish online-reordered packet groups without fold-wide barriers",hierarchical-dataflow,0,named-barrier,0,0,0,3,0,0,0,hermes-xor,inplace,radix4,32,20,1048576,1,998244353,30,0,0,0,dataflow-radix4,"7+7+6","appt-online-register-tail-grouped+appt-online-register-tail-grouped+appt-online-register-tail-grouped","256+256+256","8+8+8","8+16+16","4+4+4","2+2+2","1+1+1","8+6+6","ring+ring","2+2",8,0,3,20,0.790272,0.224717,0.225146,0.000429,5,15,2,16,2,natural,natural,"appt-ntt-log20-7x7x6-xor-fw16-v1",0.726080,4450.045323,574.359838,4666210725.093415,fused,shoup,-1
1,grouped,8,5-16-2,"Tesla V100-SXM2-16GB",7.0,0,"v100-sm70","hierarchical-dataflow-appt-online-register-tail-grouped","experimental",0.000000,"persistent CTA fold roles publish online-reordered packet groups without fold-wide barriers",hierarchical-dataflow,0,named-barrier,0,0,0,3,0,0,0,hermes-xor,inplace,radix4,32,20,1048576,1,998244353,30,0,0,0,dataflow-radix4,"7+7+6","appt-online-register-tail-grouped+appt-online-register-tail-grouped+appt-online-register-tail-grouped","256+256+256","8+8+8","8+16+16","4+4+4","2+2+2","1+1+1","8+6+6","ring+ring","2+2",8,0,3,20,0.791072,0.222720,0.223169,0.000449,5,16,2,16,2,natural,natural,"appt-ntt-log20-7x7x6-xor-fw16-v1",0.722112,4489.942586,576.068720,4708046036.885459,fused,shoup,-1
1,grouped,8,6-14-2,"Tesla V100-SXM2-16GB",7.0,0,"v100-sm70","hierarchical-dataflow-appt-online-register-tail-grouped","experimental",0.000000,"persistent CTA fold roles publish online-reordered packet groups without fold-wide barriers",hierarchical-dataflow,0,named-barrier,0,0,0,3,0,0,0,hermes-xor,inplace,radix4,32,20,1048576,1,998244353,30,0,0,0,dataflow-radix4,"7+7+6","appt-online-register-tail-grouped+appt-online-register-tail-grouped+appt-online-register-tail-grouped","256+256+256","8+8+8","8+16+16","4+4+4","2+2+2","1+1+1","8+6+6","ring+ring","2+2",8,0,3,20,0.781344,0.211405,0.211875,0.000470,6,14,2,16,2,natural,natural,"appt-ntt-log20-7x7x6-xor-fw16-v1",0.727648,4730.261555,581.261248,4960038740.564974,fused,shoup,-1
1,grouped,8,6-16-2,"Tesla V100-SXM2-16GB",7.0,0,"v100-sm70","hierarchical-dataflow-appt-online-register-tail-grouped","experimental",0.000000,"persistent CTA fold roles publish online-reordered packet groups without fold-wide barriers",hierarchical-dataflow,0,named-barrier,0,0,0,3,0,0,0,hermes-xor,inplace,radix4,32,20,1048576,1,998244353,30,0,0,0,dataflow-radix4,"7+7+6","appt-online-register-tail-grouped+appt-online-register-tail-grouped+appt-online-register-tail-grouped","256+256+256","8+8+8","8+16+16","4+4+4","2+2+2","1+1+1","8+6+6","ring+ring","2+2",8,0,3,20,0.793344,0.230451,0.231052,0.000601,6,16,2,16,2,natural,natural,"appt-ntt-log20-7x7x6-xor-fw16-v1",0.730688,4339.313553,569.968412,4550100048.228171,fused,shoup,-1
1,grouped,8,7-13-3,"Tesla V100-SXM2-16GB",7.0,0,"v100-sm70","hierarchical-dataflow-appt-online-register-tail-grouped","experimental",0.000000,"persistent CTA fold roles publish online-reordered packet groups without fold-wide barriers",hierarchical-dataflow,0,named-barrier,0,0,0,3,0,0,0,hermes-xor,inplace,radix4,32,20,1048576,1,998244353,30,0,0,0,dataflow-radix4,"7+7+6","appt-online-register-tail-grouped+appt-online-register-tail-grouped+appt-online-register-tail-grouped","256+256+256","8+8+8","8+16+16","4+4+4","2+2+2","1+1+1","8+6+6","ring+ring","2+2",8,0,3,20,0.799840,0.201267,0.201750,0.000483,7,13,3,16,2,natural,natural,"appt-ntt-log20-7x7x6-xor-fw16-v1",0.726624,4968.519517,578.793744,5209870320.827274,fused,shoup,-1
1,grouped,16,4-16-2,"Tesla V100-SXM2-16GB",7.0,0,"v100-sm70","hierarchical-dataflow-appt-online-register-tail-grouped","experimental",0.000000,"persistent CTA fold roles publish online-reordered packet groups without fold-wide barriers",hierarchical-dataflow,0,named-barrier,0,0,0,3,0,0,0,hermes-xor,inplace,radix4,32,20,1048576,1,998244353,30,0,0,0,dataflow-radix4,"7+7+6","appt-online-register-tail-grouped+appt-online-register-tail-grouped+appt-online-register-tail-grouped","256+256+256","8+8+8","16+16+16","4+4+4","2+2+2","1+1+1","8+6+6","ring+ring","2+2",8,0,3,20,0.790624,0.229632,0.230098,0.000466,4,16,2,16,2,natural,natural,"appt-ntt-log20-7x7x6-xor-fw16-v1",0.712064,4354.793943,577.260539,4566332413.496339,fused,shoup,-1
1,grouped,16,5-15-2,"Tesla V100-SXM2-16GB",7.0,0,"v100-sm70","hierarchical-dataflow-appt-online-register-tail-grouped","experimental",0.000000,"persistent CTA fold roles publish online-reordered packet groups without fold-wide barriers",hierarchical-dataflow,0,named-barrier,0,0,0,3,0,0,0,hermes-xor,inplace,radix4,32,20,1048576,1,998244353,30,0,0,0,dataflow-radix4,"7+7+6","appt-online-register-tail-grouped+appt-online-register-tail-grouped+appt-online-register-tail-grouped","256+256+256","8+8+8","16+16+16","4+4+4","2+2+2","1+1+1","8+6+6","ring+ring","2+2",8,0,3,20,0.783264,0.216422,0.216884,0.000461,5,15,2,16,2,natural,natural,"appt-ntt-log20-7x7x6-xor-fw16-v1",0.719616,4620.593932,581.631257,4845043902.421264,fused,shoup,-1
1,grouped,16,5-16-2,"Tesla V100-SXM2-16GB",7.0,0,"v100-sm70","hierarchical-dataflow-appt-online-register-tail-grouped","experimental",0.000000,"persistent CTA fold roles publish online-reordered packet groups without fold-wide barriers",hierarchical-dataflow,0,named-barrier,0,0,0,3,0,0,0,hermes-xor,inplace,radix4,32,20,1048576,1,998244353,30,0,0,0,dataflow-radix4,"7+7+6","appt-online-register-tail-grouped+appt-online-register-tail-grouped+appt-online-register-tail-grouped","256+256+256","8+8+8","16+16+16","4+4+4","2+2+2","1+1+1","8+6+6","ring+ring","2+2",8,0,3,20,0.804384,0.217446,0.217909,0.000463,5,16,2,16,2,natural,natural,"appt-ntt-log20-7x7x6-xor-fw16-v1",0.723296,4598.834435,573.024401,4822227416.634795,fused,shoup,-1
1,grouped,16,6-14-2,"Tesla V100-SXM2-16GB",7.0,0,"v100-sm70","hierarchical-dataflow-appt-online-register-tail-grouped","experimental",0.000000,"persistent CTA fold roles publish online-reordered packet groups without fold-wide barriers",hierarchical-dataflow,0,named-barrier,0,0,0,3,0,0,0,hermes-xor,inplace,radix4,32,20,1048576,1,998244353,30,0,0,0,dataflow-radix4,"7+7+6","appt-online-register-tail-grouped+appt-online-register-tail-grouped+appt-online-register-tail-grouped","256+256+256","8+8+8","16+16+16","4+4+4","2+2+2","1+1+1","8+6+6","ring+ring","2+2",8,0,3,20,0.787232,0.208640,0.209059,0.000419,6,14,2,16,2,natural,natural,"appt-ntt-log20-7x7x6-xor-fw16-v1",0.718432,4792.944575,583.327111,5025766650.401662,fused,shoup,-1
1,grouped,16,6-16-2,"Tesla V100-SXM2-16GB",7.0,0,"v100-sm70","hierarchical-dataflow-appt-online-register-tail-grouped","experimental",0.000000,"persistent CTA fold roles publish online-reordered packet groups without fold-wide barriers",hierarchical-dataflow,0,named-barrier,0,0,0,3,0,0,0,hermes-xor,inplace,radix4,32,20,1048576,1,998244353,30,0,0,0,dataflow-radix4,"7+7+6","appt-online-register-tail-grouped+appt-online-register-tail-grouped+appt-online-register-tail-grouped","256+256+256","8+8+8","16+16+16","4+4+4","2+2+2","1+1+1","8+6+6","ring+ring","2+2",8,0,3,20,0.802816,0.224461,0.224879,0.000418,6,16,2,16,2,natural,natural,"appt-ntt-log20-7x7x6-xor-fw16-v1",0.723040,4455.120983,571.325160,4671532939.918049,fused,shoup,-1
1,grouped,16,7-13-3,"Tesla V100-SXM2-16GB",7.0,0,"v100-sm70","hierarchical-dataflow-appt-online-register-tail-grouped","experimental",0.000000,"persistent CTA fold roles publish online-reordered packet groups without fold-wide barriers",hierarchical-dataflow,0,named-barrier,0,0,0,3,0,0,0,hermes-xor,inplace,radix4,32,20,1048576,1,998244353,30,0,0,0,dataflow-radix4,"7+7+6","appt-online-register-tail-grouped+appt-online-register-tail-grouped+appt-online-register-tail-grouped","256+256+256","8+8+8","16+16+16","4+4+4","2+2+2","1+1+1","8+6+6","ring+ring","2+2",8,0,3,20,0.786080,0.196454,0.196868,0.000414,7,13,3,16,2,natural,natural,"appt-ntt-log20-7x7x6-xor-fw16-v1",0.724480,5090.239621,585.818146,5337503100.590481,fused,shoup,-1
1,grouped,32,4-16-2,"Tesla V100-SXM2-16GB",7.0,0,"v100-sm70","hierarchical-dataflow-appt-online-register-tail-grouped","experimental",0.000000,"persistent CTA fold roles publish online-reordered packet groups without fold-wide barriers",hierarchical-dataflow,0,named-barrier,0,0,0,3,0,0,0,hermes-xor,inplace,radix4,32,20,1048576,1,998244353,30,0,0,0,dataflow-radix4,"7+7+6","appt-online-register-tail-grouped+appt-online-register-tail-grouped+appt-online-register-tail-grouped","256+256+256","8+8+8","32+16+16","4+4+4","2+2+2","1+1+1","8+6+6","ring+ring","2+2",8,0,3,20,0.784960,0.226202,0.226643,0.000442,4,16,2,16,2,natural,natural,"appt-ntt-log20-7x7x6-xor-fw16-v1",0.710048,4420.835048,580.986766,4635581531.312275,fused,shoup,-1
1,grouped,32,5-15-2,"Tesla V100-SXM2-16GB",7.0,0,"v100-sm70","hierarchical-dataflow-appt-online-register-tail-grouped","experimental",0.000000,"persistent CTA fold roles publish online-reordered packet groups without fold-wide barriers",hierarchical-dataflow,0,named-barrier,0,0,0,3,0,0,0,hermes-xor,inplace,radix4,32,20,1048576,1,998244353,30,0,0,0,dataflow-radix4,"7+7+6","appt-online-register-tail-grouped+appt-online-register-tail-grouped+appt-online-register-tail-grouped","256+256+256","8+8+8","32+16+16","4+4+4","2+2+2","1+1+1","8+6+6","ring+ring","2+2",8,0,3,20,0.791360,0.214989,0.215444,0.000455,5,15,2,16,2,natural,natural,"appt-ntt-log20-7x7x6-xor-fw16-v1",0.722976,4651.405142,578.260355,4877351797.989057,fused,shoup,-1
1,grouped,32,5-16-2,"Tesla V100-SXM2-16GB",7.0,0,"v100-sm70","hierarchical-dataflow-appt-online-register-tail-grouped","experimental",0.000000,"persistent CTA fold roles publish online-reordered packet groups without fold-wide barriers",hierarchical-dataflow,0,named-barrier,0,0,0,3,0,0,0,hermes-xor,inplace,radix4,32,20,1048576,1,998244353,30,0,0,0,dataflow-radix4,"7+7+6","appt-online-register-tail-grouped+appt-online-register-tail-grouped+appt-online-register-tail-grouped","256+256+256","8+8+8","32+16+16","4+4+4","2+2+2","1+1+1","8+6+6","ring+ring","2+2",8,0,3,20,0.785088,0.214067,0.214481,0.000414,5,16,2,16,2,natural,natural,"appt-ntt-log20-7x7x6-xor-fw16-v1",0.708928,4671.430479,585.451581,4898349885.670459,fused,shoup,-1
1,grouped,32,6-14-2,"Tesla V100-SXM2-16GB",7.0,0,"v100-sm70","hierarchical-dataflow-appt-online-register-tail-grouped","experimental",0.000000,"persistent CTA fold roles publish online-reordered packet groups without fold-wide barriers",hierarchical-dataflow,0,named-barrier,0,0,0,3,0,0,0,hermes-xor,inplace,radix4,32,20,1048576,1,998244353,30,0,0,0,dataflow-radix4,"7+7+6","appt-online-register-tail-grouped+appt-online-register-tail-grouped+appt-online-register-tail-grouped","256+256+256","8+8+8","32+16+16","4+4+4","2+2+2","1+1+1","8+6+6","ring+ring","2+2",8,0,3,20,0.791136,0.203520,0.203964,0.000444,6,14,2,16,2,natural,natural,"appt-ntt-log20-7x7x6-xor-fw16-v1",0.711424,4913.521653,586.138973,5152200881.114852,fused,shoup,-1
1,grouped,32,6-16-2,"Tesla V100-SXM2-16GB",7.0,0,"v100-sm70","hierarchical-dataflow-appt-online-register-tail-grouped","experimental",0.000000,"persistent CTA fold roles publish online-reordered packet groups without fold-wide barriers",hierarchical-dataflow,0,named-barrier,0,0,0,3,0,0,0,hermes-xor,inplace,radix4,32,20,1048576,1,998244353,30,0,0,0,dataflow-radix4,"7+7+6","appt-online-register-tail-grouped+appt-online-register-tail-grouped+appt-online-register-tail-grouped","256+256+256","8+8+8","32+16+16","4+4+4","2+2+2","1+1+1","8+6+6","ring+ring","2+2",8,0,3,20,0.783680,0.221440,0.221920,0.000480,6,16,2,16,2,natural,natural,"appt-ntt-log20-7x7x6-xor-fw16-v1",0.718528,4515.895906,580.164861,4735260065.949212,fused,shoup,-1
1,grouped,32,7-13-3,"Tesla V100-SXM2-16GB",7.0,0,"v100-sm70","hierarchical-dataflow-appt-online-register-tail-grouped","experimental",0.000000,"persistent CTA fold roles publish online-reordered packet groups without fold-wide barriers",hierarchical-dataflow,0,named-barrier,0,0,0,3,0,0,0,hermes-xor,inplace,radix4,32,20,1048576,1,998244353,30,0,0,0,dataflow-radix4,"7+7+6","appt-online-register-tail-grouped+appt-online-register-tail-grouped+appt-online-register-tail-grouped","256+256+256","8+8+8","32+16+16","4+4+4","2+2+2","1+1+1","8+6+6","ring+ring","2+2",8,0,3,20,0.794976,0.193382,0.193871,0.000488,7,13,3,16,2,natural,natural,"appt-ntt-log20-7x7x6-xor-fw16-v1",0.720480,5171.101476,585.192836,5422292900.866280,fused,shoup,-1
2,v06,0,9-11,"Tesla V100-SXM2-16GB",7.0,0,"v100-sm70","hierarchical-dataflow-wave-10x10-resident-radix4","experimental",0.000000,"transform-wave readiness with the generated resident radix-4 core",hierarchical-dataflow,0,named-barrier,0,0,0,4,0,0,0,hermes-xor,inplace,radix4,32,20,1048576,1,998244353,30,0,0,0,dataflow-radix4,"10+10","dataflow-radix4+dataflow-radix4","256+256","1+1","0+0","0+0","0+0","0+0","9+11","full-scratch","1",8,0,3,20,0.788992,0.147456,0.147885,0.000429,0,0,0,0,0,natural,natural,"",0.743808,6781.683788,595.147419,7111110859.585038,fused,shoup,-1
2,radix4-matched,1,7-13-3,"Tesla V100-SXM2-16GB",7.0,0,"v100-sm70","hierarchical-dataflow-appt-online-register-tail","experimental",0.000000,"persistent CTA fold roles publish online-reordered packet groups without fold-wide barriers",hierarchical-dataflow,0,named-barrier,0,0,0,3,0,0,0,hermes-xor,inplace,radix4,32,20,1048576,1,998244353,30,0,0,0,dataflow-radix4,"7+7+6","appt-online-register-tail+appt-online-register-tail+appt-online-register-tail","256+256+256","8+8+8","16+16+16","4+4+4","2+2+2","1+1+1","8+6+6","ring+ring","2+2",8,0,3,20,0.784096,0.212582,0.213003,0.000421,7,13,3,16,2,natural,natural,"appt-ntt-log20-7x7x6-xor-fw16-v1",0.707456,4704.058407,586.808180,4932562748.488434,fused,shoup,-1
2,grouped,8,4-16-2,"Tesla V100-SXM2-16GB",7.0,0,"v100-sm70","hierarchical-dataflow-appt-online-register-tail-grouped","experimental",0.000000,"persistent CTA fold roles publish online-reordered packet groups without fold-wide barriers",hierarchical-dataflow,0,named-barrier,0,0,0,3,0,0,0,hermes-xor,inplace,radix4,32,20,1048576,1,998244353,30,0,0,0,dataflow-radix4,"7+7+6","appt-online-register-tail-grouped+appt-online-register-tail-grouped+appt-online-register-tail-grouped","256+256+256","8+8+8","8+16+16","4+4+4","2+2+2","1+1+1","8+6+6","ring+ring","2+2",8,0,3,20,0.790976,0.233011,0.233448,0.000436,4,16,2,16,2,natural,natural,"appt-ntt-log20-7x7x6-xor-fw16-v1",0.716064,4291.639181,574.695745,4500109846.186097,fused,shoup,-1
2,grouped,8,5-15-2,"Tesla V100-SXM2-16GB",7.0,0,"v100-sm70","hierarchical-dataflow-appt-online-register-tail-grouped","experimental",0.000000,"persistent CTA fold roles publish online-reordered packet groups without fold-wide barriers",hierarchical-dataflow,0,named-barrier,0,0,0,3,0,0,0,hermes-xor,inplace,radix4,32,20,1048576,1,998244353,30,0,0,0,dataflow-radix4,"7+7+6","appt-online-register-tail-grouped+appt-online-register-tail-grouped+appt-online-register-tail-grouped","256+256+256","8+8+8","8+16+16","4+4+4","2+2+2","1+1+1","8+6+6","ring+ring","2+2",8,0,3,20,0.781408,0.224051,0.224480,0.000429,5,15,2,16,2,natural,natural,"appt-ntt-log20-7x7x6-xor-fw16-v1",0.722592,4463.265691,578.686557,4680073284.835195,fused,shoup,-1
2,grouped,8,5-16-2,"Tesla V100-SXM2-16GB",7.0,0,"v100-sm70","hierarchical-dataflow-appt-online-register-tail-grouped","experimental",0.000000,"persistent CTA fold roles publish online-reordered packet groups without fold-wide barriers",hierarchical-dataflow,0,named-barrier,0,0,0,3,0,0,0,hermes-xor,inplace,radix4,32,20,1048576,1,998244353,30,0,0,0,dataflow-radix4,"7+7+6","appt-online-register-tail-grouped+appt-online-register-tail-grouped+appt-online-register-tail-grouped","256+256+256","8+8+8","8+16+16","4+4+4","2+2+2","1+1+1","8+6+6","ring+ring","2+2",8,0,3,20,0.783680,0.222515,0.223058,0.000543,5,16,2,16,2,natural,natural,"appt-ntt-log20-7x7x6-xor-fw16-v1",0.708064,4494.075100,583.342343,4712379292.273582,fused,shoup,-1
2,grouped,8,6-14-2,"Tesla V100-SXM2-16GB",7.0,0,"v100-sm70","hierarchical-dataflow-appt-online-register-tail-grouped","experimental",0.000000,"persistent CTA fold roles publish online-reordered packet groups without fold-wide barriers",hierarchical-dataflow,0,named-barrier,0,0,0,3,0,0,0,hermes-xor,inplace,radix4,32,20,1048576,1,998244353,30,0,0,0,dataflow-radix4,"7+7+6","appt-online-register-tail-grouped+appt-online-register-tail-grouped+appt-online-register-tail-grouped","256+256+256","8+8+8","8+16+16","4+4+4","2+2+2","1+1+1","8+6+6","ring+ring","2+2",8,0,3,20,0.785312,0.214170,0.214556,0.000386,6,14,2,16,2,natural,natural,"appt-ntt-log20-7x7x6-xor-fw16-v1",0.722400,4669.196930,580.760025,4896007840.547461,fused,shoup,-1
2,grouped,8,6-16-2,"Tesla V100-SXM2-16GB",7.0,0,"v100-sm70","hierarchical-dataflow-appt-online-register-tail-grouped","experimental",0.000000,"persistent CTA fold roles publish online-reordered packet groups without fold-wide barriers",hierarchical-dataflow,0,named-barrier,0,0,0,3,0,0,0,hermes-xor,inplace,radix4,32,20,1048576,1,998244353,30,0,0,0,dataflow-radix4,"7+7+6","appt-online-register-tail-grouped+appt-online-register-tail-grouped+appt-online-register-tail-grouped","256+256+256","8+8+8","8+16+16","4+4+4","2+2+2","1+1+1","8+6+6","ring+ring","2+2",8,0,3,20,0.784928,0.230810,0.231232,0.000422,6,16,2,16,2,natural,natural,"appt-ntt-log20-7x7x6-xor-fw16-v1",0.707744,4332.575437,580.220865,4543034621.657562,fused,shoup,-1
2,grouped,8,7-13-3,"Tesla V100-SXM2-16GB",7.0,0,"v100-sm70","hierarchical-dataflow-appt-online-register-tail-grouped","experimental",0.000000,"persistent CTA fold roles publish online-reordered packet groups without fold-wide barriers",hierarchical-dataflow,0,named-barrier,0,0,0,3,0,0,0,hermes-xor,inplace,radix4,32,20,1048576,1,998244353,30,0,0,0,dataflow-radix4,"7+7+6","appt-online-register-tail-grouped+appt-online-register-tail-grouped+appt-online-register-tail-grouped","256+256+256","8+8+8","8+16+16","4+4+4","2+2+2","1+1+1","8+6+6","ring+ring","2+2",8,0,3,20,0.787584,0.200397,0.200855,0.000459,7,13,3,16,2,natural,natural,"appt-ntt-log20-7x7x6-xor-fw16-v1",0.714816,4990.099493,587.269137,5232498565.826929,fused,shoup,-1
2,grouped,16,4-16-2,"Tesla V100-SXM2-16GB",7.0,0,"v100-sm70","hierarchical-dataflow-appt-online-register-tail-grouped","experimental",0.000000,"persistent CTA fold roles publish online-reordered packet groups without fold-wide barriers",hierarchical-dataflow,0,named-barrier,0,0,0,3,0,0,0,hermes-xor,inplace,radix4,32,20,1048576,1,998244353,30,0,0,0,dataflow-radix4,"7+7+6","appt-online-register-tail-grouped+appt-online-register-tail-grouped+appt-online-register-tail-grouped","256+256+256","8+8+8","16+16+16","4+4+4","2+2+2","1+1+1","8+6+6","ring+ring","2+2",8,0,3,20,0.783840,0.229939,0.230399,0.000460,4,16,2,16,2,natural,natural,"appt-ntt-log20-7x7x6-xor-fw16-v1",0.709088,4348.975870,580.427782,4560231722.337913,fused,shoup,-1
2,grouped,16,5-15-2,"Tesla V100-SXM2-16GB",7.0,0,"v100-sm70","hierarchical-dataflow-appt-online-register-tail-grouped","experimental",0.000000,"persistent CTA fold roles publish online-reordered packet groups without fold-wide barriers",hierarchical-dataflow,0,named-barrier,0,0,0,3,0,0,0,hermes-xor,inplace,radix4,32,20,1048576,1,998244353,30,0,0,0,dataflow-radix4,"7+7+6","appt-online-register-tail-grouped+appt-online-register-tail-grouped+appt-online-register-tail-grouped","256+256+256","8+8+8","16+16+16","4+4+4","2+2+2","1+1+1","8+6+6","ring+ring","2+2",8,0,3,20,0.786528,0.217037,0.217454,0.000418,5,15,2,16,2,natural,natural,"appt-ntt-log20-7x7x6-xor-fw16-v1",0.730432,4607.513594,576.702345,4831328174.675163,fused,shoup,-1
2,grouped,16,5-16-2,"Tesla V100-SXM2-16GB",7.0,0,"v100-sm70","hierarchical-dataflow-appt-online-register-tail-grouped","experimental",0.000000,"persistent CTA fold roles publish online-reordered packet groups without fold-wide barriers",hierarchical-dataflow,0,named-barrier,0,0,0,3,0,0,0,hermes-xor,inplace,radix4,32,20,1048576,1,998244353,30,0,0,0,dataflow-radix4,"7+7+6","appt-online-register-tail-grouped+appt-online-register-tail-grouped+appt-online-register-tail-grouped","256+256+256","8+8+8","16+16+16","4+4+4","2+2+2","1+1+1","8+6+6","ring+ring","2+2",8,0,3,20,0.787072,0.217958,0.218410,0.000451,5,16,2,16,2,natural,natural,"appt-ntt-log20-7x7x6-xor-fw16-v1",0.728768,4588.031359,576.768326,4810899570.707504,fused,shoup,-1
2,grouped,16,6-14-2,"Tesla V100-SXM2-16GB",7.0,0,"v100-sm70","hierarchical-dataflow-appt-online-register-tail-grouped","experimental",0.000000,"persistent CTA fold roles publish online-reordered packet groups without fold-wide barriers",hierarchical-dataflow,0,named-barrier,0,0,0,3,0,0,0,hermes-xor,inplace,radix4,32,20,1048576,1,998244353,30,0,0,0,dataflow-radix4,"7+7+6","appt-online-register-tail-grouped+appt-online-register-tail-grouped+appt-online-register-tail-grouped","256+256+256","8+8+8","16+16+16","4+4+4","2+2+2","1+1+1","8+6+6","ring+ring","2+2",8,0,3,20,0.784736,0.208026,0.208575,0.000549,6,14,2,16,2,natural,natural,"appt-ntt-log20-7x7x6-xor-fw16-v1",0.723424,4807.100561,582.687560,5040610277.703688,fused,shoup,-1
2,grouped,16,6-16-2,"Tesla V100-SXM2-16GB",7.0,0,"v100-sm70","hierarchical-dataflow-appt-online-register-tail-grouped","experimental",0.000000,"persistent CTA fold roles publish online-reordered packet groups without fold-wide barriers",hierarchical-dataflow,0,named-barrier,0,0,0,3,0,0,0,hermes-xor,inplace,radix4,32,20,1048576,1,998244353,30,0,0,0,dataflow-radix4,"7+7+6","appt-online-register-tail-grouped+appt-online-register-tail-grouped+appt-online-register-tail-grouped","256+256+256","8+8+8","16+16+16","4+4+4","2+2+2","1+1+1","8+6+6","ring+ring","2+2",8,0,3,20,0.797216,0.224922,0.225404,0.000483,6,16,2,16,2,natural,natural,"appt-ntt-log20-7x7x6-xor-fw16-v1",0.725920,4445.993351,572.063518,4661961923.848802,fused,shoup,-1
2,grouped,16,7-13-3,"Tesla V100-SXM2-16GB",7.0,0,"v100-sm70","hierarchical-dataflow-appt-online-register-tail-grouped","experimental",0.000000,"persistent CTA fold roles publish online-reordered packet groups without fold-wide barriers",hierarchical-dataflow,0,named-barrier,0,0,0,3,0,0,0,hermes-xor,inplace,radix4,32,20,1048576,1,998244353,30,0,0,0,dataflow-radix4,"7+7+6","appt-online-register-tail-grouped+appt-online-register-tail-grouped+appt-online-register-tail-grouped","256+256+256","8+8+8","16+16+16","4+4+4","2+2+2","1+1+1","8+6+6","ring+ring","2+2",8,0,3,20,0.787168,0.196864,0.197364,0.000500,7,13,3,16,2,natural,natural,"appt-ntt-log20-7x7x6-xor-fw16-v1",0.729472,5079.649049,583.599454,5326398081.649834,fused,shoup,-1
2,grouped,32,4-16-2,"Tesla V100-SXM2-16GB",7.0,0,"v100-sm70","hierarchical-dataflow-appt-online-register-tail-grouped","experimental",0.000000,"persistent CTA fold roles publish online-reordered packet groups without fold-wide barriers",hierarchical-dataflow,0,named-barrier,0,0,0,3,0,0,0,hermes-xor,inplace,radix4,32,20,1048576,1,998244353,30,0,0,0,dataflow-radix4,"7+7+6","appt-online-register-tail-grouped+appt-online-register-tail-grouped+appt-online-register-tail-grouped","256+256+256","8+8+8","32+16+16","4+4+4","2+2+2","1+1+1","8+6+6","ring+ring","2+2",8,0,3,20,0.781056,0.225741,0.226192,0.000451,4,16,2,16,2,natural,natural,"appt-ntt-log20-7x7x6-xor-fw16-v1",0.718080,4429.859568,579.751564,4645044425.930649,fused,shoup,-1
2,grouped,32,5-15-2,"Tesla V100-SXM2-16GB",7.0,0,"v100-sm70","hierarchical-dataflow-appt-online-register-tail-grouped","experimental",0.000000,"persistent CTA fold roles publish online-reordered packet groups without fold-wide barriers",hierarchical-dataflow,0,named-barrier,0,0,0,3,0,0,0,hermes-xor,inplace,radix4,32,20,1048576,1,998244353,30,0,0,0,dataflow-radix4,"7+7+6","appt-online-register-tail-grouped+appt-online-register-tail-grouped+appt-online-register-tail-grouped","256+256+256","8+8+8","32+16+16","4+4+4","2+2+2","1+1+1","8+6+6","ring+ring","2+2",8,0,3,20,0.784896,0.215296,0.215780,0.000484,5,15,2,16,2,natural,natural,"appt-ntt-log20-7x7x6-xor-fw16-v1",0.727456,4644.768128,578.821615,4870392384.532127,fused,shoup,-1
2,grouped,32,5-16-2,"Tesla V100-SXM2-16GB",7.0,0,"v100-sm70","hierarchical-dataflow-appt-online-register-tail-grouped","experimental",0.000000,"persistent CTA fold roles publish online-reordered packet groups without fold-wide barriers",hierarchical-dataflow,0,named-barrier,0,0,0,3,0,0,0,hermes-xor,inplace,radix4,32,20,1048576,1,998244353,30,0,0,0,dataflow-radix4,"7+7+6","appt-online-register-tail-grouped+appt-online-register-tail-grouped+appt-online-register-tail-grouped","256+256+256","8+8+8","32+16+16","4+4+4","2+2+2","1+1+1","8+6+6","ring+ring","2+2",8,0,3,20,0.791520,0.215296,0.215743,0.000447,5,16,2,16,2,natural,natural,"appt-ntt-log20-7x7x6-xor-fw16-v1",0.725344,4644.768128,577.313873,4870392384.532127,fused,shoup,-1
2,grouped,32,6-14-2,"Tesla V100-SXM2-16GB",7.0,0,"v100-sm70","hierarchical-dataflow-appt-online-register-tail-grouped","experimental",0.000000,"persistent CTA fold roles publish online-reordered packet groups without fold-wide barriers",hierarchical-dataflow,0,named-barrier,0,0,0,3,0,0,0,hermes-xor,inplace,radix4,32,20,1048576,1,998244353,30,0,0,0,dataflow-radix4,"7+7+6","appt-online-register-tail-grouped+appt-online-register-tail-grouped+appt-online-register-tail-grouped","256+256+256","8+8+8","32+16+16","4+4+4","2+2+2","1+1+1","8+6+6","ring+ring","2+2",8,0,3,20,0.787296,0.203571,0.204129,0.000557,6,14,2,16,2,natural,natural,"appt-ntt-log20-7x7x6-xor-fw16-v1",0.724192,4912.286208,583.070245,5150905423.213614,fused,shoup,-1
2,grouped,32,6-16-2,"Tesla V100-SXM2-16GB",7.0,0,"v100-sm70","hierarchical-dataflow-appt-online-register-tail-grouped","experimental",0.000000,"persistent CTA fold roles publish online-reordered packet groups without fold-wide barriers",hierarchical-dataflow,0,named-barrier,0,0,0,3,0,0,0,hermes-xor,inplace,radix4,32,20,1048576,1,998244353,30,0,0,0,dataflow-radix4,"7+7+6","appt-online-register-tail-grouped+appt-online-register-tail-grouped+appt-online-register-tail-grouped","256+256+256","8+8+8","32+16+16","4+4+4","2+2+2","1+1+1","8+6+6","ring+ring","2+2",8,0,3,20,0.782912,0.222413,0.222893,0.000480,6,16,2,16,2,natural,natural,"appt-ntt-log20-7x7x6-xor-fw16-v1",0.717088,4496.144211,580.580917,4714548912.570189,fused,shoup,-1
2,grouped,32,7-13-3,"Tesla V100-SXM2-16GB",7.0,0,"v100-sm70","hierarchical-dataflow-appt-online-register-tail-grouped","experimental",0.000000,"persistent CTA fold roles publish online-reordered packet groups without fold-wide barriers",hierarchical-dataflow,0,named-barrier,0,0,0,3,0,0,0,hermes-xor,inplace,radix4,32,20,1048576,1,998244353,30,0,0,0,dataflow-radix4,"7+7+6","appt-online-register-tail-grouped+appt-online-register-tail-grouped+appt-online-register-tail-grouped","256+256+256","8+8+8","32+16+16","4+4+4","2+2+2","1+1+1","8+6+6","ring+ring","2+2",8,0,3,20,0.791456,0.194202,0.194650,0.000448,7,13,3,16,2,natural,natural,"appt-ntt-log20-7x7x6-xor-fw16-v1",0.729728,5149.288069,582.959316,5399419885.985113,fused,shoup,-1
1,v06,0,9-11,"Tesla V100-SXM2-16GB",7.0,0,"v100-sm70","hierarchical-dataflow-wave-10x10-resident-radix4","experimental",0.000000,"transform-wave readiness with the generated resident radix-4 core",hierarchical-dataflow,0,named-barrier,0,0,0,4,0,0,0,hermes-xor,inplace,radix4,32,20,1048576,4,998244353,30,0,0,0,dataflow-radix4,"10+10","dataflow-radix4+dataflow-radix4","256+256","1+1","0+0","0+0","0+0","0+0","9+11","full-scratch","1",8,0,3,20,2.832448,0.348365,0.348842,0.000477,0,0,0,0,0,natural,natural,"",2.615680,11482.216336,690.072454,12039976476.998262,fused,shoup,-1
1,radix4-matched,1,6-14-2,"Tesla V100-SXM2-16GB",7.0,0,"v100-sm70","hierarchical-dataflow-appt-online-register-tail","experimental",0.000000,"persistent CTA fold roles publish online-reordered packet groups without fold-wide barriers",hierarchical-dataflow,0,named-barrier,0,0,0,3,0,0,0,hermes-xor,inplace,radix4,32,20,1048576,4,998244353,30,0,0,0,dataflow-radix4,"7+7+6","appt-online-register-tail+appt-online-register-tail+appt-online-register-tail","256+256+256","8+8+8","16+16+16","4+4+4","2+2+2","1+1+1","7+7+6","ring+ring","2+2",8,0,3,20,2.837216,0.704870,0.705379,0.000508,6,14,2,16,2,natural,natural,"appt-ntt-log20-7x7x6-xor-fw16-v1",2.606336,5674.802040,650.573387,5950461224.164901,fused,shoup,-1
1,grouped,8,4-16-2,"Tesla V100-SXM2-16GB",7.0,0,"v100-sm70","hierarchical-dataflow-appt-online-register-tail-grouped","experimental",0.000000,"persistent CTA fold roles publish online-reordered packet groups without fold-wide barriers",hierarchical-dataflow,0,named-barrier,0,0,0,3,0,0,0,hermes-xor,inplace,radix4,32,20,1048576,4,998244353,30,0,0,0,dataflow-radix4,"7+7+6","appt-online-register-tail-grouped+appt-online-register-tail-grouped+appt-online-register-tail-grouped","256+256+256","8+8+8","8+16+16","4+4+4","2+2+2","1+1+1","7+7+6","ring+ring","2+2",8,0,3,20,2.821664,0.733747,0.734226,0.000479,4,16,2,16,2,natural,natural,"appt-ntt-log20-7x7x6-xor-fw16-v1",2.604352,5451.468961,649.375604,5716279516.813773,fused,shoup,-1
1,grouped,8,5-15-2,"Tesla V100-SXM2-16GB",7.0,0,"v100-sm70","hierarchical-dataflow-appt-online-register-tail-grouped","experimental",0.000000,"persistent CTA fold roles publish online-reordered packet groups without fold-wide barriers",hierarchical-dataflow,0,named-barrier,0,0,0,3,0,0,0,hermes-xor,inplace,radix4,32,20,1048576,4,998244353,30,0,0,0,dataflow-radix4,"7+7+6","appt-online-register-tail-grouped+appt-online-register-tail-grouped+appt-online-register-tail-grouped","256+256+256","8+8+8","8+16+16","4+4+4","2+2+2","1+1+1","7+7+6","ring+ring","2+2",8,0,3,20,2.845152,0.743578,0.744098,0.000520,5,15,2,16,2,natural,natural,"appt-ntt-log20-7x7x6-xor-fw16-v1",2.616736,5379.398199,644.593067,5640707846.332095,fused,shoup,-1
1,grouped,8,5-16-2,"Tesla V100-SXM2-16GB",7.0,0,"v100-sm70","hierarchical-dataflow-appt-online-register-tail-grouped","experimental",0.000000,"persistent CTA fold roles publish online-reordered packet groups without fold-wide barriers",hierarchical-dataflow,0,named-barrier,0,0,0,3,0,0,0,hermes-xor,inplace,radix4,32,20,1048576,4,998244353,30,0,0,0,dataflow-radix4,"7+7+6","appt-online-register-tail-grouped+appt-online-register-tail-grouped+appt-online-register-tail-grouped","256+256+256","8+8+8","8+16+16","4+4+4","2+2+2","1+1+1","7+7+6","ring+ring","2+2",8,0,3,20,2.831840,0.750950,0.751554,0.000603,5,16,2,16,2,natural,natural,"appt-ntt-log20-7x7x6-xor-fw16-v1",2.619744,5326.583515,644.897663,5585327635.488203,fused,shoup,-1
1,grouped,8,6-14-2,"Tesla V100-SXM2-16GB",7.0,0,"v100-sm70","hierarchical-dataflow-appt-online-register-tail-grouped","experimental",0.000000,"persistent CTA fold roles publish online-reordered packet groups without fold-wide barriers",hierarchical-dataflow,0,named-barrier,0,0,0,3,0,0,0,hermes-xor,inplace,radix4,32,20,1048576,4,998244353,30,0,0,0,dataflow-radix4,"7+7+6","appt-online-register-tail-grouped+appt-online-register-tail-grouped+appt-online-register-tail-grouped","256+256+256","8+8+8","8+16+16","4+4+4","2+2+2","1+1+1","7+7+6","ring+ring","2+2",8,0,3,20,2.819872,0.677274,0.677898,0.000625,6,14,2,16,2,natural,natural,"appt-ntt-log20-7x7x6-xor-fw16-v1",2.600192,5906.032387,656.024032,6192923816.055351,fused,shoup,-1
1,grouped,8,6-16-2,"Tesla V100-SXM2-16GB",7.0,0,"v100-sm70","hierarchical-dataflow-appt-online-register-tail-grouped","experimental",0.000000,"persistent CTA fold roles publish online-reordered packet groups without fold-wide barriers",hierarchical-dataflow,0,named-barrier,0,0,0,3,0,0,0,hermes-xor,inplace,radix4,32,20,1048576,4,998244353,30,0,0,0,dataflow-radix4,"7+7+6","appt-online-register-tail-grouped+appt-online-register-tail-grouped+appt-online-register-tail-grouped","256+256+256","8+8+8","8+16+16","4+4+4","2+2+2","1+1+1","7+7+6","ring+ring","2+2",8,0,3,20,2.827168,0.691046,0.691529,0.000483,6,16,2,16,2,natural,natural,"appt-ntt-log20-7x7x6-xor-fw16-v1",2.601152,5788.323690,653.662456,6069497301.553912,fused,shoup,-1
1,grouped,8,7-13-3,"Tesla V100-SXM2-16GB",7.0,0,"v100-sm70","hierarchical-dataflow-appt-online-register-tail-grouped","experimental",0.000000,"persistent CTA fold roles publish online-reordered packet groups without fold-wide barriers",hierarchical-dataflow,0,named-barrier,0,0,0,3,0,0,0,hermes-xor,inplace,radix4,32,20,1048576,4,998244353,30,0,0,0,dataflow-radix4,"7+7+6","appt-online-register-tail-grouped+appt-online-register-tail-grouped+appt-online-register-tail-grouped","256+256+256","8+8+8","8+16+16","4+4+4","2+2+2","1+1+1","7+7+6","ring+ring","2+2",8,0,3,20,2.815072,0.706099,0.706574,0.000474,7,13,3,16,2,natural,natural,"appt-ntt-log20-7x7x6-xor-fw16-v1",2.589696,5664.926782,654.571586,5940106265.194644,fused,shoup,-1
1,grouped,16,4-16-2,"Tesla V100-SXM2-16GB",7.0,0,"v100-sm70","hierarchical-dataflow-appt-online-register-tail-grouped","experimental",0.000000,"persistent CTA fold roles publish online-reordered packet groups without fold-wide barriers",hierarchical-dataflow,0,named-barrier,0,0,0,3,0,0,0,hermes-xor,inplace,radix4,32,20,1048576,4,998244353,30,0,0,0,dataflow-radix4,"7+7+6","appt-online-register-tail-grouped+appt-online-register-tail-grouped+appt-online-register-tail-grouped","256+256+256","8+8+8","16+16+16","4+4+4","2+2+2","1+1+1","7+7+6","ring+ring","2+2",8,0,3,20,2.813856,0.700518,0.700939,0.000421,4,16,2,16,2,natural,natural,"appt-ntt-log20-7x7x6-xor-fw16-v1",2.593408,5710.056771,654.902176,5987428488.234030,fused,shoup,-1
1,grouped,16,5-15-2,"Tesla V100-SXM2-16GB",7.0,0,"v100-sm70","hierarchical-dataflow-appt-online-register-tail-grouped","experimental",0.000000,"persistent CTA fold roles publish online-reordered packet groups without fold-wide barriers",hierarchical-dataflow,0,named-barrier,0,0,0,3,0,0,0,hermes-xor,inplace,radix4,32,20,1048576,4,998244353,30,0,0,0,dataflow-radix4,"7+7+6","appt-online-register-tail-grouped+appt-online-register-tail-grouped+appt-online-register-tail-grouped","256+256+256","8+8+8","16+16+16","4+4+4","2+2+2","1+1+1","7+7+6","ring+ring","2+2",8,0,3,20,2.828160,0.698880,0.699370,0.000490,5,15,2,16,2,natural,natural,"appt-ntt-log20-7x7x6-xor-fw16-v1",2.601568,5723.443086,652.676753,6001465057.167086,fused,shoup,-1
1,grouped,16,5-16-2,"Tesla V100-SXM2-16GB",7.0,0,"v100-sm70","hierarchical-dataflow-appt-online-register-tail-grouped","experimental",0.000000,"persistent CTA fold roles publish online-reordered packet groups without fold-wide barriers",hierarchical-dataflow,0,named-barrier,0,0,0,3,0,0,0,hermes-xor,inplace,radix4,32,20,1048576,4,998244353,30,0,0,0,dataflow-radix4,"7+7+6","appt-online-register-tail-grouped+appt-online-register-tail-grouped+appt-online-register-tail-grouped","256+256+256","8+8+8","16+16+16","4+4+4","2+2+2","1+1+1","7+7+6","ring+ring","2+2",8,0,3,20,2.821024,0.705894,0.706358,0.000464,5,16,2,16,2,natural,natural,"appt-ntt-log20-7x7x6-xor-fw16-v1",2.590720,5666.569872,653.847091,5941829170.136511,fused,shoup,-1
1,grouped,16,6-14-2,"Tesla V100-SXM2-16GB",7.0,0,"v100-sm70","hierarchical-dataflow-appt-online-register-tail-grouped","experimental",0.000000,"persistent CTA fold roles publish online-reordered packet groups without fold-wide barriers",hierarchical-dataflow,0,named-barrier,0,0,0,3,0,0,0,hermes-xor,inplace,radix4,32,20,1048576,4,998244353,30,0,0,0,dataflow-radix4,"7+7+6","appt-online-register-tail-grouped+appt-online-register-tail-grouped+appt-online-register-tail-grouped","256+256+256","8+8+8","16+16+16","4+4+4","2+2+2","1+1+1","7+7+6","ring+ring","2+2",8,0,3,20,2.837568,0.642048,0.642513,0.000465,6,14,2,16,2,natural,natural,"appt-ntt-log20-7x7x6-xor-fw16-v1",2.602272,6230.063783,657.690498,6532695361.681609,fused,shoup,-1
1,grouped,16,6-16-2,"Tesla V100-SXM2-16GB",7.0,0,"v100-sm70","hierarchical-dataflow-appt-online-register-tail-grouped","experimental",0.000000,"persistent CTA fold roles publish online-reordered packet groups without fold-wide barriers",hierarchical-dataflow,0,named-barrier,0,0,0,3,0,0,0,hermes-xor,inplace,radix4,32,20,1048576,4,998244353,30,0,0,0,dataflow-radix4,"7+7+6","appt-online-register-tail-grouped+appt-online-register-tail-grouped+appt-online-register-tail-grouped","256+256+256","8+8+8","16+16+16","4+4+4","2+2+2","1+1+1","7+7+6","ring+ring","2+2",8,0,3,20,2.818464,0.661299,0.661738,0.000438,6,16,2,16,2,natural,natural,"appt-ntt-log20-7x7x6-xor-fw16-v1",2.591680,6048.699571,658.821936,6342521201.016084,fused,shoup,-1
1,grouped,16,7-13-3,"Tesla V100-SXM2-16GB",7.0,0,"v100-sm70","hierarchical-dataflow-appt-online-register-tail-grouped","experimental",0.000000,"persistent CTA fold roles publish online-reordered packet groups without fold-wide barriers",hierarchical-dataflow,0,named-barrier,0,0,0,3,0,0,0,hermes-xor,inplace,radix4,32,20,1048576,4,998244353,30,0,0,0,dataflow-radix4,"7+7+6","appt-online-register-tail-grouped+appt-online-register-tail-grouped+appt-online-register-tail-grouped","256+256+256","8+8+8","16+16+16","4+4+4","2+2+2","1+1+1","7+7+6","ring+ring","2+2",8,0,3,20,2.815584,0.654438,0.654909,0.000471,7,13,3,16,2,natural,natural,"appt-ntt-log20-7x7x6-xor-fw16-v1",2.591296,6112.111001,659.922449,6409012904.929790,fused,shoup,-1
1,grouped,32,4-16-2,"Tesla V100-SXM2-16GB",7.0,0,"v100-sm70","hierarchical-dataflow-appt-online-register-tail-grouped","experimental",0.000000,"persistent CTA fold roles publish online-reordered packet groups without fold-wide barriers",hierarchical-dataflow,0,named-barrier,0,0,0,3,0,0,0,hermes-xor,inplace,radix4,32,20,1048576,4,998244353,30,0,0,0,dataflow-radix4,"7+7+6","appt-online-register-tail-grouped+appt-online-register-tail-grouped+appt-online-register-tail-grouped","256+256+256","8+8+8","32+16+16","4+4+4","2+2+2","1+1+1","7+7+6","ring+ring","2+2",8,0,3,20,2.824288,0.668314,0.668733,0.000420,4,16,2,16,2,natural,natural,"appt-ntt-log20-7x7x6-xor-fw16-v1",2.598560,5985.213926,656.689193,6275951677.401230,fused,shoup,-1
1,grouped,32,5-15-2,"Tesla V100-SXM2-16GB",7.0,0,"v100-sm70","hierarchical-dataflow-appt-online-register-tail-grouped","experimental",0.000000,"persistent CTA fold roles publish online-reordered packet groups without fold-wide barriers",hierarchical-dataflow,0,named-barrier,0,0,0,3,0,0,0,hermes-xor,inplace,radix4,32,20,1048576,4,998244353,30,0,0,0,dataflow-radix4,"7+7+6","appt-online-register-tail-grouped+appt-online-register-tail-grouped+appt-online-register-tail-grouped","256+256+256","8+8+8","32+16+16","4+4+4","2+2+2","1+1+1","7+7+6","ring+ring","2+2",8,0,3,20,2.821888,0.675994,0.676476,0.000482,5,15,2,16,2,natural,natural,"appt-ntt-log20-7x7x6-xor-fw16-v1",2.599584,5917.216119,656.010257,6204650809.358018,fused,shoup,-1
1,grouped,32,5-16-2,"Tesla V100-SXM2-16GB",7.0,0,"v100-sm70","hierarchical-dataflow-appt-online-register-tail-grouped","experimental",0.000000,"persistent CTA fold roles publish online-reordered packet groups without fold-wide barriers",hierarchical-dataflow,0,named-barrier,0,0,0,3,0,0,0,hermes-xor,inplace,radix4,32,20,1048576,4,998244353,30,0,0,0,dataflow-radix4,"7+7+6","appt-online-register-tail-grouped+appt-online-register-tail-grouped+appt-online-register-tail-grouped","256+256+256","8+8+8","32+16+16","4+4+4","2+2+2","1+1+1","7+7+6","ring+ring","2+2",8,0,3,20,2.828736,0.686336,0.686787,0.000451,5,16,2,16,2,natural,natural,"appt-ntt-log20-7x7x6-xor-fw16-v1",2.600256,5828.049398,654.094104,6111152725.153274,fused,shoup,-1
1,grouped,32,6-14-2,"Tesla V100-SXM2-16GB",7.0,0,"v100-sm70","hierarchical-dataflow-appt-online-register-tail-grouped","experimental",0.000000,"persistent CTA fold roles publish online-reordered packet groups without fold-wide barriers",hierarchical-dataflow,0,named-barrier,0,0,0,3,0,0,0,hermes-xor,inplace,radix4,32,20,1048576,4,998244353,30,0,0,0,dataflow-radix4,"7+7+6","appt-online-register-tail-grouped+appt-online-register-tail-grouped+appt-online-register-tail-grouped","256+256+256","8+8+8","32+16+16","4+4+4","2+2+2","1+1+1","7+7+6","ring+ring","2+2",8,0,3,20,2.847328,0.606054,0.606467,0.000412,6,14,2,16,2,natural,natural,"appt-ntt-log20-7x7x6-xor-fw16-v1",2.593056,6600.067310,661.546480,6920672179.469794,fused,shoup,-1
1,grouped,32,6-16-2,"Tesla V100-SXM2-16GB",7.0,0,"v100-sm70","hierarchical-dataflow-appt-online-register-tail-grouped","experimental",0.000000,"persistent CTA fold roles publish online-reordered packet groups without fold-wide barriers",hierarchical-dataflow,0,named-barrier,0,0,0,3,0,0,0,hermes-xor,inplace,radix4,32,20,1048576,4,998244353,30,0,0,0,dataflow-radix4,"7+7+6","appt-online-register-tail-grouped+appt-online-register-tail-grouped+appt-online-register-tail-grouped","256+256+256","8+8+8","32+16+16","4+4+4","2+2+2","1+1+1","7+7+6","ring+ring","2+2",8,0,3,20,2.830944,0.640563,0.640993,0.000430,6,16,2,16,2,natural,natural,"appt-ntt-log20-7x7x6-xor-fw16-v1",2.589184,6244.504933,659.990718,6547838005.035700,fused,shoup,-1
1,grouped,32,7-13-3,"Tesla V100-SXM2-16GB",7.0,0,"v100-sm70","hierarchical-dataflow-appt-online-register-tail-grouped","experimental",0.000000,"persistent CTA fold roles publish online-reordered packet groups without fold-wide barriers",hierarchical-dataflow,0,named-barrier,0,0,0,3,0,0,0,hermes-xor,inplace,radix4,32,20,1048576,4,998244353,30,0,0,0,dataflow-radix4,"7+7+6","appt-online-register-tail-grouped+appt-online-register-tail-grouped+appt-online-register-tail-grouped","256+256+256","8+8+8","32+16+16","4+4+4","2+2+2","1+1+1","7+7+6","ring+ring","2+2",8,0,3,20,2.819968,0.618957,0.619366,0.000410,7,13,3,16,2,natural,natural,"appt-ntt-log20-7x7x6-xor-fw16-v1",2.589792,6462.486513,663.491109,6776408258.261935,fused,shoup,-1
2,v06,0,9-11,"Tesla V100-SXM2-16GB",7.0,0,"v100-sm70","hierarchical-dataflow-wave-10x10-resident-radix4","experimental",0.000000,"transform-wave readiness with the generated resident radix-4 core",hierarchical-dataflow,0,named-barrier,0,0,0,4,0,0,0,hermes-xor,inplace,radix4,32,20,1048576,4,998244353,30,0,0,0,dataflow-radix4,"10+10","dataflow-radix4+dataflow-radix4","256+256","1+1","0+0","0+0","0+0","0+0","9+11","full-scratch","1",8,0,3,20,2.819296,0.350618,0.351093,0.000476,0,0,0,0,0,natural,natural,"",2.597984,11408.440825,693.493594,11962617246.649023,fused,shoup,-1
2,radix4-matched,1,6-14-2,"Tesla V100-SXM2-16GB",7.0,0,"v100-sm70","hierarchical-dataflow-appt-online-register-tail","experimental",0.000000,"persistent CTA fold roles publish online-reordered packet groups without fold-wide barriers",hierarchical-dataflow,0,named-barrier,0,0,0,3,0,0,0,hermes-xor,inplace,radix4,32,20,1048576,4,998244353,30,0,0,0,dataflow-radix4,"7+7+6","appt-online-register-tail+appt-online-register-tail+appt-online-register-tail","256+256+256","8+8+8","16+16+16","4+4+4","2+2+2","1+1+1","7+7+6","ring+ring","2+2",8,0,3,20,2.825568,0.698419,0.698925,0.000505,6,14,2,16,2,natural,natural,"appt-ntt-log20-7x7x6-xor-fw16-v1",2.594272,5727.219303,653.780749,6005424707.908919,fused,shoup,-1
2,grouped,8,4-16-2,"Tesla V100-SXM2-16GB",7.0,0,"v100-sm70","hierarchical-dataflow-appt-online-register-tail-grouped","experimental",0.000000,"persistent CTA fold roles publish online-reordered packet groups without fold-wide barriers",hierarchical-dataflow,0,named-barrier,0,0,0,3,0,0,0,hermes-xor,inplace,radix4,32,20,1048576,4,998244353,30,0,0,0,dataflow-radix4,"7+7+6","appt-online-register-tail-grouped+appt-online-register-tail-grouped+appt-online-register-tail-grouped","256+256+256","8+8+8","8+16+16","4+4+4","2+2+2","1+1+1","7+7+6","ring+ring","2+2",8,0,3,20,2.820416,0.727347,0.727793,0.000446,4,16,2,16,2,natural,natural,"appt-ntt-log20-7x7x6-xor-fw16-v1",2.589216,5499.436894,651.786472,5766577540.927820,fused,shoup,-1
2,grouped,8,5-15-2,"Tesla V100-SXM2-16GB",7.0,0,"v100-sm70","hierarchical-dataflow-appt-online-register-tail-grouped","experimental",0.000000,"persistent CTA fold roles publish online-reordered packet groups without fold-wide barriers",hierarchical-dataflow,0,named-barrier,0,0,0,3,0,0,0,hermes-xor,inplace,radix4,32,20,1048576,4,998244353,30,0,0,0,dataflow-radix4,"7+7+6","appt-online-register-tail-grouped+appt-online-register-tail-grouped+appt-online-register-tail-grouped","256+256+256","8+8+8","8+16+16","4+4+4","2+2+2","1+1+1","7+7+6","ring+ring","2+2",8,0,3,20,2.816896,0.750541,0.751053,0.000512,5,15,2,16,2,natural,natural,"appt-ntt-log20-7x7x6-xor-fw16-v1",2.605760,5329.490466,647.962489,5588375794.417163,fused,shoup,-1
2,grouped,8,5-16-2,"Tesla V100-SXM2-16GB",7.0,0,"v100-sm70","hierarchical-dataflow-appt-online-register-tail-grouped","experimental",0.000000,"persistent CTA fold roles publish online-reordered packet groups without fold-wide barriers",hierarchical-dataflow,0,named-barrier,0,0,0,3,0,0,0,hermes-xor,inplace,radix4,32,20,1048576,4,998244353,30,0,0,0,dataflow-radix4,"7+7+6","appt-online-register-tail-grouped+appt-online-register-tail-grouped+appt-online-register-tail-grouped","256+256+256","8+8+8","8+16+16","4+4+4","2+2+2","1+1+1","7+7+6","ring+ring","2+2",8,0,3,20,2.820192,0.750592,0.751056,0.000464,5,16,2,16,2,natural,natural,"appt-ntt-log20-7x7x6-xor-fw16-v1",2.605856,5329.126923,647.601281,5587994592.616569,fused,shoup,-1
2,grouped,8,6-14-2,"Tesla V100-SXM2-16GB",7.0,0,"v100-sm70","hierarchical-dataflow-appt-online-register-tail-grouped","experimental",0.000000,"persistent CTA fold roles publish online-reordered packet groups without fold-wide barriers",hierarchical-dataflow,0,named-barrier,0,0,0,3,0,0,0,hermes-xor,inplace,radix4,32,20,1048576,4,998244353,30,0,0,0,dataflow-radix4,"7+7+6","appt-online-register-tail-grouped+appt-online-register-tail-grouped+appt-online-register-tail-grouped","256+256+256","8+8+8","8+16+16","4+4+4","2+2+2","1+1+1","7+7+6","ring+ring","2+2",8,0,3,20,2.827520,0.671027,0.671502,0.000475,6,14,2,16,2,natural,natural,"appt-ntt-log20-7x7x6-xor-fw16-v1",2.600128,5961.010371,655.880169,6250572410.373168,fused,shoup,-1
2,grouped,8,6-16-2,"Tesla V100-SXM2-16GB",7.0,0,"v100-sm70","hierarchical-dataflow-appt-online-register-tail-grouped","experimental",0.000000,"persistent CTA fold roles publish online-reordered packet groups without fold-wide barriers",hierarchical-dataflow,0,named-barrier,0,0,0,3,0,0,0,hermes-xor,inplace,radix4,32,20,1048576,4,998244353,30,0,0,0,dataflow-radix4,"7+7+6","appt-online-register-tail-grouped+appt-online-register-tail-grouped+appt-online-register-tail-grouped","256+256+256","8+8+8","8+16+16","4+4+4","2+2+2","1+1+1","7+7+6","ring+ring","2+2",8,0,3,20,2.836256,0.689562,0.690117,0.000555,6,16,2,16,2,natural,natural,"appt-ntt-log20-7x7x6-xor-fw16-v1",2.615840,5800.787005,651.289972,6082566034.461286,fused,shoup,-1
2,grouped,8,7-13-3,"Tesla V100-SXM2-16GB",7.0,0,"v100-sm70","hierarchical-dataflow-appt-online-register-tail-grouped","experimental",0.000000,"persistent CTA fold roles publish online-reordered packet groups without fold-wide barriers",hierarchical-dataflow,0,named-barrier,0,0,0,3,0,0,0,hermes-xor,inplace,radix4,32,20,1048576,4,998244353,30,0,0,0,dataflow-radix4,"7+7+6","appt-online-register-tail-grouped+appt-online-register-tail-grouped+appt-online-register-tail-grouped","256+256+256","8+8+8","8+16+16","4+4+4","2+2+2","1+1+1","7+7+6","ring+ring","2+2",8,0,3,20,2.817088,0.704512,0.704952,0.000440,7,13,3,16,2,natural,natural,"appt-ntt-log20-7x7x6-xor-fw16-v1",2.592576,5677.688953,654.217356,5953488371.383828,fused,shoup,-1
2,grouped,16,4-16-2,"Tesla V100-SXM2-16GB",7.0,0,"v100-sm70","hierarchical-dataflow-appt-online-register-tail-grouped","experimental",0.000000,"persistent CTA fold roles publish online-reordered packet groups without fold-wide barriers",hierarchical-dataflow,0,named-barrier,0,0,0,3,0,0,0,hermes-xor,inplace,radix4,32,20,1048576,4,998244353,30,0,0,0,dataflow-radix4,"7+7+6","appt-online-register-tail-grouped+appt-online-register-tail-grouped+appt-online-register-tail-grouped","256+256+256","8+8+8","16+16+16","4+4+4","2+2+2","1+1+1","7+7+6","ring+ring","2+2",8,0,3,20,2.817056,0.697344,0.697779,0.000435,4,16,2,16,2,natural,natural,"appt-ntt-log20-7x7x6-xor-fw16-v1",2.593376,5736.049885,654.902879,6014684243.755903,fused,shoup,-1
2,grouped,16,5-15-2,"Tesla V100-SXM2-16GB",7.0,0,"v100-sm70","hierarchical-dataflow-appt-online-register-tail-grouped","experimental",0.000000,"persistent CTA fold roles publish online-reordered packet groups without fold-wide barriers",hierarchical-dataflow,0,named-barrier,0,0,0,3,0,0,0,hermes-xor,inplace,radix4,32,20,1048576,4,998244353,30,0,0,0,dataflow-radix4,"7+7+6","appt-online-register-tail-grouped+appt-online-register-tail-grouped+appt-online-register-tail-grouped","256+256+256","8+8+8","16+16+16","4+4+4","2+2+2","1+1+1","7+7+6","ring+ring","2+2",8,0,3,20,2.819264,0.702822,0.703237,0.000415,5,15,2,16,2,natural,natural,"appt-ntt-log20-7x7x6-xor-fw16-v1",2.595104,5691.338342,653.894975,5967800793.312212,fused,shoup,-1
2,grouped,16,5-16-2,"Tesla V100-SXM2-16GB",7.0,0,"v100-sm70","hierarchical-dataflow-appt-online-register-tail-grouped","experimental",0.000000,"persistent CTA fold roles publish online-reordered packet groups without fold-wide barriers",hierarchical-dataflow,0,named-barrier,0,0,0,3,0,0,0,hermes-xor,inplace,radix4,32,20,1048576,4,998244353,30,0,0,0,dataflow-radix4,"7+7+6","appt-online-register-tail-grouped+appt-online-register-tail-grouped+appt-online-register-tail-grouped","256+256+256","8+8+8","16+16+16","4+4+4","2+2+2","1+1+1","7+7+6","ring+ring","2+2",8,0,3,20,2.822816,0.705280,0.705694,0.000414,5,16,2,16,2,natural,natural,"appt-ntt-log20-7x7x6-xor-fw16-v1",2.593504,5671.506304,653.423957,5947005394.627993,fused,shoup,-1
2,grouped,16,6-14-2,"Tesla V100-SXM2-16GB",7.0,0,"v100-sm70","hierarchical-dataflow-appt-online-register-tail-grouped","experimental",0.000000,"persistent CTA fold roles publish online-reordered packet groups without fold-wide barriers",hierarchical-dataflow,0,named-barrier,0,0,0,3,0,0,0,hermes-xor,inplace,radix4,32,20,1048576,4,998244353,30,0,0,0,dataflow-radix4,"7+7+6","appt-online-register-tail-grouped+appt-online-register-tail-grouped+appt-online-register-tail-grouped","256+256+256","8+8+8","16+16+16","4+4+4","2+2+2","1+1+1","7+7+6","ring+ring","2+2",8,0,3,20,2.820672,0.636211,0.636675,0.000464,6,14,2,16,2,natural,natural,"appt-ntt-log20-7x7x6-xor-fw16-v1",2.592064,6287.220182,661.272102,6592628189.433001,fused,shoup,-1
2,grouped,16,6-16-2,"Tesla V100-SXM2-16GB",7.0,0,"v100-sm70","hierarchical-dataflow-appt-online-register-tail-grouped","experimental",0.000000,"persistent CTA fold roles publish online-reordered packet groups without fold-wide barriers",hierarchical-dataflow,0,named-barrier,0,0,0,3,0,0,0,hermes-xor,inplace,radix4,32,20,1048576,4,998244353,30,0,0,0,dataflow-radix4,"7+7+6","appt-online-register-tail-grouped+appt-online-register-tail-grouped+appt-online-register-tail-grouped","256+256+256","8+8+8","16+16+16","4+4+4","2+2+2","1+1+1","7+7+6","ring+ring","2+2",8,0,3,20,2.812672,0.662784,0.663197,0.000413,6,16,2,16,2,natural,natural,"appt-ntt-log20-7x7x6-xor-fw16-v1",2.591584,6035.148885,659.300104,6328312277.042754,fused,shoup,-1
2,grouped,16,7-13-3,"Tesla V100-SXM2-16GB",7.0,0,"v100-sm70","hierarchical-dataflow-appt-online-register-tail-grouped","experimental",0.000000,"persistent CTA fold roles publish online-reordered packet groups without fold-wide barriers",hierarchical-dataflow,0,named-barrier,0,0,0,3,0,0,0,hermes-xor,inplace,radix4,32,20,1048576,4,998244353,30,0,0,0,dataflow-radix4,"7+7+6","appt-online-register-tail-grouped+appt-online-register-tail-grouped+appt-online-register-tail-grouped","256+256+256","8+8+8","16+16+16","4+4+4","2+2+2","1+1+1","7+7+6","ring+ring","2+2",8,0,3,20,2.823040,0.659354,0.659795,0.000442,7,13,3,16,2,natural,natural,"appt-ntt-log20-7x7x6-xor-fw16-v1",2.589664,6066.547473,658.755279,6361236083.150080,fused,shoup,-1
2,grouped,32,4-16-2,"Tesla V100-SXM2-16GB",7.0,0,"v100-sm70","hierarchical-dataflow-appt-online-register-tail-grouped","experimental",0.000000,"persistent CTA fold roles publish online-reordered packet groups without fold-wide barriers",hierarchical-dataflow,0,named-barrier,0,0,0,3,0,0,0,hermes-xor,inplace,radix4,32,20,1048576,4,998244353,30,0,0,0,dataflow-radix4,"7+7+6","appt-online-register-tail-grouped+appt-online-register-tail-grouped+appt-online-register-tail-grouped","256+256+256","8+8+8","32+16+16","4+4+4","2+2+2","1+1+1","7+7+6","ring+ring","2+2",8,0,3,20,2.814400,0.668467,0.668908,0.000441,4,16,2,16,2,natural,natural,"appt-ntt-log20-7x7x6-xor-fw16-v1",2.590624,5983.839170,658.599784,6274510141.460673,fused,shoup,-1
2,grouped,32,5-15-2,"Tesla V100-SXM2-16GB",7.0,0,"v100-sm70","hierarchical-dataflow-appt-online-register-tail-grouped","experimental",0.000000,"persistent CTA fold roles publish online-reordered packet groups without fold-wide barriers",hierarchical-dataflow,0,named-barrier,0,0,0,3,0,0,0,hermes-xor,inplace,radix4,32,20,1048576,4,998244353,30,0,0,0,dataflow-radix4,"7+7+6","appt-online-register-tail-grouped+appt-online-register-tail-grouped+appt-online-register-tail-grouped","256+256+256","8+8+8","32+16+16","4+4+4","2+2+2","1+1+1","7+7+6","ring+ring","2+2",8,0,3,20,2.820352,0.678042,0.678481,0.000439,5,15,2,16,2,natural,natural,"appt-ntt-log20-7x7x6-xor-fw16-v1",2.593824,5899.343246,656.575370,6185909743.853230,fused,shoup,-1
2,grouped,32,5-16-2,"Tesla V100-SXM2-16GB",7.0,0,"v100-sm70","hierarchical-dataflow-appt-online-register-tail-grouped","experimental",0.000000,"persistent CTA fold roles publish online-reordered packet groups without fold-wide barriers",hierarchical-dataflow,0,named-barrier,0,0,0,3,0,0,0,hermes-xor,inplace,radix4,32,20,1048576,4,998244353,30,0,0,0,dataflow-radix4,"7+7+6","appt-online-register-tail-grouped+appt-online-register-tail-grouped+appt-online-register-tail-grouped","256+256+256","8+8+8","32+16+16","4+4+4","2+2+2","1+1+1","7+7+6","ring+ring","2+2",8,0,3,20,2.819584,0.685107,0.685524,0.000417,5,16,2,16,2,natural,natural,"appt-ntt-log20-7x7x6-xor-fw16-v1",2.593728,5838.502597,655.907689,6122113698.794808,fused,shoup,-1
2,grouped,32,6-14-2,"Tesla V100-SXM2-16GB",7.0,0,"v100-sm70","hierarchical-dataflow-appt-online-register-tail-grouped","experimental",0.000000,"persistent CTA fold roles publish online-reordered packet groups without fold-wide barriers",hierarchical-dataflow,0,named-barrier,0,0,0,3,0,0,0,hermes-xor,inplace,radix4,32,20,1048576,4,998244353,30,0,0,0,dataflow-radix4,"7+7+6","appt-online-register-tail-grouped+appt-online-register-tail-grouped+appt-online-register-tail-grouped","256+256+256","8+8+8","32+16+16","4+4+4","2+2+2","1+1+1","7+7+6","ring+ring","2+2",8,0,3,20,2.821664,0.602522,0.602983,0.000461,6,14,2,16,2,natural,natural,"appt-ntt-log20-7x7x6-xor-fw16-v1",2.590624,6638.766164,665.025186,6961250868.951545,fused,shoup,-1
2,grouped,32,6-16-2,"Tesla V100-SXM2-16GB",7.0,0,"v100-sm70","hierarchical-dataflow-appt-online-register-tail-grouped","experimental",0.000000,"persistent CTA fold roles publish online-reordered packet groups without fold-wide barriers",hierarchical-dataflow,0,named-barrier,0,0,0,3,0,0,0,hermes-xor,inplace,radix4,32,20,1048576,4,998244353,30,0,0,0,dataflow-radix4,"7+7+6","appt-online-register-tail-grouped+appt-online-register-tail-grouped+appt-online-register-tail-grouped","256+256+256","8+8+8","32+16+16","4+4+4","2+2+2","1+1+1","7+7+6","ring+ring","2+2",8,0,3,20,2.820416,0.638413,0.638857,0.000444,6,16,2,16,2,natural,natural,"appt-ntt-log20-7x7x6-xor-fw16-v1",2.589728,6265.538210,661.314765,6569892993.669374,fused,shoup,-1
2,grouped,32,7-13-3,"Tesla V100-SXM2-16GB",7.0,0,"v100-sm70","hierarchical-dataflow-appt-online-register-tail-grouped","experimental",0.000000,"persistent CTA fold roles publish online-reordered packet groups without fold-wide barriers",hierarchical-dataflow,0,named-barrier,0,0,0,3,0,0,0,hermes-xor,inplace,radix4,32,20,1048576,4,998244353,30,0,0,0,dataflow-radix4,"7+7+6","appt-online-register-tail-grouped+appt-online-register-tail-grouped+appt-online-register-tail-grouped","256+256+256","8+8+8","32+16+16","4+4+4","2+2+2","1+1+1","7+7+6","ring+ring","2+2",8,0,3,20,2.818496,0.620237,0.620769,0.000532,7,13,3,16,2,natural,natural,"appt-ntt-log20-7x7x6-xor-fw16-v1",2.604736,6449.150218,661.871536,6762424139.052606,fused,shoup,-1
1,v06,0,9-11,"Tesla V100-SXM2-16GB",7.0,0,"v100-sm70","hierarchical-dataflow-wave-10x10-resident-radix4","experimental",0.000000,"transform-wave readiness with the generated resident radix-4 core",hierarchical-dataflow,0,named-barrier,0,0,0,4,0,0,0,hermes-xor,inplace,radix4,32,20,1048576,16,998244353,30,0,0,0,dataflow-radix4,"10+10","dataflow-radix4+dataflow-radix4","256+256","1+1","0+0","0+0","0+0","0+0","9+11","full-scratch","1",8,0,3,20,10.906080,1.115392,1.115888,0.000496,0,0,0,0,0,natural,natural,"",10.136480,14344.733004,722.088377,15041542754.518370,fused,shoup,-1
1,radix4-matched,1,6-16-2,"Tesla V100-SXM2-16GB",7.0,0,"v100-sm70","hierarchical-dataflow-appt-online-register-tail","experimental",0.000000,"persistent CTA fold roles publish online-reordered packet groups without fold-wide barriers",hierarchical-dataflow,0,named-barrier,0,0,0,3,0,0,0,hermes-xor,inplace,radix4,32,20,1048576,16,998244353,30,0,0,0,dataflow-radix4,"7+7+6","appt-online-register-tail+appt-online-register-tail+appt-online-register-tail","256+256+256","8+8+8","16+16+16","4+4+4","2+2+2","1+1+1","7+7+6","ring+ring","2+2",8,0,3,20,10.911808,3.286374,3.286885,0.000511,6,16,2,32,2,natural,natural,"appt-ntt-log20-7x7x6-xor-fw32-v1",10.137568,4868.587200,657.468928,5105083691.833164,fused,shoup,-1
1,grouped,8,4-16-2,"Tesla V100-SXM2-16GB",7.0,0,"v100-sm70","hierarchical-dataflow-appt-online-register-tail-grouped","experimental",0.000000,"persistent CTA fold roles publish online-reordered packet groups without fold-wide barriers",hierarchical-dataflow,0,named-barrier,0,0,0,3,0,0,0,hermes-xor,inplace,radix4,32,20,1048576,16,998244353,30,0,0,0,dataflow-radix4,"7+7+6","appt-online-register-tail-grouped+appt-online-register-tail-grouped+appt-online-register-tail-grouped","256+256+256","8+8+8","8+16+16","4+4+4","2+2+2","1+1+1","7+7+6","ring+ring","2+2",8,0,3,20,10.906976,2.633523,2.634077,0.000554,4,16,2,32,2,natural,natural,"appt-ntt-log20-7x7x6-xor-fw32-v1",10.136768,6075.511256,675.753658,6370635290.297658,fused,shoup,-1
1,grouped,8,5-15-2,"Tesla V100-SXM2-16GB",7.0,0,"v100-sm70","hierarchical-dataflow-appt-online-register-tail-grouped","experimental",0.000000,"persistent CTA fold roles publish online-reordered packet groups without fold-wide barriers",hierarchical-dataflow,0,named-barrier,0,0,0,3,0,0,0,hermes-xor,inplace,radix4,32,20,1048576,16,998244353,30,0,0,0,dataflow-radix4,"7+7+6","appt-online-register-tail-grouped+appt-online-register-tail-grouped+appt-online-register-tail-grouped","256+256+256","8+8+8","8+16+16","4+4+4","2+2+2","1+1+1","7+7+6","ring+ring","2+2",8,0,3,20,10.909312,2.712730,2.713241,0.000512,5,15,2,32,2,natural,natural,"appt-ntt-log20-7x7x6-xor-fw32-v1",10.147744,5898.118063,673.123432,6184625046.364774,fused,shoup,-1
1,grouped,8,5-16-2,"Tesla V100-SXM2-16GB",7.0,0,"v100-sm70","hierarchical-dataflow-appt-online-register-tail-grouped","experimental",0.000000,"persistent CTA fold roles publish online-reordered packet groups without fold-wide barriers",hierarchical-dataflow,0,named-barrier,0,0,0,3,0,0,0,hermes-xor,inplace,radix4,32,20,1048576,16,998244353,30,0,0,0,dataflow-radix4,"7+7+6","appt-online-register-tail-grouped+appt-online-register-tail-grouped+appt-online-register-tail-grouped","256+256+256","8+8+8","8+16+16","4+4+4","2+2+2","1+1+1","7+7+6","ring+ring","2+2",8,0,3,20,10.884672,2.582477,2.582992,0.000515,5,16,2,32,2,natural,natural,"appt-ntt-log20-7x7x6-xor-fw32-v1",10.134144,6195.602479,677.928964,6496560064.771408,fused,shoup,-1
1,grouped,8,6-14-2,"Tesla V100-SXM2-16GB",7.0,0,"v100-sm70","hierarchical-dataflow-appt-online-register-tail-grouped","experimental",0.000000,"persistent CTA fold roles publish online-reordered packet groups without fold-wide barriers",hierarchical-dataflow,0,named-barrier,0,0,0,3,0,0,0,hermes-xor,inplace,radix4,32,20,1048576,16,998244353,30,0,0,0,dataflow-radix4,"7+7+6","appt-online-register-tail-grouped+appt-online-register-tail-grouped+appt-online-register-tail-grouped","256+256+256","8+8+8","8+16+16","4+4+4","2+2+2","1+1+1","7+7+6","ring+ring","2+2",8,0,3,20,10.885696,2.500762,2.501230,0.000468,6,14,2,32,2,natural,natural,"appt-ntt-log20-7x7x6-xor-fw32-v1",10.110752,6398.051131,680.931906,6708842862.468842,fused,shoup,-1
1,grouped,8,6-16-2,"Tesla V100-SXM2-16GB",7.0,0,"v100-sm70","hierarchical-dataflow-appt-online-register-tail-grouped","experimental",0.000000,"persistent CTA fold roles publish online-reordered packet groups without fold-wide barriers",hierarchical-dataflow,0,named-barrier,0,0,0,3,0,0,0,hermes-xor,inplace,radix4,32,20,1048576,16,998244353,30,0,0,0,dataflow-radix4,"7+7+6","appt-online-register-tail-grouped+appt-online-register-tail-grouped+appt-online-register-tail-grouped","256+256+256","8+8+8","8+16+16","4+4+4","2+2+2","1+1+1","7+7+6","ring+ring","2+2",8,0,3,20,10.876960,2.374554,2.375026,0.000473,6,16,2,32,2,natural,natural,"appt-ntt-log20-7x7x6-xor-fw32-v1",10.111584,6738.108358,684.840707,7065418709.352182,fused,shoup,-1
1,grouped,8,7-13-3,"Tesla V100-SXM2-16GB",7.0,0,"v100-sm70","hierarchical-dataflow-appt-online-register-tail-grouped","experimental",0.000000,"persistent CTA fold roles publish online-reordered packet groups without fold-wide barriers",hierarchical-dataflow,0,named-barrier,0,0,0,3,0,0,0,hermes-xor,inplace,radix4,32,20,1048576,16,998244353,30,0,0,0,dataflow-radix4,"7+7+6","appt-online-register-tail-grouped+appt-online-register-tail-grouped+appt-online-register-tail-grouped","256+256+256","8+8+8","8+16+16","4+4+4","2+2+2","1+1+1","7+7+6","ring+ring","2+2",8,0,3,20,10.880832,2.853478,2.853945,0.000467,7,13,3,32,2,natural,natural,"appt-ntt-log20-7x7x6-xor-fw32-v1",10.112672,5607.191497,670.944441,5879566431.485160,fused,shoup,-1
1,grouped,16,4-16-2,"Tesla V100-SXM2-16GB",7.0,0,"v100-sm70","hierarchical-dataflow-appt-online-register-tail-grouped","experimental",0.000000,"persistent CTA fold roles publish online-reordered packet groups without fold-wide barriers",hierarchical-dataflow,0,named-barrier,0,0,0,3,0,0,0,hermes-xor,inplace,radix4,32,20,1048576,16,998244353,30,0,0,0,dataflow-radix4,"7+7+6","appt-online-register-tail-grouped+appt-online-register-tail-grouped+appt-online-register-tail-grouped","256+256+256","8+8+8","16+16+16","4+4+4","2+2+2","1+1+1","7+7+6","ring+ring","2+2",8,0,3,20,10.883616,2.276147,2.276597,0.000450,4,16,2,32,2,natural,natural,"appt-ntt-log20-7x7x6-xor-fw32-v1",10.113824,7029.421839,687.474583,7370883034.103591,fused,shoup,-1
1,grouped,16,5-15-2,"Tesla V100-SXM2-16GB",7.0,0,"v100-sm70","hierarchical-dataflow-appt-online-register-tail-grouped","experimental",0.000000,"persistent CTA fold roles publish online-reordered packet groups without fold-wide barriers",hierarchical-dataflow,0,named-barrier,0,0,0,3,0,0,0,hermes-xor,inplace,radix4,32,20,1048576,16,998244353,30,0,0,0,dataflow-radix4,"7+7+6","appt-online-register-tail-grouped+appt-online-register-tail-grouped+appt-online-register-tail-grouped","256+256+256","8+8+8","16+16+16","4+4+4","2+2+2","1+1+1","7+7+6","ring+ring","2+2",8,0,3,20,10.879328,2.332211,2.332671,0.000460,5,15,2,32,2,natural,natural,"appt-ntt-log20-7x7x6-xor-fw32-v1",10.117856,6860.442678,685.830049,7193695541.839390,fused,shoup,-1
1,grouped,16,5-16-2,"Tesla V100-SXM2-16GB",7.0,0,"v100-sm70","hierarchical-dataflow-appt-online-register-tail-grouped","experimental",0.000000,"persistent CTA fold roles publish online-reordered packet groups without fold-wide barriers",hierarchical-dataflow,0,named-barrier,0,0,0,3,0,0,0,hermes-xor,inplace,radix4,32,20,1048576,16,998244353,30,0,0,0,dataflow-radix4,"7+7+6","appt-online-register-tail-grouped+appt-online-register-tail-grouped+appt-online-register-tail-grouped","256+256+256","8+8+8","16+16+16","4+4+4","2+2+2","1+1+1","7+7+6","ring+ring","2+2",8,0,3,20,10.891008,2.306509,2.306925,0.000417,5,16,2,32,2,natural,natural,"appt-ntt-log20-7x7x6-xor-fw32-v1",10.114144,6936.891003,686.351765,7273857419.892230,fused,shoup,-1
1,grouped,16,6-14-2,"Tesla V100-SXM2-16GB",7.0,0,"v100-sm70","hierarchical-dataflow-appt-online-register-tail-grouped","experimental",0.000000,"persistent CTA fold roles publish online-reordered packet groups without fold-wide barriers",hierarchical-dataflow,0,named-barrier,0,0,0,3,0,0,0,hermes-xor,inplace,radix4,32,20,1048576,16,998244353,30,0,0,0,dataflow-radix4,"7+7+6","appt-online-register-tail-grouped+appt-online-register-tail-grouped+appt-online-register-tail-grouped","256+256+256","8+8+8","16+16+16","4+4+4","2+2+2","1+1+1","7+7+6","ring+ring","2+2",8,0,3,20,10.888480,2.206054,2.206592,0.000538,6,14,2,32,2,natural,natural,"appt-ntt-log20-7x7x6-xor-fw32-v1",10.129728,7252.768279,688.934680,7605078750.516760,fused,shoup,-1
1,grouped,16,6-16-2,"Tesla V100-SXM2-16GB",7.0,0,"v100-sm70","hierarchical-dataflow-appt-online-register-tail-grouped","experimental",0.000000,"persistent CTA fold roles publish online-reordered packet groups without fold-wide barriers",hierarchical-dataflow,0,named-barrier,0,0,0,3,0,0,0,hermes-xor,inplace,radix4,32,20,1048576,16,998244353,30,0,0,0,dataflow-radix4,"7+7+6","appt-online-register-tail-grouped+appt-online-register-tail-grouped+appt-online-register-tail-grouped","256+256+256","8+8+8","16+16+16","4+4+4","2+2+2","1+1+1","7+7+6","ring+ring","2+2",8,0,3,20,10.890208,2.130483,2.131072,0.000589,6,16,2,32,2,natural,natural,"appt-ntt-log20-7x7x6-xor-fw32-v1",10.150688,7510.033579,690.507009,7874840970.323059,fused,shoup,-1
1,grouped,16,7-13-3,"Tesla V100-SXM2-16GB",7.0,0,"v100-sm70","hierarchical-dataflow-appt-online-register-tail-grouped","experimental",0.000000,"persistent CTA fold roles publish online-reordered packet groups without fold-wide barriers",hierarchical-dataflow,0,named-barrier,0,0,0,3,0,0,0,hermes-xor,inplace,radix4,32,20,1048576,16,998244353,30,0,0,0,dataflow-radix4,"7+7+6","appt-online-register-tail-grouped+appt-online-register-tail-grouped+appt-online-register-tail-grouped","256+256+256","8+8+8","16+16+16","4+4+4","2+2+2","1+1+1","7+7+6","ring+ring","2+2",8,0,3,20,10.886656,2.445722,2.446317,0.000595,7,13,3,32,2,natural,natural,"appt-ntt-log20-7x7x6-xor-fw32-v1",10.130880,6542.036439,681.917240,6859822401.581579,fused,shoup,-1
1,grouped,32,4-16-2,"Tesla V100-SXM2-16GB",7.0,0,"v100-sm70","hierarchical-dataflow-appt-online-register-tail-grouped","experimental",0.000000,"persistent CTA fold roles publish online-reordered packet groups without fold-wide barriers",hierarchical-dataflow,0,named-barrier,0,0,0,3,0,0,0,hermes-xor,inplace,radix4,32,20,1048576,16,998244353,30,0,0,0,dataflow-radix4,"7+7+6","appt-online-register-tail-grouped+appt-online-register-tail-grouped+appt-online-register-tail-grouped","256+256+256","8+8+8","32+16+16","4+4+4","2+2+2","1+1+1","7+7+6","ring+ring","2+2",8,0,3,20,10.898688,2.165709,2.166239,0.000530,4,16,2,32,2,natural,natural,"appt-ntt-log20-7x7x6-xor-fw32-v1",10.131520,7387.881577,689.776556,7746755312.948190,fused,shoup,-1
1,grouped,32,5-15-2,"Tesla V100-SXM2-16GB",7.0,0,"v100-sm70","hierarchical-dataflow-appt-online-register-tail-grouped","experimental",0.000000,"persistent CTA fold roles publish online-reordered packet groups without fold-wide barriers",hierarchical-dataflow,0,named-barrier,0,0,0,3,0,0,0,hermes-xor,inplace,radix4,32,20,1048576,16,998244353,30,0,0,0,dataflow-radix4,"7+7+6","appt-online-register-tail-grouped+appt-online-register-tail-grouped+appt-online-register-tail-grouped","256+256+256","8+8+8","32+16+16","4+4+4","2+2+2","1+1+1","7+7+6","ring+ring","2+2",8,0,3,20,10.893664,2.199399,2.199961,0.000563,5,15,2,32,2,natural,natural,"appt-ntt-log20-7x7x6-xor-fw32-v1",10.127040,7274.716188,689.058104,7628092801.590816,fused,shoup,-1
1,grouped,32,5-16-2,"Tesla V100-SXM2-16GB",7.0,0,"v100-sm70","hierarchical-dataflow-appt-online-register-tail-grouped","experimental",0.000000,"persistent CTA fold roles publish online-reordered packet groups without fold-wide barriers",hierarchical-dataflow,0,named-barrier,0,0,0,3,0,0,0,hermes-xor,inplace,radix4,32,20,1048576,16,998244353,30,0,0,0,dataflow-radix4,"7+7+6","appt-online-register-tail-grouped+appt-online-register-tail-grouped+appt-online-register-tail-grouped","256+256+256","8+8+8","32+16+16","4+4+4","2+2+2","1+1+1","7+7+6","ring+ring","2+2",8,0,3,20,10.896256,2.193715,2.194280,0.000564,5,16,2,32,2,natural,natural,"appt-ntt-log20-7x7x6-xor-fw32-v1",10.131008,7293.562548,689.032076,7647854642.050648,fused,shoup,-1
1,grouped,32,6-14-2,"Tesla V100-SXM2-16GB",7.0,0,"v100-sm70","hierarchical-dataflow-appt-online-register-tail-grouped","experimental",0.000000,"persistent CTA fold roles publish online-reordered packet groups without fold-wide barriers",hierarchical-dataflow,0,named-barrier,0,0,0,3,0,0,0,hermes-xor,inplace,radix4,32,20,1048576,16,998244353,30,0,0,0,dataflow-radix4,"7+7+6","appt-online-register-tail-grouped+appt-online-register-tail-grouped+appt-online-register-tail-grouped","256+256+256","8+8+8","32+16+16","4+4+4","2+2+2","1+1+1","7+7+6","ring+ring","2+2",8,0,3,20,10.885312,2.054810,2.055278,0.000469,6,14,2,32,2,natural,natural,"appt-ntt-log20-7x7x6-xor-fw32-v1",10.124544,7786.609636,693.701792,8164851985.504664,fused,shoup,-1
1,grouped,32,6-16-2,"Tesla V100-SXM2-16GB",7.0,0,"v100-sm70","hierarchical-dataflow-appt-online-register-tail-grouped","experimental",0.000000,"persistent CTA fold roles publish online-reordered packet groups without fold-wide barriers",hierarchical-dataflow,0,named-barrier,0,0,0,3,0,0,0,hermes-xor,inplace,radix4,32,20,1048576,16,998244353,30,0,0,0,dataflow-radix4,"7+7+6","appt-online-register-tail-grouped+appt-online-register-tail-grouped+appt-online-register-tail-grouped","256+256+256","8+8+8","32+16+16","4+4+4","2+2+2","1+1+1","7+7+6","ring+ring","2+2",8,0,3,20,10.894656,2.027622,2.028209,0.000587,6,16,2,32,2,natural,natural,"appt-ntt-log20-7x7x6-xor-fw32-v1",10.129472,7891.015367,694.090458,8274329329.083488,fused,shoup,-1
1,grouped,32,7-13-3,"Tesla V100-SXM2-16GB",7.0,0,"v100-sm70","hierarchical-dataflow-appt-online-register-tail-grouped","experimental",0.000000,"persistent CTA fold roles publish online-reordered packet groups without fold-wide barriers",hierarchical-dataflow,0,named-barrier,0,0,0,3,0,0,0,hermes-xor,inplace,radix4,32,20,1048576,16,998244353,30,0,0,0,dataflow-radix4,"7+7+6","appt-online-register-tail-grouped+appt-online-register-tail-grouped+appt-online-register-tail-grouped","256+256+256","8+8+8","32+16+16","4+4+4","2+2+2","1+1+1","7+7+6","ring+ring","2+2",8,0,3,20,10.885600,2.256793,2.257300,0.000507,7,13,3,32,2,natural,natural,"appt-ntt-log20-7x7x6-xor-fw32-v1",10.132960,7089.704932,687.422415,7434094438.630176,fused,shoup,-1
2,v06,0,9-11,"Tesla V100-SXM2-16GB",7.0,0,"v100-sm70","hierarchical-dataflow-wave-10x10-resident-radix4","experimental",0.000000,"transform-wave readiness with the generated resident radix-4 core",hierarchical-dataflow,0,named-barrier,0,0,0,4,0,0,0,hermes-xor,inplace,radix4,32,20,1048576,16,998244353,30,0,0,0,dataflow-radix4,"10+10","dataflow-radix4+dataflow-radix4","256+256","1+1","0+0","0+0","0+0","0+0","9+11","full-scratch","1",8,0,3,20,10.882336,1.021389,1.021984,0.000596,0,0,0,0,0,natural,natural,"",10.126912,15664.946084,726.261357,16425886505.454344,fused,shoup,-1
2,radix4-matched,1,6-16-2,"Tesla V100-SXM2-16GB",7.0,0,"v100-sm70","hierarchical-dataflow-appt-online-register-tail","experimental",0.000000,"persistent CTA fold roles publish online-reordered packet groups without fold-wide barriers",hierarchical-dataflow,0,named-barrier,0,0,0,3,0,0,0,hermes-xor,inplace,radix4,32,20,1048576,16,998244353,30,0,0,0,dataflow-radix4,"7+7+6","appt-online-register-tail+appt-online-register-tail+appt-online-register-tail","256+256+256","8+8+8","16+16+16","4+4+4","2+2+2","1+1+1","7+7+6","ring+ring","2+2",8,0,3,20,10.887808,3.101286,3.101813,0.000526,6,16,2,32,2,natural,natural,"appt-ntt-log20-7x7x6-xor-fw32-v1",10.127136,5159.149423,663.453603,5409760265.594525,fused,shoup,-1
2,grouped,8,4-16-2,"Tesla V100-SXM2-16GB",7.0,0,"v100-sm70","hierarchical-dataflow-appt-online-register-tail-grouped","experimental",0.000000,"persistent CTA fold roles publish online-reordered packet groups without fold-wide barriers",hierarchical-dataflow,0,named-barrier,0,0,0,3,0,0,0,hermes-xor,inplace,radix4,32,20,1048576,16,998244353,30,0,0,0,dataflow-radix4,"7+7+6","appt-online-register-tail-grouped+appt-online-register-tail-grouped+appt-online-register-tail-grouped","256+256+256","8+8+8","8+16+16","4+4+4","2+2+2","1+1+1","7+7+6","ring+ring","2+2",8,0,3,20,10.887008,2.485760,2.486258,0.000498,4,16,2,32,2,natural,natural,"appt-ntt-log20-7x7x6-xor-fw32-v1",10.130016,6436.663302,680.770414,6749330658.905837,fused,shoup,-1
2,grouped,8,5-15-2,"Tesla V100-SXM2-16GB",7.0,0,"v100-sm70","hierarchical-dataflow-appt-online-register-tail-grouped","experimental",0.000000,"persistent CTA fold roles publish online-reordered packet groups without fold-wide barriers",hierarchical-dataflow,0,named-barrier,0,0,0,3,0,0,0,hermes-xor,inplace,radix4,32,20,1048576,16,998244353,30,0,0,0,dataflow-radix4,"7+7+6","appt-online-register-tail-grouped+appt-online-register-tail-grouped+appt-online-register-tail-grouped","256+256+256","8+8+8","8+16+16","4+4+4","2+2+2","1+1+1","7+7+6","ring+ring","2+2",8,0,3,20,10.900640,2.564147,2.564669,0.000522,5,15,2,32,2,natural,natural,"appt-ntt-log20-7x7x6-xor-fw32-v1",10.125440,6239.891293,678.246988,6543000252.785799,fused,shoup,-1
2,grouped,8,5-16-2,"Tesla V100-SXM2-16GB",7.0,0,"v100-sm70","hierarchical-dataflow-appt-online-register-tail-grouped","experimental",0.000000,"persistent CTA fold roles publish online-reordered packet groups without fold-wide barriers",hierarchical-dataflow,0,named-barrier,0,0,0,3,0,0,0,hermes-xor,inplace,radix4,32,20,1048576,16,998244353,30,0,0,0,dataflow-radix4,"7+7+6","appt-online-register-tail-grouped+appt-online-register-tail-grouped+appt-online-register-tail-grouped","256+256+256","8+8+8","8+16+16","4+4+4","2+2+2","1+1+1","7+7+6","ring+ring","2+2",8,0,3,20,10.895040,2.556672,2.557196,0.000524,5,16,2,32,2,natural,natural,"appt-ntt-log20-7x7x6-xor-fw32-v1",10.131936,6258.135924,678.436192,6562131134.894440,fused,shoup,-1
2,grouped,8,6-14-2,"Tesla V100-SXM2-16GB",7.0,0,"v100-sm70","hierarchical-dataflow-appt-online-register-tail-grouped","experimental",0.000000,"persistent CTA fold roles publish online-reordered packet groups without fold-wide barriers",hierarchical-dataflow,0,named-barrier,0,0,0,3,0,0,0,hermes-xor,inplace,radix4,32,20,1048576,16,998244353,30,0,0,0,dataflow-radix4,"7+7+6","appt-online-register-tail-grouped+appt-online-register-tail-grouped+appt-online-register-tail-grouped","256+256+256","8+8+8","8+16+16","4+4+4","2+2+2","1+1+1","7+7+6","ring+ring","2+2",8,0,3,20,10.892864,2.493286,2.493772,0.000486,6,14,2,32,2,natural,natural,"appt-ntt-log20-7x7x6-xor-fw32-v1",10.132896,6417.233168,680.299673,6728956686.879142,fused,shoup,-1
2,grouped,8,6-16-2,"Tesla V100-SXM2-16GB",7.0,0,"v100-sm70","hierarchical-dataflow-appt-online-register-tail-grouped","experimental",0.000000,"persistent CTA fold roles publish online-reordered packet groups without fold-wide barriers",hierarchical-dataflow,0,named-barrier,0,0,0,3,0,0,0,hermes-xor,inplace,radix4,32,20,1048576,16,998244353,30,0,0,0,dataflow-radix4,"7+7+6","appt-online-register-tail-grouped+appt-online-register-tail-grouped+appt-online-register-tail-grouped","256+256+256","8+8+8","8+16+16","4+4+4","2+2+2","1+1+1","7+7+6","ring+ring","2+2",8,0,3,20,10.879744,2.376806,2.377223,0.000417,6,16,2,32,2,natural,natural,"appt-ntt-log20-7x7x6-xor-fw32-v1",10.113376,6731.721752,684.640601,7058721867.819488,fused,shoup,-1
2,grouped,8,7-13-3,"Tesla V100-SXM2-16GB",7.0,0,"v100-sm70","hierarchical-dataflow-appt-online-register-tail-grouped","experimental",0.000000,"persistent CTA fold roles publish online-reordered packet groups without fold-wide barriers",hierarchical-dataflow,0,named-barrier,0,0,0,3,0,0,0,hermes-xor,inplace,radix4,32,20,1048576,16,998244353,30,0,0,0,dataflow-radix4,"7+7+6","appt-online-register-tail-grouped+appt-online-register-tail-grouped+appt-online-register-tail-grouped","256+256+256","8+8+8","8+16+16","4+4+4","2+2+2","1+1+1","7+7+6","ring+ring","2+2",8,0,3,20,10.877920,2.845286,2.845767,0.000481,7,13,3,32,2,natural,natural,"appt-ntt-log20-7x7x6-xor-fw32-v1",10.113280,5623.335553,671.239857,5896494701.159947,fused,shoup,-1
2,grouped,16,4-16-2,"Tesla V100-SXM2-16GB",7.0,0,"v100-sm70","hierarchical-dataflow-appt-online-register-tail-grouped","experimental",0.000000,"persistent CTA fold roles publish online-reordered packet groups without fold-wide barriers",hierarchical-dataflow,0,named-barrier,0,0,0,3,0,0,0,hermes-xor,inplace,radix4,32,20,1048576,16,998244353,30,0,0,0,dataflow-radix4,"7+7+6","appt-online-register-tail-grouped+appt-online-register-tail-grouped+appt-online-register-tail-grouped","256+256+256","8+8+8","16+16+16","4+4+4","2+2+2","1+1+1","7+7+6","ring+ring","2+2",8,0,3,20,10.906304,2.259354,2.259758,0.000405,4,16,2,32,2,natural,natural,"appt-ntt-log20-7x7x6-xor-fw32-v1",10.110976,7081.671383,687.384604,7425670652.033850,fused,shoup,-1
2,grouped,16,5-15-2,"Tesla V100-SXM2-16GB",7.0,0,"v100-sm70","hierarchical-dataflow-appt-online-register-tail-grouped","experimental",0.000000,"persistent CTA fold roles publish online-reordered packet groups without fold-wide barriers",hierarchical-dataflow,0,named-barrier,0,0,0,3,0,0,0,hermes-xor,inplace,radix4,32,20,1048576,16,998244353,30,0,0,0,dataflow-radix4,"7+7+6","appt-online-register-tail-grouped+appt-online-register-tail-grouped+appt-online-register-tail-grouped","256+256+256","8+8+8","16+16+16","4+4+4","2+2+2","1+1+1","7+7+6","ring+ring","2+2",8,0,3,20,10.888896,2.329907,2.330397,0.000489,5,15,2,32,2,natural,natural,"appt-ntt-log20-7x7x6-xor-fw32-v1",10.127264,6867.226362,685.340270,7200808749.846275,fused,shoup,-1
2,grouped,16,5-16-2,"Tesla V100-SXM2-16GB",7.0,0,"v100-sm70","hierarchical-dataflow-appt-online-register-tail-grouped","experimental",0.000000,"persistent CTA fold roles publish online-reordered packet groups without fold-wide barriers",hierarchical-dataflow,0,named-barrier,0,0,0,3,0,0,0,hermes-xor,inplace,radix4,32,20,1048576,16,998244353,30,0,0,0,dataflow-radix4,"7+7+6","appt-online-register-tail-grouped+appt-online-register-tail-grouped+appt-online-register-tail-grouped","256+256+256","8+8+8","16+16+16","4+4+4","2+2+2","1+1+1","7+7+6","ring+ring","2+2",8,0,3,20,10.885760,2.328678,2.329134,0.000456,5,16,2,32,2,natural,natural,"appt-ntt-log20-7x7x6-xor-fw32-v1",10.127584,6870.850097,685.459007,7204608510.810843,fused,shoup,-1
2,grouped,16,6-14-2,"Tesla V100-SXM2-16GB",7.0,0,"v100-sm70","hierarchical-dataflow-appt-online-register-tail-grouped","experimental",0.000000,"persistent CTA fold roles publish online-reordered packet groups without fold-wide barriers",hierarchical-dataflow,0,named-barrier,0,0,0,3,0,0,0,hermes-xor,inplace,radix4,32,20,1048576,16,998244353,30,0,0,0,dataflow-radix4,"7+7+6","appt-online-register-tail-grouped+appt-online-register-tail-grouped+appt-online-register-tail-grouped","256+256+256","8+8+8","16+16+16","4+4+4","2+2+2","1+1+1","7+7+6","ring+ring","2+2",8,0,3,20,10.877536,2.219878,2.220303,0.000425,6,14,2,32,2,natural,natural,"appt-ntt-log20-7x7x6-xor-fw32-v1",10.113824,7207.601888,689.321263,7557718357.212907,fused,shoup,-1
2,grouped,16,6-16-2,"Tesla V100-SXM2-16GB",7.0,0,"v100-sm70","hierarchical-dataflow-appt-online-register-tail-grouped","experimental",0.000000,"persistent CTA fold roles publish online-reordered packet groups without fold-wide barriers",hierarchical-dataflow,0,named-barrier,0,0,0,3,0,0,0,hermes-xor,inplace,radix4,32,20,1048576,16,998244353,30,0,0,0,dataflow-radix4,"7+7+6","appt-online-register-tail-grouped+appt-online-register-tail-grouped+appt-online-register-tail-grouped","256+256+256","8+8+8","16+16+16","4+4+4","2+2+2","1+1+1","7+7+6","ring+ring","2+2",8,0,3,20,10.877536,2.132224,2.132657,0.000433,6,16,2,32,2,natural,natural,"appt-ntt-log20-7x7x6-xor-fw32-v1",10.117952,7503.901737,691.810752,7868411267.925247,fused,shoup,-1
2,grouped,16,7-13-3,"Tesla V100-SXM2-16GB",7.0,0,"v100-sm70","hierarchical-dataflow-appt-online-register-tail-grouped","experimental",0.000000,"persistent CTA fold roles publish online-reordered packet groups without fold-wide barriers",hierarchical-dataflow,0,named-barrier,0,0,0,3,0,0,0,hermes-xor,inplace,radix4,32,20,1048576,16,998244353,30,0,0,0,dataflow-radix4,"7+7+6","appt-online-register-tail-grouped+appt-online-register-tail-grouped+appt-online-register-tail-grouped","256+256+256","8+8+8","16+16+16","4+4+4","2+2+2","1+1+1","7+7+6","ring+ring","2+2",8,0,3,20,10.877824,2.444851,2.445262,0.000411,7,13,3,32,2,natural,natural,"appt-ntt-log20-7x7x6-xor-fw32-v1",10.112832,6544.365670,682.724720,6862264776.748511,fused,shoup,-1
2,grouped,32,4-16-2,"Tesla V100-SXM2-16GB",7.0,0,"v100-sm70","hierarchical-dataflow-appt-online-register-tail-grouped","experimental",0.000000,"persistent CTA fold roles publish online-reordered packet groups without fold-wide barriers",hierarchical-dataflow,0,named-barrier,0,0,0,3,0,0,0,hermes-xor,inplace,radix4,32,20,1048576,16,998244353,30,0,0,0,dataflow-radix4,"7+7+6","appt-online-register-tail-grouped+appt-online-register-tail-grouped+appt-online-register-tail-grouped","256+256+256","8+8+8","32+16+16","4+4+4","2+2+2","1+1+1","7+7+6","ring+ring","2+2",8,0,3,20,10.885376,2.171699,2.172114,0.000415,4,16,2,32,2,natural,natural,"appt-ntt-log20-7x7x6-xor-fw32-v1",10.112128,7367.503348,690.571868,7725387190.500228,fused,shoup,-1
2,grouped,32,5-15-2,"Tesla V100-SXM2-16GB",7.0,0,"v100-sm70","hierarchical-dataflow-appt-online-register-tail-grouped","experimental",0.000000,"persistent CTA fold roles publish online-reordered packet groups without fold-wide barriers",hierarchical-dataflow,0,named-barrier,0,0,0,3,0,0,0,hermes-xor,inplace,radix4,32,20,1048576,16,998244353,30,0,0,0,dataflow-radix4,"7+7+6","appt-online-register-tail-grouped+appt-online-register-tail-grouped+appt-online-register-tail-grouped","256+256+256","8+8+8","32+16+16","4+4+4","2+2+2","1+1+1","7+7+6","ring+ring","2+2",8,0,3,20,10.870912,2.212915,2.213377,0.000462,5,15,2,32,2,natural,natural,"appt-ntt-log20-7x7x6-xor-fw32-v1",10.110720,7230.281635,689.817325,7581499795.204705,fused,shoup,-1
2,grouped,32,5-16-2,"Tesla V100-SXM2-16GB",7.0,0,"v100-sm70","hierarchical-dataflow-appt-online-register-tail-grouped","experimental",0.000000,"persistent CTA fold roles publish online-reordered packet groups without fold-wide barriers",hierarchical-dataflow,0,named-barrier,0,0,0,3,0,0,0,hermes-xor,inplace,radix4,32,20,1048576,16,998244353,30,0,0,0,dataflow-radix4,"7+7+6","appt-online-register-tail-grouped+appt-online-register-tail-grouped+appt-online-register-tail-grouped","256+256+256","8+8+8","32+16+16","4+4+4","2+2+2","1+1+1","7+7+6","ring+ring","2+2",8,0,3,20,10.880032,2.193818,2.194254,0.000436,5,16,2,32,2,natural,natural,"appt-ntt-log20-7x7x6-xor-fw32-v1",10.113376,7293.222503,690.035142,7647498078.871597,fused,shoup,-1
2,grouped,32,6-14-2,"Tesla V100-SXM2-16GB",7.0,0,"v100-sm70","hierarchical-dataflow-appt-online-register-tail-grouped","experimental",0.000000,"persistent CTA fold roles publish online-reordered packet groups without fold-wide barriers",hierarchical-dataflow,0,named-barrier,0,0,0,3,0,0,0,hermes-xor,inplace,radix4,32,20,1048576,16,998244353,30,0,0,0,dataflow-radix4,"7+7+6","appt-online-register-tail-grouped+appt-online-register-tail-grouped+appt-online-register-tail-grouped","256+256+256","8+8+8","32+16+16","4+4+4","2+2+2","1+1+1","7+7+6","ring+ring","2+2",8,0,3,20,10.875680,2.056192,2.056680,0.000488,6,14,2,32,2,natural,natural,"appt-ntt-log20-7x7x6-xor-fw32-v1",10.112640,7781.374800,694.308468,8159362862.358821,fused,shoup,-1
2,grouped,32,6-16-2,"Tesla V100-SXM2-16GB",7.0,0,"v100-sm70","hierarchical-dataflow-appt-online-register-tail-grouped","experimental",0.000000,"persistent CTA fold roles publish online-reordered packet groups without fold-wide barriers",hierarchical-dataflow,0,named-barrier,0,0,0,3,0,0,0,hermes-xor,inplace,radix4,32,20,1048576,16,998244353,30,0,0,0,dataflow-radix4,"7+7+6","appt-online-register-tail-grouped+appt-online-register-tail-grouped+appt-online-register-tail-grouped","256+256+256","8+8+8","32+16+16","4+4+4","2+2+2","1+1+1","7+7+6","ring+ring","2+2",8,0,3,20,10.880864,2.022554,2.022993,0.000439,6,16,2,32,2,natural,natural,"appt-ntt-log20-7x7x6-xor-fw32-v1",10.113536,7910.791263,695.139774,8295065859.856504,fused,shoup,-1
2,grouped,32,7-13-3,"Tesla V100-SXM2-16GB",7.0,0,"v100-sm70","hierarchical-dataflow-appt-online-register-tail-grouped","experimental",0.000000,"persistent CTA fold roles publish online-reordered packet groups without fold-wide barriers",hierarchical-dataflow,0,named-barrier,0,0,0,3,0,0,0,hermes-xor,inplace,radix4,32,20,1048576,16,998244353,30,0,0,0,dataflow-radix4,"7+7+6","appt-online-register-tail-grouped+appt-online-register-tail-grouped+appt-online-register-tail-grouped","256+256+256","8+8+8","32+16+16","4+4+4","2+2+2","1+1+1","7+7+6","ring+ring","2+2",8,0,3,20,10.889152,2.256538,2.257068,0.000530,7,13,3,32,2,natural,natural,"appt-ntt-log20-7x7x6-xor-fw32-v1",10.131968,7090.508690,687.354408,7434937240.134586,fused,shoup,-1
1,v06,0,9-11,"Tesla V100-SXM2-16GB",7.0,0,"v100-sm70","hierarchical-dataflow-wave-10x10-resident-radix4","experimental",0.000000,"transform-wave readiness with the generated resident radix-4 core",hierarchical-dataflow,0,named-barrier,0,0,0,2,0,0,0,hermes-xor,inplace,radix4,64,20,1048576,1,576460756061519873,60,0,0,0,dataflow-radix4,"10+10","dataflow-radix4+dataflow-radix4","256+256","1+1","0+0","0+0","0+0","0+0","9+11","full-scratch","1",8,0,3,20,1.425600,0.203930,0.204465,0.000535,0,0,0,0,0,natural,natural,"",1.347872,4903.653309,335.863318,5141853172.274884,fused,shoup,-1
1,radix4-matched,1,10-9-3,"Tesla V100-SXM2-16GB",7.0,0,"v100-sm70","hierarchical-dataflow-appt-online-register-tail","experimental",0.000000,"persistent CTA fold roles publish online-reordered packet groups without fold-wide barriers",hierarchical-dataflow,0,named-barrier,0,0,0,2,0,0,0,hermes-xor,inplace,radix4,64,20,1048576,1,576460756061519873,60,0,0,0,dataflow-radix4,"7+7+6","appt-online-register-tail+appt-online-register-tail+appt-online-register-tail","256+256+256","8+8+8","16+16+16","4+4+4","2+2+2","1+1+1","10+5+5","ring+ring","2+2",8,0,3,20,1.437792,0.298291,0.298756,0.000464,10,9,3,8,2,natural,natural,"appt-ntt-log20-7x7x6-xor-fw8-v1",1.353056,3352.428696,323.714785,3515276272.459005,fused,shoup,-1
1,grouped,8,6-12-2,"Tesla V100-SXM2-16GB",7.0,0,"v100-sm70","hierarchical-dataflow-appt-online-register-tail-grouped","experimental",0.000000,"persistent CTA fold roles publish online-reordered packet groups without fold-wide barriers",hierarchical-dataflow,0,named-barrier,0,0,0,2,0,0,0,hermes-xor,inplace,radix4,64,20,1048576,1,576460756061519873,60,0,0,0,dataflow-radix4,"7+7+6","appt-online-register-tail-grouped+appt-online-register-tail-grouped+appt-online-register-tail-grouped","256+256+256","8+8+8","8+16+16","4+4+4","2+2+2","1+1+1","10+5+5","ring+ring","2+2",8,0,3,20,1.421536,0.390810,0.391228,0.000418,6,12,2,8,2,natural,natural,"appt-ntt-log20-7x7x6-xor-fw8-v1",1.333024,2558.790806,317.927662,2683086627.979911,fused,shoup,-1
1,grouped,8,7-11-2,"Tesla V100-SXM2-16GB",7.0,0,"v100-sm70","hierarchical-dataflow-appt-online-register-tail-grouped","experimental",0.000000,"persistent CTA fold roles publish online-reordered packet groups without fold-wide barriers",hierarchical-dataflow,0,named-barrier,0,0,0,2,0,0,0,hermes-xor,inplace,radix4,64,20,1048576,1,576460756061519873,60,0,0,0,dataflow-radix4,"7+7+6","appt-online-register-tail-grouped+appt-online-register-tail-grouped+appt-online-register-tail-grouped","256+256+256","8+8+8","8+16+16","4+4+4","2+2+2","1+1+1","10+5+5","ring+ring","2+2",8,0,3,20,1.429952,0.401408,0.401888,0.000480,7,11,2,8,2,natural,natural,"appt-ntt-log20-7x7x6-xor-fw8-v1",1.344768,2491.230764,314.848763,2612244789.399791,fused,shoup,-1
1,grouped,8,8-10-2,"Tesla V100-SXM2-16GB",7.0,0,"v100-sm70","hierarchical-dataflow-appt-online-register-tail-grouped","experimental",0.000000,"persistent CTA fold roles publish online-reordered packet groups without fold-wide barriers",hierarchical-dataflow,0,named-barrier,0,0,0,2,0,0,0,hermes-xor,inplace,radix4,64,20,1048576,1,576460756061519873,60,0,0,0,dataflow-radix4,"7+7+6","appt-online-register-tail-grouped+appt-online-register-tail-grouped+appt-online-register-tail-grouped","256+256+256","8+8+8","8+16+16","4+4+4","2+2+2","1+1+1","10+5+5","ring+ring","2+2",8,0,3,20,1.422528,0.355942,0.356353,0.000411,8,10,2,8,2,natural,natural,"appt-ntt-log20-7x7x6-xor-fw8-v1",1.335872,2809.443339,321.095065,2945914858.638525,fused,shoup,-1
1,grouped,8,9-11-2,"Tesla V100-SXM2-16GB",7.0,0,"v100-sm70","hierarchical-dataflow-appt-online-register-tail-grouped","experimental",0.000000,"persistent CTA fold roles publish online-reordered packet groups without fold-wide barriers",hierarchical-dataflow,0,named-barrier,0,0,0,2,0,0,0,hermes-xor,inplace,radix4,64,20,1048576,1,576460756061519873,60,0,0,0,dataflow-radix4,"7+7+6","appt-online-register-tail-grouped+appt-online-register-tail-grouped+appt-online-register-tail-grouped","256+256+256","8+8+8","8+16+16","4+4+4","2+2+2","1+1+1","10+5+5","ring+ring","2+2",8,0,3,20,1.445824,0.360243,0.360717,0.000474,9,11,2,8,2,natural,natural,"appt-ntt-log20-7x7x6-xor-fw8-v1",1.342304,2775.902492,317.624553,2910744731.183522,fused,shoup,-1
1,grouped,8,10-9-3,"Tesla V100-SXM2-16GB",7.0,0,"v100-sm70","hierarchical-dataflow-appt-online-register-tail-grouped","experimental",0.000000,"persistent CTA fold roles publish online-reordered packet groups without fold-wide barriers",hierarchical-dataflow,0,named-barrier,0,0,0,2,0,0,0,hermes-xor,inplace,radix4,64,20,1048576,1,576460756061519873,60,0,0,0,dataflow-radix4,"7+7+6","appt-online-register-tail-grouped+appt-online-register-tail-grouped+appt-online-register-tail-grouped","256+256+256","8+8+8","8+16+16","4+4+4","2+2+2","1+1+1","10+5+5","ring+ring","2+2",8,0,3,20,1.416992,0.327219,0.327709,0.000489,10,9,3,8,2,natural,natural,"appt-ntt-log20-7x7x6-xor-fw8-v1",1.333664,3056.055500,324.899476,3204506452.464895,fused,shoup,-1
1,grouped,16,6-12-2,"Tesla V100-SXM2-16GB",7.0,0,"v100-sm70","hierarchical-dataflow-appt-online-register-tail-grouped","experimental",0.000000,"persistent CTA fold roles publish online-reordered packet groups without fold-wide barriers",hierarchical-dataflow,0,named-barrier,0,0,0,2,0,0,0,hermes-xor,inplace,radix4,64,20,1048576,1,576460756061519873,60,0,0,0,dataflow-radix4,"7+7+6","appt-online-register-tail-grouped+appt-online-register-tail-grouped+appt-online-register-tail-grouped","256+256+256","8+8+8","16+16+16","4+4+4","2+2+2","1+1+1","10+5+5","ring+ring","2+2",8,0,3,20,1.416448,0.403661,0.404138,0.000478,6,12,2,8,2,natural,natural,"appt-ntt-log20-7x7x6-xor-fw8-v1",1.334848,2477.327291,316.961543,2597665941.568786,fused,shoup,-1
1,grouped,16,7-11-2,"Tesla V100-SXM2-16GB",7.0,0,"v100-sm70","hierarchical-dataflow-appt-online-register-tail-grouped","experimental",0.000000,"persistent CTA fold roles publish online-reordered packet groups without fold-wide barriers",hierarchical-dataflow,0,named-barrier,0,0,0,2,0,0,0,hermes-xor,inplace,radix4,64,20,1048576,1,576460756061519873,60,0,0,0,dataflow-radix4,"7+7+6","appt-online-register-tail-grouped+appt-online-register-tail-grouped+appt-online-register-tail-grouped","256+256+256","8+8+8","16+16+16","4+4+4","2+2+2","1+1+1","10+5+5","ring+ring","2+2",8,0,3,20,1.424352,0.395930,0.396374,0.000444,7,11,2,8,2,natural,natural,"appt-ntt-log20-7x7x6-xor-fw8-v1",1.340160,2525.701508,316.411472,2648389984.912677,fused,shoup,-1
1,grouped,16,8-10-2,"Tesla V100-SXM2-16GB",7.0,0,"v100-sm70","hierarchical-dataflow-appt-online-register-tail-grouped","experimental",0.000000,"persistent CTA fold roles publish online-reordered packet groups without fold-wide barriers",hierarchical-dataflow,0,named-barrier,0,0,0,2,0,0,0,hermes-xor,inplace,radix4,64,20,1048576,1,576460756061519873,60,0,0,0,dataflow-radix4,"7+7+6","appt-online-register-tail-grouped+appt-online-register-tail-grouped+appt-online-register-tail-grouped","256+256+256","8+8+8","16+16+16","4+4+4","2+2+2","1+1+1","10+5+5","ring+ring","2+2",8,0,3,20,1.416096,0.352512,0.352957,0.000445,8,10,2,8,2,natural,natural,"appt-ntt-log20-7x7x6-xor-fw8-v1",1.331904,2836.782845,322.527373,2974582408.759978,fused,shoup,-1
1,grouped,16,9-11-2,"Tesla V100-SXM2-16GB",7.0,0,"v100-sm70","hierarchical-dataflow-appt-online-register-tail-grouped","experimental",0.000000,"persistent CTA fold roles publish online-reordered packet groups without fold-wide barriers",hierarchical-dataflow,0,named-barrier,0,0,0,2,0,0,0,hermes-xor,inplace,radix4,64,20,1048576,1,576460756061519873,60,0,0,0,dataflow-radix4,"7+7+6","appt-online-register-tail-grouped+appt-online-register-tail-grouped+appt-online-register-tail-grouped","256+256+256","8+8+8","16+16+16","4+4+4","2+2+2","1+1+1","10+5+5","ring+ring","2+2",8,0,3,20,1.421152,0.356966,0.357403,0.000436,9,11,2,8,2,natural,natural,"appt-ntt-log20-7x7x6-xor-fw8-v1",1.336096,2801.384060,321.108265,2937464092.029550,fused,shoup,-1
1,grouped,16,10-9-3,"Tesla V100-SXM2-16GB",7.0,0,"v100-sm70","hierarchical-dataflow-appt-online-register-tail-grouped","experimental",0.000000,"persistent CTA fold roles publish online-reordered packet groups without fold-wide barriers",hierarchical-dataflow,0,named-barrier,0,0,0,2,0,0,0,hermes-xor,inplace,radix4,64,20,1048576,1,576460756061519873,60,0,0,0,dataflow-radix4,"7+7+6","appt-online-register-tail-grouped+appt-online-register-tail-grouped+appt-online-register-tail-grouped","256+256+256","8+8+8","16+16+16","4+4+4","2+2+2","1+1+1","10+5+5","ring+ring","2+2",8,0,3,20,1.422496,0.321331,0.321812,0.000480,10,9,3,8,2,natural,natural,"appt-ntt-log20-7x7x6-xor-fw8-v1",1.337056,3112.053827,324.582249,3263224953.764235,fused,shoup,-1
1,grouped,32,6-12-2,"Tesla V100-SXM2-16GB",7.0,0,"v100-sm70","hierarchical-dataflow-appt-online-register-tail-grouped","experimental",0.000000,"persistent CTA fold roles publish online-reordered packet groups without fold-wide barriers",hierarchical-dataflow,0,named-barrier,0,0,0,2,0,0,0,hermes-xor,inplace,radix4,64,20,1048576,1,576460756061519873,60,0,0,0,dataflow-radix4,"7+7+6","appt-online-register-tail-grouped+appt-online-register-tail-grouped+appt-online-register-tail-grouped","256+256+256","8+8+8","32+16+16","4+4+4","2+2+2","1+1+1","10+5+5","ring+ring","2+2",8,0,3,20,1.419424,0.387686,0.388099,0.000413,6,12,2,8,2,natural,natural,"appt-ntt-log20-7x7x6-xor-fw8-v1",1.334784,2579.404374,318.279307,2704701520.758311,fused,shoup,-1
1,grouped,32,7-11-2,"Tesla V100-SXM2-16GB",7.0,0,"v100-sm70","hierarchical-dataflow-appt-online-register-tail-grouped","experimental",0.000000,"persistent CTA fold roles publish online-reordered packet groups without fold-wide barriers",hierarchical-dataflow,0,named-barrier,0,0,0,2,0,0,0,hermes-xor,inplace,radix4,64,20,1048576,1,576460756061519873,60,0,0,0,dataflow-radix4,"7+7+6","appt-online-register-tail-grouped+appt-online-register-tail-grouped+appt-online-register-tail-grouped","256+256+256","8+8+8","32+16+16","4+4+4","2+2+2","1+1+1","10+5+5","ring+ring","2+2",8,0,3,20,1.416672,0.386048,0.386498,0.000450,7,11,2,8,2,natural,natural,"appt-ntt-log20-7x7x6-xor-fw8-v1",1.335296,2590.351332,318.672685,2716180238.147447,fused,shoup,-1
1,grouped,32,8-10-2,"Tesla V100-SXM2-16GB",7.0,0,"v100-sm70","hierarchical-dataflow-appt-online-register-tail-grouped","experimental",0.000000,"persistent CTA fold roles publish online-reordered packet groups without fold-wide barriers",hierarchical-dataflow,0,named-barrier,0,0,0,2,0,0,0,hermes-xor,inplace,radix4,64,20,1048576,1,576460756061519873,60,0,0,0,dataflow-radix4,"7+7+6","appt-online-register-tail-grouped+appt-online-register-tail-grouped+appt-online-register-tail-grouped","256+256+256","8+8+8","32+16+16","4+4+4","2+2+2","1+1+1","10+5+5","ring+ring","2+2",8,0,3,20,1.416960,0.351078,0.351496,0.000418,8,10,2,8,2,natural,natural,"appt-ntt-log20-7x7x6-xor-fw8-v1",1.335296,2848.366705,322.234043,2986728966.111714,fused,shoup,-1
1,grouped,32,9-11-2,"Tesla V100-SXM2-16GB",7.0,0,"v100-sm70","hierarchical-dataflow-appt-online-register-tail-grouped","experimental",0.000000,"persistent CTA fold roles publish online-reordered packet groups without fold-wide barriers",hierarchical-dataflow,0,named-barrier,0,0,0,2,0,0,0,hermes-xor,inplace,radix4,64,20,1048576,1,576460756061519873,60,0,0,0,dataflow-radix4,"7+7+6","appt-online-register-tail-grouped+appt-online-register-tail-grouped+appt-online-register-tail-grouped","256+256+256","8+8+8","32+16+16","4+4+4","2+2+2","1+1+1","10+5+5","ring+ring","2+2",8,0,3,20,1.415840,0.352358,0.352807,0.000448,9,11,2,8,2,natural,natural,"appt-ntt-log20-7x7x6-xor-fw8-v1",1.341120,2838.019464,321.613891,2975879097.971731,fused,shoup,-1
1,grouped,32,10-9-3,"Tesla V100-SXM2-16GB",7.0,0,"v100-sm70","hierarchical-dataflow-appt-online-register-tail-grouped","experimental",0.000000,"persistent CTA fold roles publish online-reordered packet groups without fold-wide barriers",hierarchical-dataflow,0,named-barrier,0,0,0,2,0,0,0,hermes-xor,inplace,radix4,64,20,1048576,1,576460756061519873,60,0,0,0,dataflow-radix4,"7+7+6","appt-online-register-tail-grouped+appt-online-register-tail-grouped+appt-online-register-tail-grouped","256+256+256","8+8+8","32+16+16","4+4+4","2+2+2","1+1+1","10+5+5","ring+ring","2+2",8,0,3,20,1.430464,0.316211,0.316699,0.000488,10,9,3,8,2,natural,natural,"appt-ntt-log20-7x7x6-xor-fw8-v1",1.334304,3162.443391,324.572136,3316062241.184616,fused,shoup,-1
2,v06,0,9-11,"Tesla V100-SXM2-16GB",7.0,0,"v100-sm70","hierarchical-dataflow-wave-10x10-resident-radix4","experimental",0.000000,"transform-wave readiness with the generated resident radix-4 core",hierarchical-dataflow,0,named-barrier,0,0,0,2,0,0,0,hermes-xor,inplace,radix4,64,20,1048576,1,576460756061519873,60,0,0,0,dataflow-radix4,"10+10","dataflow-radix4+dataflow-radix4","256+256","1+1","0+0","0+0","0+0","0+0","9+11","full-scratch","1",8,0,3,20,1.421728,0.228506,0.228972,0.000466,0,0,0,0,0,natural,natural,"",1.346048,4376.260144,333.746999,4588841357.047313,fused,shoup,-1
2,radix4-matched,1,10-9-3,"Tesla V100-SXM2-16GB",7.0,0,"v100-sm70","hierarchical-dataflow-appt-online-register-tail","experimental",0.000000,"persistent CTA fold roles publish online-reordered packet groups without fold-wide barriers",hierarchical-dataflow,0,named-barrier,0,0,0,2,0,0,0,hermes-xor,inplace,radix4,64,20,1048576,1,576460756061519873,60,0,0,0,dataflow-radix4,"7+7+6","appt-online-register-tail+appt-online-register-tail+appt-online-register-tail","256+256+256","8+8+8","16+16+16","4+4+4","2+2+2","1+1+1","10+5+5","ring+ring","2+2",8,0,3,20,1.419904,0.328653,0.329108,0.000455,10,9,3,8,2,natural,natural,"appt-ntt-log20-7x7x6-xor-fw8-v1",1.351392,3042.724732,322.585971,3190528128.095665,fused,shoup,-1
2,grouped,8,6-12-2,"Tesla V100-SXM2-16GB",7.0,0,"v100-sm70","hierarchical-dataflow-appt-online-register-tail-grouped","experimental",0.000000,"persistent CTA fold roles publish online-reordered packet groups without fold-wide barriers",hierarchical-dataflow,0,named-barrier,0,0,0,2,0,0,0,hermes-xor,inplace,radix4,64,20,1048576,1,576460756061519873,60,0,0,0,dataflow-radix4,"7+7+6","appt-online-register-tail-grouped+appt-online-register-tail-grouped+appt-online-register-tail-grouped","256+256+256","8+8+8","8+16+16","4+4+4","2+2+2","1+1+1","10+5+5","ring+ring","2+2",8,0,3,20,1.420192,0.423629,0.424079,0.000450,6,12,2,8,2,natural,natural,"appt-ntt-log20-7x7x6-xor-fw8-v1",1.342624,2360.557128,313.829385,2475223550.677950,fused,shoup,-1
2,grouped,8,7-11-2,"Tesla V100-SXM2-16GB",7.0,0,"v100-sm70","hierarchical-dataflow-appt-online-register-tail-grouped","experimental",0.000000,"persistent CTA fold roles publish online-reordered packet groups without fold-wide barriers",hierarchical-dataflow,0,named-barrier,0,0,0,2,0,0,0,hermes-xor,inplace,radix4,64,20,1048576,1,576460756061519873,60,0,0,0,dataflow-radix4,"7+7+6","appt-online-register-tail-grouped+appt-online-register-tail-grouped+appt-online-register-tail-grouped","256+256+256","8+8+8","8+16+16","4+4+4","2+2+2","1+1+1","10+5+5","ring+ring","2+2",8,0,3,20,1.421760,0.407757,0.408230,0.000473,7,11,2,8,2,natural,natural,"appt-ntt-log20-7x7x6-xor-fw8-v1",1.347360,2452.442207,314.774563,2571572040.153053,fused,shoup,-1
2,grouped,8,8-10-2,"Tesla V100-SXM2-16GB",7.0,0,"v100-sm70","hierarchical-dataflow-appt-online-register-tail-grouped","experimental",0.000000,"persistent CTA fold roles publish online-reordered packet groups without fold-wide barriers",hierarchical-dataflow,0,named-barrier,0,0,0,2,0,0,0,hermes-xor,inplace,radix4,64,20,1048576,1,576460756061519873,60,0,0,0,dataflow-radix4,"7+7+6","appt-online-register-tail-grouped+appt-online-register-tail-grouped+appt-online-register-tail-grouped","256+256+256","8+8+8","8+16+16","4+4+4","2+2+2","1+1+1","10+5+5","ring+ring","2+2",8,0,3,20,1.417600,0.363110,0.363587,0.000476,8,10,2,8,2,natural,natural,"appt-ntt-log20-7x7x6-xor-fw8-v1",1.344128,2753.983412,320.016544,2887760910.701387,fused,shoup,-1
2,grouped,8,9-11-2,"Tesla V100-SXM2-16GB",7.0,0,"v100-sm70","hierarchical-dataflow-appt-online-register-tail-grouped","experimental",0.000000,"persistent CTA fold roles publish online-reordered packet groups without fold-wide barriers",hierarchical-dataflow,0,named-barrier,0,0,0,2,0,0,0,hermes-xor,inplace,radix4,64,20,1048576,1,576460756061519873,60,0,0,0,dataflow-radix4,"7+7+6","appt-online-register-tail-grouped+appt-online-register-tail-grouped+appt-online-register-tail-grouped","256+256+256","8+8+8","8+16+16","4+4+4","2+2+2","1+1+1","10+5+5","ring+ring","2+2",8,0,3,20,1.416384,0.367053,0.367518,0.000465,9,11,2,8,2,natural,natural,"appt-ntt-log20-7x7x6-xor-fw8-v1",1.341120,2724.403731,320.045392,2856744366.371317,fused,shoup,-1
2,grouped,8,10-9-3,"Tesla V100-SXM2-16GB",7.0,0,"v100-sm70","hierarchical-dataflow-appt-online-register-tail-grouped","experimental",0.000000,"persistent CTA fold roles publish online-reordered packet groups without fold-wide barriers",hierarchical-dataflow,0,named-barrier,0,0,0,2,0,0,0,hermes-xor,inplace,radix4,64,20,1048576,1,576460756061519873,60,0,0,0,dataflow-radix4,"7+7+6","appt-online-register-tail-grouped+appt-online-register-tail-grouped+appt-online-register-tail-grouped","256+256+256","8+8+8","8+16+16","4+4+4","2+2+2","1+1+1","10+5+5","ring+ring","2+2",8,0,3,20,1.416544,0.332083,0.332534,0.000451,10,9,3,8,2,natural,natural,"appt-ntt-log20-7x7x6-xor-fw8-v1",1.340864,3011.293597,323.677903,3157570194.377513,fused,shoup,-1
2,grouped,16,6-12-2,"Tesla V100-SXM2-16GB",7.0,0,"v100-sm70","hierarchical-dataflow-appt-online-register-tail-grouped","experimental",0.000000,"persistent CTA fold roles publish online-reordered packet groups without fold-wide barriers",hierarchical-dataflow,0,named-barrier,0,0,0,2,0,0,0,hermes-xor,inplace,radix4,64,20,1048576,1,576460756061519873,60,0,0,0,dataflow-radix4,"7+7+6","appt-online-register-tail-grouped+appt-online-register-tail-grouped+appt-online-register-tail-grouped","256+256+256","8+8+8","16+16+16","4+4+4","2+2+2","1+1+1","10+5+5","ring+ring","2+2",8,0,3,20,1.427904,0.411392,0.411802,0.000410,6,12,2,8,2,natural,natural,"appt-ntt-log20-7x7x6-xor-fw8-v1",1.336928,2430.771429,314.839250,2548848581.481374,fused,shoup,-1
2,grouped,16,7-11-2,"Tesla V100-SXM2-16GB",7.0,0,"v100-sm70","hierarchical-dataflow-appt-online-register-tail-grouped","experimental",0.000000,"persistent CTA fold roles publish online-reordered packet groups without fold-wide barriers",hierarchical-dataflow,0,named-barrier,0,0,0,2,0,0,0,hermes-xor,inplace,radix4,64,20,1048576,1,576460756061519873,60,0,0,0,dataflow-radix4,"7+7+6","appt-online-register-tail-grouped+appt-online-register-tail-grouped+appt-online-register-tail-grouped","256+256+256","8+8+8","16+16+16","4+4+4","2+2+2","1+1+1","10+5+5","ring+ring","2+2",8,0,3,20,1.416128,0.401408,0.401882,0.000473,7,11,2,8,2,natural,natural,"appt-ntt-log20-7x7x6-xor-fw8-v1",1.332832,2491.230764,317.423231,2612244789.399791,fused,shoup,-1
2,grouped,16,8-10-2,"Tesla V100-SXM2-16GB",7.0,0,"v100-sm70","hierarchical-dataflow-appt-online-register-tail-grouped","experimental",0.000000,"persistent CTA fold roles publish online-reordered packet groups without fold-wide barriers",hierarchical-dataflow,0,named-barrier,0,0,0,2,0,0,0,hermes-xor,inplace,radix4,64,20,1048576,1,576460756061519873,60,0,0,0,dataflow-radix4,"7+7+6","appt-online-register-tail-grouped+appt-online-register-tail-grouped+appt-online-register-tail-grouped","256+256+256","8+8+8","16+16+16","4+4+4","2+2+2","1+1+1","10+5+5","ring+ring","2+2",8,0,3,20,1.421216,0.360243,0.360678,0.000435,8,10,2,8,2,natural,natural,"appt-ntt-log20-7x7x6-xor-fw8-v1",1.337248,2775.902492,320.645685,2910744731.183522,fused,shoup,-1
2,grouped,16,9-11-2,"Tesla V100-SXM2-16GB",7.0,0,"v100-sm70","hierarchical-dataflow-appt-online-register-tail-grouped","experimental",0.000000,"persistent CTA fold roles publish online-reordered packet groups without fold-wide barriers",hierarchical-dataflow,0,named-barrier,0,0,0,2,0,0,0,hermes-xor,inplace,radix4,64,20,1048576,1,576460756061519873,60,0,0,0,dataflow-radix4,"7+7+6","appt-online-register-tail-grouped+appt-online-register-tail-grouped+appt-online-register-tail-grouped","256+256+256","8+8+8","16+16+16","4+4+4","2+2+2","1+1+1","10+5+5","ring+ring","2+2",8,0,3,20,1.431584,0.363520,0.363993,0.000473,9,11,2,8,2,natural,natural,"appt-ntt-log20-7x7x6-xor-fw8-v1",1.335328,2750.880309,319.444730,2884507070.782402,fused,shoup,-1
2,grouped,16,10-9-3,"Tesla V100-SXM2-16GB",7.0,0,"v100-sm70","hierarchical-dataflow-appt-online-register-tail-grouped","experimental",0.000000,"persistent CTA fold roles publish online-reordered packet groups without fold-wide barriers",hierarchical-dataflow,0,named-barrier,0,0,0,2,0,0,0,hermes-xor,inplace,radix4,64,20,1048576,1,576460756061519873,60,0,0,0,dataflow-radix4,"7+7+6","appt-online-register-tail-grouped+appt-online-register-tail-grouped+appt-online-register-tail-grouped","256+256+256","8+8+8","16+16+16","4+4+4","2+2+2","1+1+1","10+5+5","ring+ring","2+2",8,0,3,20,1.419616,0.327322,0.327751,0.000429,10,9,3,8,2,natural,natural,"appt-ntt-log20-7x7x6-xor-fw8-v1",1.337632,3055.099430,324.194347,3203503940.041646,fused,shoup,-1
2,grouped,32,6-12-2,"Tesla V100-SXM2-16GB",7.0,0,"v100-sm70","hierarchical-dataflow-appt-online-register-tail-grouped","experimental",0.000000,"persistent CTA fold roles publish online-reordered packet groups without fold-wide barriers",hierarchical-dataflow,0,named-barrier,0,0,0,2,0,0,0,hermes-xor,inplace,radix4,64,20,1048576,1,576460756061519873,60,0,0,0,dataflow-radix4,"7+7+6","appt-online-register-tail-grouped+appt-online-register-tail-grouped+appt-online-register-tail-grouped","256+256+256","8+8+8","32+16+16","4+4+4","2+2+2","1+1+1","10+5+5","ring+ring","2+2",8,0,3,20,1.415744,0.400333,0.400798,0.000465,6,12,2,8,2,natural,natural,"appt-ntt-log20-7x7x6-xor-fw8-v1",1.333696,2497.921862,317.483223,2619260914.445602,fused,shoup,-1
2,grouped,32,7-11-2,"Tesla V100-SXM2-16GB",7.0,0,"v100-sm70","hierarchical-dataflow-appt-online-register-tail-grouped","experimental",0.000000,"persistent CTA fold roles publish online-reordered packet groups without fold-wide barriers",hierarchical-dataflow,0,named-barrier,0,0,0,2,0,0,0,hermes-xor,inplace,radix4,64,20,1048576,1,576460756061519873,60,0,0,0,dataflow-radix4,"7+7+6","appt-online-register-tail-grouped+appt-online-register-tail-grouped+appt-online-register-tail-grouped","256+256+256","8+8+8","32+16+16","4+4+4","2+2+2","1+1+1","10+5+5","ring+ring","2+2",8,0,3,20,1.414464,0.390861,0.391314,0.000453,7,11,2,8,2,natural,natural,"appt-ntt-log20-7x7x6-xor-fw8-v1",1.333600,2558.455620,318.580422,2682735159.930926,fused,shoup,-1
2,grouped,32,8-10-2,"Tesla V100-SXM2-16GB",7.0,0,"v100-sm70","hierarchical-dataflow-appt-online-register-tail-grouped","experimental",0.000000,"persistent CTA fold roles publish online-reordered packet groups without fold-wide barriers",hierarchical-dataflow,0,named-barrier,0,0,0,2,0,0,0,hermes-xor,inplace,radix4,64,20,1048576,1,576460756061519873,60,0,0,0,dataflow-radix4,"7+7+6","appt-online-register-tail-grouped+appt-online-register-tail-grouped+appt-online-register-tail-grouped","256+256+256","8+8+8","32+16+16","4+4+4","2+2+2","1+1+1","10+5+5","ring+ring","2+2",8,0,3,20,1.418432,0.349542,0.350097,0.000555,8,10,2,8,2,natural,natural,"appt-ntt-log20-7x7x6-xor-fw8-v1",1.337408,2860.883183,322.021538,2999853443.978645,fused,shoup,-1
2,grouped,32,9-11-2,"Tesla V100-SXM2-16GB",7.0,0,"v100-sm70","hierarchical-dataflow-appt-online-register-tail-grouped","experimental",0.000000,"persistent CTA fold roles publish online-reordered packet groups without fold-wide barriers",hierarchical-dataflow,0,named-barrier,0,0,0,2,0,0,0,hermes-xor,inplace,radix4,64,20,1048576,1,576460756061519873,60,0,0,0,dataflow-radix4,"7+7+6","appt-online-register-tail-grouped+appt-online-register-tail-grouped+appt-online-register-tail-grouped","256+256+256","8+8+8","32+16+16","4+4+4","2+2+2","1+1+1","10+5+5","ring+ring","2+2",8,0,3,20,1.418464,0.353638,0.354078,0.000439,9,11,2,8,2,natural,natural,"appt-ntt-log20-7x7x6-xor-fw8-v1",1.334016,2827.747128,321.945237,2965107772.979511,fused,shoup,-1
2,grouped,32,10-9-3,"Tesla V100-SXM2-16GB",7.0,0,"v100-sm70","hierarchical-dataflow-appt-online-register-tail-grouped","experimental",0.000000,"persistent CTA fold roles publish online-reordered packet groups without fold-wide barriers",hierarchical-dataflow,0,named-barrier,0,0,0,2,0,0,0,hermes-xor,inplace,radix4,64,20,1048576,1,576460756061519873,60,0,0,0,dataflow-radix4,"7+7+6","appt-online-register-tail-grouped+appt-online-register-tail-grouped+appt-online-register-tail-grouped","256+256+256","8+8+8","32+16+16","4+4+4","2+2+2","1+1+1","10+5+5","ring+ring","2+2",8,0,3,20,1.424256,0.315546,0.315983,0.000438,10,9,3,8,2,natural,natural,"appt-ntt-log20-7x7x6-xor-fw8-v1",1.335744,3169.113882,325.145560,3323056757.597549,fused,shoup,-1
1,v06,0,9-11,"Tesla V100-SXM2-16GB",7.0,0,"v100-sm70","hierarchical-dataflow-wave-10x10-resident-radix4","experimental",0.000000,"transform-wave readiness with the generated resident radix-4 core",hierarchical-dataflow,0,named-barrier,0,0,0,2,0,0,0,hermes-xor,inplace,radix4,64,20,1048576,4,576460756061519873,60,0,0,0,dataflow-radix4,"10+10","dataflow-radix4+dataflow-radix4","256+256","1+1","0+0","0+0","0+0","0+0","9+11","full-scratch","1",8,0,3,20,5.478880,0.608973,0.609442,0.000470,0,0,0,0,0,natural,natural,"",5.101824,6568.437999,357.472353,6887506443.037534,fused,shoup,-1
1,radix4-matched,1,9-11-2,"Tesla V100-SXM2-16GB",7.0,0,"v100-sm70","hierarchical-dataflow-appt-online-register-tail","experimental",0.000000,"persistent CTA fold roles publish online-reordered packet groups without fold-wide barriers",hierarchical-dataflow,0,named-barrier,0,0,0,2,0,0,0,hermes-xor,inplace,radix4,64,20,1048576,4,576460756061519873,60,0,0,0,dataflow-radix4,"7+7+6","appt-online-register-tail+appt-online-register-tail+appt-online-register-tail","256+256+256","8+8+8","16+16+16","4+4+4","2+2+2","1+1+1","10+5+5","ring+ring","2+2",8,0,3,20,5.478880,1.039616,1.040104,0.000488,9,11,2,16,2,natural,natural,"appt-ntt-log20-7x7x6-xor-fw16-v1",5.110080,3847.574531,343.980218,4034474311.152330,fused,shoup,-1
1,grouped,8,6-12-2,"Tesla V100-SXM2-16GB",7.0,0,"v100-sm70","hierarchical-dataflow-appt-online-register-tail-grouped","experimental",0.000000,"persistent CTA fold roles publish online-reordered packet groups without fold-wide barriers",hierarchical-dataflow,0,named-barrier,0,0,0,2,0,0,0,hermes-xor,inplace,radix4,64,20,1048576,4,576460756061519873,60,0,0,0,dataflow-radix4,"7+7+6","appt-online-register-tail-grouped+appt-online-register-tail-grouped+appt-online-register-tail-grouped","256+256+256","8+8+8","8+16+16","4+4+4","2+2+2","1+1+1","10+5+5","ring+ring","2+2",8,0,3,20,5.498400,1.245440,1.246002,0.000562,6,12,2,16,2,natural,natural,"appt-ntt-log20-7x7x6-xor-fw16-v1",5.119872,3211.716325,337.162593,3367728657.286695,fused,shoup,-1
1,grouped,8,7-11-2,"Tesla V100-SXM2-16GB",7.0,0,"v100-sm70","hierarchical-dataflow-appt-online-register-tail-grouped","experimental",0.000000,"persistent CTA fold roles publish online-reordered packet groups without fold-wide barriers",hierarchical-dataflow,0,named-barrier,0,0,0,2,0,0,0,hermes-xor,inplace,radix4,64,20,1048576,4,576460756061519873,60,0,0,0,dataflow-radix4,"7+7+6","appt-online-register-tail-grouped+appt-online-register-tail-grouped+appt-online-register-tail-grouped","256+256+256","8+8+8","8+16+16","4+4+4","2+2+2","1+1+1","10+5+5","ring+ring","2+2",8,0,3,20,5.475392,1.226803,1.227319,0.000516,7,11,2,16,2,natural,natural,"appt-ntt-log20-7x7x6-xor-fw16-v1",5.102432,3260.506700,338.850186,3418889073.831540,fused,shoup,-1
1,grouped,8,8-10-2,"Tesla V100-SXM2-16GB",7.0,0,"v100-sm70","hierarchical-dataflow-appt-online-register-tail-grouped","experimental",0.000000,"persistent CTA fold roles publish online-reordered packet groups without fold-wide barriers",hierarchical-dataflow,0,named-barrier,0,0,0,2,0,0,0,hermes-xor,inplace,radix4,64,20,1048576,4,576460756061519873,60,0,0,0,dataflow-radix4,"7+7+6","appt-online-register-tail-grouped+appt-online-register-tail-grouped+appt-online-register-tail-grouped","256+256+256","8+8+8","8+16+16","4+4+4","2+2+2","1+1+1","10+5+5","ring+ring","2+2",8,0,3,20,5.491584,1.062605,1.063048,0.000444,8,10,2,16,2,natural,natural,"appt-ntt-log20-7x7x6-xor-fw16-v1",5.103008,3764.334639,343.135679,3947190958.806118,fused,shoup,-1
1,grouped,8,9-11-2,"Tesla V100-SXM2-16GB",7.0,0,"v100-sm70","hierarchical-dataflow-appt-online-register-tail-grouped","experimental",0.000000,"persistent CTA fold roles publish online-reordered packet groups without fold-wide barriers",hierarchical-dataflow,0,named-barrier,0,0,0,2,0,0,0,hermes-xor,inplace,radix4,64,20,1048576,4,576460756061519873,60,0,0,0,dataflow-radix4,"7+7+6","appt-online-register-tail-grouped+appt-online-register-tail-grouped+appt-online-register-tail-grouped","256+256+256","8+8+8","8+16+16","4+4+4","2+2+2","1+1+1","10+5+5","ring+ring","2+2",8,0,3,20,5.502432,1.072230,1.072714,0.000483,9,11,2,16,2,natural,natural,"appt-ntt-log20-7x7x6-xor-fw16-v1",5.099584,3730.541293,342.634535,3911756066.702384,fused,shoup,-1
1,grouped,8,10-9-3,"Tesla V100-SXM2-16GB",7.0,0,"v100-sm70","hierarchical-dataflow-appt-online-register-tail-grouped","experimental",0.000000,"persistent CTA fold roles publish online-reordered packet groups without fold-wide barriers",hierarchical-dataflow,0,named-barrier,0,0,0,2,0,0,0,hermes-xor,inplace,radix4,64,20,1048576,4,576460756061519873,60,0,0,0,dataflow-radix4,"7+7+6","appt-online-register-tail-grouped+appt-online-register-tail-grouped+appt-online-register-tail-grouped","256+256+256","8+8+8","8+16+16","4+4+4","2+2+2","1+1+1","10+5+5","ring+ring","2+2",8,0,3,20,5.492416,1.152154,1.152611,0.000457,10,9,3,16,2,natural,natural,"appt-ntt-log20-7x7x6-xor-fw16-v1",5.098848,3471.759287,340.616353,3640403466.420416,fused,shoup,-1
1,grouped,16,6-12-2,"Tesla V100-SXM2-16GB",7.0,0,"v100-sm70","hierarchical-dataflow-appt-online-register-tail-grouped","experimental",0.000000,"persistent CTA fold roles publish online-reordered packet groups without fold-wide barriers",hierarchical-dataflow,0,named-barrier,0,0,0,2,0,0,0,hermes-xor,inplace,radix4,64,20,1048576,4,576460756061519873,60,0,0,0,dataflow-radix4,"7+7+6","appt-online-register-tail-grouped+appt-online-register-tail-grouped+appt-online-register-tail-grouped","256+256+256","8+8+8","16+16+16","4+4+4","2+2+2","1+1+1","10+5+5","ring+ring","2+2",8,0,3,20,5.505504,1.155021,1.155483,0.000462,6,12,2,16,2,natural,natural,"appt-ntt-log20-7x7x6-xor-fw16-v1",5.100704,3463.140998,340.100507,3631366534.792126,fused,shoup,-1
1,grouped,16,7-11-2,"Tesla V100-SXM2-16GB",7.0,0,"v100-sm70","hierarchical-dataflow-appt-online-register-tail-grouped","experimental",0.000000,"persistent CTA fold roles publish online-reordered packet groups without fold-wide barriers",hierarchical-dataflow,0,named-barrier,0,0,0,2,0,0,0,hermes-xor,inplace,radix4,64,20,1048576,4,576460756061519873,60,0,0,0,dataflow-radix4,"7+7+6","appt-online-register-tail-grouped+appt-online-register-tail-grouped+appt-online-register-tail-grouped","256+256+256","8+8+8","16+16+16","4+4+4","2+2+2","1+1+1","10+5+5","ring+ring","2+2",8,0,3,20,5.503904,1.146317,1.146725,0.000408,7,11,2,16,2,natural,natural,"appt-ntt-log20-7x7x6-xor-fw16-v1",5.101344,3489.436878,340.380204,3658939764.034159,fused,shoup,-1
1,grouped,16,8-10-2,"Tesla V100-SXM2-16GB",7.0,0,"v100-sm70","hierarchical-dataflow-appt-online-register-tail-grouped","experimental",0.000000,"persistent CTA fold roles publish online-reordered packet groups without fold-wide barriers",hierarchical-dataflow,0,named-barrier,0,0,0,2,0,0,0,hermes-xor,inplace,radix4,64,20,1048576,4,576460756061519873,60,0,0,0,dataflow-radix4,"7+7+6","appt-online-register-tail-grouped+appt-online-register-tail-grouped+appt-online-register-tail-grouped","256+256+256","8+8+8","16+16+16","4+4+4","2+2+2","1+1+1","10+5+5","ring+ring","2+2",8,0,3,20,5.515872,1.009664,1.010191,0.000527,8,10,2,16,2,natural,natural,"appt-ntt-log20-7x7x6-xor-fw16-v1",5.127104,3961.714233,343.269859,4154158464.029848,fused,shoup,-1
1,grouped,16,9-11-2,"Tesla V100-SXM2-16GB",7.0,0,"v100-sm70","hierarchical-dataflow-appt-online-register-tail-grouped","experimental",0.000000,"persistent CTA fold roles publish online-reordered packet groups without fold-wide barriers",hierarchical-dataflow,0,named-barrier,0,0,0,2,0,0,0,hermes-xor,inplace,radix4,64,20,1048576,4,576460756061519873,60,0,0,0,dataflow-radix4,"7+7+6","appt-online-register-tail-grouped+appt-online-register-tail-grouped+appt-online-register-tail-grouped","256+256+256","8+8+8","16+16+16","4+4+4","2+2+2","1+1+1","10+5+5","ring+ring","2+2",8,0,3,20,5.511072,1.016474,1.016929,0.000456,9,11,2,16,2,natural,natural,"appt-ntt-log20-7x7x6-xor-fw16-v1",5.109120,3935.173790,343.741080,4126328791.749494,fused,shoup,-1
1,grouped,16,10-9-3,"Tesla V100-SXM2-16GB",7.0,0,"v100-sm70","hierarchical-dataflow-appt-online-register-tail-grouped","experimental",0.000000,"persistent CTA fold roles publish online-reordered packet groups without fold-wide barriers",hierarchical-dataflow,0,named-barrier,0,0,0,2,0,0,0,hermes-xor,inplace,radix4,64,20,1048576,4,576460756061519873,60,0,0,0,dataflow-radix4,"7+7+6","appt-online-register-tail-grouped+appt-online-register-tail-grouped+appt-online-register-tail-grouped","256+256+256","8+8+8","16+16+16","4+4+4","2+2+2","1+1+1","10+5+5","ring+ring","2+2",8,0,3,20,5.514240,1.045811,1.046332,0.000521,10,9,3,16,2,natural,natural,"appt-ntt-log20-7x7x6-xor-fw16-v1",5.111968,3824.782227,342.699922,4010574848.548599,fused,shoup,-1
1,grouped,32,6-12-2,"Tesla V100-SXM2-16GB",7.0,0,"v100-sm70","hierarchical-dataflow-appt-online-register-tail-grouped","experimental",0.000000,"persistent CTA fold roles publish online-reordered packet groups without fold-wide barriers",hierarchical-dataflow,0,named-barrier,0,0,0,2,0,0,0,hermes-xor,inplace,radix4,64,20,1048576,4,576460756061519873,60,0,0,0,dataflow-radix4,"7+7+6","appt-online-register-tail-grouped+appt-online-register-tail-grouped+appt-online-register-tail-grouped","256+256+256","8+8+8","32+16+16","4+4+4","2+2+2","1+1+1","10+5+5","ring+ring","2+2",8,0,3,20,5.511072,1.113344,1.113883,0.000539,6,12,2,16,2,natural,natural,"appt-ntt-log20-7x7x6-xor-fw16-v1",5.121376,3592.780098,340.547487,3767302983.597886,fused,shoup,-1
1,grouped,32,7-11-2,"Tesla V100-SXM2-16GB",7.0,0,"v100-sm70","hierarchical-dataflow-appt-online-register-tail-grouped","experimental",0.000000,"persistent CTA fold roles publish online-reordered packet groups without fold-wide barriers",hierarchical-dataflow,0,named-barrier,0,0,0,2,0,0,0,hermes-xor,inplace,radix4,64,20,1048576,4,576460756061519873,60,0,0,0,dataflow-radix4,"7+7+6","appt-online-register-tail-grouped+appt-online-register-tail-grouped+appt-online-register-tail-grouped","256+256+256","8+8+8","32+16+16","4+4+4","2+2+2","1+1+1","10+5+5","ring+ring","2+2",8,0,3,20,5.488864,1.101414,1.101887,0.000472,7,11,2,16,2,natural,natural,"appt-ntt-log20-7x7x6-xor-fw16-v1",5.115072,3631.693800,341.724079,3808106957.582873,fused,shoup,-1
1,grouped,32,8-10-2,"Tesla V100-SXM2-16GB",7.0,0,"v100-sm70","hierarchical-dataflow-appt-online-register-tail-grouped","experimental",0.000000,"persistent CTA fold roles publish online-reordered packet groups without fold-wide barriers",hierarchical-dataflow,0,named-barrier,0,0,0,2,0,0,0,hermes-xor,inplace,radix4,64,20,1048576,4,576460756061519873,60,0,0,0,dataflow-radix4,"7+7+6","appt-online-register-tail-grouped+appt-online-register-tail-grouped+appt-online-register-tail-grouped","256+256+256","8+8+8","32+16+16","4+4+4","2+2+2","1+1+1","10+5+5","ring+ring","2+2",8,0,3,20,5.502528,0.971213,0.971787,0.000575,8,10,2,16,2,natural,natural,"appt-ntt-log20-7x7x6-xor-fw16-v1",5.120736,4118.562099,344.991842,4318625371.045951,fused,shoup,-1
1,grouped,32,9-11-2,"Tesla V100-SXM2-16GB",7.0,0,"v100-sm70","hierarchical-dataflow-appt-online-register-tail-grouped","experimental",0.000000,"persistent CTA fold roles publish online-reordered packet groups without fold-wide barriers",hierarchical-dataflow,0,named-barrier,0,0,0,2,0,0,0,hermes-xor,inplace,radix4,64,20,1048576,4,576460756061519873,60,0,0,0,dataflow-radix4,"7+7+6","appt-online-register-tail-grouped+appt-online-register-tail-grouped+appt-online-register-tail-grouped","256+256+256","8+8+8","32+16+16","4+4+4","2+2+2","1+1+1","10+5+5","ring+ring","2+2",8,0,3,20,5.496992,0.986163,0.986568,0.000404,9,11,2,16,2,natural,natural,"appt-ntt-log20-7x7x6-xor-fw16-v1",5.098208,4056.123533,345.382481,4253153789.319044,fused,shoup,-1
1,grouped,32,10-9-3,"Tesla V100-SXM2-16GB",7.0,0,"v100-sm70","hierarchical-dataflow-appt-online-register-tail-grouped","experimental",0.000000,"persistent CTA fold roles publish online-reordered packet groups without fold-wide barriers",hierarchical-dataflow,0,named-barrier,0,0,0,2,0,0,0,hermes-xor,inplace,radix4,64,20,1048576,4,576460756061519873,60,0,0,0,dataflow-radix4,"7+7+6","appt-online-register-tail-grouped+appt-online-register-tail-grouped+appt-online-register-tail-grouped","256+256+256","8+8+8","32+16+16","4+4+4","2+2+2","1+1+1","10+5+5","ring+ring","2+2",8,0,3,20,5.498784,0.990874,0.991269,0.000396,10,9,3,16,2,natural,natural,"appt-ntt-log20-7x7x6-xor-fw16-v1",5.098848,4036.841691,345.169615,4232935313.474335,fused,shoup,-1
2,v06,0,9-11,"Tesla V100-SXM2-16GB",7.0,0,"v100-sm70","hierarchical-dataflow-wave-10x10-resident-radix4","experimental",0.000000,"transform-wave readiness with the generated resident radix-4 core",hierarchical-dataflow,0,named-barrier,0,0,0,2,0,0,0,hermes-xor,inplace,radix4,64,20,1048576,4,576460756061519873,60,0,0,0,dataflow-radix4,"10+10","dataflow-radix4+dataflow-radix4","256+256","1+1","0+0","0+0","0+0","0+0","9+11","full-scratch","1",8,0,3,20,5.478240,0.608922,0.609398,0.000476,0,0,0,0,0,natural,natural,"",5.120000,6568.989654,356.914637,6888084895.929428,fused,shoup,-1
2,radix4-matched,1,9-11-2,"Tesla V100-SXM2-16GB",7.0,0,"v100-sm70","hierarchical-dataflow-appt-online-register-tail","experimental",0.000000,"persistent CTA fold roles publish online-reordered packet groups without fold-wide barriers",hierarchical-dataflow,0,named-barrier,0,0,0,2,0,0,0,hermes-xor,inplace,radix4,64,20,1048576,4,576460756061519873,60,0,0,0,dataflow-radix4,"7+7+6","appt-online-register-tail+appt-online-register-tail+appt-online-register-tail","256+256+256","8+8+8","16+16+16","4+4+4","2+2+2","1+1+1","10+5+5","ring+ring","2+2",8,0,3,20,5.473568,1.036390,1.036808,0.000417,9,11,2,16,2,natural,natural,"appt-ntt-log20-7x7x6-xor-fw16-v1",5.096896,3859.549363,344.623944,4047030832.959258,fused,shoup,-1
2,grouped,8,6-12-2,"Tesla V100-SXM2-16GB",7.0,0,"v100-sm70","hierarchical-dataflow-appt-online-register-tail-grouped","experimental",0.000000,"persistent CTA fold roles publish online-reordered packet groups without fold-wide barriers",hierarchical-dataflow,0,named-barrier,0,0,0,2,0,0,0,hermes-xor,inplace,radix4,64,20,1048576,4,576460756061519873,60,0,0,0,dataflow-radix4,"7+7+6","appt-online-register-tail-grouped+appt-online-register-tail-grouped+appt-online-register-tail-grouped","256+256+256","8+8+8","8+16+16","4+4+4","2+2+2","1+1+1","10+5+5","ring+ring","2+2",8,0,3,20,5.504320,1.250150,1.250611,0.000460,6,12,2,16,2,natural,natural,"appt-ntt-log20-7x7x6-xor-fw16-v1",5.103040,3199.614915,337.338929,3355039408.597788,fused,shoup,-1
2,grouped,8,7-11-2,"Tesla V100-SXM2-16GB",7.0,0,"v100-sm70","hierarchical-dataflow-appt-online-register-tail-grouped","experimental",0.000000,"persistent CTA fold roles publish online-reordered packet groups without fold-wide barriers",hierarchical-dataflow,0,named-barrier,0,0,0,2,0,0,0,hermes-xor,inplace,radix4,64,20,1048576,4,576460756061519873,60,0,0,0,dataflow-radix4,"7+7+6","appt-online-register-tail-grouped+appt-online-register-tail-grouped+appt-online-register-tail-grouped","256+256+256","8+8+8","8+16+16","4+4+4","2+2+2","1+1+1","10+5+5","ring+ring","2+2",8,0,3,20,5.487840,1.223219,1.223701,0.000482,7,11,2,16,2,natural,natural,"appt-ntt-log20-7x7x6-xor-fw16-v1",5.100736,3270.059972,338.644536,3428906405.297051,fused,shoup,-1
2,grouped,8,8-10-2,"Tesla V100-SXM2-16GB",7.0,0,"v100-sm70","hierarchical-dataflow-appt-online-register-tail-grouped","experimental",0.000000,"persistent CTA fold roles publish online-reordered packet groups without fold-wide barriers",hierarchical-dataflow,0,named-barrier,0,0,0,2,0,0,0,hermes-xor,inplace,radix4,64,20,1048576,4,576460756061519873,60,0,0,0,dataflow-radix4,"7+7+6","appt-online-register-tail-grouped+appt-online-register-tail-grouped+appt-online-register-tail-grouped","256+256+256","8+8+8","8+16+16","4+4+4","2+2+2","1+1+1","10+5+5","ring+ring","2+2",8,0,3,20,5.501824,1.068698,1.069136,0.000438,8,10,2,16,2,natural,natural,"appt-ntt-log20-7x7x6-xor-fw16-v1",5.097088,3742.873250,342.829439,3924687061.144113,fused,shoup,-1
2,grouped,8,9-11-2,"Tesla V100-SXM2-16GB",7.0,0,"v100-sm70","hierarchical-dataflow-appt-online-register-tail-grouped","experimental",0.000000,"persistent CTA fold roles publish online-reordered packet groups without fold-wide barriers",hierarchical-dataflow,0,named-barrier,0,0,0,2,0,0,0,hermes-xor,inplace,radix4,64,20,1048576,4,576460756061519873,60,0,0,0,dataflow-radix4,"7+7+6","appt-online-register-tail-grouped+appt-online-register-tail-grouped+appt-online-register-tail-grouped","256+256+256","8+8+8","8+16+16","4+4+4","2+2+2","1+1+1","10+5+5","ring+ring","2+2",8,0,3,20,5.490144,1.071514,1.071973,0.000459,9,11,2,16,2,natural,natural,"appt-ntt-log20-7x7x6-xor-fw16-v1",5.104992,3733.037311,342.857656,3914373331.280935,fused,shoup,-1
2,grouped,8,10-9-3,"Tesla V100-SXM2-16GB",7.0,0,"v100-sm70","hierarchical-dataflow-appt-online-register-tail-grouped","experimental",0.000000,"persistent CTA fold roles publish online-reordered packet groups without fold-wide barriers",hierarchical-dataflow,0,named-barrier,0,0,0,2,0,0,0,hermes-xor,inplace,radix4,64,20,1048576,4,576460756061519873,60,0,0,0,dataflow-radix4,"7+7+6","appt-online-register-tail-grouped+appt-online-register-tail-grouped+appt-online-register-tail-grouped","256+256+256","8+8+8","8+16+16","4+4+4","2+2+2","1+1+1","10+5+5","ring+ring","2+2",8,0,3,20,5.495936,1.156659,1.157115,0.000456,10,9,3,16,2,natural,natural,"appt-ntt-log20-7x7x6-xor-fw16-v1",5.100288,3458.235445,340.342023,3626222689.483128,fused,shoup,-1
2,grouped,16,6-12-2,"Tesla V100-SXM2-16GB",7.0,0,"v100-sm70","hierarchical-dataflow-appt-online-register-tail-grouped","experimental",0.000000,"persistent CTA fold roles publish online-reordered packet groups without fold-wide barriers",hierarchical-dataflow,0,named-barrier,0,0,0,2,0,0,0,hermes-xor,inplace,radix4,64,20,1048576,4,576460756061519873,60,0,0,0,dataflow-radix4,"7+7+6","appt-online-register-tail-grouped+appt-online-register-tail-grouped+appt-online-register-tail-grouped","256+256+256","8+8+8","16+16+16","4+4+4","2+2+2","1+1+1","10+5+5","ring+ring","2+2",8,0,3,20,5.505920,1.154150,1.154623,0.000472,6,12,2,16,2,natural,natural,"appt-ntt-log20-7x7x6-xor-fw16-v1",5.102240,3465.752917,340.069244,3634105330.391568,fused,shoup,-1
2,grouped,16,7-11-2,"Tesla V100-SXM2-16GB",7.0,0,"v100-sm70","hierarchical-dataflow-appt-online-register-tail-grouped","experimental",0.000000,"persistent CTA fold roles publish online-reordered packet groups without fold-wide barriers",hierarchical-dataflow,0,named-barrier,0,0,0,2,0,0,0,hermes-xor,inplace,radix4,64,20,1048576,4,576460756061519873,60,0,0,0,dataflow-radix4,"7+7+6","appt-online-register-tail-grouped+appt-online-register-tail-grouped+appt-online-register-tail-grouped","256+256+256","8+8+8","16+16+16","4+4+4","2+2+2","1+1+1","10+5+5","ring+ring","2+2",8,0,3,20,5.502976,1.150362,1.150860,0.000499,7,11,2,16,2,natural,natural,"appt-ntt-log20-7x7x6-xor-fw16-v1",5.102144,3477.167354,340.266798,3646074235.834798,fused,shoup,-1
2,grouped,16,8-10-2,"Tesla V100-SXM2-16GB",7.0,0,"v100-sm70","hierarchical-dataflow-appt-online-register-tail-grouped","experimental",0.000000,"persistent CTA fold roles publish online-reordered packet groups without fold-wide barriers",hierarchical-dataflow,0,named-barrier,0,0,0,2,0,0,0,hermes-xor,inplace,radix4,64,20,1048576,4,576460756061519873,60,0,0,0,dataflow-radix4,"7+7+6","appt-online-register-tail-grouped+appt-online-register-tail-grouped+appt-online-register-tail-grouped","256+256+256","8+8+8","16+16+16","4+4+4","2+2+2","1+1+1","10+5+5","ring+ring","2+2",8,0,3,20,5.470816,1.005414,1.005941,0.000526,8,10,2,16,2,natural,natural,"appt-ntt-log20-7x7x6-xor-fw16-v1",5.100448,3978.459163,345.522246,4171716795.408884,fused,shoup,-1
2,grouped,16,9-11-2,"Tesla V100-SXM2-16GB",7.0,0,"v100-sm70","hierarchical-dataflow-appt-online-register-tail-grouped","experimental",0.000000,"persistent CTA fold roles publish online-reordered packet groups without fold-wide barriers",hierarchical-dataflow,0,named-barrier,0,0,0,2,0,0,0,hermes-xor,inplace,radix4,64,20,1048576,4,576460756061519873,60,0,0,0,dataflow-radix4,"7+7+6","appt-online-register-tail-grouped+appt-online-register-tail-grouped+appt-online-register-tail-grouped","256+256+256","8+8+8","16+16+16","4+4+4","2+2+2","1+1+1","10+5+5","ring+ring","2+2",8,0,3,20,5.470752,1.015859,1.016338,0.000479,9,11,2,16,2,natural,natural,"appt-ntt-log20-7x7x6-xor-fw16-v1",5.097824,3937.553371,345.290898,4128823964.015398,fused,shoup,-1
2,grouped,16,10-9-3,"Tesla V100-SXM2-16GB",7.0,0,"v100-sm70","hierarchical-dataflow-appt-online-register-tail-grouped","experimental",0.000000,"persistent CTA fold roles publish online-reordered packet groups without fold-wide barriers",hierarchical-dataflow,0,named-barrier,0,0,0,2,0,0,0,hermes-xor,inplace,radix4,64,20,1048576,4,576460756061519873,60,0,0,0,dataflow-radix4,"7+7+6","appt-online-register-tail-grouped+appt-online-register-tail-grouped+appt-online-register-tail-grouped","256+256+256","8+8+8","16+16+16","4+4+4","2+2+2","1+1+1","10+5+5","ring+ring","2+2",8,0,3,20,5.469920,1.057126,1.057583,0.000456,10,9,3,16,2,natural,natural,"appt-ntt-log20-7x7x6-xor-fw16-v1",5.099968,3783.842679,344.026405,3967646620.756694,fused,shoup,-1
2,grouped,32,6-12-2,"Tesla V100-SXM2-16GB",7.0,0,"v100-sm70","hierarchical-dataflow-appt-online-register-tail-grouped","experimental",0.000000,"persistent CTA fold roles publish online-reordered packet groups without fold-wide barriers",hierarchical-dataflow,0,named-barrier,0,0,0,2,0,0,0,hermes-xor,inplace,radix4,64,20,1048576,4,576460756061519873,60,0,0,0,dataflow-radix4,"7+7+6","appt-online-register-tail-grouped+appt-online-register-tail-grouped+appt-online-register-tail-grouped","256+256+256","8+8+8","32+16+16","4+4+4","2+2+2","1+1+1","10+5+5","ring+ring","2+2",8,0,3,20,5.470368,1.110477,1.110967,0.000490,6,12,2,16,2,natural,natural,"appt-ntt-log20-7x7x6-xor-fw16-v1",5.102848,3602.056562,342.357515,3777030061.212059,fused,shoup,-1
2,grouped,32,7-11-2,"Tesla V100-SXM2-16GB",7.0,0,"v100-sm70","hierarchical-dataflow-appt-online-register-tail-grouped","experimental",0.000000,"persistent CTA fold roles publish online-reordered packet groups without fold-wide barriers",hierarchical-dataflow,0,named-barrier,0,0,0,2,0,0,0,hermes-xor,inplace,radix4,64,20,1048576,4,576460756061519873,60,0,0,0,dataflow-radix4,"7+7+6","appt-online-register-tail-grouped+appt-online-register-tail-grouped+appt-online-register-tail-grouped","256+256+256","8+8+8","32+16+16","4+4+4","2+2+2","1+1+1","10+5+5","ring+ring","2+2",8,0,3,20,5.463488,1.106637,1.107145,0.000508,7,11,2,16,2,natural,natural,"appt-ntt-log20-7x7x6-xor-fw16-v1",5.153760,3614.555503,341.183836,3790136150.974745,fused,shoup,-1
2,grouped,32,8-10-2,"Tesla V100-SXM2-16GB",7.0,0,"v100-sm70","hierarchical-dataflow-appt-online-register-tail-grouped","experimental",0.000000,"persistent CTA fold roles publish online-reordered packet groups without fold-wide barriers",hierarchical-dataflow,0,named-barrier,0,0,0,2,0,0,0,hermes-xor,inplace,radix4,64,20,1048576,4,576460756061519873,60,0,0,0,dataflow-radix4,"7+7+6","appt-online-register-tail-grouped+appt-online-register-tail-grouped+appt-online-register-tail-grouped","256+256+256","8+8+8","32+16+16","4+4+4","2+2+2","1+1+1","10+5+5","ring+ring","2+2",8,0,3,20,5.479680,0.970445,0.970907,0.000462,8,10,2,16,2,natural,natural,"appt-ntt-log20-7x7x6-xor-fw16-v1",5.117952,4121.821258,345.779173,4322042847.377511,fused,shoup,-1
2,grouped,32,9-11-2,"Tesla V100-SXM2-16GB",7.0,0,"v100-sm70","hierarchical-dataflow-appt-online-register-tail-grouped","experimental",0.000000,"persistent CTA fold roles publish online-reordered packet groups without fold-wide barriers",hierarchical-dataflow,0,named-barrier,0,0,0,2,0,0,0,hermes-xor,inplace,radix4,64,20,1048576,4,576460756061519873,60,0,0,0,dataflow-radix4,"7+7+6","appt-online-register-tail-grouped+appt-online-register-tail-grouped+appt-online-register-tail-grouped","256+256+256","8+8+8","32+16+16","4+4+4","2+2+2","1+1+1","10+5+5","ring+ring","2+2",8,0,3,20,5.471200,0.985805,0.986268,0.000463,9,11,2,16,2,natural,natural,"appt-ntt-log20-7x7x6-xor-fw16-v1",5.118176,4057.598191,345.566956,4254700081.078605,fused,shoup,-1
2,grouped,32,10-9-3,"Tesla V100-SXM2-16GB",7.0,0,"v100-sm70","hierarchical-dataflow-appt-online-register-tail-grouped","experimental",0.000000,"persistent CTA fold roles publish online-reordered packet groups without fold-wide barriers",hierarchical-dataflow,0,named-barrier,0,0,0,2,0,0,0,hermes-xor,inplace,radix4,64,20,1048576,4,576460756061519873,60,0,0,0,dataflow-radix4,"7+7+6","appt-online-register-tail-grouped+appt-online-register-tail-grouped+appt-online-register-tail-grouped","256+256+256","8+8+8","32+16+16","4+4+4","2+2+2","1+1+1","10+5+5","ring+ring","2+2",8,0,3,20,5.469632,0.986419,0.986868,0.000449,10,9,3,16,2,natural,natural,"appt-ntt-log20-7x7x6-xor-fw16-v1",5.120960,4055.071106,345.512309,4252050240.085543,fused,shoup,-1
1,v06,0,9-11,"Tesla V100-SXM2-16GB",7.0,0,"v100-sm70","hierarchical-dataflow-wave-10x10-resident-radix4","experimental",0.000000,"transform-wave readiness with the generated resident radix-4 core",hierarchical-dataflow,0,named-barrier,0,0,0,2,0,0,0,hermes-xor,inplace,radix4,64,20,1048576,16,576460756061519873,60,0,0,0,dataflow-radix4,"10+10","dataflow-radix4+dataflow-radix4","256+256","1+1","0+0","0+0","0+0","0+0","9+11","full-scratch","1",8,0,3,20,21.622017,2.045338,2.045789,0.000452,0,0,0,0,0,natural,natural,"",20.173664,7822.669176,364.955023,8202663153.691066,fused,shoup,-1
1,radix4-matched,1,9-11-2,"Tesla V100-SXM2-16GB",7.0,0,"v100-sm70","hierarchical-dataflow-appt-online-register-tail","experimental",0.000000,"persistent CTA fold roles publish online-reordered packet groups without fold-wide barriers",hierarchical-dataflow,0,named-barrier,0,0,0,2,0,0,0,hermes-xor,inplace,radix4,64,20,1048576,16,576460756061519873,60,0,0,0,dataflow-radix4,"7+7+6","appt-online-register-tail+appt-online-register-tail+appt-online-register-tail","256+256+256","8+8+8","16+16+16","4+4+4","2+2+2","1+1+1","10+5+5","ring+ring","2+2",8,0,3,20,21.660671,5.250458,5.250911,0.000453,9,11,2,16,2,natural,natural,"appt-ntt-log20-7x7x6-xor-fw16-v1",20.163616,3047.353339,339.885005,3195381575.313723,fused,shoup,-1
1,grouped,8,6-12-2,"Tesla V100-SXM2-16GB",7.0,0,"v100-sm70","hierarchical-dataflow-appt-online-register-tail-grouped","experimental",0.000000,"persistent CTA fold roles publish online-reordered packet groups without fold-wide barriers",hierarchical-dataflow,0,named-barrier,0,0,0,2,0,0,0,hermes-xor,inplace,radix4,64,20,1048576,16,576460756061519873,60,0,0,0,dataflow-radix4,"7+7+6","appt-online-register-tail-grouped+appt-online-register-tail-grouped+appt-online-register-tail-grouped","256+256+256","8+8+8","8+16+16","4+4+4","2+2+2","1+1+1","10+5+5","ring+ring","2+2",8,0,3,20,21.633505,4.874650,4.875113,0.000463,6,12,2,16,2,natural,natural,"appt-ntt-log20-7x7x6-xor-fw16-v1",20.159424,3282.287253,342.850446,3441727639.090390,fused,shoup,-1
1,grouped,8,7-11-2,"Tesla V100-SXM2-16GB",7.0,0,"v100-sm70","hierarchical-dataflow-appt-online-register-tail-grouped","experimental",0.000000,"persistent CTA fold roles publish online-reordered packet groups without fold-wide barriers",hierarchical-dataflow,0,named-barrier,0,0,0,2,0,0,0,hermes-xor,inplace,radix4,64,20,1048576,16,576460756061519873,60,0,0,0,dataflow-radix4,"7+7+6","appt-online-register-tail-grouped+appt-online-register-tail-grouped+appt-online-register-tail-grouped","256+256+256","8+8+8","8+16+16","4+4+4","2+2+2","1+1+1","10+5+5","ring+ring","2+2",8,0,3,20,21.623968,5.291162,5.291597,0.000436,7,11,2,16,2,natural,natural,"appt-ntt-log20-7x7x6-xor-fw16-v1",20.158112,3023.910702,339.895864,3170800188.605102,fused,shoup,-1
1,grouped,8,8-10-2,"Tesla V100-SXM2-16GB",7.0,0,"v100-sm70","hierarchical-dataflow-appt-online-register-tail-grouped","experimental",0.000000,"persistent CTA fold roles publish online-reordered packet groups without fold-wide barriers",hierarchical-dataflow,0,named-barrier,0,0,0,2,0,0,0,hermes-xor,inplace,radix4,64,20,1048576,16,576460756061519873,60,0,0,0,dataflow-radix4,"7+7+6","appt-online-register-tail-grouped+appt-online-register-tail-grouped+appt-online-register-tail-grouped","256+256+256","8+8+8","8+16+16","4+4+4","2+2+2","1+1+1","10+5+5","ring+ring","2+2",8,0,3,20,21.621120,4.195328,4.195756,0.000428,8,10,2,16,2,natural,natural,"appt-ntt-log20-7x7x6-xor-fw16-v1",20.158304,3813.765956,348.017096,3999023451.259405,fused,shoup,-1
1,grouped,8,9-11-2,"Tesla V100-SXM2-16GB",7.0,0,"v100-sm70","hierarchical-dataflow-appt-online-register-tail-grouped","experimental",0.000000,"persistent CTA fold roles publish online-reordered packet groups without fold-wide barriers",hierarchical-dataflow,0,named-barrier,0,0,0,2,0,0,0,hermes-xor,inplace,radix4,64,20,1048576,16,576460756061519873,60,0,0,0,dataflow-radix4,"7+7+6","appt-online-register-tail-grouped+appt-online-register-tail-grouped+appt-online-register-tail-grouped","256+256+256","8+8+8","8+16+16","4+4+4","2+2+2","1+1+1","10+5+5","ring+ring","2+2",8,0,3,20,21.623297,4.130867,4.131307,0.000439,9,11,2,16,2,natural,natural,"appt-ntt-log20-7x7x6-xor-fw16-v1",20.152897,3873.278451,348.530261,4061426825.291811,fused,shoup,-1
1,grouped,8,10-9-3,"Tesla V100-SXM2-16GB",7.0,0,"v100-sm70","hierarchical-dataflow-appt-online-register-tail-grouped","experimental",0.000000,"persistent CTA fold roles publish online-reordered packet groups without fold-wide barriers",hierarchical-dataflow,0,named-barrier,0,0,0,2,0,0,0,hermes-xor,inplace,radix4,64,20,1048576,16,576460756061519873,60,0,0,0,dataflow-radix4,"7+7+6","appt-online-register-tail-grouped+appt-online-register-tail-grouped+appt-online-register-tail-grouped","256+256+256","8+8+8","8+16+16","4+4+4","2+2+2","1+1+1","10+5+5","ring+ring","2+2",8,0,3,20,21.620417,5.306521,5.306969,0.000447,10,9,3,16,2,natural,natural,"appt-ntt-log20-7x7x6-xor-fw16-v1",20.155680,3015.157906,339.828174,3161622216.454172,fused,shoup,-1
1,grouped,16,6-12-2,"Tesla V100-SXM2-16GB",7.0,0,"v100-sm70","hierarchical-dataflow-appt-online-register-tail-grouped","experimental",0.000000,"persistent CTA fold roles publish online-reordered packet groups without fold-wide barriers",hierarchical-dataflow,0,named-barrier,0,0,0,2,0,0,0,hermes-xor,inplace,radix4,64,20,1048576,16,576460756061519873,60,0,0,0,dataflow-radix4,"7+7+6","appt-online-register-tail-grouped+appt-online-register-tail-grouped+appt-online-register-tail-grouped","256+256+256","8+8+8","16+16+16","4+4+4","2+2+2","1+1+1","10+5+5","ring+ring","2+2",8,0,3,20,21.625216,4.222566,4.223039,0.000473,6,12,2,16,2,natural,natural,"appt-ntt-log20-7x7x6-xor-fw16-v1",20.156769,3789.165052,347.791682,3973227533.284858,fused,shoup,-1
1,grouped,16,7-11-2,"Tesla V100-SXM2-16GB",7.0,0,"v100-sm70","hierarchical-dataflow-appt-online-register-tail-grouped","experimental",0.000000,"persistent CTA fold roles publish online-reordered packet groups without fold-wide barriers",hierarchical-dataflow,0,named-barrier,0,0,0,2,0,0,0,hermes-xor,inplace,radix4,64,20,1048576,16,576460756061519873,60,0,0,0,dataflow-radix4,"7+7+6","appt-online-register-tail-grouped+appt-online-register-tail-grouped+appt-online-register-tail-grouped","256+256+256","8+8+8","16+16+16","4+4+4","2+2+2","1+1+1","10+5+5","ring+ring","2+2",8,0,3,20,21.627617,4.370534,4.371027,0.000492,7,11,2,16,2,natural,natural,"appt-ntt-log20-7x7x6-xor-fw16-v1",20.153791,3660.879532,346.680964,3838710415.635728,fused,shoup,-1
1,grouped,16,8-10-2,"Tesla V100-SXM2-16GB",7.0,0,"v100-sm70","hierarchical-dataflow-appt-online-register-tail-grouped","experimental",0.000000,"persistent CTA fold roles publish online-reordered packet groups without fold-wide barriers",hierarchical-dataflow,0,named-barrier,0,0,0,2,0,0,0,hermes-xor,inplace,radix4,64,20,1048576,16,576460756061519873,60,0,0,0,dataflow-radix4,"7+7+6","appt-online-register-tail-grouped+appt-online-register-tail-grouped+appt-online-register-tail-grouped","256+256+256","8+8+8","16+16+16","4+4+4","2+2+2","1+1+1","10+5+5","ring+ring","2+2",8,0,3,20,21.628832,3.333478,3.333948,0.000470,8,10,2,16,2,natural,natural,"appt-ntt-log20-7x7x6-xor-fw16-v1",20.158432,4799.791040,354.604095,5032945689.539025,fused,shoup,-1
1,grouped,16,9-11-2,"Tesla V100-SXM2-16GB",7.0,0,"v100-sm70","hierarchical-dataflow-appt-online-register-tail-grouped","experimental",0.000000,"persistent CTA fold roles publish online-reordered packet groups without fold-wide barriers",hierarchical-dataflow,0,named-barrier,0,0,0,2,0,0,0,hermes-xor,inplace,radix4,64,20,1048576,16,576460756061519873,60,0,0,0,dataflow-radix4,"7+7+6","appt-online-register-tail-grouped+appt-online-register-tail-grouped+appt-online-register-tail-grouped","256+256+256","8+8+8","16+16+16","4+4+4","2+2+2","1+1+1","10+5+5","ring+ring","2+2",8,0,3,20,21.627329,3.250944,3.251342,0.000398,9,11,2,16,2,natural,natural,"appt-ntt-log20-7x7x6-xor-fw16-v1",20.161024,4921.647166,355.245331,5160721098.248037,fused,shoup,-1
1,grouped,16,10-9-3,"Tesla V100-SXM2-16GB",7.0,0,"v100-sm70","hierarchical-dataflow-appt-online-register-tail-grouped","experimental",0.000000,"persistent CTA fold roles publish online-reordered packet groups without fold-wide barriers",hierarchical-dataflow,0,named-barrier,0,0,0,2,0,0,0,hermes-xor,inplace,radix4,64,20,1048576,16,576460756061519873,60,0,0,0,dataflow-radix4,"7+7+6","appt-online-register-tail-grouped+appt-online-register-tail-grouped+appt-online-register-tail-grouped","256+256+256","8+8+8","16+16+16","4+4+4","2+2+2","1+1+1","10+5+5","ring+ring","2+2",8,0,3,20,21.618143,4.198861,4.199314,0.000453,10,9,3,16,2,natural,natural,"appt-ntt-log20-7x7x6-xor-fw16-v1",20.156223,3810.557086,348.028643,3995658706.493217,fused,shoup,-1
1,grouped,32,6-12-2,"Tesla V100-SXM2-16GB",7.0,0,"v100-sm70","hierarchical-dataflow-appt-online-register-tail-grouped","experimental",0.000000,"persistent CTA fold roles publish online-reordered packet groups without fold-wide barriers",hierarchical-dataflow,0,named-barrier,0,0,0,2,0,0,0,hermes-xor,inplace,radix4,64,20,1048576,16,576460756061519873,60,0,0,0,dataflow-radix4,"7+7+6","appt-online-register-tail-grouped+appt-online-register-tail-grouped+appt-online-register-tail-grouped","256+256+256","8+8+8","32+16+16","4+4+4","2+2+2","1+1+1","10+5+5","ring+ring","2+2",8,0,3,20,21.628193,4.067584,4.068068,0.000484,6,12,2,16,2,natural,natural,"appt-ntt-log20-7x7x6-xor-fw16-v1",20.159008,3933.538890,348.927599,4124614474.874747,fused,shoup,-1
1,grouped,32,7-11-2,"Tesla V100-SXM2-16GB",7.0,0,"v100-sm70","hierarchical-dataflow-appt-online-register-tail-grouped","experimental",0.000000,"persistent CTA fold roles publish online-reordered packet groups without fold-wide barriers",hierarchical-dataflow,0,named-barrier,0,0,0,2,0,0,0,hermes-xor,inplace,radix4,64,20,1048576,16,576460756061519873,60,0,0,0,dataflow-radix4,"7+7+6","appt-online-register-tail-grouped+appt-online-register-tail-grouped+appt-online-register-tail-grouped","256+256+256","8+8+8","32+16+16","4+4+4","2+2+2","1+1+1","10+5+5","ring+ring","2+2",8,0,3,20,21.624512,4.157491,4.157992,0.000501,7,11,2,16,2,natural,natural,"appt-ntt-log20-7x7x6-xor-fw16-v1",20.155647,3848.474766,348.298181,4035418276.112410,fused,shoup,-1
1,grouped,32,8-10-2,"Tesla V100-SXM2-16GB",7.0,0,"v100-sm70","hierarchical-dataflow-appt-online-register-tail-grouped","experimental",0.000000,"persistent CTA fold roles publish online-reordered packet groups without fold-wide barriers",hierarchical-dataflow,0,named-barrier,0,0,0,2,0,0,0,hermes-xor,inplace,radix4,64,20,1048576,16,576460756061519873,60,0,0,0,dataflow-radix4,"7+7+6","appt-online-register-tail-grouped+appt-online-register-tail-grouped+appt-online-register-tail-grouped","256+256+256","8+8+8","32+16+16","4+4+4","2+2+2","1+1+1","10+5+5","ring+ring","2+2",8,0,3,20,21.630527,3.053568,3.054045,0.000477,8,10,2,16,2,natural,natural,"appt-ntt-log20-7x7x6-xor-fw16-v1",20.159361,5239.771751,356.796760,5494298903.600699,fused,shoup,-1
1,grouped,32,9-11-2,"Tesla V100-SXM2-16GB",7.0,0,"v100-sm70","hierarchical-dataflow-appt-online-register-tail-grouped","experimental",0.000000,"persistent CTA fold roles publish online-reordered packet groups without fold-wide barriers",hierarchical-dataflow,0,named-barrier,0,0,0,2,0,0,0,hermes-xor,inplace,radix4,64,20,1048576,16,576460756061519873,60,0,0,0,dataflow-radix4,"7+7+6","appt-online-register-tail-grouped+appt-online-register-tail-grouped+appt-online-register-tail-grouped","256+256+256","8+8+8","32+16+16","4+4+4","2+2+2","1+1+1","10+5+5","ring+ring","2+2",8,0,3,20,21.630655,3.103283,3.103726,0.000443,9,11,2,16,2,natural,natural,"appt-ntt-log20-7x7x6-xor-fw16-v1",20.157248,5155.829855,356.417405,5406279445.919377,fused,shoup,-1
1,grouped,32,10-9-3,"Tesla V100-SXM2-16GB",7.0,0,"v100-sm70","hierarchical-dataflow-appt-online-register-tail-grouped","experimental",0.000000,"persistent CTA fold roles publish online-reordered packet groups without fold-wide barriers",hierarchical-dataflow,0,named-barrier,0,0,0,2,0,0,0,hermes-xor,inplace,radix4,64,20,1048576,16,576460756061519873,60,0,0,0,dataflow-radix4,"7+7+6","appt-online-register-tail-grouped+appt-online-register-tail-grouped+appt-online-register-tail-grouped","256+256+256","8+8+8","32+16+16","4+4+4","2+2+2","1+1+1","10+5+5","ring+ring","2+2",8,0,3,20,21.625471,3.743335,3.743796,0.000461,10,9,3,16,2,natural,natural,"appt-ntt-log20-7x7x6-xor-fw16-v1",20.157473,4274.263992,351.445376,4481890639.895347,fused,shoup,-1
2,v06,0,9-11,"Tesla V100-SXM2-16GB",7.0,0,"v100-sm70","hierarchical-dataflow-wave-10x10-resident-radix4","experimental",0.000000,"transform-wave readiness with the generated resident radix-4 core",hierarchical-dataflow,0,named-barrier,0,0,0,2,0,0,0,hermes-xor,inplace,radix4,64,20,1048576,16,576460756061519873,60,0,0,0,dataflow-radix4,"10+10","dataflow-radix4+dataflow-radix4","256+256","1+1","0+0","0+0","0+0","0+0","9+11","full-scratch","1",8,0,3,20,21.590816,1.835520,1.835932,0.000412,0,0,0,0,0,natural,natural,"",20.160383,8716.875734,367.084288,9140306689.281309,fused,shoup,-1
2,radix4-matched,1,9-11-2,"Tesla V100-SXM2-16GB",7.0,0,"v100-sm70","hierarchical-dataflow-appt-online-register-tail","experimental",0.000000,"persistent CTA fold roles publish online-reordered packet groups without fold-wide barriers",hierarchical-dataflow,0,named-barrier,0,0,0,2,0,0,0,hermes-xor,inplace,radix4,64,20,1048576,16,576460756061519873,60,0,0,0,dataflow-radix4,"7+7+6","appt-online-register-tail+appt-online-register-tail+appt-online-register-tail","256+256+256","8+8+8","16+16+16","4+4+4","2+2+2","1+1+1","10+5+5","ring+ring","2+2",8,0,3,20,21.627935,5.162035,5.162464,0.000429,9,11,2,16,2,natural,natural,"appt-ntt-log20-7x7x6-xor-fw16-v1",20.158527,3099.552513,340.798973,3250116376.179995,fused,shoup,-1
2,grouped,8,6-12-2,"Tesla V100-SXM2-16GB",7.0,0,"v100-sm70","hierarchical-dataflow-appt-online-register-tail-grouped","experimental",0.000000,"persistent CTA fold roles publish online-reordered packet groups without fold-wide barriers",hierarchical-dataflow,0,named-barrier,0,0,0,2,0,0,0,hermes-xor,inplace,radix4,64,20,1048576,16,576460756061519873,60,0,0,0,dataflow-radix4,"7+7+6","appt-online-register-tail-grouped+appt-online-register-tail-grouped+appt-online-register-tail-grouped","256+256+256","8+8+8","8+16+16","4+4+4","2+2+2","1+1+1","10+5+5","ring+ring","2+2",8,0,3,20,21.624992,4.826419,4.826950,0.000531,6,12,2,16,2,natural,natural,"appt-ntt-log20-7x7x6-xor-fw16-v1",20.159584,3315.087316,343.266646,3476120997.531846,fused,shoup,-1
2,grouped,8,7-11-2,"Tesla V100-SXM2-16GB",7.0,0,"v100-sm70","hierarchical-dataflow-appt-online-register-tail-grouped","experimental",0.000000,"persistent CTA fold roles publish online-reordered packet groups without fold-wide barriers",hierarchical-dataflow,0,named-barrier,0,0,0,2,0,0,0,hermes-xor,inplace,radix4,64,20,1048576,16,576460756061519873,60,0,0,0,dataflow-radix4,"7+7+6","appt-online-register-tail-grouped+appt-online-register-tail-grouped+appt-online-register-tail-grouped","256+256+256","8+8+8","8+16+16","4+4+4","2+2+2","1+1+1","10+5+5","ring+ring","2+2",8,0,3,20,21.632000,5.293619,5.294059,0.000440,7,11,2,16,2,natural,natural,"appt-ntt-log20-7x7x6-xor-fw16-v1",20.159616,3022.506820,339.809280,3169328111.062229,fused,shoup,-1
2,grouped,8,8-10-2,"Tesla V100-SXM2-16GB",7.0,0,"v100-sm70","hierarchical-dataflow-appt-online-register-tail-grouped","experimental",0.000000,"persistent CTA fold roles publish online-reordered packet groups without fold-wide barriers",hierarchical-dataflow,0,named-barrier,0,0,0,2,0,0,0,hermes-xor,inplace,radix4,64,20,1048576,16,576460756061519873,60,0,0,0,dataflow-radix4,"7+7+6","appt-online-register-tail-grouped+appt-online-register-tail-grouped+appt-online-register-tail-grouped","256+256+256","8+8+8","8+16+16","4+4+4","2+2+2","1+1+1","10+5+5","ring+ring","2+2",8,0,3,20,21.613344,4.187802,4.188278,0.000476,8,10,2,16,2,natural,natural,"appt-ntt-log20-7x7x6-xor-fw16-v1",20.154528,3820.620129,348.161581,4006210572.830815,fused,shoup,-1
2,grouped,8,9-11-2,"Tesla V100-SXM2-16GB",7.0,0,"v100-sm70","hierarchical-dataflow-appt-online-register-tail-grouped","experimental",0.000000,"persistent CTA fold roles publish online-reordered packet groups without fold-wide barriers",hierarchical-dataflow,0,named-barrier,0,0,0,2,0,0,0,hermes-xor,inplace,radix4,64,20,1048576,16,576460756061519873,60,0,0,0,dataflow-radix4,"7+7+6","appt-online-register-tail-grouped+appt-online-register-tail-grouped+appt-online-register-tail-grouped","256+256+256","8+8+8","8+16+16","4+4+4","2+2+2","1+1+1","10+5+5","ring+ring","2+2",8,0,3,20,21.622305,4.145869,4.146330,0.000461,9,11,2,16,2,natural,natural,"appt-ntt-log20-7x7x6-xor-fw16-v1",20.155807,3859.263488,348.401850,4046731070.723308,fused,shoup,-1
2,grouped,8,10-9-3,"Tesla V100-SXM2-16GB",7.0,0,"v100-sm70","hierarchical-dataflow-appt-online-register-tail-grouped","experimental",0.000000,"persistent CTA fold roles publish online-reordered packet groups without fold-wide barriers",hierarchical-dataflow,0,named-barrier,0,0,0,2,0,0,0,hermes-xor,inplace,radix4,64,20,1048576,16,576460756061519873,60,0,0,0,dataflow-radix4,"7+7+6","appt-online-register-tail-grouped+appt-online-register-tail-grouped+appt-online-register-tail-grouped","256+256+256","8+8+8","8+16+16","4+4+4","2+2+2","1+1+1","10+5+5","ring+ring","2+2",8,0,3,20,21.623615,5.215539,5.216021,0.000482,10,9,3,16,2,natural,natural,"appt-ntt-log20-7x7x6-xor-fw16-v1",20.160769,3067.755809,340.426091,3216775115.460562,fused,shoup,-1
2,grouped,16,6-12-2,"Tesla V100-SXM2-16GB",7.0,0,"v100-sm70","hierarchical-dataflow-appt-online-register-tail-grouped","experimental",0.000000,"persistent CTA fold roles publish online-reordered packet groups without fold-wide barriers",hierarchical-dataflow,0,named-barrier,0,0,0,2,0,0,0,hermes-xor,inplace,radix4,64,20,1048576,16,576460756061519873,60,0,0,0,dataflow-radix4,"7+7+6","appt-online-register-tail-grouped+appt-online-register-tail-grouped+appt-online-register-tail-grouped","256+256+256","8+8+8","16+16+16","4+4+4","2+2+2","1+1+1","10+5+5","ring+ring","2+2",8,0,3,20,21.636095,4.196301,4.196726,0.000425,6,12,2,16,2,natural,natural,"appt-ntt-log20-7x7x6-xor-fw16-v1",20.157791,3812.881884,347.900302,3998096434.515216,fused,shoup,-1
2,grouped,16,7-11-2,"Tesla V100-SXM2-16GB",7.0,0,"v100-sm70","hierarchical-dataflow-appt-online-register-tail-grouped","experimental",0.000000,"persistent CTA fold roles publish online-reordered packet groups without fold-wide barriers",hierarchical-dataflow,0,named-barrier,0,0,0,2,0,0,0,hermes-xor,inplace,radix4,64,20,1048576,16,576460756061519873,60,0,0,0,dataflow-radix4,"7+7+6","appt-online-register-tail-grouped+appt-online-register-tail-grouped+appt-online-register-tail-grouped","256+256+256","8+8+8","16+16+16","4+4+4","2+2+2","1+1+1","10+5+5","ring+ring","2+2",8,0,3,20,21.627424,4.389171,4.389633,0.000462,7,11,2,16,2,natural,natural,"appt-ntt-log20-7x7x6-xor-fw16-v1",20.156193,3645.335201,346.524450,3822411003.789670,fused,shoup,-1
2,grouped,16,8-10-2,"Tesla V100-SXM2-16GB",7.0,0,"v100-sm70","hierarchical-dataflow-appt-online-register-tail-grouped","experimental",0.000000,"persistent CTA fold roles publish online-reordered packet groups without fold-wide barriers",hierarchical-dataflow,0,named-barrier,0,0,0,2,0,0,0,hermes-xor,inplace,radix4,64,20,1048576,16,576460756061519873,60,0,0,0,dataflow-radix4,"7+7+6","appt-online-register-tail-grouped+appt-online-register-tail-grouped+appt-online-register-tail-grouped","256+256+256","8+8+8","16+16+16","4+4+4","2+2+2","1+1+1","10+5+5","ring+ring","2+2",8,0,3,20,21.624256,3.319091,3.319547,0.000455,8,10,2,16,2,natural,natural,"appt-ntt-log20-7x7x6-xor-fw16-v1",20.152128,4820.596846,354.802779,5054762158.504855,fused,shoup,-1
2,grouped,16,9-11-2,"Tesla V100-SXM2-16GB",7.0,0,"v100-sm70","hierarchical-dataflow-appt-online-register-tail-grouped","experimental",0.000000,"persistent CTA fold roles publish online-reordered packet groups without fold-wide barriers",hierarchical-dataflow,0,named-barrier,0,0,0,2,0,0,0,hermes-xor,inplace,radix4,64,20,1048576,16,576460756061519873,60,0,0,0,dataflow-radix4,"7+7+6","appt-online-register-tail-grouped+appt-online-register-tail-grouped+appt-online-register-tail-grouped","256+256+256","8+8+8","16+16+16","4+4+4","2+2+2","1+1+1","10+5+5","ring+ring","2+2",8,0,3,20,21.633184,3.255296,3.255723,0.000427,9,11,2,16,2,natural,natural,"appt-ntt-log20-7x7x6-xor-fw16-v1",20.157185,4915.067644,355.195111,5153821969.417962,fused,shoup,-1
2,grouped,16,10-9-3,"Tesla V100-SXM2-16GB",7.0,0,"v100-sm70","hierarchical-dataflow-appt-online-register-tail-grouped","experimental",0.000000,"persistent CTA fold roles publish online-reordered packet groups without fold-wide barriers",hierarchical-dataflow,0,named-barrier,0,0,0,2,0,0,0,hermes-xor,inplace,radix4,64,20,1048576,16,576460756061519873,60,0,0,0,dataflow-radix4,"7+7+6","appt-online-register-tail-grouped+appt-online-register-tail-grouped+appt-online-register-tail-grouped","256+256+256","8+8+8","16+16+16","4+4+4","2+2+2","1+1+1","10+5+5","ring+ring","2+2",8,0,3,20,21.623743,4.272947,4.273399,0.000452,10,9,3,16,2,natural,natural,"appt-ntt-log20-7x7x6-xor-fw16-v1",20.158720,3744.488016,347.407609,3926380265.732249,fused,shoup,-1
2,grouped,32,6-12-2,"Tesla V100-SXM2-16GB",7.0,0,"v100-sm70","hierarchical-dataflow-appt-online-register-tail-grouped","experimental",0.000000,"persistent CTA fold roles publish online-reordered packet groups without fold-wide barriers",hierarchical-dataflow,0,named-barrier,0,0,0,2,0,0,0,hermes-xor,inplace,radix4,64,20,1048576,16,576460756061519873,60,0,0,0,dataflow-radix4,"7+7+6","appt-online-register-tail-grouped+appt-online-register-tail-grouped+appt-online-register-tail-grouped","256+256+256","8+8+8","32+16+16","4+4+4","2+2+2","1+1+1","10+5+5","ring+ring","2+2",8,0,3,20,21.616192,4.045465,4.045902,0.000436,6,12,2,16,2,natural,natural,"appt-ntt-log20-7x7x6-xor-fw16-v1",20.154913,3955.045500,349.218632,4147165790.208247,fused,shoup,-1
2,grouped,32,7-11-2,"Tesla V100-SXM2-16GB",7.0,0,"v100-sm70","hierarchical-dataflow-appt-online-register-tail-grouped","experimental",0.000000,"persistent CTA fold roles publish online-reordered packet groups without fold-wide barriers",hierarchical-dataflow,0,named-barrier,0,0,0,2,0,0,0,hermes-xor,inplace,radix4,64,20,1048576,16,576460756061519873,60,0,0,0,dataflow-radix4,"7+7+6","appt-online-register-tail-grouped+appt-online-register-tail-grouped+appt-online-register-tail-grouped","256+256+256","8+8+8","32+16+16","4+4+4","2+2+2","1+1+1","10+5+5","ring+ring","2+2",8,0,3,20,21.628000,4.161690,4.162136,0.000446,7,11,2,16,2,natural,natural,"appt-ntt-log20-7x7x6-xor-fw16-v1",20.153055,3844.592204,348.259555,4031347114.843597,fused,shoup,-1
2,grouped,32,8-10-2,"Tesla V100-SXM2-16GB",7.0,0,"v100-sm70","hierarchical-dataflow-appt-online-register-tail-grouped","experimental",0.000000,"persistent CTA fold roles publish online-reordered packet groups without fold-wide barriers",hierarchical-dataflow,0,named-barrier,0,0,0,2,0,0,0,hermes-xor,inplace,radix4,64,20,1048576,16,576460756061519873,60,0,0,0,dataflow-radix4,"7+7+6","appt-online-register-tail-grouped+appt-online-register-tail-grouped+appt-online-register-tail-grouped","256+256+256","8+8+8","32+16+16","4+4+4","2+2+2","1+1+1","10+5+5","ring+ring","2+2",8,0,3,20,21.629633,3.046246,3.046650,0.000403,8,10,2,16,2,natural,natural,"appt-ntt-log20-7x7x6-xor-fw16-v1",20.163616,5252.365855,356.828279,5507504778.564851,fused,shoup,-1
2,grouped,32,9-11-2,"Tesla V100-SXM2-16GB",7.0,0,"v100-sm70","hierarchical-dataflow-appt-online-register-tail-grouped","experimental",0.000000,"persistent CTA fold roles publish online-reordered packet groups without fold-wide barriers",hierarchical-dataflow,0,named-barrier,0,0,0,2,0,0,0,hermes-xor,inplace,radix4,64,20,1048576,16,576460756061519873,60,0,0,0,dataflow-radix4,"7+7+6","appt-online-register-tail-grouped+appt-online-register-tail-grouped+appt-online-register-tail-grouped","256+256+256","8+8+8","32+16+16","4+4+4","2+2+2","1+1+1","10+5+5","ring+ring","2+2",8,0,3,20,21.627199,3.115571,3.116076,0.000504,9,11,2,16,2,natural,natural,"appt-ntt-log20-7x7x6-xor-fw16-v1",20.163649,5135.494798,356.296502,5384956593.021256,fused,shoup,-1
2,grouped,32,10-9-3,"Tesla V100-SXM2-16GB",7.0,0,"v100-sm70","hierarchical-dataflow-appt-online-register-tail-grouped","experimental",0.000000,"persistent CTA fold roles publish online-reordered packet groups without fold-wide barriers",hierarchical-dataflow,0,named-barrier,0,0,0,2,0,0,0,hermes-xor,inplace,radix4,64,20,1048576,16,576460756061519873,60,0,0,0,dataflow-radix4,"7+7+6","appt-online-register-tail-grouped+appt-online-register-tail-grouped+appt-online-register-tail-grouped","256+256+256","8+8+8","32+16+16","4+4+4","2+2+2","1+1+1","10+5+5","ring+ring","2+2",8,0,3,20,21.622400,3.744359,3.744799,0.000441,10,9,3,16,2,natural,natural,"appt-ntt-log20-7x7x6-xor-fw16-v1",20.151808,4273.095066,351.504917,4480664931.696434,fused,shoup,-1
