rank,operator,precision,direction,normalization,placement,logN,N,batch,element_stride,batch_stride,backend,compute_unit,stage_space,tile_threads,local_stages,reorder_columns,warp_stages,pipeline_warps,stage_handoff,trials,median_kernel_ms,min_kernel_ms,max_kernel_ms,median_Gbutterfly_s,slowdown_vs_best
1,fft,fp32,forward,none,out-of-place,12,4096,1024,1,4096,online-reorder,radix4,0,128,10,16,0,0,named-barrier,1,0.299076,0.299076,0.299076,84.145174,1.000000
2,fft,fp32,forward,none,out-of-place,12,4096,1024,1,4096,online-reorder,radix4,0,128,9,16,0,0,named-barrier,1,0.302080,0.302080,0.302080,83.308473,1.010044
3,fft,fp32,forward,none,out-of-place,12,4096,1024,1,4096,online-reorder,radix4,0,64,10,16,0,0,named-barrier,1,0.310613,0.310613,0.310613,81.019780,1.038575
4,fft,fp32,forward,none,out-of-place,12,4096,1024,1,4096,online-reorder,radix4,0,64,9,16,0,0,named-barrier,1,0.319556,0.319556,0.319556,78.752403,1.068478
5,fft,fp32,forward,none,out-of-place,12,4096,1024,1,4096,online-reorder,radix4,0,64,8,4,0,0,named-barrier,1,0.325564,0.325564,0.325564,77.299218,1.088566
6,fft,fp32,forward,none,out-of-place,12,4096,1024,1,4096,online-reorder,radix4,0,32,8,4,0,0,named-barrier,1,0.330923,0.330923,0.330923,76.047448,1.106485
7,fft,fp32,forward,none,out-of-place,12,4096,1024,1,4096,online-reorder,radix4,0,256,9,16,0,0,named-barrier,1,0.331401,0.331401,0.331401,75.937794,1.108083
8,fft,fp32,forward,none,out-of-place,12,4096,1024,1,4096,online-reorder,radix4,0,128,9,8,0,0,named-barrier,1,0.332493,0.332493,0.332493,75.688328,1.111734
9,fft,fp32,forward,none,out-of-place,12,4096,1024,1,4096,online-reorder,radix4,0,64,9,8,0,0,named-barrier,1,0.338773,0.338773,0.338773,74.285137,1.132732
10,fft,fp32,forward,none,out-of-place,12,4096,1024,1,4096,online-reorder,radix4,0,32,9,16,0,0,named-barrier,1,0.339797,0.339797,0.339797,74.061273,1.136156
11,fft,fp32,forward,none,out-of-place,12,4096,1024,1,4096,online-reorder,radix4,0,256,10,16,0,0,named-barrier,1,0.341094,0.341094,0.341094,73.779645,1.140493
12,fft,fp32,forward,none,out-of-place,12,4096,1024,1,4096,online-reorder,radix4,0,128,8,4,0,0,named-barrier,1,0.346146,0.346146,0.346146,72.702889,1.157385
13,fft,fp32,forward,none,out-of-place,12,4096,1024,1,4096,online-reorder,radix4,0,32,9,8,0,0,named-barrier,1,0.352666,0.352666,0.352666,71.358884,1.179185
14,fft,fp32,forward,none,out-of-place,12,4096,1024,1,4096,online-reorder,radix4,0,32,10,16,0,0,named-barrier,1,0.362974,0.362974,0.362974,69.332330,1.213651
15,fft,fp32,forward,none,out-of-place,12,4096,1024,1,4096,online-reorder,radix4,0,64,8,8,0,0,named-barrier,1,0.373999,0.373999,0.373999,67.288490,1.250515
16,fft,fp32,forward,none,out-of-place,12,4096,1024,1,4096,online-reorder,radix4,0,128,8,16,0,0,named-barrier,1,0.374886,0.374886,0.374886,67.129201,1.253481
17,fft,fp32,forward,none,out-of-place,12,4096,1024,1,4096,online-reorder,radix4,0,64,8,16,0,0,named-barrier,1,0.375569,0.375569,0.375569,67.007184,1.255764
18,fft,fp32,forward,none,out-of-place,12,4096,1024,1,4096,online-reorder,radix4,0,128,8,8,0,0,named-barrier,1,0.377003,0.377003,0.377003,66.752378,1.260559
19,fft,fp32,forward,none,out-of-place,12,4096,1024,1,4096,online-reorder,radix4,0,256,8,16,0,0,named-barrier,1,0.377890,0.377890,0.377890,66.595609,1.263525
20,fft,fp32,forward,none,out-of-place,12,4096,1024,1,4096,online-reorder,radix4,0,32,6,1,0,0,named-barrier,1,0.381303,0.381303,0.381303,65.999464,1.274937
21,fft,fp32,forward,none,out-of-place,12,4096,1024,1,4096,online-reorder,radix4,0,32,8,8,0,0,named-barrier,1,0.382157,0.382157,0.382157,65.852092,1.277792
22,fft,fp32,forward,none,out-of-place,12,4096,1024,1,4096,online-reorder,radix4,0,128,10,8,0,0,named-barrier,1,0.388949,0.388949,0.388949,64.702062,1.300502
23,fft,fp32,forward,none,out-of-place,12,4096,1024,1,4096,online-reorder,radix4,0,64,6,1,0,0,named-barrier,1,0.390997,0.390997,0.390997,64.363157,1.307350
24,fft,fp32,forward,none,out-of-place,12,4096,1024,1,4096,online-reorder,radix4,0,32,8,16,0,0,named-barrier,1,0.391612,0.391612,0.391612,64.262182,1.309406
25,fft,fp32,forward,none,out-of-place,12,4096,1024,1,4096,online-reorder,radix4,0,32,6,2,0,0,named-barrier,1,0.396425,0.396425,0.396425,63.482000,1.325499
26,fft,fp32,forward,none,out-of-place,12,4096,1024,1,4096,online-reorder,radix4,0,128,6,1,0,0,named-barrier,1,0.396766,0.396766,0.396766,63.427393,1.326639
27,fft,fp32,forward,none,out-of-place,12,4096,1024,1,4096,online-reorder,radix4,0,64,6,2,0,0,named-barrier,1,0.398165,0.398165,0.398165,63.204461,1.331317
28,fft,fp32,forward,none,out-of-place,12,4096,1024,1,4096,online-reorder,radix4,0,256,8,8,0,0,named-barrier,1,0.400521,0.400521,0.400521,62.832794,1.339195
29,fft,fp32,forward,none,out-of-place,12,4096,1024,1,4096,online-reorder,radix4,0,64,10,8,0,0,named-barrier,1,0.402807,0.402807,0.402807,62.476065,1.346838
30,fft,fp32,forward,none,out-of-place,12,4096,1024,1,4096,online-reorder,radix4,0,32,6,4,0,0,named-barrier,1,0.402944,0.402944,0.402944,62.454892,1.347296
31,fft,fp32,forward,none,out-of-place,12,4096,1024,1,4096,online-reorder,radix4,0,64,6,4,0,0,named-barrier,1,0.403115,0.403115,0.403115,62.428449,1.347868
32,fft,fp32,forward,none,out-of-place,12,4096,1024,1,4096,online-reorder,radix4,0,128,6,4,0,0,named-barrier,1,0.403490,0.403490,0.403490,62.370359,1.349122
33,fft,fp32,forward,none,out-of-place,12,4096,1024,1,4096,online-reorder,radix4,0,128,6,8,0,0,named-barrier,1,0.407313,0.407313,0.407313,61.784969,1.361905
34,fft,fp32,forward,none,out-of-place,12,4096,1024,1,4096,online-reorder,radix4,0,256,6,4,0,0,named-barrier,1,0.407654,0.407654,0.407654,61.733232,1.363045
35,fft,fp32,forward,none,out-of-place,12,4096,1024,1,4096,online-reorder,radix4,0,256,6,8,0,0,named-barrier,1,0.407927,0.407927,0.407927,61.691906,1.363958
36,fft,fp32,forward,none,out-of-place,12,4096,1024,1,4096,online-reorder,radix4,0,128,8,2,0,0,named-barrier,1,0.411511,0.411511,0.411511,61.154614,1.375941
37,fft,fp32,forward,none,out-of-place,12,4096,1024,1,4096,online-reorder,radix4,0,64,8,2,0,0,named-barrier,1,0.412023,0.412023,0.412023,61.078616,1.377653
38,fft,fp32,forward,none,out-of-place,12,4096,1024,1,4096,online-reorder,radix4,0,128,6,2,0,0,named-barrier,1,0.413764,0.413764,0.413764,60.821646,1.383474
39,fft,fp32,forward,none,out-of-place,12,4096,1024,1,4096,online-reorder,radix4,0,32,8,2,0,0,named-barrier,1,0.413764,0.413764,0.413764,60.821646,1.383474
40,fft,fp32,forward,none,out-of-place,12,4096,1024,1,4096,online-reorder,radix4,0,256,6,16,0,0,named-barrier,1,0.415744,0.415744,0.415744,60.532023,1.390095
41,fft,fp32,forward,none,out-of-place,12,4096,1024,1,4096,online-reorder,radix4,0,256,6,2,0,0,named-barrier,1,0.415949,0.415949,0.415949,60.502214,1.390780
42,fft,fp32,forward,none,out-of-place,12,4096,1024,1,4096,online-reorder,radix4,0,64,6,8,0,0,named-barrier,1,0.415983,0.415983,0.415983,60.497251,1.390894
43,fft,fp32,forward,none,out-of-place,12,4096,1024,1,4096,online-reorder,radix4,0,256,9,8,0,0,named-barrier,1,0.416529,0.416529,0.416529,60.417931,1.392720
44,fft,fp32,forward,none,out-of-place,12,4096,1024,1,4096,online-reorder,radix4,0,128,6,16,0,0,named-barrier,1,0.421001,0.421001,0.421001,59.776227,1.407672
45,fft,fp32,forward,none,out-of-place,12,4096,1024,1,4096,online-reorder,radix4,0,32,6,8,0,0,named-barrier,1,0.425233,0.425233,0.425233,59.181249,1.421823
46,fft,fp32,forward,none,out-of-place,12,4096,1024,1,4096,online-reorder,radix4,0,128,9,4,0,0,named-barrier,1,0.425609,0.425609,0.425609,59.129038,1.423080
47,fft,fp32,forward,none,out-of-place,12,4096,1024,1,4096,online-reorder,radix4,0,64,6,16,0,0,named-barrier,1,0.440730,0.440730,0.440730,57.100373,1.473639
48,fft,fp32,forward,none,out-of-place,12,4096,1024,1,4096,online-reorder,radix4,0,64,9,4,0,0,named-barrier,1,0.441583,0.441583,0.441583,56.990027,1.476491
49,fft,fp32,forward,none,out-of-place,12,4096,1024,1,4096,online-reorder,radix4,0,256,6,1,0,0,named-barrier,1,0.443938,0.443938,0.443938,56.687682,1.484365
50,fft,fp32,forward,none,out-of-place,12,4096,1024,1,4096,online-reorder,radix4,0,32,10,8,0,0,named-barrier,1,0.454144,0.454144,0.454144,55.413754,1.518490
51,fft,fp32,forward,none,out-of-place,12,4096,1024,1,4096,online-reorder,radix4,0,32,9,4,0,0,named-barrier,1,0.455202,0.455202,0.455202,55.284943,1.522028
52,fft,fp32,forward,none,out-of-place,12,4096,1024,1,4096,online-reorder,radix4,0,256,10,8,0,0,named-barrier,1,0.458035,0.458035,0.458035,54.942991,1.531500
53,fft,fp32,forward,none,out-of-place,12,4096,1024,1,4096,online-reorder,radix4,0,256,8,4,0,0,named-barrier,1,0.481792,0.481792,0.481792,52.233794,1.610935
54,fft,fp32,forward,none,out-of-place,12,4096,1024,1,4096,online-reorder,radix4,0,32,6,16,0,0,named-barrier,1,0.502340,0.502340,0.502340,50.097167,1.679640
55,fft,fp32,forward,none,out-of-place,12,4096,1024,1,4096,online-reorder,radix4,0,256,8,2,0,0,named-barrier,1,0.549205,0.549205,0.549205,45.822247,1.836339
56,fft,fp32,forward,none,out-of-place,12,4096,1024,1,4096,online-reorder,radix4,0,256,9,4,0,0,named-barrier,1,0.559957,0.559957,0.559957,44.942396,1.872290
57,fft,fp32,forward,none,out-of-place,12,4096,1024,1,4096,online-reorder,radix4,0,128,10,4,0,0,named-barrier,1,0.573406,0.573406,0.573406,43.888327,1.917258
58,fft,fp32,forward,none,out-of-place,12,4096,1024,1,4096,online-reorder,radix4,0,64,10,4,0,0,named-barrier,1,0.588220,0.588220,0.588220,42.783035,1.966791
59,fft,fp32,forward,none,out-of-place,12,4096,1024,1,4096,online-reorder,radix4,0,128,8,1,0,0,named-barrier,1,0.595558,0.595558,0.595558,42.255846,1.991327
60,fft,fp32,forward,none,out-of-place,12,4096,1024,1,4096,online-reorder,radix4,0,64,8,1,0,0,named-barrier,1,0.596446,0.596446,0.596446,42.192973,1.994296
61,fft,fp32,forward,none,out-of-place,12,4096,1024,1,4096,online-reorder,radix4,0,32,8,1,0,0,named-barrier,1,0.598562,0.598562,0.598562,42.043796,2.001371
62,fft,fp32,forward,none,out-of-place,12,4096,1024,1,4096,online-reorder,radix4,0,128,9,2,0,0,named-barrier,1,0.632252,0.632252,0.632252,39.803487,2.114018
63,fft,fp32,forward,none,out-of-place,12,4096,1024,1,4096,online-reorder,radix4,0,32,10,4,0,0,named-barrier,1,0.640751,0.640751,0.640751,39.275516,2.142435
64,fft,fp32,forward,none,out-of-place,12,4096,1024,1,4096,online-reorder,radix4,0,64,9,2,0,0,named-barrier,1,0.648704,0.648704,0.648704,38.794002,2.169027
65,fft,fp32,forward,none,out-of-place,12,4096,1024,1,4096,online-reorder,radix4,0,32,9,2,0,0,named-barrier,1,0.662494,0.662494,0.662494,37.986500,2.215136
66,fft,fp32,forward,none,out-of-place,12,4096,1024,1,4096,online-reorder,radix4,0,256,10,4,0,0,named-barrier,1,0.716220,0.716220,0.716220,35.137016,2.394776
67,fft,fp32,forward,none,out-of-place,12,4096,1024,1,4096,online-reorder,radix4,0,256,8,1,0,0,named-barrier,1,0.857668,0.857668,0.857668,29.342143,2.867726
68,fft,fp32,forward,none,out-of-place,12,4096,1024,1,4096,online-reorder,radix4,0,256,9,2,0,0,named-barrier,1,0.891051,0.891051,0.891051,28.242866,2.979346
69,fft,fp32,forward,none,out-of-place,12,4096,1024,1,4096,online-reorder,radix4,0,128,10,2,0,0,named-barrier,1,0.943377,0.943377,0.943377,26.676315,3.154305
70,fft,fp32,forward,none,out-of-place,12,4096,1024,1,4096,online-reorder,radix4,0,64,10,2,0,0,named-barrier,1,0.957508,0.957508,0.957508,26.282618,3.201554
71,fft,fp32,forward,none,out-of-place,12,4096,1024,1,4096,online-reorder,radix4,0,32,10,2,0,0,named-barrier,1,1.009289,1.009289,1.009289,24.934221,3.374691
72,fft,fp32,forward,none,out-of-place,12,4096,1024,1,4096,online-reorder,radix4,0,128,9,1,0,0,named-barrier,1,1.047006,1.047006,1.047006,24.035991,3.500802
73,fft,fp32,forward,none,out-of-place,12,4096,1024,1,4096,online-reorder,radix4,0,64,9,1,0,0,named-barrier,1,1.064209,1.064209,1.064209,23.647443,3.558323
74,fft,fp32,forward,none,out-of-place,12,4096,1024,1,4096,online-reorder,radix4,0,32,9,1,0,0,named-barrier,1,1.101722,1.101722,1.101722,22.842273,3.683753
75,fft,fp32,forward,none,out-of-place,12,4096,1024,1,4096,online-reorder,radix4,0,256,10,2,0,0,named-barrier,1,1.227059,1.227059,1.227059,20.509056,4.102833
76,fft,fp32,forward,none,out-of-place,12,4096,1024,1,4096,online-reorder,radix4,0,256,9,1,0,0,named-barrier,1,1.552691,1.552691,1.552691,16.207875,5.191627
77,fft,fp32,forward,none,out-of-place,12,4096,1024,1,4096,online-reorder,radix4,0,128,10,1,0,0,named-barrier,1,1.682603,1.682603,1.682603,14.956487,5.626005
78,fft,fp32,forward,none,out-of-place,12,4096,1024,1,4096,online-reorder,radix4,0,64,10,1,0,0,named-barrier,1,1.724860,1.724860,1.724860,14.590070,5.767297
79,fft,fp32,forward,none,out-of-place,12,4096,1024,1,4096,online-reorder,radix4,0,32,10,1,0,0,named-barrier,1,1.950686,1.950686,1.950686,12.901013,6.522376
80,fft,fp32,forward,none,out-of-place,12,4096,1024,1,4096,online-reorder,radix4,0,256,10,1,0,0,named-barrier,1,2.237713,2.237713,2.237713,11.246225,7.482088
1,fft,fp32,forward,none,out-of-place,14,16384,256,1,16384,online-reorder,radix4,0,256,10,16,0,0,named-barrier,1,0.355669,0.355669,0.355669,82.548941,1.000000
2,fft,fp32,forward,none,out-of-place,14,16384,256,1,16384,online-reorder,radix4,0,128,10,16,0,0,named-barrier,1,0.359049,0.359049,0.359049,81.772036,1.009503
3,fft,fp32,forward,none,out-of-place,14,16384,256,1,16384,online-reorder,radix4,0,64,10,16,0,0,named-barrier,1,0.362155,0.362155,0.362155,81.070689,1.018236
4,fft,fp32,forward,none,out-of-place,14,16384,256,1,16384,online-reorder,radix4,0,64,10,8,0,0,named-barrier,1,0.366899,0.366899,0.366899,80.022329,1.031574
5,fft,fp32,forward,none,out-of-place,14,16384,256,1,16384,online-reorder,radix4,0,128,10,8,0,0,named-barrier,1,0.369493,0.369493,0.369493,79.460508,1.038868
6,fft,fp32,forward,none,out-of-place,14,16384,256,1,16384,online-reorder,radix4,0,64,10,4,0,0,named-barrier,1,0.373555,0.373555,0.373555,78.596488,1.050288
7,fft,fp32,forward,none,out-of-place,14,16384,256,1,16384,online-reorder,radix4,0,256,10,8,0,0,named-barrier,1,0.382805,0.382805,0.382805,76.697278,1.076296
8,fft,fp32,forward,none,out-of-place,14,16384,256,1,16384,online-reorder,radix4,0,128,10,4,0,0,named-barrier,1,0.395025,0.395025,0.395025,74.324720,1.110653
9,fft,fp32,forward,none,out-of-place,14,16384,256,1,16384,online-reorder,radix4,0,128,9,8,0,0,named-barrier,1,0.400179,0.400179,0.400179,73.367450,1.125144
10,fft,fp32,forward,none,out-of-place,14,16384,256,1,16384,online-reorder,radix4,0,256,9,16,0,0,named-barrier,1,0.400486,0.400486,0.400486,73.311172,1.126008
11,fft,fp32,forward,none,out-of-place,14,16384,256,1,16384,online-reorder,radix4,0,128,9,16,0,0,named-barrier,1,0.403422,0.403422,0.403422,72.777729,1.134262
12,fft,fp32,forward,none,out-of-place,14,16384,256,1,16384,online-reorder,radix4,0,64,8,4,0,0,named-barrier,1,0.406084,0.406084,0.406084,72.300585,1.141747
13,fft,fp32,forward,none,out-of-place,14,16384,256,1,16384,online-reorder,radix4,0,128,8,8,0,0,named-barrier,1,0.406255,0.406255,0.406255,72.270210,1.142228
14,fft,fp32,forward,none,out-of-place,14,16384,256,1,16384,online-reorder,radix4,0,128,8,4,0,0,named-barrier,1,0.406596,0.406596,0.406596,72.209535,1.143187
15,fft,fp32,forward,none,out-of-place,14,16384,256,1,16384,online-reorder,radix4,0,256,9,8,0,0,named-barrier,1,0.408610,0.408610,0.408610,71.853646,1.148849
16,fft,fp32,forward,none,out-of-place,14,16384,256,1,16384,online-reorder,radix4,0,256,8,8,0,0,named-barrier,1,0.409088,0.409088,0.409088,71.769709,1.150193
17,fft,fp32,forward,none,out-of-place,14,16384,256,1,16384,online-reorder,radix4,0,64,8,2,0,0,named-barrier,1,0.411034,0.411034,0.411034,71.429995,1.155664
18,fft,fp32,forward,none,out-of-place,14,16384,256,1,16384,online-reorder,radix4,0,256,8,16,0,0,named-barrier,1,0.412638,0.412638,0.412638,71.152288,1.160174
19,fft,fp32,forward,none,out-of-place,14,16384,256,1,16384,online-reorder,radix4,0,64,9,4,0,0,named-barrier,1,0.412774,0.412774,0.412774,71.128750,1.160557
20,fft,fp32,forward,none,out-of-place,14,16384,256,1,16384,online-reorder,radix4,0,32,8,4,0,0,named-barrier,1,0.414618,0.414618,0.414618,70.812547,1.165741
21,fft,fp32,forward,none,out-of-place,14,16384,256,1,16384,online-reorder,radix4,0,64,9,8,0,0,named-barrier,1,0.414788,0.414788,0.414788,70.783409,1.166219
22,fft,fp32,forward,none,out-of-place,14,16384,256,1,16384,online-reorder,radix4,0,32,8,2,0,0,named-barrier,1,0.415812,0.415812,0.415812,70.609092,1.169098
23,fft,fp32,forward,none,out-of-place,14,16384,256,1,16384,online-reorder,radix4,0,128,9,4,0,0,named-barrier,1,0.417894,0.417894,0.417894,70.257291,1.174952
24,fft,fp32,forward,none,out-of-place,14,16384,256,1,16384,online-reorder,radix4,0,32,10,8,0,0,named-barrier,1,0.417929,0.417929,0.417929,70.251550,1.175050
25,fft,fp32,forward,none,out-of-place,14,16384,256,1,16384,online-reorder,radix4,0,64,8,8,0,0,named-barrier,1,0.418884,0.418884,0.418884,70.091263,1.177735
26,fft,fp32,forward,none,out-of-place,14,16384,256,1,16384,online-reorder,radix4,0,128,8,16,0,0,named-barrier,1,0.419738,0.419738,0.419738,69.948767,1.180137
27,fft,fp32,forward,none,out-of-place,14,16384,256,1,16384,online-reorder,radix4,0,256,8,4,0,0,named-barrier,1,0.421342,0.421342,0.421342,69.682437,1.184646
28,fft,fp32,forward,none,out-of-place,14,16384,256,1,16384,online-reorder,radix4,0,32,8,1,0,0,named-barrier,1,0.421786,0.421786,0.421786,69.609125,1.185895
29,fft,fp32,forward,none,out-of-place,14,16384,256,1,16384,online-reorder,radix4,0,64,8,1,0,0,named-barrier,1,0.425301,0.425301,0.425301,69.033706,1.195778
30,fft,fp32,forward,none,out-of-place,14,16384,256,1,16384,online-reorder,radix4,0,32,10,16,0,0,named-barrier,1,0.426189,0.426189,0.426189,68.889957,1.198274
31,fft,fp32,forward,none,out-of-place,14,16384,256,1,16384,online-reorder,radix4,0,32,10,4,0,0,named-barrier,1,0.427452,0.427452,0.427452,68.686418,1.201825
32,fft,fp32,forward,none,out-of-place,14,16384,256,1,16384,online-reorder,radix4,0,128,8,2,0,0,named-barrier,1,0.427964,0.427964,0.427964,68.604243,1.203265
33,fft,fp32,forward,none,out-of-place,14,16384,256,1,16384,online-reorder,radix4,0,64,9,2,0,0,named-barrier,1,0.428271,0.428271,0.428271,68.555033,1.204128
34,fft,fp32,forward,none,out-of-place,14,16384,256,1,16384,online-reorder,radix4,0,64,9,16,0,0,named-barrier,1,0.428646,0.428646,0.428646,68.494981,1.205182
35,fft,fp32,forward,none,out-of-place,14,16384,256,1,16384,online-reorder,radix4,0,128,6,2,0,0,named-barrier,1,0.429807,0.429807,0.429807,68.310041,1.208447
36,fft,fp32,forward,none,out-of-place,14,16384,256,1,16384,online-reorder,radix4,0,128,8,1,0,0,named-barrier,1,0.431138,0.431138,0.431138,68.099122,1.212189
37,fft,fp32,forward,none,out-of-place,14,16384,256,1,16384,online-reorder,radix4,0,128,6,1,0,0,named-barrier,1,0.432299,0.432299,0.432299,67.916306,1.215453
38,fft,fp32,forward,none,out-of-place,14,16384,256,1,16384,online-reorder,radix4,0,256,6,4,0,0,named-barrier,1,0.432913,0.432913,0.432913,67.819912,1.217179
39,fft,fp32,forward,none,out-of-place,14,16384,256,1,16384,online-reorder,radix4,0,32,9,4,0,0,named-barrier,1,0.432981,0.432981,0.432981,67.809222,1.217371
40,fft,fp32,forward,none,out-of-place,14,16384,256,1,16384,online-reorder,radix4,0,64,6,1,0,0,named-barrier,1,0.433015,0.433015,0.433015,67.803878,1.217466
41,fft,fp32,forward,none,out-of-place,14,16384,256,1,16384,online-reorder,radix4,0,256,6,2,0,0,named-barrier,1,0.435780,0.435780,0.435780,67.373699,1.225240
42,fft,fp32,forward,none,out-of-place,14,16384,256,1,16384,online-reorder,radix4,0,32,8,8,0,0,named-barrier,1,0.436804,0.436804,0.436804,67.215754,1.228119
43,fft,fp32,forward,none,out-of-place,14,16384,256,1,16384,online-reorder,radix4,0,256,9,4,0,0,named-barrier,1,0.436873,0.436873,0.436873,67.205249,1.228313
44,fft,fp32,forward,none,out-of-place,14,16384,256,1,16384,online-reorder,radix4,0,32,9,8,0,0,named-barrier,1,0.437043,0.437043,0.437043,67.179008,1.228791
45,fft,fp32,forward,none,out-of-place,14,16384,256,1,16384,online-reorder,radix4,0,128,9,2,0,0,named-barrier,1,0.440695,0.440695,0.440695,66.622260,1.239059
46,fft,fp32,forward,none,out-of-place,14,16384,256,1,16384,online-reorder,radix4,0,256,6,1,0,0,named-barrier,1,0.441856,0.441856,0.441856,66.447277,1.242324
47,fft,fp32,forward,none,out-of-place,14,16384,256,1,16384,online-reorder,radix4,0,256,8,2,0,0,named-barrier,1,0.442095,0.442095,0.442095,66.411367,1.242996
48,fft,fp32,forward,none,out-of-place,14,16384,256,1,16384,online-reorder,radix4,0,64,10,2,0,0,named-barrier,1,0.442129,0.442129,0.442129,66.406237,1.243091
49,fft,fp32,forward,none,out-of-place,14,16384,256,1,16384,online-reorder,radix4,0,32,9,2,0,0,named-barrier,1,0.442436,0.442436,0.442436,66.360128,1.243954
50,fft,fp32,forward,none,out-of-place,14,16384,256,1,16384,online-reorder,radix4,0,64,9,1,0,0,named-barrier,1,0.444041,0.444041,0.444041,66.120382,1.248467
51,fft,fp32,forward,none,out-of-place,14,16384,256,1,16384,online-reorder,radix4,0,32,6,1,0,0,named-barrier,1,0.444143,0.444143,0.444143,66.105133,1.248754
52,fft,fp32,forward,none,out-of-place,14,16384,256,1,16384,online-reorder,radix4,0,128,6,4,0,0,named-barrier,1,0.445474,0.445474,0.445474,65.907591,1.252496
53,fft,fp32,forward,none,out-of-place,14,16384,256,1,16384,online-reorder,radix4,0,64,8,16,0,0,named-barrier,1,0.448171,0.448171,0.448171,65.511044,1.260079
54,fft,fp32,forward,none,out-of-place,14,16384,256,1,16384,online-reorder,radix4,0,32,9,1,0,0,named-barrier,1,0.452096,0.452096,0.452096,64.942244,1.271114
55,fft,fp32,forward,none,out-of-place,14,16384,256,1,16384,online-reorder,radix4,0,64,6,2,0,0,named-barrier,1,0.453666,0.453666,0.453666,64.717476,1.275529
56,fft,fp32,forward,none,out-of-place,14,16384,256,1,16384,online-reorder,radix4,0,256,10,4,0,0,named-barrier,1,0.463599,0.463599,0.463599,63.330883,1.303456
57,fft,fp32,forward,none,out-of-place,14,16384,256,1,16384,online-reorder,radix4,0,32,9,16,0,0,named-barrier,1,0.469265,0.469265,0.469265,62.566191,1.319387
58,fft,fp32,forward,none,out-of-place,14,16384,256,1,16384,online-reorder,radix4,0,64,6,4,0,0,named-barrier,1,0.471518,0.471518,0.471518,62.267262,1.325721
59,fft,fp32,forward,none,out-of-place,14,16384,256,1,16384,online-reorder,radix4,0,32,6,2,0,0,named-barrier,1,0.473190,0.473190,0.473190,62.047176,1.330422
60,fft,fp32,forward,none,out-of-place,14,16384,256,1,16384,online-reorder,radix4,0,128,10,2,0,0,named-barrier,1,0.473907,0.473907,0.473907,61.953331,1.332438
61,fft,fp32,forward,none,out-of-place,14,16384,256,1,16384,online-reorder,radix4,0,32,10,2,0,0,named-barrier,1,0.491213,0.491213,0.491213,59.770688,1.381096
62,fft,fp32,forward,none,out-of-place,14,16384,256,1,16384,online-reorder,radix4,0,256,9,2,0,0,named-barrier,1,0.495855,0.495855,0.495855,59.211126,1.394147
63,fft,fp32,forward,none,out-of-place,14,16384,256,1,16384,online-reorder,radix4,0,128,9,1,0,0,named-barrier,1,0.495991,0.495991,0.495991,59.194828,1.394530
64,fft,fp32,forward,none,out-of-place,14,16384,256,1,16384,online-reorder,radix4,0,256,8,1,0,0,named-barrier,1,0.504286,0.504286,0.504286,58.221199,1.417852
65,fft,fp32,forward,none,out-of-place,14,16384,256,1,16384,online-reorder,radix4,0,32,8,16,0,0,named-barrier,1,0.512683,0.512683,0.512683,57.267642,1.441461
66,fft,fp32,forward,none,out-of-place,14,16384,256,1,16384,online-reorder,radix4,0,32,6,4,0,0,named-barrier,1,0.555725,0.555725,0.555725,52.832136,1.562478
67,fft,fp32,forward,none,out-of-place,14,16384,256,1,16384,online-reorder,radix4,0,64,10,1,0,0,named-barrier,1,0.626927,0.626927,0.626927,46.831816,1.762670
68,fft,fp32,forward,none,out-of-place,14,16384,256,1,16384,online-reorder,radix4,0,256,10,2,0,0,named-barrier,1,0.634743,0.634743,0.634743,46.255110,1.784645
69,fft,fp32,forward,none,out-of-place,14,16384,256,1,16384,online-reorder,radix4,0,128,10,1,0,0,named-barrier,1,0.672256,0.672256,0.672256,43.674026,1.890117
70,fft,fp32,forward,none,out-of-place,14,16384,256,1,16384,online-reorder,radix4,0,32,10,1,0,0,named-barrier,1,0.675499,0.675499,0.675499,43.464376,1.899235
71,fft,fp32,forward,none,out-of-place,14,16384,256,1,16384,online-reorder,radix4,0,256,9,1,0,0,named-barrier,1,0.681608,0.681608,0.681608,43.074768,1.916411
72,fft,fp32,forward,none,out-of-place,14,16384,256,1,16384,online-reorder,radix4,0,256,10,1,0,0,named-barrier,1,1.012565,1.012565,1.012565,28.995785,2.846931
1,fft,fp32,forward,none,out-of-place,16,65536,64,1,65536,online-reorder,radix4,0,256,10,8,0,0,named-barrier,1,0.419430,0.419430,0.419430,79.999999,1.000000
2,fft,fp32,forward,none,out-of-place,16,65536,64,1,65536,online-reorder,radix4,0,256,9,4,0,0,named-barrier,1,0.424243,0.424243,0.424243,79.092448,1.011475
3,fft,fp32,forward,none,out-of-place,16,65536,64,1,65536,online-reorder,radix4,0,256,10,16,0,0,named-barrier,1,0.424346,0.424346,0.424346,79.073362,1.011721
4,fft,fp32,forward,none,out-of-place,16,65536,64,1,65536,online-reorder,radix4,0,256,9,8,0,0,named-barrier,1,0.427213,0.427213,0.427213,78.542665,1.018556
5,fft,fp32,forward,none,out-of-place,16,65536,64,1,65536,online-reorder,radix4,0,128,9,4,0,0,named-barrier,1,0.427759,0.427759,0.427759,78.442382,1.019858
6,fft,fp32,forward,none,out-of-place,16,65536,64,1,65536,online-reorder,radix4,0,256,8,4,0,0,named-barrier,1,0.431172,0.431172,0.431172,77.821403,1.027995
7,fft,fp32,forward,none,out-of-place,16,65536,64,1,65536,online-reorder,radix4,0,128,8,2,0,0,named-barrier,1,0.431206,0.431206,0.431206,77.815250,1.028076
8,fft,fp32,forward,none,out-of-place,16,65536,64,1,65536,online-reorder,radix4,0,128,9,2,0,0,named-barrier,1,0.431753,0.431753,0.431753,77.716816,1.029380
9,fft,fp32,forward,none,out-of-place,16,65536,64,1,65536,online-reorder,radix4,0,128,10,8,0,0,named-barrier,1,0.432606,0.432606,0.432606,77.563517,1.031414
10,fft,fp32,forward,none,out-of-place,16,65536,64,1,65536,online-reorder,radix4,0,128,10,4,0,0,named-barrier,1,0.433254,0.433254,0.433254,77.447414,1.032959
11,fft,fp32,forward,none,out-of-place,16,65536,64,1,65536,online-reorder,radix4,0,256,8,2,0,0,named-barrier,1,0.435166,0.435166,0.435166,77.107221,1.037518
12,fft,fp32,forward,none,out-of-place,16,65536,64,1,65536,online-reorder,radix4,0,256,10,4,0,0,named-barrier,1,0.436019,0.436019,0.436019,76.956315,1.039551
13,fft,fp32,forward,none,out-of-place,16,65536,64,1,65536,online-reorder,radix4,0,64,8,1,0,0,named-barrier,1,0.438750,0.438750,0.438750,76.477364,1.046063
14,fft,fp32,forward,none,out-of-place,16,65536,64,1,65536,online-reorder,radix4,0,64,10,4,0,0,named-barrier,1,0.439194,0.439194,0.439194,76.400092,1.047121
15,fft,fp32,forward,none,out-of-place,16,65536,64,1,65536,online-reorder,radix4,0,128,8,1,0,0,named-barrier,1,0.441276,0.441276,0.441276,76.039607,1.052085
16,fft,fp32,forward,none,out-of-place,16,65536,64,1,65536,online-reorder,radix4,0,128,9,8,0,0,named-barrier,1,0.442470,0.442470,0.442470,75.834297,1.054932
17,fft,fp32,forward,none,out-of-place,16,65536,64,1,65536,online-reorder,radix4,0,64,10,2,0,0,named-barrier,1,0.443085,0.443085,0.443085,75.729142,1.056398
18,fft,fp32,forward,none,out-of-place,16,65536,64,1,65536,online-reorder,radix4,0,128,10,16,0,0,named-barrier,1,0.446430,0.446430,0.446430,75.161713,1.064373
19,fft,fp32,forward,none,out-of-place,16,65536,64,1,65536,online-reorder,radix4,0,256,9,2,0,0,named-barrier,1,0.446464,0.446464,0.446464,75.155963,1.064454
20,fft,fp32,forward,none,out-of-place,16,65536,64,1,65536,online-reorder,radix4,0,128,8,4,0,0,named-barrier,1,0.446805,0.446805,0.446805,75.098549,1.065267
21,fft,fp32,forward,none,out-of-place,16,65536,64,1,65536,online-reorder,radix4,0,64,9,2,0,0,named-barrier,1,0.447283,0.447283,0.447283,75.018314,1.066407
22,fft,fp32,forward,none,out-of-place,16,65536,64,1,65536,online-reorder,radix4,0,64,9,1,0,0,named-barrier,1,0.448375,0.448375,0.448375,74.835562,1.069010
23,fft,fp32,forward,none,out-of-place,16,65536,64,1,65536,online-reorder,radix4,0,256,8,1,0,0,named-barrier,1,0.448410,0.448410,0.448410,74.829872,1.069094
24,fft,fp32,forward,none,out-of-place,16,65536,64,1,65536,online-reorder,radix4,0,128,9,1,0,0,named-barrier,1,0.450253,0.450253,0.450253,74.523539,1.073488
25,fft,fp32,forward,none,out-of-place,16,65536,64,1,65536,online-reorder,radix4,0,256,10,2,0,0,named-barrier,1,0.451413,0.451413,0.451413,74.331947,1.076253
26,fft,fp32,forward,none,out-of-place,16,65536,64,1,65536,online-reorder,radix4,0,64,10,8,0,0,named-barrier,1,0.453632,0.453632,0.453632,73.968398,1.081544
27,fft,fp32,forward,none,out-of-place,16,65536,64,1,65536,online-reorder,radix4,0,128,10,2,0,0,named-barrier,1,0.455851,0.455851,0.455851,73.608387,1.086835
28,fft,fp32,forward,none,out-of-place,16,65536,64,1,65536,online-reorder,radix4,0,64,8,2,0,0,named-barrier,1,0.459127,0.459127,0.459127,73.083044,1.094645
29,fft,fp32,forward,none,out-of-place,16,65536,64,1,65536,online-reorder,radix4,0,32,8,1,0,0,named-barrier,1,0.459810,0.459810,0.459810,72.974537,1.096274
30,fft,fp32,forward,none,out-of-place,16,65536,64,1,65536,online-reorder,radix4,0,64,10,1,0,0,named-barrier,1,0.464145,0.464145,0.464145,72.292985,1.106609
31,fft,fp32,forward,none,out-of-place,16,65536,64,1,65536,online-reorder,radix4,0,64,9,4,0,0,named-barrier,1,0.465169,0.465169,0.465169,72.133841,1.109050
32,fft,fp32,forward,none,out-of-place,16,65536,64,1,65536,online-reorder,radix4,0,256,9,1,0,0,named-barrier,1,0.466842,0.466842,0.466842,71.875410,1.113039
33,fft,fp32,forward,none,out-of-place,16,65536,64,1,65536,online-reorder,radix4,0,32,9,1,0,0,named-barrier,1,0.470665,0.470665,0.470665,71.291610,1.122154
34,fft,fp32,forward,none,out-of-place,16,65536,64,1,65536,online-reorder,radix4,0,128,10,1,0,0,named-barrier,1,0.475375,0.475375,0.475375,70.585198,1.133383
35,fft,fp32,forward,none,out-of-place,16,65536,64,1,65536,online-reorder,radix4,0,32,9,2,0,0,named-barrier,1,0.480597,0.480597,0.480597,69.818180,1.145834
36,fft,fp32,forward,none,out-of-place,16,65536,64,1,65536,online-reorder,radix4,0,64,8,4,0,0,named-barrier,1,0.483055,0.483055,0.483055,69.462973,1.151694
37,fft,fp32,forward,none,out-of-place,16,65536,64,1,65536,online-reorder,radix4,0,256,6,1,0,0,named-barrier,1,0.483465,0.483465,0.483465,69.404122,1.152671
38,fft,fp32,forward,none,out-of-place,16,65536,64,1,65536,online-reorder,radix4,0,32,8,2,0,0,named-barrier,1,0.487219,0.487219,0.487219,68.869271,1.161622
39,fft,fp32,forward,none,out-of-place,16,65536,64,1,65536,online-reorder,radix4,0,128,6,1,0,0,named-barrier,1,0.489199,0.489199,0.489199,68.590564,1.166342
40,fft,fp32,forward,none,out-of-place,16,65536,64,1,65536,online-reorder,radix4,0,64,10,16,0,0,named-barrier,1,0.491588,0.491588,0.491588,68.257187,1.172038
41,fft,fp32,forward,none,out-of-place,16,65536,64,1,65536,online-reorder,radix4,0,64,9,8,0,0,named-barrier,1,0.494899,0.494899,0.494899,67.800536,1.179932
42,fft,fp32,forward,none,out-of-place,16,65536,64,1,65536,online-reorder,radix4,0,32,10,2,0,0,named-barrier,1,0.496538,0.496538,0.496538,67.576821,1.183840
43,fft,fp32,forward,none,out-of-place,16,65536,64,1,65536,online-reorder,radix4,0,32,10,4,0,0,named-barrier,1,0.502409,0.502409,0.502409,66.787142,1.197838
44,fft,fp32,forward,none,out-of-place,16,65536,64,1,65536,online-reorder,radix4,0,32,9,4,0,0,named-barrier,1,0.506709,0.506709,0.506709,66.220276,1.208090
45,fft,fp32,forward,none,out-of-place,16,65536,64,1,65536,online-reorder,radix4,0,32,10,1,0,0,named-barrier,1,0.517564,0.517564,0.517564,64.831502,1.233970
46,fft,fp32,forward,none,out-of-place,16,65536,64,1,65536,online-reorder,radix4,0,256,10,1,0,0,named-barrier,1,0.521148,0.521148,0.521148,64.385644,1.242515
47,fft,fp32,forward,none,out-of-place,16,65536,64,1,65536,online-reorder,radix4,0,64,6,1,0,0,named-barrier,1,0.524595,0.524595,0.524595,63.962522,1.250733
48,fft,fp32,forward,none,out-of-place,16,65536,64,1,65536,online-reorder,radix4,0,32,10,8,0,0,named-barrier,1,0.527428,0.527428,0.527428,63.618949,1.257488
49,fft,fp32,forward,none,out-of-place,16,65536,64,1,65536,online-reorder,radix4,0,32,6,1,0,0,named-barrier,1,0.597982,0.597982,0.597982,56.112791,1.425702
50,fft,fp32,forward,none,out-of-place,16,65536,64,1,65536,online-reorder,radix4,0,32,9,8,0,0,named-barrier,1,0.598255,0.598255,0.598255,56.087181,1.426352
51,fft,fp32,forward,none,out-of-place,16,65536,64,1,65536,online-reorder,radix4,0,32,10,16,0,0,named-barrier,1,0.598528,0.598528,0.598528,56.061594,1.427003
52,fft,fp32,forward,none,out-of-place,16,65536,64,1,65536,online-reorder,radix4,0,32,8,4,0,0,named-barrier,1,0.598733,0.598733,0.598733,56.042412,1.427492
1,fft,fp32,forward,none,out-of-place,18,262144,16,1,262144,online-reorder,radix4,0,256,10,4,0,0,named-barrier,1,0.446123,0.446123,0.446123,84.615147,1.000000
2,fft,fp32,forward,none,out-of-place,18,262144,16,1,262144,online-reorder,radix4,0,256,10,2,0,0,named-barrier,1,0.449809,0.449809,0.449809,83.921686,1.008262
3,fft,fp32,forward,none,out-of-place,18,262144,16,1,262144,online-reorder,radix4,0,128,9,1,0,0,named-barrier,1,0.462780,0.462780,0.462780,81.569554,1.037337
4,fft,fp32,forward,none,out-of-place,18,262144,16,1,262144,online-reorder,radix4,0,256,9,1,0,0,named-barrier,1,0.465954,0.465954,0.465954,81.013841,1.044452
5,fft,fp32,forward,none,out-of-place,18,262144,16,1,262144,online-reorder,radix4,0,128,10,2,0,0,named-barrier,1,0.469265,0.469265,0.469265,80.442245,1.051874
6,fft,fp32,forward,none,out-of-place,18,262144,16,1,262144,online-reorder,radix4,0,256,9,2,0,0,named-barrier,1,0.469367,0.469367,0.469367,80.424695,1.052102
7,fft,fp32,forward,none,out-of-place,18,262144,16,1,262144,online-reorder,radix4,0,256,10,1,0,0,named-barrier,1,0.471484,0.471484,0.471484,80.063707,1.056848
8,fft,fp32,forward,none,out-of-place,18,262144,16,1,262144,online-reorder,radix4,0,64,10,1,0,0,named-barrier,1,0.473054,0.473054,0.473054,79.797964,1.060367
9,fft,fp32,forward,none,out-of-place,18,262144,16,1,262144,online-reorder,radix4,0,128,10,1,0,0,named-barrier,1,0.484181,0.484181,0.484181,77.964045,1.085308
10,fft,fp32,forward,none,out-of-place,18,262144,16,1,262144,online-reorder,radix4,0,128,9,2,0,0,named-barrier,1,0.486298,0.486298,0.486298,77.624762,1.090054
11,fft,fp32,forward,none,out-of-place,18,262144,16,1,262144,online-reorder,radix4,0,128,10,4,0,0,named-barrier,1,0.487731,0.487731,0.487731,77.396601,1.093266
12,fft,fp32,forward,none,out-of-place,18,262144,16,1,262144,online-reorder,radix4,0,256,8,1,0,0,named-barrier,1,0.489813,0.489813,0.489813,77.067597,1.097933
13,fft,fp32,forward,none,out-of-place,18,262144,16,1,262144,online-reorder,radix4,0,128,8,1,0,0,named-barrier,1,0.495002,0.495002,0.495002,76.259824,1.109564
14,fft,fp32,forward,none,out-of-place,18,262144,16,1,262144,online-reorder,radix4,0,64,10,2,0,0,named-barrier,1,0.496435,0.496435,0.496435,76.039605,1.112776
15,fft,fp32,forward,none,out-of-place,18,262144,16,1,262144,online-reorder,radix4,0,64,10,4,0,0,named-barrier,1,0.520977,0.520977,0.520977,72.457575,1.167788
16,fft,fp32,forward,none,out-of-place,18,262144,16,1,262144,online-reorder,radix4,0,64,9,1,0,0,named-barrier,1,0.528759,0.528759,0.528759,71.391129,1.185231
17,fft,fp32,forward,none,out-of-place,18,262144,16,1,262144,online-reorder,radix4,0,64,8,1,0,0,named-barrier,1,0.536201,0.536201,0.536201,70.400409,1.201913
18,fft,fp32,forward,none,out-of-place,18,262144,16,1,262144,online-reorder,radix4,0,64,9,2,0,0,named-barrier,1,0.552858,0.552858,0.552858,68.279314,1.239250
19,fft,fp32,forward,none,out-of-place,18,262144,16,1,262144,online-reorder,radix4,0,32,10,1,0,0,named-barrier,1,0.554359,0.554359,0.554359,68.094333,1.242615
20,fft,fp32,forward,none,out-of-place,18,262144,16,1,262144,online-reorder,radix4,0,32,9,1,0,0,named-barrier,1,0.558626,0.558626,0.558626,67.574241,1.252179
21,fft,fp32,forward,none,out-of-place,18,262144,16,1,262144,online-reorder,radix4,0,32,10,2,0,0,named-barrier,1,0.584260,0.584260,0.584260,64.609457,1.309639
22,fft,fp32,forward,none,out-of-place,18,262144,16,1,262144,online-reorder,radix4,0,32,8,1,0,0,named-barrier,1,0.631637,0.631637,0.631637,59.763307,1.415836
23,fft,fp32,forward,none,out-of-place,18,262144,16,1,262144,online-reorder,radix4,0,32,9,2,0,0,named-barrier,1,0.654575,0.654575,0.654575,57.669083,1.467252
24,fft,fp32,forward,none,out-of-place,18,262144,16,1,262144,online-reorder,radix4,0,32,10,4,0,0,named-barrier,1,0.722671,0.722671,0.722671,52.235029,1.619892
1,fft,fp32,forward,none,out-of-place,20,1048576,4,1,1048576,online-reorder,radix4,0,256,10,1,0,0,named-barrier,1,0.639283,0.639283,0.639283,65.609485,1.000000
2,fft,fp32,forward,none,out-of-place,20,1048576,4,1,1048576,online-reorder,radix4,0,128,10,1,0,0,named-barrier,1,0.680482,0.680482,0.680482,61.637238,1.064446
3,fft,fp32,forward,none,out-of-place,20,1048576,4,1,1048576,online-reorder,radix4,0,64,10,1,0,0,named-barrier,1,0.701235,0.701235,0.701235,59.813086,1.096909
4,fft,fp32,forward,none,out-of-place,20,1048576,4,1,1048576,online-reorder,radix4,0,32,10,1,0,0,named-barrier,1,0.804181,0.804181,0.804181,52.156197,1.257942
1,fwht,fp32,forward,none,out-of-place,12,4096,1024,1,4096,online-reorder,radix4,0,128,10,16,0,0,named-barrier,1,0.162987,0.162987,0.162987,154.404189,1.000000
2,fwht,fp32,forward,none,out-of-place,12,4096,1024,1,4096,online-reorder,radix4,0,128,9,16,0,0,named-barrier,1,0.169438,0.169438,0.169438,148.525379,1.039580
3,fwht,fp32,forward,none,out-of-place,12,4096,1024,1,4096,online-reorder,radix4,0,64,10,16,0,0,named-barrier,1,0.171213,0.171213,0.171213,146.985640,1.050470
4,fwht,fp32,forward,none,out-of-place,12,4096,1024,1,4096,online-reorder,radix4,0,64,9,16,0,0,named-barrier,1,0.173295,0.173295,0.173295,145.219619,1.063244
5,fwht,fp32,forward,none,out-of-place,12,4096,1024,1,4096,online-reorder,radix4,0,32,9,16,0,0,named-barrier,1,0.185446,0.185446,0.185446,135.704023,1.137796
6,fwht,fp32,forward,none,out-of-place,12,4096,1024,1,4096,online-reorder,radix4,0,256,10,16,0,0,named-barrier,1,0.190737,0.190737,0.190737,131.939870,1.170259
7,fwht,fp32,forward,none,out-of-place,12,4096,1024,1,4096,online-reorder,radix4,0,32,10,16,0,0,named-barrier,1,0.192171,0.192171,0.192171,130.955596,1.179057
8,fwht,fp32,forward,none,out-of-place,12,4096,1024,1,4096,online-reorder,radix4,0,256,9,16,0,0,named-barrier,1,0.198554,0.198554,0.198554,126.745750,1.218220
9,fwht,fp32,forward,none,out-of-place,12,4096,1024,1,4096,online-reorder,radix4,0,128,9,8,0,0,named-barrier,1,0.216303,0.216303,0.216303,116.345275,1.327118
10,fwht,fp32,forward,none,out-of-place,12,4096,1024,1,4096,online-reorder,radix4,0,64,9,8,0,0,named-barrier,1,0.221628,0.221628,0.221628,113.549980,1.359789
11,fwht,fp32,forward,none,out-of-place,12,4096,1024,1,4096,online-reorder,radix4,0,32,9,8,0,0,named-barrier,1,0.229581,0.229581,0.229581,109.616412,1.408585
12,fwht,fp32,forward,none,out-of-place,12,4096,1024,1,4096,online-reorder,radix4,0,256,8,16,0,0,named-barrier,1,0.232926,0.232926,0.232926,108.042206,1.429108
13,fwht,fp32,forward,none,out-of-place,12,4096,1024,1,4096,online-reorder,radix4,0,128,8,8,0,0,named-barrier,1,0.232994,0.232994,0.232994,108.010552,1.429525
14,fwht,fp32,forward,none,out-of-place,12,4096,1024,1,4096,online-reorder,radix4,0,128,8,16,0,0,named-barrier,1,0.233540,0.233540,0.233540,107.757965,1.432875
15,fwht,fp32,forward,none,out-of-place,12,4096,1024,1,4096,online-reorder,radix4,0,64,8,8,0,0,named-barrier,1,0.235042,0.235042,0.235042,107.069420,1.442090
16,fwht,fp32,forward,none,out-of-place,12,4096,1024,1,4096,online-reorder,radix4,0,64,8,16,0,0,named-barrier,1,0.235827,0.235827,0.235827,106.712980,1.446907
17,fwht,fp32,forward,none,out-of-place,12,4096,1024,1,4096,online-reorder,radix4,0,32,8,8,0,0,named-barrier,1,0.239718,0.239718,0.239718,104.980774,1.470780
18,fwht,fp32,forward,none,out-of-place,12,4096,1024,1,4096,online-reorder,radix4,0,32,8,16,0,0,named-barrier,1,0.241937,0.241937,0.241937,104.018057,1.484394
19,fwht,fp32,forward,none,out-of-place,12,4096,1024,1,4096,online-reorder,radix4,0,256,8,8,0,0,named-barrier,1,0.245965,0.245965,0.245965,102.314740,1.509108
20,fwht,fp32,forward,none,out-of-place,12,4096,1024,1,4096,online-reorder,radix4,0,128,8,4,0,0,named-barrier,1,0.250709,0.250709,0.250709,100.378492,1.538215
21,fwht,fp32,forward,none,out-of-place,12,4096,1024,1,4096,online-reorder,radix4,0,64,8,4,0,0,named-barrier,1,0.251665,0.251665,0.251665,99.997292,1.544080
22,fwht,fp32,forward,none,out-of-place,12,4096,1024,1,4096,online-reorder,radix4,0,128,10,8,0,0,named-barrier,1,0.255420,0.255420,0.255420,98.527329,1.567119
23,fwht,fp32,forward,none,out-of-place,12,4096,1024,1,4096,online-reorder,radix4,0,32,8,4,0,0,named-barrier,1,0.255625,0.255625,0.255625,98.448391,1.568377
24,fwht,fp32,forward,none,out-of-place,12,4096,1024,1,4096,online-reorder,radix4,0,64,10,8,0,0,named-barrier,1,0.263100,0.263100,0.263100,95.651273,1.614239
25,fwht,fp32,forward,none,out-of-place,12,4096,1024,1,4096,online-reorder,radix4,0,256,9,8,0,0,named-barrier,1,0.264431,0.264431,0.264431,95.169741,1.622405
26,fwht,fp32,forward,none,out-of-place,12,4096,1024,1,4096,online-reorder,radix4,0,32,10,8,0,0,named-barrier,1,0.284023,0.284023,0.284023,88.604736,1.742611
27,fwht,fp32,forward,none,out-of-place,12,4096,1024,1,4096,online-reorder,radix4,0,256,10,8,0,0,named-barrier,1,0.301261,0.301261,0.301261,83.535010,1.848374
28,fwht,fp32,forward,none,out-of-place,12,4096,1024,1,4096,online-reorder,radix4,0,256,8,4,0,0,named-barrier,1,0.306586,0.306586,0.306586,82.084166,1.881046
29,fwht,fp32,forward,none,out-of-place,12,4096,1024,1,4096,online-reorder,radix4,0,32,6,1,0,0,named-barrier,1,0.314027,0.314027,0.314027,80.139126,1.926700
30,fwht,fp32,forward,none,out-of-place,12,4096,1024,1,4096,online-reorder,radix4,0,64,6,1,0,0,named-barrier,1,0.314129,0.314129,0.314129,80.113010,1.927325
31,fwht,fp32,forward,none,out-of-place,12,4096,1024,1,4096,online-reorder,radix4,0,128,6,2,0,0,named-barrier,1,0.314163,0.314163,0.314163,80.104300,1.927534
32,fwht,fp32,forward,none,out-of-place,12,4096,1024,1,4096,online-reorder,radix4,0,64,6,2,0,0,named-barrier,1,0.314743,0.314743,0.314743,79.956623,1.931093
33,fwht,fp32,forward,none,out-of-place,12,4096,1024,1,4096,online-reorder,radix4,0,32,6,2,0,0,named-barrier,1,0.314948,0.314948,0.314948,79.904629,1.932350
34,fwht,fp32,forward,none,out-of-place,12,4096,1024,1,4096,online-reorder,radix4,0,128,6,1,0,0,named-barrier,1,0.315221,0.315221,0.315221,79.835407,1.934025
35,fwht,fp32,forward,none,out-of-place,12,4096,1024,1,4096,online-reorder,radix4,0,128,9,4,0,0,named-barrier,1,0.316075,0.316075,0.316075,79.619870,1.939265
36,fwht,fp32,forward,none,out-of-place,12,4096,1024,1,4096,online-reorder,radix4,0,64,9,4,0,0,named-barrier,1,0.321536,0.321536,0.321536,78.267515,1.972771
37,fwht,fp32,forward,none,out-of-place,12,4096,1024,1,4096,online-reorder,radix4,0,32,9,4,0,0,named-barrier,1,0.328670,0.328670,0.328670,76.568697,2.016541
38,fwht,fp32,forward,none,out-of-place,12,4096,1024,1,4096,online-reorder,radix4,0,256,6,1,0,0,named-barrier,1,0.354065,0.354065,0.354065,71.076835,2.172351
39,fwht,fp32,forward,none,out-of-place,12,4096,1024,1,4096,online-reorder,radix4,0,128,8,2,0,0,named-barrier,1,0.357956,0.357956,0.357956,70.304182,2.196224
40,fwht,fp32,forward,none,out-of-place,12,4096,1024,1,4096,online-reorder,radix4,0,64,8,2,0,0,named-barrier,1,0.358844,0.358844,0.358844,70.130313,2.201673
41,fwht,fp32,forward,none,out-of-place,12,4096,1024,1,4096,online-reorder,radix4,0,32,8,2,0,0,named-barrier,1,0.362257,0.362257,0.362257,69.469519,2.222613
42,fwht,fp32,forward,none,out-of-place,12,4096,1024,1,4096,online-reorder,radix4,0,128,6,4,0,0,named-barrier,1,0.364851,0.364851,0.364851,68.975587,2.238528
43,fwht,fp32,forward,none,out-of-place,12,4096,1024,1,4096,online-reorder,radix4,0,64,6,4,0,0,named-barrier,1,0.366490,0.366490,0.366490,68.667228,2.248584
44,fwht,fp32,forward,none,out-of-place,12,4096,1024,1,4096,online-reorder,radix4,0,128,6,8,0,0,named-barrier,1,0.367616,0.367616,0.367616,68.456825,2.255493
45,fwht,fp32,forward,none,out-of-place,12,4096,1024,1,4096,online-reorder,radix4,0,32,6,4,0,0,named-barrier,1,0.368060,0.368060,0.368060,68.374294,2.258217
46,fwht,fp32,forward,none,out-of-place,12,4096,1024,1,4096,online-reorder,radix4,0,256,6,4,0,0,named-barrier,1,0.369323,0.369323,0.369323,68.140477,2.265966
47,fwht,fp32,forward,none,out-of-place,12,4096,1024,1,4096,online-reorder,radix4,0,256,6,8,0,0,named-barrier,1,0.369903,0.369903,0.369903,68.033588,2.269525
48,fwht,fp32,forward,none,out-of-place,12,4096,1024,1,4096,online-reorder,radix4,0,256,6,2,0,0,named-barrier,1,0.370654,0.370654,0.370654,67.895760,2.274132
49,fwht,fp32,forward,none,out-of-place,12,4096,1024,1,4096,online-reorder,radix4,0,64,6,8,0,0,named-barrier,1,0.371098,0.371098,0.371098,67.814571,2.276856
50,fwht,fp32,forward,none,out-of-place,12,4096,1024,1,4096,online-reorder,radix4,0,128,6,16,0,0,named-barrier,1,0.373555,0.373555,0.373555,67.368419,2.291931
51,fwht,fp32,forward,none,out-of-place,12,4096,1024,1,4096,online-reorder,radix4,0,256,6,16,0,0,named-barrier,1,0.373726,0.373726,0.373726,67.337657,2.292980
52,fwht,fp32,forward,none,out-of-place,12,4096,1024,1,4096,online-reorder,radix4,0,32,6,8,0,0,named-barrier,1,0.377310,0.377310,0.377310,66.698029,2.314970
53,fwht,fp32,forward,none,out-of-place,12,4096,1024,1,4096,online-reorder,radix4,0,64,6,16,0,0,named-barrier,1,0.381508,0.381508,0.381508,65.964034,2.340727
54,fwht,fp32,forward,none,out-of-place,12,4096,1024,1,4096,online-reorder,radix4,0,256,9,4,0,0,named-barrier,1,0.396937,0.396937,0.396937,63.400120,2.435391
55,fwht,fp32,forward,none,out-of-place,12,4096,1024,1,4096,online-reorder,radix4,0,32,6,16,0,0,named-barrier,1,0.405026,0.405026,0.405026,62.133832,2.485020
56,fwht,fp32,forward,none,out-of-place,12,4096,1024,1,4096,online-reorder,radix4,0,128,10,4,0,0,named-barrier,1,0.440422,0.440422,0.440422,57.140198,2.702191
57,fwht,fp32,forward,none,out-of-place,12,4096,1024,1,4096,online-reorder,radix4,0,256,8,2,0,0,named-barrier,1,0.447010,0.447010,0.447010,56.298107,2.742611
58,fwht,fp32,forward,none,out-of-place,12,4096,1024,1,4096,online-reorder,radix4,0,64,10,4,0,0,named-barrier,1,0.448171,0.448171,0.448171,56.152324,2.749735
59,fwht,fp32,forward,none,out-of-place,12,4096,1024,1,4096,online-reorder,radix4,0,32,10,4,0,0,named-barrier,1,0.469948,0.469948,0.469948,53.550262,2.883347
60,fwht,fp32,forward,none,out-of-place,12,4096,1024,1,4096,online-reorder,radix4,0,128,9,2,0,0,named-barrier,1,0.515891,0.515891,0.515891,48.781263,3.165228
61,fwht,fp32,forward,none,out-of-place,12,4096,1024,1,4096,online-reorder,radix4,0,64,9,2,0,0,named-barrier,1,0.521216,0.521216,0.521216,48.282904,3.197899
62,fwht,fp32,forward,none,out-of-place,12,4096,1024,1,4096,online-reorder,radix4,0,32,9,2,0,0,named-barrier,1,0.531456,0.531456,0.531456,47.352602,3.260726
63,fwht,fp32,forward,none,out-of-place,12,4096,1024,1,4096,online-reorder,radix4,0,256,10,4,0,0,named-barrier,1,0.539614,0.539614,0.539614,46.636728,3.310779
64,fwht,fp32,forward,none,out-of-place,12,4096,1024,1,4096,online-reorder,radix4,0,128,8,1,0,0,named-barrier,1,0.572314,0.572314,0.572314,43.972088,3.511409
65,fwht,fp32,forward,none,out-of-place,12,4096,1024,1,4096,online-reorder,radix4,0,64,8,1,0,0,named-barrier,1,0.573372,0.573372,0.573372,43.890937,3.517900
66,fwht,fp32,forward,none,out-of-place,12,4096,1024,1,4096,online-reorder,radix4,0,32,8,1,0,0,named-barrier,1,0.576853,0.576853,0.576853,43.626035,3.539258
67,fwht,fp32,forward,none,out-of-place,12,4096,1024,1,4096,online-reorder,radix4,0,256,9,2,0,0,named-barrier,1,0.680721,0.680721,0.680721,36.969361,4.176536
68,fwht,fp32,forward,none,out-of-place,12,4096,1024,1,4096,online-reorder,radix4,0,256,8,1,0,0,named-barrier,1,0.754586,0.754586,0.754586,33.350524,4.629731
69,fwht,fp32,forward,none,out-of-place,12,4096,1024,1,4096,online-reorder,radix4,0,128,10,2,0,0,named-barrier,1,0.810325,0.810325,0.810325,31.056445,4.971716
70,fwht,fp32,forward,none,out-of-place,12,4096,1024,1,4096,online-reorder,radix4,0,64,10,2,0,0,named-barrier,1,0.818381,0.818381,0.818381,30.750752,5.021143
71,fwht,fp32,forward,none,out-of-place,12,4096,1024,1,4096,online-reorder,radix4,0,32,10,2,0,0,named-barrier,1,0.840841,0.840841,0.840841,29.929366,5.158945
72,fwht,fp32,forward,none,out-of-place,12,4096,1024,1,4096,online-reorder,radix4,0,128,9,1,0,0,named-barrier,1,0.983142,0.983142,0.983142,25.597333,6.032027
73,fwht,fp32,forward,none,out-of-place,12,4096,1024,1,4096,online-reorder,radix4,0,64,9,1,0,0,named-barrier,1,0.988638,0.988638,0.988638,25.455048,6.065748
74,fwht,fp32,forward,none,out-of-place,12,4096,1024,1,4096,online-reorder,radix4,0,32,9,1,0,0,named-barrier,1,0.996454,0.996454,0.996454,25.255369,6.113702
75,fwht,fp32,forward,none,out-of-place,12,4096,1024,1,4096,online-reorder,radix4,0,256,10,2,0,0,named-barrier,1,1.005329,1.005329,1.005329,25.032426,6.168155
76,fwht,fp32,forward,none,out-of-place,12,4096,1024,1,4096,online-reorder,radix4,0,256,9,1,0,0,named-barrier,1,1.327582,1.327582,1.327582,18.956137,8.145324
77,fwht,fp32,forward,none,out-of-place,12,4096,1024,1,4096,online-reorder,radix4,0,128,10,1,0,0,named-barrier,1,1.553510,1.553510,1.553510,16.199327,9.531496
78,fwht,fp32,forward,none,out-of-place,12,4096,1024,1,4096,online-reorder,radix4,0,64,10,1,0,0,named-barrier,1,1.680896,1.680896,1.680896,14.971672,10.313068
79,fwht,fp32,forward,none,out-of-place,12,4096,1024,1,4096,online-reorder,radix4,0,32,10,1,0,0,named-barrier,1,1.703936,1.703936,1.703936,14.769231,10.454429
80,fwht,fp32,forward,none,out-of-place,12,4096,1024,1,4096,online-reorder,radix4,0,256,10,1,0,0,named-barrier,1,1.932663,1.932663,1.932663,13.021317,11.857774
1,fwht,fp32,forward,none,out-of-place,14,16384,256,1,16384,online-reorder,radix4,0,256,10,16,0,0,named-barrier,1,0.204151,0.204151,0.204151,143.815416,1.000000
2,fwht,fp32,forward,none,out-of-place,14,16384,256,1,16384,online-reorder,radix4,0,128,10,8,0,0,named-barrier,1,0.208247,0.208247,0.208247,140.986723,1.020064
3,fwht,fp32,forward,none,out-of-place,14,16384,256,1,16384,online-reorder,radix4,0,128,10,16,0,0,named-barrier,1,0.208623,0.208623,0.208623,140.732985,1.021905
4,fwht,fp32,forward,none,out-of-place,14,16384,256,1,16384,online-reorder,radix4,0,64,10,8,0,0,named-barrier,1,0.215620,0.215620,0.215620,136.165903,1.056179
5,fwht,fp32,forward,none,out-of-place,14,16384,256,1,16384,online-reorder,radix4,0,64,10,16,0,0,named-barrier,1,0.216030,0.216030,0.216030,135.907726,1.058187
6,fwht,fp32,forward,none,out-of-place,14,16384,256,1,16384,online-reorder,radix4,0,256,10,8,0,0,named-barrier,1,0.217429,0.217429,0.217429,135.032963,1.065040
7,fwht,fp32,forward,none,out-of-place,14,16384,256,1,16384,online-reorder,radix4,0,128,10,4,0,0,named-barrier,1,0.224017,0.224017,0.224017,131.062013,1.097310
8,fwht,fp32,forward,none,out-of-place,14,16384,256,1,16384,online-reorder,radix4,0,64,10,4,0,0,named-barrier,1,0.231765,0.231765,0.231765,126.680414,1.135263
9,fwht,fp32,forward,none,out-of-place,14,16384,256,1,16384,online-reorder,radix4,0,32,10,8,0,0,named-barrier,1,0.239479,0.239479,0.239479,122.599772,1.173048
10,fwht,fp32,forward,none,out-of-place,14,16384,256,1,16384,online-reorder,radix4,0,32,10,16,0,0,named-barrier,1,0.241801,0.241801,0.241801,121.422926,1.184422
11,fwht,fp32,forward,none,out-of-place,14,16384,256,1,16384,online-reorder,radix4,0,32,10,4,0,0,named-barrier,1,0.254805,0.254805,0.254805,115.225723,1.248120
12,fwht,fp32,forward,none,out-of-place,14,16384,256,1,16384,online-reorder,radix4,0,256,10,4,0,0,named-barrier,1,0.268766,0.268766,0.268766,109.240538,1.316506
13,fwht,fp32,forward,none,out-of-place,14,16384,256,1,16384,online-reorder,radix4,0,256,8,2,0,0,named-barrier,1,0.310955,0.310955,0.310955,94.419321,1.523162
14,fwht,fp32,forward,none,out-of-place,14,16384,256,1,16384,online-reorder,radix4,0,256,8,4,0,0,named-barrier,1,0.311057,0.311057,0.311057,94.388238,1.523661
15,fwht,fp32,forward,none,out-of-place,14,16384,256,1,16384,online-reorder,radix4,0,128,6,1,0,0,named-barrier,1,0.311228,0.311228,0.311228,94.336476,1.524499
16,fwht,fp32,forward,none,out-of-place,14,16384,256,1,16384,online-reorder,radix4,0,128,8,2,0,0,named-barrier,1,0.311433,0.311433,0.311433,94.274448,1.525503
17,fwht,fp32,forward,none,out-of-place,14,16384,256,1,16384,online-reorder,radix4,0,256,8,8,0,0,named-barrier,1,0.311808,0.311808,0.311808,94.160914,1.527340
18,fwht,fp32,forward,none,out-of-place,14,16384,256,1,16384,online-reorder,radix4,0,128,8,4,0,0,named-barrier,1,0.312013,0.312013,0.312013,94.099116,1.528344
19,fwht,fp32,forward,none,out-of-place,14,16384,256,1,16384,online-reorder,radix4,0,64,6,1,0,0,named-barrier,1,0.312525,0.312525,0.312525,93.944955,1.530852
20,fwht,fp32,forward,none,out-of-place,14,16384,256,1,16384,online-reorder,radix4,0,64,8,1,0,0,named-barrier,1,0.312593,0.312593,0.312593,93.924436,1.531185
21,fwht,fp32,forward,none,out-of-place,14,16384,256,1,16384,online-reorder,radix4,0,128,8,1,0,0,named-barrier,1,0.312695,0.312695,0.312695,93.893678,1.531685
22,fwht,fp32,forward,none,out-of-place,14,16384,256,1,16384,online-reorder,radix4,0,64,8,2,0,0,named-barrier,1,0.313105,0.313105,0.313105,93.770846,1.533693
23,fwht,fp32,forward,none,out-of-place,14,16384,256,1,16384,online-reorder,radix4,0,128,6,2,0,0,named-barrier,1,0.313617,0.313617,0.313617,93.617758,1.536201
24,fwht,fp32,forward,none,out-of-place,14,16384,256,1,16384,online-reorder,radix4,0,32,6,1,0,0,named-barrier,1,0.314129,0.314129,0.314129,93.465178,1.538709
25,fwht,fp32,forward,none,out-of-place,14,16384,256,1,16384,online-reorder,radix4,0,32,8,1,0,0,named-barrier,1,0.314129,0.314129,0.314129,93.465178,1.538709
26,fwht,fp32,forward,none,out-of-place,14,16384,256,1,16384,online-reorder,radix4,0,128,8,8,0,0,named-barrier,1,0.314266,0.314266,0.314266,93.424566,1.539380
27,fwht,fp32,forward,none,out-of-place,14,16384,256,1,16384,online-reorder,radix4,0,64,8,4,0,0,named-barrier,1,0.314573,0.314573,0.314573,93.333330,1.540884
28,fwht,fp32,forward,none,out-of-place,14,16384,256,1,16384,online-reorder,radix4,0,32,8,2,0,0,named-barrier,1,0.314880,0.314880,0.314880,93.242281,1.542388
29,fwht,fp32,forward,none,out-of-place,14,16384,256,1,16384,online-reorder,radix4,0,256,8,16,0,0,named-barrier,1,0.315085,0.315085,0.315085,93.181666,1.543392
30,fwht,fp32,forward,none,out-of-place,14,16384,256,1,16384,online-reorder,radix4,0,256,6,1,0,0,named-barrier,1,0.316553,0.316553,0.316553,92.749618,1.550583
31,fwht,fp32,forward,none,out-of-place,14,16384,256,1,16384,online-reorder,radix4,0,128,10,2,0,0,named-barrier,1,0.316621,0.316621,0.316621,92.729626,1.550916
32,fwht,fp32,forward,none,out-of-place,14,16384,256,1,16384,online-reorder,radix4,0,256,9,4,0,0,named-barrier,1,0.317338,0.317338,0.317338,92.520167,1.554428
33,fwht,fp32,forward,none,out-of-place,14,16384,256,1,16384,online-reorder,radix4,0,64,6,2,0,0,named-barrier,1,0.317440,0.317440,0.317440,92.490322,1.554927
34,fwht,fp32,forward,none,out-of-place,14,16384,256,1,16384,online-reorder,radix4,0,256,6,2,0,0,named-barrier,1,0.317440,0.317440,0.317440,92.490322,1.554927
35,fwht,fp32,forward,none,out-of-place,14,16384,256,1,16384,online-reorder,radix4,0,256,9,8,0,0,named-barrier,1,0.317474,0.317474,0.317474,92.480372,1.555094
36,fwht,fp32,forward,none,out-of-place,14,16384,256,1,16384,online-reorder,radix4,0,32,8,4,0,0,named-barrier,1,0.317747,0.317747,0.317747,92.400901,1.556431
37,fwht,fp32,forward,none,out-of-place,14,16384,256,1,16384,online-reorder,radix4,0,256,9,16,0,0,named-barrier,1,0.318225,0.318225,0.318225,92.262150,1.558773
38,fwht,fp32,forward,none,out-of-place,14,16384,256,1,16384,online-reorder,radix4,0,64,8,8,0,0,named-barrier,1,0.318703,0.318703,0.318703,92.123816,1.561114
39,fwht,fp32,forward,none,out-of-place,14,16384,256,1,16384,online-reorder,radix4,0,128,6,4,0,0,named-barrier,1,0.319317,0.319317,0.319317,91.946550,1.564122
40,fwht,fp32,forward,none,out-of-place,14,16384,256,1,16384,online-reorder,radix4,0,128,9,4,0,0,named-barrier,1,0.319386,0.319386,0.319386,91.926903,1.564460
41,fwht,fp32,forward,none,out-of-place,14,16384,256,1,16384,online-reorder,radix4,0,128,9,8,0,0,named-barrier,1,0.319761,0.319761,0.319761,91.818958,1.566297
42,fwht,fp32,forward,none,out-of-place,14,16384,256,1,16384,online-reorder,radix4,0,128,9,2,0,0,named-barrier,1,0.320410,0.320410,0.320410,91.633102,1.569476
43,fwht,fp32,forward,none,out-of-place,14,16384,256,1,16384,online-reorder,radix4,0,128,8,16,0,0,named-barrier,1,0.320546,0.320546,0.320546,91.594083,1.570142
44,fwht,fp32,forward,none,out-of-place,14,16384,256,1,16384,online-reorder,radix4,0,256,6,4,0,0,named-barrier,1,0.321092,0.321092,0.321092,91.438296,1.572816
45,fwht,fp32,forward,none,out-of-place,14,16384,256,1,16384,online-reorder,radix4,0,128,9,16,0,0,named-barrier,1,0.321741,0.321741,0.321741,91.253985,1.575995
46,fwht,fp32,forward,none,out-of-place,14,16384,256,1,16384,online-reorder,radix4,0,64,9,2,0,0,named-barrier,1,0.322253,0.322253,0.322253,91.108990,1.578503
47,fwht,fp32,forward,none,out-of-place,14,16384,256,1,16384,online-reorder,radix4,0,64,9,4,0,0,named-barrier,1,0.322492,0.322492,0.322492,91.041490,1.579674
48,fwht,fp32,forward,none,out-of-place,14,16384,256,1,16384,online-reorder,radix4,0,32,6,2,0,0,named-barrier,1,0.322901,0.322901,0.322901,90.926003,1.581677
49,fwht,fp32,forward,none,out-of-place,14,16384,256,1,16384,online-reorder,radix4,0,64,9,8,0,0,named-barrier,1,0.323686,0.323686,0.323686,90.705467,1.585522
50,fwht,fp32,forward,none,out-of-place,14,16384,256,1,16384,online-reorder,radix4,0,64,10,2,0,0,named-barrier,1,0.324164,0.324164,0.324164,90.571758,1.587864
51,fwht,fp32,forward,none,out-of-place,14,16384,256,1,16384,online-reorder,radix4,0,32,8,8,0,0,named-barrier,1,0.326178,0.326178,0.326178,90.012558,1.597729
52,fwht,fp32,forward,none,out-of-place,14,16384,256,1,16384,online-reorder,radix4,0,64,6,4,0,0,named-barrier,1,0.327031,0.327031,0.327031,89.777686,1.601907
53,fwht,fp32,forward,none,out-of-place,14,16384,256,1,16384,online-reorder,radix4,0,64,9,16,0,0,named-barrier,1,0.327305,0.327305,0.327305,89.702790,1.603250
54,fwht,fp32,forward,none,out-of-place,14,16384,256,1,16384,online-reorder,radix4,0,32,9,2,0,0,named-barrier,1,0.327646,0.327646,0.327646,89.609334,1.604920
55,fwht,fp32,forward,none,out-of-place,14,16384,256,1,16384,online-reorder,radix4,0,32,9,4,0,0,named-barrier,1,0.328567,0.328567,0.328567,89.357986,1.609431
56,fwht,fp32,forward,none,out-of-place,14,16384,256,1,16384,online-reorder,radix4,0,64,8,16,0,0,named-barrier,1,0.328738,0.328738,0.328738,89.311593,1.610269
57,fwht,fp32,forward,none,out-of-place,14,16384,256,1,16384,online-reorder,radix4,0,32,9,8,0,0,named-barrier,1,0.330547,0.330547,0.330547,88.822797,1.619130
58,fwht,fp32,forward,none,out-of-place,14,16384,256,1,16384,online-reorder,radix4,0,32,9,16,0,0,named-barrier,1,0.340855,0.340855,0.340855,86.136588,1.669622
59,fwht,fp32,forward,none,out-of-place,14,16384,256,1,16384,online-reorder,radix4,0,256,8,1,0,0,named-barrier,1,0.344986,0.344986,0.344986,85.105371,1.689857
60,fwht,fp32,forward,none,out-of-place,14,16384,256,1,16384,online-reorder,radix4,0,32,10,2,0,0,named-barrier,1,0.345975,0.345975,0.345975,84.861880,1.694701
61,fwht,fp32,forward,none,out-of-place,14,16384,256,1,16384,online-reorder,radix4,0,32,8,16,0,0,named-barrier,1,0.347375,0.347375,0.347375,84.519993,1.701559
62,fwht,fp32,forward,none,out-of-place,14,16384,256,1,16384,online-reorder,radix4,0,256,9,2,0,0,named-barrier,1,0.348194,0.348194,0.348194,84.321148,1.705571
63,fwht,fp32,forward,none,out-of-place,14,16384,256,1,16384,online-reorder,radix4,0,32,6,4,0,0,named-barrier,1,0.350447,0.350447,0.350447,83.779104,1.716607
64,fwht,fp32,forward,none,out-of-place,14,16384,256,1,16384,online-reorder,radix4,0,128,9,1,0,0,named-barrier,1,0.352017,0.352017,0.352017,83.405416,1.724297
65,fwht,fp32,forward,none,out-of-place,14,16384,256,1,16384,online-reorder,radix4,0,64,9,1,0,0,named-barrier,1,0.354714,0.354714,0.354714,82.771365,1.737508
66,fwht,fp32,forward,none,out-of-place,14,16384,256,1,16384,online-reorder,radix4,0,32,9,1,0,0,named-barrier,1,0.360448,0.360448,0.360448,81.454545,1.765595
67,fwht,fp32,forward,none,out-of-place,14,16384,256,1,16384,online-reorder,radix4,0,256,10,2,0,0,named-barrier,1,0.391578,0.391578,0.391578,74.979079,1.918080
68,fwht,fp32,forward,none,out-of-place,14,16384,256,1,16384,online-reorder,radix4,0,256,9,1,0,0,named-barrier,1,0.458206,0.458206,0.458206,64.076284,2.244447
69,fwht,fp32,forward,none,out-of-place,14,16384,256,1,16384,online-reorder,radix4,0,128,10,1,0,0,named-barrier,1,0.501658,0.501658,0.501658,58.526229,2.457289
70,fwht,fp32,forward,none,out-of-place,14,16384,256,1,16384,online-reorder,radix4,0,64,10,1,0,0,named-barrier,1,0.509474,0.509474,0.509474,57.628304,2.495574
71,fwht,fp32,forward,none,out-of-place,14,16384,256,1,16384,online-reorder,radix4,0,32,10,1,0,0,named-barrier,1,0.531388,0.531388,0.531388,55.251797,2.602916
72,fwht,fp32,forward,none,out-of-place,14,16384,256,1,16384,online-reorder,radix4,0,256,10,1,0,0,named-barrier,1,0.656691,0.656691,0.656691,44.709185,3.216693
1,fwht,fp32,forward,none,out-of-place,16,65536,64,1,65536,online-reorder,radix4,0,256,8,1,0,0,named-barrier,1,0.310306,0.310306,0.310306,108.133319,1.000000
2,fwht,fp32,forward,none,out-of-place,16,65536,64,1,65536,online-reorder,radix4,0,256,8,2,0,0,named-barrier,1,0.311228,0.311228,0.311228,107.813115,1.002971
3,fwht,fp32,forward,none,out-of-place,16,65536,64,1,65536,online-reorder,radix4,0,128,8,1,0,0,named-barrier,1,0.311262,0.311262,0.311262,107.801295,1.003081
4,fwht,fp32,forward,none,out-of-place,16,65536,64,1,65536,online-reorder,radix4,0,128,8,2,0,0,named-barrier,1,0.313344,0.313344,0.313344,107.084967,1.009790
5,fwht,fp32,forward,none,out-of-place,16,65536,64,1,65536,online-reorder,radix4,0,64,8,1,0,0,named-barrier,1,0.313958,0.313958,0.313958,106.875416,1.011769
6,fwht,fp32,forward,none,out-of-place,16,65536,64,1,65536,online-reorder,radix4,0,256,8,4,0,0,named-barrier,1,0.314675,0.314675,0.314675,106.631952,1.014080
7,fwht,fp32,forward,none,out-of-place,16,65536,64,1,65536,online-reorder,radix4,0,256,9,2,0,0,named-barrier,1,0.316450,0.316450,0.316450,106.033874,1.019800
8,fwht,fp32,forward,none,out-of-place,16,65536,64,1,65536,online-reorder,radix4,0,32,8,1,0,0,named-barrier,1,0.317065,0.317065,0.317065,105.828392,1.021782
9,fwht,fp32,forward,none,out-of-place,16,65536,64,1,65536,online-reorder,radix4,0,256,10,8,0,0,named-barrier,1,0.317372,0.317372,0.317372,105.725965,1.022771
10,fwht,fp32,forward,none,out-of-place,16,65536,64,1,65536,online-reorder,radix4,0,256,9,4,0,0,named-barrier,1,0.317440,0.317440,0.317440,105.703225,1.022990
11,fwht,fp32,forward,none,out-of-place,16,65536,64,1,65536,online-reorder,radix4,0,128,9,1,0,0,named-barrier,1,0.317918,0.317918,0.317918,105.544346,1.024531
12,fwht,fp32,forward,none,out-of-place,16,65536,64,1,65536,online-reorder,radix4,0,256,9,1,0,0,named-barrier,1,0.317952,0.317952,0.317952,105.533009,1.024640
13,fwht,fp32,forward,none,out-of-place,16,65536,64,1,65536,online-reorder,radix4,0,64,8,2,0,0,named-barrier,1,0.318123,0.318123,0.318123,105.476389,1.025191
14,fwht,fp32,forward,none,out-of-place,16,65536,64,1,65536,online-reorder,radix4,0,128,9,2,0,0,named-barrier,1,0.318635,0.318635,0.318635,105.306912,1.026841
15,fwht,fp32,forward,none,out-of-place,16,65536,64,1,65536,online-reorder,radix4,0,128,8,4,0,0,named-barrier,1,0.319317,0.319317,0.319317,105.081772,1.029039
16,fwht,fp32,forward,none,out-of-place,16,65536,64,1,65536,online-reorder,radix4,0,256,10,16,0,0,named-barrier,1,0.320000,0.320000,0.320000,104.857593,1.031240
17,fwht,fp32,forward,none,out-of-place,16,65536,64,1,65536,online-reorder,radix4,0,256,9,8,0,0,named-barrier,1,0.320512,0.320512,0.320512,104.690097,1.032890
18,fwht,fp32,forward,none,out-of-place,16,65536,64,1,65536,online-reorder,radix4,0,128,9,4,0,0,named-barrier,1,0.320683,0.320683,0.320683,104.634387,1.033441
19,fwht,fp32,forward,none,out-of-place,16,65536,64,1,65536,online-reorder,radix4,0,128,10,4,0,0,named-barrier,1,0.321741,0.321741,0.321741,104.290269,1.036851
20,fwht,fp32,forward,none,out-of-place,16,65536,64,1,65536,online-reorder,radix4,0,128,10,8,0,0,named-barrier,1,0.322321,0.322321,0.322321,104.102513,1.038720
21,fwht,fp32,forward,none,out-of-place,16,65536,64,1,65536,online-reorder,radix4,0,64,9,1,0,0,named-barrier,1,0.322628,0.322628,0.322628,104.003378,1.039709
22,fwht,fp32,forward,none,out-of-place,16,65536,64,1,65536,online-reorder,radix4,0,256,10,4,0,0,named-barrier,1,0.322833,0.322833,0.322833,103.937409,1.040370
23,fwht,fp32,forward,none,out-of-place,16,65536,64,1,65536,online-reorder,radix4,0,64,9,2,0,0,named-barrier,1,0.323652,0.323652,0.323652,103.674330,1.043009
24,fwht,fp32,forward,none,out-of-place,16,65536,64,1,65536,online-reorder,radix4,0,32,8,2,0,0,named-barrier,1,0.325018,0.325018,0.325018,103.238815,1.047411
25,fwht,fp32,forward,none,out-of-place,16,65536,64,1,65536,online-reorder,radix4,0,128,10,2,0,0,named-barrier,1,0.326383,0.326383,0.326383,102.806944,1.051810
26,fwht,fp32,forward,none,out-of-place,16,65536,64,1,65536,online-reorder,radix4,0,128,9,8,0,0,named-barrier,1,0.326622,0.326622,0.326622,102.731731,1.052580
27,fwht,fp32,forward,none,out-of-place,16,65536,64,1,65536,online-reorder,radix4,0,64,9,4,0,0,named-barrier,1,0.327236,0.327236,0.327236,102.538855,1.054559
28,fwht,fp32,forward,none,out-of-place,16,65536,64,1,65536,online-reorder,radix4,0,64,8,4,0,0,named-barrier,1,0.327441,0.327441,0.327441,102.474721,1.055220
29,fwht,fp32,forward,none,out-of-place,16,65536,64,1,65536,online-reorder,radix4,0,32,9,1,0,0,named-barrier,1,0.327612,0.327612,0.327612,102.421334,1.055771
30,fwht,fp32,forward,none,out-of-place,16,65536,64,1,65536,online-reorder,radix4,0,128,10,16,0,0,named-barrier,1,0.327782,0.327782,0.327782,102.368003,1.056319
31,fwht,fp32,forward,none,out-of-place,16,65536,64,1,65536,online-reorder,radix4,0,256,10,2,0,0,named-barrier,1,0.327885,0.327885,0.327885,102.336042,1.056651
32,fwht,fp32,forward,none,out-of-place,16,65536,64,1,65536,online-reorder,radix4,0,64,10,2,0,0,named-barrier,1,0.328021,0.328021,0.328021,102.293440,1.057089
33,fwht,fp32,forward,none,out-of-place,16,65536,64,1,65536,online-reorder,radix4,0,64,10,4,0,0,named-barrier,1,0.328533,0.328533,0.328533,102.134030,1.058739
34,fwht,fp32,forward,none,out-of-place,16,65536,64,1,65536,online-reorder,radix4,0,32,9,2,0,0,named-barrier,1,0.329660,0.329660,0.329660,101.785040,1.062371
35,fwht,fp32,forward,none,out-of-place,16,65536,64,1,65536,online-reorder,radix4,0,128,6,1,0,0,named-barrier,1,0.330001,0.330001,0.330001,101.679772,1.063470
36,fwht,fp32,forward,none,out-of-place,16,65536,64,1,65536,online-reorder,radix4,0,128,10,1,0,0,named-barrier,1,0.330923,0.330923,0.330923,101.396597,1.066441
37,fwht,fp32,forward,none,out-of-place,16,65536,64,1,65536,online-reorder,radix4,0,64,10,8,0,0,named-barrier,1,0.331810,0.331810,0.331810,101.125404,1.069299
38,fwht,fp32,forward,none,out-of-place,16,65536,64,1,65536,online-reorder,radix4,0,256,6,1,0,0,named-barrier,1,0.332459,0.332459,0.332459,100.928138,1.071391
39,fwht,fp32,forward,none,out-of-place,16,65536,64,1,65536,online-reorder,radix4,0,64,6,1,0,0,named-barrier,1,0.334165,0.334165,0.334165,100.412675,1.076889
40,fwht,fp32,forward,none,out-of-place,16,65536,64,1,65536,online-reorder,radix4,0,64,10,1,0,0,named-barrier,1,0.334507,0.334507,0.334507,100.310206,1.077991
41,fwht,fp32,forward,none,out-of-place,16,65536,64,1,65536,online-reorder,radix4,0,64,9,8,0,0,named-barrier,1,0.335940,0.335940,0.335940,99.882136,1.082609
42,fwht,fp32,forward,none,out-of-place,16,65536,64,1,65536,online-reorder,radix4,0,32,9,4,0,0,named-barrier,1,0.336452,0.336452,0.336452,99.730138,1.084259
43,fwht,fp32,forward,none,out-of-place,16,65536,64,1,65536,online-reorder,radix4,0,64,10,16,0,0,named-barrier,1,0.341129,0.341129,0.341129,98.363019,1.099331
44,fwht,fp32,forward,none,out-of-place,16,65536,64,1,65536,online-reorder,radix4,0,32,10,2,0,0,named-barrier,1,0.347750,0.347750,0.347750,96.489989,1.120668
45,fwht,fp32,forward,none,out-of-place,16,65536,64,1,65536,online-reorder,radix4,0,32,10,4,0,0,named-barrier,1,0.350379,0.350379,0.350379,95.766197,1.129140
46,fwht,fp32,forward,none,out-of-place,16,65536,64,1,65536,online-reorder,radix4,0,32,8,4,0,0,named-barrier,1,0.350447,0.350447,0.350447,95.747547,1.129359
47,fwht,fp32,forward,none,out-of-place,16,65536,64,1,65536,online-reorder,radix4,0,256,10,1,0,0,named-barrier,1,0.351164,0.351164,0.351164,95.552096,1.131670
48,fwht,fp32,forward,none,out-of-place,16,65536,64,1,65536,online-reorder,radix4,0,32,10,1,0,0,named-barrier,1,0.355840,0.355840,0.355840,94.296396,1.146739
49,fwht,fp32,forward,none,out-of-place,16,65536,64,1,65536,online-reorder,radix4,0,32,6,1,0,0,named-barrier,1,0.356352,0.356352,0.356352,94.160919,1.148389
50,fwht,fp32,forward,none,out-of-place,16,65536,64,1,65536,online-reorder,radix4,0,32,10,8,0,0,named-barrier,1,0.358673,0.358673,0.358673,93.551580,1.155869
51,fwht,fp32,forward,none,out-of-place,16,65536,64,1,65536,online-reorder,radix4,0,32,9,8,0,0,named-barrier,1,0.364681,0.364681,0.364681,92.010477,1.175230
52,fwht,fp32,forward,none,out-of-place,16,65536,64,1,65536,online-reorder,radix4,0,32,10,16,0,0,named-barrier,1,0.381542,0.381542,0.381542,87.944180,1.229567
1,fwht,fp32,forward,none,out-of-place,18,262144,16,1,262144,online-reorder,radix4,0,256,9,1,0,0,named-barrier,1,0.313344,0.313344,0.313344,120.470588,1.000000
2,fwht,fp32,forward,none,out-of-place,18,262144,16,1,262144,online-reorder,radix4,0,256,8,1,0,0,named-barrier,1,0.314641,0.314641,0.314641,119.973967,1.004139
3,fwht,fp32,forward,none,out-of-place,18,262144,16,1,262144,online-reorder,radix4,0,256,10,1,0,0,named-barrier,1,0.315665,0.315665,0.315665,119.584775,1.007407
4,fwht,fp32,forward,none,out-of-place,18,262144,16,1,262144,online-reorder,radix4,0,256,10,2,0,0,named-barrier,1,0.316245,0.316245,0.316245,119.365348,1.009258
5,fwht,fp32,forward,none,out-of-place,18,262144,16,1,262144,online-reorder,radix4,0,256,9,2,0,0,named-barrier,1,0.316518,0.316518,0.316518,119.262376,1.010129
6,fwht,fp32,forward,none,out-of-place,18,262144,16,1,262144,online-reorder,radix4,0,128,9,1,0,0,named-barrier,1,0.316689,0.316689,0.316689,119.198100,1.010675
7,fwht,fp32,forward,none,out-of-place,18,262144,16,1,262144,online-reorder,radix4,0,256,10,4,0,0,named-barrier,1,0.319113,0.319113,0.319113,118.292874,1.018411
8,fwht,fp32,forward,none,out-of-place,18,262144,16,1,262144,online-reorder,radix4,0,128,8,1,0,0,named-barrier,1,0.319863,0.319863,0.319863,118.015152,1.020805
9,fwht,fp32,forward,none,out-of-place,18,262144,16,1,262144,online-reorder,radix4,0,128,10,1,0,0,named-barrier,1,0.319863,0.319863,0.319863,118.015152,1.020805
10,fwht,fp32,forward,none,out-of-place,18,262144,16,1,262144,online-reorder,radix4,0,128,10,2,0,0,named-barrier,1,0.321536,0.321536,0.321536,117.401272,1.026144
11,fwht,fp32,forward,none,out-of-place,18,262144,16,1,262144,online-reorder,radix4,0,128,9,2,0,0,named-barrier,1,0.322492,0.322492,0.322492,117.053344,1.029195
12,fwht,fp32,forward,none,out-of-place,18,262144,16,1,262144,online-reorder,radix4,0,64,9,1,0,0,named-barrier,1,0.323209,0.323209,0.323209,116.793756,1.031483
13,fwht,fp32,forward,none,out-of-place,18,262144,16,1,262144,online-reorder,radix4,0,128,10,4,0,0,named-barrier,1,0.326554,0.326554,0.326554,115.597361,1.042158
14,fwht,fp32,forward,none,out-of-place,18,262144,16,1,262144,online-reorder,radix4,0,64,10,1,0,0,named-barrier,1,0.327612,0.327612,0.327612,115.224001,1.045535
15,fwht,fp32,forward,none,out-of-place,18,262144,16,1,262144,online-reorder,radix4,0,64,8,1,0,0,named-barrier,1,0.328090,0.328090,0.328090,115.056182,1.047060
16,fwht,fp32,forward,none,out-of-place,18,262144,16,1,262144,online-reorder,radix4,0,64,10,2,0,0,named-barrier,1,0.331298,0.331298,0.331298,113.941888,1.057298
17,fwht,fp32,forward,none,out-of-place,18,262144,16,1,262144,online-reorder,radix4,0,64,9,2,0,0,named-barrier,1,0.332698,0.332698,0.332698,113.462604,1.061766
18,fwht,fp32,forward,none,out-of-place,18,262144,16,1,262144,online-reorder,radix4,0,32,9,1,0,0,named-barrier,1,0.333892,0.333892,0.333892,113.056628,1.065576
19,fwht,fp32,forward,none,out-of-place,18,262144,16,1,262144,online-reorder,radix4,0,64,10,4,0,0,named-barrier,1,0.341265,0.341265,0.341265,110.614118,1.089107
20,fwht,fp32,forward,none,out-of-place,18,262144,16,1,262144,online-reorder,radix4,0,32,10,1,0,0,named-barrier,1,0.347273,0.347273,0.347273,108.700615,1.108280
21,fwht,fp32,forward,none,out-of-place,18,262144,16,1,262144,online-reorder,radix4,0,32,8,1,0,0,named-barrier,1,0.348160,0.348160,0.348160,108.423530,1.111111
22,fwht,fp32,forward,none,out-of-place,18,262144,16,1,262144,online-reorder,radix4,0,32,10,2,0,0,named-barrier,1,0.355499,0.355499,0.355499,106.185308,1.134533
23,fwht,fp32,forward,none,out-of-place,18,262144,16,1,262144,online-reorder,radix4,0,32,9,2,0,0,named-barrier,1,0.359253,0.359253,0.359253,105.075530,1.146513
24,fwht,fp32,forward,none,out-of-place,18,262144,16,1,262144,online-reorder,radix4,0,32,10,4,0,0,named-barrier,1,0.384205,0.384205,0.384205,98.251598,1.226144
1,fwht,fp32,forward,none,out-of-place,20,1048576,4,1,1048576,online-reorder,radix4,0,256,10,1,0,0,named-barrier,1,0.319215,0.319215,0.319215,131.394351,1.000000
2,fwht,fp32,forward,none,out-of-place,20,1048576,4,1,1048576,online-reorder,radix4,0,128,10,1,0,0,named-barrier,1,0.327100,0.327100,0.327100,128.227066,1.024701
3,fwht,fp32,forward,none,out-of-place,20,1048576,4,1,1048576,online-reorder,radix4,0,64,10,1,0,0,named-barrier,1,0.341197,0.341197,0.341197,122.929170,1.068863
4,fwht,fp32,forward,none,out-of-place,20,1048576,4,1,1048576,online-reorder,radix4,0,32,10,1,0,0,named-barrier,1,0.381815,0.381815,0.381815,109.851601,1.196106
1,xor-zeta,uint32,forward,none,out-of-place,12,4096,1024,1,4096,online-reorder,radix4,0,128,10,16,0,0,named-barrier,1,0.162679,0.162679,0.162679,154.695765,1.000000
2,xor-zeta,uint32,forward,none,out-of-place,12,4096,1024,1,4096,online-reorder,radix4,0,64,10,16,0,0,named-barrier,1,0.170837,0.170837,0.170837,147.308683,1.050148
3,xor-zeta,uint32,forward,none,out-of-place,12,4096,1024,1,4096,online-reorder,radix4,0,128,9,16,0,0,named-barrier,1,0.181897,0.181897,0.181897,138.352419,1.118134
4,xor-zeta,uint32,forward,none,out-of-place,12,4096,1024,1,4096,online-reorder,radix4,0,64,9,16,0,0,named-barrier,1,0.185856,0.185856,0.185856,135.404959,1.142471
5,xor-zeta,uint32,forward,none,out-of-place,12,4096,1024,1,4096,online-reorder,radix4,0,32,10,16,0,0,named-barrier,1,0.189781,0.189781,0.189781,132.604313,1.166598
6,xor-zeta,uint32,forward,none,out-of-place,12,4096,1024,1,4096,online-reorder,radix4,0,256,10,16,0,0,named-barrier,1,0.190089,0.190089,0.190089,132.390022,1.168491
7,xor-zeta,uint32,forward,none,out-of-place,12,4096,1024,1,4096,online-reorder,radix4,0,32,9,16,0,0,named-barrier,1,0.197359,0.197359,0.197359,127.512979,1.213181
8,xor-zeta,uint32,forward,none,out-of-place,12,4096,1024,1,4096,online-reorder,radix4,0,256,9,16,0,0,named-barrier,1,0.213060,0.213060,0.213060,118.115984,1.309696
9,xor-zeta,uint32,forward,none,out-of-place,12,4096,1024,1,4096,online-reorder,radix4,0,128,9,8,0,0,named-barrier,1,0.231936,0.231936,0.231936,108.503315,1.425728
10,xor-zeta,uint32,forward,none,out-of-place,12,4096,1024,1,4096,online-reorder,radix4,0,128,8,8,0,0,named-barrier,1,0.232687,0.232687,0.232687,108.153145,1.430344
11,xor-zeta,uint32,forward,none,out-of-place,12,4096,1024,1,4096,online-reorder,radix4,0,256,8,16,0,0,named-barrier,1,0.233028,0.233028,0.233028,107.994729,1.432441
12,xor-zeta,uint32,forward,none,out-of-place,12,4096,1024,1,4096,online-reorder,radix4,0,128,8,16,0,0,named-barrier,1,0.233438,0.233438,0.233438,107.805235,1.434961
13,xor-zeta,uint32,forward,none,out-of-place,12,4096,1024,1,4096,online-reorder,radix4,0,64,8,8,0,0,named-barrier,1,0.234837,0.234837,0.234837,107.162795,1.443561
14,xor-zeta,uint32,forward,none,out-of-place,12,4096,1024,1,4096,online-reorder,radix4,0,64,8,16,0,0,named-barrier,1,0.235759,0.235759,0.235759,106.743878,1.449228
15,xor-zeta,uint32,forward,none,out-of-place,12,4096,1024,1,4096,online-reorder,radix4,0,64,9,8,0,0,named-barrier,1,0.237329,0.237329,0.237329,106.037682,1.458879
16,xor-zeta,uint32,forward,none,out-of-place,12,4096,1024,1,4096,online-reorder,radix4,0,32,8,8,0,0,named-barrier,1,0.238933,0.238933,0.238933,105.325711,1.468739
17,xor-zeta,uint32,forward,none,out-of-place,12,4096,1024,1,4096,online-reorder,radix4,0,32,8,16,0,0,named-barrier,1,0.241903,0.241903,0.241903,104.032736,1.486996
18,xor-zeta,uint32,forward,none,out-of-place,12,4096,1024,1,4096,online-reorder,radix4,0,32,9,8,0,0,named-barrier,1,0.244975,0.244975,0.244975,102.728162,1.505880
19,xor-zeta,uint32,forward,none,out-of-place,12,4096,1024,1,4096,online-reorder,radix4,0,256,8,8,0,0,named-barrier,1,0.246545,0.246545,0.246545,102.073933,1.515531
20,xor-zeta,uint32,forward,none,out-of-place,12,4096,1024,1,4096,online-reorder,radix4,0,128,8,4,0,0,named-barrier,1,0.249788,0.249788,0.249788,100.748839,1.535466
21,xor-zeta,uint32,forward,none,out-of-place,12,4096,1024,1,4096,online-reorder,radix4,0,64,8,4,0,0,named-barrier,1,0.250812,0.250812,0.250812,100.337510,1.541760
22,xor-zeta,uint32,forward,none,out-of-place,12,4096,1024,1,4096,online-reorder,radix4,0,32,8,4,0,0,named-barrier,1,0.254601,0.254601,0.254601,98.844341,1.565051
23,xor-zeta,uint32,forward,none,out-of-place,12,4096,1024,1,4096,online-reorder,radix4,0,128,10,8,0,0,named-barrier,1,0.255181,0.255181,0.255181,98.619580,1.568617
24,xor-zeta,uint32,forward,none,out-of-place,12,4096,1024,1,4096,online-reorder,radix4,0,64,10,8,0,0,named-barrier,1,0.262622,0.262622,0.262622,95.825325,1.614357
25,xor-zeta,uint32,forward,none,out-of-place,12,4096,1024,1,4096,online-reorder,radix4,0,32,10,8,0,0,named-barrier,1,0.282556,0.282556,0.282556,89.064993,1.736893
26,xor-zeta,uint32,forward,none,out-of-place,12,4096,1024,1,4096,online-reorder,radix4,0,256,9,8,0,0,named-barrier,1,0.284843,0.284843,0.284843,88.349909,1.750951
27,xor-zeta,uint32,forward,none,out-of-place,12,4096,1024,1,4096,online-reorder,radix4,0,256,10,8,0,0,named-barrier,1,0.300134,0.300134,0.300134,83.848518,1.844946
28,xor-zeta,uint32,forward,none,out-of-place,12,4096,1024,1,4096,online-reorder,radix4,0,256,8,4,0,0,named-barrier,1,0.306039,0.306039,0.306039,82.230653,1.881245
29,xor-zeta,uint32,forward,none,out-of-place,12,4096,1024,1,4096,online-reorder,radix4,0,32,6,1,0,0,named-barrier,1,0.310886,0.310886,0.310886,80.948613,1.911040
30,xor-zeta,uint32,forward,none,out-of-place,12,4096,1024,1,4096,online-reorder,radix4,0,128,6,2,0,0,named-barrier,1,0.311057,0.311057,0.311057,80.904204,1.912091
31,xor-zeta,uint32,forward,none,out-of-place,12,4096,1024,1,4096,online-reorder,radix4,0,64,6,1,0,0,named-barrier,1,0.311091,0.311091,0.311091,80.895322,1.912300
32,xor-zeta,uint32,forward,none,out-of-place,12,4096,1024,1,4096,online-reorder,radix4,0,128,6,1,0,0,named-barrier,1,0.311296,0.311296,0.311296,80.842109,1.913560
33,xor-zeta,uint32,forward,none,out-of-place,12,4096,1024,1,4096,online-reorder,radix4,0,64,6,2,0,0,named-barrier,1,0.311637,0.311637,0.311637,80.753557,1.915656
34,xor-zeta,uint32,forward,none,out-of-place,12,4096,1024,1,4096,online-reorder,radix4,0,128,6,4,0,0,named-barrier,1,0.311637,0.311637,0.311637,80.753557,1.915656
35,xor-zeta,uint32,forward,none,out-of-place,12,4096,1024,1,4096,online-reorder,radix4,0,32,6,2,0,0,named-barrier,1,0.311910,0.311910,0.311910,80.682857,1.917334
36,xor-zeta,uint32,forward,none,out-of-place,12,4096,1024,1,4096,online-reorder,radix4,0,64,6,4,0,0,named-barrier,1,0.313139,0.313139,0.313139,80.366260,1.924889
37,xor-zeta,uint32,forward,none,out-of-place,12,4096,1024,1,4096,online-reorder,radix4,0,32,6,4,0,0,named-barrier,1,0.314641,0.314641,0.314641,79.982645,1.934122
38,xor-zeta,uint32,forward,none,out-of-place,12,4096,1024,1,4096,online-reorder,radix4,0,256,6,4,0,0,named-barrier,1,0.318566,0.318566,0.318566,78.997112,1.958249
39,xor-zeta,uint32,forward,none,out-of-place,12,4096,1024,1,4096,online-reorder,radix4,0,256,6,2,0,0,named-barrier,1,0.318737,0.318737,0.318737,78.954810,1.959300
40,xor-zeta,uint32,forward,none,out-of-place,12,4096,1024,1,4096,online-reorder,radix4,0,32,6,8,0,0,named-barrier,1,0.323004,0.323004,0.323004,77.911866,1.985530
41,xor-zeta,uint32,forward,none,out-of-place,12,4096,1024,1,4096,online-reorder,radix4,0,128,9,4,0,0,named-barrier,1,0.338022,0.338022,0.338022,74.450171,2.077847
42,xor-zeta,uint32,forward,none,out-of-place,12,4096,1024,1,4096,online-reorder,radix4,0,64,9,4,0,0,named-barrier,1,0.343211,0.343211,0.343211,73.324714,2.109744
43,xor-zeta,uint32,forward,none,out-of-place,12,4096,1024,1,4096,online-reorder,radix4,0,32,9,4,0,0,named-barrier,1,0.349969,0.349969,0.349969,71.908711,2.151286
44,xor-zeta,uint32,forward,none,out-of-place,12,4096,1024,1,4096,online-reorder,radix4,0,256,6,1,0,0,named-barrier,1,0.352905,0.352905,0.352905,71.310573,2.169333
45,xor-zeta,uint32,forward,none,out-of-place,12,4096,1024,1,4096,online-reorder,radix4,0,128,8,2,0,0,named-barrier,1,0.355977,0.355977,0.355977,70.695179,2.188217
46,xor-zeta,uint32,forward,none,out-of-place,12,4096,1024,1,4096,online-reorder,radix4,0,64,8,2,0,0,named-barrier,1,0.356932,0.356932,0.356932,70.505884,2.194088
47,xor-zeta,uint32,forward,none,out-of-place,12,4096,1024,1,4096,online-reorder,radix4,0,32,8,2,0,0,named-barrier,1,0.360073,0.360073,0.360073,69.890981,2.213396
48,xor-zeta,uint32,forward,none,out-of-place,12,4096,1024,1,4096,online-reorder,radix4,0,128,6,8,0,0,named-barrier,1,0.367172,0.367172,0.367172,68.539555,2.257034
49,xor-zeta,uint32,forward,none,out-of-place,12,4096,1024,1,4096,online-reorder,radix4,0,256,6,8,0,0,named-barrier,1,0.371883,0.371883,0.371883,67.671412,2.285993
50,xor-zeta,uint32,forward,none,out-of-place,12,4096,1024,1,4096,online-reorder,radix4,0,64,6,8,0,0,named-barrier,1,0.372258,0.372258,0.372258,67.603155,2.288298
51,xor-zeta,uint32,forward,none,out-of-place,12,4096,1024,1,4096,online-reorder,radix4,0,128,6,16,0,0,named-barrier,1,0.373282,0.373282,0.373282,67.417703,2.294592
52,xor-zeta,uint32,forward,none,out-of-place,12,4096,1024,1,4096,online-reorder,radix4,0,256,6,16,0,0,named-barrier,1,0.374989,0.374989,0.374989,67.110864,2.305085
53,xor-zeta,uint32,forward,none,out-of-place,12,4096,1024,1,4096,online-reorder,radix4,0,64,6,16,0,0,named-barrier,1,0.381303,0.381303,0.381303,65.999464,2.343898
54,xor-zeta,uint32,forward,none,out-of-place,12,4096,1024,1,4096,online-reorder,radix4,0,32,6,16,0,0,named-barrier,1,0.401271,0.401271,0.401271,62.715210,2.466643
55,xor-zeta,uint32,forward,none,out-of-place,12,4096,1024,1,4096,online-reorder,radix4,0,256,9,4,0,0,named-barrier,1,0.427964,0.427964,0.427964,58.803637,2.630727
56,xor-zeta,uint32,forward,none,out-of-place,12,4096,1024,1,4096,online-reorder,radix4,0,128,10,4,0,0,named-barrier,1,0.440183,0.440183,0.440183,57.171213,2.705838
57,xor-zeta,uint32,forward,none,out-of-place,12,4096,1024,1,4096,online-reorder,radix4,0,256,8,2,0,0,named-barrier,1,0.446259,0.446259,0.446259,56.392841,2.743188
58,xor-zeta,uint32,forward,none,out-of-place,12,4096,1024,1,4096,online-reorder,radix4,0,64,10,4,0,0,named-barrier,1,0.447693,0.447693,0.447693,56.212258,2.752002
59,xor-zeta,uint32,forward,none,out-of-place,12,4096,1024,1,4096,online-reorder,radix4,0,32,10,4,0,0,named-barrier,1,0.467900,0.467900,0.467900,53.784651,2.876216
60,xor-zeta,uint32,forward,none,out-of-place,12,4096,1024,1,4096,online-reorder,radix4,0,256,10,4,0,0,named-barrier,1,0.537873,0.537873,0.537873,46.787661,3.306346
61,xor-zeta,uint32,forward,none,out-of-place,12,4096,1024,1,4096,online-reorder,radix4,0,128,9,2,0,0,named-barrier,1,0.550537,0.550537,0.550537,45.711453,3.384192
62,xor-zeta,uint32,forward,none,out-of-place,12,4096,1024,1,4096,online-reorder,radix4,0,64,9,2,0,0,named-barrier,1,0.555827,0.555827,0.555827,45.276345,3.416710
63,xor-zeta,uint32,forward,none,out-of-place,12,4096,1024,1,4096,online-reorder,radix4,0,32,9,2,0,0,named-barrier,1,0.562961,0.562961,0.562961,44.702603,3.460563
64,xor-zeta,uint32,forward,none,out-of-place,12,4096,1024,1,4096,online-reorder,radix4,0,128,8,1,0,0,named-barrier,1,0.568252,0.568252,0.568252,44.286401,3.493088
65,xor-zeta,uint32,forward,none,out-of-place,12,4096,1024,1,4096,online-reorder,radix4,0,64,8,1,0,0,named-barrier,1,0.569412,0.569412,0.569412,44.196138,3.500218
66,xor-zeta,uint32,forward,none,out-of-place,12,4096,1024,1,4096,online-reorder,radix4,0,32,8,1,0,0,named-barrier,1,0.572553,0.572553,0.572553,43.953736,3.519526
67,xor-zeta,uint32,forward,none,out-of-place,12,4096,1024,1,4096,online-reorder,radix4,0,256,9,2,0,0,named-barrier,1,0.734345,0.734345,0.734345,34.269777,4.514074
68,xor-zeta,uint32,forward,none,out-of-place,12,4096,1024,1,4096,online-reorder,radix4,0,256,8,1,0,0,named-barrier,1,0.752128,0.752128,0.752128,33.459496,4.623387
69,xor-zeta,uint32,forward,none,out-of-place,12,4096,1024,1,4096,online-reorder,radix4,0,128,10,2,0,0,named-barrier,1,0.810155,0.810155,0.810155,31.062987,4.980083
70,xor-zeta,uint32,forward,none,out-of-place,12,4096,1024,1,4096,online-reorder,radix4,0,64,10,2,0,0,named-barrier,1,0.817459,0.817459,0.817459,30.785420,5.024982
71,xor-zeta,uint32,forward,none,out-of-place,12,4096,1024,1,4096,online-reorder,radix4,0,32,10,2,0,0,named-barrier,1,0.836881,0.836881,0.836881,30.070969,5.144370
72,xor-zeta,uint32,forward,none,out-of-place,12,4096,1024,1,4096,online-reorder,radix4,0,128,9,1,0,0,named-barrier,1,0.975155,0.975155,0.975155,25.806994,5.994351
73,xor-zeta,uint32,forward,none,out-of-place,12,4096,1024,1,4096,online-reorder,radix4,0,64,9,1,0,0,named-barrier,1,0.980992,0.980992,0.980992,25.653444,6.030231
74,xor-zeta,uint32,forward,none,out-of-place,12,4096,1024,1,4096,online-reorder,radix4,0,32,9,1,0,0,named-barrier,1,0.987887,0.987887,0.987887,25.474396,6.072615
75,xor-zeta,uint32,forward,none,out-of-place,12,4096,1024,1,4096,online-reorder,radix4,0,256,10,2,0,0,named-barrier,1,1.002291,1.002291,1.002291,25.108296,6.161158
76,xor-zeta,uint32,forward,none,out-of-place,12,4096,1024,1,4096,online-reorder,radix4,0,256,9,1,0,0,named-barrier,1,1.333180,1.333180,1.333180,18.876543,8.195157
77,xor-zeta,uint32,forward,none,out-of-place,12,4096,1024,1,4096,online-reorder,radix4,0,128,10,1,0,0,named-barrier,1,1.552213,1.552213,1.552213,16.212864,9.541570
78,xor-zeta,uint32,forward,none,out-of-place,12,4096,1024,1,4096,online-reorder,radix4,0,64,10,1,0,0,named-barrier,1,1.652975,1.652975,1.652975,15.224565,10.160961
79,xor-zeta,uint32,forward,none,out-of-place,12,4096,1024,1,4096,online-reorder,radix4,0,32,10,1,0,0,named-barrier,1,1.812002,1.812002,1.812002,13.888407,11.138512
80,xor-zeta,uint32,forward,none,out-of-place,12,4096,1024,1,4096,online-reorder,radix4,0,256,10,1,0,0,named-barrier,1,1.927134,1.927134,1.927134,13.058680,11.846237
1,xor-zeta,uint32,forward,none,out-of-place,14,16384,256,1,16384,online-reorder,radix4,0,256,10,16,0,0,named-barrier,1,0.204117,0.204117,0.204117,143.839469,1.000000
2,xor-zeta,uint32,forward,none,out-of-place,14,16384,256,1,16384,online-reorder,radix4,0,128,10,8,0,0,named-barrier,1,0.207906,0.207906,0.207906,141.218185,1.018563
3,xor-zeta,uint32,forward,none,out-of-place,14,16384,256,1,16384,online-reorder,radix4,0,128,10,16,0,0,named-barrier,1,0.208657,0.208657,0.208657,140.709959,1.022242
4,xor-zeta,uint32,forward,none,out-of-place,14,16384,256,1,16384,online-reorder,radix4,0,64,10,8,0,0,named-barrier,1,0.215211,0.215211,0.215211,136.425063,1.054351
5,xor-zeta,uint32,forward,none,out-of-place,14,16384,256,1,16384,online-reorder,radix4,0,64,10,16,0,0,named-barrier,1,0.215893,0.215893,0.215893,135.993679,1.057692
6,xor-zeta,uint32,forward,none,out-of-place,14,16384,256,1,16384,online-reorder,radix4,0,256,10,8,0,0,named-barrier,1,0.217839,0.217839,0.217839,134.779060,1.067226
7,xor-zeta,uint32,forward,none,out-of-place,14,16384,256,1,16384,online-reorder,radix4,0,128,10,4,0,0,named-barrier,1,0.223949,0.223949,0.223949,131.101971,1.097160
8,xor-zeta,uint32,forward,none,out-of-place,14,16384,256,1,16384,online-reorder,radix4,0,64,10,4,0,0,named-barrier,1,0.231424,0.231424,0.231424,126.867255,1.133781
9,xor-zeta,uint32,forward,none,out-of-place,14,16384,256,1,16384,online-reorder,radix4,0,32,10,8,0,0,named-barrier,1,0.237909,0.237909,0.237909,123.408896,1.165552
10,xor-zeta,uint32,forward,none,out-of-place,14,16384,256,1,16384,online-reorder,radix4,0,32,10,16,0,0,named-barrier,1,0.240128,0.240128,0.240128,122.268659,1.176423
11,xor-zeta,uint32,forward,none,out-of-place,14,16384,256,1,16384,online-reorder,radix4,0,32,10,4,0,0,named-barrier,1,0.252757,0.252757,0.252757,116.159348,1.238295
12,xor-zeta,uint32,forward,none,out-of-place,14,16384,256,1,16384,online-reorder,radix4,0,256,10,4,0,0,named-barrier,1,0.268117,0.268117,0.268117,109.504772,1.313546
13,xor-zeta,uint32,forward,none,out-of-place,14,16384,256,1,16384,online-reorder,radix4,0,256,8,2,0,0,named-barrier,1,0.311023,0.311023,0.311023,94.398594,1.523749
14,xor-zeta,uint32,forward,none,out-of-place,14,16384,256,1,16384,online-reorder,radix4,0,256,8,4,0,0,named-barrier,1,0.311023,0.311023,0.311023,94.398594,1.523749
15,xor-zeta,uint32,forward,none,out-of-place,14,16384,256,1,16384,online-reorder,radix4,0,128,6,1,0,0,named-barrier,1,0.311125,0.311125,0.311125,94.367525,1.524248
16,xor-zeta,uint32,forward,none,out-of-place,14,16384,256,1,16384,online-reorder,radix4,0,128,8,2,0,0,named-barrier,1,0.311364,0.311364,0.311364,94.295112,1.525419
17,xor-zeta,uint32,forward,none,out-of-place,14,16384,256,1,16384,online-reorder,radix4,0,128,8,1,0,0,named-barrier,1,0.311603,0.311603,0.311603,94.222810,1.526590
18,xor-zeta,uint32,forward,none,out-of-place,14,16384,256,1,16384,online-reorder,radix4,0,256,8,8,0,0,named-barrier,1,0.311637,0.311637,0.311637,94.212484,1.526757
19,xor-zeta,uint32,forward,none,out-of-place,14,16384,256,1,16384,online-reorder,radix4,0,128,8,4,0,0,named-barrier,1,0.311910,0.311910,0.311910,94.130000,1.528094
20,xor-zeta,uint32,forward,none,out-of-place,14,16384,256,1,16384,online-reorder,radix4,0,64,6,1,0,0,named-barrier,1,0.312457,0.312457,0.312457,93.965475,1.530774
21,xor-zeta,uint32,forward,none,out-of-place,14,16384,256,1,16384,online-reorder,radix4,0,64,8,1,0,0,named-barrier,1,0.312559,0.312559,0.312559,93.934690,1.531274
22,xor-zeta,uint32,forward,none,out-of-place,14,16384,256,1,16384,online-reorder,radix4,0,64,8,2,0,0,named-barrier,1,0.313139,0.313139,0.313139,93.760637,1.534115
23,xor-zeta,uint32,forward,none,out-of-place,14,16384,256,1,16384,online-reorder,radix4,0,128,6,2,0,0,named-barrier,1,0.313583,0.313583,0.313583,93.627954,1.536290
24,xor-zeta,uint32,forward,none,out-of-place,14,16384,256,1,16384,online-reorder,radix4,0,32,8,1,0,0,named-barrier,1,0.313993,0.313993,0.313993,93.505817,1.538299
25,xor-zeta,uint32,forward,none,out-of-place,14,16384,256,1,16384,online-reorder,radix4,0,32,6,1,0,0,named-barrier,1,0.314027,0.314027,0.314027,93.495647,1.538466
26,xor-zeta,uint32,forward,none,out-of-place,14,16384,256,1,16384,online-reorder,radix4,0,128,8,8,0,0,named-barrier,1,0.314027,0.314027,0.314027,93.495647,1.538466
27,xor-zeta,uint32,forward,none,out-of-place,14,16384,256,1,16384,online-reorder,radix4,0,64,8,4,0,0,named-barrier,1,0.314675,0.314675,0.314675,93.302958,1.541640
28,xor-zeta,uint32,forward,none,out-of-place,14,16384,256,1,16384,online-reorder,radix4,0,256,8,16,0,0,named-barrier,1,0.314778,0.314778,0.314778,93.272614,1.542145
29,xor-zeta,uint32,forward,none,out-of-place,14,16384,256,1,16384,online-reorder,radix4,0,32,8,2,0,0,named-barrier,1,0.314846,0.314846,0.314846,93.252378,1.542478
30,xor-zeta,uint32,forward,none,out-of-place,14,16384,256,1,16384,online-reorder,radix4,0,128,10,2,0,0,named-barrier,1,0.316450,0.316450,0.316450,92.779640,1.550336
31,xor-zeta,uint32,forward,none,out-of-place,14,16384,256,1,16384,online-reorder,radix4,0,64,6,2,0,0,named-barrier,1,0.317235,0.317235,0.317235,92.550032,1.554182
32,xor-zeta,uint32,forward,none,out-of-place,14,16384,256,1,16384,online-reorder,radix4,0,256,9,8,0,0,named-barrier,1,0.317372,0.317372,0.317372,92.510219,1.554853
33,xor-zeta,uint32,forward,none,out-of-place,14,16384,256,1,16384,online-reorder,radix4,0,32,8,4,0,0,named-barrier,1,0.317747,0.317747,0.317747,92.400901,1.556691
34,xor-zeta,uint32,forward,none,out-of-place,14,16384,256,1,16384,online-reorder,radix4,0,256,9,4,0,0,named-barrier,1,0.317747,0.317747,0.317747,92.400901,1.556691
35,xor-zeta,uint32,forward,none,out-of-place,14,16384,256,1,16384,online-reorder,radix4,0,256,9,16,0,0,named-barrier,1,0.318225,0.318225,0.318225,92.262150,1.559032
36,xor-zeta,uint32,forward,none,out-of-place,14,16384,256,1,16384,online-reorder,radix4,0,256,6,1,0,0,named-barrier,1,0.318532,0.318532,0.318532,92.173161,1.560536
37,xor-zeta,uint32,forward,none,out-of-place,14,16384,256,1,16384,online-reorder,radix4,0,64,8,8,0,0,named-barrier,1,0.318532,0.318532,0.318532,92.173161,1.560536
38,xor-zeta,uint32,forward,none,out-of-place,14,16384,256,1,16384,online-reorder,radix4,0,128,6,4,0,0,named-barrier,1,0.319249,0.319249,0.319249,91.966215,1.564049
39,xor-zeta,uint32,forward,none,out-of-place,14,16384,256,1,16384,online-reorder,radix4,0,128,9,4,0,0,named-barrier,1,0.319317,0.319317,0.319317,91.946550,1.564382
40,xor-zeta,uint32,forward,none,out-of-place,14,16384,256,1,16384,online-reorder,radix4,0,128,9,2,0,0,named-barrier,1,0.319659,0.319659,0.319659,91.848372,1.566058
41,xor-zeta,uint32,forward,none,out-of-place,14,16384,256,1,16384,online-reorder,radix4,0,256,6,2,0,0,named-barrier,1,0.319761,0.319761,0.319761,91.818958,1.566557
42,xor-zeta,uint32,forward,none,out-of-place,14,16384,256,1,16384,online-reorder,radix4,0,128,9,8,0,0,named-barrier,1,0.319761,0.319761,0.319761,91.818958,1.566557
43,xor-zeta,uint32,forward,none,out-of-place,14,16384,256,1,16384,online-reorder,radix4,0,128,8,16,0,0,named-barrier,1,0.320273,0.320273,0.320273,91.672172,1.569066
44,xor-zeta,uint32,forward,none,out-of-place,14,16384,256,1,16384,online-reorder,radix4,0,128,9,16,0,0,named-barrier,1,0.321741,0.321741,0.321741,91.253985,1.576258
45,xor-zeta,uint32,forward,none,out-of-place,14,16384,256,1,16384,online-reorder,radix4,0,64,9,2,0,0,named-barrier,1,0.322185,0.322185,0.322185,91.128298,1.578433
46,xor-zeta,uint32,forward,none,out-of-place,14,16384,256,1,16384,online-reorder,radix4,0,64,9,4,0,0,named-barrier,1,0.322492,0.322492,0.322492,91.041490,1.579937
47,xor-zeta,uint32,forward,none,out-of-place,14,16384,256,1,16384,online-reorder,radix4,0,32,6,2,0,0,named-barrier,1,0.322594,0.322594,0.322594,91.012591,1.580437
48,xor-zeta,uint32,forward,none,out-of-place,14,16384,256,1,16384,online-reorder,radix4,0,256,6,4,0,0,named-barrier,1,0.323209,0.323209,0.323209,90.839588,1.583450
49,xor-zeta,uint32,forward,none,out-of-place,14,16384,256,1,16384,online-reorder,radix4,0,64,9,8,0,0,named-barrier,1,0.323618,0.323618,0.323618,90.724613,1.585453
50,xor-zeta,uint32,forward,none,out-of-place,14,16384,256,1,16384,online-reorder,radix4,0,64,10,2,0,0,named-barrier,1,0.323618,0.323618,0.323618,90.724613,1.585453
51,xor-zeta,uint32,forward,none,out-of-place,14,16384,256,1,16384,online-reorder,radix4,0,32,8,8,0,0,named-barrier,1,0.325530,0.325530,0.325530,90.191883,1.594821
52,xor-zeta,uint32,forward,none,out-of-place,14,16384,256,1,16384,online-reorder,radix4,0,64,9,16,0,0,named-barrier,1,0.326997,0.326997,0.326997,89.787055,1.602008
53,xor-zeta,uint32,forward,none,out-of-place,14,16384,256,1,16384,online-reorder,radix4,0,64,6,4,0,0,named-barrier,1,0.327066,0.327066,0.327066,89.768319,1.602346
54,xor-zeta,uint32,forward,none,out-of-place,14,16384,256,1,16384,online-reorder,radix4,0,32,9,2,0,0,named-barrier,1,0.327612,0.327612,0.327612,89.618668,1.605021
55,xor-zeta,uint32,forward,none,out-of-place,14,16384,256,1,16384,online-reorder,radix4,0,32,9,4,0,0,named-barrier,1,0.328055,0.328055,0.328055,89.497450,1.607191
56,xor-zeta,uint32,forward,none,out-of-place,14,16384,256,1,16384,online-reorder,radix4,0,64,8,16,0,0,named-barrier,1,0.328567,0.328567,0.328567,89.357986,1.609699
57,xor-zeta,uint32,forward,none,out-of-place,14,16384,256,1,16384,online-reorder,radix4,0,32,9,8,0,0,named-barrier,1,0.330411,0.330411,0.330411,88.859506,1.618733
58,xor-zeta,uint32,forward,none,out-of-place,14,16384,256,1,16384,online-reorder,radix4,0,32,9,16,0,0,named-barrier,1,0.339763,0.339763,0.339763,86.413504,1.664550
59,xor-zeta,uint32,forward,none,out-of-place,14,16384,256,1,16384,online-reorder,radix4,0,32,10,2,0,0,named-barrier,1,0.344713,0.344713,0.344713,85.172784,1.688801
60,xor-zeta,uint32,forward,none,out-of-place,14,16384,256,1,16384,online-reorder,radix4,0,256,8,1,0,0,named-barrier,1,0.344951,0.344951,0.344951,85.113790,1.689967
61,xor-zeta,uint32,forward,none,out-of-place,14,16384,256,1,16384,online-reorder,radix4,0,32,8,16,0,0,named-barrier,1,0.346897,0.346897,0.346897,84.636427,1.699501
62,xor-zeta,uint32,forward,none,out-of-place,14,16384,256,1,16384,online-reorder,radix4,0,32,6,4,0,0,named-barrier,1,0.347785,0.347785,0.347785,84.420457,1.703851
63,xor-zeta,uint32,forward,none,out-of-place,14,16384,256,1,16384,online-reorder,radix4,0,256,9,2,0,0,named-barrier,1,0.351198,0.351198,0.351198,83.599961,1.720572
64,xor-zeta,uint32,forward,none,out-of-place,14,16384,256,1,16384,online-reorder,radix4,0,128,9,1,0,0,named-barrier,1,0.351949,0.351949,0.351949,83.421589,1.724251
65,xor-zeta,uint32,forward,none,out-of-place,14,16384,256,1,16384,online-reorder,radix4,0,64,9,1,0,0,named-barrier,1,0.354850,0.354850,0.354850,82.739513,1.738464
66,xor-zeta,uint32,forward,none,out-of-place,14,16384,256,1,16384,online-reorder,radix4,0,32,9,1,0,0,named-barrier,1,0.360243,0.360243,0.360243,81.500852,1.764885
67,xor-zeta,uint32,forward,none,out-of-place,14,16384,256,1,16384,online-reorder,radix4,0,256,10,2,0,0,named-barrier,1,0.390724,0.390724,0.390724,75.142831,1.914216
68,xor-zeta,uint32,forward,none,out-of-place,14,16384,256,1,16384,online-reorder,radix4,0,256,9,1,0,0,named-barrier,1,0.459435,0.459435,0.459435,63.904905,2.250841
69,xor-zeta,uint32,forward,none,out-of-place,14,16384,256,1,16384,online-reorder,radix4,0,128,10,1,0,0,named-barrier,1,0.501350,0.501350,0.501350,58.562091,2.456189
70,xor-zeta,uint32,forward,none,out-of-place,14,16384,256,1,16384,online-reorder,radix4,0,64,10,1,0,0,named-barrier,1,0.508962,0.508962,0.508962,57.686276,2.493482
71,xor-zeta,uint32,forward,none,out-of-place,14,16384,256,1,16384,online-reorder,radix4,0,32,10,1,0,0,named-barrier,1,0.529476,0.529476,0.529476,55.451262,2.593983
72,xor-zeta,uint32,forward,none,out-of-place,14,16384,256,1,16384,online-reorder,radix4,0,256,10,1,0,0,named-barrier,1,0.654780,0.654780,0.654780,44.839702,3.207866
1,xor-zeta,uint32,forward,none,out-of-place,16,65536,64,1,65536,online-reorder,radix4,0,256,8,1,0,0,named-barrier,1,0.310135,0.310135,0.310135,108.192829,1.000000
2,xor-zeta,uint32,forward,none,out-of-place,16,65536,64,1,65536,online-reorder,radix4,0,256,8,2,0,0,named-barrier,1,0.311159,0.311159,0.311159,107.836772,1.003302
3,xor-zeta,uint32,forward,none,out-of-place,16,65536,64,1,65536,online-reorder,radix4,0,128,8,1,0,0,named-barrier,1,0.311433,0.311433,0.311433,107.742226,1.004185
4,xor-zeta,uint32,forward,none,out-of-place,16,65536,64,1,65536,online-reorder,radix4,0,128,8,2,0,0,named-barrier,1,0.313310,0.313310,0.313310,107.096640,1.010237
5,xor-zeta,uint32,forward,none,out-of-place,16,65536,64,1,65536,online-reorder,radix4,0,64,8,1,0,0,named-barrier,1,0.314027,0.314027,0.314027,106.852168,1.012549
6,xor-zeta,uint32,forward,none,out-of-place,16,65536,64,1,65536,online-reorder,radix4,0,256,8,4,0,0,named-barrier,1,0.314334,0.314334,0.314334,106.747750,1.013539
7,xor-zeta,uint32,forward,none,out-of-place,16,65536,64,1,65536,online-reorder,radix4,0,256,9,2,0,0,named-barrier,1,0.316518,0.316518,0.316518,106.011001,1.020581
8,xor-zeta,uint32,forward,none,out-of-place,16,65536,64,1,65536,online-reorder,radix4,0,32,8,1,0,0,named-barrier,1,0.316996,0.316996,0.316996,105.851197,1.022123
9,xor-zeta,uint32,forward,none,out-of-place,16,65536,64,1,65536,online-reorder,radix4,0,256,10,8,0,0,named-barrier,1,0.317030,0.317030,0.317030,105.839793,1.022232
10,xor-zeta,uint32,forward,none,out-of-place,16,65536,64,1,65536,online-reorder,radix4,0,256,9,4,0,0,named-barrier,1,0.317338,0.317338,0.317338,105.737334,1.023225
11,xor-zeta,uint32,forward,none,out-of-place,16,65536,64,1,65536,online-reorder,radix4,0,256,9,1,0,0,named-barrier,1,0.317611,0.317611,0.317611,105.646422,1.024106
12,xor-zeta,uint32,forward,none,out-of-place,16,65536,64,1,65536,online-reorder,radix4,0,128,9,1,0,0,named-barrier,1,0.318089,0.318089,0.318089,105.487714,1.025647
13,xor-zeta,uint32,forward,none,out-of-place,16,65536,64,1,65536,online-reorder,radix4,0,64,8,2,0,0,named-barrier,1,0.318123,0.318123,0.318123,105.476389,1.025757
14,xor-zeta,uint32,forward,none,out-of-place,16,65536,64,1,65536,online-reorder,radix4,0,128,9,2,0,0,named-barrier,1,0.318635,0.318635,0.318635,105.306912,1.027407
15,xor-zeta,uint32,forward,none,out-of-place,16,65536,64,1,65536,online-reorder,radix4,0,128,8,4,0,0,named-barrier,1,0.319147,0.319147,0.319147,105.137969,1.029058
16,xor-zeta,uint32,forward,none,out-of-place,16,65536,64,1,65536,online-reorder,radix4,0,256,10,16,0,0,named-barrier,1,0.319283,0.319283,0.319283,105.093012,1.029497
17,xor-zeta,uint32,forward,none,out-of-place,16,65536,64,1,65536,online-reorder,radix4,0,256,9,8,0,0,named-barrier,1,0.320205,0.320205,0.320205,104.790536,1.032470
18,xor-zeta,uint32,forward,none,out-of-place,16,65536,64,1,65536,online-reorder,radix4,0,128,9,4,0,0,named-barrier,1,0.320785,0.320785,0.320785,104.600976,1.034340
19,xor-zeta,uint32,forward,none,out-of-place,16,65536,64,1,65536,online-reorder,radix4,0,128,10,4,0,0,named-barrier,1,0.321638,0.321638,0.321638,104.323462,1.037090
20,xor-zeta,uint32,forward,none,out-of-place,16,65536,64,1,65536,online-reorder,radix4,0,128,10,8,0,0,named-barrier,1,0.322116,0.322116,0.322116,104.168692,1.038632
21,xor-zeta,uint32,forward,none,out-of-place,16,65536,64,1,65536,online-reorder,radix4,0,64,9,1,0,0,named-barrier,1,0.322389,0.322389,0.322389,104.080465,1.039512
22,xor-zeta,uint32,forward,none,out-of-place,16,65536,64,1,65536,online-reorder,radix4,0,256,10,4,0,0,named-barrier,1,0.322662,0.322662,0.322662,103.992389,1.040392
23,xor-zeta,uint32,forward,none,out-of-place,16,65536,64,1,65536,online-reorder,radix4,0,64,9,2,0,0,named-barrier,1,0.323618,0.323618,0.323618,103.685271,1.043475
24,xor-zeta,uint32,forward,none,out-of-place,16,65536,64,1,65536,online-reorder,radix4,0,32,8,2,0,0,named-barrier,1,0.324915,0.324915,0.324915,103.271352,1.047657
25,xor-zeta,uint32,forward,none,out-of-place,16,65536,64,1,65536,online-reorder,radix4,0,128,10,2,0,0,named-barrier,1,0.326110,0.326110,0.326110,102.893032,1.051510
26,xor-zeta,uint32,forward,none,out-of-place,16,65536,64,1,65536,online-reorder,radix4,0,128,9,8,0,0,named-barrier,1,0.326588,0.326588,0.326588,102.742474,1.053051
27,xor-zeta,uint32,forward,none,out-of-place,16,65536,64,1,65536,online-reorder,radix4,0,256,10,2,0,0,named-barrier,1,0.327236,0.327236,0.327236,102.538855,1.055141
28,xor-zeta,uint32,forward,none,out-of-place,16,65536,64,1,65536,online-reorder,radix4,0,64,8,4,0,0,named-barrier,1,0.327305,0.327305,0.327305,102.517475,1.055363
29,xor-zeta,uint32,forward,none,out-of-place,16,65536,64,1,65536,online-reorder,radix4,0,64,9,4,0,0,named-barrier,1,0.327407,0.327407,0.327407,102.485402,1.055692
30,xor-zeta,uint32,forward,none,out-of-place,16,65536,64,1,65536,online-reorder,radix4,0,32,9,1,0,0,named-barrier,1,0.327441,0.327441,0.327441,102.474721,1.055802
31,xor-zeta,uint32,forward,none,out-of-place,16,65536,64,1,65536,online-reorder,radix4,0,128,10,16,0,0,named-barrier,1,0.327509,0.327509,0.327509,102.453358,1.056021
32,xor-zeta,uint32,forward,none,out-of-place,16,65536,64,1,65536,online-reorder,radix4,0,64,10,2,0,0,named-barrier,1,0.327817,0.327817,0.327817,102.357356,1.057014
33,xor-zeta,uint32,forward,none,out-of-place,16,65536,64,1,65536,online-reorder,radix4,0,64,10,4,0,0,named-barrier,1,0.328397,0.328397,0.328397,102.176490,1.058884
34,xor-zeta,uint32,forward,none,out-of-place,16,65536,64,1,65536,online-reorder,radix4,0,32,9,2,0,0,named-barrier,1,0.329182,0.329182,0.329182,101.932813,1.061415
35,xor-zeta,uint32,forward,none,out-of-place,16,65536,64,1,65536,online-reorder,radix4,0,128,6,1,0,0,named-barrier,1,0.329728,0.329728,0.329728,101.763973,1.063176
36,xor-zeta,uint32,forward,none,out-of-place,16,65536,64,1,65536,online-reorder,radix4,0,128,10,1,0,0,named-barrier,1,0.330615,0.330615,0.330615,101.490813,1.066036
37,xor-zeta,uint32,forward,none,out-of-place,16,65536,64,1,65536,online-reorder,radix4,0,64,10,8,0,0,named-barrier,1,0.331537,0.331537,0.331537,101.208689,1.069009
38,xor-zeta,uint32,forward,none,out-of-place,16,65536,64,1,65536,online-reorder,radix4,0,256,6,1,0,0,named-barrier,1,0.333141,0.333141,0.333141,100.721313,1.074181
39,xor-zeta,uint32,forward,none,out-of-place,16,65536,64,1,65536,online-reorder,radix4,0,64,6,1,0,0,named-barrier,1,0.333722,0.333722,0.333722,100.546177,1.076054
40,xor-zeta,uint32,forward,none,out-of-place,16,65536,64,1,65536,online-reorder,radix4,0,64,10,1,0,0,named-barrier,1,0.333790,0.333790,0.333790,100.525620,1.076273
41,xor-zeta,uint32,forward,none,out-of-place,16,65536,64,1,65536,online-reorder,radix4,0,64,9,8,0,0,named-barrier,1,0.335701,0.335701,0.335701,99.953224,1.082435
42,xor-zeta,uint32,forward,none,out-of-place,16,65536,64,1,65536,online-reorder,radix4,0,32,9,4,0,0,named-barrier,1,0.335906,0.335906,0.335906,99.892292,1.083096
43,xor-zeta,uint32,forward,none,out-of-place,16,65536,64,1,65536,online-reorder,radix4,0,64,10,16,0,0,named-barrier,1,0.341094,0.341094,0.341094,98.372860,1.099824
44,xor-zeta,uint32,forward,none,out-of-place,16,65536,64,1,65536,online-reorder,radix4,0,32,10,2,0,0,named-barrier,1,0.346078,0.346078,0.346078,96.956309,1.115895
45,xor-zeta,uint32,forward,none,out-of-place,16,65536,64,1,65536,online-reorder,radix4,0,32,10,4,0,0,named-barrier,1,0.348297,0.348297,0.348297,96.338685,1.123050
46,xor-zeta,uint32,forward,none,out-of-place,16,65536,64,1,65536,online-reorder,radix4,0,32,8,4,0,0,named-barrier,1,0.349389,0.349389,0.349389,96.037521,1.126571
47,xor-zeta,uint32,forward,none,out-of-place,16,65536,64,1,65536,online-reorder,radix4,0,256,10,1,0,0,named-barrier,1,0.351232,0.351232,0.351232,95.533530,1.132513
48,xor-zeta,uint32,forward,none,out-of-place,16,65536,64,1,65536,online-reorder,radix4,0,32,10,1,0,0,named-barrier,1,0.353894,0.353894,0.353894,94.814819,1.141097
49,xor-zeta,uint32,forward,none,out-of-place,16,65536,64,1,65536,online-reorder,radix4,0,32,6,1,0,0,named-barrier,1,0.354543,0.354543,0.354543,94.641385,1.143189
50,xor-zeta,uint32,forward,none,out-of-place,16,65536,64,1,65536,online-reorder,radix4,0,32,10,8,0,0,named-barrier,1,0.357103,0.357103,0.357103,93.962914,1.151444
51,xor-zeta,uint32,forward,none,out-of-place,16,65536,64,1,65536,online-reorder,radix4,0,32,9,8,0,0,named-barrier,1,0.364612,0.364612,0.364612,92.027714,1.175656
52,xor-zeta,uint32,forward,none,out-of-place,16,65536,64,1,65536,online-reorder,radix4,0,32,10,16,0,0,named-barrier,1,0.379119,0.379119,0.379119,88.506351,1.222432
1,xor-zeta,uint32,forward,none,out-of-place,18,262144,16,1,262144,online-reorder,radix4,0,256,9,1,0,0,named-barrier,1,0.313446,0.313446,0.313446,120.431231,1.000000
2,xor-zeta,uint32,forward,none,out-of-place,18,262144,16,1,262144,online-reorder,radix4,0,256,8,1,0,0,named-barrier,1,0.314573,0.314573,0.314573,119.999996,1.003596
3,xor-zeta,uint32,forward,none,out-of-place,18,262144,16,1,262144,online-reorder,radix4,0,256,10,1,0,0,named-barrier,1,0.315358,0.315358,0.315358,119.701267,1.006100
4,xor-zeta,uint32,forward,none,out-of-place,18,262144,16,1,262144,online-reorder,radix4,0,256,10,2,0,0,named-barrier,1,0.316143,0.316143,0.316143,119.404011,1.008604
5,xor-zeta,uint32,forward,none,out-of-place,18,262144,16,1,262144,online-reorder,radix4,0,256,9,2,0,0,named-barrier,1,0.316314,0.316314,0.316314,119.339594,1.009150
6,xor-zeta,uint32,forward,none,out-of-place,18,262144,16,1,262144,online-reorder,radix4,0,128,9,1,0,0,named-barrier,1,0.316723,0.316723,0.316723,119.185258,1.010455
7,xor-zeta,uint32,forward,none,out-of-place,18,262144,16,1,262144,online-reorder,radix4,0,256,10,4,0,0,named-barrier,1,0.318874,0.318874,0.318874,118.381509,1.017317
8,xor-zeta,uint32,forward,none,out-of-place,18,262144,16,1,262144,online-reorder,radix4,0,128,8,1,0,0,named-barrier,1,0.319693,0.319693,0.319693,118.078159,1.019930
9,xor-zeta,uint32,forward,none,out-of-place,18,262144,16,1,262144,online-reorder,radix4,0,128,10,1,0,0,named-barrier,1,0.319863,0.319863,0.319863,118.015152,1.020472
10,xor-zeta,uint32,forward,none,out-of-place,18,262144,16,1,262144,online-reorder,radix4,0,128,10,2,0,0,named-barrier,1,0.321707,0.321707,0.321707,117.338986,1.026355
11,xor-zeta,uint32,forward,none,out-of-place,18,262144,16,1,262144,online-reorder,radix4,0,128,9,2,0,0,named-barrier,1,0.322355,0.322355,0.322355,117.102919,1.028423
12,xor-zeta,uint32,forward,none,out-of-place,18,262144,16,1,262144,online-reorder,radix4,0,64,9,1,0,0,named-barrier,1,0.323277,0.323277,0.323277,116.769078,1.031364
13,xor-zeta,uint32,forward,none,out-of-place,18,262144,16,1,262144,online-reorder,radix4,0,128,10,4,0,0,named-barrier,1,0.326451,0.326451,0.326451,115.633622,1.041490
14,xor-zeta,uint32,forward,none,out-of-place,18,262144,16,1,262144,online-reorder,radix4,0,64,10,1,0,0,named-barrier,1,0.327612,0.327612,0.327612,115.224001,1.045194
15,xor-zeta,uint32,forward,none,out-of-place,18,262144,16,1,262144,online-reorder,radix4,0,64,8,1,0,0,named-barrier,1,0.327748,0.327748,0.327748,115.176004,1.045628
16,xor-zeta,uint32,forward,none,out-of-place,18,262144,16,1,262144,online-reorder,radix4,0,64,10,2,0,0,named-barrier,1,0.330615,0.330615,0.330615,114.177165,1.054775
17,xor-zeta,uint32,forward,none,out-of-place,18,262144,16,1,262144,online-reorder,radix4,0,64,9,2,0,0,named-barrier,1,0.332459,0.332459,0.332459,113.544155,1.060658
18,xor-zeta,uint32,forward,none,out-of-place,18,262144,16,1,262144,online-reorder,radix4,0,32,9,1,0,0,named-barrier,1,0.333244,0.333244,0.333244,113.276659,1.063162
19,xor-zeta,uint32,forward,none,out-of-place,18,262144,16,1,262144,online-reorder,radix4,0,64,10,4,0,0,named-barrier,1,0.341094,0.341094,0.341094,110.669467,1.088207
20,xor-zeta,uint32,forward,none,out-of-place,18,262144,16,1,262144,online-reorder,radix4,0,32,10,1,0,0,named-barrier,1,0.345225,0.345225,0.345225,109.345463,1.101386
21,xor-zeta,uint32,forward,none,out-of-place,18,262144,16,1,262144,online-reorder,radix4,0,32,8,1,0,0,named-barrier,1,0.346385,0.346385,0.346385,108.979111,1.105087
22,xor-zeta,uint32,forward,none,out-of-place,18,262144,16,1,262144,online-reorder,radix4,0,32,10,2,0,0,named-barrier,1,0.353382,0.353382,0.353382,106.821209,1.127410
23,xor-zeta,uint32,forward,none,out-of-place,18,262144,16,1,262144,online-reorder,radix4,0,32,9,2,0,0,named-barrier,1,0.359253,0.359253,0.359253,105.075530,1.146140
24,xor-zeta,uint32,forward,none,out-of-place,18,262144,16,1,262144,online-reorder,radix4,0,32,10,4,0,0,named-barrier,1,0.382362,0.382362,0.382362,98.725230,1.219866
1,xor-zeta,uint32,forward,none,out-of-place,20,1048576,4,1,1048576,online-reorder,radix4,0,256,10,1,0,0,named-barrier,1,0.319010,0.319010,0.319010,131.478705,1.000000
2,xor-zeta,uint32,forward,none,out-of-place,20,1048576,4,1,1048576,online-reorder,radix4,0,128,10,1,0,0,named-barrier,1,0.326827,0.326827,0.326827,128.334206,1.024504
3,xor-zeta,uint32,forward,none,out-of-place,20,1048576,4,1,1048576,online-reorder,radix4,0,64,10,1,0,0,named-barrier,1,0.341129,0.341129,0.341129,122.953774,1.069336
4,xor-zeta,uint32,forward,none,out-of-place,20,1048576,4,1,1048576,online-reorder,radix4,0,32,10,1,0,0,named-barrier,1,0.380348,0.380348,0.380348,110.275511,1.192276
