trial,device,compute_capability,operator,precision,direction,normalization,placement,auto_select,backend,compute_unit,complex_multiply,cross_twiddle,direct_boundary,decomposition_count,stages_per_decomposition,segment_threads,segment_ept,boundary_twiddles,boundary_layouts,boundary_residencies,execution_group_count,group_threads,group_ept,local_exchange,shared_layout,fft_core,stage_space,stage_handoff,tile_threads,prefix_threads,suffix_threads,prefix_ept,suffix_ept,prefix_units_per_cta,suffix_units_per_cta,local_stages,reorder_columns,warp_stages,pipeline_warps,logN,N,batch,element_stride,batch_stride,warmup,repeat,h2d_ms,kernel_ms,d2h_ms,transforms_s,Gbutterfly_s,points_s,max_error,correct
1,Tesla V100-SXM2-16GB,7.0,fft,fp64,forward,none,out-of-place,0,online-reorder,auto,four-mul,recurrence,direct-strided,2,7x7,128x128,4x4,recurrence,direct-strided,global-scratch,2,128x128,4x4,shared,xor-swizzle,cufftdx-block,0,named-barrier,128,128,128,4,4,4,4,7,1,0,0,14,16384,1,1,16384,1000,100,0.067040,0.009329,0.081696,107196.761041,12.294182,1756311732.892490,0.000000,-1
1,Tesla V100-SXM2-16GB,7.0,fft,fp64,forward,none,out-of-place,0,cufft,auto,four-mul,table,direct-strided,1,14,,,,,,0,,,shared,linear,scalar,0,named-barrier,0,0,0,8,8,0,0,0,0,0,0,14,16384,1,1,16384,1000,100,0.066208,0.014264,0.095328,70104.989117,8.040201,1148600141.694182,0.000000,-1
2,Tesla V100-SXM2-16GB,7.0,fft,fp64,forward,none,out-of-place,0,cufft,auto,four-mul,table,direct-strided,1,14,,,,,,0,,,shared,linear,scalar,0,named-barrier,0,0,0,8,8,0,0,0,0,0,0,14,16384,1,1,16384,1000,100,0.066464,0.014264,0.094080,70104.989117,8.040201,1148600141.694182,0.000000,-1
2,Tesla V100-SXM2-16GB,7.0,fft,fp64,forward,none,out-of-place,0,online-reorder,auto,four-mul,recurrence,direct-strided,2,7x7,128x128,4x4,recurrence,direct-strided,global-scratch,2,128x128,4x4,shared,xor-swizzle,cufftdx-block,0,named-barrier,128,128,128,4,4,4,4,7,1,0,0,14,16384,1,1,16384,1000,100,0.067840,0.009339,0.087904,107079.221975,12.280702,1754385972.840813,0.000000,-1
3,Tesla V100-SXM2-16GB,7.0,fft,fp64,forward,none,out-of-place,0,online-reorder,auto,four-mul,recurrence,direct-strided,2,7x7,128x128,4x4,recurrence,direct-strided,global-scratch,2,128x128,4x4,shared,xor-swizzle,cufftdx-block,0,named-barrier,128,128,128,4,4,4,4,7,1,0,0,14,16384,1,1,16384,1000,100,0.066464,0.009318,0.082208,107314.558431,12.307692,1758241725.339002,0.000000,-1
3,Tesla V100-SXM2-16GB,7.0,fft,fp64,forward,none,out-of-place,0,cufft,auto,four-mul,table,direct-strided,1,14,,,,,,0,,,shared,linear,scalar,0,named-barrier,0,0,0,8,8,0,0,0,0,0,0,14,16384,1,1,16384,1000,100,0.065760,0.014275,0.098272,70054.699126,8.034433,1147776190.473506,0.000000,-1
4,Tesla V100-SXM2-16GB,7.0,fft,fp64,forward,none,out-of-place,0,cufft,auto,four-mul,table,direct-strided,1,14,,,,,,0,,,shared,linear,scalar,0,named-barrier,0,0,0,8,8,0,0,0,0,0,0,14,16384,1,1,16384,1000,100,0.065696,0.014254,0.096416,70155.351364,8.045977,1149425276.740288,0.000000,-1
4,Tesla V100-SXM2-16GB,7.0,fft,fp64,forward,none,out-of-place,0,online-reorder,auto,four-mul,recurrence,direct-strided,2,7x7,128x128,4x4,recurrence,direct-strided,global-scratch,2,128x128,4x4,shared,xor-swizzle,cufftdx-block,0,named-barrier,128,128,128,4,4,4,4,7,1,0,0,14,16384,1,1,16384,1000,100,0.074496,0.009349,0.082560,106961.940386,12.267251,1752464431.277015,0.000000,-1
5,Tesla V100-SXM2-16GB,7.0,fft,fp64,forward,none,out-of-place,0,online-reorder,auto,four-mul,recurrence,direct-strided,2,7x7,128x128,4x4,recurrence,direct-strided,global-scratch,2,128x128,4x4,shared,xor-swizzle,cufftdx-block,0,named-barrier,128,128,128,4,4,4,4,7,1,0,0,14,16384,1,1,16384,1000,100,0.066176,0.009339,0.084032,107079.221975,12.280702,1754385972.840813,0.000000,-1
5,Tesla V100-SXM2-16GB,7.0,fft,fp64,forward,none,out-of-place,0,cufft,auto,four-mul,table,direct-strided,1,14,,,,,,0,,,shared,linear,scalar,0,named-barrier,0,0,0,8,8,0,0,0,0,0,0,14,16384,1,1,16384,1000,100,0.066144,0.014264,0.095776,70104.989117,8.040201,1148600141.694182,0.000000,-1
1,Tesla V100-SXM2-16GB,7.0,fft,fp64,forward,none,out-of-place,0,cufft,auto,four-mul,table,direct-strided,1,14,,,,,,0,,,shared,linear,scalar,0,named-barrier,0,0,0,8,8,0,0,0,0,0,0,14,16384,2,1,16384,1000,100,0.145664,0.014285,0.200000,140008.953339,16.057347,2293906691.509584,0.000000,-1
1,Tesla V100-SXM2-16GB,7.0,fft,fp64,forward,none,out-of-place,0,online-reorder,auto,four-mul,recurrence,direct-strided,2,7x7,128x128,4x4,recurrence,direct-strided,global-scratch,2,128x128,4x4,shared,xor-swizzle,cufftdx-block,0,named-barrier,128,128,128,4,4,4,4,7,1,0,0,14,16384,2,1,16384,1000,100,0.149216,0.010578,0.143168,189073.090006,21.684415,3097773506.659606,0.000000,-1
2,Tesla V100-SXM2-16GB,7.0,fft,fp64,forward,none,out-of-place,0,online-reorder,auto,four-mul,recurrence,direct-strided,2,7x7,128x128,4x4,recurrence,direct-strided,global-scratch,2,128x128,4x4,shared,xor-swizzle,cufftdx-block,0,named-barrier,128,128,128,4,4,4,4,7,1,0,0,14,16384,2,1,16384,1000,100,0.151648,0.010568,0.139456,189256.315106,21.705428,3100775466.698346,0.000000,-1
2,Tesla V100-SXM2-16GB,7.0,fft,fp64,forward,none,out-of-place,0,cufft,auto,four-mul,table,direct-strided,1,14,,,,,,0,,,shared,linear,scalar,0,named-barrier,0,0,0,8,8,0,0,0,0,0,0,14,16384,2,1,16384,1000,100,0.154144,0.014295,0.200256,139908.661458,16.045845,2292263509.323721,0.000000,-1
3,Tesla V100-SXM2-16GB,7.0,fft,fp64,forward,none,out-of-place,0,cufft,auto,four-mul,table,direct-strided,1,14,,,,,,0,,,shared,linear,scalar,0,named-barrier,0,0,0,8,8,0,0,0,0,0,0,14,16384,2,1,16384,1000,100,0.145536,0.014285,0.164640,140008.953339,16.057347,2293906691.509584,0.000000,-1
3,Tesla V100-SXM2-16GB,7.0,fft,fp64,forward,none,out-of-place,0,online-reorder,auto,four-mul,recurrence,direct-strided,2,7x7,128x128,4x4,recurrence,direct-strided,global-scratch,2,128x128,4x4,shared,xor-swizzle,cufftdx-block,0,named-barrier,128,128,128,4,4,4,4,7,1,0,0,14,16384,2,1,16384,1000,100,0.146752,0.010588,0.153280,188890.235950,21.663443,3094777625.799392,0.000000,-1
4,Tesla V100-SXM2-16GB,7.0,fft,fp64,forward,none,out-of-place,0,online-reorder,auto,four-mul,recurrence,direct-strided,2,7x7,128x128,4x4,recurrence,direct-strided,global-scratch,2,128x128,4x4,shared,xor-swizzle,cufftdx-block,0,named-barrier,128,128,128,4,4,4,4,7,1,0,0,14,16384,2,1,16384,1000,100,0.148544,0.010568,0.151168,189256.315106,21.705428,3100775466.698346,0.000000,-1
4,Tesla V100-SXM2-16GB,7.0,fft,fp64,forward,none,out-of-place,0,cufft,auto,four-mul,table,direct-strided,1,14,,,,,,0,,,shared,linear,scalar,0,named-barrier,0,0,0,8,8,0,0,0,0,0,0,14,16384,2,1,16384,1000,100,0.145728,0.014285,0.162880,140008.953339,16.057347,2293906691.509584,0.000000,-1
5,Tesla V100-SXM2-16GB,7.0,fft,fp64,forward,none,out-of-place,0,cufft,auto,four-mul,table,direct-strided,1,14,,,,,,0,,,shared,linear,scalar,0,named-barrier,0,0,0,8,8,0,0,0,0,0,0,14,16384,2,1,16384,1000,100,0.144416,0.014275,0.164992,140109.398251,16.068867,2295552380.947012,0.000000,-1
5,Tesla V100-SXM2-16GB,7.0,fft,fp64,forward,none,out-of-place,0,online-reorder,auto,four-mul,recurrence,direct-strided,2,7x7,128x128,4x4,recurrence,direct-strided,global-scratch,2,128x128,4x4,shared,xor-swizzle,cufftdx-block,0,named-barrier,128,128,128,4,4,4,4,7,1,0,0,14,16384,2,1,16384,1000,100,0.146752,0.010598,0.148192,188707.735231,21.642513,3091787534.019892,0.000000,-1
1,Tesla V100-SXM2-16GB,7.0,fft,fp64,forward,none,out-of-place,0,cufft,auto,four-mul,table,direct-strided,1,14,,,,,,0,,,shared,linear,scalar,0,named-barrier,0,0,0,8,8,0,0,0,0,0,0,14,16384,4,1,16384,1000,100,0.323072,0.014397,0.279008,277827.178018,31.863443,4551920484.652276,0.000000,-1
1,Tesla V100-SXM2-16GB,7.0,fft,fp64,forward,none,out-of-place,0,online-reorder,auto,four-mul,recurrence,direct-strided,2,7x7,128x128,4x4,recurrence,direct-strided,global-scratch,2,128x128,4x4,shared,xor-swizzle,cufftdx-block,0,named-barrier,128,128,128,4,4,4,4,7,1,0,0,14,16384,4,1,16384,1000,100,0.326944,0.012902,0.306880,310019.830304,35.555554,5079364899.703599,0.000000,-1
2,Tesla V100-SXM2-16GB,7.0,fft,fp64,forward,none,out-of-place,0,online-reorder,auto,four-mul,recurrence,direct-strided,2,7x7,128x128,4x4,recurrence,direct-strided,global-scratch,2,128x128,4x4,shared,xor-swizzle,cufftdx-block,0,named-barrier,128,128,128,4,4,4,4,7,1,0,0,14,16384,4,1,16384,1000,100,0.332096,0.012882,0.274976,310512.702380,35.612081,5087440115.789514,0.000000,-1
2,Tesla V100-SXM2-16GB,7.0,fft,fp64,forward,none,out-of-place,0,cufft,auto,four-mul,table,direct-strided,1,14,,,,,,0,,,shared,linear,scalar,0,named-barrier,0,0,0,8,8,0,0,0,0,0,0,14,16384,4,1,16384,1000,100,0.325696,0.014377,0.285216,278222.939050,31.908832,4558404633.400364,0.000000,-1
3,Tesla V100-SXM2-16GB,7.0,fft,fp64,forward,none,out-of-place,0,cufft,auto,four-mul,table,direct-strided,1,14,,,,,,0,,,shared,linear,scalar,0,named-barrier,0,0,0,8,8,0,0,0,0,0,0,14,16384,4,1,16384,1000,100,0.362368,0.014408,0.276768,277629.701472,31.840795,4548685028.913721,0.000000,-1
3,Tesla V100-SXM2-16GB,7.0,fft,fp64,forward,none,out-of-place,0,online-reorder,auto,four-mul,recurrence,direct-strided,2,7x7,128x128,4x4,recurrence,direct-strided,global-scratch,2,128x128,4x4,shared,xor-swizzle,cufftdx-block,0,named-barrier,128,128,128,4,4,4,4,7,1,0,0,14,16384,4,1,16384,1000,100,0.341632,0.012892,0.289472,310266.070605,35.583795,5083399300.784549,0.000000,-1
4,Tesla V100-SXM2-16GB,7.0,fft,fp64,forward,none,out-of-place,0,online-reorder,auto,four-mul,recurrence,direct-strided,2,7x7,128x128,4x4,recurrence,direct-strided,global-scratch,2,128x128,4x4,shared,xor-swizzle,cufftdx-block,0,named-barrier,128,128,128,4,4,4,4,7,1,0,0,14,16384,4,1,16384,1000,100,0.328576,0.012913,0.307936,309773.980547,35.527358,5075336897.287686,0.000000,-1
4,Tesla V100-SXM2-16GB,7.0,fft,fp64,forward,none,out-of-place,0,cufft,auto,four-mul,table,direct-strided,1,14,,,,,,0,,,shared,linear,scalar,0,named-barrier,0,0,0,8,8,0,0,0,0,0,0,14,16384,4,1,16384,1000,100,0.324192,0.014397,0.294496,277827.178018,31.863443,4551920484.652276,0.000000,-1
5,Tesla V100-SXM2-16GB,7.0,fft,fp64,forward,none,out-of-place,0,cufft,auto,four-mul,table,direct-strided,1,14,,,,,,0,,,shared,linear,scalar,0,named-barrier,0,0,0,8,8,0,0,0,0,0,0,14,16384,4,1,16384,1000,100,0.331392,0.014418,0.279072,277432.523375,31.818181,4545454462.974652,0.000000,-1
5,Tesla V100-SXM2-16GB,7.0,fft,fp64,forward,none,out-of-place,0,online-reorder,auto,four-mul,recurrence,direct-strided,2,7x7,128x128,4x4,recurrence,direct-strided,global-scratch,2,128x128,4x4,shared,xor-swizzle,cufftdx-block,0,named-barrier,128,128,128,4,4,4,4,7,1,0,0,14,16384,4,1,16384,1000,100,0.326656,0.012872,0.303040,310759.749049,35.640414,5091487728.417499,0.000000,-1
1,Tesla V100-SXM2-16GB,7.0,fft,fp64,forward,none,out-of-place,0,cufft,auto,four-mul,table,direct-strided,1,14,,,,,,0,,,shared,linear,scalar,0,named-barrier,0,0,0,8,8,0,0,0,0,0,0,14,16384,8,1,16384,1000,100,0.501888,0.016753,0.456992,477536.680934,54.767727,7823960980.415733,0.000000,-1
1,Tesla V100-SXM2-16GB,7.0,fft,fp64,forward,none,out-of-place,0,online-reorder,auto,four-mul,recurrence,direct-strided,2,7x7,128x128,4x4,recurrence,direct-strided,global-scratch,2,128x128,4x4,shared,xor-swizzle,cufftdx-block,0,named-barrier,128,128,128,4,4,4,4,7,1,0,0,14,16384,8,1,16384,1000,100,0.507456,0.017019,0.433632,470066.217567,53.910954,7701564908.612630,0.000000,-1
2,Tesla V100-SXM2-16GB,7.0,fft,fp64,forward,none,out-of-place,0,online-reorder,auto,four-mul,recurrence,direct-strided,2,7x7,128x128,4x4,recurrence,direct-strided,global-scratch,2,128x128,4x4,shared,xor-swizzle,cufftdx-block,0,named-barrier,128,128,128,4,4,4,4,7,1,0,0,14,16384,8,1,16384,1000,100,0.523520,0.017029,0.444480,469783.533256,53.878534,7696933408.870872,0.000000,-1
2,Tesla V100-SXM2-16GB,7.0,fft,fp64,forward,none,out-of-place,0,cufft,auto,four-mul,table,direct-strided,1,14,,,,,,0,,,shared,linear,scalar,0,named-barrier,0,0,0,8,8,0,0,0,0,0,0,14,16384,8,1,16384,1000,100,0.516576,0.016722,0.413568,478413.985523,54.868343,7838334738.807812,0.000000,-1
3,Tesla V100-SXM2-16GB,7.0,fft,fp64,forward,none,out-of-place,0,cufft,auto,four-mul,table,direct-strided,1,14,,,,,,0,,,shared,linear,scalar,0,named-barrier,0,0,0,8,8,0,0,0,0,0,0,14,16384,8,1,16384,1000,100,0.508064,0.016722,0.434336,478413.985523,54.868343,7838334738.807812,0.000000,-1
3,Tesla V100-SXM2-16GB,7.0,fft,fp64,forward,none,out-of-place,0,online-reorder,auto,four-mul,recurrence,direct-strided,2,7x7,128x128,4x4,recurrence,direct-strided,global-scratch,2,128x128,4x4,shared,xor-swizzle,cufftdx-block,0,named-barrier,128,128,128,4,4,4,4,7,1,0,0,14,16384,8,1,16384,1000,100,0.505248,0.017029,0.449824,469783.533256,53.878534,7696933408.870872,0.000000,-1
4,Tesla V100-SXM2-16GB,7.0,fft,fp64,forward,none,out-of-place,0,online-reorder,auto,four-mul,recurrence,direct-strided,2,7x7,128x128,4x4,recurrence,direct-strided,global-scratch,2,128x128,4x4,shared,xor-swizzle,cufftdx-block,0,named-barrier,128,128,128,4,4,4,4,7,1,0,0,14,16384,8,1,16384,1000,100,0.502048,0.017050,0.432960,469219.234661,53.813816,7687687940.685867,0.000000,-1
4,Tesla V100-SXM2-16GB,7.0,fft,fp64,forward,none,out-of-place,0,cufft,auto,four-mul,table,direct-strided,1,14,,,,,,0,,,shared,linear,scalar,0,named-barrier,0,0,0,8,8,0,0,0,0,0,0,14,16384,8,1,16384,1000,100,0.497600,0.016722,0.420064,478413.985523,54.868343,7838334738.807812,0.000000,-1
5,Tesla V100-SXM2-16GB,7.0,fft,fp64,forward,none,out-of-place,0,cufft,auto,four-mul,table,direct-strided,1,14,,,,,,0,,,shared,linear,scalar,0,named-barrier,0,0,0,8,8,0,0,0,0,0,0,14,16384,8,1,16384,1000,100,0.515424,0.016773,0.421408,476953.614214,54.700856,7814408015.287507,0.000000,-1
5,Tesla V100-SXM2-16GB,7.0,fft,fp64,forward,none,out-of-place,0,online-reorder,auto,four-mul,recurrence,direct-strided,2,7x7,128x128,4x4,recurrence,direct-strided,global-scratch,2,128x128,4x4,shared,xor-swizzle,cufftdx-block,0,named-barrier,128,128,128,4,4,4,4,7,1,0,0,14,16384,8,1,16384,1000,100,0.510208,0.017050,0.465696,469219.234661,53.813816,7687687940.685867,0.000000,-1
1,Tesla V100-SXM2-16GB,7.0,fft,fp64,forward,none,out-of-place,0,cufft,auto,four-mul,table,direct-strided,1,14,,,,,,0,,,shared,linear,scalar,0,named-barrier,0,0,0,8,8,0,0,0,0,0,0,14,16384,16,1,16384,1000,100,0.832448,0.029716,0.740416,538421.768602,61.750516,8821502256.770845,0.000000,-1
1,Tesla V100-SXM2-16GB,7.0,fft,fp64,forward,none,out-of-place,0,online-reorder,auto,four-mul,recurrence,direct-strided,2,7x7,128x128,4x4,recurrence,direct-strided,global-scratch,2,128x128,4x4,shared,xor-swizzle,cufftdx-block,0,named-barrier,128,128,128,4,4,4,4,7,1,0,0,14,16384,16,1,16384,1000,100,0.831104,0.028887,0.721440,553881.584761,63.523571,9074795884.720568,0.000000,-1
2,Tesla V100-SXM2-16GB,7.0,fft,fp64,forward,none,out-of-place,0,online-reorder,auto,four-mul,recurrence,direct-strided,2,7x7,128x128,4x4,recurrence,direct-strided,global-scratch,2,128x128,4x4,shared,xor-swizzle,cufftdx-block,0,named-barrier,128,128,128,4,4,4,4,7,1,0,0,14,16384,16,1,16384,1000,100,0.835136,0.028877,0.749632,554078.012456,63.546099,9078014156.080385,0.000000,-1
2,Tesla V100-SXM2-16GB,7.0,fft,fp64,forward,none,out-of-place,0,cufft,auto,four-mul,table,direct-strided,1,14,,,,,,0,,,shared,linear,scalar,0,named-barrier,0,0,0,8,8,0,0,0,0,0,0,14,16384,16,1,16384,1000,100,0.831552,0.029716,0.739200,538421.768602,61.750516,8821502256.770845,0.000000,-1
3,Tesla V100-SXM2-16GB,7.0,fft,fp64,forward,none,out-of-place,0,cufft,auto,four-mul,table,direct-strided,1,14,,,,,,0,,,shared,linear,scalar,0,named-barrier,0,0,0,8,8,0,0,0,0,0,0,14,16384,16,1,16384,1000,100,0.836736,0.028058,0.720928,570255.485830,65.401461,9343065879.836098,0.000000,-1
3,Tesla V100-SXM2-16GB,7.0,fft,fp64,forward,none,out-of-place,0,online-reorder,auto,four-mul,recurrence,direct-strided,2,7x7,128x128,4x4,recurrence,direct-strided,global-scratch,2,128x128,4x4,shared,xor-swizzle,cufftdx-block,0,named-barrier,128,128,128,4,4,4,4,7,1,0,0,14,16384,16,1,16384,1000,100,0.835424,0.025876,0.747744,618322.139650,70.914130,10130589936.023542,0.000000,-1
4,Tesla V100-SXM2-16GB,7.0,fft,fp64,forward,none,out-of-place,0,online-reorder,auto,four-mul,recurrence,direct-strided,2,7x7,128x128,4x4,recurrence,direct-strided,global-scratch,2,128x128,4x4,shared,xor-swizzle,cufftdx-block,0,named-barrier,128,128,128,4,4,4,4,7,1,0,0,14,16384,16,1,16384,1000,100,0.814016,0.025928,0.740704,617101.115051,70.774093,10110584668.988680,0.000000,-1
4,Tesla V100-SXM2-16GB,7.0,fft,fp64,forward,none,out-of-place,0,cufft,auto,four-mul,table,direct-strided,1,14,,,,,,0,,,shared,linear,scalar,0,named-barrier,0,0,0,8,8,0,0,0,0,0,0,14,16384,16,1,16384,1000,100,0.832544,0.026819,0.747136,596601.788124,68.423066,9774723696.628946,0.000000,-1
5,Tesla V100-SXM2-16GB,7.0,fft,fp64,forward,none,out-of-place,0,cufft,auto,four-mul,table,direct-strided,1,14,,,,,,0,,,shared,linear,scalar,0,named-barrier,0,0,0,8,8,0,0,0,0,0,0,14,16384,16,1,16384,1000,100,0.835968,0.026798,0.719296,597057.726608,68.475357,9782193792.743769,0.000000,-1
5,Tesla V100-SXM2-16GB,7.0,fft,fp64,forward,none,out-of-place,0,online-reorder,auto,four-mul,recurrence,direct-strided,2,7x7,128x128,4x4,recurrence,direct-strided,global-scratch,2,128x128,4x4,shared,xor-swizzle,cufftdx-block,0,named-barrier,128,128,128,4,4,4,4,7,1,0,0,14,16384,16,1,16384,1000,100,0.829824,0.025969,0.720448,616127.779706,70.662463,10094637542.703609,0.000000,-1
1,Tesla V100-SXM2-16GB,7.0,fft,fp64,forward,none,out-of-place,0,cufft,auto,four-mul,table,direct-strided,1,14,,,,,,0,,,shared,linear,scalar,0,named-barrier,0,0,0,8,8,0,0,0,0,0,0,14,16384,32,1,16384,1000,100,1.504288,0.049674,1.349824,644197.085612,73.881675,10554525050.670198,0.000000,-1
1,Tesla V100-SXM2-16GB,7.0,fft,fp64,forward,none,out-of-place,0,online-reorder,auto,four-mul,recurrence,direct-strided,2,7x7,128x128,4x4,recurrence,direct-strided,global-scratch,2,128x128,4x4,shared,xor-swizzle,cufftdx-block,0,named-barrier,128,128,128,4,4,4,4,7,1,0,0,14,16384,32,1,16384,1000,100,1.485344,0.050954,1.336896,628014.453362,72.025722,10289388803.881290,0.000000,-1
2,Tesla V100-SXM2-16GB,7.0,fft,fp64,forward,none,out-of-place,0,online-reorder,auto,four-mul,recurrence,direct-strided,2,7x7,128x128,4x4,recurrence,direct-strided,global-scratch,2,128x128,4x4,shared,xor-swizzle,cufftdx-block,0,named-barrier,128,128,128,4,4,4,4,7,1,0,0,14,16384,32,1,16384,1000,100,1.501856,0.050852,1.347488,629279.091358,72.170760,10310108632.809923,0.000000,-1
2,Tesla V100-SXM2-16GB,7.0,fft,fp64,forward,none,out-of-place,0,cufft,auto,four-mul,table,direct-strided,1,14,,,,,,0,,,shared,linear,scalar,0,named-barrier,0,0,0,8,8,0,0,0,0,0,0,14,16384,32,1,16384,1000,100,1.511360,0.049490,1.356800,646596.328795,74.156840,10593834250.982304,0.000000,-1
3,Tesla V100-SXM2-16GB,7.0,fft,fp64,forward,none,out-of-place,0,cufft,auto,four-mul,table,direct-strided,1,14,,,,,,0,,,shared,linear,scalar,0,named-barrier,0,0,0,8,8,0,0,0,0,0,0,14,16384,32,1,16384,1000,100,1.506496,0.049500,1.355392,646462.557943,74.141498,10591642549.340219,0.000000,-1
3,Tesla V100-SXM2-16GB,7.0,fft,fp64,forward,none,out-of-place,0,online-reorder,auto,four-mul,recurrence,direct-strided,2,7x7,128x128,4x4,recurrence,direct-strided,global-scratch,2,128x128,4x4,shared,xor-swizzle,cufftdx-block,0,named-barrier,128,128,128,4,4,4,4,7,1,0,0,14,16384,32,1,16384,1000,100,1.503264,0.050883,1.351232,628899.183911,72.127190,10303884229.198963,0.000000,-1
4,Tesla V100-SXM2-16GB,7.0,fft,fp64,forward,none,out-of-place,0,online-reorder,auto,four-mul,recurrence,direct-strided,2,7x7,128x128,4x4,recurrence,direct-strided,global-scratch,2,128x128,4x4,shared,xor-swizzle,cufftdx-block,0,named-barrier,128,128,128,4,4,4,4,7,1,0,0,14,16384,32,1,16384,1000,100,1.516096,0.050719,1.360672,630930.736572,72.360184,10337169187.996830,0.000000,-1
4,Tesla V100-SXM2-16GB,7.0,fft,fp64,forward,none,out-of-place,0,cufft,auto,four-mul,table,direct-strided,1,14,,,,,,0,,,shared,linear,scalar,0,named-barrier,0,0,0,8,8,0,0,0,0,0,0,14,16384,32,1,16384,1000,100,1.512096,0.049500,1.356928,646462.557943,74.141498,10591642549.340219,0.000000,-1
5,Tesla V100-SXM2-16GB,7.0,fft,fp64,forward,none,out-of-place,0,cufft,auto,four-mul,table,direct-strided,1,14,,,,,,0,,,shared,linear,scalar,0,named-barrier,0,0,0,8,8,0,0,0,0,0,0,14,16384,32,1,16384,1000,100,1.511872,0.049562,1.356736,645661.142276,74.049585,10578512155.045240,0.000000,-1
5,Tesla V100-SXM2-16GB,7.0,fft,fp64,forward,none,out-of-place,0,online-reorder,auto,four-mul,recurrence,direct-strided,2,7x7,128x128,4x4,recurrence,direct-strided,global-scratch,2,128x128,4x4,shared,xor-swizzle,cufftdx-block,0,named-barrier,128,128,128,4,4,4,4,7,1,0,0,14,16384,32,1,16384,1000,100,1.506176,0.050913,1.353600,628519.688913,72.083666,10297666583.155691,0.000000,-1
1,Tesla V100-SXM2-16GB,7.0,fft,fp64,forward,none,out-of-place,0,cufft,auto,four-mul,table,direct-strided,1,14,,,,,,0,,,shared,linear,scalar,0,named-barrier,0,0,0,8,8,0,0,0,0,0,0,14,16384,64,1,16384,1000,100,2.860160,0.095560,2.608992,669738.489065,76.810968,10972995404.836063,0.000000,-1
1,Tesla V100-SXM2-16GB,7.0,fft,fp64,forward,none,out-of-place,0,online-reorder,auto,four-mul,recurrence,direct-strided,2,7x7,128x128,4x4,recurrence,direct-strided,global-scratch,2,128x128,4x4,shared,xor-swizzle,cufftdx-block,0,named-barrier,128,128,128,4,4,4,4,7,1,0,0,14,16384,64,1,16384,1000,100,2.850432,0.092805,2.606368,689617.144125,79.090811,11298687289.346289,0.000000,-1
2,Tesla V100-SXM2-16GB,7.0,fft,fp64,forward,none,out-of-place,0,online-reorder,auto,four-mul,recurrence,direct-strided,2,7x7,128x128,4x4,recurrence,direct-strided,global-scratch,2,128x128,4x4,shared,xor-swizzle,cufftdx-block,0,named-barrier,128,128,128,4,4,4,4,7,1,0,0,14,16384,64,1,16384,1000,100,2.855136,0.092867,2.604576,689160.860596,79.038481,11291211540.004488,0.000000,-1
2,Tesla V100-SXM2-16GB,7.0,fft,fp64,forward,none,out-of-place,0,cufft,auto,four-mul,table,direct-strided,1,14,,,,,,0,,,shared,linear,scalar,0,named-barrier,0,0,0,8,8,0,0,0,0,0,0,14,16384,64,1,16384,1000,100,2.855392,0.095488,2.607552,670241.256074,76.868629,10981232739.523771,0.000000,-1
3,Tesla V100-SXM2-16GB,7.0,fft,fp64,forward,none,out-of-place,0,cufft,auto,four-mul,table,direct-strided,1,14,,,,,,0,,,shared,linear,scalar,0,named-barrier,0,0,0,8,8,0,0,0,0,0,0,14,16384,64,1,16384,1000,100,2.855008,0.095519,2.608448,670025.707031,76.843908,10977701183.991083,0.000000,-1
3,Tesla V100-SXM2-16GB,7.0,fft,fp64,forward,none,out-of-place,0,online-reorder,auto,four-mul,recurrence,direct-strided,2,7x7,128x128,4x4,recurrence,direct-strided,global-scratch,2,128x128,4x4,shared,xor-swizzle,cufftdx-block,0,named-barrier,128,128,128,4,4,4,4,7,1,0,0,14,16384,64,1,16384,1000,100,2.853312,0.092938,2.605568,688629.319959,78.977519,11282502778.213816,0.000000,-1
4,Tesla V100-SXM2-16GB,7.0,fft,fp64,forward,none,out-of-place,0,online-reorder,auto,four-mul,recurrence,direct-strided,2,7x7,128x128,4x4,recurrence,direct-strided,global-scratch,2,128x128,4x4,shared,xor-swizzle,cufftdx-block,0,named-barrier,128,128,128,4,4,4,4,7,1,0,0,14,16384,64,1,16384,1000,100,2.853344,0.092795,2.610752,689693.277816,79.099543,11299934663.736477,0.000000,-1
4,Tesla V100-SXM2-16GB,7.0,fft,fp64,forward,none,out-of-place,0,cufft,auto,four-mul,table,direct-strided,1,14,,,,,,0,,,shared,linear,scalar,0,named-barrier,0,0,0,8,8,0,0,0,0,0,0,14,16384,64,1,16384,1000,100,2.855392,0.095468,2.610432,670385.049941,76.885121,10983588658.226048,0.000000,-1
5,Tesla V100-SXM2-16GB,7.0,fft,fp64,forward,none,out-of-place,0,cufft,auto,four-mul,table,direct-strided,1,14,,,,,,0,,,shared,linear,scalar,0,named-barrier,0,0,0,8,8,0,0,0,0,0,0,14,16384,64,1,16384,1000,100,2.855264,0.095652,2.611936,669093.278389,76.736970,10962424273.122995,0.000000,-1
5,Tesla V100-SXM2-16GB,7.0,fft,fp64,forward,none,out-of-place,0,online-reorder,auto,four-mul,recurrence,direct-strided,2,7x7,128x128,4x4,recurrence,direct-strided,global-scratch,2,128x128,4x4,shared,xor-swizzle,cufftdx-block,0,named-barrier,128,128,128,4,4,4,4,7,1,0,0,14,16384,64,1,16384,1000,100,2.850560,0.092856,2.609184,689236.893567,79.047201,11292457264.205208,0.000000,-1
1,Tesla V100-SXM2-16GB,7.0,fft,fp64,forward,none,out-of-place,0,cufft,auto,four-mul,table,direct-strided,1,15,,,,,,0,,,shared,linear,scalar,0,named-barrier,0,0,0,8,8,0,0,0,0,0,0,15,32768,1,1,32768,1000,100,0.148416,0.012319,0.169024,81177.270584,19.950126,2660016802.506123,0.000000,-1
1,Tesla V100-SXM2-16GB,7.0,fft,fp64,forward,none,out-of-place,0,online-reorder,auto,four-mul,recurrence,direct-strided,2,7x8,128x128,4x8,recurrence,direct-strided,global-scratch,2,128x128,4x8,shared,xor-swizzle,cufftdx-block,0,named-barrier,128,128,128,4,8,4,4,7,1,0,0,15,32768,1,1,32768,1000,100,0.149088,0.009718,0.160768,102904.376452,25.289780,3371970607.586758,0.000000,-1
2,Tesla V100-SXM2-16GB,7.0,fft,fp64,forward,none,out-of-place,0,online-reorder,auto,four-mul,recurrence,direct-strided,2,7x8,128x128,4x8,recurrence,direct-strided,global-scratch,2,128x128,4x8,shared,xor-swizzle,cufftdx-block,0,named-barrier,128,128,128,4,8,4,4,7,1,0,0,15,32768,1,1,32768,1000,100,0.148064,0.009728,0.142688,102796.047355,25.263157,3368420879.740968,0.000000,-1
2,Tesla V100-SXM2-16GB,7.0,fft,fp64,forward,none,out-of-place,0,cufft,auto,four-mul,table,direct-strided,1,15,,,,,,0,,,shared,linear,scalar,0,named-barrier,0,0,0,8,8,0,0,0,0,0,0,15,32768,1,1,32768,1000,100,0.145440,0.012268,0.167424,81516.064120,20.033388,2671118389.088494,0.000000,-1
3,Tesla V100-SXM2-16GB,7.0,fft,fp64,forward,none,out-of-place,0,cufft,auto,four-mul,table,direct-strided,1,15,,,,,,0,,,shared,linear,scalar,0,named-barrier,0,0,0,8,8,0,0,0,0,0,0,15,32768,1,1,32768,1000,100,0.145632,0.012298,0.166752,81312.451960,19.983348,2664446425.824380,0.000000,-1
3,Tesla V100-SXM2-16GB,7.0,fft,fp64,forward,none,out-of-place,0,online-reorder,auto,four-mul,recurrence,direct-strided,2,7x8,128x128,4x8,recurrence,direct-strided,global-scratch,2,128x128,4x8,shared,xor-swizzle,cufftdx-block,0,named-barrier,128,128,128,4,8,4,4,7,1,0,0,15,32768,1,1,32768,1000,100,0.145728,0.009779,0.150144,102257.853844,25.130890,3350785354.757410,0.000000,-1
4,Tesla V100-SXM2-16GB,7.0,fft,fp64,forward,none,out-of-place,0,online-reorder,auto,four-mul,recurrence,direct-strided,2,7x8,128x128,4x8,recurrence,direct-strided,global-scratch,2,128x128,4x8,shared,xor-swizzle,cufftdx-block,0,named-barrier,128,128,128,4,8,4,4,7,1,0,0,15,32768,1,1,32768,1000,100,0.146816,0.009738,0.147936,102687.955919,25.236592,3364878939.549495,0.000000,-1
4,Tesla V100-SXM2-16GB,7.0,fft,fp64,forward,none,out-of-place,0,cufft,auto,four-mul,table,direct-strided,1,15,,,,,,0,,,shared,linear,scalar,0,named-barrier,0,0,0,8,8,0,0,0,0,0,0,15,32768,1,1,32768,1000,100,0.144800,0.012329,0.162688,81109.842183,19.933555,2657807308.653494,0.000000,-1
5,Tesla V100-SXM2-16GB,7.0,fft,fp64,forward,none,out-of-place,0,cufft,auto,four-mul,table,direct-strided,1,15,,,,,,0,,,shared,linear,scalar,0,named-barrier,0,0,0,8,8,0,0,0,0,0,0,15,32768,1,1,32768,1000,100,0.145248,0.012329,0.196544,81109.842183,19.933555,2657807308.653494,0.000000,-1
5,Tesla V100-SXM2-16GB,7.0,fft,fp64,forward,none,out-of-place,0,online-reorder,auto,four-mul,recurrence,direct-strided,2,7x8,128x128,4x8,recurrence,direct-strided,global-scratch,2,128x128,4x8,shared,xor-swizzle,cufftdx-block,0,named-barrier,128,128,128,4,8,4,4,7,1,0,0,15,32768,1,1,32768,1000,100,0.145408,0.009759,0.163488,102472.453572,25.183630,3357817358.658704,0.000000,-1
1,Tesla V100-SXM2-16GB,7.0,fft,fp64,forward,none,out-of-place,0,online-reorder,auto,four-mul,recurrence,direct-strided,2,7x8,128x128,4x8,recurrence,direct-strided,global-scratch,2,128x128,4x8,shared,xor-swizzle,cufftdx-block,0,named-barrier,128,128,128,4,8,4,4,7,1,0,0,15,32768,2,1,32768,1000,100,0.331520,0.010854,0.278528,184257.063685,45.283016,6037735462.814711,0.000000,-1
1,Tesla V100-SXM2-16GB,7.0,fft,fp64,forward,none,out-of-place,0,cufft,auto,four-mul,table,direct-strided,1,15,,,,,,0,,,shared,linear,scalar,0,named-barrier,0,0,0,8,8,0,0,0,0,0,0,15,32768,2,1,32768,1000,100,0.327040,0.012472,0.283648,160355.097811,39.408869,5254515845.083326,0.000000,-1
2,Tesla V100-SXM2-16GB,7.0,fft,fp64,forward,none,out-of-place,0,cufft,auto,four-mul,table,direct-strided,1,15,,,,,,0,,,shared,linear,scalar,0,named-barrier,0,0,0,8,8,0,0,0,0,0,0,15,32768,2,1,32768,1000,100,0.325952,0.012462,0.309280,160486.859034,39.441250,5258833396.830863,0.000000,-1
2,Tesla V100-SXM2-16GB,7.0,fft,fp64,forward,none,out-of-place,0,online-reorder,auto,four-mul,recurrence,direct-strided,2,7x8,128x128,4x8,recurrence,direct-strided,global-scratch,2,128x128,4x8,shared,xor-swizzle,cufftdx-block,0,named-barrier,128,128,128,4,8,4,4,7,1,0,0,15,32768,2,1,32768,1000,100,0.326912,0.010865,0.306432,184083.401945,45.240337,6032044914.948878,0.000000,-1
3,Tesla V100-SXM2-16GB,7.0,fft,fp64,forward,none,out-of-place,0,online-reorder,auto,four-mul,recurrence,direct-strided,2,7x8,128x128,4x8,recurrence,direct-strided,global-scratch,2,128x128,4x8,shared,xor-swizzle,cufftdx-block,0,named-barrier,128,128,128,4,8,4,4,7,1,0,0,15,32768,2,1,32768,1000,100,0.340640,0.010854,0.285184,184257.063685,45.283016,6037735462.814711,0.000000,-1
3,Tesla V100-SXM2-16GB,7.0,fft,fp64,forward,none,out-of-place,0,cufft,auto,four-mul,table,direct-strided,1,15,,,,,,0,,,shared,linear,scalar,0,named-barrier,0,0,0,8,8,0,0,0,0,0,0,15,32768,2,1,32768,1000,100,0.321408,0.012462,0.315168,160486.859034,39.441250,5258833396.830863,0.000000,-1
4,Tesla V100-SXM2-16GB,7.0,fft,fp64,forward,none,out-of-place,0,cufft,auto,four-mul,table,direct-strided,1,15,,,,,,0,,,shared,linear,scalar,0,named-barrier,0,0,0,8,8,0,0,0,0,0,0,15,32768,2,1,32768,1000,100,0.333920,0.012442,0.309952,160751.020112,39.506171,5267489427.043371,0.000000,-1
4,Tesla V100-SXM2-16GB,7.0,fft,fp64,forward,none,out-of-place,0,online-reorder,auto,four-mul,recurrence,direct-strided,2,7x8,128x128,4x8,recurrence,direct-strided,global-scratch,2,128x128,4x8,shared,xor-swizzle,cufftdx-block,0,named-barrier,128,128,128,4,8,4,4,7,1,0,0,15,32768,2,1,32768,1000,100,0.334688,0.010854,0.260896,184257.063685,45.283016,6037735462.814711,0.000000,-1
5,Tesla V100-SXM2-16GB,7.0,fft,fp64,forward,none,out-of-place,0,online-reorder,auto,four-mul,recurrence,direct-strided,2,7x8,128x128,4x8,recurrence,direct-strided,global-scratch,2,128x128,4x8,shared,xor-swizzle,cufftdx-block,0,named-barrier,128,128,128,4,8,4,4,7,1,0,0,15,32768,2,1,32768,1000,100,0.337856,0.010854,0.296992,184257.063685,45.283016,6037735462.814711,0.000000,-1
5,Tesla V100-SXM2-16GB,7.0,fft,fp64,forward,none,out-of-place,0,cufft,auto,four-mul,table,direct-strided,1,15,,,,,,0,,,shared,linear,scalar,0,named-barrier,0,0,0,8,8,0,0,0,0,0,0,15,32768,2,1,32768,1000,100,0.323040,0.012462,0.278080,160486.859034,39.441250,5258833396.830863,0.000000,-1
1,Tesla V100-SXM2-16GB,7.0,fft,fp64,forward,none,out-of-place,0,online-reorder,auto,four-mul,recurrence,direct-strided,2,7x8,128x128,4x8,recurrence,direct-strided,global-scratch,2,128x128,4x8,shared,xor-swizzle,cufftdx-block,0,named-barrier,128,128,128,4,8,4,4,7,1,0,0,15,32768,4,1,32768,1000,100,0.496544,0.015002,0.465344,266638.230999,65.529012,8737201553.362850,0.000000,-1
1,Tesla V100-SXM2-16GB,7.0,fft,fp64,forward,none,out-of-place,0,cufft,auto,four-mul,table,direct-strided,1,15,,,,,,0,,,shared,linear,scalar,0,named-barrier,0,0,0,8,8,0,0,0,0,0,0,15,32768,4,1,32768,1000,100,0.495360,0.014725,0.464480,271644.648904,66.759389,8901251855.298252,0.000000,-1
2,Tesla V100-SXM2-16GB,7.0,fft,fp64,forward,none,out-of-place,0,cufft,auto,four-mul,table,direct-strided,1,15,,,,,,0,,,shared,linear,scalar,0,named-barrier,0,0,0,8,8,0,0,0,0,0,0,15,32768,4,1,32768,1000,100,0.505600,0.014746,0.458656,271267.351516,66.666664,8888888574.481297,0.000000,-1
2,Tesla V100-SXM2-16GB,7.0,fft,fp64,forward,none,out-of-place,0,online-reorder,auto,four-mul,recurrence,direct-strided,2,7x8,128x128,4x8,recurrence,direct-strided,global-scratch,2,128x128,4x8,shared,xor-swizzle,cufftdx-block,0,named-barrier,128,128,128,4,8,4,4,7,1,0,0,15,32768,4,1,32768,1000,100,0.503200,0.017357,0.426016,230457.228261,56.637168,7551622455.672623,0.000000,-1
3,Tesla V100-SXM2-16GB,7.0,fft,fp64,forward,none,out-of-place,0,online-reorder,auto,four-mul,recurrence,direct-strided,2,7x8,128x128,4x8,recurrence,direct-strided,global-scratch,2,128x128,4x8,shared,xor-swizzle,cufftdx-block,0,named-barrier,128,128,128,4,8,4,4,7,1,0,0,15,32768,4,1,32768,1000,100,0.500704,0.017316,0.433216,231002.360814,56.771140,7569485359.143262,0.000000,-1
3,Tesla V100-SXM2-16GB,7.0,fft,fp64,forward,none,out-of-place,0,cufft,auto,four-mul,table,direct-strided,1,15,,,,,,0,,,shared,linear,scalar,0,named-barrier,0,0,0,8,8,0,0,0,0,0,0,15,32768,4,1,32768,1000,100,0.496544,0.016968,0.429600,235742.301130,57.936028,7724803723.435455,0.000000,-1
4,Tesla V100-SXM2-16GB,7.0,fft,fp64,forward,none,out-of-place,0,cufft,auto,four-mul,table,direct-strided,1,15,,,,,,0,,,shared,linear,scalar,0,named-barrier,0,0,0,8,8,0,0,0,0,0,0,15,32768,4,1,32768,1000,100,0.513216,0.016927,0.434592,236312.754361,58.076223,7743496334.914119,0.000000,-1
4,Tesla V100-SXM2-16GB,7.0,fft,fp64,forward,none,out-of-place,0,online-reorder,auto,four-mul,recurrence,direct-strided,2,7x8,128x128,4x8,recurrence,direct-strided,global-scratch,2,128x128,4x8,shared,xor-swizzle,cufftdx-block,0,named-barrier,128,128,128,4,8,4,4,7,1,0,0,15,32768,4,1,32768,1000,100,0.504576,0.017275,0.455616,231550.078437,56.905747,7587432970.207284,0.000000,-1
5,Tesla V100-SXM2-16GB,7.0,fft,fp64,forward,none,out-of-place,0,online-reorder,auto,four-mul,recurrence,direct-strided,2,7x8,128x128,4x8,recurrence,direct-strided,global-scratch,2,128x128,4x8,shared,xor-swizzle,cufftdx-block,0,named-barrier,128,128,128,4,8,4,4,7,1,0,0,15,32768,4,1,32768,1000,100,0.496640,0.017295,0.461056,231275.895343,56.838364,7578448538.612114,0.000000,-1
5,Tesla V100-SXM2-16GB,7.0,fft,fp64,forward,none,out-of-place,0,cufft,auto,four-mul,table,direct-strided,1,15,,,,,,0,,,shared,linear,scalar,0,named-barrier,0,0,0,8,8,0,0,0,0,0,0,15,32768,4,1,32768,1000,100,0.501152,0.016937,0.430528,236169.895373,58.041113,7738815131.579692,0.000000,-1
1,Tesla V100-SXM2-16GB,7.0,fft,fp64,forward,none,out-of-place,0,online-reorder,auto,four-mul,recurrence,direct-strided,2,7x8,128x128,4x8,recurrence,direct-strided,global-scratch,2,128x128,4x8,shared,xor-swizzle,cufftdx-block,0,named-barrier,128,128,128,4,8,4,4,7,1,0,0,15,32768,8,1,32768,1000,100,0.845600,0.029204,0.733376,273930.571752,67.321177,8976156975.169136,0.000000,-1
1,Tesla V100-SXM2-16GB,7.0,fft,fp64,forward,none,out-of-place,0,cufft,auto,four-mul,table,direct-strided,1,15,,,,,,0,,,shared,linear,scalar,0,named-barrier,0,0,0,8,8,0,0,0,0,0,0,15,32768,8,1,32768,1000,100,0.836928,0.029215,0.736032,273834.549117,67.297579,8973010505.465321,0.000000,-1
2,Tesla V100-SXM2-16GB,7.0,fft,fp64,forward,none,out-of-place,0,cufft,auto,four-mul,table,direct-strided,1,15,,,,,,0,,,shared,linear,scalar,0,named-barrier,0,0,0,8,8,0,0,0,0,0,0,15,32768,8,1,32768,1000,100,0.835808,0.029164,0.728960,274315.301622,67.415729,8988763803.550682,0.000000,-1
2,Tesla V100-SXM2-16GB,7.0,fft,fp64,forward,none,out-of-place,0,online-reorder,auto,four-mul,recurrence,direct-strided,2,7x8,128x128,4x8,recurrence,direct-strided,global-scratch,2,128x128,4x8,shared,xor-swizzle,cufftdx-block,0,named-barrier,128,128,128,4,8,4,4,7,1,0,0,15,32768,8,1,32768,1000,100,0.844256,0.029215,0.749824,273834.549117,67.297579,8973010505.465321,0.000000,-1
3,Tesla V100-SXM2-16GB,7.0,fft,fp64,forward,none,out-of-place,0,online-reorder,auto,four-mul,recurrence,direct-strided,2,7x8,128x128,4x8,recurrence,direct-strided,global-scratch,2,128x128,4x8,shared,xor-swizzle,cufftdx-block,0,named-barrier,128,128,128,4,8,4,4,7,1,0,0,15,32768,8,1,32768,1000,100,0.837024,0.029112,0.752640,274797.745144,67.534294,9004572512.884113,0.000000,-1
3,Tesla V100-SXM2-16GB,7.0,fft,fp64,forward,none,out-of-place,0,cufft,auto,four-mul,table,direct-strided,1,15,,,,,,0,,,shared,linear,scalar,0,named-barrier,0,0,0,8,8,0,0,0,0,0,0,15,32768,8,1,32768,1000,100,0.838656,0.028436,0.738528,281328.771166,69.139359,9218581173.553270,0.000000,-1
4,Tesla V100-SXM2-16GB,7.0,fft,fp64,forward,none,out-of-place,0,cufft,auto,four-mul,table,direct-strided,1,15,,,,,,0,,,shared,linear,scalar,0,named-barrier,0,0,0,8,8,0,0,0,0,0,0,15,32768,8,1,32768,1000,100,0.852768,0.028109,0.733792,284608.380591,69.945356,9326047415.211271,0.000000,-1
4,Tesla V100-SXM2-16GB,7.0,fft,fp64,forward,none,out-of-place,0,online-reorder,auto,four-mul,recurrence,direct-strided,2,7x8,128x128,4x8,recurrence,direct-strided,global-scratch,2,128x128,4x8,shared,xor-swizzle,cufftdx-block,0,named-barrier,128,128,128,4,8,4,4,7,1,0,0,15,32768,8,1,32768,1000,100,0.837888,0.028088,0.736160,284815.894532,69.996354,9332847232.034479,0.000000,-1
5,Tesla V100-SXM2-16GB,7.0,fft,fp64,forward,none,out-of-place,0,online-reorder,auto,four-mul,recurrence,direct-strided,2,7x8,128x128,4x8,recurrence,direct-strided,global-scratch,2,128x128,4x8,shared,xor-swizzle,cufftdx-block,0,named-barrier,128,128,128,4,8,4,4,7,1,0,0,15,32768,8,1,32768,1000,100,0.832064,0.028068,0.748032,285023.730215,70.047432,9339657591.671696,0.000000,-1
5,Tesla V100-SXM2-16GB,7.0,fft,fp64,forward,none,out-of-place,0,cufft,auto,four-mul,table,direct-strided,1,15,,,,,,0,,,shared,linear,scalar,0,named-barrier,0,0,0,8,8,0,0,0,0,0,0,15,32768,8,1,32768,1000,100,0.834144,0.028129,0.738304,284401.168815,69.894431,9319257499.727715,0.000000,-1
1,Tesla V100-SXM2-16GB,7.0,fft,fp64,forward,none,out-of-place,0,online-reorder,auto,four-mul,recurrence,direct-strided,2,7x8,128x128,4x8,recurrence,direct-strided,global-scratch,2,128x128,4x8,shared,xor-swizzle,cufftdx-block,0,named-barrier,128,128,128,4,8,4,4,7,1,0,0,15,32768,16,1,32768,1000,100,1.511392,0.052019,1.365696,307578.732949,75.590549,10078739921.282734,0.000000,-1
1,Tesla V100-SXM2-16GB,7.0,fft,fp64,forward,none,out-of-place,0,cufft,auto,four-mul,table,direct-strided,1,15,,,,,,0,,,shared,linear,scalar,0,named-barrier,0,0,0,8,8,0,0,0,0,0,0,15,32768,16,1,32768,1000,100,1.493504,0.050104,1.362912,319333.765509,78.479466,10463928828.201811,0.000000,-1
2,Tesla V100-SXM2-16GB,7.0,fft,fp64,forward,none,out-of-place,0,cufft,auto,four-mul,table,direct-strided,1,15,,,,,,0,,,shared,linear,scalar,0,named-barrier,0,0,0,8,8,0,0,0,0,0,0,15,32768,16,1,32768,1000,100,1.512064,0.049828,1.360704,321105.653760,78.914925,10521990062.420424,0.000000,-1
2,Tesla V100-SXM2-16GB,7.0,fft,fp64,forward,none,out-of-place,0,online-reorder,auto,four-mul,recurrence,direct-strided,2,7x8,128x128,4x8,recurrence,direct-strided,global-scratch,2,128x128,4x8,shared,xor-swizzle,cufftdx-block,0,named-barrier,128,128,128,4,8,4,4,7,1,0,0,15,32768,16,1,32768,1000,100,1.507584,0.049879,1.355552,320776.017691,78.833914,10511188547.703192,0.000000,-1
3,Tesla V100-SXM2-16GB,7.0,fft,fp64,forward,none,out-of-place,0,online-reorder,auto,four-mul,recurrence,direct-strided,2,7x8,128x128,4x8,recurrence,direct-strided,global-scratch,2,128x128,4x8,shared,xor-swizzle,cufftdx-block,0,named-barrier,128,128,128,4,8,4,4,7,1,0,0,15,32768,16,1,32768,1000,100,1.505664,0.049981,1.353568,320118.819470,78.672401,10489653476.403412,0.000000,-1
3,Tesla V100-SXM2-16GB,7.0,fft,fp64,forward,none,out-of-place,0,cufft,auto,four-mul,table,direct-strided,1,15,,,,,,0,,,shared,linear,scalar,0,named-barrier,0,0,0,8,8,0,0,0,0,0,0,15,32768,16,1,32768,1000,100,1.510336,0.049644,1.375232,322297.853060,79.207920,10561056049.061085,0.000000,-1
4,Tesla V100-SXM2-16GB,7.0,fft,fp64,forward,none,out-of-place,0,cufft,auto,four-mul,table,direct-strided,1,15,,,,,,0,,,shared,linear,scalar,0,named-barrier,0,0,0,8,8,0,0,0,0,0,0,15,32768,16,1,32768,1000,100,1.509824,0.049920,1.350816,320512.819640,78.769231,10502564073.972683,0.000000,-1
4,Tesla V100-SXM2-16GB,7.0,fft,fp64,forward,none,out-of-place,0,online-reorder,auto,four-mul,recurrence,direct-strided,2,7x8,128x128,4x8,recurrence,direct-strided,global-scratch,2,128x128,4x8,shared,xor-swizzle,cufftdx-block,0,named-barrier,128,128,128,4,8,4,4,7,1,0,0,15,32768,16,1,32768,1000,100,1.504128,0.049889,1.349984,320710.195623,78.817738,10509031690.166653,0.000000,-1
5,Tesla V100-SXM2-16GB,7.0,fft,fp64,forward,none,out-of-place,0,online-reorder,auto,four-mul,recurrence,direct-strided,2,7x8,128x128,4x8,recurrence,direct-strided,global-scratch,2,128x128,4x8,shared,xor-swizzle,cufftdx-block,0,named-barrier,128,128,128,4,8,4,4,7,1,0,0,15,32768,16,1,32768,1000,100,1.509568,0.049889,1.346432,320710.195623,78.817738,10509031690.166653,0.000000,-1
5,Tesla V100-SXM2-16GB,7.0,fft,fp64,forward,none,out-of-place,0,cufft,auto,four-mul,table,direct-strided,1,15,,,,,,0,,,shared,linear,scalar,0,named-barrier,0,0,0,8,8,0,0,0,0,0,0,15,32768,16,1,32768,1000,100,1.510432,0.049674,1.352064,322098.542806,79.158938,10554525050.670198,0.000000,-1
1,Tesla V100-SXM2-16GB,7.0,fft,fp64,forward,none,out-of-place,0,online-reorder,auto,four-mul,recurrence,direct-strided,2,7x8,128x128,4x8,recurrence,direct-strided,global-scratch,2,128x128,4x8,shared,xor-swizzle,cufftdx-block,0,named-barrier,128,128,128,4,8,4,4,7,1,0,0,15,32768,32,1,32768,1000,100,2.852704,0.092109,2.598048,347415.226884,85.380766,11384102154.551207,0.000000,-1
1,Tesla V100-SXM2-16GB,7.0,fft,fp64,forward,none,out-of-place,0,cufft,auto,four-mul,table,direct-strided,1,15,,,,,,0,,,shared,linear,scalar,0,named-barrier,0,0,0,8,8,0,0,0,0,0,0,15,32768,32,1,32768,1000,100,2.851744,0.093952,2.593184,340599.454529,83.705722,11160762926.012512,0.000000,-1
2,Tesla V100-SXM2-16GB,7.0,fft,fp64,forward,none,out-of-place,0,cufft,auto,four-mul,table,direct-strided,1,15,,,,,,0,,,shared,linear,scalar,0,named-barrier,0,0,0,8,8,0,0,0,0,0,0,15,32768,32,1,32768,1000,100,2.846944,0.093788,2.597440,341194.473831,83.851954,11180260518.488314,0.000000,-1
2,Tesla V100-SXM2-16GB,7.0,fft,fp64,forward,none,out-of-place,0,online-reorder,auto,four-mul,recurrence,direct-strided,2,7x8,128x128,4x8,recurrence,direct-strided,global-scratch,2,128x128,4x8,shared,xor-swizzle,cufftdx-block,0,named-barrier,128,128,128,4,8,4,4,7,1,0,0,15,32768,32,1,32768,1000,100,2.828960,0.091996,2.596480,347840.593687,85.485304,11398040573.936329,0.000000,-1
3,Tesla V100-SXM2-16GB,7.0,fft,fp64,forward,none,out-of-place,0,online-reorder,auto,four-mul,recurrence,direct-strided,2,7x8,128x128,4x8,recurrence,direct-strided,global-scratch,2,128x128,4x8,shared,xor-swizzle,cufftdx-block,0,named-barrier,128,128,128,4,8,4,4,7,1,0,0,15,32768,32,1,32768,1000,100,2.846368,0.091996,2.603072,347840.593687,85.485304,11398040573.936329,0.000000,-1
3,Tesla V100-SXM2-16GB,7.0,fft,fp64,forward,none,out-of-place,0,cufft,auto,four-mul,table,direct-strided,1,15,,,,,,0,,,shared,linear,scalar,0,named-barrier,0,0,0,8,8,0,0,0,0,0,0,15,32768,32,1,32768,1000,100,2.831616,0.093676,2.593056,341604.734940,83.952780,11193703954.518740,0.000000,-1
4,Tesla V100-SXM2-16GB,7.0,fft,fp64,forward,none,out-of-place,0,cufft,auto,four-mul,table,direct-strided,1,15,,,,,,0,,,shared,linear,scalar,0,named-barrier,0,0,0,8,8,0,0,0,0,0,0,15,32768,32,1,32768,1000,100,2.847584,0.093788,2.598784,341194.473831,83.851954,11180260518.488314,0.000000,-1
4,Tesla V100-SXM2-16GB,7.0,fft,fp64,forward,none,out-of-place,0,online-reorder,auto,four-mul,recurrence,direct-strided,2,7x8,128x128,4x8,recurrence,direct-strided,global-scratch,2,128x128,4x8,shared,xor-swizzle,cufftdx-block,0,named-barrier,128,128,128,4,8,4,4,7,1,0,0,15,32768,32,1,32768,1000,100,2.830240,0.092150,2.590976,347260.790554,85.342812,11379041584.883474,0.000000,-1
5,Tesla V100-SXM2-16GB,7.0,fft,fp64,forward,none,out-of-place,0,online-reorder,auto,four-mul,recurrence,direct-strided,2,7x8,128x128,4x8,recurrence,direct-strided,global-scratch,2,128x128,4x8,shared,xor-swizzle,cufftdx-block,0,named-barrier,128,128,128,4,8,4,4,7,1,0,0,15,32768,32,1,32768,1000,100,2.847296,0.092006,2.597312,347801.891182,85.475793,11396772370.255789,0.000000,-1
5,Tesla V100-SXM2-16GB,7.0,fft,fp64,forward,none,out-of-place,0,cufft,auto,four-mul,table,direct-strided,1,15,,,,,,0,,,shared,linear,scalar,0,named-barrier,0,0,0,8,8,0,0,0,0,0,0,15,32768,32,1,32768,1000,100,2.849344,0.093747,2.598304,341343.533291,83.888587,11185144898.876347,0.000000,-1
1,Tesla V100-SXM2-16GB,7.0,fft,fp64,forward,none,out-of-place,0,online-reorder,auto,four-mul,recurrence,direct-strided,2,7x8,128x128,4x8,recurrence,direct-strided,global-scratch,2,128x128,4x8,shared,xor-swizzle,cufftdx-block,0,named-barrier,128,128,128,4,8,4,4,7,1,0,0,15,32768,64,1,32768,1000,100,5.523264,0.174141,5.101888,367517.322092,90.321057,12042807610.304426,0.000000,-1
1,Tesla V100-SXM2-16GB,7.0,fft,fp64,forward,none,out-of-place,0,cufft,auto,four-mul,table,direct-strided,1,15,,,,,,0,,,shared,linear,scalar,0,named-barrier,0,0,0,8,8,0,0,0,0,0,0,15,32768,64,1,32768,1000,100,5.541280,0.178094,5.107616,359360.607352,88.316463,11775528381.699261,0.000000,-1
2,Tesla V100-SXM2-16GB,7.0,fft,fp64,forward,none,out-of-place,0,cufft,auto,four-mul,table,direct-strided,1,15,,,,,,0,,,shared,linear,scalar,0,named-barrier,0,0,0,8,8,0,0,0,0,0,0,15,32768,64,1,32768,1000,100,5.517984,0.178043,5.098144,359463.949885,88.341860,11778914709.839495,0.000000,-1
2,Tesla V100-SXM2-16GB,7.0,fft,fp64,forward,none,out-of-place,0,online-reorder,auto,four-mul,recurrence,direct-strided,2,7x8,128x128,4x8,recurrence,direct-strided,global-scratch,2,128x128,4x8,shared,xor-swizzle,cufftdx-block,0,named-barrier,128,128,128,4,8,4,4,7,1,0,0,15,32768,64,1,32768,1000,100,5.516608,0.174172,5.098048,367452.550221,90.305139,12040685165.654602,0.000000,-1
3,Tesla V100-SXM2-16GB,7.0,fft,fp64,forward,none,out-of-place,0,online-reorder,auto,four-mul,recurrence,direct-strided,2,7x8,128x128,4x8,recurrence,direct-strided,global-scratch,2,128x128,4x8,shared,xor-swizzle,cufftdx-block,0,named-barrier,128,128,128,4,8,4,4,7,1,0,0,15,32768,64,1,32768,1000,100,5.538368,0.174131,5.099520,367538.959726,90.326375,12043516632.298132,0.000000,-1
3,Tesla V100-SXM2-16GB,7.0,fft,fp64,forward,none,out-of-place,0,cufft,auto,four-mul,table,direct-strided,1,15,,,,,,0,,,shared,linear,scalar,0,named-barrier,0,0,0,8,8,0,0,0,0,0,0,15,32768,64,1,32768,1000,100,5.520512,0.177961,5.100576,359629.433670,88.382530,11784337282.504427,0.000000,-1
4,Tesla V100-SXM2-16GB,7.0,fft,fp64,forward,none,out-of-place,0,cufft,auto,four-mul,table,direct-strided,1,15,,,,,,0,,,shared,linear,scalar,0,named-barrier,0,0,0,8,8,0,0,0,0,0,0,15,32768,64,1,32768,1000,100,5.518432,0.178084,5.097088,359381.295161,88.321547,11776206279.851299,0.000000,-1
4,Tesla V100-SXM2-16GB,7.0,fft,fp64,forward,none,out-of-place,0,online-reorder,auto,four-mul,recurrence,direct-strided,2,7x8,128x128,4x8,recurrence,direct-strided,global-scratch,2,128x128,4x8,shared,xor-swizzle,cufftdx-block,0,named-barrier,128,128,128,4,8,4,4,7,1,0,0,15,32768,64,1,32768,1000,100,5.532224,0.174203,5.099552,367387.738326,90.289211,12038561409.463039,0.000000,-1
5,Tesla V100-SXM2-16GB,7.0,fft,fp64,forward,none,out-of-place,0,online-reorder,auto,four-mul,recurrence,direct-strided,2,7x8,128x128,4x8,recurrence,direct-strided,global-scratch,2,128x128,4x8,shared,xor-swizzle,cufftdx-block,0,named-barrier,128,128,128,4,8,4,4,7,1,0,0,15,32768,64,1,32768,1000,100,5.541760,0.174090,5.108960,367625.441346,90.347628,12046350462.041336,0.000000,-1
5,Tesla V100-SXM2-16GB,7.0,fft,fp64,forward,none,out-of-place,0,cufft,auto,four-mul,table,direct-strided,1,15,,,,,,0,,,shared,linear,scalar,0,named-barrier,0,0,0,8,8,0,0,0,0,0,0,15,32768,64,1,32768,1000,100,5.563776,0.178115,5.118944,359319.298998,88.306311,11774174789.575159,0.000000,-1
1,Tesla V100-SXM2-16GB,7.0,fft,fp64,forward,none,out-of-place,0,online-reorder,auto,four-mul,recurrence,direct-strided,2,8x8,128x128,8x8,recurrence,direct-strided,global-scratch,2,128x128,8x8,shared,xor-swizzle,cufftdx-block,0,named-barrier,128,128,128,8,8,4,4,8,1,0,0,16,65536,1,1,65536,1000,100,0.341376,0.011039,0.272512,90590.216013,47.495363,5936920396.656467,0.000000,-1
1,Tesla V100-SXM2-16GB,7.0,fft,fp64,forward,none,out-of-place,0,cufft,auto,four-mul,table,direct-strided,1,16,,,,,,0,,,shared,linear,scalar,0,named-barrier,0,0,0,8,8,0,0,0,0,0,0,16,65536,1,1,65536,1000,100,0.331872,0.012216,0.285120,81857.709900,42.917015,5364626876.007286,0.000000,-1
2,Tesla V100-SXM2-16GB,7.0,fft,fp64,forward,none,out-of-place,0,cufft,auto,four-mul,table,direct-strided,1,16,,,,,,0,,,shared,linear,scalar,0,named-barrier,0,0,0,8,8,0,0,0,0,0,0,16,65536,1,1,65536,1000,100,0.326144,0.012206,0.274720,81926.381747,42.953019,5369127354.178819,0.000000,-1
2,Tesla V100-SXM2-16GB,7.0,fft,fp64,forward,none,out-of-place,0,online-reorder,auto,four-mul,recurrence,direct-strided,2,8x8,128x128,8x8,recurrence,direct-strided,global-scratch,2,128x128,8x8,shared,xor-swizzle,cufftdx-block,0,named-barrier,128,128,128,8,8,4,4,8,1,0,0,16,65536,1,1,65536,1000,100,0.334304,0.011018,0.264992,90758.589864,47.583640,5947954945.331765,0.000000,-1
3,Tesla V100-SXM2-16GB,7.0,fft,fp64,forward,none,out-of-place,0,online-reorder,auto,four-mul,recurrence,direct-strided,2,8x8,128x128,8x8,recurrence,direct-strided,global-scratch,2,128x128,8x8,shared,xor-swizzle,cufftdx-block,0,named-barrier,128,128,128,8,8,4,4,8,1,0,0,16,65536,1,1,65536,1000,100,0.336736,0.011028,0.255136,90674.320947,47.539458,5942432297.553544,0.000000,-1
3,Tesla V100-SXM2-16GB,7.0,fft,fp64,forward,none,out-of-place,0,cufft,auto,four-mul,table,direct-strided,1,16,,,,,,0,,,shared,linear,scalar,0,named-barrier,0,0,0,8,8,0,0,0,0,0,0,16,65536,1,1,65536,1000,100,0.329440,0.012247,0.286080,81652.383367,42.809365,5351170596.314767,0.000000,-1
4,Tesla V100-SXM2-16GB,7.0,fft,fp64,forward,none,out-of-place,0,cufft,auto,four-mul,table,direct-strided,1,16,,,,,,0,,,shared,linear,scalar,0,named-barrier,0,0,0,8,8,0,0,0,0,0,0,16,65536,1,1,65536,1000,100,0.334656,0.012206,0.283456,81926.381747,42.953019,5369127354.178819,0.000000,-1
4,Tesla V100-SXM2-16GB,7.0,fft,fp64,forward,none,out-of-place,0,online-reorder,auto,four-mul,recurrence,direct-strided,2,8x8,128x128,8x8,recurrence,direct-strided,global-scratch,2,128x128,8x8,shared,xor-swizzle,cufftdx-block,0,named-barrier,128,128,128,8,8,4,4,8,1,0,0,16,65536,1,1,65536,1000,100,0.336640,0.011018,0.265312,90758.589864,47.583640,5947954945.331765,0.000000,-1
5,Tesla V100-SXM2-16GB,7.0,fft,fp64,forward,none,out-of-place,0,online-reorder,auto,four-mul,recurrence,direct-strided,2,8x8,128x128,8x8,recurrence,direct-strided,global-scratch,2,128x128,8x8,shared,xor-swizzle,cufftdx-block,0,named-barrier,128,128,128,8,8,4,4,8,1,0,0,16,65536,1,1,65536,1000,100,0.332832,0.011018,0.289120,90758.589864,47.583640,5947954945.331765,0.000000,-1
5,Tesla V100-SXM2-16GB,7.0,fft,fp64,forward,none,out-of-place,0,cufft,auto,four-mul,table,direct-strided,1,16,,,,,,0,,,shared,linear,scalar,0,named-barrier,0,0,0,8,8,0,0,0,0,0,0,16,65536,1,1,65536,1000,100,0.342272,0.012196,0.266016,81995.175172,42.989086,5373635800.100235,0.000000,-1
1,Tesla V100-SXM2-16GB,7.0,fft,fp64,forward,none,out-of-place,0,cufft,auto,four-mul,table,direct-strided,1,16,,,,,,0,,,shared,linear,scalar,0,named-barrier,0,0,0,8,8,0,0,0,0,0,0,16,65536,2,1,65536,1000,100,0.510688,0.014356,0.407616,139309.914602,73.038517,9129814563.327915,0.000000,-1
1,Tesla V100-SXM2-16GB,7.0,fft,fp64,forward,none,out-of-place,0,online-reorder,auto,four-mul,recurrence,direct-strided,2,8x8,128x128,8x8,recurrence,direct-strided,global-scratch,2,128x128,8x8,shared,xor-swizzle,cufftdx-block,0,named-barrier,128,128,128,8,8,4,4,8,1,0,0,16,65536,2,1,65536,1000,100,0.503392,0.015227,0.419520,131346.670387,68.863483,8607935390.483200,0.000000,-1
2,Tesla V100-SXM2-16GB,7.0,fft,fp64,forward,none,out-of-place,0,online-reorder,auto,four-mul,recurrence,direct-strided,2,8x8,128x128,8x8,recurrence,direct-strided,global-scratch,2,128x128,8x8,shared,xor-swizzle,cufftdx-block,0,named-barrier,128,128,128,8,8,4,4,8,1,0,0,16,65536,2,1,65536,1000,100,0.512672,0.015237,0.457376,131258.400709,68.817204,8602150548.837145,0.000000,-1
2,Tesla V100-SXM2-16GB,7.0,fft,fp64,forward,none,out-of-place,0,cufft,auto,four-mul,table,direct-strided,1,16,,,,,,0,,,shared,linear,scalar,0,named-barrier,0,0,0,8,8,0,0,0,0,0,0,16,65536,2,1,65536,1000,100,0.507744,0.014377,0.431872,139111.469525,72.934474,9116809266.800728,0.000000,-1
3,Tesla V100-SXM2-16GB,7.0,fft,fp64,forward,none,out-of-place,0,cufft,auto,four-mul,table,direct-strided,1,16,,,,,,0,,,shared,linear,scalar,0,named-barrier,0,0,0,8,8,0,0,0,0,0,0,16,65536,2,1,65536,1000,100,0.508256,0.014367,0.429824,139210.621342,72.986458,9123307280.296288,0.000000,-1
3,Tesla V100-SXM2-16GB,7.0,fft,fp64,forward,none,out-of-place,0,online-reorder,auto,four-mul,recurrence,direct-strided,2,8x8,128x128,8x8,recurrence,direct-strided,global-scratch,2,128x128,8x8,shared,xor-swizzle,cufftdx-block,0,named-barrier,128,128,128,8,8,4,4,8,1,0,0,16,65536,2,1,65536,1000,100,0.506400,0.015247,0.425312,131170.241579,68.770984,8596372952.137676,0.000000,-1
4,Tesla V100-SXM2-16GB,7.0,fft,fp64,forward,none,out-of-place,0,online-reorder,auto,four-mul,recurrence,direct-strided,2,8x8,128x128,8x8,recurrence,direct-strided,global-scratch,2,128x128,8x8,shared,xor-swizzle,cufftdx-block,0,named-barrier,128,128,128,8,8,4,4,8,1,0,0,16,65536,2,1,65536,1000,100,0.508224,0.015258,0.416800,131082.208795,68.724829,8590603635.593691,0.000000,-1
4,Tesla V100-SXM2-16GB,7.0,fft,fp64,forward,none,out-of-place,0,cufft,auto,four-mul,table,direct-strided,1,16,,,,,,0,,,shared,linear,scalar,0,named-barrier,0,0,0,8,8,0,0,0,0,0,0,16,65536,2,1,65536,1000,100,0.503936,0.014387,0.428768,139012.458848,72.882564,9110320503.048845,0.000000,-1
5,Tesla V100-SXM2-16GB,7.0,fft,fp64,forward,none,out-of-place,0,cufft,auto,four-mul,table,direct-strided,1,16,,,,,,0,,,shared,linear,scalar,0,named-barrier,0,0,0,8,8,0,0,0,0,0,0,16,65536,2,1,65536,1000,100,0.507392,0.014377,0.428608,139111.469525,72.934474,9116809266.800728,0.000000,-1
5,Tesla V100-SXM2-16GB,7.0,fft,fp64,forward,none,out-of-place,0,online-reorder,auto,four-mul,recurrence,direct-strided,2,8x8,128x128,8x8,recurrence,direct-strided,global-scratch,2,128x128,8x8,shared,xor-swizzle,cufftdx-block,0,named-barrier,128,128,128,8,8,4,4,8,1,0,0,16,65536,2,1,65536,1000,100,0.513760,0.015206,0.433440,131523.566385,68.956228,8619528446.625217,0.000000,-1
1,Tesla V100-SXM2-16GB,7.0,fft,fp64,forward,none,out-of-place,0,cufft,auto,four-mul,table,direct-strided,1,16,,,,,,0,,,shared,linear,scalar,0,named-barrier,0,0,0,8,8,0,0,0,0,0,0,16,65536,4,1,65536,1000,100,0.833728,0.025242,0.732672,158468.569337,83.083169,10385396160.074619,0.000000,-1
1,Tesla V100-SXM2-16GB,7.0,fft,fp64,forward,none,out-of-place,0,online-reorder,auto,four-mul,recurrence,direct-strided,2,8x8,128x128,8x8,recurrence,direct-strided,global-scratch,2,128x128,8x8,shared,xor-swizzle,cufftdx-block,0,named-barrier,128,128,128,8,8,4,4,8,1,0,0,16,65536,4,1,65536,1000,100,0.832544,0.026071,0.747808,153426.944463,80.439906,10054988232.319384,0.000000,-1
2,Tesla V100-SXM2-16GB,7.0,fft,fp64,forward,none,out-of-place,0,online-reorder,auto,four-mul,recurrence,direct-strided,2,8x8,128x128,8x8,recurrence,direct-strided,global-scratch,2,128x128,8x8,shared,xor-swizzle,cufftdx-block,0,named-barrier,128,128,128,8,8,4,4,8,1,0,0,16,65536,4,1,65536,1000,100,0.835808,0.026081,0.731040,153366.701325,80.408321,10051040138.055220,0.000000,-1
2,Tesla V100-SXM2-16GB,7.0,fft,fp64,forward,none,out-of-place,0,cufft,auto,four-mul,table,direct-strided,1,16,,,,,,0,,,shared,linear,scalar,0,named-barrier,0,0,0,8,8,0,0,0,0,0,0,16,65536,4,1,65536,1000,100,0.837856,0.025272,0.737376,158275.937607,82.982175,10372771847.005297,0.000000,-1
3,Tesla V100-SXM2-16GB,7.0,fft,fp64,forward,none,out-of-place,0,cufft,auto,four-mul,table,direct-strided,1,16,,,,,,0,,,shared,linear,scalar,0,named-barrier,0,0,0,8,8,0,0,0,0,0,0,16,65536,4,1,65536,1000,100,0.831328,0.025262,0.722336,158340.088344,83.015808,10376976029.696053,0.000000,-1
3,Tesla V100-SXM2-16GB,7.0,fft,fp64,forward,none,out-of-place,0,online-reorder,auto,four-mul,recurrence,direct-strided,2,8x8,128x128,8x8,recurrence,direct-strided,global-scratch,2,128x128,8x8,shared,xor-swizzle,cufftdx-block,0,named-barrier,128,128,128,8,8,4,4,8,1,0,0,16,65536,4,1,65536,1000,100,0.829504,0.026081,0.721632,153366.701325,80.408321,10051040138.055220,0.000000,-1
4,Tesla V100-SXM2-16GB,7.0,fft,fp64,forward,none,out-of-place,0,online-reorder,auto,four-mul,recurrence,direct-strided,2,8x8,128x128,8x8,recurrence,direct-strided,global-scratch,2,128x128,8x8,shared,xor-swizzle,cufftdx-block,0,named-barrier,128,128,128,8,8,4,4,8,1,0,0,16,65536,4,1,65536,1000,100,0.830368,0.026061,0.717600,153487.223976,80.471510,10058938710.517962,0.000000,-1
4,Tesla V100-SXM2-16GB,7.0,fft,fp64,forward,none,out-of-place,0,cufft,auto,four-mul,table,direct-strided,1,16,,,,,,0,,,shared,linear,scalar,0,named-barrier,0,0,0,8,8,0,0,0,0,0,0,16,65536,4,1,65536,1000,100,0.810464,0.025211,0.742240,158661.658806,83.184404,10398050471.513386,0.000000,-1
5,Tesla V100-SXM2-16GB,7.0,fft,fp64,forward,none,out-of-place,0,cufft,auto,four-mul,table,direct-strided,1,16,,,,,,0,,,shared,linear,scalar,0,named-barrier,0,0,0,8,8,0,0,0,0,0,0,16,65536,4,1,65536,1000,100,0.832032,0.025201,0.716544,158726.122660,83.218201,10402275174.677895,0.000000,-1
5,Tesla V100-SXM2-16GB,7.0,fft,fp64,forward,none,out-of-place,0,online-reorder,auto,four-mul,recurrence,direct-strided,2,8x8,128x128,8x8,recurrence,direct-strided,global-scratch,2,128x128,8x8,shared,xor-swizzle,cufftdx-block,0,named-barrier,128,128,128,8,8,4,4,8,1,0,0,16,65536,4,1,65536,1000,100,0.808640,0.026112,0.715456,153186.266360,80.313721,10039215152.147257,0.000000,-1
1,Tesla V100-SXM2-16GB,7.0,fft,fp64,forward,none,out-of-place,0,cufft,auto,four-mul,table,direct-strided,1,16,,,,,,0,,,shared,linear,scalar,0,named-barrier,0,0,0,8,8,0,0,0,0,0,0,16,65536,8,1,65536,1000,100,1.490432,0.050647,1.348800,157955.927202,82.814397,10351799645.140978,0.000000,-1
1,Tesla V100-SXM2-16GB,7.0,fft,fp64,forward,none,out-of-place,0,online-reorder,auto,four-mul,recurrence,direct-strided,2,8x8,128x128,8x8,recurrence,direct-strided,global-scratch,2,128x128,8x8,shared,xor-swizzle,cufftdx-block,0,named-barrier,128,128,128,8,8,4,4,8,1,0,0,16,65536,8,1,65536,1000,100,1.511712,0.048916,1.361632,163544.072969,85.744195,10718024366.106953,0.000000,-1
2,Tesla V100-SXM2-16GB,7.0,fft,fp64,forward,none,out-of-place,0,online-reorder,auto,four-mul,recurrence,direct-strided,2,8x8,128x128,8x8,recurrence,direct-strided,global-scratch,2,128x128,8x8,shared,xor-swizzle,cufftdx-block,0,named-barrier,128,128,128,8,8,4,4,8,1,0,0,16,65536,8,1,65536,1000,100,1.506880,0.049009,1.356896,163236.518556,85.582948,10697868480.101603,0.000000,-1
2,Tesla V100-SXM2-16GB,7.0,fft,fp64,forward,none,out-of-place,0,cufft,auto,four-mul,table,direct-strided,1,16,,,,,,0,,,shared,linear,scalar,0,named-barrier,0,0,0,8,8,0,0,0,0,0,0,16,65536,8,1,65536,1000,100,1.507648,0.050821,1.354016,157414.876057,82.530731,10316341317.290552,0.000000,-1
3,Tesla V100-SXM2-16GB,7.0,fft,fp64,forward,none,out-of-place,0,cufft,auto,four-mul,table,direct-strided,1,16,,,,,,0,,,shared,linear,scalar,0,named-barrier,0,0,0,8,8,0,0,0,0,0,0,16,65536,8,1,65536,1000,100,1.504576,0.050760,1.360448,157605.416295,82.630628,10328828562.335417,0.000000,-1
3,Tesla V100-SXM2-16GB,7.0,fft,fp64,forward,none,out-of-place,0,online-reorder,auto,four-mul,recurrence,direct-strided,2,8x8,128x128,8x8,recurrence,direct-strided,global-scratch,2,128x128,8x8,shared,xor-swizzle,cufftdx-block,0,named-barrier,128,128,128,8,8,4,4,8,1,0,0,16,65536,8,1,65536,1000,100,1.503808,0.048906,1.354880,163578.306160,85.762143,10720267872.490673,0.000000,-1
4,Tesla V100-SXM2-16GB,7.0,fft,fp64,forward,none,out-of-place,0,online-reorder,auto,four-mul,recurrence,direct-strided,2,8x8,128x128,8x8,recurrence,direct-strided,global-scratch,2,128x128,8x8,shared,xor-swizzle,cufftdx-block,0,named-barrier,128,128,128,8,8,4,4,8,1,0,0,16,65536,8,1,65536,1000,100,1.510272,0.048927,1.358336,163509.829205,85.726241,10715780166.752211,0.000000,-1
4,Tesla V100-SXM2-16GB,7.0,fft,fp64,forward,none,out-of-place,0,cufft,auto,four-mul,table,direct-strided,1,16,,,,,,0,,,shared,linear,scalar,0,named-barrier,0,0,0,8,8,0,0,0,0,0,0,16,65536,8,1,65536,1000,100,1.490464,0.050606,1.362112,158083.773628,82.881426,10360178188.478516,0.000000,-1
5,Tesla V100-SXM2-16GB,7.0,fft,fp64,forward,none,out-of-place,0,cufft,auto,four-mul,table,direct-strided,1,16,,,,,,0,,,shared,linear,scalar,0,named-barrier,0,0,0,8,8,0,0,0,0,0,0,16,65536,8,1,65536,1000,100,1.506688,0.050821,1.355872,157414.876057,82.530731,10316341317.290552,0.000000,-1
5,Tesla V100-SXM2-16GB,7.0,fft,fp64,forward,none,out-of-place,0,online-reorder,auto,four-mul,recurrence,direct-strided,2,8x8,128x128,8x8,recurrence,direct-strided,global-scratch,2,128x128,8x8,shared,xor-swizzle,cufftdx-block,0,named-barrier,128,128,128,8,8,4,4,8,1,0,0,16,65536,8,1,65536,1000,100,1.504928,0.048794,1.343488,163955.919457,85.960121,10745015137.528036,0.000000,-1
1,Tesla V100-SXM2-16GB,7.0,fft,fp64,forward,none,out-of-place,0,cufft,auto,four-mul,table,direct-strided,1,16,,,,,,0,,,shared,linear,scalar,0,named-barrier,0,0,0,8,8,0,0,0,0,0,0,16,65536,16,1,65536,1000,100,2.853184,0.092477,2.599936,173015.182349,90.709784,11338722990.418631,0.000000,-1
1,Tesla V100-SXM2-16GB,7.0,fft,fp64,forward,none,out-of-place,0,online-reorder,auto,four-mul,recurrence,direct-strided,2,8x8,128x128,8x8,recurrence,direct-strided,global-scratch,2,128x128,8x8,shared,xor-swizzle,cufftdx-block,0,named-barrier,128,128,128,8,8,4,4,8,1,0,0,16,65536,16,1,65536,1000,100,2.847424,0.093338,2.602112,171420.729701,89.873832,11234228941.717226,0.000000,-1
2,Tesla V100-SXM2-16GB,7.0,fft,fp64,forward,none,out-of-place,0,online-reorder,auto,four-mul,recurrence,direct-strided,2,8x8,128x128,8x8,recurrence,direct-strided,global-scratch,2,128x128,8x8,shared,xor-swizzle,cufftdx-block,0,named-barrier,128,128,128,8,8,4,4,8,1,0,0,16,65536,16,1,65536,1000,100,2.851872,0.093235,2.605376,171609.015827,89.972548,11246568461.237402,0.000000,-1
2,Tesla V100-SXM2-16GB,7.0,fft,fp64,forward,none,out-of-place,0,cufft,auto,four-mul,table,direct-strided,1,16,,,,,,0,,,shared,linear,scalar,0,named-barrier,0,0,0,8,8,0,0,0,0,0,0,16,65536,16,1,65536,1000,100,2.852032,0.092365,2.601824,173226.172508,90.820404,11352550441.492384,0.000000,-1
3,Tesla V100-SXM2-16GB,7.0,fft,fp64,forward,none,out-of-place,0,cufft,auto,four-mul,table,direct-strided,1,16,,,,,,0,,,shared,linear,scalar,0,named-barrier,0,0,0,8,8,0,0,0,0,0,0,16,65536,16,1,65536,1000,100,2.852352,0.092303,2.594336,173341.458556,90.880847,11360105827.911587,0.000000,-1
3,Tesla V100-SXM2-16GB,7.0,fft,fp64,forward,none,out-of-place,0,online-reorder,auto,four-mul,recurrence,direct-strided,2,8x8,128x128,8x8,recurrence,direct-strided,global-scratch,2,128x128,8x8,shared,xor-swizzle,cufftdx-block,0,named-barrier,128,128,128,8,8,4,4,8,1,0,0,16,65536,16,1,65536,1000,100,2.850112,0.093317,2.605504,171458.353866,89.893557,11236694678.956299,0.000000,-1
4,Tesla V100-SXM2-16GB,7.0,fft,fp64,forward,none,out-of-place,0,online-reorder,auto,four-mul,recurrence,direct-strided,2,8x8,128x128,8x8,recurrence,direct-strided,global-scratch,2,128x128,8x8,shared,xor-swizzle,cufftdx-block,0,named-barrier,128,128,128,8,8,4,4,8,1,0,0,16,65536,16,1,65536,1000,100,2.830176,0.093327,2.589472,171439.546563,89.883697,11235462123.532894,0.000000,-1
4,Tesla V100-SXM2-16GB,7.0,fft,fp64,forward,none,out-of-place,0,cufft,auto,four-mul,table,direct-strided,1,16,,,,,,0,,,shared,linear,scalar,0,named-barrier,0,0,0,8,8,0,0,0,0,0,0,16,65536,16,1,65536,1000,100,2.862336,0.092488,2.611712,172996.018040,90.699736,11337467038.294319,0.000000,-1
5,Tesla V100-SXM2-16GB,7.0,fft,fp64,forward,none,out-of-place,0,cufft,auto,four-mul,table,direct-strided,1,16,,,,,,0,,,shared,linear,scalar,0,named-barrier,0,0,0,8,8,0,0,0,0,0,0,16,65536,16,1,65536,1000,100,2.858304,0.092344,2.609856,173264.579488,90.840540,11355067481.345413,0.000000,-1
5,Tesla V100-SXM2-16GB,7.0,fft,fp64,forward,none,out-of-place,0,online-reorder,auto,four-mul,recurrence,direct-strided,2,8x8,128x128,8x8,recurrence,direct-strided,global-scratch,2,128x128,8x8,shared,xor-swizzle,cufftdx-block,0,named-barrier,128,128,128,8,8,4,4,8,1,0,0,16,65536,16,1,65536,1000,100,2.849696,0.093522,2.605088,171082.881066,89.696702,11212087693.516567,0.000000,-1
1,Tesla V100-SXM2-16GB,7.0,fft,fp64,forward,none,out-of-place,0,cufft,auto,four-mul,table,direct-strided,1,16,,,,,,0,,,shared,linear,scalar,0,named-barrier,0,0,0,8,8,0,0,0,0,0,0,16,65536,32,1,65536,1000,100,5.520736,0.178002,5.099552,179773.336368,94.253003,11781625372.228069,0.000000,-1
1,Tesla V100-SXM2-16GB,7.0,fft,fp64,forward,none,out-of-place,0,online-reorder,auto,four-mul,recurrence,direct-strided,2,8x8,128x128,8x8,recurrence,direct-strided,global-scratch,2,128x128,8x8,shared,xor-swizzle,cufftdx-block,0,named-barrier,128,128,128,8,8,4,4,8,1,0,0,16,65536,32,1,65536,1000,100,5.537952,0.174797,5.108000,183069.723541,95.981259,11997657401.974730,0.000000,-1
2,Tesla V100-SXM2-16GB,7.0,fft,fp64,forward,none,out-of-place,0,online-reorder,auto,four-mul,recurrence,direct-strided,2,8x8,128x128,8x8,recurrence,direct-strided,global-scratch,2,128x128,8x8,shared,xor-swizzle,cufftdx-block,0,named-barrier,128,128,128,8,8,4,4,8,1,0,0,16,65536,32,1,65536,1000,100,5.554144,0.174715,5.119936,183155.536610,96.026250,12003281247.282753,0.000000,-1
2,Tesla V100-SXM2-16GB,7.0,fft,fp64,forward,none,out-of-place,0,cufft,auto,four-mul,table,direct-strided,1,16,,,,,,0,,,shared,linear,scalar,0,named-barrier,0,0,0,8,8,0,0,0,0,0,0,16,65536,32,1,65536,1000,100,5.557088,0.177848,5.111392,179928.600101,94.334406,11791800736.236404,0.000000,-1
3,Tesla V100-SXM2-16GB,7.0,fft,fp64,forward,none,out-of-place,0,cufft,auto,four-mul,table,direct-strided,1,16,,,,,,0,,,shared,linear,scalar,0,named-barrier,0,0,0,8,8,0,0,0,0,0,0,16,65536,32,1,65536,1000,100,5.552736,0.178053,5.114912,179721.656361,94.225908,11778238471.266159,0.000000,-1
3,Tesla V100-SXM2-16GB,7.0,fft,fp64,forward,none,out-of-place,0,online-reorder,auto,four-mul,recurrence,direct-strided,2,8x8,128x128,8x8,recurrence,direct-strided,global-scratch,2,128x128,8x8,shared,xor-swizzle,cufftdx-block,0,named-barrier,128,128,128,8,8,4,4,8,1,0,0,16,65536,32,1,65536,1000,100,5.526656,0.174776,5.114432,183091.153659,95.992495,11999061846.175489,0.000000,-1
4,Tesla V100-SXM2-16GB,7.0,fft,fp64,forward,none,out-of-place,0,online-reorder,auto,four-mul,recurrence,direct-strided,2,8x8,128x128,8x8,recurrence,direct-strided,global-scratch,2,128x128,8x8,shared,xor-swizzle,cufftdx-block,0,named-barrier,128,128,128,8,8,4,4,8,1,0,0,16,65536,32,1,65536,1000,100,5.560960,0.174684,5.127456,183187.752882,96.043141,12005392572.878828,0.000000,-1
4,Tesla V100-SXM2-16GB,7.0,fft,fp64,forward,none,out-of-place,0,cufft,auto,four-mul,table,direct-strided,1,16,,,,,,0,,,shared,linear,scalar,0,named-barrier,0,0,0,8,8,0,0,0,0,0,0,16,65536,32,1,65536,1000,100,5.538016,0.178012,5.113664,179762.997989,94.247583,11780947836.216957,0.000000,-1
5,Tesla V100-SXM2-16GB,7.0,fft,fp64,forward,none,out-of-place,0,cufft,auto,four-mul,table,direct-strided,1,16,,,,,,0,,,shared,linear,scalar,0,named-barrier,0,0,0,8,8,0,0,0,0,0,0,16,65536,32,1,65536,1000,100,5.554048,0.178063,5.109120,179711.323925,94.220491,11777561324.734684,0.000000,-1
5,Tesla V100-SXM2-16GB,7.0,fft,fp64,forward,none,out-of-place,0,online-reorder,auto,four-mul,recurrence,direct-strided,2,8x8,128x128,8x8,recurrence,direct-strided,global-scratch,2,128x128,8x8,shared,xor-swizzle,cufftdx-block,0,named-barrier,128,128,128,8,8,4,4,8,1,0,0,16,65536,32,1,65536,1000,100,5.520256,0.174807,5.101472,183059.002561,95.975638,11996954791.824570,0.000000,-1
1,Tesla V100-SXM2-16GB,7.0,fft,fp64,forward,none,out-of-place,0,cufft,auto,four-mul,table,direct-strided,1,16,,,,,,0,,,shared,linear,scalar,0,named-barrier,0,0,0,8,8,0,0,0,0,0,0,16,65536,64,1,65536,1000,100,10.907104,0.342446,10.112896,186890.731402,97.984568,12248070973.183607,0.000000,-1
1,Tesla V100-SXM2-16GB,7.0,fft,fp64,forward,none,out-of-place,0,online-reorder,auto,four-mul,recurrence,direct-strided,2,8x8,128x128,8x8,recurrence,direct-strided,global-scratch,2,128x128,8x8,shared,xor-swizzle,cufftdx-block,0,named-barrier,128,128,128,8,8,4,4,8,1,0,0,16,65536,64,1,65536,1000,100,10.916032,0.339323,10.111008,188610.910076,98.886437,12360804602.732161,0.000000,-1
2,Tesla V100-SXM2-16GB,7.0,fft,fp64,forward,none,out-of-place,0,online-reorder,auto,four-mul,recurrence,direct-strided,2,8x8,128x128,8x8,recurrence,direct-strided,global-scratch,2,128x128,8x8,shared,xor-swizzle,cufftdx-block,0,named-barrier,128,128,128,8,8,4,4,8,1,0,0,16,65536,64,1,65536,1000,100,10.912192,0.339384,10.114112,188576.774822,98.868540,12358567514.716389,0.000000,-1
2,Tesla V100-SXM2-16GB,7.0,fft,fp64,forward,none,out-of-place,0,cufft,auto,four-mul,table,direct-strided,1,16,,,,,,0,,,shared,linear,scalar,0,named-barrier,0,0,0,8,8,0,0,0,0,0,0,16,65536,64,1,65536,1000,100,10.851168,0.342733,10.111488,186734.379778,97.902595,12237824313.160330,0.000000,-1
3,Tesla V100-SXM2-16GB,7.0,fft,fp64,forward,none,out-of-place,0,cufft,auto,four-mul,table,direct-strided,1,16,,,,,,0,,,shared,linear,scalar,0,named-barrier,0,0,0,8,8,0,0,0,0,0,0,16,65536,64,1,65536,1000,100,10.940384,0.343050,10.118688,186561.594377,97.812005,12226500649.067976,0.000000,-1
3,Tesla V100-SXM2-16GB,7.0,fft,fp64,forward,none,out-of-place,0,online-reorder,auto,four-mul,recurrence,direct-strided,2,8x8,128x128,8x8,recurrence,direct-strided,global-scratch,2,128x128,8x8,shared,xor-swizzle,cufftdx-block,0,named-barrier,128,128,128,8,8,4,4,8,1,0,0,16,65536,64,1,65536,1000,100,10.903872,0.339548,10.113440,188485.791311,98.820839,12352604819.333393,0.000000,-1
4,Tesla V100-SXM2-16GB,7.0,fft,fp64,forward,none,out-of-place,0,online-reorder,auto,four-mul,recurrence,direct-strided,2,8x8,128x128,8x8,recurrence,direct-strided,global-scratch,2,128x128,8x8,shared,xor-swizzle,cufftdx-block,0,named-barrier,128,128,128,8,8,4,4,8,1,0,0,16,65536,64,1,65536,1000,100,10.901312,0.339364,10.113152,188588.168428,98.874514,12359314206.117065,0.000000,-1
4,Tesla V100-SXM2-16GB,7.0,fft,fp64,forward,none,out-of-place,0,cufft,auto,four-mul,table,direct-strided,1,16,,,,,,0,,,shared,linear,scalar,0,named-barrier,0,0,0,8,8,0,0,0,0,0,0,16,65536,64,1,65536,1000,100,10.910592,0.343040,10.112320,186567.153697,97.814920,12226864984.673401,0.000000,-1
5,Tesla V100-SXM2-16GB,7.0,fft,fp64,forward,none,out-of-place,0,cufft,auto,four-mul,table,direct-strided,1,16,,,,,,0,,,shared,linear,scalar,0,named-barrier,0,0,0,8,8,0,0,0,0,0,0,16,65536,64,1,65536,1000,100,10.928032,0.343050,10.117632,186561.594377,97.812005,12226500649.067976,0.000000,-1
5,Tesla V100-SXM2-16GB,7.0,fft,fp64,forward,none,out-of-place,0,online-reorder,auto,four-mul,recurrence,direct-strided,2,8x8,128x128,8x8,recurrence,direct-strided,global-scratch,2,128x128,8x8,shared,xor-swizzle,cufftdx-block,0,named-barrier,128,128,128,8,8,4,4,8,1,0,0,16,65536,64,1,65536,1000,100,10.922304,0.339251,10.109600,188650.758448,98.907329,12363416105.629066,0.000000,-1
1,Tesla V100-SXM2-16GB,7.0,fft,fp64,forward,none,out-of-place,0,cufft,auto,four-mul,table,direct-strided,1,17,,,,,,0,,,shared,linear,scalar,0,named-barrier,0,0,0,8,8,0,0,0,0,0,0,17,131072,1,1,131072,1000,100,0.515872,0.026655,0.411104,37516.807099,41.797925,4917402940.016816,0.000000,-1
1,Tesla V100-SXM2-16GB,7.0,fft,fp64,forward,none,out-of-place,0,online-reorder,auto,four-mul,recurrence,direct-strided,2,8x9,128x256,8x8,recurrence,direct-strided,global-scratch,2,128x256,8x8,shared,xor-swizzle,cufftdx-block,0,named-barrier,128,128,256,8,8,4,4,8,1,0,0,17,131072,1,1,131072,1000,100,0.428000,0.017746,0.414816,56350.982464,62.781306,7386035973.551285,0.000000,-1
2,Tesla V100-SXM2-16GB,7.0,fft,fp64,forward,none,out-of-place,0,online-reorder,auto,four-mul,recurrence,direct-strided,2,8x9,128x256,8x8,recurrence,direct-strided,global-scratch,2,128x256,8x8,shared,xor-swizzle,cufftdx-block,0,named-barrier,128,128,256,8,8,4,4,8,1,0,0,17,131072,1,1,131072,1000,100,0.423424,0.017623,0.425088,56743.902237,63.219062,7437536753.963436,0.000000,-1
2,Tesla V100-SXM2-16GB,7.0,fft,fp64,forward,none,out-of-place,0,cufft,auto,four-mul,table,direct-strided,1,17,,,,,,0,,,shared,linear,scalar,0,named-barrier,0,0,0,8,8,0,0,0,0,0,0,17,131072,1,1,131072,1000,100,0.513440,0.026655,0.432864,37516.807099,41.797925,4917402940.016816,0.000000,-1
3,Tesla V100-SXM2-16GB,7.0,fft,fp64,forward,none,out-of-place,0,cufft,auto,four-mul,table,direct-strided,1,17,,,,,,0,,,shared,linear,scalar,0,named-barrier,0,0,0,8,8,0,0,0,0,0,0,17,131072,1,1,131072,1000,100,0.513472,0.026696,0.425824,37459.244520,41.733794,4909858097.730875,0.000000,-1
3,Tesla V100-SXM2-16GB,7.0,fft,fp64,forward,none,out-of-place,0,online-reorder,auto,four-mul,recurrence,direct-strided,2,8x9,128x256,8x8,recurrence,direct-strided,global-scratch,2,128x256,8x8,shared,xor-swizzle,cufftdx-block,0,named-barrier,128,128,256,8,8,4,4,8,1,0,0,17,131072,1,1,131072,1000,100,0.443232,0.017644,0.416800,56678.036530,63.145681,7428903604.076395,0.000000,-1
4,Tesla V100-SXM2-16GB,7.0,fft,fp64,forward,none,out-of-place,0,online-reorder,auto,four-mul,recurrence,direct-strided,2,8x9,128x256,8x8,recurrence,direct-strided,global-scratch,2,128x256,8x8,shared,xor-swizzle,cufftdx-block,0,named-barrier,128,128,256,8,8,4,4,8,1,0,0,17,131072,1,1,131072,1000,100,0.423232,0.017664,0.425824,56612.317584,63.072462,7420289690.417922,0.000000,-1
4,Tesla V100-SXM2-16GB,7.0,fft,fp64,forward,none,out-of-place,0,cufft,auto,four-mul,table,direct-strided,1,17,,,,,,0,,,shared,linear,scalar,0,named-barrier,0,0,0,8,8,0,0,0,0,0,0,17,131072,1,1,131072,1000,100,0.519520,0.026685,0.415968,37473.617291,41.749807,4911741965.519472,0.000000,-1
5,Tesla V100-SXM2-16GB,7.0,fft,fp64,forward,none,out-of-place,0,cufft,auto,four-mul,table,direct-strided,1,17,,,,,,0,,,shared,linear,scalar,0,named-barrier,0,0,0,8,8,0,0,0,0,0,0,17,131072,1,1,131072,1000,100,0.501536,0.026767,0.412576,37358.930006,41.622032,4896709673.701159,0.000000,-1
5,Tesla V100-SXM2-16GB,7.0,fft,fp64,forward,none,out-of-place,0,online-reorder,auto,four-mul,recurrence,direct-strided,2,8x9,128x256,8x8,recurrence,direct-strided,global-scratch,2,128x256,8x8,shared,xor-swizzle,cufftdx-block,0,named-barrier,128,128,256,8,8,4,4,8,1,0,0,17,131072,1,1,131072,1000,100,0.433056,0.017695,0.414496,56514.036325,62.962966,7407407769.197181,0.000000,-1
1,Tesla V100-SXM2-16GB,7.0,fft,fp64,forward,none,out-of-place,0,online-reorder,auto,four-mul,recurrence,direct-strided,2,8x9,128x256,8x8,recurrence,direct-strided,global-scratch,2,128x256,8x8,shared,xor-swizzle,cufftdx-block,0,named-barrier,128,128,256,8,8,4,4,8,1,0,0,17,131072,2,1,131072,1000,100,0.757792,0.027259,0.717888,73370.584851,81.743049,9616829297.572721,0.000000,-1
1,Tesla V100-SXM2-16GB,7.0,fft,fp64,forward,none,out-of-place,0,cufft,auto,four-mul,table,direct-strided,1,17,,,,,,0,,,shared,linear,scalar,0,named-barrier,0,0,0,8,8,0,0,0,0,0,0,17,131072,2,1,131072,1000,100,0.831200,0.035011,0.749376,57125.619329,63.644338,7487569176.676589,0.000000,-1
2,Tesla V100-SXM2-16GB,7.0,fft,fp64,forward,none,out-of-place,0,cufft,auto,four-mul,table,direct-strided,1,17,,,,,,0,,,shared,linear,scalar,0,named-barrier,0,0,0,8,8,0,0,0,0,0,0,17,131072,2,1,131072,1000,100,0.833152,0.034990,0.730336,57159.058141,63.681593,7491952068.714682,0.000000,-1
2,Tesla V100-SXM2-16GB,7.0,fft,fp64,forward,none,out-of-place,0,online-reorder,auto,four-mul,recurrence,direct-strided,2,8x9,128x256,8x8,recurrence,direct-strided,global-scratch,2,128x256,8x8,shared,xor-swizzle,cufftdx-block,0,named-barrier,128,128,256,8,8,4,4,8,1,0,0,17,131072,2,1,131072,1000,100,0.751584,0.027331,0.722112,73178.154980,81.528661,9591607129.601936,0.000000,-1
3,Tesla V100-SXM2-16GB,7.0,fft,fp64,forward,none,out-of-place,0,online-reorder,auto,four-mul,recurrence,direct-strided,2,8x9,128x256,8x8,recurrence,direct-strided,global-scratch,2,128x256,8x8,shared,xor-swizzle,cufftdx-block,0,named-barrier,128,128,256,8,8,4,4,8,1,0,0,17,131072,2,1,131072,1000,100,0.754304,0.027290,0.719328,73287.989695,81.651029,9606003385.253681,0.000000,-1
3,Tesla V100-SXM2-16GB,7.0,fft,fp64,forward,none,out-of-place,0,cufft,auto,four-mul,table,direct-strided,1,17,,,,,,0,,,shared,linear,scalar,0,named-barrier,0,0,0,8,8,0,0,0,0,0,0,17,131072,2,1,131072,1000,100,0.831104,0.035021,0.750048,57108.920665,63.625734,7485380449.380181,0.000000,-1
4,Tesla V100-SXM2-16GB,7.0,fft,fp64,forward,none,out-of-place,0,cufft,auto,four-mul,table,direct-strided,1,17,,,,,,0,,,shared,linear,scalar,0,named-barrier,0,0,0,8,8,0,0,0,0,0,0,17,131072,2,1,131072,1000,100,0.830528,0.034990,0.719008,57159.058141,63.681593,7491952068.714682,0.000000,-1
4,Tesla V100-SXM2-16GB,7.0,fft,fp64,forward,none,out-of-place,0,online-reorder,auto,four-mul,recurrence,direct-strided,2,8x9,128x256,8x8,recurrence,direct-strided,global-scratch,2,128x256,8x8,shared,xor-swizzle,cufftdx-block,0,named-barrier,128,128,256,8,8,4,4,8,1,0,0,17,131072,2,1,131072,1000,100,0.743360,0.027259,0.707744,73370.584851,81.743049,9616829297.572721,0.000000,-1
5,Tesla V100-SXM2-16GB,7.0,fft,fp64,forward,none,out-of-place,0,online-reorder,auto,four-mul,recurrence,direct-strided,2,8x9,128x256,8x8,recurrence,direct-strided,global-scratch,2,128x256,8x8,shared,xor-swizzle,cufftdx-block,0,named-barrier,128,128,256,8,8,4,4,8,1,0,0,17,131072,2,1,131072,1000,100,0.752544,0.027290,0.726880,73287.989695,81.651029,9606003385.253681,0.000000,-1
5,Tesla V100-SXM2-16GB,7.0,fft,fp64,forward,none,out-of-place,0,cufft,auto,four-mul,table,direct-strided,1,17,,,,,,0,,,shared,linear,scalar,0,named-barrier,0,0,0,8,8,0,0,0,0,0,0,17,131072,2,1,131072,1000,100,0.810656,0.035011,0.740224,57125.619329,63.644338,7487569176.676589,0.000000,-1
1,Tesla V100-SXM2-16GB,7.0,fft,fp64,forward,none,out-of-place,0,online-reorder,auto,four-mul,recurrence,direct-strided,2,8x9,128x256,8x8,recurrence,direct-strided,global-scratch,2,128x256,8x8,shared,xor-swizzle,cufftdx-block,0,named-barrier,128,128,256,8,8,4,4,8,1,0,0,17,131072,4,1,131072,1000,100,1.423072,0.052603,1.346496,76041.469704,84.718714,9966907517.028496,0.000000,-1
1,Tesla V100-SXM2-16GB,7.0,fft,fp64,forward,none,out-of-place,0,cufft,auto,four-mul,table,direct-strided,1,17,,,,,,0,,,shared,linear,scalar,0,named-barrier,0,0,0,8,8,0,0,0,0,0,0,17,131072,4,1,131072,1000,100,1.481568,0.053996,1.338528,74080.220158,82.533662,9709842616.560759,0.000000,-1
2,Tesla V100-SXM2-16GB,7.0,fft,fp64,forward,none,out-of-place,0,cufft,auto,four-mul,table,direct-strided,1,17,,,,,,0,,,shared,linear,scalar,0,named-barrier,0,0,0,8,8,0,0,0,0,0,0,17,131072,4,1,131072,1000,100,1.502656,0.053791,1.347392,74362.266356,82.847893,9746810975.831369,0.000000,-1
2,Tesla V100-SXM2-16GB,7.0,fft,fp64,forward,none,out-of-place,0,online-reorder,auto,four-mul,recurrence,direct-strided,2,8x9,128x256,8x8,recurrence,direct-strided,global-scratch,2,128x256,8x8,shared,xor-swizzle,cufftdx-block,0,named-barrier,128,128,256,8,8,4,4,8,1,0,0,17,131072,4,1,131072,1000,100,1.416128,0.052357,1.335328,76398.392886,85.116366,10013690152.321804,0.000000,-1
3,Tesla V100-SXM2-16GB,7.0,fft,fp64,forward,none,out-of-place,0,online-reorder,auto,four-mul,recurrence,direct-strided,2,8x9,128x256,8x8,recurrence,direct-strided,global-scratch,2,128x256,8x8,shared,xor-swizzle,cufftdx-block,0,named-barrier,128,128,256,8,8,4,4,8,1,0,0,17,131072,4,1,131072,1000,100,1.431200,0.052449,1.355136,76264.156760,84.966812,9996095554.785250,0.000000,-1
3,Tesla V100-SXM2-16GB,7.0,fft,fp64,forward,none,out-of-place,0,cufft,auto,four-mul,table,direct-strided,1,17,,,,,,0,,,shared,linear,scalar,0,named-barrier,0,0,0,8,8,0,0,0,0,0,0,17,131072,4,1,131072,1000,100,1.508096,0.053576,1.352608,74660.742064,83.180429,9785932783.844259,0.000000,-1
4,Tesla V100-SXM2-16GB,7.0,fft,fp64,forward,none,out-of-place,0,cufft,auto,four-mul,table,direct-strided,1,17,,,,,,0,,,shared,linear,scalar,0,named-barrier,0,0,0,8,8,0,0,0,0,0,0,17,131072,4,1,131072,1000,100,1.509344,0.053873,1.354912,74249.195682,82.721920,9731990576.474661,0.000000,-1
4,Tesla V100-SXM2-16GB,7.0,fft,fp64,forward,none,out-of-place,0,online-reorder,auto,four-mul,recurrence,direct-strided,2,8x9,128x256,8x8,recurrence,direct-strided,global-scratch,2,128x256,8x8,shared,xor-swizzle,cufftdx-block,0,named-barrier,128,128,256,8,8,4,4,8,1,0,0,17,131072,4,1,131072,1000,100,1.428864,0.052122,1.345984,76743.611988,85.500979,10058938710.517962,0.000000,-1
5,Tesla V100-SXM2-16GB,7.0,fft,fp64,forward,none,out-of-place,0,online-reorder,auto,four-mul,recurrence,direct-strided,2,8x9,128x256,8x8,recurrence,direct-strided,global-scratch,2,128x256,8x8,shared,xor-swizzle,cufftdx-block,0,named-barrier,128,128,256,8,8,4,4,8,1,0,0,17,131072,4,1,131072,1000,100,1.425504,0.052081,1.346464,76803.968101,85.568223,10066849706.871481,0.000000,-1
5,Tesla V100-SXM2-16GB,7.0,fft,fp64,forward,none,out-of-place,0,cufft,auto,four-mul,table,direct-strided,1,17,,,,,,0,,,shared,linear,scalar,0,named-barrier,0,0,0,8,8,0,0,0,0,0,0,17,131072,4,1,131072,1000,100,1.523200,0.053842,1.351808,74291.557509,82.769116,9737543025.799898,0.000000,-1
1,Tesla V100-SXM2-16GB,7.0,fft,fp64,forward,none,out-of-place,0,online-reorder,auto,four-mul,recurrence,direct-strided,2,8x9,128x256,8x8,recurrence,direct-strided,global-scratch,2,128x256,8x8,shared,xor-swizzle,cufftdx-block,0,named-barrier,128,128,256,8,8,4,4,8,1,0,0,17,131072,8,1,131072,1000,100,2.768640,0.096133,2.589632,83217.937483,92.714103,10907541501.775936,0.000000,-1
1,Tesla V100-SXM2-16GB,7.0,fft,fp64,forward,none,out-of-place,0,cufft,auto,four-mul,table,direct-strided,1,17,,,,,,0,,,shared,linear,scalar,0,named-barrier,0,0,0,8,8,0,0,0,0,0,0,17,131072,8,1,131072,1000,100,2.849696,0.109199,2.597376,73260.502617,81.620405,9602400599.006174,0.000000,-1
2,Tesla V100-SXM2-16GB,7.0,fft,fp64,forward,none,out-of-place,0,cufft,auto,four-mul,table,direct-strided,1,17,,,,,,0,,,shared,linear,scalar,0,named-barrier,0,0,0,8,8,0,0,0,0,0,0,17,131072,8,1,131072,1000,100,2.850784,0.109240,2.598976,73233.031155,81.589799,9598799859.563929,0.000000,-1
2,Tesla V100-SXM2-16GB,7.0,fft,fp64,forward,none,out-of-place,0,online-reorder,auto,four-mul,recurrence,direct-strided,2,8x9,128x256,8x8,recurrence,direct-strided,global-scratch,2,128x256,8x8,shared,xor-swizzle,cufftdx-block,0,named-barrier,128,128,256,8,8,4,4,8,1,0,0,17,131072,8,1,131072,1000,100,2.773952,0.096205,2.600448,83155.938378,92.645029,10899415155.114054,0.000000,-1
3,Tesla V100-SXM2-16GB,7.0,fft,fp64,forward,none,out-of-place,0,online-reorder,auto,four-mul,recurrence,direct-strided,2,8x9,128x256,8x8,recurrence,direct-strided,global-scratch,2,128x256,8x8,shared,xor-swizzle,cufftdx-block,0,named-barrier,128,128,256,8,8,4,4,8,1,0,0,17,131072,8,1,131072,1000,100,2.759040,0.096287,2.591328,83085.190690,92.566208,10890142114.118717,0.000000,-1
3,Tesla V100-SXM2-16GB,7.0,fft,fp64,forward,none,out-of-place,0,cufft,auto,four-mul,table,direct-strided,1,17,,,,,,0,,,shared,linear,scalar,0,named-barrier,0,0,0,8,8,0,0,0,0,0,0,17,131072,8,1,131072,1000,100,2.858976,0.109230,2.609312,73239.899587,81.597451,9599700118.632694,0.000000,-1
4,Tesla V100-SXM2-16GB,7.0,fft,fp64,forward,none,out-of-place,0,cufft,auto,four-mul,table,direct-strided,1,17,,,,,,0,,,shared,linear,scalar,0,named-barrier,0,0,0,8,8,0,0,0,0,0,0,17,131072,8,1,131072,1000,100,2.855456,0.109292,2.607872,73198.728272,81.551582,9594303712.056131,0.000000,-1
4,Tesla V100-SXM2-16GB,7.0,fft,fp64,forward,none,out-of-place,0,online-reorder,auto,four-mul,recurrence,direct-strided,2,8x9,128x256,8x8,recurrence,direct-strided,global-scratch,2,128x256,8x8,shared,xor-swizzle,cufftdx-block,0,named-barrier,128,128,256,8,8,4,4,8,1,0,0,17,131072,8,1,131072,1000,100,2.778944,0.096819,2.606112,82628.239350,92.057113,10830248588.062366,0.000000,-1
5,Tesla V100-SXM2-16GB,7.0,fft,fp64,forward,none,out-of-place,0,online-reorder,auto,four-mul,recurrence,direct-strided,2,8x9,128x256,8x8,recurrence,direct-strided,global-scratch,2,128x256,8x8,shared,xor-swizzle,cufftdx-block,0,named-barrier,128,128,256,8,8,4,4,8,1,0,0,17,131072,8,1,131072,1000,100,2.772832,0.096276,2.605376,83094.018725,92.576043,10891299222.336832,0.000000,-1
5,Tesla V100-SXM2-16GB,7.0,fft,fp64,forward,none,out-of-place,0,cufft,auto,four-mul,table,direct-strided,1,17,,,,,,0,,,shared,linear,scalar,0,named-barrier,0,0,0,8,8,0,0,0,0,0,0,17,131072,8,1,131072,1000,100,2.854912,0.109230,2.606752,73239.899587,81.597451,9599700118.632694,0.000000,-1
1,Tesla V100-SXM2-16GB,7.0,fft,fp64,forward,none,out-of-place,0,online-reorder,auto,four-mul,recurrence,direct-strided,2,8x9,128x256,8x8,recurrence,direct-strided,global-scratch,2,128x256,8x8,shared,xor-swizzle,cufftdx-block,0,named-barrier,128,128,256,8,8,4,4,8,1,0,0,17,131072,16,1,131072,1000,100,5.484800,0.179753,5.116960,89011.051215,99.168280,11666856504.913158,0.000000,-1
1,Tesla V100-SXM2-16GB,7.0,fft,fp64,forward,none,out-of-place,0,cufft,auto,four-mul,table,direct-strided,1,17,,,,,,0,,,shared,linear,scalar,0,named-barrier,0,0,0,8,8,0,0,0,0,0,0,17,131072,16,1,131072,1000,100,5.556960,0.203940,5.121984,78454.508862,87.407110,10283189385.499275,0.000000,-1
2,Tesla V100-SXM2-16GB,7.0,fft,fp64,forward,none,out-of-place,0,cufft,auto,four-mul,table,direct-strided,1,17,,,,,,0,,,shared,linear,scalar,0,named-barrier,0,0,0,8,8,0,0,0,0,0,0,17,131072,16,1,131072,1000,100,5.557152,0.203346,5.114560,78683.652157,87.662401,10313223655.510784,0.000000,-1
2,Tesla V100-SXM2-16GB,7.0,fft,fp64,forward,none,out-of-place,0,online-reorder,auto,four-mul,recurrence,direct-strided,2,8x9,128x256,8x8,recurrence,direct-strided,global-scratch,2,128x256,8x8,shared,xor-swizzle,cufftdx-block,0,named-barrier,128,128,256,8,8,4,4,8,1,0,0,17,131072,16,1,131072,1000,100,5.481600,0.179640,5.117792,89066.870215,99.230469,11674172812.804028,0.000000,-1
3,Tesla V100-SXM2-16GB,7.0,fft,fp64,forward,none,out-of-place,0,online-reorder,auto,four-mul,recurrence,direct-strided,2,8x9,128x256,8x8,recurrence,direct-strided,global-scratch,2,128x256,8x8,shared,xor-swizzle,cufftdx-block,0,named-barrier,128,128,256,8,8,4,4,8,1,0,0,17,131072,16,1,131072,1000,100,5.490048,0.179763,5.115136,89005.982242,99.162633,11666192104.458797,0.000000,-1
3,Tesla V100-SXM2-16GB,7.0,fft,fp64,forward,none,out-of-place,0,cufft,auto,four-mul,table,direct-strided,1,17,,,,,,0,,,shared,linear,scalar,0,named-barrier,0,0,0,8,8,0,0,0,0,0,0,17,131072,16,1,131072,1000,100,5.563488,0.203418,5.118272,78655.927820,87.631513,10309589771.166681,0.000000,-1
4,Tesla V100-SXM2-16GB,7.0,fft,fp64,forward,none,out-of-place,0,cufft,auto,four-mul,table,direct-strided,1,17,,,,,,0,,,shared,linear,scalar,0,named-barrier,0,0,0,8,8,0,0,0,0,0,0,17,131072,16,1,131072,1000,100,5.551008,0.203725,5.116864,78537.320341,87.499371,10294043651.746449,0.000000,-1
4,Tesla V100-SXM2-16GB,7.0,fft,fp64,forward,none,out-of-place,0,online-reorder,auto,four-mul,recurrence,direct-strided,2,8x9,128x256,8x8,recurrence,direct-strided,global-scratch,2,128x256,8x8,shared,xor-swizzle,cufftdx-block,0,named-barrier,128,128,256,8,8,4,4,8,1,0,0,17,131072,16,1,131072,1000,100,5.481088,0.179784,5.116288,88995.838651,99.151332,11664862563.712015,0.000000,-1
5,Tesla V100-SXM2-16GB,7.0,fft,fp64,forward,none,out-of-place,0,online-reorder,auto,four-mul,recurrence,direct-strided,2,8x9,128x256,8x8,recurrence,direct-strided,global-scratch,2,128x256,8x8,shared,xor-swizzle,cufftdx-block,0,named-barrier,128,128,256,8,8,4,4,8,1,0,0,17,131072,16,1,131072,1000,100,5.487424,0.179558,5.117472,89107.501104,99.275736,11679498384.669161,0.000000,-1
5,Tesla V100-SXM2-16GB,7.0,fft,fp64,forward,none,out-of-place,0,cufft,auto,four-mul,table,direct-strided,1,17,,,,,,0,,,shared,linear,scalar,0,named-barrier,0,0,0,8,8,0,0,0,0,0,0,17,131072,16,1,131072,1000,100,5.560384,0.204073,5.122656,78403.334798,87.350096,10276481898.591497,0.000000,-1
1,Tesla V100-SXM2-16GB,7.0,fft,fp64,forward,none,out-of-place,0,online-reorder,auto,four-mul,recurrence,direct-strided,2,8x9,128x256,8x8,recurrence,direct-strided,global-scratch,2,128x256,8x8,shared,xor-swizzle,cufftdx-block,0,named-barrier,128,128,256,8,8,4,4,8,1,0,0,17,131072,32,1,131072,1000,100,10.869152,0.346307,10.112320,92403.677759,102.948046,12111534851.217371,0.000000,-1
1,Tesla V100-SXM2-16GB,7.0,fft,fp64,forward,none,out-of-place,0,cufft,auto,four-mul,table,direct-strided,1,17,,,,,,0,,,shared,linear,scalar,0,named-barrier,0,0,0,8,8,0,0,0,0,0,0,17,131072,32,1,131072,1000,100,10.928608,0.395930,10.120160,80822.448270,90.045259,10593559939.650707,0.000000,-1
2,Tesla V100-SXM2-16GB,7.0,fft,fp64,forward,none,out-of-place,0,cufft,auto,four-mul,table,direct-strided,1,17,,,,,,0,,,shared,linear,scalar,0,named-barrier,0,0,0,8,8,0,0,0,0,0,0,17,131072,32,1,131072,1000,100,10.900256,0.395213,10.107744,80969.043687,90.208583,10612774494.148167,0.000000,-1
2,Tesla V100-SXM2-16GB,7.0,fft,fp64,forward,none,out-of-place,0,online-reorder,auto,four-mul,recurrence,direct-strided,2,8x9,128x256,8x8,recurrence,direct-strided,global-scratch,2,128x256,8x8,shared,xor-swizzle,cufftdx-block,0,named-barrier,128,128,256,8,8,4,4,8,1,0,0,17,131072,32,1,131072,1000,100,10.842560,0.345979,10.116416,92491.193264,103.045548,12123005683.488462,0.000000,-1
3,Tesla V100-SXM2-16GB,7.0,fft,fp64,forward,none,out-of-place,0,online-reorder,auto,four-mul,recurrence,direct-strided,2,8x9,128x256,8x8,recurrence,direct-strided,global-scratch,2,128x256,8x8,shared,xor-swizzle,cufftdx-block,0,named-barrier,128,128,256,8,8,4,4,8,1,0,0,17,131072,32,1,131072,1000,100,10.836672,0.346092,10.109248,92461.087385,103.012007,12119059645.741354,0.000000,-1
3,Tesla V100-SXM2-16GB,7.0,fft,fp64,forward,none,out-of-place,0,cufft,auto,four-mul,table,direct-strided,1,17,,,,,,0,,,shared,linear,scalar,0,named-barrier,0,0,0,8,8,0,0,0,0,0,0,17,131072,32,1,131072,1000,100,10.908704,0.394885,10.110528,81036.231981,90.283438,10621580998.194963,0.000000,-1
4,Tesla V100-SXM2-16GB,7.0,fft,fp64,forward,none,out-of-place,0,cufft,auto,four-mul,table,direct-strided,1,17,,,,,,0,,,shared,linear,scalar,0,named-barrier,0,0,0,8,8,0,0,0,0,0,0,17,131072,32,1,131072,1000,100,10.957856,0.394895,10.132800,81034.122059,90.281088,10621304446.501827,0.000000,-1
4,Tesla V100-SXM2-16GB,7.0,fft,fp64,forward,none,out-of-place,0,online-reorder,auto,four-mul,recurrence,direct-strided,2,8x9,128x256,8x8,recurrence,direct-strided,global-scratch,2,128x256,8x8,shared,xor-swizzle,cufftdx-block,0,named-barrier,128,128,256,8,8,4,4,8,1,0,0,17,131072,32,1,131072,1000,100,10.885696,0.346337,10.142656,92395.479931,102.938913,12110460345.565426,0.000000,-1
5,Tesla V100-SXM2-16GB,7.0,fft,fp64,forward,none,out-of-place,0,online-reorder,auto,four-mul,recurrence,direct-strided,2,8x9,128x256,8x8,recurrence,direct-strided,global-scratch,2,128x256,8x8,shared,xor-swizzle,cufftdx-block,0,named-barrier,128,128,256,8,8,4,4,8,1,0,0,17,131072,32,1,131072,1000,100,10.878592,0.350413,10.123392,91320.868638,101.741676,11969608894.114613,0.000000,-1
5,Tesla V100-SXM2-16GB,7.0,fft,fp64,forward,none,out-of-place,0,cufft,auto,four-mul,table,direct-strided,1,17,,,,,,0,,,shared,linear,scalar,0,named-barrier,0,0,0,8,8,0,0,0,0,0,0,17,131072,32,1,131072,1000,100,10.967424,0.395581,10.131968,80893.586097,90.124515,10602884116.961376,0.000000,-1
1,Tesla V100-SXM2-16GB,7.0,fft,fp64,forward,none,out-of-place,0,online-reorder,auto,four-mul,recurrence,direct-strided,2,8x9,128x256,8x8,recurrence,direct-strided,global-scratch,2,128x256,8x8,shared,xor-swizzle,cufftdx-block,0,named-barrier,128,128,256,8,8,4,4,8,1,0,0,17,131072,64,1,131072,1000,100,21.638464,0.678031,20.172895,94390.910835,105.162046,12372005465.029472,0.000000,-1
1,Tesla V100-SXM2-16GB,7.0,fft,fp64,forward,none,out-of-place,0,cufft,auto,four-mul,table,direct-strided,1,17,,,,,,0,,,shared,linear,scalar,0,named-barrier,0,0,0,8,8,0,0,0,0,0,0,17,131072,64,1,131072,1000,100,21.724672,0.754668,20.171167,84805.557758,94.482890,11115634066.490276,0.000000,-1
2,Tesla V100-SXM2-16GB,7.0,fft,fp64,forward,none,out-of-place,0,cufft,auto,four-mul,table,direct-strided,1,17,,,,,,0,,,shared,linear,scalar,0,named-barrier,0,0,0,8,8,0,0,0,0,0,0,17,131072,64,1,131072,1000,100,21.718912,0.755026,20.167711,84765.301467,94.438040,11110357593.906103,0.000000,-1
2,Tesla V100-SXM2-16GB,7.0,fft,fp64,forward,none,out-of-place,0,online-reorder,auto,four-mul,recurrence,direct-strided,2,8x9,128x256,8x8,recurrence,direct-strided,global-scratch,2,128x256,8x8,shared,xor-swizzle,cufftdx-block,0,named-barrier,128,128,256,8,8,4,4,8,1,0,0,17,131072,64,1,131072,1000,100,21.663391,0.678175,20.171137,94370.958959,105.139818,12369390332.624941,0.000000,-1
3,Tesla V100-SXM2-16GB,7.0,fft,fp64,forward,none,out-of-place,0,online-reorder,auto,four-mul,recurrence,direct-strided,2,8x9,128x256,8x8,recurrence,direct-strided,global-scratch,2,128x256,8x8,shared,xor-swizzle,cufftdx-block,0,named-barrier,128,128,256,8,8,4,4,8,1,0,0,17,131072,64,1,131072,1000,100,21.619713,0.678369,20.135777,94343.894307,105.109665,12365842914.557302,0.000000,-1
3,Tesla V100-SXM2-16GB,7.0,fft,fp64,forward,none,out-of-place,0,cufft,auto,four-mul,table,direct-strided,1,17,,,,,,0,,,shared,linear,scalar,0,named-barrier,0,0,0,8,8,0,0,0,0,0,0,17,131072,64,1,131072,1000,100,21.642784,0.754637,20.142273,84809.014096,94.486740,11116087095.577623,0.000000,-1
4,Tesla V100-SXM2-16GB,7.0,fft,fp64,forward,none,out-of-place,0,cufft,auto,four-mul,table,direct-strided,1,17,,,,,,0,,,shared,linear,scalar,0,named-barrier,0,0,0,8,8,0,0,0,0,0,0,17,131072,64,1,131072,1000,100,21.675488,0.754043,20.142431,84875.811534,94.561160,11124842369.326063,0.000000,-1
4,Tesla V100-SXM2-16GB,7.0,fft,fp64,forward,none,out-of-place,0,online-reorder,auto,four-mul,recurrence,direct-strided,2,8x9,128x256,8x8,recurrence,direct-strided,global-scratch,2,128x256,8x8,shared,xor-swizzle,cufftdx-block,0,named-barrier,128,128,256,8,8,4,4,8,1,0,0,17,131072,64,1,131072,1000,100,21.606752,0.678093,20.132193,94382.364924,105.152525,12370885335.328087,0.000000,-1
5,Tesla V100-SXM2-16GB,7.0,fft,fp64,forward,none,out-of-place,0,online-reorder,auto,four-mul,recurrence,direct-strided,2,8x9,128x256,8x8,recurrence,direct-strided,global-scratch,2,128x256,8x8,shared,xor-swizzle,cufftdx-block,0,named-barrier,128,128,256,8,8,4,4,8,1,0,0,17,131072,64,1,131072,1000,100,21.608383,0.678134,20.134239,94376.657449,105.146167,12370137245.169262,0.000000,-1
5,Tesla V100-SXM2-16GB,7.0,fft,fp64,forward,none,out-of-place,0,cufft,auto,four-mul,table,direct-strided,1,17,,,,,,0,,,shared,linear,scalar,0,named-barrier,0,0,0,8,8,0,0,0,0,0,0,17,131072,64,1,131072,1000,100,21.690111,0.754668,20.137505,84805.557758,94.482890,11115634066.490276,0.000000,-1
1,Tesla V100-SXM2-16GB,7.0,fft,fp64,forward,none,out-of-place,0,online-reorder,auto,four-mul,recurrence,direct-strided,2,9x9,256x256,8x8,recurrence,direct-strided,global-scratch,2,256x256,8x8,shared,xor-swizzle,cufftdx-block,0,named-barrier,128,256,256,8,8,4,4,9,1,0,0,18,262144,1,1,262144,1000,100,0.742080,0.029256,0.731232,34181.395705,80.644030,8960447795.790335,0.000000,-1
1,Tesla V100-SXM2-16GB,7.0,fft,fp64,forward,none,out-of-place,0,cufft,auto,four-mul,table,direct-strided,1,18,,,,,,0,,,shared,linear,scalar,0,named-barrier,0,0,0,8,8,0,0,0,0,0,0,18,262144,1,1,262144,1000,100,0.811264,0.042455,0.729760,23554.329519,55.571635,6174626157.547121,0.000000,-1
2,Tesla V100-SXM2-16GB,7.0,fft,fp64,forward,none,out-of-place,0,cufft,auto,four-mul,table,direct-strided,1,18,,,,,,0,,,shared,linear,scalar,0,named-barrier,0,0,0,8,8,0,0,0,0,0,0,18,262144,1,1,262144,1000,100,0.815136,0.042435,0.721440,23565.698353,55.598458,6177606429.115068,0.000000,-1
2,Tesla V100-SXM2-16GB,7.0,fft,fp64,forward,none,out-of-place,0,online-reorder,auto,four-mul,recurrence,direct-strided,2,9x9,256x256,8x8,recurrence,direct-strided,global-scratch,2,256x256,8x8,shared,xor-swizzle,cufftdx-block,0,named-barrier,128,256,256,8,8,4,4,9,1,0,0,18,262144,1,1,262144,1000,100,0.750144,0.029194,0.717376,34253.330534,80.813746,8979305079.428967,0.000000,-1
3,Tesla V100-SXM2-16GB,7.0,fft,fp64,forward,none,out-of-place,0,online-reorder,auto,four-mul,recurrence,direct-strided,2,9x9,256x256,8x8,recurrence,direct-strided,global-scratch,2,256x256,8x8,shared,xor-swizzle,cufftdx-block,0,named-barrier,128,256,256,8,8,4,4,9,1,0,0,18,262144,1,1,262144,1000,100,0.741312,0.029174,0.726400,34277.378329,80.870482,8985609064.589830,0.000000,-1
3,Tesla V100-SXM2-16GB,7.0,fft,fp64,forward,none,out-of-place,0,cufft,auto,four-mul,table,direct-strided,1,18,,,,,,0,,,shared,linear,scalar,0,named-barrier,0,0,0,8,8,0,0,0,0,0,0,18,262144,1,1,262144,1000,100,0.810944,0.042455,0.730528,23554.329519,55.571635,6174626157.547121,0.000000,-1
4,Tesla V100-SXM2-16GB,7.0,fft,fp64,forward,none,out-of-place,0,cufft,auto,four-mul,table,direct-strided,1,18,,,,,,0,,,shared,linear,scalar,0,named-barrier,0,0,0,8,8,0,0,0,0,0,0,18,262144,1,1,262144,1000,100,0.815104,0.042465,0.716032,23548.649215,55.558234,6173137099.835629,0.000000,-1
4,Tesla V100-SXM2-16GB,7.0,fft,fp64,forward,none,out-of-place,0,online-reorder,auto,four-mul,recurrence,direct-strided,2,9x9,256x256,8x8,recurrence,direct-strided,global-scratch,2,256x256,8x8,shared,xor-swizzle,cufftdx-block,0,named-barrier,128,256,256,8,8,4,4,9,1,0,0,18,262144,1,1,262144,1000,100,0.741408,0.029184,0.710368,34265.350212,80.842104,8982455965.958221,0.000000,-1
5,Tesla V100-SXM2-16GB,7.0,fft,fp64,forward,none,out-of-place,0,online-reorder,auto,four-mul,recurrence,direct-strided,2,9x9,256x256,8x8,recurrence,direct-strided,global-scratch,2,256x256,8x8,shared,xor-swizzle,cufftdx-block,0,named-barrier,128,256,256,8,8,4,4,9,1,0,0,18,262144,1,1,262144,1000,100,0.749248,0.029276,0.711680,34157.486697,80.587622,8954180192.784128,0.000000,-1
5,Tesla V100-SXM2-16GB,7.0,fft,fp64,forward,none,out-of-place,0,cufft,auto,four-mul,table,direct-strided,1,18,,,,,,0,,,shared,linear,scalar,0,named-barrier,0,0,0,8,8,0,0,0,0,0,0,18,262144,1,1,262144,1000,100,0.811072,0.042424,0.732192,23571.384817,55.611874,6179097101.424353,0.000000,-1
1,Tesla V100-SXM2-16GB,7.0,fft,fp64,forward,none,out-of-place,0,cufft,auto,four-mul,table,direct-strided,1,18,,,,,,0,,,shared,linear,scalar,0,named-barrier,0,0,0,8,8,0,0,0,0,0,0,18,262144,2,1,262144,1000,100,1.487520,0.059617,1.336928,33547.319968,79.148058,8794228645.735104,0.000000,-1
1,Tesla V100-SXM2-16GB,7.0,fft,fp64,forward,none,out-of-place,0,online-reorder,auto,four-mul,recurrence,direct-strided,2,9x9,256x256,8x8,recurrence,direct-strided,global-scratch,2,256x256,8x8,shared,xor-swizzle,cufftdx-block,0,named-barrier,128,256,256,8,8,4,4,9,1,0,0,18,262144,2,1,262144,1000,100,1.412928,0.055726,1.367328,35889.837565,84.674750,9408305578.670454,0.000000,-1
2,Tesla V100-SXM2-16GB,7.0,fft,fp64,forward,none,out-of-place,0,online-reorder,auto,four-mul,recurrence,direct-strided,2,9x9,256x256,8x8,recurrence,direct-strided,global-scratch,2,256x256,8x8,shared,xor-swizzle,cufftdx-block,0,named-barrier,128,256,256,8,8,4,4,9,1,0,0,18,262144,2,1,262144,1000,100,1.417632,0.055306,1.340352,36162.284163,85.317532,9479725819.621456,0.000000,-1
2,Tesla V100-SXM2-16GB,7.0,fft,fp64,forward,none,out-of-place,0,cufft,auto,four-mul,table,direct-strided,1,18,,,,,,0,,,shared,linear,scalar,0,named-barrier,0,0,0,8,8,0,0,0,0,0,0,18,262144,2,1,262144,1000,100,1.485184,0.059341,1.338080,33703.623195,79.516823,8835202598.711359,0.000000,-1
3,Tesla V100-SXM2-16GB,7.0,fft,fp64,forward,none,out-of-place,0,cufft,auto,four-mul,table,direct-strided,1,18,,,,,,0,,,shared,linear,scalar,0,named-barrier,0,0,0,8,8,0,0,0,0,0,0,18,262144,2,1,262144,1000,100,1.482688,0.059320,1.337024,33715.260112,79.544278,8838253146.891136,0.000000,-1
3,Tesla V100-SXM2-16GB,7.0,fft,fp64,forward,none,out-of-place,0,online-reorder,auto,four-mul,recurrence,direct-strided,2,9x9,256x256,8x8,recurrence,direct-strided,global-scratch,2,256x256,8x8,shared,xor-swizzle,cufftdx-block,0,named-barrier,128,256,256,8,8,4,4,9,1,0,0,18,262144,2,1,262144,1000,100,1.415744,0.055286,1.338976,36175.681159,85.349140,9483237761.784418,0.000000,-1
4,Tesla V100-SXM2-16GB,7.0,fft,fp64,forward,none,out-of-place,0,online-reorder,auto,four-mul,recurrence,direct-strided,2,9x9,256x256,8x8,recurrence,direct-strided,global-scratch,2,256x256,8x8,shared,xor-swizzle,cufftdx-block,0,named-barrier,128,256,256,8,8,4,4,9,1,0,0,18,262144,2,1,262144,1000,100,1.412416,0.055572,1.335232,35989.036324,84.908789,9434309938.052334,0.000000,-1
4,Tesla V100-SXM2-16GB,7.0,fft,fp64,forward,none,out-of-place,0,cufft,auto,four-mul,table,direct-strided,1,18,,,,,,0,,,shared,linear,scalar,0,named-barrier,0,0,0,8,8,0,0,0,0,0,0,18,262144,2,1,262144,1000,100,1.485312,0.059351,1.390144,33697.809863,79.503108,8833678668.628262,0.000000,-1
5,Tesla V100-SXM2-16GB,7.0,fft,fp64,forward,none,out-of-place,0,cufft,auto,four-mul,table,direct-strided,1,18,,,,,,0,,,shared,linear,scalar,0,named-barrier,0,0,0,8,8,0,0,0,0,0,0,18,262144,2,1,262144,1000,100,1.482976,0.059331,1.332864,33709.440649,79.530548,8836727609.529470,0.000000,-1
5,Tesla V100-SXM2-16GB,7.0,fft,fp64,forward,none,out-of-place,0,online-reorder,auto,four-mul,recurrence,direct-strided,2,9x9,256x256,8x8,recurrence,direct-strided,global-scratch,2,256x256,8x8,shared,xor-swizzle,cufftdx-block,0,named-barrier,128,256,256,8,8,4,4,9,1,0,0,18,262144,2,1,262144,1000,100,1.417024,0.054989,1.341440,36371.044316,85.810059,9534451041.192152,0.000000,-1
1,Tesla V100-SXM2-16GB,7.0,fft,fp64,forward,none,out-of-place,0,cufft,auto,four-mul,table,direct-strided,1,18,,,,,,0,,,shared,linear,scalar,0,named-barrier,0,0,0,8,8,0,0,0,0,0,0,18,262144,4,1,262144,1000,100,2.827072,0.128399,2.587936,31152.803933,73.498686,8166520634.284795,0.000000,-1
1,Tesla V100-SXM2-16GB,7.0,fft,fp64,forward,none,out-of-place,0,online-reorder,auto,four-mul,recurrence,direct-strided,2,9x9,256x256,8x8,recurrence,direct-strided,global-scratch,2,256x256,8x8,shared,xor-swizzle,cufftdx-block,0,named-barrier,128,256,256,8,8,4,4,9,1,0,0,18,262144,4,1,262144,1000,100,2.773408,0.100342,2.606656,39863.761758,94.050414,10450045962.409903,0.000000,-1
2,Tesla V100-SXM2-16GB,7.0,fft,fp64,forward,none,out-of-place,0,online-reorder,auto,four-mul,recurrence,direct-strided,2,9x9,256x256,8x8,recurrence,direct-strided,global-scratch,2,256x256,8x8,shared,xor-swizzle,cufftdx-block,0,named-barrier,128,256,256,8,8,4,4,9,1,0,0,18,262144,4,1,262144,1000,100,2.771648,0.100567,2.602336,39774.464714,93.839736,10426637277.999601,0.000000,-1
2,Tesla V100-SXM2-16GB,7.0,fft,fp64,forward,none,out-of-place,0,cufft,auto,four-mul,table,direct-strided,1,18,,,,,,0,,,shared,linear,scalar,0,named-barrier,0,0,0,8,8,0,0,0,0,0,0,18,262144,4,1,262144,1000,100,2.860736,0.128317,2.608032,31172.690384,73.545604,8171733748.116590,0.000000,-1
3,Tesla V100-SXM2-16GB,7.0,fft,fp64,forward,none,out-of-place,0,cufft,auto,four-mul,table,direct-strided,1,18,,,,,,0,,,shared,linear,scalar,0,named-barrier,0,0,0,8,8,0,0,0,0,0,0,18,262144,4,1,262144,1000,100,2.853920,0.128348,2.611488,31165.231347,73.528006,8169778406.353244,0.000000,-1
3,Tesla V100-SXM2-16GB,7.0,fft,fp64,forward,none,out-of-place,0,online-reorder,auto,four-mul,recurrence,direct-strided,2,9x9,256x256,8x8,recurrence,direct-strided,global-scratch,2,256x256,8x8,shared,xor-swizzle,cufftdx-block,0,named-barrier,128,256,256,8,8,4,4,9,1,0,0,18,262144,4,1,262144,1000,100,2.771232,0.100782,2.603968,39689.595026,93.639503,10404389198.472773,0.000000,-1
4,Tesla V100-SXM2-16GB,7.0,fft,fp64,forward,none,out-of-place,0,online-reorder,auto,four-mul,recurrence,direct-strided,2,9x9,256x256,8x8,recurrence,direct-strided,global-scratch,2,256x256,8x8,shared,xor-swizzle,cufftdx-block,0,named-barrier,128,256,256,8,8,4,4,9,1,0,0,18,262144,4,1,262144,1000,100,2.769408,0.100311,2.604480,39875.969434,94.079215,10453246131.422392,0.000000,-1
4,Tesla V100-SXM2-16GB,7.0,fft,fp64,forward,none,out-of-place,0,cufft,auto,four-mul,table,direct-strided,1,18,,,,,,0,,,shared,linear,scalar,0,named-barrier,0,0,0,8,8,0,0,0,0,0,0,18,262144,4,1,262144,1000,100,2.853760,0.128379,2.608320,31157.772263,73.510407,8167823052.065258,0.000000,-1
5,Tesla V100-SXM2-16GB,7.0,fft,fp64,forward,none,out-of-place,0,cufft,auto,four-mul,table,direct-strided,1,18,,,,,,0,,,shared,linear,scalar,0,named-barrier,0,0,0,8,8,0,0,0,0,0,0,18,262144,4,1,262144,1000,100,2.854560,0.128389,2.610848,31155.287900,73.504546,8167171791.250930,0.000000,-1
5,Tesla V100-SXM2-16GB,7.0,fft,fp64,forward,none,out-of-place,0,online-reorder,auto,four-mul,recurrence,direct-strided,2,9x9,256x256,8x8,recurrence,direct-strided,global-scratch,2,256x256,8x8,shared,xor-swizzle,cufftdx-block,0,named-barrier,128,256,256,8,8,4,4,9,1,0,0,18,262144,4,1,262144,1000,100,2.771232,0.100506,2.600640,39798.778217,93.897098,10433010917.000336,0.000000,-1
1,Tesla V100-SXM2-16GB,7.0,fft,fp64,forward,none,out-of-place,0,cufft,auto,four-mul,table,direct-strided,1,18,,,,,,0,,,shared,linear,scalar,0,named-barrier,0,0,0,8,8,0,0,0,0,0,0,18,262144,8,1,262144,1000,100,5.551776,0.224993,5.115424,35556.616167,83.888582,9320953588.540308,0.000000,-1
1,Tesla V100-SXM2-16GB,7.0,fft,fp64,forward,none,out-of-place,0,online-reorder,auto,four-mul,recurrence,direct-strided,2,9x9,256x256,8x8,recurrence,direct-strided,global-scratch,2,256x256,8x8,shared,xor-swizzle,cufftdx-block,0,named-barrier,128,256,256,8,8,4,4,9,1,0,0,18,262144,8,1,262144,1000,100,5.468480,0.185405,5.120096,43148.678115,101.800504,11311167075.873535,0.000000,-1
2,Tesla V100-SXM2-16GB,7.0,fft,fp64,forward,none,out-of-place,0,online-reorder,auto,four-mul,recurrence,direct-strided,2,9x9,256x256,8x8,recurrence,direct-strided,global-scratch,2,256x256,8x8,shared,xor-swizzle,cufftdx-block,0,named-barrier,128,256,256,8,8,4,4,9,1,0,0,18,262144,8,1,262144,1000,100,5.465888,0.185815,5.119936,43053.562929,101.576099,11286233200.588589,0.000000,-1
2,Tesla V100-SXM2-16GB,7.0,fft,fp64,forward,none,out-of-place,0,cufft,auto,four-mul,table,direct-strided,1,18,,,,,,0,,,shared,linear,scalar,0,named-barrier,0,0,0,8,8,0,0,0,0,0,0,18,262144,8,1,262144,1000,100,5.551776,0.225413,5.117216,35490.393012,83.732342,9303593585.768909,0.000000,-1
3,Tesla V100-SXM2-16GB,7.0,fft,fp64,forward,none,out-of-place,0,cufft,auto,four-mul,table,direct-strided,1,18,,,,,,0,,,shared,linear,scalar,0,named-barrier,0,0,0,8,8,0,0,0,0,0,0,18,262144,8,1,262144,1000,100,5.554112,0.225044,5.119552,35548.528953,83.869502,9318833573.966764,0.000000,-1
3,Tesla V100-SXM2-16GB,7.0,fft,fp64,forward,none,out-of-place,0,online-reorder,auto,four-mul,recurrence,direct-strided,2,9x9,256x256,8x8,recurrence,direct-strided,global-scratch,2,256x256,8x8,shared,xor-swizzle,cufftdx-block,0,named-barrier,128,256,256,8,8,4,4,9,1,0,0,18,262144,8,1,262144,1000,100,5.466848,0.185129,5.113472,43213.120887,101.952543,11328060361.861118,0.000000,-1
4,Tesla V100-SXM2-16GB,7.0,fft,fp64,forward,none,out-of-place,0,online-reorder,auto,four-mul,recurrence,direct-strided,2,9x9,256x256,8x8,recurrence,direct-strided,global-scratch,2,256x256,8x8,shared,xor-swizzle,cufftdx-block,0,named-barrier,128,256,256,8,8,4,4,9,1,0,0,18,262144,8,1,262144,1000,100,5.470112,0.185283,5.114112,43177.296760,101.868024,11318669281.893295,0.000000,-1
4,Tesla V100-SXM2-16GB,7.0,fft,fp64,forward,none,out-of-place,0,cufft,auto,four-mul,table,direct-strided,1,18,,,,,,0,,,shared,linear,scalar,0,named-barrier,0,0,0,8,8,0,0,0,0,0,0,18,262144,8,1,262144,1000,100,5.560864,0.224676,5.117888,35606.853308,84.007107,9334122953.519894,0.000000,-1
5,Tesla V100-SXM2-16GB,7.0,fft,fp64,forward,none,out-of-place,0,cufft,auto,four-mul,table,direct-strided,1,18,,,,,,0,,,shared,linear,scalar,0,named-barrier,0,0,0,8,8,0,0,0,0,0,0,18,262144,8,1,262144,1000,100,5.557056,0.225219,5.123648,35521.050522,83.804672,9311630268.044500,0.000000,-1
5,Tesla V100-SXM2-16GB,7.0,fft,fp64,forward,none,out-of-place,0,online-reorder,auto,four-mul,recurrence,direct-strided,2,9x9,256x256,8x8,recurrence,direct-strided,global-scratch,2,256x256,8x8,shared,xor-swizzle,cufftdx-block,0,named-barrier,128,256,256,8,8,4,4,9,1,0,0,18,262144,8,1,262144,1000,100,5.467744,0.185190,5.120128,43198.784800,101.918720,11324302242.711149,0.000000,-1
1,Tesla V100-SXM2-16GB,7.0,fft,fp64,forward,none,out-of-place,0,cufft,auto,four-mul,table,direct-strided,1,18,,,,,,0,,,shared,linear,scalar,0,named-barrier,0,0,0,8,8,0,0,0,0,0,0,18,262144,16,1,262144,1000,100,10.966752,0.421386,10.135744,37969.918189,89.582276,9953586233.856022,0.000000,-1
1,Tesla V100-SXM2-16GB,7.0,fft,fp64,forward,none,out-of-place,0,online-reorder,auto,four-mul,recurrence,direct-strided,2,9x9,256x256,8x8,recurrence,direct-strided,global-scratch,2,256x256,8x8,shared,xor-swizzle,cufftdx-block,0,named-barrier,128,256,256,8,8,4,4,9,1,0,0,18,262144,16,1,262144,1000,100,10.868672,0.355154,10.135712,45050.889705,106.288384,11809820430.743742,0.000000,-1
2,Tesla V100-SXM2-16GB,7.0,fft,fp64,forward,none,out-of-place,0,online-reorder,auto,four-mul,recurrence,direct-strided,2,9x9,256x256,8x8,recurrence,direct-strided,global-scratch,2,256x256,8x8,shared,xor-swizzle,cufftdx-block,0,named-barrier,128,256,256,8,8,4,4,9,1,0,0,18,262144,16,1,262144,1000,100,10.858304,0.354877,10.128128,45085.987727,106.371190,11819021166.648066,0.000000,-1
2,Tesla V100-SXM2-16GB,7.0,fft,fp64,forward,none,out-of-place,0,cufft,auto,four-mul,table,direct-strided,1,18,,,,,,0,,,shared,linear,scalar,0,named-barrier,0,0,0,8,8,0,0,0,0,0,0,18,262144,16,1,262144,1000,100,10.962304,0.422246,10.131552,37892.567304,89.399782,9933309163.449118,0.000000,-1
3,Tesla V100-SXM2-16GB,7.0,fft,fp64,forward,none,out-of-place,0,cufft,auto,four-mul,table,direct-strided,1,18,,,,,,0,,,shared,linear,scalar,0,named-barrier,0,0,0,8,8,0,0,0,0,0,0,18,262144,16,1,262144,1000,100,10.958560,0.421970,10.132768,37917.394645,89.458358,9939817501.815847,0.000000,-1
3,Tesla V100-SXM2-16GB,7.0,fft,fp64,forward,none,out-of-place,0,online-reorder,auto,four-mul,recurrence,direct-strided,2,9x9,256x256,8x8,recurrence,direct-strided,global-scratch,2,256x256,8x8,shared,xor-swizzle,cufftdx-block,0,named-barrier,128,256,256,8,8,4,4,9,1,0,0,18,262144,16,1,262144,1000,100,10.863424,0.355123,10.132512,45054.783845,106.297571,11810841256.349510,0.000000,-1
4,Tesla V100-SXM2-16GB,7.0,fft,fp64,forward,none,out-of-place,0,online-reorder,auto,four-mul,recurrence,direct-strided,2,9x9,256x256,8x8,recurrence,direct-strided,global-scratch,2,256x256,8x8,shared,xor-swizzle,cufftdx-block,0,named-barrier,128,256,256,8,8,4,4,9,1,0,0,18,262144,16,1,262144,1000,100,10.855008,0.354857,10.135648,45088.592841,106.377337,11819704081.811886,0.000000,-1
4,Tesla V100-SXM2-16GB,7.0,fft,fp64,forward,none,out-of-place,0,cufft,auto,four-mul,table,direct-strided,1,18,,,,,,0,,,shared,linear,scalar,0,named-barrier,0,0,0,8,8,0,0,0,0,0,0,18,262144,16,1,262144,1000,100,10.948512,0.421018,10.117472,38003.160330,89.660704,9962300461.472696,0.000000,-1
5,Tesla V100-SXM2-16GB,7.0,fft,fp64,forward,none,out-of-place,0,cufft,auto,four-mul,table,direct-strided,1,18,,,,,,0,,,shared,linear,scalar,0,named-barrier,0,0,0,8,8,0,0,0,0,0,0,18,262144,16,1,262144,1000,100,10.895392,0.422164,10.123904,37899.918181,89.417125,9935236151.755287,0.000000,-1
5,Tesla V100-SXM2-16GB,7.0,fft,fp64,forward,none,out-of-place,0,online-reorder,auto,four-mul,recurrence,direct-strided,2,9x9,256x256,8x8,recurrence,direct-strided,global-scratch,2,256x256,8x8,shared,xor-swizzle,cufftdx-block,0,named-barrier,128,256,256,8,8,4,4,9,1,0,0,18,262144,16,1,262144,1000,100,10.856512,0.354642,10.135872,45115.930610,106.441835,11826870513.820726,0.000000,-1
1,Tesla V100-SXM2-16GB,7.0,fft,fp64,forward,none,out-of-place,0,cufft,auto,four-mul,table,direct-strided,1,18,,,,,,0,,,shared,linear,scalar,0,named-barrier,0,0,0,8,8,0,0,0,0,0,0,18,262144,32,1,262144,1000,100,21.694496,0.781619,20.134239,40940.652893,96.591119,10732346511.919645,0.000000,-1
1,Tesla V100-SXM2-16GB,7.0,fft,fp64,forward,none,out-of-place,0,online-reorder,auto,four-mul,recurrence,direct-strided,2,9x9,256x256,8x8,recurrence,direct-strided,global-scratch,2,256x256,8x8,shared,xor-swizzle,cufftdx-block,0,named-barrier,128,256,256,8,8,4,4,9,1,0,0,18,262144,32,1,262144,1000,100,21.564257,0.693565,20.135551,46138.401218,108.854145,12094905048.946224,0.000000,-1
2,Tesla V100-SXM2-16GB,7.0,fft,fp64,forward,none,out-of-place,0,online-reorder,auto,four-mul,recurrence,direct-strided,2,9x9,256x256,8x8,recurrence,direct-strided,global-scratch,2,256x256,8x8,shared,xor-swizzle,cufftdx-block,0,named-barrier,128,256,256,8,8,4,4,9,1,0,0,18,262144,32,1,262144,1000,100,21.573153,0.693135,20.135103,46167.027234,108.921683,12102409187.343031,0.000000,-1
2,Tesla V100-SXM2-16GB,7.0,fft,fp64,forward,none,out-of-place,0,cufft,auto,four-mul,table,direct-strided,1,18,,,,,,0,,,shared,linear,scalar,0,named-barrier,0,0,0,8,8,0,0,0,0,0,0,18,262144,32,1,262144,1000,100,21.665184,0.781087,20.138176,40968.561164,96.656962,10739662497.780565,0.000000,-1
3,Tesla V100-SXM2-16GB,7.0,fft,fp64,forward,none,out-of-place,0,cufft,auto,four-mul,table,direct-strided,1,18,,,,,,0,,,shared,linear,scalar,0,named-barrier,0,0,0,8,8,0,0,0,0,0,0,18,262144,32,1,262144,1000,100,21.670528,0.779796,20.139521,41036.351433,96.816900,10757433310.047924,0.000000,-1
3,Tesla V100-SXM2-16GB,7.0,fft,fp64,forward,none,out-of-place,0,online-reorder,auto,four-mul,recurrence,direct-strided,2,9x9,256x256,8x8,recurrence,direct-strided,global-scratch,2,256x256,8x8,shared,xor-swizzle,cufftdx-block,0,named-barrier,128,256,256,8,8,4,4,9,1,0,0,18,262144,32,1,262144,1000,100,21.564705,0.693197,20.139105,46162.938464,108.912036,12101337340.757866,0.000000,-1
4,Tesla V100-SXM2-16GB,7.0,fft,fp64,forward,none,out-of-place,0,online-reorder,auto,four-mul,recurrence,direct-strided,2,9x9,256x256,8x8,recurrence,direct-strided,global-scratch,2,256x256,8x8,shared,xor-swizzle,cufftdx-block,0,named-barrier,128,256,256,8,8,4,4,9,1,0,0,18,262144,32,1,262144,1000,100,21.568064,0.692941,20.135201,46179.989055,108.952263,12105807050.887789,0.000000,-1
4,Tesla V100-SXM2-16GB,7.0,fft,fp64,forward,none,out-of-place,0,cufft,auto,four-mul,table,direct-strided,1,18,,,,,,0,,,shared,linear,scalar,0,named-barrier,0,0,0,8,8,0,0,0,0,0,0,18,262144,32,1,262144,1000,100,21.672577,0.780964,20.135744,40975.008622,96.672174,10741352660.327930,0.000000,-1
5,Tesla V100-SXM2-16GB,7.0,fft,fp64,forward,none,out-of-place,0,cufft,auto,four-mul,table,direct-strided,1,18,,,,,,0,,,shared,linear,scalar,0,named-barrier,0,0,0,8,8,0,0,0,0,0,0,18,262144,32,1,262144,1000,100,21.670496,0.779878,20.133984,41032.038977,96.806725,10756302825.618832,0.000000,-1
5,Tesla V100-SXM2-16GB,7.0,fft,fp64,forward,none,out-of-place,0,online-reorder,auto,four-mul,recurrence,direct-strided,2,9x9,256x256,8x8,recurrence,direct-strided,global-scratch,2,256x256,8x8,shared,xor-swizzle,cufftdx-block,0,named-barrier,128,256,256,8,8,4,4,9,1,0,0,18,262144,32,1,262144,1000,100,21.599552,0.692900,20.136671,46182.718160,108.958702,12106522469.279860,0.000000,-1
1,Tesla V100-SXM2-16GB,7.0,fft,fp64,forward,none,out-of-place,0,cufft,auto,four-mul,table,direct-strided,1,18,,,,,,0,,,shared,linear,scalar,0,named-barrier,0,0,0,8,8,0,0,0,0,0,0,18,262144,64,1,262144,1000,100,43.164062,1.488405,74.055267,42999.063404,101.447518,11271946477.027613,0.000000,-1
1,Tesla V100-SXM2-16GB,7.0,fft,fp64,forward,none,out-of-place,0,online-reorder,auto,four-mul,recurrence,direct-strided,2,9x9,256x256,8x8,recurrence,direct-strided,global-scratch,2,256x256,8x8,shared,xor-swizzle,cufftdx-block,0,named-barrier,128,256,256,8,8,4,4,9,1,0,0,18,262144,64,1,262144,1000,100,43.157761,1.369958,73.954338,46716.746995,110.218634,12246514924.179546,0.000000,-1
2,Tesla V100-SXM2-16GB,7.0,fft,fp64,forward,none,out-of-place,0,online-reorder,auto,four-mul,recurrence,direct-strided,2,9x9,256x256,8x8,recurrence,direct-strided,global-scratch,2,256x256,8x8,shared,xor-swizzle,cufftdx-block,0,named-barrier,128,256,256,8,8,4,4,9,1,0,0,18,262144,64,1,262144,1000,100,43.136864,1.370675,73.957916,46692.316102,110.160995,12240110512.178535,0.000000,-1
2,Tesla V100-SXM2-16GB,7.0,fft,fp64,forward,none,out-of-place,0,cufft,auto,four-mul,table,direct-strided,1,18,,,,,,0,,,shared,linear,scalar,0,named-barrier,0,0,0,8,8,0,0,0,0,0,0,18,262144,64,1,262144,1000,100,43.115360,1.485814,69.021599,43074.039774,101.624410,11291601082.399431,0.000000,-1
3,Tesla V100-SXM2-16GB,7.0,fft,fp64,forward,none,out-of-place,0,cufft,auto,four-mul,table,direct-strided,1,18,,,,,,0,,,shared,linear,scalar,0,named-barrier,0,0,0,8,8,0,0,0,0,0,0,18,262144,64,1,262144,1000,100,43.225632,1.485210,86.754211,43091.557947,101.665740,11296193366.552685,0.000000,-1
3,Tesla V100-SXM2-16GB,7.0,fft,fp64,forward,none,out-of-place,0,online-reorder,auto,four-mul,recurrence,direct-strided,2,9x9,256x256,8x8,recurrence,direct-strided,global-scratch,2,256x256,8x8,shared,xor-swizzle,cufftdx-block,0,named-barrier,128,256,256,8,8,4,4,9,1,0,0,18,262144,64,1,262144,1000,100,43.253792,1.370419,74.462845,46701.040518,110.181578,12242397565.545099,0.000000,-1
4,Tesla V100-SXM2-16GB,7.0,fft,fp64,forward,none,out-of-place,0,online-reorder,auto,four-mul,recurrence,direct-strided,2,9x9,256x256,8x8,recurrence,direct-strided,global-scratch,2,256x256,8x8,shared,xor-swizzle,cufftdx-block,0,named-barrier,128,256,256,8,8,4,4,9,1,0,0,18,262144,64,1,262144,1000,100,43.231262,1.370327,73.518112,46704.180968,110.188987,12243220815.771818,0.000000,-1
4,Tesla V100-SXM2-16GB,7.0,fft,fp64,forward,none,out-of-place,0,cufft,auto,four-mul,table,direct-strided,1,18,,,,,,0,,,shared,linear,scalar,0,named-barrier,0,0,0,8,8,0,0,0,0,0,0,18,262144,64,1,262144,1000,100,43.187138,1.485660,69.229698,43078.494891,101.634921,11292768964.738394,0.000000,-1
5,Tesla V100-SXM2-16GB,7.0,fft,fp64,forward,none,out-of-place,0,cufft,auto,four-mul,table,direct-strided,1,18,,,,,,0,,,shared,linear,scalar,0,named-barrier,0,0,0,8,8,0,0,0,0,0,0,18,262144,64,1,262144,1000,100,43.168510,1.484984,325.265900,43098.099366,101.681173,11297908160.297653,0.000000,-1
5,Tesla V100-SXM2-16GB,7.0,fft,fp64,forward,none,out-of-place,0,online-reorder,auto,four-mul,recurrence,direct-strided,2,9x9,256x256,8x8,recurrence,direct-strided,global-scratch,2,256x256,8x8,shared,xor-swizzle,cufftdx-block,0,named-barrier,128,256,256,8,8,4,4,9,1,0,0,18,262144,64,1,262144,1000,100,43.147678,1.369907,88.700768,46718.491004,110.222749,12246972105.776951,0.000000,-1
