rank,operator,precision,direction,normalization,placement,logN,N,batch,element_stride,batch_stride,backend,compute_unit,complex_multiply,cross_twiddle,local_exchange,shared_layout,fft_core,stage_space,tile_threads,prefix_threads,suffix_threads,prefix_ept,suffix_ept,prefix_units_per_cta,suffix_units_per_cta,local_stages,reorder_columns,warp_stages,pipeline_warps,stage_handoff,trials,median_kernel_ms,min_kernel_ms,max_kernel_ms,median_Gbutterfly_s,slowdown_vs_best
1,fft,fp64,forward,none,out-of-place,14,16384,32,1,16384,online-reorder,auto,four-mul,recurrence,shared,xor-swizzle,cufftdx-block,0,32,128,128,4,4,4,4,7,1,0,0,named-barrier,1,0.053842,0.053842,0.053842,68.162801,1.000000
2,fft,fp64,forward,none,out-of-place,14,16384,32,1,16384,online-reorder,auto,four-mul,recurrence,shared,xor-swizzle,cufftdx-block,0,32,128,128,8,4,8,4,7,1,0,0,named-barrier,1,0.054600,0.054600,0.054600,67.216804,1.014078
3,fft,fp64,forward,none,out-of-place,14,16384,32,1,16384,online-reorder,auto,four-mul,recurrence,shared,xor-swizzle,cufftdx-block,0,32,128,128,4,8,4,8,7,1,0,0,named-barrier,1,0.056115,0.056115,0.056115,65.401461,1.042216
4,fft,fp64,forward,none,out-of-place,14,16384,32,1,16384,online-reorder,auto,four-mul,recurrence,shared,xor-swizzle,cufftdx-block,0,32,128,128,8,8,8,8,7,1,0,0,named-barrier,1,0.056300,0.056300,0.056300,65.187342,1.045652
5,fft,fp64,forward,none,out-of-place,14,16384,32,1,16384,online-reorder,auto,four-mul,recurrence,shared,linear,cufftdx-block,0,32,128,128,4,4,4,4,7,1,0,0,named-barrier,1,0.056320,0.056320,0.056320,65.163636,1.046024
6,fft,fp64,forward,none,out-of-place,14,16384,32,1,16384,online-reorder,auto,four-mul,recurrence,shared,xor-swizzle,cufftdx-block,0,32,128,256,4,4,4,8,7,1,0,0,named-barrier,1,0.056586,0.056586,0.056586,64.857036,1.050964
7,fft,fp64,forward,none,out-of-place,14,16384,32,1,16384,online-reorder,auto,four-mul,recurrence,shared,xor-swizzle,cufftdx-block,0,32,128,256,8,4,8,8,7,1,0,0,named-barrier,1,0.057508,0.057508,0.057508,63.817665,1.068088
8,fft,fp64,forward,none,out-of-place,14,16384,32,1,16384,online-reorder,auto,four-mul,recurrence,shared,xor-swizzle,cufftdx-block,0,32,256,128,8,4,16,4,7,1,0,0,named-barrier,1,0.057569,0.057569,0.057569,63.749555,1.069221
9,fft,fp64,forward,none,out-of-place,14,16384,32,1,16384,online-reorder,auto,four-mul,recurrence,shared,xor-swizzle,cufftdx-block,0,32,256,128,4,4,8,4,7,1,0,0,named-barrier,1,0.057590,0.057590,0.057590,63.726887,1.069611
10,fft,fp64,forward,none,out-of-place,14,16384,32,1,16384,online-reorder,auto,four-mul,recurrence,shared,linear,cufftdx-block,0,32,128,128,4,8,4,8,7,1,0,0,named-barrier,1,0.057692,0.057692,0.057692,63.613775,1.071506
11,fft,fp64,forward,none,out-of-place,14,16384,32,1,16384,online-reorder,auto,four-mul,recurrence,shared,xor-swizzle,cufftdx-block,0,32,128,256,4,8,4,16,7,1,0,0,named-barrier,1,0.058368,0.058368,0.058368,62.877192,1.084061
12,fft,fp64,forward,none,out-of-place,14,16384,32,1,16384,online-reorder,auto,four-mul,recurrence,shared,xor-swizzle,cufftdx-block,0,32,128,256,8,8,8,16,7,1,0,0,named-barrier,1,0.058757,0.058757,0.058757,62.460789,1.091286
13,fft,fp64,forward,none,out-of-place,14,16384,32,1,16384,online-reorder,auto,four-mul,recurrence,shared,linear,cufftdx-block,0,32,128,256,4,4,4,8,7,1,0,0,named-barrier,1,0.058798,0.058798,0.058798,62.417278,1.092047
14,fft,fp64,forward,none,out-of-place,14,16384,32,1,16384,online-reorder,auto,four-mul,recurrence,shared,xor-swizzle,cufftdx-block,0,32,256,128,8,8,16,8,7,1,0,0,named-barrier,1,0.059146,0.059146,0.059146,62.049861,1.098510
15,fft,fp64,forward,none,out-of-place,14,16384,32,1,16384,online-reorder,auto,four-mul,recurrence,shared,xor-swizzle,cufftdx-block,0,32,256,128,4,8,8,8,7,1,0,0,named-barrier,1,0.059290,0.059290,0.059290,61.899830,1.101185
16,fft,fp64,forward,none,out-of-place,14,16384,32,1,16384,online-reorder,auto,four-mul,recurrence,shared,xor-swizzle,cufftdx-block,0,32,256,256,8,4,16,8,7,1,0,0,named-barrier,1,0.060334,0.060334,0.060334,60.828239,1.120575
17,fft,fp64,forward,none,out-of-place,14,16384,32,1,16384,online-reorder,auto,four-mul,recurrence,shared,linear,cufftdx-block,0,32,128,256,4,8,4,16,7,1,0,0,named-barrier,1,0.060396,0.060396,0.060396,60.766358,1.121727
18,fft,fp64,forward,none,out-of-place,14,16384,32,1,16384,online-reorder,auto,four-mul,recurrence,shared,xor-swizzle,cufftdx-block,0,32,256,256,4,4,8,8,7,1,0,0,named-barrier,1,0.060457,0.060457,0.060457,60.704609,1.122859
19,fft,fp64,forward,none,out-of-place,14,16384,32,1,16384,online-reorder,auto,four-mul,recurrence,shared,xor-swizzle,cufftdx-block,0,32,512,128,4,4,16,4,7,1,0,0,named-barrier,1,0.061215,0.061215,0.061215,59.953163,1.136938
20,fft,fp64,forward,none,out-of-place,14,16384,32,1,16384,online-reorder,auto,four-mul,recurrence,shared,linear,cufftdx-block,0,32,128,128,8,4,8,4,7,1,0,0,named-barrier,1,0.061809,0.061809,0.061809,59.377073,1.147970
21,fft,fp64,forward,none,out-of-place,14,16384,32,1,16384,online-reorder,auto,four-mul,recurrence,shared,xor-swizzle,cufftdx-block,0,32,256,256,8,8,16,16,7,1,0,0,named-barrier,1,0.061891,0.061891,0.061891,59.298480,1.149493
22,fft,fp64,forward,none,out-of-place,14,16384,32,1,16384,online-reorder,auto,four-mul,recurrence,shared,xor-swizzle,cufftdx-block,0,32,128,512,4,4,4,16,7,1,0,0,named-barrier,1,0.061972,0.061972,0.061972,59.220092,1.150997
23,fft,fp64,forward,none,out-of-place,14,16384,32,1,16384,online-reorder,auto,four-mul,recurrence,shared,xor-swizzle,cufftdx-block,0,32,256,256,4,8,8,16,7,1,0,0,named-barrier,1,0.062034,0.062034,0.062034,59.161438,1.152149
24,fft,fp64,forward,none,out-of-place,14,16384,32,1,16384,online-reorder,auto,four-mul,recurrence,shared,xor-swizzle,cufftdx-block,0,32,128,512,8,4,8,16,7,1,0,0,named-barrier,1,0.062648,0.062648,0.062648,58.581237,1.163553
25,fft,fp64,forward,none,out-of-place,14,16384,32,1,16384,online-reorder,auto,four-mul,recurrence,shared,xor-swizzle,cufftdx-block,0,32,512,128,4,8,16,8,7,1,0,0,named-barrier,1,0.062669,0.062669,0.062669,58.562091,1.163943
26,fft,fp64,forward,none,out-of-place,14,16384,32,1,16384,online-reorder,auto,four-mul,recurrence,shared,linear,cufftdx-block,0,32,128,128,8,8,8,8,7,1,0,0,named-barrier,1,0.063099,0.063099,0.063099,58.162936,1.171929
27,fft,fp64,forward,none,out-of-place,14,16384,32,1,16384,online-reorder,auto,four-mul,recurrence,shared,linear,cufftdx-block,0,32,256,128,4,4,8,4,7,1,0,0,named-barrier,1,0.063160,0.063160,0.063160,58.106353,1.173062
28,fft,fp64,forward,none,out-of-place,14,16384,32,1,16384,online-reorder,auto,four-mul,recurrence,shared,linear,cufftdx-block,0,32,256,128,8,4,16,4,7,1,0,0,named-barrier,1,0.063775,0.063775,0.063775,57.546564,1.184484
29,fft,fp64,forward,none,out-of-place,14,16384,32,1,16384,online-reorder,auto,four-mul,recurrence,shared,xor-swizzle,cufftdx-block,0,32,512,256,4,4,16,8,7,1,0,0,named-barrier,1,0.063775,0.063775,0.063775,57.546564,1.184484
30,fft,fp64,forward,none,out-of-place,14,16384,32,1,16384,online-reorder,auto,four-mul,recurrence,shared,linear,cufftdx-block,0,32,128,512,4,4,4,16,7,1,0,0,named-barrier,1,0.064102,0.064102,0.064102,57.252393,1.190558
31,fft,fp64,forward,none,out-of-place,14,16384,32,1,16384,online-reorder,auto,four-mul,recurrence,shared,linear,cufftdx-block,0,32,128,256,8,4,8,8,7,1,0,0,named-barrier,1,0.064451,0.064451,0.064451,56.943119,1.197039
32,fft,fp64,forward,none,out-of-place,14,16384,32,1,16384,online-reorder,auto,four-mul,recurrence,shared,linear,cufftdx-block,0,32,256,128,4,8,8,8,7,1,0,0,named-barrier,1,0.064451,0.064451,0.064451,56.943119,1.197039
33,fft,fp64,forward,none,out-of-place,14,16384,32,1,16384,online-reorder,auto,four-mul,recurrence,shared,xor-swizzle,cufftdx-block,0,32,512,256,4,8,16,16,7,1,0,0,named-barrier,1,0.065352,0.065352,0.065352,56.157944,1.213774
34,fft,fp64,forward,none,out-of-place,14,16384,32,1,16384,online-reorder,auto,four-mul,recurrence,shared,linear,cufftdx-block,0,32,128,256,8,8,8,16,7,1,0,0,named-barrier,1,0.065454,0.065454,0.065454,56.070087,1.215668
35,fft,fp64,forward,none,out-of-place,14,16384,32,1,16384,online-reorder,auto,four-mul,recurrence,shared,linear,cufftdx-block,0,32,256,128,8,8,16,8,7,1,0,0,named-barrier,1,0.065556,0.065556,0.065556,55.982504,1.217562
36,fft,fp64,forward,none,out-of-place,14,16384,32,1,16384,online-reorder,auto,four-mul,recurrence,shared,linear,cufftdx-block,0,32,256,256,4,4,8,8,7,1,0,0,named-barrier,1,0.065618,0.065618,0.065618,55.930088,1.218714
37,fft,fp64,forward,none,out-of-place,14,16384,32,1,16384,online-reorder,auto,four-mul,recurrence,shared,xor-swizzle,cufftdx-block,0,32,256,512,8,4,16,16,7,1,0,0,named-barrier,1,0.065700,0.065700,0.065700,55.860351,1.220237
38,fft,fp64,forward,none,out-of-place,14,16384,32,1,16384,online-reorder,auto,four-mul,recurrence,shared,xor-swizzle,cufftdx-block,0,32,256,512,4,4,8,16,7,1,0,0,named-barrier,1,0.065761,0.065761,0.065761,55.808157,1.221370
39,fft,fp64,forward,none,out-of-place,14,16384,32,1,16384,online-reorder,auto,four-mul,recurrence,shared,xor-swizzle,cufftdx-block,0,32,512,128,8,4,32,4,7,1,0,0,named-barrier,1,0.066335,0.066335,0.066335,55.325720,1.232031
40,fft,fp64,forward,none,out-of-place,14,16384,32,1,16384,online-reorder,auto,four-mul,recurrence,shared,linear,cufftdx-block,0,32,256,256,8,4,16,8,7,1,0,0,named-barrier,1,0.066703,0.066703,0.066703,55.019960,1.238866
41,fft,fp64,forward,none,out-of-place,14,16384,32,1,16384,online-reorder,auto,four-mul,recurrence,shared,linear,cufftdx-block,0,32,256,256,4,8,8,16,7,1,0,0,named-barrier,1,0.067236,0.067236,0.067236,54.584220,1.248765
42,fft,fp64,forward,none,out-of-place,14,16384,32,1,16384,online-reorder,auto,four-mul,recurrence,shared,xor-swizzle,cufftdx-block,0,32,512,128,8,8,32,8,7,1,0,0,named-barrier,1,0.067666,0.067666,0.067666,54.237288,1.256751
43,fft,fp64,forward,none,out-of-place,14,16384,32,1,16384,online-reorder,auto,four-mul,recurrence,shared,linear,cufftdx-block,0,32,512,128,4,4,16,4,7,1,0,0,named-barrier,1,0.067973,0.067973,0.067973,53.992171,1.262453
44,fft,fp64,forward,none,out-of-place,14,16384,32,1,16384,online-reorder,auto,four-mul,recurrence,shared,xor-swizzle,cufftdx-block,0,32,128,512,4,8,4,32,7,1,0,0,named-barrier,1,0.068260,0.068260,0.068260,53.765374,1.267784
45,fft,fp64,forward,none,out-of-place,14,16384,32,1,16384,online-reorder,auto,four-mul,recurrence,shared,linear,cufftdx-block,0,32,256,256,8,8,16,16,7,1,0,0,named-barrier,1,0.068342,0.068342,0.068342,53.700928,1.269306
46,fft,fp64,forward,none,out-of-place,14,16384,32,1,16384,online-reorder,auto,four-mul,recurrence,shared,xor-swizzle,cufftdx-block,0,32,128,512,8,8,8,32,7,1,0,0,named-barrier,1,0.068526,0.068526,0.068526,53.556484,1.272724
47,fft,fp64,forward,none,out-of-place,14,16384,32,1,16384,online-reorder,auto,four-mul,recurrence,shared,xor-swizzle,cufftdx-block,0,32,512,512,4,4,16,16,7,1,0,0,named-barrier,1,0.069079,0.069079,0.069079,53.127778,1.282995
48,fft,fp64,forward,none,out-of-place,14,16384,32,1,16384,online-reorder,auto,four-mul,recurrence,shared,xor-swizzle,cufftdx-block,0,32,512,256,8,4,32,8,7,1,0,0,named-barrier,1,0.069140,0.069140,0.069140,53.080570,1.284128
49,fft,fp64,forward,none,out-of-place,14,16384,32,1,16384,online-reorder,auto,four-mul,recurrence,shared,linear,cufftdx-block,0,32,128,512,8,4,8,16,7,1,0,0,named-barrier,1,0.069345,0.069345,0.069345,52.923803,1.287935
50,fft,fp64,forward,none,out-of-place,14,16384,32,1,16384,online-reorder,auto,four-mul,recurrence,shared,linear,cufftdx-block,0,32,512,128,4,8,16,8,7,1,0,0,named-barrier,1,0.069468,0.069468,0.069468,52.830186,1.290220
51,fft,fp64,forward,none,out-of-place,14,16384,32,1,16384,online-reorder,auto,four-mul,recurrence,shared,linear,cufftdx-block,0,32,128,512,4,8,4,32,7,1,0,0,named-barrier,1,0.070103,0.070103,0.070103,52.351737,1.302013
52,fft,fp64,forward,none,out-of-place,14,16384,32,1,16384,online-reorder,auto,four-mul,recurrence,shared,linear,cufftdx-block,0,32,512,256,4,4,16,8,7,1,0,0,named-barrier,1,0.070656,0.070656,0.070656,51.942028,1.312284
53,fft,fp64,forward,none,out-of-place,14,16384,32,1,16384,online-reorder,auto,four-mul,recurrence,shared,xor-swizzle,cufftdx-block,0,32,512,256,8,8,32,16,7,1,0,0,named-barrier,1,0.070738,0.070738,0.070738,51.881876,1.313807
54,fft,fp64,forward,none,out-of-place,14,16384,32,1,16384,online-reorder,auto,four-mul,recurrence,shared,linear,cufftdx-block,0,32,256,512,4,4,8,16,7,1,0,0,named-barrier,1,0.070779,0.070779,0.070779,51.851854,1.314569
55,fft,fp64,forward,none,out-of-place,14,16384,32,1,16384,online-reorder,auto,four-mul,recurrence,shared,xor-swizzle,cufftdx-block,0,32,256,512,8,8,16,32,7,1,0,0,named-barrier,1,0.071823,0.071823,0.071823,51.097805,1.333959
56,fft,fp64,forward,none,out-of-place,14,16384,32,1,16384,online-reorder,auto,four-mul,recurrence,shared,xor-swizzle,cufftdx-block,0,32,256,512,4,8,8,32,7,1,0,0,named-barrier,1,0.071905,0.071905,0.071905,51.039592,1.335482
57,fft,fp64,forward,none,out-of-place,14,16384,32,1,16384,online-reorder,auto,four-mul,recurrence,shared,linear,cufftdx-block,0,32,256,512,8,4,16,16,7,1,0,0,named-barrier,1,0.072008,0.072008,0.072008,50.967009,1.337395
58,fft,fp64,forward,none,out-of-place,14,16384,32,1,16384,online-reorder,auto,four-mul,recurrence,shared,linear,cufftdx-block,0,32,512,256,4,8,16,16,7,1,0,0,named-barrier,1,0.072417,0.072417,0.072417,50.678732,1.344991
59,fft,fp64,forward,none,out-of-place,14,16384,32,1,16384,online-reorder,auto,four-mul,recurrence,shared,xor-swizzle,cufftdx-block,0,32,512,512,8,4,32,16,7,1,0,0,named-barrier,1,0.074260,0.074260,0.074260,49.420849,1.379221
60,fft,fp64,forward,none,out-of-place,14,16384,32,1,16384,online-reorder,auto,four-mul,recurrence,shared,linear,cufftdx-block,0,32,512,128,8,4,32,4,7,1,0,0,named-barrier,1,0.074342,0.074342,0.074342,49.366391,1.380744
61,fft,fp64,forward,none,out-of-place,14,16384,32,1,16384,online-reorder,auto,four-mul,recurrence,shared,xor-swizzle,cufftdx-block,0,32,512,512,4,8,16,32,7,1,0,0,named-barrier,1,0.075203,0.075203,0.075203,48.801742,1.396735
62,fft,fp64,forward,none,out-of-place,14,16384,32,1,16384,online-reorder,auto,four-mul,recurrence,shared,linear,cufftdx-block,0,32,128,512,8,8,8,32,7,1,0,0,named-barrier,1,0.075264,0.075264,0.075264,48.761905,1.397868
63,fft,fp64,forward,none,out-of-place,14,16384,32,1,16384,online-reorder,auto,four-mul,recurrence,shared,linear,cufftdx-block,0,32,512,128,8,8,32,8,7,1,0,0,named-barrier,1,0.075694,0.075694,0.075694,48.484851,1.405854
64,fft,fp64,forward,none,out-of-place,14,16384,32,1,16384,online-reorder,auto,four-mul,recurrence,shared,linear,cufftdx-block,0,32,512,512,4,4,16,16,7,1,0,0,named-barrier,1,0.075735,0.075735,0.075735,48.458626,1.406616
65,fft,fp64,forward,none,out-of-place,14,16384,32,1,16384,online-reorder,auto,four-mul,recurrence,shared,linear,cufftdx-block,0,32,256,512,4,8,8,32,7,1,0,0,named-barrier,1,0.077046,0.077046,0.077046,47.634236,1.430965
66,fft,fp64,forward,none,out-of-place,14,16384,32,1,16384,online-reorder,auto,four-mul,recurrence,shared,linear,cufftdx-block,0,32,512,256,8,4,32,8,7,1,0,0,named-barrier,1,0.077148,0.077148,0.077148,47.571010,1.432859
67,fft,fp64,forward,none,out-of-place,14,16384,32,1,16384,online-reorder,auto,four-mul,recurrence,shared,linear,cufftdx-block,0,32,256,512,8,8,16,32,7,1,0,0,named-barrier,1,0.077906,0.077906,0.077906,47.108305,1.446937
68,fft,fp64,forward,none,out-of-place,14,16384,32,1,16384,online-reorder,auto,four-mul,recurrence,shared,linear,cufftdx-block,0,32,512,256,8,8,32,16,7,1,0,0,named-barrier,1,0.078275,0.078275,0.078275,46.886445,1.453791
69,fft,fp64,forward,none,out-of-place,14,16384,32,1,16384,online-reorder,auto,four-mul,recurrence,shared,xor-swizzle,cufftdx-block,0,32,512,512,8,8,32,32,7,1,0,0,named-barrier,1,0.081285,0.081285,0.081285,45.149908,1.509695
70,fft,fp64,forward,none,out-of-place,14,16384,32,1,16384,online-reorder,auto,four-mul,recurrence,shared,linear,cufftdx-block,0,32,512,512,8,4,32,16,7,1,0,0,named-barrier,1,0.082043,0.082043,0.082043,44.732905,1.523773
71,fft,fp64,forward,none,out-of-place,14,16384,32,1,16384,online-reorder,auto,four-mul,recurrence,shared,linear,cufftdx-block,0,32,512,512,4,8,16,32,7,1,0,0,named-barrier,1,0.082350,0.082350,0.082350,44.566027,1.529475
72,fft,fp64,forward,none,out-of-place,14,16384,32,1,16384,online-reorder,auto,four-mul,recurrence,shared,linear,cufftdx-block,0,32,512,512,8,8,32,32,7,1,0,0,named-barrier,1,0.089006,0.089006,0.089006,41.233317,1.653096
1,fft,fp64,forward,none,out-of-place,15,32768,16,1,32768,online-reorder,auto,four-mul,recurrence,shared,xor-swizzle,cufftdx-block,0,32,128,128,8,4,4,4,8,1,0,0,named-barrier,1,0.053023,0.053023,0.053023,74.159907,1.000000
2,fft,fp64,forward,none,out-of-place,15,32768,16,1,32768,online-reorder,auto,four-mul,recurrence,shared,xor-swizzle,cufftdx-block,0,32,128,128,4,8,4,4,7,1,0,0,named-barrier,1,0.053125,0.053125,0.053125,74.016961,1.001924
3,fft,fp64,forward,none,out-of-place,15,32768,16,1,32768,online-reorder,auto,four-mul,recurrence,shared,xor-swizzle,cufftdx-block,0,32,128,128,8,8,8,4,7,1,0,0,named-barrier,1,0.053207,0.053207,0.053207,73.903003,1.003470
4,fft,fp64,forward,none,out-of-place,15,32768,16,1,32768,online-reorder,auto,four-mul,recurrence,shared,xor-swizzle,cufftdx-block,0,32,128,128,4,4,4,2,7,1,0,0,named-barrier,1,0.053903,0.053903,0.053903,72.948328,1.016597
5,fft,fp64,forward,none,out-of-place,15,32768,16,1,32768,online-reorder,auto,four-mul,recurrence,shared,xor-swizzle,cufftdx-block,0,32,128,128,8,4,8,2,7,1,0,0,named-barrier,1,0.054292,0.054292,0.054292,72.425503,1.023933
6,fft,fp64,forward,none,out-of-place,15,32768,16,1,32768,online-reorder,auto,four-mul,recurrence,shared,xor-swizzle,cufftdx-block,0,32,128,256,4,4,4,4,7,1,0,0,named-barrier,1,0.054395,0.054395,0.054395,72.289159,1.025876
7,fft,fp64,forward,none,out-of-place,15,32768,16,1,32768,online-reorder,auto,four-mul,recurrence,shared,xor-swizzle,cufftdx-block,0,32,128,256,8,4,8,4,7,1,0,0,named-barrier,1,0.054784,0.054784,0.054784,71.775696,1.033212
8,fft,fp64,forward,none,out-of-place,15,32768,16,1,32768,online-reorder,auto,four-mul,recurrence,shared,xor-swizzle,cufftdx-block,0,32,128,128,8,8,4,8,8,1,0,0,named-barrier,1,0.055071,0.055071,0.055071,71.402007,1.038625
9,fft,fp64,forward,none,out-of-place,15,32768,16,1,32768,online-reorder,auto,four-mul,recurrence,shared,linear,cufftdx-block,0,32,128,128,4,8,4,4,7,1,0,0,named-barrier,1,0.055398,0.055398,0.055398,70.979666,1.044792
10,fft,fp64,forward,none,out-of-place,15,32768,16,1,32768,online-reorder,auto,four-mul,recurrence,shared,linear,cufftdx-block,0,32,128,128,4,4,4,2,7,1,0,0,named-barrier,1,0.055890,0.055890,0.055890,70.355442,1.054071
11,fft,fp64,forward,none,out-of-place,15,32768,16,1,32768,online-reorder,auto,four-mul,recurrence,shared,xor-swizzle,cufftdx-block,0,32,128,256,8,4,4,8,8,1,0,0,named-barrier,1,0.055992,0.055992,0.055992,70.226774,1.055995
12,fft,fp64,forward,none,out-of-place,15,32768,16,1,32768,online-reorder,auto,four-mul,recurrence,shared,xor-swizzle,cufftdx-block,0,32,256,128,8,4,8,4,8,1,0,0,named-barrier,1,0.056054,0.056054,0.056054,70.149802,1.057164
13,fft,fp64,forward,none,out-of-place,15,32768,16,1,32768,online-reorder,auto,four-mul,recurrence,shared,linear,cufftdx-block,0,32,128,128,8,4,4,4,8,1,0,0,named-barrier,1,0.056074,0.056074,0.056074,70.124179,1.057541
14,fft,fp64,forward,none,out-of-place,15,32768,16,1,32768,online-reorder,auto,four-mul,recurrence,shared,xor-swizzle,cufftdx-block,0,32,256,128,8,8,16,4,7,1,0,0,named-barrier,1,0.056115,0.056115,0.056115,70.072994,1.058314
15,fft,fp64,forward,none,out-of-place,15,32768,16,1,32768,online-reorder,auto,four-mul,recurrence,shared,linear,cufftdx-block,0,32,128,128,4,4,2,4,8,1,0,0,named-barrier,1,0.056177,0.056177,0.056177,69.996354,1.059484
16,fft,fp64,forward,none,out-of-place,15,32768,16,1,32768,online-reorder,auto,four-mul,recurrence,shared,xor-swizzle,cufftdx-block,0,32,128,128,4,4,2,4,8,1,0,0,named-barrier,1,0.056402,0.056402,0.056402,69.716776,1.063727
17,fft,fp64,forward,none,out-of-place,15,32768,16,1,32768,online-reorder,auto,four-mul,recurrence,shared,linear,cufftdx-block,0,32,128,256,4,4,4,4,7,1,0,0,named-barrier,1,0.056463,0.056463,0.056463,69.640913,1.064878
18,fft,fp64,forward,none,out-of-place,15,32768,16,1,32768,online-reorder,auto,four-mul,recurrence,shared,xor-swizzle,cufftdx-block,0,32,256,128,8,4,16,2,7,1,0,0,named-barrier,1,0.056771,0.056771,0.056771,69.264070,1.070686
19,fft,fp64,forward,none,out-of-place,15,32768,16,1,32768,online-reorder,auto,four-mul,recurrence,shared,xor-swizzle,cufftdx-block,0,32,256,128,4,8,8,4,7,1,0,0,named-barrier,1,0.056996,0.056996,0.056996,68.990300,1.074930
20,fft,fp64,forward,none,out-of-place,15,32768,16,1,32768,online-reorder,auto,four-mul,recurrence,shared,xor-swizzle,cufftdx-block,0,32,128,256,8,8,4,16,8,1,0,0,named-barrier,1,0.057508,0.057508,0.057508,68.376070,1.084586
21,fft,fp64,forward,none,out-of-place,15,32768,16,1,32768,online-reorder,auto,four-mul,recurrence,shared,xor-swizzle,cufftdx-block,0,32,256,128,4,4,4,4,8,1,0,0,named-barrier,1,0.057610,0.057610,0.057610,68.254533,1.086510
22,fft,fp64,forward,none,out-of-place,15,32768,16,1,32768,online-reorder,auto,four-mul,recurrence,shared,xor-swizzle,cufftdx-block,0,32,256,128,4,4,8,2,7,1,0,0,named-barrier,1,0.057733,0.057733,0.057733,68.109256,1.088829
23,fft,fp64,forward,none,out-of-place,15,32768,16,1,32768,online-reorder,auto,four-mul,recurrence,shared,xor-swizzle,cufftdx-block,0,32,256,128,8,8,8,8,8,1,0,0,named-barrier,1,0.057795,0.057795,0.057795,68.036854,1.089999
24,fft,fp64,forward,none,out-of-place,15,32768,16,1,32768,online-reorder,auto,four-mul,recurrence,shared,xor-swizzle,cufftdx-block,0,32,256,256,8,4,16,4,7,1,0,0,named-barrier,1,0.058081,0.058081,0.058081,67.700987,1.095393
25,fft,fp64,forward,none,out-of-place,15,32768,16,1,32768,online-reorder,auto,four-mul,recurrence,shared,linear,cufftdx-block,0,32,128,128,8,8,4,8,8,1,0,0,named-barrier,1,0.058286,0.058286,0.058286,67.463104,1.099259
26,fft,fp64,forward,none,out-of-place,15,32768,16,1,32768,online-reorder,auto,four-mul,recurrence,shared,xor-swizzle,cufftdx-block,0,32,256,256,4,4,8,4,7,1,0,0,named-barrier,1,0.058327,0.058327,0.058327,67.415729,1.100032
27,fft,fp64,forward,none,out-of-place,15,32768,16,1,32768,online-reorder,auto,four-mul,recurrence,shared,xor-swizzle,cufftdx-block,0,32,128,128,4,8,2,8,8,1,0,0,named-barrier,1,0.058348,0.058348,0.058348,67.392068,1.100428
28,fft,fp64,forward,none,out-of-place,15,32768,16,1,32768,online-reorder,auto,four-mul,recurrence,shared,linear,cufftdx-block,0,32,128,128,4,8,2,8,8,1,0,0,named-barrier,1,0.058388,0.058388,0.058388,67.344788,1.101183
29,fft,fp64,forward,none,out-of-place,15,32768,16,1,32768,online-reorder,auto,four-mul,recurrence,shared,xor-swizzle,cufftdx-block,0,32,128,256,8,8,8,8,7,1,0,0,named-barrier,1,0.058696,0.058696,0.058696,66.992326,1.106991
30,fft,fp64,forward,none,out-of-place,15,32768,16,1,32768,online-reorder,auto,four-mul,recurrence,shared,xor-swizzle,cufftdx-block,0,32,128,256,4,8,4,8,7,1,0,0,named-barrier,1,0.058819,0.058819,0.058819,66.852368,1.109311
31,fft,fp64,forward,none,out-of-place,15,32768,16,1,32768,online-reorder,auto,four-mul,recurrence,shared,xor-swizzle,cufftdx-block,0,32,256,256,8,4,8,8,8,1,0,0,named-barrier,1,0.058921,0.058921,0.058921,66.736183,1.111235
32,fft,fp64,forward,none,out-of-place,15,32768,16,1,32768,online-reorder,auto,four-mul,recurrence,shared,linear,cufftdx-block,0,32,128,256,8,4,4,8,8,1,0,0,named-barrier,1,0.059126,0.059126,0.059126,66.505020,1.115101
33,fft,fp64,forward,none,out-of-place,15,32768,16,1,32768,online-reorder,auto,four-mul,recurrence,shared,linear,cufftdx-block,0,32,128,256,4,4,2,8,8,1,0,0,named-barrier,1,0.059290,0.059290,0.059290,66.321247,1.118194
34,fft,fp64,forward,none,out-of-place,15,32768,16,1,32768,online-reorder,auto,four-mul,recurrence,shared,xor-swizzle,cufftdx-block,0,32,256,128,4,8,4,8,8,1,0,0,named-barrier,1,0.059474,0.059474,0.059474,66.115702,1.121664
35,fft,fp64,forward,none,out-of-place,15,32768,16,1,32768,online-reorder,auto,four-mul,recurrence,shared,linear,cufftdx-block,0,32,256,128,4,4,4,4,8,1,0,0,named-barrier,1,0.059494,0.059494,0.059494,66.092945,1.122041
36,fft,fp64,forward,none,out-of-place,15,32768,16,1,32768,online-reorder,auto,four-mul,recurrence,shared,xor-swizzle,cufftdx-block,0,32,128,256,4,4,2,8,8,1,0,0,named-barrier,1,0.059658,0.059658,0.059658,65.911431,1.125134
37,fft,fp64,forward,none,out-of-place,15,32768,16,1,32768,online-reorder,auto,four-mul,recurrence,shared,xor-swizzle,cufftdx-block,0,32,256,256,4,4,4,8,8,1,0,0,named-barrier,1,0.060109,0.060109,0.060109,65.417377,1.133640
38,fft,fp64,forward,none,out-of-place,15,32768,16,1,32768,online-reorder,auto,four-mul,recurrence,shared,linear,cufftdx-block,0,32,128,256,4,8,4,8,7,1,0,0,named-barrier,1,0.060498,0.060498,0.060498,64.996618,1.140977
39,fft,fp64,forward,none,out-of-place,15,32768,16,1,32768,online-reorder,auto,four-mul,recurrence,shared,xor-swizzle,cufftdx-block,0,32,512,128,4,8,16,4,7,1,0,0,named-barrier,1,0.060498,0.060498,0.060498,64.996618,1.140977
40,fft,fp64,forward,none,out-of-place,15,32768,16,1,32768,online-reorder,auto,four-mul,recurrence,shared,linear,cufftdx-block,0,32,128,128,8,8,8,4,7,1,0,0,named-barrier,1,0.060621,0.060621,0.060621,64.864865,1.143296
41,fft,fp64,forward,none,out-of-place,15,32768,16,1,32768,online-reorder,auto,four-mul,recurrence,shared,xor-swizzle,cufftdx-block,0,32,128,512,8,4,4,16,8,1,0,0,named-barrier,1,0.060723,0.060723,0.060723,64.755480,1.145220
42,fft,fp64,forward,none,out-of-place,15,32768,16,1,32768,online-reorder,auto,four-mul,recurrence,shared,xor-swizzle,cufftdx-block,0,32,256,256,8,8,8,16,8,1,0,0,named-barrier,1,0.060723,0.060723,0.060723,64.755480,1.145220
43,fft,fp64,forward,none,out-of-place,15,32768,16,1,32768,online-reorder,auto,four-mul,recurrence,shared,linear,cufftdx-block,0,32,128,256,8,8,4,16,8,1,0,0,named-barrier,1,0.060948,0.060948,0.060948,64.516129,1.149463
44,fft,fp64,forward,none,out-of-place,15,32768,16,1,32768,online-reorder,auto,four-mul,recurrence,shared,xor-swizzle,cufftdx-block,0,32,512,128,4,4,16,2,7,1,0,0,named-barrier,1,0.061112,0.061112,0.061112,64.343165,1.152556
45,fft,fp64,forward,none,out-of-place,15,32768,16,1,32768,online-reorder,auto,four-mul,recurrence,shared,linear,cufftdx-block,0,32,128,256,4,8,2,16,8,1,0,0,named-barrier,1,0.061112,0.061112,0.061112,64.343165,1.152556
46,fft,fp64,forward,none,out-of-place,15,32768,16,1,32768,online-reorder,auto,four-mul,recurrence,shared,linear,cufftdx-block,0,32,256,128,4,8,4,8,8,1,0,0,named-barrier,1,0.061174,0.061174,0.061174,64.278541,1.153726
47,fft,fp64,forward,none,out-of-place,15,32768,16,1,32768,online-reorder,auto,four-mul,recurrence,shared,xor-swizzle,cufftdx-block,0,32,128,256,4,8,2,16,8,1,0,0,named-barrier,1,0.061215,0.061215,0.061215,64.235531,1.154499
48,fft,fp64,forward,none,out-of-place,15,32768,16,1,32768,online-reorder,auto,four-mul,recurrence,shared,linear,cufftdx-block,0,32,128,128,8,4,8,2,7,1,0,0,named-barrier,1,0.061420,0.061420,0.061420,64.021340,1.158365
49,fft,fp64,forward,none,out-of-place,15,32768,16,1,32768,online-reorder,auto,four-mul,recurrence,shared,xor-swizzle,cufftdx-block,0,32,512,128,4,4,8,4,8,1,0,0,named-barrier,1,0.061522,0.061522,0.061522,63.914779,1.160289
50,fft,fp64,forward,none,out-of-place,15,32768,16,1,32768,online-reorder,auto,four-mul,recurrence,shared,linear,cufftdx-block,0,32,256,128,4,8,8,4,7,1,0,0,named-barrier,1,0.061747,0.061747,0.061747,63.681595,1.164532
51,fft,fp64,forward,none,out-of-place,15,32768,16,1,32768,online-reorder,auto,four-mul,recurrence,shared,xor-swizzle,cufftdx-block,0,32,256,256,8,8,16,8,7,1,0,0,named-barrier,1,0.061829,0.061829,0.061829,63.597218,1.166079
52,fft,fp64,forward,none,out-of-place,15,32768,16,1,32768,online-reorder,auto,four-mul,recurrence,shared,xor-swizzle,cufftdx-block,0,32,128,512,8,4,8,8,7,1,0,0,named-barrier,1,0.061972,0.061972,0.061972,63.450099,1.168776
53,fft,fp64,forward,none,out-of-place,15,32768,16,1,32768,online-reorder,auto,four-mul,recurrence,shared,xor-swizzle,cufftdx-block,0,32,256,256,4,8,4,16,8,1,0,0,named-barrier,1,0.061972,0.061972,0.061972,63.450099,1.168776
54,fft,fp64,forward,none,out-of-place,15,32768,16,1,32768,online-reorder,auto,four-mul,recurrence,shared,linear,cufftdx-block,0,32,128,256,8,4,8,4,7,1,0,0,named-barrier,1,0.062034,0.062034,0.062034,63.387255,1.169945
55,fft,fp64,forward,none,out-of-place,15,32768,16,1,32768,online-reorder,auto,four-mul,recurrence,shared,xor-swizzle,cufftdx-block,0,32,512,256,4,4,16,4,7,1,0,0,named-barrier,1,0.062054,0.062054,0.062054,63.366337,1.170322
56,fft,fp64,forward,none,out-of-place,15,32768,16,1,32768,online-reorder,auto,four-mul,recurrence,shared,xor-swizzle,cufftdx-block,0,32,128,512,4,4,4,8,7,1,0,0,named-barrier,1,0.062075,0.062075,0.062075,63.345429,1.170718
57,fft,fp64,forward,none,out-of-place,15,32768,16,1,32768,online-reorder,auto,four-mul,recurrence,shared,linear,cufftdx-block,0,32,256,256,4,4,4,8,8,1,0,0,named-barrier,1,0.062075,0.062075,0.062075,63.345429,1.170718
58,fft,fp64,forward,none,out-of-place,15,32768,16,1,32768,online-reorder,auto,four-mul,recurrence,shared,xor-swizzle,cufftdx-block,0,32,256,256,4,8,8,8,7,1,0,0,named-barrier,1,0.062362,0.062362,0.062362,63.054189,1.176131
59,fft,fp64,forward,none,out-of-place,15,32768,16,1,32768,online-reorder,auto,four-mul,recurrence,shared,linear,cufftdx-block,0,32,256,128,8,8,16,4,7,1,0,0,named-barrier,1,0.062710,0.062710,0.062710,62.704111,1.182694
60,fft,fp64,forward,none,out-of-place,15,32768,16,1,32768,online-reorder,auto,four-mul,recurrence,shared,linear,cufftdx-block,0,32,256,128,4,4,8,2,7,1,0,0,named-barrier,1,0.062730,0.062730,0.062730,62.683646,1.183071
61,fft,fp64,forward,none,out-of-place,15,32768,16,1,32768,online-reorder,auto,four-mul,recurrence,shared,linear,cufftdx-block,0,32,256,256,4,4,8,4,7,1,0,0,named-barrier,1,0.062935,0.062935,0.062935,62.479662,1.186938
62,fft,fp64,forward,none,out-of-place,15,32768,16,1,32768,online-reorder,auto,four-mul,recurrence,shared,xor-swizzle,cufftdx-block,0,32,512,128,4,8,8,8,8,1,0,0,named-barrier,1,0.063283,0.063283,0.063283,62.135925,1.193501
63,fft,fp64,forward,none,out-of-place,15,32768,16,1,32768,online-reorder,auto,four-mul,recurrence,shared,linear,cufftdx-block,0,32,256,128,8,4,16,2,7,1,0,0,named-barrier,1,0.063529,0.063529,0.063529,61.895549,1.198140
64,fft,fp64,forward,none,out-of-place,15,32768,16,1,32768,online-reorder,auto,four-mul,recurrence,shared,linear,cufftdx-block,0,32,256,256,4,8,4,16,8,1,0,0,named-barrier,1,0.063734,0.063734,0.063734,61.696661,1.202007
65,fft,fp64,forward,none,out-of-place,15,32768,16,1,32768,online-reorder,auto,four-mul,recurrence,shared,linear,cufftdx-block,0,32,256,128,8,4,8,4,8,1,0,0,named-barrier,1,0.063734,0.063734,0.063734,61.696661,1.202007
66,fft,fp64,forward,none,out-of-place,15,32768,16,1,32768,online-reorder,auto,four-mul,recurrence,shared,linear,cufftdx-block,0,32,128,512,8,4,4,16,8,1,0,0,named-barrier,1,0.064020,0.064020,0.064020,61.420341,1.207401
67,fft,fp64,forward,none,out-of-place,15,32768,16,1,32768,online-reorder,auto,four-mul,recurrence,shared,linear,cufftdx-block,0,32,128,512,4,4,4,8,7,1,0,0,named-barrier,1,0.064061,0.064061,0.064061,61.381074,1.208174
68,fft,fp64,forward,none,out-of-place,15,32768,16,1,32768,online-reorder,auto,four-mul,recurrence,shared,xor-swizzle,cufftdx-block,0,32,512,256,4,4,8,8,8,1,0,0,named-barrier,1,0.064205,0.064205,0.064205,61.244022,1.210890
69,fft,fp64,forward,none,out-of-place,15,32768,16,1,32768,online-reorder,auto,four-mul,recurrence,shared,xor-swizzle,cufftdx-block,0,32,128,512,4,4,2,16,8,1,0,0,named-barrier,1,0.064246,0.064246,0.064246,61.204972,1.211663
70,fft,fp64,forward,none,out-of-place,15,32768,16,1,32768,online-reorder,auto,four-mul,recurrence,shared,xor-swizzle,cufftdx-block,0,32,256,512,8,4,8,16,8,1,0,0,named-barrier,1,0.064287,0.064287,0.064287,61.165980,1.212436
71,fft,fp64,forward,none,out-of-place,15,32768,16,1,32768,online-reorder,auto,four-mul,recurrence,shared,linear,cufftdx-block,0,32,128,512,4,4,2,16,8,1,0,0,named-barrier,1,0.064369,0.064369,0.064369,61.088137,1.213983
72,fft,fp64,forward,none,out-of-place,15,32768,16,1,32768,online-reorder,auto,four-mul,recurrence,shared,linear,cufftdx-block,0,32,256,256,8,4,16,4,7,1,0,0,named-barrier,1,0.064532,0.064532,0.064532,60.933036,1.217057
73,fft,fp64,forward,none,out-of-place,15,32768,16,1,32768,online-reorder,auto,four-mul,recurrence,shared,xor-swizzle,cufftdx-block,0,32,256,512,4,4,4,16,8,1,0,0,named-barrier,1,0.065311,0.065311,0.065311,60.206958,1.231748
74,fft,fp64,forward,none,out-of-place,15,32768,16,1,32768,online-reorder,auto,four-mul,recurrence,shared,linear,cufftdx-block,0,32,128,256,8,8,8,8,7,1,0,0,named-barrier,1,0.065413,0.065413,0.065413,60.112707,1.233672
75,fft,fp64,forward,none,out-of-place,15,32768,16,1,32768,online-reorder,auto,four-mul,recurrence,shared,xor-swizzle,cufftdx-block,0,32,256,512,8,4,16,8,7,1,0,0,named-barrier,1,0.065413,0.065413,0.065413,60.112707,1.233672
76,fft,fp64,forward,none,out-of-place,15,32768,16,1,32768,online-reorder,auto,four-mul,recurrence,shared,xor-swizzle,cufftdx-block,0,32,256,512,4,4,8,8,7,1,0,0,named-barrier,1,0.065495,0.065495,0.065495,60.037527,1.235219
77,fft,fp64,forward,none,out-of-place,15,32768,16,1,32768,online-reorder,auto,four-mul,recurrence,shared,xor-swizzle,cufftdx-block,0,32,512,256,4,8,16,8,7,1,0,0,named-barrier,1,0.065782,0.065782,0.065782,59.775843,1.240631
78,fft,fp64,forward,none,out-of-place,15,32768,16,1,32768,online-reorder,auto,four-mul,recurrence,shared,linear,cufftdx-block,0,32,256,128,8,8,8,8,8,1,0,0,named-barrier,1,0.065802,0.065802,0.065802,59.757237,1.241009
79,fft,fp64,forward,none,out-of-place,15,32768,16,1,32768,online-reorder,auto,four-mul,recurrence,shared,xor-swizzle,cufftdx-block,0,32,512,128,8,8,32,4,7,1,0,0,named-barrier,1,0.065864,0.065864,0.065864,59.701489,1.242178
80,fft,fp64,forward,none,out-of-place,15,32768,16,1,32768,online-reorder,auto,four-mul,recurrence,shared,xor-swizzle,cufftdx-block,0,32,512,256,4,8,8,16,8,1,0,0,named-barrier,1,0.066068,0.066068,0.066068,59.516431,1.246025
81,fft,fp64,forward,none,out-of-place,15,32768,16,1,32768,online-reorder,auto,four-mul,recurrence,shared,xor-swizzle,cufftdx-block,0,32,512,128,8,4,32,2,7,1,0,0,named-barrier,1,0.066929,0.066929,0.066929,58.751530,1.262264
82,fft,fp64,forward,none,out-of-place,15,32768,16,1,32768,online-reorder,auto,four-mul,recurrence,shared,linear,cufftdx-block,0,32,256,256,4,8,8,8,7,1,0,0,named-barrier,1,0.066949,0.066949,0.066949,58.733556,1.262641
83,fft,fp64,forward,none,out-of-place,15,32768,16,1,32768,online-reorder,auto,four-mul,recurrence,shared,xor-swizzle,cufftdx-block,0,32,512,128,8,4,16,4,8,1,0,0,named-barrier,1,0.066970,0.066970,0.066970,58.715593,1.263037
84,fft,fp64,forward,none,out-of-place,15,32768,16,1,32768,online-reorder,auto,four-mul,recurrence,shared,linear,cufftdx-block,0,32,256,512,4,4,4,16,8,1,0,0,named-barrier,1,0.067154,0.067154,0.067154,58.554435,1.266507
85,fft,fp64,forward,none,out-of-place,15,32768,16,1,32768,online-reorder,auto,four-mul,recurrence,shared,linear,cufftdx-block,0,32,512,128,4,8,16,4,7,1,0,0,named-barrier,1,0.067236,0.067236,0.067236,58.483093,1.268053
86,fft,fp64,forward,none,out-of-place,15,32768,16,1,32768,online-reorder,auto,four-mul,recurrence,shared,linear,cufftdx-block,0,32,256,256,8,4,8,8,8,1,0,0,named-barrier,1,0.067256,0.067256,0.067256,58.465283,1.268431
87,fft,fp64,forward,none,out-of-place,15,32768,16,1,32768,online-reorder,auto,four-mul,recurrence,shared,xor-swizzle,cufftdx-block,0,32,128,512,8,8,4,32,8,1,0,0,named-barrier,1,0.067502,0.067502,0.067502,58.252426,1.273070
88,fft,fp64,forward,none,out-of-place,15,32768,16,1,32768,online-reorder,auto,four-mul,recurrence,shared,xor-swizzle,cufftdx-block,0,32,512,256,8,4,32,4,7,1,0,0,named-barrier,1,0.067645,0.067645,0.067645,58.128975,1.275767
89,fft,fp64,forward,none,out-of-place,15,32768,16,1,32768,online-reorder,auto,four-mul,recurrence,shared,xor-swizzle,cufftdx-block,0,32,512,128,8,8,16,8,8,1,0,0,named-barrier,1,0.068035,0.068035,0.068035,57.796509,1.283122
90,fft,fp64,forward,none,out-of-place,15,32768,16,1,32768,online-reorder,auto,four-mul,recurrence,shared,linear,cufftdx-block,0,32,512,128,4,4,8,4,8,1,0,0,named-barrier,1,0.068260,0.068260,0.068260,57.605758,1.287366
91,fft,fp64,forward,none,out-of-place,15,32768,16,1,32768,online-reorder,auto,four-mul,recurrence,shared,linear,cufftdx-block,0,32,512,128,4,4,16,2,7,1,0,0,named-barrier,1,0.068403,0.068403,0.068403,57.485031,1.290063
92,fft,fp64,forward,none,out-of-place,15,32768,16,1,32768,online-reorder,auto,four-mul,recurrence,shared,xor-swizzle,cufftdx-block,0,32,128,512,4,8,4,16,7,1,0,0,named-barrier,1,0.068424,0.068424,0.068424,57.467823,1.290459
93,fft,fp64,forward,none,out-of-place,15,32768,16,1,32768,online-reorder,auto,four-mul,recurrence,shared,linear,cufftdx-block,0,32,256,256,8,8,16,8,7,1,0,0,named-barrier,1,0.068424,0.068424,0.068424,57.467823,1.290459
94,fft,fp64,forward,none,out-of-place,15,32768,16,1,32768,online-reorder,auto,four-mul,recurrence,shared,linear,cufftdx-block,0,32,256,256,8,8,8,16,8,1,0,0,named-barrier,1,0.068731,0.068731,0.068731,57.210969,1.296249
95,fft,fp64,forward,none,out-of-place,15,32768,16,1,32768,online-reorder,auto,four-mul,recurrence,shared,xor-swizzle,cufftdx-block,0,32,128,512,8,8,8,16,7,1,0,0,named-barrier,1,0.068833,0.068833,0.068833,57.125858,1.298172
96,fft,fp64,forward,none,out-of-place,15,32768,16,1,32768,online-reorder,auto,four-mul,recurrence,shared,linear,cufftdx-block,0,32,512,256,4,4,16,4,7,1,0,0,named-barrier,1,0.069059,0.069059,0.069059,56.939502,1.302435
97,fft,fp64,forward,none,out-of-place,15,32768,16,1,32768,online-reorder,auto,four-mul,recurrence,shared,linear,cufftdx-block,0,32,128,512,8,4,8,8,7,1,0,0,named-barrier,1,0.069140,0.069140,0.069140,56.872039,1.303962
98,fft,fp64,forward,none,out-of-place,15,32768,16,1,32768,online-reorder,auto,four-mul,recurrence,shared,xor-swizzle,cufftdx-block,0,32,512,512,4,4,16,8,7,1,0,0,named-barrier,1,0.069243,0.069243,0.069243,56.787933,1.305905
99,fft,fp64,forward,none,out-of-place,15,32768,16,1,32768,online-reorder,auto,four-mul,recurrence,shared,xor-swizzle,cufftdx-block,0,32,512,256,8,4,16,8,8,1,0,0,named-barrier,1,0.069366,0.069366,0.069366,56.687332,1.308225
100,fft,fp64,forward,none,out-of-place,15,32768,16,1,32768,online-reorder,auto,four-mul,recurrence,shared,xor-swizzle,cufftdx-block,0,32,512,512,4,4,8,16,8,1,0,0,named-barrier,1,0.069386,0.069386,0.069386,56.670605,1.308602
101,fft,fp64,forward,none,out-of-place,15,32768,16,1,32768,online-reorder,auto,four-mul,recurrence,shared,linear,cufftdx-block,0,32,512,128,4,8,8,8,8,1,0,0,named-barrier,1,0.069775,0.069775,0.069775,56.354560,1.315938
102,fft,fp64,forward,none,out-of-place,15,32768,16,1,32768,online-reorder,auto,four-mul,recurrence,shared,linear,cufftdx-block,0,32,128,512,4,8,4,16,7,1,0,0,named-barrier,1,0.070349,0.070349,0.070349,55.895197,1.326764
103,fft,fp64,forward,none,out-of-place,15,32768,16,1,32768,online-reorder,auto,four-mul,recurrence,shared,linear,cufftdx-block,0,32,256,512,4,4,8,8,7,1,0,0,named-barrier,1,0.070615,0.070615,0.070615,55.684456,1.331781
104,fft,fp64,forward,none,out-of-place,15,32768,16,1,32768,online-reorder,auto,four-mul,recurrence,shared,linear,cufftdx-block,0,32,128,512,8,8,4,32,8,1,0,0,named-barrier,1,0.070676,0.070676,0.070676,55.636051,1.332931
105,fft,fp64,forward,none,out-of-place,15,32768,16,1,32768,online-reorder,auto,four-mul,recurrence,shared,xor-swizzle,cufftdx-block,0,32,256,512,8,8,8,32,8,1,0,0,named-barrier,1,0.070861,0.070861,0.070861,55.491327,1.336420
106,fft,fp64,forward,none,out-of-place,15,32768,16,1,32768,online-reorder,auto,four-mul,recurrence,shared,xor-swizzle,cufftdx-block,0,32,128,512,4,8,2,32,8,1,0,0,named-barrier,1,0.070881,0.070881,0.070881,55.475298,1.336797
107,fft,fp64,forward,none,out-of-place,15,32768,16,1,32768,online-reorder,auto,four-mul,recurrence,shared,linear,cufftdx-block,0,32,128,512,4,8,2,32,8,1,0,0,named-barrier,1,0.070984,0.070984,0.070984,55.395270,1.338740
108,fft,fp64,forward,none,out-of-place,15,32768,16,1,32768,online-reorder,auto,four-mul,recurrence,shared,xor-swizzle,cufftdx-block,0,32,512,256,8,8,16,16,8,1,0,0,named-barrier,1,0.071066,0.071066,0.071066,55.331408,1.340286
109,fft,fp64,forward,none,out-of-place,15,32768,16,1,32768,online-reorder,auto,four-mul,recurrence,shared,linear,cufftdx-block,0,32,512,256,4,4,8,8,8,1,0,0,named-barrier,1,0.071229,0.071229,0.071229,55.204144,1.343360
110,fft,fp64,forward,none,out-of-place,15,32768,16,1,32768,online-reorder,auto,four-mul,recurrence,shared,xor-swizzle,cufftdx-block,0,32,512,256,8,8,32,8,7,1,0,0,named-barrier,1,0.071332,0.071332,0.071332,55.124895,1.345303
111,fft,fp64,forward,none,out-of-place,15,32768,16,1,32768,online-reorder,auto,four-mul,recurrence,shared,linear,cufftdx-block,0,32,256,512,8,4,16,8,7,1,0,0,named-barrier,1,0.071823,0.071823,0.071823,54.747649,1.354563
112,fft,fp64,forward,none,out-of-place,15,32768,16,1,32768,online-reorder,auto,four-mul,recurrence,shared,xor-swizzle,cufftdx-block,0,32,256,512,4,8,4,32,8,1,0,0,named-barrier,1,0.071844,0.071844,0.071844,54.732041,1.354959
113,fft,fp64,forward,none,out-of-place,15,32768,16,1,32768,online-reorder,auto,four-mul,recurrence,shared,xor-swizzle,cufftdx-block,0,32,256,512,8,8,16,16,7,1,0,0,named-barrier,1,0.071905,0.071905,0.071905,54.685277,1.356110
114,fft,fp64,forward,none,out-of-place,15,32768,16,1,32768,online-reorder,auto,four-mul,recurrence,shared,xor-swizzle,cufftdx-block,0,32,256,512,4,8,8,16,7,1,0,0,named-barrier,1,0.072192,0.072192,0.072192,54.468086,1.361522
115,fft,fp64,forward,none,out-of-place,15,32768,16,1,32768,online-reorder,auto,four-mul,recurrence,shared,linear,cufftdx-block,0,32,256,512,8,4,8,16,8,1,0,0,named-barrier,1,0.072212,0.072212,0.072212,54.452638,1.361900
116,fft,fp64,forward,none,out-of-place,15,32768,16,1,32768,online-reorder,auto,four-mul,recurrence,shared,linear,cufftdx-block,0,32,512,256,4,8,8,16,8,1,0,0,named-barrier,1,0.072643,0.072643,0.072643,54.130253,1.370028
117,fft,fp64,forward,none,out-of-place,15,32768,16,1,32768,online-reorder,auto,four-mul,recurrence,shared,linear,cufftdx-block,0,32,512,256,4,8,16,8,7,1,0,0,named-barrier,1,0.072888,0.072888,0.072888,53.947737,1.374649
118,fft,fp64,forward,none,out-of-place,15,32768,16,1,32768,online-reorder,auto,four-mul,recurrence,shared,linear,cufftdx-block,0,32,256,512,4,8,4,32,8,1,0,0,named-barrier,1,0.073626,0.073626,0.073626,53.407515,1.388567
119,fft,fp64,forward,none,out-of-place,15,32768,16,1,32768,online-reorder,auto,four-mul,recurrence,shared,linear,cufftdx-block,0,32,512,128,8,8,32,4,7,1,0,0,named-barrier,1,0.073748,0.073748,0.073748,53.318525,1.390868
120,fft,fp64,forward,none,out-of-place,15,32768,16,1,32768,online-reorder,auto,four-mul,recurrence,shared,linear,cufftdx-block,0,32,512,128,8,4,32,2,7,1,0,0,named-barrier,1,0.074813,0.074813,0.074813,52.559540,1.410954
121,fft,fp64,forward,none,out-of-place,15,32768,16,1,32768,online-reorder,auto,four-mul,recurrence,shared,xor-swizzle,cufftdx-block,0,32,512,512,8,4,16,16,8,1,0,0,named-barrier,1,0.074875,0.074875,0.074875,52.516413,1.412123
122,fft,fp64,forward,none,out-of-place,15,32768,16,1,32768,online-reorder,auto,four-mul,recurrence,shared,linear,cufftdx-block,0,32,512,128,8,4,16,4,8,1,0,0,named-barrier,1,0.074957,0.074957,0.074957,52.459018,1.413670
123,fft,fp64,forward,none,out-of-place,15,32768,16,1,32768,online-reorder,auto,four-mul,recurrence,shared,xor-swizzle,cufftdx-block,0,32,512,512,8,4,32,8,7,1,0,0,named-barrier,1,0.075223,0.075223,0.075223,52.273344,1.418686
124,fft,fp64,forward,none,out-of-place,15,32768,16,1,32768,online-reorder,auto,four-mul,recurrence,shared,xor-swizzle,cufftdx-block,0,32,512,512,4,8,16,16,7,1,0,0,named-barrier,1,0.075244,0.075244,0.075244,52.259120,1.419082
125,fft,fp64,forward,none,out-of-place,15,32768,16,1,32768,online-reorder,auto,four-mul,recurrence,shared,linear,cufftdx-block,0,32,128,512,8,8,8,16,7,1,0,0,named-barrier,1,0.075305,0.075305,0.075305,52.216479,1.420233
126,fft,fp64,forward,none,out-of-place,15,32768,16,1,32768,online-reorder,auto,four-mul,recurrence,shared,linear,cufftdx-block,0,32,512,256,8,4,32,4,7,1,0,0,named-barrier,1,0.075325,0.075325,0.075325,52.202281,1.420610
127,fft,fp64,forward,none,out-of-place,15,32768,16,1,32768,online-reorder,auto,four-mul,recurrence,shared,xor-swizzle,cufftdx-block,0,32,512,512,4,8,8,32,8,1,0,0,named-barrier,1,0.075448,0.075448,0.075448,52.117264,1.422930
128,fft,fp64,forward,none,out-of-place,15,32768,16,1,32768,online-reorder,auto,four-mul,recurrence,shared,linear,cufftdx-block,0,32,512,512,4,4,16,8,7,1,0,0,named-barrier,1,0.076206,0.076206,0.076206,51.599032,1.437225
129,fft,fp64,forward,none,out-of-place,15,32768,16,1,32768,online-reorder,auto,four-mul,recurrence,shared,linear,cufftdx-block,0,32,512,512,4,4,8,16,8,1,0,0,named-barrier,1,0.076206,0.076206,0.076206,51.599032,1.437225
130,fft,fp64,forward,none,out-of-place,15,32768,16,1,32768,online-reorder,auto,four-mul,recurrence,shared,linear,cufftdx-block,0,32,512,128,8,8,16,8,8,1,0,0,named-barrier,1,0.076308,0.076308,0.076308,51.529790,1.439149
131,fft,fp64,forward,none,out-of-place,15,32768,16,1,32768,online-reorder,auto,four-mul,recurrence,shared,linear,cufftdx-block,0,32,256,512,4,8,8,16,7,1,0,0,named-barrier,1,0.077066,0.077066,0.077066,51.023118,1.453445
132,fft,fp64,forward,none,out-of-place,15,32768,16,1,32768,online-reorder,auto,four-mul,recurrence,shared,linear,cufftdx-block,0,32,512,256,8,4,16,8,8,1,0,0,named-barrier,1,0.077476,0.077476,0.077476,50.753371,1.461177
133,fft,fp64,forward,none,out-of-place,15,32768,16,1,32768,online-reorder,auto,four-mul,recurrence,shared,linear,cufftdx-block,0,32,256,512,8,8,16,16,7,1,0,0,named-barrier,1,0.078275,0.078275,0.078275,50.235477,1.476246
134,fft,fp64,forward,none,out-of-place,15,32768,16,1,32768,online-reorder,auto,four-mul,recurrence,shared,linear,cufftdx-block,0,32,256,512,8,8,8,32,8,1,0,0,named-barrier,1,0.078541,0.078541,0.078541,50.065188,1.481263
135,fft,fp64,forward,none,out-of-place,15,32768,16,1,32768,online-reorder,auto,four-mul,recurrence,shared,linear,cufftdx-block,0,32,512,256,8,8,32,8,7,1,0,0,named-barrier,1,0.078889,0.078889,0.078889,49.844237,1.487826
136,fft,fp64,forward,none,out-of-place,15,32768,16,1,32768,online-reorder,auto,four-mul,recurrence,shared,linear,cufftdx-block,0,32,512,256,8,8,16,16,8,1,0,0,named-barrier,1,0.079073,0.079073,0.079073,49.728050,1.491296
137,fft,fp64,forward,none,out-of-place,15,32768,16,1,32768,online-reorder,auto,four-mul,recurrence,shared,xor-swizzle,cufftdx-block,0,32,512,512,8,8,16,32,8,1,0,0,named-barrier,1,0.081674,0.081674,0.081674,48.144433,1.540350
138,fft,fp64,forward,none,out-of-place,15,32768,16,1,32768,online-reorder,auto,four-mul,recurrence,shared,xor-swizzle,cufftdx-block,0,32,512,512,8,8,32,16,7,1,0,0,named-barrier,1,0.082022,0.082022,0.082022,47.940076,1.546914
139,fft,fp64,forward,none,out-of-place,15,32768,16,1,32768,online-reorder,auto,four-mul,recurrence,shared,linear,cufftdx-block,0,32,512,512,8,4,32,8,7,1,0,0,named-barrier,1,0.082514,0.082514,0.082514,47.654504,1.556193
140,fft,fp64,forward,none,out-of-place,15,32768,16,1,32768,online-reorder,auto,four-mul,recurrence,shared,linear,cufftdx-block,0,32,512,512,8,4,16,16,8,1,0,0,named-barrier,1,0.082596,0.082596,0.082596,47.607236,1.557739
141,fft,fp64,forward,none,out-of-place,15,32768,16,1,32768,online-reorder,auto,four-mul,recurrence,shared,linear,cufftdx-block,0,32,512,512,4,8,8,32,8,1,0,0,named-barrier,1,0.083067,0.083067,0.083067,47.337278,1.566622
142,fft,fp64,forward,none,out-of-place,15,32768,16,1,32768,online-reorder,auto,four-mul,recurrence,shared,linear,cufftdx-block,0,32,512,512,4,8,16,16,7,1,0,0,named-barrier,1,0.083149,0.083149,0.083149,47.290636,1.568169
143,fft,fp64,forward,none,out-of-place,15,32768,16,1,32768,online-reorder,auto,four-mul,recurrence,shared,linear,cufftdx-block,0,32,512,512,8,8,32,16,7,1,0,0,named-barrier,1,0.089620,0.089620,0.089620,43.875686,1.690210
144,fft,fp64,forward,none,out-of-place,15,32768,16,1,32768,online-reorder,auto,four-mul,recurrence,shared,linear,cufftdx-block,0,32,512,512,8,8,16,32,8,1,0,0,named-barrier,1,0.089764,0.089764,0.089764,43.805611,1.692926
1,fft,fp64,forward,none,out-of-place,15,32768,8,1,32768,online-reorder,auto,four-mul,recurrence,shared,xor-swizzle,cufftdx-block,0,32,128,128,8,4,8,2,7,1,0,0,named-barrier,1,0.028570,0.028570,0.028570,68.817201,1.000000
2,fft,fp64,forward,none,out-of-place,15,32768,8,1,32768,online-reorder,auto,four-mul,recurrence,shared,xor-swizzle,cufftdx-block,0,32,128,128,4,4,4,2,7,1,0,0,named-barrier,1,0.028733,0.028733,0.028733,68.424805,1.005705
3,fft,fp64,forward,none,out-of-place,15,32768,8,1,32768,online-reorder,auto,four-mul,recurrence,shared,xor-swizzle,cufftdx-block,0,32,128,128,8,8,8,4,7,1,0,0,named-barrier,1,0.028877,0.028877,0.028877,68.085106,1.010746
4,fft,fp64,forward,none,out-of-place,15,32768,8,1,32768,online-reorder,auto,four-mul,recurrence,shared,xor-swizzle,cufftdx-block,0,32,128,128,4,8,4,4,7,1,0,0,named-barrier,1,0.029204,0.029204,0.029204,67.321177,1.022191
5,fft,fp64,forward,none,out-of-place,15,32768,8,1,32768,online-reorder,auto,four-mul,recurrence,shared,xor-swizzle,cufftdx-block,0,32,128,128,8,4,4,4,8,1,0,0,named-barrier,1,0.029225,0.029225,0.029225,67.274001,1.022926
6,fft,fp64,forward,none,out-of-place,15,32768,8,1,32768,online-reorder,auto,four-mul,recurrence,shared,xor-swizzle,cufftdx-block,0,32,128,256,8,4,8,4,7,1,0,0,named-barrier,1,0.030167,0.030167,0.030167,65.173113,1.055898
7,fft,fp64,forward,none,out-of-place,15,32768,8,1,32768,online-reorder,auto,four-mul,recurrence,shared,xor-swizzle,cufftdx-block,0,32,256,128,8,4,16,2,7,1,0,0,named-barrier,1,0.030188,0.030188,0.030188,65.128899,1.056633
8,fft,fp64,forward,none,out-of-place,15,32768,8,1,32768,online-reorder,auto,four-mul,recurrence,shared,linear,cufftdx-block,0,32,128,128,4,4,4,2,7,1,0,0,named-barrier,1,0.030228,0.030228,0.030228,65.040653,1.058033
9,fft,fp64,forward,none,out-of-place,15,32768,8,1,32768,online-reorder,auto,four-mul,recurrence,shared,xor-swizzle,cufftdx-block,0,32,128,128,4,4,2,4,8,1,0,0,named-barrier,1,0.030228,0.030228,0.030228,65.040653,1.058033
10,fft,fp64,forward,none,out-of-place,15,32768,8,1,32768,online-reorder,auto,four-mul,recurrence,shared,linear,cufftdx-block,0,32,128,128,4,4,2,4,8,1,0,0,named-barrier,1,0.030249,0.030249,0.030249,64.996618,1.058768
11,fft,fp64,forward,none,out-of-place,15,32768,8,1,32768,online-reorder,auto,four-mul,recurrence,shared,xor-swizzle,cufftdx-block,0,32,128,256,4,4,4,4,7,1,0,0,named-barrier,1,0.030310,0.030310,0.030310,64.864865,1.060903
12,fft,fp64,forward,none,out-of-place,15,32768,8,1,32768,online-reorder,auto,four-mul,recurrence,shared,xor-swizzle,cufftdx-block,0,32,256,128,8,8,16,4,7,1,0,0,named-barrier,1,0.030351,0.030351,0.030351,64.777329,1.062338
13,fft,fp64,forward,none,out-of-place,15,32768,8,1,32768,online-reorder,auto,four-mul,recurrence,shared,xor-swizzle,cufftdx-block,0,32,256,128,8,4,8,4,8,1,0,0,named-barrier,1,0.030659,0.030659,0.030659,64.128257,1.073119
14,fft,fp64,forward,none,out-of-place,15,32768,8,1,32768,online-reorder,auto,four-mul,recurrence,shared,linear,cufftdx-block,0,32,128,128,8,4,4,4,8,1,0,0,named-barrier,1,0.030679,0.030679,0.030679,64.085448,1.073819
15,fft,fp64,forward,none,out-of-place,15,32768,8,1,32768,online-reorder,auto,four-mul,recurrence,shared,linear,cufftdx-block,0,32,128,128,4,8,4,4,7,1,0,0,named-barrier,1,0.030720,0.030720,0.030720,63.999998,1.075254
16,fft,fp64,forward,none,out-of-place,15,32768,8,1,32768,online-reorder,auto,four-mul,recurrence,shared,xor-swizzle,cufftdx-block,0,32,256,128,4,4,8,2,7,1,0,0,named-barrier,1,0.030966,0.030966,0.030966,63.492063,1.083864
17,fft,fp64,forward,none,out-of-place,15,32768,8,1,32768,online-reorder,auto,four-mul,recurrence,shared,xor-swizzle,cufftdx-block,0,32,128,128,8,8,4,8,8,1,0,0,named-barrier,1,0.031150,0.031150,0.031150,63.116370,1.090305
18,fft,fp64,forward,none,out-of-place,15,32768,8,1,32768,online-reorder,auto,four-mul,recurrence,shared,xor-swizzle,cufftdx-block,0,32,256,128,4,8,8,4,7,1,0,0,named-barrier,1,0.031212,0.031212,0.031212,62.992127,1.092475
19,fft,fp64,forward,none,out-of-place,15,32768,8,1,32768,online-reorder,auto,four-mul,recurrence,shared,xor-swizzle,cufftdx-block,0,32,256,128,4,4,4,4,8,1,0,0,named-barrier,1,0.031457,0.031457,0.031457,62.499995,1.101050
20,fft,fp64,forward,none,out-of-place,15,32768,8,1,32768,online-reorder,auto,four-mul,recurrence,shared,xor-swizzle,cufftdx-block,0,32,128,256,8,8,8,8,7,1,0,0,named-barrier,1,0.031580,0.031580,0.031580,62.256807,1.105355
21,fft,fp64,forward,none,out-of-place,15,32768,8,1,32768,online-reorder,auto,four-mul,recurrence,shared,xor-swizzle,cufftdx-block,0,32,256,256,8,4,16,4,7,1,0,0,named-barrier,1,0.031642,0.031642,0.031642,62.135925,1.107525
22,fft,fp64,forward,none,out-of-place,15,32768,8,1,32768,online-reorder,auto,four-mul,recurrence,shared,linear,cufftdx-block,0,32,128,256,4,4,4,4,7,1,0,0,named-barrier,1,0.031846,0.031846,0.031846,61.736334,1.114666
23,fft,fp64,forward,none,out-of-place,15,32768,8,1,32768,online-reorder,auto,four-mul,recurrence,shared,xor-swizzle,cufftdx-block,0,32,128,256,4,8,4,8,7,1,0,0,named-barrier,1,0.031990,0.031990,0.031990,61.459666,1.119706
24,fft,fp64,forward,none,out-of-place,15,32768,8,1,32768,online-reorder,auto,four-mul,recurrence,shared,xor-swizzle,cufftdx-block,0,32,128,256,8,4,4,8,8,1,0,0,named-barrier,1,0.032072,0.032072,0.032072,61.302682,1.122576
25,fft,fp64,forward,none,out-of-place,15,32768,8,1,32768,online-reorder,auto,four-mul,recurrence,shared,xor-swizzle,cufftdx-block,0,32,128,256,8,8,4,16,8,1,0,0,named-barrier,1,0.032072,0.032072,0.032072,61.302682,1.122576
26,fft,fp64,forward,none,out-of-place,15,32768,8,1,32768,online-reorder,auto,four-mul,recurrence,shared,xor-swizzle,cufftdx-block,0,32,256,128,8,8,8,8,8,1,0,0,named-barrier,1,0.032256,0.032256,0.032256,60.952381,1.129016
27,fft,fp64,forward,none,out-of-place,15,32768,8,1,32768,online-reorder,auto,four-mul,recurrence,shared,linear,cufftdx-block,0,32,128,128,4,8,2,8,8,1,0,0,named-barrier,1,0.032276,0.032276,0.032276,60.913703,1.129716
28,fft,fp64,forward,none,out-of-place,15,32768,8,1,32768,online-reorder,auto,four-mul,recurrence,shared,xor-swizzle,cufftdx-block,0,32,512,128,4,4,16,2,7,1,0,0,named-barrier,1,0.032297,0.032297,0.032297,60.875081,1.130452
29,fft,fp64,forward,none,out-of-place,15,32768,8,1,32768,online-reorder,auto,four-mul,recurrence,shared,xor-swizzle,cufftdx-block,0,32,128,128,4,8,2,8,8,1,0,0,named-barrier,1,0.032317,0.032317,0.032317,60.836500,1.131152
30,fft,fp64,forward,none,out-of-place,15,32768,8,1,32768,online-reorder,auto,four-mul,recurrence,shared,xor-swizzle,cufftdx-block,0,32,512,128,4,8,16,4,7,1,0,0,named-barrier,1,0.032358,0.032358,0.032358,60.759493,1.132587
31,fft,fp64,forward,none,out-of-place,15,32768,8,1,32768,online-reorder,auto,four-mul,recurrence,shared,xor-swizzle,cufftdx-block,0,32,256,256,4,4,8,4,7,1,0,0,named-barrier,1,0.032502,0.032502,0.032502,60.491492,1.137627
32,fft,fp64,forward,none,out-of-place,15,32768,8,1,32768,online-reorder,auto,four-mul,recurrence,shared,xor-swizzle,cufftdx-block,0,32,512,128,4,4,8,4,8,1,0,0,named-barrier,1,0.032584,0.032584,0.032584,60.339409,1.140497
33,fft,fp64,forward,none,out-of-place,15,32768,8,1,32768,online-reorder,auto,four-mul,recurrence,shared,xor-swizzle,cufftdx-block,0,32,512,128,8,4,32,2,7,1,0,0,named-barrier,1,0.032707,0.032707,0.032707,60.112707,1.144802
34,fft,fp64,forward,none,out-of-place,15,32768,8,1,32768,online-reorder,auto,four-mul,recurrence,shared,linear,cufftdx-block,0,32,128,128,8,8,4,8,8,1,0,0,named-barrier,1,0.032768,0.032768,0.032768,60.000000,1.146937
35,fft,fp64,forward,none,out-of-place,15,32768,8,1,32768,online-reorder,auto,four-mul,recurrence,shared,linear,cufftdx-block,0,32,256,128,4,4,4,4,8,1,0,0,named-barrier,1,0.032809,0.032809,0.032809,59.925095,1.148372
36,fft,fp64,forward,none,out-of-place,15,32768,8,1,32768,online-reorder,auto,four-mul,recurrence,shared,xor-swizzle,cufftdx-block,0,32,128,512,8,4,4,16,8,1,0,0,named-barrier,1,0.032829,0.032829,0.032829,59.887708,1.149072
37,fft,fp64,forward,none,out-of-place,15,32768,8,1,32768,online-reorder,auto,four-mul,recurrence,shared,xor-swizzle,cufftdx-block,0,32,128,512,8,4,8,8,7,1,0,0,named-barrier,1,0.032993,0.032993,0.032993,59.590318,1.154813
38,fft,fp64,forward,none,out-of-place,15,32768,8,1,32768,online-reorder,auto,four-mul,recurrence,shared,xor-swizzle,cufftdx-block,0,32,512,128,8,8,32,4,7,1,0,0,named-barrier,1,0.032993,0.032993,0.032993,59.590318,1.154813
39,fft,fp64,forward,none,out-of-place,15,32768,8,1,32768,online-reorder,auto,four-mul,recurrence,shared,xor-swizzle,cufftdx-block,0,32,512,128,8,4,16,4,8,1,0,0,named-barrier,1,0.033014,0.033014,0.033014,59.553348,1.155548
40,fft,fp64,forward,none,out-of-place,15,32768,8,1,32768,online-reorder,auto,four-mul,recurrence,shared,linear,cufftdx-block,0,32,128,256,4,8,2,16,8,1,0,0,named-barrier,1,0.033034,0.033034,0.033034,59.516431,1.156248
41,fft,fp64,forward,none,out-of-place,15,32768,8,1,32768,online-reorder,auto,four-mul,recurrence,shared,xor-swizzle,cufftdx-block,0,32,128,256,4,8,2,16,8,1,0,0,named-barrier,1,0.033034,0.033034,0.033034,59.516431,1.156248
42,fft,fp64,forward,none,out-of-place,15,32768,8,1,32768,online-reorder,auto,four-mul,recurrence,shared,xor-swizzle,cufftdx-block,0,32,128,256,4,4,2,8,8,1,0,0,named-barrier,1,0.033075,0.033075,0.033075,59.442727,1.157683
43,fft,fp64,forward,none,out-of-place,15,32768,8,1,32768,online-reorder,auto,four-mul,recurrence,shared,xor-swizzle,cufftdx-block,0,32,256,128,4,8,4,8,8,1,0,0,named-barrier,1,0.033096,0.033096,0.033096,59.405940,1.158418
44,fft,fp64,forward,none,out-of-place,15,32768,8,1,32768,online-reorder,auto,four-mul,recurrence,shared,linear,cufftdx-block,0,32,128,256,4,4,2,8,8,1,0,0,named-barrier,1,0.033116,0.033116,0.033116,59.369206,1.159118
45,fft,fp64,forward,none,out-of-place,15,32768,8,1,32768,online-reorder,auto,four-mul,recurrence,shared,xor-swizzle,cufftdx-block,0,32,256,256,8,8,8,16,8,1,0,0,named-barrier,1,0.033157,0.033157,0.033157,59.295859,1.160553
46,fft,fp64,forward,none,out-of-place,15,32768,8,1,32768,online-reorder,auto,four-mul,recurrence,shared,xor-swizzle,cufftdx-block,0,32,128,512,4,4,4,8,7,1,0,0,named-barrier,1,0.033178,0.033178,0.033178,59.259260,1.161288
47,fft,fp64,forward,none,out-of-place,15,32768,8,1,32768,online-reorder,auto,four-mul,recurrence,shared,linear,cufftdx-block,0,32,128,128,8,4,8,2,7,1,0,0,named-barrier,1,0.033260,0.033260,0.033260,59.113297,1.164158
48,fft,fp64,forward,none,out-of-place,15,32768,8,1,32768,online-reorder,auto,four-mul,recurrence,shared,xor-swizzle,cufftdx-block,0,32,256,256,8,8,16,8,7,1,0,0,named-barrier,1,0.033260,0.033260,0.033260,59.113297,1.164158
49,fft,fp64,forward,none,out-of-place,15,32768,8,1,32768,online-reorder,auto,four-mul,recurrence,shared,xor-swizzle,cufftdx-block,0,32,256,256,8,4,8,8,8,1,0,0,named-barrier,1,0.033300,0.033300,0.033300,59.040587,1.165558
50,fft,fp64,forward,none,out-of-place,15,32768,8,1,32768,online-reorder,auto,four-mul,recurrence,shared,linear,cufftdx-block,0,32,128,256,4,8,4,8,7,1,0,0,named-barrier,1,0.033464,0.033464,0.033464,58.751530,1.171299
51,fft,fp64,forward,none,out-of-place,15,32768,8,1,32768,online-reorder,auto,four-mul,recurrence,shared,linear,cufftdx-block,0,32,128,128,8,8,8,4,7,1,0,0,named-barrier,1,0.033505,0.033505,0.033505,58.679707,1.172734
52,fft,fp64,forward,none,out-of-place,15,32768,8,1,32768,online-reorder,auto,four-mul,recurrence,shared,linear,cufftdx-block,0,32,128,256,8,8,4,16,8,1,0,0,named-barrier,1,0.033587,0.033587,0.033587,58.536581,1.175604
53,fft,fp64,forward,none,out-of-place,15,32768,8,1,32768,online-reorder,auto,four-mul,recurrence,shared,xor-swizzle,cufftdx-block,0,32,512,256,4,4,16,4,7,1,0,0,named-barrier,1,0.033710,0.033710,0.033710,58.323212,1.179909
54,fft,fp64,forward,none,out-of-place,15,32768,8,1,32768,online-reorder,auto,four-mul,recurrence,shared,linear,cufftdx-block,0,32,128,256,8,4,4,8,8,1,0,0,named-barrier,1,0.033710,0.033710,0.033710,58.323212,1.179909
55,fft,fp64,forward,none,out-of-place,15,32768,8,1,32768,online-reorder,auto,four-mul,recurrence,shared,xor-swizzle,cufftdx-block,0,32,256,256,4,8,8,8,7,1,0,0,named-barrier,1,0.033731,0.033731,0.033731,58.287798,1.180644
56,fft,fp64,forward,none,out-of-place,15,32768,8,1,32768,online-reorder,auto,four-mul,recurrence,shared,xor-swizzle,cufftdx-block,0,32,256,256,4,8,4,16,8,1,0,0,named-barrier,1,0.033853,0.033853,0.033853,58.076223,1.184914
57,fft,fp64,forward,none,out-of-place,15,32768,8,1,32768,online-reorder,auto,four-mul,recurrence,shared,xor-swizzle,cufftdx-block,0,32,256,256,4,4,4,8,8,1,0,0,named-barrier,1,0.033976,0.033976,0.033976,57.866184,1.189219
58,fft,fp64,forward,none,out-of-place,15,32768,8,1,32768,online-reorder,auto,four-mul,recurrence,shared,xor-swizzle,cufftdx-block,0,32,128,512,4,4,2,16,8,1,0,0,named-barrier,1,0.034017,0.034017,0.034017,57.796509,1.190655
59,fft,fp64,forward,none,out-of-place,15,32768,8,1,32768,online-reorder,auto,four-mul,recurrence,shared,linear,cufftdx-block,0,32,128,512,4,4,2,16,8,1,0,0,named-barrier,1,0.034058,0.034058,0.034058,57.727001,1.192090
60,fft,fp64,forward,none,out-of-place,15,32768,8,1,32768,online-reorder,auto,four-mul,recurrence,shared,xor-swizzle,cufftdx-block,0,32,512,128,4,8,8,8,8,1,0,0,named-barrier,1,0.034120,0.034120,0.034120,57.623048,1.194260
61,fft,fp64,forward,none,out-of-place,15,32768,8,1,32768,online-reorder,auto,four-mul,recurrence,shared,xor-swizzle,cufftdx-block,0,32,512,256,8,4,32,4,7,1,0,0,named-barrier,1,0.034243,0.034243,0.034243,57.416269,1.198565
62,fft,fp64,forward,none,out-of-place,15,32768,8,1,32768,online-reorder,auto,four-mul,recurrence,shared,xor-swizzle,cufftdx-block,0,32,256,512,8,4,8,16,8,1,0,0,named-barrier,1,0.034243,0.034243,0.034243,57.416269,1.198565
63,fft,fp64,forward,none,out-of-place,15,32768,8,1,32768,online-reorder,auto,four-mul,recurrence,shared,linear,cufftdx-block,0,32,128,512,8,4,4,16,8,1,0,0,named-barrier,1,0.034365,0.034365,0.034365,57.210969,1.202835
64,fft,fp64,forward,none,out-of-place,15,32768,8,1,32768,online-reorder,auto,four-mul,recurrence,shared,linear,cufftdx-block,0,32,256,128,4,4,8,2,7,1,0,0,named-barrier,1,0.034427,0.034427,0.034427,57.108865,1.205005
65,fft,fp64,forward,none,out-of-place,15,32768,8,1,32768,online-reorder,auto,four-mul,recurrence,shared,linear,cufftdx-block,0,32,256,128,4,8,4,8,8,1,0,0,named-barrier,1,0.034468,0.034468,0.034468,57.041000,1.206440
66,fft,fp64,forward,none,out-of-place,15,32768,8,1,32768,online-reorder,auto,four-mul,recurrence,shared,linear,cufftdx-block,0,32,256,128,8,4,16,2,7,1,0,0,named-barrier,1,0.034509,0.034509,0.034509,56.973290,1.207875
67,fft,fp64,forward,none,out-of-place,15,32768,8,1,32768,online-reorder,auto,four-mul,recurrence,shared,xor-swizzle,cufftdx-block,0,32,512,128,8,8,16,8,8,1,0,0,named-barrier,1,0.034529,0.034529,0.034529,56.939502,1.208575
68,fft,fp64,forward,none,out-of-place,15,32768,8,1,32768,online-reorder,auto,four-mul,recurrence,shared,xor-swizzle,cufftdx-block,0,32,128,512,8,8,8,16,7,1,0,0,named-barrier,1,0.034570,0.034570,0.034570,56.872039,1.210011
69,fft,fp64,forward,none,out-of-place,15,32768,8,1,32768,online-reorder,auto,four-mul,recurrence,shared,xor-swizzle,cufftdx-block,0,32,256,512,8,4,16,8,7,1,0,0,named-barrier,1,0.034570,0.034570,0.034570,56.872039,1.210011
70,fft,fp64,forward,none,out-of-place,15,32768,8,1,32768,online-reorder,auto,four-mul,recurrence,shared,linear,cufftdx-block,0,32,256,128,4,8,8,4,7,1,0,0,named-barrier,1,0.034652,0.034652,0.034652,56.737591,1.212881
71,fft,fp64,forward,none,out-of-place,15,32768,8,1,32768,online-reorder,auto,four-mul,recurrence,shared,linear,cufftdx-block,0,32,128,512,4,4,4,8,7,1,0,0,named-barrier,1,0.034673,0.034673,0.034673,56.704075,1.213616
72,fft,fp64,forward,none,out-of-place,15,32768,8,1,32768,online-reorder,auto,four-mul,recurrence,shared,linear,cufftdx-block,0,32,256,128,8,8,16,4,7,1,0,0,named-barrier,1,0.034714,0.034714,0.034714,56.637168,1.215051
73,fft,fp64,forward,none,out-of-place,15,32768,8,1,32768,online-reorder,auto,four-mul,recurrence,shared,linear,cufftdx-block,0,32,128,256,8,4,8,4,7,1,0,0,named-barrier,1,0.034734,0.034734,0.034734,56.603771,1.215751
74,fft,fp64,forward,none,out-of-place,15,32768,8,1,32768,online-reorder,auto,four-mul,recurrence,shared,xor-swizzle,cufftdx-block,0,32,512,256,4,8,8,16,8,1,0,0,named-barrier,1,0.034877,0.034877,0.034877,56.371107,1.220756
75,fft,fp64,forward,none,out-of-place,15,32768,8,1,32768,online-reorder,auto,four-mul,recurrence,shared,xor-swizzle,cufftdx-block,0,32,512,256,4,8,16,8,7,1,0,0,named-barrier,1,0.035021,0.035021,0.035021,56.140353,1.225796
76,fft,fp64,forward,none,out-of-place,15,32768,8,1,32768,online-reorder,auto,four-mul,recurrence,shared,xor-swizzle,cufftdx-block,0,32,256,512,4,4,8,8,7,1,0,0,named-barrier,1,0.035041,0.035041,0.035041,56.107539,1.226496
77,fft,fp64,forward,none,out-of-place,15,32768,8,1,32768,online-reorder,auto,four-mul,recurrence,shared,linear,cufftdx-block,0,32,256,128,8,4,8,4,8,1,0,0,named-barrier,1,0.035041,0.035041,0.035041,56.107539,1.226496
78,fft,fp64,forward,none,out-of-place,15,32768,8,1,32768,online-reorder,auto,four-mul,recurrence,shared,xor-swizzle,cufftdx-block,0,32,256,512,4,4,4,16,8,1,0,0,named-barrier,1,0.035082,0.035082,0.035082,56.042032,1.227931
79,fft,fp64,forward,none,out-of-place,15,32768,8,1,32768,online-reorder,auto,four-mul,recurrence,shared,xor-swizzle,cufftdx-block,0,32,512,256,4,4,8,8,8,1,0,0,named-barrier,1,0.035082,0.035082,0.035082,56.042032,1.227931
80,fft,fp64,forward,none,out-of-place,15,32768,8,1,32768,online-reorder,auto,four-mul,recurrence,shared,xor-swizzle,cufftdx-block,0,32,128,512,8,8,4,32,8,1,0,0,named-barrier,1,0.035103,0.035103,0.035103,56.009333,1.228666
81,fft,fp64,forward,none,out-of-place,15,32768,8,1,32768,online-reorder,auto,four-mul,recurrence,shared,xor-swizzle,cufftdx-block,0,32,128,512,4,8,4,16,7,1,0,0,named-barrier,1,0.035164,0.035164,0.035164,55.911469,1.230802
82,fft,fp64,forward,none,out-of-place,15,32768,8,1,32768,online-reorder,auto,four-mul,recurrence,shared,linear,cufftdx-block,0,32,256,256,4,8,4,16,8,1,0,0,named-barrier,1,0.035226,0.035226,0.035226,55.813953,1.232972
83,fft,fp64,forward,none,out-of-place,15,32768,8,1,32768,online-reorder,auto,four-mul,recurrence,shared,xor-swizzle,cufftdx-block,0,32,512,256,8,8,16,16,8,1,0,0,named-barrier,1,0.035267,0.035267,0.035267,55.749130,1.234407
84,fft,fp64,forward,none,out-of-place,15,32768,8,1,32768,online-reorder,auto,four-mul,recurrence,shared,linear,cufftdx-block,0,32,256,256,4,4,4,8,8,1,0,0,named-barrier,1,0.035328,0.035328,0.035328,55.652173,1.236542
85,fft,fp64,forward,none,out-of-place,15,32768,8,1,32768,online-reorder,auto,four-mul,recurrence,shared,xor-swizzle,cufftdx-block,0,32,512,256,8,4,16,8,8,1,0,0,named-barrier,1,0.035533,0.035533,0.035533,55.331408,1.243717
86,fft,fp64,forward,none,out-of-place,15,32768,8,1,32768,online-reorder,auto,four-mul,recurrence,shared,xor-swizzle,cufftdx-block,0,32,512,256,8,8,32,8,7,1,0,0,named-barrier,1,0.035758,0.035758,0.035758,54.982815,1.251593
87,fft,fp64,forward,none,out-of-place,15,32768,8,1,32768,online-reorder,auto,four-mul,recurrence,shared,linear,cufftdx-block,0,32,256,256,8,4,16,4,7,1,0,0,named-barrier,1,0.035942,0.035942,0.035942,54.700858,1.258033
88,fft,fp64,forward,none,out-of-place,15,32768,8,1,32768,online-reorder,auto,four-mul,recurrence,shared,linear,cufftdx-block,0,32,256,256,4,4,8,4,7,1,0,0,named-barrier,1,0.035963,0.035963,0.035963,54.669704,1.258768
89,fft,fp64,forward,none,out-of-place,15,32768,8,1,32768,online-reorder,auto,four-mul,recurrence,shared,linear,cufftdx-block,0,32,128,256,8,8,8,8,7,1,0,0,named-barrier,1,0.036106,0.036106,0.036106,54.452638,1.263773
90,fft,fp64,forward,none,out-of-place,15,32768,8,1,32768,online-reorder,auto,four-mul,recurrence,shared,xor-swizzle,cufftdx-block,0,32,256,512,8,8,16,16,7,1,0,0,named-barrier,1,0.036147,0.036147,0.036147,54.390935,1.265208
91,fft,fp64,forward,none,out-of-place,15,32768,8,1,32768,online-reorder,auto,four-mul,recurrence,shared,xor-swizzle,cufftdx-block,0,32,256,512,8,8,8,32,8,1,0,0,named-barrier,1,0.036147,0.036147,0.036147,54.390935,1.265208
92,fft,fp64,forward,none,out-of-place,15,32768,8,1,32768,online-reorder,auto,four-mul,recurrence,shared,linear,cufftdx-block,0,32,128,512,4,8,2,32,8,1,0,0,named-barrier,1,0.036209,0.036209,0.036209,54.298641,1.267378
93,fft,fp64,forward,none,out-of-place,15,32768,8,1,32768,online-reorder,auto,four-mul,recurrence,shared,xor-swizzle,cufftdx-block,0,32,128,512,4,8,2,32,8,1,0,0,named-barrier,1,0.036209,0.036209,0.036209,54.298641,1.267378
94,fft,fp64,forward,none,out-of-place,15,32768,8,1,32768,online-reorder,auto,four-mul,recurrence,shared,xor-swizzle,cufftdx-block,0,32,512,512,4,4,8,16,8,1,0,0,named-barrier,1,0.036229,0.036229,0.036229,54.267950,1.268078
95,fft,fp64,forward,none,out-of-place,15,32768,8,1,32768,online-reorder,auto,four-mul,recurrence,shared,linear,cufftdx-block,0,32,256,512,4,4,4,16,8,1,0,0,named-barrier,1,0.036311,0.036311,0.036311,54.145514,1.270949
96,fft,fp64,forward,none,out-of-place,15,32768,8,1,32768,online-reorder,auto,four-mul,recurrence,shared,linear,cufftdx-block,0,32,512,128,8,4,32,2,7,1,0,0,named-barrier,1,0.036393,0.036393,0.036393,54.023634,1.273819
97,fft,fp64,forward,none,out-of-place,15,32768,8,1,32768,online-reorder,auto,four-mul,recurrence,shared,xor-swizzle,cufftdx-block,0,32,512,512,4,4,16,8,7,1,0,0,named-barrier,1,0.036413,0.036413,0.036413,53.993247,1.274519
98,fft,fp64,forward,none,out-of-place,15,32768,8,1,32768,online-reorder,auto,four-mul,recurrence,shared,linear,cufftdx-block,0,32,512,128,4,4,16,2,7,1,0,0,named-barrier,1,0.036557,0.036557,0.036557,53.781514,1.279559
99,fft,fp64,forward,none,out-of-place,15,32768,8,1,32768,online-reorder,auto,four-mul,recurrence,shared,linear,cufftdx-block,0,32,512,128,8,8,32,4,7,1,0,0,named-barrier,1,0.036557,0.036557,0.036557,53.781514,1.279559
100,fft,fp64,forward,none,out-of-place,15,32768,8,1,32768,online-reorder,auto,four-mul,recurrence,shared,linear,cufftdx-block,0,32,128,512,8,8,4,32,8,1,0,0,named-barrier,1,0.036577,0.036577,0.036577,53.751399,1.280259
101,fft,fp64,forward,none,out-of-place,15,32768,8,1,32768,online-reorder,auto,four-mul,recurrence,shared,xor-swizzle,cufftdx-block,0,32,256,512,4,8,8,16,7,1,0,0,named-barrier,1,0.036598,0.036598,0.036598,53.721323,1.280994
102,fft,fp64,forward,none,out-of-place,15,32768,8,1,32768,online-reorder,auto,four-mul,recurrence,shared,linear,cufftdx-block,0,32,128,512,4,8,4,16,7,1,0,0,named-barrier,1,0.036659,0.036659,0.036659,53.631285,1.283129
103,fft,fp64,forward,none,out-of-place,15,32768,8,1,32768,online-reorder,auto,four-mul,recurrence,shared,linear,cufftdx-block,0,32,512,128,4,8,16,4,7,1,0,0,named-barrier,1,0.036680,0.036680,0.036680,53.601338,1.283864
104,fft,fp64,forward,none,out-of-place,15,32768,8,1,32768,online-reorder,auto,four-mul,recurrence,shared,xor-swizzle,cufftdx-block,0,32,512,512,8,4,16,16,8,1,0,0,named-barrier,1,0.036680,0.036680,0.036680,53.601338,1.283864
105,fft,fp64,forward,none,out-of-place,15,32768,8,1,32768,online-reorder,auto,four-mul,recurrence,shared,linear,cufftdx-block,0,32,256,128,8,8,8,8,8,1,0,0,named-barrier,1,0.036721,0.036721,0.036721,53.541549,1.285299
106,fft,fp64,forward,none,out-of-place,15,32768,8,1,32768,online-reorder,auto,four-mul,recurrence,shared,xor-swizzle,cufftdx-block,0,32,256,512,4,8,4,32,8,1,0,0,named-barrier,1,0.036844,0.036844,0.036844,53.362980,1.289604
107,fft,fp64,forward,none,out-of-place,15,32768,8,1,32768,online-reorder,auto,four-mul,recurrence,shared,linear,cufftdx-block,0,32,512,128,8,4,16,4,8,1,0,0,named-barrier,1,0.036864,0.036864,0.036864,53.333337,1.290305
108,fft,fp64,forward,none,out-of-place,15,32768,8,1,32768,online-reorder,auto,four-mul,recurrence,shared,xor-swizzle,cufftdx-block,0,32,512,512,8,4,32,8,7,1,0,0,named-barrier,1,0.036946,0.036946,0.036946,53.215077,1.293175
109,fft,fp64,forward,none,out-of-place,15,32768,8,1,32768,online-reorder,auto,four-mul,recurrence,shared,linear,cufftdx-block,0,32,512,128,4,4,8,4,8,1,0,0,named-barrier,1,0.036946,0.036946,0.036946,53.215077,1.293175
110,fft,fp64,forward,none,out-of-place,15,32768,8,1,32768,online-reorder,auto,four-mul,recurrence,shared,linear,cufftdx-block,0,32,256,256,4,8,8,8,7,1,0,0,named-barrier,1,0.037499,0.037499,0.037499,52.430366,1.312531
111,fft,fp64,forward,none,out-of-place,15,32768,8,1,32768,online-reorder,auto,four-mul,recurrence,shared,linear,cufftdx-block,0,32,256,256,8,8,8,16,8,1,0,0,named-barrier,1,0.037540,0.037540,0.037540,52.373159,1.313966
112,fft,fp64,forward,none,out-of-place,15,32768,8,1,32768,online-reorder,auto,four-mul,recurrence,shared,linear,cufftdx-block,0,32,128,512,8,4,8,8,7,1,0,0,named-barrier,1,0.037560,0.037560,0.037560,52.344600,1.314666
113,fft,fp64,forward,none,out-of-place,15,32768,8,1,32768,online-reorder,auto,four-mul,recurrence,shared,linear,cufftdx-block,0,32,256,256,8,8,16,8,7,1,0,0,named-barrier,1,0.037560,0.037560,0.037560,52.344600,1.314666
114,fft,fp64,forward,none,out-of-place,15,32768,8,1,32768,online-reorder,auto,four-mul,recurrence,shared,linear,cufftdx-block,0,32,256,256,8,4,8,8,8,1,0,0,named-barrier,1,0.037745,0.037745,0.037745,52.088989,1.321141
115,fft,fp64,forward,none,out-of-place,15,32768,8,1,32768,online-reorder,auto,four-mul,recurrence,shared,linear,cufftdx-block,0,32,512,256,4,4,16,4,7,1,0,0,named-barrier,1,0.037806,0.037806,0.037806,52.004335,1.323276
116,fft,fp64,forward,none,out-of-place,15,32768,8,1,32768,online-reorder,auto,four-mul,recurrence,shared,linear,cufftdx-block,0,32,512,256,8,4,32,4,7,1,0,0,named-barrier,1,0.037827,0.037827,0.037827,51.976177,1.324011
117,fft,fp64,forward,none,out-of-place,15,32768,8,1,32768,online-reorder,auto,four-mul,recurrence,shared,xor-swizzle,cufftdx-block,0,32,512,512,4,8,8,32,8,1,0,0,named-barrier,1,0.037868,0.037868,0.037868,51.919957,1.325446
118,fft,fp64,forward,none,out-of-place,15,32768,8,1,32768,online-reorder,auto,four-mul,recurrence,shared,xor-swizzle,cufftdx-block,0,32,512,512,4,8,16,16,7,1,0,0,named-barrier,1,0.038072,0.038072,0.038072,51.640670,1.332587
119,fft,fp64,forward,none,out-of-place,15,32768,8,1,32768,online-reorder,auto,four-mul,recurrence,shared,xor-swizzle,cufftdx-block,0,32,512,512,8,8,16,32,8,1,0,0,named-barrier,1,0.038154,0.038154,0.038154,51.529790,1.335457
120,fft,fp64,forward,none,out-of-place,15,32768,8,1,32768,online-reorder,auto,four-mul,recurrence,shared,linear,cufftdx-block,0,32,256,512,4,8,4,32,8,1,0,0,named-barrier,1,0.038216,0.038216,0.038216,51.446943,1.337627
121,fft,fp64,forward,none,out-of-place,15,32768,8,1,32768,online-reorder,auto,four-mul,recurrence,shared,xor-swizzle,cufftdx-block,0,32,512,512,8,8,32,16,7,1,0,0,named-barrier,1,0.038359,0.038359,0.038359,51.254674,1.342632
122,fft,fp64,forward,none,out-of-place,15,32768,8,1,32768,online-reorder,auto,four-mul,recurrence,shared,linear,cufftdx-block,0,32,512,128,8,8,16,8,8,1,0,0,named-barrier,1,0.038441,0.038441,0.038441,51.145448,1.345502
123,fft,fp64,forward,none,out-of-place,15,32768,8,1,32768,online-reorder,auto,four-mul,recurrence,shared,linear,cufftdx-block,0,32,512,128,4,8,8,8,8,1,0,0,named-barrier,1,0.038543,0.038543,0.038543,51.009566,1.349072
124,fft,fp64,forward,none,out-of-place,15,32768,8,1,32768,online-reorder,auto,four-mul,recurrence,shared,linear,cufftdx-block,0,32,256,512,8,4,8,16,8,1,0,0,named-barrier,1,0.038646,0.038646,0.038646,50.874405,1.352678
125,fft,fp64,forward,none,out-of-place,15,32768,8,1,32768,online-reorder,auto,four-mul,recurrence,shared,linear,cufftdx-block,0,32,256,512,4,4,8,8,7,1,0,0,named-barrier,1,0.038851,0.038851,0.038851,50.606219,1.359853
126,fft,fp64,forward,none,out-of-place,15,32768,8,1,32768,online-reorder,auto,four-mul,recurrence,shared,linear,cufftdx-block,0,32,256,512,8,4,16,8,7,1,0,0,named-barrier,1,0.038851,0.038851,0.038851,50.606219,1.359853
127,fft,fp64,forward,none,out-of-place,15,32768,8,1,32768,online-reorder,auto,four-mul,recurrence,shared,linear,cufftdx-block,0,32,128,512,8,8,8,16,7,1,0,0,named-barrier,1,0.038953,0.038953,0.038953,50.473184,1.363423
128,fft,fp64,forward,none,out-of-place,15,32768,8,1,32768,online-reorder,auto,four-mul,recurrence,shared,linear,cufftdx-block,0,32,512,256,8,8,16,16,8,1,0,0,named-barrier,1,0.039240,0.039240,0.039240,50.104381,1.373469
129,fft,fp64,forward,none,out-of-place,15,32768,8,1,32768,online-reorder,auto,four-mul,recurrence,shared,linear,cufftdx-block,0,32,512,256,8,8,32,8,7,1,0,0,named-barrier,1,0.039363,0.039363,0.039363,49.947970,1.377774
130,fft,fp64,forward,none,out-of-place,15,32768,8,1,32768,online-reorder,auto,four-mul,recurrence,shared,linear,cufftdx-block,0,32,512,256,4,8,16,8,7,1,0,0,named-barrier,1,0.039383,0.039383,0.039383,49.921998,1.378474
131,fft,fp64,forward,none,out-of-place,15,32768,8,1,32768,online-reorder,auto,four-mul,recurrence,shared,linear,cufftdx-block,0,32,512,256,4,8,8,16,8,1,0,0,named-barrier,1,0.039383,0.039383,0.039383,49.921998,1.378474
132,fft,fp64,forward,none,out-of-place,15,32768,8,1,32768,online-reorder,auto,four-mul,recurrence,shared,linear,cufftdx-block,0,32,512,256,4,4,8,8,8,1,0,0,named-barrier,1,0.039485,0.039485,0.039485,49.792532,1.382044
133,fft,fp64,forward,none,out-of-place,15,32768,8,1,32768,online-reorder,auto,four-mul,recurrence,shared,linear,cufftdx-block,0,32,512,256,8,4,16,8,8,1,0,0,named-barrier,1,0.039485,0.039485,0.039485,49.792532,1.382044
134,fft,fp64,forward,none,out-of-place,15,32768,8,1,32768,online-reorder,auto,four-mul,recurrence,shared,linear,cufftdx-block,0,32,256,512,4,8,8,16,7,1,0,0,named-barrier,1,0.040346,0.040346,0.040346,48.730962,1.412181
135,fft,fp64,forward,none,out-of-place,15,32768,8,1,32768,online-reorder,auto,four-mul,recurrence,shared,linear,cufftdx-block,0,32,256,512,8,8,16,16,7,1,0,0,named-barrier,1,0.040428,0.040428,0.040428,48.632222,1.415051
136,fft,fp64,forward,none,out-of-place,15,32768,8,1,32768,online-reorder,auto,four-mul,recurrence,shared,linear,cufftdx-block,0,32,256,512,8,8,8,32,8,1,0,0,named-barrier,1,0.040428,0.040428,0.040428,48.632222,1.415051
137,fft,fp64,forward,none,out-of-place,15,32768,8,1,32768,online-reorder,auto,four-mul,recurrence,shared,linear,cufftdx-block,0,32,512,512,8,4,32,8,7,1,0,0,named-barrier,1,0.040571,0.040571,0.040571,48.460377,1.420056
138,fft,fp64,forward,none,out-of-place,15,32768,8,1,32768,online-reorder,auto,four-mul,recurrence,shared,linear,cufftdx-block,0,32,512,512,8,4,16,16,8,1,0,0,named-barrier,1,0.040571,0.040571,0.040571,48.460377,1.420056
139,fft,fp64,forward,none,out-of-place,15,32768,8,1,32768,online-reorder,auto,four-mul,recurrence,shared,linear,cufftdx-block,0,32,512,512,4,4,8,16,8,1,0,0,named-barrier,1,0.040591,0.040591,0.040591,48.435924,1.420756
140,fft,fp64,forward,none,out-of-place,15,32768,8,1,32768,online-reorder,auto,four-mul,recurrence,shared,linear,cufftdx-block,0,32,512,512,4,4,16,8,7,1,0,0,named-barrier,1,0.040694,0.040694,0.040694,48.314041,1.424361
141,fft,fp64,forward,none,out-of-place,15,32768,8,1,32768,online-reorder,auto,four-mul,recurrence,shared,linear,cufftdx-block,0,32,512,512,8,8,16,32,8,1,0,0,named-barrier,1,0.042107,0.042107,0.042107,46.692605,1.473819
142,fft,fp64,forward,none,out-of-place,15,32768,8,1,32768,online-reorder,auto,four-mul,recurrence,shared,linear,cufftdx-block,0,32,512,512,8,8,32,16,7,1,0,0,named-barrier,1,0.042127,0.042127,0.042127,46.669908,1.474519
143,fft,fp64,forward,none,out-of-place,15,32768,8,1,32768,online-reorder,auto,four-mul,recurrence,shared,linear,cufftdx-block,0,32,512,512,4,8,8,32,8,1,0,0,named-barrier,1,0.042230,0.042230,0.042230,46.556741,1.478124
144,fft,fp64,forward,none,out-of-place,15,32768,8,1,32768,online-reorder,auto,four-mul,recurrence,shared,linear,cufftdx-block,0,32,512,512,4,8,16,16,7,1,0,0,named-barrier,1,0.042373,0.042373,0.042373,46.399230,1.483129
1,fft,fp64,forward,none,out-of-place,16,65536,16,1,65536,online-reorder,auto,four-mul,recurrence,shared,xor-swizzle,cufftdx-block,0,32,128,128,4,8,4,2,7,1,0,0,named-barrier,1,0.096092,0.096092,0.096092,87.297530,1.000000
2,fft,fp64,forward,none,out-of-place,16,65536,16,1,65536,online-reorder,auto,four-mul,recurrence,shared,xor-swizzle,cufftdx-block,0,32,128,128,8,4,4,2,8,1,0,0,named-barrier,1,0.096297,0.096297,0.096297,87.111869,1.002133
3,fft,fp64,forward,none,out-of-place,16,65536,16,1,65536,online-reorder,auto,four-mul,recurrence,shared,xor-swizzle,cufftdx-block,0,32,128,128,8,8,4,4,8,1,0,0,named-barrier,1,0.096563,0.096563,0.096563,86.871688,1.004902
4,fft,fp64,forward,none,out-of-place,16,65536,16,1,65536,online-reorder,auto,four-mul,recurrence,shared,xor-swizzle,cufftdx-block,0,32,128,128,8,8,8,2,7,1,0,0,named-barrier,1,0.098161,0.098161,0.098161,85.457960,1.021531
5,fft,fp64,forward,none,out-of-place,16,65536,16,1,65536,online-reorder,auto,four-mul,recurrence,shared,xor-swizzle,cufftdx-block,0,32,128,256,8,4,4,4,8,1,0,0,named-barrier,1,0.098632,0.098632,0.098632,85.049834,1.026433
6,fft,fp64,forward,none,out-of-place,16,65536,16,1,65536,online-reorder,auto,four-mul,recurrence,shared,xor-swizzle,cufftdx-block,0,32,128,256,4,8,4,4,7,1,0,0,named-barrier,1,0.098673,0.098673,0.098673,85.014532,1.026860
7,fft,fp64,forward,none,out-of-place,16,65536,16,1,65536,online-reorder,auto,four-mul,recurrence,shared,linear,cufftdx-block,0,32,128,128,4,8,4,2,7,1,0,0,named-barrier,1,0.099881,0.099881,0.099881,83.986054,1.039431
8,fft,fp64,forward,none,out-of-place,16,65536,16,1,65536,online-reorder,auto,four-mul,recurrence,shared,xor-swizzle,cufftdx-block,0,32,256,128,8,8,8,4,8,1,0,0,named-barrier,1,0.100209,0.100209,0.100209,83.711431,1.042844
9,fft,fp64,forward,none,out-of-place,16,65536,16,1,65536,online-reorder,auto,four-mul,recurrence,shared,linear,cufftdx-block,0,32,128,128,8,4,4,2,8,1,0,0,named-barrier,1,0.100332,0.100332,0.100332,83.608904,1.044124
10,fft,fp64,forward,none,out-of-place,16,65536,16,1,65536,online-reorder,auto,four-mul,recurrence,shared,xor-swizzle,cufftdx-block,0,32,256,128,4,8,8,2,7,1,0,0,named-barrier,1,0.100372,0.100372,0.100372,83.574782,1.044541
11,fft,fp64,forward,none,out-of-place,16,65536,16,1,65536,online-reorder,auto,four-mul,recurrence,shared,xor-swizzle,cufftdx-block,0,32,256,128,8,4,4,4,9,1,0,0,named-barrier,1,0.100372,0.100372,0.100372,83.574782,1.044541
12,fft,fp64,forward,none,out-of-place,16,65536,16,1,65536,online-reorder,auto,four-mul,recurrence,shared,xor-swizzle,cufftdx-block,0,32,128,256,4,4,4,2,7,1,0,0,named-barrier,1,0.100393,0.100393,0.100393,83.557732,1.044759
13,fft,fp64,forward,none,out-of-place,16,65536,16,1,65536,online-reorder,auto,four-mul,recurrence,shared,linear,cufftdx-block,0,32,128,128,8,8,4,4,8,1,0,0,named-barrier,1,0.100413,0.100413,0.100413,83.540694,1.044967
14,fft,fp64,forward,none,out-of-place,16,65536,16,1,65536,online-reorder,auto,four-mul,recurrence,shared,xor-swizzle,cufftdx-block,0,32,256,128,4,4,4,2,8,1,0,0,named-barrier,1,0.100434,0.100434,0.100434,83.523651,1.045186
15,fft,fp64,forward,none,out-of-place,16,65536,16,1,65536,online-reorder,auto,four-mul,recurrence,shared,xor-swizzle,cufftdx-block,0,32,256,128,4,8,4,4,8,1,0,0,named-barrier,1,0.100454,0.100454,0.100454,83.506628,1.045394
16,fft,fp64,forward,none,out-of-place,16,65536,16,1,65536,online-reorder,auto,four-mul,recurrence,shared,xor-swizzle,cufftdx-block,0,32,128,256,8,8,8,4,7,1,0,0,named-barrier,1,0.100475,0.100475,0.100475,83.489605,1.045613
17,fft,fp64,forward,none,out-of-place,16,65536,16,1,65536,online-reorder,auto,four-mul,recurrence,shared,xor-swizzle,cufftdx-block,0,32,256,128,8,4,8,2,8,1,0,0,named-barrier,1,0.100495,0.100495,0.100495,83.472590,1.045821
18,fft,fp64,forward,none,out-of-place,16,65536,16,1,65536,online-reorder,auto,four-mul,recurrence,shared,xor-swizzle,cufftdx-block,0,32,256,128,8,8,16,2,7,1,0,0,named-barrier,1,0.100536,0.100536,0.100536,83.438585,1.046247
19,fft,fp64,forward,none,out-of-place,16,65536,16,1,65536,online-reorder,auto,four-mul,recurrence,shared,linear,cufftdx-block,0,32,128,128,8,4,2,4,9,1,0,0,named-barrier,1,0.100844,0.100844,0.100844,83.184404,1.049453
20,fft,fp64,forward,none,out-of-place,16,65536,16,1,65536,online-reorder,auto,four-mul,recurrence,shared,xor-swizzle,cufftdx-block,0,32,128,128,8,4,2,4,9,1,0,0,named-barrier,1,0.100864,0.100864,0.100864,83.167512,1.049661
21,fft,fp64,forward,none,out-of-place,16,65536,16,1,65536,online-reorder,auto,four-mul,recurrence,shared,xor-swizzle,cufftdx-block,0,32,128,128,4,4,2,2,8,1,0,0,named-barrier,1,0.101048,0.101048,0.101048,83.015808,1.051576
22,fft,fp64,forward,none,out-of-place,16,65536,16,1,65536,online-reorder,auto,four-mul,recurrence,shared,linear,cufftdx-block,0,32,128,128,4,4,2,2,8,1,0,0,named-barrier,1,0.101110,0.101110,0.101110,82.965359,1.052221
23,fft,fp64,forward,none,out-of-place,16,65536,16,1,65536,online-reorder,auto,four-mul,recurrence,shared,linear,cufftdx-block,0,32,128,256,4,8,4,4,7,1,0,0,named-barrier,1,0.101294,0.101294,0.101294,82.814397,1.054136
24,fft,fp64,forward,none,out-of-place,16,65536,16,1,65536,online-reorder,auto,four-mul,recurrence,shared,xor-swizzle,cufftdx-block,0,32,128,128,4,8,2,4,8,1,0,0,named-barrier,1,0.101294,0.101294,0.101294,82.814397,1.054136
25,fft,fp64,forward,none,out-of-place,16,65536,16,1,65536,online-reorder,auto,four-mul,recurrence,shared,linear,cufftdx-block,0,32,128,128,4,8,2,4,8,1,0,0,named-barrier,1,0.101376,0.101376,0.101376,82.747477,1.054989
26,fft,fp64,forward,none,out-of-place,16,65536,16,1,65536,online-reorder,auto,four-mul,recurrence,shared,xor-swizzle,cufftdx-block,0,32,128,256,8,4,8,2,7,1,0,0,named-barrier,1,0.101437,0.101437,0.101437,82.697354,1.055624
27,fft,fp64,forward,none,out-of-place,16,65536,16,1,65536,online-reorder,auto,four-mul,recurrence,shared,xor-swizzle,cufftdx-block,0,32,128,256,8,8,4,8,8,1,0,0,named-barrier,1,0.101540,0.101540,0.101540,82.613955,1.056696
28,fft,fp64,forward,none,out-of-place,16,65536,16,1,65536,online-reorder,auto,four-mul,recurrence,shared,xor-swizzle,cufftdx-block,0,32,256,256,4,4,4,4,8,1,0,0,named-barrier,1,0.101888,0.101888,0.101888,82.331658,1.060317
29,fft,fp64,forward,none,out-of-place,16,65536,16,1,65536,online-reorder,auto,four-mul,recurrence,shared,xor-swizzle,cufftdx-block,0,32,256,256,8,4,8,4,8,1,0,0,named-barrier,1,0.102072,0.102072,0.102072,82.182979,1.062232
30,fft,fp64,forward,none,out-of-place,16,65536,16,1,65536,online-reorder,auto,four-mul,recurrence,shared,xor-swizzle,cufftdx-block,0,32,256,256,4,8,8,4,7,1,0,0,named-barrier,1,0.102257,0.102257,0.102257,82.034848,1.064157
31,fft,fp64,forward,none,out-of-place,16,65536,16,1,65536,online-reorder,auto,four-mul,recurrence,shared,linear,cufftdx-block,0,32,128,256,8,4,4,4,8,1,0,0,named-barrier,1,0.102400,0.102400,0.102400,81.920002,1.065645
32,fft,fp64,forward,none,out-of-place,16,65536,16,1,65536,online-reorder,auto,four-mul,recurrence,shared,linear,cufftdx-block,0,32,256,128,4,4,4,2,8,1,0,0,named-barrier,1,0.102502,0.102502,0.102502,81.838157,1.066707
33,fft,fp64,forward,none,out-of-place,16,65536,16,1,65536,online-reorder,auto,four-mul,recurrence,shared,linear,cufftdx-block,0,32,256,128,4,8,4,4,8,1,0,0,named-barrier,1,0.102892,0.102892,0.102892,81.528663,1.070766
34,fft,fp64,forward,none,out-of-place,16,65536,16,1,65536,online-reorder,auto,four-mul,recurrence,shared,linear,cufftdx-block,0,32,128,256,4,4,4,2,7,1,0,0,named-barrier,1,0.102953,0.102953,0.102953,81.480010,1.071400
35,fft,fp64,forward,none,out-of-place,16,65536,16,1,65536,online-reorder,auto,four-mul,recurrence,shared,xor-swizzle,cufftdx-block,0,32,256,128,8,8,4,8,9,1,0,0,named-barrier,1,0.103014,0.103014,0.103014,81.431410,1.072035
36,fft,fp64,forward,none,out-of-place,16,65536,16,1,65536,online-reorder,auto,four-mul,recurrence,shared,xor-swizzle,cufftdx-block,0,32,128,512,8,4,4,8,8,1,0,0,named-barrier,1,0.103260,0.103260,0.103260,81.237599,1.074595
37,fft,fp64,forward,none,out-of-place,16,65536,16,1,65536,online-reorder,auto,four-mul,recurrence,shared,linear,cufftdx-block,0,32,128,128,8,8,2,8,9,1,0,0,named-barrier,1,0.103322,0.103322,0.103322,81.189299,1.075240
38,fft,fp64,forward,none,out-of-place,16,65536,16,1,65536,online-reorder,auto,four-mul,recurrence,shared,linear,cufftdx-block,0,32,128,256,4,4,2,4,8,1,0,0,named-barrier,1,0.103342,0.103342,0.103342,81.173208,1.075449
39,fft,fp64,forward,none,out-of-place,16,65536,16,1,65536,online-reorder,auto,four-mul,recurrence,shared,xor-swizzle,cufftdx-block,0,32,128,256,4,4,2,4,8,1,0,0,named-barrier,1,0.103444,0.103444,0.103444,81.092853,1.076510
40,fft,fp64,forward,none,out-of-place,16,65536,16,1,65536,online-reorder,auto,four-mul,recurrence,shared,xor-swizzle,cufftdx-block,0,32,256,256,8,8,16,4,7,1,0,0,named-barrier,1,0.103485,0.103485,0.103485,81.060754,1.076937
41,fft,fp64,forward,none,out-of-place,16,65536,16,1,65536,online-reorder,auto,four-mul,recurrence,shared,xor-swizzle,cufftdx-block,0,32,128,128,8,8,2,8,9,1,0,0,named-barrier,1,0.103526,0.103526,0.103526,81.028686,1.077363
42,fft,fp64,forward,none,out-of-place,16,65536,16,1,65536,online-reorder,auto,four-mul,recurrence,shared,xor-swizzle,cufftdx-block,0,32,256,256,4,4,8,2,7,1,0,0,named-barrier,1,0.103793,0.103793,0.103793,80.820839,1.080142
43,fft,fp64,forward,none,out-of-place,16,65536,16,1,65536,online-reorder,auto,four-mul,recurrence,shared,xor-swizzle,cufftdx-block,0,32,128,512,4,4,4,4,7,1,0,0,named-barrier,1,0.103916,0.103916,0.103916,80.725266,1.081422
44,fft,fp64,forward,none,out-of-place,16,65536,16,1,65536,online-reorder,auto,four-mul,recurrence,shared,linear,cufftdx-block,0,32,256,128,8,4,4,4,9,1,0,0,named-barrier,1,0.104817,0.104817,0.104817,80.031264,1.090798
45,fft,fp64,forward,none,out-of-place,16,65536,16,1,65536,online-reorder,auto,four-mul,recurrence,shared,xor-swizzle,cufftdx-block,0,32,256,256,8,4,4,8,9,1,0,0,named-barrier,1,0.104858,0.104858,0.104858,80.000005,1.091225
46,fft,fp64,forward,none,out-of-place,16,65536,16,1,65536,online-reorder,auto,four-mul,recurrence,shared,linear,cufftdx-block,0,32,256,256,4,4,4,4,8,1,0,0,named-barrier,1,0.105042,0.105042,0.105042,79.859621,1.093140
47,fft,fp64,forward,none,out-of-place,16,65536,16,1,65536,online-reorder,auto,four-mul,recurrence,shared,xor-swizzle,cufftdx-block,0,32,256,256,8,4,16,2,7,1,0,0,named-barrier,1,0.105308,0.105308,0.105308,79.657721,1.095908
48,fft,fp64,forward,none,out-of-place,16,65536,16,1,65536,online-reorder,auto,four-mul,recurrence,shared,linear,cufftdx-block,0,32,128,256,8,4,2,8,9,1,0,0,named-barrier,1,0.105308,0.105308,0.105308,79.657721,1.095908
49,fft,fp64,forward,none,out-of-place,16,65536,16,1,65536,online-reorder,auto,four-mul,recurrence,shared,xor-swizzle,cufftdx-block,0,32,256,256,4,8,4,8,8,1,0,0,named-barrier,1,0.105349,0.105349,0.105349,79.626747,1.096335
50,fft,fp64,forward,none,out-of-place,16,65536,16,1,65536,online-reorder,auto,four-mul,recurrence,shared,linear,cufftdx-block,0,32,256,128,4,4,2,4,9,1,0,0,named-barrier,1,0.105349,0.105349,0.105349,79.626747,1.096335
51,fft,fp64,forward,none,out-of-place,16,65536,16,1,65536,online-reorder,auto,four-mul,recurrence,shared,xor-swizzle,cufftdx-block,0,32,256,256,8,8,4,16,9,1,0,0,named-barrier,1,0.105370,0.105370,0.105370,79.611275,1.096553
52,fft,fp64,forward,none,out-of-place,16,65536,16,1,65536,online-reorder,auto,four-mul,recurrence,shared,xor-swizzle,cufftdx-block,0,32,256,128,4,4,2,4,9,1,0,0,named-barrier,1,0.105411,0.105411,0.105411,79.580343,1.096980
53,fft,fp64,forward,none,out-of-place,16,65536,16,1,65536,online-reorder,auto,four-mul,recurrence,shared,xor-swizzle,cufftdx-block,0,32,128,256,8,4,2,8,9,1,0,0,named-barrier,1,0.105431,0.105431,0.105431,79.564878,1.097188
54,fft,fp64,forward,none,out-of-place,16,65536,16,1,65536,online-reorder,auto,four-mul,recurrence,shared,xor-swizzle,cufftdx-block,0,32,256,256,8,8,8,8,8,1,0,0,named-barrier,1,0.105574,0.105574,0.105574,79.456839,1.098676
55,fft,fp64,forward,none,out-of-place,16,65536,16,1,65536,online-reorder,auto,four-mul,recurrence,shared,linear,cufftdx-block,0,32,128,256,8,8,4,8,8,1,0,0,named-barrier,1,0.105718,0.105718,0.105718,79.349087,1.100175
56,fft,fp64,forward,none,out-of-place,16,65536,16,1,65536,online-reorder,auto,four-mul,recurrence,shared,xor-swizzle,cufftdx-block,0,32,128,256,8,8,2,16,9,1,0,0,named-barrier,1,0.105943,0.105943,0.105943,79.180360,1.102516
57,fft,fp64,forward,none,out-of-place,16,65536,16,1,65536,online-reorder,auto,four-mul,recurrence,shared,xor-swizzle,cufftdx-block,0,32,512,128,4,8,16,2,7,1,0,0,named-barrier,1,0.105984,0.105984,0.105984,79.149757,1.102943
58,fft,fp64,forward,none,out-of-place,16,65536,16,1,65536,online-reorder,auto,four-mul,recurrence,shared,linear,cufftdx-block,0,32,128,256,8,8,2,16,9,1,0,0,named-barrier,1,0.106086,0.106086,0.106086,79.073362,1.104004
59,fft,fp64,forward,none,out-of-place,16,65536,16,1,65536,online-reorder,auto,four-mul,recurrence,shared,xor-swizzle,cufftdx-block,0,32,128,512,8,4,8,4,7,1,0,0,named-barrier,1,0.106148,0.106148,0.106148,79.027590,1.104650
60,fft,fp64,forward,none,out-of-place,16,65536,16,1,65536,online-reorder,auto,four-mul,recurrence,shared,xor-swizzle,cufftdx-block,0,32,512,128,4,8,8,4,8,1,0,0,named-barrier,1,0.106312,0.106312,0.106312,78.905794,1.106356
61,fft,fp64,forward,none,out-of-place,16,65536,16,1,65536,online-reorder,auto,four-mul,recurrence,shared,xor-swizzle,cufftdx-block,0,32,512,128,4,4,8,2,8,1,0,0,named-barrier,1,0.106578,0.106578,0.106578,78.708687,1.109125
62,fft,fp64,forward,none,out-of-place,16,65536,16,1,65536,online-reorder,auto,four-mul,recurrence,shared,xor-swizzle,cufftdx-block,0,32,256,512,4,4,4,8,8,1,0,0,named-barrier,1,0.106639,0.106639,0.106639,78.663341,1.109759
63,fft,fp64,forward,none,out-of-place,16,65536,16,1,65536,online-reorder,auto,four-mul,recurrence,shared,xor-swizzle,cufftdx-block,0,32,128,256,4,8,2,8,8,1,0,0,named-barrier,1,0.107049,0.107049,0.107049,78.362350,1.114026
64,fft,fp64,forward,none,out-of-place,16,65536,16,1,65536,online-reorder,auto,four-mul,recurrence,shared,linear,cufftdx-block,0,32,256,128,8,8,4,8,9,1,0,0,named-barrier,1,0.107069,0.107069,0.107069,78.347355,1.114234
65,fft,fp64,forward,none,out-of-place,16,65536,16,1,65536,online-reorder,auto,four-mul,recurrence,shared,linear,cufftdx-block,0,32,128,512,8,4,4,8,8,1,0,0,named-barrier,1,0.107172,0.107172,0.107172,78.272501,1.115306
66,fft,fp64,forward,none,out-of-place,16,65536,16,1,65536,online-reorder,auto,four-mul,recurrence,shared,linear,cufftdx-block,0,32,128,512,4,4,4,4,7,1,0,0,named-barrier,1,0.107336,0.107336,0.107336,78.153025,1.117013
67,fft,fp64,forward,none,out-of-place,16,65536,16,1,65536,online-reorder,auto,four-mul,recurrence,shared,linear,cufftdx-block,0,32,128,128,8,8,8,2,7,1,0,0,named-barrier,1,0.107377,0.107377,0.107377,78.123210,1.117440
68,fft,fp64,forward,none,out-of-place,16,65536,16,1,65536,online-reorder,auto,four-mul,recurrence,shared,linear,cufftdx-block,0,32,128,256,4,8,2,8,8,1,0,0,named-barrier,1,0.107377,0.107377,0.107377,78.123210,1.117440
69,fft,fp64,forward,none,out-of-place,16,65536,16,1,65536,online-reorder,auto,four-mul,recurrence,shared,xor-swizzle,cufftdx-block,0,32,256,512,8,4,8,8,8,1,0,0,named-barrier,1,0.107643,0.107643,0.107643,77.929984,1.120208
70,fft,fp64,forward,none,out-of-place,16,65536,16,1,65536,online-reorder,auto,four-mul,recurrence,shared,xor-swizzle,cufftdx-block,0,32,512,256,4,8,16,4,7,1,0,0,named-barrier,1,0.107950,0.107950,0.107950,77.708217,1.123403
71,fft,fp64,forward,none,out-of-place,16,65536,16,1,65536,online-reorder,auto,four-mul,recurrence,shared,linear,cufftdx-block,0,32,128,512,8,4,2,16,9,1,0,0,named-barrier,1,0.107971,0.107971,0.107971,77.693471,1.123621
72,fft,fp64,forward,none,out-of-place,16,65536,16,1,65536,online-reorder,auto,four-mul,recurrence,shared,xor-swizzle,cufftdx-block,0,32,256,512,8,4,4,16,9,1,0,0,named-barrier,1,0.108032,0.108032,0.108032,77.649292,1.124256
73,fft,fp64,forward,none,out-of-place,16,65536,16,1,65536,online-reorder,auto,four-mul,recurrence,shared,xor-swizzle,cufftdx-block,0,32,256,512,4,4,8,4,7,1,0,0,named-barrier,1,0.108175,0.108175,0.108175,77.546379,1.125744
74,fft,fp64,forward,none,out-of-place,16,65536,16,1,65536,online-reorder,auto,four-mul,recurrence,shared,xor-swizzle,cufftdx-block,0,32,256,128,4,8,2,8,9,1,0,0,named-barrier,1,0.108257,0.108257,0.108257,77.487699,1.126597
75,fft,fp64,forward,none,out-of-place,16,65536,16,1,65536,online-reorder,auto,four-mul,recurrence,shared,linear,cufftdx-block,0,32,256,128,4,8,2,8,9,1,0,0,named-barrier,1,0.108278,0.108278,0.108278,77.473047,1.126816
76,fft,fp64,forward,none,out-of-place,16,65536,16,1,65536,online-reorder,auto,four-mul,recurrence,shared,xor-swizzle,cufftdx-block,0,32,128,512,8,4,2,16,9,1,0,0,named-barrier,1,0.108298,0.108298,0.108298,77.458395,1.127024
77,fft,fp64,forward,none,out-of-place,16,65536,16,1,65536,online-reorder,auto,four-mul,recurrence,shared,linear,cufftdx-block,0,32,256,256,4,8,4,8,8,1,0,0,named-barrier,1,0.108544,0.108544,0.108544,77.283019,1.129584
78,fft,fp64,forward,none,out-of-place,16,65536,16,1,65536,online-reorder,auto,four-mul,recurrence,shared,linear,cufftdx-block,0,32,128,512,4,4,2,8,8,1,0,0,named-barrier,1,0.108564,0.108564,0.108564,77.268439,1.129792
79,fft,fp64,forward,none,out-of-place,16,65536,16,1,65536,online-reorder,auto,four-mul,recurrence,shared,xor-swizzle,cufftdx-block,0,32,128,512,4,4,2,8,8,1,0,0,named-barrier,1,0.108646,0.108646,0.108646,77.210179,1.130646
80,fft,fp64,forward,none,out-of-place,16,65536,16,1,65536,online-reorder,auto,four-mul,recurrence,shared,xor-swizzle,cufftdx-block,0,32,512,256,4,4,8,4,8,1,0,0,named-barrier,1,0.108708,0.108708,0.108708,77.166543,1.131291
81,fft,fp64,forward,none,out-of-place,16,65536,16,1,65536,online-reorder,auto,four-mul,recurrence,shared,linear,cufftdx-block,0,32,256,256,8,4,4,8,9,1,0,0,named-barrier,1,0.108872,0.108872,0.108872,77.050417,1.132998
82,fft,fp64,forward,none,out-of-place,16,65536,16,1,65536,online-reorder,auto,four-mul,recurrence,shared,linear,cufftdx-block,0,32,256,128,4,8,8,2,7,1,0,0,named-barrier,1,0.108995,0.108995,0.108995,76.963549,1.134278
83,fft,fp64,forward,none,out-of-place,16,65536,16,1,65536,online-reorder,auto,four-mul,recurrence,shared,linear,cufftdx-block,0,32,128,256,8,8,8,4,7,1,0,0,named-barrier,1,0.109261,0.109261,0.109261,76.776009,1.137046
84,fft,fp64,forward,none,out-of-place,16,65536,16,1,65536,online-reorder,auto,four-mul,recurrence,shared,xor-swizzle,cufftdx-block,0,32,512,256,4,4,16,2,7,1,0,0,named-barrier,1,0.109527,0.109527,0.109527,76.589376,1.139814
85,fft,fp64,forward,none,out-of-place,16,65536,16,1,65536,online-reorder,auto,four-mul,recurrence,shared,linear,cufftdx-block,0,32,256,512,4,4,4,8,8,1,0,0,named-barrier,1,0.109650,0.109650,0.109650,76.503549,1.141094
86,fft,fp64,forward,none,out-of-place,16,65536,16,1,65536,online-reorder,auto,four-mul,recurrence,shared,linear,cufftdx-block,0,32,256,256,4,4,2,8,9,1,0,0,named-barrier,1,0.109834,0.109834,0.109834,76.375164,1.143009
87,fft,fp64,forward,none,out-of-place,16,65536,16,1,65536,online-reorder,auto,four-mul,recurrence,shared,linear,cufftdx-block,0,32,256,256,8,8,4,16,9,1,0,0,named-barrier,1,0.109855,0.109855,0.109855,76.360924,1.143227
88,fft,fp64,forward,none,out-of-place,16,65536,16,1,65536,online-reorder,auto,four-mul,recurrence,shared,xor-swizzle,cufftdx-block,0,32,256,256,4,4,2,8,9,1,0,0,named-barrier,1,0.109916,0.109916,0.109916,76.318237,1.143862
89,fft,fp64,forward,none,out-of-place,16,65536,16,1,65536,online-reorder,auto,four-mul,recurrence,shared,xor-swizzle,cufftdx-block,0,32,256,512,8,4,16,4,7,1,0,0,named-barrier,1,0.110019,0.110019,0.110019,76.247209,1.144934
90,fft,fp64,forward,none,out-of-place,16,65536,16,1,65536,online-reorder,auto,four-mul,recurrence,shared,linear,cufftdx-block,0,32,128,256,8,4,8,2,7,1,0,0,named-barrier,1,0.110817,0.110817,0.110817,75.697651,1.153239
91,fft,fp64,forward,none,out-of-place,16,65536,16,1,65536,online-reorder,auto,four-mul,recurrence,shared,xor-swizzle,cufftdx-block,0,32,256,256,4,8,2,16,9,1,0,0,named-barrier,1,0.111022,0.111022,0.111022,75.558012,1.155372
92,fft,fp64,forward,none,out-of-place,16,65536,16,1,65536,online-reorder,auto,four-mul,recurrence,shared,linear,cufftdx-block,0,32,256,256,4,8,2,16,9,1,0,0,named-barrier,1,0.111268,0.111268,0.111268,75.391127,1.157932
93,fft,fp64,forward,none,out-of-place,16,65536,16,1,65536,online-reorder,auto,four-mul,recurrence,shared,linear,cufftdx-block,0,32,256,256,4,8,8,4,7,1,0,0,named-barrier,1,0.111309,0.111309,0.111309,75.363382,1.158359
94,fft,fp64,forward,none,out-of-place,16,65536,16,1,65536,online-reorder,auto,four-mul,recurrence,shared,linear,cufftdx-block,0,32,256,128,8,8,16,2,7,1,0,0,named-barrier,1,0.111473,0.111473,0.111473,75.252620,1.160065
95,fft,fp64,forward,none,out-of-place,16,65536,16,1,65536,online-reorder,auto,four-mul,recurrence,shared,linear,cufftdx-block,0,32,256,512,8,4,4,16,9,1,0,0,named-barrier,1,0.112026,0.112026,0.112026,74.881168,1.165820
96,fft,fp64,forward,none,out-of-place,16,65536,16,1,65536,online-reorder,auto,four-mul,recurrence,shared,linear,cufftdx-block,0,32,256,128,8,8,8,4,8,1,0,0,named-barrier,1,0.112148,0.112148,0.112148,74.799124,1.167090
97,fft,fp64,forward,none,out-of-place,16,65536,16,1,65536,online-reorder,auto,four-mul,recurrence,shared,linear,cufftdx-block,0,32,256,128,8,4,8,2,8,1,0,0,named-barrier,1,0.112251,0.112251,0.112251,74.730889,1.168162
98,fft,fp64,forward,none,out-of-place,16,65536,16,1,65536,online-reorder,auto,four-mul,recurrence,shared,linear,cufftdx-block,0,32,256,512,4,4,2,16,9,1,0,0,named-barrier,1,0.112312,0.112312,0.112312,74.690009,1.168797
99,fft,fp64,forward,none,out-of-place,16,65536,16,1,65536,online-reorder,auto,four-mul,recurrence,shared,linear,cufftdx-block,0,32,256,256,4,4,8,2,7,1,0,0,named-barrier,1,0.112435,0.112435,0.112435,74.608379,1.170077
100,fft,fp64,forward,none,out-of-place,16,65536,16,1,65536,online-reorder,auto,four-mul,recurrence,shared,xor-swizzle,cufftdx-block,0,32,256,512,4,4,2,16,9,1,0,0,named-barrier,1,0.112579,0.112579,0.112579,74.513369,1.171575
101,fft,fp64,forward,none,out-of-place,16,65536,16,1,65536,online-reorder,auto,four-mul,recurrence,shared,xor-swizzle,cufftdx-block,0,32,512,256,4,8,8,8,8,1,0,0,named-barrier,1,0.112640,0.112640,0.112640,74.472727,1.172210
102,fft,fp64,forward,none,out-of-place,16,65536,16,1,65536,online-reorder,auto,four-mul,recurrence,shared,xor-swizzle,cufftdx-block,0,32,128,128,4,4,4,1,7,1,0,0,named-barrier,1,0.112701,0.112701,0.112701,74.432124,1.172845
103,fft,fp64,forward,none,out-of-place,16,65536,16,1,65536,online-reorder,auto,four-mul,recurrence,shared,xor-swizzle,cufftdx-block,0,32,512,512,4,4,8,8,8,1,0,0,named-barrier,1,0.113213,0.113213,0.113213,74.095512,1.178173
104,fft,fp64,forward,none,out-of-place,16,65536,16,1,65536,online-reorder,auto,four-mul,recurrence,shared,xor-swizzle,cufftdx-block,0,32,512,512,4,4,16,4,7,1,0,0,named-barrier,1,0.113582,0.113582,0.113582,73.855034,1.182013
105,fft,fp64,forward,none,out-of-place,16,65536,16,1,65536,online-reorder,auto,four-mul,recurrence,shared,linear,cufftdx-block,0,32,256,256,8,8,16,4,7,1,0,0,named-barrier,1,0.113603,0.113603,0.113603,73.841714,1.182232
106,fft,fp64,forward,none,out-of-place,16,65536,16,1,65536,online-reorder,auto,four-mul,recurrence,shared,linear,cufftdx-block,0,32,256,256,8,4,8,4,8,1,0,0,named-barrier,1,0.114217,0.114217,0.114217,73.444508,1.188621
107,fft,fp64,forward,none,out-of-place,16,65536,16,1,65536,online-reorder,auto,four-mul,recurrence,shared,xor-swizzle,cufftdx-block,0,32,512,128,4,4,4,4,9,1,0,0,named-barrier,1,0.114401,0.114401,0.114401,73.326172,1.190536
108,fft,fp64,forward,none,out-of-place,16,65536,16,1,65536,online-reorder,auto,four-mul,recurrence,shared,xor-swizzle,cufftdx-block,0,32,128,128,8,4,8,1,7,1,0,0,named-barrier,1,0.114483,0.114483,0.114483,73.273698,1.191390
109,fft,fp64,forward,none,out-of-place,16,65536,16,1,65536,online-reorder,auto,four-mul,recurrence,shared,linear,cufftdx-block,0,32,128,512,8,4,8,4,7,1,0,0,named-barrier,1,0.115139,0.115139,0.115139,72.856634,1.198216
110,fft,fp64,forward,none,out-of-place,16,65536,16,1,65536,online-reorder,auto,four-mul,recurrence,shared,linear,cufftdx-block,0,32,256,256,8,4,16,2,7,1,0,0,named-barrier,1,0.115610,0.115610,0.115610,72.559787,1.203118
111,fft,fp64,forward,none,out-of-place,16,65536,16,1,65536,online-reorder,auto,four-mul,recurrence,shared,linear,cufftdx-block,0,32,128,128,4,4,4,1,7,1,0,0,named-barrier,1,0.116019,0.116019,0.116019,72.303616,1.207374
112,fft,fp64,forward,none,out-of-place,16,65536,16,1,65536,online-reorder,auto,four-mul,recurrence,shared,xor-swizzle,cufftdx-block,0,32,512,128,4,8,4,8,9,1,0,0,named-barrier,1,0.116265,0.116265,0.116265,72.150783,1.209934
113,fft,fp64,forward,none,out-of-place,16,65536,16,1,65536,online-reorder,auto,four-mul,recurrence,shared,xor-swizzle,cufftdx-block,0,32,256,128,4,4,8,1,7,1,0,0,named-barrier,1,0.116818,0.116818,0.116818,71.809256,1.215689
114,fft,fp64,forward,none,out-of-place,16,65536,16,1,65536,online-reorder,auto,four-mul,recurrence,shared,linear,cufftdx-block,0,32,256,512,4,4,8,4,7,1,0,0,named-barrier,1,0.117023,0.117023,0.117023,71.683582,1.217823
115,fft,fp64,forward,none,out-of-place,16,65536,16,1,65536,online-reorder,auto,four-mul,recurrence,shared,linear,cufftdx-block,0,32,256,256,8,8,8,8,8,1,0,0,named-barrier,1,0.117207,0.117207,0.117207,71.570853,1.219737
116,fft,fp64,forward,none,out-of-place,16,65536,16,1,65536,online-reorder,auto,four-mul,recurrence,shared,linear,cufftdx-block,0,32,256,512,8,4,8,8,8,1,0,0,named-barrier,1,0.117924,0.117924,0.117924,71.135811,1.227199
117,fft,fp64,forward,none,out-of-place,16,65536,16,1,65536,online-reorder,auto,four-mul,recurrence,shared,xor-swizzle,cufftdx-block,0,32,512,256,4,4,4,8,9,1,0,0,named-barrier,1,0.117985,0.117985,0.117985,71.098769,1.227834
118,fft,fp64,forward,none,out-of-place,16,65536,16,1,65536,online-reorder,auto,four-mul,recurrence,shared,linear,cufftdx-block,0,32,512,128,4,4,8,2,8,1,0,0,named-barrier,1,0.118231,0.118231,0.118231,70.950981,1.230394
119,fft,fp64,forward,none,out-of-place,16,65536,16,1,65536,online-reorder,auto,four-mul,recurrence,shared,linear,cufftdx-block,0,32,512,128,4,8,8,4,8,1,0,0,named-barrier,1,0.118682,0.118682,0.118682,70.681621,1.235087
120,fft,fp64,forward,none,out-of-place,16,65536,16,1,65536,online-reorder,auto,four-mul,recurrence,shared,xor-swizzle,cufftdx-block,0,32,256,128,8,4,16,1,7,1,0,0,named-barrier,1,0.118723,0.118723,0.118723,70.657233,1.235514
121,fft,fp64,forward,none,out-of-place,16,65536,16,1,65536,online-reorder,auto,four-mul,recurrence,shared,linear,cufftdx-block,0,32,512,128,4,8,16,2,7,1,0,0,named-barrier,1,0.118907,0.118907,0.118907,70.547710,1.237429
122,fft,fp64,forward,none,out-of-place,16,65536,16,1,65536,online-reorder,auto,four-mul,recurrence,shared,xor-swizzle,cufftdx-block,0,32,128,512,8,8,4,16,8,1,0,0,named-barrier,1,0.118948,0.118948,0.118948,70.523415,1.237855
123,fft,fp64,forward,none,out-of-place,16,65536,16,1,65536,online-reorder,auto,four-mul,recurrence,shared,xor-swizzle,cufftdx-block,0,32,512,256,4,8,4,16,9,1,0,0,named-barrier,1,0.119030,0.119030,0.119030,70.474879,1.238709
124,fft,fp64,forward,none,out-of-place,16,65536,16,1,65536,online-reorder,auto,four-mul,recurrence,shared,xor-swizzle,cufftdx-block,0,32,128,512,4,8,4,8,7,1,0,0,named-barrier,1,0.119480,0.119480,0.119480,70.209115,1.243392
125,fft,fp64,forward,none,out-of-place,16,65536,16,1,65536,online-reorder,auto,four-mul,recurrence,shared,linear,cufftdx-block,0,32,256,512,8,4,16,4,7,1,0,0,named-barrier,1,0.119501,0.119501,0.119501,70.197086,1.243610
126,fft,fp64,forward,none,out-of-place,16,65536,16,1,65536,online-reorder,auto,four-mul,recurrence,shared,linear,cufftdx-block,0,32,512,128,4,4,4,4,9,1,0,0,named-barrier,1,0.120340,0.120340,0.120340,69.707283,1.252342
127,fft,fp64,forward,none,out-of-place,16,65536,16,1,65536,online-reorder,auto,four-mul,recurrence,shared,linear,cufftdx-block,0,32,512,256,4,8,16,4,7,1,0,0,named-barrier,1,0.120975,0.120975,0.120975,69.341459,1.258950
128,fft,fp64,forward,none,out-of-place,16,65536,16,1,65536,online-reorder,auto,four-mul,recurrence,shared,linear,cufftdx-block,0,32,512,256,4,4,8,4,8,1,0,0,named-barrier,1,0.121016,0.121016,0.121016,69.317987,1.259376
129,fft,fp64,forward,none,out-of-place,16,65536,16,1,65536,online-reorder,auto,four-mul,recurrence,shared,xor-swizzle,cufftdx-block,0,32,512,512,4,4,4,16,9,1,0,0,named-barrier,1,0.121405,0.121405,0.121405,69.095818,1.263425
130,fft,fp64,forward,none,out-of-place,16,65536,16,1,65536,online-reorder,auto,four-mul,recurrence,shared,xor-swizzle,cufftdx-block,0,32,128,512,8,8,8,8,7,1,0,0,named-barrier,1,0.121672,0.121672,0.121672,68.944624,1.266203
131,fft,fp64,forward,none,out-of-place,16,65536,16,1,65536,online-reorder,auto,four-mul,recurrence,shared,xor-swizzle,cufftdx-block,0,32,256,512,4,8,4,16,8,1,0,0,named-barrier,1,0.122388,0.122388,0.122388,68.540833,1.273654
132,fft,fp64,forward,none,out-of-place,16,65536,16,1,65536,online-reorder,auto,four-mul,recurrence,shared,xor-swizzle,cufftdx-block,0,32,512,128,4,4,16,1,7,1,0,0,named-barrier,1,0.122593,0.122593,0.122593,68.426330,1.275788
133,fft,fp64,forward,none,out-of-place,16,65536,16,1,65536,online-reorder,auto,four-mul,recurrence,shared,linear,cufftdx-block,0,32,512,128,4,8,4,8,9,1,0,0,named-barrier,1,0.122614,0.122614,0.122614,68.414896,1.276006
134,fft,fp64,forward,none,out-of-place,16,65536,16,1,65536,online-reorder,auto,four-mul,recurrence,shared,linear,cufftdx-block,0,32,512,256,4,4,16,2,7,1,0,0,named-barrier,1,0.122634,0.122634,0.122634,68.403474,1.276214
135,fft,fp64,forward,none,out-of-place,16,65536,16,1,65536,online-reorder,auto,four-mul,recurrence,shared,linear,cufftdx-block,0,32,128,512,8,8,4,16,8,1,0,0,named-barrier,1,0.122634,0.122634,0.122634,68.403474,1.276214
136,fft,fp64,forward,none,out-of-place,16,65536,16,1,65536,online-reorder,auto,four-mul,recurrence,shared,linear,cufftdx-block,0,32,128,512,4,8,4,8,7,1,0,0,named-barrier,1,0.122962,0.122962,0.122962,68.221184,1.279628
137,fft,fp64,forward,none,out-of-place,16,65536,16,1,65536,online-reorder,auto,four-mul,recurrence,shared,xor-swizzle,cufftdx-block,0,32,256,512,8,8,8,16,8,1,0,0,named-barrier,1,0.123105,0.123105,0.123105,68.141740,1.281116
138,fft,fp64,forward,none,out-of-place,16,65536,16,1,65536,online-reorder,auto,four-mul,recurrence,shared,xor-swizzle,cufftdx-block,0,32,256,512,8,8,4,32,9,1,0,0,named-barrier,1,0.123453,0.123453,0.123453,67.949570,1.284738
139,fft,fp64,forward,none,out-of-place,16,65536,16,1,65536,online-reorder,auto,four-mul,recurrence,shared,linear,cufftdx-block,0,32,128,128,8,4,8,1,7,1,0,0,named-barrier,1,0.123638,0.123638,0.123638,67.848266,1.286663
140,fft,fp64,forward,none,out-of-place,16,65536,16,1,65536,online-reorder,auto,four-mul,recurrence,shared,xor-swizzle,cufftdx-block,0,32,512,128,8,8,16,4,8,1,0,0,named-barrier,1,0.123658,0.123658,0.123658,67.837032,1.286871
141,fft,fp64,forward,none,out-of-place,16,65536,16,1,65536,online-reorder,auto,four-mul,recurrence,shared,xor-swizzle,cufftdx-block,0,32,256,512,4,8,8,8,7,1,0,0,named-barrier,1,0.123679,0.123679,0.123679,67.825798,1.287089
142,fft,fp64,forward,none,out-of-place,16,65536,16,1,65536,online-reorder,auto,four-mul,recurrence,shared,xor-swizzle,cufftdx-block,0,32,512,128,8,4,16,2,8,1,0,0,named-barrier,1,0.123679,0.123679,0.123679,67.825798,1.287089
143,fft,fp64,forward,none,out-of-place,16,65536,16,1,65536,online-reorder,auto,four-mul,recurrence,shared,xor-swizzle,cufftdx-block,0,32,128,512,8,8,2,32,9,1,0,0,named-barrier,1,0.123822,0.123822,0.123822,67.747272,1.288578
144,fft,fp64,forward,none,out-of-place,16,65536,16,1,65536,online-reorder,auto,four-mul,recurrence,shared,xor-swizzle,cufftdx-block,0,32,128,512,4,8,2,16,8,1,0,0,named-barrier,1,0.123986,0.123986,0.123986,67.657749,1.290284
145,fft,fp64,forward,none,out-of-place,16,65536,16,1,65536,online-reorder,auto,four-mul,recurrence,shared,linear,cufftdx-block,0,32,128,512,8,8,2,32,9,1,0,0,named-barrier,1,0.123986,0.123986,0.123986,67.657749,1.290284
146,fft,fp64,forward,none,out-of-place,16,65536,16,1,65536,online-reorder,auto,four-mul,recurrence,shared,linear,cufftdx-block,0,32,128,512,4,8,2,16,8,1,0,0,named-barrier,1,0.124129,0.124129,0.124129,67.579611,1.291772
147,fft,fp64,forward,none,out-of-place,16,65536,16,1,65536,online-reorder,auto,four-mul,recurrence,shared,xor-swizzle,cufftdx-block,0,32,256,512,8,8,16,8,7,1,0,0,named-barrier,1,0.125071,0.125071,0.125071,67.070574,1.301576
148,fft,fp64,forward,none,out-of-place,16,65536,16,1,65536,online-reorder,auto,four-mul,recurrence,shared,linear,cufftdx-block,0,32,256,512,4,8,4,16,8,1,0,0,named-barrier,1,0.125071,0.125071,0.125071,67.070574,1.301576
149,fft,fp64,forward,none,out-of-place,16,65536,16,1,65536,online-reorder,auto,four-mul,recurrence,shared,xor-swizzle,cufftdx-block,0,32,512,128,8,8,32,2,7,1,0,0,named-barrier,1,0.125133,0.125133,0.125133,67.037644,1.302221
150,fft,fp64,forward,none,out-of-place,16,65536,16,1,65536,online-reorder,auto,four-mul,recurrence,shared,linear,cufftdx-block,0,32,512,256,4,8,8,8,8,1,0,0,named-barrier,1,0.125194,0.125194,0.125194,67.004738,1.302856
151,fft,fp64,forward,none,out-of-place,16,65536,16,1,65536,online-reorder,auto,four-mul,recurrence,shared,xor-swizzle,cufftdx-block,0,32,512,128,8,4,8,4,9,1,0,0,named-barrier,1,0.125194,0.125194,0.125194,67.004738,1.302856
152,fft,fp64,forward,none,out-of-place,16,65536,16,1,65536,online-reorder,auto,four-mul,recurrence,shared,linear,cufftdx-block,0,32,512,256,4,8,4,16,9,1,0,0,named-barrier,1,0.125235,0.125235,0.125235,66.982829,1.303282
153,fft,fp64,forward,none,out-of-place,16,65536,16,1,65536,online-reorder,auto,four-mul,recurrence,shared,linear,cufftdx-block,0,32,256,128,4,4,8,1,7,1,0,0,named-barrier,1,0.125276,0.125276,0.125276,66.960935,1.303709
154,fft,fp64,forward,none,out-of-place,16,65536,16,1,65536,online-reorder,auto,four-mul,recurrence,shared,linear,cufftdx-block,0,32,512,256,4,4,4,8,9,1,0,0,named-barrier,1,0.125399,0.125399,0.125399,66.895314,1.304989
155,fft,fp64,forward,none,out-of-place,16,65536,16,1,65536,online-reorder,auto,four-mul,recurrence,shared,linear,cufftdx-block,0,32,512,512,4,4,8,8,8,1,0,0,named-barrier,1,0.125727,0.125727,0.125727,66.720967,1.308402
156,fft,fp64,forward,none,out-of-place,16,65536,16,1,65536,online-reorder,auto,four-mul,recurrence,shared,xor-swizzle,cufftdx-block,0,32,512,256,8,4,16,4,8,1,0,0,named-barrier,1,0.125809,0.125809,0.125809,66.677518,1.309256
157,fft,fp64,forward,none,out-of-place,16,65536,16,1,65536,online-reorder,auto,four-mul,recurrence,shared,linear,cufftdx-block,0,32,512,512,4,4,4,16,9,1,0,0,named-barrier,1,0.125952,0.125952,0.125952,66.601631,1.310744
158,fft,fp64,forward,none,out-of-place,16,65536,16,1,65536,online-reorder,auto,four-mul,recurrence,shared,linear,cufftdx-block,0,32,512,512,4,4,16,4,7,1,0,0,named-barrier,1,0.126136,0.126136,0.126136,66.504304,1.312659
159,fft,fp64,forward,none,out-of-place,16,65536,16,1,65536,online-reorder,auto,four-mul,recurrence,shared,linear,cufftdx-block,0,32,256,512,8,8,4,32,9,1,0,0,named-barrier,1,0.126853,0.126853,0.126853,66.128510,1.320120
160,fft,fp64,forward,none,out-of-place,16,65536,16,1,65536,online-reorder,auto,four-mul,recurrence,shared,xor-swizzle,cufftdx-block,0,32,512,256,8,8,32,4,7,1,0,0,named-barrier,1,0.126976,0.126976,0.126976,66.064517,1.321400
161,fft,fp64,forward,none,out-of-place,16,65536,16,1,65536,online-reorder,auto,four-mul,recurrence,shared,xor-swizzle,cufftdx-block,0,32,512,128,8,8,8,8,9,1,0,0,named-barrier,1,0.127713,0.127713,0.127713,65.683131,1.329070
162,fft,fp64,forward,none,out-of-place,16,65536,16,1,65536,online-reorder,auto,four-mul,recurrence,shared,linear,cufftdx-block,0,32,256,128,8,4,16,1,7,1,0,0,named-barrier,1,0.128164,0.128164,0.128164,65.452219,1.333763
163,fft,fp64,forward,none,out-of-place,16,65536,16,1,65536,online-reorder,auto,four-mul,recurrence,shared,xor-swizzle,cufftdx-block,0,32,256,512,4,8,2,32,9,1,0,0,named-barrier,1,0.128164,0.128164,0.128164,65.452219,1.333763
164,fft,fp64,forward,none,out-of-place,16,65536,16,1,65536,online-reorder,auto,four-mul,recurrence,shared,linear,cufftdx-block,0,32,256,512,4,8,2,32,9,1,0,0,named-barrier,1,0.128184,0.128184,0.128184,65.441765,1.333972
165,fft,fp64,forward,none,out-of-place,16,65536,16,1,65536,online-reorder,auto,four-mul,recurrence,shared,xor-swizzle,cufftdx-block,0,32,512,256,8,4,32,2,7,1,0,0,named-barrier,1,0.128348,0.128348,0.128348,65.358227,1.335678
166,fft,fp64,forward,none,out-of-place,16,65536,16,1,65536,online-reorder,auto,four-mul,recurrence,shared,xor-swizzle,cufftdx-block,0,32,512,512,4,8,16,8,7,1,0,0,named-barrier,1,0.129065,0.129065,0.129065,64.995238,1.343140
167,fft,fp64,forward,none,out-of-place,16,65536,16,1,65536,online-reorder,auto,four-mul,recurrence,shared,xor-swizzle,cufftdx-block,0,32,512,256,8,8,16,8,8,1,0,0,named-barrier,1,0.129475,0.129475,0.129475,64.789621,1.347407
168,fft,fp64,forward,none,out-of-place,16,65536,16,1,65536,online-reorder,auto,four-mul,recurrence,shared,xor-swizzle,cufftdx-block,0,32,512,256,8,4,8,8,9,1,0,0,named-barrier,1,0.129536,0.129536,0.129536,64.758892,1.348041
169,fft,fp64,forward,none,out-of-place,16,65536,16,1,65536,online-reorder,auto,four-mul,recurrence,shared,xor-swizzle,cufftdx-block,0,32,512,512,4,8,8,16,8,1,0,0,named-barrier,1,0.129638,0.129638,0.129638,64.707747,1.349103
170,fft,fp64,forward,none,out-of-place,16,65536,16,1,65536,online-reorder,auto,four-mul,recurrence,shared,xor-swizzle,cufftdx-block,0,32,512,512,8,4,16,8,8,1,0,0,named-barrier,1,0.130171,0.130171,0.130171,64.443045,1.354650
171,fft,fp64,forward,none,out-of-place,16,65536,16,1,65536,online-reorder,auto,four-mul,recurrence,shared,xor-swizzle,cufftdx-block,0,32,512,256,8,8,8,16,9,1,0,0,named-barrier,1,0.130499,0.130499,0.130499,64.281231,1.358063
172,fft,fp64,forward,none,out-of-place,16,65536,16,1,65536,online-reorder,auto,four-mul,recurrence,shared,linear,cufftdx-block,0,32,128,512,8,8,8,8,7,1,0,0,named-barrier,1,0.130703,0.130703,0.130703,64.180508,1.360186
173,fft,fp64,forward,none,out-of-place,16,65536,16,1,65536,online-reorder,auto,four-mul,recurrence,shared,xor-swizzle,cufftdx-block,0,32,512,512,8,4,8,16,9,1,0,0,named-barrier,1,0.132424,0.132424,0.132424,63.346735,1.378096
174,fft,fp64,forward,none,out-of-place,16,65536,16,1,65536,online-reorder,auto,four-mul,recurrence,shared,linear,cufftdx-block,0,32,256,512,4,8,8,8,7,1,0,0,named-barrier,1,0.132444,0.132444,0.132444,63.336942,1.378304
175,fft,fp64,forward,none,out-of-place,16,65536,16,1,65536,online-reorder,auto,four-mul,recurrence,shared,xor-swizzle,cufftdx-block,0,32,512,512,8,4,32,4,7,1,0,0,named-barrier,1,0.132669,0.132669,0.132669,63.229395,1.380646
176,fft,fp64,forward,none,out-of-place,16,65536,16,1,65536,online-reorder,auto,four-mul,recurrence,shared,linear,cufftdx-block,0,32,128,128,4,4,1,4,9,1,0,0,named-barrier,1,0.132751,0.132751,0.132751,63.190373,1.381499
177,fft,fp64,forward,none,out-of-place,16,65536,16,1,65536,online-reorder,auto,four-mul,recurrence,shared,xor-swizzle,cufftdx-block,0,32,128,128,4,4,1,4,9,1,0,0,named-barrier,1,0.132751,0.132751,0.132751,63.190373,1.381499
178,fft,fp64,forward,none,out-of-place,16,65536,16,1,65536,online-reorder,auto,four-mul,recurrence,shared,linear,cufftdx-block,0,32,256,512,8,8,8,16,8,1,0,0,named-barrier,1,0.134042,0.134042,0.134042,62.582127,1.394934
179,fft,fp64,forward,none,out-of-place,16,65536,16,1,65536,online-reorder,auto,four-mul,recurrence,shared,linear,cufftdx-block,0,32,512,128,4,4,16,1,7,1,0,0,named-barrier,1,0.134574,0.134574,0.134574,62.334498,1.400470
180,fft,fp64,forward,none,out-of-place,16,65536,16,1,65536,online-reorder,auto,four-mul,recurrence,shared,xor-swizzle,cufftdx-block,0,32,128,128,4,8,1,8,9,1,0,0,named-barrier,1,0.135291,0.135291,0.135291,62.004240,1.407932
181,fft,fp64,forward,none,out-of-place,16,65536,16,1,65536,online-reorder,auto,four-mul,recurrence,shared,linear,cufftdx-block,0,32,128,128,4,8,1,8,9,1,0,0,named-barrier,1,0.135332,0.135332,0.135332,61.985472,1.408359
182,fft,fp64,forward,none,out-of-place,16,65536,16,1,65536,online-reorder,auto,four-mul,recurrence,shared,linear,cufftdx-block,0,32,256,512,8,8,16,8,7,1,0,0,named-barrier,1,0.135475,0.135475,0.135475,61.919878,1.409847
183,fft,fp64,forward,none,out-of-place,16,65536,16,1,65536,online-reorder,auto,four-mul,recurrence,shared,xor-swizzle,cufftdx-block,0,32,512,512,4,8,4,32,9,1,0,0,named-barrier,1,0.135680,0.135680,0.135680,61.826413,1.411980
184,fft,fp64,forward,none,out-of-place,16,65536,16,1,65536,online-reorder,auto,four-mul,recurrence,shared,linear,cufftdx-block,0,32,128,256,4,4,1,8,9,1,0,0,named-barrier,1,0.136847,0.136847,0.136847,61.299011,1.424125
185,fft,fp64,forward,none,out-of-place,16,65536,16,1,65536,online-reorder,auto,four-mul,recurrence,shared,xor-swizzle,cufftdx-block,0,32,128,256,4,4,1,8,9,1,0,0,named-barrier,1,0.136847,0.136847,0.136847,61.299011,1.424125
186,fft,fp64,forward,none,out-of-place,16,65536,16,1,65536,online-reorder,auto,four-mul,recurrence,shared,xor-swizzle,cufftdx-block,0,32,128,256,4,8,1,16,9,1,0,0,named-barrier,1,0.137912,0.137912,0.137912,60.825662,1.435208
187,fft,fp64,forward,none,out-of-place,16,65536,16,1,65536,online-reorder,auto,four-mul,recurrence,shared,linear,cufftdx-block,0,32,128,256,4,8,1,16,9,1,0,0,named-barrier,1,0.137953,0.137953,0.137953,60.807600,1.435635
188,fft,fp64,forward,none,out-of-place,16,65536,16,1,65536,online-reorder,auto,four-mul,recurrence,shared,linear,cufftdx-block,0,32,512,128,8,4,16,2,8,1,0,0,named-barrier,1,0.138220,0.138220,0.138220,60.690472,1.438413
189,fft,fp64,forward,none,out-of-place,16,65536,16,1,65536,online-reorder,auto,four-mul,recurrence,shared,linear,cufftdx-block,0,32,512,128,8,8,16,4,8,1,0,0,named-barrier,1,0.138220,0.138220,0.138220,60.690472,1.438413
190,fft,fp64,forward,none,out-of-place,16,65536,16,1,65536,online-reorder,auto,four-mul,recurrence,shared,linear,cufftdx-block,0,32,512,128,8,8,32,2,7,1,0,0,named-barrier,1,0.138650,0.138650,0.138650,60.502217,1.442888
191,fft,fp64,forward,none,out-of-place,16,65536,16,1,65536,online-reorder,auto,four-mul,recurrence,shared,linear,cufftdx-block,0,32,512,128,8,4,8,4,9,1,0,0,named-barrier,1,0.139530,0.139530,0.139530,60.120357,1.452046
192,fft,fp64,forward,none,out-of-place,16,65536,16,1,65536,online-reorder,auto,four-mul,recurrence,shared,xor-swizzle,cufftdx-block,0,32,128,512,4,4,1,16,9,1,0,0,named-barrier,1,0.139960,0.139960,0.139960,59.935617,1.456521
193,fft,fp64,forward,none,out-of-place,16,65536,16,1,65536,online-reorder,auto,four-mul,recurrence,shared,linear,cufftdx-block,0,32,128,512,4,4,1,16,9,1,0,0,named-barrier,1,0.140104,0.140104,0.140104,59.874286,1.458019
194,fft,fp64,forward,none,out-of-place,16,65536,16,1,65536,online-reorder,auto,four-mul,recurrence,shared,linear,cufftdx-block,0,32,512,256,8,4,16,4,8,1,0,0,named-barrier,1,0.140616,0.140616,0.140616,59.656274,1.463348
195,fft,fp64,forward,none,out-of-place,16,65536,16,1,65536,online-reorder,auto,four-mul,recurrence,shared,linear,cufftdx-block,0,32,512,256,8,8,32,4,7,1,0,0,named-barrier,1,0.140636,0.140636,0.140636,59.647590,1.463556
196,fft,fp64,forward,none,out-of-place,16,65536,16,1,65536,online-reorder,auto,four-mul,recurrence,shared,linear,cufftdx-block,0,32,512,512,4,8,8,16,8,1,0,0,named-barrier,1,0.141271,0.141271,0.141271,59.379530,1.470164
197,fft,fp64,forward,none,out-of-place,16,65536,16,1,65536,online-reorder,auto,four-mul,recurrence,shared,xor-swizzle,cufftdx-block,0,32,512,128,8,4,32,1,7,1,0,0,named-barrier,1,0.141292,0.141292,0.141292,59.370920,1.470383
198,fft,fp64,forward,none,out-of-place,16,65536,16,1,65536,online-reorder,auto,four-mul,recurrence,shared,linear,cufftdx-block,0,32,512,128,8,8,8,8,9,1,0,0,named-barrier,1,0.141496,0.141496,0.141496,59.284986,1.472506
199,fft,fp64,forward,none,out-of-place,16,65536,16,1,65536,online-reorder,auto,four-mul,recurrence,shared,linear,cufftdx-block,0,32,512,256,8,4,32,2,7,1,0,0,named-barrier,1,0.142029,0.142029,0.142029,59.062728,1.478052
200,fft,fp64,forward,none,out-of-place,16,65536,16,1,65536,online-reorder,auto,four-mul,recurrence,shared,linear,cufftdx-block,0,32,512,512,4,8,4,32,9,1,0,0,named-barrier,1,0.142316,0.142316,0.142316,58.943732,1.481039
201,fft,fp64,forward,none,out-of-place,16,65536,16,1,65536,online-reorder,auto,four-mul,recurrence,shared,linear,cufftdx-block,0,32,512,512,4,8,16,8,7,1,0,0,named-barrier,1,0.142397,0.142397,0.142397,58.909820,1.481882
202,fft,fp64,forward,none,out-of-place,16,65536,16,1,65536,online-reorder,auto,four-mul,recurrence,shared,linear,cufftdx-block,0,32,512,256,8,4,8,8,9,1,0,0,named-barrier,1,0.143565,0.143565,0.143565,58.430817,1.494037
203,fft,fp64,forward,none,out-of-place,16,65536,16,1,65536,online-reorder,auto,four-mul,recurrence,shared,linear,cufftdx-block,0,32,512,256,8,8,16,8,8,1,0,0,named-barrier,1,0.143995,0.143995,0.143995,58.256292,1.498512
204,fft,fp64,forward,none,out-of-place,16,65536,16,1,65536,online-reorder,auto,four-mul,recurrence,shared,linear,cufftdx-block,0,32,512,256,8,8,8,16,9,1,0,0,named-barrier,1,0.144548,0.144548,0.144548,58.033433,1.504267
205,fft,fp64,forward,none,out-of-place,16,65536,16,1,65536,online-reorder,auto,four-mul,recurrence,shared,linear,cufftdx-block,0,32,512,512,8,4,16,8,8,1,0,0,named-barrier,1,0.145019,0.145019,0.145019,57.844939,1.509168
206,fft,fp64,forward,none,out-of-place,16,65536,16,1,65536,online-reorder,auto,four-mul,recurrence,shared,xor-swizzle,cufftdx-block,0,32,512,512,8,8,16,16,8,1,0,0,named-barrier,1,0.145879,0.145879,0.145879,57.503859,1.518118
207,fft,fp64,forward,none,out-of-place,16,65536,16,1,65536,online-reorder,auto,four-mul,recurrence,shared,linear,cufftdx-block,0,32,512,512,8,4,32,4,7,1,0,0,named-barrier,1,0.146043,0.146043,0.146043,57.439348,1.519825
208,fft,fp64,forward,none,out-of-place,16,65536,16,1,65536,online-reorder,auto,four-mul,recurrence,shared,linear,cufftdx-block,0,32,512,512,8,4,8,16,9,1,0,0,named-barrier,1,0.146903,0.146903,0.146903,57.103026,1.528775
209,fft,fp64,forward,none,out-of-place,16,65536,16,1,65536,online-reorder,auto,four-mul,recurrence,shared,xor-swizzle,cufftdx-block,0,32,512,512,8,8,8,32,9,1,0,0,named-barrier,1,0.146964,0.146964,0.146964,57.079149,1.529409
210,fft,fp64,forward,none,out-of-place,16,65536,16,1,65536,online-reorder,auto,four-mul,recurrence,shared,xor-swizzle,cufftdx-block,0,32,512,512,8,8,32,8,7,1,0,0,named-barrier,1,0.147948,0.147948,0.147948,56.699889,1.539650
211,fft,fp64,forward,none,out-of-place,16,65536,16,1,65536,online-reorder,auto,four-mul,recurrence,shared,linear,cufftdx-block,0,32,512,128,8,4,32,1,7,1,0,0,named-barrier,1,0.154542,0.154542,0.154542,54.280410,1.608271
212,fft,fp64,forward,none,out-of-place,16,65536,16,1,65536,online-reorder,auto,four-mul,recurrence,shared,linear,cufftdx-block,0,32,128,512,4,8,1,32,9,1,0,0,named-barrier,1,0.155075,0.155075,0.155075,54.094034,1.613818
213,fft,fp64,forward,none,out-of-place,16,65536,16,1,65536,online-reorder,auto,four-mul,recurrence,shared,xor-swizzle,cufftdx-block,0,32,128,512,4,8,1,32,9,1,0,0,named-barrier,1,0.155341,0.155341,0.155341,54.001322,1.616586
214,fft,fp64,forward,none,out-of-place,16,65536,16,1,65536,online-reorder,auto,four-mul,recurrence,shared,linear,cufftdx-block,0,32,512,512,8,8,16,16,8,1,0,0,named-barrier,1,0.160604,0.160604,0.160604,52.231577,1.671357
215,fft,fp64,forward,none,out-of-place,16,65536,16,1,65536,online-reorder,auto,four-mul,recurrence,shared,linear,cufftdx-block,0,32,512,512,8,8,8,32,9,1,0,0,named-barrier,1,0.160707,0.160707,0.160707,52.198291,1.672429
216,fft,fp64,forward,none,out-of-place,16,65536,16,1,65536,online-reorder,auto,four-mul,recurrence,shared,linear,cufftdx-block,0,32,512,512,8,8,32,8,7,1,0,0,named-barrier,1,0.161198,0.161198,0.161198,52.039131,1.677538
1,fft,fp64,forward,none,out-of-place,16,65536,4,1,65536,online-reorder,auto,four-mul,recurrence,shared,xor-swizzle,cufftdx-block,0,32,128,128,8,4,4,2,8,1,0,0,named-barrier,1,0.028733,0.028733,0.028733,72.986458,1.000000
2,fft,fp64,forward,none,out-of-place,16,65536,4,1,65536,online-reorder,auto,four-mul,recurrence,shared,xor-swizzle,cufftdx-block,0,32,128,128,8,8,8,2,7,1,0,0,named-barrier,1,0.028897,0.028897,0.028897,72.572644,1.005708
3,fft,fp64,forward,none,out-of-place,16,65536,4,1,65536,online-reorder,auto,four-mul,recurrence,shared,xor-swizzle,cufftdx-block,0,32,128,128,8,8,4,4,8,1,0,0,named-barrier,1,0.029225,0.029225,0.029225,71.758935,1.017123
4,fft,fp64,forward,none,out-of-place,16,65536,4,1,65536,online-reorder,auto,four-mul,recurrence,shared,xor-swizzle,cufftdx-block,0,32,128,128,4,8,4,2,7,1,0,0,named-barrier,1,0.029450,0.029450,0.029450,71.210015,1.024954
5,fft,fp64,forward,none,out-of-place,16,65536,4,1,65536,online-reorder,auto,four-mul,recurrence,shared,linear,cufftdx-block,0,32,128,128,4,4,2,2,8,1,0,0,named-barrier,1,0.029901,0.029901,0.029901,70.136985,1.040650
6,fft,fp64,forward,none,out-of-place,16,65536,4,1,65536,online-reorder,auto,four-mul,recurrence,shared,xor-swizzle,cufftdx-block,0,32,128,128,4,4,2,2,8,1,0,0,named-barrier,1,0.029921,0.029921,0.029921,70.088984,1.041346
7,fft,fp64,forward,none,out-of-place,16,65536,4,1,65536,online-reorder,auto,four-mul,recurrence,shared,xor-swizzle,cufftdx-block,0,32,128,256,8,8,8,4,7,1,0,0,named-barrier,1,0.030106,0.030106,0.030106,69.659864,1.047785
8,fft,fp64,forward,none,out-of-place,16,65536,4,1,65536,online-reorder,auto,four-mul,recurrence,shared,xor-swizzle,cufftdx-block,0,32,256,128,8,4,8,2,8,1,0,0,named-barrier,1,0.030126,0.030126,0.030126,69.612509,1.048481
9,fft,fp64,forward,none,out-of-place,16,65536,4,1,65536,online-reorder,auto,four-mul,recurrence,shared,xor-swizzle,cufftdx-block,0,32,128,256,8,4,4,4,8,1,0,0,named-barrier,1,0.030188,0.030188,0.030188,69.470825,1.050639
10,fft,fp64,forward,none,out-of-place,16,65536,4,1,65536,online-reorder,auto,four-mul,recurrence,shared,xor-swizzle,cufftdx-block,0,32,256,128,8,8,8,4,8,1,0,0,named-barrier,1,0.030372,0.030372,0.030372,69.049226,1.057042
11,fft,fp64,forward,none,out-of-place,16,65536,4,1,65536,online-reorder,auto,four-mul,recurrence,shared,xor-swizzle,cufftdx-block,0,32,256,128,8,4,4,4,9,1,0,0,named-barrier,1,0.030392,0.030392,0.030392,69.002694,1.057738
12,fft,fp64,forward,none,out-of-place,16,65536,4,1,65536,online-reorder,auto,four-mul,recurrence,shared,linear,cufftdx-block,0,32,128,128,4,8,2,4,8,1,0,0,named-barrier,1,0.030454,0.030454,0.030454,68.863483,1.059896
13,fft,fp64,forward,none,out-of-place,16,65536,4,1,65536,online-reorder,auto,four-mul,recurrence,shared,linear,cufftdx-block,0,32,128,128,8,4,4,2,8,1,0,0,named-barrier,1,0.030495,0.030495,0.030495,68.770984,1.061323
14,fft,fp64,forward,none,out-of-place,16,65536,4,1,65536,online-reorder,auto,four-mul,recurrence,shared,linear,cufftdx-block,0,32,128,128,8,4,2,4,9,1,0,0,named-barrier,1,0.030659,0.030659,0.030659,68.403474,1.067031
15,fft,fp64,forward,none,out-of-place,16,65536,4,1,65536,online-reorder,auto,four-mul,recurrence,shared,xor-swizzle,cufftdx-block,0,32,128,128,4,8,2,4,8,1,0,0,named-barrier,1,0.030679,0.030679,0.030679,68.357811,1.067727
16,fft,fp64,forward,none,out-of-place,16,65536,4,1,65536,online-reorder,auto,four-mul,recurrence,shared,xor-swizzle,cufftdx-block,0,32,256,128,8,8,16,2,7,1,0,0,named-barrier,1,0.030700,0.030700,0.030700,68.312209,1.068458
17,fft,fp64,forward,none,out-of-place,16,65536,4,1,65536,online-reorder,auto,four-mul,recurrence,shared,xor-swizzle,cufftdx-block,0,32,128,128,8,4,2,4,9,1,0,0,named-barrier,1,0.030700,0.030700,0.030700,68.312209,1.068458
18,fft,fp64,forward,none,out-of-place,16,65536,4,1,65536,online-reorder,auto,four-mul,recurrence,shared,xor-swizzle,cufftdx-block,0,32,128,256,4,8,4,4,7,1,0,0,named-barrier,1,0.030822,0.030822,0.030822,68.039863,1.072704
19,fft,fp64,forward,none,out-of-place,16,65536,4,1,65536,online-reorder,auto,four-mul,recurrence,shared,linear,cufftdx-block,0,32,128,128,8,8,4,4,8,1,0,0,named-barrier,1,0.030925,0.030925,0.030925,67.814572,1.076289
20,fft,fp64,forward,none,out-of-place,16,65536,4,1,65536,online-reorder,auto,four-mul,recurrence,shared,linear,cufftdx-block,0,32,128,128,4,8,4,2,7,1,0,0,named-barrier,1,0.031007,0.031007,0.031007,67.635403,1.079142
21,fft,fp64,forward,none,out-of-place,16,65536,4,1,65536,online-reorder,auto,four-mul,recurrence,shared,xor-swizzle,cufftdx-block,0,32,256,128,4,4,4,2,8,1,0,0,named-barrier,1,0.031150,0.031150,0.031150,67.324128,1.084119
22,fft,fp64,forward,none,out-of-place,16,65536,4,1,65536,online-reorder,auto,four-mul,recurrence,shared,xor-swizzle,cufftdx-block,0,32,128,256,8,4,8,2,7,1,0,0,named-barrier,1,0.031457,0.031457,0.031457,66.666661,1.094804
23,fft,fp64,forward,none,out-of-place,16,65536,4,1,65536,online-reorder,auto,four-mul,recurrence,shared,linear,cufftdx-block,0,32,128,256,4,4,2,4,8,1,0,0,named-barrier,1,0.031478,0.031478,0.031478,66.623291,1.095535
24,fft,fp64,forward,none,out-of-place,16,65536,4,1,65536,online-reorder,auto,four-mul,recurrence,shared,xor-swizzle,cufftdx-block,0,32,256,128,4,8,8,2,7,1,0,0,named-barrier,1,0.031539,0.031539,0.031539,66.493511,1.097658
25,fft,fp64,forward,none,out-of-place,16,65536,4,1,65536,online-reorder,auto,four-mul,recurrence,shared,xor-swizzle,cufftdx-block,0,32,256,128,4,8,4,4,8,1,0,0,named-barrier,1,0.031560,0.031560,0.031560,66.450358,1.098389
26,fft,fp64,forward,none,out-of-place,16,65536,4,1,65536,online-reorder,auto,four-mul,recurrence,shared,xor-swizzle,cufftdx-block,0,32,128,256,4,4,2,4,8,1,0,0,named-barrier,1,0.031601,0.031601,0.031601,66.364227,1.099816
27,fft,fp64,forward,none,out-of-place,16,65536,4,1,65536,online-reorder,auto,four-mul,recurrence,shared,xor-swizzle,cufftdx-block,0,32,256,256,8,4,8,4,8,1,0,0,named-barrier,1,0.031621,0.031621,0.031621,66.321242,1.100512
28,fft,fp64,forward,none,out-of-place,16,65536,4,1,65536,online-reorder,auto,four-mul,recurrence,shared,xor-swizzle,cufftdx-block,0,32,256,256,8,8,16,4,7,1,0,0,named-barrier,1,0.031846,0.031846,0.031846,65.852089,1.108342
29,fft,fp64,forward,none,out-of-place,16,65536,4,1,65536,online-reorder,auto,four-mul,recurrence,shared,xor-swizzle,cufftdx-block,0,32,128,256,4,4,4,2,7,1,0,0,named-barrier,1,0.032010,0.032010,0.032010,65.515030,1.114050
30,fft,fp64,forward,none,out-of-place,16,65536,4,1,65536,online-reorder,auto,four-mul,recurrence,shared,linear,cufftdx-block,0,32,128,256,8,4,4,4,8,1,0,0,named-barrier,1,0.032031,0.032031,0.032031,65.473145,1.114781
31,fft,fp64,forward,none,out-of-place,16,65536,4,1,65536,online-reorder,auto,four-mul,recurrence,shared,xor-swizzle,cufftdx-block,0,32,128,256,8,8,4,8,8,1,0,0,named-barrier,1,0.032072,0.032072,0.032072,65.389528,1.116208
32,fft,fp64,forward,none,out-of-place,16,65536,4,1,65536,online-reorder,auto,four-mul,recurrence,shared,linear,cufftdx-block,0,32,256,128,8,4,4,4,9,1,0,0,named-barrier,1,0.032092,0.032092,0.032092,65.347795,1.116904
33,fft,fp64,forward,none,out-of-place,16,65536,4,1,65536,online-reorder,auto,four-mul,recurrence,shared,linear,cufftdx-block,0,32,128,256,4,8,4,4,7,1,0,0,named-barrier,1,0.032379,0.032379,0.032379,64.769129,1.126892
34,fft,fp64,forward,none,out-of-place,16,65536,4,1,65536,online-reorder,auto,four-mul,recurrence,shared,xor-swizzle,cufftdx-block,0,32,256,128,8,8,4,8,9,1,0,0,named-barrier,1,0.032420,0.032420,0.032420,64.687307,1.128319
35,fft,fp64,forward,none,out-of-place,16,65536,4,1,65536,online-reorder,auto,four-mul,recurrence,shared,xor-swizzle,cufftdx-block,0,32,512,128,4,4,8,2,8,1,0,0,named-barrier,1,0.032440,0.032440,0.032440,64.646465,1.129015
36,fft,fp64,forward,none,out-of-place,16,65536,4,1,65536,online-reorder,auto,four-mul,recurrence,shared,xor-swizzle,cufftdx-block,0,32,512,128,8,4,16,2,8,1,0,0,named-barrier,1,0.032584,0.032584,0.032584,64.362036,1.134027
37,fft,fp64,forward,none,out-of-place,16,65536,4,1,65536,online-reorder,auto,four-mul,recurrence,shared,xor-swizzle,cufftdx-block,0,32,256,256,4,4,4,4,8,1,0,0,named-barrier,1,0.032666,0.032666,0.032666,64.200629,1.136881
38,fft,fp64,forward,none,out-of-place,16,65536,4,1,65536,online-reorder,auto,four-mul,recurrence,shared,xor-swizzle,cufftdx-block,0,32,512,128,8,8,16,4,8,1,0,0,named-barrier,1,0.032707,0.032707,0.032707,64.120221,1.138308
39,fft,fp64,forward,none,out-of-place,16,65536,4,1,65536,online-reorder,auto,four-mul,recurrence,shared,linear,cufftdx-block,0,32,256,128,4,4,4,2,8,1,0,0,named-barrier,1,0.032727,0.032727,0.032727,64.080099,1.139004
40,fft,fp64,forward,none,out-of-place,16,65536,4,1,65536,online-reorder,auto,four-mul,recurrence,shared,xor-swizzle,cufftdx-block,0,32,128,128,8,8,2,8,9,1,0,0,named-barrier,1,0.032788,0.032788,0.032788,63.960029,1.141127
41,fft,fp64,forward,none,out-of-place,16,65536,4,1,65536,online-reorder,auto,four-mul,recurrence,shared,xor-swizzle,cufftdx-block,0,32,512,128,8,8,32,2,7,1,0,0,named-barrier,1,0.032809,0.032809,0.032809,63.920101,1.141858
42,fft,fp64,forward,none,out-of-place,16,65536,4,1,65536,online-reorder,auto,four-mul,recurrence,shared,xor-swizzle,cufftdx-block,0,32,512,128,4,8,8,4,8,1,0,0,named-barrier,1,0.032809,0.032809,0.032809,63.920101,1.141858
43,fft,fp64,forward,none,out-of-place,16,65536,4,1,65536,online-reorder,auto,four-mul,recurrence,shared,linear,cufftdx-block,0,32,128,128,8,8,2,8,9,1,0,0,named-barrier,1,0.032829,0.032829,0.032829,63.880222,1.142554
44,fft,fp64,forward,none,out-of-place,16,65536,4,1,65536,online-reorder,auto,four-mul,recurrence,shared,xor-swizzle,cufftdx-block,0,32,256,256,4,8,8,4,7,1,0,0,named-barrier,1,0.032891,0.032891,0.032891,63.760899,1.144712
45,fft,fp64,forward,none,out-of-place,16,65536,4,1,65536,online-reorder,auto,four-mul,recurrence,shared,xor-swizzle,cufftdx-block,0,32,512,128,4,8,16,2,7,1,0,0,named-barrier,1,0.032952,0.032952,0.032952,63.642014,1.146835
46,fft,fp64,forward,none,out-of-place,16,65536,4,1,65536,online-reorder,auto,four-mul,recurrence,shared,xor-swizzle,cufftdx-block,0,32,128,512,8,4,4,8,8,1,0,0,named-barrier,1,0.033014,0.033014,0.033014,63.523571,1.148992
47,fft,fp64,forward,none,out-of-place,16,65536,4,1,65536,online-reorder,auto,four-mul,recurrence,shared,linear,cufftdx-block,0,32,128,128,8,8,8,2,7,1,0,0,named-barrier,1,0.033034,0.033034,0.033034,63.484193,1.149689
48,fft,fp64,forward,none,out-of-place,16,65536,4,1,65536,online-reorder,auto,four-mul,recurrence,shared,xor-swizzle,cufftdx-block,0,32,256,256,8,8,8,8,8,1,0,0,named-barrier,1,0.033034,0.033034,0.033034,63.484193,1.149689
49,fft,fp64,forward,none,out-of-place,16,65536,4,1,65536,online-reorder,auto,four-mul,recurrence,shared,linear,cufftdx-block,0,32,256,128,4,8,4,4,8,1,0,0,named-barrier,1,0.033075,0.033075,0.033075,63.405576,1.151115
50,fft,fp64,forward,none,out-of-place,16,65536,4,1,65536,online-reorder,auto,four-mul,recurrence,shared,xor-swizzle,cufftdx-block,0,32,128,512,8,4,8,4,7,1,0,0,named-barrier,1,0.033137,0.033137,0.033137,63.288010,1.153273
51,fft,fp64,forward,none,out-of-place,16,65536,4,1,65536,online-reorder,auto,four-mul,recurrence,shared,xor-swizzle,cufftdx-block,0,32,256,256,8,8,4,16,9,1,0,0,named-barrier,1,0.033178,0.033178,0.033178,63.209878,1.154700
52,fft,fp64,forward,none,out-of-place,16,65536,4,1,65536,online-reorder,auto,four-mul,recurrence,shared,xor-swizzle,cufftdx-block,0,32,512,128,8,4,8,4,9,1,0,0,named-barrier,1,0.033178,0.033178,0.033178,63.209878,1.154700
53,fft,fp64,forward,none,out-of-place,16,65536,4,1,65536,online-reorder,auto,four-mul,recurrence,shared,xor-swizzle,cufftdx-block,0,32,256,256,8,4,16,2,7,1,0,0,named-barrier,1,0.033198,0.033198,0.033198,63.170880,1.155396
54,fft,fp64,forward,none,out-of-place,16,65536,4,1,65536,online-reorder,auto,four-mul,recurrence,shared,linear,cufftdx-block,0,32,128,256,4,8,2,8,8,1,0,0,named-barrier,1,0.033239,0.033239,0.033239,63.093037,1.156823
55,fft,fp64,forward,none,out-of-place,16,65536,4,1,65536,online-reorder,auto,four-mul,recurrence,shared,xor-swizzle,cufftdx-block,0,32,128,256,4,8,2,8,8,1,0,0,named-barrier,1,0.033341,0.033341,0.033341,62.899260,1.160373
56,fft,fp64,forward,none,out-of-place,16,65536,4,1,65536,online-reorder,auto,four-mul,recurrence,shared,xor-swizzle,cufftdx-block,0,32,256,256,8,4,4,8,9,1,0,0,named-barrier,1,0.033382,0.033382,0.033382,62.822084,1.161800
57,fft,fp64,forward,none,out-of-place,16,65536,4,1,65536,online-reorder,auto,four-mul,recurrence,shared,xor-swizzle,cufftdx-block,0,32,128,256,8,8,2,16,9,1,0,0,named-barrier,1,0.033485,0.033485,0.033485,62.629966,1.165385
58,fft,fp64,forward,none,out-of-place,16,65536,4,1,65536,online-reorder,auto,four-mul,recurrence,shared,linear,cufftdx-block,0,32,128,256,8,8,2,16,9,1,0,0,named-barrier,1,0.033505,0.033505,0.033505,62.591688,1.166081
59,fft,fp64,forward,none,out-of-place,16,65536,4,1,65536,online-reorder,auto,four-mul,recurrence,shared,linear,cufftdx-block,0,32,128,256,4,4,4,2,7,1,0,0,named-barrier,1,0.033567,0.033567,0.033567,62.477119,1.168239
60,fft,fp64,forward,none,out-of-place,16,65536,4,1,65536,online-reorder,auto,four-mul,recurrence,shared,xor-swizzle,cufftdx-block,0,32,128,256,8,4,2,8,9,1,0,0,named-barrier,1,0.033608,0.033608,0.033608,62.400974,1.169666
61,fft,fp64,forward,none,out-of-place,16,65536,4,1,65536,online-reorder,auto,four-mul,recurrence,shared,linear,cufftdx-block,0,32,128,256,8,4,2,8,9,1,0,0,named-barrier,1,0.033690,0.033690,0.033690,62.249241,1.172519
62,fft,fp64,forward,none,out-of-place,16,65536,4,1,65536,online-reorder,auto,four-mul,recurrence,shared,xor-swizzle,cufftdx-block,0,32,512,128,4,4,4,4,9,1,0,0,named-barrier,1,0.033731,0.033731,0.033731,62.173651,1.173946
63,fft,fp64,forward,none,out-of-place,16,65536,4,1,65536,online-reorder,auto,four-mul,recurrence,shared,linear,cufftdx-block,0,32,128,256,8,8,4,8,8,1,0,0,named-barrier,1,0.033751,0.033751,0.033751,62.135921,1.174642
64,fft,fp64,forward,none,out-of-place,16,65536,4,1,65536,online-reorder,auto,four-mul,recurrence,shared,linear,cufftdx-block,0,32,256,128,4,4,2,4,9,1,0,0,named-barrier,1,0.033751,0.033751,0.033751,62.135921,1.174642
65,fft,fp64,forward,none,out-of-place,16,65536,4,1,65536,online-reorder,auto,four-mul,recurrence,shared,xor-swizzle,cufftdx-block,0,32,128,512,4,4,4,4,7,1,0,0,named-barrier,1,0.033772,0.033772,0.033772,62.098244,1.175373
66,fft,fp64,forward,none,out-of-place,16,65536,4,1,65536,online-reorder,auto,four-mul,recurrence,shared,xor-swizzle,cufftdx-block,0,32,256,128,4,4,2,4,9,1,0,0,named-barrier,1,0.033812,0.033812,0.033812,62.023020,1.176765
67,fft,fp64,forward,none,out-of-place,16,65536,4,1,65536,online-reorder,auto,four-mul,recurrence,shared,xor-swizzle,cufftdx-block,0,32,512,256,8,4,16,4,8,1,0,0,named-barrier,1,0.033915,0.033915,0.033915,61.835751,1.180350
68,fft,fp64,forward,none,out-of-place,16,65536,4,1,65536,online-reorder,auto,four-mul,recurrence,shared,xor-swizzle,cufftdx-block,0,32,256,256,4,4,8,2,7,1,0,0,named-barrier,1,0.033976,0.033976,0.033976,61.723930,1.182473
69,fft,fp64,forward,none,out-of-place,16,65536,4,1,65536,online-reorder,auto,four-mul,recurrence,shared,xor-swizzle,cufftdx-block,0,32,512,256,4,4,8,4,8,1,0,0,named-barrier,1,0.034017,0.034017,0.034017,61.649609,1.183900
70,fft,fp64,forward,none,out-of-place,16,65536,4,1,65536,online-reorder,auto,four-mul,recurrence,shared,xor-swizzle,cufftdx-block,0,32,512,256,8,8,32,4,7,1,0,0,named-barrier,1,0.034038,0.034038,0.034038,61.612519,1.184631
71,fft,fp64,forward,none,out-of-place,16,65536,4,1,65536,online-reorder,auto,four-mul,recurrence,shared,linear,cufftdx-block,0,32,256,128,8,8,4,8,9,1,0,0,named-barrier,1,0.034120,0.034120,0.034120,61.464585,1.187485
72,fft,fp64,forward,none,out-of-place,16,65536,4,1,65536,online-reorder,auto,four-mul,recurrence,shared,linear,cufftdx-block,0,32,128,512,4,4,2,8,8,1,0,0,named-barrier,1,0.034161,0.034161,0.034161,61.390887,1.188912
73,fft,fp64,forward,none,out-of-place,16,65536,4,1,65536,online-reorder,auto,four-mul,recurrence,shared,linear,cufftdx-block,0,32,256,256,4,4,4,4,8,1,0,0,named-barrier,1,0.034202,0.034202,0.034202,61.317366,1.190339
74,fft,fp64,forward,none,out-of-place,16,65536,4,1,65536,online-reorder,auto,four-mul,recurrence,shared,xor-swizzle,cufftdx-block,0,32,128,512,4,4,2,8,8,1,0,0,named-barrier,1,0.034243,0.034243,0.034243,61.244021,1.191766
75,fft,fp64,forward,none,out-of-place,16,65536,4,1,65536,online-reorder,auto,four-mul,recurrence,shared,xor-swizzle,cufftdx-block,0,32,256,256,4,8,4,8,8,1,0,0,named-barrier,1,0.034263,0.034263,0.034263,61.207410,1.192462
76,fft,fp64,forward,none,out-of-place,16,65536,4,1,65536,online-reorder,auto,four-mul,recurrence,shared,linear,cufftdx-block,0,32,128,256,8,8,8,4,7,1,0,0,named-barrier,1,0.034304,0.034304,0.034304,61.134328,1.193889
77,fft,fp64,forward,none,out-of-place,16,65536,4,1,65536,online-reorder,auto,four-mul,recurrence,shared,xor-swizzle,cufftdx-block,0,32,512,256,4,8,16,4,7,1,0,0,named-barrier,1,0.034304,0.034304,0.034304,61.134328,1.193889
78,fft,fp64,forward,none,out-of-place,16,65536,4,1,65536,online-reorder,auto,four-mul,recurrence,shared,xor-swizzle,cufftdx-block,0,32,256,512,8,4,4,16,9,1,0,0,named-barrier,1,0.034365,0.034365,0.034365,61.025033,1.196012
79,fft,fp64,forward,none,out-of-place,16,65536,4,1,65536,online-reorder,auto,four-mul,recurrence,shared,xor-swizzle,cufftdx-block,0,32,256,512,8,4,8,8,8,1,0,0,named-barrier,1,0.034427,0.034427,0.034427,60.916123,1.198169
80,fft,fp64,forward,none,out-of-place,16,65536,4,1,65536,online-reorder,auto,four-mul,recurrence,shared,linear,cufftdx-block,0,32,128,512,8,4,2,16,9,1,0,0,named-barrier,1,0.034427,0.034427,0.034427,60.916123,1.198169
81,fft,fp64,forward,none,out-of-place,16,65536,4,1,65536,online-reorder,auto,four-mul,recurrence,shared,linear,cufftdx-block,0,32,256,128,8,8,16,2,7,1,0,0,named-barrier,1,0.034447,0.034447,0.034447,60.879903,1.198865
82,fft,fp64,forward,none,out-of-place,16,65536,4,1,65536,online-reorder,auto,four-mul,recurrence,shared,linear,cufftdx-block,0,32,256,128,8,4,8,2,8,1,0,0,named-barrier,1,0.034468,0.034468,0.034468,60.843734,1.199596
83,fft,fp64,forward,none,out-of-place,16,65536,4,1,65536,online-reorder,auto,four-mul,recurrence,shared,xor-swizzle,cufftdx-block,0,32,128,512,8,4,2,16,9,1,0,0,named-barrier,1,0.034488,0.034488,0.034488,60.807600,1.200292
84,fft,fp64,forward,none,out-of-place,16,65536,4,1,65536,online-reorder,auto,four-mul,recurrence,shared,linear,cufftdx-block,0,32,256,128,8,8,8,4,8,1,0,0,named-barrier,1,0.034734,0.034734,0.034734,60.377356,1.208854
85,fft,fp64,forward,none,out-of-place,16,65536,4,1,65536,online-reorder,auto,four-mul,recurrence,shared,xor-swizzle,cufftdx-block,0,32,512,128,8,8,8,8,9,1,0,0,named-barrier,1,0.034755,0.034755,0.034755,60.341781,1.209585
86,fft,fp64,forward,none,out-of-place,16,65536,4,1,65536,online-reorder,auto,four-mul,recurrence,shared,linear,cufftdx-block,0,32,128,512,8,4,4,8,8,1,0,0,named-barrier,1,0.034775,0.034775,0.034775,60.306241,1.210281
87,fft,fp64,forward,none,out-of-place,16,65536,4,1,65536,online-reorder,auto,four-mul,recurrence,shared,xor-swizzle,cufftdx-block,0,32,256,512,8,4,16,4,7,1,0,0,named-barrier,1,0.034816,0.034816,0.034816,60.235293,1.211708
88,fft,fp64,forward,none,out-of-place,16,65536,4,1,65536,online-reorder,auto,four-mul,recurrence,shared,linear,cufftdx-block,0,32,256,256,8,8,4,16,9,1,0,0,named-barrier,1,0.034857,0.034857,0.034857,60.164512,1.213135
89,fft,fp64,forward,none,out-of-place,16,65536,4,1,65536,online-reorder,auto,four-mul,recurrence,shared,xor-swizzle,cufftdx-block,0,32,128,512,8,8,8,8,7,1,0,0,named-barrier,1,0.034898,0.034898,0.034898,60.093897,1.214562
90,fft,fp64,forward,none,out-of-place,16,65536,4,1,65536,online-reorder,auto,four-mul,recurrence,shared,linear,cufftdx-block,0,32,256,256,8,4,4,8,9,1,0,0,named-barrier,1,0.034980,0.034980,0.034980,59.953164,1.217416
91,fft,fp64,forward,none,out-of-place,16,65536,4,1,65536,online-reorder,auto,four-mul,recurrence,shared,xor-swizzle,cufftdx-block,0,32,128,512,8,8,4,16,8,1,0,0,named-barrier,1,0.035123,0.035123,0.035123,59.708456,1.222392
92,fft,fp64,forward,none,out-of-place,16,65536,4,1,65536,online-reorder,auto,four-mul,recurrence,shared,linear,cufftdx-block,0,32,512,128,4,4,4,4,9,1,0,0,named-barrier,1,0.035226,0.035226,0.035226,59.534884,1.225977
93,fft,fp64,forward,none,out-of-place,16,65536,4,1,65536,online-reorder,auto,four-mul,recurrence,shared,xor-swizzle,cufftdx-block,0,32,256,512,4,4,4,8,8,1,0,0,named-barrier,1,0.035246,0.035246,0.035246,59.500294,1.226673
94,fft,fp64,forward,none,out-of-place,16,65536,4,1,65536,online-reorder,auto,four-mul,recurrence,shared,linear,cufftdx-block,0,32,128,512,4,4,4,4,7,1,0,0,named-barrier,1,0.035267,0.035267,0.035267,59.465738,1.227404
95,fft,fp64,forward,none,out-of-place,16,65536,4,1,65536,online-reorder,auto,four-mul,recurrence,shared,xor-swizzle,cufftdx-block,0,32,512,256,8,4,32,2,7,1,0,0,named-barrier,1,0.035267,0.035267,0.035267,59.465738,1.227404
96,fft,fp64,forward,none,out-of-place,16,65536,4,1,65536,online-reorder,auto,four-mul,recurrence,shared,xor-swizzle,cufftdx-block,0,32,512,256,8,8,16,8,8,1,0,0,named-barrier,1,0.035389,0.035389,0.035389,59.259262,1.231650
97,fft,fp64,forward,none,out-of-place,16,65536,4,1,65536,online-reorder,auto,four-mul,recurrence,shared,linear,cufftdx-block,0,32,256,128,4,8,8,2,7,1,0,0,named-barrier,1,0.035410,0.035410,0.035410,59.224986,1.232381
98,fft,fp64,forward,none,out-of-place,16,65536,4,1,65536,online-reorder,auto,four-mul,recurrence,shared,xor-swizzle,cufftdx-block,0,32,512,256,4,4,16,2,7,1,0,0,named-barrier,1,0.035471,0.035471,0.035471,59.122400,1.234504
99,fft,fp64,forward,none,out-of-place,16,65536,4,1,65536,online-reorder,auto,four-mul,recurrence,shared,xor-swizzle,cufftdx-block,0,32,512,256,8,8,8,16,9,1,0,0,named-barrier,1,0.035492,0.035492,0.035492,59.088288,1.235235
100,fft,fp64,forward,none,out-of-place,16,65536,4,1,65536,online-reorder,auto,four-mul,recurrence,shared,linear,cufftdx-block,0,32,128,256,8,4,8,2,7,1,0,0,named-barrier,1,0.035512,0.035512,0.035512,59.054209,1.235931
101,fft,fp64,forward,none,out-of-place,16,65536,4,1,65536,online-reorder,auto,four-mul,recurrence,shared,xor-swizzle,cufftdx-block,0,32,512,128,4,8,4,8,9,1,0,0,named-barrier,1,0.035594,0.035594,0.035594,58.918297,1.238785
102,fft,fp64,forward,none,out-of-place,16,65536,4,1,65536,online-reorder,auto,four-mul,recurrence,shared,linear,cufftdx-block,0,32,256,128,4,8,2,8,9,1,0,0,named-barrier,1,0.035615,0.035615,0.035615,58.884420,1.239516
103,fft,fp64,forward,none,out-of-place,16,65536,4,1,65536,online-reorder,auto,four-mul,recurrence,shared,linear,cufftdx-block,0,32,256,256,4,8,4,8,8,1,0,0,named-barrier,1,0.035676,0.035676,0.035676,58.783010,1.241639
104,fft,fp64,forward,none,out-of-place,16,65536,4,1,65536,online-reorder,auto,four-mul,recurrence,shared,xor-swizzle,cufftdx-block,0,32,256,128,4,8,2,8,9,1,0,0,named-barrier,1,0.035676,0.035676,0.035676,58.783010,1.241639
105,fft,fp64,forward,none,out-of-place,16,65536,4,1,65536,online-reorder,auto,four-mul,recurrence,shared,xor-swizzle,cufftdx-block,0,32,128,512,4,8,4,8,7,1,0,0,named-barrier,1,0.035697,0.035697,0.035697,58.749282,1.242369
106,fft,fp64,forward,none,out-of-place,16,65536,4,1,65536,online-reorder,auto,four-mul,recurrence,shared,linear,cufftdx-block,0,32,256,256,8,8,16,4,7,1,0,0,named-barrier,1,0.035697,0.035697,0.035697,58.749282,1.242369
107,fft,fp64,forward,none,out-of-place,16,65536,4,1,65536,online-reorder,auto,four-mul,recurrence,shared,xor-swizzle,cufftdx-block,0,32,512,256,4,8,8,8,8,1,0,0,named-barrier,1,0.035697,0.035697,0.035697,58.749282,1.242369
108,fft,fp64,forward,none,out-of-place,16,65536,4,1,65536,online-reorder,auto,four-mul,recurrence,shared,xor-swizzle,cufftdx-block,0,32,256,512,4,4,8,4,7,1,0,0,named-barrier,1,0.035758,0.035758,0.035758,58.648336,1.244492
109,fft,fp64,forward,none,out-of-place,16,65536,4,1,65536,online-reorder,auto,four-mul,recurrence,shared,xor-swizzle,cufftdx-block,0,32,512,256,8,4,8,8,9,1,0,0,named-barrier,1,0.035840,0.035840,0.035840,58.514284,1.247346
110,fft,fp64,forward,none,out-of-place,16,65536,4,1,65536,online-reorder,auto,four-mul,recurrence,shared,linear,cufftdx-block,0,32,256,512,8,4,4,16,9,1,0,0,named-barrier,1,0.035881,0.035881,0.035881,58.447488,1.248773
111,fft,fp64,forward,none,out-of-place,16,65536,4,1,65536,online-reorder,auto,four-mul,recurrence,shared,linear,cufftdx-block,0,32,256,256,8,4,8,4,8,1,0,0,named-barrier,1,0.035901,0.035901,0.035901,58.414150,1.249469
112,fft,fp64,forward,none,out-of-place,16,65536,4,1,65536,online-reorder,auto,four-mul,recurrence,shared,xor-swizzle,cufftdx-block,0,32,128,128,8,4,8,1,7,1,0,0,named-barrier,1,0.036045,0.036045,0.036045,58.181820,1.254481
113,fft,fp64,forward,none,out-of-place,16,65536,4,1,65536,online-reorder,auto,four-mul,recurrence,shared,xor-swizzle,cufftdx-block,0,32,512,256,4,8,4,16,9,1,0,0,named-barrier,1,0.036250,0.036250,0.036250,57.853107,1.261616
114,fft,fp64,forward,none,out-of-place,16,65536,4,1,65536,online-reorder,auto,four-mul,recurrence,shared,xor-swizzle,cufftdx-block,0,32,256,512,8,8,8,16,8,1,0,0,named-barrier,1,0.036270,0.036270,0.036270,57.820443,1.262312
115,fft,fp64,forward,none,out-of-place,16,65536,4,1,65536,online-reorder,auto,four-mul,recurrence,shared,linear,cufftdx-block,0,32,128,512,4,8,2,16,8,1,0,0,named-barrier,1,0.036291,0.036291,0.036291,57.787811,1.263042
116,fft,fp64,forward,none,out-of-place,16,65536,4,1,65536,online-reorder,auto,four-mul,recurrence,shared,xor-swizzle,cufftdx-block,0,32,128,512,4,8,2,16,8,1,0,0,named-barrier,1,0.036352,0.036352,0.036352,57.690139,1.265165
117,fft,fp64,forward,none,out-of-place,16,65536,4,1,65536,online-reorder,auto,four-mul,recurrence,shared,linear,cufftdx-block,0,32,256,256,4,8,2,16,9,1,0,0,named-barrier,1,0.036352,0.036352,0.036352,57.690139,1.265165
118,fft,fp64,forward,none,out-of-place,16,65536,4,1,65536,online-reorder,auto,four-mul,recurrence,shared,xor-swizzle,cufftdx-block,0,32,512,256,4,4,4,8,9,1,0,0,named-barrier,1,0.036352,0.036352,0.036352,57.690139,1.265165
119,fft,fp64,forward,none,out-of-place,16,65536,4,1,65536,online-reorder,auto,four-mul,recurrence,shared,xor-swizzle,cufftdx-block,0,32,256,512,8,8,4,32,9,1,0,0,named-barrier,1,0.036372,0.036372,0.036372,57.657659,1.265862
120,fft,fp64,forward,none,out-of-place,16,65536,4,1,65536,online-reorder,auto,four-mul,recurrence,shared,linear,cufftdx-block,0,32,256,256,4,4,2,8,9,1,0,0,named-barrier,1,0.036434,0.036434,0.036434,57.560427,1.268019
121,fft,fp64,forward,none,out-of-place,16,65536,4,1,65536,online-reorder,auto,four-mul,recurrence,shared,xor-swizzle,cufftdx-block,0,32,256,256,4,4,2,8,9,1,0,0,named-barrier,1,0.036454,0.036454,0.036454,57.528087,1.268715
122,fft,fp64,forward,none,out-of-place,16,65536,4,1,65536,online-reorder,auto,four-mul,recurrence,shared,xor-swizzle,cufftdx-block,0,32,256,256,4,8,2,16,9,1,0,0,named-barrier,1,0.036454,0.036454,0.036454,57.528087,1.268715
123,fft,fp64,forward,none,out-of-place,16,65536,4,1,65536,online-reorder,auto,four-mul,recurrence,shared,xor-swizzle,cufftdx-block,0,32,512,512,4,4,8,8,8,1,0,0,named-barrier,1,0.036516,0.036516,0.036516,57.431297,1.270873
124,fft,fp64,forward,none,out-of-place,16,65536,4,1,65536,online-reorder,auto,four-mul,recurrence,shared,linear,cufftdx-block,0,32,128,512,8,8,2,32,9,1,0,0,named-barrier,1,0.036536,0.036536,0.036536,57.399101,1.271569
125,fft,fp64,forward,none,out-of-place,16,65536,4,1,65536,online-reorder,auto,four-mul,recurrence,shared,xor-swizzle,cufftdx-block,0,32,256,512,8,8,16,8,7,1,0,0,named-barrier,1,0.036598,0.036598,0.036598,57.302744,1.273727
126,fft,fp64,forward,none,out-of-place,16,65536,4,1,65536,online-reorder,auto,four-mul,recurrence,shared,xor-swizzle,cufftdx-block,0,32,128,512,8,8,2,32,9,1,0,0,named-barrier,1,0.036618,0.036618,0.036618,57.270693,1.274423
127,fft,fp64,forward,none,out-of-place,16,65536,4,1,65536,online-reorder,auto,four-mul,recurrence,shared,xor-swizzle,cufftdx-block,0,32,512,512,8,4,16,8,8,1,0,0,named-barrier,1,0.036639,0.036639,0.036639,57.238678,1.275154
128,fft,fp64,forward,none,out-of-place,16,65536,4,1,65536,online-reorder,auto,four-mul,recurrence,shared,linear,cufftdx-block,0,32,256,512,4,4,4,8,8,1,0,0,named-barrier,1,0.036659,0.036659,0.036659,57.206704,1.275850
129,fft,fp64,forward,none,out-of-place,16,65536,4,1,65536,online-reorder,auto,four-mul,recurrence,shared,linear,cufftdx-block,0,32,512,128,4,4,8,2,8,1,0,0,named-barrier,1,0.036659,0.036659,0.036659,57.206704,1.275850
130,fft,fp64,forward,none,out-of-place,16,65536,4,1,65536,online-reorder,auto,four-mul,recurrence,shared,linear,cufftdx-block,0,32,256,256,4,8,8,4,7,1,0,0,named-barrier,1,0.036700,0.036700,0.036700,57.142858,1.277277
131,fft,fp64,forward,none,out-of-place,16,65536,4,1,65536,online-reorder,auto,four-mul,recurrence,shared,linear,cufftdx-block,0,32,512,128,8,4,16,2,8,1,0,0,named-barrier,1,0.036741,0.036741,0.036741,57.079149,1.278704
132,fft,fp64,forward,none,out-of-place,16,65536,4,1,65536,online-reorder,auto,four-mul,recurrence,shared,linear,cufftdx-block,0,32,512,128,8,8,32,2,7,1,0,0,named-barrier,1,0.036762,0.036762,0.036762,57.047353,1.279435
133,fft,fp64,forward,none,out-of-place,16,65536,4,1,65536,online-reorder,auto,four-mul,recurrence,shared,xor-swizzle,cufftdx-block,0,32,128,128,4,4,4,1,7,1,0,0,named-barrier,1,0.036782,0.036782,0.036782,57.015587,1.280131
134,fft,fp64,forward,none,out-of-place,16,65536,4,1,65536,online-reorder,auto,four-mul,recurrence,shared,linear,cufftdx-block,0,32,512,128,8,8,16,4,8,1,0,0,named-barrier,1,0.036844,0.036844,0.036844,56.920512,1.282289
135,fft,fp64,forward,none,out-of-place,16,65536,4,1,65536,online-reorder,auto,four-mul,recurrence,shared,linear,cufftdx-block,0,32,128,512,8,8,4,16,8,1,0,0,named-barrier,1,0.036864,0.036864,0.036864,56.888893,1.282985
136,fft,fp64,forward,none,out-of-place,16,65536,4,1,65536,online-reorder,auto,four-mul,recurrence,shared,xor-swizzle,cufftdx-block,0,32,512,512,8,4,32,4,7,1,0,0,named-barrier,1,0.036946,0.036946,0.036946,56.762749,1.285839
137,fft,fp64,forward,none,out-of-place,16,65536,4,1,65536,online-reorder,auto,four-mul,recurrence,shared,xor-swizzle,cufftdx-block,0,32,512,512,8,4,8,16,9,1,0,0,named-barrier,1,0.036946,0.036946,0.036946,56.762749,1.285839
138,fft,fp64,forward,none,out-of-place,16,65536,4,1,65536,online-reorder,auto,four-mul,recurrence,shared,linear,cufftdx-block,0,32,256,256,8,4,16,2,7,1,0,0,named-barrier,1,0.037028,0.037028,0.037028,56.637169,1.288692
139,fft,fp64,forward,none,out-of-place,16,65536,4,1,65536,online-reorder,auto,four-mul,recurrence,shared,xor-swizzle,cufftdx-block,0,32,512,512,4,4,16,4,7,1,0,0,named-barrier,1,0.037110,0.037110,0.037110,56.512143,1.291546
140,fft,fp64,forward,none,out-of-place,16,65536,4,1,65536,online-reorder,auto,four-mul,recurrence,shared,linear,cufftdx-block,0,32,512,128,4,8,8,4,8,1,0,0,named-barrier,1,0.037110,0.037110,0.037110,56.512143,1.291546
141,fft,fp64,forward,none,out-of-place,16,65536,4,1,65536,online-reorder,auto,four-mul,recurrence,shared,linear,cufftdx-block,0,32,128,512,8,4,8,4,7,1,0,0,named-barrier,1,0.037151,0.037151,0.037151,56.449837,1.292973
142,fft,fp64,forward,none,out-of-place,16,65536,4,1,65536,online-reorder,auto,four-mul,recurrence,shared,linear,cufftdx-block,0,32,512,128,4,8,4,8,9,1,0,0,named-barrier,1,0.037151,0.037151,0.037151,56.449837,1.292973
143,fft,fp64,forward,none,out-of-place,16,65536,4,1,65536,online-reorder,auto,four-mul,recurrence,shared,xor-swizzle,cufftdx-block,0,32,256,512,4,8,4,16,8,1,0,0,named-barrier,1,0.037212,0.037212,0.037212,56.356633,1.295096
144,fft,fp64,forward,none,out-of-place,16,65536,4,1,65536,online-reorder,auto,four-mul,recurrence,shared,linear,cufftdx-block,0,32,512,128,4,8,16,2,7,1,0,0,named-barrier,1,0.037233,0.037233,0.037233,56.325631,1.295827
145,fft,fp64,forward,none,out-of-place,16,65536,4,1,65536,online-reorder,auto,four-mul,recurrence,shared,linear,cufftdx-block,0,32,256,256,8,8,8,8,8,1,0,0,named-barrier,1,0.037315,0.037315,0.037315,56.201975,1.298681
146,fft,fp64,forward,none,out-of-place,16,65536,4,1,65536,online-reorder,auto,four-mul,recurrence,shared,xor-swizzle,cufftdx-block,0,32,256,512,4,8,8,8,7,1,0,0,named-barrier,1,0.037335,0.037335,0.037335,56.171144,1.299377
147,fft,fp64,forward,none,out-of-place,16,65536,4,1,65536,online-reorder,auto,four-mul,recurrence,shared,linear,cufftdx-block,0,32,512,128,8,4,8,4,9,1,0,0,named-barrier,1,0.037335,0.037335,0.037335,56.171144,1.299377
148,fft,fp64,forward,none,out-of-place,16,65536,4,1,65536,online-reorder,auto,four-mul,recurrence,shared,linear,cufftdx-block,0,32,256,512,4,4,2,16,9,1,0,0,named-barrier,1,0.037376,0.037376,0.037376,56.109587,1.300804
149,fft,fp64,forward,none,out-of-place,16,65536,4,1,65536,online-reorder,auto,four-mul,recurrence,shared,xor-swizzle,cufftdx-block,0,32,512,512,4,4,4,16,9,1,0,0,named-barrier,1,0.037376,0.037376,0.037376,56.109587,1.300804
150,fft,fp64,forward,none,out-of-place,16,65536,4,1,65536,online-reorder,auto,four-mul,recurrence,shared,linear,cufftdx-block,0,32,128,512,4,8,4,8,7,1,0,0,named-barrier,1,0.037396,0.037396,0.037396,56.078862,1.301500
151,fft,fp64,forward,none,out-of-place,16,65536,4,1,65536,online-reorder,auto,four-mul,recurrence,shared,xor-swizzle,cufftdx-block,0,32,256,512,4,4,2,16,9,1,0,0,named-barrier,1,0.037519,0.037519,0.037519,55.895199,1.305781
152,fft,fp64,forward,none,out-of-place,16,65536,4,1,65536,online-reorder,auto,four-mul,recurrence,shared,linear,cufftdx-block,0,32,256,256,4,4,8,2,7,1,0,0,named-barrier,1,0.037949,0.037949,0.037949,55.261739,1.320746
153,fft,fp64,forward,none,out-of-place,16,65536,4,1,65536,online-reorder,auto,four-mul,recurrence,shared,linear,cufftdx-block,0,32,512,256,4,4,4,8,9,1,0,0,named-barrier,1,0.037949,0.037949,0.037949,55.261739,1.320746
154,fft,fp64,forward,none,out-of-place,16,65536,4,1,65536,online-reorder,auto,four-mul,recurrence,shared,linear,cufftdx-block,0,32,512,256,4,8,4,16,9,1,0,0,named-barrier,1,0.037949,0.037949,0.037949,55.261739,1.320746
155,fft,fp64,forward,none,out-of-place,16,65536,4,1,65536,online-reorder,auto,four-mul,recurrence,shared,linear,cufftdx-block,0,32,256,512,8,8,4,32,9,1,0,0,named-barrier,1,0.037970,0.037970,0.037970,55.231930,1.321477
156,fft,fp64,forward,none,out-of-place,16,65536,4,1,65536,online-reorder,auto,four-mul,recurrence,shared,xor-swizzle,cufftdx-block,0,32,256,128,8,4,16,1,7,1,0,0,named-barrier,1,0.038052,0.038052,0.038052,55.113025,1.324331
157,fft,fp64,forward,none,out-of-place,16,65536,4,1,65536,online-reorder,auto,four-mul,recurrence,shared,linear,cufftdx-block,0,32,512,256,8,4,16,4,8,1,0,0,named-barrier,1,0.038113,0.038113,0.038113,55.024179,1.326454
158,fft,fp64,forward,none,out-of-place,16,65536,4,1,65536,online-reorder,auto,four-mul,recurrence,shared,linear,cufftdx-block,0,32,512,256,4,4,8,4,8,1,0,0,named-barrier,1,0.038175,0.038175,0.038175,54.935624,1.328612
159,fft,fp64,forward,none,out-of-place,16,65536,4,1,65536,online-reorder,auto,four-mul,recurrence,shared,linear,cufftdx-block,0,32,512,256,8,8,32,4,7,1,0,0,named-barrier,1,0.038216,0.038216,0.038216,54.876739,1.330039
160,fft,fp64,forward,none,out-of-place,16,65536,4,1,65536,online-reorder,auto,four-mul,recurrence,shared,linear,cufftdx-block,0,32,128,128,4,4,4,1,7,1,0,0,named-barrier,1,0.038236,0.038236,0.038236,54.847349,1.330735
161,fft,fp64,forward,none,out-of-place,16,65536,4,1,65536,online-reorder,auto,four-mul,recurrence,shared,linear,cufftdx-block,0,32,512,256,4,8,16,4,7,1,0,0,named-barrier,1,0.038482,0.038482,0.038482,54.497072,1.339296
162,fft,fp64,forward,none,out-of-place,16,65536,4,1,65536,online-reorder,auto,four-mul,recurrence,shared,xor-swizzle,cufftdx-block,0,32,512,512,8,8,16,16,8,1,0,0,named-barrier,1,0.038502,0.038502,0.038502,54.468087,1.339992
163,fft,fp64,forward,none,out-of-place,16,65536,4,1,65536,online-reorder,auto,four-mul,recurrence,shared,xor-swizzle,cufftdx-block,0,32,512,512,8,8,8,32,9,1,0,0,named-barrier,1,0.038523,0.038523,0.038523,54.439127,1.340723
164,fft,fp64,forward,none,out-of-place,16,65536,4,1,65536,online-reorder,auto,four-mul,recurrence,shared,linear,cufftdx-block,0,32,256,512,8,4,16,4,7,1,0,0,named-barrier,1,0.038564,0.038564,0.038564,54.381306,1.342150
165,fft,fp64,forward,none,out-of-place,16,65536,4,1,65536,online-reorder,auto,four-mul,recurrence,shared,linear,cufftdx-block,0,32,256,512,8,4,8,8,8,1,0,0,named-barrier,1,0.038584,0.038584,0.038584,54.352439,1.342846
166,fft,fp64,forward,none,out-of-place,16,65536,4,1,65536,online-reorder,auto,four-mul,recurrence,shared,xor-swizzle,cufftdx-block,0,32,512,512,4,8,8,16,8,1,0,0,named-barrier,1,0.038687,0.038687,0.038687,54.208578,1.346431
167,fft,fp64,forward,none,out-of-place,16,65536,4,1,65536,online-reorder,auto,four-mul,recurrence,shared,xor-swizzle,cufftdx-block,0,32,512,512,8,8,32,8,7,1,0,0,named-barrier,1,0.038707,0.038707,0.038707,54.179894,1.347127
168,fft,fp64,forward,none,out-of-place,16,65536,4,1,65536,online-reorder,auto,four-mul,recurrence,shared,xor-swizzle,cufftdx-block,0,32,512,512,4,8,16,8,7,1,0,0,named-barrier,1,0.038769,0.038769,0.038769,54.094034,1.349285
169,fft,fp64,forward,none,out-of-place,16,65536,4,1,65536,online-reorder,auto,four-mul,recurrence,shared,linear,cufftdx-block,0,32,256,512,4,8,4,16,8,1,0,0,named-barrier,1,0.038769,0.038769,0.038769,54.094034,1.349285
170,fft,fp64,forward,none,out-of-place,16,65536,4,1,65536,online-reorder,auto,four-mul,recurrence,shared,linear,cufftdx-block,0,32,512,512,4,4,4,16,9,1,0,0,named-barrier,1,0.038851,0.038851,0.038851,53.979967,1.352139
171,fft,fp64,forward,none,out-of-place,16,65536,4,1,65536,online-reorder,auto,four-mul,recurrence,shared,xor-swizzle,cufftdx-block,0,32,256,128,4,4,8,1,7,1,0,0,named-barrier,1,0.038871,0.038871,0.038871,53.951530,1.352835
172,fft,fp64,forward,none,out-of-place,16,65536,4,1,65536,online-reorder,auto,four-mul,recurrence,shared,linear,cufftdx-block,0,32,512,128,8,8,8,8,9,1,0,0,named-barrier,1,0.038912,0.038912,0.038912,53.894734,1.354262
173,fft,fp64,forward,none,out-of-place,16,65536,4,1,65536,online-reorder,auto,four-mul,recurrence,shared,linear,cufftdx-block,0,32,128,512,8,8,8,8,7,1,0,0,named-barrier,1,0.039137,0.039137,0.039137,53.584509,1.362092
174,fft,fp64,forward,none,out-of-place,16,65536,4,1,65536,online-reorder,auto,four-mul,recurrence,shared,xor-swizzle,cufftdx-block,0,32,512,512,4,8,4,32,9,1,0,0,named-barrier,1,0.039178,0.039178,0.039178,53.528488,1.363519
175,fft,fp64,forward,none,out-of-place,16,65536,4,1,65536,online-reorder,auto,four-mul,recurrence,shared,linear,cufftdx-block,0,32,256,512,4,8,2,32,9,1,0,0,named-barrier,1,0.039219,0.039219,0.039219,53.472584,1.364946
176,fft,fp64,forward,none,out-of-place,16,65536,4,1,65536,online-reorder,auto,four-mul,recurrence,shared,linear,cufftdx-block,0,32,128,128,4,4,1,4,9,1,0,0,named-barrier,1,0.039301,0.039301,0.039301,53.361126,1.367800
177,fft,fp64,forward,none,out-of-place,16,65536,4,1,65536,online-reorder,auto,four-mul,recurrence,shared,xor-swizzle,cufftdx-block,0,32,256,512,4,8,2,32,9,1,0,0,named-barrier,1,0.039322,0.039322,0.039322,53.333336,1.368531
178,fft,fp64,forward,none,out-of-place,16,65536,4,1,65536,online-reorder,auto,four-mul,recurrence,shared,linear,cufftdx-block,0,32,512,256,8,4,32,2,7,1,0,0,named-barrier,1,0.039342,0.039342,0.039342,53.305571,1.369227
179,fft,fp64,forward,none,out-of-place,16,65536,4,1,65536,online-reorder,auto,four-mul,recurrence,shared,xor-swizzle,cufftdx-block,0,32,128,128,4,4,1,4,9,1,0,0,named-barrier,1,0.039342,0.039342,0.039342,53.305571,1.369227
180,fft,fp64,forward,none,out-of-place,16,65536,4,1,65536,online-reorder,auto,four-mul,recurrence,shared,linear,cufftdx-block,0,32,256,512,4,4,8,4,7,1,0,0,named-barrier,1,0.039506,0.039506,0.039506,53.084498,1.374935
181,fft,fp64,forward,none,out-of-place,16,65536,4,1,65536,online-reorder,auto,four-mul,recurrence,shared,linear,cufftdx-block,0,32,512,256,8,8,16,8,8,1,0,0,named-barrier,1,0.039608,0.039608,0.039608,52.947257,1.378485
182,fft,fp64,forward,none,out-of-place,16,65536,4,1,65536,online-reorder,auto,four-mul,recurrence,shared,linear,cufftdx-block,0,32,512,256,4,4,16,2,7,1,0,0,named-barrier,1,0.039670,0.039670,0.039670,52.865256,1.380642
183,fft,fp64,forward,none,out-of-place,16,65536,4,1,65536,online-reorder,auto,four-mul,recurrence,shared,linear,cufftdx-block,0,32,512,256,8,8,8,16,9,1,0,0,named-barrier,1,0.039670,0.039670,0.039670,52.865256,1.380642
184,fft,fp64,forward,none,out-of-place,16,65536,4,1,65536,online-reorder,auto,four-mul,recurrence,shared,linear,cufftdx-block,0,32,512,256,4,8,8,8,8,1,0,0,named-barrier,1,0.039813,0.039813,0.039813,52.674897,1.385619
185,fft,fp64,forward,none,out-of-place,16,65536,4,1,65536,online-reorder,auto,four-mul,recurrence,shared,linear,cufftdx-block,0,32,512,256,8,4,8,8,9,1,0,0,named-barrier,1,0.039916,0.039916,0.039916,52.539763,1.389204
186,fft,fp64,forward,none,out-of-place,16,65536,4,1,65536,online-reorder,auto,four-mul,recurrence,shared,xor-swizzle,cufftdx-block,0,32,512,128,8,4,32,1,7,1,0,0,named-barrier,1,0.040018,0.040018,0.040018,52.405325,1.392754
187,fft,fp64,forward,none,out-of-place,16,65536,4,1,65536,online-reorder,auto,four-mul,recurrence,shared,linear,cufftdx-block,0,32,128,128,8,4,8,1,7,1,0,0,named-barrier,1,0.040264,0.040264,0.040264,52.085449,1.401316
188,fft,fp64,forward,none,out-of-place,16,65536,4,1,65536,online-reorder,auto,four-mul,recurrence,shared,xor-swizzle,cufftdx-block,0,32,512,128,4,4,16,1,7,1,0,0,named-barrier,1,0.040346,0.040346,0.040346,51.979693,1.404169
189,fft,fp64,forward,none,out-of-place,16,65536,4,1,65536,online-reorder,auto,four-mul,recurrence,shared,linear,cufftdx-block,0,32,256,512,8,8,16,8,7,1,0,0,named-barrier,1,0.040489,0.040489,0.040489,51.795652,1.409146
190,fft,fp64,forward,none,out-of-place,16,65536,4,1,65536,online-reorder,auto,four-mul,recurrence,shared,linear,cufftdx-block,0,32,256,512,8,8,8,16,8,1,0,0,named-barrier,1,0.040591,0.040591,0.040591,51.664986,1.412696
191,fft,fp64,forward,none,out-of-place,16,65536,4,1,65536,online-reorder,auto,four-mul,recurrence,shared,linear,cufftdx-block,0,32,512,512,4,4,8,8,8,1,0,0,named-barrier,1,0.040776,0.040776,0.040776,51.431443,1.419135
192,fft,fp64,forward,none,out-of-place,16,65536,4,1,65536,online-reorder,auto,four-mul,recurrence,shared,linear,cufftdx-block,0,32,512,512,8,4,16,8,8,1,0,0,named-barrier,1,0.040817,0.040817,0.040817,51.379826,1.420562
193,fft,fp64,forward,none,out-of-place,16,65536,4,1,65536,online-reorder,auto,four-mul,recurrence,shared,linear,cufftdx-block,0,32,512,512,4,8,4,32,9,1,0,0,named-barrier,1,0.040878,0.040878,0.040878,51.302605,1.422685
194,fft,fp64,forward,none,out-of-place,16,65536,4,1,65536,online-reorder,auto,four-mul,recurrence,shared,linear,cufftdx-block,0,32,512,512,8,4,32,4,7,1,0,0,named-barrier,1,0.041001,0.041001,0.041001,51.148848,1.426966
195,fft,fp64,forward,none,out-of-place,16,65536,4,1,65536,online-reorder,auto,four-mul,recurrence,shared,linear,cufftdx-block,0,32,512,512,8,4,8,16,9,1,0,0,named-barrier,1,0.041103,0.041103,0.041103,51.021426,1.430515
196,fft,fp64,forward,none,out-of-place,16,65536,4,1,65536,online-reorder,auto,four-mul,recurrence,shared,linear,cufftdx-block,0,32,256,512,4,8,8,8,7,1,0,0,named-barrier,1,0.041226,0.041226,0.041226,50.869352,1.434796
197,fft,fp64,forward,none,out-of-place,16,65536,4,1,65536,online-reorder,auto,four-mul,recurrence,shared,linear,cufftdx-block,0,32,512,512,4,4,16,4,7,1,0,0,named-barrier,1,0.041267,0.041267,0.041267,50.818857,1.436223
198,fft,fp64,forward,none,out-of-place,16,65536,4,1,65536,online-reorder,auto,four-mul,recurrence,shared,linear,cufftdx-block,0,32,128,128,4,8,1,8,9,1,0,0,named-barrier,1,0.041370,0.041370,0.041370,50.693067,1.439808
199,fft,fp64,forward,none,out-of-place,16,65536,4,1,65536,online-reorder,auto,four-mul,recurrence,shared,xor-swizzle,cufftdx-block,0,32,128,128,4,8,1,8,9,1,0,0,named-barrier,1,0.041370,0.041370,0.041370,50.693067,1.439808
200,fft,fp64,forward,none,out-of-place,16,65536,4,1,65536,online-reorder,auto,four-mul,recurrence,shared,linear,cufftdx-block,0,32,256,128,8,4,16,1,7,1,0,0,named-barrier,1,0.041759,0.041759,0.041759,50.220697,1.453346
201,fft,fp64,forward,none,out-of-place,16,65536,4,1,65536,online-reorder,auto,four-mul,recurrence,shared,xor-swizzle,cufftdx-block,0,32,128,256,4,8,1,16,9,1,0,0,named-barrier,1,0.042189,0.042189,0.042189,49.708737,1.468312
202,fft,fp64,forward,none,out-of-place,16,65536,4,1,65536,online-reorder,auto,four-mul,recurrence,shared,linear,cufftdx-block,0,32,128,256,4,8,1,16,9,1,0,0,named-barrier,1,0.042291,0.042291,0.042291,49.588380,1.471862
203,fft,fp64,forward,none,out-of-place,16,65536,4,1,65536,online-reorder,auto,four-mul,recurrence,shared,xor-swizzle,cufftdx-block,0,32,128,256,4,4,1,8,9,1,0,0,named-barrier,1,0.042312,0.042312,0.042312,49.564376,1.472592
204,fft,fp64,forward,none,out-of-place,16,65536,4,1,65536,online-reorder,auto,four-mul,recurrence,shared,linear,cufftdx-block,0,32,128,256,4,4,1,8,9,1,0,0,named-barrier,1,0.042414,0.042414,0.042414,49.444712,1.476142
205,fft,fp64,forward,none,out-of-place,16,65536,4,1,65536,online-reorder,auto,four-mul,recurrence,shared,linear,cufftdx-block,0,32,512,512,8,8,16,16,8,1,0,0,named-barrier,1,0.042598,0.042598,0.042598,49.230769,1.482546
206,fft,fp64,forward,none,out-of-place,16,65536,4,1,65536,online-reorder,auto,four-mul,recurrence,shared,linear,cufftdx-block,0,32,512,512,8,8,8,32,9,1,0,0,named-barrier,1,0.042721,0.042721,0.042721,49.089163,1.486827
207,fft,fp64,forward,none,out-of-place,16,65536,4,1,65536,online-reorder,auto,four-mul,recurrence,shared,linear,cufftdx-block,0,32,512,512,8,8,32,8,7,1,0,0,named-barrier,1,0.042783,0.042783,0.042783,49.018669,1.488985
208,fft,fp64,forward,none,out-of-place,16,65536,4,1,65536,online-reorder,auto,four-mul,recurrence,shared,linear,cufftdx-block,0,32,256,128,4,4,8,1,7,1,0,0,named-barrier,1,0.042803,0.042803,0.042803,48.995213,1.489681
209,fft,fp64,forward,none,out-of-place,16,65536,4,1,65536,online-reorder,auto,four-mul,recurrence,shared,linear,cufftdx-block,0,32,512,512,4,8,8,16,8,1,0,0,named-barrier,1,0.043049,0.043049,0.043049,48.715510,1.498242
210,fft,fp64,forward,none,out-of-place,16,65536,4,1,65536,online-reorder,auto,four-mul,recurrence,shared,linear,cufftdx-block,0,32,512,512,4,8,16,8,7,1,0,0,named-barrier,1,0.043090,0.043090,0.043090,48.669203,1.499669
211,fft,fp64,forward,none,out-of-place,16,65536,4,1,65536,online-reorder,auto,four-mul,recurrence,shared,xor-swizzle,cufftdx-block,0,32,128,512,4,4,1,16,9,1,0,0,named-barrier,1,0.043110,0.043110,0.043110,48.646080,1.500365
212,fft,fp64,forward,none,out-of-place,16,65536,4,1,65536,online-reorder,auto,four-mul,recurrence,shared,linear,cufftdx-block,0,32,128,512,4,4,1,16,9,1,0,0,named-barrier,1,0.043295,0.043295,0.043295,48.438978,1.506804
213,fft,fp64,forward,none,out-of-place,16,65536,4,1,65536,online-reorder,auto,four-mul,recurrence,shared,linear,cufftdx-block,0,32,512,128,8,4,32,1,7,1,0,0,named-barrier,1,0.044012,0.044012,0.044012,47.650068,1.531758
214,fft,fp64,forward,none,out-of-place,16,65536,4,1,65536,online-reorder,auto,four-mul,recurrence,shared,linear,cufftdx-block,0,32,512,128,4,4,16,1,7,1,0,0,named-barrier,1,0.044564,0.044564,0.044564,47.058822,1.550969
215,fft,fp64,forward,none,out-of-place,16,65536,4,1,65536,online-reorder,auto,four-mul,recurrence,shared,xor-swizzle,cufftdx-block,0,32,128,512,4,8,1,32,9,1,0,0,named-barrier,1,0.045097,0.045097,0.045097,46.503179,1.569519
216,fft,fp64,forward,none,out-of-place,16,65536,4,1,65536,online-reorder,auto,four-mul,recurrence,shared,linear,cufftdx-block,0,32,128,512,4,8,1,32,9,1,0,0,named-barrier,1,0.045322,0.045322,0.045322,46.272026,1.577350
