candidate_id,group,trial,implementation,reference,static_score,mapping_id,decomposition_count,stages_per_decomposition,segment_threads,segment_ept,boundary_twiddles,boundary_layouts,boundary_residencies,execution_group_count,execution_group_stages,group_threads,group_ept,processing_unit,prefix_log_n,suffix_log_n,prefix_threads,suffix_threads,prefix_ept,suffix_ept,cross_twiddle,direct_boundary,device,compute_capability,operator,precision,direction,normalization,placement,backend,fft_core,logN,N,batch,warmup,repeat,kernel_ms,points_s,max_error,correct
fft20-fp32_b8_d3_3x5x12_t256x256x1024_e8x16x4_tt_fg_gt256x1024_ge16x4,fft20-fp32-batch8,1,fft20-fp32_b8_d3_3x5x12_t256x256x1024_e8x16x4_tt_fg_gt256x1024_ge16x4,0,3214403.30556854,fft20-fp32,3,3x5x12,256x256x1024,8x16x4,tablextable,direct-stridedxdirect-strided,fusedxglobal-scratch,2,8x12,256x1024,16x4,cufftdx-online-shared+cufftdx-online-shared+cufftdx-large-online,3,12,256,1024,8,4,table,direct-strided,Tesla V100-SXM2-16GB,7.0,fft,fp32,forward,none,in-place,online-reorder,cufftdx-block,20,1048576,8,100,50,0.839619,9990975615.190218,0.001050,1
fft18-fp32_b16_p12s6_t256x128_e16x16_rec,fft18-fp32-batch16,3,fft18-fp32_b16_p12s6_t256x128_e16x16_rec,0,596635.8498306066,fft18-fp32,2,12x6,256x128,16x16,recurrence,direct-strided,global-scratch,2,,,,cufftdx-large-online+cufftdx-online-shared,12,6,256,128,16,16,recurrence,direct-strided,Tesla V100-SXM2-16GB,7.0,fft,fp32,forward,none,in-place,online-reorder,cufftdx-block,18,262144,16,100,50,0.346788,12094726269.676991,0.000675,1
fft18-fp32_b16_d3_5x3x10_t128x128x128_e16x8x16_tt_fg_gt128x128_ge16x16,fft18-fp32-batch16,3,fft18-fp32_b16_d3_5x3x10_t128x128x128_e16x8x16_tt_fg_gt128x128_ge16x16,0,608812.0916638843,fft18-fp32,3,5x3x10,128x128x128,16x8x16,tablextable,direct-stridedxdirect-strided,fusedxglobal-scratch,2,8x10,128x128,16x16,cufftdx-online-shared+cufftdx-online-shared+cufftdx-online-shared,5,10,128,128,16,16,table,direct-strided,Tesla V100-SXM2-16GB,7.0,fft,fp32,forward,none,in-place,online-reorder,cufftdx-block,18,262144,16,100,50,0.265687,15786633276.641626,0.000610,1
fft18-fp32_b16_d3_4x4x10_t256x256x256_e16x16x16_tt_fg_gt256x256_ge16x16,fft18-fp32-batch16,2,fft18-fp32_b16_d3_4x4x10_t256x256x256_e16x16x16_tt_fg_gt256x256_ge16x16,0,608812.0916638843,fft18-fp32,3,4x4x10,256x256x256,16x16x16,tablextable,direct-stridedxdirect-strided,fusedxglobal-scratch,2,8x10,256x256,16x16,cufftdx-online-shared+cufftdx-online-shared+cufftdx-online-shared,4,10,256,256,16,16,table,direct-strided,Tesla V100-SXM2-16GB,7.0,fft,fp32,forward,none,in-place,online-reorder,cufftdx-block,18,262144,16,100,50,0.288338,14546487871.628933,0.000610,1
fft18-fp32_b16_d3_3x5x10_t128x128x128_e8x16x16_tt_fg_gt128x128_ge16x16,fft18-fp32-batch16,1,fft18-fp32_b16_d3_3x5x10_t128x128x128_e8x16x16_tt_fg_gt128x128_ge16x16,0,608812.0916638843,fft18-fp32,3,3x5x10,128x128x128,8x16x16,tablextable,direct-stridedxdirect-strided,fusedxglobal-scratch,2,8x10,128x128,16x16,cufftdx-online-shared+cufftdx-online-shared+cufftdx-online-shared,3,10,128,128,8,16,table,direct-strided,Tesla V100-SXM2-16GB,7.0,fft,fp32,forward,none,in-place,online-reorder,cufftdx-block,18,262144,16,100,50,0.265708,15785416831.535055,0.000610,1
fft20-fp32_b16_d3_7x3x10_t128x128x128_e16x8x16_tt_fg_gt128x128_ge16x16,fft20-fp32-batch16,2,fft20-fp32_b16_d3_7x3x10_t128x128x128_e16x8x16_tt_fg_gt128x128_ge16x16,0,2435248.3666555374,fft20-fp32,3,7x3x10,128x128x128,16x8x16,tablextable,direct-stridedxdirect-strided,fusedxglobal-scratch,2,10x10,128x128,16x16,cufftdx-online-shared+cufftdx-online-shared+cufftdx-online-shared,7,10,128,128,16,16,table,direct-strided,Tesla V100-SXM2-16GB,7.0,fft,fp32,forward,none,in-place,online-reorder,cufftdx-block,20,1048576,16,100,50,1.297326,12932150332.758234,0.001468,1
fft18-fp32_b64_cufft,fft18-fp32-batch64,2,cuFFT,1,0.0,fft18-fp32,0,,,,,,,0,,,,vendor-baseline,0,0,0,0,0,0,none,none,Tesla V100-SXM2-16GB,7.0,fft,fp32,forward,none,in-place,cufft,scalar,18,262144,64,100,50,0.706560,23744929012.434086,0.000678,1
fft18-fp32_b64_d3_4x11x3_t256x1024x256_e16x2x8_tt_gg,fft18-fp32-batch64,3,fft18-fp32_b64_d3_4x11x3_t256x1024x256_e16x2x8_tt_gg,0,14955662.166722313,fft18-fp32,3,4x11x3,256x1024x256,16x2x8,tablextable,direct-stridedxdirect-strided,global-scratchxglobal-scratch,3,,,,cufftdx-online-shared+cufftdx-large-online+cufftdx-online-shared,4,3,256,256,16,8,table,direct-strided,Tesla V100-SXM2-16GB,7.0,fft,fp32,forward,none,in-place,online-reorder,cufftdx-block,18,262144,64,100,50,3.288863,5101221152.624272,0.000401,1
fft20-fp32_b2_p8s12_t128x256_e16x16_rec,fft20-fp32-batch2,3,fft20-fp32_b2_p8s12_t128x256_e16x16_rec,0,298317.9249153033,fft20-fp32,2,8x12,128x256,16x16,recurrence,direct-strided,global-scratch,2,,,,cufftdx-online-shared+cufftdx-large-online,8,12,128,256,16,16,recurrence,direct-strided,Tesla V100-SXM2-16GB,7.0,fft,fp32,forward,none,in-place,online-reorder,cufftdx-block,20,1048576,2,100,50,0.176128,11906976742.767656,0.001274,1
fft18-fp32_b2_d3_4x4x10_t256x256x256_e16x16x16_tt_fg_gt256x256_ge16x16,fft18-fp32-batch2,1,fft18-fp32_b2_d3_4x4x10_t256x256x256_e16x16x16_tt_fg_gt256x256_ge16x16,0,93304.71145798556,fft18-fp32,3,4x4x10,256x256x256,16x16x16,tablextable,direct-stridedxdirect-strided,fusedxglobal-scratch,2,8x10,256x256,16x16,cufftdx-online-shared+cufftdx-online-shared+cufftdx-online-shared,4,10,256,256,16,16,table,direct-strided,Tesla V100-SXM2-16GB,7.0,fft,fp32,forward,none,in-place,online-reorder,cufftdx-block,18,262144,2,100,50,0.039506,13271124497.074245,0.000501,1
fft20-fp32_b8_d4_3x3x4x10_t512x512x512x512_e8x8x16x16_rrr_ffg_gt512x512_ge8x8,fft20-fp32-batch8,1,fft20-fp32_b8_d4_3x3x4x10_t512x512x512x512_e8x8x16x16_rrr_ffg_gt512x512_ge8x8,0,2435248.3666555374,fft20-fp32,4,3x3x4x10,512x512x512x512,8x8x16x16,recurrencexrecurrencexrecurrence,direct-stridedxdirect-stridedxdirect-strided,fusedxfusedxglobal-scratch,2,10x10,512x512,8x8,cufftdx-online-shared+cufftdx-online-shared+cufftdx-online-shared+cufftdx-online-shared,3,10,512,512,8,16,recurrence,direct-strided,Tesla V100-SXM2-16GB,7.0,fft,fp32,forward,none,in-place,online-reorder,cufftdx-block,20,1048576,8,100,50,0.414618,20232154728.477669,0.001485,1
fft20-fp32_b16_d3_3x5x12_t128x128x512_e8x16x8_tt_fg_gt128x512_ge16x8,fft20-fp32-batch16,1,fft20-fp32_b16_d3_3x5x12_t128x128x512_e8x16x8_tt_fg_gt128x512_ge16x8,0,3638950.2259420017,fft20-fp32,3,3x5x12,128x128x512,8x16x8,tablextable,direct-stridedxdirect-strided,fusedxglobal-scratch,2,8x12,128x512,16x8,cufftdx-online-shared+cufftdx-online-shared+cufftdx-large-online,3,12,128,512,8,8,table,direct-strided,Tesla V100-SXM2-16GB,7.0,fft,fp32,forward,none,in-place,online-reorder,cufftdx-block,20,1048576,16,100,50,1.757082,9548341826.651150,0.001152,1
fft18-fp32_b64_d3_3x12x3_t256x1024x256_e8x4x8_tt_gg,fft18-fp32-batch64,1,fft18-fp32_b64_d3_3x12x3_t256x1024x256_e8x4x8_tt_gg,0,9804185.600000001,fft18-fp32,3,3x12x3,256x1024x256,8x4x8,tablextable,direct-stridedxdirect-strided,global-scratchxglobal-scratch,3,,,,cufftdx-online-shared+cufftdx-large-online+cufftdx-online-shared,3,3,256,256,8,8,table,direct-strided,Tesla V100-SXM2-16GB,7.0,fft,fp32,forward,none,in-place,online-reorder,cufftdx-block,18,262144,64,100,50,3.048182,5504007717.923839,0.000489,1
fft18-fp32_b64_d3_12x3x3_t256x512x512_e16x8x8_tt_gf_gt256x512_ge16x16,fft18-fp32-batch64,2,fft18-fp32_b64_d3_12x3x3_t256x512x512_e16x8x8_tt_gf_gt256x512_ge16x16,0,2435248.3666555374,fft18-fp32,3,12x3x3,256x512x512,16x8x8,tablextable,direct-stridedxdirect-strided,global-scratchxfused,2,12x6,256x512,16x16,cufftdx-large-online+cufftdx-online-shared+cufftdx-online-shared,12,3,256,512,16,8,table,direct-strided,Tesla V100-SXM2-16GB,7.0,fft,fp32,forward,none,in-place,online-reorder,cufftdx-block,18,262144,64,100,50,1.551565,10813093892.761606,0.000657,1
fft18-fp32_b2_d3_6x3x9_t512x512x512_e16x8x16_tt_gf_gt512x256_ge16x16,fft18-fp32-batch2,3,fft18-fp32_b2_d3_6x3x9_t512x512x512_e16x8x16_tt_gf_gt512x256_ge16x16,0,83474.31145798555,fft18-fp32,3,6x3x9,512x512x512,16x8x16,tablextable,direct-stridedxdirect-strided,global-scratchxfused,2,6x12,512x256,16x16,cufftdx-online-shared+cufftdx-online-shared+cufftdx-online-shared,6,9,512,512,16,16,table,direct-strided,Tesla V100-SXM2-16GB,7.0,fft,fp32,forward,none,in-place,online-reorder,cufftdx-block,18,262144,2,100,50,0.057344,9142857611.407455,0.000497,1
fft18-fp32_b64_p6s12_t128x256_e16x16_rec_tx,fft18-fp32-batch64,3,fft18-fp32_b64_p6s12_t128x256_e16x16_rec_tx,0,2386543.3993224264,fft18-fp32,2,6x12,128x256,16x16,recurrence,tiled-transpose,global-scratch,2,,,,cufftdx-online-shared+cufftdx-large-online,6,12,128,256,16,16,recurrence,tiled-transpose,Tesla V100-SXM2-16GB,7.0,fft,fp32,forward,none,in-place,online-reorder,cufftdx-block,18,262144,64,100,50,1.070387,15673968547.854292,0.000637,1
fft18-fp32_b2_d3_4x3x11_t128x128x512_e16x8x4_tt_fg_gt128x512_ge16x4,fft18-fp32-batch2,1,fft18-fp32_b2_d3_4x3x11_t128x128x512_e16x8x4_tt_fg_gt128x512_ge16x4,0,241041.00659803377,fft18-fp32,3,4x3x11,128x128x512,16x8x4,tablextable,direct-stridedxdirect-strided,fusedxglobal-scratch,2,7x11,128x512,16x4,cufftdx-online-shared+cufftdx-online-shared+cufftdx-large-online,4,11,128,512,16,4,table,direct-strided,Tesla V100-SXM2-16GB,7.0,fft,fp32,forward,none,in-place,online-reorder,cufftdx-block,18,262144,2,100,50,0.053494,9800918739.736185,0.000516,1
fft20-fp32_b16_d4_3x7x3x7_t512x512x512x512_e8x16x8x16_rrr_fgf_gt512x512_ge8x8,fft20-fp32-batch16,3,fft20-fp32_b16_d4_3x7x3x7_t512x512x512x512_e8x16x8x16_rrr_fgf_gt512x512_ge8x8,0,4870496.733311075,fft20-fp32,4,3x7x3x7,512x512x512x512,8x16x8x16,recurrencexrecurrencexrecurrence,direct-stridedxdirect-stridedxdirect-strided,fusedxglobal-scratchxfused,2,10x10,512x512,8x8,cufftdx-online-shared+cufftdx-online-shared+cufftdx-online-shared+cufftdx-online-shared,3,7,512,512,8,16,recurrence,direct-strided,Tesla V100-SXM2-16GB,7.0,fft,fp32,forward,none,in-place,online-reorder,cufftdx-block,20,1048576,16,100,50,0.829931,20215181673.481499,0.001466,1
fft18-fp32_b2_d4_3x3x3x9_t512x512x512x512_e8x8x8x16_ttt_fgf_gt512x256_ge16x16,fft18-fp32-batch2,3,fft18-fp32_b2_d4_3x3x3x9_t512x512x512x512_e8x8x8x16_ttt_fgf_gt512x256_ge16x16,0,83474.31145798555,fft18-fp32,4,3x3x3x9,512x512x512x512,8x8x8x16,tablextablextable,direct-stridedxdirect-stridedxdirect-strided,fusedxglobal-scratchxfused,2,6x12,512x256,16x16,cufftdx-online-shared+cufftdx-online-shared+cufftdx-online-shared+cufftdx-online-shared,3,9,512,512,8,16,table,direct-strided,Tesla V100-SXM2-16GB,7.0,fft,fp32,forward,none,in-place,online-reorder,cufftdx-block,18,262144,2,100,50,0.057324,9146123752.715437,0.000497,1
fft20-fp32_b16_d4_3x3x4x10_t512x512x512x512_e8x8x16x16_rrr_ffg_gt512x512_ge8x8,fft20-fp32-batch16,1,fft20-fp32_b16_d4_3x3x4x10_t512x512x512x512_e8x8x16x16_rrr_ffg_gt512x512_ge8x8,0,4870496.733311075,fft20-fp32,4,3x3x4x10,512x512x512x512,8x8x16x16,recurrencexrecurrencexrecurrence,direct-stridedxdirect-stridedxdirect-strided,fusedxfusedxglobal-scratch,2,10x10,512x512,8x8,cufftdx-online-shared+cufftdx-online-shared+cufftdx-online-shared+cufftdx-online-shared,3,10,512,512,8,16,recurrence,direct-strided,Tesla V100-SXM2-16GB,7.0,fft,fp32,forward,none,in-place,online-reorder,cufftdx-block,20,1048576,16,100,50,0.832819,20145087347.320728,0.001466,1
fft18-fp32_b64_d3_3x5x10_t128x128x128_e8x16x16_tt_fg_gt128x128_ge16x16,fft18-fp32-batch64,1,fft18-fp32_b64_d3_3x5x10_t128x128x128_e8x16x16_tt_fg_gt128x128_ge16x16,0,2435248.3666555374,fft18-fp32,3,3x5x10,128x128x128,8x16x16,tablextable,direct-stridedxdirect-strided,fusedxglobal-scratch,2,8x10,128x128,16x16,cufftdx-online-shared+cufftdx-online-shared+cufftdx-online-shared,3,10,128,128,8,16,table,direct-strided,Tesla V100-SXM2-16GB,7.0,fft,fp32,forward,none,in-place,online-reorder,cufftdx-block,18,262144,64,100,50,0.939541,17856830975.788807,0.000610,1
fft20-fp32_b2_p9s11_t128x256_e16x8_rec,fft20-fp32-batch2,3,fft20-fp32_b2_p9s11_t128x256_e16x8_rec,0,445771.4026778952,fft20-fp32,2,9x11,128x256,16x8,recurrence,direct-strided,global-scratch,2,,,,cufftdx-online-shared+cufftdx-large-online,9,11,128,256,16,8,recurrence,direct-strided,Tesla V100-SXM2-16GB,7.0,fft,fp32,forward,none,in-place,online-reorder,cufftdx-block,20,1048576,2,100,50,0.157716,13296974176.286972,0.001638,1
fft18-fp32_b2_d3_6x3x9_t512x512x512_e16x8x16_tt_gf_gt512x256_ge16x16,fft18-fp32-batch2,1,fft18-fp32_b2_d3_6x3x9_t512x512x512_e16x8x16_tt_gf_gt512x256_ge16x16,0,83474.31145798555,fft18-fp32,3,6x3x9,512x512x512,16x8x16,tablextable,direct-stridedxdirect-strided,global-scratchxfused,2,6x12,512x256,16x16,cufftdx-online-shared+cufftdx-online-shared+cufftdx-online-shared,6,9,512,512,16,16,table,direct-strided,Tesla V100-SXM2-16GB,7.0,fft,fp32,forward,none,in-place,online-reorder,cufftdx-block,18,262144,2,100,50,0.057283,9152663041.000748,0.000497,1
fft18-fp32_b16_p9s9_t256x256_e8x8_rec,fft18-fp32-batch16,3,fft18-fp32_b16_p9s9_t256x256_e8x8_rec,0,1193271.6996612132,fft18-fp32,2,9x9,256x256,8x8,recurrence,direct-strided,global-scratch,2,,,,cufftdx-online-shared+cufftdx-online-shared,9,9,256,256,8,8,recurrence,direct-strided,Tesla V100-SXM2-16GB,7.0,fft,fp32,forward,none,in-place,online-reorder,cufftdx-block,18,262144,16,100,50,0.195830,21418114556.744560,0.000629,1
fft18-fp32_b2_d3_12x3x3_t256x512x512_e16x8x8_tt_gf_gt256x512_ge16x16,fft18-fp32-batch2,3,fft18-fp32_b2_d3_12x3x3_t256x512x512_e16x8x8_tt_gf_gt256x512_ge16x16,0,93304.71145798556,fft18-fp32,3,12x3x3,256x512x512,16x8x8,tablextable,direct-stridedxdirect-strided,global-scratchxfused,2,12x6,256x512,16x16,cufftdx-large-online+cufftdx-online-shared+cufftdx-online-shared,12,3,256,512,16,8,table,direct-strided,Tesla V100-SXM2-16GB,7.0,fft,fp32,forward,none,in-place,online-reorder,cufftdx-block,18,262144,2,100,50,0.061911,8468408994.708865,0.000503,1
fft20-fp32_b16_d3_3x5x12_t256x256x1024_e8x16x4_tt_fg_gt256x1024_ge16x4,fft20-fp32-batch16,3,fft20-fp32_b16_d3_3x5x12_t256x256x1024_e8x16x4_tt_fg_gt256x1024_ge16x4,0,6428806.61113708,fft20-fp32,3,3x5x12,256x256x1024,8x16x4,tablextable,direct-stridedxdirect-strided,fusedxglobal-scratch,2,8x12,256x1024,16x4,cufftdx-online-shared+cufftdx-online-shared+cufftdx-large-online,3,12,256,1024,8,4,table,direct-strided,Tesla V100-SXM2-16GB,7.0,fft,fp32,forward,none,in-place,online-reorder,cufftdx-block,20,1048576,16,100,50,1.450025,11570293653.878117,0.001221,1
fft18-fp32_b2_d3_3x5x10_t256x256x256_e8x16x16_tt_fg_gt256x256_ge16x16,fft18-fp32-batch2,2,fft18-fp32_b2_d3_3x5x10_t256x256x256_e8x16x16_tt_fg_gt256x256_ge16x16,0,93304.71145798556,fft18-fp32,3,3x5x10,256x256x256,8x16x16,tablextable,direct-stridedxdirect-strided,fusedxglobal-scratch,2,8x10,256x256,16x16,cufftdx-online-shared+cufftdx-online-shared+cufftdx-online-shared,3,10,256,256,8,16,table,direct-strided,Tesla V100-SXM2-16GB,7.0,fft,fp32,forward,none,in-place,online-reorder,cufftdx-block,18,262144,2,100,50,0.039444,13291796438.589510,0.000501,1
fft18-fp32_b2_d3_3x11x4_t256x1024x256_e8x2x16_tt_gg,fft18-fp32-batch2,1,fft18-fp32_b2_d3_3x11x4_t256x1024x256_e8x2x16_tt_gg,0,577809.0666666667,fft18-fp32,3,3x11x4,256x1024x256,8x2x16,tablextable,direct-stridedxdirect-strided,global-scratchxglobal-scratch,3,,,,cufftdx-online-shared+cufftdx-large-online+cufftdx-online-shared,3,4,256,256,8,16,table,direct-strided,Tesla V100-SXM2-16GB,7.0,fft,fp32,forward,none,in-place,online-reorder,cufftdx-block,18,262144,2,100,50,0.103895,5046323391.819761,0.000348,1
fft18-fp32_b64_p6s12_t128x256_e16x16_rec_tx,fft18-fp32-batch64,1,fft18-fp32_b64_p6s12_t128x256_e16x16_rec_tx,0,2386543.3993224264,fft18-fp32,2,6x12,128x256,16x16,recurrence,tiled-transpose,global-scratch,2,,,,cufftdx-online-shared+cufftdx-large-online,6,12,128,256,16,16,recurrence,tiled-transpose,Tesla V100-SXM2-16GB,7.0,fft,fp32,forward,none,in-place,online-reorder,cufftdx-block,18,262144,64,100,50,1.069404,15688377858.696404,0.000637,1
fft20-fp32_b16_d3_5x12x3_t128x512x128_e16x8x8_tt_gg,fft20-fp32-batch16,3,fft20-fp32_b16_d3_5x12x3_t128x512x128_e16x8x8_tt_gg,0,5878304.21113708,fft20-fp32,3,5x12x3,128x512x128,16x8x8,tablextable,direct-stridedxdirect-strided,global-scratchxglobal-scratch,3,,,,cufftdx-online-shared+cufftdx-large-online+cufftdx-online-shared,5,3,128,128,16,8,table,direct-strided,Tesla V100-SXM2-16GB,7.0,fft,fp32,forward,none,in-place,online-reorder,cufftdx-block,20,1048576,16,100,50,3.417784,4908798735.985415,0.001466,1
fft20-fp32_b16_d3_5x3x12_t128x128x512_e16x8x8_tt_fg_gt128x512_ge16x8,fft20-fp32-batch16,3,fft20-fp32_b16_d3_5x3x12_t128x128x512_e16x8x8_tt_fg_gt128x512_ge16x8,0,3638950.2259420017,fft20-fp32,3,5x3x12,128x128x512,16x8x8,tablextable,direct-stridedxdirect-strided,fusedxglobal-scratch,2,8x12,128x512,16x8,cufftdx-online-shared+cufftdx-online-shared+cufftdx-large-online,5,12,128,512,16,8,table,direct-strided,Tesla V100-SXM2-16GB,7.0,fft,fp32,forward,none,in-place,online-reorder,cufftdx-block,20,1048576,16,100,50,1.750979,9581622587.987574,0.001152,1
fft20-fp32_b2_d3_4x5x11_t128x128x512_e16x16x4_tt_fg_gt128x512_ge16x4,fft20-fp32-batch2,1,fft20-fp32_b2_d3_4x5x11_t128x128x512_e16x16x4_tt_fg_gt128x512_ge16x4,0,803600.826392135,fft20-fp32,3,4x5x11,128x128x512,16x16x4,tablextable,direct-stridedxdirect-strided,fusedxglobal-scratch,2,9x11,128x512,16x4,cufftdx-online-shared+cufftdx-online-shared+cufftdx-large-online,4,11,128,512,16,4,table,direct-strided,Tesla V100-SXM2-16GB,7.0,fft,fp32,forward,none,in-place,online-reorder,cufftdx-block,20,1048576,2,100,50,0.208527,10056963442.801983,0.001468,1
fft20-fp32_b16_p10s10_t256x128_e16x16_rec,fft20-fp32-batch16,2,fft20-fp32_b16_p10s10_t256x128_e16x16_rec,0,2386543.3993224264,fft20-fp32,2,10x10,256x128,16x16,recurrence,direct-strided,global-scratch,2,,,,cufftdx-online-shared+cufftdx-online-shared,10,10,256,128,16,16,recurrence,direct-strided,Tesla V100-SXM2-16GB,7.0,fft,fp32,forward,none,in-place,online-reorder,cufftdx-block,20,1048576,16,100,50,0.764805,21936589026.370438,0.001451,1
fft18-fp32_b64_d3_3x11x4_t128x512x128_e8x4x16_tt_gg,fft18-fp32-batch64,2,fft18-fp32_b64_d3_3x11x4_t128x512x128_e8x4x16_tt_gg,0,9437184.0,fft18-fp32,3,3x11x4,128x512x128,8x4x16,tablextable,direct-stridedxdirect-strided,global-scratchxglobal-scratch,3,,,,cufftdx-online-shared+cufftdx-large-online+cufftdx-online-shared,3,4,128,128,8,16,table,direct-strided,Tesla V100-SXM2-16GB,7.0,fft,fp32,forward,none,in-place,online-reorder,cufftdx-block,18,262144,64,100,50,3.341681,5020592443.168191,0.000553,1
fft18-fp32_b2_p12s6_t256x128_e16x16_rec,fft18-fp32-batch2,1,fft18-fp32_b2_p12s6_t256x128_e16x16_rec,0,91438.61722882584,fft18-fp32,2,12x6,256x128,16x16,recurrence,direct-strided,global-scratch,2,,,,cufftdx-large-online+cufftdx-online-shared,12,6,256,128,16,16,recurrence,direct-strided,Tesla V100-SXM2-16GB,7.0,fft,fp32,forward,none,in-place,online-reorder,cufftdx-block,18,262144,2,100,50,0.051507,10178926234.688972,0.000579,1
fft18-fp32_b64_d3_3x3x12_t256x256x1024_e8x8x4_tt_fg_gt256x1024_ge16x4,fft18-fp32-batch64,1,fft18-fp32_b64_d3_3x3x12_t256x256x1024_e8x8x4_tt_fg_gt256x1024_ge16x4,0,6428806.61113708,fft18-fp32,3,3x3x12,256x256x1024,8x8x4,tablextable,direct-stridedxdirect-strided,fusedxglobal-scratch,2,6x12,256x1024,16x4,cufftdx-online-shared+cufftdx-online-shared+cufftdx-large-online,3,12,256,1024,8,4,table,direct-strided,Tesla V100-SXM2-16GB,7.0,fft,fp32,forward,none,in-place,online-reorder,cufftdx-block,18,262144,64,100,50,1.209754,13868292850.609591,0.000521,1
fft20-fp32_b8_d4_3x7x3x7_t512x512x512x512_e8x16x8x16_rrr_fgf_gt512x512_ge8x8,fft20-fp32-batch8,3,fft20-fp32_b8_d4_3x7x3x7_t512x512x512x512_e8x16x8x16_rrr_fgf_gt512x512_ge8x8,0,2435248.3666555374,fft20-fp32,4,3x7x3x7,512x512x512x512,8x16x8x16,recurrencexrecurrencexrecurrence,direct-stridedxdirect-stridedxdirect-strided,fusedxglobal-scratchxfused,2,10x10,512x512,8x8,cufftdx-online-shared+cufftdx-online-shared+cufftdx-online-shared+cufftdx-online-shared,3,7,512,512,8,16,recurrence,direct-strided,Tesla V100-SXM2-16GB,7.0,fft,fp32,forward,none,in-place,online-reorder,cufftdx-block,20,1048576,8,100,50,0.413184,20302353566.492584,0.001485,1
fft18-fp32_b16_d3_3x5x10_t128x128x128_e8x16x16_tt_fg_gt128x128_ge16x16,fft18-fp32-batch16,3,fft18-fp32_b16_d3_3x5x10_t128x128x128_e8x16x16_tt_fg_gt128x128_ge16x16,0,608812.0916638843,fft18-fp32,3,3x5x10,128x128x128,8x16x16,tablextable,direct-stridedxdirect-strided,fusedxglobal-scratch,2,8x10,128x128,16x16,cufftdx-online-shared+cufftdx-online-shared+cufftdx-online-shared,3,10,128,128,8,16,table,direct-strided,Tesla V100-SXM2-16GB,7.0,fft,fp32,forward,none,in-place,online-reorder,cufftdx-block,18,262144,16,100,50,0.257659,16278515914.554890,0.000610,1
fft20-fp32_b16_d3_5x3x12_t128x128x512_e16x8x8_tt_fg_gt128x512_ge16x8,fft20-fp32-batch16,1,fft20-fp32_b16_d3_5x3x12_t128x128x512_e16x8x8_tt_fg_gt128x512_ge16x8,0,3638950.2259420017,fft20-fp32,3,5x3x12,128x128x512,16x8x8,tablextable,direct-stridedxdirect-strided,fusedxglobal-scratch,2,8x12,128x512,16x8,cufftdx-online-shared+cufftdx-online-shared+cufftdx-large-online,5,12,128,512,16,8,table,direct-strided,Tesla V100-SXM2-16GB,7.0,fft,fp32,forward,none,in-place,online-reorder,cufftdx-block,20,1048576,16,100,50,1.767526,9491918260.629770,0.001152,1
fft20-fp32_b16_cufft,fft20-fp32-batch16,1,cuFFT,1,0.0,fft20-fp32,0,,,,,,,2,9x11,,,vendor-baseline,0,0,0,0,0,0,none,none,Tesla V100-SXM2-16GB,7.0,fft,fp32,forward,none,in-place,cufft,scalar,20,1048576,16,100,50,0.748790,22405777456.116871,0.002107,1
fft20-fp32_b2_d4_10x3x3x4_t512x512x512x512_e16x8x8x16_rrr_gff_gt512x512_ge8x8,fft20-fp32-batch2,3,fft20-fp32_b2_d4_10x3x3x4_t512x512x512x512_e16x8x8x16_rrr_gff_gt512x512_ge8x8,0,608812.0916638843,fft20-fp32,4,10x3x3x4,512x512x512x512,16x8x8x16,recurrencexrecurrencexrecurrence,direct-stridedxdirect-stridedxdirect-strided,global-scratchxfusedxfused,2,10x10,512x512,8x8,cufftdx-online-shared+cufftdx-online-shared+cufftdx-online-shared+cufftdx-online-shared,10,4,512,512,16,16,recurrence,direct-strided,Tesla V100-SXM2-16GB,7.0,fft,fp32,forward,none,in-place,online-reorder,cufftdx-block,20,1048576,2,100,50,0.121733,17227456035.672756,0.001288,1
fft18-fp32_b16_p11s7_t256x128_e8x16_rec,fft18-fp32-batch16,2,fft18-fp32_b16_p11s7_t256x128_e8x16_rec,0,1018015.6028476105,fft18-fp32,2,11x7,256x128,8x16,recurrence,direct-strided,global-scratch,2,,,,cufftdx-large-online+cufftdx-online-shared,11,7,256,128,8,16,recurrence,direct-strided,Tesla V100-SXM2-16GB,7.0,fft,fp32,forward,none,in-place,online-reorder,cufftdx-block,18,262144,16,100,50,0.334131,12552865046.383547,0.000633,1
fft20-fp32_b2_d3_5x3x12_t128x128x512_e16x8x8_tt_fg_gt128x512_ge16x8,fft20-fp32-batch2,2,fft20-fp32_b2_d3_5x3x12_t128x128x512_e16x8x8_tt_fg_gt128x512_ge16x8,0,454868.7782427502,fft20-fp32,3,5x3x12,128x128x512,16x8x8,tablextable,direct-stridedxdirect-strided,fusedxglobal-scratch,2,8x12,128x512,16x8,cufftdx-online-shared+cufftdx-online-shared+cufftdx-large-online,5,12,128,512,16,8,table,direct-strided,Tesla V100-SXM2-16GB,7.0,fft,fp32,forward,none,in-place,online-reorder,cufftdx-block,20,1048576,2,100,50,0.227512,9217751578.754990,0.001120,1
fft20-fp32_b8_p9s11_t128x256_e16x8_rec_tx,fft20-fp32-batch8,3,fft20-fp32_b8_p9s11_t128x256_e16x8_rec_tx,0,1783085.6107115808,fft20-fp32,2,9x11,128x256,16x8,recurrence,tiled-transpose,global-scratch,2,,,,cufftdx-online-shared+cufftdx-large-online,9,11,128,256,16,8,recurrence,tiled-transpose,Tesla V100-SXM2-16GB,7.0,fft,fp32,forward,none,in-place,online-reorder,cufftdx-block,20,1048576,8,100,50,0.542351,15467109589.771172,0.001716,1
fft18-fp32_b64_p6s12_t128x256_e16x16_rec,fft18-fp32-batch64,1,fft18-fp32_b64_p6s12_t128x256_e16x16_rec,0,2386543.3993224264,fft18-fp32,2,6x12,128x256,16x16,recurrence,direct-strided,global-scratch,2,,,,cufftdx-online-shared+cufftdx-large-online,6,12,128,256,16,16,recurrence,direct-strided,Tesla V100-SXM2-16GB,7.0,fft,fp32,forward,none,in-place,online-reorder,cufftdx-block,18,262144,64,100,50,1.123144,14937729165.171312,0.000637,1
fft18-fp32_b2_d3_3x4x11_t256x256x1024_e8x16x2_tt_fg_gt256x1024_ge16x2,fft18-fp32-batch2,2,fft18-fp32_b2_d3_3x4x11_t256x256x1024_e8x16x2_tt_fg_gt256x1024_ge16x2,0,455001.6973393928,fft18-fp32,3,3x4x11,256x256x1024,8x16x2,tablextable,direct-stridedxdirect-strided,fusedxglobal-scratch,2,7x11,256x1024,16x2,cufftdx-online-shared+cufftdx-online-shared+cufftdx-large-online,3,11,256,1024,8,2,table,direct-strided,Tesla V100-SXM2-16GB,7.0,fft,fp32,forward,none,in-place,online-reorder,cufftdx-block,18,262144,2,100,50,0.060170,8713410381.917686,0.000386,1
fft18-fp32_b2_d3_4x11x3_t128x512x128_e16x4x8_tt_gg,fft18-fp32-batch2,3,fft18-fp32_b2_d3_4x11x3_t128x512x128_e16x4x8_tt_gg,0,332866.15196871327,fft18-fp32,3,4x11x3,128x512x128,16x4x8,tablextable,direct-stridedxdirect-strided,global-scratchxglobal-scratch,3,,,,cufftdx-online-shared+cufftdx-large-online+cufftdx-online-shared,4,3,128,128,16,8,table,direct-strided,Tesla V100-SXM2-16GB,7.0,fft,fp32,forward,none,in-place,online-reorder,cufftdx-block,18,262144,2,100,50,0.090399,5799728048.120881,0.000397,1
fft18-fp32_b16_d3_6x3x9_t512x512x512_e16x8x16_tt_gf_gt512x256_ge16x16,fft18-fp32-batch16,1,fft18-fp32_b16_d3_6x3x9_t512x512x512_e16x8x16_tt_gf_gt512x256_ge16x16,0,608812.0916638843,fft18-fp32,3,6x3x9,512x512x512,16x8x16,tablextable,direct-stridedxdirect-strided,global-scratchxfused,2,6x12,512x256,16x16,cufftdx-online-shared+cufftdx-online-shared+cufftdx-online-shared,6,9,512,512,16,16,table,direct-strided,Tesla V100-SXM2-16GB,7.0,fft,fp32,forward,none,in-place,online-reorder,cufftdx-block,18,262144,16,100,50,0.368230,11390433738.957418,0.000550,1
fft20-fp32_b8_d3_3x7x10_t256x256x256_e8x16x16_tt_fg_gt256x256_ge16x16,fft20-fp32-batch8,3,fft20-fp32_b8_d3_3x7x10_t256x256x256_e8x16x16_tt_fg_gt256x256_ge16x16,0,1217624.1833277687,fft20-fp32,3,3x7x10,256x256x256,8x16x16,tablextable,direct-stridedxdirect-strided,fusedxglobal-scratch,2,10x10,256x256,16x16,cufftdx-online-shared+cufftdx-online-shared+cufftdx-online-shared,3,10,256,256,8,16,table,direct-strided,Tesla V100-SXM2-16GB,7.0,fft,fp32,forward,none,in-place,online-reorder,cufftdx-block,20,1048576,8,100,50,0.636846,13172112468.236990,0.001343,1
fft18-fp32_b16_d3_11x3x4_t512x128x128_e4x8x16_tt_gf_gt512x128_ge4x16,fft18-fp32-batch16,2,fft18-fp32_b16_d3_11x3x4_t512x128x128_e4x8x16_tt_gf_gt512x128_ge4x16,0,1938071.7111036917,fft18-fp32,3,11x3x4,512x128x128,4x8x16,tablextable,direct-stridedxdirect-strided,global-scratchxfused,2,11x7,512x128,4x16,cufftdx-large-online+cufftdx-online-shared+cufftdx-online-shared,11,4,512,128,4,16,table,direct-strided,Tesla V100-SXM2-16GB,7.0,fft,fp32,forward,none,in-place,online-reorder,cufftdx-block,18,262144,16,100,50,0.385843,10870488672.896030,0.000512,1
fft20-fp32_b16_d3_4x4x12_t512x512x256_e16x16x16_tt_gg,fft20-fp32-batch16,2,fft20-fp32_b16_d3_4x4x12_t512x512x256_e16x16x16_tt_gg,0,3517580.9740579985,fft20-fp32,3,4x4x12,512x512x256,16x16x16,tablextable,direct-stridedxdirect-strided,global-scratchxglobal-scratch,3,,,,cufftdx-online-shared+cufftdx-online-shared+cufftdx-large-online,4,12,512,256,16,16,table,direct-strided,Tesla V100-SXM2-16GB,7.0,fft,fp32,forward,none,in-place,online-reorder,cufftdx-block,20,1048576,16,100,50,3.258266,5149124525.472962,0.001043,1
fft20-fp32_b16_d4_3x7x3x7_t512x512x512x512_e8x16x8x16_rrr_fgf_gt256x128_ge16x16,fft20-fp32-batch16,1,fft20-fp32_b16_d4_3x7x3x7_t512x512x512x512_e8x16x8x16_rrr_fgf_gt256x128_ge16x16,0,2435248.3666555374,fft20-fp32,4,3x7x3x7,512x512x512x512,8x16x8x16,recurrencexrecurrencexrecurrence,direct-stridedxdirect-stridedxdirect-strided,fusedxglobal-scratchxfused,2,10x10,256x128,16x16,cufftdx-online-shared+cufftdx-online-shared+cufftdx-online-shared+cufftdx-online-shared,3,7,512,512,8,16,recurrence,direct-strided,Tesla V100-SXM2-16GB,7.0,fft,fp32,forward,none,in-place,online-reorder,cufftdx-block,20,1048576,16,100,50,0.765030,21930130292.187973,0.001451,1
fft18-fp32_b64_d3_8x7x3_t128x128x128_e16x16x8_tt_gf_gt128x128_ge16x16,fft18-fp32-batch64,2,fft18-fp32_b64_d3_8x7x3_t128x128x128_e16x16x8_tt_gf_gt128x128_ge16x16,0,2435248.3666555374,fft18-fp32,3,8x7x3,128x128x128,16x16x8,tablextable,direct-stridedxdirect-strided,global-scratchxfused,2,8x10,128x128,16x16,cufftdx-online-shared+cufftdx-online-shared+cufftdx-online-shared,8,3,128,128,16,8,table,direct-strided,Tesla V100-SXM2-16GB,7.0,fft,fp32,forward,none,in-place,online-reorder,cufftdx-block,18,262144,64,100,50,0.939499,17857610404.461411,0.000610,1
fft18-fp32_b64_p9s9_t128x128_e16x16_rec,fft18-fp32-batch64,1,fft18-fp32_b64_p9s9_t128x128_e16x16_rec,0,2386543.3993224264,fft18-fp32,2,9x9,128x128,16x16,recurrence,direct-strided,global-scratch,2,,,,cufftdx-online-shared+cufftdx-online-shared,9,9,128,128,16,16,recurrence,direct-strided,Tesla V100-SXM2-16GB,7.0,fft,fp32,forward,none,in-place,online-reorder,cufftdx-block,18,262144,64,100,50,0.828559,20248659582.194241,0.000984,1
fft20-fp32_b16_p10s10_t256x128_e16x16_rec,fft20-fp32-batch16,1,fft20-fp32_b16_p10s10_t256x128_e16x16_rec,0,2386543.3993224264,fft20-fp32,2,10x10,256x128,16x16,recurrence,direct-strided,global-scratch,2,,,,cufftdx-online-shared+cufftdx-online-shared,10,10,256,128,16,16,recurrence,direct-strided,Tesla V100-SXM2-16GB,7.0,fft,fp32,forward,none,in-place,online-reorder,cufftdx-block,20,1048576,16,100,50,0.764703,21939528248.906006,0.001451,1
fft18-fp32_b2_d3_3x5x10_t512x512x512_e8x16x16_tt_fg_gt512x512_ge16x16,fft18-fp32-batch2,1,fft18-fp32_b2_d3_3x5x10_t512x512x512_e8x16x16_tt_fg_gt512x512_ge16x16,0,83474.31145798555,fft18-fp32,3,3x5x10,512x512x512,8x16x16,tablextable,direct-stridedxdirect-strided,fusedxglobal-scratch,2,8x10,512x512,16x16,cufftdx-online-shared+cufftdx-online-shared+cufftdx-online-shared,3,10,512,512,8,16,table,direct-strided,Tesla V100-SXM2-16GB,7.0,fft,fp32,forward,none,in-place,online-reorder,cufftdx-block,18,262144,2,100,50,0.043704,11996251241.420042,0.000501,1
fft20-fp32_b8_d3_3x5x12_t256x256x1024_e8x16x4_tt_fg_gt256x1024_ge16x4,fft20-fp32-batch8,3,fft20-fp32_b8_d3_3x5x12_t256x256x1024_e8x16x4_tt_fg_gt256x1024_ge16x4,0,3214403.30556854,fft20-fp32,3,3x5x12,256x256x1024,8x16x4,tablextable,direct-stridedxdirect-strided,fusedxglobal-scratch,2,8x12,256x1024,16x4,cufftdx-online-shared+cufftdx-online-shared+cufftdx-large-online,3,12,256,1024,8,4,table,direct-strided,Tesla V100-SXM2-16GB,7.0,fft,fp32,forward,none,in-place,online-reorder,cufftdx-block,20,1048576,8,100,50,0.753787,11128620600.914169,0.001050,1
fft18-fp32_b2_d4_3x3x3x9_t512x512x512x512_e8x8x8x16_ttt_fgf_gt512x256_ge16x16,fft18-fp32-batch2,2,fft18-fp32_b2_d4_3x3x3x9_t512x512x512x512_e8x8x8x16_ttt_fgf_gt512x256_ge16x16,0,83474.31145798555,fft18-fp32,4,3x3x3x9,512x512x512x512,8x8x8x16,tablextablextable,direct-stridedxdirect-stridedxdirect-strided,fusedxglobal-scratchxfused,2,6x12,512x256,16x16,cufftdx-online-shared+cufftdx-online-shared+cufftdx-online-shared+cufftdx-online-shared,3,9,512,512,8,16,table,direct-strided,Tesla V100-SXM2-16GB,7.0,fft,fp32,forward,none,in-place,online-reorder,cufftdx-block,18,262144,2,100,50,0.057426,9129814563.327915,0.000497,1
fft18-fp32_b64_d4_6x3x3x6_t512x512x512x512_e16x8x8x16_ttt_gff_gt512x256_ge16x16,fft18-fp32-batch64,1,fft18-fp32_b64_d4_6x3x3x6_t512x512x512x512_e16x8x8x16_ttt_gff_gt512x256_ge16x16,0,2435248.3666555374,fft18-fp32,4,6x3x3x6,512x512x512x512,16x8x8x16,tablextablextable,direct-stridedxdirect-stridedxdirect-strided,global-scratchxfusedxfused,2,6x12,512x256,16x16,cufftdx-online-shared+cufftdx-online-shared+cufftdx-online-shared+cufftdx-online-shared,6,6,512,512,16,16,table,direct-strided,Tesla V100-SXM2-16GB,7.0,fft,fp32,forward,none,in-place,online-reorder,cufftdx-block,18,262144,64,100,50,1.283973,13066641371.794176,0.000617,1
fft18-fp32_b64_p7s11_t128x256_e16x8_rec_tx,fft18-fp32-batch64,2,fft18-fp32_b64_p7s11_t128x256_e16x8_rec_tx,0,3566171.2214231617,fft18-fp32,2,7x11,128x256,16x8,recurrence,tiled-transpose,global-scratch,2,,,,cufftdx-online-shared+cufftdx-large-online,7,11,128,256,16,8,recurrence,tiled-transpose,Tesla V100-SXM2-16GB,7.0,fft,fp32,forward,none,in-place,online-reorder,cufftdx-block,18,262144,64,100,50,1.077371,15572368141.527182,0.000672,1
fft18-fp32_b64_d3_11x4x3_t256x512x512_e8x16x8_tt_gf_gt256x512_ge8x16,fft18-fp32-batch64,3,fft18-fp32_b64_d3_11x4x3_t256x512x512_e8x16x8_tt_gf_gt256x512_ge8x16,0,4155165.725908614,fft18-fp32,3,11x4x3,256x512x512,8x16x8,tablextable,direct-stridedxdirect-strided,global-scratchxfused,2,11x7,256x512,8x16,cufftdx-large-online+cufftdx-online-shared+cufftdx-online-shared,11,3,256,512,8,8,table,direct-strided,Tesla V100-SXM2-16GB,7.0,fft,fp32,forward,none,in-place,online-reorder,cufftdx-block,18,262144,64,100,50,1.491825,11246104734.581758,0.000612,1
fft18-fp32_b16_d3_4x3x11_t256x256x1024_e16x8x2_tt_fg_gt256x1024_ge16x2,fft18-fp32-batch16,2,fft18-fp32_b16_d3_4x3x11_t256x256x1024_e16x8x2_tt_fg_gt256x1024_ge16x2,0,3074219.4453818086,fft18-fp32,3,4x3x11,256x256x1024,16x8x2,tablextable,direct-stridedxdirect-strided,fusedxglobal-scratch,2,7x11,256x1024,16x2,cufftdx-online-shared+cufftdx-online-shared+cufftdx-large-online,4,11,256,1024,16,2,table,direct-strided,Tesla V100-SXM2-16GB,7.0,fft,fp32,forward,none,in-place,online-reorder,cufftdx-block,18,262144,16,100,50,0.343921,12195558442.483797,0.000489,1
fft20-fp32_b16_p11s9_t256x128_e8x16_rec,fft20-fp32-batch16,2,fft20-fp32_b16_p11s9_t256x128_e8x16_rec,0,4072062.411390442,fft20-fp32,2,11x9,256x128,8x16,recurrence,direct-strided,global-scratch,2,,,,cufftdx-large-online+cufftdx-online-shared,11,9,256,128,8,16,recurrence,direct-strided,Tesla V100-SXM2-16GB,7.0,fft,fp32,forward,none,in-place,online-reorder,cufftdx-block,20,1048576,16,100,50,1.371382,12233803186.924183,0.001713,1
fft18-fp32_b2_d3_3x4x11_t128x128x512_e8x16x4_tt_fg_gt128x512_ge16x4,fft18-fp32-batch2,1,fft18-fp32_b2_d3_3x4x11_t128x128x512_e8x16x4_tt_fg_gt128x512_ge16x4,0,241041.00659803377,fft18-fp32,3,3x4x11,128x128x512,8x16x4,tablextable,direct-stridedxdirect-strided,fusedxglobal-scratch,2,7x11,128x512,16x4,cufftdx-online-shared+cufftdx-online-shared+cufftdx-large-online,3,11,128,512,8,4,table,direct-strided,Tesla V100-SXM2-16GB,7.0,fft,fp32,forward,none,in-place,online-reorder,cufftdx-block,18,262144,2,100,50,0.061583,8513468224.992345,0.000516,1
fft20-fp32_b8_d4_8x3x3x6_t512x512x512x512_e16x8x8x16_ttt_gff_gt512x256_ge16x16,fft20-fp32-batch8,3,fft20-fp32_b8_d4_8x3x3x6_t512x512x512x512_e16x8x8x16_ttt_gff_gt512x256_ge16x16,0,1217624.1833277687,fft20-fp32,4,8x3x3x6,512x512x512x512,16x8x8x16,tablextablextable,direct-stridedxdirect-stridedxdirect-strided,global-scratchxfusedxfused,2,8x12,512x256,16x16,cufftdx-online-shared+cufftdx-online-shared+cufftdx-online-shared+cufftdx-online-shared,8,6,512,512,16,16,table,direct-strided,Tesla V100-SXM2-16GB,7.0,fft,fp32,forward,none,in-place,online-reorder,cufftdx-block,20,1048576,8,100,50,0.940708,8917335907.878994,0.001066,1
fft20-fp32_b2_p10s10_t128x128_e16x16_rec,fft20-fp32-batch2,3,fft20-fp32_b2_p10s10_t128x128_e16x16_rec,0,298317.9249153033,fft20-fp32,2,10x10,128x128,16x16,recurrence,direct-strided,global-scratch,2,,,,cufftdx-online-shared+cufftdx-online-shared,10,10,128,128,16,16,recurrence,direct-strided,Tesla V100-SXM2-16GB,7.0,fft,fp32,forward,none,in-place,online-reorder,cufftdx-block,20,1048576,2,100,50,0.139182,15067687323.027582,0.001320,1
fft18-fp32_b64_d3_8x7x3_t256x256x256_e16x16x8_tt_gf_gt256x256_ge16x16,fft18-fp32-batch64,2,fft18-fp32_b64_d3_8x7x3_t256x256x256_e16x16x8_tt_gf_gt256x256_ge16x16,0,2435248.3666555374,fft18-fp32,3,8x7x3,256x256x256,16x16x8,tablextable,direct-stridedxdirect-strided,global-scratchxfused,2,8x10,256x256,16x16,cufftdx-online-shared+cufftdx-online-shared+cufftdx-online-shared,8,3,256,256,16,8,table,direct-strided,Tesla V100-SXM2-16GB,7.0,fft,fp32,forward,none,in-place,online-reorder,cufftdx-block,18,262144,64,100,50,1.114255,15056885139.328207,0.000610,1
fft18-fp32_b2_d4_6x3x3x6_t512x512x512x512_e16x8x8x16_ttt_gff_gt512x256_ge16x16,fft18-fp32-batch2,1,fft18-fp32_b2_d4_6x3x3x6_t512x512x512x512_e16x8x8x16_ttt_gff_gt512x256_ge16x16,0,83474.31145798555,fft18-fp32,4,6x3x3x6,512x512x512x512,16x8x8x16,tablextablextable,direct-stridedxdirect-stridedxdirect-strided,global-scratchxfusedxfused,2,6x12,512x256,16x16,cufftdx-online-shared+cufftdx-online-shared+cufftdx-online-shared+cufftdx-online-shared,6,6,512,512,16,16,table,direct-strided,Tesla V100-SXM2-16GB,7.0,fft,fp32,forward,none,in-place,online-reorder,cufftdx-block,18,262144,2,100,50,0.057364,9139593208.456320,0.000497,1
fft20-fp32_b16_d3_10x3x7_t512x512x512_e16x8x16_rr_gf_gt512x512_ge8x8,fft20-fp32-batch16,2,fft20-fp32_b16_d3_10x3x7_t512x512x512_e16x8x16_rr_gf_gt512x512_ge8x8,0,4870496.733311075,fft20-fp32,3,10x3x7,512x512x512,16x8x16,recurrencexrecurrence,direct-stridedxdirect-strided,global-scratchxfused,2,10x10,512x512,8x8,cufftdx-online-shared+cufftdx-online-shared+cufftdx-online-shared,10,7,512,512,16,16,recurrence,direct-strided,Tesla V100-SXM2-16GB,7.0,fft,fp32,forward,none,in-place,online-reorder,cufftdx-block,20,1048576,16,100,50,0.831775,20170383354.525894,0.001466,1
fft20-fp32_b8_d4_3x3x4x10_t512x512x512x512_e8x8x16x16_rrr_ffg_gt512x512_ge8x8,fft20-fp32-batch8,2,fft20-fp32_b8_d4_3x3x4x10_t512x512x512x512_e8x8x16x16_rrr_ffg_gt512x512_ge8x8,0,2435248.3666555374,fft20-fp32,4,3x3x4x10,512x512x512x512,8x8x16x16,recurrencexrecurrencexrecurrence,direct-stridedxdirect-stridedxdirect-strided,fusedxfusedxglobal-scratch,2,10x10,512x512,8x8,cufftdx-online-shared+cufftdx-online-shared+cufftdx-online-shared+cufftdx-online-shared,3,10,512,512,8,16,recurrence,direct-strided,Tesla V100-SXM2-16GB,7.0,fft,fp32,forward,none,in-place,online-reorder,cufftdx-block,20,1048576,8,100,50,0.413614,20281243111.557331,0.001485,1
fft18-fp32_b16_d3_4x3x11_t128x128x512_e16x8x4_tt_fg_gt128x512_ge16x4,fft18-fp32-batch16,1,fft18-fp32_b16_d3_4x3x11_t128x128x512_e16x8x4_tt_fg_gt128x512_ge16x4,0,1607201.65278427,fft18-fp32,3,4x3x11,128x128x512,16x8x4,tablextable,direct-stridedxdirect-strided,fusedxglobal-scratch,2,7x11,128x512,16x4,cufftdx-online-shared+cufftdx-online-shared+cufftdx-large-online,4,11,128,512,16,4,table,direct-strided,Tesla V100-SXM2-16GB,7.0,fft,fp32,forward,none,in-place,online-reorder,cufftdx-block,18,262144,16,100,50,0.326676,12839320107.398989,0.000521,1
fft18-fp32_b16_d4_6x3x3x6_t512x512x512x512_e16x8x8x16_ttt_gff_gt512x256_ge16x16,fft18-fp32-batch16,3,fft18-fp32_b16_d4_6x3x3x6_t512x512x512x512_e16x8x8x16_ttt_gff_gt512x256_ge16x16,0,608812.0916638843,fft18-fp32,4,6x3x3x6,512x512x512x512,16x8x8x16,tablextablextable,direct-stridedxdirect-stridedxdirect-strided,global-scratchxfusedxfused,2,6x12,512x256,16x16,cufftdx-online-shared+cufftdx-online-shared+cufftdx-online-shared+cufftdx-online-shared,6,6,512,512,16,16,table,direct-strided,Tesla V100-SXM2-16GB,7.0,fft,fp32,forward,none,in-place,online-reorder,cufftdx-block,18,262144,16,100,50,0.367903,11400578751.735695,0.000550,1
fft20-fp32_b2_p11s9_t256x128_e8x16_rec,fft20-fp32-batch2,1,fft20-fp32_b2_p11s9_t256x128_e8x16_rec,0,509007.80142380524,fft20-fp32,2,11x9,256x128,8x16,recurrence,direct-strided,global-scratch,2,,,,cufftdx-large-online+cufftdx-online-shared,11,9,256,128,8,16,recurrence,direct-strided,Tesla V100-SXM2-16GB,7.0,fft,fp32,forward,none,in-place,online-reorder,cufftdx-block,20,1048576,2,100,50,0.171438,12232707941.304554,0.001485,1
fft20-fp32_b16_p8s12_t128x256_e16x16_rec_tx,fft20-fp32-batch16,3,fft20-fp32_b16_p8s12_t128x256_e16x16_rec_tx,0,2386543.3993224264,fft20-fp32,2,8x12,128x256,16x16,recurrence,tiled-transpose,global-scratch,2,,,,cufftdx-online-shared+cufftdx-large-online,8,12,128,256,16,16,recurrence,tiled-transpose,Tesla V100-SXM2-16GB,7.0,fft,fp32,forward,none,in-place,online-reorder,cufftdx-block,20,1048576,16,100,50,1.105469,15176553063.922747,0.001339,1
fft20-fp32_b2_d3_4x5x11_t128x128x512_e16x16x4_tt_fg_gt128x512_ge16x4,fft20-fp32-batch2,2,fft20-fp32_b2_d3_4x5x11_t128x128x512_e16x16x4_tt_fg_gt128x512_ge16x4,0,803600.826392135,fft20-fp32,3,4x5x11,128x128x512,16x16x4,tablextable,direct-stridedxdirect-strided,fusedxglobal-scratch,2,9x11,128x512,16x4,cufftdx-online-shared+cufftdx-online-shared+cufftdx-large-online,4,11,128,512,16,4,table,direct-strided,Tesla V100-SXM2-16GB,7.0,fft,fp32,forward,none,in-place,online-reorder,cufftdx-block,20,1048576,2,100,50,0.208077,10078739921.282734,0.001468,1
fft20-fp32_b16_d4_3x3x4x10_t512x512x512x512_e8x8x16x16_rrr_ffg_gt512x512_ge8x8,fft20-fp32-batch16,2,fft20-fp32_b16_d4_3x3x4x10_t512x512x512x512_e8x8x16x16_rrr_ffg_gt512x512_ge8x8,0,4870496.733311075,fft20-fp32,4,3x3x4x10,512x512x512x512,8x8x16x16,recurrencexrecurrencexrecurrence,direct-stridedxdirect-stridedxdirect-strided,fusedxfusedxglobal-scratch,2,10x10,512x512,8x8,cufftdx-online-shared+cufftdx-online-shared+cufftdx-online-shared+cufftdx-online-shared,3,10,512,512,8,16,recurrence,direct-strided,Tesla V100-SXM2-16GB,7.0,fft,fp32,forward,none,in-place,online-reorder,cufftdx-block,20,1048576,16,100,50,0.829235,20232154728.477669,0.001466,1
fft18-fp32_b16_p10s8_t128x128_e16x16_rec,fft18-fp32-batch16,1,fft18-fp32_b16_p10s8_t128x128_e16x16_rec,0,596635.8498306066,fft18-fp32,2,10x8,128x128,16x16,recurrence,direct-strided,global-scratch,2,,,,cufftdx-online-shared+cufftdx-online-shared,10,8,128,128,16,16,recurrence,direct-strided,Tesla V100-SXM2-16GB,7.0,fft,fp32,forward,none,in-place,online-reorder,cufftdx-block,18,262144,16,100,50,0.224522,18681017311.353298,0.000671,1
fft18-fp32_b2_d4_3x6x3x6_t512x512x512x512_e8x16x8x16_rrr_fgf_gt256x256_ge8x8,fft18-fp32-batch2,2,fft18-fp32_b2_d4_3x6x3x6_t512x512x512x512_e8x16x8x16_rrr_fgf_gt256x256_ge8x8,0,166948.6229159711,fft18-fp32,4,3x6x3x6,512x512x512x512,8x16x8x16,recurrencexrecurrencexrecurrence,direct-stridedxdirect-stridedxdirect-strided,fusedxglobal-scratchxfused,2,9x9,256x256,8x8,cufftdx-online-shared+cufftdx-online-shared+cufftdx-online-shared+cufftdx-online-shared,3,6,512,512,8,16,recurrence,direct-strided,Tesla V100-SXM2-16GB,7.0,fft,fp32,forward,none,in-place,online-reorder,cufftdx-block,18,262144,2,100,50,0.025887,20253164520.658951,0.000553,1
fft18-fp32_b2_d3_5x3x10_t128x128x128_e16x8x16_tt_fg_gt128x128_ge16x16,fft18-fp32-batch2,2,fft18-fp32_b2_d3_5x3x10_t128x128x128_e16x8x16_tt_fg_gt128x128_ge16x16,0,93304.71145798556,fft18-fp32,3,5x3x10,128x128x128,16x8x16,tablextable,direct-stridedxdirect-strided,fusedxglobal-scratch,2,8x10,128x128,16x16,cufftdx-online-shared+cufftdx-online-shared+cufftdx-online-shared,5,10,128,128,16,16,table,direct-strided,Tesla V100-SXM2-16GB,7.0,fft,fp32,forward,none,in-place,online-reorder,cufftdx-block,18,262144,2,100,50,0.039035,13431269434.634817,0.000501,1
fft18-fp32_b64_d4_3x3x3x9_t512x512x512x512_e8x8x8x16_rrr_ffg_gt256x256_ge8x8,fft18-fp32-batch64,3,fft18-fp32_b64_d4_3x3x3x9_t512x512x512x512_e8x8x8x16_rrr_ffg_gt256x256_ge8x8,0,4870496.733311075,fft18-fp32,4,3x3x3x9,512x512x512x512,8x8x8x16,recurrencexrecurrencexrecurrence,direct-stridedxdirect-stridedxdirect-strided,fusedxfusedxglobal-scratch,2,9x9,256x256,8x8,cufftdx-online-shared+cufftdx-online-shared+cufftdx-online-shared+cufftdx-online-shared,3,9,512,512,8,16,recurrence,direct-strided,Tesla V100-SXM2-16GB,7.0,fft,fp32,forward,none,in-place,online-reorder,cufftdx-block,18,262144,64,100,50,0.809984,20713022291.302052,0.000666,1
fft20-fp32_b8_d3_6x3x11_t128x128x512_e16x8x4_tt_fg_gt128x512_ge16x4,fft20-fp32-batch8,3,fft20-fp32_b8_d3_6x3x11_t128x128x512_e16x8x4_tt_fg_gt128x512_ge16x4,0,3214403.30556854,fft20-fp32,3,6x3x11,128x128x512,16x8x4,tablextable,direct-stridedxdirect-strided,fusedxglobal-scratch,2,9x11,128x512,16x4,cufftdx-online-shared+cufftdx-online-shared+cufftdx-large-online,6,11,128,512,16,4,table,direct-strided,Tesla V100-SXM2-16GB,7.0,fft,fp32,forward,none,in-place,online-reorder,cufftdx-block,20,1048576,8,100,50,0.739512,11343432318.810783,0.001510,1
fft20-fp32_b16_p10s10_t256x128_e16x16_rec,fft20-fp32-batch16,3,fft20-fp32_b16_p10s10_t256x128_e16x16_rec,0,2386543.3993224264,fft20-fp32,2,10x10,256x128,16x16,recurrence,direct-strided,global-scratch,2,,,,cufftdx-online-shared+cufftdx-online-shared,10,10,256,128,16,16,recurrence,direct-strided,Tesla V100-SXM2-16GB,7.0,fft,fp32,forward,none,in-place,online-reorder,cufftdx-block,20,1048576,16,100,50,0.763494,21974248006.833157,0.001451,1
fft18-fp32_b2_d4_3x3x3x9_t512x512x512x512_e8x8x8x16_ttt_ffg_gt512x512_ge16x16,fft18-fp32-batch2,1,fft18-fp32_b2_d4_3x3x3x9_t512x512x512x512_e8x8x8x16_ttt_ffg_gt512x512_ge16x16,0,83474.31145798555,fft18-fp32,4,3x3x3x9,512x512x512x512,8x8x8x16,tablextablextable,direct-stridedxdirect-stridedxdirect-strided,fusedxfusedxglobal-scratch,2,9x9,512x512,16x16,cufftdx-online-shared+cufftdx-online-shared+cufftdx-online-shared+cufftdx-online-shared,3,9,512,512,8,16,table,direct-strided,Tesla V100-SXM2-16GB,7.0,fft,fp32,forward,none,in-place,online-reorder,cufftdx-block,18,262144,2,100,50,0.047391,11063094673.004255,0.000754,1
fft18-fp32_b2_d3_4x4x10_t128x128x128_e16x16x16_tt_fg_gt128x128_ge16x16,fft18-fp32-batch2,1,fft18-fp32_b2_d3_4x4x10_t128x128x128_e16x16x16_tt_fg_gt128x128_ge16x16,0,93304.71145798556,fft18-fp32,3,4x4x10,128x128x128,16x16x16,tablextable,direct-stridedxdirect-strided,fusedxglobal-scratch,2,8x10,128x128,16x16,cufftdx-online-shared+cufftdx-online-shared+cufftdx-online-shared,4,10,128,128,16,16,table,direct-strided,Tesla V100-SXM2-16GB,7.0,fft,fp32,forward,none,in-place,online-reorder,cufftdx-block,18,262144,2,100,50,0.038973,13452443688.066351,0.000501,1
fft18-fp32_b16_d3_4x11x3_t256x1024x256_e16x2x8_tt_gg,fft18-fp32-batch16,2,fft18-fp32_b16_d3_4x11x3_t256x1024x256_e16x2x8_tt_gg,0,3738915.541680578,fft18-fp32,3,4x11x3,256x1024x256,16x2x8,tablextable,direct-stridedxdirect-strided,global-scratchxglobal-scratch,3,,,,cufftdx-online-shared+cufftdx-large-online+cufftdx-online-shared,4,3,256,256,16,8,table,direct-strided,Tesla V100-SXM2-16GB,7.0,fft,fp32,forward,none,in-place,online-reorder,cufftdx-block,18,262144,16,100,50,0.855675,4901749355.831211,0.000371,1
fft18-fp32_b16_p7s11_t128x256_e16x8_rec_tx,fft18-fp32-batch16,2,fft18-fp32_b16_p7s11_t128x256_e16x8_rec_tx,0,891542.8053557904,fft18-fp32,2,7x11,128x256,16x8,recurrence,tiled-transpose,global-scratch,2,,,,cufftdx-online-shared+cufftdx-large-online,7,11,128,256,16,8,recurrence,tiled-transpose,Tesla V100-SXM2-16GB,7.0,fft,fp32,forward,none,in-place,online-reorder,cufftdx-block,18,262144,16,100,50,0.286351,14647404166.532114,0.000712,1
fft18-fp32_b2_d4_3x3x3x9_t512x512x512x512_e8x8x8x16_ttt_ffg_gt512x512_ge16x16,fft18-fp32-batch2,2,fft18-fp32_b2_d4_3x3x3x9_t512x512x512x512_e8x8x8x16_ttt_ffg_gt512x512_ge16x16,0,83474.31145798555,fft18-fp32,4,3x3x3x9,512x512x512x512,8x8x8x16,tablextablextable,direct-stridedxdirect-stridedxdirect-strided,fusedxfusedxglobal-scratch,2,9x9,512x512,16x16,cufftdx-online-shared+cufftdx-online-shared+cufftdx-online-shared+cufftdx-online-shared,3,9,512,512,8,16,table,direct-strided,Tesla V100-SXM2-16GB,7.0,fft,fp32,forward,none,in-place,online-reorder,cufftdx-block,18,262144,2,100,50,0.047452,11048770141.388784,0.000754,1
fft18-fp32_b64_d3_4x4x10_t256x256x256_e16x16x16_tt_fg_gt256x256_ge16x16,fft18-fp32-batch64,1,fft18-fp32_b64_d3_4x4x10_t256x256x256_e16x16x16_tt_fg_gt256x256_ge16x16,0,2435248.3666555374,fft18-fp32,3,4x4x10,256x256x256,16x16x16,tablextable,direct-stridedxdirect-strided,fusedxglobal-scratch,2,8x10,256x256,16x16,cufftdx-online-shared+cufftdx-online-shared+cufftdx-online-shared,4,10,256,256,16,16,table,direct-strided,Tesla V100-SXM2-16GB,7.0,fft,fp32,forward,none,in-place,online-reorder,cufftdx-block,18,262144,64,100,50,1.109750,15118016773.341286,0.000610,1
fft18-fp32_b16_d3_5x3x10_t256x256x256_e16x8x16_tt_fg_gt256x256_ge16x16,fft18-fp32-batch16,1,fft18-fp32_b16_d3_5x3x10_t256x256x256_e16x8x16_tt_fg_gt256x256_ge16x16,0,608812.0916638843,fft18-fp32,3,5x3x10,256x256x256,16x8x16,tablextable,direct-stridedxdirect-strided,fusedxglobal-scratch,2,8x10,256x256,16x16,cufftdx-online-shared+cufftdx-online-shared+cufftdx-online-shared,5,10,256,256,16,16,table,direct-strided,Tesla V100-SXM2-16GB,7.0,fft,fp32,forward,none,in-place,online-reorder,cufftdx-block,18,262144,16,100,50,0.281395,14905385898.508545,0.000610,1
fft18-fp32_b16_p6s12_t128x256_e16x16_rec,fft18-fp32-batch16,2,fft18-fp32_b16_p6s12_t128x256_e16x16_rec,0,596635.8498306066,fft18-fp32,2,6x12,128x256,16x16,recurrence,direct-strided,global-scratch,2,,,,cufftdx-online-shared+cufftdx-large-online,6,12,128,256,16,16,recurrence,direct-strided,Tesla V100-SXM2-16GB,7.0,fft,fp32,forward,none,in-place,online-reorder,cufftdx-block,18,262144,16,100,50,0.307978,13618832174.975990,0.000644,1
fft18-fp32_b64_d3_4x11x3_t128x512x128_e16x4x8_tt_gg,fft18-fp32-batch64,1,fft18-fp32_b64_d3_4x11x3_t128x512x128_e16x4x8_tt_gg,0,8877875.796332158,fft18-fp32,3,4x11x3,128x512x128,16x4x8,tablextable,direct-stridedxdirect-strided,global-scratchxglobal-scratch,3,,,,cufftdx-online-shared+cufftdx-large-online+cufftdx-online-shared,4,3,128,128,16,8,table,direct-strided,Tesla V100-SXM2-16GB,7.0,fft,fp32,forward,none,in-place,online-reorder,cufftdx-block,18,262144,64,100,50,3.031327,5534611933.382438,0.000546,1
fft20-fp32_b16_d3_3x7x10_t256x256x256_e8x16x16_tt_fg_gt256x256_ge16x16,fft20-fp32-batch16,2,fft20-fp32_b16_d3_3x7x10_t256x256x256_e8x16x16_tt_fg_gt256x256_ge16x16,0,2435248.3666555374,fft20-fp32,3,3x7x10,256x256x256,8x16x16,tablextable,direct-stridedxdirect-strided,fusedxglobal-scratch,2,10x10,256x256,16x16,cufftdx-online-shared+cufftdx-online-shared+cufftdx-online-shared,3,10,256,256,8,16,table,direct-strided,Tesla V100-SXM2-16GB,7.0,fft,fp32,forward,none,in-place,online-reorder,cufftdx-block,20,1048576,16,100,50,1.278710,13120425293.891306,0.001468,1
fft20-fp32_b16_d3_5x12x3_t128x512x128_e16x8x8_tt_gg,fft20-fp32-batch16,2,fft20-fp32_b16_d3_5x12x3_t128x512x128_e16x8x8_tt_gg,0,5878304.21113708,fft20-fp32,3,5x12x3,128x512x128,16x8x8,tablextable,direct-stridedxdirect-strided,global-scratchxglobal-scratch,3,,,,cufftdx-online-shared+cufftdx-large-online+cufftdx-online-shared,5,3,128,128,16,8,table,direct-strided,Tesla V100-SXM2-16GB,7.0,fft,fp32,forward,none,in-place,online-reorder,cufftdx-block,20,1048576,16,100,50,3.420508,4904889941.050632,0.001466,1
fft18-fp32_b2_d3_11x4x3_t256x512x512_e8x16x8_tt_gf_gt256x512_ge8x16,fft18-fp32-batch2,2,fft18-fp32_b2_d3_11x4x3_t256x512x512_e8x16x8_tt_gf_gt256x512_ge8x16,0,156609.46226797753,fft18-fp32,3,11x4x3,256x512x512,8x16x8,tablextable,direct-stridedxdirect-strided,global-scratchxfused,2,11x7,256x512,8x16,cufftdx-large-online+cufftdx-online-shared+cufftdx-online-shared,11,3,256,512,8,8,table,direct-strided,Tesla V100-SXM2-16GB,7.0,fft,fp32,forward,none,in-place,online-reorder,cufftdx-block,18,262144,2,100,50,0.064102,8178913250.676135,0.000546,1
fft20-fp32_b2_d3_10x3x7_t512x512x512_e16x8x16_rr_gf_gt256x128_ge16x16,fft20-fp32-batch2,3,fft20-fp32_b2_d3_10x3x7_t512x512x512_e16x8x16_rr_gf_gt256x128_ge16x16,0,304406.0458319422,fft20-fp32,3,10x3x7,512x512x512,16x8x16,recurrencexrecurrence,direct-stridedxdirect-strided,global-scratchxfused,2,10x10,256x128,16x16,cufftdx-online-shared+cufftdx-online-shared+cufftdx-online-shared,10,7,512,512,16,16,recurrence,direct-strided,Tesla V100-SXM2-16GB,7.0,fft,fp32,forward,none,in-place,online-reorder,cufftdx-block,20,1048576,2,100,50,0.134779,15559944485.068533,0.001320,1
fft20-fp32_b2_p8s12_t128x256_e16x16_rec,fft20-fp32-batch2,2,fft20-fp32_b2_p8s12_t128x256_e16x16_rec,0,298317.9249153033,fft20-fp32,2,8x12,128x256,16x16,recurrence,direct-strided,global-scratch,2,,,,cufftdx-online-shared+cufftdx-large-online,8,12,128,256,16,16,recurrence,direct-strided,Tesla V100-SXM2-16GB,7.0,fft,fp32,forward,none,in-place,online-reorder,cufftdx-block,20,1048576,2,100,50,0.199823,10495028967.388096,0.001274,1
fft18-fp32_b16_d3_4x4x10_t512x512x512_e16x16x16_tt_gg,fft18-fp32-batch16,2,fft18-fp32_b16_d3_4x4x10_t512x512x512_e16x16x16_tt_gg,0,879395.2435144996,fft18-fp32,3,4x4x10,512x512x512,16x16x16,tablextable,direct-stridedxdirect-strided,global-scratchxglobal-scratch,3,,,,cufftdx-online-shared+cufftdx-online-shared+cufftdx-online-shared,4,10,512,512,16,16,table,direct-strided,Tesla V100-SXM2-16GB,7.0,fft,fp32,forward,none,in-place,online-reorder,cufftdx-block,18,262144,16,100,50,0.815944,5140433358.440407,0.000512,1
fft18-fp32_b16_d3_3x5x10_t256x256x256_e8x16x16_tt_fg_gt256x256_ge16x16,fft18-fp32-batch16,3,fft18-fp32_b16_d3_3x5x10_t256x256x256_e8x16x16_tt_fg_gt256x256_ge16x16,0,608812.0916638843,fft18-fp32,3,3x5x10,256x256x256,8x16x16,tablextable,direct-stridedxdirect-strided,fusedxglobal-scratch,2,8x10,256x256,16x16,cufftdx-online-shared+cufftdx-online-shared+cufftdx-online-shared,3,10,256,256,8,16,table,direct-strided,Tesla V100-SXM2-16GB,7.0,fft,fp32,forward,none,in-place,online-reorder,cufftdx-block,18,262144,16,100,50,0.287212,14603537426.650574,0.000610,1
fft18-fp32_b64_d4_3x3x3x9_t512x512x512x512_e8x8x8x16_ttt_ffg_gt512x512_ge16x16,fft18-fp32-batch64,2,fft18-fp32_b64_d4_3x3x3x9_t512x512x512x512_e8x8x8x16_ttt_ffg_gt512x512_ge16x16,0,2435248.3666555374,fft18-fp32,4,3x3x3x9,512x512x512x512,8x8x8x16,tablextablextable,direct-stridedxdirect-stridedxdirect-strided,fusedxfusedxglobal-scratch,2,9x9,512x512,16x16,cufftdx-online-shared+cufftdx-online-shared+cufftdx-online-shared+cufftdx-online-shared,3,9,512,512,8,16,table,direct-strided,Tesla V100-SXM2-16GB,7.0,fft,fp32,forward,none,in-place,online-reorder,cufftdx-block,18,262144,64,100,50,1.212723,13834331887.881130,0.000857,1
fft20-fp32_b2_d3_3x5x12_t256x256x1024_e8x16x4_tt_fg_gt256x1024_ge16x4,fft20-fp32-batch2,3,fft20-fp32_b2_d3_3x5x12_t256x256x1024_e8x16x4_tt_fg_gt256x1024_ge16x4,0,803600.826392135,fft20-fp32,3,3x5x12,256x256x1024,8x16x4,tablextable,direct-stridedxdirect-strided,fusedxglobal-scratch,2,8x12,256x1024,16x4,cufftdx-online-shared+cufftdx-online-shared+cufftdx-large-online,3,12,256,1024,8,4,table,direct-strided,Tesla V100-SXM2-16GB,7.0,fft,fp32,forward,none,in-place,online-reorder,cufftdx-block,20,1048576,2,100,50,0.226591,9255242112.703424,0.000994,1
fft20-fp32_b8_d3_4x4x12_t512x512x256_e16x16x16_tt_gg,fft20-fp32-batch8,1,fft20-fp32_b8_d3_4x4x12_t512x512x256_e16x16x16_tt_gg,0,1758790.4870289993,fft20-fp32,3,4x4x12,512x512x256,16x16x16,tablextable,direct-stridedxdirect-strided,global-scratchxglobal-scratch,3,,,,cufftdx-online-shared+cufftdx-online-shared+cufftdx-large-online,4,12,512,256,16,16,table,direct-strided,Tesla V100-SXM2-16GB,7.0,fft,fp32,forward,none,in-place,online-reorder,cufftdx-block,20,1048576,8,100,50,1.595822,5256605997.438357,0.001092,1
fft20-fp32_b2_p8s12_t128x256_e16x16_rec_tx,fft20-fp32-batch2,3,fft20-fp32_b2_p8s12_t128x256_e16x16_rec_tx,0,298317.9249153033,fft20-fp32,2,8x12,128x256,16x16,recurrence,tiled-transpose,global-scratch,2,,,,cufftdx-online-shared+cufftdx-large-online,8,12,128,256,16,16,recurrence,tiled-transpose,Tesla V100-SXM2-16GB,7.0,fft,fp32,forward,none,in-place,online-reorder,cufftdx-block,20,1048576,2,100,50,0.159437,13153500969.971464,0.001274,1
fft18-fp32_b16_d3_4x11x3_t256x1024x256_e16x2x8_tt_gg,fft18-fp32-batch16,3,fft18-fp32_b16_d3_4x11x3_t256x1024x256_e16x2x8_tt_gg,0,3738915.541680578,fft18-fp32,3,4x11x3,256x1024x256,16x2x8,tablextable,direct-stridedxdirect-strided,global-scratchxglobal-scratch,3,,,,cufftdx-online-shared+cufftdx-large-online+cufftdx-online-shared,4,3,256,256,16,8,table,direct-strided,Tesla V100-SXM2-16GB,7.0,fft,fp32,forward,none,in-place,online-reorder,cufftdx-block,18,262144,16,100,50,0.853955,4911624374.268967,0.000371,1
fft20-fp32_b2_p11s9_t256x128_e8x16_rec_ptx,fft20-fp32-batch2,2,fft20-fp32_b2_p11s9_t256x128_e8x16_rec_ptx,0,509007.80142380524,fft20-fp32,2,11x9,256x128,8x16,recurrence,prefix-tiled-transpose,global-scratch,2,,,,cufftdx-large-online+cufftdx-online-shared,11,9,256,128,8,16,recurrence,prefix-tiled-transpose,Tesla V100-SXM2-16GB,7.0,fft,fp32,forward,none,in-place,online-reorder,cufftdx-block,20,1048576,2,100,50,0.195932,10703459548.188520,0.001485,1
fft20-fp32_b8_d4_10x3x3x4_t512x512x512x512_e16x8x8x16_rrr_gff_gt512x512_ge8x8,fft20-fp32-batch8,3,fft20-fp32_b8_d4_10x3x3x4_t512x512x512x512_e16x8x8x16_rrr_gff_gt512x512_ge8x8,0,2435248.3666555374,fft20-fp32,4,10x3x3x4,512x512x512x512,16x8x8x16,recurrencexrecurrencexrecurrence,direct-stridedxdirect-stridedxdirect-strided,global-scratchxfusedxfused,2,10x10,512x512,8x8,cufftdx-online-shared+cufftdx-online-shared+cufftdx-online-shared+cufftdx-online-shared,10,4,512,512,16,16,recurrence,direct-strided,Tesla V100-SXM2-16GB,7.0,fft,fp32,forward,none,in-place,online-reorder,cufftdx-block,20,1048576,8,100,50,0.413450,20289280707.413952,0.001485,1
fft18-fp32_b2_d3_3x12x3_t128x512x128_e8x8x8_tt_gg,fft18-fp32-batch2,2,fft18-fp32_b2_d3_3x12x3_t128x512x128_e8x8x8_tt_gg,0,269546.94421195827,fft18-fp32,3,3x12x3,128x512x128,8x8x8,tablextable,direct-stridedxdirect-strided,global-scratchxglobal-scratch,3,,,,cufftdx-online-shared+cufftdx-large-online+cufftdx-online-shared,3,3,128,128,8,8,table,direct-strided,Tesla V100-SXM2-16GB,7.0,fft,fp32,forward,none,in-place,online-reorder,cufftdx-block,18,262144,2,100,50,0.081060,6467913418.458856,0.000440,1
fft18-fp32_b64_p8s10_t128x128_e16x16_rec,fft18-fp32-batch64,1,fft18-fp32_b64_p8s10_t128x128_e16x16_rec,0,2386543.3993224264,fft18-fp32,2,8x10,128x128,16x16,recurrence,direct-strided,global-scratch,2,,,,cufftdx-online-shared+cufftdx-online-shared,8,10,128,128,16,16,recurrence,direct-strided,Tesla V100-SXM2-16GB,7.0,fft,fp32,forward,none,in-place,online-reorder,cufftdx-block,18,262144,64,100,50,0.766751,21880927068.130127,0.000674,1
fft18-fp32_b64_p12s6_t256x128_e16x16_rec_ptx,fft18-fp32-batch64,1,fft18-fp32_b64_p12s6_t256x128_e16x16_rec_ptx,0,2386543.3993224264,fft18-fp32,2,12x6,256x128,16x16,recurrence,prefix-tiled-transpose,global-scratch,2,,,,cufftdx-large-online+cufftdx-online-shared,12,6,256,128,16,16,recurrence,prefix-tiled-transpose,Tesla V100-SXM2-16GB,7.0,fft,fp32,forward,none,in-place,online-reorder,cufftdx-block,18,262144,64,100,50,1.392374,12049362029.545351,0.000793,1
fft18-fp32_b2_d4_4x4x4x6_t512x512x512x512_e16x16x16x16_ttt_ggg,fft18-fp32-batch2,3,fft18-fp32_b2_d4_4x4x4x6_t512x512x512x512_e16x16x16x16_ttt_ggg,0,157673.69942063937,fft18-fp32,4,4x4x4x6,512x512x512x512,16x16x16x16,tablextablextable,direct-stridedxdirect-stridedxdirect-strided,global-scratchxglobal-scratchxglobal-scratch,4,,,,cufftdx-online-shared+cufftdx-online-shared+cufftdx-online-shared+cufftdx-online-shared,4,6,512,512,16,16,table,direct-strided,Tesla V100-SXM2-16GB,7.0,fft,fp32,forward,none,in-place,online-reorder,cufftdx-block,18,262144,2,100,50,0.114913,4562466393.769467,0.000401,1
fft20-fp32_b2_d4_4x4x4x8_t512x512x512x512_e16x16x16x16_ttt_ggg,fft20-fp32-batch2,3,fft20-fp32_b2_d4_4x4x4x8_t512x512x512x512_e16x16x16x16_ttt_ggg,0,574989.1976825575,fft20-fp32,4,4x4x4x8,512x512x512x512,16x16x16x16,tablextablextable,direct-stridedxdirect-stridedxdirect-strided,global-scratchxglobal-scratchxglobal-scratch,4,,,,cufftdx-online-shared+cufftdx-online-shared+cufftdx-online-shared+cufftdx-online-shared,4,8,512,512,16,16,table,direct-strided,Tesla V100-SXM2-16GB,7.0,fft,fp32,forward,none,in-place,online-reorder,cufftdx-block,20,1048576,2,100,50,0.546222,3839376026.025073,0.000859,1
fft20-fp32_b16_d3_4x6x10_t128x128x128_e16x16x16_tt_fg_gt128x128_ge16x16,fft20-fp32-batch16,3,fft20-fp32_b16_d3_4x6x10_t128x128x128_e16x16x16_tt_fg_gt128x128_ge16x16,0,2435248.3666555374,fft20-fp32,3,4x6x10,128x128x128,16x16x16,tablextable,direct-stridedxdirect-strided,fusedxglobal-scratch,2,10x10,128x128,16x16,cufftdx-online-shared+cufftdx-online-shared+cufftdx-online-shared,4,10,128,128,16,16,table,direct-strided,Tesla V100-SXM2-16GB,7.0,fft,fp32,forward,none,in-place,online-reorder,cufftdx-block,20,1048576,16,100,50,1.265725,13255020671.695890,0.001468,1
fft18-fp32_b64_d3_3x6x9_t512x512x512_e8x16x16_rr_fg_gt256x256_ge8x8,fft18-fp32-batch64,3,fft18-fp32_b64_d3_3x6x9_t512x512x512_e8x16x16_rr_fg_gt256x256_ge8x8,0,4870496.733311075,fft18-fp32,3,3x6x9,512x512x512,8x16x16,recurrencexrecurrence,direct-stridedxdirect-strided,fusedxglobal-scratch,2,9x9,256x256,8x8,cufftdx-online-shared+cufftdx-online-shared+cufftdx-online-shared,3,9,512,512,8,16,recurrence,direct-strided,Tesla V100-SXM2-16GB,7.0,fft,fp32,forward,none,in-place,online-reorder,cufftdx-block,18,262144,64,100,50,0.807956,20765000207.347996,0.000666,1
fft18-fp32_b64_p11s7_t256x128_e8x16_rec_ptx,fft18-fp32-batch64,1,fft18-fp32_b64_p11s7_t256x128_e8x16_rec_ptx,0,4072062.411390442,fft18-fp32,2,11x7,256x128,8x16,recurrence,prefix-tiled-transpose,global-scratch,2,,,,cufftdx-large-online+cufftdx-online-shared,11,7,256,128,8,16,recurrence,prefix-tiled-transpose,Tesla V100-SXM2-16GB,7.0,fft,fp32,forward,none,in-place,online-reorder,cufftdx-block,18,262144,64,100,50,1.328210,12631448376.162880,0.000697,1
fft18-fp32_b16_p8s10_t128x128_e16x16_rec,fft18-fp32-batch16,1,fft18-fp32_b16_p8s10_t128x128_e16x16_rec,0,596635.8498306066,fft18-fp32,2,8x10,128x128,16x16,recurrence,direct-strided,global-scratch,2,,,,cufftdx-online-shared+cufftdx-online-shared,8,10,128,128,16,16,recurrence,direct-strided,Tesla V100-SXM2-16GB,7.0,fft,fp32,forward,none,in-place,online-reorder,cufftdx-block,18,262144,16,100,50,0.214999,19508476906.816875,0.000626,1
fft20-fp32_b8_p12s8_t256x128_e16x16_rec_ptx,fft20-fp32-batch8,3,fft20-fp32_b8_p12s8_t256x128_e16x16_rec_ptx,0,1193271.6996612132,fft20-fp32,2,12x8,256x128,16x16,recurrence,prefix-tiled-transpose,global-scratch,2,,,,cufftdx-large-online+cufftdx-online-shared,12,8,256,128,16,16,recurrence,prefix-tiled-transpose,Tesla V100-SXM2-16GB,7.0,fft,fp32,forward,none,in-place,online-reorder,cufftdx-block,20,1048576,8,100,50,0.832778,10073039669.856066,0.001355,1
fft20-fp32_b2_d3_3x6x11_t256x256x1024_e8x16x2_tt_fg_gt256x1024_ge16x2,fft20-fp32-batch2,2,fft20-fp32_b2_d3_3x6x11_t256x256x1024_e8x16x2_tt_fg_gt256x1024_ge16x2,0,1537109.7226909043,fft20-fp32,3,3x6x11,256x256x1024,8x16x2,tablextable,direct-stridedxdirect-strided,fusedxglobal-scratch,2,9x11,256x1024,16x2,cufftdx-online-shared+cufftdx-online-shared+cufftdx-large-online,3,11,256,1024,8,2,table,direct-strided,Tesla V100-SXM2-16GB,7.0,fft,fp32,forward,none,in-place,online-reorder,cufftdx-block,20,1048576,2,100,50,0.227574,9215263086.596470,0.001234,1
fft20-fp32_b16_d3_3x7x10_t512x512x512_e8x16x16_rr_fg_gt512x512_ge8x8,fft20-fp32-batch16,3,fft20-fp32_b16_d3_3x7x10_t512x512x512_e8x16x16_rr_fg_gt512x512_ge8x8,0,4870496.733311075,fft20-fp32,3,3x7x10,512x512x512,8x16x16,recurrencexrecurrence,direct-stridedxdirect-strided,fusedxglobal-scratch,2,10x10,512x512,8x8,cufftdx-online-shared+cufftdx-online-shared+cufftdx-online-shared,3,10,512,512,8,16,recurrence,direct-strided,Tesla V100-SXM2-16GB,7.0,fft,fp32,forward,none,in-place,online-reorder,cufftdx-block,20,1048576,16,100,50,0.831304,20181812835.702572,0.001466,1
fft18-fp32_b16_d3_3x12x3_t256x1024x256_e8x4x8_tt_gg,fft18-fp32-batch16,3,fft18-fp32_b16_d3_3x12x3_t256x1024x256_e8x4x8_tt_gg,0,2451046.4000000004,fft18-fp32,3,3x12x3,256x1024x256,8x4x8,tablextable,direct-stridedxdirect-strided,global-scratchxglobal-scratch,3,,,,cufftdx-online-shared+cufftdx-large-online+cufftdx-online-shared,3,3,256,256,8,8,table,direct-strided,Tesla V100-SXM2-16GB,7.0,fft,fp32,forward,none,in-place,online-reorder,cufftdx-block,18,262144,16,100,50,0.793068,5288709480.574675,0.000488,1
fft18-fp32_b2_d3_4x4x10_t128x128x128_e16x16x16_tt_fg_gt128x128_ge16x16,fft18-fp32-batch2,3,fft18-fp32_b2_d3_4x4x10_t128x128x128_e16x16x16_tt_fg_gt128x128_ge16x16,0,93304.71145798556,fft18-fp32,3,4x4x10,128x128x128,16x16x16,tablextable,direct-stridedxdirect-strided,fusedxglobal-scratch,2,8x10,128x128,16x16,cufftdx-online-shared+cufftdx-online-shared+cufftdx-online-shared,4,10,128,128,16,16,table,direct-strided,Tesla V100-SXM2-16GB,7.0,fft,fp32,forward,none,in-place,online-reorder,cufftdx-block,18,262144,2,100,50,0.038973,13452443688.066351,0.000501,1
fft20-fp32_b16_d4_8x3x3x6_t512x512x512x512_e16x8x8x16_ttt_gff_gt512x256_ge16x16,fft20-fp32-batch16,3,fft20-fp32_b16_d4_8x3x3x6_t512x512x512x512_e16x8x8x16_ttt_gff_gt512x256_ge16x16,0,2435248.3666555374,fft20-fp32,4,8x3x3x6,512x512x512x512,16x8x8x16,tablextablextable,direct-stridedxdirect-stridedxdirect-strided,global-scratchxfusedxfused,2,8x12,512x256,16x16,cufftdx-online-shared+cufftdx-online-shared+cufftdx-online-shared+cufftdx-online-shared,8,6,512,512,16,16,table,direct-strided,Tesla V100-SXM2-16GB,7.0,fft,fp32,forward,none,in-place,online-reorder,cufftdx-block,20,1048576,16,100,50,2.085929,8043043012.550434,0.001221,1
fft20-fp32_b16_p12s8_t256x128_e16x16_rec,fft20-fp32-batch16,3,fft20-fp32_b16_p12s8_t256x128_e16x16_rec,0,2386543.3993224264,fft20-fp32,2,12x8,256x128,16x16,recurrence,direct-strided,global-scratch,2,,,,cufftdx-large-online+cufftdx-online-shared,12,8,256,128,16,16,recurrence,direct-strided,Tesla V100-SXM2-16GB,7.0,fft,fp32,forward,none,in-place,online-reorder,cufftdx-block,20,1048576,16,100,50,1.304146,12864523505.992386,0.001377,1
fft20-fp32_b2_d3_3x7x10_t512x512x512_e8x16x16_rr_fg_gt256x128_ge16x16,fft20-fp32-batch2,1,fft20-fp32_b2_d3_3x7x10_t512x512x512_e8x16x16_rr_fg_gt256x128_ge16x16,0,304406.0458319422,fft20-fp32,3,3x7x10,512x512x512,8x16x16,recurrencexrecurrence,direct-stridedxdirect-strided,fusedxglobal-scratch,2,10x10,256x128,16x16,cufftdx-online-shared+cufftdx-online-shared+cufftdx-online-shared,3,10,512,512,8,16,recurrence,direct-strided,Tesla V100-SXM2-16GB,7.0,fft,fp32,forward,none,in-place,online-reorder,cufftdx-block,20,1048576,2,100,50,0.128532,16316126282.083660,0.001320,1
fft20-fp32_b8_p10s10_t256x128_e16x16_rec,fft20-fp32-batch8,3,fft20-fp32_b8_p10s10_t256x128_e16x16_rec,0,1193271.6996612132,fft20-fp32,2,10x10,256x128,16x16,recurrence,direct-strided,global-scratch,2,,,,cufftdx-online-shared+cufftdx-online-shared,10,10,256,128,16,16,recurrence,direct-strided,Tesla V100-SXM2-16GB,7.0,fft,fp32,forward,none,in-place,online-reorder,cufftdx-block,20,1048576,8,100,50,0.397619,21097088943.314838,0.001451,1
fft18-fp32_b64_d3_5x3x10_t256x256x256_e16x8x16_tt_fg_gt256x256_ge16x16,fft18-fp32-batch64,1,fft18-fp32_b64_d3_5x3x10_t256x256x256_e16x8x16_tt_fg_gt256x256_ge16x16,0,2435248.3666555374,fft18-fp32,3,5x3x10,256x256x256,16x8x16,tablextable,direct-stridedxdirect-strided,fusedxglobal-scratch,2,8x10,256x256,16x16,cufftdx-online-shared+cufftdx-online-shared+cufftdx-online-shared,5,10,256,256,16,16,table,direct-strided,Tesla V100-SXM2-16GB,7.0,fft,fp32,forward,none,in-place,online-reorder,cufftdx-block,18,262144,64,100,50,1.113313,15069626617.513866,0.000610,1
fft20-fp32_b8_d3_5x3x12_t128x128x512_e16x8x8_tt_fg_gt128x512_ge16x8,fft20-fp32-batch8,1,fft20-fp32_b8_d3_5x3x12_t128x128x512_e16x8x8_tt_fg_gt128x512_ge16x8,0,1819475.1129710008,fft20-fp32,3,5x3x12,128x128x512,16x8x8,tablextable,direct-stridedxdirect-strided,fusedxglobal-scratch,2,8x12,128x512,16x8,cufftdx-online-shared+cufftdx-online-shared+cufftdx-large-online,5,12,128,512,16,8,table,direct-strided,Tesla V100-SXM2-16GB,7.0,fft,fp32,forward,none,in-place,online-reorder,cufftdx-block,20,1048576,8,100,50,0.871711,9623155744.080208,0.001158,1
fft18-fp32_b2_d3_3x5x10_t256x256x256_e8x16x16_tt_fg_gt256x256_ge16x16,fft18-fp32-batch2,1,fft18-fp32_b2_d3_3x5x10_t256x256x256_e8x16x16_tt_fg_gt256x256_ge16x16,0,93304.71145798556,fft18-fp32,3,3x5x10,256x256x256,8x16x16,tablextable,direct-stridedxdirect-strided,fusedxglobal-scratch,2,8x10,256x256,16x16,cufftdx-online-shared+cufftdx-online-shared+cufftdx-online-shared,3,10,256,256,8,16,table,direct-strided,Tesla V100-SXM2-16GB,7.0,fft,fp32,forward,none,in-place,online-reorder,cufftdx-block,18,262144,2,100,50,0.039444,13291796438.589510,0.000501,1
fft18-fp32_b2_cufft,fft18-fp32-batch2,3,cuFFT,1,0.0,fft18-fp32,0,,,,,,,0,,,,vendor-baseline,0,0,0,0,0,0,none,none,Tesla V100-SXM2-16GB,7.0,fft,fp32,forward,none,in-place,cufft,scalar,18,262144,2,100,50,0.028140,18631731879.818020,0.000583,1
fft20-fp32_b2_cufft,fft20-fp32-batch2,3,cuFFT,1,0.0,fft20-fp32,0,,,,,,,2,9x11,,,vendor-baseline,0,0,0,0,0,0,none,none,Tesla V100-SXM2-16GB,7.0,fft,fp32,forward,none,in-place,cufft,scalar,20,1048576,2,100,50,0.122900,17063822898.670500,0.002033,1
fft18-fp32_b64_p12s6_t256x128_e16x16_rec_ptx,fft18-fp32-batch64,3,fft18-fp32_b64_p12s6_t256x128_e16x16_rec_ptx,0,2386543.3993224264,fft18-fp32,2,12x6,256x128,16x16,recurrence,prefix-tiled-transpose,global-scratch,2,,,,cufftdx-large-online+cufftdx-online-shared,12,6,256,128,16,16,recurrence,prefix-tiled-transpose,Tesla V100-SXM2-16GB,7.0,fft,fp32,forward,none,in-place,online-reorder,cufftdx-block,18,262144,64,100,50,1.417298,11837465713.954994,0.000793,1
fft20-fp32_b16_d3_3x7x10_t512x512x512_e8x16x16_rr_fg_gt512x512_ge8x8,fft20-fp32-batch16,2,fft20-fp32_b16_d3_3x7x10_t512x512x512_e8x16x16_rr_fg_gt512x512_ge8x8,0,4870496.733311075,fft20-fp32,3,3x7x10,512x512x512,8x16x16,recurrencexrecurrence,direct-stridedxdirect-strided,fusedxglobal-scratch,2,10x10,512x512,8x8,cufftdx-online-shared+cufftdx-online-shared+cufftdx-online-shared,3,10,512,512,8,16,recurrence,direct-strided,Tesla V100-SXM2-16GB,7.0,fft,fp32,forward,none,in-place,online-reorder,cufftdx-block,20,1048576,16,100,50,0.828989,20238155363.663883,0.001466,1
fft20-fp32_b16_d4_10x3x3x4_t512x512x512x512_e16x8x8x16_rrr_gff_gt512x512_ge8x8,fft20-fp32-batch16,2,fft20-fp32_b16_d4_10x3x3x4_t512x512x512x512_e16x8x8x16_rrr_gff_gt512x512_ge8x8,0,4870496.733311075,fft20-fp32,4,10x3x3x4,512x512x512x512,16x8x8x16,recurrencexrecurrencexrecurrence,direct-stridedxdirect-stridedxdirect-strided,global-scratchxfusedxfused,2,10x10,512x512,8x8,cufftdx-online-shared+cufftdx-online-shared+cufftdx-online-shared+cufftdx-online-shared,10,4,512,512,16,16,recurrence,direct-strided,Tesla V100-SXM2-16GB,7.0,fft,fp32,forward,none,in-place,online-reorder,cufftdx-block,20,1048576,16,100,50,0.834109,20113926885.603966,0.001466,1
fft20-fp32_b8_p9s11_t128x256_e16x8_rec,fft20-fp32-batch8,1,fft20-fp32_b8_p9s11_t128x256_e16x8_rec,0,1783085.6107115808,fft20-fp32,2,9x11,128x256,16x8,recurrence,direct-strided,global-scratch,2,,,,cufftdx-online-shared+cufftdx-large-online,9,11,128,256,16,8,recurrence,direct-strided,Tesla V100-SXM2-16GB,7.0,fft,fp32,forward,none,in-place,online-reorder,cufftdx-block,20,1048576,8,100,50,0.535572,15662881275.414434,0.001716,1
fft20-fp32_b8_d4_3x3x4x10_t512x512x512x512_e8x8x16x16_ttt_ffg_gt512x512_ge16x16,fft20-fp32-batch8,3,fft20-fp32_b8_d4_3x3x4x10_t512x512x512x512_e8x8x16x16_ttt_ffg_gt512x512_ge16x16,0,1217624.1833277687,fft20-fp32,4,3x3x4x10,512x512x512x512,8x8x16x16,tablextablextable,direct-stridedxdirect-stridedxdirect-strided,fusedxfusedxglobal-scratch,2,10x10,512x512,16x16,cufftdx-online-shared+cufftdx-online-shared+cufftdx-online-shared+cufftdx-online-shared,3,10,512,512,8,16,table,direct-strided,Tesla V100-SXM2-16GB,7.0,fft,fp32,forward,none,in-place,online-reorder,cufftdx-block,20,1048576,8,100,50,0.610017,13751426401.815369,0.001343,1
fft20-fp32_b16_d4_10x3x3x4_t512x512x512x512_e16x8x8x16_rrr_gff_gt256x128_ge16x16,fft20-fp32-batch16,3,fft20-fp32_b16_d4_10x3x3x4_t512x512x512x512_e16x8x8x16_rrr_gff_gt256x128_ge16x16,0,2435248.3666555374,fft20-fp32,4,10x3x3x4,512x512x512x512,16x8x8x16,recurrencexrecurrencexrecurrence,direct-stridedxdirect-stridedxdirect-strided,global-scratchxfusedxfused,2,10x10,256x128,16x16,cufftdx-online-shared+cufftdx-online-shared+cufftdx-online-shared+cufftdx-online-shared,10,4,512,512,16,16,recurrence,direct-strided,Tesla V100-SXM2-16GB,7.0,fft,fp32,forward,none,in-place,online-reorder,cufftdx-block,20,1048576,16,100,50,0.765809,21907843659.408051,0.001451,1
fft20-fp32_b8_p8s12_t128x256_e16x16_rec,fft20-fp32-batch8,2,fft20-fp32_b8_p8s12_t128x256_e16x16_rec,0,1193271.6996612132,fft20-fp32,2,8x12,128x256,16x16,recurrence,direct-strided,global-scratch,2,,,,cufftdx-online-shared+cufftdx-large-online,8,12,128,256,16,16,recurrence,direct-strided,Tesla V100-SXM2-16GB,7.0,fft,fp32,forward,none,in-place,online-reorder,cufftdx-block,20,1048576,8,100,50,0.742564,11296817197.421703,0.001371,1
fft20-fp32_b16_d3_10x7x3_t128x128x128_e16x16x8_tt_gf_gt128x128_ge16x16,fft20-fp32-batch16,2,fft20-fp32_b16_d3_10x7x3_t128x128x128_e16x16x8_tt_gf_gt128x128_ge16x16,0,2435248.3666555374,fft20-fp32,3,10x7x3,128x128x128,16x16x8,tablextable,direct-stridedxdirect-strided,global-scratchxfused,2,10x10,128x128,16x16,cufftdx-online-shared+cufftdx-online-shared+cufftdx-online-shared,10,3,128,128,16,8,table,direct-strided,Tesla V100-SXM2-16GB,7.0,fft,fp32,forward,none,in-place,online-reorder,cufftdx-block,20,1048576,16,100,50,1.267323,13238312057.372185,0.001468,1
fft18-fp32_b64_d3_11x4x3_t256x512x512_e8x16x8_tt_gf_gt256x512_ge8x16,fft18-fp32-batch64,2,fft18-fp32_b64_d3_11x4x3_t256x512x512_e8x16x8_tt_gf_gt256x512_ge8x16,0,4155165.725908614,fft18-fp32,3,11x4x3,256x512x512,8x16x8,tablextable,direct-stridedxdirect-strided,global-scratchxfused,2,11x7,256x512,8x16,cufftdx-large-online+cufftdx-online-shared+cufftdx-online-shared,11,3,256,512,8,8,table,direct-strided,Tesla V100-SXM2-16GB,7.0,fft,fp32,forward,none,in-place,online-reorder,cufftdx-block,18,262144,64,100,50,1.491251,11250428941.675629,0.000612,1
fft20-fp32_b8_p10s10_t512x512_e8x8_rec,fft20-fp32-batch8,3,fft20-fp32_b8_p10s10_t512x512_e8x8_rec,0,2386543.3993224264,fft20-fp32,2,10x10,512x512,8x8,recurrence,direct-strided,global-scratch,2,,,,cufftdx-online-shared+cufftdx-online-shared,10,10,512,512,8,8,recurrence,direct-strided,Tesla V100-SXM2-16GB,7.0,fft,fp32,forward,none,in-place,online-reorder,cufftdx-block,20,1048576,8,100,50,0.412549,20333597203.138195,0.001485,1
fft20-fp32_b2_d3_3x7x10_t512x512x512_e8x16x16_rr_fg_gt256x128_ge16x16,fft20-fp32-batch2,3,fft20-fp32_b2_d3_3x7x10_t512x512x512_e8x16x16_rr_fg_gt256x128_ge16x16,0,304406.0458319422,fft20-fp32,3,3x7x10,512x512x512,8x16x16,recurrencexrecurrence,direct-stridedxdirect-strided,fusedxglobal-scratch,2,10x10,256x128,16x16,cufftdx-online-shared+cufftdx-online-shared+cufftdx-online-shared,3,10,512,512,8,16,recurrence,direct-strided,Tesla V100-SXM2-16GB,7.0,fft,fp32,forward,none,in-place,online-reorder,cufftdx-block,20,1048576,2,100,50,0.128573,16310927990.073730,0.001320,1
fft20-fp32_b8_d4_4x4x4x8_t512x512x512x512_e16x16x16x16_ttt_ggg,fft20-fp32-batch8,1,fft20-fp32_b8_d4_4x4x4x8_t512x512x512x512_e16x16x16x16_ttt_ggg,0,2299956.79073023,fft20-fp32,4,4x4x4x8,512x512x512x512,16x16x16x16,tablextablextable,direct-stridedxdirect-stridedxdirect-strided,global-scratchxglobal-scratchxglobal-scratch,4,,,,cufftdx-online-shared+cufftdx-online-shared+cufftdx-online-shared+cufftdx-online-shared,4,8,512,512,16,16,table,direct-strided,Tesla V100-SXM2-16GB,7.0,fft,fp32,forward,none,in-place,online-reorder,cufftdx-block,20,1048576,8,100,50,1.799844,4660741948.629189,0.001023,1
fft20-fp32_b16_d3_4x11x5_t128x512x128_e16x4x16_tt_gg,fft20-fp32-batch16,1,fft20-fp32_b16_d3_4x11x5_t128x512x128_e16x4x16_tt_gg,0,7864320.0,fft20-fp32,3,4x11x5,128x512x128,16x4x16,tablextable,direct-stridedxdirect-strided,global-scratchxglobal-scratch,3,,,,cufftdx-online-shared+cufftdx-large-online+cufftdx-online-shared,4,5,128,128,16,16,table,direct-strided,Tesla V100-SXM2-16GB,7.0,fft,fp32,forward,none,in-place,online-reorder,cufftdx-block,20,1048576,16,100,50,3.334349,5031632146.851630,0.001298,1
fft18-fp32_b64_p11s7_t256x128_e8x16_rec,fft18-fp32-batch64,3,fft18-fp32_b64_p11s7_t256x128_e8x16_rec,0,4072062.411390442,fft18-fp32,2,11x7,256x128,8x16,recurrence,direct-strided,global-scratch,2,,,,cufftdx-large-online+cufftdx-online-shared,11,7,256,128,8,16,recurrence,direct-strided,Tesla V100-SXM2-16GB,7.0,fft,fp32,forward,none,in-place,online-reorder,cufftdx-block,18,262144,64,100,50,1.228001,13662214251.623959,0.000697,1
fft18-fp32_b16_p6s12_t128x256_e16x16_rec,fft18-fp32-batch16,3,fft18-fp32_b16_p6s12_t128x256_e16x16_rec,0,596635.8498306066,fft18-fp32,2,6x12,128x256,16x16,recurrence,direct-strided,global-scratch,2,,,,cufftdx-online-shared+cufftdx-large-online,6,12,128,256,16,16,recurrence,direct-strided,Tesla V100-SXM2-16GB,7.0,fft,fp32,forward,none,in-place,online-reorder,cufftdx-block,18,262144,16,100,50,0.306995,13662441047.789110,0.000644,1
fft20-fp32_b8_d3_4x11x5_t128x512x128_e16x4x16_tt_gg,fft20-fp32-batch8,1,fft20-fp32_b8_d3_4x11x5_t128x512x128_e16x4x16_tt_gg,0,3932160.0,fft20-fp32,3,4x11x5,128x512x128,16x4x16,tablextable,direct-stridedxdirect-strided,global-scratchxglobal-scratch,3,,,,cufftdx-online-shared+cufftdx-large-online+cufftdx-online-shared,4,5,128,128,16,16,table,direct-strided,Tesla V100-SXM2-16GB,7.0,fft,fp32,forward,none,in-place,online-reorder,cufftdx-block,20,1048576,8,100,50,1.623593,5166693956.406775,0.001234,1
fft20-fp32_b2_d3_4x12x4_t128x512x128_e16x8x16_tt_gg,fft20-fp32-batch2,3,fft20-fp32_b2_d3_4x12x4_t128x512x128_e16x8x16_tt_gg,0,612761.6000000001,fft20-fp32,3,4x12x4,128x512x128,16x8x16,tablextable,direct-stridedxdirect-strided,global-scratchxglobal-scratch,3,,,,cufftdx-online-shared+cufftdx-large-online+cufftdx-online-shared,4,4,128,128,16,16,table,direct-strided,Tesla V100-SXM2-16GB,7.0,fft,fp32,forward,none,in-place,online-reorder,cufftdx-block,20,1048576,2,100,50,0.525885,3987849800.380896,0.000994,1
fft18-fp32_b16_p8s10_t128x128_e16x16_rec,fft18-fp32-batch16,3,fft18-fp32_b16_p8s10_t128x128_e16x16_rec,0,596635.8498306066,fft18-fp32,2,8x10,128x128,16x16,recurrence,direct-strided,global-scratch,2,,,,cufftdx-online-shared+cufftdx-online-shared,8,10,128,128,16,16,recurrence,direct-strided,Tesla V100-SXM2-16GB,7.0,fft,fp32,forward,none,in-place,online-reorder,cufftdx-block,18,262144,16,100,50,0.215122,19497333906.782959,0.000626,1
fft20-fp32_b8_d3_6x11x3_t128x512x128_e16x4x8_tt_gg,fft20-fp32-batch8,1,fft20-fp32_b8_d3_6x11x3_t128x512x128_e16x4x8_tt_gg,0,4438937.898166079,fft20-fp32,3,6x11x3,128x512x128,16x4x8,tablextable,direct-stridedxdirect-strided,global-scratchxglobal-scratch,3,,,,cufftdx-online-shared+cufftdx-large-online+cufftdx-online-shared,6,3,128,128,16,8,table,direct-strided,Tesla V100-SXM2-16GB,7.0,fft,fp32,forward,none,in-place,online-reorder,cufftdx-block,20,1048576,8,100,50,1.690685,4961661136.093595,0.001120,1
fft18-fp32_b2_d3_8x7x3_t256x256x256_e16x16x8_tt_gf_gt256x256_ge16x16,fft18-fp32-batch2,1,fft18-fp32_b2_d3_8x7x3_t256x256x256_e16x16x8_tt_gf_gt256x256_ge16x16,0,93304.71145798556,fft18-fp32,3,8x7x3,256x256x256,16x16x8,tablextable,direct-stridedxdirect-strided,global-scratchxfused,2,8x10,256x256,16x16,cufftdx-online-shared+cufftdx-online-shared+cufftdx-online-shared,8,3,256,256,16,8,table,direct-strided,Tesla V100-SXM2-16GB,7.0,fft,fp32,forward,none,in-place,online-reorder,cufftdx-block,18,262144,2,100,50,0.039465,13284898221.584238,0.000501,1
fft20-fp32_b2_d3_3x5x12_t512x512x256_e8x16x16_tt_fg_gt512x256_ge16x16,fft20-fp32-batch2,1,fft20-fp32_b2_d3_3x5x12_t512x512x256_e8x16x16_tt_fg_gt512x256_ge16x16,0,304406.0458319422,fft20-fp32,3,3x5x12,512x512x256,8x16x16,tablextable,direct-stridedxdirect-strided,fusedxglobal-scratch,2,8x12,512x256,16x16,cufftdx-online-shared+cufftdx-online-shared+cufftdx-large-online,3,12,512,256,8,16,table,direct-strided,Tesla V100-SXM2-16GB,7.0,fft,fp32,forward,none,in-place,online-reorder,cufftdx-block,20,1048576,2,100,50,0.246190,8518426395.422798,0.001102,1
fft18-fp32_b2_p9s9_t512x512_e16x16_rec,fft18-fp32-batch2,3,fft18-fp32_b2_p9s9_t512x512_e16x16_rec,0,81804.82522882584,fft18-fp32,2,9x9,512x512,16x16,recurrence,direct-strided,global-scratch,2,,,,cufftdx-online-shared+cufftdx-online-shared,9,9,512,512,16,16,recurrence,direct-strided,Tesla V100-SXM2-16GB,7.0,fft,fp32,forward,none,in-place,online-reorder,cufftdx-block,18,262144,2,100,50,0.043438,12069778212.394667,0.000725,1
fft18-fp32_b2_d3_3x5x10_t128x128x128_e8x16x16_tt_fg_gt128x128_ge16x16,fft18-fp32-batch2,1,fft18-fp32_b2_d3_3x5x10_t128x128x128_e8x16x16_tt_fg_gt128x128_ge16x16,0,93304.71145798556,fft18-fp32,3,3x5x10,128x128x128,8x16x16,tablextable,direct-stridedxdirect-strided,fusedxglobal-scratch,2,8x10,128x128,16x16,cufftdx-online-shared+cufftdx-online-shared+cufftdx-online-shared,3,10,128,128,8,16,table,direct-strided,Tesla V100-SXM2-16GB,7.0,fft,fp32,forward,none,in-place,online-reorder,cufftdx-block,18,262144,2,100,50,0.039014,13438320536.622704,0.000501,1
fft18-fp32_b2_d3_9x3x6_t512x512x512_e16x8x16_rr_gf_gt256x256_ge8x8,fft18-fp32-batch2,1,fft18-fp32_b2_d3_9x3x6_t512x512x512_e16x8x16_rr_gf_gt256x256_ge8x8,0,166948.6229159711,fft18-fp32,3,9x3x6,512x512x512,16x8x16,recurrencexrecurrence,direct-stridedxdirect-strided,global-scratchxfused,2,9x9,256x256,8x8,cufftdx-online-shared+cufftdx-online-shared+cufftdx-online-shared,9,6,512,512,16,16,recurrence,direct-strided,Tesla V100-SXM2-16GB,7.0,fft,fp32,forward,none,in-place,online-reorder,cufftdx-block,18,262144,2,100,50,0.025907,20237154283.134544,0.000553,1
fft18-fp32_b16_d3_3x12x3_t128x512x128_e8x8x8_tt_gg,fft18-fp32-batch16,1,fft18-fp32_b16_d3_3x12x3_t128x512x128_e8x8x8_tt_gg,0,1758790.4870289993,fft18-fp32,3,3x12x3,128x512x128,8x8x8,tablextable,direct-stridedxdirect-strided,global-scratchxglobal-scratch,3,,,,cufftdx-online-shared+cufftdx-large-online+cufftdx-online-shared,3,3,128,128,8,8,table,direct-strided,Tesla V100-SXM2-16GB,7.0,fft,fp32,forward,none,in-place,online-reorder,cufftdx-block,18,262144,16,100,50,0.722125,5808281218.080626,0.000498,1
fft18-fp32_b2_d3_3x5x10_t128x128x128_e8x16x16_tt_fg_gt128x128_ge16x16,fft18-fp32-batch2,2,fft18-fp32_b2_d3_3x5x10_t128x128x128_e8x16x16_tt_fg_gt128x128_ge16x16,0,93304.71145798556,fft18-fp32,3,3x5x10,128x128x128,8x16x16,tablextable,direct-stridedxdirect-strided,fusedxglobal-scratch,2,8x10,128x128,16x16,cufftdx-online-shared+cufftdx-online-shared+cufftdx-online-shared,3,10,128,128,8,16,table,direct-strided,Tesla V100-SXM2-16GB,7.0,fft,fp32,forward,none,in-place,online-reorder,cufftdx-block,18,262144,2,100,50,0.038994,13445379045.826117,0.000501,1
fft20-fp32_b16_d3_3x7x10_t512x512x512_e8x16x16_rr_fg_gt256x128_ge16x16,fft20-fp32-batch16,2,fft20-fp32_b16_d3_3x7x10_t512x512x512_e8x16x16_rr_fg_gt256x128_ge16x16,0,2435248.3666555374,fft20-fp32,3,3x7x10,512x512x512,8x16x16,recurrencexrecurrence,direct-stridedxdirect-strided,fusedxglobal-scratch,2,10x10,256x128,16x16,cufftdx-online-shared+cufftdx-online-shared+cufftdx-online-shared,3,10,512,512,8,16,recurrence,direct-strided,Tesla V100-SXM2-16GB,7.0,fft,fp32,forward,none,in-place,online-reorder,cufftdx-block,20,1048576,16,100,50,0.766484,21888527852.859932,0.001451,1
fft18-fp32_b2_d4_3x6x3x6_t512x512x512x512_e8x16x8x16_rrr_fgf_gt256x256_ge8x8,fft18-fp32-batch2,3,fft18-fp32_b2_d4_3x6x3x6_t512x512x512x512_e8x16x8x16_rrr_fgf_gt256x256_ge8x8,0,166948.6229159711,fft18-fp32,4,3x6x3x6,512x512x512x512,8x16x8x16,recurrencexrecurrencexrecurrence,direct-stridedxdirect-stridedxdirect-strided,fusedxglobal-scratchxfused,2,9x9,256x256,8x8,cufftdx-online-shared+cufftdx-online-shared+cufftdx-online-shared+cufftdx-online-shared,3,6,512,512,8,16,recurrence,direct-strided,Tesla V100-SXM2-16GB,7.0,fft,fp32,forward,none,in-place,online-reorder,cufftdx-block,18,262144,2,100,50,0.029901,17534246319.234879,0.000553,1
fft20-fp32_b2_d4_8x3x3x6_t512x512x512x512_e16x8x8x16_ttt_gff_gt512x256_ge16x16,fft20-fp32-batch2,2,fft20-fp32_b2_d4_8x3x3x6_t512x512x512x512_e16x8x8x16_ttt_gff_gt512x256_ge16x16,0,304406.0458319422,fft20-fp32,4,8x3x3x6,512x512x512x512,16x8x8x16,tablextablextable,direct-stridedxdirect-stridedxdirect-strided,global-scratchxfusedxfused,2,8x12,512x256,16x16,cufftdx-online-shared+cufftdx-online-shared+cufftdx-online-shared+cufftdx-online-shared,8,6,512,512,16,16,table,direct-strided,Tesla V100-SXM2-16GB,7.0,fft,fp32,forward,none,in-place,online-reorder,cufftdx-block,20,1048576,2,100,50,0.270295,7758750932.115727,0.001102,1
fft18-fp32_b64_d3_4x3x11_t128x128x512_e16x8x4_tt_fg_gt128x512_ge16x4,fft18-fp32-batch64,3,fft18-fp32_b64_d3_4x3x11_t128x128x512_e16x8x4_tt_fg_gt128x512_ge16x4,0,6428806.61113708,fft18-fp32,3,4x3x11,128x128x512,16x8x4,tablextable,direct-stridedxdirect-strided,fusedxglobal-scratch,2,7x11,128x512,16x4,cufftdx-online-shared+cufftdx-online-shared+cufftdx-large-online,4,11,128,512,16,4,table,direct-strided,Tesla V100-SXM2-16GB,7.0,fft,fp32,forward,none,in-place,online-reorder,cufftdx-block,18,262144,64,100,50,1.281004,13096931244.660421,0.000553,1
fft20-fp32_b16_d3_3x5x12_t512x512x256_e8x16x16_tt_fg_gt512x256_ge16x16,fft20-fp32-batch16,3,fft20-fp32_b16_d3_3x5x12_t512x512x256_e8x16x16_tt_fg_gt512x256_ge16x16,0,2435248.3666555374,fft20-fp32,3,3x5x12,512x512x256,8x16x16,tablextable,direct-stridedxdirect-strided,fusedxglobal-scratch,2,8x12,512x256,16x16,cufftdx-online-shared+cufftdx-online-shared+cufftdx-large-online,3,12,512,256,8,16,table,direct-strided,Tesla V100-SXM2-16GB,7.0,fft,fp32,forward,none,in-place,online-reorder,cufftdx-block,20,1048576,16,100,50,2.128364,7882683168.693997,0.001221,1
fft20-fp32_b8_p12s8_t256x128_e16x16_rec_ptx,fft20-fp32-batch8,1,fft20-fp32_b8_p12s8_t256x128_e16x16_rec_ptx,0,1193271.6996612132,fft20-fp32,2,12x8,256x128,16x16,recurrence,prefix-tiled-transpose,global-scratch,2,,,,cufftdx-large-online+cufftdx-online-shared,12,8,256,128,16,16,recurrence,prefix-tiled-transpose,Tesla V100-SXM2-16GB,7.0,fft,fp32,forward,none,in-place,online-reorder,cufftdx-block,20,1048576,8,100,50,0.854364,9818539242.300533,0.001355,1
fft20-fp32_b8_d3_10x3x7_t512x512x512_e16x8x16_rr_gf_gt256x128_ge16x16,fft20-fp32-batch8,2,fft20-fp32_b8_d3_10x3x7_t512x512x512_e16x8x16_rr_gf_gt256x128_ge16x16,0,1217624.1833277687,fft20-fp32,3,10x3x7,512x512x512,16x8x16,recurrencexrecurrence,direct-stridedxdirect-strided,global-scratchxfused,2,10x10,256x128,16x16,cufftdx-online-shared+cufftdx-online-shared+cufftdx-online-shared,10,7,512,512,16,16,recurrence,direct-strided,Tesla V100-SXM2-16GB,7.0,fft,fp32,forward,none,in-place,online-reorder,cufftdx-block,20,1048576,8,100,50,0.397722,21091658688.389534,0.001451,1
fft18-fp32_b16_d4_4x4x4x6_t512x512x512x512_e16x16x16x16_ttt_ggg,fft18-fp32-batch16,3,fft18-fp32_b16_d4_4x4x4x6_t512x512x512x512_e16x16x16x16_ttt_ggg,0,1149978.395365115,fft18-fp32,4,4x4x4x6,512x512x512x512,16x16x16x16,tablextablextable,direct-stridedxdirect-stridedxdirect-strided,global-scratchxglobal-scratchxglobal-scratch,4,,,,cufftdx-online-shared+cufftdx-online-shared+cufftdx-online-shared+cufftdx-online-shared,4,6,512,512,16,16,table,direct-strided,Tesla V100-SXM2-16GB,7.0,fft,fp32,forward,none,in-place,online-reorder,cufftdx-block,18,262144,16,100,50,0.867942,4832467853.431525,0.000492,1
fft20-fp32_b2_p10s10_t256x128_e16x16_rec,fft20-fp32-batch2,3,fft20-fp32_b2_p10s10_t256x128_e16x16_rec,0,298317.9249153033,fft20-fp32,2,10x10,256x128,16x16,recurrence,direct-strided,global-scratch,2,,,,cufftdx-online-shared+cufftdx-online-shared,10,10,256,128,16,16,recurrence,direct-strided,Tesla V100-SXM2-16GB,7.0,fft,fp32,forward,none,in-place,online-reorder,cufftdx-block,20,1048576,2,100,50,0.127570,16439234702.861195,0.001320,1
fft20-fp32_b8_d3_4x5x11_t128x128x512_e16x16x4_tt_fg_gt128x512_ge16x4,fft20-fp32-batch8,3,fft20-fp32_b8_d3_4x5x11_t128x128x512_e16x16x4_tt_fg_gt128x512_ge16x4,0,3214403.30556854,fft20-fp32,3,4x5x11,128x128x512,16x16x4,tablextable,direct-stridedxdirect-strided,fusedxglobal-scratch,2,9x11,128x512,16x4,cufftdx-online-shared+cufftdx-online-shared+cufftdx-large-online,4,11,128,512,16,4,table,direct-strided,Tesla V100-SXM2-16GB,7.0,fft,fp32,forward,none,in-place,online-reorder,cufftdx-block,20,1048576,8,100,50,0.738632,11356956910.281908,0.001510,1
fft18-fp32_b64_p7s11_t128x256_e16x8_rec,fft18-fp32-batch64,1,fft18-fp32_b64_p7s11_t128x256_e16x8_rec,0,3566171.2214231617,fft18-fp32,2,7x11,128x256,16x8,recurrence,direct-strided,global-scratch,2,,,,cufftdx-online-shared+cufftdx-large-online,7,11,128,256,16,8,recurrence,direct-strided,Tesla V100-SXM2-16GB,7.0,fft,fp32,forward,none,in-place,online-reorder,cufftdx-block,18,262144,64,100,50,1.060987,15812840263.904993,0.000672,1
fft20-fp32_b2_d4_4x4x4x8_t512x512x512x512_e16x16x16x16_ttt_ggg,fft20-fp32-batch2,1,fft20-fp32_b2_d4_4x4x4x8_t512x512x512x512_e16x16x16x16_ttt_ggg,0,574989.1976825575,fft20-fp32,4,4x4x4x8,512x512x512x512,16x16x16x16,tablextablextable,direct-stridedxdirect-stridedxdirect-strided,global-scratchxglobal-scratchxglobal-scratch,4,,,,cufftdx-online-shared+cufftdx-online-shared+cufftdx-online-shared+cufftdx-online-shared,4,8,512,512,16,16,table,direct-strided,Tesla V100-SXM2-16GB,7.0,fft,fp32,forward,none,in-place,online-reorder,cufftdx-block,20,1048576,2,100,50,0.545935,3841392276.947654,0.000859,1
fft20-fp32_b16_d4_10x3x3x4_t512x512x512x512_e16x8x8x16_rrr_gff_gt256x128_ge16x16,fft20-fp32-batch16,2,fft20-fp32_b16_d4_10x3x3x4_t512x512x512x512_e16x8x8x16_rrr_gff_gt256x128_ge16x16,0,2435248.3666555374,fft20-fp32,4,10x3x3x4,512x512x512x512,16x8x8x16,recurrencexrecurrencexrecurrence,direct-stridedxdirect-stridedxdirect-strided,global-scratchxfusedxfused,2,10x10,256x128,16x16,cufftdx-online-shared+cufftdx-online-shared+cufftdx-online-shared+cufftdx-online-shared,10,4,512,512,16,16,recurrence,direct-strided,Tesla V100-SXM2-16GB,7.0,fft,fp32,forward,none,in-place,online-reorder,cufftdx-block,20,1048576,16,100,50,0.765645,21912530380.407787,0.001451,1
fft20-fp32_b8_d3_3x12x5_t128x512x128_e8x8x16_tt_gg,fft20-fp32-batch8,1,fft20-fp32_b8_d3_3x12x5_t128x512x128_e8x8x16_tt_gg,0,3264773.0703567686,fft20-fp32,3,3x12x5,128x512x128,8x8x16,tablextable,direct-stridedxdirect-strided,global-scratchxglobal-scratch,3,,,,cufftdx-online-shared+cufftdx-large-online+cufftdx-online-shared,3,5,128,128,8,16,table,direct-strided,Tesla V100-SXM2-16GB,7.0,fft,fp32,forward,none,in-place,online-reorder,cufftdx-block,20,1048576,8,100,50,1.489039,5633570577.655356,0.001365,1
fft18-fp32_b16_p11s7_t256x128_e8x16_rec,fft18-fp32-batch16,3,fft18-fp32_b16_p11s7_t256x128_e8x16_rec,0,1018015.6028476105,fft18-fp32,2,11x7,256x128,8x16,recurrence,direct-strided,global-scratch,2,,,,cufftdx-large-online+cufftdx-online-shared,11,7,256,128,8,16,recurrence,direct-strided,Tesla V100-SXM2-16GB,7.0,fft,fp32,forward,none,in-place,online-reorder,cufftdx-block,18,262144,16,100,50,0.319816,13114754693.643126,0.000633,1
fft20-fp32_b2_d3_4x4x12_t512x512x256_e16x16x16_tt_gg,fft20-fp32-batch2,3,fft20-fp32_b2_d3_4x4x12_t512x512x256_e16x16x16_tt_gg,0,439697.6217572498,fft20-fp32,3,4x4x12,512x512x256,16x16x16,tablextable,direct-stridedxdirect-strided,global-scratchxglobal-scratch,3,,,,cufftdx-online-shared+cufftdx-online-shared+cufftdx-large-online,4,12,512,256,16,16,table,direct-strided,Tesla V100-SXM2-16GB,7.0,fft,fp32,forward,none,in-place,online-reorder,cufftdx-block,20,1048576,2,100,50,0.392417,5344188285.383684,0.000977,1
fft20-fp32_b2_d3_4x4x12_t128x128x512_e16x16x8_tt_fg_gt128x512_ge16x8,fft20-fp32-batch2,2,fft20-fp32_b2_d3_4x4x12_t128x128x512_e16x16x8_tt_fg_gt128x512_ge16x8,0,454868.7782427502,fft20-fp32,3,4x4x12,128x128x512,16x16x8,tablextable,direct-stridedxdirect-strided,fusedxglobal-scratch,2,8x12,128x512,16x8,cufftdx-online-shared+cufftdx-online-shared+cufftdx-large-online,4,12,128,512,16,8,table,direct-strided,Tesla V100-SXM2-16GB,7.0,fft,fp32,forward,none,in-place,online-reorder,cufftdx-block,20,1048576,2,100,50,0.224276,9350744096.736017,0.001120,1
fft20-fp32_b8_d3_3x7x10_t128x128x128_e8x16x16_tt_fg_gt128x128_ge16x16,fft20-fp32-batch8,2,fft20-fp32_b8_d3_3x7x10_t128x128x128_e8x16x16_tt_fg_gt128x128_ge16x16,0,1217624.1833277687,fft20-fp32,3,3x7x10,128x128x128,8x16x16,tablextable,direct-stridedxdirect-strided,fusedxglobal-scratch,2,10x10,128x128,16x16,cufftdx-online-shared+cufftdx-online-shared+cufftdx-online-shared,3,10,128,128,8,16,table,direct-strided,Tesla V100-SXM2-16GB,7.0,fft,fp32,forward,none,in-place,online-reorder,cufftdx-block,20,1048576,8,100,50,0.648581,12933784472.778786,0.001343,1
fft18-fp32_b2_d3_5x3x10_t128x128x128_e16x8x16_tt_fg_gt128x128_ge16x16,fft18-fp32-batch2,3,fft18-fp32_b2_d3_5x3x10_t128x128x128_e16x8x16_tt_fg_gt128x128_ge16x16,0,93304.71145798556,fft18-fp32,3,5x3x10,128x128x128,16x8x16,tablextable,direct-stridedxdirect-strided,fusedxglobal-scratch,2,8x10,128x128,16x16,cufftdx-online-shared+cufftdx-online-shared+cufftdx-online-shared,5,10,128,128,16,16,table,direct-strided,Tesla V100-SXM2-16GB,7.0,fft,fp32,forward,none,in-place,online-reorder,cufftdx-block,18,262144,2,100,50,0.038953,13459515758.197981,0.000501,1
fft20-fp32_b16_d4_3x3x4x10_t512x512x512x512_e8x8x16x16_rrr_ffg_gt256x128_ge16x16,fft20-fp32-batch16,1,fft20-fp32_b16_d4_3x3x4x10_t512x512x512x512_e8x8x16x16_rrr_ffg_gt256x128_ge16x16,0,2435248.3666555374,fft20-fp32,4,3x3x4x10,512x512x512x512,8x8x16x16,recurrencexrecurrencexrecurrence,direct-stridedxdirect-stridedxdirect-strided,fusedxfusedxglobal-scratch,2,10x10,256x128,16x16,cufftdx-online-shared+cufftdx-online-shared+cufftdx-online-shared+cufftdx-online-shared,3,10,512,512,8,16,recurrence,direct-strided,Tesla V100-SXM2-16GB,7.0,fft,fp32,forward,none,in-place,online-reorder,cufftdx-block,20,1048576,16,100,50,0.768348,21835434676.702187,0.001451,1
fft20-fp32_b16_p10s10_t512x512_e8x8_rec,fft20-fp32-batch16,3,fft20-fp32_b16_p10s10_t512x512_e8x8_rec,0,4773086.798644853,fft20-fp32,2,10x10,512x512,8x8,recurrence,direct-strided,global-scratch,2,,,,cufftdx-online-shared+cufftdx-online-shared,10,10,512,512,8,8,recurrence,direct-strided,Tesla V100-SXM2-16GB,7.0,fft,fp32,forward,none,in-place,online-reorder,cufftdx-block,20,1048576,16,100,50,0.832041,20163930256.446815,0.001466,1
fft18-fp32_b16_d3_8x7x3_t128x128x128_e16x16x8_tt_gf_gt128x128_ge16x16,fft18-fp32-batch16,3,fft18-fp32_b16_d3_8x7x3_t128x128x128_e16x16x8_tt_gf_gt128x128_ge16x16,0,608812.0916638843,fft18-fp32,3,8x7x3,128x128x128,16x16x8,tablextable,direct-stridedxdirect-strided,global-scratchxfused,2,8x10,128x128,16x16,cufftdx-online-shared+cufftdx-online-shared+cufftdx-online-shared,8,3,128,128,16,8,table,direct-strided,Tesla V100-SXM2-16GB,7.0,fft,fp32,forward,none,in-place,online-reorder,cufftdx-block,18,262144,16,100,50,0.257987,16257838199.777672,0.000610,1
fft18-fp32_b2_d3_3x3x12_t128x128x512_e8x8x8_tt_fg_gt128x512_ge16x8,fft18-fp32-batch2,2,fft18-fp32_b2_d3_3x3x12_t128x128x512_e8x8x8_tt_fg_gt128x512_ge16x8,0,138566.26122735423,fft18-fp32,3,3x3x12,128x128x512,8x8x8,tablextable,direct-stridedxdirect-strided,fusedxglobal-scratch,2,6x12,128x512,16x8,cufftdx-online-shared+cufftdx-online-shared+cufftdx-large-online,3,12,128,512,8,8,table,direct-strided,Tesla V100-SXM2-16GB,7.0,fft,fp32,forward,none,in-place,online-reorder,cufftdx-block,18,262144,2,100,50,0.053883,9730140269.957653,0.000525,1
fft18-fp32_b64_d3_11x3x4_t512x128x128_e4x8x16_tt_gf_gt512x128_ge4x16,fft18-fp32-batch64,3,fft18-fp32_b64_d3_11x3x4_t512x128x128_e4x8x16_tt_gf_gt512x128_ge4x16,0,7752286.844414767,fft18-fp32,3,11x3x4,512x128x128,4x8x16,tablextable,direct-stridedxdirect-strided,global-scratchxfused,2,11x7,512x128,4x16,cufftdx-large-online+cufftdx-online-shared+cufftdx-online-shared,11,4,512,128,4,16,table,direct-strided,Tesla V100-SXM2-16GB,7.0,fft,fp32,forward,none,in-place,online-reorder,cufftdx-block,18,262144,64,100,50,1.537823,10909720441.008011,0.000550,1
fft18-fp32_b2_p7s11_t128x256_e16x8_rec_tx,fft18-fp32-batch2,2,fft18-fp32_b2_p7s11_t128x256_e16x8_rec_tx,0,135794.93600280714,fft18-fp32,2,7x11,128x256,16x8,recurrence,tiled-transpose,global-scratch,2,,,,cufftdx-online-shared+cufftdx-large-online,7,11,128,256,16,8,recurrence,tiled-transpose,Tesla V100-SXM2-16GB,7.0,fft,fp32,forward,none,in-place,online-reorder,cufftdx-block,18,262144,2,100,50,0.033075,15851393892.805090,0.000682,1
fft20-fp32_b2_p11s9_t256x128_e8x16_rec_ptx,fft20-fp32-batch2,3,fft20-fp32_b2_p11s9_t256x128_e8x16_rec_ptx,0,509007.80142380524,fft20-fp32,2,11x9,256x128,8x16,recurrence,prefix-tiled-transpose,global-scratch,2,,,,cufftdx-large-online+cufftdx-online-shared,11,9,256,128,8,16,recurrence,prefix-tiled-transpose,Tesla V100-SXM2-16GB,7.0,fft,fp32,forward,none,in-place,online-reorder,cufftdx-block,20,1048576,2,100,50,0.196096,10694516804.637159,0.001485,1
fft20-fp32_b2_d4_3x7x3x7_t512x512x512x512_e8x16x8x16_rrr_fgf_gt512x512_ge8x8,fft20-fp32-batch2,2,fft20-fp32_b2_d4_3x7x3x7_t512x512x512x512_e8x16x8x16_rrr_fgf_gt512x512_ge8x8,0,608812.0916638843,fft20-fp32,4,3x7x3x7,512x512x512x512,8x16x8x16,recurrencexrecurrencexrecurrence,direct-stridedxdirect-stridedxdirect-strided,fusedxglobal-scratchxfused,2,10x10,512x512,8x8,cufftdx-online-shared+cufftdx-online-shared+cufftdx-online-shared+cufftdx-online-shared,3,7,512,512,8,16,recurrence,direct-strided,Tesla V100-SXM2-16GB,7.0,fft,fp32,forward,none,in-place,online-reorder,cufftdx-block,20,1048576,2,100,50,0.119706,17519246850.061626,0.001288,1
fft18-fp32_b2_d3_4x3x11_t128x128x512_e16x8x4_tt_fg_gt128x512_ge16x4,fft18-fp32-batch2,2,fft18-fp32_b2_d3_4x3x11_t128x128x512_e16x8x4_tt_fg_gt128x512_ge16x4,0,241041.00659803377,fft18-fp32,3,4x3x11,128x128x512,16x8x4,tablextable,direct-stridedxdirect-strided,fusedxglobal-scratch,2,7x11,128x512,16x4,cufftdx-online-shared+cufftdx-online-shared+cufftdx-large-online,4,11,128,512,16,4,table,direct-strided,Tesla V100-SXM2-16GB,7.0,fft,fp32,forward,none,in-place,online-reorder,cufftdx-block,18,262144,2,100,50,0.053658,9770992586.113390,0.000516,1
fft20-fp32_b16_d3_3x11x6_t128x512x128_e8x4x16_tt_gg,fft20-fp32-batch16,1,fft20-fp32_b16_d3_3x11x6_t128x512x128_e8x4x16_tt_gg,0,9437184.0,fft20-fp32,3,3x11x6,128x512x128,8x4x16,tablextable,direct-stridedxdirect-strided,global-scratchxglobal-scratch,3,,,,cufftdx-online-shared+cufftdx-large-online+cufftdx-online-shared,3,6,128,128,8,16,table,direct-strided,Tesla V100-SXM2-16GB,7.0,fft,fp32,forward,none,in-place,online-reorder,cufftdx-block,20,1048576,16,100,50,2.795541,6001421039.195172,0.001274,1
fft18-fp32_b16_d3_11x3x4_t256x512x512_e8x8x16_tt_gf_gt256x512_ge8x16,fft18-fp32-batch16,2,fft18-fp32_b16_d3_11x3x4_t256x512x512_e8x8x16_tt_gf_gt256x512_ge8x16,0,1038791.4314771536,fft18-fp32,3,11x3x4,256x512x512,8x8x16,tablextable,direct-stridedxdirect-strided,global-scratchxfused,2,11x7,256x512,8x16,cufftdx-large-online+cufftdx-online-shared+cufftdx-online-shared,11,4,256,512,8,16,table,direct-strided,Tesla V100-SXM2-16GB,7.0,fft,fp32,forward,none,in-place,online-reorder,cufftdx-block,18,262144,16,100,50,0.395223,10612498400.844852,0.000563,1
fft20-fp32_b8_d3_3x7x10_t512x512x512_e8x16x16_rr_fg_gt256x128_ge16x16,fft20-fp32-batch8,1,fft20-fp32_b8_d3_3x7x10_t512x512x512_e8x16x16_rr_fg_gt256x128_ge16x16,0,1217624.1833277687,fft20-fp32,3,3x7x10,512x512x512,8x16x16,recurrencexrecurrence,direct-stridedxdirect-strided,fusedxglobal-scratch,2,10x10,256x128,16x16,cufftdx-online-shared+cufftdx-online-shared+cufftdx-online-shared,3,10,512,512,8,16,recurrence,direct-strided,Tesla V100-SXM2-16GB,7.0,fft,fp32,forward,none,in-place,online-reorder,cufftdx-block,20,1048576,8,100,50,0.396923,21134100068.360138,0.001451,1
fft20-fp32_b8_d4_10x3x3x4_t512x512x512x512_e16x8x8x16_rrr_gff_gt256x128_ge16x16,fft20-fp32-batch8,3,fft20-fp32_b8_d4_10x3x3x4_t512x512x512x512_e16x8x8x16_rrr_gff_gt256x128_ge16x16,0,1217624.1833277687,fft20-fp32,4,10x3x3x4,512x512x512x512,16x8x8x16,recurrencexrecurrencexrecurrence,direct-stridedxdirect-stridedxdirect-strided,global-scratchxfusedxfused,2,10x10,256x128,16x16,cufftdx-online-shared+cufftdx-online-shared+cufftdx-online-shared+cufftdx-online-shared,10,4,512,512,16,16,recurrence,direct-strided,Tesla V100-SXM2-16GB,7.0,fft,fp32,forward,none,in-place,online-reorder,cufftdx-block,20,1048576,8,100,50,0.398090,21072126585.240623,0.001451,1
fft18-fp32_b64_d3_11x3x4_t512x128x128_e4x8x16_tt_gf_gt512x128_ge4x16,fft18-fp32-batch64,1,fft18-fp32_b64_d3_11x3x4_t512x128x128_e4x8x16_tt_gf_gt512x128_ge4x16,0,7752286.844414767,fft18-fp32,3,11x3x4,512x128x128,4x8x16,tablextable,direct-stridedxdirect-strided,global-scratchxfused,2,11x7,512x128,4x16,cufftdx-large-online+cufftdx-online-shared+cufftdx-online-shared,11,4,512,128,4,16,table,direct-strided,Tesla V100-SXM2-16GB,7.0,fft,fp32,forward,none,in-place,online-reorder,cufftdx-block,18,262144,64,100,50,1.538028,10908267718.138477,0.000550,1
fft18-fp32_b2_d3_3x11x4_t256x1024x256_e8x2x16_tt_gg,fft18-fp32-batch2,2,fft18-fp32_b2_d3_3x11x4_t256x1024x256_e8x2x16_tt_gg,0,577809.0666666667,fft18-fp32,3,3x11x4,256x1024x256,8x2x16,tablextable,direct-stridedxdirect-strided,global-scratchxglobal-scratch,3,,,,cufftdx-online-shared+cufftdx-large-online+cufftdx-online-shared,3,4,256,256,8,16,table,direct-strided,Tesla V100-SXM2-16GB,7.0,fft,fp32,forward,none,in-place,online-reorder,cufftdx-block,18,262144,2,100,50,0.103649,5058288828.606345,0.000348,1
fft18-fp32_b2_p7s11_t128x256_e16x8_rec,fft18-fp32-batch2,2,fft18-fp32_b2_p7s11_t128x256_e16x8_rec,0,135794.93600280714,fft18-fp32,2,7x11,128x256,16x8,recurrence,direct-strided,global-scratch,2,,,,cufftdx-online-shared+cufftdx-large-online,7,11,128,256,16,8,recurrence,direct-strided,Tesla V100-SXM2-16GB,7.0,fft,fp32,forward,none,in-place,online-reorder,cufftdx-block,18,262144,2,100,50,0.042885,12225405648.555098,0.000682,1
fft18-fp32_b64_d3_4x4x10_t128x128x128_e16x16x16_tt_fg_gt128x128_ge16x16,fft18-fp32-batch64,2,fft18-fp32_b64_d3_4x4x10_t128x128x128_e16x16x16_tt_fg_gt128x128_ge16x16,0,2435248.3666555374,fft18-fp32,3,4x4x10,128x128x128,16x16x16,tablextable,direct-stridedxdirect-strided,fusedxglobal-scratch,2,8x10,128x128,16x16,cufftdx-online-shared+cufftdx-online-shared+cufftdx-online-shared,4,10,128,128,16,16,table,direct-strided,Tesla V100-SXM2-16GB,7.0,fft,fp32,forward,none,in-place,online-reorder,cufftdx-block,18,262144,64,100,50,0.968786,17317774009.269493,0.000610,1
fft20-fp32_b8_p12s8_t256x128_e16x16_rec,fft20-fp32-batch8,2,fft20-fp32_b8_p12s8_t256x128_e16x16_rec,0,1193271.6996612132,fft20-fp32,2,12x8,256x128,16x16,recurrence,direct-strided,global-scratch,2,,,,cufftdx-large-online+cufftdx-online-shared,12,8,256,128,16,16,recurrence,direct-strided,Tesla V100-SXM2-16GB,7.0,fft,fp32,forward,none,in-place,online-reorder,cufftdx-block,20,1048576,8,100,50,0.653230,12841735816.429066,0.001355,1
fft18-fp32_b64_d3_11x3x4_t256x512x512_e8x8x16_tt_gf_gt256x512_ge8x16,fft18-fp32-batch64,1,fft18-fp32_b64_d3_11x3x4_t256x512x512_e8x8x16_tt_gf_gt256x512_ge8x16,0,4155165.725908614,fft18-fp32,3,11x3x4,256x512x512,8x8x16,tablextable,direct-stridedxdirect-strided,global-scratchxfused,2,11x7,256x512,8x16,cufftdx-large-online+cufftdx-online-shared+cufftdx-online-shared,11,4,256,512,8,16,table,direct-strided,Tesla V100-SXM2-16GB,7.0,fft,fp32,forward,none,in-place,online-reorder,cufftdx-block,18,262144,64,100,50,1.488957,11267760879.285973,0.000612,1
fft18-fp32_b2_d3_8x7x3_t128x128x128_e16x16x8_tt_gf_gt128x128_ge16x16,fft18-fp32-batch2,2,fft18-fp32_b2_d3_8x7x3_t128x128x128_e16x16x8_tt_gf_gt128x128_ge16x16,0,93304.71145798556,fft18-fp32,3,8x7x3,128x128x128,16x16x8,tablextable,direct-stridedxdirect-strided,global-scratchxfused,2,8x10,128x128,16x16,cufftdx-online-shared+cufftdx-online-shared+cufftdx-online-shared,8,3,128,128,16,8,table,direct-strided,Tesla V100-SXM2-16GB,7.0,fft,fp32,forward,none,in-place,online-reorder,cufftdx-block,18,262144,2,100,50,0.039035,13431269434.634817,0.000501,1
fft20-fp32_b8_d3_11x3x6_t256x512x512_e8x8x16_tt_gf_gt256x512_ge8x16,fft20-fp32-batch8,1,fft20-fp32_b8_d3_11x3x6_t256x512x512_e8x8x16_tt_gf_gt256x512_ge8x16,0,2077582.862954307,fft20-fp32,3,11x3x6,256x512x512,8x8x16,tablextable,direct-stridedxdirect-strided,global-scratchxfused,2,11x9,256x512,8x16,cufftdx-large-online+cufftdx-online-shared+cufftdx-online-shared,11,6,256,512,8,16,table,direct-strided,Tesla V100-SXM2-16GB,7.0,fft,fp32,forward,none,in-place,online-reorder,cufftdx-block,20,1048576,8,100,50,0.861614,9735922963.174740,0.001726,1
fft20-fp32_b8_d3_11x3x6_t256x512x512_e8x8x16_tt_gf_gt256x512_ge8x16,fft20-fp32-batch8,3,fft20-fp32_b8_d3_11x3x6_t256x512x512_e8x8x16_tt_gf_gt256x512_ge8x16,0,2077582.862954307,fft20-fp32,3,11x3x6,256x512x512,8x8x16,tablextable,direct-stridedxdirect-strided,global-scratchxfused,2,11x9,256x512,8x16,cufftdx-large-online+cufftdx-online-shared+cufftdx-online-shared,11,6,256,512,8,16,table,direct-strided,Tesla V100-SXM2-16GB,7.0,fft,fp32,forward,none,in-place,online-reorder,cufftdx-block,20,1048576,8,100,50,0.860262,9751220161.407814,0.001726,1
fft18-fp32_b2_d3_3x12x3_t256x1024x256_e8x4x8_tt_gg,fft18-fp32-batch2,2,fft18-fp32_b2_d3_3x12x3_t256x1024x256_e8x4x8_tt_gg,0,356515.84,fft18-fp32,3,3x12x3,256x1024x256,8x4x8,tablextable,direct-stridedxdirect-strided,global-scratchxglobal-scratch,3,,,,cufftdx-online-shared+cufftdx-large-online+cufftdx-online-shared,3,3,256,256,8,8,table,direct-strided,Tesla V100-SXM2-16GB,7.0,fft,fp32,forward,none,in-place,online-reorder,cufftdx-block,18,262144,2,100,50,0.086671,6049149349.746876,0.000391,1
fft20-fp32_b8_cufft,fft20-fp32-batch8,3,cuFFT,1,0.0,fft20-fp32,0,,,,,,,2,9x11,,,vendor-baseline,0,0,0,0,0,0,none,none,Tesla V100-SXM2-16GB,7.0,fft,fp32,forward,none,in-place,cufft,scalar,20,1048576,8,100,50,0.382300,21942466548.651905,0.002079,1
fft20-fp32_b2_d3_3x7x10_t512x512x512_e8x16x16_rr_fg_gt256x128_ge16x16,fft20-fp32-batch2,2,fft20-fp32_b2_d3_3x7x10_t512x512x512_e8x16x16_rr_fg_gt256x128_ge16x16,0,304406.0458319422,fft20-fp32,3,3x7x10,512x512x512,8x16x16,recurrencexrecurrence,direct-stridedxdirect-strided,fusedxglobal-scratch,2,10x10,256x128,16x16,cufftdx-online-shared+cufftdx-online-shared+cufftdx-online-shared,3,10,512,512,8,16,recurrence,direct-strided,Tesla V100-SXM2-16GB,7.0,fft,fp32,forward,none,in-place,online-reorder,cufftdx-block,20,1048576,2,100,50,0.127406,16460376714.189592,0.001320,1
fft18-fp32_b16_d3_4x11x3_t128x512x128_e16x4x8_tt_gg,fft18-fp32-batch16,1,fft18-fp32_b16_d3_4x11x3_t128x512x128_e16x4x8_tt_gg,0,2219468.9490830395,fft18-fp32,3,4x11x3,128x512x128,16x4x8,tablextable,direct-stridedxdirect-strided,global-scratchxglobal-scratch,3,,,,cufftdx-online-shared+cufftdx-large-online+cufftdx-online-shared,4,3,128,128,16,8,table,direct-strided,Tesla V100-SXM2-16GB,7.0,fft,fp32,forward,none,in-place,online-reorder,cufftdx-block,18,262144,16,100,50,0.751964,5577797368.620117,0.000488,1
fft20-fp32_b2_d4_3x3x4x10_t512x512x512x512_e8x8x16x16_rrr_ffg_gt256x128_ge16x16,fft20-fp32-batch2,1,fft20-fp32_b2_d4_3x3x4x10_t512x512x512x512_e8x8x16x16_rrr_ffg_gt256x128_ge16x16,0,304406.0458319422,fft20-fp32,4,3x3x4x10,512x512x512x512,8x8x16x16,recurrencexrecurrencexrecurrence,direct-stridedxdirect-stridedxdirect-strided,fusedxfusedxglobal-scratch,2,10x10,256x128,16x16,cufftdx-online-shared+cufftdx-online-shared+cufftdx-online-shared+cufftdx-online-shared,3,10,512,512,8,16,recurrence,direct-strided,Tesla V100-SXM2-16GB,7.0,fft,fp32,forward,none,in-place,online-reorder,cufftdx-block,20,1048576,2,100,50,0.128266,16349991363.106169,0.001320,1
fft18-fp32_b64_d3_3x4x11_t128x128x512_e8x16x4_tt_fg_gt128x512_ge16x4,fft18-fp32-batch64,2,fft18-fp32_b64_d3_3x4x11_t128x128x512_e8x16x4_tt_fg_gt128x512_ge16x4,0,6428806.61113708,fft18-fp32,3,3x4x11,128x128x512,8x16x4,tablextable,direct-stridedxdirect-strided,fusedxglobal-scratch,2,7x11,128x512,16x4,cufftdx-online-shared+cufftdx-online-shared+cufftdx-large-online,3,11,128,512,8,4,table,direct-strided,Tesla V100-SXM2-16GB,7.0,fft,fp32,forward,none,in-place,online-reorder,cufftdx-block,18,262144,64,100,50,1.203937,13935290575.433409,0.000553,1
fft20-fp32_b2_d4_3x3x4x10_t512x512x512x512_e8x8x16x16_rrr_ffg_gt512x512_ge8x8,fft20-fp32-batch2,3,fft20-fp32_b2_d4_3x3x4x10_t512x512x512x512_e8x8x16x16_rrr_ffg_gt512x512_ge8x8,0,608812.0916638843,fft20-fp32,4,3x3x4x10,512x512x512x512,8x8x16x16,recurrencexrecurrencexrecurrence,direct-stridedxdirect-stridedxdirect-strided,fusedxfusedxglobal-scratch,2,10x10,512x512,8x8,cufftdx-online-shared+cufftdx-online-shared+cufftdx-online-shared+cufftdx-online-shared,3,10,512,512,8,16,recurrence,direct-strided,Tesla V100-SXM2-16GB,7.0,fft,fp32,forward,none,in-place,online-reorder,cufftdx-block,20,1048576,2,100,50,0.120300,17432754785.524982,0.001288,1
fft18-fp32_b2_d4_4x4x4x6_t512x512x512x512_e16x16x16x16_ttt_ggg,fft18-fp32-batch2,1,fft18-fp32_b2_d4_4x4x4x6_t512x512x512x512_e16x16x16x16_ttt_ggg,0,157673.69942063937,fft18-fp32,4,4x4x4x6,512x512x512x512,16x16x16x16,tablextablextable,direct-stridedxdirect-stridedxdirect-strided,global-scratchxglobal-scratchxglobal-scratch,4,,,,cufftdx-online-shared+cufftdx-online-shared+cufftdx-online-shared+cufftdx-online-shared,4,6,512,512,16,16,table,direct-strided,Tesla V100-SXM2-16GB,7.0,fft,fp32,forward,none,in-place,online-reorder,cufftdx-block,18,262144,2,100,50,0.114954,4560840880.437791,0.000401,1
fft18-fp32_b16_p9s9_t128x128_e16x16_rec,fft18-fp32-batch16,3,fft18-fp32_b16_p9s9_t128x128_e16x16_rec,0,596635.8498306066,fft18-fp32,2,9x9,128x128,16x16,recurrence,direct-strided,global-scratch,2,,,,cufftdx-online-shared+cufftdx-online-shared,9,9,128,128,16,16,recurrence,direct-strided,Tesla V100-SXM2-16GB,7.0,fft,fp32,forward,none,in-place,online-reorder,cufftdx-block,18,262144,16,100,50,0.200110,20959983849.373753,0.000916,1
fft18-fp32_b64_p12s6_t256x128_e16x16_rec,fft18-fp32-batch64,1,fft18-fp32_b64_p12s6_t256x128_e16x16_rec,0,2386543.3993224264,fft18-fp32,2,12x6,256x128,16x16,recurrence,direct-strided,global-scratch,2,,,,cufftdx-large-online+cufftdx-online-shared,12,6,256,128,16,16,recurrence,direct-strided,Tesla V100-SXM2-16GB,7.0,fft,fp32,forward,none,in-place,online-reorder,cufftdx-block,18,262144,64,100,50,1.261752,13296758094.957214,0.000793,1
fft18-fp32_b64_d3_6x3x9_t512x512x512_e16x8x16_tt_gf_gt512x256_ge16x16,fft18-fp32-batch64,1,fft18-fp32_b64_d3_6x3x9_t512x512x512_e16x8x16_tt_gf_gt512x256_ge16x16,0,2435248.3666555374,fft18-fp32,3,6x3x9,512x512x512,16x8x16,tablextable,direct-stridedxdirect-strided,global-scratchxfused,2,6x12,512x256,16x16,cufftdx-online-shared+cufftdx-online-shared+cufftdx-online-shared,6,9,512,512,16,16,table,direct-strided,Tesla V100-SXM2-16GB,7.0,fft,fp32,forward,none,in-place,online-reorder,cufftdx-block,18,262144,64,100,50,1.285898,13047078168.571369,0.000617,1
fft20-fp32_b8_d3_6x11x3_t128x512x128_e16x4x8_tt_gg,fft20-fp32-batch8,2,fft20-fp32_b8_d3_6x11x3_t128x512x128_e16x4x8_tt_gg,0,4438937.898166079,fft20-fp32,3,6x11x3,128x512x128,16x4x8,tablextable,direct-stridedxdirect-strided,global-scratchxglobal-scratch,3,,,,cufftdx-online-shared+cufftdx-large-online+cufftdx-online-shared,6,3,128,128,16,8,table,direct-strided,Tesla V100-SXM2-16GB,7.0,fft,fp32,forward,none,in-place,online-reorder,cufftdx-block,20,1048576,8,100,50,1.688146,4969125073.610601,0.001120,1
fft18-fp32_b64_p10s8_t128x128_e16x16_rec,fft18-fp32-batch64,1,fft18-fp32_b64_p10s8_t128x128_e16x16_rec,0,2386543.3993224264,fft18-fp32,2,10x8,128x128,16x16,recurrence,direct-strided,global-scratch,2,,,,cufftdx-online-shared+cufftdx-online-shared,10,8,128,128,16,16,recurrence,direct-strided,Tesla V100-SXM2-16GB,7.0,fft,fp32,forward,none,in-place,online-reorder,cufftdx-block,18,262144,64,100,50,0.838205,20015638240.297329,0.000739,1
fft18-fp32_b2_d4_9x3x3x3_t512x512x512x512_e16x8x8x8_rrr_gff_gt256x256_ge8x8,fft18-fp32-batch2,3,fft18-fp32_b2_d4_9x3x3x3_t512x512x512x512_e16x8x8x8_rrr_gff_gt256x256_ge8x8,0,166948.6229159711,fft18-fp32,4,9x3x3x3,512x512x512x512,16x8x8x8,recurrencexrecurrencexrecurrence,direct-stridedxdirect-stridedxdirect-strided,global-scratchxfusedxfused,2,9x9,256x256,8x8,cufftdx-online-shared+cufftdx-online-shared+cufftdx-online-shared+cufftdx-online-shared,9,3,512,512,16,8,recurrence,direct-strided,Tesla V100-SXM2-16GB,7.0,fft,fp32,forward,none,in-place,online-reorder,cufftdx-block,18,262144,2,100,50,0.025846,20285262575.217522,0.000553,1
fft20-fp32_b16_d3_10x3x7_t512x512x512_e16x8x16_rr_gf_gt256x128_ge16x16,fft20-fp32-batch16,3,fft20-fp32_b16_d3_10x3x7_t512x512x512_e16x8x16_rr_gf_gt256x128_ge16x16,0,2435248.3666555374,fft20-fp32,3,10x3x7,512x512x512,16x8x16,recurrencexrecurrence,direct-stridedxdirect-strided,global-scratchxfused,2,10x10,256x128,16x16,cufftdx-online-shared+cufftdx-online-shared+cufftdx-online-shared,10,7,512,512,16,16,recurrence,direct-strided,Tesla V100-SXM2-16GB,7.0,fft,fp32,forward,none,in-place,online-reorder,cufftdx-block,20,1048576,16,100,50,0.765194,21925434332.444839,0.001451,1
fft18-fp32_b64_d3_3x12x3_t128x512x128_e8x8x8_tt_gg,fft18-fp32-batch64,2,fft18-fp32_b64_d3_3x12x3_t128x512x128_e8x8x8_tt_gg,0,7035161.948115997,fft18-fp32,3,3x12x3,128x512x128,8x8x8,tablextable,direct-stridedxdirect-strided,global-scratchxglobal-scratch,3,,,,cufftdx-online-shared+cufftdx-large-online+cufftdx-online-shared,3,3,128,128,8,8,table,direct-strided,Tesla V100-SXM2-16GB,7.0,fft,fp32,forward,none,in-place,online-reorder,cufftdx-block,18,262144,64,100,50,2.918011,5749538396.862823,0.000568,1
fft18-fp32_b64_p12s6_t256x128_e16x16_rec_ptx,fft18-fp32-batch64,2,fft18-fp32_b64_p12s6_t256x128_e16x16_rec_ptx,0,2386543.3993224264,fft18-fp32,2,12x6,256x128,16x16,recurrence,prefix-tiled-transpose,global-scratch,2,,,,cufftdx-large-online+cufftdx-online-shared,12,6,256,128,16,16,recurrence,prefix-tiled-transpose,Tesla V100-SXM2-16GB,7.0,fft,fp32,forward,none,in-place,online-reorder,cufftdx-block,18,262144,64,100,50,1.396183,12016487690.208498,0.000793,1
fft18-fp32_b2_d3_5x3x10_t128x128x128_e16x8x16_tt_fg_gt128x128_ge16x16,fft18-fp32-batch2,1,fft18-fp32_b2_d3_5x3x10_t128x128x128_e16x8x16_tt_fg_gt128x128_ge16x16,0,93304.71145798556,fft18-fp32,3,5x3x10,128x128x128,16x8x16,tablextable,direct-stridedxdirect-strided,fusedxglobal-scratch,2,8x10,128x128,16x16,cufftdx-online-shared+cufftdx-online-shared+cufftdx-online-shared,5,10,128,128,16,16,table,direct-strided,Tesla V100-SXM2-16GB,7.0,fft,fp32,forward,none,in-place,online-reorder,cufftdx-block,18,262144,2,100,50,0.038953,13459515758.197981,0.000501,1
fft18-fp32_b16_d3_3x3x12_t512x512x256_e8x8x16_tt_fg_gt512x256_ge16x16,fft18-fp32-batch16,1,fft18-fp32_b16_d3_3x3x12_t512x512x256_e8x8x16_tt_fg_gt512x256_ge16x16,0,608812.0916638843,fft18-fp32,3,3x3x12,512x512x256,8x8x16,tablextable,direct-stridedxdirect-strided,fusedxglobal-scratch,2,6x12,512x256,16x16,cufftdx-online-shared+cufftdx-online-shared+cufftdx-large-online,3,12,512,256,8,16,table,direct-strided,Tesla V100-SXM2-16GB,7.0,fft,fp32,forward,none,in-place,online-reorder,cufftdx-block,18,262144,16,100,50,0.367800,11403752833.088100,0.000550,1
fft20-fp32_b16_d3_3x12x5_t128x512x128_e8x8x16_tt_gg,fft20-fp32-batch16,2,fft20-fp32_b16_d3_3x12x5_t128x512x128_e8x8x16_tt_gg,0,6529546.140713537,fft20-fp32,3,3x12x5,128x512x128,8x8x16,tablextable,direct-stridedxdirect-strided,global-scratchxglobal-scratch,3,,,,cufftdx-online-shared+cufftdx-large-online+cufftdx-online-shared,3,5,128,128,8,16,table,direct-strided,Tesla V100-SXM2-16GB,7.0,fft,fp32,forward,none,in-place,online-reorder,cufftdx-block,20,1048576,16,100,50,2.944532,5697752224.378686,0.001393,1
fft20-fp32_b8_d3_4x11x5_t128x512x128_e16x4x16_tt_gg,fft20-fp32-batch8,2,fft20-fp32_b8_d3_4x11x5_t128x512x128_e16x4x16_tt_gg,0,3932160.0,fft20-fp32,3,4x11x5,128x512x128,16x4x16,tablextable,direct-stridedxdirect-strided,global-scratchxglobal-scratch,3,,,,cufftdx-online-shared+cufftdx-large-online+cufftdx-online-shared,4,5,128,128,16,16,table,direct-strided,Tesla V100-SXM2-16GB,7.0,fft,fp32,forward,none,in-place,online-reorder,cufftdx-block,20,1048576,8,100,50,1.691771,4958477500.932347,0.001234,1
fft18-fp32_b2_d3_4x3x11_t256x256x1024_e16x8x2_tt_fg_gt256x1024_ge16x2,fft18-fp32-batch2,3,fft18-fp32_b2_d3_4x3x11_t256x256x1024_e16x8x2_tt_fg_gt256x1024_ge16x2,0,455001.6973393928,fft18-fp32,3,4x3x11,256x256x1024,16x8x2,tablextable,direct-stridedxdirect-strided,fusedxglobal-scratch,2,7x11,256x1024,16x2,cufftdx-online-shared+cufftdx-online-shared+cufftdx-large-online,4,11,256,1024,16,2,table,direct-strided,Tesla V100-SXM2-16GB,7.0,fft,fp32,forward,none,in-place,online-reorder,cufftdx-block,18,262144,2,100,50,0.060109,8722316939.807068,0.000386,1
fft20-fp32_b2_d3_6x3x11_t128x128x512_e16x8x4_tt_fg_gt128x512_ge16x4,fft20-fp32-batch2,3,fft20-fp32_b2_d3_6x3x11_t128x128x512_e16x8x4_tt_fg_gt128x512_ge16x4,0,803600.826392135,fft20-fp32,3,6x3x11,128x128x512,16x8x4,tablextable,direct-stridedxdirect-strided,fusedxglobal-scratch,2,9x11,128x512,16x4,cufftdx-online-shared+cufftdx-online-shared+cufftdx-large-online,6,11,128,512,16,4,table,direct-strided,Tesla V100-SXM2-16GB,7.0,fft,fp32,forward,none,in-place,online-reorder,cufftdx-block,20,1048576,2,100,50,0.208118,10076756869.975439,0.001468,1
fft20-fp32_b2_d3_3x5x12_t128x128x512_e8x16x8_tt_fg_gt128x512_ge16x8,fft20-fp32-batch2,3,fft20-fp32_b2_d3_3x5x12_t128x128x512_e8x16x8_tt_fg_gt128x512_ge16x8,0,454868.7782427502,fft20-fp32,3,3x5x12,128x128x512,8x16x8,tablextable,direct-stridedxdirect-strided,fusedxglobal-scratch,2,8x12,128x512,16x8,cufftdx-online-shared+cufftdx-online-shared+cufftdx-large-online,3,12,128,512,8,8,table,direct-strided,Tesla V100-SXM2-16GB,7.0,fft,fp32,forward,none,in-place,online-reorder,cufftdx-block,20,1048576,2,100,50,0.219853,9538891900.095098,0.001120,1
fft20-fp32_b16_d3_4x5x11_t128x128x512_e16x16x4_tt_fg_gt128x512_ge16x4,fft20-fp32-batch16,3,fft20-fp32_b16_d3_4x5x11_t128x128x512_e16x16x4_tt_fg_gt128x512_ge16x4,0,6428806.61113708,fft20-fp32,3,4x5x11,128x128x512,16x16x4,tablextable,direct-stridedxdirect-strided,fusedxglobal-scratch,2,9x11,128x512,16x4,cufftdx-online-shared+cufftdx-online-shared+cufftdx-large-online,4,11,128,512,16,4,table,direct-strided,Tesla V100-SXM2-16GB,7.0,fft,fp32,forward,none,in-place,online-reorder,cufftdx-block,20,1048576,16,100,50,1.458340,11504325590.431015,0.001485,1
fft20-fp32_b2_d3_8x3x9_t512x512x512_e16x8x16_tt_gf_gt512x256_ge16x16,fft20-fp32-batch2,3,fft20-fp32_b2_d3_8x3x9_t512x512x512_e16x8x16_tt_gf_gt512x256_ge16x16,0,304406.0458319422,fft20-fp32,3,8x3x9,512x512x512,16x8x16,tablextable,direct-stridedxdirect-strided,global-scratchxfused,2,8x12,512x256,16x16,cufftdx-online-shared+cufftdx-online-shared+cufftdx-online-shared,8,9,512,512,16,16,table,direct-strided,Tesla V100-SXM2-16GB,7.0,fft,fp32,forward,none,in-place,online-reorder,cufftdx-block,20,1048576,2,100,50,0.248525,8438401320.436591,0.001102,1
fft18-fp32_b64_d4_4x4x4x6_t512x512x512x512_e16x16x16x16_ttt_ggg,fft18-fp32-batch64,1,fft18-fp32_b64_d4_4x4x4x6_t512x512x512x512_e16x16x16x16_ttt_ggg,0,4599913.58146046,fft18-fp32,4,4x4x4x6,512x512x512x512,16x16x16x16,tablextablextable,direct-stridedxdirect-stridedxdirect-strided,global-scratchxglobal-scratchxglobal-scratch,4,,,,cufftdx-online-shared+cufftdx-online-shared+cufftdx-online-shared+cufftdx-online-shared,4,6,512,512,16,16,table,direct-strided,Tesla V100-SXM2-16GB,7.0,fft,fp32,forward,none,in-place,online-reorder,cufftdx-block,18,262144,64,100,50,3.167150,5297259646.963300,0.000521,1
fft20-fp32_b2_d3_3x12x5_t128x512x128_e8x8x16_tt_gg,fft20-fp32-batch2,2,fft20-fp32_b2_d3_3x12x5_t128x512x128_e8x8x16_tt_gg,0,816193.2675891921,fft20-fp32,3,3x12x5,128x512x128,8x8x16,tablextable,direct-stridedxdirect-strided,global-scratchxglobal-scratch,3,,,,cufftdx-online-shared+cufftdx-large-online+cufftdx-online-shared,3,5,128,128,8,16,table,direct-strided,Tesla V100-SXM2-16GB,7.0,fft,fp32,forward,none,in-place,online-reorder,cufftdx-block,20,1048576,2,100,50,0.382915,5476814703.191662,0.001274,1
fft18-fp32_b16_d4_3x6x3x6_t512x512x512x512_e8x16x8x16_rrr_fgf_gt256x256_ge8x8,fft18-fp32-batch16,1,fft18-fp32_b16_d4_3x6x3x6_t512x512x512x512_e8x16x8x16_rrr_fgf_gt256x256_ge8x8,0,1217624.1833277687,fft18-fp32,4,3x6x3x6,512x512x512x512,8x16x8x16,recurrencexrecurrencexrecurrence,direct-stridedxdirect-stridedxdirect-strided,fusedxglobal-scratchxfused,2,9x9,256x256,8x8,cufftdx-online-shared+cufftdx-online-shared+cufftdx-online-shared+cufftdx-online-shared,3,6,512,512,8,16,recurrence,direct-strided,Tesla V100-SXM2-16GB,7.0,fft,fp32,forward,none,in-place,online-reorder,cufftdx-block,18,262144,16,100,50,0.195441,21460757115.190311,0.000629,1
fft20-fp32_b8_d3_3x12x5_t128x512x128_e8x8x16_tt_gg,fft20-fp32-batch8,3,fft20-fp32_b8_d3_3x12x5_t128x512x128_e8x8x16_tt_gg,0,3264773.0703567686,fft20-fp32,3,3x12x5,128x512x128,8x8x16,tablextable,direct-stridedxdirect-strided,global-scratchxglobal-scratch,3,,,,cufftdx-online-shared+cufftdx-large-online+cufftdx-online-shared,3,5,128,128,8,16,table,direct-strided,Tesla V100-SXM2-16GB,7.0,fft,fp32,forward,none,in-place,online-reorder,cufftdx-block,20,1048576,8,100,50,1.489244,5632795395.454908,0.001365,1
fft20-fp32_b2_d3_3x7x10_t512x512x512_e8x16x16_rr_fg_gt512x512_ge8x8,fft20-fp32-batch2,2,fft20-fp32_b2_d3_3x7x10_t512x512x512_e8x16x16_rr_fg_gt512x512_ge8x8,0,608812.0916638843,fft20-fp32,3,3x7x10,512x512x512,8x16x16,recurrencexrecurrence,direct-stridedxdirect-strided,fusedxglobal-scratch,2,10x10,512x512,8x8,cufftdx-online-shared+cufftdx-online-shared+cufftdx-online-shared,3,10,512,512,8,16,recurrence,direct-strided,Tesla V100-SXM2-16GB,7.0,fft,fp32,forward,none,in-place,online-reorder,cufftdx-block,20,1048576,2,100,50,0.120218,17444633879.614136,0.001288,1
fft20-fp32_b2_d3_5x12x3_t128x512x128_e16x8x8_tt_gg,fft20-fp32-batch2,1,fft20-fp32_b2_d3_5x12x3_t128x512x128_e16x8x8_tt_gg,0,734788.026392135,fft20-fp32,3,5x12x3,128x512x128,16x8x8,tablextable,direct-stridedxdirect-strided,global-scratchxglobal-scratch,3,,,,cufftdx-online-shared+cufftdx-large-online+cufftdx-online-shared,5,3,128,128,16,8,table,direct-strided,Tesla V100-SXM2-16GB,7.0,fft,fp32,forward,none,in-place,online-reorder,cufftdx-block,20,1048576,2,100,50,0.435814,4812029959.825911,0.001315,1
fft18-fp32_b64_p12s6_t256x128_e16x16_rec,fft18-fp32-batch64,3,fft18-fp32_b64_p12s6_t256x128_e16x16_rec,0,2386543.3993224264,fft18-fp32,2,12x6,256x128,16x16,recurrence,direct-strided,global-scratch,2,,,,cufftdx-large-online+cufftdx-online-shared,12,6,256,128,16,16,recurrence,direct-strided,Tesla V100-SXM2-16GB,7.0,fft,fp32,forward,none,in-place,online-reorder,cufftdx-block,18,262144,64,100,50,1.261302,13301508478.405407,0.000793,1
fft20-fp32_b2_d3_8x3x9_t512x512x512_e16x8x16_tt_gf_gt512x256_ge16x16,fft20-fp32-batch2,1,fft20-fp32_b2_d3_8x3x9_t512x512x512_e16x8x16_tt_gf_gt512x256_ge16x16,0,304406.0458319422,fft20-fp32,3,8x3x9,512x512x512,16x8x16,tablextable,direct-stridedxdirect-strided,global-scratchxfused,2,8x12,512x256,16x16,cufftdx-online-shared+cufftdx-online-shared+cufftdx-online-shared,8,9,512,512,16,16,table,direct-strided,Tesla V100-SXM2-16GB,7.0,fft,fp32,forward,none,in-place,online-reorder,cufftdx-block,20,1048576,2,100,50,0.245780,8532622181.207780,0.001102,1
fft20-fp32_b8_d3_3x7x10_t512x512x512_e8x16x16_rr_fg_gt256x128_ge16x16,fft20-fp32-batch8,2,fft20-fp32_b8_d3_3x7x10_t512x512x512_e8x16x16_rr_fg_gt256x128_ge16x16,0,1217624.1833277687,fft20-fp32,3,3x7x10,512x512x512,8x16x16,recurrencexrecurrence,direct-stridedxdirect-strided,fusedxglobal-scratch,2,10x10,256x128,16x16,cufftdx-online-shared+cufftdx-online-shared+cufftdx-online-shared,3,10,512,512,8,16,recurrence,direct-strided,Tesla V100-SXM2-16GB,7.0,fft,fp32,forward,none,in-place,online-reorder,cufftdx-block,20,1048576,8,100,50,0.398193,21066707594.647396,0.001451,1
fft18-fp32_b16_d3_4x4x10_t512x512x512_e16x16x16_tt_gg,fft18-fp32-batch16,1,fft18-fp32_b16_d3_4x4x10_t512x512x512_e16x16x16_tt_gg,0,879395.2435144996,fft18-fp32,3,4x4x10,512x512x512,16x16x16,tablextable,direct-stridedxdirect-strided,global-scratchxglobal-scratch,3,,,,cufftdx-online-shared+cufftdx-online-shared+cufftdx-online-shared,4,10,512,512,16,16,table,direct-strided,Tesla V100-SXM2-16GB,7.0,fft,fp32,forward,none,in-place,online-reorder,cufftdx-block,18,262144,16,100,50,0.715694,5860470523.119748,0.000512,1
fft18-fp32_b16_d3_9x3x6_t512x512x512_e16x8x16_rr_gf_gt256x256_ge8x8,fft18-fp32-batch16,1,fft18-fp32_b16_d3_9x3x6_t512x512x512_e16x8x16_rr_gf_gt256x256_ge8x8,0,1217624.1833277687,fft18-fp32,3,9x3x6,512x512x512,16x8x16,recurrencexrecurrence,direct-stridedxdirect-strided,global-scratchxfused,2,9x9,256x256,8x8,cufftdx-online-shared+cufftdx-online-shared+cufftdx-online-shared,9,6,512,512,16,16,recurrence,direct-strided,Tesla V100-SXM2-16GB,7.0,fft,fp32,forward,none,in-place,online-reorder,cufftdx-block,18,262144,16,100,50,0.196260,21371177983.881435,0.000629,1
fft20-fp32_b16_d4_3x7x3x7_t512x512x512x512_e8x16x8x16_rrr_fgf_gt256x128_ge16x16,fft20-fp32-batch16,3,fft20-fp32_b16_d4_3x7x3x7_t512x512x512x512_e8x16x8x16_rrr_fgf_gt256x128_ge16x16,0,2435248.3666555374,fft20-fp32,4,3x7x3x7,512x512x512x512,8x16x8x16,recurrencexrecurrencexrecurrence,direct-stridedxdirect-stridedxdirect-strided,fusedxglobal-scratchxfused,2,10x10,256x128,16x16,cufftdx-online-shared+cufftdx-online-shared+cufftdx-online-shared+cufftdx-online-shared,3,7,512,512,8,16,recurrence,direct-strided,Tesla V100-SXM2-16GB,7.0,fft,fp32,forward,none,in-place,online-reorder,cufftdx-block,20,1048576,16,100,50,0.765911,21904914624.379498,0.001451,1
fft18-fp32_b16_p9s9_t128x128_e16x16_rec,fft18-fp32-batch16,2,fft18-fp32_b16_p9s9_t128x128_e16x16_rec,0,596635.8498306066,fft18-fp32,2,9x9,128x128,16x16,recurrence,direct-strided,global-scratch,2,,,,cufftdx-online-shared+cufftdx-online-shared,9,9,128,128,16,16,recurrence,direct-strided,Tesla V100-SXM2-16GB,7.0,fft,fp32,forward,none,in-place,online-reorder,cufftdx-block,18,262144,16,100,50,0.200376,20932134419.798222,0.000916,1
fft18-fp32_b2_cufft,fft18-fp32-batch2,1,cuFFT,1,0.0,fft18-fp32,0,,,,,,,0,,,,vendor-baseline,0,0,0,0,0,0,none,none,Tesla V100-SXM2-16GB,7.0,fft,fp32,forward,none,in-place,cufft,scalar,18,262144,2,100,50,0.028037,18699781090.844635,0.000583,1
fft18-fp32_b16_d3_11x3x4_t512x128x128_e4x8x16_tt_gf_gt512x128_ge4x16,fft18-fp32-batch16,3,fft18-fp32_b16_d3_11x3x4_t512x128x128_e4x8x16_tt_gf_gt512x128_ge4x16,0,1938071.7111036917,fft18-fp32,3,11x3x4,512x128x128,4x8x16,tablextable,direct-stridedxdirect-strided,global-scratchxfused,2,11x7,512x128,4x16,cufftdx-large-online+cufftdx-online-shared+cufftdx-online-shared,11,4,512,128,4,16,table,direct-strided,Tesla V100-SXM2-16GB,7.0,fft,fp32,forward,none,in-place,online-reorder,cufftdx-block,18,262144,16,100,50,0.384881,10897674888.024897,0.000512,1
fft20-fp32_b8_d3_3x7x10_t512x512x512_e8x16x16_rr_fg_gt512x512_ge8x8,fft20-fp32-batch8,2,fft20-fp32_b8_d3_3x7x10_t512x512x512_e8x16x16_rr_fg_gt512x512_ge8x8,0,2435248.3666555374,fft20-fp32,3,3x7x10,512x512x512,8x16x16,recurrencexrecurrence,direct-stridedxdirect-strided,fusedxglobal-scratch,2,10x10,512x512,8x8,cufftdx-online-shared+cufftdx-online-shared+cufftdx-online-shared,3,10,512,512,8,16,recurrence,direct-strided,Tesla V100-SXM2-16GB,7.0,fft,fp32,forward,none,in-place,online-reorder,cufftdx-block,20,1048576,8,100,50,0.412815,20320484090.003998,0.001485,1
fft18-fp32_b16_p11s7_t256x128_e8x16_rec_ptx,fft18-fp32-batch16,1,fft18-fp32_b16_p11s7_t256x128_e8x16_rec_ptx,0,1018015.6028476105,fft18-fp32,2,11x7,256x128,8x16,recurrence,prefix-tiled-transpose,global-scratch,2,,,,cufftdx-large-online+cufftdx-online-shared,11,7,256,128,8,16,recurrence,prefix-tiled-transpose,Tesla V100-SXM2-16GB,7.0,fft,fp32,forward,none,in-place,online-reorder,cufftdx-block,18,262144,16,100,50,0.352891,11885555140.689600,0.000633,1
fft18-fp32_b2_d3_4x11x3_t256x1024x256_e16x2x8_tt_gg,fft18-fp32-batch2,2,fft18-fp32_b2_d3_4x11x3_t256x1024x256_e16x2x8_tt_gg,0,553380.4427100723,fft18-fp32,3,4x11x3,256x1024x256,16x2x8,tablextable,direct-stridedxdirect-strided,global-scratchxglobal-scratch,3,,,,cufftdx-online-shared+cufftdx-large-online+cufftdx-online-shared,4,3,256,256,16,8,table,direct-strided,Tesla V100-SXM2-16GB,7.0,fft,fp32,forward,none,in-place,online-reorder,cufftdx-block,18,262144,2,100,50,0.100024,5241605231.900962,0.000367,1
fft20-fp32_b16_d3_4x4x12_t512x512x256_e16x16x16_tt_gg,fft20-fp32-batch16,3,fft20-fp32_b16_d3_4x4x12_t512x512x256_e16x16x16_tt_gg,0,3517580.9740579985,fft20-fp32,3,4x4x12,512x512x256,16x16x16,tablextable,direct-stridedxdirect-strided,global-scratchxglobal-scratch,3,,,,cufftdx-online-shared+cufftdx-online-shared+cufftdx-large-online,4,12,512,256,16,16,table,direct-strided,Tesla V100-SXM2-16GB,7.0,fft,fp32,forward,none,in-place,online-reorder,cufftdx-block,20,1048576,16,100,50,3.259617,5146989449.519325,0.001043,1
fft20-fp32_b8_p11s9_t256x128_e8x16_rec_ptx,fft20-fp32-batch8,2,fft20-fp32_b8_p11s9_t256x128_e8x16_rec_ptx,0,2036031.205695221,fft20-fp32,2,11x9,256x128,8x16,recurrence,prefix-tiled-transpose,global-scratch,2,,,,cufftdx-large-online+cufftdx-online-shared,11,9,256,128,8,16,recurrence,prefix-tiled-transpose,Tesla V100-SXM2-16GB,7.0,fft,fp32,forward,none,in-place,online-reorder,cufftdx-block,20,1048576,8,100,50,0.739471,11344060463.883789,0.001587,1
fft20-fp32_b2_d3_10x3x7_t512x512x512_e16x8x16_rr_gf_gt512x512_ge8x8,fft20-fp32-batch2,1,fft20-fp32_b2_d3_10x3x7_t512x512x512_e16x8x16_rr_gf_gt512x512_ge8x8,0,608812.0916638843,fft20-fp32,3,10x3x7,512x512x512,16x8x16,recurrencexrecurrence,direct-stridedxdirect-strided,global-scratchxfused,2,10x10,512x512,8x8,cufftdx-online-shared+cufftdx-online-shared+cufftdx-online-shared,10,7,512,512,16,16,recurrence,direct-strided,Tesla V100-SXM2-16GB,7.0,fft,fp32,forward,none,in-place,online-reorder,cufftdx-block,20,1048576,2,100,50,0.120381,17420890780.593121,0.001288,1
fft20-fp32_b8_d4_3x3x4x10_t512x512x512x512_e8x8x16x16_ttt_ffg_gt512x512_ge16x16,fft20-fp32-batch8,1,fft20-fp32_b8_d4_3x3x4x10_t512x512x512x512_e8x8x16x16_ttt_ffg_gt512x512_ge16x16,0,1217624.1833277687,fft20-fp32,4,3x3x4x10,512x512x512x512,8x8x16x16,tablextablextable,direct-stridedxdirect-stridedxdirect-strided,fusedxfusedxglobal-scratch,2,10x10,512x512,16x16,cufftdx-online-shared+cufftdx-online-shared+cufftdx-online-shared+cufftdx-online-shared,3,10,512,512,8,16,table,direct-strided,Tesla V100-SXM2-16GB,7.0,fft,fp32,forward,none,in-place,online-reorder,cufftdx-block,20,1048576,8,100,50,0.609137,13771307511.360552,0.001343,1
fft18-fp32_b2_d4_3x3x3x9_t512x512x512x512_e8x8x8x16_rrr_ffg_gt256x256_ge8x8,fft18-fp32-batch2,3,fft18-fp32_b2_d4_3x3x3x9_t512x512x512x512_e8x8x8x16_rrr_ffg_gt256x256_ge8x8,0,166948.6229159711,fft18-fp32,4,3x3x3x9,512x512x512x512,8x8x8x16,recurrencexrecurrencexrecurrence,direct-stridedxdirect-stridedxdirect-strided,fusedxfusedxglobal-scratch,2,9x9,256x256,8x8,cufftdx-online-shared+cufftdx-online-shared+cufftdx-online-shared+cufftdx-online-shared,3,9,512,512,8,16,recurrence,direct-strided,Tesla V100-SXM2-16GB,7.0,fft,fp32,forward,none,in-place,online-reorder,cufftdx-block,18,262144,2,100,50,0.025928,20221169337.977360,0.000553,1
fft20-fp32_b16_d3_3x7x10_t512x512x512_e8x16x16_rr_fg_gt256x128_ge16x16,fft20-fp32-batch16,1,fft20-fp32_b16_d3_3x7x10_t512x512x512_e8x16x16_rr_fg_gt256x128_ge16x16,0,2435248.3666555374,fft20-fp32,3,3x7x10,512x512x512,8x16x16,recurrencexrecurrence,direct-stridedxdirect-strided,fusedxglobal-scratch,2,10x10,256x128,16x16,cufftdx-online-shared+cufftdx-online-shared+cufftdx-online-shared,3,10,512,512,8,16,recurrence,direct-strided,Tesla V100-SXM2-16GB,7.0,fft,fp32,forward,none,in-place,online-reorder,cufftdx-block,20,1048576,16,100,50,0.764477,21945990809.672127,0.001451,1
fft20-fp32_b8_cufft,fft20-fp32-batch8,1,cuFFT,1,0.0,fft20-fp32,0,,,,,,,2,9x11,,,vendor-baseline,0,0,0,0,0,0,none,none,Tesla V100-SXM2-16GB,7.0,fft,fp32,forward,none,in-place,cufft,scalar,20,1048576,8,100,50,0.382403,21936589026.370438,0.002079,1
fft18-fp32_b16_d3_3x4x11_t256x256x1024_e8x16x2_tt_fg_gt256x1024_ge16x2,fft18-fp32-batch16,1,fft18-fp32_b16_d3_3x4x11_t256x256x1024_e8x16x2_tt_fg_gt256x1024_ge16x2,0,3074219.4453818086,fft18-fp32,3,3x4x11,256x256x1024,8x16x2,tablextable,direct-stridedxdirect-strided,fusedxglobal-scratch,2,7x11,256x1024,16x2,cufftdx-online-shared+cufftdx-online-shared+cufftdx-large-online,3,11,256,1024,8,2,table,direct-strided,Tesla V100-SXM2-16GB,7.0,fft,fp32,forward,none,in-place,online-reorder,cufftdx-block,18,262144,16,100,50,0.342856,12233438437.719091,0.000489,1
fft20-fp32_b16_d3_6x11x3_t128x512x128_e16x4x8_tt_gg,fft20-fp32-batch16,3,fft20-fp32_b16_d3_6x11x3_t128x512x128_e16x4x8_tt_gg,0,8877875.796332158,fft20-fp32,3,6x11x3,128x512x128,16x4x8,tablextable,direct-stridedxdirect-strided,global-scratchxglobal-scratch,3,,,,cufftdx-online-shared+cufftdx-large-online+cufftdx-online-shared,6,3,128,128,16,8,table,direct-strided,Tesla V100-SXM2-16GB,7.0,fft,fp32,forward,none,in-place,online-reorder,cufftdx-block,20,1048576,16,100,50,3.361014,4991712784.451058,0.001152,1
fft20-fp32_b2_p10s10_t128x128_e16x16_rec,fft20-fp32-batch2,2,fft20-fp32_b2_p10s10_t128x128_e16x16_rec,0,298317.9249153033,fft20-fp32,2,10x10,128x128,16x16,recurrence,direct-strided,global-scratch,2,,,,cufftdx-online-shared+cufftdx-online-shared,10,10,128,128,16,16,recurrence,direct-strided,Tesla V100-SXM2-16GB,7.0,fft,fp32,forward,none,in-place,online-reorder,cufftdx-block,20,1048576,2,100,50,0.149320,14044712796.297733,0.001320,1
fft20-fp32_b2_p12s8_t256x128_e16x16_rec_ptx,fft20-fp32-batch2,2,fft20-fp32_b2_p12s8_t256x128_e16x16_rec_ptx,0,298317.9249153033,fft20-fp32,2,12x8,256x128,16x16,recurrence,prefix-tiled-transpose,global-scratch,2,,,,cufftdx-large-online+cufftdx-online-shared,12,8,256,128,16,16,recurrence,prefix-tiled-transpose,Tesla V100-SXM2-16GB,7.0,fft,fp32,forward,none,in-place,online-reorder,cufftdx-block,20,1048576,2,100,50,0.220754,9499953481.887428,0.001315,1
fft20-fp32_b16_d3_8x3x9_t512x512x512_e16x8x16_tt_gf_gt512x256_ge16x16,fft20-fp32-batch16,3,fft20-fp32_b16_d3_8x3x9_t512x512x512_e16x8x16_tt_gf_gt512x256_ge16x16,0,2435248.3666555374,fft20-fp32,3,8x3x9,512x512x512,16x8x16,tablextable,direct-stridedxdirect-strided,global-scratchxfused,2,8x12,512x256,16x16,cufftdx-online-shared+cufftdx-online-shared+cufftdx-online-shared,8,9,512,512,16,16,table,direct-strided,Tesla V100-SXM2-16GB,7.0,fft,fp32,forward,none,in-place,online-reorder,cufftdx-block,20,1048576,16,100,50,2.003702,8373110683.107147,0.001221,1
fft18-fp32_b64_d3_5x3x10_t128x128x128_e16x8x16_tt_fg_gt128x128_ge16x16,fft18-fp32-batch64,3,fft18-fp32_b64_d3_5x3x10_t128x128x128_e16x8x16_tt_fg_gt128x128_ge16x16,0,2435248.3666555374,fft18-fp32,3,5x3x10,128x128x128,16x8x16,tablextable,direct-stridedxdirect-strided,fusedxglobal-scratch,2,8x10,128x128,16x16,cufftdx-online-shared+cufftdx-online-shared+cufftdx-online-shared,5,10,128,128,16,16,table,direct-strided,Tesla V100-SXM2-16GB,7.0,fft,fp32,forward,none,in-place,online-reorder,cufftdx-block,18,262144,64,100,50,0.939704,17853718471.155533,0.000610,1
fft20-fp32_b16_d3_4x6x10_t128x128x128_e16x16x16_tt_fg_gt128x128_ge16x16,fft20-fp32-batch16,1,fft20-fp32_b16_d3_4x6x10_t128x128x128_e16x16x16_tt_fg_gt128x128_ge16x16,0,2435248.3666555374,fft20-fp32,3,4x6x10,128x128x128,16x16x16,tablextable,direct-stridedxdirect-strided,fusedxglobal-scratch,2,10x10,128x128,16x16,cufftdx-online-shared+cufftdx-online-shared+cufftdx-online-shared,4,10,128,128,16,16,table,direct-strided,Tesla V100-SXM2-16GB,7.0,fft,fp32,forward,none,in-place,online-reorder,cufftdx-block,20,1048576,16,100,50,1.265377,13258666979.501173,0.001468,1
fft18-fp32_b16_d3_3x5x10_t256x256x256_e8x16x16_tt_fg_gt256x256_ge16x16,fft18-fp32-batch16,2,fft18-fp32_b16_d3_3x5x10_t256x256x256_e8x16x16_tt_fg_gt256x256_ge16x16,0,608812.0916638843,fft18-fp32,3,3x5x10,256x256x256,8x16x16,tablextable,direct-stridedxdirect-strided,fusedxglobal-scratch,2,8x10,256x256,16x16,cufftdx-online-shared+cufftdx-online-shared+cufftdx-online-shared,3,10,256,256,8,16,table,direct-strided,Tesla V100-SXM2-16GB,7.0,fft,fp32,forward,none,in-place,online-reorder,cufftdx-block,18,262144,16,100,50,0.283300,14805176366.137262,0.000610,1
fft18-fp32_b16_d3_3x11x4_t256x1024x256_e8x2x16_tt_gg,fft18-fp32-batch16,3,fft18-fp32_b16_d3_3x11x4_t256x1024x256_e8x2x16_tt_gg,0,3919052.8000000003,fft18-fp32,3,3x11x4,256x1024x256,8x2x16,tablextable,direct-stridedxdirect-strided,global-scratchxglobal-scratch,3,,,,cufftdx-online-shared+cufftdx-large-online+cufftdx-online-shared,3,4,256,256,8,16,table,direct-strided,Tesla V100-SXM2-16GB,7.0,fft,fp32,forward,none,in-place,online-reorder,cufftdx-block,18,262144,16,100,50,0.903557,4641990969.933782,0.000377,1
fft18-fp32_b64_d3_3x3x12_t256x256x1024_e8x8x4_tt_fg_gt256x1024_ge16x4,fft18-fp32-batch64,2,fft18-fp32_b64_d3_3x3x12_t256x256x1024_e8x8x4_tt_fg_gt256x1024_ge16x4,0,6428806.61113708,fft18-fp32,3,3x3x12,256x256x1024,8x8x4,tablextable,direct-stridedxdirect-strided,fusedxglobal-scratch,2,6x12,256x1024,16x4,cufftdx-online-shared+cufftdx-online-shared+cufftdx-large-online,3,12,256,1024,8,4,table,direct-strided,Tesla V100-SXM2-16GB,7.0,fft,fp32,forward,none,in-place,online-reorder,cufftdx-block,18,262144,64,100,50,1.209897,13866649045.375216,0.000521,1
fft18-fp32_b16_p7s11_t128x256_e16x8_rec_tx,fft18-fp32-batch16,3,fft18-fp32_b16_p7s11_t128x256_e16x8_rec_tx,0,891542.8053557904,fft18-fp32,2,7x11,128x256,16x8,recurrence,tiled-transpose,global-scratch,2,,,,cufftdx-online-shared+cufftdx-large-online,7,11,128,256,16,8,recurrence,tiled-transpose,Tesla V100-SXM2-16GB,7.0,fft,fp32,forward,none,in-place,online-reorder,cufftdx-block,18,262144,16,100,50,0.286433,14643214668.044241,0.000712,1
fft18-fp32_b64_d3_3x3x12_t128x128x512_e8x8x8_tt_fg_gt128x512_ge16x8,fft18-fp32-batch64,1,fft18-fp32_b64_d3_3x3x12_t128x128x512_e8x8x8_tt_fg_gt128x512_ge16x8,0,3638950.2259420017,fft18-fp32,3,3x3x12,128x128x512,8x8x8,tablextable,direct-stridedxdirect-strided,fusedxglobal-scratch,2,6x12,128x512,16x8,cufftdx-online-shared+cufftdx-online-shared+cufftdx-large-online,3,12,128,512,8,8,table,direct-strided,Tesla V100-SXM2-16GB,7.0,fft,fp32,forward,none,in-place,online-reorder,cufftdx-block,18,262144,64,100,50,1.311396,12793402976.417139,0.000614,1
fft18-fp32_b64_d3_8x7x3_t128x128x128_e16x16x8_tt_gf_gt128x128_ge16x16,fft18-fp32-batch64,3,fft18-fp32_b64_d3_8x7x3_t128x128x128_e16x16x8_tt_gf_gt128x128_ge16x16,0,2435248.3666555374,fft18-fp32,3,8x7x3,128x128x128,16x16x8,tablextable,direct-stridedxdirect-strided,global-scratchxfused,2,8x10,128x128,16x16,cufftdx-online-shared+cufftdx-online-shared+cufftdx-online-shared,8,3,128,128,16,8,table,direct-strided,Tesla V100-SXM2-16GB,7.0,fft,fp32,forward,none,in-place,online-reorder,cufftdx-block,18,262144,64,100,50,0.939561,17856442419.758350,0.000610,1
fft20-fp32_b2_d3_4x6x10_t128x128x128_e16x16x16_tt_fg_gt128x128_ge16x16,fft20-fp32-batch2,2,fft20-fp32_b2_d3_4x6x10_t128x128x128_e16x16x16_tt_fg_gt128x128_ge16x16,0,304406.0458319422,fft20-fp32,3,4x6x10,128x128x128,16x16x16,tablextable,direct-stridedxdirect-strided,fusedxglobal-scratch,2,10x10,128x128,16x16,cufftdx-online-shared+cufftdx-online-shared+cufftdx-online-shared,4,10,128,128,16,16,table,direct-strided,Tesla V100-SXM2-16GB,7.0,fft,fp32,forward,none,in-place,online-reorder,cufftdx-block,20,1048576,2,100,50,0.183644,11419649788.072866,0.001125,1
fft20-fp32_b8_d3_4x12x4_t128x512x128_e16x8x16_tt_gg,fft20-fp32-batch8,1,fft20-fp32_b8_d3_4x12x4_t128x512x128_e16x8x16_tt_gg,0,2451046.4000000004,fft20-fp32,3,4x12x4,128x512x128,16x8x16,tablextable,direct-stridedxdirect-strided,global-scratchxglobal-scratch,3,,,,cufftdx-online-shared+cufftdx-large-online+cufftdx-online-shared,4,4,128,128,16,16,table,direct-strided,Tesla V100-SXM2-16GB,7.0,fft,fp32,forward,none,in-place,online-reorder,cufftdx-block,20,1048576,8,100,50,2.036285,4119563985.672537,0.001035,1
fft20-fp32_b16_d3_3x5x12_t128x128x512_e8x16x8_tt_fg_gt128x512_ge16x8,fft20-fp32-batch16,3,fft20-fp32_b16_d3_3x5x12_t128x128x512_e8x16x8_tt_fg_gt128x512_ge16x8,0,3638950.2259420017,fft20-fp32,3,3x5x12,128x128x512,8x16x8,tablextable,direct-stridedxdirect-strided,fusedxglobal-scratch,2,8x12,128x512,16x8,cufftdx-online-shared+cufftdx-online-shared+cufftdx-large-online,3,12,128,512,8,8,table,direct-strided,Tesla V100-SXM2-16GB,7.0,fft,fp32,forward,none,in-place,online-reorder,cufftdx-block,20,1048576,16,100,50,1.750200,9585882901.203365,0.001152,1
fft18-fp32_b16_d3_4x11x3_t256x1024x256_e16x2x8_tt_gg,fft18-fp32-batch16,1,fft18-fp32_b16_d3_4x11x3_t256x1024x256_e16x2x8_tt_gg,0,3738915.541680578,fft18-fp32,3,4x11x3,256x1024x256,16x2x8,tablextable,direct-stridedxdirect-strided,global-scratchxglobal-scratch,3,,,,cufftdx-online-shared+cufftdx-large-online+cufftdx-online-shared,4,3,256,256,16,8,table,direct-strided,Tesla V100-SXM2-16GB,7.0,fft,fp32,forward,none,in-place,online-reorder,cufftdx-block,18,262144,16,100,50,0.854651,4907622773.844868,0.000371,1
fft18-fp32_b64_cufft,fft18-fp32-batch64,3,cuFFT,1,0.0,fft18-fp32,0,,,,,,,0,,,,vendor-baseline,0,0,0,0,0,0,none,none,Tesla V100-SXM2-16GB,7.0,fft,fp32,forward,none,in-place,cufft,scalar,18,262144,64,100,50,0.706171,23758012433.985977,0.000678,1
fft18-fp32_b16_p9s9_t256x256_e8x8_rec,fft18-fp32-batch16,1,fft18-fp32_b16_p9s9_t256x256_e8x8_rec,0,1193271.6996612132,fft18-fp32,2,9x9,256x256,8x8,recurrence,direct-strided,global-scratch,2,,,,cufftdx-online-shared+cufftdx-online-shared,9,9,256,256,8,8,recurrence,direct-strided,Tesla V100-SXM2-16GB,7.0,fft,fp32,forward,none,in-place,online-reorder,cufftdx-block,18,262144,16,100,50,0.195953,21404682385.259068,0.000629,1
fft18-fp32_b2_d3_3x4x11_t128x128x512_e8x16x4_tt_fg_gt128x512_ge16x4,fft18-fp32-batch2,3,fft18-fp32_b2_d3_3x4x11_t128x128x512_e8x16x4_tt_fg_gt128x512_ge16x4,0,241041.00659803377,fft18-fp32,3,3x4x11,128x128x512,8x16x4,tablextable,direct-stridedxdirect-strided,fusedxglobal-scratch,2,7x11,128x512,16x4,cufftdx-online-shared+cufftdx-online-shared+cufftdx-large-online,3,11,128,512,8,4,table,direct-strided,Tesla V100-SXM2-16GB,7.0,fft,fp32,forward,none,in-place,online-reorder,cufftdx-block,18,262144,2,100,50,0.053412,9815950664.330624,0.000516,1
fft18-fp32_b16_d3_3x3x12_t128x128x512_e8x8x8_tt_fg_gt128x512_ge16x8,fft18-fp32-batch16,2,fft18-fp32_b16_d3_3x3x12_t128x128x512_e8x8x8_tt_fg_gt128x512_ge16x8,0,909737.5564855004,fft18-fp32,3,3x3x12,128x128x512,8x8x8,tablextable,direct-stridedxdirect-strided,fusedxglobal-scratch,2,6x12,128x512,16x8,cufftdx-online-shared+cufftdx-online-shared+cufftdx-large-online,3,12,128,512,8,8,table,direct-strided,Tesla V100-SXM2-16GB,7.0,fft,fp32,forward,none,in-place,online-reorder,cufftdx-block,18,262144,16,100,50,0.343593,12207189060.703442,0.000587,1
fft18-fp32_b2_p10s8_t512x512_e16x16_rec,fft18-fp32-batch2,2,fft18-fp32_b2_p10s8_t512x512_e16x16_rec,0,81804.82522882584,fft18-fp32,2,10x8,512x512,16x16,recurrence,direct-strided,global-scratch,2,,,,cufftdx-online-shared+cufftdx-online-shared,10,8,512,512,16,16,recurrence,direct-strided,Tesla V100-SXM2-16GB,7.0,fft,fp32,forward,none,in-place,online-reorder,cufftdx-block,18,262144,2,100,50,0.036782,14253896709.090643,0.000637,1
fft18-fp32_b16_d3_3x11x4_t128x512x128_e8x4x16_tt_gg,fft18-fp32-batch16,2,fft18-fp32_b16_d3_3x11x4_t128x512x128_e8x4x16_tt_gg,0,2359296.0,fft18-fp32,3,3x11x4,128x512x128,8x4x16,tablextable,direct-stridedxdirect-strided,global-scratchxglobal-scratch,3,,,,cufftdx-online-shared+cufftdx-large-online+cufftdx-online-shared,3,4,128,128,8,16,table,direct-strided,Tesla V100-SXM2-16GB,7.0,fft,fp32,forward,none,in-place,online-reorder,cufftdx-block,18,262144,16,100,50,0.855777,4901163162.658836,0.000503,1
fft18-fp32_b16_p11s7_t256x128_e8x16_rec,fft18-fp32-batch16,1,fft18-fp32_b16_p11s7_t256x128_e8x16_rec,0,1018015.6028476105,fft18-fp32,2,11x7,256x128,8x16,recurrence,direct-strided,global-scratch,2,,,,cufftdx-large-online+cufftdx-online-shared,11,7,256,128,8,16,recurrence,direct-strided,Tesla V100-SXM2-16GB,7.0,fft,fp32,forward,none,in-place,online-reorder,cufftdx-block,18,262144,16,100,50,0.320451,13088771649.341885,0.000633,1
fft20-fp32_b2_d4_3x3x4x10_t512x512x512x512_e8x8x16x16_rrr_ffg_gt512x512_ge8x8,fft20-fp32-batch2,2,fft20-fp32_b2_d4_3x3x4x10_t512x512x512x512_e8x8x16x16_rrr_ffg_gt512x512_ge8x8,0,608812.0916638843,fft20-fp32,4,3x3x4x10,512x512x512x512,8x8x16x16,recurrencexrecurrencexrecurrence,direct-stridedxdirect-stridedxdirect-strided,fusedxfusedxglobal-scratch,2,10x10,512x512,8x8,cufftdx-online-shared+cufftdx-online-shared+cufftdx-online-shared+cufftdx-online-shared,3,10,512,512,8,16,recurrence,direct-strided,Tesla V100-SXM2-16GB,7.0,fft,fp32,forward,none,in-place,online-reorder,cufftdx-block,20,1048576,2,100,50,0.120525,17400170809.490570,0.001288,1
fft18-fp32_b64_d3_3x4x11_t128x128x512_e8x16x4_tt_fg_gt128x512_ge16x4,fft18-fp32-batch64,1,fft18-fp32_b64_d3_3x4x11_t128x128x512_e8x16x4_tt_fg_gt128x512_ge16x4,0,6428806.61113708,fft18-fp32,3,3x4x11,128x128x512,8x16x4,tablextable,direct-stridedxdirect-strided,fusedxglobal-scratch,2,7x11,128x512,16x4,cufftdx-online-shared+cufftdx-online-shared+cufftdx-large-online,3,11,128,512,8,4,table,direct-strided,Tesla V100-SXM2-16GB,7.0,fft,fp32,forward,none,in-place,online-reorder,cufftdx-block,18,262144,64,100,50,1.204408,13929841040.725174,0.000553,1
fft20-fp32_b2_d4_3x7x3x7_t512x512x512x512_e8x16x8x16_rrr_fgf_gt256x128_ge16x16,fft20-fp32-batch2,3,fft20-fp32_b2_d4_3x7x3x7_t512x512x512x512_e8x16x8x16_rrr_fgf_gt256x128_ge16x16,0,304406.0458319422,fft20-fp32,4,3x7x3x7,512x512x512x512,8x16x8x16,recurrencexrecurrencexrecurrence,direct-stridedxdirect-stridedxdirect-strided,fusedxglobal-scratchxfused,2,10x10,256x128,16x16,cufftdx-online-shared+cufftdx-online-shared+cufftdx-online-shared+cufftdx-online-shared,3,7,512,512,8,16,recurrence,direct-strided,Tesla V100-SXM2-16GB,7.0,fft,fp32,forward,none,in-place,online-reorder,cufftdx-block,20,1048576,2,100,50,0.127898,16397118925.079185,0.001320,1
fft20-fp32_b2_p9s11_t128x256_e16x8_rec_tx,fft20-fp32-batch2,2,fft20-fp32_b2_p9s11_t128x256_e16x8_rec_tx,0,445771.4026778952,fft20-fp32,2,9x11,128x256,16x8,recurrence,tiled-transpose,global-scratch,2,,,,cufftdx-online-shared+cufftdx-large-online,9,11,128,256,16,8,recurrence,tiled-transpose,Tesla V100-SXM2-16GB,7.0,fft,fp32,forward,none,in-place,online-reorder,cufftdx-block,20,1048576,2,100,50,0.151122,13877219650.837637,0.001638,1
fft18-fp32_b16_d3_6x3x9_t512x512x512_e16x8x16_tt_gf_gt512x256_ge16x16,fft18-fp32-batch16,3,fft18-fp32_b16_d3_6x3x9_t512x512x512_e16x8x16_tt_gf_gt512x256_ge16x16,0,608812.0916638843,fft18-fp32,3,6x3x9,512x512x512,16x8x16,tablextable,direct-stridedxdirect-strided,global-scratchxfused,2,6x12,512x256,16x16,cufftdx-online-shared+cufftdx-online-shared+cufftdx-online-shared,6,9,512,512,16,16,table,direct-strided,Tesla V100-SXM2-16GB,7.0,fft,fp32,forward,none,in-place,online-reorder,cufftdx-block,18,262144,16,100,50,0.368476,11382837050.520187,0.000550,1
fft18-fp32_b16_p11s7_t256x128_e8x16_rec_ptx,fft18-fp32-batch16,2,fft18-fp32_b16_p11s7_t256x128_e8x16_rec_ptx,0,1018015.6028476105,fft18-fp32,2,11x7,256x128,8x16,recurrence,prefix-tiled-transpose,global-scratch,2,,,,cufftdx-large-online+cufftdx-online-shared,11,7,256,128,8,16,recurrence,prefix-tiled-transpose,Tesla V100-SXM2-16GB,7.0,fft,fp32,forward,none,in-place,online-reorder,cufftdx-block,18,262144,16,100,50,0.352727,11891075362.689171,0.000633,1
fft20-fp32_b8_d4_10x3x3x4_t512x512x512x512_e16x8x8x16_rrr_gff_gt256x128_ge16x16,fft20-fp32-batch8,2,fft20-fp32_b8_d4_10x3x3x4_t512x512x512x512_e16x8x8x16_rrr_gff_gt256x128_ge16x16,0,1217624.1833277687,fft20-fp32,4,10x3x3x4,512x512x512x512,16x8x8x16,recurrencexrecurrencexrecurrence,direct-stridedxdirect-stridedxdirect-strided,global-scratchxfusedxfused,2,10x10,256x128,16x16,cufftdx-online-shared+cufftdx-online-shared+cufftdx-online-shared+cufftdx-online-shared,10,4,512,512,16,16,recurrence,direct-strided,Tesla V100-SXM2-16GB,7.0,fft,fp32,forward,none,in-place,online-reorder,cufftdx-block,20,1048576,8,100,50,0.397189,21119934504.423840,0.001451,1
fft20-fp32_b8_p10s10_t256x128_e16x16_rec,fft20-fp32-batch8,1,fft20-fp32_b8_p10s10_t256x128_e16x16_rec,0,1193271.6996612132,fft20-fp32,2,10x10,256x128,16x16,recurrence,direct-strided,global-scratch,2,,,,cufftdx-online-shared+cufftdx-online-shared,10,10,256,128,16,16,recurrence,direct-strided,Tesla V100-SXM2-16GB,7.0,fft,fp32,forward,none,in-place,online-reorder,cufftdx-block,20,1048576,8,100,50,0.397251,21116667371.417583,0.001451,1
fft18-fp32_b2_d3_11x4x3_t256x512x512_e8x16x8_tt_gf_gt256x512_ge8x16,fft18-fp32-batch2,3,fft18-fp32_b2_d3_11x4x3_t256x512x512_e8x16x8_tt_gf_gt256x512_ge8x16,0,156609.46226797753,fft18-fp32,3,11x4x3,256x512x512,8x16x8,tablextable,direct-stridedxdirect-strided,global-scratchxfused,2,11x7,256x512,8x16,cufftdx-large-online+cufftdx-online-shared+cufftdx-online-shared,11,3,256,512,8,8,table,direct-strided,Tesla V100-SXM2-16GB,7.0,fft,fp32,forward,none,in-place,online-reorder,cufftdx-block,18,262144,2,100,50,0.055419,9460457810.930916,0.000546,1
fft20-fp32_b16_p12s8_t256x128_e16x16_rec_ptx,fft20-fp32-batch16,2,fft20-fp32_b16_p12s8_t256x128_e16x16_rec_ptx,0,2386543.3993224264,fft20-fp32,2,12x8,256x128,16x16,recurrence,prefix-tiled-transpose,global-scratch,2,,,,cufftdx-large-online+cufftdx-online-shared,12,8,256,128,16,16,recurrence,prefix-tiled-transpose,Tesla V100-SXM2-16GB,7.0,fft,fp32,forward,none,in-place,online-reorder,cufftdx-block,20,1048576,16,100,50,1.993073,8417764488.908228,0.001377,1
fft20-fp32_b16_p12s8_t256x128_e16x16_rec_ptx,fft20-fp32-batch16,3,fft20-fp32_b16_p12s8_t256x128_e16x16_rec_ptx,0,2386543.3993224264,fft20-fp32,2,12x8,256x128,16x16,recurrence,prefix-tiled-transpose,global-scratch,2,,,,cufftdx-large-online+cufftdx-online-shared,12,8,256,128,16,16,recurrence,prefix-tiled-transpose,Tesla V100-SXM2-16GB,7.0,fft,fp32,forward,none,in-place,online-reorder,cufftdx-block,20,1048576,16,100,50,1.920922,8733940662.837376,0.001377,1
fft20-fp32_b2_d4_10x3x3x4_t512x512x512x512_e16x8x8x16_rrr_gff_gt256x128_ge16x16,fft20-fp32-batch2,1,fft20-fp32_b2_d4_10x3x3x4_t512x512x512x512_e16x8x8x16_rrr_gff_gt256x128_ge16x16,0,304406.0458319422,fft20-fp32,4,10x3x3x4,512x512x512x512,16x8x8x16,recurrencexrecurrencexrecurrence,direct-stridedxdirect-stridedxdirect-strided,global-scratchxfusedxfused,2,10x10,256x128,16x16,cufftdx-online-shared+cufftdx-online-shared+cufftdx-online-shared+cufftdx-online-shared,10,4,512,512,16,16,recurrence,direct-strided,Tesla V100-SXM2-16GB,7.0,fft,fp32,forward,none,in-place,online-reorder,cufftdx-block,20,1048576,2,100,50,0.128143,16365671055.691603,0.001320,1
fft18-fp32_b2_d3_11x3x4_t512x128x128_e4x8x16_tt_gf_gt512x128_ge4x16,fft18-fp32-batch2,3,fft18-fp32_b2_d3_11x3x4_t512x128x128_e4x8x16_tt_gf_gt512x128_ge4x16,0,288134.1638879615,fft18-fp32,3,11x3x4,512x128x128,4x8x16,tablextable,direct-stridedxdirect-strided,global-scratchxfused,2,11x7,512x128,4x16,cufftdx-large-online+cufftdx-online-shared+cufftdx-online-shared,11,4,512,128,4,16,table,direct-strided,Tesla V100-SXM2-16GB,7.0,fft,fp32,forward,none,in-place,online-reorder,cufftdx-block,18,262144,2,100,50,0.053740,9756097937.285900,0.000440,1
fft18-fp32_b64_d3_4x3x11_t128x128x512_e16x8x4_tt_fg_gt128x512_ge16x4,fft18-fp32-batch64,2,fft18-fp32_b64_d3_4x3x11_t128x128x512_e16x8x4_tt_fg_gt128x512_ge16x4,0,6428806.61113708,fft18-fp32,3,4x3x11,128x128x512,16x8x4,tablextable,direct-stridedxdirect-strided,fusedxglobal-scratch,2,7x11,128x512,16x4,cufftdx-online-shared+cufftdx-online-shared+cufftdx-large-online,4,11,128,512,16,4,table,direct-strided,Tesla V100-SXM2-16GB,7.0,fft,fp32,forward,none,in-place,online-reorder,cufftdx-block,18,262144,64,100,50,1.203446,13940981894.460901,0.000553,1
fft20-fp32_b16_d3_4x4x12_t512x512x256_e16x16x16_tt_gg,fft20-fp32-batch16,1,fft20-fp32_b16_d3_4x4x12_t512x512x256_e16x16x16_tt_gg,0,3517580.9740579985,fft20-fp32,3,4x4x12,512x512x256,16x16x16,tablextable,direct-stridedxdirect-strided,global-scratchxglobal-scratch,3,,,,cufftdx-online-shared+cufftdx-online-shared+cufftdx-large-online,4,12,512,256,16,16,table,direct-strided,Tesla V100-SXM2-16GB,7.0,fft,fp32,forward,none,in-place,online-reorder,cufftdx-block,20,1048576,16,100,50,3.253330,5156936821.425216,0.001043,1
fft20-fp32_b2_d4_10x3x3x4_t512x512x512x512_e16x8x8x16_rrr_gff_gt512x512_ge8x8,fft20-fp32-batch2,1,fft20-fp32_b2_d4_10x3x3x4_t512x512x512x512_e16x8x8x16_rrr_gff_gt512x512_ge8x8,0,608812.0916638843,fft20-fp32,4,10x3x3x4,512x512x512x512,16x8x8x16,recurrencexrecurrencexrecurrence,direct-stridedxdirect-stridedxdirect-strided,global-scratchxfusedxfused,2,10x10,512x512,8x8,cufftdx-online-shared+cufftdx-online-shared+cufftdx-online-shared+cufftdx-online-shared,10,4,512,512,16,16,recurrence,direct-strided,Tesla V100-SXM2-16GB,7.0,fft,fp32,forward,none,in-place,online-reorder,cufftdx-block,20,1048576,2,100,50,0.120791,17361816442.494652,0.001288,1
fft20-fp32_b8_d3_10x7x3_t128x128x128_e16x16x8_tt_gf_gt128x128_ge16x16,fft20-fp32-batch8,2,fft20-fp32_b8_d3_10x7x3_t128x128x128_e16x16x8_tt_gf_gt128x128_ge16x16,0,1217624.1833277687,fft20-fp32,3,10x7x3,128x128x128,16x16x8,tablextable,direct-stridedxdirect-strided,global-scratchxfused,2,10x10,128x128,16x16,cufftdx-online-shared+cufftdx-online-shared+cufftdx-online-shared,10,3,128,128,16,8,table,direct-strided,Tesla V100-SXM2-16GB,7.0,fft,fp32,forward,none,in-place,online-reorder,cufftdx-block,20,1048576,8,100,50,0.648499,12935416648.008108,0.001343,1
fft18-fp32_b64_p6s12_t128x256_e16x16_rec,fft18-fp32-batch64,2,fft18-fp32_b64_p6s12_t128x256_e16x16_rec,0,2386543.3993224264,fft18-fp32,2,6x12,128x256,16x16,recurrence,direct-strided,global-scratch,2,,,,cufftdx-online-shared+cufftdx-large-online,6,12,128,256,16,16,recurrence,direct-strided,Tesla V100-SXM2-16GB,7.0,fft,fp32,forward,none,in-place,online-reorder,cufftdx-block,18,262144,64,100,50,1.123246,14936367366.408239,0.000637,1
fft20-fp32_b2_d4_3x3x4x10_t512x512x512x512_e8x8x16x16_rrr_ffg_gt256x128_ge16x16,fft20-fp32-batch2,2,fft20-fp32_b2_d4_3x3x4x10_t512x512x512x512_e8x8x16x16_rrr_ffg_gt256x128_ge16x16,0,304406.0458319422,fft20-fp32,4,3x3x4x10,512x512x512x512,8x8x16x16,recurrencexrecurrencexrecurrence,direct-stridedxdirect-stridedxdirect-strided,fusedxfusedxglobal-scratch,2,10x10,256x128,16x16,cufftdx-online-shared+cufftdx-online-shared+cufftdx-online-shared+cufftdx-online-shared,3,10,512,512,8,16,recurrence,direct-strided,Tesla V100-SXM2-16GB,7.0,fft,fp32,forward,none,in-place,online-reorder,cufftdx-block,20,1048576,2,100,50,0.128184,16360441151.036745,0.001320,1
fft20-fp32_b8_d4_3x3x4x10_t512x512x512x512_e8x8x16x16_ttt_ffg_gt512x512_ge16x16,fft20-fp32-batch8,2,fft20-fp32_b8_d4_3x3x4x10_t512x512x512x512_e8x8x16x16_ttt_ffg_gt512x512_ge16x16,0,1217624.1833277687,fft20-fp32,4,3x3x4x10,512x512x512x512,8x8x16x16,tablextablextable,direct-stridedxdirect-stridedxdirect-strided,fusedxfusedxglobal-scratch,2,10x10,512x512,16x16,cufftdx-online-shared+cufftdx-online-shared+cufftdx-online-shared+cufftdx-online-shared,3,10,512,512,8,16,table,direct-strided,Tesla V100-SXM2-16GB,7.0,fft,fp32,forward,none,in-place,online-reorder,cufftdx-block,20,1048576,8,100,50,0.609731,13757893735.366873,0.001343,1
fft18-fp32_b64_d3_3x5x10_t256x256x256_e8x16x16_tt_fg_gt256x256_ge16x16,fft18-fp32-batch64,1,fft18-fp32_b64_d3_3x5x10_t256x256x256_e8x16x16_tt_fg_gt256x256_ge16x16,0,2435248.3666555374,fft18-fp32,3,3x5x10,256x256x256,8x16x16,tablextable,direct-stridedxdirect-strided,fusedxglobal-scratch,2,8x10,256x256,16x16,cufftdx-online-shared+cufftdx-online-shared+cufftdx-online-shared,3,10,256,256,8,16,table,direct-strided,Tesla V100-SXM2-16GB,7.0,fft,fp32,forward,none,in-place,online-reorder,cufftdx-block,18,262144,64,100,50,1.110671,15105472225.659220,0.000610,1
fft20-fp32_b2_d3_6x3x11_t128x128x512_e16x8x4_tt_fg_gt128x512_ge16x4,fft20-fp32-batch2,1,fft20-fp32_b2_d3_6x3x11_t128x128x512_e16x8x4_tt_fg_gt128x512_ge16x4,0,803600.826392135,fft20-fp32,3,6x3x11,128x128x512,16x8x4,tablextable,direct-stridedxdirect-strided,fusedxglobal-scratch,2,9x11,128x512,16x4,cufftdx-online-shared+cufftdx-online-shared+cufftdx-large-online,6,11,128,512,16,4,table,direct-strided,Tesla V100-SXM2-16GB,7.0,fft,fp32,forward,none,in-place,online-reorder,cufftdx-block,20,1048576,2,100,50,0.207892,10087676211.734598,0.001468,1
fft20-fp32_b2_p8s12_t128x256_e16x16_rec_tx,fft20-fp32-batch2,2,fft20-fp32_b2_p8s12_t128x256_e16x16_rec_tx,0,298317.9249153033,fft20-fp32,2,8x12,128x256,16x16,recurrence,tiled-transpose,global-scratch,2,,,,cufftdx-online-shared+cufftdx-large-online,8,12,128,256,16,16,recurrence,tiled-transpose,Tesla V100-SXM2-16GB,7.0,fft,fp32,forward,none,in-place,online-reorder,cufftdx-block,20,1048576,2,100,50,0.159642,13136626561.187960,0.001274,1
fft18-fp32_b16_p9s9_t256x256_e8x8_rec,fft18-fp32-batch16,2,fft18-fp32_b16_p9s9_t256x256_e8x8_rec,0,1193271.6996612132,fft18-fp32,2,9x9,256x256,8x8,recurrence,direct-strided,global-scratch,2,,,,cufftdx-online-shared+cufftdx-online-shared,9,9,256,256,8,8,recurrence,direct-strided,Tesla V100-SXM2-16GB,7.0,fft,fp32,forward,none,in-place,online-reorder,cufftdx-block,18,262144,16,100,50,0.195768,21424836150.942596,0.000629,1
fft20-fp32_b16_p12s8_t256x128_e16x16_rec,fft20-fp32-batch16,1,fft20-fp32_b16_p12s8_t256x128_e16x16_rec,0,2386543.3993224264,fft20-fp32,2,12x8,256x128,16x16,recurrence,direct-strided,global-scratch,2,,,,cufftdx-large-online+cufftdx-online-shared,12,8,256,128,16,16,recurrence,direct-strided,Tesla V100-SXM2-16GB,7.0,fft,fp32,forward,none,in-place,online-reorder,cufftdx-block,20,1048576,16,100,50,1.310024,12806803756.874590,0.001377,1
fft18-fp32_b2_d3_3x5x10_t256x256x256_e8x16x16_tt_fg_gt256x256_ge16x16,fft18-fp32-batch2,3,fft18-fp32_b2_d3_3x5x10_t256x256x256_e8x16x16_tt_fg_gt256x256_ge16x16,0,93304.71145798556,fft18-fp32,3,3x5x10,256x256x256,8x16x16,tablextable,direct-stridedxdirect-strided,fusedxglobal-scratch,2,8x10,256x256,16x16,cufftdx-online-shared+cufftdx-online-shared+cufftdx-online-shared,3,10,256,256,8,16,table,direct-strided,Tesla V100-SXM2-16GB,7.0,fft,fp32,forward,none,in-place,online-reorder,cufftdx-block,18,262144,2,100,50,0.039404,13305613128.501768,0.000501,1
fft20-fp32_b8_d3_3x12x5_t128x512x128_e8x8x16_tt_gg,fft20-fp32-batch8,2,fft20-fp32_b8_d3_3x12x5_t128x512x128_e8x8x16_tt_gg,0,3264773.0703567686,fft20-fp32,3,3x12x5,128x512x128,8x8x16,tablextable,direct-stridedxdirect-strided,global-scratchxglobal-scratch,3,,,,cufftdx-online-shared+cufftdx-large-online+cufftdx-online-shared,3,5,128,128,8,16,table,direct-strided,Tesla V100-SXM2-16GB,7.0,fft,fp32,forward,none,in-place,online-reorder,cufftdx-block,20,1048576,8,100,50,1.489572,5631556629.218641,0.001365,1
fft20-fp32_b2_d4_3x7x3x7_t512x512x512x512_e8x16x8x16_rrr_fgf_gt512x512_ge8x8,fft20-fp32-batch2,1,fft20-fp32_b2_d4_3x7x3x7_t512x512x512x512_e8x16x8x16_rrr_fgf_gt512x512_ge8x8,0,608812.0916638843,fft20-fp32,4,3x7x3x7,512x512x512x512,8x16x8x16,recurrencexrecurrencexrecurrence,direct-stridedxdirect-stridedxdirect-strided,fusedxglobal-scratchxfused,2,10x10,512x512,8x8,cufftdx-online-shared+cufftdx-online-shared+cufftdx-online-shared+cufftdx-online-shared,3,7,512,512,8,16,recurrence,direct-strided,Tesla V100-SXM2-16GB,7.0,fft,fp32,forward,none,in-place,online-reorder,cufftdx-block,20,1048576,2,100,50,0.120463,17409043989.709507,0.001288,1
fft18-fp32_b64_d3_4x3x11_t256x256x1024_e16x8x2_tt_fg_gt256x1024_ge16x2,fft18-fp32-batch64,1,fft18-fp32_b64_d3_4x3x11_t256x256x1024_e16x8x2_tt_fg_gt256x1024_ge16x2,0,12296877.781527234,fft18-fp32,3,4x3x11,256x256x1024,16x8x2,tablextable,direct-stridedxdirect-strided,fusedxglobal-scratch,2,7x11,256x1024,16x2,cufftdx-online-shared+cufftdx-online-shared+cufftdx-large-online,4,11,256,1024,16,2,table,direct-strided,Tesla V100-SXM2-16GB,7.0,fft,fp32,forward,none,in-place,online-reorder,cufftdx-block,18,262144,64,100,50,1.225687,13688009769.811689,0.000489,1
fft20-fp32_b16_d4_3x7x3x7_t512x512x512x512_e8x16x8x16_rrr_fgf_gt512x512_ge8x8,fft20-fp32-batch16,2,fft20-fp32_b16_d4_3x7x3x7_t512x512x512x512_e8x16x8x16_rrr_fgf_gt512x512_ge8x8,0,4870496.733311075,fft20-fp32,4,3x7x3x7,512x512x512x512,8x16x8x16,recurrencexrecurrencexrecurrence,direct-stridedxdirect-stridedxdirect-strided,fusedxglobal-scratchxfused,2,10x10,512x512,8x8,cufftdx-online-shared+cufftdx-online-shared+cufftdx-online-shared+cufftdx-online-shared,3,7,512,512,8,16,recurrence,direct-strided,Tesla V100-SXM2-16GB,7.0,fft,fp32,forward,none,in-place,online-reorder,cufftdx-block,20,1048576,16,100,50,0.831263,20182807001.199677,0.001466,1
fft18-fp32_b64_d4_3x3x3x9_t512x512x512x512_e8x8x8x16_rrr_ffg_gt256x256_ge8x8,fft18-fp32-batch64,1,fft18-fp32_b64_d4_3x3x3x9_t512x512x512x512_e8x8x8x16_rrr_ffg_gt256x256_ge8x8,0,4870496.733311075,fft18-fp32,4,3x3x3x9,512x512x512x512,8x8x8x16,recurrencexrecurrencexrecurrence,direct-stridedxdirect-stridedxdirect-strided,fusedxfusedxglobal-scratch,2,9x9,256x256,8x8,cufftdx-online-shared+cufftdx-online-shared+cufftdx-online-shared+cufftdx-online-shared,3,9,512,512,8,16,recurrence,direct-strided,Tesla V100-SXM2-16GB,7.0,fft,fp32,forward,none,in-place,online-reorder,cufftdx-block,18,262144,64,100,50,0.809329,20729794641.210915,0.000666,1
fft20-fp32_b16_d3_11x3x6_t256x512x512_e8x8x16_tt_gf_gt256x512_ge8x16,fft20-fp32-batch16,2,fft20-fp32_b16_d3_11x3x6_t256x512x512_e8x8x16_tt_gf_gt256x512_ge8x16,0,4155165.725908614,fft20-fp32,3,11x3x6,256x512x512,8x8x16,tablextable,direct-stridedxdirect-strided,global-scratchxfused,2,11x9,256x512,8x16,cufftdx-large-online+cufftdx-online-shared+cufftdx-online-shared,11,6,256,512,8,16,table,direct-strided,Tesla V100-SXM2-16GB,7.0,fft,fp32,forward,none,in-place,online-reorder,cufftdx-block,20,1048576,16,100,50,1.688330,9937165291.132084,0.001726,1
fft18-fp32_b2_d3_4x11x3_t128x512x128_e16x4x8_tt_gg,fft18-fp32-batch2,1,fft18-fp32_b2_d3_4x11x3_t128x512x128_e16x4x8_tt_gg,0,332866.15196871327,fft18-fp32,3,4x11x3,128x512x128,16x4x8,tablextable,direct-stridedxdirect-strided,global-scratchxglobal-scratch,3,,,,cufftdx-online-shared+cufftdx-large-online+cufftdx-online-shared,4,3,128,128,16,8,table,direct-strided,Tesla V100-SXM2-16GB,7.0,fft,fp32,forward,none,in-place,online-reorder,cufftdx-block,18,262144,2,100,50,0.090644,5784003216.287360,0.000397,1
fft18-fp32_b2_d3_12x3x3_t256x512x512_e16x8x8_tt_gf_gt256x512_ge16x16,fft18-fp32-batch2,1,fft18-fp32_b2_d3_12x3x3_t256x512x512_e16x8x8_tt_gf_gt256x512_ge16x16,0,93304.71145798556,fft18-fp32,3,12x3x3,256x512x512,16x8x8,tablextable,direct-stridedxdirect-strided,global-scratchxfused,2,12x6,256x512,16x16,cufftdx-large-online+cufftdx-online-shared+cufftdx-online-shared,12,3,256,512,16,8,table,direct-strided,Tesla V100-SXM2-16GB,7.0,fft,fp32,forward,none,in-place,online-reorder,cufftdx-block,18,262144,2,100,50,0.061727,8493696203.135856,0.000503,1
fft20-fp32_b8_d3_3x6x11_t128x128x512_e8x16x4_tt_fg_gt128x512_ge16x4,fft20-fp32-batch8,1,fft20-fp32_b8_d3_3x6x11_t128x128x512_e8x16x4_tt_fg_gt128x512_ge16x4,0,3214403.30556854,fft20-fp32,3,3x6x11,128x128x512,8x16x4,tablextable,direct-stridedxdirect-strided,fusedxglobal-scratch,2,9x11,128x512,16x4,cufftdx-online-shared+cufftdx-online-shared+cufftdx-large-online,3,11,128,512,8,4,table,direct-strided,Tesla V100-SXM2-16GB,7.0,fft,fp32,forward,none,in-place,online-reorder,cufftdx-block,20,1048576,8,100,50,0.739144,11349089960.386179,0.001510,1
fft18-fp32_b2_d3_3x3x12_t128x128x512_e8x8x8_tt_fg_gt128x512_ge16x8,fft18-fp32-batch2,3,fft18-fp32_b2_d3_3x3x12_t128x128x512_e8x8x8_tt_fg_gt128x512_ge16x8,0,138566.26122735423,fft18-fp32,3,3x3x12,128x128x512,8x8x8,tablextable,direct-stridedxdirect-strided,fusedxglobal-scratch,2,6x12,128x512,16x8,cufftdx-online-shared+cufftdx-online-shared+cufftdx-large-online,3,12,128,512,8,8,table,direct-strided,Tesla V100-SXM2-16GB,7.0,fft,fp32,forward,none,in-place,online-reorder,cufftdx-block,18,262144,2,100,50,0.053903,9726443783.470873,0.000525,1
fft20-fp32_b2_d3_5x3x12_t128x128x512_e16x8x8_tt_fg_gt128x512_ge16x8,fft20-fp32-batch2,1,fft20-fp32_b2_d3_5x3x12_t128x128x512_e16x8x8_tt_fg_gt128x512_ge16x8,0,454868.7782427502,fft20-fp32,3,5x3x12,128x128x512,16x8x8,tablextable,direct-stridedxdirect-strided,fusedxglobal-scratch,2,8x12,128x512,16x8,cufftdx-online-shared+cufftdx-online-shared+cufftdx-large-online,5,12,128,512,16,8,table,direct-strided,Tesla V100-SXM2-16GB,7.0,fft,fp32,forward,none,in-place,online-reorder,cufftdx-block,20,1048576,2,100,50,0.224297,9349890545.422318,0.001120,1
fft20-fp32_b16_d3_3x7x10_t128x128x128_e8x16x16_tt_fg_gt128x128_ge16x16,fft20-fp32-batch16,3,fft20-fp32_b16_d3_3x7x10_t128x128x128_e8x16x16_tt_fg_gt128x128_ge16x16,0,2435248.3666555374,fft20-fp32,3,3x7x10,128x128x128,8x16x16,tablextable,direct-stridedxdirect-strided,fusedxglobal-scratch,2,10x10,128x128,16x16,cufftdx-online-shared+cufftdx-online-shared+cufftdx-online-shared,3,10,128,128,8,16,table,direct-strided,Tesla V100-SXM2-16GB,7.0,fft,fp32,forward,none,in-place,online-reorder,cufftdx-block,20,1048576,16,100,50,1.266258,13249446449.197765,0.001468,1
fft20-fp32_b2_p10s10_t256x128_e16x16_rec,fft20-fp32-batch2,1,fft20-fp32_b2_p10s10_t256x128_e16x16_rec,0,298317.9249153033,fft20-fp32,2,10x10,256x128,16x16,recurrence,direct-strided,global-scratch,2,,,,cufftdx-online-shared+cufftdx-online-shared,10,10,256,128,16,16,recurrence,direct-strided,Tesla V100-SXM2-16GB,7.0,fft,fp32,forward,none,in-place,online-reorder,cufftdx-block,20,1048576,2,100,50,0.134595,15581253842.277788,0.001320,1
fft20-fp32_b16_d4_8x3x3x6_t512x512x512x512_e16x8x8x16_ttt_gff_gt512x256_ge16x16,fft20-fp32-batch16,1,fft20-fp32_b16_d4_8x3x3x6_t512x512x512x512_e16x8x8x16_ttt_gff_gt512x256_ge16x16,0,2435248.3666555374,fft20-fp32,4,8x3x3x6,512x512x512x512,16x8x8x16,tablextablextable,direct-stridedxdirect-stridedxdirect-strided,global-scratchxfusedxfused,2,8x12,512x256,16x16,cufftdx-online-shared+cufftdx-online-shared+cufftdx-online-shared+cufftdx-online-shared,8,6,512,512,16,16,table,direct-strided,Tesla V100-SXM2-16GB,7.0,fft,fp32,forward,none,in-place,online-reorder,cufftdx-block,20,1048576,16,100,50,1.985229,8451023980.183154,0.001221,1
fft20-fp32_b8_d4_4x4x4x8_t512x512x512x512_e16x16x16x16_ttt_ggg,fft20-fp32-batch8,3,fft20-fp32_b8_d4_4x4x4x8_t512x512x512x512_e16x16x16x16_ttt_ggg,0,2299956.79073023,fft20-fp32,4,4x4x4x8,512x512x512x512,16x16x16x16,tablextablextable,direct-stridedxdirect-stridedxdirect-strided,global-scratchxglobal-scratchxglobal-scratch,4,,,,cufftdx-online-shared+cufftdx-online-shared+cufftdx-online-shared+cufftdx-online-shared,4,8,512,512,16,16,table,direct-strided,Tesla V100-SXM2-16GB,7.0,fft,fp32,forward,none,in-place,online-reorder,cufftdx-block,20,1048576,8,100,50,1.800049,4660211670.079206,0.001023,1
fft20-fp32_b16_d4_4x4x4x8_t512x512x512x512_e16x16x16x16_ttt_ggg,fft20-fp32-batch16,1,fft20-fp32_b16_d4_4x4x4x8_t512x512x512x512_e16x16x16x16_ttt_ggg,0,4599913.58146046,fft20-fp32,4,4x4x4x8,512x512x512x512,16x16x16x16,tablextablextable,direct-stridedxdirect-stridedxdirect-strided,global-scratchxglobal-scratchxglobal-scratch,4,,,,cufftdx-online-shared+cufftdx-online-shared+cufftdx-online-shared+cufftdx-online-shared,4,8,512,512,16,16,table,direct-strided,Tesla V100-SXM2-16GB,7.0,fft,fp32,forward,none,in-place,online-reorder,cufftdx-block,20,1048576,16,100,50,3.583713,4681517361.452123,0.001043,1
fft20-fp32_b8_d3_3x6x11_t128x128x512_e8x16x4_tt_fg_gt128x512_ge16x4,fft20-fp32-batch8,2,fft20-fp32_b8_d3_3x6x11_t128x128x512_e8x16x4_tt_fg_gt128x512_ge16x4,0,3214403.30556854,fft20-fp32,3,3x6x11,128x128x512,8x16x4,tablextable,direct-stridedxdirect-strided,fusedxglobal-scratch,2,9x11,128x512,16x4,cufftdx-online-shared+cufftdx-online-shared+cufftdx-large-online,3,11,128,512,8,4,table,direct-strided,Tesla V100-SXM2-16GB,7.0,fft,fp32,forward,none,in-place,online-reorder,cufftdx-block,20,1048576,8,100,50,0.738222,11363258327.169016,0.001510,1
fft20-fp32_b8_d3_10x3x7_t512x512x512_e16x8x16_rr_gf_gt256x128_ge16x16,fft20-fp32-batch8,1,fft20-fp32_b8_d3_10x3x7_t512x512x512_e16x8x16_rr_gf_gt256x128_ge16x16,0,1217624.1833277687,fft20-fp32,3,10x3x7,512x512x512,16x8x16,recurrencexrecurrence,direct-stridedxdirect-strided,global-scratchxfused,2,10x10,256x128,16x16,cufftdx-online-shared+cufftdx-online-shared+cufftdx-online-shared,10,7,512,512,16,16,recurrence,direct-strided,Tesla V100-SXM2-16GB,7.0,fft,fp32,forward,none,in-place,online-reorder,cufftdx-block,20,1048576,8,100,50,0.397804,21087313337.136330,0.001451,1
fft18-fp32_b64_d4_3x6x3x6_t512x512x512x512_e8x16x8x16_rrr_fgf_gt256x256_ge8x8,fft18-fp32-batch64,2,fft18-fp32_b64_d4_3x6x3x6_t512x512x512x512_e8x16x8x16_rrr_fgf_gt256x256_ge8x8,0,4870496.733311075,fft18-fp32,4,3x6x3x6,512x512x512x512,8x16x8x16,recurrencexrecurrencexrecurrence,direct-stridedxdirect-stridedxdirect-strided,fusedxglobal-scratchxfused,2,9x9,256x256,8x8,cufftdx-online-shared+cufftdx-online-shared+cufftdx-online-shared+cufftdx-online-shared,3,6,512,512,8,16,recurrence,direct-strided,Tesla V100-SXM2-16GB,7.0,fft,fp32,forward,none,in-place,online-reorder,cufftdx-block,18,262144,64,100,50,0.810148,20708831539.216892,0.000666,1
fft20-fp32_b2_d3_3x7x10_t256x256x256_e8x16x16_tt_fg_gt256x256_ge16x16,fft20-fp32-batch2,3,fft20-fp32_b2_d3_3x7x10_t256x256x256_e8x16x16_tt_fg_gt256x256_ge16x16,0,304406.0458319422,fft20-fp32,3,3x7x10,256x256x256,8x16x16,tablextable,direct-stridedxdirect-strided,fusedxglobal-scratch,2,10x10,256x256,16x16,cufftdx-online-shared+cufftdx-online-shared+cufftdx-online-shared,3,10,256,256,8,16,table,direct-strided,Tesla V100-SXM2-16GB,7.0,fft,fp32,forward,none,in-place,online-reorder,cufftdx-block,20,1048576,2,100,50,0.171786,12207916512.401960,0.001125,1
fft20-fp32_b16_d4_10x3x3x4_t512x512x512x512_e16x8x8x16_rrr_gff_gt512x512_ge8x8,fft20-fp32-batch16,3,fft20-fp32_b16_d4_10x3x3x4_t512x512x512x512_e16x8x8x16_rrr_gff_gt512x512_ge8x8,0,4870496.733311075,fft20-fp32,4,10x3x3x4,512x512x512x512,16x8x8x16,recurrencexrecurrencexrecurrence,direct-stridedxdirect-stridedxdirect-strided,global-scratchxfusedxfused,2,10x10,512x512,8x8,cufftdx-online-shared+cufftdx-online-shared+cufftdx-online-shared+cufftdx-online-shared,10,4,512,512,16,16,recurrence,direct-strided,Tesla V100-SXM2-16GB,7.0,fft,fp32,forward,none,in-place,online-reorder,cufftdx-block,20,1048576,16,100,50,0.831611,20174358992.214157,0.001466,1
fft20-fp32_b2_d4_8x3x3x6_t512x512x512x512_e16x8x8x16_ttt_gff_gt512x256_ge16x16,fft20-fp32-batch2,3,fft20-fp32_b2_d4_8x3x3x6_t512x512x512x512_e16x8x8x16_ttt_gff_gt512x256_ge16x16,0,304406.0458319422,fft20-fp32,4,8x3x3x6,512x512x512x512,16x8x8x16,tablextablextable,direct-stridedxdirect-stridedxdirect-strided,global-scratchxfusedxfused,2,8x12,512x256,16x16,cufftdx-online-shared+cufftdx-online-shared+cufftdx-online-shared+cufftdx-online-shared,8,6,512,512,16,16,table,direct-strided,Tesla V100-SXM2-16GB,7.0,fft,fp32,forward,none,in-place,online-reorder,cufftdx-block,20,1048576,2,100,50,0.248730,8431453727.143368,0.001102,1
fft18-fp32_b64_d3_3x3x12_t128x128x512_e8x8x8_tt_fg_gt128x512_ge16x8,fft18-fp32-batch64,2,fft18-fp32_b64_d3_3x3x12_t128x128x512_e8x8x8_tt_fg_gt128x512_ge16x8,0,3638950.2259420017,fft18-fp32,3,3x3x12,128x128x512,8x8x8,tablextable,direct-stridedxdirect-strided,fusedxglobal-scratch,2,6x12,128x512,16x8,cufftdx-online-shared+cufftdx-online-shared+cufftdx-large-online,3,12,128,512,8,8,table,direct-strided,Tesla V100-SXM2-16GB,7.0,fft,fp32,forward,none,in-place,online-reorder,cufftdx-block,18,262144,64,100,50,1.309409,12812811834.694481,0.000614,1
fft20-fp32_b16_d3_3x7x10_t512x512x512_e8x16x16_rr_fg_gt256x128_ge16x16,fft20-fp32-batch16,3,fft20-fp32_b16_d3_3x7x10_t512x512x512_e8x16x16_rr_fg_gt256x128_ge16x16,0,2435248.3666555374,fft20-fp32,3,3x7x10,512x512x512,8x16x16,recurrencexrecurrence,direct-stridedxdirect-strided,fusedxglobal-scratch,2,10x10,256x128,16x16,cufftdx-online-shared+cufftdx-online-shared+cufftdx-online-shared,3,10,512,512,8,16,recurrence,direct-strided,Tesla V100-SXM2-16GB,7.0,fft,fp32,forward,none,in-place,online-reorder,cufftdx-block,20,1048576,16,100,50,0.766464,21889111699.814266,0.001451,1
fft18-fp32_b2_d3_12x3x3_t256x512x512_e16x8x8_tt_gf_gt256x512_ge16x16,fft18-fp32-batch2,2,fft18-fp32_b2_d3_12x3x3_t256x512x512_e16x8x8_tt_gf_gt256x512_ge16x16,0,93304.71145798556,fft18-fp32,3,12x3x3,256x512x512,16x8x8,tablextable,direct-stridedxdirect-strided,global-scratchxfused,2,12x6,256x512,16x16,cufftdx-large-online+cufftdx-online-shared+cufftdx-online-shared,12,3,256,512,16,8,table,direct-strided,Tesla V100-SXM2-16GB,7.0,fft,fp32,forward,none,in-place,online-reorder,cufftdx-block,18,262144,2,100,50,0.061870,8474015296.931990,0.000503,1
fft18-fp32_b2_d3_4x3x11_t256x256x1024_e16x8x2_tt_fg_gt256x1024_ge16x2,fft18-fp32-batch2,1,fft18-fp32_b2_d3_4x3x11_t256x256x1024_e16x8x2_tt_fg_gt256x1024_ge16x2,0,455001.6973393928,fft18-fp32,3,4x3x11,256x256x1024,16x8x2,tablextable,direct-stridedxdirect-strided,fusedxglobal-scratch,2,7x11,256x1024,16x2,cufftdx-online-shared+cufftdx-online-shared+cufftdx-large-online,4,11,256,1024,16,2,table,direct-strided,Tesla V100-SXM2-16GB,7.0,fft,fp32,forward,none,in-place,online-reorder,cufftdx-block,18,262144,2,100,50,0.060375,8683853134.957039,0.000386,1
fft20-fp32_b16_d3_4x6x10_t128x128x128_e16x16x16_tt_fg_gt128x128_ge16x16,fft20-fp32-batch16,2,fft20-fp32_b16_d3_4x6x10_t128x128x128_e16x16x16_tt_fg_gt128x128_ge16x16,0,2435248.3666555374,fft20-fp32,3,4x6x10,128x128x128,16x16x16,tablextable,direct-stridedxdirect-strided,fusedxglobal-scratch,2,10x10,128x128,16x16,cufftdx-online-shared+cufftdx-online-shared+cufftdx-online-shared,4,10,128,128,16,16,table,direct-strided,Tesla V100-SXM2-16GB,7.0,fft,fp32,forward,none,in-place,online-reorder,cufftdx-block,20,1048576,16,100,50,1.265295,13259525152.359413,0.001468,1
fft18-fp32_b16_d3_3x6x9_t512x512x512_e8x16x16_rr_fg_gt256x256_ge8x8,fft18-fp32-batch16,2,fft18-fp32_b16_d3_3x6x9_t512x512x512_e8x16x16_rr_fg_gt256x256_ge8x8,0,1217624.1833277687,fft18-fp32,3,3x6x9,512x512x512,8x16x16,recurrencexrecurrence,direct-stridedxdirect-strided,fusedxglobal-scratch,2,9x9,256x256,8x8,cufftdx-online-shared+cufftdx-online-shared+cufftdx-online-shared,3,9,512,512,8,16,recurrence,direct-strided,Tesla V100-SXM2-16GB,7.0,fft,fp32,forward,none,in-place,online-reorder,cufftdx-block,18,262144,16,100,50,0.196280,21368947112.707951,0.000629,1
fft20-fp32_b8_d4_10x3x3x4_t512x512x512x512_e16x8x8x16_rrr_gff_gt512x512_ge8x8,fft20-fp32-batch8,2,fft20-fp32_b8_d4_10x3x3x4_t512x512x512x512_e16x8x8x16_rrr_gff_gt512x512_ge8x8,0,2435248.3666555374,fft20-fp32,4,10x3x3x4,512x512x512x512,16x8x8x16,recurrencexrecurrencexrecurrence,direct-stridedxdirect-stridedxdirect-strided,global-scratchxfusedxfused,2,10x10,512x512,8x8,cufftdx-online-shared+cufftdx-online-shared+cufftdx-online-shared+cufftdx-online-shared,10,4,512,512,16,16,recurrence,direct-strided,Tesla V100-SXM2-16GB,7.0,fft,fp32,forward,none,in-place,online-reorder,cufftdx-block,20,1048576,8,100,50,0.410153,20452388688.834908,0.001485,1
fft20-fp32_b16_d4_3x5x3x9_t512x512x512x512_e8x16x8x16_ttt_fgf_gt512x256_ge16x16,fft20-fp32-batch16,2,fft20-fp32_b16_d4_3x5x3x9_t512x512x512x512_e8x16x8x16_ttt_fgf_gt512x256_ge16x16,0,2435248.3666555374,fft20-fp32,4,3x5x3x9,512x512x512x512,8x16x8x16,tablextablextable,direct-stridedxdirect-stridedxdirect-strided,fusedxglobal-scratchxfused,2,8x12,512x256,16x16,cufftdx-online-shared+cufftdx-online-shared+cufftdx-online-shared+cufftdx-online-shared,3,9,512,512,8,16,table,direct-strided,Tesla V100-SXM2-16GB,7.0,fft,fp32,forward,none,in-place,online-reorder,cufftdx-block,20,1048576,16,100,50,2.068664,8110168430.777607,0.001221,1
fft20-fp32_b2_d3_3x5x12_t256x256x1024_e8x16x4_tt_fg_gt256x1024_ge16x4,fft20-fp32-batch2,1,fft20-fp32_b2_d3_3x5x12_t256x256x1024_e8x16x4_tt_fg_gt256x1024_ge16x4,0,803600.826392135,fft20-fp32,3,3x5x12,256x256x1024,8x16x4,tablextable,direct-stridedxdirect-strided,fusedxglobal-scratch,2,8x12,256x1024,16x4,cufftdx-online-shared+cufftdx-online-shared+cufftdx-large-online,3,12,256,1024,8,4,table,direct-strided,Tesla V100-SXM2-16GB,7.0,fft,fp32,forward,none,in-place,online-reorder,cufftdx-block,20,1048576,2,100,50,0.227287,9226887761.589329,0.000994,1
fft20-fp32_b8_p11s9_t256x128_e8x16_rec_ptx,fft20-fp32-batch8,3,fft20-fp32_b8_p11s9_t256x128_e8x16_rec_ptx,0,2036031.205695221,fft20-fp32,2,11x9,256x128,8x16,recurrence,prefix-tiled-transpose,global-scratch,2,,,,cufftdx-large-online+cufftdx-online-shared,11,9,256,128,8,16,recurrence,prefix-tiled-transpose,Tesla V100-SXM2-16GB,7.0,fft,fp32,forward,none,in-place,online-reorder,cufftdx-block,20,1048576,8,100,50,0.741089,11319295597.760035,0.001587,1
fft18-fp32_b64_d4_6x3x3x6_t512x512x512x512_e16x8x8x16_ttt_gff_gt512x256_ge16x16,fft18-fp32-batch64,2,fft18-fp32_b64_d4_6x3x3x6_t512x512x512x512_e16x8x8x16_ttt_gff_gt512x256_ge16x16,0,2435248.3666555374,fft18-fp32,4,6x3x3x6,512x512x512x512,16x8x8x16,tablextablextable,direct-stridedxdirect-stridedxdirect-strided,global-scratchxfusedxfused,2,6x12,512x256,16x16,cufftdx-online-shared+cufftdx-online-shared+cufftdx-online-shared+cufftdx-online-shared,6,6,512,512,16,16,table,direct-strided,Tesla V100-SXM2-16GB,7.0,fft,fp32,forward,none,in-place,online-reorder,cufftdx-block,18,262144,64,100,50,1.282355,13083127155.161835,0.000617,1
fft20-fp32_b16_d3_3x5x12_t128x128x512_e8x16x8_tt_fg_gt128x512_ge16x8,fft20-fp32-batch16,2,fft20-fp32_b16_d3_3x5x12_t128x128x512_e8x16x8_tt_fg_gt128x512_ge16x8,0,3638950.2259420017,fft20-fp32,3,3x5x12,128x128x512,8x16x8,tablextable,direct-stridedxdirect-strided,fusedxglobal-scratch,2,8x12,128x512,16x8,cufftdx-online-shared+cufftdx-online-shared+cufftdx-large-online,3,12,128,512,8,8,table,direct-strided,Tesla V100-SXM2-16GB,7.0,fft,fp32,forward,none,in-place,online-reorder,cufftdx-block,20,1048576,16,100,50,1.758495,9540668884.772436,0.001152,1
fft18-fp32_b2_d3_11x3x4_t256x512x512_e8x8x16_tt_gf_gt256x512_ge8x16,fft18-fp32-batch2,1,fft18-fp32_b2_d3_11x3x4_t256x512x512_e8x8x16_tt_gf_gt256x512_ge8x16,0,156609.46226797753,fft18-fp32,3,11x3x4,256x512x512,8x8x16,tablextable,direct-stridedxdirect-strided,global-scratchxfused,2,11x7,256x512,8x16,cufftdx-large-online+cufftdx-online-shared+cufftdx-online-shared,11,4,256,512,8,16,table,direct-strided,Tesla V100-SXM2-16GB,7.0,fft,fp32,forward,none,in-place,online-reorder,cufftdx-block,18,262144,2,100,50,0.064164,8171081863.539685,0.000546,1
fft18-fp32_b2_p11s7_t256x128_e8x16_rec,fft18-fp32-batch2,1,fft18-fp32_b2_p11s7_t256x128_e8x16_rec,0,153477.27302261797,fft18-fp32,2,11x7,256x128,8x16,recurrence,direct-strided,global-scratch,2,,,,cufftdx-large-online+cufftdx-online-shared,11,7,256,128,8,16,recurrence,direct-strided,Tesla V100-SXM2-16GB,7.0,fft,fp32,forward,none,in-place,online-reorder,cufftdx-block,18,262144,2,100,50,0.053617,9778456978.317270,0.000546,1
fft20-fp32_b8_d3_7x3x10_t128x128x128_e16x8x16_tt_fg_gt128x128_ge16x16,fft20-fp32-batch8,1,fft20-fp32_b8_d3_7x3x10_t128x128x128_e16x8x16_tt_fg_gt128x128_ge16x16,0,1217624.1833277687,fft20-fp32,3,7x3x10,128x128x128,16x8x16,tablextable,direct-stridedxdirect-strided,fusedxglobal-scratch,2,10x10,128x128,16x16,cufftdx-online-shared+cufftdx-online-shared+cufftdx-online-shared,7,10,128,128,16,16,table,direct-strided,Tesla V100-SXM2-16GB,7.0,fft,fp32,forward,none,in-place,online-reorder,cufftdx-block,20,1048576,8,100,50,0.678932,12355584905.280031,0.001343,1
fft18-fp32_b64_d3_3x4x11_t128x128x512_e8x16x4_tt_fg_gt128x512_ge16x4,fft18-fp32-batch64,3,fft18-fp32_b64_d3_3x4x11_t128x128x512_e8x16x4_tt_fg_gt128x512_ge16x4,0,6428806.61113708,fft18-fp32,3,3x4x11,128x128x512,8x16x4,tablextable,direct-stridedxdirect-strided,fusedxglobal-scratch,2,7x11,128x512,16x4,cufftdx-online-shared+cufftdx-online-shared+cufftdx-large-online,3,11,128,512,8,4,table,direct-strided,Tesla V100-SXM2-16GB,7.0,fft,fp32,forward,none,in-place,online-reorder,cufftdx-block,18,262144,64,100,50,1.241395,13514806184.322815,0.000553,1
fft18-fp32_b2_cufft,fft18-fp32-batch2,2,cuFFT,1,0.0,fft18-fp32,0,,,,,,,0,,,,vendor-baseline,0,0,0,0,0,0,none,none,Tesla V100-SXM2-16GB,7.0,fft,fp32,forward,none,in-place,cufft,scalar,18,262144,2,100,50,0.028058,18686131759.672195,0.000583,1
fft20-fp32_b2_d3_3x6x11_t128x128x512_e8x16x4_tt_fg_gt128x512_ge16x4,fft20-fp32-batch2,2,fft20-fp32_b2_d3_3x6x11_t128x128x512_e8x16x4_tt_fg_gt128x512_ge16x4,0,803600.826392135,fft20-fp32,3,3x6x11,128x128x512,8x16x4,tablextable,direct-stridedxdirect-strided,fusedxglobal-scratch,2,9x11,128x512,16x4,cufftdx-online-shared+cufftdx-online-shared+cufftdx-large-online,3,11,128,512,8,4,table,direct-strided,Tesla V100-SXM2-16GB,7.0,fft,fp32,forward,none,in-place,online-reorder,cufftdx-block,20,1048576,2,100,50,0.208896,10039215152.147257,0.001468,1
fft18-fp32_b64_d3_3x6x9_t512x512x512_e8x16x16_rr_fg_gt256x256_ge8x8,fft18-fp32-batch64,2,fft18-fp32_b64_d3_3x6x9_t512x512x512_e8x16x16_rr_fg_gt256x256_ge8x8,0,4870496.733311075,fft18-fp32,3,3x6x9,512x512x512,8x16x16,recurrencexrecurrence,direct-stridedxdirect-strided,fusedxglobal-scratch,2,9x9,256x256,8x8,cufftdx-online-shared+cufftdx-online-shared+cufftdx-online-shared,3,9,512,512,8,16,recurrence,direct-strided,Tesla V100-SXM2-16GB,7.0,fft,fp32,forward,none,in-place,online-reorder,cufftdx-block,18,262144,64,100,50,0.813199,20631121938.106411,0.000666,1
fft20-fp32_b2_p10s10_t512x512_e8x8_rec,fft20-fp32-batch2,2,fft20-fp32_b2_p10s10_t512x512_e8x8_rec,0,596635.8498306066,fft20-fp32,2,10x10,512x512,8x8,recurrence,direct-strided,global-scratch,2,,,,cufftdx-online-shared+cufftdx-online-shared,10,10,512,512,8,8,recurrence,direct-strided,Tesla V100-SXM2-16GB,7.0,fft,fp32,forward,none,in-place,online-reorder,cufftdx-block,20,1048576,2,100,50,0.119869,17495301438.872883,0.001288,1
fft20-fp32_b2_d3_10x3x7_t512x512x512_e16x8x16_rr_gf_gt512x512_ge8x8,fft20-fp32-batch2,2,fft20-fp32_b2_d3_10x3x7_t512x512x512_e16x8x16_rr_gf_gt512x512_ge8x8,0,608812.0916638843,fft20-fp32,3,10x3x7,512x512x512,16x8x16,recurrencexrecurrence,direct-stridedxdirect-strided,global-scratchxfused,2,10x10,512x512,8x8,cufftdx-online-shared+cufftdx-online-shared+cufftdx-online-shared,10,7,512,512,16,16,recurrence,direct-strided,Tesla V100-SXM2-16GB,7.0,fft,fp32,forward,none,in-place,online-reorder,cufftdx-block,20,1048576,2,100,50,0.120054,17468440702.258743,0.001288,1
fft18-fp32_b64_d3_3x12x3_t256x1024x256_e8x4x8_tt_gg,fft18-fp32-batch64,3,fft18-fp32_b64_d3_3x12x3_t256x1024x256_e8x4x8_tt_gg,0,9804185.600000001,fft18-fp32,3,3x12x3,256x1024x256,8x4x8,tablextable,direct-stridedxdirect-strided,global-scratchxglobal-scratch,3,,,,cufftdx-online-shared+cufftdx-large-online+cufftdx-online-shared,3,3,256,256,8,8,table,direct-strided,Tesla V100-SXM2-16GB,7.0,fft,fp32,forward,none,in-place,online-reorder,cufftdx-block,18,262144,64,100,50,3.043840,5511858828.857058,0.000489,1
fft20-fp32_b2_d3_6x11x3_t128x512x128_e16x4x8_tt_gg,fft20-fp32-batch2,3,fft20-fp32_b2_d3_6x11x3_t128x512x128_e16x4x8_tt_gg,0,1109734.4745415198,fft20-fp32,3,6x11x3,128x512x128,16x4x8,tablextable,direct-stridedxdirect-strided,global-scratchxglobal-scratch,3,,,,cufftdx-online-shared+cufftdx-large-online+cufftdx-online-shared,6,3,128,128,16,8,table,direct-strided,Tesla V100-SXM2-16GB,7.0,fft,fp32,forward,none,in-place,online-reorder,cufftdx-block,20,1048576,2,100,50,0.423301,4954279232.276765,0.001152,1
fft18-fp32_b16_p7s11_t128x256_e16x8_rec,fft18-fp32-batch16,2,fft18-fp32_b16_p7s11_t128x256_e16x8_rec,0,891542.8053557904,fft18-fp32,2,7x11,128x256,16x8,recurrence,direct-strided,global-scratch,2,,,,cufftdx-online-shared+cufftdx-large-online,7,11,128,256,16,8,recurrence,direct-strided,Tesla V100-SXM2-16GB,7.0,fft,fp32,forward,none,in-place,online-reorder,cufftdx-block,18,262144,16,100,50,0.290529,14436768600.373491,0.000712,1
fft18-fp32_b64_d3_5x3x10_t128x128x128_e16x8x16_tt_fg_gt128x128_ge16x16,fft18-fp32-batch64,2,fft18-fp32_b64_d3_5x3x10_t128x128x128_e16x8x16_tt_fg_gt128x128_ge16x16,0,2435248.3666555374,fft18-fp32,3,5x3x10,128x128x128,16x8x16,tablextable,direct-stridedxdirect-strided,fusedxglobal-scratch,2,8x10,128x128,16x16,cufftdx-online-shared+cufftdx-online-shared+cufftdx-online-shared,5,10,128,128,16,16,table,direct-strided,Tesla V100-SXM2-16GB,7.0,fft,fp32,forward,none,in-place,online-reorder,cufftdx-block,18,262144,64,100,50,0.939541,17856830975.788807,0.000610,1
fft18-fp32_b16_d3_4x3x11_t256x256x1024_e16x8x2_tt_fg_gt256x1024_ge16x2,fft18-fp32-batch16,1,fft18-fp32_b16_d3_4x3x11_t256x256x1024_e16x8x2_tt_fg_gt256x1024_ge16x2,0,3074219.4453818086,fft18-fp32,3,4x3x11,256x256x1024,16x8x2,tablextable,direct-stridedxdirect-strided,fusedxglobal-scratch,2,7x11,256x1024,16x2,cufftdx-online-shared+cufftdx-online-shared+cufftdx-large-online,4,11,256,1024,16,2,table,direct-strided,Tesla V100-SXM2-16GB,7.0,fft,fp32,forward,none,in-place,online-reorder,cufftdx-block,18,262144,16,100,50,0.344515,12174533745.732306,0.000489,1
fft20-fp32_b8_p10s10_t128x128_e16x16_rec,fft20-fp32-batch8,1,fft20-fp32_b8_p10s10_t128x128_e16x16_rec,0,1193271.6996612132,fft20-fp32,2,10x10,128x128,16x16,recurrence,direct-strided,global-scratch,2,,,,cufftdx-online-shared+cufftdx-online-shared,10,10,128,128,16,16,recurrence,direct-strided,Tesla V100-SXM2-16GB,7.0,fft,fp32,forward,none,in-place,online-reorder,cufftdx-block,20,1048576,8,100,50,0.448451,18705759800.191166,0.001451,1
fft18-fp32_b64_p9s9_t256x256_e8x8_rec,fft18-fp32-batch64,2,fft18-fp32_b64_p9s9_t256x256_e8x8_rec,0,4773086.798644853,fft18-fp32,2,9x9,256x256,8x8,recurrence,direct-strided,global-scratch,2,,,,cufftdx-online-shared+cufftdx-online-shared,9,9,256,256,8,8,recurrence,direct-strided,Tesla V100-SXM2-16GB,7.0,fft,fp32,forward,none,in-place,online-reorder,cufftdx-block,18,262144,64,100,50,0.808018,20763420961.578358,0.000666,1
fft20-fp32_b16_d3_6x3x11_t128x128x512_e16x8x4_tt_fg_gt128x512_ge16x4,fft20-fp32-batch16,2,fft20-fp32_b16_d3_6x3x11_t128x128x512_e16x8x4_tt_fg_gt128x512_ge16x4,0,6428806.61113708,fft20-fp32,3,6x3x11,128x128x512,16x8x4,tablextable,direct-stridedxdirect-strided,fusedxglobal-scratch,2,9x11,128x512,16x4,cufftdx-online-shared+cufftdx-online-shared+cufftdx-large-online,6,11,128,512,16,4,table,direct-strided,Tesla V100-SXM2-16GB,7.0,fft,fp32,forward,none,in-place,online-reorder,cufftdx-block,20,1048576,16,100,50,1.459057,11498672804.902506,0.001485,1
fft20-fp32_b16_d3_3x6x11_t256x256x1024_e8x16x2_tt_fg_gt256x1024_ge16x2,fft20-fp32-batch16,2,fft20-fp32_b16_d3_3x6x11_t256x256x1024_e8x16x2_tt_fg_gt256x1024_ge16x2,0,12296877.781527234,fft20-fp32,3,3x6x11,256x256x1024,8x16x2,tablextable,direct-stridedxdirect-strided,fusedxglobal-scratch,2,9x11,256x1024,16x2,cufftdx-online-shared+cufftdx-online-shared+cufftdx-large-online,3,11,256,1024,8,2,table,direct-strided,Tesla V100-SXM2-16GB,7.0,fft,fp32,forward,none,in-place,online-reorder,cufftdx-block,20,1048576,16,100,50,1.467023,11436229519.433161,0.001315,1
fft20-fp32_b2_p9s11_t128x256_e16x8_rec_tx,fft20-fp32-batch2,1,fft20-fp32_b2_p9s11_t128x256_e16x8_rec_tx,0,445771.4026778952,fft20-fp32,2,9x11,128x256,16x8,recurrence,tiled-transpose,global-scratch,2,,,,cufftdx-online-shared+cufftdx-large-online,9,11,128,256,16,8,recurrence,tiled-transpose,Tesla V100-SXM2-16GB,7.0,fft,fp32,forward,none,in-place,online-reorder,cufftdx-block,20,1048576,2,100,50,0.151491,13843449214.402008,0.001638,1
fft18-fp32_b64_d3_3x11x4_t128x512x128_e8x4x16_tt_gg,fft18-fp32-batch64,1,fft18-fp32_b64_d3_3x11x4_t128x512x128_e8x4x16_tt_gg,0,9437184.0,fft18-fp32,3,3x11x4,128x512x128,8x4x16,tablextable,direct-stridedxdirect-strided,global-scratchxglobal-scratch,3,,,,cufftdx-online-shared+cufftdx-large-online+cufftdx-online-shared,3,4,128,128,8,16,table,direct-strided,Tesla V100-SXM2-16GB,7.0,fft,fp32,forward,none,in-place,online-reorder,cufftdx-block,18,262144,64,100,50,3.343135,5018408350.807909,0.000553,1
fft20-fp32_b2_d4_3x3x4x10_t512x512x512x512_e8x8x16x16_ttt_ffg_gt512x512_ge16x16,fft20-fp32-batch2,3,fft20-fp32_b2_d4_3x3x4x10_t512x512x512x512_e8x8x16x16_ttt_ffg_gt512x512_ge16x16,0,304406.0458319422,fft20-fp32,4,3x3x4x10,512x512x512x512,8x8x16x16,tablextablextable,direct-stridedxdirect-stridedxdirect-strided,fusedxfusedxglobal-scratch,2,10x10,512x512,16x16,cufftdx-online-shared+cufftdx-online-shared+cufftdx-online-shared+cufftdx-online-shared,3,10,512,512,8,16,table,direct-strided,Tesla V100-SXM2-16GB,7.0,fft,fp32,forward,none,in-place,online-reorder,cufftdx-block,20,1048576,2,100,50,0.189665,11057121679.088383,0.001125,1
fft20-fp32_b8_d4_10x3x3x4_t512x512x512x512_e16x8x8x16_rrr_gff_gt256x128_ge16x16,fft20-fp32-batch8,1,fft20-fp32_b8_d4_10x3x3x4_t512x512x512x512_e16x8x8x16_rrr_gff_gt256x128_ge16x16,0,1217624.1833277687,fft20-fp32,4,10x3x3x4,512x512x512x512,16x8x8x16,recurrencexrecurrencexrecurrence,direct-stridedxdirect-stridedxdirect-strided,global-scratchxfusedxfused,2,10x10,256x128,16x16,cufftdx-online-shared+cufftdx-online-shared+cufftdx-online-shared+cufftdx-online-shared,10,4,512,512,16,16,recurrence,direct-strided,Tesla V100-SXM2-16GB,7.0,fft,fp32,forward,none,in-place,online-reorder,cufftdx-block,20,1048576,8,100,50,0.397332,21112313293.978382,0.001451,1
fft20-fp32_b8_d3_8x3x9_t512x512x512_e16x8x16_tt_gf_gt512x256_ge16x16,fft20-fp32-batch8,1,fft20-fp32_b8_d3_8x3x9_t512x512x512_e16x8x16_tt_gf_gt512x256_ge16x16,0,1217624.1833277687,fft20-fp32,3,8x3x9,512x512x512,16x8x16,tablextable,direct-stridedxdirect-strided,global-scratchxfused,2,8x12,512x256,16x16,cufftdx-online-shared+cufftdx-online-shared+cufftdx-online-shared,8,9,512,512,16,16,table,direct-strided,Tesla V100-SXM2-16GB,7.0,fft,fp32,forward,none,in-place,online-reorder,cufftdx-block,20,1048576,8,100,50,0.969400,8653399013.315861,0.001066,1
fft18-fp32_b64_d3_3x12x3_t128x512x128_e8x8x8_tt_gg,fft18-fp32-batch64,3,fft18-fp32_b64_d3_3x12x3_t128x512x128_e8x8x8_tt_gg,0,7035161.948115997,fft18-fp32,3,3x12x3,128x512x128,8x8x8,tablextable,direct-stridedxdirect-strided,global-scratchxglobal-scratch,3,,,,cufftdx-online-shared+cufftdx-large-online+cufftdx-online-shared,3,3,128,128,8,8,table,direct-strided,Tesla V100-SXM2-16GB,7.0,fft,fp32,forward,none,in-place,online-reorder,cufftdx-block,18,262144,64,100,50,2.916475,5752566725.296752,0.000568,1
fft20-fp32_b16_p9s11_t128x256_e16x8_rec,fft20-fp32-batch16,3,fft20-fp32_b16_p9s11_t128x256_e16x8_rec,0,3566171.2214231617,fft20-fp32,2,9x11,128x256,16x8,recurrence,direct-strided,global-scratch,2,,,,cufftdx-online-shared+cufftdx-large-online,9,11,128,256,16,8,recurrence,direct-strided,Tesla V100-SXM2-16GB,7.0,fft,fp32,forward,none,in-place,online-reorder,cufftdx-block,20,1048576,16,100,50,1.044009,16069992191.553524,0.001748,1
fft18-fp32_b2_p6s12_t128x256_e16x16_rec_tx,fft18-fp32-batch2,1,fft18-fp32_b2_p6s12_t128x256_e16x16_rec_tx,0,91438.61722882584,fft18-fp32,2,6x12,128x256,16x16,recurrence,tiled-transpose,global-scratch,2,,,,cufftdx-online-shared+cufftdx-large-online,6,12,128,256,16,16,recurrence,tiled-transpose,Tesla V100-SXM2-16GB,7.0,fft,fp32,forward,none,in-place,online-reorder,cufftdx-block,18,262144,2,100,50,0.038011,13793103320.883448,0.000549,1
fft20-fp32_b8_d4_8x3x3x6_t512x512x512x512_e16x8x8x16_ttt_gff_gt512x256_ge16x16,fft20-fp32-batch8,2,fft20-fp32_b8_d4_8x3x3x6_t512x512x512x512_e16x8x8x16_ttt_gff_gt512x256_ge16x16,0,1217624.1833277687,fft20-fp32,4,8x3x3x6,512x512x512x512,16x8x8x16,tablextablextable,direct-stridedxdirect-stridedxdirect-strided,global-scratchxfusedxfused,2,8x12,512x256,16x16,cufftdx-online-shared+cufftdx-online-shared+cufftdx-online-shared+cufftdx-online-shared,8,6,512,512,16,16,table,direct-strided,Tesla V100-SXM2-16GB,7.0,fft,fp32,forward,none,in-place,online-reorder,cufftdx-block,20,1048576,8,100,50,0.929403,9025804253.358089,0.001066,1
fft20-fp32_b8_d4_3x5x3x9_t512x512x512x512_e8x16x8x16_ttt_fgf_gt512x256_ge16x16,fft20-fp32-batch8,3,fft20-fp32_b8_d4_3x5x3x9_t512x512x512x512_e8x16x8x16_ttt_fgf_gt512x256_ge16x16,0,1217624.1833277687,fft20-fp32,4,3x5x3x9,512x512x512x512,8x16x8x16,tablextablextable,direct-stridedxdirect-stridedxdirect-strided,fusedxglobal-scratchxfused,2,8x12,512x256,16x16,cufftdx-online-shared+cufftdx-online-shared+cufftdx-online-shared+cufftdx-online-shared,3,9,512,512,8,16,table,direct-strided,Tesla V100-SXM2-16GB,7.0,fft,fp32,forward,none,in-place,online-reorder,cufftdx-block,20,1048576,8,100,50,0.995123,8429717984.863013,0.001066,1
fft20-fp32_b8_d3_3x7x10_t256x256x256_e8x16x16_tt_fg_gt256x256_ge16x16,fft20-fp32-batch8,1,fft20-fp32_b8_d3_3x7x10_t256x256x256_e8x16x16_tt_fg_gt256x256_ge16x16,0,1217624.1833277687,fft20-fp32,3,3x7x10,256x256x256,8x16x16,tablextable,direct-stridedxdirect-strided,fusedxglobal-scratch,2,10x10,256x256,16x16,cufftdx-online-shared+cufftdx-online-shared+cufftdx-online-shared,3,10,256,256,8,16,table,direct-strided,Tesla V100-SXM2-16GB,7.0,fft,fp32,forward,none,in-place,online-reorder,cufftdx-block,20,1048576,8,100,50,0.635638,13197151783.206516,0.001343,1
fft18-fp32_b64_p6s12_t128x256_e16x16_rec_tx,fft18-fp32-batch64,2,fft18-fp32_b64_p6s12_t128x256_e16x16_rec_tx,0,2386543.3993224264,fft18-fp32,2,6x12,128x256,16x16,recurrence,tiled-transpose,global-scratch,2,,,,cufftdx-online-shared+cufftdx-large-online,6,12,128,256,16,16,recurrence,tiled-transpose,Tesla V100-SXM2-16GB,7.0,fft,fp32,forward,none,in-place,online-reorder,cufftdx-block,18,262144,64,100,50,1.069875,15681469546.756662,0.000637,1
fft20-fp32_b16_d3_3x7x10_t128x128x128_e8x16x16_tt_fg_gt128x128_ge16x16,fft20-fp32-batch16,2,fft20-fp32_b16_d3_3x7x10_t128x128x128_e8x16x16_tt_fg_gt128x128_ge16x16,0,2435248.3666555374,fft20-fp32,3,3x7x10,128x128x128,8x16x16,tablextable,direct-stridedxdirect-strided,fusedxglobal-scratch,2,10x10,128x128,16x16,cufftdx-online-shared+cufftdx-online-shared+cufftdx-online-shared,3,10,128,128,8,16,table,direct-strided,Tesla V100-SXM2-16GB,7.0,fft,fp32,forward,none,in-place,online-reorder,cufftdx-block,20,1048576,16,100,50,1.264845,13264248964.738464,0.001468,1
fft20-fp32_b16_p8s12_t128x256_e16x16_rec,fft20-fp32-batch16,2,fft20-fp32_b16_p8s12_t128x256_e16x16_rec,0,2386543.3993224264,fft20-fp32,2,8x12,128x256,16x16,recurrence,direct-strided,global-scratch,2,,,,cufftdx-online-shared+cufftdx-large-online,8,12,128,256,16,16,recurrence,direct-strided,Tesla V100-SXM2-16GB,7.0,fft,fp32,forward,none,in-place,online-reorder,cufftdx-block,20,1048576,16,100,50,1.729352,9701448574.361925,0.001339,1
fft20-fp32_b16_d3_3x11x6_t128x512x128_e8x4x16_tt_gg,fft20-fp32-batch16,2,fft20-fp32_b16_d3_3x11x6_t128x512x128_e8x4x16_tt_gg,0,9437184.0,fft20-fp32,3,3x11x6,128x512x128,8x4x16,tablextable,direct-stridedxdirect-strided,global-scratchxglobal-scratch,3,,,,cufftdx-online-shared+cufftdx-large-online+cufftdx-online-shared,3,6,128,128,8,16,table,direct-strided,Tesla V100-SXM2-16GB,7.0,fft,fp32,forward,none,in-place,online-reorder,cufftdx-block,20,1048576,16,100,50,2.792202,6008596295.102228,0.001274,1
fft18-fp32_b16_d3_8x7x3_t128x128x128_e16x16x8_tt_gf_gt128x128_ge16x16,fft18-fp32-batch16,2,fft18-fp32_b16_d3_8x7x3_t128x128x128_e16x16x8_tt_gf_gt128x128_ge16x16,0,608812.0916638843,fft18-fp32,3,8x7x3,128x128x128,16x16x8,tablextable,direct-stridedxdirect-strided,global-scratchxfused,2,8x10,128x128,16x16,cufftdx-online-shared+cufftdx-online-shared+cufftdx-online-shared,8,3,128,128,16,8,table,direct-strided,Tesla V100-SXM2-16GB,7.0,fft,fp32,forward,none,in-place,online-reorder,cufftdx-block,18,262144,16,100,50,0.257270,16303135815.436962,0.000610,1
fft20-fp32_b8_d3_3x5x12_t128x128x512_e8x16x8_tt_fg_gt128x512_ge16x8,fft20-fp32-batch8,1,fft20-fp32_b8_d3_3x5x12_t128x128x512_e8x16x8_tt_fg_gt128x512_ge16x8,0,1819475.1129710008,fft20-fp32,3,3x5x12,128x128x512,8x16x8,tablextable,direct-stridedxdirect-strided,fusedxglobal-scratch,2,8x12,128x512,16x8,cufftdx-online-shared+cufftdx-online-shared+cufftdx-large-online,3,12,128,512,8,8,table,direct-strided,Tesla V100-SXM2-16GB,7.0,fft,fp32,forward,none,in-place,online-reorder,cufftdx-block,20,1048576,8,100,50,0.880927,9522480963.516352,0.001158,1
fft20-fp32_b2_d3_3x6x11_t128x128x512_e8x16x4_tt_fg_gt128x512_ge16x4,fft20-fp32-batch2,3,fft20-fp32_b2_d3_3x6x11_t128x128x512_e8x16x4_tt_fg_gt128x512_ge16x4,0,803600.826392135,fft20-fp32,3,3x6x11,128x128x512,8x16x4,tablextable,direct-stridedxdirect-strided,fusedxglobal-scratch,2,9x11,128x512,16x4,cufftdx-online-shared+cufftdx-online-shared+cufftdx-large-online,3,11,128,512,8,4,table,direct-strided,Tesla V100-SXM2-16GB,7.0,fft,fp32,forward,none,in-place,online-reorder,cufftdx-block,20,1048576,2,100,50,0.208241,10070810233.491688,0.001468,1
fft18-fp32_b2_p7s11_t128x256_e16x8_rec_tx,fft18-fp32-batch2,3,fft18-fp32_b2_p7s11_t128x256_e16x8_rec_tx,0,135794.93600280714,fft18-fp32,2,7x11,128x256,16x8,recurrence,tiled-transpose,global-scratch,2,,,,cufftdx-online-shared+cufftdx-large-online,7,11,128,256,16,8,recurrence,tiled-transpose,Tesla V100-SXM2-16GB,7.0,fft,fp32,forward,none,in-place,online-reorder,cufftdx-block,18,262144,2,100,50,0.033034,15871048234.720686,0.000682,1
fft20-fp32_b2_d3_4x4x12_t128x128x512_e16x16x8_tt_fg_gt128x512_ge16x8,fft20-fp32-batch2,3,fft20-fp32_b2_d3_4x4x12_t128x128x512_e16x16x8_tt_fg_gt128x512_ge16x8,0,454868.7782427502,fft20-fp32,3,4x4x12,128x128x512,16x16x8,tablextable,direct-stridedxdirect-strided,fusedxglobal-scratch,2,8x12,128x512,16x8,cufftdx-online-shared+cufftdx-online-shared+cufftdx-large-online,4,12,128,512,16,8,table,direct-strided,Tesla V100-SXM2-16GB,7.0,fft,fp32,forward,none,in-place,online-reorder,cufftdx-block,20,1048576,2,100,50,0.222986,9404849535.113747,0.001120,1
fft18-fp32_b2_d3_4x4x10_t512x512x512_e16x16x16_tt_gg,fft18-fp32-batch2,1,fft18-fp32_b2_d3_4x4x10_t512x512x512_e16x16x16_tt_gg,0,120574.00543931246,fft18-fp32,3,4x4x10,512x512x512,16x16x16,tablextable,direct-stridedxdirect-strided,global-scratchxglobal-scratch,3,,,,cufftdx-online-shared+cufftdx-online-shared+cufftdx-online-shared,4,10,512,512,16,16,table,direct-strided,Tesla V100-SXM2-16GB,7.0,fft,fp32,forward,none,in-place,online-reorder,cufftdx-block,18,262144,2,100,50,0.095683,5479451974.760900,0.000415,1
fft18-fp32_b2_p9s9_t256x256_e8x8_rec,fft18-fp32-batch2,1,fft18-fp32_b2_p9s9_t256x256_e8x8_rec,0,175170.20085765165,fft18-fp32,2,9x9,256x256,8x8,recurrence,direct-strided,global-scratch,2,,,,cufftdx-online-shared+cufftdx-online-shared,9,9,256,256,8,8,recurrence,direct-strided,Tesla V100-SXM2-16GB,7.0,fft,fp32,forward,none,in-place,online-reorder,cufftdx-block,18,262144,2,100,50,0.025928,20221169337.977360,0.000553,1
fft20-fp32_b8_d3_7x3x10_t128x128x128_e16x8x16_tt_fg_gt128x128_ge16x16,fft20-fp32-batch8,3,fft20-fp32_b8_d3_7x3x10_t128x128x128_e16x8x16_tt_fg_gt128x128_ge16x16,0,1217624.1833277687,fft20-fp32,3,7x3x10,128x128x128,16x8x16,tablextable,direct-stridedxdirect-strided,fusedxglobal-scratch,2,10x10,128x128,16x16,cufftdx-online-shared+cufftdx-online-shared+cufftdx-online-shared,7,10,128,128,16,16,table,direct-strided,Tesla V100-SXM2-16GB,7.0,fft,fp32,forward,none,in-place,online-reorder,cufftdx-block,20,1048576,8,100,50,0.648479,12935826836.917711,0.001343,1
fft20-fp32_b16_d3_10x3x7_t512x512x512_e16x8x16_rr_gf_gt256x128_ge16x16,fft20-fp32-batch16,1,fft20-fp32_b16_d3_10x3x7_t512x512x512_e16x8x16_rr_gf_gt256x128_ge16x16,0,2435248.3666555374,fft20-fp32,3,10x3x7,512x512x512,16x8x16,recurrencexrecurrence,direct-stridedxdirect-strided,global-scratchxfused,2,10x10,256x128,16x16,cufftdx-online-shared+cufftdx-online-shared+cufftdx-online-shared,10,7,512,512,16,16,recurrence,direct-strided,Tesla V100-SXM2-16GB,7.0,fft,fp32,forward,none,in-place,online-reorder,cufftdx-block,20,1048576,16,100,50,0.763904,21962465479.047543,0.001451,1
fft20-fp32_b16_d4_3x3x4x10_t512x512x512x512_e8x8x16x16_ttt_ffg_gt512x512_ge16x16,fft20-fp32-batch16,2,fft20-fp32_b16_d4_3x3x4x10_t512x512x512x512_e8x8x16x16_ttt_ffg_gt512x512_ge16x16,0,2435248.3666555374,fft20-fp32,4,3x3x4x10,512x512x512x512,8x8x16x16,tablextablextable,direct-stridedxdirect-stridedxdirect-strided,fusedxfusedxglobal-scratch,2,10x10,512x512,16x16,cufftdx-online-shared+cufftdx-online-shared+cufftdx-online-shared+cufftdx-online-shared,3,10,512,512,8,16,table,direct-strided,Tesla V100-SXM2-16GB,7.0,fft,fp32,forward,none,in-place,online-reorder,cufftdx-block,20,1048576,16,100,50,1.165271,14397694072.628117,0.001468,1
fft18-fp32_b64_d4_9x3x3x3_t512x512x512x512_e16x8x8x8_rrr_gff_gt256x256_ge8x8,fft18-fp32-batch64,1,fft18-fp32_b64_d4_9x3x3x3_t512x512x512x512_e16x8x8x8_rrr_gff_gt256x256_ge8x8,0,4870496.733311075,fft18-fp32,4,9x3x3x3,512x512x512x512,16x8x8x8,recurrencexrecurrencexrecurrence,direct-stridedxdirect-stridedxdirect-strided,global-scratchxfusedxfused,2,9x9,256x256,8x8,cufftdx-online-shared+cufftdx-online-shared+cufftdx-online-shared+cufftdx-online-shared,9,3,512,512,16,8,recurrence,direct-strided,Tesla V100-SXM2-16GB,7.0,fft,fp32,forward,none,in-place,online-reorder,cufftdx-block,18,262144,64,100,50,0.807178,20785019684.436596,0.000666,1
fft18-fp32_b64_p11s7_t256x128_e8x16_rec_ptx,fft18-fp32-batch64,3,fft18-fp32_b64_p11s7_t256x128_e8x16_rec_ptx,0,4072062.411390442,fft18-fp32,2,11x7,256x128,8x16,recurrence,prefix-tiled-transpose,global-scratch,2,,,,cufftdx-large-online+cufftdx-online-shared,11,7,256,128,8,16,recurrence,prefix-tiled-transpose,Tesla V100-SXM2-16GB,7.0,fft,fp32,forward,none,in-place,online-reorder,cufftdx-block,18,262144,64,100,50,1.327800,12635346090.705339,0.000697,1
fft20-fp32_b16_d3_6x11x3_t128x512x128_e16x4x8_tt_gg,fft20-fp32-batch16,1,fft20-fp32_b16_d3_6x11x3_t128x512x128_e16x4x8_tt_gg,0,8877875.796332158,fft20-fp32,3,6x11x3,128x512x128,16x4x8,tablextable,direct-stridedxdirect-strided,global-scratchxglobal-scratch,3,,,,cufftdx-online-shared+cufftdx-large-online+cufftdx-online-shared,6,3,128,128,16,8,table,direct-strided,Tesla V100-SXM2-16GB,7.0,fft,fp32,forward,none,in-place,online-reorder,cufftdx-block,20,1048576,16,100,50,3.357266,4997285366.609584,0.001152,1
fft20-fp32_b8_d3_6x3x11_t128x128x512_e16x8x4_tt_fg_gt128x512_ge16x4,fft20-fp32-batch8,2,fft20-fp32_b8_d3_6x3x11_t128x128x512_e16x8x4_tt_fg_gt128x512_ge16x4,0,3214403.30556854,fft20-fp32,3,6x3x11,128x128x512,16x8x4,tablextable,direct-stridedxdirect-strided,fusedxglobal-scratch,2,9x11,128x512,16x4,cufftdx-online-shared+cufftdx-online-shared+cufftdx-large-online,6,11,128,512,16,4,table,direct-strided,Tesla V100-SXM2-16GB,7.0,fft,fp32,forward,none,in-place,online-reorder,cufftdx-block,20,1048576,8,100,50,0.737915,11367988980.699356,0.001510,1
fft18-fp32_b64_d3_3x12x3_t128x512x128_e8x8x8_tt_gg,fft18-fp32-batch64,1,fft18-fp32_b64_d3_3x12x3_t128x512x128_e8x8x8_tt_gg,0,7035161.948115997,fft18-fp32,3,3x12x3,128x512x128,8x8x8,tablextable,direct-stridedxdirect-strided,global-scratchxglobal-scratch,3,,,,cufftdx-online-shared+cufftdx-large-online+cufftdx-online-shared,3,3,128,128,8,8,table,direct-strided,Tesla V100-SXM2-16GB,7.0,fft,fp32,forward,none,in-place,online-reorder,cufftdx-block,18,262144,64,100,50,2.913833,5757782466.954264,0.000568,1
fft18-fp32_b64_d4_9x3x3x3_t512x512x512x512_e16x8x8x8_rrr_gff_gt256x256_ge8x8,fft18-fp32-batch64,2,fft18-fp32_b64_d4_9x3x3x3_t512x512x512x512_e16x8x8x8_rrr_gff_gt256x256_ge8x8,0,4870496.733311075,fft18-fp32,4,9x3x3x3,512x512x512x512,16x8x8x8,recurrencexrecurrencexrecurrence,direct-stridedxdirect-stridedxdirect-strided,global-scratchxfusedxfused,2,9x9,256x256,8x8,cufftdx-online-shared+cufftdx-online-shared+cufftdx-online-shared+cufftdx-online-shared,9,3,512,512,16,8,recurrence,direct-strided,Tesla V100-SXM2-16GB,7.0,fft,fp32,forward,none,in-place,online-reorder,cufftdx-block,18,262144,64,100,50,0.811581,20672252125.972557,0.000666,1
fft20-fp32_b16_d4_10x3x3x4_t512x512x512x512_e16x8x8x16_rrr_gff_gt512x512_ge8x8,fft20-fp32-batch16,1,fft20-fp32_b16_d4_10x3x3x4_t512x512x512x512_e16x8x8x16_rrr_gff_gt512x512_ge8x8,0,4870496.733311075,fft20-fp32,4,10x3x3x4,512x512x512x512,16x8x8x16,recurrencexrecurrencexrecurrence,direct-stridedxdirect-stridedxdirect-strided,global-scratchxfusedxfused,2,10x10,512x512,8x8,cufftdx-online-shared+cufftdx-online-shared+cufftdx-online-shared+cufftdx-online-shared,10,4,512,512,16,16,recurrence,direct-strided,Tesla V100-SXM2-16GB,7.0,fft,fp32,forward,none,in-place,online-reorder,cufftdx-block,20,1048576,16,100,50,0.833864,20119854708.915302,0.001466,1
fft20-fp32_b2_d3_3x11x6_t128x512x128_e8x4x16_tt_gg,fft20-fp32-batch2,3,fft20-fp32_b2_d3_3x11x6_t128x512x128_e8x4x16_tt_gg,0,1179648.0,fft20-fp32,3,3x11x6,128x512x128,8x4x16,tablextable,direct-stridedxdirect-strided,global-scratchxglobal-scratch,3,,,,cufftdx-online-shared+cufftdx-large-online+cufftdx-online-shared,3,6,128,128,8,16,table,direct-strided,Tesla V100-SXM2-16GB,7.0,fft,fp32,forward,none,in-place,online-reorder,cufftdx-block,20,1048576,2,100,50,0.371200,5649655244.262550,0.001014,1
fft18-fp32_b16_d4_9x3x3x3_t512x512x512x512_e16x8x8x8_rrr_gff_gt256x256_ge8x8,fft18-fp32-batch16,1,fft18-fp32_b16_d4_9x3x3x3_t512x512x512x512_e16x8x8x8_rrr_gff_gt256x256_ge8x8,0,1217624.1833277687,fft18-fp32,4,9x3x3x3,512x512x512x512,16x8x8x8,recurrencexrecurrencexrecurrence,direct-stridedxdirect-stridedxdirect-strided,global-scratchxfusedxfused,2,9x9,256x256,8x8,cufftdx-online-shared+cufftdx-online-shared+cufftdx-online-shared+cufftdx-online-shared,9,3,512,512,16,8,recurrence,direct-strided,Tesla V100-SXM2-16GB,7.0,fft,fp32,forward,none,in-place,online-reorder,cufftdx-block,18,262144,16,100,50,0.195973,21402444514.127098,0.000629,1
fft18-fp32_b16_d3_3x5x10_t256x256x256_e8x16x16_tt_fg_gt256x256_ge16x16,fft18-fp32-batch16,1,fft18-fp32_b16_d3_3x5x10_t256x256x256_e8x16x16_tt_fg_gt256x256_ge16x16,0,608812.0916638843,fft18-fp32,3,3x5x10,256x256x256,8x16x16,tablextable,direct-stridedxdirect-strided,fusedxglobal-scratch,2,8x10,256x256,16x16,cufftdx-online-shared+cufftdx-online-shared+cufftdx-online-shared,3,10,256,256,8,16,table,direct-strided,Tesla V100-SXM2-16GB,7.0,fft,fp32,forward,none,in-place,online-reorder,cufftdx-block,18,262144,16,100,50,0.282337,14855650758.605724,0.000610,1
fft18-fp32_b64_d3_12x3x3_t256x512x512_e16x8x8_tt_gf_gt256x512_ge16x16,fft18-fp32-batch64,3,fft18-fp32_b64_d3_12x3x3_t256x512x512_e16x8x8_tt_gf_gt256x512_ge16x16,0,2435248.3666555374,fft18-fp32,3,12x3x3,256x512x512,16x8x8,tablextable,direct-stridedxdirect-strided,global-scratchxfused,2,12x6,256x512,16x16,cufftdx-large-online+cufftdx-online-shared+cufftdx-online-shared,12,3,256,512,16,8,table,direct-strided,Tesla V100-SXM2-16GB,7.0,fft,fp32,forward,none,in-place,online-reorder,cufftdx-block,18,262144,64,100,50,1.460326,11488675147.409174,0.000657,1
fft20-fp32_b8_d3_3x5x12_t512x512x256_e8x16x16_tt_fg_gt512x256_ge16x16,fft20-fp32-batch8,3,fft20-fp32_b8_d3_3x5x12_t512x512x256_e8x16x16_tt_fg_gt512x256_ge16x16,0,1217624.1833277687,fft20-fp32,3,3x5x12,512x512x256,8x16x16,tablextable,direct-stridedxdirect-strided,fusedxglobal-scratch,2,8x12,512x256,16x16,cufftdx-online-shared+cufftdx-online-shared+cufftdx-large-online,3,12,512,256,8,16,table,direct-strided,Tesla V100-SXM2-16GB,7.0,fft,fp32,forward,none,in-place,online-reorder,cufftdx-block,20,1048576,8,100,50,0.977388,8582683523.559258,0.001066,1
fft20-fp32_b8_p12s8_t256x128_e16x16_rec,fft20-fp32-batch8,1,fft20-fp32_b8_p12s8_t256x128_e16x16_rec,0,1193271.6996612132,fft20-fp32,2,12x8,256x128,16x16,recurrence,direct-strided,global-scratch,2,,,,cufftdx-large-online+cufftdx-online-shared,12,8,256,128,16,16,recurrence,direct-strided,Tesla V100-SXM2-16GB,7.0,fft,fp32,forward,none,in-place,online-reorder,cufftdx-block,20,1048576,8,100,50,0.653230,12841735816.429066,0.001355,1
fft20-fp32_b8_p8s12_t128x256_e16x16_rec,fft20-fp32-batch8,1,fft20-fp32_b8_p8s12_t128x256_e16x16_rec,0,1193271.6996612132,fft20-fp32,2,8x12,128x256,16x16,recurrence,direct-strided,global-scratch,2,,,,cufftdx-online-shared+cufftdx-large-online,8,12,128,256,16,16,recurrence,direct-strided,Tesla V100-SXM2-16GB,7.0,fft,fp32,forward,none,in-place,online-reorder,cufftdx-block,20,1048576,8,100,50,0.731976,11460226900.527218,0.001371,1
fft20-fp32_b2_d3_3x5x12_t128x128x512_e8x16x8_tt_fg_gt128x512_ge16x8,fft20-fp32-batch2,2,fft20-fp32_b2_d3_3x5x12_t128x128x512_e8x16x8_tt_fg_gt128x512_ge16x8,0,454868.7782427502,fft20-fp32,3,3x5x12,128x128x512,8x16x8,tablextable,direct-stridedxdirect-strided,fusedxglobal-scratch,2,8x12,128x512,16x8,cufftdx-online-shared+cufftdx-online-shared+cufftdx-large-online,3,12,128,512,8,8,table,direct-strided,Tesla V100-SXM2-16GB,7.0,fft,fp32,forward,none,in-place,online-reorder,cufftdx-block,20,1048576,2,100,50,0.221471,9469206857.037050,0.001120,1
fft20-fp32_b2_d3_3x7x10_t512x512x512_e8x16x16_rr_fg_gt512x512_ge8x8,fft20-fp32-batch2,3,fft20-fp32_b2_d3_3x7x10_t512x512x512_e8x16x16_rr_fg_gt512x512_ge8x8,0,608812.0916638843,fft20-fp32,3,3x7x10,512x512x512,8x16x16,recurrencexrecurrence,direct-stridedxdirect-strided,fusedxglobal-scratch,2,10x10,512x512,8x8,cufftdx-online-shared+cufftdx-online-shared+cufftdx-online-shared,3,10,512,512,8,16,recurrence,direct-strided,Tesla V100-SXM2-16GB,7.0,fft,fp32,forward,none,in-place,online-reorder,cufftdx-block,20,1048576,2,100,50,0.119460,17555289215.307728,0.001288,1
fft18-fp32_b16_d3_5x3x10_t256x256x256_e16x8x16_tt_fg_gt256x256_ge16x16,fft18-fp32-batch16,3,fft18-fp32_b16_d3_5x3x10_t256x256x256_e16x8x16_tt_fg_gt256x256_ge16x16,0,608812.0916638843,fft18-fp32,3,5x3x10,256x256x256,16x8x16,tablextable,direct-stridedxdirect-strided,fusedxglobal-scratch,2,8x10,256x256,16x16,cufftdx-online-shared+cufftdx-online-shared+cufftdx-online-shared,5,10,256,256,16,16,table,direct-strided,Tesla V100-SXM2-16GB,7.0,fft,fp32,forward,none,in-place,online-reorder,cufftdx-block,18,262144,16,100,50,0.281354,14907555233.332506,0.000610,1
fft18-fp32_b64_d3_5x3x10_t256x256x256_e16x8x16_tt_fg_gt256x256_ge16x16,fft18-fp32-batch64,2,fft18-fp32_b64_d3_5x3x10_t256x256x256_e16x8x16_tt_fg_gt256x256_ge16x16,0,2435248.3666555374,fft18-fp32,3,5x3x10,256x256x256,16x8x16,tablextable,direct-stridedxdirect-strided,fusedxglobal-scratch,2,8x10,256x256,16x16,cufftdx-online-shared+cufftdx-online-shared+cufftdx-online-shared,5,10,256,256,16,16,table,direct-strided,Tesla V100-SXM2-16GB,7.0,fft,fp32,forward,none,in-place,online-reorder,cufftdx-block,18,262144,64,100,50,1.108398,15136453504.083549,0.000610,1
fft18-fp32_b2_d3_3x6x9_t512x512x512_e8x16x16_rr_fg_gt256x256_ge8x8,fft18-fp32-batch2,3,fft18-fp32_b2_d3_3x6x9_t512x512x512_e8x16x16_rr_fg_gt256x256_ge8x8,0,166948.6229159711,fft18-fp32,3,3x6x9,512x512x512,8x16x16,recurrencexrecurrence,direct-stridedxdirect-strided,fusedxglobal-scratch,2,9x9,256x256,8x8,cufftdx-online-shared+cufftdx-online-shared+cufftdx-online-shared,3,9,512,512,8,16,recurrence,direct-strided,Tesla V100-SXM2-16GB,7.0,fft,fp32,forward,none,in-place,online-reorder,cufftdx-block,18,262144,2,100,50,0.025928,20221169337.977360,0.000553,1
fft18-fp32_b2_d4_3x3x3x9_t512x512x512x512_e8x8x8x16_rrr_ffg_gt256x256_ge8x8,fft18-fp32-batch2,1,fft18-fp32_b2_d4_3x3x3x9_t512x512x512x512_e8x8x8x16_rrr_ffg_gt256x256_ge8x8,0,166948.6229159711,fft18-fp32,4,3x3x3x9,512x512x512x512,8x8x8x16,recurrencexrecurrencexrecurrence,direct-stridedxdirect-stridedxdirect-strided,fusedxfusedxglobal-scratch,2,9x9,256x256,8x8,cufftdx-online-shared+cufftdx-online-shared+cufftdx-online-shared+cufftdx-online-shared,3,9,512,512,8,16,recurrence,direct-strided,Tesla V100-SXM2-16GB,7.0,fft,fp32,forward,none,in-place,online-reorder,cufftdx-block,18,262144,2,100,50,0.025866,20269201570.225491,0.000553,1
fft18-fp32_b16_p6s12_t128x256_e16x16_rec,fft18-fp32-batch16,1,fft18-fp32_b16_p6s12_t128x256_e16x16_rec,0,596635.8498306066,fft18-fp32,2,6x12,128x256,16x16,recurrence,direct-strided,global-scratch,2,,,,cufftdx-online-shared+cufftdx-large-online,6,12,128,256,16,16,recurrence,direct-strided,Tesla V100-SXM2-16GB,7.0,fft,fp32,forward,none,in-place,online-reorder,cufftdx-block,18,262144,16,100,50,0.308101,13613400796.866135,0.000644,1
fft20-fp32_b16_p10s10_t128x128_e16x16_rec,fft20-fp32-batch16,3,fft20-fp32_b16_p10s10_t128x128_e16x16_rec,0,2386543.3993224264,fft20-fp32,2,10x10,128x128,16x16,recurrence,direct-strided,global-scratch,2,,,,cufftdx-online-shared+cufftdx-online-shared,10,10,128,128,16,16,recurrence,direct-strided,Tesla V100-SXM2-16GB,7.0,fft,fp32,forward,none,in-place,online-reorder,cufftdx-block,20,1048576,16,100,50,0.867144,19347676956.123062,0.001451,1
fft18-fp32_b16_d3_3x12x3_t256x1024x256_e8x4x8_tt_gg,fft18-fp32-batch16,2,fft18-fp32_b16_d3_3x12x3_t256x1024x256_e8x4x8_tt_gg,0,2451046.4000000004,fft18-fp32,3,3x12x3,256x1024x256,8x4x8,tablextable,direct-stridedxdirect-strided,global-scratchxglobal-scratch,3,,,,cufftdx-online-shared+cufftdx-large-online+cufftdx-online-shared,3,3,256,256,8,8,table,direct-strided,Tesla V100-SXM2-16GB,7.0,fft,fp32,forward,none,in-place,online-reorder,cufftdx-block,18,262144,16,100,50,0.791654,5298150250.577842,0.000488,1
fft18-fp32_b64_d3_3x5x10_t128x128x128_e8x16x16_tt_fg_gt128x128_ge16x16,fft18-fp32-batch64,2,fft18-fp32_b64_d3_3x5x10_t128x128x128_e8x16x16_tt_fg_gt128x128_ge16x16,0,2435248.3666555374,fft18-fp32,3,3x5x10,128x128x128,8x16x16,tablextable,direct-stridedxdirect-strided,fusedxglobal-scratch,2,8x10,128x128,16x16,cufftdx-online-shared+cufftdx-online-shared+cufftdx-online-shared,3,10,128,128,8,16,table,direct-strided,Tesla V100-SXM2-16GB,7.0,fft,fp32,forward,none,in-place,online-reorder,cufftdx-block,18,262144,64,100,50,0.939848,17850994221.386211,0.000610,1
fft20-fp32_b8_d3_3x7x10_t128x128x128_e8x16x16_tt_fg_gt128x128_ge16x16,fft20-fp32-batch8,1,fft20-fp32_b8_d3_3x7x10_t128x128x128_e8x16x16_tt_fg_gt128x128_ge16x16,0,1217624.1833277687,fft20-fp32,3,3x7x10,128x128x128,8x16x16,tablextable,direct-stridedxdirect-strided,fusedxglobal-scratch,2,10x10,128x128,16x16,cufftdx-online-shared+cufftdx-online-shared+cufftdx-online-shared,3,10,128,128,8,16,table,direct-strided,Tesla V100-SXM2-16GB,7.0,fft,fp32,forward,none,in-place,online-reorder,cufftdx-block,20,1048576,8,100,50,0.647926,12946865329.437368,0.001343,1
fft18-fp32_b2_p11s7_t256x128_e8x16_rec,fft18-fp32-batch2,3,fft18-fp32_b2_p11s7_t256x128_e8x16_rec,0,153477.27302261797,fft18-fp32,2,11x7,256x128,8x16,recurrence,direct-strided,global-scratch,2,,,,cufftdx-large-online+cufftdx-online-shared,11,7,256,128,8,16,recurrence,direct-strided,Tesla V100-SXM2-16GB,7.0,fft,fp32,forward,none,in-place,online-reorder,cufftdx-block,18,262144,2,100,50,0.045957,11408199147.500984,0.000546,1
fft20-fp32_b8_p11s9_t256x128_e8x16_rec,fft20-fp32-batch8,2,fft20-fp32_b8_p11s9_t256x128_e8x16_rec,0,2036031.205695221,fft20-fp32,2,11x9,256x128,8x16,recurrence,direct-strided,global-scratch,2,,,,cufftdx-large-online+cufftdx-online-shared,11,9,256,128,8,16,recurrence,direct-strided,Tesla V100-SXM2-16GB,7.0,fft,fp32,forward,none,in-place,online-reorder,cufftdx-block,20,1048576,8,100,50,0.675758,12413626191.765810,0.001587,1
fft18-fp32_b64_p8s10_t128x128_e16x16_rec,fft18-fp32-batch64,3,fft18-fp32_b64_p8s10_t128x128_e16x16_rec,0,2386543.3993224264,fft18-fp32,2,8x10,128x128,16x16,recurrence,direct-strided,global-scratch,2,,,,cufftdx-online-shared+cufftdx-online-shared,8,10,128,128,16,16,recurrence,direct-strided,Tesla V100-SXM2-16GB,7.0,fft,fp32,forward,none,in-place,online-reorder,cufftdx-block,18,262144,64,100,50,0.767201,21868075436.002419,0.000674,1
fft20-fp32_b16_d3_11x3x6_t256x512x512_e8x8x16_tt_gf_gt256x512_ge8x16,fft20-fp32-batch16,3,fft20-fp32_b16_d3_11x3x6_t256x512x512_e8x8x16_tt_gf_gt256x512_ge8x16,0,4155165.725908614,fft20-fp32,3,11x3x6,256x512x512,8x8x16,tablextable,direct-stridedxdirect-strided,global-scratchxfused,2,11x9,256x512,8x16,cufftdx-large-online+cufftdx-online-shared+cufftdx-online-shared,11,6,256,512,8,16,table,direct-strided,Tesla V100-SXM2-16GB,7.0,fft,fp32,forward,none,in-place,online-reorder,cufftdx-block,20,1048576,16,100,50,1.690747,9922961246.339405,0.001726,1
fft20-fp32_b16_d3_3x6x11_t128x128x512_e8x16x4_tt_fg_gt128x512_ge16x4,fft20-fp32-batch16,3,fft20-fp32_b16_d3_3x6x11_t128x128x512_e8x16x4_tt_fg_gt128x512_ge16x4,0,6428806.61113708,fft20-fp32,3,3x6x11,128x128x512,8x16x4,tablextable,direct-stridedxdirect-strided,fusedxglobal-scratch,2,9x11,128x512,16x4,cufftdx-online-shared+cufftdx-online-shared+cufftdx-large-online,3,11,128,512,8,4,table,direct-strided,Tesla V100-SXM2-16GB,7.0,fft,fp32,forward,none,in-place,online-reorder,cufftdx-block,20,1048576,16,100,50,1.458934,11499642425.770706,0.001485,1
fft20-fp32_b8_d3_6x11x3_t128x512x128_e16x4x8_tt_gg,fft20-fp32-batch8,3,fft20-fp32_b8_d3_6x11x3_t128x512x128_e16x4x8_tt_gg,0,4438937.898166079,fft20-fp32,3,6x11x3,128x512x128,16x4x8,tablextable,direct-stridedxdirect-strided,global-scratchxglobal-scratch,3,,,,cufftdx-online-shared+cufftdx-large-online+cufftdx-online-shared,6,3,128,128,16,8,table,direct-strided,Tesla V100-SXM2-16GB,7.0,fft,fp32,forward,none,in-place,online-reorder,cufftdx-block,20,1048576,8,100,50,1.690911,4961000019.081825,0.001120,1
fft18-fp32_b16_p9s9_t128x128_e16x16_rec,fft18-fp32-batch16,1,fft18-fp32_b16_p9s9_t128x128_e16x16_rec,0,596635.8498306066,fft18-fp32,2,9x9,128x128,16x16,recurrence,direct-strided,global-scratch,2,,,,cufftdx-online-shared+cufftdx-online-shared,9,9,128,128,16,16,recurrence,direct-strided,Tesla V100-SXM2-16GB,7.0,fft,fp32,forward,none,in-place,online-reorder,cufftdx-block,18,262144,16,100,50,0.200417,20927857656.403622,0.000916,1
fft20-fp32_b2_d3_4x12x4_t128x512x128_e16x8x16_tt_gg,fft20-fp32-batch2,2,fft20-fp32_b2_d3_4x12x4_t128x512x128_e16x8x16_tt_gg,0,612761.6000000001,fft20-fp32,3,4x12x4,128x512x128,16x8x16,tablextable,direct-stridedxdirect-strided,global-scratchxglobal-scratch,3,,,,cufftdx-online-shared+cufftdx-large-online+cufftdx-online-shared,4,4,128,128,16,16,table,direct-strided,Tesla V100-SXM2-16GB,7.0,fft,fp32,forward,none,in-place,online-reorder,cufftdx-block,20,1048576,2,100,50,0.525926,3987538856.257113,0.000994,1
fft18-fp32_b64_p6s12_t128x256_e16x16_rec,fft18-fp32-batch64,3,fft18-fp32_b64_p6s12_t128x256_e16x16_rec,0,2386543.3993224264,fft18-fp32,2,6x12,128x256,16x16,recurrence,direct-strided,global-scratch,2,,,,cufftdx-online-shared+cufftdx-large-online,6,12,128,256,16,16,recurrence,direct-strided,Tesla V100-SXM2-16GB,7.0,fft,fp32,forward,none,in-place,online-reorder,cufftdx-block,18,262144,64,100,50,1.118761,14996247499.328226,0.000637,1
fft20-fp32_b16_d3_10x3x7_t512x512x512_e16x8x16_rr_gf_gt512x512_ge8x8,fft20-fp32-batch16,3,fft20-fp32_b16_d3_10x3x7_t512x512x512_e16x8x16_rr_gf_gt512x512_ge8x8,0,4870496.733311075,fft20-fp32,3,10x3x7,512x512x512,16x8x16,recurrencexrecurrence,direct-stridedxdirect-strided,global-scratchxfused,2,10x10,512x512,8x8,cufftdx-online-shared+cufftdx-online-shared+cufftdx-online-shared,10,7,512,512,16,16,recurrence,direct-strided,Tesla V100-SXM2-16GB,7.0,fft,fp32,forward,none,in-place,online-reorder,cufftdx-block,20,1048576,16,100,50,0.836301,20061222223.385567,0.001466,1
fft18-fp32_b2_d4_6x3x3x6_t512x512x512x512_e16x8x8x16_ttt_gff_gt512x256_ge16x16,fft18-fp32-batch2,3,fft18-fp32_b2_d4_6x3x3x6_t512x512x512x512_e16x8x8x16_ttt_gff_gt512x256_ge16x16,0,83474.31145798555,fft18-fp32,4,6x3x3x6,512x512x512x512,16x8x8x16,tablextablextable,direct-stridedxdirect-stridedxdirect-strided,global-scratchxfusedxfused,2,6x12,512x256,16x16,cufftdx-online-shared+cufftdx-online-shared+cufftdx-online-shared+cufftdx-online-shared,6,6,512,512,16,16,table,direct-strided,Tesla V100-SXM2-16GB,7.0,fft,fp32,forward,none,in-place,online-reorder,cufftdx-block,18,262144,2,100,50,0.057180,9169054037.294884,0.000497,1
fft20-fp32_b16_d4_10x3x3x4_t512x512x512x512_e16x8x8x16_rrr_gff_gt256x128_ge16x16,fft20-fp32-batch16,1,fft20-fp32_b16_d4_10x3x3x4_t512x512x512x512_e16x8x8x16_rrr_gff_gt256x128_ge16x16,0,2435248.3666555374,fft20-fp32,4,10x3x3x4,512x512x512x512,16x8x8x16,recurrencexrecurrencexrecurrence,direct-stridedxdirect-stridedxdirect-strided,global-scratchxfusedxfused,2,10x10,256x128,16x16,cufftdx-online-shared+cufftdx-online-shared+cufftdx-online-shared+cufftdx-online-shared,10,4,512,512,16,16,recurrence,direct-strided,Tesla V100-SXM2-16GB,7.0,fft,fp32,forward,none,in-place,online-reorder,cufftdx-block,20,1048576,16,100,50,0.763208,21982504331.341011,0.001451,1
fft20-fp32_b2_d3_3x7x10_t256x256x256_e8x16x16_tt_fg_gt256x256_ge16x16,fft20-fp32-batch2,1,fft20-fp32_b2_d3_3x7x10_t256x256x256_e8x16x16_tt_fg_gt256x256_ge16x16,0,304406.0458319422,fft20-fp32,3,3x7x10,256x256x256,8x16x16,tablextable,direct-stridedxdirect-strided,fusedxglobal-scratch,2,10x10,256x256,16x16,cufftdx-online-shared+cufftdx-online-shared+cufftdx-online-shared,3,10,256,256,8,16,table,direct-strided,Tesla V100-SXM2-16GB,7.0,fft,fp32,forward,none,in-place,online-reorder,cufftdx-block,20,1048576,2,100,50,0.171172,12251734578.097889,0.001125,1
fft18-fp32_b2_p10s8_t512x512_e16x16_rec,fft18-fp32-batch2,1,fft18-fp32_b2_p10s8_t512x512_e16x16_rec,0,81804.82522882584,fft18-fp32,2,10x8,512x512,16x16,recurrence,direct-strided,global-scratch,2,,,,cufftdx-online-shared+cufftdx-online-shared,10,8,512,512,16,16,recurrence,direct-strided,Tesla V100-SXM2-16GB,7.0,fft,fp32,forward,none,in-place,online-reorder,cufftdx-block,18,262144,2,100,50,0.036782,14253896709.090643,0.000637,1
fft20-fp32_b2_d4_4x4x4x8_t512x512x512x512_e16x16x16x16_ttt_ggg,fft20-fp32-batch2,2,fft20-fp32_b2_d4_4x4x4x8_t512x512x512x512_e16x16x16x16_ttt_ggg,0,574989.1976825575,fft20-fp32,4,4x4x4x8,512x512x512x512,16x16x16x16,tablextablextable,direct-stridedxdirect-stridedxdirect-strided,global-scratchxglobal-scratchxglobal-scratch,4,,,,cufftdx-online-shared+cufftdx-online-shared+cufftdx-online-shared+cufftdx-online-shared,4,8,512,512,16,16,table,direct-strided,Tesla V100-SXM2-16GB,7.0,fft,fp32,forward,none,in-place,online-reorder,cufftdx-block,20,1048576,2,100,50,0.545772,3842545551.258900,0.000859,1
fft20-fp32_b8_d4_3x7x3x7_t512x512x512x512_e8x16x8x16_rrr_fgf_gt256x128_ge16x16,fft20-fp32-batch8,1,fft20-fp32_b8_d4_3x7x3x7_t512x512x512x512_e8x16x8x16_rrr_fgf_gt256x128_ge16x16,0,1217624.1833277687,fft20-fp32,4,3x7x3x7,512x512x512x512,8x16x8x16,recurrencexrecurrencexrecurrence,direct-stridedxdirect-stridedxdirect-strided,fusedxglobal-scratchxfused,2,10x10,256x128,16x16,cufftdx-online-shared+cufftdx-online-shared+cufftdx-online-shared+cufftdx-online-shared,3,7,512,512,8,16,recurrence,direct-strided,Tesla V100-SXM2-16GB,7.0,fft,fp32,forward,none,in-place,online-reorder,cufftdx-block,20,1048576,8,100,50,0.397476,21104699164.243797,0.001451,1
fft20-fp32_b2_p9s11_t128x256_e16x8_rec,fft20-fp32-batch2,2,fft20-fp32_b2_p9s11_t128x256_e16x8_rec,0,445771.4026778952,fft20-fp32,2,9x11,128x256,16x8,recurrence,direct-strided,global-scratch,2,,,,cufftdx-online-shared+cufftdx-large-online,9,11,128,256,16,8,recurrence,direct-strided,Tesla V100-SXM2-16GB,7.0,fft,fp32,forward,none,in-place,online-reorder,cufftdx-block,20,1048576,2,100,50,0.158290,13248802851.803274,0.001638,1
fft18-fp32_b2_d3_3x5x10_t512x512x512_e8x16x16_tt_fg_gt512x512_ge16x16,fft18-fp32-batch2,2,fft18-fp32_b2_d3_3x5x10_t512x512x512_e8x16x16_tt_fg_gt512x512_ge16x16,0,83474.31145798555,fft18-fp32,3,3x5x10,512x512x512,8x16x16,tablextable,direct-stridedxdirect-strided,fusedxglobal-scratch,2,8x10,512x512,16x16,cufftdx-online-shared+cufftdx-online-shared+cufftdx-online-shared,3,10,512,512,8,16,table,direct-strided,Tesla V100-SXM2-16GB,7.0,fft,fp32,forward,none,in-place,online-reorder,cufftdx-block,18,262144,2,100,50,0.043684,12001875815.236719,0.000501,1
fft18-fp32_b16_d3_11x3x4_t256x512x512_e8x8x16_tt_gf_gt256x512_ge8x16,fft18-fp32-batch16,3,fft18-fp32_b16_d3_11x3x4_t256x512x512_e8x8x16_tt_gf_gt256x512_ge8x16,0,1038791.4314771536,fft18-fp32,3,11x3x4,256x512x512,8x8x16,tablextable,direct-stridedxdirect-strided,global-scratchxfused,2,11x7,256x512,8x16,cufftdx-large-online+cufftdx-online-shared+cufftdx-online-shared,11,4,256,512,8,16,table,direct-strided,Tesla V100-SXM2-16GB,7.0,fft,fp32,forward,none,in-place,online-reorder,cufftdx-block,18,262144,16,100,50,0.395530,10604255834.560410,0.000563,1
fft20-fp32_b8_p10s10_t512x512_e8x8_rec,fft20-fp32-batch8,1,fft20-fp32_b8_p10s10_t512x512_e8x8_rec,0,2386543.3993224264,fft20-fp32,2,10x10,512x512,8x8,recurrence,direct-strided,global-scratch,2,,,,cufftdx-online-shared+cufftdx-online-shared,10,10,512,512,8,8,recurrence,direct-strided,Tesla V100-SXM2-16GB,7.0,fft,fp32,forward,none,in-place,online-reorder,cufftdx-block,20,1048576,8,100,50,0.415334,20197238487.853386,0.001485,1
fft20-fp32_b2_d3_10x7x3_t128x128x128_e16x16x8_tt_gf_gt128x128_ge16x16,fft20-fp32-batch2,2,fft20-fp32_b2_d3_10x7x3_t128x128x128_e16x16x8_tt_gf_gt128x128_ge16x16,0,304406.0458319422,fft20-fp32,3,10x7x3,128x128x128,16x16x8,tablextable,direct-stridedxdirect-strided,global-scratchxfused,2,10x10,128x128,16x16,cufftdx-online-shared+cufftdx-online-shared+cufftdx-online-shared,10,3,128,128,16,8,table,direct-strided,Tesla V100-SXM2-16GB,7.0,fft,fp32,forward,none,in-place,online-reorder,cufftdx-block,20,1048576,2,100,50,0.184443,11370197783.517395,0.001125,1
fft18-fp32_b16_d4_3x3x3x9_t512x512x512x512_e8x8x8x16_ttt_fgf_gt512x256_ge16x16,fft18-fp32-batch16,1,fft18-fp32_b16_d4_3x3x3x9_t512x512x512x512_e8x8x8x16_ttt_fgf_gt512x256_ge16x16,0,608812.0916638843,fft18-fp32,4,3x3x3x9,512x512x512x512,8x8x8x16,tablextablextable,direct-stridedxdirect-stridedxdirect-strided,fusedxglobal-scratchxfused,2,6x12,512x256,16x16,cufftdx-online-shared+cufftdx-online-shared+cufftdx-online-shared+cufftdx-online-shared,3,9,512,512,8,16,table,direct-strided,Tesla V100-SXM2-16GB,7.0,fft,fp32,forward,none,in-place,online-reorder,cufftdx-block,18,262144,16,100,50,0.369418,11353807905.964203,0.000550,1
fft18-fp32_b2_d3_3x12x3_t256x1024x256_e8x4x8_tt_gg,fft18-fp32-batch2,1,fft18-fp32_b2_d3_3x12x3_t256x1024x256_e8x4x8_tt_gg,0,356515.84,fft18-fp32,3,3x12x3,256x1024x256,8x4x8,tablextable,direct-stridedxdirect-strided,global-scratchxglobal-scratch,3,,,,cufftdx-online-shared+cufftdx-large-online+cufftdx-online-shared,3,3,256,256,8,8,table,direct-strided,Tesla V100-SXM2-16GB,7.0,fft,fp32,forward,none,in-place,online-reorder,cufftdx-block,18,262144,2,100,50,0.086692,6047720709.233514,0.000391,1
fft20-fp32_b8_p12s8_t256x128_e16x16_rec,fft20-fp32-batch8,3,fft20-fp32_b8_p12s8_t256x128_e16x16_rec,0,1193271.6996612132,fft20-fp32,2,12x8,256x128,16x16,recurrence,direct-strided,global-scratch,2,,,,cufftdx-large-online+cufftdx-online-shared,12,8,256,128,16,16,recurrence,direct-strided,Tesla V100-SXM2-16GB,7.0,fft,fp32,forward,none,in-place,online-reorder,cufftdx-block,20,1048576,8,100,50,0.652861,12848987227.685944,0.001355,1
fft20-fp32_b8_p11s9_t256x128_e8x16_rec,fft20-fp32-batch8,3,fft20-fp32_b8_p11s9_t256x128_e8x16_rec,0,2036031.205695221,fft20-fp32,2,11x9,256x128,8x16,recurrence,direct-strided,global-scratch,2,,,,cufftdx-large-online+cufftdx-online-shared,11,9,256,128,8,16,recurrence,direct-strided,Tesla V100-SXM2-16GB,7.0,fft,fp32,forward,none,in-place,online-reorder,cufftdx-block,20,1048576,8,100,50,0.674222,12441905796.925449,0.001587,1
fft20-fp32_b8_d3_8x3x9_t512x512x512_e16x8x16_tt_gf_gt512x256_ge16x16,fft20-fp32-batch8,3,fft20-fp32_b8_d3_8x3x9_t512x512x512_e16x8x16_tt_gf_gt512x256_ge16x16,0,1217624.1833277687,fft20-fp32,3,8x3x9,512x512x512,16x8x16,tablextable,direct-stridedxdirect-strided,global-scratchxfused,2,8x12,512x256,16x16,cufftdx-online-shared+cufftdx-online-shared+cufftdx-online-shared,8,9,512,512,16,16,table,direct-strided,Tesla V100-SXM2-16GB,7.0,fft,fp32,forward,none,in-place,online-reorder,cufftdx-block,20,1048576,8,100,50,0.981279,8548650204.865614,0.001066,1
fft20-fp32_b2_cufft,fft20-fp32-batch2,1,cuFFT,1,0.0,fft20-fp32,0,,,,,,,2,9x11,,,vendor-baseline,0,0,0,0,0,0,none,none,Tesla V100-SXM2-16GB,7.0,fft,fp32,forward,none,in-place,cufft,scalar,20,1048576,2,100,50,0.123453,16987392406.271711,0.002033,1
fft20-fp32_b8_p11s9_t256x128_e8x16_rec_ptx,fft20-fp32-batch8,1,fft20-fp32_b8_p11s9_t256x128_e8x16_rec_ptx,0,2036031.205695221,fft20-fp32,2,11x9,256x128,8x16,recurrence,prefix-tiled-transpose,global-scratch,2,,,,cufftdx-large-online+cufftdx-online-shared,11,9,256,128,8,16,recurrence,prefix-tiled-transpose,Tesla V100-SXM2-16GB,7.0,fft,fp32,forward,none,in-place,online-reorder,cufftdx-block,20,1048576,8,100,50,0.737710,11371144019.824312,0.001587,1
fft20-fp32_b2_p10s10_t256x128_e16x16_rec,fft20-fp32-batch2,2,fft20-fp32_b2_p10s10_t256x128_e16x16_rec,0,298317.9249153033,fft20-fp32,2,10x10,256x128,16x16,recurrence,direct-strided,global-scratch,2,,,,cufftdx-online-shared+cufftdx-online-shared,10,10,256,128,16,16,recurrence,direct-strided,Tesla V100-SXM2-16GB,7.0,fft,fp32,forward,none,in-place,online-reorder,cufftdx-block,20,1048576,2,100,50,0.127406,16460376714.189592,0.001320,1
fft20-fp32_b16_p11s9_t256x128_e8x16_rec_ptx,fft20-fp32-batch16,1,fft20-fp32_b16_p11s9_t256x128_e8x16_rec_ptx,0,4072062.411390442,fft20-fp32,2,11x9,256x128,8x16,recurrence,prefix-tiled-transpose,global-scratch,2,,,,cufftdx-large-online+cufftdx-online-shared,11,9,256,128,8,16,recurrence,prefix-tiled-transpose,Tesla V100-SXM2-16GB,7.0,fft,fp32,forward,none,in-place,online-reorder,cufftdx-block,20,1048576,16,100,50,1.480622,11331194185.813967,0.001713,1
fft18-fp32_b2_d3_4x11x3_t256x1024x256_e16x2x8_tt_gg,fft18-fp32-batch2,1,fft18-fp32_b2_d3_4x11x3_t256x1024x256_e16x2x8_tt_gg,0,553380.4427100723,fft18-fp32,3,4x11x3,256x1024x256,16x2x8,tablextable,direct-stridedxdirect-strided,global-scratchxglobal-scratch,3,,,,cufftdx-online-shared+cufftdx-large-online+cufftdx-online-shared,4,3,256,256,16,8,table,direct-strided,Tesla V100-SXM2-16GB,7.0,fft,fp32,forward,none,in-place,online-reorder,cufftdx-block,18,262144,2,100,50,0.100188,5233033604.949555,0.000367,1
fft20-fp32_b8_d3_6x3x11_t128x128x512_e16x8x4_tt_fg_gt128x512_ge16x4,fft20-fp32-batch8,1,fft20-fp32_b8_d3_6x3x11_t128x128x512_e16x8x4_tt_fg_gt128x512_ge16x4,0,3214403.30556854,fft20-fp32,3,6x3x11,128x128x512,16x8x4,tablextable,direct-stridedxdirect-strided,fusedxglobal-scratch,2,9x11,128x512,16x4,cufftdx-online-shared+cufftdx-online-shared+cufftdx-large-online,6,11,128,512,16,4,table,direct-strided,Tesla V100-SXM2-16GB,7.0,fft,fp32,forward,none,in-place,online-reorder,cufftdx-block,20,1048576,8,100,50,0.738939,11352234516.420219,0.001510,1
fft18-fp32_b64_d3_3x11x4_t256x1024x256_e8x2x16_tt_gg,fft18-fp32-batch64,3,fft18-fp32_b64_d3_3x11x4_t256x1024x256_e8x2x16_tt_gg,0,15676211.200000001,fft18-fp32,3,3x11x4,256x1024x256,8x2x16,tablextable,direct-stridedxdirect-strided,global-scratchxglobal-scratch,3,,,,cufftdx-online-shared+cufftdx-large-online+cufftdx-online-shared,3,4,256,256,8,16,table,direct-strided,Tesla V100-SXM2-16GB,7.0,fft,fp32,forward,none,in-place,online-reorder,cufftdx-block,18,262144,64,100,50,3.579474,4687061878.291409,0.000397,1
fft20-fp32_b8_d4_4x4x4x8_t512x512x512x512_e16x16x16x16_ttt_ggg,fft20-fp32-batch8,2,fft20-fp32_b8_d4_4x4x4x8_t512x512x512x512_e16x16x16x16_ttt_ggg,0,2299956.79073023,fft20-fp32,4,4x4x4x8,512x512x512x512,16x16x16x16,tablextablextable,direct-stridedxdirect-stridedxdirect-strided,global-scratchxglobal-scratchxglobal-scratch,4,,,,cufftdx-online-shared+cufftdx-online-shared+cufftdx-online-shared+cufftdx-online-shared,4,8,512,512,16,16,table,direct-strided,Tesla V100-SXM2-16GB,7.0,fft,fp32,forward,none,in-place,online-reorder,cufftdx-block,20,1048576,8,100,50,1.799229,4662333817.508081,0.001023,1
fft18-fp32_b16_d3_3x6x9_t512x512x512_e8x16x16_rr_fg_gt256x256_ge8x8,fft18-fp32-batch16,1,fft18-fp32_b16_d3_3x6x9_t512x512x512_e8x16x16_rr_fg_gt256x256_ge8x8,0,1217624.1833277687,fft18-fp32,3,3x6x9,512x512x512,8x16x16,recurrencexrecurrence,direct-stridedxdirect-strided,fusedxglobal-scratch,2,9x9,256x256,8x8,cufftdx-online-shared+cufftdx-online-shared+cufftdx-online-shared,3,9,512,512,8,16,recurrence,direct-strided,Tesla V100-SXM2-16GB,7.0,fft,fp32,forward,none,in-place,online-reorder,cufftdx-block,18,262144,16,100,50,0.195768,21424836150.942596,0.000629,1
fft20-fp32_b2_p9s11_t128x256_e16x8_rec,fft20-fp32-batch2,1,fft20-fp32_b2_p9s11_t128x256_e16x8_rec,0,445771.4026778952,fft20-fp32,2,9x11,128x256,16x8,recurrence,direct-strided,global-scratch,2,,,,cufftdx-online-shared+cufftdx-large-online,9,11,128,256,16,8,recurrence,direct-strided,Tesla V100-SXM2-16GB,7.0,fft,fp32,forward,none,in-place,online-reorder,cufftdx-block,20,1048576,2,100,50,0.157614,13305613128.501768,0.001638,1
fft20-fp32_b16_d3_4x5x11_t128x128x512_e16x16x4_tt_fg_gt128x512_ge16x4,fft20-fp32-batch16,2,fft20-fp32_b16_d3_4x5x11_t128x128x512_e16x16x4_tt_fg_gt128x512_ge16x4,0,6428806.61113708,fft20-fp32,3,4x5x11,128x128x512,16x16x4,tablextable,direct-stridedxdirect-strided,fusedxglobal-scratch,2,9x11,128x512,16x4,cufftdx-online-shared+cufftdx-online-shared+cufftdx-large-online,4,11,128,512,16,4,table,direct-strided,Tesla V100-SXM2-16GB,7.0,fft,fp32,forward,none,in-place,online-reorder,cufftdx-block,20,1048576,16,100,50,1.466819,11437826279.718277,0.001485,1
fft20-fp32_b16_p8s12_t128x256_e16x16_rec_tx,fft20-fp32-batch16,1,fft20-fp32_b16_p8s12_t128x256_e16x16_rec_tx,0,2386543.3993224264,fft20-fp32,2,8x12,128x256,16x16,recurrence,tiled-transpose,global-scratch,2,,,,cufftdx-online-shared+cufftdx-large-online,8,12,128,256,16,16,recurrence,tiled-transpose,Tesla V100-SXM2-16GB,7.0,fft,fp32,forward,none,in-place,online-reorder,cufftdx-block,20,1048576,16,100,50,1.104896,15184429085.414530,0.001339,1
fft18-fp32_b16_d3_3x5x10_t128x128x128_e8x16x16_tt_fg_gt128x128_ge16x16,fft18-fp32-batch16,2,fft18-fp32_b16_d3_3x5x10_t128x128x128_e8x16x16_tt_fg_gt128x128_ge16x16,0,608812.0916638843,fft18-fp32,3,3x5x10,128x128x128,8x16x16,tablextable,direct-stridedxdirect-strided,fusedxglobal-scratch,2,8x10,128x128,16x16,cufftdx-online-shared+cufftdx-online-shared+cufftdx-online-shared,3,10,128,128,8,16,table,direct-strided,Tesla V100-SXM2-16GB,7.0,fft,fp32,forward,none,in-place,online-reorder,cufftdx-block,18,262144,16,100,50,0.257864,16265587123.782589,0.000610,1
fft20-fp32_b16_d3_3x7x10_t256x256x256_e8x16x16_tt_fg_gt256x256_ge16x16,fft20-fp32-batch16,1,fft20-fp32_b16_d3_3x7x10_t256x256x256_e8x16x16_tt_fg_gt256x256_ge16x16,0,2435248.3666555374,fft20-fp32,3,3x7x10,256x256x256,8x16x16,tablextable,direct-stridedxdirect-strided,fusedxglobal-scratch,2,10x10,256x256,16x16,cufftdx-online-shared+cufftdx-online-shared+cufftdx-online-shared,3,10,256,256,8,16,table,direct-strided,Tesla V100-SXM2-16GB,7.0,fft,fp32,forward,none,in-place,online-reorder,cufftdx-block,20,1048576,16,100,50,1.278300,13124629445.047678,0.001468,1
fft18-fp32_b2_p8s10_t512x512_e16x16_rec,fft18-fp32-batch2,1,fft18-fp32_b2_p8s10_t512x512_e16x16_rec,0,81804.82522882584,fft18-fp32,2,8x10,512x512,16x16,recurrence,direct-strided,global-scratch,2,,,,cufftdx-online-shared+cufftdx-online-shared,8,10,512,512,16,16,recurrence,direct-strided,Tesla V100-SXM2-16GB,7.0,fft,fp32,forward,none,in-place,online-reorder,cufftdx-block,18,262144,2,100,50,0.044974,11657559848.385071,0.000593,1
fft18-fp32_b2_d3_3x3x12_t128x128x512_e8x8x8_tt_fg_gt128x512_ge16x8,fft18-fp32-batch2,1,fft18-fp32_b2_d3_3x3x12_t128x128x512_e8x8x8_tt_fg_gt128x512_ge16x8,0,138566.26122735423,fft18-fp32,3,3x3x12,128x128x512,8x8x8,tablextable,direct-stridedxdirect-strided,fusedxglobal-scratch,2,6x12,128x512,16x8,cufftdx-online-shared+cufftdx-online-shared+cufftdx-large-online,3,12,128,512,8,8,table,direct-strided,Tesla V100-SXM2-16GB,7.0,fft,fp32,forward,none,in-place,online-reorder,cufftdx-block,18,262144,2,100,50,0.062198,8429371124.110780,0.000525,1
fft20-fp32_b2_cufft,fft20-fp32-batch2,2,cuFFT,1,0.0,fft20-fp32,0,,,,,,,2,9x11,,,vendor-baseline,0,0,0,0,0,0,none,none,Tesla V100-SXM2-16GB,7.0,fft,fp32,forward,none,in-place,cufft,scalar,20,1048576,2,100,50,0.131891,15900620405.888599,0.002033,1
fft20-fp32_b16_p9s11_t128x256_e16x8_rec_tx,fft20-fp32-batch16,2,fft20-fp32_b16_p9s11_t128x256_e16x8_rec_tx,0,3566171.2214231617,fft20-fp32,2,9x11,128x256,16x8,recurrence,tiled-transpose,global-scratch,2,,,,cufftdx-online-shared+cufftdx-large-online,9,11,128,256,16,8,recurrence,tiled-transpose,Tesla V100-SXM2-16GB,7.0,fft,fp32,forward,none,in-place,online-reorder,cufftdx-block,20,1048576,16,100,50,1.072230,15647026006.427023,0.001748,1
fft18-fp32_b64_p7s11_t128x256_e16x8_rec_tx,fft18-fp32-batch64,3,fft18-fp32_b64_p7s11_t128x256_e16x8_rec_tx,0,3566171.2214231617,fft18-fp32,2,7x11,128x256,16x8,recurrence,tiled-transpose,global-scratch,2,,,,cufftdx-online-shared+cufftdx-large-online,7,11,128,256,16,8,recurrence,tiled-transpose,Tesla V100-SXM2-16GB,7.0,fft,fp32,forward,none,in-place,online-reorder,cufftdx-block,18,262144,64,100,50,1.076900,15579178915.387739,0.000672,1
fft20-fp32_b8_d3_4x12x4_t128x512x128_e16x8x16_tt_gg,fft20-fp32-batch8,2,fft20-fp32_b8_d3_4x12x4_t128x512x128_e16x8x16_tt_gg,0,2451046.4000000004,fft20-fp32,3,4x12x4,128x512x128,16x8x16,tablextable,direct-stridedxdirect-strided,global-scratchxglobal-scratch,3,,,,cufftdx-online-shared+cufftdx-large-online+cufftdx-online-shared,4,4,128,128,16,16,table,direct-strided,Tesla V100-SXM2-16GB,7.0,fft,fp32,forward,none,in-place,online-reorder,cufftdx-block,20,1048576,8,100,50,2.039829,4112408391.219802,0.001035,1
fft18-fp32_b2_d3_4x4x10_t128x128x128_e16x16x16_tt_fg_gt128x128_ge16x16,fft18-fp32-batch2,2,fft18-fp32_b2_d3_4x4x10_t128x128x128_e16x16x16_tt_fg_gt128x128_ge16x16,0,93304.71145798556,fft18-fp32,3,4x4x10,128x128x128,16x16x16,tablextable,direct-stridedxdirect-strided,fusedxglobal-scratch,2,8x10,128x128,16x16,cufftdx-online-shared+cufftdx-online-shared+cufftdx-online-shared,4,10,128,128,16,16,table,direct-strided,Tesla V100-SXM2-16GB,7.0,fft,fp32,forward,none,in-place,online-reorder,cufftdx-block,18,262144,2,100,50,0.039096,13410163011.122992,0.000501,1
fft20-fp32_b16_p8s12_t128x256_e16x16_rec,fft20-fp32-batch16,3,fft20-fp32_b16_p8s12_t128x256_e16x16_rec,0,2386543.3993224264,fft20-fp32,2,8x12,128x256,16x16,recurrence,direct-strided,global-scratch,2,,,,cufftdx-online-shared+cufftdx-large-online,8,12,128,256,16,16,recurrence,direct-strided,Tesla V100-SXM2-16GB,7.0,fft,fp32,forward,none,in-place,online-reorder,cufftdx-block,20,1048576,16,100,50,1.702031,9857171998.417109,0.001339,1
fft18-fp32_b16_d3_3x11x4_t128x512x128_e8x4x16_tt_gg,fft18-fp32-batch16,3,fft18-fp32_b16_d3_3x11x4_t128x512x128_e8x4x16_tt_gg,0,2359296.0,fft18-fp32,3,3x11x4,128x512x128,8x4x16,tablextable,direct-stridedxdirect-strided,global-scratchxglobal-scratch,3,,,,cufftdx-online-shared+cufftdx-large-online+cufftdx-online-shared,3,4,128,128,8,16,table,direct-strided,Tesla V100-SXM2-16GB,7.0,fft,fp32,forward,none,in-place,online-reorder,cufftdx-block,18,262144,16,100,50,0.856515,4896944117.171343,0.000503,1
fft20-fp32_b2_p10s10_t512x512_e8x8_rec,fft20-fp32-batch2,3,fft20-fp32_b2_p10s10_t512x512_e8x8_rec,0,596635.8498306066,fft20-fp32,2,10x10,512x512,8x8,recurrence,direct-strided,global-scratch,2,,,,cufftdx-online-shared+cufftdx-online-shared,10,10,512,512,8,8,recurrence,direct-strided,Tesla V100-SXM2-16GB,7.0,fft,fp32,forward,none,in-place,online-reorder,cufftdx-block,20,1048576,2,100,50,0.118907,17636927622.871296,0.001288,1
fft18-fp32_b16_d4_3x3x3x9_t512x512x512x512_e8x8x8x16_rrr_ffg_gt256x256_ge8x8,fft18-fp32-batch16,3,fft18-fp32_b16_d4_3x3x3x9_t512x512x512x512_e8x8x8x16_rrr_ffg_gt256x256_ge8x8,0,1217624.1833277687,fft18-fp32,4,3x3x3x9,512x512x512x512,8x8x8x16,recurrencexrecurrencexrecurrence,direct-stridedxdirect-stridedxdirect-strided,fusedxfusedxglobal-scratch,2,9x9,256x256,8x8,cufftdx-online-shared+cufftdx-online-shared+cufftdx-online-shared+cufftdx-online-shared,3,9,512,512,8,16,recurrence,direct-strided,Tesla V100-SXM2-16GB,7.0,fft,fp32,forward,none,in-place,online-reorder,cufftdx-block,18,262144,16,100,50,0.196076,21391268676.610577,0.000629,1
fft18-fp32_b16_d3_3x4x11_t128x128x512_e8x16x4_tt_fg_gt128x512_ge16x4,fft18-fp32-batch16,1,fft18-fp32_b16_d3_3x4x11_t128x128x512_e8x16x4_tt_fg_gt128x512_ge16x4,0,1607201.65278427,fft18-fp32,3,3x4x11,128x128x512,8x16x4,tablextable,direct-stridedxdirect-strided,fusedxglobal-scratch,2,7x11,128x512,16x4,cufftdx-online-shared+cufftdx-online-shared+cufftdx-large-online,3,11,128,512,8,4,table,direct-strided,Tesla V100-SXM2-16GB,7.0,fft,fp32,forward,none,in-place,online-reorder,cufftdx-block,18,262144,16,100,50,0.326595,12842542036.060867,0.000521,1
fft20-fp32_b2_d3_10x7x3_t128x128x128_e16x16x8_tt_gf_gt128x128_ge16x16,fft20-fp32-batch2,1,fft20-fp32_b2_d3_10x7x3_t128x128x128_e16x16x8_tt_gf_gt128x128_ge16x16,0,304406.0458319422,fft20-fp32,3,10x7x3,128x128x128,16x16x8,tablextable,direct-stridedxdirect-strided,global-scratchxfused,2,10x10,128x128,16x16,cufftdx-online-shared+cufftdx-online-shared+cufftdx-online-shared,10,3,128,128,16,8,table,direct-strided,Tesla V100-SXM2-16GB,7.0,fft,fp32,forward,none,in-place,online-reorder,cufftdx-block,20,1048576,2,100,50,0.183951,11400578751.735695,0.001125,1
fft18-fp32_b16_d4_9x3x3x3_t512x512x512x512_e16x8x8x8_rrr_gff_gt256x256_ge8x8,fft18-fp32-batch16,3,fft18-fp32_b16_d4_9x3x3x3_t512x512x512x512_e16x8x8x8_rrr_gff_gt256x256_ge8x8,0,1217624.1833277687,fft18-fp32,4,9x3x3x3,512x512x512x512,16x8x8x8,recurrencexrecurrencexrecurrence,direct-stridedxdirect-stridedxdirect-strided,global-scratchxfusedxfused,2,9x9,256x256,8x8,cufftdx-online-shared+cufftdx-online-shared+cufftdx-online-shared+cufftdx-online-shared,9,3,512,512,16,8,recurrence,direct-strided,Tesla V100-SXM2-16GB,7.0,fft,fp32,forward,none,in-place,online-reorder,cufftdx-block,18,262144,16,100,50,0.196362,21360033146.331509,0.000629,1
fft20-fp32_b16_d3_3x6x11_t128x128x512_e8x16x4_tt_fg_gt128x512_ge16x4,fft20-fp32-batch16,1,fft20-fp32_b16_d3_3x6x11_t128x128x512_e8x16x4_tt_fg_gt128x512_ge16x4,0,6428806.61113708,fft20-fp32,3,3x6x11,128x128x512,8x16x4,tablextable,direct-stridedxdirect-strided,fusedxglobal-scratch,2,9x11,128x512,16x4,cufftdx-online-shared+cufftdx-online-shared+cufftdx-large-online,3,11,128,512,8,4,table,direct-strided,Tesla V100-SXM2-16GB,7.0,fft,fp32,forward,none,in-place,online-reorder,cufftdx-block,20,1048576,16,100,50,1.461719,11477729704.291739,0.001485,1
fft20-fp32_b16_p10s10_t512x512_e8x8_rec,fft20-fp32-batch16,1,fft20-fp32_b16_p10s10_t512x512_e8x8_rec,0,4773086.798644853,fft20-fp32,2,10x10,512x512,8x8,recurrence,direct-strided,global-scratch,2,,,,cufftdx-online-shared+cufftdx-online-shared,10,10,512,512,8,8,recurrence,direct-strided,Tesla V100-SXM2-16GB,7.0,fft,fp32,forward,none,in-place,online-reorder,cufftdx-block,20,1048576,16,100,50,0.829174,20233655644.513313,0.001466,1
fft18-fp32_b64_p9s9_t256x256_e8x8_rec,fft18-fp32-batch64,3,fft18-fp32_b64_p9s9_t256x256_e8x8_rec,0,4773086.798644853,fft18-fp32,2,9x9,256x256,8x8,recurrence,direct-strided,global-scratch,2,,,,cufftdx-online-shared+cufftdx-online-shared,9,9,256,256,8,8,recurrence,direct-strided,Tesla V100-SXM2-16GB,7.0,fft,fp32,forward,none,in-place,online-reorder,cufftdx-block,18,262144,64,100,50,0.809738,20719308550.345806,0.000666,1
fft18-fp32_b64_d3_4x3x11_t128x128x512_e16x8x4_tt_fg_gt128x512_ge16x4,fft18-fp32-batch64,1,fft18-fp32_b64_d3_4x3x11_t128x128x512_e16x8x4_tt_fg_gt128x512_ge16x4,0,6428806.61113708,fft18-fp32,3,4x3x11,128x128x512,16x8x4,tablextable,direct-stridedxdirect-strided,fusedxglobal-scratch,2,7x11,128x512,16x4,cufftdx-online-shared+cufftdx-online-shared+cufftdx-large-online,4,11,128,512,16,4,table,direct-strided,Tesla V100-SXM2-16GB,7.0,fft,fp32,forward,none,in-place,online-reorder,cufftdx-block,18,262144,64,100,50,1.203958,13935053250.530272,0.000553,1
fft18-fp32_b64_p12s6_t256x128_e16x16_rec,fft18-fp32-batch64,2,fft18-fp32_b64_p12s6_t256x128_e16x16_rec,0,2386543.3993224264,fft18-fp32,2,12x6,256x128,16x16,recurrence,direct-strided,global-scratch,2,,,,cufftdx-large-online+cufftdx-online-shared,12,6,256,128,16,16,recurrence,direct-strided,Tesla V100-SXM2-16GB,7.0,fft,fp32,forward,none,in-place,online-reorder,cufftdx-block,18,262144,64,100,50,1.261158,13303021018.876846,0.000793,1
fft20-fp32_b2_d3_3x7x10_t128x128x128_e8x16x16_tt_fg_gt128x128_ge16x16,fft20-fp32-batch2,3,fft20-fp32_b2_d3_3x7x10_t128x128x128_e8x16x16_tt_fg_gt128x128_ge16x16,0,304406.0458319422,fft20-fp32,3,3x7x10,128x128x128,8x16x16,tablextable,direct-stridedxdirect-strided,fusedxglobal-scratch,2,10x10,128x128,16x16,cufftdx-online-shared+cufftdx-online-shared+cufftdx-online-shared,3,10,128,128,8,16,table,direct-strided,Tesla V100-SXM2-16GB,7.0,fft,fp32,forward,none,in-place,online-reorder,cufftdx-block,20,1048576,2,100,50,0.184320,11377778525.117052,0.001125,1
fft20-fp32_b16_d3_6x11x3_t128x512x128_e16x4x8_tt_gg,fft20-fp32-batch16,2,fft20-fp32_b16_d3_6x11x3_t128x512x128_e16x4x8_tt_gg,0,8877875.796332158,fft20-fp32,3,6x11x3,128x512x128,16x4x8,tablextable,direct-stridedxdirect-strided,global-scratchxglobal-scratch,3,,,,cufftdx-online-shared+cufftdx-large-online+cufftdx-online-shared,6,3,128,128,16,8,table,direct-strided,Tesla V100-SXM2-16GB,7.0,fft,fp32,forward,none,in-place,online-reorder,cufftdx-block,20,1048576,16,100,50,3.349995,5008131093.794354,0.001152,1
fft20-fp32_b2_p12s8_t256x128_e16x16_rec_ptx,fft20-fp32-batch2,3,fft20-fp32_b2_p12s8_t256x128_e16x16_rec_ptx,0,298317.9249153033,fft20-fp32,2,12x8,256x128,16x16,recurrence,prefix-tiled-transpose,global-scratch,2,,,,cufftdx-large-online+cufftdx-online-shared,12,8,256,128,16,16,recurrence,prefix-tiled-transpose,Tesla V100-SXM2-16GB,7.0,fft,fp32,forward,none,in-place,online-reorder,cufftdx-block,20,1048576,2,100,50,0.209531,10008796316.956657,0.001315,1
fft18-fp32_b64_d3_4x11x3_t256x1024x256_e16x2x8_tt_gg,fft18-fp32-batch64,1,fft18-fp32_b64_d3_4x11x3_t256x1024x256_e16x2x8_tt_gg,0,14955662.166722313,fft18-fp32,3,4x11x3,256x1024x256,16x2x8,tablextable,direct-stridedxdirect-strided,global-scratchxglobal-scratch,3,,,,cufftdx-online-shared+cufftdx-large-online+cufftdx-online-shared,4,3,256,256,16,8,table,direct-strided,Tesla V100-SXM2-16GB,7.0,fft,fp32,forward,none,in-place,online-reorder,cufftdx-block,18,262144,64,100,50,3.290440,5098776089.136631,0.000401,1
fft20-fp32_b16_d4_3x3x4x10_t512x512x512x512_e8x8x16x16_rrr_ffg_gt512x512_ge8x8,fft20-fp32-batch16,3,fft20-fp32_b16_d4_3x3x4x10_t512x512x512x512_e8x8x16x16_rrr_ffg_gt512x512_ge8x8,0,4870496.733311075,fft20-fp32,4,3x3x4x10,512x512x512x512,8x8x16x16,recurrencexrecurrencexrecurrence,direct-stridedxdirect-stridedxdirect-strided,fusedxfusedxglobal-scratch,2,10x10,512x512,8x8,cufftdx-online-shared+cufftdx-online-shared+cufftdx-online-shared+cufftdx-online-shared,3,10,512,512,8,16,recurrence,direct-strided,Tesla V100-SXM2-16GB,7.0,fft,fp32,forward,none,in-place,online-reorder,cufftdx-block,20,1048576,16,100,50,0.825364,20327039265.701561,0.001466,1
fft18-fp32_b2_d3_3x4x11_t128x128x512_e8x16x4_tt_fg_gt128x512_ge16x4,fft18-fp32-batch2,2,fft18-fp32_b2_d3_3x4x11_t128x128x512_e8x16x4_tt_fg_gt128x512_ge16x4,0,241041.00659803377,fft18-fp32,3,3x4x11,128x128x512,8x16x4,tablextable,direct-stridedxdirect-strided,fusedxglobal-scratch,2,7x11,128x512,16x4,cufftdx-online-shared+cufftdx-online-shared+cufftdx-large-online,3,11,128,512,8,4,table,direct-strided,Tesla V100-SXM2-16GB,7.0,fft,fp32,forward,none,in-place,online-reorder,cufftdx-block,18,262144,2,100,50,0.056586,9265290824.020454,0.000516,1
fft18-fp32_b16_p10s8_t128x128_e16x16_rec,fft18-fp32-batch16,3,fft18-fp32_b16_p10s8_t128x128_e16x16_rec,0,596635.8498306066,fft18-fp32,2,10x8,128x128,16x16,recurrence,direct-strided,global-scratch,2,,,,cufftdx-online-shared+cufftdx-online-shared,10,8,128,128,16,16,recurrence,direct-strided,Tesla V100-SXM2-16GB,7.0,fft,fp32,forward,none,in-place,online-reorder,cufftdx-block,18,262144,16,100,50,0.231096,18149591769.441135,0.000671,1
fft20-fp32_b8_d3_5x3x12_t128x128x512_e16x8x8_tt_fg_gt128x512_ge16x8,fft20-fp32-batch8,2,fft20-fp32_b8_d3_5x3x12_t128x128x512_e16x8x8_tt_fg_gt128x512_ge16x8,0,1819475.1129710008,fft20-fp32,3,5x3x12,128x128x512,16x8x8,tablextable,direct-stridedxdirect-strided,fusedxglobal-scratch,2,8x12,128x512,16x8,cufftdx-online-shared+cufftdx-online-shared+cufftdx-large-online,5,12,128,512,16,8,table,direct-strided,Tesla V100-SXM2-16GB,7.0,fft,fp32,forward,none,in-place,online-reorder,cufftdx-block,20,1048576,8,100,50,0.887235,9454780389.447165,0.001158,1
fft18-fp32_b16_d3_3x3x12_t256x256x1024_e8x8x4_tt_fg_gt256x1024_ge16x4,fft18-fp32-batch16,2,fft18-fp32_b16_d3_3x3x12_t256x256x1024_e8x8x4_tt_fg_gt256x1024_ge16x4,0,1607201.65278427,fft18-fp32,3,3x3x12,256x256x1024,8x8x4,tablextable,direct-stridedxdirect-strided,fusedxglobal-scratch,2,6x12,256x1024,16x4,cufftdx-online-shared+cufftdx-online-shared+cufftdx-large-online,3,12,256,1024,8,4,table,direct-strided,Tesla V100-SXM2-16GB,7.0,fft,fp32,forward,none,in-place,online-reorder,cufftdx-block,18,262144,16,100,50,0.342016,12263473710.990234,0.000543,1
fft20-fp32_b8_d3_5x12x3_t128x512x128_e16x8x8_tt_gg,fft20-fp32-batch8,3,fft20-fp32_b8_d3_5x12x3_t128x512x128_e16x8x8_tt_gg,0,2939152.10556854,fft20-fp32,3,5x12x3,128x512x128,16x8x8,tablextable,direct-stridedxdirect-strided,global-scratchxglobal-scratch,3,,,,cufftdx-online-shared+cufftdx-large-online+cufftdx-online-shared,5,3,128,128,16,8,table,direct-strided,Tesla V100-SXM2-16GB,7.0,fft,fp32,forward,none,in-place,online-reorder,cufftdx-block,20,1048576,8,100,50,1.716019,4888411637.146534,0.001348,1
fft20-fp32_b2_d3_4x11x5_t128x512x128_e16x4x16_tt_gg,fft20-fp32-batch2,1,fft20-fp32_b2_d3_4x11x5_t128x512x128_e16x4x16_tt_gg,0,983040.0,fft20-fp32,3,4x11x5,128x512x128,16x4x16,tablextable,direct-stridedxdirect-strided,global-scratchxglobal-scratch,3,,,,cufftdx-online-shared+cufftdx-large-online+cufftdx-online-shared,4,5,128,128,16,16,table,direct-strided,Tesla V100-SXM2-16GB,7.0,fft,fp32,forward,none,in-place,online-reorder,cufftdx-block,20,1048576,2,100,50,0.400425,5237315911.249989,0.001234,1
fft18-fp32_b64_d4_3x6x3x6_t512x512x512x512_e8x16x8x16_rrr_fgf_gt256x256_ge8x8,fft18-fp32-batch64,3,fft18-fp32_b64_d4_3x6x3x6_t512x512x512x512_e8x16x8x16_rrr_fgf_gt256x256_ge8x8,0,4870496.733311075,fft18-fp32,4,3x6x3x6,512x512x512x512,8x16x8x16,recurrencexrecurrencexrecurrence,direct-stridedxdirect-stridedxdirect-strided,fusedxglobal-scratchxfused,2,9x9,256x256,8x8,cufftdx-online-shared+cufftdx-online-shared+cufftdx-online-shared+cufftdx-online-shared,3,6,512,512,8,16,recurrence,direct-strided,Tesla V100-SXM2-16GB,7.0,fft,fp32,forward,none,in-place,online-reorder,cufftdx-block,18,262144,64,100,50,0.807465,20777639759.629391,0.000666,1
fft20-fp32_b2_p9s11_t128x256_e16x8_rec_tx,fft20-fp32-batch2,3,fft20-fp32_b2_p9s11_t128x256_e16x8_rec_tx,0,445771.4026778952,fft20-fp32,2,9x11,128x256,16x8,recurrence,tiled-transpose,global-scratch,2,,,,cufftdx-online-shared+cufftdx-large-online,9,11,128,256,16,8,recurrence,tiled-transpose,Tesla V100-SXM2-16GB,7.0,fft,fp32,forward,none,in-place,online-reorder,cufftdx-block,20,1048576,2,100,50,0.151245,13865944091.220900,0.001638,1
fft18-fp32_b16_d3_11x3x4_t512x128x128_e4x8x16_tt_gf_gt512x128_ge4x16,fft18-fp32-batch16,1,fft18-fp32_b16_d3_11x3x4_t512x128x128_e4x8x16_tt_gf_gt512x128_ge4x16,0,1938071.7111036917,fft18-fp32,3,11x3x4,512x128x128,4x8x16,tablextable,direct-stridedxdirect-strided,global-scratchxfused,2,11x7,512x128,4x16,cufftdx-large-online+cufftdx-online-shared+cufftdx-online-shared,11,4,512,128,4,16,table,direct-strided,Tesla V100-SXM2-16GB,7.0,fft,fp32,forward,none,in-place,online-reorder,cufftdx-block,18,262144,16,100,50,0.384184,10917426844.823469,0.000512,1
fft20-fp32_b2_d3_4x11x5_t128x512x128_e16x4x16_tt_gg,fft20-fp32-batch2,3,fft20-fp32_b2_d3_4x11x5_t128x512x128_e16x4x16_tt_gg,0,983040.0,fft20-fp32,3,4x11x5,128x512x128,16x4x16,tablextable,direct-stridedxdirect-strided,global-scratchxglobal-scratch,3,,,,cufftdx-online-shared+cufftdx-large-online+cufftdx-online-shared,4,5,128,128,16,16,table,direct-strided,Tesla V100-SXM2-16GB,7.0,fft,fp32,forward,none,in-place,online-reorder,cufftdx-block,20,1048576,2,100,50,0.401347,5225289529.249520,0.001234,1
fft18-fp32_b2_p8s10_t512x512_e16x16_rec,fft18-fp32-batch2,3,fft18-fp32_b2_p8s10_t512x512_e16x16_rec,0,81804.82522882584,fft18-fp32,2,8x10,512x512,16x16,recurrence,direct-strided,global-scratch,2,,,,cufftdx-online-shared+cufftdx-online-shared,8,10,512,512,16,16,recurrence,direct-strided,Tesla V100-SXM2-16GB,7.0,fft,fp32,forward,none,in-place,online-reorder,cufftdx-block,18,262144,2,100,50,0.039629,13229974158.630730,0.000593,1
fft18-fp32_b2_d3_4x4x10_t512x512x512_e16x16x16_tt_gg,fft18-fp32-batch2,3,fft18-fp32_b2_d3_4x4x10_t512x512x512_e16x16x16_tt_gg,0,120574.00543931246,fft18-fp32,3,4x4x10,512x512x512,16x16x16,tablextable,direct-stridedxdirect-strided,global-scratchxglobal-scratch,3,,,,cufftdx-online-shared+cufftdx-online-shared+cufftdx-online-shared,4,10,512,512,16,16,table,direct-strided,Tesla V100-SXM2-16GB,7.0,fft,fp32,forward,none,in-place,online-reorder,cufftdx-block,18,262144,2,100,50,0.095703,5478279730.117234,0.000415,1
fft20-fp32_b2_d4_3x3x4x10_t512x512x512x512_e8x8x16x16_rrr_ffg_gt256x128_ge16x16,fft20-fp32-batch2,3,fft20-fp32_b2_d4_3x3x4x10_t512x512x512x512_e8x8x16x16_rrr_ffg_gt256x128_ge16x16,0,304406.0458319422,fft20-fp32,4,3x3x4x10,512x512x512x512,8x8x16x16,recurrencexrecurrencexrecurrence,direct-stridedxdirect-stridedxdirect-strided,fusedxfusedxglobal-scratch,2,10x10,256x128,16x16,cufftdx-online-shared+cufftdx-online-shared+cufftdx-online-shared+cufftdx-online-shared,3,10,512,512,8,16,recurrence,direct-strided,Tesla V100-SXM2-16GB,7.0,fft,fp32,forward,none,in-place,online-reorder,cufftdx-block,20,1048576,2,100,50,0.127631,16431321402.957737,0.001320,1
fft18-fp32_b16_d3_12x3x3_t256x512x512_e16x8x8_tt_gf_gt256x512_ge16x16,fft18-fp32-batch16,1,fft18-fp32_b16_d3_12x3x3_t256x512x512_e16x8x8_tt_gf_gt256x512_ge16x16,0,608812.0916638843,fft18-fp32,3,12x3x3,256x512x512,16x8x8,tablextable,direct-stridedxdirect-strided,global-scratchxfused,2,12x6,256x512,16x16,cufftdx-large-online+cufftdx-online-shared+cufftdx-online-shared,12,3,256,512,16,8,table,direct-strided,Tesla V100-SXM2-16GB,7.0,fft,fp32,forward,none,in-place,online-reorder,cufftdx-block,18,262144,16,100,50,0.397394,10554525050.670198,0.000522,1
fft20-fp32_b8_d3_4x5x11_t128x128x512_e16x16x4_tt_fg_gt128x512_ge16x4,fft20-fp32-batch8,1,fft20-fp32_b8_d3_4x5x11_t128x128x512_e16x16x4_tt_fg_gt128x512_ge16x4,0,3214403.30556854,fft20-fp32,3,4x5x11,128x128x512,16x16x4,tablextable,direct-stridedxdirect-strided,fusedxglobal-scratch,2,9x11,128x512,16x4,cufftdx-online-shared+cufftdx-online-shared+cufftdx-large-online,4,11,128,512,16,4,table,direct-strided,Tesla V100-SXM2-16GB,7.0,fft,fp32,forward,none,in-place,online-reorder,cufftdx-block,20,1048576,8,100,50,0.738202,11363573031.058941,0.001510,1
fft18-fp32_b16_d3_9x3x6_t512x512x512_e16x8x16_rr_gf_gt256x256_ge8x8,fft18-fp32-batch16,2,fft18-fp32_b16_d3_9x3x6_t512x512x512_e16x8x16_rr_gf_gt256x256_ge8x8,0,1217624.1833277687,fft18-fp32,3,9x3x6,512x512x512,16x8x16,recurrencexrecurrence,direct-stridedxdirect-strided,global-scratchxfused,2,9x9,256x256,8x8,cufftdx-online-shared+cufftdx-online-shared+cufftdx-online-shared,9,6,512,512,16,16,recurrence,direct-strided,Tesla V100-SXM2-16GB,7.0,fft,fp32,forward,none,in-place,online-reorder,cufftdx-block,18,262144,16,100,50,0.195645,21438290370.987446,0.000629,1
fft20-fp32_b16_d3_4x11x5_t128x512x128_e16x4x16_tt_gg,fft20-fp32-batch16,3,fft20-fp32_b16_d3_4x11x5_t128x512x128_e16x4x16_tt_gg,0,7864320.0,fft20-fp32,3,4x11x5,128x512x128,16x4x16,tablextable,direct-stridedxdirect-strided,global-scratchxglobal-scratch,3,,,,cufftdx-online-shared+cufftdx-large-online+cufftdx-online-shared,4,5,128,128,16,16,table,direct-strided,Tesla V100-SXM2-16GB,7.0,fft,fp32,forward,none,in-place,online-reorder,cufftdx-block,20,1048576,16,100,50,3.332465,5034476741.880912,0.001298,1
fft18-fp32_b16_d3_4x3x11_t128x128x512_e16x8x4_tt_fg_gt128x512_ge16x4,fft18-fp32-batch16,2,fft18-fp32_b16_d3_4x3x11_t128x128x512_e16x8x4_tt_fg_gt128x512_ge16x4,0,1607201.65278427,fft18-fp32,3,4x3x11,128x128x512,16x8x4,tablextable,direct-stridedxdirect-strided,fusedxglobal-scratch,2,7x11,128x512,16x4,cufftdx-online-shared+cufftdx-online-shared+cufftdx-large-online,4,11,128,512,16,4,table,direct-strided,Tesla V100-SXM2-16GB,7.0,fft,fp32,forward,none,in-place,online-reorder,cufftdx-block,18,262144,16,100,50,0.326676,12839320107.398989,0.000521,1
fft20-fp32_b8_d3_4x12x4_t128x512x128_e16x8x16_tt_gg,fft20-fp32-batch8,3,fft20-fp32_b8_d3_4x12x4_t128x512x128_e16x8x16_tt_gg,0,2451046.4000000004,fft20-fp32,3,4x12x4,128x512x128,16x8x16,tablextable,direct-stridedxdirect-strided,global-scratchxglobal-scratch,3,,,,cufftdx-online-shared+cufftdx-large-online+cufftdx-online-shared,4,4,128,128,16,16,table,direct-strided,Tesla V100-SXM2-16GB,7.0,fft,fp32,forward,none,in-place,online-reorder,cufftdx-block,20,1048576,8,100,50,2.036408,4119315113.599824,0.001035,1
fft18-fp32_b2_d3_9x3x6_t512x512x512_e16x8x16_rr_gf_gt256x256_ge8x8,fft18-fp32-batch2,2,fft18-fp32_b2_d3_9x3x6_t512x512x512_e16x8x16_rr_gf_gt256x256_ge8x8,0,166948.6229159711,fft18-fp32,3,9x3x6,512x512x512,16x8x16,recurrencexrecurrence,direct-stridedxdirect-strided,global-scratchxfused,2,9x9,256x256,8x8,cufftdx-online-shared+cufftdx-online-shared+cufftdx-online-shared,9,6,512,512,16,16,recurrence,direct-strided,Tesla V100-SXM2-16GB,7.0,fft,fp32,forward,none,in-place,online-reorder,cufftdx-block,18,262144,2,100,50,0.025846,20285262575.217522,0.000553,1
fft20-fp32_b16_d3_10x7x3_t128x128x128_e16x16x8_tt_gf_gt128x128_ge16x16,fft20-fp32-batch16,1,fft20-fp32_b16_d3_10x7x3_t128x128x128_e16x16x8_tt_gf_gt128x128_ge16x16,0,2435248.3666555374,fft20-fp32,3,10x7x3,128x128x128,16x16x8,tablextable,direct-stridedxdirect-strided,global-scratchxfused,2,10x10,128x128,16x16,cufftdx-online-shared+cufftdx-online-shared+cufftdx-online-shared,10,3,128,128,16,8,table,direct-strided,Tesla V100-SXM2-16GB,7.0,fft,fp32,forward,none,in-place,online-reorder,cufftdx-block,20,1048576,16,100,50,1.265664,13255663624.829205,0.001468,1
fft18-fp32_b16_d3_4x3x11_t128x128x512_e16x8x4_tt_fg_gt128x512_ge16x4,fft18-fp32-batch16,3,fft18-fp32_b16_d3_4x3x11_t128x128x512_e16x8x4_tt_fg_gt128x512_ge16x4,0,1607201.65278427,fft18-fp32,3,4x3x11,128x128x512,16x8x4,tablextable,direct-stridedxdirect-strided,fusedxglobal-scratch,2,7x11,128x512,16x4,cufftdx-online-shared+cufftdx-online-shared+cufftdx-large-online,4,11,128,512,16,4,table,direct-strided,Tesla V100-SXM2-16GB,7.0,fft,fp32,forward,none,in-place,online-reorder,cufftdx-block,18,262144,16,100,50,0.326738,12836905307.054878,0.000521,1
fft18-fp32_b2_p11s7_t256x128_e8x16_rec_ptx,fft18-fp32-batch2,2,fft18-fp32_b2_p11s7_t256x128_e8x16_rec_ptx,0,153477.27302261797,fft18-fp32,2,11x7,256x128,8x16,recurrence,prefix-tiled-transpose,global-scratch,2,,,,cufftdx-large-online+cufftdx-online-shared,11,7,256,128,8,16,recurrence,prefix-tiled-transpose,Tesla V100-SXM2-16GB,7.0,fft,fp32,forward,none,in-place,online-reorder,cufftdx-block,18,262144,2,100,50,0.048108,10898254633.995790,0.000546,1
fft18-fp32_b16_d4_3x3x3x9_t512x512x512x512_e8x8x8x16_rrr_ffg_gt256x256_ge8x8,fft18-fp32-batch16,2,fft18-fp32_b16_d4_3x3x3x9_t512x512x512x512_e8x8x8x16_rrr_ffg_gt256x256_ge8x8,0,1217624.1833277687,fft18-fp32,4,3x3x3x9,512x512x512x512,8x8x8x16,recurrencexrecurrencexrecurrence,direct-stridedxdirect-stridedxdirect-strided,fusedxfusedxglobal-scratch,2,9x9,256x256,8x8,cufftdx-online-shared+cufftdx-online-shared+cufftdx-online-shared+cufftdx-online-shared,3,9,512,512,8,16,recurrence,direct-strided,Tesla V100-SXM2-16GB,7.0,fft,fp32,forward,none,in-place,online-reorder,cufftdx-block,18,262144,16,100,50,0.196096,21389033609.274319,0.000629,1
fft20-fp32_b8_d4_3x3x4x10_t512x512x512x512_e8x8x16x16_rrr_ffg_gt256x128_ge16x16,fft20-fp32-batch8,2,fft20-fp32_b8_d4_3x3x4x10_t512x512x512x512_e8x8x16x16_rrr_ffg_gt256x128_ge16x16,0,1217624.1833277687,fft20-fp32,4,3x3x4x10,512x512x512x512,8x8x16x16,recurrencexrecurrencexrecurrence,direct-stridedxdirect-stridedxdirect-strided,fusedxfusedxglobal-scratch,2,10x10,256x128,16x16,cufftdx-online-shared+cufftdx-online-shared+cufftdx-online-shared+cufftdx-online-shared,3,10,512,512,8,16,recurrence,direct-strided,Tesla V100-SXM2-16GB,7.0,fft,fp32,forward,none,in-place,online-reorder,cufftdx-block,20,1048576,8,100,50,0.396882,21136282171.448284,0.001451,1
fft18-fp32_b16_p10s8_t128x128_e16x16_rec,fft18-fp32-batch16,2,fft18-fp32_b16_p10s8_t128x128_e16x16_rec,0,596635.8498306066,fft18-fp32,2,10x8,128x128,16x16,recurrence,direct-strided,global-scratch,2,,,,cufftdx-online-shared+cufftdx-online-shared,10,8,128,128,16,16,recurrence,direct-strided,Tesla V100-SXM2-16GB,7.0,fft,fp32,forward,none,in-place,online-reorder,cufftdx-block,18,262144,16,100,50,0.224625,18672502339.786697,0.000671,1
fft20-fp32_b16_p12s8_t256x128_e16x16_rec_ptx,fft20-fp32-batch16,1,fft20-fp32_b16_p12s8_t256x128_e16x16_rec_ptx,0,2386543.3993224264,fft20-fp32,2,12x8,256x128,16x16,recurrence,prefix-tiled-transpose,global-scratch,2,,,,cufftdx-large-online+cufftdx-online-shared,12,8,256,128,16,16,recurrence,prefix-tiled-transpose,Tesla V100-SXM2-16GB,7.0,fft,fp32,forward,none,in-place,online-reorder,cufftdx-block,20,1048576,16,100,50,1.996001,8405413600.751855,0.001377,1
fft20-fp32_b16_d3_3x12x5_t128x512x128_e8x8x16_tt_gg,fft20-fp32-batch16,1,fft20-fp32_b16_d3_3x12x5_t128x512x128_e8x8x16_tt_gg,0,6529546.140713537,fft20-fp32,3,3x12x5,128x512x128,8x8x16,tablextable,direct-stridedxdirect-strided,global-scratchxglobal-scratch,3,,,,cufftdx-online-shared+cufftdx-large-online+cufftdx-online-shared,3,5,128,128,8,16,table,direct-strided,Tesla V100-SXM2-16GB,7.0,fft,fp32,forward,none,in-place,online-reorder,cufftdx-block,20,1048576,16,100,50,2.946724,5693514680.392406,0.001393,1
fft18-fp32_b16_p7s11_t128x256_e16x8_rec,fft18-fp32-batch16,3,fft18-fp32_b16_p7s11_t128x256_e16x8_rec,0,891542.8053557904,fft18-fp32,2,7x11,128x256,16x8,recurrence,direct-strided,global-scratch,2,,,,cufftdx-online-shared+cufftdx-large-online,7,11,128,256,16,8,recurrence,direct-strided,Tesla V100-SXM2-16GB,7.0,fft,fp32,forward,none,in-place,online-reorder,cufftdx-block,18,262144,16,100,50,0.290468,14439822893.584076,0.000712,1
fft18-fp32_b16_d4_3x6x3x6_t512x512x512x512_e8x16x8x16_rrr_fgf_gt256x256_ge8x8,fft18-fp32-batch16,2,fft18-fp32_b16_d4_3x6x3x6_t512x512x512x512_e8x16x8x16_rrr_fgf_gt256x256_ge8x8,0,1217624.1833277687,fft18-fp32,4,3x6x3x6,512x512x512x512,8x16x8x16,recurrencexrecurrencexrecurrence,direct-stridedxdirect-stridedxdirect-strided,fusedxglobal-scratchxfused,2,9x9,256x256,8x8,cufftdx-online-shared+cufftdx-online-shared+cufftdx-online-shared+cufftdx-online-shared,3,6,512,512,8,16,recurrence,direct-strided,Tesla V100-SXM2-16GB,7.0,fft,fp32,forward,none,in-place,online-reorder,cufftdx-block,18,262144,16,100,50,0.195359,21469757003.340809,0.000629,1
fft20-fp32_b8_d4_3x7x3x7_t512x512x512x512_e8x16x8x16_rrr_fgf_gt256x128_ge16x16,fft20-fp32-batch8,3,fft20-fp32_b8_d4_3x7x3x7_t512x512x512x512_e8x16x8x16_rrr_fgf_gt256x128_ge16x16,0,1217624.1833277687,fft20-fp32,4,3x7x3x7,512x512x512x512,8x16x8x16,recurrencexrecurrencexrecurrence,direct-stridedxdirect-stridedxdirect-strided,fusedxglobal-scratchxfused,2,10x10,256x128,16x16,cufftdx-online-shared+cufftdx-online-shared+cufftdx-online-shared+cufftdx-online-shared,3,7,512,512,8,16,recurrence,direct-strided,Tesla V100-SXM2-16GB,7.0,fft,fp32,forward,none,in-place,online-reorder,cufftdx-block,20,1048576,8,100,50,0.397865,21084059446.802174,0.001451,1
fft18-fp32_b64_d3_5x3x10_t128x128x128_e16x8x16_tt_fg_gt128x128_ge16x16,fft18-fp32-batch64,1,fft18-fp32_b64_d3_5x3x10_t128x128x128_e16x8x16_tt_fg_gt128x128_ge16x16,0,2435248.3666555374,fft18-fp32,3,5x3x10,128x128x128,16x8x16,tablextable,direct-stridedxdirect-strided,fusedxglobal-scratch,2,8x10,128x128,16x16,cufftdx-online-shared+cufftdx-online-shared+cufftdx-online-shared,5,10,128,128,16,16,table,direct-strided,Tesla V100-SXM2-16GB,7.0,fft,fp32,forward,none,in-place,online-reorder,cufftdx-block,18,262144,64,100,50,0.940073,17846717038.235123,0.000610,1
fft18-fp32_b64_d3_3x3x12_t128x128x512_e8x8x8_tt_fg_gt128x512_ge16x8,fft18-fp32-batch64,3,fft18-fp32_b64_d3_3x3x12_t128x128x512_e8x8x8_tt_fg_gt128x512_ge16x8,0,3638950.2259420017,fft18-fp32,3,3x3x12,128x128x512,8x8x8,tablextable,direct-stridedxdirect-strided,fusedxglobal-scratch,2,6x12,128x512,16x8,cufftdx-online-shared+cufftdx-online-shared+cufftdx-large-online,3,12,128,512,8,8,table,direct-strided,Tesla V100-SXM2-16GB,7.0,fft,fp32,forward,none,in-place,online-reorder,cufftdx-block,18,262144,64,100,50,1.353503,12395407008.024218,0.000614,1
fft20-fp32_b2_d3_3x12x5_t128x512x128_e8x8x16_tt_gg,fft20-fp32-batch2,3,fft20-fp32_b2_d3_3x12x5_t128x512x128_e8x8x16_tt_gg,0,816193.2675891921,fft20-fp32,3,3x12x5,128x512x128,8x8x16,tablextable,direct-stridedxdirect-strided,global-scratchxglobal-scratch,3,,,,cufftdx-online-shared+cufftdx-large-online+cufftdx-online-shared,3,5,128,128,8,16,table,direct-strided,Tesla V100-SXM2-16GB,7.0,fft,fp32,forward,none,in-place,online-reorder,cufftdx-block,20,1048576,2,100,50,0.384799,5449997121.035390,0.001274,1
fft18-fp32_b64_d3_3x11x4_t256x1024x256_e8x2x16_tt_gg,fft18-fp32-batch64,2,fft18-fp32_b64_d3_3x11x4_t256x1024x256_e8x2x16_tt_gg,0,15676211.200000001,fft18-fp32,3,3x11x4,256x1024x256,8x2x16,tablextable,direct-stridedxdirect-strided,global-scratchxglobal-scratch,3,,,,cufftdx-online-shared+cufftdx-large-online+cufftdx-online-shared,3,4,256,256,8,16,table,direct-strided,Tesla V100-SXM2-16GB,7.0,fft,fp32,forward,none,in-place,online-reorder,cufftdx-block,18,262144,64,100,50,3.575091,4692807623.975427,0.000397,1
fft20-fp32_b8_d3_11x3x6_t256x512x512_e8x8x16_tt_gf_gt256x512_ge8x16,fft20-fp32-batch8,2,fft20-fp32_b8_d3_11x3x6_t256x512x512_e8x8x16_tt_gf_gt256x512_ge8x16,0,2077582.862954307,fft20-fp32,3,11x3x6,256x512x512,8x8x16,tablextable,direct-stridedxdirect-strided,global-scratchxfused,2,11x9,256x512,8x16,cufftdx-large-online+cufftdx-online-shared+cufftdx-online-shared,11,6,256,512,8,16,table,direct-strided,Tesla V100-SXM2-16GB,7.0,fft,fp32,forward,none,in-place,online-reorder,cufftdx-block,20,1048576,8,100,50,0.858931,9766333040.490410,0.001726,1
fft18-fp32_b16_p12s6_t256x128_e16x16_rec_ptx,fft18-fp32-batch16,3,fft18-fp32_b16_p12s6_t256x128_e16x16_rec_ptx,0,596635.8498306066,fft18-fp32,2,12x6,256x128,16x16,recurrence,prefix-tiled-transpose,global-scratch,2,,,,cufftdx-large-online+cufftdx-online-shared,12,6,256,128,16,16,recurrence,prefix-tiled-transpose,Tesla V100-SXM2-16GB,7.0,fft,fp32,forward,none,in-place,online-reorder,cufftdx-block,18,262144,16,100,50,0.369746,11343746839.816891,0.000675,1
fft18-fp32_b16_p12s6_t256x128_e16x16_rec,fft18-fp32-batch16,1,fft18-fp32_b16_p12s6_t256x128_e16x16_rec,0,596635.8498306066,fft18-fp32,2,12x6,256x128,16x16,recurrence,direct-strided,global-scratch,2,,,,cufftdx-large-online+cufftdx-online-shared,12,6,256,128,16,16,recurrence,direct-strided,Tesla V100-SXM2-16GB,7.0,fft,fp32,forward,none,in-place,online-reorder,cufftdx-block,18,262144,16,100,50,0.331551,12650565299.558580,0.000675,1
fft20-fp32_b2_d3_4x4x12_t512x512x256_e16x16x16_tt_gg,fft20-fp32-batch2,1,fft20-fp32_b2_d3_4x4x12_t512x512x256_e16x16x16_tt_gg,0,439697.6217572498,fft20-fp32,3,4x4x12,512x512x256,16x16x16,tablextable,direct-stridedxdirect-strided,global-scratchxglobal-scratch,3,,,,cufftdx-online-shared+cufftdx-online-shared+cufftdx-large-online,4,12,512,256,16,16,table,direct-strided,Tesla V100-SXM2-16GB,7.0,fft,fp32,forward,none,in-place,online-reorder,cufftdx-block,20,1048576,2,100,50,0.388854,5393163763.398289,0.000977,1
fft18-fp32_b64_d3_11x3x4_t256x512x512_e8x8x16_tt_gf_gt256x512_ge8x16,fft18-fp32-batch64,2,fft18-fp32_b64_d3_11x3x4_t256x512x512_e8x8x16_tt_gf_gt256x512_ge8x16,0,4155165.725908614,fft18-fp32,3,11x3x4,256x512x512,8x8x16,tablextable,direct-stridedxdirect-strided,global-scratchxfused,2,11x7,256x512,8x16,cufftdx-large-online+cufftdx-online-shared+cufftdx-online-shared,11,4,256,512,8,16,table,direct-strided,Tesla V100-SXM2-16GB,7.0,fft,fp32,forward,none,in-place,online-reorder,cufftdx-block,18,262144,64,100,50,1.488077,11274428800.705734,0.000612,1
fft20-fp32_b16_d4_8x3x3x6_t512x512x512x512_e16x8x8x16_ttt_gff_gt512x256_ge16x16,fft20-fp32-batch16,2,fft20-fp32_b16_d4_8x3x3x6_t512x512x512x512_e16x8x8x16_ttt_gff_gt512x256_ge16x16,0,2435248.3666555374,fft20-fp32,4,8x3x3x6,512x512x512x512,16x8x8x16,tablextablextable,direct-stridedxdirect-stridedxdirect-strided,global-scratchxfusedxfused,2,8x12,512x256,16x16,cufftdx-online-shared+cufftdx-online-shared+cufftdx-online-shared+cufftdx-online-shared,8,6,512,512,16,16,table,direct-strided,Tesla V100-SXM2-16GB,7.0,fft,fp32,forward,none,in-place,online-reorder,cufftdx-block,20,1048576,16,100,50,2.109399,7953552344.301264,0.001221,1
fft18-fp32_b16_d3_11x3x4_t256x512x512_e8x8x16_tt_gf_gt256x512_ge8x16,fft18-fp32-batch16,1,fft18-fp32_b16_d3_11x3x4_t256x512x512_e8x8x16_tt_gf_gt256x512_ge8x16,0,1038791.4314771536,fft18-fp32,3,11x3x4,256x512x512,8x8x16,tablextable,direct-stridedxdirect-strided,global-scratchxfused,2,11x7,256x512,8x16,cufftdx-large-online+cufftdx-online-shared+cufftdx-online-shared,11,4,256,512,8,16,table,direct-strided,Tesla V100-SXM2-16GB,7.0,fft,fp32,forward,none,in-place,online-reorder,cufftdx-block,18,262144,16,100,50,0.396247,10585073678.310907,0.000563,1
fft20-fp32_b8_d4_3x3x4x10_t512x512x512x512_e8x8x16x16_rrr_ffg_gt256x128_ge16x16,fft20-fp32-batch8,3,fft20-fp32_b8_d4_3x3x4x10_t512x512x512x512_e8x8x16x16_rrr_ffg_gt256x128_ge16x16,0,1217624.1833277687,fft20-fp32,4,3x3x4x10,512x512x512x512,8x8x16x16,recurrencexrecurrencexrecurrence,direct-stridedxdirect-stridedxdirect-strided,fusedxfusedxglobal-scratch,2,10x10,256x128,16x16,cufftdx-online-shared+cufftdx-online-shared+cufftdx-online-shared+cufftdx-online-shared,3,10,512,512,8,16,recurrence,direct-strided,Tesla V100-SXM2-16GB,7.0,fft,fp32,forward,none,in-place,online-reorder,cufftdx-block,20,1048576,8,100,50,0.398356,21058043949.812012,0.001451,1
fft18-fp32_b16_d3_3x3x12_t256x256x1024_e8x8x4_tt_fg_gt256x1024_ge16x4,fft18-fp32-batch16,1,fft18-fp32_b16_d3_3x3x12_t256x256x1024_e8x8x4_tt_fg_gt256x1024_ge16x4,0,1607201.65278427,fft18-fp32,3,3x3x12,256x256x1024,8x8x4,tablextable,direct-stridedxdirect-strided,fusedxglobal-scratch,2,6x12,256x1024,16x4,cufftdx-online-shared+cufftdx-online-shared+cufftdx-large-online,3,12,256,1024,8,4,table,direct-strided,Tesla V100-SXM2-16GB,7.0,fft,fp32,forward,none,in-place,online-reorder,cufftdx-block,18,262144,16,100,50,0.342323,12252468415.449844,0.000543,1
fft18-fp32_b16_d3_4x4x10_t128x128x128_e16x16x16_tt_fg_gt128x128_ge16x16,fft18-fp32-batch16,1,fft18-fp32_b16_d3_4x4x10_t128x128x128_e16x16x16_tt_fg_gt128x128_ge16x16,0,608812.0916638843,fft18-fp32,3,4x4x10,128x128x128,16x16x16,tablextable,direct-stridedxdirect-strided,fusedxglobal-scratch,2,8x10,128x128,16x16,cufftdx-online-shared+cufftdx-online-shared+cufftdx-online-shared,4,10,128,128,16,16,table,direct-strided,Tesla V100-SXM2-16GB,7.0,fft,fp32,forward,none,in-place,online-reorder,cufftdx-block,18,262144,16,100,50,0.257434,16292760966.706558,0.000610,1
fft20-fp32_b2_d3_3x7x10_t128x128x128_e8x16x16_tt_fg_gt128x128_ge16x16,fft20-fp32-batch2,1,fft20-fp32_b2_d3_3x7x10_t128x128x128_e8x16x16_tt_fg_gt128x128_ge16x16,0,304406.0458319422,fft20-fp32,3,3x7x10,128x128x128,8x16x16,tablextable,direct-stridedxdirect-strided,fusedxglobal-scratch,2,10x10,128x128,16x16,cufftdx-online-shared+cufftdx-online-shared+cufftdx-online-shared,3,10,128,128,8,16,table,direct-strided,Tesla V100-SXM2-16GB,7.0,fft,fp32,forward,none,in-place,online-reorder,cufftdx-block,20,1048576,2,100,50,0.183767,11412014092.258625,0.001125,1
fft18-fp32_b16_d3_3x3x12_t128x128x512_e8x8x8_tt_fg_gt128x512_ge16x8,fft18-fp32-batch16,1,fft18-fp32_b16_d3_3x3x12_t128x128x512_e8x8x8_tt_fg_gt128x512_ge16x8,0,909737.5564855004,fft18-fp32,3,3x3x12,128x128x512,8x8x8,tablextable,direct-stridedxdirect-strided,fusedxglobal-scratch,2,6x12,128x512,16x8,cufftdx-online-shared+cufftdx-online-shared+cufftdx-large-online,3,12,128,512,8,8,table,direct-strided,Tesla V100-SXM2-16GB,7.0,fft,fp32,forward,none,in-place,online-reorder,cufftdx-block,18,262144,16,100,50,0.341975,12264942150.107653,0.000587,1
fft20-fp32_b2_p11s9_t256x128_e8x16_rec,fft20-fp32-batch2,2,fft20-fp32_b2_p11s9_t256x128_e8x16_rec,0,509007.80142380524,fft20-fp32,2,11x9,256x128,8x16,recurrence,direct-strided,global-scratch,2,,,,cufftdx-large-online+cufftdx-online-shared,11,9,256,128,8,16,recurrence,direct-strided,Tesla V100-SXM2-16GB,7.0,fft,fp32,forward,none,in-place,online-reorder,cufftdx-block,20,1048576,2,100,50,0.170742,12282595176.567245,0.001485,1
fft18-fp32_b2_d3_3x11x4_t128x512x128_e8x4x16_tt_gg,fft18-fp32-batch2,2,fft18-fp32_b2_d3_3x11x4_t128x512x128_e8x4x16_tt_gg,0,352256.0,fft18-fp32,3,3x11x4,128x512x128,8x4x16,tablextable,direct-stridedxdirect-strided,global-scratchxglobal-scratch,3,,,,cufftdx-online-shared+cufftdx-large-online+cufftdx-online-shared,3,4,128,128,8,16,table,direct-strided,Tesla V100-SXM2-16GB,7.0,fft,fp32,forward,none,in-place,online-reorder,cufftdx-block,18,262144,2,100,50,0.089149,5881001750.263489,0.000391,1
fft20-fp32_b8_p12s8_t256x128_e16x16_rec_ptx,fft20-fp32-batch8,2,fft20-fp32_b8_p12s8_t256x128_e16x16_rec_ptx,0,1193271.6996612132,fft20-fp32,2,12x8,256x128,16x16,recurrence,prefix-tiled-transpose,global-scratch,2,,,,cufftdx-large-online+cufftdx-online-shared,12,8,256,128,16,16,recurrence,prefix-tiled-transpose,Tesla V100-SXM2-16GB,7.0,fft,fp32,forward,none,in-place,online-reorder,cufftdx-block,20,1048576,8,100,50,0.882381,9506788440.617584,0.001355,1
fft20-fp32_b16_d3_4x4x12_t128x128x512_e16x16x8_tt_fg_gt128x512_ge16x8,fft20-fp32-batch16,2,fft20-fp32_b16_d3_4x4x12_t128x128x512_e16x16x8_tt_fg_gt128x512_ge16x8,0,3638950.2259420017,fft20-fp32,3,4x4x12,128x128x512,16x16x8,tablextable,direct-stridedxdirect-strided,fusedxglobal-scratch,2,8x12,128x512,16x8,cufftdx-online-shared+cufftdx-online-shared+cufftdx-large-online,4,12,128,512,16,8,table,direct-strided,Tesla V100-SXM2-16GB,7.0,fft,fp32,forward,none,in-place,online-reorder,cufftdx-block,20,1048576,16,100,50,1.761669,9523477160.795218,0.001152,1
fft18-fp32_b16_d3_3x12x3_t128x512x128_e8x8x8_tt_gg,fft18-fp32-batch16,2,fft18-fp32_b16_d3_3x12x3_t128x512x128_e8x8x8_tt_gg,0,1758790.4870289993,fft18-fp32,3,3x12x3,128x512x128,8x8x8,tablextable,direct-stridedxdirect-strided,global-scratchxglobal-scratch,3,,,,cufftdx-online-shared+cufftdx-large-online+cufftdx-online-shared,3,3,128,128,8,8,table,direct-strided,Tesla V100-SXM2-16GB,7.0,fft,fp32,forward,none,in-place,online-reorder,cufftdx-block,18,262144,16,100,50,0.720814,5818843298.628086,0.000498,1
fft18-fp32_b16_d3_4x4x10_t256x256x256_e16x16x16_tt_fg_gt256x256_ge16x16,fft18-fp32-batch16,1,fft18-fp32_b16_d3_4x4x10_t256x256x256_e16x16x16_tt_fg_gt256x256_ge16x16,0,608812.0916638843,fft18-fp32,3,4x4x10,256x256x256,16x16x16,tablextable,direct-stridedxdirect-strided,fusedxglobal-scratch,2,8x10,256x256,16x16,cufftdx-online-shared+cufftdx-online-shared+cufftdx-online-shared,4,10,256,256,16,16,table,direct-strided,Tesla V100-SXM2-16GB,7.0,fft,fp32,forward,none,in-place,online-reorder,cufftdx-block,18,262144,16,100,50,0.282829,14829833043.418446,0.000610,1
fft18-fp32_b16_d4_6x3x3x6_t512x512x512x512_e16x8x8x16_ttt_gff_gt512x256_ge16x16,fft18-fp32-batch16,2,fft18-fp32_b16_d4_6x3x3x6_t512x512x512x512_e16x8x8x16_ttt_gff_gt512x256_ge16x16,0,608812.0916638843,fft18-fp32,4,6x3x3x6,512x512x512x512,16x8x8x16,tablextablextable,direct-stridedxdirect-stridedxdirect-strided,global-scratchxfusedxfused,2,6x12,512x256,16x16,cufftdx-online-shared+cufftdx-online-shared+cufftdx-online-shared+cufftdx-online-shared,6,6,512,512,16,16,table,direct-strided,Tesla V100-SXM2-16GB,7.0,fft,fp32,forward,none,in-place,online-reorder,cufftdx-block,18,262144,16,100,50,0.368783,11373354048.981291,0.000550,1
fft20-fp32_b8_d3_10x7x3_t128x128x128_e16x16x8_tt_gf_gt128x128_ge16x16,fft20-fp32-batch8,1,fft20-fp32_b8_d3_10x7x3_t128x128x128_e16x16x8_tt_gf_gt128x128_ge16x16,0,1217624.1833277687,fft20-fp32,3,10x7x3,128x128x128,16x16x8,tablextable,direct-stridedxdirect-strided,global-scratchxfused,2,10x10,128x128,16x16,cufftdx-online-shared+cufftdx-online-shared+cufftdx-online-shared,10,3,128,128,16,8,table,direct-strided,Tesla V100-SXM2-16GB,7.0,fft,fp32,forward,none,in-place,online-reorder,cufftdx-block,20,1048576,8,100,50,0.648561,12934192180.797392,0.001343,1
fft18-fp32_b2_d3_4x4x10_t256x256x256_e16x16x16_tt_fg_gt256x256_ge16x16,fft18-fp32-batch2,2,fft18-fp32_b2_d3_4x4x10_t256x256x256_e16x16x16_tt_fg_gt256x256_ge16x16,0,93304.71145798556,fft18-fp32,3,4x4x10,256x256x256,16x16x16,tablextable,direct-stridedxdirect-strided,fusedxglobal-scratch,2,8x10,256x256,16x16,cufftdx-online-shared+cufftdx-online-shared+cufftdx-online-shared,4,10,256,256,16,16,table,direct-strided,Tesla V100-SXM2-16GB,7.0,fft,fp32,forward,none,in-place,online-reorder,cufftdx-block,18,262144,2,100,50,0.039444,13291796438.589510,0.000501,1
fft18-fp32_b2_d3_3x6x9_t512x512x512_e8x16x16_rr_fg_gt256x256_ge8x8,fft18-fp32-batch2,1,fft18-fp32_b2_d3_3x6x9_t512x512x512_e8x16x16_rr_fg_gt256x256_ge8x8,0,166948.6229159711,fft18-fp32,3,3x6x9,512x512x512,8x16x16,recurrencexrecurrence,direct-stridedxdirect-strided,fusedxglobal-scratch,2,9x9,256x256,8x8,cufftdx-online-shared+cufftdx-online-shared+cufftdx-online-shared,3,9,512,512,8,16,recurrence,direct-strided,Tesla V100-SXM2-16GB,7.0,fft,fp32,forward,none,in-place,online-reorder,cufftdx-block,18,262144,2,100,50,0.025887,20253164520.658951,0.000553,1
fft18-fp32_b16_p7s11_t128x256_e16x8_rec,fft18-fp32-batch16,1,fft18-fp32_b16_p7s11_t128x256_e16x8_rec,0,891542.8053557904,fft18-fp32,2,7x11,128x256,16x8,recurrence,direct-strided,global-scratch,2,,,,cufftdx-online-shared+cufftdx-large-online,7,11,128,256,16,8,recurrence,direct-strided,Tesla V100-SXM2-16GB,7.0,fft,fp32,forward,none,in-place,online-reorder,cufftdx-block,18,262144,16,100,50,0.290816,14422534762.713404,0.000712,1
fft18-fp32_b16_d3_9x3x6_t512x512x512_e16x8x16_rr_gf_gt256x256_ge8x8,fft18-fp32-batch16,3,fft18-fp32_b16_d3_9x3x6_t512x512x512_e16x8x16_rr_gf_gt256x256_ge8x8,0,1217624.1833277687,fft18-fp32,3,9x3x6,512x512x512,16x8x16,recurrencexrecurrence,direct-stridedxdirect-strided,global-scratchxfused,2,9x9,256x256,8x8,cufftdx-online-shared+cufftdx-online-shared+cufftdx-online-shared,9,6,512,512,16,16,recurrence,direct-strided,Tesla V100-SXM2-16GB,7.0,fft,fp32,forward,none,in-place,online-reorder,cufftdx-block,18,262144,16,100,50,0.196096,21389033609.274319,0.000629,1
fft20-fp32_b8_p9s11_t128x256_e16x8_rec_tx,fft20-fp32-batch8,1,fft20-fp32_b8_p9s11_t128x256_e16x8_rec_tx,0,1783085.6107115808,fft20-fp32,2,9x11,128x256,16x8,recurrence,tiled-transpose,global-scratch,2,,,,cufftdx-online-shared+cufftdx-large-online,9,11,128,256,16,8,recurrence,tiled-transpose,Tesla V100-SXM2-16GB,7.0,fft,fp32,forward,none,in-place,online-reorder,cufftdx-block,20,1048576,8,100,50,0.539116,15559944485.068533,0.001716,1
fft18-fp32_b16_d3_12x3x3_t256x512x512_e16x8x8_tt_gf_gt256x512_ge16x16,fft18-fp32-batch16,2,fft18-fp32_b16_d3_12x3x3_t256x512x512_e16x8x8_tt_gf_gt256x512_ge16x16,0,608812.0916638843,fft18-fp32,3,12x3x3,256x512x512,16x8x8,tablextable,direct-stridedxdirect-strided,global-scratchxfused,2,12x6,256x512,16x16,cufftdx-large-online+cufftdx-online-shared+cufftdx-online-shared,12,3,256,512,16,8,table,direct-strided,Tesla V100-SXM2-16GB,7.0,fft,fp32,forward,none,in-place,online-reorder,cufftdx-block,18,262144,16,100,50,0.397722,10545829344.194767,0.000522,1
fft18-fp32_b64_d3_3x12x3_t256x1024x256_e8x4x8_tt_gg,fft18-fp32-batch64,2,fft18-fp32_b64_d3_3x12x3_t256x1024x256_e8x4x8_tt_gg,0,9804185.600000001,fft18-fp32,3,3x12x3,256x1024x256,8x4x8,tablextable,direct-stridedxdirect-strided,global-scratchxglobal-scratch,3,,,,cufftdx-online-shared+cufftdx-large-online+cufftdx-online-shared,3,3,256,256,8,8,table,direct-strided,Tesla V100-SXM2-16GB,7.0,fft,fp32,forward,none,in-place,online-reorder,cufftdx-block,18,262144,64,100,50,3.044495,5510672247.264682,0.000489,1
fft20-fp32_b8_d3_4x11x5_t128x512x128_e16x4x16_tt_gg,fft20-fp32-batch8,3,fft20-fp32_b8_d3_4x11x5_t128x512x128_e16x4x16_tt_gg,0,3932160.0,fft20-fp32,3,4x11x5,128x512x128,16x4x16,tablextable,direct-stridedxdirect-strided,global-scratchxglobal-scratch,3,,,,cufftdx-online-shared+cufftdx-large-online+cufftdx-online-shared,4,5,128,128,16,16,table,direct-strided,Tesla V100-SXM2-16GB,7.0,fft,fp32,forward,none,in-place,online-reorder,cufftdx-block,20,1048576,8,100,50,1.627177,5155313773.341197,0.001234,1
fft18-fp32_b16_d3_3x4x11_t256x256x1024_e8x16x2_tt_fg_gt256x1024_ge16x2,fft18-fp32-batch16,2,fft18-fp32_b16_d3_3x4x11_t256x256x1024_e8x16x2_tt_fg_gt256x1024_ge16x2,0,3074219.4453818086,fft18-fp32,3,3x4x11,256x256x1024,8x16x2,tablextable,direct-stridedxdirect-strided,fusedxglobal-scratch,2,7x11,256x1024,16x2,cufftdx-online-shared+cufftdx-online-shared+cufftdx-large-online,3,11,256,1024,8,2,table,direct-strided,Tesla V100-SXM2-16GB,7.0,fft,fp32,forward,none,in-place,online-reorder,cufftdx-block,18,262144,16,100,50,0.343654,12205006167.248165,0.000489,1
fft20-fp32_b16_d4_4x4x4x8_t512x512x512x512_e16x16x16x16_ttt_ggg,fft20-fp32-batch16,2,fft20-fp32_b16_d4_4x4x4x8_t512x512x512x512_e16x16x16x16_ttt_ggg,0,4599913.58146046,fft20-fp32,4,4x4x4x8,512x512x512x512,16x16x16x16,tablextablextable,direct-stridedxdirect-stridedxdirect-strided,global-scratchxglobal-scratchxglobal-scratch,4,,,,cufftdx-online-shared+cufftdx-online-shared+cufftdx-online-shared+cufftdx-online-shared,4,8,512,512,16,16,table,direct-strided,Tesla V100-SXM2-16GB,7.0,fft,fp32,forward,none,in-place,online-reorder,cufftdx-block,20,1048576,16,100,50,3.578696,4688081094.102133,0.001043,1
fft18-fp32_b2_d3_5x3x10_t256x256x256_e16x8x16_tt_fg_gt256x256_ge16x16,fft18-fp32-batch2,1,fft18-fp32_b2_d3_5x3x10_t256x256x256_e16x8x16_tt_fg_gt256x256_ge16x16,0,93304.71145798556,fft18-fp32,3,5x3x10,256x256x256,16x8x16,tablextable,direct-stridedxdirect-strided,fusedxglobal-scratch,2,8x10,256x256,16x16,cufftdx-online-shared+cufftdx-online-shared+cufftdx-online-shared,5,10,256,256,16,16,table,direct-strided,Tesla V100-SXM2-16GB,7.0,fft,fp32,forward,none,in-place,online-reorder,cufftdx-block,18,262144,2,100,50,0.039424,13298701823.149811,0.000501,1
fft20-fp32_b2_d3_5x12x3_t128x512x128_e16x8x8_tt_gg,fft20-fp32-batch2,3,fft20-fp32_b2_d3_5x12x3_t128x512x128_e16x8x8_tt_gg,0,734788.026392135,fft20-fp32,3,5x12x3,128x512x128,16x8x8,tablextable,direct-stridedxdirect-strided,global-scratchxglobal-scratch,3,,,,cufftdx-online-shared+cufftdx-large-online+cufftdx-online-shared,5,3,128,128,16,8,table,direct-strided,Tesla V100-SXM2-16GB,7.0,fft,fp32,forward,none,in-place,online-reorder,cufftdx-block,20,1048576,2,100,50,0.435241,4818369770.476896,0.001315,1
fft20-fp32_b8_d3_4x4x12_t128x128x512_e16x16x8_tt_fg_gt128x512_ge16x8,fft20-fp32-batch8,2,fft20-fp32_b8_d3_4x4x12_t128x128x512_e16x16x8_tt_fg_gt128x512_ge16x8,0,1819475.1129710008,fft20-fp32,3,4x4x12,128x128x512,16x16x8,tablextable,direct-stridedxdirect-strided,fusedxglobal-scratch,2,8x12,128x512,16x8,cufftdx-online-shared+cufftdx-online-shared+cufftdx-large-online,4,12,128,512,16,8,table,direct-strided,Tesla V100-SXM2-16GB,7.0,fft,fp32,forward,none,in-place,online-reorder,cufftdx-block,20,1048576,8,100,50,0.874967,9587341727.890528,0.001158,1
fft20-fp32_b16_p8s12_t128x256_e16x16_rec_tx,fft20-fp32-batch16,2,fft20-fp32_b16_p8s12_t128x256_e16x16_rec_tx,0,2386543.3993224264,fft20-fp32,2,8x12,128x256,16x16,recurrence,tiled-transpose,global-scratch,2,,,,cufftdx-online-shared+cufftdx-large-online,8,12,128,256,16,16,recurrence,tiled-transpose,Tesla V100-SXM2-16GB,7.0,fft,fp32,forward,none,in-place,online-reorder,cufftdx-block,20,1048576,16,100,50,1.104445,15190624296.293482,0.001339,1
fft20-fp32_b16_d3_3x12x5_t128x512x128_e8x8x16_tt_gg,fft20-fp32-batch16,3,fft20-fp32_b16_d3_3x12x5_t128x512x128_e8x8x16_tt_gg,0,6529546.140713537,fft20-fp32,3,3x12x5,128x512x128,8x8x16,tablextable,direct-stridedxdirect-strided,global-scratchxglobal-scratch,3,,,,cufftdx-online-shared+cufftdx-large-online+cufftdx-online-shared,3,5,128,128,8,16,table,direct-strided,Tesla V100-SXM2-16GB,7.0,fft,fp32,forward,none,in-place,online-reorder,cufftdx-block,20,1048576,16,100,50,2.943386,5699972166.083483,0.001393,1
fft18-fp32_b16_d3_3x3x12_t512x512x256_e8x8x16_tt_fg_gt512x256_ge16x16,fft18-fp32-batch16,2,fft18-fp32_b16_d3_3x3x12_t512x512x256_e8x8x16_tt_fg_gt512x256_ge16x16,0,608812.0916638843,fft18-fp32,3,3x3x12,512x512x256,8x8x16,tablextable,direct-stridedxdirect-strided,fusedxglobal-scratch,2,6x12,512x256,16x16,cufftdx-online-shared+cufftdx-online-shared+cufftdx-large-online,3,12,512,256,8,16,table,direct-strided,Tesla V100-SXM2-16GB,7.0,fft,fp32,forward,none,in-place,online-reorder,cufftdx-block,18,262144,16,100,50,0.367677,11407564804.199848,0.000550,1
fft18-fp32_b64_d3_8x7x3_t128x128x128_e16x16x8_tt_gf_gt128x128_ge16x16,fft18-fp32-batch64,1,fft18-fp32_b64_d3_8x7x3_t128x128x128_e16x16x8_tt_gf_gt128x128_ge16x16,0,2435248.3666555374,fft18-fp32,3,8x7x3,128x128x128,16x16x8,tablextable,direct-stridedxdirect-strided,global-scratchxfused,2,8x10,128x128,16x16,cufftdx-online-shared+cufftdx-online-shared+cufftdx-online-shared,8,3,128,128,16,8,table,direct-strided,Tesla V100-SXM2-16GB,7.0,fft,fp32,forward,none,in-place,online-reorder,cufftdx-block,18,262144,64,100,50,0.938865,17869685507.517586,0.000610,1
fft18-fp32_b2_d3_4x3x11_t128x128x512_e16x8x4_tt_fg_gt128x512_ge16x4,fft18-fp32-batch2,3,fft18-fp32_b2_d3_4x3x11_t128x128x512_e16x8x4_tt_fg_gt128x512_ge16x4,0,241041.00659803377,fft18-fp32,3,4x3x11,128x128x512,16x8x4,tablextable,direct-stridedxdirect-strided,fusedxglobal-scratch,2,7x11,128x512,16x4,cufftdx-online-shared+cufftdx-online-shared+cufftdx-large-online,4,11,128,512,16,4,table,direct-strided,Tesla V100-SXM2-16GB,7.0,fft,fp32,forward,none,in-place,online-reorder,cufftdx-block,18,262144,2,100,50,0.053432,9812188020.001772,0.000516,1
fft20-fp32_b16_p10s10_t512x512_e8x8_rec,fft20-fp32-batch16,2,fft20-fp32_b16_p10s10_t512x512_e8x8_rec,0,4773086.798644853,fft20-fp32,2,10x10,512x512,8x8,recurrence,direct-strided,global-scratch,2,,,,cufftdx-online-shared+cufftdx-online-shared,10,10,512,512,8,8,recurrence,direct-strided,Tesla V100-SXM2-16GB,7.0,fft,fp32,forward,none,in-place,online-reorder,cufftdx-block,20,1048576,16,100,50,0.828928,20239654259.481773,0.001466,1
fft18-fp32_b64_d3_9x3x6_t512x512x512_e16x8x16_rr_gf_gt256x256_ge8x8,fft18-fp32-batch64,1,fft18-fp32_b64_d3_9x3x6_t512x512x512_e16x8x16_rr_gf_gt256x256_ge8x8,0,4870496.733311075,fft18-fp32,3,9x3x6,512x512x512,16x8x16,recurrencexrecurrence,direct-stridedxdirect-strided,global-scratchxfused,2,9x9,256x256,8x8,cufftdx-online-shared+cufftdx-online-shared+cufftdx-online-shared,9,6,512,512,16,16,recurrence,direct-strided,Tesla V100-SXM2-16GB,7.0,fft,fp32,forward,none,in-place,online-reorder,cufftdx-block,18,262144,64,100,50,0.810004,20712497973.501537,0.000666,1
fft18-fp32_b2_p7s11_t128x256_e16x8_rec,fft18-fp32-batch2,1,fft18-fp32_b2_p7s11_t128x256_e16x8_rec,0,135794.93600280714,fft18-fp32,2,7x11,128x256,16x8,recurrence,direct-strided,global-scratch,2,,,,cufftdx-online-shared+cufftdx-large-online,7,11,128,256,16,8,recurrence,direct-strided,Tesla V100-SXM2-16GB,7.0,fft,fp32,forward,none,in-place,online-reorder,cufftdx-block,18,262144,2,100,50,0.042721,12272290693.962553,0.000682,1
fft20-fp32_b2_d3_5x3x12_t128x128x512_e16x8x8_tt_fg_gt128x512_ge16x8,fft20-fp32-batch2,3,fft20-fp32_b2_d3_5x3x12_t128x128x512_e16x8x8_tt_fg_gt128x512_ge16x8,0,454868.7782427502,fft20-fp32,3,5x3x12,128x128x512,16x8x8,tablextable,direct-stridedxdirect-strided,fusedxglobal-scratch,2,8x12,128x512,16x8,cufftdx-online-shared+cufftdx-online-shared+cufftdx-large-online,5,12,128,512,16,8,table,direct-strided,Tesla V100-SXM2-16GB,7.0,fft,fp32,forward,none,in-place,online-reorder,cufftdx-block,20,1048576,2,100,50,0.221225,9479725819.621456,0.001120,1
fft20-fp32_b16_d3_3x11x6_t128x512x128_e8x4x16_tt_gg,fft20-fp32-batch16,3,fft20-fp32_b16_d3_3x11x6_t128x512x128_e8x4x16_tt_gg,0,9437184.0,fft20-fp32,3,3x11x6,128x512x128,8x4x16,tablextable,direct-stridedxdirect-strided,global-scratchxglobal-scratch,3,,,,cufftdx-online-shared+cufftdx-large-online+cufftdx-online-shared,3,6,128,128,8,16,table,direct-strided,Tesla V100-SXM2-16GB,7.0,fft,fp32,forward,none,in-place,online-reorder,cufftdx-block,20,1048576,16,100,50,2.792837,6007230332.919698,0.001274,1
fft18-fp32_b2_d3_4x11x3_t256x1024x256_e16x2x8_tt_gg,fft18-fp32-batch2,3,fft18-fp32_b2_d3_4x11x3_t256x1024x256_e16x2x8_tt_gg,0,553380.4427100723,fft18-fp32,3,4x11x3,256x1024x256,16x2x8,tablextable,direct-stridedxdirect-strided,global-scratchxglobal-scratch,3,,,,cufftdx-online-shared+cufftdx-large-online+cufftdx-online-shared,4,3,256,256,16,8,table,direct-strided,Tesla V100-SXM2-16GB,7.0,fft,fp32,forward,none,in-place,online-reorder,cufftdx-block,18,262144,2,100,50,0.100147,5235173687.642999,0.000367,1
fft20-fp32_b16_d3_3x5x12_t512x512x256_e8x16x16_tt_fg_gt512x256_ge16x16,fft20-fp32-batch16,1,fft20-fp32_b16_d3_3x5x12_t512x512x256_e8x16x16_tt_fg_gt512x256_ge16x16,0,2435248.3666555374,fft20-fp32,3,3x5x12,512x512x256,8x16x16,tablextable,direct-stridedxdirect-strided,fusedxglobal-scratch,2,8x12,512x256,16x16,cufftdx-online-shared+cufftdx-online-shared+cufftdx-large-online,3,12,512,256,8,16,table,direct-strided,Tesla V100-SXM2-16GB,7.0,fft,fp32,forward,none,in-place,online-reorder,cufftdx-block,20,1048576,16,100,50,2.100736,7986351819.735165,0.001221,1
fft18-fp32_b16_d3_4x4x10_t256x256x256_e16x16x16_tt_fg_gt256x256_ge16x16,fft18-fp32-batch16,3,fft18-fp32_b16_d3_4x4x10_t256x256x256_e16x16x16_tt_fg_gt256x256_ge16x16,0,608812.0916638843,fft18-fp32,3,4x4x10,256x256x256,16x16x16,tablextable,direct-stridedxdirect-strided,fusedxglobal-scratch,2,8x10,256x256,16x16,cufftdx-online-shared+cufftdx-online-shared+cufftdx-online-shared,4,10,256,256,16,16,table,direct-strided,Tesla V100-SXM2-16GB,7.0,fft,fp32,forward,none,in-place,online-reorder,cufftdx-block,18,262144,16,100,50,0.280064,14976234710.680031,0.000610,1
fft20-fp32_b8_d3_7x3x10_t128x128x128_e16x8x16_tt_fg_gt128x128_ge16x16,fft20-fp32-batch8,2,fft20-fp32_b8_d3_7x3x10_t128x128x128_e16x8x16_tt_fg_gt128x128_ge16x16,0,1217624.1833277687,fft20-fp32,3,7x3x10,128x128x128,16x8x16,tablextable,direct-stridedxdirect-strided,fusedxglobal-scratch,2,10x10,128x128,16x16,cufftdx-online-shared+cufftdx-online-shared+cufftdx-online-shared,7,10,128,128,16,16,table,direct-strided,Tesla V100-SXM2-16GB,7.0,fft,fp32,forward,none,in-place,online-reorder,cufftdx-block,20,1048576,8,100,50,0.648499,12935416648.008108,0.001343,1
fft18-fp32_b64_d3_11x3x4_t512x128x128_e4x8x16_tt_gf_gt512x128_ge4x16,fft18-fp32-batch64,2,fft18-fp32_b64_d3_11x3x4_t512x128x128_e4x8x16_tt_gf_gt512x128_ge4x16,0,7752286.844414767,fft18-fp32,3,11x3x4,512x128x128,4x8x16,tablextable,direct-stridedxdirect-strided,global-scratchxfused,2,11x7,512x128,4x16,cufftdx-large-online+cufftdx-online-shared+cufftdx-online-shared,11,4,512,128,4,16,table,direct-strided,Tesla V100-SXM2-16GB,7.0,fft,fp32,forward,none,in-place,online-reorder,cufftdx-block,18,262144,64,100,50,1.536717,10917571666.194990,0.000550,1
fft20-fp32_b2_d3_6x11x3_t128x512x128_e16x4x8_tt_gg,fft20-fp32-batch2,2,fft20-fp32_b2_d3_6x11x3_t128x512x128_e16x4x8_tt_gg,0,1109734.4745415198,fft20-fp32,3,6x11x3,128x512x128,16x4x8,tablextable,direct-stridedxdirect-strided,global-scratchxglobal-scratch,3,,,,cufftdx-online-shared+cufftdx-large-online+cufftdx-online-shared,6,3,128,128,16,8,table,direct-strided,Tesla V100-SXM2-16GB,7.0,fft,fp32,forward,none,in-place,online-reorder,cufftdx-block,20,1048576,2,100,50,0.421663,4973529577.526850,0.001152,1
fft20-fp32_b16_d3_10x3x7_t512x512x512_e16x8x16_rr_gf_gt512x512_ge8x8,fft20-fp32-batch16,1,fft20-fp32_b16_d3_10x3x7_t512x512x512_e16x8x16_rr_gf_gt512x512_ge8x8,0,4870496.733311075,fft20-fp32,3,10x3x7,512x512x512,16x8x16,recurrencexrecurrence,direct-stridedxdirect-strided,global-scratchxfused,2,10x10,512x512,8x8,cufftdx-online-shared+cufftdx-online-shared+cufftdx-online-shared,10,7,512,512,16,16,recurrence,direct-strided,Tesla V100-SXM2-16GB,7.0,fft,fp32,forward,none,in-place,online-reorder,cufftdx-block,20,1048576,16,100,50,0.829338,20229658058.247044,0.001466,1
fft18-fp32_b64_d3_4x4x10_t128x128x128_e16x16x16_tt_fg_gt128x128_ge16x16,fft18-fp32-batch64,1,fft18-fp32_b64_d3_4x4x10_t128x128x128_e16x16x16_tt_fg_gt128x128_ge16x16,0,2435248.3666555374,fft18-fp32,3,4x4x10,128x128x128,16x16x16,tablextable,direct-stridedxdirect-strided,fusedxglobal-scratch,2,8x10,128x128,16x16,cufftdx-online-shared+cufftdx-online-shared+cufftdx-online-shared,4,10,128,128,16,16,table,direct-strided,Tesla V100-SXM2-16GB,7.0,fft,fp32,forward,none,in-place,online-reorder,cufftdx-block,18,262144,64,100,50,0.989225,16959961094.708023,0.000610,1
fft20-fp32_b8_p8s12_t128x256_e16x16_rec,fft20-fp32-batch8,3,fft20-fp32_b8_p8s12_t128x256_e16x16_rec,0,1193271.6996612132,fft20-fp32,2,8x12,128x256,16x16,recurrence,direct-strided,global-scratch,2,,,,cufftdx-online-shared+cufftdx-large-online,8,12,128,256,16,16,recurrence,direct-strided,Tesla V100-SXM2-16GB,7.0,fft,fp32,forward,none,in-place,online-reorder,cufftdx-block,20,1048576,8,100,50,0.770908,10881462799.278660,0.001371,1
fft20-fp32_b8_d3_8x3x9_t512x512x512_e16x8x16_tt_gf_gt512x256_ge16x16,fft20-fp32-batch8,2,fft20-fp32_b8_d3_8x3x9_t512x512x512_e16x8x16_tt_gf_gt512x256_ge16x16,0,1217624.1833277687,fft20-fp32,3,8x3x9,512x512x512,16x8x16,tablextable,direct-stridedxdirect-strided,global-scratchxfused,2,8x12,512x256,16x16,cufftdx-online-shared+cufftdx-online-shared+cufftdx-online-shared,8,9,512,512,16,16,table,direct-strided,Tesla V100-SXM2-16GB,7.0,fft,fp32,forward,none,in-place,online-reorder,cufftdx-block,20,1048576,8,100,50,0.999322,8394302863.509684,0.001066,1
fft20-fp32_b2_d3_7x3x10_t128x128x128_e16x8x16_tt_fg_gt128x128_ge16x16,fft20-fp32-batch2,3,fft20-fp32_b2_d3_7x3x10_t128x128x128_e16x8x16_tt_fg_gt128x128_ge16x16,0,304406.0458319422,fft20-fp32,3,7x3x10,128x128x128,16x8x16,tablextable,direct-stridedxdirect-strided,fusedxglobal-scratch,2,10x10,128x128,16x16,cufftdx-online-shared+cufftdx-online-shared+cufftdx-online-shared,7,10,128,128,16,16,table,direct-strided,Tesla V100-SXM2-16GB,7.0,fft,fp32,forward,none,in-place,online-reorder,cufftdx-block,20,1048576,2,100,50,0.183849,11406929606.894661,0.001125,1
fft18-fp32_b16_d4_6x3x3x6_t512x512x512x512_e16x8x8x16_ttt_gff_gt512x256_ge16x16,fft18-fp32-batch16,1,fft18-fp32_b16_d4_6x3x3x6_t512x512x512x512_e16x8x8x16_ttt_gff_gt512x256_ge16x16,0,608812.0916638843,fft18-fp32,4,6x3x3x6,512x512x512x512,16x8x8x16,tablextablextable,direct-stridedxdirect-stridedxdirect-strided,global-scratchxfusedxfused,2,6x12,512x256,16x16,cufftdx-online-shared+cufftdx-online-shared+cufftdx-online-shared+cufftdx-online-shared,6,6,512,512,16,16,table,direct-strided,Tesla V100-SXM2-16GB,7.0,fft,fp32,forward,none,in-place,online-reorder,cufftdx-block,18,262144,16,100,50,0.368927,11368934849.390268,0.000550,1
fft18-fp32_b64_d4_3x3x3x9_t512x512x512x512_e8x8x8x16_ttt_ffg_gt512x512_ge16x16,fft18-fp32-batch64,3,fft18-fp32_b64_d4_3x3x3x9_t512x512x512x512_e8x8x8x16_ttt_ffg_gt512x512_ge16x16,0,2435248.3666555374,fft18-fp32,4,3x3x3x9,512x512x512x512,8x8x8x16,tablextablextable,direct-stridedxdirect-stridedxdirect-strided,fusedxfusedxglobal-scratch,2,9x9,512x512,16x16,cufftdx-online-shared+cufftdx-online-shared+cufftdx-online-shared+cufftdx-online-shared,3,9,512,512,8,16,table,direct-strided,Tesla V100-SXM2-16GB,7.0,fft,fp32,forward,none,in-place,online-reorder,cufftdx-block,18,262144,64,100,50,1.209283,13873694325.467852,0.000857,1
fft20-fp32_b2_d3_3x5x12_t512x512x256_e8x16x16_tt_fg_gt512x256_ge16x16,fft20-fp32-batch2,2,fft20-fp32_b2_d3_3x5x12_t512x512x256_e8x16x16_tt_fg_gt512x256_ge16x16,0,304406.0458319422,fft20-fp32,3,3x5x12,512x512x256,8x16x16,tablextable,direct-stridedxdirect-strided,fusedxglobal-scratch,2,8x12,512x256,16x16,cufftdx-online-shared+cufftdx-online-shared+cufftdx-large-online,3,12,512,256,8,16,table,direct-strided,Tesla V100-SXM2-16GB,7.0,fft,fp32,forward,none,in-place,online-reorder,cufftdx-block,20,1048576,2,100,50,0.247583,8470510424.789656,0.001102,1
fft20-fp32_b8_d4_3x7x3x7_t512x512x512x512_e8x16x8x16_rrr_fgf_gt512x512_ge8x8,fft20-fp32-batch8,2,fft20-fp32_b8_d4_3x7x3x7_t512x512x512x512_e8x16x8x16_rrr_fgf_gt512x512_ge8x8,0,2435248.3666555374,fft20-fp32,4,3x7x3x7,512x512x512x512,8x16x8x16,recurrencexrecurrencexrecurrence,direct-stridedxdirect-stridedxdirect-strided,fusedxglobal-scratchxfused,2,10x10,512x512,8x8,cufftdx-online-shared+cufftdx-online-shared+cufftdx-online-shared+cufftdx-online-shared,3,7,512,512,8,16,recurrence,direct-strided,Tesla V100-SXM2-16GB,7.0,fft,fp32,forward,none,in-place,online-reorder,cufftdx-block,20,1048576,8,100,50,0.414433,20241153377.341152,0.001485,1
fft20-fp32_b2_p11s9_t256x128_e8x16_rec,fft20-fp32-batch2,3,fft20-fp32_b2_p11s9_t256x128_e8x16_rec,0,509007.80142380524,fft20-fp32,2,11x9,256x128,8x16,recurrence,direct-strided,global-scratch,2,,,,cufftdx-large-online+cufftdx-online-shared,11,9,256,128,8,16,recurrence,direct-strided,Tesla V100-SXM2-16GB,7.0,fft,fp32,forward,none,in-place,online-reorder,cufftdx-block,20,1048576,2,100,50,0.170865,12273762315.870920,0.001485,1
fft20-fp32_b8_d4_10x3x3x4_t512x512x512x512_e16x8x8x16_rrr_gff_gt512x512_ge8x8,fft20-fp32-batch8,1,fft20-fp32_b8_d4_10x3x3x4_t512x512x512x512_e16x8x8x16_rrr_gff_gt512x512_ge8x8,0,2435248.3666555374,fft20-fp32,4,10x3x3x4,512x512x512x512,16x8x8x16,recurrencexrecurrencexrecurrence,direct-stridedxdirect-stridedxdirect-strided,global-scratchxfusedxfused,2,10x10,512x512,8x8,cufftdx-online-shared+cufftdx-online-shared+cufftdx-online-shared+cufftdx-online-shared,10,4,512,512,16,16,recurrence,direct-strided,Tesla V100-SXM2-16GB,7.0,fft,fp32,forward,none,in-place,online-reorder,cufftdx-block,20,1048576,8,100,50,0.414044,20260177970.762863,0.001485,1
fft18-fp32_b16_cufft,fft18-fp32-batch16,1,cuFFT,1,0.0,fft18-fp32,0,,,,,,,0,,,,vendor-baseline,0,0,0,0,0,0,none,none,Tesla V100-SXM2-16GB,7.0,fft,fp32,forward,none,in-place,cufft,scalar,18,262144,16,100,50,0.211108,19868062691.721333,0.000601,1
fft20-fp32_b2_p8s12_t128x256_e16x16_rec_tx,fft20-fp32-batch2,1,fft20-fp32_b2_p8s12_t128x256_e16x16_rec_tx,0,298317.9249153033,fft20-fp32,2,8x12,128x256,16x16,recurrence,tiled-transpose,global-scratch,2,,,,cufftdx-online-shared+cufftdx-large-online,8,12,128,256,16,16,recurrence,tiled-transpose,Tesla V100-SXM2-16GB,7.0,fft,fp32,forward,none,in-place,online-reorder,cufftdx-block,20,1048576,2,100,50,0.159642,13136626561.187960,0.001274,1
fft18-fp32_b16_d3_4x4x10_t512x512x512_e16x16x16_tt_gg,fft18-fp32-batch16,3,fft18-fp32_b16_d3_4x4x10_t512x512x512_e16x16x16_tt_gg,0,879395.2435144996,fft18-fp32,3,4x4x10,512x512x512,16x16x16,tablextable,direct-stridedxdirect-strided,global-scratchxglobal-scratch,3,,,,cufftdx-online-shared+cufftdx-online-shared+cufftdx-online-shared,4,10,512,512,16,16,table,direct-strided,Tesla V100-SXM2-16GB,7.0,fft,fp32,forward,none,in-place,online-reorder,cufftdx-block,18,262144,16,100,50,0.715797,5859631644.979092,0.000512,1
fft20-fp32_b2_d3_3x5x12_t512x512x256_e8x16x16_tt_fg_gt512x256_ge16x16,fft20-fp32-batch2,3,fft20-fp32_b2_d3_3x5x12_t512x512x256_e8x16x16_tt_fg_gt512x256_ge16x16,0,304406.0458319422,fft20-fp32,3,3x5x12,512x512x256,8x16x16,tablextable,direct-stridedxdirect-strided,fusedxglobal-scratch,2,8x12,512x256,16x16,cufftdx-online-shared+cufftdx-online-shared+cufftdx-large-online,3,12,512,256,8,16,table,direct-strided,Tesla V100-SXM2-16GB,7.0,fft,fp32,forward,none,in-place,online-reorder,cufftdx-block,20,1048576,2,100,50,0.245002,8559726343.896337,0.001102,1
fft18-fp32_b16_d3_3x3x12_t512x512x256_e8x8x16_tt_fg_gt512x256_ge16x16,fft18-fp32-batch16,3,fft18-fp32_b16_d3_3x3x12_t512x512x256_e8x8x16_tt_fg_gt512x256_ge16x16,0,608812.0916638843,fft18-fp32,3,3x3x12,512x512x256,8x8x16,tablextable,direct-stridedxdirect-strided,fusedxglobal-scratch,2,6x12,512x256,16x16,cufftdx-online-shared+cufftdx-online-shared+cufftdx-large-online,3,12,512,256,8,16,table,direct-strided,Tesla V100-SXM2-16GB,7.0,fft,fp32,forward,none,in-place,online-reorder,cufftdx-block,18,262144,16,100,50,0.368353,11386634127.690346,0.000550,1
fft20-fp32_b2_d3_3x7x10_t256x256x256_e8x16x16_tt_fg_gt256x256_ge16x16,fft20-fp32-batch2,2,fft20-fp32_b2_d3_3x7x10_t256x256x256_e8x16x16_tt_fg_gt256x256_ge16x16,0,304406.0458319422,fft20-fp32,3,3x7x10,256x256x256,8x16x16,tablextable,direct-stridedxdirect-strided,fusedxglobal-scratch,2,10x10,256x256,16x16,cufftdx-online-shared+cufftdx-online-shared+cufftdx-online-shared,3,10,256,256,8,16,table,direct-strided,Tesla V100-SXM2-16GB,7.0,fft,fp32,forward,none,in-place,online-reorder,cufftdx-block,20,1048576,2,100,50,0.171069,12259069434.776432,0.001125,1
fft18-fp32_b64_d3_6x3x9_t512x512x512_e16x8x16_tt_gf_gt512x256_ge16x16,fft18-fp32-batch64,3,fft18-fp32_b64_d3_6x3x9_t512x512x512_e16x8x16_tt_gf_gt512x256_ge16x16,0,2435248.3666555374,fft18-fp32,3,6x3x9,512x512x512,16x8x16,tablextable,direct-stridedxdirect-strided,global-scratchxfused,2,6x12,512x256,16x16,cufftdx-online-shared+cufftdx-online-shared+cufftdx-online-shared,6,9,512,512,16,16,table,direct-strided,Tesla V100-SXM2-16GB,7.0,fft,fp32,forward,none,in-place,online-reorder,cufftdx-block,18,262144,64,100,50,1.281802,13088771649.341885,0.000617,1
fft20-fp32_b16_d4_3x3x4x10_t512x512x512x512_e8x8x16x16_rrr_ffg_gt256x128_ge16x16,fft20-fp32-batch16,2,fft20-fp32_b16_d4_3x3x4x10_t512x512x512x512_e8x8x16x16_rrr_ffg_gt256x128_ge16x16,0,2435248.3666555374,fft20-fp32,4,3x3x4x10,512x512x512x512,8x8x16x16,recurrencexrecurrencexrecurrence,direct-stridedxdirect-stridedxdirect-strided,fusedxfusedxglobal-scratch,2,10x10,256x128,16x16,cufftdx-online-shared+cufftdx-online-shared+cufftdx-online-shared+cufftdx-online-shared,3,10,512,512,8,16,recurrence,direct-strided,Tesla V100-SXM2-16GB,7.0,fft,fp32,forward,none,in-place,online-reorder,cufftdx-block,20,1048576,16,100,50,0.764334,21950108443.226673,0.001451,1
fft18-fp32_b2_d4_9x3x3x3_t512x512x512x512_e16x8x8x8_rrr_gff_gt256x256_ge8x8,fft18-fp32-batch2,2,fft18-fp32_b2_d4_9x3x3x3_t512x512x512x512_e16x8x8x8_rrr_gff_gt256x256_ge8x8,0,166948.6229159711,fft18-fp32,4,9x3x3x3,512x512x512x512,16x8x8x8,recurrencexrecurrencexrecurrence,direct-stridedxdirect-stridedxdirect-strided,global-scratchxfusedxfused,2,9x9,256x256,8x8,cufftdx-online-shared+cufftdx-online-shared+cufftdx-online-shared+cufftdx-online-shared,9,3,512,512,16,8,recurrence,direct-strided,Tesla V100-SXM2-16GB,7.0,fft,fp32,forward,none,in-place,online-reorder,cufftdx-block,18,262144,2,100,50,0.025907,20237154283.134544,0.000553,1
fft18-fp32_b2_d3_8x7x3_t128x128x128_e16x16x8_tt_gf_gt128x128_ge16x16,fft18-fp32-batch2,1,fft18-fp32_b2_d3_8x7x3_t128x128x128_e16x16x8_tt_gf_gt128x128_ge16x16,0,93304.71145798556,fft18-fp32,3,8x7x3,128x128x128,16x16x8,tablextable,direct-stridedxdirect-strided,global-scratchxfused,2,8x10,128x128,16x16,cufftdx-online-shared+cufftdx-online-shared+cufftdx-online-shared,8,3,128,128,16,8,table,direct-strided,Tesla V100-SXM2-16GB,7.0,fft,fp32,forward,none,in-place,online-reorder,cufftdx-block,18,262144,2,100,50,0.038973,13452443688.066351,0.000501,1
fft18-fp32_b16_d3_5x3x10_t256x256x256_e16x8x16_tt_fg_gt256x256_ge16x16,fft18-fp32-batch16,2,fft18-fp32_b16_d3_5x3x10_t256x256x256_e16x8x16_tt_fg_gt256x256_ge16x16,0,608812.0916638843,fft18-fp32,3,5x3x10,256x256x256,16x8x16,tablextable,direct-stridedxdirect-strided,fusedxglobal-scratch,2,8x10,256x256,16x16,cufftdx-online-shared+cufftdx-online-shared+cufftdx-online-shared,5,10,256,256,16,16,table,direct-strided,Tesla V100-SXM2-16GB,7.0,fft,fp32,forward,none,in-place,online-reorder,cufftdx-block,18,262144,16,100,50,0.283996,14768875498.626661,0.000610,1
fft20-fp32_b2_p10s10_t512x512_e8x8_rec,fft20-fp32-batch2,1,fft20-fp32_b2_p10s10_t512x512_e8x8_rec,0,596635.8498306066,fft20-fp32,2,10x10,512x512,8x8,recurrence,direct-strided,global-scratch,2,,,,cufftdx-online-shared+cufftdx-online-shared,10,10,512,512,8,8,recurrence,direct-strided,Tesla V100-SXM2-16GB,7.0,fft,fp32,forward,none,in-place,online-reorder,cufftdx-block,20,1048576,2,100,50,0.120095,17462483448.601513,0.001288,1
fft18-fp32_b16_p12s6_t256x128_e16x16_rec_ptx,fft18-fp32-batch16,1,fft18-fp32_b16_p12s6_t256x128_e16x16_rec_ptx,0,596635.8498306066,fft18-fp32,2,12x6,256x128,16x16,recurrence,prefix-tiled-transpose,global-scratch,2,,,,cufftdx-large-online+cufftdx-online-shared,12,6,256,128,16,16,recurrence,prefix-tiled-transpose,Tesla V100-SXM2-16GB,7.0,fft,fp32,forward,none,in-place,online-reorder,cufftdx-block,18,262144,16,100,50,0.369377,11355067481.345413,0.000675,1
fft18-fp32_b2_d3_11x3x4_t512x128x128_e4x8x16_tt_gf_gt512x128_ge4x16,fft18-fp32-batch2,2,fft18-fp32_b2_d3_11x3x4_t512x128x128_e4x8x16_tt_gf_gt512x128_ge4x16,0,288134.1638879615,fft18-fp32,3,11x3x4,512x128x128,4x8x16,tablextable,direct-stridedxdirect-strided,global-scratchxfused,2,11x7,512x128,4x16,cufftdx-large-online+cufftdx-online-shared+cufftdx-online-shared,11,4,512,128,4,16,table,direct-strided,Tesla V100-SXM2-16GB,7.0,fft,fp32,forward,none,in-place,online-reorder,cufftdx-block,18,262144,2,100,50,0.053699,9763539581.115448,0.000440,1
fft18-fp32_b16_d3_8x7x3_t256x256x256_e16x16x8_tt_gf_gt256x256_ge16x16,fft18-fp32-batch16,3,fft18-fp32_b16_d3_8x7x3_t256x256x256_e16x16x8_tt_gf_gt256x256_ge16x16,0,608812.0916638843,fft18-fp32,3,8x7x3,256x256x256,16x16x8,tablextable,direct-stridedxdirect-strided,global-scratchxfused,2,8x10,256x256,16x16,cufftdx-online-shared+cufftdx-online-shared+cufftdx-online-shared,8,3,256,256,16,8,table,direct-strided,Tesla V100-SXM2-16GB,7.0,fft,fp32,forward,none,in-place,online-reorder,cufftdx-block,18,262144,16,100,50,0.282460,14849188297.622967,0.000610,1
fft20-fp32_b2_d4_10x3x3x4_t512x512x512x512_e16x8x8x16_rrr_gff_gt512x512_ge8x8,fft20-fp32-batch2,2,fft20-fp32_b2_d4_10x3x3x4_t512x512x512x512_e16x8x8x16_rrr_gff_gt512x512_ge8x8,0,608812.0916638843,fft20-fp32,4,10x3x3x4,512x512x512x512,16x8x8x16,recurrencexrecurrencexrecurrence,direct-stridedxdirect-stridedxdirect-strided,global-scratchxfusedxfused,2,10x10,512x512,8x8,cufftdx-online-shared+cufftdx-online-shared+cufftdx-online-shared+cufftdx-online-shared,10,4,512,512,16,16,recurrence,direct-strided,Tesla V100-SXM2-16GB,7.0,fft,fp32,forward,none,in-place,online-reorder,cufftdx-block,20,1048576,2,100,50,0.119624,17531244152.633167,0.001288,1
fft18-fp32_b64_d3_3x4x11_t256x256x1024_e8x16x2_tt_fg_gt256x1024_ge16x2,fft18-fp32-batch64,3,fft18-fp32_b64_d3_3x4x11_t256x256x1024_e8x16x2_tt_fg_gt256x1024_ge16x2,0,12296877.781527234,fft18-fp32,3,3x4x11,256x256x1024,8x16x2,tablextable,direct-stridedxdirect-strided,fusedxglobal-scratch,2,7x11,256x1024,16x2,cufftdx-online-shared+cufftdx-online-shared+cufftdx-large-online,3,11,256,1024,8,2,table,direct-strided,Tesla V100-SXM2-16GB,7.0,fft,fp32,forward,none,in-place,online-reorder,cufftdx-block,18,262144,64,100,50,1.226977,13673615102.077681,0.000489,1
fft20-fp32_b16_cufft,fft20-fp32-batch16,2,cuFFT,1,0.0,fft20-fp32,0,,,,,,,2,9x11,,,vendor-baseline,0,0,0,0,0,0,none,none,Tesla V100-SXM2-16GB,7.0,fft,fp32,forward,none,in-place,cufft,scalar,20,1048576,16,100,50,0.721203,23262813884.634949,0.002107,1
fft18-fp32_b64_d4_3x3x3x9_t512x512x512x512_e8x8x8x16_ttt_ffg_gt512x512_ge16x16,fft18-fp32-batch64,1,fft18-fp32_b64_d4_3x3x3x9_t512x512x512x512_e8x8x8x16_ttt_ffg_gt512x512_ge16x16,0,2435248.3666555374,fft18-fp32,4,3x3x3x9,512x512x512x512,8x8x8x16,tablextablextable,direct-stridedxdirect-stridedxdirect-strided,fusedxfusedxglobal-scratch,2,9x9,512x512,16x16,cufftdx-online-shared+cufftdx-online-shared+cufftdx-online-shared+cufftdx-online-shared,3,9,512,512,8,16,table,direct-strided,Tesla V100-SXM2-16GB,7.0,fft,fp32,forward,none,in-place,online-reorder,cufftdx-block,18,262144,64,100,50,1.207624,13892751293.135572,0.000857,1
fft20-fp32_b8_d3_4x6x10_t128x128x128_e16x16x16_tt_fg_gt128x128_ge16x16,fft20-fp32-batch8,1,fft20-fp32_b8_d3_4x6x10_t128x128x128_e16x16x16_tt_fg_gt128x128_ge16x16,0,1217624.1833277687,fft20-fp32,3,4x6x10,128x128x128,16x16x16,tablextable,direct-stridedxdirect-strided,fusedxglobal-scratch,2,10x10,128x128,16x16,cufftdx-online-shared+cufftdx-online-shared+cufftdx-online-shared,4,10,128,128,16,16,table,direct-strided,Tesla V100-SXM2-16GB,7.0,fft,fp32,forward,none,in-place,online-reorder,cufftdx-block,20,1048576,8,100,50,0.649155,12922357717.273344,0.001343,1
fft18-fp32_b16_p7s11_t128x256_e16x8_rec_tx,fft18-fp32-batch16,1,fft18-fp32_b16_p7s11_t128x256_e16x8_rec_tx,0,891542.8053557904,fft18-fp32,2,7x11,128x256,16x8,recurrence,tiled-transpose,global-scratch,2,,,,cufftdx-online-shared+cufftdx-large-online,7,11,128,256,16,8,recurrence,tiled-transpose,Tesla V100-SXM2-16GB,7.0,fft,fp32,forward,none,in-place,online-reorder,cufftdx-block,18,262144,16,100,50,0.286331,14648451534.589344,0.000712,1
fft18-fp32_b64_d3_4x3x11_t256x256x1024_e16x8x2_tt_fg_gt256x1024_ge16x2,fft18-fp32-batch64,3,fft18-fp32_b64_d3_4x3x11_t256x256x1024_e16x8x2_tt_fg_gt256x1024_ge16x2,0,12296877.781527234,fft18-fp32,3,4x3x11,256x256x1024,16x8x2,tablextable,direct-stridedxdirect-strided,fusedxglobal-scratch,2,7x11,256x1024,16x2,cufftdx-online-shared+cufftdx-online-shared+cufftdx-large-online,4,11,256,1024,16,2,table,direct-strided,Tesla V100-SXM2-16GB,7.0,fft,fp32,forward,none,in-place,online-reorder,cufftdx-block,18,262144,64,100,50,1.227448,13668368268.903189,0.000489,1
fft20-fp32_b8_d3_3x11x6_t128x512x128_e8x4x16_tt_gg,fft20-fp32-batch8,2,fft20-fp32_b8_d3_3x11x6_t128x512x128_e8x4x16_tt_gg,0,4718592.0,fft20-fp32,3,3x11x6,128x512x128,8x4x16,tablextable,direct-stridedxdirect-strided,global-scratchxglobal-scratch,3,,,,cufftdx-online-shared+cufftdx-large-online+cufftdx-online-shared,3,6,128,128,8,16,table,direct-strided,Tesla V100-SXM2-16GB,7.0,fft,fp32,forward,none,in-place,online-reorder,cufftdx-block,20,1048576,8,100,50,1.412690,5938039095.530637,0.001221,1
fft18-fp32_b2_d3_4x4x10_t512x512x512_e16x16x16_tt_gg,fft18-fp32-batch2,2,fft18-fp32_b2_d3_4x4x10_t512x512x512_e16x16x16_tt_gg,0,120574.00543931246,fft18-fp32,3,4x4x10,512x512x512,16x16x16,tablextable,direct-stridedxdirect-strided,global-scratchxglobal-scratch,3,,,,cufftdx-online-shared+cufftdx-online-shared+cufftdx-online-shared,4,10,512,512,16,16,table,direct-strided,Tesla V100-SXM2-16GB,7.0,fft,fp32,forward,none,in-place,online-reorder,cufftdx-block,18,262144,2,100,50,0.095703,5478279730.117234,0.000415,1
fft20-fp32_b2_d3_3x7x10_t128x128x128_e8x16x16_tt_fg_gt128x128_ge16x16,fft20-fp32-batch2,2,fft20-fp32_b2_d3_3x7x10_t128x128x128_e8x16x16_tt_fg_gt128x128_ge16x16,0,304406.0458319422,fft20-fp32,3,3x7x10,128x128x128,8x16x16,tablextable,direct-stridedxdirect-strided,fusedxglobal-scratch,2,10x10,128x128,16x16,cufftdx-online-shared+cufftdx-online-shared+cufftdx-online-shared,3,10,128,128,8,16,table,direct-strided,Tesla V100-SXM2-16GB,7.0,fft,fp32,forward,none,in-place,online-reorder,cufftdx-block,20,1048576,2,100,50,0.184279,11380306765.575487,0.001125,1
fft18-fp32_b64_d3_4x11x3_t128x512x128_e16x4x8_tt_gg,fft18-fp32-batch64,3,fft18-fp32_b64_d3_4x11x3_t128x512x128_e16x4x8_tt_gg,0,8877875.796332158,fft18-fp32,3,4x11x3,128x512x128,16x4x8,tablextable,direct-stridedxdirect-strided,global-scratchxglobal-scratch,3,,,,cufftdx-online-shared+cufftdx-large-online+cufftdx-online-shared,4,3,128,128,16,8,table,direct-strided,Tesla V100-SXM2-16GB,7.0,fft,fp32,forward,none,in-place,online-reorder,cufftdx-block,18,262144,64,100,50,3.028889,5539065210.583401,0.000546,1
fft20-fp32_b2_d4_3x7x3x7_t512x512x512x512_e8x16x8x16_rrr_fgf_gt256x128_ge16x16,fft20-fp32-batch2,1,fft20-fp32_b2_d4_3x7x3x7_t512x512x512x512_e8x16x8x16_rrr_fgf_gt256x128_ge16x16,0,304406.0458319422,fft20-fp32,4,3x7x3x7,512x512x512x512,8x16x8x16,recurrencexrecurrencexrecurrence,direct-stridedxdirect-stridedxdirect-strided,fusedxglobal-scratchxfused,2,10x10,256x128,16x16,cufftdx-online-shared+cufftdx-online-shared+cufftdx-online-shared+cufftdx-online-shared,3,7,512,512,8,16,recurrence,direct-strided,Tesla V100-SXM2-16GB,7.0,fft,fp32,forward,none,in-place,online-reorder,cufftdx-block,20,1048576,2,100,50,0.127631,16431321402.957737,0.001320,1
fft20-fp32_b8_d3_5x3x12_t128x128x512_e16x8x8_tt_fg_gt128x512_ge16x8,fft20-fp32-batch8,3,fft20-fp32_b8_d3_5x3x12_t128x128x512_e16x8x8_tt_fg_gt128x512_ge16x8,0,1819475.1129710008,fft20-fp32,3,5x3x12,128x128x512,16x8x8,tablextable,direct-stridedxdirect-strided,fusedxglobal-scratch,2,8x12,128x512,16x8,cufftdx-online-shared+cufftdx-online-shared+cufftdx-large-online,5,12,128,512,16,8,table,direct-strided,Tesla V100-SXM2-16GB,7.0,fft,fp32,forward,none,in-place,online-reorder,cufftdx-block,20,1048576,8,100,50,0.872202,9617732941.892317,0.001158,1
fft18-fp32_b16_d3_3x6x9_t512x512x512_e8x16x16_rr_fg_gt256x256_ge8x8,fft18-fp32-batch16,3,fft18-fp32_b16_d3_3x6x9_t512x512x512_e8x16x16_rr_fg_gt256x256_ge8x8,0,1217624.1833277687,fft18-fp32,3,3x6x9,512x512x512,8x16x16,recurrencexrecurrence,direct-stridedxdirect-strided,fusedxglobal-scratch,2,9x9,256x256,8x8,cufftdx-online-shared+cufftdx-online-shared+cufftdx-online-shared,3,9,512,512,8,16,recurrence,direct-strided,Tesla V100-SXM2-16GB,7.0,fft,fp32,forward,none,in-place,online-reorder,cufftdx-block,18,262144,16,100,50,0.196547,21340002674.041943,0.000629,1
fft20-fp32_b2_d3_10x3x7_t512x512x512_e16x8x16_rr_gf_gt256x128_ge16x16,fft20-fp32-batch2,1,fft20-fp32_b2_d3_10x3x7_t512x512x512_e16x8x16_rr_gf_gt256x128_ge16x16,0,304406.0458319422,fft20-fp32,3,10x3x7,512x512x512,16x8x16,recurrencexrecurrence,direct-stridedxdirect-strided,global-scratchxfused,2,10x10,256x128,16x16,cufftdx-online-shared+cufftdx-online-shared+cufftdx-online-shared,10,7,512,512,16,16,recurrence,direct-strided,Tesla V100-SXM2-16GB,7.0,fft,fp32,forward,none,in-place,online-reorder,cufftdx-block,20,1048576,2,100,50,0.127427,16457730027.055992,0.001320,1
fft18-fp32_b16_d4_3x3x3x9_t512x512x512x512_e8x8x8x16_ttt_ffg_gt512x512_ge16x16,fft18-fp32-batch16,1,fft18-fp32_b16_d4_3x3x3x9_t512x512x512x512_e8x8x8x16_ttt_ffg_gt512x512_ge16x16,0,608812.0916638843,fft18-fp32,4,3x3x3x9,512x512x512x512,8x8x8x16,tablextablextable,direct-stridedxdirect-stridedxdirect-strided,fusedxfusedxglobal-scratch,2,9x9,512x512,16x16,cufftdx-online-shared+cufftdx-online-shared+cufftdx-online-shared+cufftdx-online-shared,3,9,512,512,8,16,table,direct-strided,Tesla V100-SXM2-16GB,7.0,fft,fp32,forward,none,in-place,online-reorder,cufftdx-block,18,262144,16,100,50,0.356659,11759976907.061520,0.000755,1
fft20-fp32_b8_d3_10x3x7_t512x512x512_e16x8x16_rr_gf_gt512x512_ge8x8,fft20-fp32-batch8,3,fft20-fp32_b8_d3_10x3x7_t512x512x512_e16x8x16_rr_gf_gt512x512_ge8x8,0,2435248.3666555374,fft20-fp32,3,10x3x7,512x512x512,16x8x16,recurrencexrecurrence,direct-stridedxdirect-strided,global-scratchxfused,2,10x10,512x512,8x8,cufftdx-online-shared+cufftdx-online-shared+cufftdx-online-shared,10,7,512,512,16,16,recurrence,direct-strided,Tesla V100-SXM2-16GB,7.0,fft,fp32,forward,none,in-place,online-reorder,cufftdx-block,20,1048576,8,100,50,0.411648,20378110668.310574,0.001485,1
fft20-fp32_b8_d4_3x3x4x10_t512x512x512x512_e8x8x16x16_rrr_ffg_gt256x128_ge16x16,fft20-fp32-batch8,1,fft20-fp32_b8_d4_3x3x4x10_t512x512x512x512_e8x8x16x16_rrr_ffg_gt256x128_ge16x16,0,1217624.1833277687,fft20-fp32,4,3x3x4x10,512x512x512x512,8x8x16x16,recurrencexrecurrencexrecurrence,direct-stridedxdirect-stridedxdirect-strided,fusedxfusedxglobal-scratch,2,10x10,256x128,16x16,cufftdx-online-shared+cufftdx-online-shared+cufftdx-online-shared+cufftdx-online-shared,3,10,512,512,8,16,recurrence,direct-strided,Tesla V100-SXM2-16GB,7.0,fft,fp32,forward,none,in-place,online-reorder,cufftdx-block,20,1048576,8,100,50,0.397435,21106873617.201107,0.001451,1
fft20-fp32_b16_p9s11_t128x256_e16x8_rec,fft20-fp32-batch16,2,fft20-fp32_b16_p9s11_t128x256_e16x8_rec,0,3566171.2214231617,fft20-fp32,2,9x11,128x256,16x8,recurrence,direct-strided,global-scratch,2,,,,cufftdx-online-shared+cufftdx-large-online,9,11,128,256,16,8,recurrence,direct-strided,Tesla V100-SXM2-16GB,7.0,fft,fp32,forward,none,in-place,online-reorder,cufftdx-block,20,1048576,16,100,50,1.044460,16063059116.094597,0.001748,1
fft20-fp32_b2_d4_3x5x3x9_t512x512x512x512_e8x16x8x16_ttt_fgf_gt512x256_ge16x16,fft20-fp32-batch2,2,fft20-fp32_b2_d4_3x5x3x9_t512x512x512x512_e8x16x8x16_ttt_fgf_gt512x256_ge16x16,0,304406.0458319422,fft20-fp32,4,3x5x3x9,512x512x512x512,8x16x8x16,tablextablextable,direct-stridedxdirect-stridedxdirect-strided,fusedxglobal-scratchxfused,2,8x12,512x256,16x16,cufftdx-online-shared+cufftdx-online-shared+cufftdx-online-shared+cufftdx-online-shared,3,9,512,512,8,16,table,direct-strided,Tesla V100-SXM2-16GB,7.0,fft,fp32,forward,none,in-place,online-reorder,cufftdx-block,20,1048576,2,100,50,0.248054,8454425385.891154,0.001102,1
fft18-fp32_b2_d3_3x12x3_t128x512x128_e8x8x8_tt_gg,fft18-fp32-batch2,1,fft18-fp32_b2_d3_3x12x3_t128x512x128_e8x8x8_tt_gg,0,269546.94421195827,fft18-fp32,3,3x12x3,128x512x128,8x8x8,tablextable,direct-stridedxdirect-strided,global-scratchxglobal-scratch,3,,,,cufftdx-online-shared+cufftdx-large-online+cufftdx-online-shared,3,3,128,128,8,8,table,direct-strided,Tesla V100-SXM2-16GB,7.0,fft,fp32,forward,none,in-place,online-reorder,cufftdx-block,18,262144,2,100,50,0.081162,6459752387.742610,0.000440,1
fft20-fp32_b2_d4_10x3x3x4_t512x512x512x512_e16x8x8x16_rrr_gff_gt256x128_ge16x16,fft20-fp32-batch2,2,fft20-fp32_b2_d4_10x3x3x4_t512x512x512x512_e16x8x8x16_rrr_gff_gt256x128_ge16x16,0,304406.0458319422,fft20-fp32,4,10x3x3x4,512x512x512x512,16x8x8x16,recurrencexrecurrencexrecurrence,direct-stridedxdirect-stridedxdirect-strided,global-scratchxfusedxfused,2,10x10,256x128,16x16,cufftdx-online-shared+cufftdx-online-shared+cufftdx-online-shared+cufftdx-online-shared,10,4,512,512,16,16,recurrence,direct-strided,Tesla V100-SXM2-16GB,7.0,fft,fp32,forward,none,in-place,online-reorder,cufftdx-block,20,1048576,2,100,50,0.128430,16329133677.858753,0.001320,1
fft18-fp32_b16_p6s12_t128x256_e16x16_rec_tx,fft18-fp32-batch16,3,fft18-fp32_b16_p6s12_t128x256_e16x16_rec_tx,0,596635.8498306066,fft18-fp32,2,6x12,128x256,16x16,recurrence,tiled-transpose,global-scratch,2,,,,cufftdx-online-shared+cufftdx-large-online,6,12,128,256,16,16,recurrence,tiled-transpose,Tesla V100-SXM2-16GB,7.0,fft,fp32,forward,none,in-place,online-reorder,cufftdx-block,18,262144,16,100,50,0.286802,14624392304.332447,0.000644,1
fft18-fp32_b2_d4_4x4x4x6_t512x512x512x512_e16x16x16x16_ttt_ggg,fft18-fp32-batch2,2,fft18-fp32_b2_d4_4x4x4x6_t512x512x512x512_e16x16x16x16_ttt_ggg,0,157673.69942063937,fft18-fp32,4,4x4x4x6,512x512x512x512,16x16x16x16,tablextablextable,direct-stridedxdirect-stridedxdirect-strided,global-scratchxglobal-scratchxglobal-scratch,4,,,,cufftdx-online-shared+cufftdx-online-shared+cufftdx-online-shared+cufftdx-online-shared,4,6,512,512,16,16,table,direct-strided,Tesla V100-SXM2-16GB,7.0,fft,fp32,forward,none,in-place,online-reorder,cufftdx-block,18,262144,2,100,50,0.114954,4560840880.437791,0.000401,1
fft18-fp32_b64_d4_3x3x3x9_t512x512x512x512_e8x8x8x16_rrr_ffg_gt256x256_ge8x8,fft18-fp32-batch64,2,fft18-fp32_b64_d4_3x3x3x9_t512x512x512x512_e8x8x8x16_rrr_ffg_gt256x256_ge8x8,0,4870496.733311075,fft18-fp32,4,3x3x3x9,512x512x512x512,8x8x8x16,recurrencexrecurrencexrecurrence,direct-stridedxdirect-stridedxdirect-strided,fusedxfusedxglobal-scratch,2,9x9,256x256,8x8,cufftdx-online-shared+cufftdx-online-shared+cufftdx-online-shared+cufftdx-online-shared,3,9,512,512,8,16,recurrence,direct-strided,Tesla V100-SXM2-16GB,7.0,fft,fp32,forward,none,in-place,online-reorder,cufftdx-block,18,262144,64,100,50,0.808632,20747643234.904545,0.000666,1
fft18-fp32_b2_d4_9x3x3x3_t512x512x512x512_e16x8x8x8_rrr_gff_gt256x256_ge8x8,fft18-fp32-batch2,1,fft18-fp32_b2_d4_9x3x3x3_t512x512x512x512_e16x8x8x8_rrr_gff_gt256x256_ge8x8,0,166948.6229159711,fft18-fp32,4,9x3x3x3,512x512x512x512,16x8x8x8,recurrencexrecurrencexrecurrence,direct-stridedxdirect-stridedxdirect-strided,global-scratchxfusedxfused,2,9x9,256x256,8x8,cufftdx-online-shared+cufftdx-online-shared+cufftdx-online-shared+cufftdx-online-shared,9,3,512,512,16,8,recurrence,direct-strided,Tesla V100-SXM2-16GB,7.0,fft,fp32,forward,none,in-place,online-reorder,cufftdx-block,18,262144,2,100,50,0.026010,20157479842.565468,0.000553,1
fft18-fp32_b16_cufft,fft18-fp32-batch16,2,cuFFT,1,0.0,fft18-fp32,0,,,,,,,0,,,,vendor-baseline,0,0,0,0,0,0,none,none,Tesla V100-SXM2-16GB,7.0,fft,fp32,forward,none,in-place,cufft,scalar,18,262144,16,100,50,0.211558,19825750093.513733,0.000601,1
fft20-fp32_b16_d3_3x5x12_t256x256x1024_e8x16x4_tt_fg_gt256x1024_ge16x4,fft20-fp32-batch16,2,fft20-fp32_b16_d3_3x5x12_t256x256x1024_e8x16x4_tt_fg_gt256x1024_ge16x4,0,6428806.61113708,fft20-fp32,3,3x5x12,256x256x1024,8x16x4,tablextable,direct-stridedxdirect-strided,fusedxglobal-scratch,2,8x12,256x1024,16x4,cufftdx-online-shared+cufftdx-online-shared+cufftdx-large-online,3,12,256,1024,8,4,table,direct-strided,Tesla V100-SXM2-16GB,7.0,fft,fp32,forward,none,in-place,online-reorder,cufftdx-block,20,1048576,16,100,50,1.447711,11588790075.073051,0.001221,1
fft20-fp32_b2_d3_4x4x12_t512x512x256_e16x16x16_tt_gg,fft20-fp32-batch2,2,fft20-fp32_b2_d3_4x4x12_t512x512x256_e16x16x16_tt_gg,0,439697.6217572498,fft20-fp32,3,4x4x12,512x512x256,16x16x16,tablextable,direct-stridedxdirect-strided,global-scratchxglobal-scratch,3,,,,cufftdx-online-shared+cufftdx-online-shared+cufftdx-large-online,4,12,512,256,16,16,table,direct-strided,Tesla V100-SXM2-16GB,7.0,fft,fp32,forward,none,in-place,online-reorder,cufftdx-block,20,1048576,2,100,50,0.393114,5334722810.275085,0.000977,1
fft20-fp32_b8_d3_3x6x11_t128x128x512_e8x16x4_tt_fg_gt128x512_ge16x4,fft20-fp32-batch8,3,fft20-fp32_b8_d3_3x6x11_t128x128x512_e8x16x4_tt_fg_gt128x512_ge16x4,0,3214403.30556854,fft20-fp32,3,3x6x11,128x128x512,8x16x4,tablextable,direct-stridedxdirect-strided,fusedxglobal-scratch,2,9x11,128x512,16x4,cufftdx-online-shared+cufftdx-online-shared+cufftdx-large-online,3,11,128,512,8,4,table,direct-strided,Tesla V100-SXM2-16GB,7.0,fft,fp32,forward,none,in-place,online-reorder,cufftdx-block,20,1048576,8,100,50,0.737956,11367357264.817387,0.001510,1
fft18-fp32_b2_d3_3x3x12_t256x256x1024_e8x8x4_tt_fg_gt256x1024_ge16x4,fft18-fp32-batch2,2,fft18-fp32_b2_d3_3x3x12_t256x256x1024_e8x8x4_tt_fg_gt256x1024_ge16x4,0,231865.96659803373,fft18-fp32,3,3x3x12,256x256x1024,8x8x4,tablextable,direct-stridedxdirect-strided,fusedxglobal-scratch,2,6x12,256x1024,16x4,cufftdx-online-shared+cufftdx-online-shared+cufftdx-large-online,3,12,256,1024,8,4,table,direct-strided,Tesla V100-SXM2-16GB,7.0,fft,fp32,forward,none,in-place,online-reorder,cufftdx-block,18,262144,2,100,50,0.057364,9139593208.456320,0.000488,1
fft20-fp32_b16_d3_7x3x10_t128x128x128_e16x8x16_tt_fg_gt128x128_ge16x16,fft20-fp32-batch16,1,fft20-fp32_b16_d3_7x3x10_t128x128x128_e16x8x16_tt_fg_gt128x128_ge16x16,0,2435248.3666555374,fft20-fp32,3,7x3x10,128x128x128,16x8x16,tablextable,direct-stridedxdirect-strided,fusedxglobal-scratch,2,10x10,128x128,16x16,cufftdx-online-shared+cufftdx-online-shared+cufftdx-online-shared,7,10,128,128,16,16,table,direct-strided,Tesla V100-SXM2-16GB,7.0,fft,fp32,forward,none,in-place,online-reorder,cufftdx-block,20,1048576,16,100,50,1.266094,13251160519.322945,0.001468,1
fft18-fp32_b16_d4_9x3x3x3_t512x512x512x512_e16x8x8x8_rrr_gff_gt256x256_ge8x8,fft18-fp32-batch16,2,fft18-fp32_b16_d4_9x3x3x3_t512x512x512x512_e16x8x8x8_rrr_gff_gt256x256_ge8x8,0,1217624.1833277687,fft18-fp32,4,9x3x3x3,512x512x512x512,16x8x8x8,recurrencexrecurrencexrecurrence,direct-stridedxdirect-stridedxdirect-strided,global-scratchxfusedxfused,2,9x9,256x256,8x8,cufftdx-online-shared+cufftdx-online-shared+cufftdx-online-shared+cufftdx-online-shared,9,3,512,512,16,8,recurrence,direct-strided,Tesla V100-SXM2-16GB,7.0,fft,fp32,forward,none,in-place,online-reorder,cufftdx-block,18,262144,16,100,50,0.196076,21391268676.610577,0.000629,1
fft18-fp32_b64_d3_12x3x3_t256x512x512_e16x8x8_tt_gf_gt256x512_ge16x16,fft18-fp32-batch64,1,fft18-fp32_b64_d3_12x3x3_t256x512x512_e16x8x8_tt_gf_gt256x512_ge16x16,0,2435248.3666555374,fft18-fp32,3,12x3x3,256x512x512,16x8x8,tablextable,direct-stridedxdirect-strided,global-scratchxfused,2,12x6,256x512,16x16,cufftdx-large-online+cufftdx-online-shared+cufftdx-online-shared,12,3,256,512,16,8,table,direct-strided,Tesla V100-SXM2-16GB,7.0,fft,fp32,forward,none,in-place,online-reorder,cufftdx-block,18,262144,64,100,50,1.459589,11494478635.996426,0.000657,1
fft18-fp32_b16_d3_8x7x3_t256x256x256_e16x16x8_tt_gf_gt256x256_ge16x16,fft18-fp32-batch16,2,fft18-fp32_b16_d3_8x7x3_t256x256x256_e16x16x8_tt_gf_gt256x256_ge16x16,0,608812.0916638843,fft18-fp32,3,8x7x3,256x256x256,16x16x8,tablextable,direct-stridedxdirect-strided,global-scratchxfused,2,8x10,256x256,16x16,cufftdx-online-shared+cufftdx-online-shared+cufftdx-online-shared,8,3,256,256,16,8,table,direct-strided,Tesla V100-SXM2-16GB,7.0,fft,fp32,forward,none,in-place,online-reorder,cufftdx-block,18,262144,16,100,50,0.284037,14766746334.303112,0.000610,1
fft18-fp32_b2_d3_6x3x9_t512x512x512_e16x8x16_tt_gf_gt512x256_ge16x16,fft18-fp32-batch2,2,fft18-fp32_b2_d3_6x3x9_t512x512x512_e16x8x16_tt_gf_gt512x256_ge16x16,0,83474.31145798555,fft18-fp32,3,6x3x9,512x512x512,16x8x16,tablextable,direct-stridedxdirect-strided,global-scratchxfused,2,6x12,512x256,16x16,cufftdx-online-shared+cufftdx-online-shared+cufftdx-online-shared,6,9,512,512,16,16,table,direct-strided,Tesla V100-SXM2-16GB,7.0,fft,fp32,forward,none,in-place,online-reorder,cufftdx-block,18,262144,2,100,50,0.057221,9162490718.227875,0.000497,1
fft20-fp32_b8_p10s10_t128x128_e16x16_rec,fft20-fp32-batch8,2,fft20-fp32_b8_p10s10_t128x128_e16x16_rec,0,1193271.6996612132,fft20-fp32,2,10x10,128x128,16x16,recurrence,direct-strided,global-scratch,2,,,,cufftdx-online-shared+cufftdx-online-shared,10,10,128,128,16,16,recurrence,direct-strided,Tesla V100-SXM2-16GB,7.0,fft,fp32,forward,none,in-place,online-reorder,cufftdx-block,20,1048576,8,100,50,0.448348,18710030871.347832,0.001451,1
fft20-fp32_b16_d3_4x12x4_t128x512x128_e16x8x16_tt_gg,fft20-fp32-batch16,3,fft20-fp32_b16_d3_4x12x4_t128x512x128_e16x8x16_tt_gg,0,4902092.800000001,fft20-fp32,3,4x12x4,128x512x128,16x8x16,tablextable,direct-stridedxdirect-strided,global-scratchxglobal-scratch,3,,,,cufftdx-online-shared+cufftdx-large-online+cufftdx-online-shared,4,4,128,128,16,16,table,direct-strided,Tesla V100-SXM2-16GB,7.0,fft,fp32,forward,none,in-place,online-reorder,cufftdx-block,20,1048576,16,100,50,4.103086,4088926242.732337,0.001152,1
fft20-fp32_b8_d4_3x5x3x9_t512x512x512x512_e8x16x8x16_ttt_fgf_gt512x256_ge16x16,fft20-fp32-batch8,1,fft20-fp32_b8_d4_3x5x3x9_t512x512x512x512_e8x16x8x16_ttt_fgf_gt512x256_ge16x16,0,1217624.1833277687,fft20-fp32,4,3x5x3x9,512x512x512x512,8x16x8x16,tablextablextable,direct-stridedxdirect-stridedxdirect-strided,fusedxglobal-scratchxfused,2,8x12,512x256,16x16,cufftdx-online-shared+cufftdx-online-shared+cufftdx-online-shared+cufftdx-online-shared,3,9,512,512,8,16,table,direct-strided,Tesla V100-SXM2-16GB,7.0,fft,fp32,forward,none,in-place,online-reorder,cufftdx-block,20,1048576,8,100,50,0.947057,8857556715.451105,0.001066,1
fft18-fp32_b64_d4_4x4x4x6_t512x512x512x512_e16x16x16x16_ttt_ggg,fft18-fp32-batch64,2,fft18-fp32_b64_d4_4x4x4x6_t512x512x512x512_e16x16x16x16_ttt_ggg,0,4599913.58146046,fft18-fp32,4,4x4x4x6,512x512x512x512,16x16x16x16,tablextablextable,direct-stridedxdirect-stridedxdirect-strided,global-scratchxglobal-scratchxglobal-scratch,4,,,,cufftdx-online-shared+cufftdx-online-shared+cufftdx-online-shared+cufftdx-online-shared,4,6,512,512,16,16,table,direct-strided,Tesla V100-SXM2-16GB,7.0,fft,fp32,forward,none,in-place,online-reorder,cufftdx-block,18,262144,64,100,50,3.167539,5296608933.903434,0.000521,1
fft18-fp32_b2_d3_3x4x11_t256x256x1024_e8x16x2_tt_fg_gt256x1024_ge16x2,fft18-fp32-batch2,1,fft18-fp32_b2_d3_3x4x11_t256x256x1024_e8x16x2_tt_fg_gt256x1024_ge16x2,0,455001.6973393928,fft18-fp32,3,3x4x11,256x256x1024,8x16x2,tablextable,direct-stridedxdirect-strided,fusedxglobal-scratch,2,7x11,256x1024,16x2,cufftdx-online-shared+cufftdx-online-shared+cufftdx-large-online,3,11,256,1024,8,2,table,direct-strided,Tesla V100-SXM2-16GB,7.0,fft,fp32,forward,none,in-place,online-reorder,cufftdx-block,18,262144,2,100,50,0.060293,8695651723.067776,0.000386,1
fft20-fp32_b2_d3_3x5x12_t256x256x1024_e8x16x4_tt_fg_gt256x1024_ge16x4,fft20-fp32-batch2,2,fft20-fp32_b2_d3_3x5x12_t256x256x1024_e8x16x4_tt_fg_gt256x1024_ge16x4,0,803600.826392135,fft20-fp32,3,3x5x12,256x256x1024,8x16x4,tablextable,direct-stridedxdirect-strided,fusedxglobal-scratch,2,8x12,256x1024,16x4,cufftdx-online-shared+cufftdx-online-shared+cufftdx-large-online,3,12,256,1024,8,4,table,direct-strided,Tesla V100-SXM2-16GB,7.0,fft,fp32,forward,none,in-place,online-reorder,cufftdx-block,20,1048576,2,100,50,0.227348,9224394334.710835,0.000994,1
fft18-fp32_b2_p7s11_t128x256_e16x8_rec_tx,fft18-fp32-batch2,1,fft18-fp32_b2_p7s11_t128x256_e16x8_rec_tx,0,135794.93600280714,fft18-fp32,2,7x11,128x256,16x8,recurrence,tiled-transpose,global-scratch,2,,,,cufftdx-online-shared+cufftdx-large-online,7,11,128,256,16,8,recurrence,tiled-transpose,Tesla V100-SXM2-16GB,7.0,fft,fp32,forward,none,in-place,online-reorder,cufftdx-block,18,262144,2,100,50,0.033096,15841584073.591629,0.000682,1
fft18-fp32_b64_p11s7_t256x128_e8x16_rec,fft18-fp32-batch64,2,fft18-fp32_b64_p11s7_t256x128_e8x16_rec,0,4072062.411390442,fft18-fp32,2,11x7,256x128,8x16,recurrence,direct-strided,global-scratch,2,,,,cufftdx-large-online+cufftdx-online-shared,11,7,256,128,8,16,recurrence,direct-strided,Tesla V100-SXM2-16GB,7.0,fft,fp32,forward,none,in-place,online-reorder,cufftdx-block,18,262144,64,100,50,1.228431,13657430740.027613,0.000697,1
fft20-fp32_b16_cufft,fft20-fp32-batch16,3,cuFFT,1,0.0,fft20-fp32,0,,,,,,,2,9x11,,,vendor-baseline,0,0,0,0,0,0,none,none,Tesla V100-SXM2-16GB,7.0,fft,fp32,forward,none,in-place,cufft,scalar,20,1048576,16,100,50,0.729416,23000899256.637676,0.002107,1
fft20-fp32_b16_d4_3x7x3x7_t512x512x512x512_e8x16x8x16_rrr_fgf_gt256x128_ge16x16,fft20-fp32-batch16,2,fft20-fp32_b16_d4_3x7x3x7_t512x512x512x512_e8x16x8x16_rrr_fgf_gt256x128_ge16x16,0,2435248.3666555374,fft20-fp32,4,3x7x3x7,512x512x512x512,8x16x8x16,recurrencexrecurrencexrecurrence,direct-stridedxdirect-stridedxdirect-strided,fusedxglobal-scratchxfused,2,10x10,256x128,16x16,cufftdx-online-shared+cufftdx-online-shared+cufftdx-online-shared+cufftdx-online-shared,3,7,512,512,8,16,recurrence,direct-strided,Tesla V100-SXM2-16GB,7.0,fft,fp32,forward,none,in-place,online-reorder,cufftdx-block,20,1048576,16,100,50,0.763720,21967765366.737503,0.001451,1
fft18-fp32_b16_d3_8x7x3_t128x128x128_e16x16x8_tt_gf_gt128x128_ge16x16,fft18-fp32-batch16,1,fft18-fp32_b16_d3_8x7x3_t128x128x128_e16x16x8_tt_gf_gt128x128_ge16x16,0,608812.0916638843,fft18-fp32,3,8x7x3,128x128x128,16x16x8,tablextable,direct-stridedxdirect-strided,global-scratchxfused,2,8x10,128x128,16x16,cufftdx-online-shared+cufftdx-online-shared+cufftdx-online-shared,8,3,128,128,16,8,table,direct-strided,Tesla V100-SXM2-16GB,7.0,fft,fp32,forward,none,in-place,online-reorder,cufftdx-block,18,262144,16,100,50,0.257516,16287577549.976408,0.000610,1
fft18-fp32_b64_d3_4x4x10_t512x512x512_e16x16x16_tt_gg,fft18-fp32-batch64,1,fft18-fp32_b64_d3_4x4x10_t512x512x512_e16x16x16_tt_gg,0,3517580.9740579985,fft18-fp32,3,4x4x10,512x512x512,16x16x16,tablextable,direct-stridedxdirect-strided,global-scratchxglobal-scratch,3,,,,cufftdx-online-shared+cufftdx-online-shared+cufftdx-online-shared,4,10,512,512,16,16,table,direct-strided,Tesla V100-SXM2-16GB,7.0,fft,fp32,forward,none,in-place,online-reorder,cufftdx-block,18,262144,64,100,50,2.612429,6422075631.229933,0.000521,1
fft20-fp32_b2_d4_3x5x3x9_t512x512x512x512_e8x16x8x16_ttt_fgf_gt512x256_ge16x16,fft20-fp32-batch2,3,fft20-fp32_b2_d4_3x5x3x9_t512x512x512x512_e8x16x8x16_ttt_fgf_gt512x256_ge16x16,0,304406.0458319422,fft20-fp32,4,3x5x3x9,512x512x512x512,8x16x8x16,tablextablextable,direct-stridedxdirect-stridedxdirect-strided,fusedxglobal-scratchxfused,2,8x12,512x256,16x16,cufftdx-online-shared+cufftdx-online-shared+cufftdx-online-shared+cufftdx-online-shared,3,9,512,512,8,16,table,direct-strided,Tesla V100-SXM2-16GB,7.0,fft,fp32,forward,none,in-place,online-reorder,cufftdx-block,20,1048576,2,100,50,0.248709,8432147314.850461,0.001102,1
fft20-fp32_b8_d4_8x3x3x6_t512x512x512x512_e16x8x8x16_ttt_gff_gt512x256_ge16x16,fft20-fp32-batch8,1,fft20-fp32_b8_d4_8x3x3x6_t512x512x512x512_e16x8x8x16_ttt_gff_gt512x256_ge16x16,0,1217624.1833277687,fft20-fp32,4,8x3x3x6,512x512x512x512,16x8x8x16,tablextablextable,direct-stridedxdirect-stridedxdirect-strided,global-scratchxfusedxfused,2,8x12,512x256,16x16,cufftdx-online-shared+cufftdx-online-shared+cufftdx-online-shared+cufftdx-online-shared,8,6,512,512,16,16,table,direct-strided,Tesla V100-SXM2-16GB,7.0,fft,fp32,forward,none,in-place,online-reorder,cufftdx-block,20,1048576,8,100,50,1.011999,8289148393.206900,0.001066,1
fft18-fp32_b2_d3_3x5x10_t128x128x128_e8x16x16_tt_fg_gt128x128_ge16x16,fft18-fp32-batch2,3,fft18-fp32_b2_d3_3x5x10_t128x128x128_e8x16x16_tt_fg_gt128x128_ge16x16,0,93304.71145798556,fft18-fp32,3,3x5x10,128x128x128,8x16x16,tablextable,direct-stridedxdirect-strided,fusedxglobal-scratch,2,8x10,128x128,16x16,cufftdx-online-shared+cufftdx-online-shared+cufftdx-online-shared,3,10,128,128,8,16,table,direct-strided,Tesla V100-SXM2-16GB,7.0,fft,fp32,forward,none,in-place,online-reorder,cufftdx-block,18,262144,2,100,50,0.038994,13445379045.826117,0.000501,1
fft18-fp32_b2_d3_11x4x3_t256x512x512_e8x16x8_tt_gf_gt256x512_ge8x16,fft18-fp32-batch2,1,fft18-fp32_b2_d3_11x4x3_t256x512x512_e8x16x8_tt_gf_gt256x512_ge8x16,0,156609.46226797753,fft18-fp32,3,11x4x3,256x512x512,8x16x8,tablextable,direct-stridedxdirect-strided,global-scratchxfused,2,11x7,256x512,8x16,cufftdx-large-online+cufftdx-online-shared+cufftdx-online-shared,11,3,256,512,8,8,table,direct-strided,Tesla V100-SXM2-16GB,7.0,fft,fp32,forward,none,in-place,online-reorder,cufftdx-block,18,262144,2,100,50,0.055378,9467455116.595467,0.000546,1
fft20-fp32_b8_p11s9_t256x128_e8x16_rec,fft20-fp32-batch8,1,fft20-fp32_b8_p11s9_t256x128_e8x16_rec,0,2036031.205695221,fft20-fp32,2,11x9,256x128,8x16,recurrence,direct-strided,global-scratch,2,,,,cufftdx-large-online+cufftdx-online-shared,11,9,256,128,8,16,recurrence,direct-strided,Tesla V100-SXM2-16GB,7.0,fft,fp32,forward,none,in-place,online-reorder,cufftdx-block,20,1048576,8,100,50,0.677335,12384724994.652140,0.001587,1
fft20-fp32_b8_d3_3x11x6_t128x512x128_e8x4x16_tt_gg,fft20-fp32-batch8,3,fft20-fp32_b8_d3_3x11x6_t128x512x128_e8x4x16_tt_gg,0,4718592.0,fft20-fp32,3,3x11x6,128x512x128,8x4x16,tablextable,direct-stridedxdirect-strided,global-scratchxglobal-scratch,3,,,,cufftdx-online-shared+cufftdx-large-online+cufftdx-online-shared,3,6,128,128,8,16,table,direct-strided,Tesla V100-SXM2-16GB,7.0,fft,fp32,forward,none,in-place,online-reorder,cufftdx-block,20,1048576,8,100,50,1.412792,5937608699.765706,0.001221,1
fft18-fp32_b64_d3_8x7x3_t256x256x256_e16x16x8_tt_gf_gt256x256_ge16x16,fft18-fp32-batch64,1,fft18-fp32_b64_d3_8x7x3_t256x256x256_e16x16x8_tt_gf_gt256x256_ge16x16,0,2435248.3666555374,fft18-fp32,3,8x7x3,256x256x256,16x16x8,tablextable,direct-stridedxdirect-strided,global-scratchxfused,2,8x10,256x256,16x16,cufftdx-online-shared+cufftdx-online-shared+cufftdx-online-shared,8,3,256,256,16,8,table,direct-strided,Tesla V100-SXM2-16GB,7.0,fft,fp32,forward,none,in-place,online-reorder,cufftdx-block,18,262144,64,100,50,1.112945,15074619127.748161,0.000610,1
fft18-fp32_b16_d4_3x3x3x9_t512x512x512x512_e8x8x8x16_rrr_ffg_gt256x256_ge8x8,fft18-fp32-batch16,1,fft18-fp32_b16_d4_3x3x3x9_t512x512x512x512_e8x8x8x16_rrr_ffg_gt256x256_ge8x8,0,1217624.1833277687,fft18-fp32,4,3x3x3x9,512x512x512x512,8x8x8x16,recurrencexrecurrencexrecurrence,direct-stridedxdirect-stridedxdirect-strided,fusedxfusedxglobal-scratch,2,9x9,256x256,8x8,cufftdx-online-shared+cufftdx-online-shared+cufftdx-online-shared+cufftdx-online-shared,3,9,512,512,8,16,recurrence,direct-strided,Tesla V100-SXM2-16GB,7.0,fft,fp32,forward,none,in-place,online-reorder,cufftdx-block,18,262144,16,100,50,0.196137,21384568124.805202,0.000629,1
fft20-fp32_b8_d3_3x6x11_t256x256x1024_e8x16x2_tt_fg_gt256x1024_ge16x2,fft20-fp32-batch8,2,fft20-fp32_b8_d3_3x6x11_t256x256x1024_e8x16x2_tt_fg_gt256x1024_ge16x2,0,6148438.890763617,fft20-fp32,3,3x6x11,256x256x1024,8x16x2,tablextable,direct-stridedxdirect-strided,fusedxglobal-scratch,2,9x11,256x1024,16x2,cufftdx-online-shared+cufftdx-online-shared+cufftdx-large-online,3,11,256,1024,8,2,table,direct-strided,Tesla V100-SXM2-16GB,7.0,fft,fp32,forward,none,in-place,online-reorder,cufftdx-block,20,1048576,8,100,50,0.763208,10991252165.670506,0.001298,1
fft20-fp32_b8_d3_10x3x7_t512x512x512_e16x8x16_rr_gf_gt256x128_ge16x16,fft20-fp32-batch8,3,fft20-fp32_b8_d3_10x3x7_t512x512x512_e16x8x16_rr_gf_gt256x128_ge16x16,0,1217624.1833277687,fft20-fp32,3,10x3x7,512x512x512,16x8x16,recurrencexrecurrence,direct-stridedxdirect-strided,global-scratchxfused,2,10x10,256x128,16x16,cufftdx-online-shared+cufftdx-online-shared+cufftdx-online-shared,10,7,512,512,16,16,recurrence,direct-strided,Tesla V100-SXM2-16GB,7.0,fft,fp32,forward,none,in-place,online-reorder,cufftdx-block,20,1048576,8,100,50,0.397619,21097088943.314838,0.001451,1
fft20-fp32_b8_d3_3x7x10_t256x256x256_e8x16x16_tt_fg_gt256x256_ge16x16,fft20-fp32-batch8,2,fft20-fp32_b8_d3_3x7x10_t256x256x256_e8x16x16_tt_fg_gt256x256_ge16x16,0,1217624.1833277687,fft20-fp32,3,3x7x10,256x256x256,8x16x16,tablextable,direct-stridedxdirect-strided,fusedxglobal-scratch,2,10x10,256x256,16x16,cufftdx-online-shared+cufftdx-online-shared+cufftdx-online-shared,3,10,256,256,8,16,table,direct-strided,Tesla V100-SXM2-16GB,7.0,fft,fp32,forward,none,in-place,online-reorder,cufftdx-block,20,1048576,8,100,50,0.636969,13169570875.745117,0.001343,1
fft20-fp32_b2_d3_4x11x5_t128x512x128_e16x4x16_tt_gg,fft20-fp32-batch2,2,fft20-fp32_b2_d3_4x11x5_t128x512x128_e16x4x16_tt_gg,0,983040.0,fft20-fp32,3,4x11x5,128x512x128,16x4x16,tablextable,direct-stridedxdirect-strided,global-scratchxglobal-scratch,3,,,,cufftdx-online-shared+cufftdx-large-online+cufftdx-online-shared,4,5,128,128,16,16,table,direct-strided,Tesla V100-SXM2-16GB,7.0,fft,fp32,forward,none,in-place,online-reorder,cufftdx-block,20,1048576,2,100,50,0.402002,5216771138.209316,0.001234,1
fft20-fp32_b2_d3_7x3x10_t128x128x128_e16x8x16_tt_fg_gt128x128_ge16x16,fft20-fp32-batch2,2,fft20-fp32_b2_d3_7x3x10_t128x128x128_e16x8x16_tt_fg_gt128x128_ge16x16,0,304406.0458319422,fft20-fp32,3,7x3x10,128x128x128,16x8x16,tablextable,direct-stridedxdirect-strided,fusedxglobal-scratch,2,10x10,128x128,16x16,cufftdx-online-shared+cufftdx-online-shared+cufftdx-online-shared,7,10,128,128,16,16,table,direct-strided,Tesla V100-SXM2-16GB,7.0,fft,fp32,forward,none,in-place,online-reorder,cufftdx-block,20,1048576,2,100,50,0.183747,11413285690.516352,0.001125,1
fft18-fp32_b16_d3_3x11x4_t128x512x128_e8x4x16_tt_gg,fft18-fp32-batch16,1,fft18-fp32_b16_d3_3x11x4_t128x512x128_e8x4x16_tt_gg,0,2359296.0,fft18-fp32,3,3x11x4,128x512x128,8x4x16,tablextable,direct-stridedxdirect-strided,global-scratchxglobal-scratch,3,,,,cufftdx-online-shared+cufftdx-large-online+cufftdx-online-shared,3,4,128,128,8,16,table,direct-strided,Tesla V100-SXM2-16GB,7.0,fft,fp32,forward,none,in-place,online-reorder,cufftdx-block,18,262144,16,100,50,0.857293,4892498969.105859,0.000503,1
fft18-fp32_b16_p11s7_t256x128_e8x16_rec_ptx,fft18-fp32-batch16,3,fft18-fp32_b16_p11s7_t256x128_e8x16_rec_ptx,0,1018015.6028476105,fft18-fp32,2,11x7,256x128,8x16,recurrence,prefix-tiled-transpose,global-scratch,2,,,,cufftdx-large-online+cufftdx-online-shared,11,7,256,128,8,16,recurrence,prefix-tiled-transpose,Tesla V100-SXM2-16GB,7.0,fft,fp32,forward,none,in-place,online-reorder,cufftdx-block,18,262144,16,100,50,0.353137,11877283909.818462,0.000633,1
fft18-fp32_b2_p12s6_t256x128_e16x16_rec_ptx,fft18-fp32-batch2,3,fft18-fp32_b2_p12s6_t256x128_e16x16_rec_ptx,0,91438.61722882584,fft18-fp32,2,12x6,256x128,16x16,recurrence,prefix-tiled-transpose,global-scratch,2,,,,cufftdx-large-online+cufftdx-online-shared,12,6,256,128,16,16,recurrence,prefix-tiled-transpose,Tesla V100-SXM2-16GB,7.0,fft,fp32,forward,none,in-place,online-reorder,cufftdx-block,18,262144,2,100,50,0.052244,10035280147.918419,0.000579,1
fft18-fp32_b2_d3_11x3x4_t256x512x512_e8x8x16_tt_gf_gt256x512_ge8x16,fft18-fp32-batch2,2,fft18-fp32_b2_d3_11x3x4_t256x512x512_e8x8x16_tt_gf_gt256x512_ge8x16,0,156609.46226797753,fft18-fp32,3,11x3x4,256x512x512,8x8x16,tablextable,direct-stridedxdirect-strided,global-scratchxfused,2,11x7,256x512,8x16,cufftdx-large-online+cufftdx-online-shared+cufftdx-online-shared,11,4,256,512,8,16,table,direct-strided,Tesla V100-SXM2-16GB,7.0,fft,fp32,forward,none,in-place,online-reorder,cufftdx-block,18,262144,2,100,50,0.055357,9470957971.138971,0.000546,1
fft18-fp32_b64_d3_11x3x4_t256x512x512_e8x8x16_tt_gf_gt256x512_ge8x16,fft18-fp32-batch64,3,fft18-fp32_b64_d3_11x3x4_t256x512x512_e8x8x16_tt_gf_gt256x512_ge8x16,0,4155165.725908614,fft18-fp32,3,11x3x4,256x512x512,8x8x16,tablextable,direct-stridedxdirect-strided,global-scratchxfused,2,11x7,256x512,8x16,cufftdx-large-online+cufftdx-online-shared+cufftdx-online-shared,11,4,256,512,8,16,table,direct-strided,Tesla V100-SXM2-16GB,7.0,fft,fp32,forward,none,in-place,online-reorder,cufftdx-block,18,262144,64,100,50,1.490002,11259861123.393847,0.000612,1
fft18-fp32_b2_p7s11_t128x256_e16x8_rec,fft18-fp32-batch2,3,fft18-fp32_b2_p7s11_t128x256_e16x8_rec,0,135794.93600280714,fft18-fp32,2,7x11,128x256,16x8,recurrence,direct-strided,global-scratch,2,,,,cufftdx-online-shared+cufftdx-large-online,7,11,128,256,16,8,recurrence,direct-strided,Tesla V100-SXM2-16GB,7.0,fft,fp32,forward,none,in-place,online-reorder,cufftdx-block,18,262144,2,100,50,0.042803,12248803305.663052,0.000682,1
fft18-fp32_b2_d3_9x3x6_t512x512x512_e16x8x16_rr_gf_gt256x256_ge8x8,fft18-fp32-batch2,3,fft18-fp32_b2_d3_9x3x6_t512x512x512_e16x8x16_rr_gf_gt256x256_ge8x8,0,166948.6229159711,fft18-fp32,3,9x3x6,512x512x512,16x8x16,recurrencexrecurrence,direct-stridedxdirect-strided,global-scratchxfused,2,9x9,256x256,8x8,cufftdx-online-shared+cufftdx-online-shared+cufftdx-online-shared,9,6,512,512,16,16,recurrence,direct-strided,Tesla V100-SXM2-16GB,7.0,fft,fp32,forward,none,in-place,online-reorder,cufftdx-block,18,262144,2,100,50,0.029860,17558298528.256466,0.000553,1
fft18-fp32_b16_d4_3x3x3x9_t512x512x512x512_e8x8x8x16_ttt_fgf_gt512x256_ge16x16,fft18-fp32-batch16,3,fft18-fp32_b16_d4_3x3x3x9_t512x512x512x512_e8x8x8x16_ttt_fgf_gt512x256_ge16x16,0,608812.0916638843,fft18-fp32,4,3x3x3x9,512x512x512x512,8x8x8x16,tablextablextable,direct-stridedxdirect-stridedxdirect-strided,fusedxglobal-scratchxfused,2,6x12,512x256,16x16,cufftdx-online-shared+cufftdx-online-shared+cufftdx-online-shared+cufftdx-online-shared,3,9,512,512,8,16,table,direct-strided,Tesla V100-SXM2-16GB,7.0,fft,fp32,forward,none,in-place,online-reorder,cufftdx-block,18,262144,16,100,50,0.411771,10186013382.414476,0.000550,1
fft18-fp32_b64_d4_3x3x3x9_t512x512x512x512_e8x8x8x16_ttt_fgf_gt512x256_ge16x16,fft18-fp32-batch64,2,fft18-fp32_b64_d4_3x3x3x9_t512x512x512x512_e8x8x8x16_ttt_fgf_gt512x256_ge16x16,0,2435248.3666555374,fft18-fp32,4,3x3x3x9,512x512x512x512,8x8x8x16,tablextablextable,direct-stridedxdirect-stridedxdirect-strided,fusedxglobal-scratchxfused,2,6x12,512x256,16x16,cufftdx-online-shared+cufftdx-online-shared+cufftdx-online-shared+cufftdx-online-shared,3,9,512,512,8,16,table,direct-strided,Tesla V100-SXM2-16GB,7.0,fft,fp32,forward,none,in-place,online-reorder,cufftdx-block,18,262144,64,100,50,1.286042,13045624475.204390,0.000617,1
fft18-fp32_b64_d3_4x4x10_t512x512x512_e16x16x16_tt_gg,fft18-fp32-batch64,3,fft18-fp32_b64_d3_4x4x10_t512x512x512_e16x16x16_tt_gg,0,3517580.9740579985,fft18-fp32,3,4x4x10,512x512x512,16x16x16,tablextable,direct-stridedxdirect-strided,global-scratchxglobal-scratch,3,,,,cufftdx-online-shared+cufftdx-online-shared+cufftdx-online-shared,4,10,512,512,16,16,table,direct-strided,Tesla V100-SXM2-16GB,7.0,fft,fp32,forward,none,in-place,online-reorder,cufftdx-block,18,262144,64,100,50,2.613801,6418704401.726669,0.000521,1
fft18-fp32_b16_d3_3x12x3_t128x512x128_e8x8x8_tt_gg,fft18-fp32-batch16,3,fft18-fp32_b16_d3_3x12x3_t128x512x128_e8x8x8_tt_gg,0,1758790.4870289993,fft18-fp32,3,3x12x3,128x512x128,8x8x8,tablextable,direct-stridedxdirect-strided,global-scratchxglobal-scratch,3,,,,cufftdx-online-shared+cufftdx-large-online+cufftdx-online-shared,3,3,128,128,8,8,table,direct-strided,Tesla V100-SXM2-16GB,7.0,fft,fp32,forward,none,in-place,online-reorder,cufftdx-block,18,262144,16,100,50,0.720937,5817851306.697180,0.000498,1
fft18-fp32_b2_d3_3x4x11_t256x256x1024_e8x16x2_tt_fg_gt256x1024_ge16x2,fft18-fp32-batch2,3,fft18-fp32_b2_d3_3x4x11_t256x256x1024_e8x16x2_tt_fg_gt256x1024_ge16x2,0,455001.6973393928,fft18-fp32,3,3x4x11,256x256x1024,8x16x2,tablextable,direct-stridedxdirect-strided,fusedxglobal-scratch,2,7x11,256x1024,16x2,cufftdx-online-shared+cufftdx-online-shared+cufftdx-large-online,3,11,256,1024,8,2,table,direct-strided,Tesla V100-SXM2-16GB,7.0,fft,fp32,forward,none,in-place,online-reorder,cufftdx-block,18,262144,2,100,50,0.060273,8698606650.153894,0.000386,1
fft18-fp32_b64_d3_3x5x10_t256x256x256_e8x16x16_tt_fg_gt256x256_ge16x16,fft18-fp32-batch64,2,fft18-fp32_b64_d3_3x5x10_t256x256x256_e8x16x16_tt_fg_gt256x256_ge16x16,0,2435248.3666555374,fft18-fp32,3,3x5x10,256x256x256,8x16x16,tablextable,direct-stridedxdirect-strided,fusedxglobal-scratch,2,8x10,256x256,16x16,cufftdx-online-shared+cufftdx-online-shared+cufftdx-online-shared,3,10,256,256,8,16,table,direct-strided,Tesla V100-SXM2-16GB,7.0,fft,fp32,forward,none,in-place,online-reorder,cufftdx-block,18,262144,64,100,50,1.108275,15138132096.631926,0.000610,1
fft18-fp32_b64_p7s11_t128x256_e16x8_rec_tx,fft18-fp32-batch64,1,fft18-fp32_b64_p7s11_t128x256_e16x8_rec_tx,0,3566171.2214231617,fft18-fp32,2,7x11,128x256,16x8,recurrence,tiled-transpose,global-scratch,2,,,,cufftdx-online-shared+cufftdx-large-online,7,11,128,256,16,8,recurrence,tiled-transpose,Tesla V100-SXM2-16GB,7.0,fft,fp32,forward,none,in-place,online-reorder,cufftdx-block,18,262144,64,100,50,1.076593,15583624385.134327,0.000672,1
fft20-fp32_b16_d3_11x3x6_t256x512x512_e8x8x16_tt_gf_gt256x512_ge8x16,fft20-fp32-batch16,1,fft20-fp32_b16_d3_11x3x6_t256x512x512_e8x8x16_tt_gf_gt256x512_ge8x16,0,4155165.725908614,fft20-fp32,3,11x3x6,256x512x512,8x8x16,tablextable,direct-stridedxdirect-strided,global-scratchxfused,2,11x9,256x512,8x16,cufftdx-large-online+cufftdx-online-shared+cufftdx-online-shared,11,6,256,512,8,16,table,direct-strided,Tesla V100-SXM2-16GB,7.0,fft,fp32,forward,none,in-place,online-reorder,cufftdx-block,20,1048576,16,100,50,1.690050,9927050210.181425,0.001726,1
fft18-fp32_b64_d3_4x4x10_t256x256x256_e16x16x16_tt_fg_gt256x256_ge16x16,fft18-fp32-batch64,3,fft18-fp32_b64_d3_4x4x10_t256x256x256_e16x16x16_tt_fg_gt256x256_ge16x16,0,2435248.3666555374,fft18-fp32,3,4x4x10,256x256x256,16x16x16,tablextable,direct-stridedxdirect-strided,fusedxglobal-scratch,2,8x10,256x256,16x16,cufftdx-online-shared+cufftdx-online-shared+cufftdx-online-shared,4,10,256,256,16,16,table,direct-strided,Tesla V100-SXM2-16GB,7.0,fft,fp32,forward,none,in-place,online-reorder,cufftdx-block,18,262144,64,100,50,1.109647,15119411898.238546,0.000610,1
fft18-fp32_b64_p7s11_t128x256_e16x8_rec,fft18-fp32-batch64,2,fft18-fp32_b64_p7s11_t128x256_e16x8_rec,0,3566171.2214231617,fft18-fp32,2,7x11,128x256,16x8,recurrence,direct-strided,global-scratch,2,,,,cufftdx-online-shared+cufftdx-large-online,7,11,128,256,16,8,recurrence,direct-strided,Tesla V100-SXM2-16GB,7.0,fft,fp32,forward,none,in-place,online-reorder,cufftdx-block,18,262144,64,100,50,1.060291,15823224684.955257,0.000672,1
fft20-fp32_b8_d3_3x11x6_t128x512x128_e8x4x16_tt_gg,fft20-fp32-batch8,1,fft20-fp32_b8_d3_3x11x6_t128x512x128_e8x4x16_tt_gg,0,4718592.0,fft20-fp32,3,3x11x6,128x512x128,8x4x16,tablextable,direct-stridedxdirect-strided,global-scratchxglobal-scratch,3,,,,cufftdx-online-shared+cufftdx-large-online+cufftdx-online-shared,3,6,128,128,8,16,table,direct-strided,Tesla V100-SXM2-16GB,7.0,fft,fp32,forward,none,in-place,online-reorder,cufftdx-block,20,1048576,8,100,50,1.410847,5945796902.897160,0.001221,1
fft20-fp32_b16_d3_3x6x11_t256x256x1024_e8x16x2_tt_fg_gt256x1024_ge16x2,fft20-fp32-batch16,3,fft20-fp32_b16_d3_3x6x11_t256x256x1024_e8x16x2_tt_fg_gt256x1024_ge16x2,0,12296877.781527234,fft20-fp32,3,3x6x11,256x256x1024,8x16x2,tablextable,direct-stridedxdirect-strided,fusedxglobal-scratch,2,9x11,256x1024,16x2,cufftdx-online-shared+cufftdx-online-shared+cufftdx-large-online,3,11,256,1024,8,2,table,direct-strided,Tesla V100-SXM2-16GB,7.0,fft,fp32,forward,none,in-place,online-reorder,cufftdx-block,20,1048576,16,100,50,1.466839,11437667327.251936,0.001315,1
fft18-fp32_b16_d3_5x3x10_t128x128x128_e16x8x16_tt_fg_gt128x128_ge16x16,fft18-fp32-batch16,1,fft18-fp32_b16_d3_5x3x10_t128x128x128_e16x8x16_tt_fg_gt128x128_ge16x16,0,608812.0916638843,fft18-fp32,3,5x3x10,128x128x128,16x8x16,tablextable,direct-stridedxdirect-strided,fusedxglobal-scratch,2,8x10,128x128,16x16,cufftdx-online-shared+cufftdx-online-shared+cufftdx-online-shared,5,10,128,128,16,16,table,direct-strided,Tesla V100-SXM2-16GB,7.0,fft,fp32,forward,none,in-place,online-reorder,cufftdx-block,18,262144,16,100,50,0.257311,16300541336.731712,0.000610,1
fft18-fp32_b2_d3_3x12x3_t256x1024x256_e8x4x8_tt_gg,fft18-fp32-batch2,3,fft18-fp32_b2_d3_3x12x3_t256x1024x256_e8x4x8_tt_gg,0,356515.84,fft18-fp32,3,3x12x3,256x1024x256,8x4x8,tablextable,direct-stridedxdirect-strided,global-scratchxglobal-scratch,3,,,,cufftdx-online-shared+cufftdx-large-online+cufftdx-online-shared,3,3,256,256,8,8,table,direct-strided,Tesla V100-SXM2-16GB,7.0,fft,fp32,forward,none,in-place,online-reorder,cufftdx-block,18,262144,2,100,50,0.085791,6111243479.834187,0.000391,1
fft18-fp32_b16_d3_3x4x11_t128x128x512_e8x16x4_tt_fg_gt128x512_ge16x4,fft18-fp32-batch16,2,fft18-fp32_b16_d3_3x4x11_t128x128x512_e8x16x4_tt_fg_gt128x512_ge16x4,0,1607201.65278427,fft18-fp32,3,3x4x11,128x128x512,8x16x4,tablextable,direct-stridedxdirect-strided,fusedxglobal-scratch,2,7x11,128x512,16x4,cufftdx-online-shared+cufftdx-online-shared+cufftdx-large-online,3,11,128,512,8,4,table,direct-strided,Tesla V100-SXM2-16GB,7.0,fft,fp32,forward,none,in-place,online-reorder,cufftdx-block,18,262144,16,100,50,0.326636,12840930869.625731,0.000521,1
fft18-fp32_b16_d3_3x4x11_t256x256x1024_e8x16x2_tt_fg_gt256x1024_ge16x2,fft18-fp32-batch16,3,fft18-fp32_b16_d3_3x4x11_t256x256x1024_e8x16x2_tt_fg_gt256x1024_ge16x2,0,3074219.4453818086,fft18-fp32,3,3x4x11,256x256x1024,8x16x2,tablextable,direct-stridedxdirect-strided,fusedxglobal-scratch,2,7x11,256x1024,16x2,cufftdx-online-shared+cufftdx-online-shared+cufftdx-large-online,3,11,256,1024,8,2,table,direct-strided,Tesla V100-SXM2-16GB,7.0,fft,fp32,forward,none,in-place,online-reorder,cufftdx-block,18,262144,16,100,50,0.343716,12202824054.344721,0.000489,1
fft20-fp32_b2_d3_4x6x10_t128x128x128_e16x16x16_tt_fg_gt128x128_ge16x16,fft20-fp32-batch2,1,fft20-fp32_b2_d3_4x6x10_t128x128x128_e16x16x16_tt_fg_gt128x128_ge16x16,0,304406.0458319422,fft20-fp32,3,4x6x10,128x128x128,16x16x16,tablextable,direct-stridedxdirect-strided,fusedxglobal-scratch,2,10x10,128x128,16x16,cufftdx-online-shared+cufftdx-online-shared+cufftdx-online-shared,4,10,128,128,16,16,table,direct-strided,Tesla V100-SXM2-16GB,7.0,fft,fp32,forward,none,in-place,online-reorder,cufftdx-block,20,1048576,2,100,50,0.183992,11398040573.936329,0.001125,1
fft18-fp32_b16_d3_4x11x3_t128x512x128_e16x4x8_tt_gg,fft18-fp32-batch16,3,fft18-fp32_b16_d3_4x11x3_t128x512x128_e16x4x8_tt_gg,0,2219468.9490830395,fft18-fp32,3,4x11x3,128x512x128,16x4x8,tablextable,direct-stridedxdirect-strided,global-scratchxglobal-scratch,3,,,,cufftdx-online-shared+cufftdx-large-online+cufftdx-online-shared,4,3,128,128,16,8,table,direct-strided,Tesla V100-SXM2-16GB,7.0,fft,fp32,forward,none,in-place,online-reorder,cufftdx-block,18,262144,16,100,50,0.751985,5577645723.661046,0.000488,1
fft18-fp32_b64_p11s7_t256x128_e8x16_rec,fft18-fp32-batch64,1,fft18-fp32_b64_p11s7_t256x128_e8x16_rec,0,4072062.411390442,fft18-fp32,2,11x7,256x128,8x16,recurrence,direct-strided,global-scratch,2,,,,cufftdx-large-online+cufftdx-online-shared,11,7,256,128,8,16,recurrence,direct-strided,Tesla V100-SXM2-16GB,7.0,fft,fp32,forward,none,in-place,online-reorder,cufftdx-block,18,262144,64,100,50,1.228247,13659480027.417282,0.000697,1
fft18-fp32_b64_p9s9_t128x128_e16x16_rec,fft18-fp32-batch64,3,fft18-fp32_b64_p9s9_t128x128_e16x16_rec,0,2386543.3993224264,fft18-fp32,2,9x9,128x128,16x16,recurrence,direct-strided,global-scratch,2,,,,cufftdx-online-shared+cufftdx-online-shared,9,9,128,128,16,16,recurrence,direct-strided,Tesla V100-SXM2-16GB,7.0,fft,fp32,forward,none,in-place,online-reorder,cufftdx-block,18,262144,64,100,50,0.828969,20238654485.867382,0.000984,1
fft20-fp32_b2_d4_3x5x3x9_t512x512x512x512_e8x16x8x16_ttt_fgf_gt512x256_ge16x16,fft20-fp32-batch2,1,fft20-fp32_b2_d4_3x5x3x9_t512x512x512x512_e8x16x8x16_ttt_fgf_gt512x256_ge16x16,0,304406.0458319422,fft20-fp32,4,3x5x3x9,512x512x512x512,8x16x8x16,tablextablextable,direct-stridedxdirect-stridedxdirect-strided,fusedxglobal-scratchxfused,2,8x12,512x256,16x16,cufftdx-online-shared+cufftdx-online-shared+cufftdx-online-shared+cufftdx-online-shared,3,9,512,512,8,16,table,direct-strided,Tesla V100-SXM2-16GB,7.0,fft,fp32,forward,none,in-place,online-reorder,cufftdx-block,20,1048576,2,100,50,0.246559,8505689640.093516,0.001102,1
fft20-fp32_b16_d3_6x3x11_t128x128x512_e16x8x4_tt_fg_gt128x512_ge16x4,fft20-fp32-batch16,3,fft20-fp32_b16_d3_6x3x11_t128x128x512_e16x8x4_tt_fg_gt128x512_ge16x4,0,6428806.61113708,fft20-fp32,3,6x3x11,128x128x512,16x8x4,tablextable,direct-stridedxdirect-strided,fusedxglobal-scratch,2,9x11,128x512,16x4,cufftdx-online-shared+cufftdx-online-shared+cufftdx-large-online,6,11,128,512,16,4,table,direct-strided,Tesla V100-SXM2-16GB,7.0,fft,fp32,forward,none,in-place,online-reorder,cufftdx-block,20,1048576,16,100,50,1.513943,11081801069.327690,0.001485,1
fft18-fp32_b2_d3_8x7x3_t256x256x256_e16x16x8_tt_gf_gt256x256_ge16x16,fft18-fp32-batch2,2,fft18-fp32_b2_d3_8x7x3_t256x256x256_e16x16x8_tt_gf_gt256x256_ge16x16,0,93304.71145798556,fft18-fp32,3,8x7x3,256x256x256,16x16x8,tablextable,direct-stridedxdirect-strided,global-scratchxfused,2,8x10,256x256,16x16,cufftdx-online-shared+cufftdx-online-shared+cufftdx-online-shared,8,3,256,256,16,8,table,direct-strided,Tesla V100-SXM2-16GB,7.0,fft,fp32,forward,none,in-place,online-reorder,cufftdx-block,18,262144,2,100,50,0.039444,13291796438.589510,0.000501,1
fft18-fp32_b2_p6s12_t128x256_e16x16_rec,fft18-fp32-batch2,2,fft18-fp32_b2_p6s12_t128x256_e16x16_rec,0,91438.61722882584,fft18-fp32,2,6x12,128x256,16x16,recurrence,direct-strided,global-scratch,2,,,,cufftdx-online-shared+cufftdx-large-online,6,12,128,256,16,16,recurrence,direct-strided,Tesla V100-SXM2-16GB,7.0,fft,fp32,forward,none,in-place,online-reorder,cufftdx-block,18,262144,2,100,50,0.047309,11082251344.759054,0.000549,1
fft18-fp32_b2_d3_3x11x4_t256x1024x256_e8x2x16_tt_gg,fft18-fp32-batch2,3,fft18-fp32_b2_d3_3x11x4_t256x1024x256_e8x2x16_tt_gg,0,577809.0666666667,fft18-fp32,3,3x11x4,256x1024x256,8x2x16,tablextable,direct-stridedxdirect-strided,global-scratchxglobal-scratch,3,,,,cufftdx-online-shared+cufftdx-large-online+cufftdx-online-shared,3,4,256,256,8,16,table,direct-strided,Tesla V100-SXM2-16GB,7.0,fft,fp32,forward,none,in-place,online-reorder,cufftdx-block,18,262144,2,100,50,0.103485,5066297117.073870,0.000348,1
fft20-fp32_b8_d3_3x5x12_t128x128x512_e8x16x8_tt_fg_gt128x512_ge16x8,fft20-fp32-batch8,3,fft20-fp32_b8_d3_3x5x12_t128x128x512_e8x16x8_tt_fg_gt128x512_ge16x8,0,1819475.1129710008,fft20-fp32,3,3x5x12,128x128x512,8x16x8,tablextable,direct-stridedxdirect-strided,fusedxglobal-scratch,2,8x12,128x512,16x8,cufftdx-online-shared+cufftdx-online-shared+cufftdx-large-online,3,12,128,512,8,8,table,direct-strided,Tesla V100-SXM2-16GB,7.0,fft,fp32,forward,none,in-place,online-reorder,cufftdx-block,20,1048576,8,100,50,0.882053,9510320466.848434,0.001158,1
fft18-fp32_b2_p9s9_t256x256_e8x8_rec,fft18-fp32-batch2,2,fft18-fp32_b2_p9s9_t256x256_e8x8_rec,0,175170.20085765165,fft18-fp32,2,9x9,256x256,8x8,recurrence,direct-strided,global-scratch,2,,,,cufftdx-online-shared+cufftdx-online-shared,9,9,256,256,8,8,recurrence,direct-strided,Tesla V100-SXM2-16GB,7.0,fft,fp32,forward,none,in-place,online-reorder,cufftdx-block,18,262144,2,100,50,0.025928,20221169337.977360,0.000553,1
fft20-fp32_b16_d4_3x3x4x10_t512x512x512x512_e8x8x16x16_ttt_ffg_gt512x512_ge16x16,fft20-fp32-batch16,3,fft20-fp32_b16_d4_3x3x4x10_t512x512x512x512_e8x8x16x16_ttt_ffg_gt512x512_ge16x16,0,2435248.3666555374,fft20-fp32,4,3x3x4x10,512x512x512x512,8x8x16x16,tablextablextable,direct-stridedxdirect-stridedxdirect-strided,fusedxfusedxglobal-scratch,2,10x10,512x512,16x16,cufftdx-online-shared+cufftdx-online-shared+cufftdx-online-shared+cufftdx-online-shared,3,10,512,512,8,16,table,direct-strided,Tesla V100-SXM2-16GB,7.0,fft,fp32,forward,none,in-place,online-reorder,cufftdx-block,20,1048576,16,100,50,1.163796,14415937050.103703,0.001468,1
fft20-fp32_b2_d3_3x5x12_t128x128x512_e8x16x8_tt_fg_gt128x512_ge16x8,fft20-fp32-batch2,1,fft20-fp32_b2_d3_3x5x12_t128x128x512_e8x16x8_tt_fg_gt128x512_ge16x8,0,454868.7782427502,fft20-fp32,3,3x5x12,128x128x512,8x16x8,tablextable,direct-stridedxdirect-strided,fusedxglobal-scratch,2,8x12,128x512,16x8,cufftdx-online-shared+cufftdx-online-shared+cufftdx-large-online,3,12,128,512,8,8,table,direct-strided,Tesla V100-SXM2-16GB,7.0,fft,fp32,forward,none,in-place,online-reorder,cufftdx-block,20,1048576,2,100,50,0.223130,9398806780.039021,0.001120,1
fft18-fp32_b2_p6s12_t128x256_e16x16_rec_tx,fft18-fp32-batch2,3,fft18-fp32_b2_p6s12_t128x256_e16x16_rec_tx,0,91438.61722882584,fft18-fp32,2,6x12,128x256,16x16,recurrence,tiled-transpose,global-scratch,2,,,,cufftdx-online-shared+cufftdx-large-online,6,12,128,256,16,16,recurrence,tiled-transpose,Tesla V100-SXM2-16GB,7.0,fft,fp32,forward,none,in-place,online-reorder,cufftdx-block,18,262144,2,100,50,0.033505,15647921960.831467,0.000549,1
fft18-fp32_b16_d3_5x3x10_t128x128x128_e16x8x16_tt_fg_gt128x128_ge16x16,fft18-fp32-batch16,2,fft18-fp32_b16_d3_5x3x10_t128x128x128_e16x8x16_tt_fg_gt128x128_ge16x16,0,608812.0916638843,fft18-fp32,3,5x3x10,128x128x128,16x8x16,tablextable,direct-stridedxdirect-strided,fusedxglobal-scratch,2,8x10,128x128,16x16,cufftdx-online-shared+cufftdx-online-shared+cufftdx-online-shared,5,10,128,128,16,16,table,direct-strided,Tesla V100-SXM2-16GB,7.0,fft,fp32,forward,none,in-place,online-reorder,cufftdx-block,18,262144,16,100,50,0.257679,16277220604.609726,0.000610,1
fft18-fp32_b64_d4_3x6x3x6_t512x512x512x512_e8x16x8x16_rrr_fgf_gt256x256_ge8x8,fft18-fp32-batch64,1,fft18-fp32_b64_d4_3x6x3x6_t512x512x512x512_e8x16x8x16_rrr_fgf_gt256x256_ge8x8,0,4870496.733311075,fft18-fp32,4,3x6x3x6,512x512x512x512,8x16x8x16,recurrencexrecurrencexrecurrence,direct-stridedxdirect-stridedxdirect-strided,fusedxglobal-scratchxfused,2,9x9,256x256,8x8,cufftdx-online-shared+cufftdx-online-shared+cufftdx-online-shared+cufftdx-online-shared,3,6,512,512,8,16,recurrence,direct-strided,Tesla V100-SXM2-16GB,7.0,fft,fp32,forward,none,in-place,online-reorder,cufftdx-block,18,262144,64,100,50,0.811786,20667035307.622284,0.000666,1
fft18-fp32_b64_p8s10_t128x128_e16x16_rec,fft18-fp32-batch64,2,fft18-fp32_b64_p8s10_t128x128_e16x16_rec,0,2386543.3993224264,fft18-fp32,2,8x10,128x128,16x16,recurrence,direct-strided,global-scratch,2,,,,cufftdx-online-shared+cufftdx-online-shared,8,10,128,128,16,16,recurrence,direct-strided,Tesla V100-SXM2-16GB,7.0,fft,fp32,forward,none,in-place,online-reorder,cufftdx-block,18,262144,64,100,50,0.767386,21862821837.165054,0.000674,1
fft20-fp32_b2_d3_11x3x6_t256x512x512_e8x8x16_tt_gf_gt256x512_ge8x16,fft20-fp32-batch2,1,fft20-fp32_b2_d3_11x3x6_t256x512x512_e8x8x16_tt_gf_gt256x512_ge8x16,0,519395.7157385768,fft20-fp32,3,11x3x6,256x512x512,8x8x16,tablextable,direct-stridedxdirect-strided,global-scratchxfused,2,11x9,256x512,8x16,cufftdx-large-online+cufftdx-online-shared+cufftdx-online-shared,11,6,256,512,8,16,table,direct-strided,Tesla V100-SXM2-16GB,7.0,fft,fp32,forward,none,in-place,online-reorder,cufftdx-block,20,1048576,2,100,50,0.237527,8829108369.316513,0.001485,1
fft18-fp32_b2_d3_3x5x10_t512x512x512_e8x16x16_tt_fg_gt512x512_ge16x16,fft18-fp32-batch2,3,fft18-fp32_b2_d3_3x5x10_t512x512x512_e8x16x16_tt_fg_gt512x512_ge16x16,0,83474.31145798555,fft18-fp32,3,3x5x10,512x512x512,8x16x16,tablextable,direct-stridedxdirect-strided,fusedxglobal-scratch,2,8x10,512x512,16x16,cufftdx-online-shared+cufftdx-online-shared+cufftdx-online-shared,3,10,512,512,8,16,table,direct-strided,Tesla V100-SXM2-16GB,7.0,fft,fp32,forward,none,in-place,online-reorder,cufftdx-block,18,262144,2,100,50,0.043745,11985018915.048426,0.000501,1
fft20-fp32_b2_d3_3x6x11_t128x128x512_e8x16x4_tt_fg_gt128x512_ge16x4,fft20-fp32-batch2,1,fft20-fp32_b2_d3_3x6x11_t128x128x512_e8x16x4_tt_fg_gt128x512_ge16x4,0,803600.826392135,fft20-fp32,3,3x6x11,128x128x512,8x16x4,tablextable,direct-stridedxdirect-strided,fusedxglobal-scratch,2,9x11,128x512,16x4,cufftdx-online-shared+cufftdx-online-shared+cufftdx-large-online,3,11,128,512,8,4,table,direct-strided,Tesla V100-SXM2-16GB,7.0,fft,fp32,forward,none,in-place,online-reorder,cufftdx-block,20,1048576,2,100,50,0.208097,10077748298.075239,0.001468,1
fft18-fp32_b64_p9s9_t256x256_e8x8_rec,fft18-fp32-batch64,1,fft18-fp32_b64_p9s9_t256x256_e8x8_rec,0,4773086.798644853,fft18-fp32,2,9x9,256x256,8x8,recurrence,direct-strided,global-scratch,2,,,,cufftdx-online-shared+cufftdx-online-shared,9,9,256,256,8,8,recurrence,direct-strided,Tesla V100-SXM2-16GB,7.0,fft,fp32,forward,none,in-place,online-reorder,cufftdx-block,18,262144,64,100,50,0.806380,20805606815.699009,0.000666,1
fft20-fp32_b8_d4_3x7x3x7_t512x512x512x512_e8x16x8x16_rrr_fgf_gt256x128_ge16x16,fft20-fp32-batch8,2,fft20-fp32_b8_d4_3x7x3x7_t512x512x512x512_e8x16x8x16_rrr_fgf_gt256x128_ge16x16,0,1217624.1833277687,fft20-fp32,4,3x7x3x7,512x512x512x512,8x16x8x16,recurrencexrecurrencexrecurrence,direct-stridedxdirect-stridedxdirect-strided,fusedxglobal-scratchxfused,2,10x10,256x128,16x16,cufftdx-online-shared+cufftdx-online-shared+cufftdx-online-shared+cufftdx-online-shared,3,7,512,512,8,16,recurrence,direct-strided,Tesla V100-SXM2-16GB,7.0,fft,fp32,forward,none,in-place,online-reorder,cufftdx-block,20,1048576,8,100,50,0.398070,21073210402.381073,0.001451,1
fft20-fp32_b2_d3_4x4x12_t128x128x512_e16x16x8_tt_fg_gt128x512_ge16x8,fft20-fp32-batch2,1,fft20-fp32_b2_d3_4x4x12_t128x128x512_e16x16x8_tt_fg_gt128x512_ge16x8,0,454868.7782427502,fft20-fp32,3,4x4x12,128x128x512,16x16x8,tablextable,direct-stridedxdirect-strided,fusedxglobal-scratch,2,8x12,128x512,16x8,cufftdx-online-shared+cufftdx-online-shared+cufftdx-large-online,4,12,128,512,16,8,table,direct-strided,Tesla V100-SXM2-16GB,7.0,fft,fp32,forward,none,in-place,online-reorder,cufftdx-block,20,1048576,2,100,50,0.220774,9499072474.365444,0.001120,1
fft20-fp32_b16_p10s10_t128x128_e16x16_rec,fft20-fp32-batch16,1,fft20-fp32_b16_p10s10_t128x128_e16x16_rec,0,2386543.3993224264,fft20-fp32,2,10x10,128x128,16x16,recurrence,direct-strided,global-scratch,2,,,,cufftdx-online-shared+cufftdx-online-shared,10,10,128,128,16,16,recurrence,direct-strided,Tesla V100-SXM2-16GB,7.0,fft,fp32,forward,none,in-place,online-reorder,cufftdx-block,20,1048576,16,100,50,0.867717,19334890477.214878,0.001451,1
fft20-fp32_b16_p11s9_t256x128_e8x16_rec_ptx,fft20-fp32-batch16,3,fft20-fp32_b16_p11s9_t256x128_e8x16_rec_ptx,0,4072062.411390442,fft20-fp32,2,11x9,256x128,8x16,recurrence,prefix-tiled-transpose,global-scratch,2,,,,cufftdx-large-online+cufftdx-online-shared,11,9,256,128,8,16,recurrence,prefix-tiled-transpose,Tesla V100-SXM2-16GB,7.0,fft,fp32,forward,none,in-place,online-reorder,cufftdx-block,20,1048576,16,100,50,1.475748,11368619848.452963,0.001713,1
fft18-fp32_b2_d3_8x7x3_t256x256x256_e16x16x8_tt_gf_gt256x256_ge16x16,fft18-fp32-batch2,3,fft18-fp32_b2_d3_8x7x3_t256x256x256_e16x16x8_tt_gf_gt256x256_ge16x16,0,93304.71145798556,fft18-fp32,3,8x7x3,256x256x256,16x16x8,tablextable,direct-stridedxdirect-strided,global-scratchxfused,2,8x10,256x256,16x16,cufftdx-online-shared+cufftdx-online-shared+cufftdx-online-shared,8,3,256,256,16,8,table,direct-strided,Tesla V100-SXM2-16GB,7.0,fft,fp32,forward,none,in-place,online-reorder,cufftdx-block,18,262144,2,100,50,0.039444,13291796438.589510,0.000501,1
fft18-fp32_b2_p6s12_t128x256_e16x16_rec,fft18-fp32-batch2,3,fft18-fp32_b2_p6s12_t128x256_e16x16_rec,0,91438.61722882584,fft18-fp32,2,6x12,128x256,16x16,recurrence,direct-strided,global-scratch,2,,,,cufftdx-online-shared+cufftdx-large-online,6,12,128,256,16,16,recurrence,direct-strided,Tesla V100-SXM2-16GB,7.0,fft,fp32,forward,none,in-place,online-reorder,cufftdx-block,18,262144,2,100,50,0.047329,11077456395.832272,0.000549,1
fft20-fp32_b8_p8s12_t128x256_e16x16_rec_tx,fft20-fp32-batch8,1,fft20-fp32_b8_p8s12_t128x256_e16x16_rec_tx,0,1193271.6996612132,fft20-fp32,2,8x12,128x256,16x16,recurrence,tiled-transpose,global-scratch,2,,,,cufftdx-online-shared+cufftdx-large-online,8,12,128,256,16,16,recurrence,tiled-transpose,Tesla V100-SXM2-16GB,7.0,fft,fp32,forward,none,in-place,online-reorder,cufftdx-block,20,1048576,8,100,50,0.568914,14744950791.523588,0.001371,1
fft18-fp32_b16_p8s10_t128x128_e16x16_rec,fft18-fp32-batch16,2,fft18-fp32_b16_p8s10_t128x128_e16x16_rec,0,596635.8498306066,fft18-fp32,2,8x10,128x128,16x16,recurrence,direct-strided,global-scratch,2,,,,cufftdx-online-shared+cufftdx-online-shared,8,10,128,128,16,16,recurrence,direct-strided,Tesla V100-SXM2-16GB,7.0,fft,fp32,forward,none,in-place,online-reorder,cufftdx-block,18,262144,16,100,50,0.215798,19436271549.380909,0.000626,1
fft20-fp32_b2_d3_3x6x11_t256x256x1024_e8x16x2_tt_fg_gt256x1024_ge16x2,fft20-fp32-batch2,3,fft20-fp32_b2_d3_3x6x11_t256x256x1024_e8x16x2_tt_fg_gt256x1024_ge16x2,0,1537109.7226909043,fft20-fp32,3,3x6x11,256x256x1024,8x16x2,tablextable,direct-stridedxdirect-strided,fusedxglobal-scratch,2,9x11,256x1024,16x2,cufftdx-online-shared+cufftdx-online-shared+cufftdx-large-online,3,11,256,1024,8,2,table,direct-strided,Tesla V100-SXM2-16GB,7.0,fft,fp32,forward,none,in-place,online-reorder,cufftdx-block,20,1048576,2,100,50,0.227308,9226056066.323900,0.001234,1
fft20-fp32_b2_d3_11x3x6_t256x512x512_e8x8x16_tt_gf_gt256x512_ge8x16,fft20-fp32-batch2,3,fft20-fp32_b2_d3_11x3x6_t256x512x512_e8x8x16_tt_gf_gt256x512_ge8x16,0,519395.7157385768,fft20-fp32,3,11x3x6,256x512x512,8x8x16,tablextable,direct-stridedxdirect-strided,global-scratchxfused,2,11x9,256x512,8x16,cufftdx-large-online+cufftdx-online-shared+cufftdx-online-shared,11,6,256,512,8,16,table,direct-strided,Tesla V100-SXM2-16GB,7.0,fft,fp32,forward,none,in-place,online-reorder,cufftdx-block,20,1048576,2,100,50,0.240230,8729752360.364456,0.001485,1
fft20-fp32_b16_d3_8x3x9_t512x512x512_e16x8x16_tt_gf_gt512x256_ge16x16,fft20-fp32-batch16,1,fft20-fp32_b16_d3_8x3x9_t512x512x512_e16x8x16_tt_gf_gt512x256_ge16x16,0,2435248.3666555374,fft20-fp32,3,8x3x9,512x512x512,16x8x16,tablextable,direct-stridedxdirect-strided,global-scratchxfused,2,8x12,512x256,16x16,cufftdx-online-shared+cufftdx-online-shared+cufftdx-online-shared,8,9,512,512,16,16,table,direct-strided,Tesla V100-SXM2-16GB,7.0,fft,fp32,forward,none,in-place,online-reorder,cufftdx-block,20,1048576,16,100,50,2.129715,7877680530.526976,0.001221,1
fft18-fp32_b64_d3_3x4x11_t256x256x1024_e8x16x2_tt_fg_gt256x1024_ge16x2,fft18-fp32-batch64,1,fft18-fp32_b64_d3_3x4x11_t256x256x1024_e8x16x2_tt_fg_gt256x1024_ge16x2,0,12296877.781527234,fft18-fp32,3,3x4x11,256x256x1024,8x16x2,tablextable,direct-stridedxdirect-strided,fusedxglobal-scratch,2,7x11,256x1024,16x2,cufftdx-online-shared+cufftdx-online-shared+cufftdx-large-online,3,11,256,1024,8,2,table,direct-strided,Tesla V100-SXM2-16GB,7.0,fft,fp32,forward,none,in-place,online-reorder,cufftdx-block,18,262144,64,100,50,1.225871,13685951913.677971,0.000489,1
fft18-fp32_b16_d3_3x4x11_t128x128x512_e8x16x4_tt_fg_gt128x512_ge16x4,fft18-fp32-batch16,3,fft18-fp32_b16_d3_3x4x11_t128x128x512_e8x16x4_tt_fg_gt128x512_ge16x4,0,1607201.65278427,fft18-fp32,3,3x4x11,128x128x512,8x16x4,tablextable,direct-stridedxdirect-strided,fusedxglobal-scratch,2,7x11,128x512,16x4,cufftdx-online-shared+cufftdx-online-shared+cufftdx-large-online,3,11,128,512,8,4,table,direct-strided,Tesla V100-SXM2-16GB,7.0,fft,fp32,forward,none,in-place,online-reorder,cufftdx-block,18,262144,16,100,50,0.327045,12824847255.049885,0.000521,1
fft18-fp32_b2_p8s10_t512x512_e16x16_rec,fft18-fp32-batch2,2,fft18-fp32_b2_p8s10_t512x512_e16x16_rec,0,81804.82522882584,fft18-fp32,2,8x10,512x512,16x16,recurrence,direct-strided,global-scratch,2,,,,cufftdx-online-shared+cufftdx-online-shared,8,10,512,512,16,16,recurrence,direct-strided,Tesla V100-SXM2-16GB,7.0,fft,fp32,forward,none,in-place,online-reorder,cufftdx-block,18,262144,2,100,50,0.039690,13209493918.805872,0.000593,1
fft18-fp32_b2_p9s9_t512x512_e16x16_rec,fft18-fp32-batch2,1,fft18-fp32_b2_p9s9_t512x512_e16x16_rec,0,81804.82522882584,fft18-fp32,2,9x9,512x512,16x16,recurrence,direct-strided,global-scratch,2,,,,cufftdx-online-shared+cufftdx-online-shared,9,9,512,512,16,16,recurrence,direct-strided,Tesla V100-SXM2-16GB,7.0,fft,fp32,forward,none,in-place,online-reorder,cufftdx-block,18,262144,2,100,50,0.043418,12075470925.629421,0.000725,1
fft20-fp32_b2_d3_3x6x11_t256x256x1024_e8x16x2_tt_fg_gt256x1024_ge16x2,fft20-fp32-batch2,1,fft20-fp32_b2_d3_3x6x11_t256x256x1024_e8x16x2_tt_fg_gt256x1024_ge16x2,0,1537109.7226909043,fft20-fp32,3,3x6x11,256x256x1024,8x16x2,tablextable,direct-stridedxdirect-strided,fusedxglobal-scratch,2,9x11,256x1024,16x2,cufftdx-online-shared+cufftdx-online-shared+cufftdx-large-online,3,11,256,1024,8,2,table,direct-strided,Tesla V100-SXM2-16GB,7.0,fft,fp32,forward,none,in-place,online-reorder,cufftdx-block,20,1048576,2,100,50,0.227901,9202012785.319828,0.001234,1
fft18-fp32_b2_p11s7_t256x128_e8x16_rec_ptx,fft18-fp32-batch2,3,fft18-fp32_b2_p11s7_t256x128_e8x16_rec_ptx,0,153477.27302261797,fft18-fp32,2,11x7,256x128,8x16,recurrence,prefix-tiled-transpose,global-scratch,2,,,,cufftdx-large-online+cufftdx-online-shared,11,7,256,128,8,16,recurrence,prefix-tiled-transpose,Tesla V100-SXM2-16GB,7.0,fft,fp32,forward,none,in-place,online-reorder,cufftdx-block,18,262144,2,100,50,0.048230,10870488672.896030,0.000546,1
fft18-fp32_b16_d3_4x11x3_t128x512x128_e16x4x8_tt_gg,fft18-fp32-batch16,2,fft18-fp32_b16_d3_4x11x3_t128x512x128_e16x4x8_tt_gg,0,2219468.9490830395,fft18-fp32,3,4x11x3,128x512x128,16x4x8,tablextable,direct-stridedxdirect-strided,global-scratchxglobal-scratch,3,,,,cufftdx-online-shared+cufftdx-large-online+cufftdx-online-shared,4,3,128,128,16,8,table,direct-strided,Tesla V100-SXM2-16GB,7.0,fft,fp32,forward,none,in-place,online-reorder,cufftdx-block,18,262144,16,100,50,0.751186,5583576626.547353,0.000488,1
fft20-fp32_b16_d3_5x3x12_t128x128x512_e16x8x8_tt_fg_gt128x512_ge16x8,fft20-fp32-batch16,2,fft20-fp32_b16_d3_5x3x12_t128x128x512_e16x8x8_tt_fg_gt128x512_ge16x8,0,3638950.2259420017,fft20-fp32,3,5x3x12,128x128x512,16x8x8,tablextable,direct-stridedxdirect-strided,fusedxglobal-scratch,2,8x12,128x512,16x8,cufftdx-online-shared+cufftdx-online-shared+cufftdx-large-online,5,12,128,512,16,8,table,direct-strided,Tesla V100-SXM2-16GB,7.0,fft,fp32,forward,none,in-place,online-reorder,cufftdx-block,20,1048576,16,100,50,1.763574,9513192090.845373,0.001152,1
fft18-fp32_b64_d3_4x3x11_t256x256x1024_e16x8x2_tt_fg_gt256x1024_ge16x2,fft18-fp32-batch64,2,fft18-fp32_b64_d3_4x3x11_t256x256x1024_e16x8x2_tt_fg_gt256x1024_ge16x2,0,12296877.781527234,fft18-fp32,3,4x3x11,256x256x1024,16x8x2,tablextable,direct-stridedxdirect-strided,fusedxglobal-scratch,2,7x11,256x1024,16x2,cufftdx-online-shared+cufftdx-online-shared+cufftdx-large-online,4,11,256,1024,16,2,table,direct-strided,Tesla V100-SXM2-16GB,7.0,fft,fp32,forward,none,in-place,online-reorder,cufftdx-block,18,262144,64,100,50,1.286083,13045208502.777279,0.000489,1
fft20-fp32_b8_d3_3x5x12_t256x256x1024_e8x16x4_tt_fg_gt256x1024_ge16x4,fft20-fp32-batch8,2,fft20-fp32_b8_d3_3x5x12_t256x256x1024_e8x16x4_tt_fg_gt256x1024_ge16x4,0,3214403.30556854,fft20-fp32,3,3x5x12,256x256x1024,8x16x4,tablextable,direct-stridedxdirect-strided,fusedxglobal-scratch,2,8x12,256x1024,16x4,cufftdx-online-shared+cufftdx-online-shared+cufftdx-large-online,3,12,256,1024,8,4,table,direct-strided,Tesla V100-SXM2-16GB,7.0,fft,fp32,forward,none,in-place,online-reorder,cufftdx-block,20,1048576,8,100,50,0.751718,11159243466.491106,0.001050,1
fft18-fp32_b64_d3_4x11x3_t256x1024x256_e16x2x8_tt_gg,fft18-fp32-batch64,2,fft18-fp32_b64_d3_4x11x3_t256x1024x256_e16x2x8_tt_gg,0,14955662.166722313,fft18-fp32,3,4x11x3,256x1024x256,16x2x8,tablextable,direct-stridedxdirect-strided,global-scratchxglobal-scratch,3,,,,cufftdx-online-shared+cufftdx-large-online+cufftdx-online-shared,4,3,256,256,16,8,table,direct-strided,Tesla V100-SXM2-16GB,7.0,fft,fp32,forward,none,in-place,online-reorder,cufftdx-block,18,262144,64,100,50,3.285750,5106053853.152292,0.000401,1
fft20-fp32_b8_p8s12_t128x256_e16x16_rec_tx,fft20-fp32-batch8,2,fft20-fp32_b8_p8s12_t128x256_e16x16_rec_tx,0,1193271.6996612132,fft20-fp32,2,8x12,128x256,16x16,recurrence,tiled-transpose,global-scratch,2,,,,cufftdx-online-shared+cufftdx-large-online,8,12,128,256,16,16,recurrence,tiled-transpose,Tesla V100-SXM2-16GB,7.0,fft,fp32,forward,none,in-place,online-reorder,cufftdx-block,20,1048576,8,100,50,0.568648,14751854717.247890,0.001371,1
fft20-fp32_b2_p12s8_t256x128_e16x16_rec,fft20-fp32-batch2,2,fft20-fp32_b2_p12s8_t256x128_e16x16_rec,0,298317.9249153033,fft20-fp32,2,12x8,256x128,16x16,recurrence,direct-strided,global-scratch,2,,,,cufftdx-large-online+cufftdx-online-shared,12,8,256,128,16,16,recurrence,direct-strided,Tesla V100-SXM2-16GB,7.0,fft,fp32,forward,none,in-place,online-reorder,cufftdx-block,20,1048576,2,100,50,0.177398,11821749328.857889,0.001315,1
fft18-fp32_b16_p12s6_t256x128_e16x16_rec_ptx,fft18-fp32-batch16,2,fft18-fp32_b16_p12s6_t256x128_e16x16_rec_ptx,0,596635.8498306066,fft18-fp32,2,12x6,256x128,16x16,recurrence,prefix-tiled-transpose,global-scratch,2,,,,cufftdx-large-online+cufftdx-online-shared,12,6,256,128,16,16,recurrence,prefix-tiled-transpose,Tesla V100-SXM2-16GB,7.0,fft,fp32,forward,none,in-place,online-reorder,cufftdx-block,18,262144,16,100,50,0.368394,11385367539.824257,0.000675,1
fft20-fp32_b16_d3_3x7x10_t128x128x128_e8x16x16_tt_fg_gt128x128_ge16x16,fft20-fp32-batch16,1,fft20-fp32_b16_d3_3x7x10_t128x128x128_e8x16x16_tt_fg_gt128x128_ge16x16,0,2435248.3666555374,fft20-fp32,3,3x7x10,128x128x128,8x16x16,tablextable,direct-stridedxdirect-strided,fusedxglobal-scratch,2,10x10,128x128,16x16,cufftdx-online-shared+cufftdx-online-shared+cufftdx-online-shared,3,10,128,128,8,16,table,direct-strided,Tesla V100-SXM2-16GB,7.0,fft,fp32,forward,none,in-place,online-reorder,cufftdx-block,20,1048576,16,100,50,1.266278,13249231909.785374,0.001468,1
fft20-fp32_b8_cufft,fft20-fp32-batch8,2,cuFFT,1,0.0,fft20-fp32,0,,,,,,,2,9x11,,,vendor-baseline,0,0,0,0,0,0,none,none,Tesla V100-SXM2-16GB,7.0,fft,fp32,forward,none,in-place,cufft,scalar,20,1048576,8,100,50,0.381932,21963642820.430519,0.002079,1
fft20-fp32_b16_d3_3x5x12_t512x512x256_e8x16x16_tt_fg_gt512x256_ge16x16,fft20-fp32-batch16,2,fft20-fp32_b16_d3_3x5x12_t512x512x256_e8x16x16_tt_fg_gt512x256_ge16x16,0,2435248.3666555374,fft20-fp32,3,3x5x12,512x512x256,8x16x16,tablextable,direct-stridedxdirect-strided,fusedxglobal-scratch,2,8x12,512x256,16x16,cufftdx-online-shared+cufftdx-online-shared+cufftdx-large-online,3,12,512,256,8,16,table,direct-strided,Tesla V100-SXM2-16GB,7.0,fft,fp32,forward,none,in-place,online-reorder,cufftdx-block,20,1048576,16,100,50,2.120663,7911307252.760378,0.001221,1
fft20-fp32_b16_d3_4x4x12_t128x128x512_e16x16x8_tt_fg_gt128x512_ge16x8,fft20-fp32-batch16,1,fft20-fp32_b16_d3_4x4x12_t128x128x512_e16x16x8_tt_fg_gt128x512_ge16x8,0,3638950.2259420017,fft20-fp32,3,4x4x12,128x128x512,16x16x8,tablextable,direct-stridedxdirect-strided,fusedxglobal-scratch,2,8x12,128x512,16x8,cufftdx-online-shared+cufftdx-online-shared+cufftdx-large-online,4,12,128,512,16,8,table,direct-strided,Tesla V100-SXM2-16GB,7.0,fft,fp32,forward,none,in-place,online-reorder,cufftdx-block,20,1048576,16,100,50,1.763635,9512860290.151337,0.001152,1
fft20-fp32_b2_d4_3x7x3x7_t512x512x512x512_e8x16x8x16_rrr_fgf_gt512x512_ge8x8,fft20-fp32-batch2,3,fft20-fp32_b2_d4_3x7x3x7_t512x512x512x512_e8x16x8x16_rrr_fgf_gt512x512_ge8x8,0,608812.0916638843,fft20-fp32,4,3x7x3x7,512x512x512x512,8x16x8x16,recurrencexrecurrencexrecurrence,direct-stridedxdirect-stridedxdirect-strided,fusedxglobal-scratchxfused,2,10x10,512x512,8x8,cufftdx-online-shared+cufftdx-online-shared+cufftdx-online-shared+cufftdx-online-shared,3,7,512,512,8,16,recurrence,direct-strided,Tesla V100-SXM2-16GB,7.0,fft,fp32,forward,none,in-place,online-reorder,cufftdx-block,20,1048576,2,100,50,0.121324,17285618045.913822,0.001288,1
fft20-fp32_b8_d3_10x3x7_t512x512x512_e16x8x16_rr_gf_gt512x512_ge8x8,fft20-fp32-batch8,1,fft20-fp32_b8_d3_10x3x7_t512x512x512_e16x8x16_rr_gf_gt512x512_ge8x8,0,2435248.3666555374,fft20-fp32,3,10x3x7,512x512x512,16x8x16,recurrencexrecurrence,direct-stridedxdirect-strided,global-scratchxfused,2,10x10,512x512,8x8,cufftdx-online-shared+cufftdx-online-shared+cufftdx-online-shared,10,7,512,512,16,16,recurrence,direct-strided,Tesla V100-SXM2-16GB,7.0,fft,fp32,forward,none,in-place,online-reorder,cufftdx-block,20,1048576,8,100,50,0.411976,20361900886.284840,0.001485,1
fft20-fp32_b16_d3_8x3x9_t512x512x512_e16x8x16_tt_gf_gt512x256_ge16x16,fft20-fp32-batch16,2,fft20-fp32_b16_d3_8x3x9_t512x512x512_e16x8x16_tt_gf_gt512x256_ge16x16,0,2435248.3666555374,fft20-fp32,3,8x3x9,512x512x512,16x8x16,tablextable,direct-stridedxdirect-strided,global-scratchxfused,2,8x12,512x256,16x16,cufftdx-online-shared+cufftdx-online-shared+cufftdx-online-shared,8,9,512,512,16,16,table,direct-strided,Tesla V100-SXM2-16GB,7.0,fft,fp32,forward,none,in-place,online-reorder,cufftdx-block,20,1048576,16,100,50,2.041487,8218133281.144938,0.001221,1
fft20-fp32_b8_d3_4x6x10_t128x128x128_e16x16x16_tt_fg_gt128x128_ge16x16,fft20-fp32-batch8,2,fft20-fp32_b8_d3_4x6x10_t128x128x128_e16x16x16_tt_fg_gt128x128_ge16x16,0,1217624.1833277687,fft20-fp32,3,4x6x10,128x128x128,16x16x16,tablextable,direct-stridedxdirect-strided,fusedxglobal-scratch,2,10x10,128x128,16x16,cufftdx-online-shared+cufftdx-online-shared+cufftdx-online-shared,4,10,128,128,16,16,table,direct-strided,Tesla V100-SXM2-16GB,7.0,fft,fp32,forward,none,in-place,online-reorder,cufftdx-block,20,1048576,8,100,50,0.648745,12930517793.636866,0.001343,1
fft20-fp32_b2_d4_8x3x3x6_t512x512x512x512_e16x8x8x16_ttt_gff_gt512x256_ge16x16,fft20-fp32-batch2,1,fft20-fp32_b2_d4_8x3x3x6_t512x512x512x512_e16x8x8x16_ttt_gff_gt512x256_ge16x16,0,304406.0458319422,fft20-fp32,4,8x3x3x6,512x512x512x512,16x8x8x16,tablextablextable,direct-stridedxdirect-stridedxdirect-strided,global-scratchxfusedxfused,2,8x12,512x256,16x16,cufftdx-online-shared+cufftdx-online-shared+cufftdx-online-shared+cufftdx-online-shared,8,6,512,512,16,16,table,direct-strided,Tesla V100-SXM2-16GB,7.0,fft,fp32,forward,none,in-place,online-reorder,cufftdx-block,20,1048576,2,100,50,0.245105,8556149707.407044,0.001102,1
fft18-fp32_b64_d3_3x11x4_t256x1024x256_e8x2x16_tt_gg,fft18-fp32-batch64,1,fft18-fp32_b64_d3_3x11x4_t256x1024x256_e8x2x16_tt_gg,0,15676211.200000001,fft18-fp32,3,3x11x4,256x1024x256,8x2x16,tablextable,direct-stridedxdirect-strided,global-scratchxglobal-scratch,3,,,,cufftdx-online-shared+cufftdx-large-online+cufftdx-online-shared,3,4,256,256,8,16,table,direct-strided,Tesla V100-SXM2-16GB,7.0,fft,fp32,forward,none,in-place,online-reorder,cufftdx-block,18,262144,64,100,50,3.575009,4692915596.881160,0.000397,1
fft18-fp32_b2_p6s12_t128x256_e16x16_rec_tx,fft18-fp32-batch2,2,fft18-fp32_b2_p6s12_t128x256_e16x16_rec_tx,0,91438.61722882584,fft18-fp32,2,6x12,128x256,16x16,recurrence,tiled-transpose,global-scratch,2,,,,cufftdx-online-shared+cufftdx-large-online,6,12,128,256,16,16,recurrence,tiled-transpose,Tesla V100-SXM2-16GB,7.0,fft,fp32,forward,none,in-place,online-reorder,cufftdx-block,18,262144,2,100,50,0.033546,15628816030.575014,0.000549,1
fft18-fp32_b2_d4_3x3x3x9_t512x512x512x512_e8x8x8x16_ttt_fgf_gt512x256_ge16x16,fft18-fp32-batch2,1,fft18-fp32_b2_d4_3x3x3x9_t512x512x512x512_e8x8x8x16_ttt_fgf_gt512x256_ge16x16,0,83474.31145798555,fft18-fp32,4,3x3x3x9,512x512x512x512,8x8x8x16,tablextablextable,direct-stridedxdirect-stridedxdirect-strided,fusedxglobal-scratchxfused,2,6x12,512x256,16x16,cufftdx-online-shared+cufftdx-online-shared+cufftdx-online-shared+cufftdx-online-shared,3,9,512,512,8,16,table,direct-strided,Tesla V100-SXM2-16GB,7.0,fft,fp32,forward,none,in-place,online-reorder,cufftdx-block,18,262144,2,100,50,0.057303,9149392823.217171,0.000497,1
fft20-fp32_b2_d3_4x12x4_t128x512x128_e16x8x16_tt_gg,fft20-fp32-batch2,1,fft20-fp32_b2_d3_4x12x4_t128x512x128_e16x8x16_tt_gg,0,612761.6000000001,fft20-fp32,3,4x12x4,128x512x128,16x8x16,tablextable,direct-stridedxdirect-strided,global-scratchxglobal-scratch,3,,,,cufftdx-online-shared+cufftdx-large-online+cufftdx-online-shared,4,4,128,128,16,16,table,direct-strided,Tesla V100-SXM2-16GB,7.0,fft,fp32,forward,none,in-place,online-reorder,cufftdx-block,20,1048576,2,100,50,0.524145,4001093976.592301,0.000994,1
fft20-fp32_b8_d3_4x4x12_t512x512x256_e16x16x16_tt_gg,fft20-fp32-batch8,2,fft20-fp32_b8_d3_4x4x12_t512x512x256_e16x16x16_tt_gg,0,1758790.4870289993,fft20-fp32,3,4x4x12,512x512x256,16x16x16,tablextable,direct-stridedxdirect-strided,global-scratchxglobal-scratch,3,,,,cufftdx-online-shared+cufftdx-online-shared+cufftdx-large-online,4,12,512,256,16,16,table,direct-strided,Tesla V100-SXM2-16GB,7.0,fft,fp32,forward,none,in-place,online-reorder,cufftdx-block,20,1048576,8,100,50,1.593979,5262684528.378469,0.001092,1
fft18-fp32_b64_d3_3x4x11_t256x256x1024_e8x16x2_tt_fg_gt256x1024_ge16x2,fft18-fp32-batch64,2,fft18-fp32_b64_d3_3x4x11_t256x256x1024_e8x16x2_tt_fg_gt256x1024_ge16x2,0,12296877.781527234,fft18-fp32,3,3x4x11,256x256x1024,8x16x2,tablextable,direct-stridedxdirect-strided,fusedxglobal-scratch,2,7x11,256x1024,16x2,cufftdx-online-shared+cufftdx-online-shared+cufftdx-large-online,3,11,256,1024,8,2,table,direct-strided,Tesla V100-SXM2-16GB,7.0,fft,fp32,forward,none,in-place,online-reorder,cufftdx-block,18,262144,64,100,50,1.225626,13688695415.579344,0.000489,1
fft18-fp32_b2_d3_11x3x4_t512x128x128_e4x8x16_tt_gf_gt512x128_ge4x16,fft18-fp32-batch2,1,fft18-fp32_b2_d3_11x3x4_t512x128x128_e4x8x16_tt_gf_gt512x128_ge4x16,0,288134.1638879615,fft18-fp32,3,11x3x4,512x128x128,4x8x16,tablextable,direct-stridedxdirect-strided,global-scratchxfused,2,11x7,512x128,4x16,cufftdx-large-online+cufftdx-online-shared+cufftdx-online-shared,11,4,512,128,4,16,table,direct-strided,Tesla V100-SXM2-16GB,7.0,fft,fp32,forward,none,in-place,online-reorder,cufftdx-block,18,262144,2,100,50,0.053699,9763539581.115448,0.000440,1
fft18-fp32_b64_d4_9x3x3x3_t512x512x512x512_e16x8x8x8_rrr_gff_gt256x256_ge8x8,fft18-fp32-batch64,3,fft18-fp32_b64_d4_9x3x3x3_t512x512x512x512_e16x8x8x8_rrr_gff_gt256x256_ge8x8,0,4870496.733311075,fft18-fp32,4,9x3x3x3,512x512x512x512,16x8x8x8,recurrencexrecurrencexrecurrence,direct-stridedxdirect-stridedxdirect-strided,global-scratchxfusedxfused,2,9x9,256x256,8x8,cufftdx-online-shared+cufftdx-online-shared+cufftdx-online-shared+cufftdx-online-shared,9,3,512,512,16,8,recurrence,direct-strided,Tesla V100-SXM2-16GB,7.0,fft,fp32,forward,none,in-place,online-reorder,cufftdx-block,18,262144,64,100,50,0.811520,20673817533.239037,0.000666,1
fft20-fp32_b2_d3_10x3x7_t512x512x512_e16x8x16_rr_gf_gt256x128_ge16x16,fft20-fp32-batch2,2,fft20-fp32_b2_d3_10x3x7_t512x512x512_e16x8x16_rr_gf_gt256x128_ge16x16,0,304406.0458319422,fft20-fp32,3,10x3x7,512x512x512,16x8x16,recurrencexrecurrence,direct-stridedxdirect-strided,global-scratchxfused,2,10x10,256x128,16x16,cufftdx-online-shared+cufftdx-online-shared+cufftdx-online-shared,10,7,512,512,16,16,recurrence,direct-strided,Tesla V100-SXM2-16GB,7.0,fft,fp32,forward,none,in-place,online-reorder,cufftdx-block,20,1048576,2,100,50,0.127816,16407627147.719427,0.001320,1
fft18-fp32_b2_p12s6_t256x128_e16x16_rec,fft18-fp32-batch2,2,fft18-fp32_b2_p12s6_t256x128_e16x16_rec,0,91438.61722882584,fft18-fp32,2,12x6,256x128,16x16,recurrence,direct-strided,global-scratch,2,,,,cufftdx-large-online+cufftdx-online-shared,12,6,256,128,16,16,recurrence,direct-strided,Tesla V100-SXM2-16GB,7.0,fft,fp32,forward,none,in-place,online-reorder,cufftdx-block,18,262144,2,100,50,0.054866,9555804569.467674,0.000579,1
fft20-fp32_b16_d4_3x3x4x10_t512x512x512x512_e8x8x16x16_ttt_ffg_gt512x512_ge16x16,fft20-fp32-batch16,1,fft20-fp32_b16_d4_3x3x4x10_t512x512x512x512_e8x8x16x16_ttt_ffg_gt512x512_ge16x16,0,2435248.3666555374,fft20-fp32,4,3x3x4x10,512x512x512x512,8x8x16x16,tablextablextable,direct-stridedxdirect-stridedxdirect-strided,fusedxfusedxglobal-scratch,2,10x10,512x512,16x16,cufftdx-online-shared+cufftdx-online-shared+cufftdx-online-shared+cufftdx-online-shared,3,10,512,512,8,16,table,direct-strided,Tesla V100-SXM2-16GB,7.0,fft,fp32,forward,none,in-place,online-reorder,cufftdx-block,20,1048576,16,100,50,1.167913,14365125290.882952,0.001468,1
fft20-fp32_b8_d3_3x7x10_t512x512x512_e8x16x16_rr_fg_gt512x512_ge8x8,fft20-fp32-batch8,3,fft20-fp32_b8_d3_3x7x10_t512x512x512_e8x16x16_rr_fg_gt512x512_ge8x8,0,2435248.3666555374,fft20-fp32,3,3x7x10,512x512x512,8x16x16,recurrencexrecurrence,direct-stridedxdirect-strided,fusedxglobal-scratch,2,10x10,512x512,8x8,cufftdx-online-shared+cufftdx-online-shared+cufftdx-online-shared,3,10,512,512,8,16,recurrence,direct-strided,Tesla V100-SXM2-16GB,7.0,fft,fp32,forward,none,in-place,online-reorder,cufftdx-block,20,1048576,8,100,50,0.411832,20368989860.164837,0.001485,1
fft20-fp32_b8_p10s10_t256x128_e16x16_rec,fft20-fp32-batch8,2,fft20-fp32_b8_p10s10_t256x128_e16x16_rec,0,1193271.6996612132,fft20-fp32,2,10x10,256x128,16x16,recurrence,direct-strided,global-scratch,2,,,,cufftdx-online-shared+cufftdx-online-shared,10,10,256,128,16,16,recurrence,direct-strided,Tesla V100-SXM2-16GB,7.0,fft,fp32,forward,none,in-place,online-reorder,cufftdx-block,20,1048576,8,100,50,0.398787,21035333587.323452,0.001451,1
fft18-fp32_b2_p12s6_t256x128_e16x16_rec_ptx,fft18-fp32-batch2,1,fft18-fp32_b2_p12s6_t256x128_e16x16_rec_ptx,0,91438.61722882584,fft18-fp32,2,12x6,256x128,16x16,recurrence,prefix-tiled-transpose,global-scratch,2,,,,cufftdx-large-online+cufftdx-online-shared,12,6,256,128,16,16,recurrence,prefix-tiled-transpose,Tesla V100-SXM2-16GB,7.0,fft,fp32,forward,none,in-place,online-reorder,cufftdx-block,18,262144,2,100,50,0.052142,10054988232.319384,0.000579,1
fft20-fp32_b8_p9s11_t128x256_e16x8_rec,fft20-fp32-batch8,2,fft20-fp32_b8_p9s11_t128x256_e16x8_rec,0,1783085.6107115808,fft20-fp32,2,9x11,128x256,16x8,recurrence,direct-strided,global-scratch,2,,,,cufftdx-online-shared+cufftdx-large-online,9,11,128,256,16,8,recurrence,direct-strided,Tesla V100-SXM2-16GB,7.0,fft,fp32,forward,none,in-place,online-reorder,cufftdx-block,20,1048576,8,100,50,0.535245,15672470954.389446,0.001716,1
fft18-fp32_b64_d3_9x3x6_t512x512x512_e16x8x16_rr_gf_gt256x256_ge8x8,fft18-fp32-batch64,2,fft18-fp32_b64_d3_9x3x6_t512x512x512_e16x8x16_rr_gf_gt256x256_ge8x8,0,4870496.733311075,fft18-fp32,3,9x3x6,512x512x512,16x8x16,recurrencexrecurrence,direct-stridedxdirect-strided,global-scratchxfused,2,9x9,256x256,8x8,cufftdx-online-shared+cufftdx-online-shared+cufftdx-online-shared,9,6,512,512,16,16,recurrence,direct-strided,Tesla V100-SXM2-16GB,7.0,fft,fp32,forward,none,in-place,online-reorder,cufftdx-block,18,262144,64,100,50,0.811090,20684778985.766064,0.000666,1
fft20-fp32_b8_d3_3x5x12_t512x512x256_e8x16x16_tt_fg_gt512x256_ge16x16,fft20-fp32-batch8,2,fft20-fp32_b8_d3_3x5x12_t512x512x256_e8x16x16_tt_fg_gt512x256_ge16x16,0,1217624.1833277687,fft20-fp32,3,3x5x12,512x512x256,8x16x16,tablextable,direct-stridedxdirect-strided,fusedxglobal-scratch,2,8x12,512x256,16x16,cufftdx-online-shared+cufftdx-online-shared+cufftdx-large-online,3,12,512,256,8,16,table,direct-strided,Tesla V100-SXM2-16GB,7.0,fft,fp32,forward,none,in-place,online-reorder,cufftdx-block,20,1048576,8,100,50,0.982671,8536534359.668309,0.001066,1
fft20-fp32_b16_d3_3x7x10_t512x512x512_e8x16x16_rr_fg_gt512x512_ge8x8,fft20-fp32-batch16,1,fft20-fp32_b16_d3_3x7x10_t512x512x512_e8x16x16_rr_fg_gt512x512_ge8x8,0,4870496.733311075,fft20-fp32,3,3x7x10,512x512x512,8x16x16,recurrencexrecurrence,direct-stridedxdirect-strided,fusedxglobal-scratch,2,10x10,512x512,8x8,cufftdx-online-shared+cufftdx-online-shared+cufftdx-online-shared,3,10,512,512,8,16,recurrence,direct-strided,Tesla V100-SXM2-16GB,7.0,fft,fp32,forward,none,in-place,online-reorder,cufftdx-block,20,1048576,16,100,50,0.828539,20249159222.657825,0.001466,1
fft20-fp32_b16_d3_4x12x4_t128x512x128_e16x8x16_tt_gg,fft20-fp32-batch16,2,fft20-fp32_b16_d3_4x12x4_t128x512x128_e16x8x16_tt_gg,0,4902092.800000001,fft20-fp32,3,4x12x4,128x512x128,16x8x16,tablextable,direct-stridedxdirect-strided,global-scratchxglobal-scratch,3,,,,cufftdx-online-shared+cufftdx-large-online+cufftdx-online-shared,4,4,128,128,16,16,table,direct-strided,Tesla V100-SXM2-16GB,7.0,fft,fp32,forward,none,in-place,online-reorder,cufftdx-block,20,1048576,16,100,50,4.094894,4097106366.416287,0.001152,1
fft18-fp32_b64_p10s8_t128x128_e16x16_rec,fft18-fp32-batch64,3,fft18-fp32_b64_p10s8_t128x128_e16x16_rec,0,2386543.3993224264,fft18-fp32,2,10x8,128x128,16x16,recurrence,direct-strided,global-scratch,2,,,,cufftdx-online-shared+cufftdx-online-shared,10,8,128,128,16,16,recurrence,direct-strided,Tesla V100-SXM2-16GB,7.0,fft,fp32,forward,none,in-place,online-reorder,cufftdx-block,18,262144,64,100,50,0.837939,20021996756.123699,0.000739,1
fft20-fp32_b8_d3_4x4x12_t512x512x256_e16x16x16_tt_gg,fft20-fp32-batch8,3,fft20-fp32_b8_d3_4x4x12_t512x512x256_e16x16x16_tt_gg,0,1758790.4870289993,fft20-fp32,3,4x4x12,512x512x256,16x16x16,tablextable,direct-stridedxdirect-strided,global-scratchxglobal-scratch,3,,,,cufftdx-online-shared+cufftdx-online-shared+cufftdx-large-online,4,12,512,256,16,16,table,direct-strided,Tesla V100-SXM2-16GB,7.0,fft,fp32,forward,none,in-place,online-reorder,cufftdx-block,20,1048576,8,100,50,1.594470,5261062291.331384,0.001092,1
fft20-fp32_b2_d3_3x7x10_t512x512x512_e8x16x16_rr_fg_gt512x512_ge8x8,fft20-fp32-batch2,1,fft20-fp32_b2_d3_3x7x10_t512x512x512_e8x16x16_rr_fg_gt512x512_ge8x8,0,608812.0916638843,fft20-fp32,3,3x7x10,512x512x512,8x16x16,recurrencexrecurrence,direct-stridedxdirect-strided,fusedxglobal-scratch,2,10x10,512x512,8x8,cufftdx-online-shared+cufftdx-online-shared+cufftdx-online-shared,3,10,512,512,8,16,recurrence,direct-strided,Tesla V100-SXM2-16GB,7.0,fft,fp32,forward,none,in-place,online-reorder,cufftdx-block,20,1048576,2,100,50,0.120914,17344174110.730492,0.001288,1
fft18-fp32_b64_cufft,fft18-fp32-batch64,1,cuFFT,1,0.0,fft18-fp32,0,,,,,,,0,,,,vendor-baseline,0,0,0,0,0,0,none,none,Tesla V100-SXM2-16GB,7.0,fft,fp32,forward,none,in-place,cufft,scalar,18,262144,64,100,50,0.706273,23754567819.636925,0.000678,1
fft20-fp32_b2_d3_8x3x9_t512x512x512_e16x8x16_tt_gf_gt512x256_ge16x16,fft20-fp32-batch2,2,fft20-fp32_b2_d3_8x3x9_t512x512x512_e16x8x16_tt_gf_gt512x256_ge16x16,0,304406.0458319422,fft20-fp32,3,8x3x9,512x512x512,16x8x16,tablextable,direct-stridedxdirect-strided,global-scratchxfused,2,8x12,512x256,16x16,cufftdx-online-shared+cufftdx-online-shared+cufftdx-online-shared,8,9,512,512,16,16,table,direct-strided,Tesla V100-SXM2-16GB,7.0,fft,fp32,forward,none,in-place,online-reorder,cufftdx-block,20,1048576,2,100,50,0.245699,8535466810.871446,0.001102,1
fft18-fp32_b16_p6s12_t128x256_e16x16_rec_tx,fft18-fp32-batch16,1,fft18-fp32_b16_p6s12_t128x256_e16x16_rec_tx,0,596635.8498306066,fft18-fp32,2,6x12,128x256,16x16,recurrence,tiled-transpose,global-scratch,2,,,,cufftdx-online-shared+cufftdx-large-online,6,12,128,256,16,16,recurrence,tiled-transpose,Tesla V100-SXM2-16GB,7.0,fft,fp32,forward,none,in-place,online-reorder,cufftdx-block,18,262144,16,100,50,0.286577,14635889951.131853,0.000644,1
fft18-fp32_b16_d3_3x11x4_t256x1024x256_e8x2x16_tt_gg,fft18-fp32-batch16,2,fft18-fp32_b16_d3_3x11x4_t256x1024x256_e8x2x16_tt_gg,0,3919052.8000000003,fft18-fp32,3,3x11x4,256x1024x256,8x2x16,tablextable,direct-stridedxdirect-strided,global-scratchxglobal-scratch,3,,,,cufftdx-online-shared+cufftdx-large-online+cufftdx-online-shared,3,4,256,256,8,16,table,direct-strided,Tesla V100-SXM2-16GB,7.0,fft,fp32,forward,none,in-place,online-reorder,cufftdx-block,18,262144,16,100,50,0.903373,4642937984.935816,0.000377,1
fft18-fp32_b2_p12s6_t256x128_e16x16_rec,fft18-fp32-batch2,3,fft18-fp32_b2_p12s6_t256x128_e16x16_rec,0,91438.61722882584,fft18-fp32,2,12x6,256x128,16x16,recurrence,direct-strided,global-scratch,2,,,,cufftdx-large-online+cufftdx-online-shared,12,6,256,128,16,16,recurrence,direct-strided,Tesla V100-SXM2-16GB,7.0,fft,fp32,forward,none,in-place,online-reorder,cufftdx-block,18,262144,2,100,50,0.051425,10195140998.862606,0.000579,1
fft20-fp32_b8_d4_3x7x3x7_t512x512x512x512_e8x16x8x16_rrr_fgf_gt512x512_ge8x8,fft20-fp32-batch8,1,fft20-fp32_b8_d4_3x7x3x7_t512x512x512x512_e8x16x8x16_rrr_fgf_gt512x512_ge8x8,0,2435248.3666555374,fft20-fp32,4,3x7x3x7,512x512x512x512,8x16x8x16,recurrencexrecurrencexrecurrence,direct-stridedxdirect-stridedxdirect-strided,fusedxglobal-scratchxfused,2,10x10,512x512,8x8,cufftdx-online-shared+cufftdx-online-shared+cufftdx-online-shared+cufftdx-online-shared,3,7,512,512,8,16,recurrence,direct-strided,Tesla V100-SXM2-16GB,7.0,fft,fp32,forward,none,in-place,online-reorder,cufftdx-block,20,1048576,8,100,50,0.413082,20307387879.232227,0.001485,1
fft20-fp32_b16_d3_5x12x3_t128x512x128_e16x8x8_tt_gg,fft20-fp32-batch16,1,fft20-fp32_b16_d3_5x12x3_t128x512x128_e16x8x8_tt_gg,0,5878304.21113708,fft20-fp32,3,5x12x3,128x512x128,16x8x8,tablextable,direct-stridedxdirect-strided,global-scratchxglobal-scratch,3,,,,cufftdx-online-shared+cufftdx-large-online+cufftdx-online-shared,5,3,128,128,16,8,table,direct-strided,Tesla V100-SXM2-16GB,7.0,fft,fp32,forward,none,in-place,online-reorder,cufftdx-block,20,1048576,16,100,50,3.422597,4901896523.601274,0.001466,1
fft20-fp32_b8_p10s10_t512x512_e8x8_rec,fft20-fp32-batch8,2,fft20-fp32_b8_p10s10_t512x512_e8x8_rec,0,2386543.3993224264,fft20-fp32,2,10x10,512x512,8x8,recurrence,direct-strided,global-scratch,2,,,,cufftdx-online-shared+cufftdx-online-shared,10,10,512,512,8,8,recurrence,direct-strided,Tesla V100-SXM2-16GB,7.0,fft,fp32,forward,none,in-place,online-reorder,cufftdx-block,20,1048576,8,100,50,0.412529,20334607848.213329,0.001485,1
fft20-fp32_b16_d3_3x6x11_t128x128x512_e8x16x4_tt_fg_gt128x512_ge16x4,fft20-fp32-batch16,2,fft20-fp32_b16_d3_3x6x11_t128x128x512_e8x16x4_tt_fg_gt128x512_ge16x4,0,6428806.61113708,fft20-fp32,3,3x6x11,128x128x512,8x16x4,tablextable,direct-stridedxdirect-strided,fusedxglobal-scratch,2,9x11,128x512,16x4,cufftdx-online-shared+cufftdx-online-shared+cufftdx-large-online,3,11,128,512,8,4,table,direct-strided,Tesla V100-SXM2-16GB,7.0,fft,fp32,forward,none,in-place,online-reorder,cufftdx-block,20,1048576,16,100,50,1.458954,11499479871.329033,0.001485,1
fft18-fp32_b64_p9s9_t128x128_e16x16_rec,fft18-fp32-batch64,2,fft18-fp32_b64_p9s9_t128x128_e16x16_rec,0,2386543.3993224264,fft18-fp32,2,9x9,128x128,16x16,recurrence,direct-strided,global-scratch,2,,,,cufftdx-online-shared+cufftdx-online-shared,9,9,128,128,16,16,recurrence,direct-strided,Tesla V100-SXM2-16GB,7.0,fft,fp32,forward,none,in-place,online-reorder,cufftdx-block,18,262144,64,100,50,0.825876,20314437473.939350,0.000984,1
fft20-fp32_b16_d3_10x7x3_t128x128x128_e16x16x8_tt_gf_gt128x128_ge16x16,fft20-fp32-batch16,3,fft20-fp32_b16_d3_10x7x3_t128x128x128_e16x16x8_tt_gf_gt128x128_ge16x16,0,2435248.3666555374,fft20-fp32,3,10x7x3,128x128x128,16x16x8,tablextable,direct-stridedxdirect-strided,global-scratchxfused,2,10x10,128x128,16x16,cufftdx-online-shared+cufftdx-online-shared+cufftdx-online-shared,10,3,128,128,16,8,table,direct-strided,Tesla V100-SXM2-16GB,7.0,fft,fp32,forward,none,in-place,online-reorder,cufftdx-block,20,1048576,16,100,50,1.266115,13250945924.397833,0.001468,1
fft18-fp32_b64_p11s7_t256x128_e8x16_rec_ptx,fft18-fp32-batch64,2,fft18-fp32_b64_p11s7_t256x128_e8x16_rec_ptx,0,4072062.411390442,fft18-fp32,2,11x7,256x128,8x16,recurrence,prefix-tiled-transpose,global-scratch,2,,,,cufftdx-large-online+cufftdx-online-shared,11,7,256,128,8,16,recurrence,prefix-tiled-transpose,Tesla V100-SXM2-16GB,7.0,fft,fp32,forward,none,in-place,online-reorder,cufftdx-block,18,262144,64,100,50,1.327821,12635150977.695518,0.000697,1
fft18-fp32_b16_d3_11x4x3_t256x512x512_e8x16x8_tt_gf_gt256x512_ge8x16,fft18-fp32-batch16,2,fft18-fp32_b16_d3_11x4x3_t256x512x512_e8x16x8_tt_gf_gt256x512_ge8x16,0,1038791.4314771536,fft18-fp32,3,11x4x3,256x512x512,8x16x8,tablextable,direct-stridedxdirect-strided,global-scratchxfused,2,11x7,256x512,8x16,cufftdx-large-online+cufftdx-online-shared+cufftdx-online-shared,11,3,256,512,8,8,table,direct-strided,Tesla V100-SXM2-16GB,7.0,fft,fp32,forward,none,in-place,online-reorder,cufftdx-block,18,262144,16,100,50,0.396349,10582338124.544327,0.000563,1
fft20-fp32_b16_p12s8_t256x128_e16x16_rec,fft20-fp32-batch16,2,fft20-fp32_b16_p12s8_t256x128_e16x16_rec,0,2386543.3993224264,fft20-fp32,2,12x8,256x128,16x16,recurrence,direct-strided,global-scratch,2,,,,cufftdx-large-online+cufftdx-online-shared,12,8,256,128,16,16,recurrence,direct-strided,Tesla V100-SXM2-16GB,7.0,fft,fp32,forward,none,in-place,online-reorder,cufftdx-block,20,1048576,16,100,50,1.308139,12825250461.392656,0.001377,1
fft20-fp32_b8_p10s10_t128x128_e16x16_rec,fft20-fp32-batch8,3,fft20-fp32_b8_p10s10_t128x128_e16x16_rec,0,1193271.6996612132,fft20-fp32,2,10x10,128x128,16x16,recurrence,direct-strided,global-scratch,2,,,,cufftdx-online-shared+cufftdx-online-shared,10,10,128,128,16,16,recurrence,direct-strided,Tesla V100-SXM2-16GB,7.0,fft,fp32,forward,none,in-place,online-reorder,cufftdx-block,20,1048576,8,100,50,0.448655,18697219779.196163,0.001451,1
fft20-fp32_b16_p9s11_t128x256_e16x8_rec_tx,fft20-fp32-batch16,1,fft20-fp32_b16_p9s11_t128x256_e16x8_rec_tx,0,3566171.2214231617,fft20-fp32,2,9x11,128x256,16x8,recurrence,tiled-transpose,global-scratch,2,,,,cufftdx-online-shared+cufftdx-large-online,9,11,128,256,16,8,recurrence,tiled-transpose,Tesla V100-SXM2-16GB,7.0,fft,fp32,forward,none,in-place,online-reorder,cufftdx-block,20,1048576,16,100,50,1.061745,15801555724.868382,0.001748,1
fft18-fp32_b64_d3_3x3x12_t512x512x256_e8x8x16_tt_fg_gt512x256_ge16x16,fft18-fp32-batch64,1,fft18-fp32_b64_d3_3x3x12_t512x512x256_e8x8x16_tt_fg_gt512x256_ge16x16,0,2435248.3666555374,fft18-fp32,3,3x3x12,512x512x256,8x8x16,tablextable,direct-stridedxdirect-strided,fusedxglobal-scratch,2,6x12,512x256,16x16,cufftdx-online-shared+cufftdx-online-shared+cufftdx-large-online,3,12,512,256,8,16,table,direct-strided,Tesla V100-SXM2-16GB,7.0,fft,fp32,forward,none,in-place,online-reorder,cufftdx-block,18,262144,64,100,50,1.284956,13056644094.553535,0.000617,1
fft20-fp32_b8_d3_5x12x3_t128x512x128_e16x8x8_tt_gg,fft20-fp32-batch8,2,fft20-fp32_b8_d3_5x12x3_t128x512x128_e16x8x8_tt_gg,0,2939152.10556854,fft20-fp32,3,5x12x3,128x512x128,16x8x8,tablextable,direct-stridedxdirect-strided,global-scratchxglobal-scratch,3,,,,cufftdx-online-shared+cufftdx-large-online+cufftdx-online-shared,5,3,128,128,16,8,table,direct-strided,Tesla V100-SXM2-16GB,7.0,fft,fp32,forward,none,in-place,online-reorder,cufftdx-block,20,1048576,8,100,50,1.717248,4884913641.464682,0.001348,1
fft18-fp32_b16_d3_6x3x9_t512x512x512_e16x8x16_tt_gf_gt512x256_ge16x16,fft18-fp32-batch16,2,fft18-fp32_b16_d3_6x3x9_t512x512x512_e16x8x16_tt_gf_gt512x256_ge16x16,0,608812.0916638843,fft18-fp32,3,6x3x9,512x512x512,16x8x16,tablextable,direct-stridedxdirect-strided,global-scratchxfused,2,6x12,512x256,16x16,cufftdx-online-shared+cufftdx-online-shared+cufftdx-online-shared,6,9,512,512,16,16,table,direct-strided,Tesla V100-SXM2-16GB,7.0,fft,fp32,forward,none,in-place,online-reorder,cufftdx-block,18,262144,16,100,50,0.369439,11353179596.835379,0.000550,1
fft20-fp32_b2_d3_3x12x5_t128x512x128_e8x8x16_tt_gg,fft20-fp32-batch2,1,fft20-fp32_b2_d3_3x12x5_t128x512x128_e8x8x16_tt_gg,0,816193.2675891921,fft20-fp32,3,3x12x5,128x512x128,8x8x16,tablextable,direct-stridedxdirect-strided,global-scratchxglobal-scratch,3,,,,cufftdx-online-shared+cufftdx-large-online+cufftdx-online-shared,3,5,128,128,8,16,table,direct-strided,Tesla V100-SXM2-16GB,7.0,fft,fp32,forward,none,in-place,online-reorder,cufftdx-block,20,1048576,2,100,50,0.384123,5459586289.704924,0.001274,1
fft20-fp32_b16_d3_4x12x4_t128x512x128_e16x8x16_tt_gg,fft20-fp32-batch16,1,fft20-fp32_b16_d3_4x12x4_t128x512x128_e16x8x16_tt_gg,0,4902092.800000001,fft20-fp32,3,4x12x4,128x512x128,16x8x16,tablextable,direct-stridedxdirect-strided,global-scratchxglobal-scratch,3,,,,cufftdx-online-shared+cufftdx-large-online+cufftdx-online-shared,4,4,128,128,16,16,table,direct-strided,Tesla V100-SXM2-16GB,7.0,fft,fp32,forward,none,in-place,online-reorder,cufftdx-block,20,1048576,16,100,50,4.096655,4095344736.038711,0.001152,1
fft20-fp32_b2_d3_7x3x10_t128x128x128_e16x8x16_tt_fg_gt128x128_ge16x16,fft20-fp32-batch2,1,fft20-fp32_b2_d3_7x3x10_t128x128x128_e16x8x16_tt_fg_gt128x128_ge16x16,0,304406.0458319422,fft20-fp32,3,7x3x10,128x128x128,16x8x16,tablextable,direct-stridedxdirect-strided,fusedxglobal-scratch,2,10x10,128x128,16x16,cufftdx-online-shared+cufftdx-online-shared+cufftdx-online-shared,7,10,128,128,16,16,table,direct-strided,Tesla V100-SXM2-16GB,7.0,fft,fp32,forward,none,in-place,online-reorder,cufftdx-block,20,1048576,2,100,50,0.183644,11419649788.072866,0.001125,1
fft20-fp32_b2_d3_5x12x3_t128x512x128_e16x8x8_tt_gg,fft20-fp32-batch2,2,fft20-fp32_b2_d3_5x12x3_t128x512x128_e16x8x8_tt_gg,0,734788.026392135,fft20-fp32,3,5x12x3,128x512x128,16x8x8,tablextable,direct-stridedxdirect-strided,global-scratchxglobal-scratch,3,,,,cufftdx-online-shared+cufftdx-large-online+cufftdx-online-shared,5,3,128,128,16,8,table,direct-strided,Tesla V100-SXM2-16GB,7.0,fft,fp32,forward,none,in-place,online-reorder,cufftdx-block,20,1048576,2,100,50,0.435610,4814292661.788570,0.001315,1
fft18-fp32_b64_d4_6x3x3x6_t512x512x512x512_e16x8x8x16_ttt_gff_gt512x256_ge16x16,fft18-fp32-batch64,3,fft18-fp32_b64_d4_6x3x3x6_t512x512x512x512_e16x8x8x16_ttt_gff_gt512x256_ge16x16,0,2435248.3666555374,fft18-fp32,4,6x3x3x6,512x512x512x512,16x8x8x16,tablextablextable,direct-stridedxdirect-stridedxdirect-strided,global-scratchxfusedxfused,2,6x12,512x256,16x16,cufftdx-online-shared+cufftdx-online-shared+cufftdx-online-shared+cufftdx-online-shared,6,6,512,512,16,16,table,direct-strided,Tesla V100-SXM2-16GB,7.0,fft,fp32,forward,none,in-place,online-reorder,cufftdx-block,18,262144,64,100,50,1.282191,13084799676.019264,0.000617,1
fft20-fp32_b16_d4_4x4x4x8_t512x512x512x512_e16x16x16x16_ttt_ggg,fft20-fp32-batch16,3,fft20-fp32_b16_d4_4x4x4x8_t512x512x512x512_e16x16x16x16_ttt_ggg,0,4599913.58146046,fft20-fp32,4,4x4x4x8,512x512x512x512,16x16x16x16,tablextablextable,direct-stridedxdirect-stridedxdirect-strided,global-scratchxglobal-scratchxglobal-scratch,4,,,,cufftdx-online-shared+cufftdx-online-shared+cufftdx-online-shared+cufftdx-online-shared,4,8,512,512,16,16,table,direct-strided,Tesla V100-SXM2-16GB,7.0,fft,fp32,forward,none,in-place,online-reorder,cufftdx-block,20,1048576,16,100,50,3.585474,4679217783.184439,0.001043,1
fft18-fp32_b2_d3_11x3x4_t256x512x512_e8x8x16_tt_gf_gt256x512_ge8x16,fft18-fp32-batch2,3,fft18-fp32_b2_d3_11x3x4_t256x512x512_e8x8x16_tt_gf_gt256x512_ge8x16,0,156609.46226797753,fft18-fp32,3,11x3x4,256x512x512,8x8x16,tablextable,direct-stridedxdirect-strided,global-scratchxfused,2,11x7,256x512,8x16,cufftdx-large-online+cufftdx-online-shared+cufftdx-online-shared,11,4,256,512,8,16,table,direct-strided,Tesla V100-SXM2-16GB,7.0,fft,fp32,forward,none,in-place,online-reorder,cufftdx-block,18,262144,2,100,50,0.055337,9474462780.855480,0.000546,1
fft18-fp32_b64_d4_3x3x3x9_t512x512x512x512_e8x8x8x16_ttt_fgf_gt512x256_ge16x16,fft18-fp32-batch64,3,fft18-fp32_b64_d4_3x3x3x9_t512x512x512x512_e8x8x8x16_ttt_fgf_gt512x256_ge16x16,0,2435248.3666555374,fft18-fp32,4,3x3x3x9,512x512x512x512,8x8x8x16,tablextablextable,direct-stridedxdirect-stridedxdirect-strided,fusedxglobal-scratchxfused,2,6x12,512x256,16x16,cufftdx-online-shared+cufftdx-online-shared+cufftdx-online-shared+cufftdx-online-shared,3,9,512,512,8,16,table,direct-strided,Tesla V100-SXM2-16GB,7.0,fft,fp32,forward,none,in-place,online-reorder,cufftdx-block,18,262144,64,100,50,1.283584,13070602326.962393,0.000617,1
fft18-fp32_b64_d3_3x5x10_t128x128x128_e8x16x16_tt_fg_gt128x128_ge16x16,fft18-fp32-batch64,3,fft18-fp32_b64_d3_3x5x10_t128x128x128_e8x16x16_tt_fg_gt128x128_ge16x16,0,2435248.3666555374,fft18-fp32,3,3x5x10,128x128x128,8x16x16,tablextable,direct-stridedxdirect-strided,fusedxglobal-scratch,2,8x10,128x128,16x16,cufftdx-online-shared+cufftdx-online-shared+cufftdx-online-shared,3,10,128,128,8,16,table,direct-strided,Tesla V100-SXM2-16GB,7.0,fft,fp32,forward,none,in-place,online-reorder,cufftdx-block,18,262144,64,100,50,1.025802,16355214587.908756,0.000610,1
fft18-fp32_b16_d3_12x3x3_t256x512x512_e16x8x8_tt_gf_gt256x512_ge16x16,fft18-fp32-batch16,3,fft18-fp32_b16_d3_12x3x3_t256x512x512_e16x8x8_tt_gf_gt256x512_ge16x16,0,608812.0916638843,fft18-fp32,3,12x3x3,256x512x512,16x8x8,tablextable,direct-stridedxdirect-strided,global-scratchxfused,2,12x6,256x512,16x16,cufftdx-large-online+cufftdx-online-shared+cufftdx-online-shared,12,3,256,512,16,8,table,direct-strided,Tesla V100-SXM2-16GB,7.0,fft,fp32,forward,none,in-place,online-reorder,cufftdx-block,18,262144,16,100,50,0.418202,10029383064.729443,0.000522,1
fft18-fp32_b64_d3_5x3x10_t256x256x256_e16x8x16_tt_fg_gt256x256_ge16x16,fft18-fp32-batch64,3,fft18-fp32_b64_d3_5x3x10_t256x256x256_e16x8x16_tt_fg_gt256x256_ge16x16,0,2435248.3666555374,fft18-fp32,3,5x3x10,256x256x256,16x8x16,tablextable,direct-stridedxdirect-strided,fusedxglobal-scratch,2,8x10,256x256,16x16,cufftdx-online-shared+cufftdx-online-shared+cufftdx-online-shared,5,10,256,256,16,16,table,direct-strided,Tesla V100-SXM2-16GB,7.0,fft,fp32,forward,none,in-place,online-reorder,cufftdx-block,18,262144,64,100,50,1.110282,15110767570.186012,0.000610,1
fft18-fp32_b16_d4_4x4x4x6_t512x512x512x512_e16x16x16x16_ttt_ggg,fft18-fp32-batch16,1,fft18-fp32_b16_d4_4x4x4x6_t512x512x512x512_e16x16x16x16_ttt_ggg,0,1149978.395365115,fft18-fp32,4,4x4x4x6,512x512x512x512,16x16x16x16,tablextablextable,direct-stridedxdirect-stridedxdirect-strided,global-scratchxglobal-scratchxglobal-scratch,4,,,,cufftdx-online-shared+cufftdx-online-shared+cufftdx-online-shared+cufftdx-online-shared,4,6,512,512,16,16,table,direct-strided,Tesla V100-SXM2-16GB,7.0,fft,fp32,forward,none,in-place,online-reorder,cufftdx-block,18,262144,16,100,50,0.868639,4828594474.997391,0.000492,1
fft18-fp32_b64_p7s11_t128x256_e16x8_rec,fft18-fp32-batch64,3,fft18-fp32_b64_p7s11_t128x256_e16x8_rec,0,3566171.2214231617,fft18-fp32,2,7x11,128x256,16x8,recurrence,direct-strided,global-scratch,2,,,,cufftdx-online-shared+cufftdx-large-online,7,11,128,256,16,8,recurrence,direct-strided,Tesla V100-SXM2-16GB,7.0,fft,fp32,forward,none,in-place,online-reorder,cufftdx-block,18,262144,64,100,50,1.059983,15827810541.452364,0.000672,1
fft18-fp32_b2_d3_3x11x4_t128x512x128_e8x4x16_tt_gg,fft18-fp32-batch2,1,fft18-fp32_b2_d3_3x11x4_t128x512x128_e8x4x16_tt_gg,0,352256.0,fft18-fp32,3,3x11x4,128x512x128,8x4x16,tablextable,direct-stridedxdirect-strided,global-scratchxglobal-scratch,3,,,,cufftdx-online-shared+cufftdx-large-online+cufftdx-online-shared,3,4,128,128,8,16,table,direct-strided,Tesla V100-SXM2-16GB,7.0,fft,fp32,forward,none,in-place,online-reorder,cufftdx-block,18,262144,2,100,50,0.089149,5881001750.263489,0.000391,1
fft18-fp32_b64_d3_4x4x10_t256x256x256_e16x16x16_tt_fg_gt256x256_ge16x16,fft18-fp32-batch64,2,fft18-fp32_b64_d3_4x4x10_t256x256x256_e16x16x16_tt_fg_gt256x256_ge16x16,0,2435248.3666555374,fft18-fp32,3,4x4x10,256x256x256,16x16x16,tablextable,direct-stridedxdirect-strided,fusedxglobal-scratch,2,8x10,256x256,16x16,cufftdx-online-shared+cufftdx-online-shared+cufftdx-online-shared,4,10,256,256,16,16,table,direct-strided,Tesla V100-SXM2-16GB,7.0,fft,fp32,forward,none,in-place,online-reorder,cufftdx-block,18,262144,64,100,50,1.108685,15132539320.179237,0.000610,1
fft20-fp32_b2_p12s8_t256x128_e16x16_rec,fft20-fp32-batch2,3,fft20-fp32_b2_p12s8_t256x128_e16x16_rec,0,298317.9249153033,fft20-fp32,2,12x8,256x128,16x16,recurrence,direct-strided,global-scratch,2,,,,cufftdx-large-online+cufftdx-online-shared,12,8,256,128,16,16,recurrence,direct-strided,Tesla V100-SXM2-16GB,7.0,fft,fp32,forward,none,in-place,online-reorder,cufftdx-block,20,1048576,2,100,50,0.177992,11782303972.569866,0.001315,1
fft18-fp32_b2_d3_3x3x12_t256x256x1024_e8x8x4_tt_fg_gt256x1024_ge16x4,fft18-fp32-batch2,1,fft18-fp32_b2_d3_3x3x12_t256x256x1024_e8x8x4_tt_fg_gt256x1024_ge16x4,0,231865.96659803373,fft18-fp32,3,3x3x12,256x256x1024,8x8x4,tablextable,direct-stridedxdirect-strided,fusedxglobal-scratch,2,6x12,256x1024,16x4,cufftdx-online-shared+cufftdx-online-shared+cufftdx-large-online,3,12,256,1024,8,4,table,direct-strided,Tesla V100-SXM2-16GB,7.0,fft,fp32,forward,none,in-place,online-reorder,cufftdx-block,18,262144,2,100,50,0.057303,9149392823.217171,0.000488,1
fft18-fp32_b16_d4_3x6x3x6_t512x512x512x512_e8x16x8x16_rrr_fgf_gt256x256_ge8x8,fft18-fp32-batch16,3,fft18-fp32_b16_d4_3x6x3x6_t512x512x512x512_e8x16x8x16_rrr_fgf_gt256x256_ge8x8,0,1217624.1833277687,fft18-fp32,4,3x6x3x6,512x512x512x512,8x16x8x16,recurrencexrecurrencexrecurrence,direct-stridedxdirect-stridedxdirect-strided,fusedxglobal-scratchxfused,2,9x9,256x256,8x8,cufftdx-online-shared+cufftdx-online-shared+cufftdx-online-shared+cufftdx-online-shared,3,6,512,512,8,16,recurrence,direct-strided,Tesla V100-SXM2-16GB,7.0,fft,fp32,forward,none,in-place,online-reorder,cufftdx-block,18,262144,16,100,50,0.195891,21411395550.008839,0.000629,1
fft18-fp32_b2_p11s7_t256x128_e8x16_rec_ptx,fft18-fp32-batch2,1,fft18-fp32_b2_p11s7_t256x128_e8x16_rec_ptx,0,153477.27302261797,fft18-fp32,2,11x7,256x128,8x16,recurrence,prefix-tiled-transpose,global-scratch,2,,,,cufftdx-large-online+cufftdx-online-shared,11,7,256,128,8,16,recurrence,prefix-tiled-transpose,Tesla V100-SXM2-16GB,7.0,fft,fp32,forward,none,in-place,online-reorder,cufftdx-block,18,262144,2,100,50,0.048148,10888983566.759581,0.000546,1
fft18-fp32_b16_d3_3x3x12_t256x256x1024_e8x8x4_tt_fg_gt256x1024_ge16x4,fft18-fp32-batch16,3,fft18-fp32_b16_d3_3x3x12_t256x256x1024_e8x8x4_tt_fg_gt256x1024_ge16x4,0,1607201.65278427,fft18-fp32,3,3x3x12,256x256x1024,8x8x4,tablextable,direct-stridedxdirect-strided,fusedxglobal-scratch,2,6x12,256x1024,16x4,cufftdx-online-shared+cufftdx-online-shared+cufftdx-large-online,3,12,256,1024,8,4,table,direct-strided,Tesla V100-SXM2-16GB,7.0,fft,fp32,forward,none,in-place,online-reorder,cufftdx-block,18,262144,16,100,50,0.342282,12253933153.081732,0.000543,1
fft20-fp32_b8_d3_3x5x12_t512x512x256_e8x16x16_tt_fg_gt512x256_ge16x16,fft20-fp32-batch8,1,fft20-fp32_b8_d3_3x5x12_t512x512x256_e8x16x16_tt_fg_gt512x256_ge16x16,0,1217624.1833277687,fft20-fp32,3,3x5x12,512x512x256,8x16x16,tablextable,direct-stridedxdirect-strided,fusedxglobal-scratch,2,8x12,512x256,16x16,cufftdx-online-shared+cufftdx-online-shared+cufftdx-large-online,3,12,512,256,8,16,table,direct-strided,Tesla V100-SXM2-16GB,7.0,fft,fp32,forward,none,in-place,online-reorder,cufftdx-block,20,1048576,8,100,50,0.956396,8771065882.096672,0.001066,1
fft18-fp32_b2_d3_5x3x10_t256x256x256_e16x8x16_tt_fg_gt256x256_ge16x16,fft18-fp32-batch2,2,fft18-fp32_b2_d3_5x3x10_t256x256x256_e16x8x16_tt_fg_gt256x256_ge16x16,0,93304.71145798556,fft18-fp32,3,5x3x10,256x256x256,16x8x16,tablextable,direct-stridedxdirect-strided,fusedxglobal-scratch,2,8x10,256x256,16x16,cufftdx-online-shared+cufftdx-online-shared+cufftdx-online-shared,5,10,256,256,16,16,table,direct-strided,Tesla V100-SXM2-16GB,7.0,fft,fp32,forward,none,in-place,online-reorder,cufftdx-block,18,262144,2,100,50,0.039342,13326392737.083685,0.000501,1
fft20-fp32_b8_d3_3x6x11_t256x256x1024_e8x16x2_tt_fg_gt256x1024_ge16x2,fft20-fp32-batch8,3,fft20-fp32_b8_d3_3x6x11_t256x256x1024_e8x16x2_tt_fg_gt256x1024_ge16x2,0,6148438.890763617,fft20-fp32,3,3x6x11,256x256x1024,8x16x2,tablextable,direct-stridedxdirect-strided,fusedxglobal-scratch,2,9x11,256x1024,16x2,cufftdx-online-shared+cufftdx-online-shared+cufftdx-large-online,3,11,256,1024,8,2,table,direct-strided,Tesla V100-SXM2-16GB,7.0,fft,fp32,forward,none,in-place,online-reorder,cufftdx-block,20,1048576,8,100,50,0.767877,10924414830.528671,0.001298,1
fft20-fp32_b8_d3_4x4x12_t128x128x512_e16x16x8_tt_fg_gt128x512_ge16x8,fft20-fp32-batch8,1,fft20-fp32_b8_d3_4x4x12_t128x128x512_e16x16x8_tt_fg_gt128x512_ge16x8,0,1819475.1129710008,fft20-fp32,3,4x4x12,128x128x512,16x16x8,tablextable,direct-stridedxdirect-strided,fusedxglobal-scratch,2,8x12,128x512,16x8,cufftdx-online-shared+cufftdx-online-shared+cufftdx-large-online,4,12,128,512,16,8,table,direct-strided,Tesla V100-SXM2-16GB,7.0,fft,fp32,forward,none,in-place,online-reorder,cufftdx-block,20,1048576,8,100,50,0.883466,9495108680.611607,0.001158,1
fft20-fp32_b2_p10s10_t128x128_e16x16_rec,fft20-fp32-batch2,1,fft20-fp32_b2_p10s10_t128x128_e16x16_rec,0,298317.9249153033,fft20-fp32,2,10x10,128x128,16x16,recurrence,direct-strided,global-scratch,2,,,,cufftdx-online-shared+cufftdx-online-shared,10,10,128,128,16,16,recurrence,direct-strided,Tesla V100-SXM2-16GB,7.0,fft,fp32,forward,none,in-place,online-reorder,cufftdx-block,20,1048576,2,100,50,0.134246,15621663546.532555,0.001320,1
fft18-fp32_b64_p10s8_t128x128_e16x16_rec,fft18-fp32-batch64,2,fft18-fp32_b64_p10s8_t128x128_e16x16_rec,0,2386543.3993224264,fft18-fp32,2,10x8,128x128,16x16,recurrence,direct-strided,global-scratch,2,,,,cufftdx-online-shared+cufftdx-online-shared,10,8,128,128,16,16,recurrence,direct-strided,Tesla V100-SXM2-16GB,7.0,fft,fp32,forward,none,in-place,online-reorder,cufftdx-block,18,262144,64,100,50,0.838267,20014169493.536484,0.000739,1
fft18-fp32_b64_d3_3x11x4_t128x512x128_e8x4x16_tt_gg,fft18-fp32-batch64,3,fft18-fp32_b64_d3_3x11x4_t128x512x128_e8x4x16_tt_gg,0,9437184.0,fft18-fp32,3,3x11x4,128x512x128,8x4x16,tablextable,direct-stridedxdirect-strided,global-scratchxglobal-scratch,3,,,,cufftdx-online-shared+cufftdx-large-online+cufftdx-online-shared,3,4,128,128,8,16,table,direct-strided,Tesla V100-SXM2-16GB,7.0,fft,fp32,forward,none,in-place,online-reorder,cufftdx-block,18,262144,64,100,50,3.344179,5016841272.612476,0.000553,1
fft18-fp32_b2_d3_4x3x11_t256x256x1024_e16x8x2_tt_fg_gt256x1024_ge16x2,fft18-fp32-batch2,2,fft18-fp32_b2_d3_4x3x11_t256x256x1024_e16x8x2_tt_fg_gt256x1024_ge16x2,0,455001.6973393928,fft18-fp32,3,4x3x11,256x256x1024,16x8x2,tablextable,direct-stridedxdirect-strided,fusedxglobal-scratch,2,7x11,256x1024,16x2,cufftdx-online-shared+cufftdx-online-shared+cufftdx-large-online,4,11,256,1024,16,2,table,direct-strided,Tesla V100-SXM2-16GB,7.0,fft,fp32,forward,none,in-place,online-reorder,cufftdx-block,18,262144,2,100,50,0.060170,8713410381.917686,0.000386,1
fft18-fp32_b2_p12s6_t256x128_e16x16_rec_ptx,fft18-fp32-batch2,2,fft18-fp32_b2_p12s6_t256x128_e16x16_rec_ptx,0,91438.61722882584,fft18-fp32,2,12x6,256x128,16x16,recurrence,prefix-tiled-transpose,global-scratch,2,,,,cufftdx-large-online+cufftdx-online-shared,12,6,256,128,16,16,recurrence,prefix-tiled-transpose,Tesla V100-SXM2-16GB,7.0,fft,fp32,forward,none,in-place,online-reorder,cufftdx-block,18,262144,2,100,50,0.052244,10035280147.918419,0.000579,1
fft20-fp32_b16_p9s11_t128x256_e16x8_rec,fft20-fp32-batch16,1,fft20-fp32_b16_p9s11_t128x256_e16x8_rec,0,3566171.2214231617,fft20-fp32,2,9x11,128x256,16x8,recurrence,direct-strided,global-scratch,2,,,,cufftdx-online-shared+cufftdx-large-online,9,11,128,256,16,8,recurrence,direct-strided,Tesla V100-SXM2-16GB,7.0,fft,fp32,forward,none,in-place,online-reorder,cufftdx-block,20,1048576,16,100,50,1.043374,16079771021.451349,0.001748,1
fft20-fp32_b2_d3_4x6x10_t128x128x128_e16x16x16_tt_fg_gt128x128_ge16x16,fft20-fp32-batch2,3,fft20-fp32_b2_d3_4x6x10_t128x128x128_e16x16x16_tt_fg_gt128x128_ge16x16,0,304406.0458319422,fft20-fp32,3,4x6x10,128x128x128,16x16x16,tablextable,direct-stridedxdirect-strided,fusedxglobal-scratch,2,10x10,128x128,16x16,cufftdx-online-shared+cufftdx-online-shared+cufftdx-online-shared,4,10,128,128,16,16,table,direct-strided,Tesla V100-SXM2-16GB,7.0,fft,fp32,forward,none,in-place,online-reorder,cufftdx-block,20,1048576,2,100,50,0.183460,11431123438.219702,0.001125,1
fft18-fp32_b2_p9s9_t512x512_e16x16_rec,fft18-fp32-batch2,2,fft18-fp32_b2_p9s9_t512x512_e16x16_rec,0,81804.82522882584,fft18-fp32,2,9x9,512x512,16x16,recurrence,direct-strided,global-scratch,2,,,,cufftdx-online-shared+cufftdx-online-shared,9,9,512,512,16,16,recurrence,direct-strided,Tesla V100-SXM2-16GB,7.0,fft,fp32,forward,none,in-place,online-reorder,cufftdx-block,18,262144,2,100,50,0.043418,12075470925.629421,0.000725,1
fft20-fp32_b2_d4_10x3x3x4_t512x512x512x512_e16x8x8x16_rrr_gff_gt256x128_ge16x16,fft20-fp32-batch2,3,fft20-fp32_b2_d4_10x3x3x4_t512x512x512x512_e16x8x8x16_rrr_gff_gt256x128_ge16x16,0,304406.0458319422,fft20-fp32,4,10x3x3x4,512x512x512x512,16x8x8x16,recurrencexrecurrencexrecurrence,direct-stridedxdirect-stridedxdirect-strided,global-scratchxfusedxfused,2,10x10,256x128,16x16,cufftdx-online-shared+cufftdx-online-shared+cufftdx-online-shared+cufftdx-online-shared,10,4,512,512,16,16,recurrence,direct-strided,Tesla V100-SXM2-16GB,7.0,fft,fp32,forward,none,in-place,online-reorder,cufftdx-block,20,1048576,2,100,50,0.125952,16650407761.889002,0.001320,1
fft18-fp32_b64_d3_3x5x10_t256x256x256_e8x16x16_tt_fg_gt256x256_ge16x16,fft18-fp32-batch64,3,fft18-fp32_b64_d3_3x5x10_t256x256x256_e8x16x16_tt_fg_gt256x256_ge16x16,0,2435248.3666555374,fft18-fp32,3,3x5x10,256x256x256,8x16x16,tablextable,direct-stridedxdirect-strided,fusedxglobal-scratch,2,8x10,256x256,16x16,cufftdx-online-shared+cufftdx-online-shared+cufftdx-online-shared,3,10,256,256,8,16,table,direct-strided,Tesla V100-SXM2-16GB,7.0,fft,fp32,forward,none,in-place,online-reorder,cufftdx-block,18,262144,64,100,50,1.110364,15109651427.769232,0.000610,1
fft20-fp32_b8_d3_10x3x7_t512x512x512_e16x8x16_rr_gf_gt512x512_ge8x8,fft20-fp32-batch8,2,fft20-fp32_b8_d3_10x3x7_t512x512x512_e16x8x16_rr_gf_gt512x512_ge8x8,0,2435248.3666555374,fft20-fp32,3,10x3x7,512x512x512,16x8x16,recurrencexrecurrence,direct-stridedxdirect-strided,global-scratchxfused,2,10x10,512x512,8x8,cufftdx-online-shared+cufftdx-online-shared+cufftdx-online-shared,10,7,512,512,16,16,recurrence,direct-strided,Tesla V100-SXM2-16GB,7.0,fft,fp32,forward,none,in-place,online-reorder,cufftdx-block,20,1048576,8,100,50,0.411894,20365950913.669994,0.001485,1
fft18-fp32_b16_d3_4x4x10_t128x128x128_e16x16x16_tt_fg_gt128x128_ge16x16,fft18-fp32-batch16,3,fft18-fp32_b16_d3_4x4x10_t128x128x128_e16x16x16_tt_fg_gt128x128_ge16x16,0,608812.0916638843,fft18-fp32,3,4x4x10,128x128x128,16x16x16,tablextable,direct-stridedxdirect-strided,fusedxglobal-scratch,2,8x10,128x128,16x16,cufftdx-online-shared+cufftdx-online-shared+cufftdx-online-shared,4,10,128,128,16,16,table,direct-strided,Tesla V100-SXM2-16GB,7.0,fft,fp32,forward,none,in-place,online-reorder,cufftdx-block,18,262144,16,100,50,0.257270,16303135815.436962,0.000610,1
fft20-fp32_b16_d3_4x4x12_t128x128x512_e16x16x8_tt_fg_gt128x512_ge16x8,fft20-fp32-batch16,3,fft20-fp32_b16_d3_4x4x12_t128x128x512_e16x16x8_tt_fg_gt128x512_ge16x8,0,3638950.2259420017,fft20-fp32,3,4x4x12,128x128x512,16x16x8,tablextable,direct-stridedxdirect-strided,fusedxglobal-scratch,2,8x12,128x512,16x8,cufftdx-online-shared+cufftdx-online-shared+cufftdx-large-online,4,12,128,512,16,8,table,direct-strided,Tesla V100-SXM2-16GB,7.0,fft,fp32,forward,none,in-place,online-reorder,cufftdx-block,20,1048576,16,100,50,1.778667,9432463612.273655,0.001152,1
fft20-fp32_b16_d4_3x7x3x7_t512x512x512x512_e8x16x8x16_rrr_fgf_gt512x512_ge8x8,fft20-fp32-batch16,1,fft20-fp32_b16_d4_3x7x3x7_t512x512x512x512_e8x16x8x16_rrr_fgf_gt512x512_ge8x8,0,4870496.733311075,fft20-fp32,4,3x7x3x7,512x512x512x512,8x16x8x16,recurrencexrecurrencexrecurrence,direct-stridedxdirect-stridedxdirect-strided,fusedxglobal-scratchxfused,2,10x10,512x512,8x8,cufftdx-online-shared+cufftdx-online-shared+cufftdx-online-shared+cufftdx-online-shared,3,7,512,512,8,16,recurrence,direct-strided,Tesla V100-SXM2-16GB,7.0,fft,fp32,forward,none,in-place,online-reorder,cufftdx-block,20,1048576,16,100,50,0.824177,20356336016.196262,0.001466,1
fft20-fp32_b2_d3_10x7x3_t128x128x128_e16x16x8_tt_gf_gt128x128_ge16x16,fft20-fp32-batch2,3,fft20-fp32_b2_d3_10x7x3_t128x128x128_e16x16x8_tt_gf_gt128x128_ge16x16,0,304406.0458319422,fft20-fp32,3,10x7x3,128x128x128,16x16x8,tablextable,direct-stridedxdirect-strided,global-scratchxfused,2,10x10,128x128,16x16,cufftdx-online-shared+cufftdx-online-shared+cufftdx-online-shared,10,3,128,128,16,8,table,direct-strided,Tesla V100-SXM2-16GB,7.0,fft,fp32,forward,none,in-place,online-reorder,cufftdx-block,20,1048576,2,100,50,0.189952,11040432076.230391,0.001125,1
fft18-fp32_b2_d3_4x4x10_t256x256x256_e16x16x16_tt_fg_gt256x256_ge16x16,fft18-fp32-batch2,3,fft18-fp32_b2_d3_4x4x10_t256x256x256_e16x16x16_tt_fg_gt256x256_ge16x16,0,93304.71145798556,fft18-fp32,3,4x4x10,256x256x256,16x16x16,tablextable,direct-stridedxdirect-strided,fusedxglobal-scratch,2,8x10,256x256,16x16,cufftdx-online-shared+cufftdx-online-shared+cufftdx-online-shared,4,10,256,256,16,16,table,direct-strided,Tesla V100-SXM2-16GB,7.0,fft,fp32,forward,none,in-place,online-reorder,cufftdx-block,18,262144,2,100,50,0.041718,12567502269.747847,0.000501,1
fft20-fp32_b16_d3_3x6x11_t256x256x1024_e8x16x2_tt_fg_gt256x1024_ge16x2,fft20-fp32-batch16,1,fft20-fp32_b16_d3_3x6x11_t256x256x1024_e8x16x2_tt_fg_gt256x1024_ge16x2,0,12296877.781527234,fft20-fp32,3,3x6x11,256x256x1024,8x16x2,tablextable,direct-stridedxdirect-strided,fusedxglobal-scratch,2,9x11,256x1024,16x2,cufftdx-online-shared+cufftdx-online-shared+cufftdx-large-online,3,11,256,1024,8,2,table,direct-strided,Tesla V100-SXM2-16GB,7.0,fft,fp32,forward,none,in-place,online-reorder,cufftdx-block,20,1048576,16,100,50,1.466102,11443419384.276133,0.001315,1
fft20-fp32_b2_d4_3x3x4x10_t512x512x512x512_e8x8x16x16_rrr_ffg_gt512x512_ge8x8,fft20-fp32-batch2,1,fft20-fp32_b2_d4_3x3x4x10_t512x512x512x512_e8x8x16x16_rrr_ffg_gt512x512_ge8x8,0,608812.0916638843,fft20-fp32,4,3x3x4x10,512x512x512x512,8x8x16x16,recurrencexrecurrencexrecurrence,direct-stridedxdirect-stridedxdirect-strided,fusedxfusedxglobal-scratch,2,10x10,512x512,8x8,cufftdx-online-shared+cufftdx-online-shared+cufftdx-online-shared+cufftdx-online-shared,3,10,512,512,8,16,recurrence,direct-strided,Tesla V100-SXM2-16GB,7.0,fft,fp32,forward,none,in-place,online-reorder,cufftdx-block,20,1048576,2,100,50,0.121242,17297297394.116749,0.001288,1
fft18-fp32_b2_d3_4x11x3_t128x512x128_e16x4x8_tt_gg,fft18-fp32-batch2,2,fft18-fp32_b2_d3_4x11x3_t128x512x128_e16x4x8_tt_gg,0,332866.15196871327,fft18-fp32,3,4x11x3,128x512x128,16x4x8,tablextable,direct-stridedxdirect-strided,global-scratchxglobal-scratch,3,,,,cufftdx-online-shared+cufftdx-large-online+cufftdx-online-shared,4,3,128,128,16,8,table,direct-strided,Tesla V100-SXM2-16GB,7.0,fft,fp32,forward,none,in-place,online-reorder,cufftdx-block,18,262144,2,100,50,0.090460,5795789068.525372,0.000397,1
fft20-fp32_b16_p10s10_t128x128_e16x16_rec,fft20-fp32-batch16,2,fft20-fp32_b16_p10s10_t128x128_e16x16_rec,0,2386543.3993224264,fft20-fp32,2,10x10,128x128,16x16,recurrence,direct-strided,global-scratch,2,,,,cufftdx-online-shared+cufftdx-online-shared,10,10,128,128,16,16,recurrence,direct-strided,Tesla V100-SXM2-16GB,7.0,fft,fp32,forward,none,in-place,online-reorder,cufftdx-block,20,1048576,16,100,50,0.867103,19348590638.206657,0.001451,1
fft18-fp32_b16_p6s12_t128x256_e16x16_rec_tx,fft18-fp32-batch16,2,fft18-fp32_b16_p6s12_t128x256_e16x16_rec_tx,0,596635.8498306066,fft18-fp32,2,6x12,128x256,16x16,recurrence,tiled-transpose,global-scratch,2,,,,cufftdx-online-shared+cufftdx-large-online,6,12,128,256,16,16,recurrence,tiled-transpose,Tesla V100-SXM2-16GB,7.0,fft,fp32,forward,none,in-place,online-reorder,cufftdx-block,18,262144,16,100,50,0.287007,14613956666.501356,0.000644,1
fft20-fp32_b16_d3_4x5x11_t128x128x512_e16x16x4_tt_fg_gt128x512_ge16x4,fft20-fp32-batch16,1,fft20-fp32_b16_d3_4x5x11_t128x128x512_e16x16x4_tt_fg_gt128x512_ge16x4,0,6428806.61113708,fft20-fp32,3,4x5x11,128x128x512,16x16x4,tablextable,direct-stridedxdirect-strided,fusedxglobal-scratch,2,9x11,128x512,16x4,cufftdx-online-shared+cufftdx-online-shared+cufftdx-large-online,4,11,128,512,16,4,table,direct-strided,Tesla V100-SXM2-16GB,7.0,fft,fp32,forward,none,in-place,online-reorder,cufftdx-block,20,1048576,16,100,50,1.459528,11494962133.521341,0.001485,1
fft20-fp32_b8_p9s11_t128x256_e16x8_rec,fft20-fp32-batch8,3,fft20-fp32_b8_p9s11_t128x256_e16x8_rec,0,1783085.6107115808,fft20-fp32,2,9x11,128x256,16x8,recurrence,direct-strided,global-scratch,2,,,,cufftdx-online-shared+cufftdx-large-online,9,11,128,256,16,8,recurrence,direct-strided,Tesla V100-SXM2-16GB,7.0,fft,fp32,forward,none,in-place,online-reorder,cufftdx-block,20,1048576,8,100,50,0.535613,15661683826.349621,0.001716,1
fft18-fp32_b2_d4_3x6x3x6_t512x512x512x512_e8x16x8x16_rrr_fgf_gt256x256_ge8x8,fft18-fp32-batch2,1,fft18-fp32_b2_d4_3x6x3x6_t512x512x512x512_e8x16x8x16_rrr_fgf_gt256x256_ge8x8,0,166948.6229159711,fft18-fp32,4,3x6x3x6,512x512x512x512,8x16x8x16,recurrencexrecurrencexrecurrence,direct-stridedxdirect-stridedxdirect-strided,fusedxglobal-scratchxfused,2,9x9,256x256,8x8,cufftdx-online-shared+cufftdx-online-shared+cufftdx-online-shared+cufftdx-online-shared,3,6,512,512,8,16,recurrence,direct-strided,Tesla V100-SXM2-16GB,7.0,fft,fp32,forward,none,in-place,online-reorder,cufftdx-block,18,262144,2,100,50,0.025928,20221169337.977360,0.000553,1
fft18-fp32_b2_d3_3x11x4_t128x512x128_e8x4x16_tt_gg,fft18-fp32-batch2,3,fft18-fp32_b2_d3_3x11x4_t128x512x128_e8x4x16_tt_gg,0,352256.0,fft18-fp32,3,3x11x4,128x512x128,8x4x16,tablextable,direct-stridedxdirect-strided,global-scratchxglobal-scratch,3,,,,cufftdx-online-shared+cufftdx-large-online+cufftdx-online-shared,3,4,128,128,8,16,table,direct-strided,Tesla V100-SXM2-16GB,7.0,fft,fp32,forward,none,in-place,online-reorder,cufftdx-block,18,262144,2,100,50,0.089231,5875602677.731511,0.000391,1
fft18-fp32_b64_d3_4x4x10_t128x128x128_e16x16x16_tt_fg_gt128x128_ge16x16,fft18-fp32-batch64,3,fft18-fp32_b64_d3_4x4x10_t128x128x128_e16x16x16_tt_fg_gt128x128_ge16x16,0,2435248.3666555374,fft18-fp32,3,4x4x10,128x128x128,16x16x16,tablextable,direct-stridedxdirect-strided,fusedxglobal-scratch,2,8x10,128x128,16x16,cufftdx-online-shared+cufftdx-online-shared+cufftdx-online-shared,4,10,128,128,16,16,table,direct-strided,Tesla V100-SXM2-16GB,7.0,fft,fp32,forward,none,in-place,online-reorder,cufftdx-block,18,262144,64,100,50,0.939520,17857219548.729580,0.000610,1
fft20-fp32_b8_d3_3x7x10_t512x512x512_e8x16x16_rr_fg_gt256x128_ge16x16,fft20-fp32-batch8,3,fft20-fp32_b8_d3_3x7x10_t512x512x512_e8x16x16_rr_fg_gt256x128_ge16x16,0,1217624.1833277687,fft20-fp32,3,3x7x10,512x512x512,8x16x16,recurrencexrecurrence,direct-stridedxdirect-strided,fusedxglobal-scratch,2,10x10,256x128,16x16,cufftdx-online-shared+cufftdx-online-shared+cufftdx-online-shared,3,10,512,512,8,16,recurrence,direct-strided,Tesla V100-SXM2-16GB,7.0,fft,fp32,forward,none,in-place,online-reorder,cufftdx-block,20,1048576,8,100,50,0.398664,21041817037.631569,0.001451,1
fft20-fp32_b8_d3_4x5x11_t128x128x512_e16x16x4_tt_fg_gt128x512_ge16x4,fft20-fp32-batch8,2,fft20-fp32_b8_d3_4x5x11_t128x128x512_e16x16x4_tt_fg_gt128x512_ge16x4,0,3214403.30556854,fft20-fp32,3,4x5x11,128x128x512,16x16x4,tablextable,direct-stridedxdirect-strided,fusedxglobal-scratch,2,9x11,128x512,16x4,cufftdx-online-shared+cufftdx-online-shared+cufftdx-large-online,4,11,128,512,16,4,table,direct-strided,Tesla V100-SXM2-16GB,7.0,fft,fp32,forward,none,in-place,online-reorder,cufftdx-block,20,1048576,8,100,50,0.739410,11345003269.209463,0.001510,1
fft18-fp32_b2_d4_3x3x3x9_t512x512x512x512_e8x8x8x16_ttt_ffg_gt512x512_ge16x16,fft18-fp32-batch2,3,fft18-fp32_b2_d4_3x3x3x9_t512x512x512x512_e8x8x8x16_ttt_ffg_gt512x512_ge16x16,0,83474.31145798555,fft18-fp32,4,3x3x3x9,512x512x512x512,8x8x8x16,tablextablextable,direct-stridedxdirect-stridedxdirect-strided,fusedxfusedxglobal-scratch,2,9x9,512x512,16x16,cufftdx-online-shared+cufftdx-online-shared+cufftdx-online-shared+cufftdx-online-shared,3,9,512,512,8,16,table,direct-strided,Tesla V100-SXM2-16GB,7.0,fft,fp32,forward,none,in-place,online-reorder,cufftdx-block,18,262144,2,100,50,0.047411,11058315414.283522,0.000754,1
fft20-fp32_b2_d3_6x3x11_t128x128x512_e16x8x4_tt_fg_gt128x512_ge16x4,fft20-fp32-batch2,2,fft20-fp32_b2_d3_6x3x11_t128x128x512_e16x8x4_tt_fg_gt128x512_ge16x4,0,803600.826392135,fft20-fp32,3,6x3x11,128x128x512,16x8x4,tablextable,direct-stridedxdirect-strided,fusedxglobal-scratch,2,9x11,128x512,16x4,cufftdx-online-shared+cufftdx-online-shared+cufftdx-large-online,6,11,128,512,16,4,table,direct-strided,Tesla V100-SXM2-16GB,7.0,fft,fp32,forward,none,in-place,online-reorder,cufftdx-block,20,1048576,2,100,50,0.208527,10056963442.801983,0.001468,1
fft18-fp32_b2_d3_3x6x9_t512x512x512_e8x16x16_rr_fg_gt256x256_ge8x8,fft18-fp32-batch2,2,fft18-fp32_b2_d3_3x6x9_t512x512x512_e8x16x16_rr_fg_gt256x256_ge8x8,0,166948.6229159711,fft18-fp32,3,3x6x9,512x512x512,8x16x16,recurrencexrecurrence,direct-stridedxdirect-strided,fusedxglobal-scratch,2,9x9,256x256,8x8,cufftdx-online-shared+cufftdx-online-shared+cufftdx-online-shared,3,9,512,512,8,16,recurrence,direct-strided,Tesla V100-SXM2-16GB,7.0,fft,fp32,forward,none,in-place,online-reorder,cufftdx-block,18,262144,2,100,50,0.025907,20237154283.134544,0.000553,1
fft18-fp32_b16_cufft,fft18-fp32-batch16,3,cuFFT,1,0.0,fft18-fp32,0,,,,,,,0,,,,vendor-baseline,0,0,0,0,0,0,none,none,Tesla V100-SXM2-16GB,7.0,fft,fp32,forward,none,in-place,cufft,scalar,18,262144,16,100,50,0.211026,19875776068.755539,0.000601,1
fft20-fp32_b2_d3_3x11x6_t128x512x128_e8x4x16_tt_gg,fft20-fp32-batch2,1,fft20-fp32_b2_d3_3x11x6_t128x512x128_e8x4x16_tt_gg,0,1179648.0,fft20-fp32,3,3x11x6,128x512x128,8x4x16,tablextable,direct-stridedxdirect-strided,global-scratchxglobal-scratch,3,,,,cufftdx-online-shared+cufftdx-large-online+cufftdx-online-shared,3,6,128,128,8,16,table,direct-strided,Tesla V100-SXM2-16GB,7.0,fft,fp32,forward,none,in-place,online-reorder,cufftdx-block,20,1048576,2,100,50,0.371692,5642184066.744613,0.001014,1
fft18-fp32_b64_d4_4x4x4x6_t512x512x512x512_e16x16x16x16_ttt_ggg,fft18-fp32-batch64,3,fft18-fp32_b64_d4_4x4x4x6_t512x512x512x512_e16x16x16x16_ttt_ggg,0,4599913.58146046,fft18-fp32,4,4x4x4x6,512x512x512x512,16x16x16x16,tablextablextable,direct-stridedxdirect-stridedxdirect-strided,global-scratchxglobal-scratchxglobal-scratch,4,,,,cufftdx-online-shared+cufftdx-online-shared+cufftdx-online-shared+cufftdx-online-shared,4,6,512,512,16,16,table,direct-strided,Tesla V100-SXM2-16GB,7.0,fft,fp32,forward,none,in-place,online-reorder,cufftdx-block,18,262144,64,100,50,3.173397,5286832432.719893,0.000521,1
fft20-fp32_b8_d4_3x5x3x9_t512x512x512x512_e8x16x8x16_ttt_fgf_gt512x256_ge16x16,fft20-fp32-batch8,2,fft20-fp32_b8_d4_3x5x3x9_t512x512x512x512_e8x16x8x16_ttt_fgf_gt512x256_ge16x16,0,1217624.1833277687,fft20-fp32,4,3x5x3x9,512x512x512x512,8x16x8x16,tablextablextable,direct-stridedxdirect-stridedxdirect-strided,fusedxglobal-scratchxfused,2,8x12,512x256,16x16,cufftdx-online-shared+cufftdx-online-shared+cufftdx-online-shared+cufftdx-online-shared,3,9,512,512,8,16,table,direct-strided,Tesla V100-SXM2-16GB,7.0,fft,fp32,forward,none,in-place,online-reorder,cufftdx-block,20,1048576,8,100,50,1.019863,8225230175.276857,0.001066,1
fft20-fp32_b2_p12s8_t256x128_e16x16_rec,fft20-fp32-batch2,1,fft20-fp32_b2_p12s8_t256x128_e16x16_rec,0,298317.9249153033,fft20-fp32,2,12x8,256x128,16x16,recurrence,direct-strided,global-scratch,2,,,,cufftdx-large-online+cufftdx-online-shared,12,8,256,128,16,16,recurrence,direct-strided,Tesla V100-SXM2-16GB,7.0,fft,fp32,forward,none,in-place,online-reorder,cufftdx-block,20,1048576,2,100,50,0.176906,11854595772.492483,0.001315,1
fft20-fp32_b8_d3_5x12x3_t128x512x128_e16x8x8_tt_gg,fft20-fp32-batch8,1,fft20-fp32_b8_d3_5x12x3_t128x512x128_e16x8x8_tt_gg,0,2939152.10556854,fft20-fp32,3,5x12x3,128x512x128,16x8x8,tablextable,direct-stridedxdirect-strided,global-scratchxglobal-scratch,3,,,,cufftdx-online-shared+cufftdx-large-online+cufftdx-online-shared,5,3,128,128,16,8,table,direct-strided,Tesla V100-SXM2-16GB,7.0,fft,fp32,forward,none,in-place,online-reorder,cufftdx-block,20,1048576,8,100,50,1.715671,4889403443.061926,0.001348,1
fft18-fp32_b16_d3_4x3x11_t256x256x1024_e16x8x2_tt_fg_gt256x1024_ge16x2,fft18-fp32-batch16,3,fft18-fp32_b16_d3_4x3x11_t256x256x1024_e16x8x2_tt_fg_gt256x1024_ge16x2,0,3074219.4453818086,fft18-fp32,3,4x3x11,256x256x1024,16x8x2,tablextable,direct-stridedxdirect-strided,fusedxglobal-scratch,2,7x11,256x1024,16x2,cufftdx-online-shared+cufftdx-online-shared+cufftdx-large-online,4,11,256,1024,16,2,table,direct-strided,Tesla V100-SXM2-16GB,7.0,fft,fp32,forward,none,in-place,online-reorder,cufftdx-block,18,262144,16,100,50,0.343716,12202824054.344721,0.000489,1
fft18-fp32_b2_p10s8_t512x512_e16x16_rec,fft18-fp32-batch2,3,fft18-fp32_b2_p10s8_t512x512_e16x16_rec,0,81804.82522882584,fft18-fp32,2,10x8,512x512,16x16,recurrence,direct-strided,global-scratch,2,,,,cufftdx-online-shared+cufftdx-online-shared,10,8,512,512,16,16,recurrence,direct-strided,Tesla V100-SXM2-16GB,7.0,fft,fp32,forward,none,in-place,online-reorder,cufftdx-block,18,262144,2,100,50,0.036782,14253896709.090643,0.000637,1
fft18-fp32_b16_d4_3x3x3x9_t512x512x512x512_e8x8x8x16_ttt_ffg_gt512x512_ge16x16,fft18-fp32-batch16,3,fft18-fp32_b16_d4_3x3x3x9_t512x512x512x512_e8x8x8x16_ttt_ffg_gt512x512_ge16x16,0,608812.0916638843,fft18-fp32,4,3x3x3x9,512x512x512x512,8x8x8x16,tablextablextable,direct-stridedxdirect-stridedxdirect-strided,fusedxfusedxglobal-scratch,2,9x9,512x512,16x16,cufftdx-online-shared+cufftdx-online-shared+cufftdx-online-shared+cufftdx-online-shared,3,9,512,512,8,16,table,direct-strided,Tesla V100-SXM2-16GB,7.0,fft,fp32,forward,none,in-place,online-reorder,cufftdx-block,18,262144,16,100,50,0.356250,11773497125.281982,0.000755,1
fft20-fp32_b2_d3_10x3x7_t512x512x512_e16x8x16_rr_gf_gt512x512_ge8x8,fft20-fp32-batch2,3,fft20-fp32_b2_d3_10x3x7_t512x512x512_e16x8x16_rr_gf_gt512x512_ge8x8,0,608812.0916638843,fft20-fp32,3,10x3x7,512x512x512,16x8x16,recurrencexrecurrence,direct-stridedxdirect-strided,global-scratchxfused,2,10x10,512x512,8x8,cufftdx-online-shared+cufftdx-online-shared+cufftdx-online-shared,10,7,512,512,16,16,recurrence,direct-strided,Tesla V100-SXM2-16GB,7.0,fft,fp32,forward,none,in-place,online-reorder,cufftdx-block,20,1048576,2,100,50,0.120218,17444633879.614136,0.001288,1
fft18-fp32_b2_p9s9_t256x256_e8x8_rec,fft18-fp32-batch2,3,fft18-fp32_b2_p9s9_t256x256_e8x8_rec,0,175170.20085765165,fft18-fp32,2,9x9,256x256,8x8,recurrence,direct-strided,global-scratch,2,,,,cufftdx-online-shared+cufftdx-online-shared,9,9,256,256,8,8,recurrence,direct-strided,Tesla V100-SXM2-16GB,7.0,fft,fp32,forward,none,in-place,online-reorder,cufftdx-block,18,262144,2,100,50,0.025887,20253164520.658951,0.000553,1
fft20-fp32_b8_d3_4x4x12_t128x128x512_e16x16x8_tt_fg_gt128x512_ge16x8,fft20-fp32-batch8,3,fft20-fp32_b8_d3_4x4x12_t128x128x512_e16x16x8_tt_fg_gt128x512_ge16x8,0,1819475.1129710008,fft20-fp32,3,4x4x12,128x128x512,16x16x8,tablextable,direct-stridedxdirect-strided,fusedxglobal-scratch,2,8x12,128x512,16x8,cufftdx-online-shared+cufftdx-online-shared+cufftdx-large-online,4,12,128,512,16,8,table,direct-strided,Tesla V100-SXM2-16GB,7.0,fft,fp32,forward,none,in-place,online-reorder,cufftdx-block,20,1048576,8,100,50,0.886866,9458710577.131302,0.001158,1
fft20-fp32_b8_d3_3x7x10_t128x128x128_e8x16x16_tt_fg_gt128x128_ge16x16,fft20-fp32-batch8,3,fft20-fp32_b8_d3_3x7x10_t128x128x128_e8x16x16_tt_fg_gt128x128_ge16x16,0,1217624.1833277687,fft20-fp32,3,3x7x10,128x128x128,8x16x16,tablextable,direct-stridedxdirect-strided,fusedxglobal-scratch,2,10x10,128x128,16x16,cufftdx-online-shared+cufftdx-online-shared+cufftdx-online-shared,3,10,128,128,8,16,table,direct-strided,Tesla V100-SXM2-16GB,7.0,fft,fp32,forward,none,in-place,online-reorder,cufftdx-block,20,1048576,8,100,50,0.648561,12934192180.797392,0.001343,1
fft20-fp32_b16_d3_4x11x5_t128x512x128_e16x4x16_tt_gg,fft20-fp32-batch16,2,fft20-fp32_b16_d3_4x11x5_t128x512x128_e16x4x16_tt_gg,0,7864320.0,fft20-fp32,3,4x11x5,128x512x128,16x4x16,tablextable,direct-stridedxdirect-strided,global-scratchxglobal-scratch,3,,,,cufftdx-online-shared+cufftdx-large-online+cufftdx-online-shared,4,5,128,128,16,16,table,direct-strided,Tesla V100-SXM2-16GB,7.0,fft,fp32,forward,none,in-place,online-reorder,cufftdx-block,20,1048576,16,100,50,3.340288,5022685225.095117,0.001298,1
fft20-fp32_b16_d3_6x3x11_t128x128x512_e16x8x4_tt_fg_gt128x512_ge16x4,fft20-fp32-batch16,1,fft20-fp32_b16_d3_6x3x11_t128x128x512_e16x8x4_tt_fg_gt128x512_ge16x4,0,6428806.61113708,fft20-fp32,3,6x3x11,128x128x512,16x8x4,tablextable,direct-stridedxdirect-strided,fusedxglobal-scratch,2,9x11,128x512,16x4,cufftdx-online-shared+cufftdx-online-shared+cufftdx-large-online,6,11,128,512,16,4,table,direct-strided,Tesla V100-SXM2-16GB,7.0,fft,fp32,forward,none,in-place,online-reorder,cufftdx-block,20,1048576,16,100,50,1.510339,11108248582.582075,0.001485,1
fft18-fp32_b16_d4_4x4x4x6_t512x512x512x512_e16x16x16x16_ttt_ggg,fft18-fp32-batch16,2,fft18-fp32_b16_d4_4x4x4x6_t512x512x512x512_e16x16x16x16_ttt_ggg,0,1149978.395365115,fft18-fp32,4,4x4x4x6,512x512x512x512,16x16x16x16,tablextablextable,direct-stridedxdirect-stridedxdirect-strided,global-scratchxglobal-scratchxglobal-scratch,4,,,,cufftdx-online-shared+cufftdx-online-shared+cufftdx-online-shared+cufftdx-online-shared,4,6,512,512,16,16,table,direct-strided,Tesla V100-SXM2-16GB,7.0,fft,fp32,forward,none,in-place,online-reorder,cufftdx-block,18,262144,16,100,50,0.868495,4829391456.832074,0.000492,1
fft18-fp32_b64_d3_3x3x12_t512x512x256_e8x8x16_tt_fg_gt512x256_ge16x16,fft18-fp32-batch64,3,fft18-fp32_b64_d3_3x3x12_t512x512x256_e8x8x16_tt_fg_gt512x256_ge16x16,0,2435248.3666555374,fft18-fp32,3,3x3x12,512x512x256,8x8x16,tablextable,direct-stridedxdirect-strided,fusedxglobal-scratch,2,6x12,512x256,16x16,cufftdx-online-shared+cufftdx-online-shared+cufftdx-large-online,3,12,512,256,8,16,table,direct-strided,Tesla V100-SXM2-16GB,7.0,fft,fp32,forward,none,in-place,online-reorder,cufftdx-block,18,262144,64,100,50,1.283297,13073522398.567665,0.000617,1
fft18-fp32_b2_d3_3x12x3_t128x512x128_e8x8x8_tt_gg,fft18-fp32-batch2,3,fft18-fp32_b2_d3_3x12x3_t128x512x128_e8x8x8_tt_gg,0,269546.94421195827,fft18-fp32,3,3x12x3,128x512x128,8x8x8,tablextable,direct-stridedxdirect-strided,global-scratchxglobal-scratch,3,,,,cufftdx-online-shared+cufftdx-large-online+cufftdx-online-shared,3,3,128,128,8,8,table,direct-strided,Tesla V100-SXM2-16GB,7.0,fft,fp32,forward,none,in-place,online-reorder,cufftdx-block,18,262144,2,100,50,0.081162,6459752387.742610,0.000440,1
fft20-fp32_b16_p11s9_t256x128_e8x16_rec,fft20-fp32-batch16,1,fft20-fp32_b16_p11s9_t256x128_e8x16_rec,0,4072062.411390442,fft20-fp32,2,11x9,256x128,8x16,recurrence,direct-strided,global-scratch,2,,,,cufftdx-large-online+cufftdx-online-shared,11,9,256,128,8,16,recurrence,direct-strided,Tesla V100-SXM2-16GB,7.0,fft,fp32,forward,none,in-place,online-reorder,cufftdx-block,20,1048576,16,100,50,1.378427,12171278241.850054,0.001713,1
fft18-fp32_b2_d3_3x3x12_t256x256x1024_e8x8x4_tt_fg_gt256x1024_ge16x4,fft18-fp32-batch2,3,fft18-fp32_b2_d3_3x3x12_t256x256x1024_e8x8x4_tt_fg_gt256x1024_ge16x4,0,231865.96659803373,fft18-fp32,3,3x3x12,256x256x1024,8x8x4,tablextable,direct-stridedxdirect-strided,fusedxglobal-scratch,2,6x12,256x1024,16x4,cufftdx-online-shared+cufftdx-online-shared+cufftdx-large-online,3,12,256,1024,8,4,table,direct-strided,Tesla V100-SXM2-16GB,7.0,fft,fp32,forward,none,in-place,online-reorder,cufftdx-block,18,262144,2,100,50,0.057631,9097370057.827442,0.000488,1
fft20-fp32_b8_p8s12_t128x256_e16x16_rec_tx,fft20-fp32-batch8,3,fft20-fp32_b8_p8s12_t128x256_e16x16_rec_tx,0,1193271.6996612132,fft20-fp32,2,8x12,128x256,16x16,recurrence,tiled-transpose,global-scratch,2,,,,cufftdx-online-shared+cufftdx-large-online,8,12,128,256,16,16,recurrence,tiled-transpose,Tesla V100-SXM2-16GB,7.0,fft,fp32,forward,none,in-place,online-reorder,cufftdx-block,20,1048576,8,100,50,0.568422,14757701909.373678,0.001371,1
fft18-fp32_b64_d3_3x3x12_t256x256x1024_e8x8x4_tt_fg_gt256x1024_ge16x4,fft18-fp32-batch64,3,fft18-fp32_b64_d3_3x3x12_t256x256x1024_e8x8x4_tt_fg_gt256x1024_ge16x4,0,6428806.61113708,fft18-fp32,3,3x3x12,256x256x1024,8x8x4,tablextable,direct-stridedxdirect-strided,fusedxglobal-scratch,2,6x12,256x1024,16x4,cufftdx-online-shared+cufftdx-online-shared+cufftdx-large-online,3,12,256,1024,8,4,table,direct-strided,Tesla V100-SXM2-16GB,7.0,fft,fp32,forward,none,in-place,online-reorder,cufftdx-block,18,262144,64,100,50,1.210901,13855156038.710072,0.000521,1
fft20-fp32_b16_d3_7x3x10_t128x128x128_e16x8x16_tt_fg_gt128x128_ge16x16,fft20-fp32-batch16,3,fft20-fp32_b16_d3_7x3x10_t128x128x128_e16x8x16_tt_fg_gt128x128_ge16x16,0,2435248.3666555374,fft20-fp32,3,7x3x10,128x128x128,16x8x16,tablextable,direct-stridedxdirect-strided,fusedxglobal-scratch,2,10x10,128x128,16x16,cufftdx-online-shared+cufftdx-online-shared+cufftdx-online-shared,7,10,128,128,16,16,table,direct-strided,Tesla V100-SXM2-16GB,7.0,fft,fp32,forward,none,in-place,online-reorder,cufftdx-block,20,1048576,16,100,50,1.266627,13245589542.341185,0.001468,1
fft20-fp32_b2_p11s9_t256x128_e8x16_rec_ptx,fft20-fp32-batch2,1,fft20-fp32_b2_p11s9_t256x128_e8x16_rec_ptx,0,509007.80142380524,fft20-fp32,2,11x9,256x128,8x16,recurrence,prefix-tiled-transpose,global-scratch,2,,,,cufftdx-large-online+cufftdx-online-shared,11,9,256,128,8,16,recurrence,prefix-tiled-transpose,Tesla V100-SXM2-16GB,7.0,fft,fp32,forward,none,in-place,online-reorder,cufftdx-block,20,1048576,2,100,50,0.195133,10747271600.200470,0.001485,1
fft18-fp32_b64_d3_11x4x3_t256x512x512_e8x16x8_tt_gf_gt256x512_ge8x16,fft18-fp32-batch64,1,fft18-fp32_b64_d3_11x4x3_t256x512x512_e8x16x8_tt_gf_gt256x512_ge8x16,0,4155165.725908614,fft18-fp32,3,11x4x3,256x512x512,8x16x8,tablextable,direct-stridedxdirect-strided,global-scratchxfused,2,11x7,256x512,8x16,cufftdx-large-online+cufftdx-online-shared+cufftdx-online-shared,11,3,256,512,8,8,table,direct-strided,Tesla V100-SXM2-16GB,7.0,fft,fp32,forward,none,in-place,online-reorder,cufftdx-block,18,262144,64,100,50,1.489674,11262339027.688292,0.000612,1
fft18-fp32_b2_p11s7_t256x128_e8x16_rec,fft18-fp32-batch2,2,fft18-fp32_b2_p11s7_t256x128_e8x16_rec,0,153477.27302261797,fft18-fp32,2,11x7,256x128,8x16,recurrence,direct-strided,global-scratch,2,,,,cufftdx-large-online+cufftdx-online-shared,11,7,256,128,8,16,recurrence,direct-strided,Tesla V100-SXM2-16GB,7.0,fft,fp32,forward,none,in-place,online-reorder,cufftdx-block,18,262144,2,100,50,0.045998,11398040573.936329,0.000546,1
fft20-fp32_b16_d4_3x5x3x9_t512x512x512x512_e8x16x8x16_ttt_fgf_gt512x256_ge16x16,fft20-fp32-batch16,1,fft20-fp32_b16_d4_3x5x3x9_t512x512x512x512_e8x16x8x16_ttt_fgf_gt512x256_ge16x16,0,2435248.3666555374,fft20-fp32,4,3x5x3x9,512x512x512x512,8x16x8x16,tablextablextable,direct-stridedxdirect-stridedxdirect-strided,fusedxglobal-scratchxfused,2,8x12,512x256,16x16,cufftdx-online-shared+cufftdx-online-shared+cufftdx-online-shared+cufftdx-online-shared,3,9,512,512,8,16,table,direct-strided,Tesla V100-SXM2-16GB,7.0,fft,fp32,forward,none,in-place,online-reorder,cufftdx-block,20,1048576,16,100,50,2.042163,8215414196.734721,0.001221,1
fft20-fp32_b16_d4_3x3x4x10_t512x512x512x512_e8x8x16x16_rrr_ffg_gt256x128_ge16x16,fft20-fp32-batch16,3,fft20-fp32_b16_d4_3x3x4x10_t512x512x512x512_e8x8x16x16_rrr_ffg_gt256x128_ge16x16,0,2435248.3666555374,fft20-fp32,4,3x3x4x10,512x512x512x512,8x8x16x16,recurrencexrecurrencexrecurrence,direct-stridedxdirect-stridedxdirect-strided,fusedxfusedxglobal-scratch,2,10x10,256x128,16x16,cufftdx-online-shared+cufftdx-online-shared+cufftdx-online-shared+cufftdx-online-shared,3,10,512,512,8,16,recurrence,direct-strided,Tesla V100-SXM2-16GB,7.0,fft,fp32,forward,none,in-place,online-reorder,cufftdx-block,20,1048576,16,100,50,0.763044,21987224771.881283,0.001451,1
fft20-fp32_b16_p8s12_t128x256_e16x16_rec,fft20-fp32-batch16,1,fft20-fp32_b16_p8s12_t128x256_e16x16_rec,0,2386543.3993224264,fft20-fp32,2,8x12,128x256,16x16,recurrence,direct-strided,global-scratch,2,,,,cufftdx-online-shared+cufftdx-large-online,8,12,128,256,16,16,recurrence,direct-strided,Tesla V100-SXM2-16GB,7.0,fft,fp32,forward,none,in-place,online-reorder,cufftdx-block,20,1048576,16,100,50,1.632584,10276481898.591497,0.001339,1
fft18-fp32_b2_d3_5x3x10_t256x256x256_e16x8x16_tt_fg_gt256x256_ge16x16,fft18-fp32-batch2,3,fft18-fp32_b2_d3_5x3x10_t256x256x256_e16x8x16_tt_fg_gt256x256_ge16x16,0,93304.71145798556,fft18-fp32,3,5x3x10,256x256x256,16x8x16,tablextable,direct-stridedxdirect-strided,fusedxglobal-scratch,2,8x10,256x256,16x16,cufftdx-online-shared+cufftdx-online-shared+cufftdx-online-shared,5,10,256,256,16,16,table,direct-strided,Tesla V100-SXM2-16GB,7.0,fft,fp32,forward,none,in-place,online-reorder,cufftdx-block,18,262144,2,100,50,0.039444,13291796438.589510,0.000501,1
fft20-fp32_b16_p9s11_t128x256_e16x8_rec_tx,fft20-fp32-batch16,3,fft20-fp32_b16_p9s11_t128x256_e16x8_rec_tx,0,3566171.2214231617,fft20-fp32,2,9x11,128x256,16x8,recurrence,tiled-transpose,global-scratch,2,,,,cufftdx-online-shared+cufftdx-large-online,9,11,128,256,16,8,recurrence,tiled-transpose,Tesla V100-SXM2-16GB,7.0,fft,fp32,forward,none,in-place,online-reorder,cufftdx-block,20,1048576,16,100,50,1.062482,15790590232.966188,0.001748,1
fft18-fp32_b64_d3_4x11x3_t128x512x128_e16x4x8_tt_gg,fft18-fp32-batch64,2,fft18-fp32_b64_d3_4x11x3_t128x512x128_e16x4x8_tt_gg,0,8877875.796332158,fft18-fp32,3,4x11x3,128x512x128,16x4x8,tablextable,direct-stridedxdirect-strided,global-scratchxglobal-scratch,3,,,,cufftdx-online-shared+cufftdx-large-online+cufftdx-online-shared,4,3,128,128,16,8,table,direct-strided,Tesla V100-SXM2-16GB,7.0,fft,fp32,forward,none,in-place,online-reorder,cufftdx-block,18,262144,64,100,50,3.029402,5538128826.531172,0.000546,1
fft20-fp32_b2_d4_3x7x3x7_t512x512x512x512_e8x16x8x16_rrr_fgf_gt256x128_ge16x16,fft20-fp32-batch2,2,fft20-fp32_b2_d4_3x7x3x7_t512x512x512x512_e8x16x8x16_rrr_fgf_gt256x128_ge16x16,0,304406.0458319422,fft20-fp32,4,3x7x3x7,512x512x512x512,8x16x8x16,recurrencexrecurrencexrecurrence,direct-stridedxdirect-stridedxdirect-strided,fusedxglobal-scratchxfused,2,10x10,256x128,16x16,cufftdx-online-shared+cufftdx-online-shared+cufftdx-online-shared+cufftdx-online-shared,3,7,512,512,8,16,recurrence,direct-strided,Tesla V100-SXM2-16GB,7.0,fft,fp32,forward,none,in-place,online-reorder,cufftdx-block,20,1048576,2,100,50,0.125338,16732026049.274879,0.001320,1
fft18-fp32_b64_d3_3x3x12_t512x512x256_e8x8x16_tt_fg_gt512x256_ge16x16,fft18-fp32-batch64,2,fft18-fp32_b64_d3_3x3x12_t512x512x256_e8x8x16_tt_fg_gt512x256_ge16x16,0,2435248.3666555374,fft18-fp32,3,3x3x12,512x512x256,8x8x16,tablextable,direct-stridedxdirect-strided,fusedxglobal-scratch,2,6x12,512x256,16x16,cufftdx-online-shared+cufftdx-online-shared+cufftdx-large-online,3,12,512,256,8,16,table,direct-strided,Tesla V100-SXM2-16GB,7.0,fft,fp32,forward,none,in-place,online-reorder,cufftdx-block,18,262144,64,100,50,1.368924,12255767502.646261,0.000617,1
fft18-fp32_b16_d3_3x12x3_t256x1024x256_e8x4x8_tt_gg,fft18-fp32-batch16,1,fft18-fp32_b16_d3_3x12x3_t256x1024x256_e8x4x8_tt_gg,0,2451046.4000000004,fft18-fp32,3,3x12x3,256x1024x256,8x4x8,tablextable,direct-stridedxdirect-strided,global-scratchxglobal-scratch,3,,,,cufftdx-online-shared+cufftdx-large-online+cufftdx-online-shared,3,3,256,256,8,8,table,direct-strided,Tesla V100-SXM2-16GB,7.0,fft,fp32,forward,none,in-place,online-reorder,cufftdx-block,18,262144,16,100,50,0.794767,5277398276.288917,0.000488,1
fft20-fp32_b16_d3_3x7x10_t256x256x256_e8x16x16_tt_fg_gt256x256_ge16x16,fft20-fp32-batch16,3,fft20-fp32_b16_d3_3x7x10_t256x256x256_e8x16x16_tt_fg_gt256x256_ge16x16,0,2435248.3666555374,fft20-fp32,3,3x7x10,256x256x256,8x16x16,tablextable,direct-stridedxdirect-strided,fusedxglobal-scratch,2,10x10,256x256,16x16,cufftdx-online-shared+cufftdx-online-shared+cufftdx-online-shared,3,10,256,256,8,16,table,direct-strided,Tesla V100-SXM2-16GB,7.0,fft,fp32,forward,none,in-place,online-reorder,cufftdx-block,20,1048576,16,100,50,1.273098,13178257262.387585,0.001468,1
fft18-fp32_b2_d3_8x7x3_t128x128x128_e16x16x8_tt_gf_gt128x128_ge16x16,fft18-fp32-batch2,3,fft18-fp32_b2_d3_8x7x3_t128x128x128_e16x16x8_tt_gf_gt128x128_ge16x16,0,93304.71145798556,fft18-fp32,3,8x7x3,128x128x128,16x16x8,tablextable,direct-stridedxdirect-strided,global-scratchxfused,2,8x10,128x128,16x16,cufftdx-online-shared+cufftdx-online-shared+cufftdx-online-shared,8,3,128,128,16,8,table,direct-strided,Tesla V100-SXM2-16GB,7.0,fft,fp32,forward,none,in-place,online-reorder,cufftdx-block,18,262144,2,100,50,0.038932,13466596556.505505,0.000501,1
fft20-fp32_b2_d3_11x3x6_t256x512x512_e8x8x16_tt_gf_gt256x512_ge8x16,fft20-fp32-batch2,2,fft20-fp32_b2_d3_11x3x6_t256x512x512_e8x8x16_tt_gf_gt256x512_ge8x16,0,519395.7157385768,fft20-fp32,3,11x3x6,256x512x512,8x8x16,tablextable,direct-stridedxdirect-strided,global-scratchxfused,2,11x9,256x512,8x16,cufftdx-large-online+cufftdx-online-shared+cufftdx-online-shared,11,6,256,512,8,16,table,direct-strided,Tesla V100-SXM2-16GB,7.0,fft,fp32,forward,none,in-place,online-reorder,cufftdx-block,20,1048576,2,100,50,0.240988,8702302865.289484,0.001485,1
fft20-fp32_b8_d3_3x7x10_t512x512x512_e8x16x16_rr_fg_gt512x512_ge8x8,fft20-fp32-batch8,1,fft20-fp32_b8_d3_3x7x10_t512x512x512_e8x16x16_rr_fg_gt512x512_ge8x8,0,2435248.3666555374,fft20-fp32,3,3x7x10,512x512x512,8x16x16,recurrencexrecurrence,direct-stridedxdirect-strided,fusedxglobal-scratch,2,10x10,512x512,8x8,cufftdx-online-shared+cufftdx-online-shared+cufftdx-online-shared,3,10,512,512,8,16,recurrence,direct-strided,Tesla V100-SXM2-16GB,7.0,fft,fp32,forward,none,in-place,online-reorder,cufftdx-block,20,1048576,8,100,50,0.412631,20329561500.451839,0.001485,1
fft18-fp32_b2_d4_3x3x3x9_t512x512x512x512_e8x8x8x16_rrr_ffg_gt256x256_ge8x8,fft18-fp32-batch2,2,fft18-fp32_b2_d4_3x3x3x9_t512x512x512x512_e8x8x8x16_rrr_ffg_gt256x256_ge8x8,0,166948.6229159711,fft18-fp32,4,3x3x3x9,512x512x512x512,8x8x8x16,recurrencexrecurrencexrecurrence,direct-stridedxdirect-stridedxdirect-strided,fusedxfusedxglobal-scratch,2,9x9,256x256,8x8,cufftdx-online-shared+cufftdx-online-shared+cufftdx-online-shared+cufftdx-online-shared,3,9,512,512,8,16,recurrence,direct-strided,Tesla V100-SXM2-16GB,7.0,fft,fp32,forward,none,in-place,online-reorder,cufftdx-block,18,262144,2,100,50,0.025866,20269201570.225491,0.000553,1
fft18-fp32_b16_d4_3x3x3x9_t512x512x512x512_e8x8x8x16_ttt_fgf_gt512x256_ge16x16,fft18-fp32-batch16,2,fft18-fp32_b16_d4_3x3x3x9_t512x512x512x512_e8x8x8x16_ttt_fgf_gt512x256_ge16x16,0,608812.0916638843,fft18-fp32,4,3x3x3x9,512x512x512x512,8x8x8x16,tablextablextable,direct-stridedxdirect-stridedxdirect-strided,fusedxglobal-scratchxfused,2,6x12,512x256,16x16,cufftdx-online-shared+cufftdx-online-shared+cufftdx-online-shared+cufftdx-online-shared,3,9,512,512,8,16,table,direct-strided,Tesla V100-SXM2-16GB,7.0,fft,fp32,forward,none,in-place,online-reorder,cufftdx-block,18,262144,16,100,50,0.369029,11365780118.003679,0.000550,1
fft20-fp32_b8_d3_3x5x12_t128x128x512_e8x16x8_tt_fg_gt128x512_ge16x8,fft20-fp32-batch8,2,fft20-fp32_b8_d3_3x5x12_t128x128x512_e8x16x8_tt_fg_gt128x512_ge16x8,0,1819475.1129710008,fft20-fp32,3,3x5x12,128x128x512,8x16x8,tablextable,direct-stridedxdirect-strided,fusedxglobal-scratch,2,8x12,128x512,16x8,cufftdx-online-shared+cufftdx-online-shared+cufftdx-large-online,3,12,128,512,8,8,table,direct-strided,Tesla V100-SXM2-16GB,7.0,fft,fp32,forward,none,in-place,online-reorder,cufftdx-block,20,1048576,8,100,50,0.885514,9473149050.034857,0.001158,1
fft18-fp32_b64_d4_3x3x3x9_t512x512x512x512_e8x8x8x16_ttt_fgf_gt512x256_ge16x16,fft18-fp32-batch64,1,fft18-fp32_b64_d4_3x3x3x9_t512x512x512x512_e8x8x8x16_ttt_fgf_gt512x256_ge16x16,0,2435248.3666555374,fft18-fp32,4,3x3x3x9,512x512x512x512,8x8x8x16,tablextablextable,direct-stridedxdirect-stridedxdirect-strided,fusedxglobal-scratchxfused,2,6x12,512x256,16x16,cufftdx-online-shared+cufftdx-online-shared+cufftdx-online-shared+cufftdx-online-shared,3,9,512,512,8,16,table,direct-strided,Tesla V100-SXM2-16GB,7.0,fft,fp32,forward,none,in-place,online-reorder,cufftdx-block,18,262144,64,100,50,1.287393,13031927064.660957,0.000617,1
fft18-fp32_b16_p12s6_t256x128_e16x16_rec,fft18-fp32-batch16,2,fft18-fp32_b16_p12s6_t256x128_e16x16_rec,0,596635.8498306066,fft18-fp32,2,12x6,256x128,16x16,recurrence,direct-strided,global-scratch,2,,,,cufftdx-large-online+cufftdx-online-shared,12,6,256,128,16,16,recurrence,direct-strided,Tesla V100-SXM2-16GB,7.0,fft,fp32,forward,none,in-place,online-reorder,cufftdx-block,18,262144,16,100,50,0.332083,12630280777.510054,0.000675,1
fft20-fp32_b2_d3_4x5x11_t128x128x512_e16x16x4_tt_fg_gt128x512_ge16x4,fft20-fp32-batch2,3,fft20-fp32_b2_d3_4x5x11_t128x128x512_e16x16x4_tt_fg_gt128x512_ge16x4,0,803600.826392135,fft20-fp32,3,4x5x11,128x128x512,16x16x4,tablextable,direct-stridedxdirect-strided,fusedxglobal-scratch,2,9x11,128x512,16x4,cufftdx-online-shared+cufftdx-online-shared+cufftdx-large-online,4,11,128,512,16,4,table,direct-strided,Tesla V100-SXM2-16GB,7.0,fft,fp32,forward,none,in-place,online-reorder,cufftdx-block,20,1048576,2,100,50,0.208056,10079732461.574039,0.001468,1
fft18-fp32_b16_d3_3x11x4_t256x1024x256_e8x2x16_tt_gg,fft18-fp32-batch16,1,fft18-fp32_b16_d3_3x11x4_t256x1024x256_e8x2x16_tt_gg,0,3919052.8000000003,fft18-fp32,3,3x11x4,256x1024x256,8x2x16,tablextable,direct-stridedxdirect-strided,global-scratchxglobal-scratch,3,,,,cufftdx-online-shared+cufftdx-large-online+cufftdx-online-shared,3,4,256,256,8,16,table,direct-strided,Tesla V100-SXM2-16GB,7.0,fft,fp32,forward,none,in-place,online-reorder,cufftdx-block,18,262144,16,100,50,0.904049,4639467280.337149,0.000377,1
fft20-fp32_b2_p8s12_t128x256_e16x16_rec,fft20-fp32-batch2,1,fft20-fp32_b2_p8s12_t128x256_e16x16_rec,0,298317.9249153033,fft20-fp32,2,8x12,128x256,16x16,recurrence,direct-strided,global-scratch,2,,,,cufftdx-online-shared+cufftdx-large-online,8,12,128,256,16,16,recurrence,direct-strided,Tesla V100-SXM2-16GB,7.0,fft,fp32,forward,none,in-place,online-reorder,cufftdx-block,20,1048576,2,100,50,0.173445,12091154910.212337,0.001274,1
fft18-fp32_b16_d3_11x4x3_t256x512x512_e8x16x8_tt_gf_gt256x512_ge8x16,fft18-fp32-batch16,3,fft18-fp32_b16_d3_11x4x3_t256x512x512_e8x16x8_tt_gf_gt256x512_ge8x16,0,1038791.4314771536,fft18-fp32,3,11x4x3,256x512x512,8x16x8,tablextable,direct-stridedxdirect-strided,global-scratchxfused,2,11x7,256x512,8x16,cufftdx-large-online+cufftdx-online-shared+cufftdx-online-shared,11,3,256,512,8,8,table,direct-strided,Tesla V100-SXM2-16GB,7.0,fft,fp32,forward,none,in-place,online-reorder,cufftdx-block,18,262144,16,100,50,0.395325,10609750255.209078,0.000563,1
fft18-fp32_b16_d4_3x3x3x9_t512x512x512x512_e8x8x8x16_ttt_ffg_gt512x512_ge16x16,fft18-fp32-batch16,2,fft18-fp32_b16_d4_3x3x3x9_t512x512x512x512_e8x8x8x16_ttt_ffg_gt512x512_ge16x16,0,608812.0916638843,fft18-fp32,4,3x3x3x9,512x512x512x512,8x8x8x16,tablextablextable,direct-stridedxdirect-stridedxdirect-strided,fusedxfusedxglobal-scratch,2,9x9,512x512,16x16,cufftdx-online-shared+cufftdx-online-shared+cufftdx-online-shared+cufftdx-online-shared,3,9,512,512,8,16,table,direct-strided,Tesla V100-SXM2-16GB,7.0,fft,fp32,forward,none,in-place,online-reorder,cufftdx-block,18,262144,16,100,50,0.356475,11766057799.957731,0.000755,1
fft20-fp32_b8_p9s11_t128x256_e16x8_rec_tx,fft20-fp32-batch8,2,fft20-fp32_b8_p9s11_t128x256_e16x8_rec_tx,0,1783085.6107115808,fft20-fp32,2,9x11,128x256,16x8,recurrence,tiled-transpose,global-scratch,2,,,,cufftdx-online-shared+cufftdx-large-online,9,11,128,256,16,8,recurrence,tiled-transpose,Tesla V100-SXM2-16GB,7.0,fft,fp32,forward,none,in-place,online-reorder,cufftdx-block,20,1048576,8,100,50,0.539156,15558762723.012047,0.001716,1
fft18-fp32_b64_d3_3x6x9_t512x512x512_e8x16x16_rr_fg_gt256x256_ge8x8,fft18-fp32-batch64,1,fft18-fp32_b64_d3_3x6x9_t512x512x512_e8x16x16_rr_fg_gt256x256_ge8x8,0,4870496.733311075,fft18-fp32,3,3x6x9,512x512x512,8x16x16,recurrencexrecurrence,direct-stridedxdirect-strided,fusedxglobal-scratch,2,9x9,256x256,8x8,cufftdx-online-shared+cufftdx-online-shared+cufftdx-online-shared,3,9,512,512,8,16,recurrence,direct-strided,Tesla V100-SXM2-16GB,7.0,fft,fp32,forward,none,in-place,online-reorder,cufftdx-block,18,262144,64,100,50,0.807301,20781856875.264626,0.000666,1
fft20-fp32_b8_d3_3x6x11_t256x256x1024_e8x16x2_tt_fg_gt256x1024_ge16x2,fft20-fp32-batch8,1,fft20-fp32_b8_d3_3x6x11_t256x256x1024_e8x16x2_tt_fg_gt256x1024_ge16x2,0,6148438.890763617,fft20-fp32,3,3x6x11,256x256x1024,8x16x2,tablextable,direct-stridedxdirect-strided,fusedxglobal-scratch,2,9x11,256x1024,16x2,cufftdx-online-shared+cufftdx-online-shared+cufftdx-large-online,3,11,256,1024,8,2,table,direct-strided,Tesla V100-SXM2-16GB,7.0,fft,fp32,forward,none,in-place,online-reorder,cufftdx-block,20,1048576,8,100,50,0.765297,10961250296.083498,0.001298,1
fft20-fp32_b16_d3_10x3x7_t512x512x512_e16x8x16_rr_gf_gt256x128_ge16x16,fft20-fp32-batch16,2,fft20-fp32_b16_d3_10x3x7_t512x512x512_e16x8x16_rr_gf_gt256x128_ge16x16,0,2435248.3666555374,fft20-fp32,3,10x3x7,512x512x512,16x8x16,recurrencexrecurrence,direct-stridedxdirect-strided,global-scratchxfused,2,10x10,256x128,16x16,cufftdx-online-shared+cufftdx-online-shared+cufftdx-online-shared,10,7,512,512,16,16,recurrence,direct-strided,Tesla V100-SXM2-16GB,7.0,fft,fp32,forward,none,in-place,online-reorder,cufftdx-block,20,1048576,16,100,50,0.764600,21942466548.651905,0.001451,1
fft18-fp32_b16_d3_8x7x3_t256x256x256_e16x16x8_tt_gf_gt256x256_ge16x16,fft18-fp32-batch16,1,fft18-fp32_b16_d3_8x7x3_t256x256x256_e16x16x8_tt_gf_gt256x256_ge16x16,0,608812.0916638843,fft18-fp32,3,8x7x3,256x256x256,16x16x8,tablextable,direct-stridedxdirect-strided,global-scratchxfused,2,8x10,256x256,16x16,cufftdx-online-shared+cufftdx-online-shared+cufftdx-online-shared,8,3,256,256,16,8,table,direct-strided,Tesla V100-SXM2-16GB,7.0,fft,fp32,forward,none,in-place,online-reorder,cufftdx-block,18,262144,16,100,50,0.281661,14891297445.730600,0.000610,1
fft18-fp32_b64_d3_8x7x3_t256x256x256_e16x16x8_tt_gf_gt256x256_ge16x16,fft18-fp32-batch64,3,fft18-fp32_b64_d3_8x7x3_t256x256x256_e16x16x8_tt_gf_gt256x256_ge16x16,0,2435248.3666555374,fft18-fp32,3,8x7x3,256x256x256,16x16x8,tablextable,direct-stridedxdirect-strided,global-scratchxfused,2,8x10,256x256,16x16,cufftdx-online-shared+cufftdx-online-shared+cufftdx-online-shared,8,3,256,256,16,8,table,direct-strided,Tesla V100-SXM2-16GB,7.0,fft,fp32,forward,none,in-place,online-reorder,cufftdx-block,18,262144,64,100,50,1.113129,15072121652.133638,0.000610,1
fft18-fp32_b64_d3_4x4x10_t512x512x512_e16x16x16_tt_gg,fft18-fp32-batch64,2,fft18-fp32_b64_d3_4x4x10_t512x512x512_e16x16x16_tt_gg,0,3517580.9740579985,fft18-fp32,3,4x4x10,512x512x512,16x16x16,tablextable,direct-stridedxdirect-strided,global-scratchxglobal-scratch,3,,,,cufftdx-online-shared+cufftdx-online-shared+cufftdx-online-shared,4,10,512,512,16,16,table,direct-strided,Tesla V100-SXM2-16GB,7.0,fft,fp32,forward,none,in-place,online-reorder,cufftdx-block,18,262144,64,100,50,2.620109,6403251546.509211,0.000521,1
fft20-fp32_b16_p11s9_t256x128_e8x16_rec_ptx,fft20-fp32-batch16,2,fft20-fp32_b16_p11s9_t256x128_e8x16_rec_ptx,0,4072062.411390442,fft20-fp32,2,11x9,256x128,8x16,recurrence,prefix-tiled-transpose,global-scratch,2,,,,cufftdx-large-online+cufftdx-online-shared,11,9,256,128,8,16,recurrence,prefix-tiled-transpose,Tesla V100-SXM2-16GB,7.0,fft,fp32,forward,none,in-place,online-reorder,cufftdx-block,20,1048576,16,100,50,1.480786,11329939900.924292,0.001713,1
fft20-fp32_b8_d3_10x7x3_t128x128x128_e16x16x8_tt_gf_gt128x128_ge16x16,fft20-fp32-batch8,3,fft20-fp32_b8_d3_10x7x3_t128x128x128_e16x16x8_tt_gf_gt128x128_ge16x16,0,1217624.1833277687,fft20-fp32,3,10x7x3,128x128x128,16x16x8,tablextable,direct-stridedxdirect-strided,global-scratchxfused,2,10x10,128x128,16x16,cufftdx-online-shared+cufftdx-online-shared+cufftdx-online-shared,10,3,128,128,16,8,table,direct-strided,Tesla V100-SXM2-16GB,7.0,fft,fp32,forward,none,in-place,online-reorder,cufftdx-block,20,1048576,8,100,50,0.706294,11876938105.088051,0.001343,1
fft20-fp32_b8_d3_4x6x10_t128x128x128_e16x16x16_tt_fg_gt128x128_ge16x16,fft20-fp32-batch8,3,fft20-fp32_b8_d3_4x6x10_t128x128x128_e16x16x16_tt_fg_gt128x128_ge16x16,0,1217624.1833277687,fft20-fp32,3,4x6x10,128x128x128,16x16x16,tablextable,direct-stridedxdirect-strided,fusedxglobal-scratch,2,10x10,128x128,16x16,cufftdx-online-shared+cufftdx-online-shared+cufftdx-online-shared,4,10,128,128,16,16,table,direct-strided,Tesla V100-SXM2-16GB,7.0,fft,fp32,forward,none,in-place,online-reorder,cufftdx-block,20,1048576,8,100,50,0.651141,12882934142.474394,0.001343,1
fft18-fp32_b16_d3_3x3x12_t128x128x512_e8x8x8_tt_fg_gt128x512_ge16x8,fft18-fp32-batch16,3,fft18-fp32_b16_d3_3x3x12_t128x128x512_e8x8x8_tt_fg_gt128x512_ge16x8,0,909737.5564855004,fft18-fp32,3,3x3x12,128x128x512,8x8x8,tablextable,direct-stridedxdirect-strided,fusedxglobal-scratch,2,6x12,128x512,16x8,cufftdx-online-shared+cufftdx-online-shared+cufftdx-large-online,3,12,128,512,8,8,table,direct-strided,Tesla V100-SXM2-16GB,7.0,fft,fp32,forward,none,in-place,online-reorder,cufftdx-block,18,262144,16,100,50,0.345866,12126954291.779177,0.000587,1
fft18-fp32_b2_p6s12_t128x256_e16x16_rec,fft18-fp32-batch2,1,fft18-fp32_b2_p6s12_t128x256_e16x16_rec,0,91438.61722882584,fft18-fp32,2,6x12,128x256,16x16,recurrence,direct-strided,global-scratch,2,,,,cufftdx-online-shared+cufftdx-large-online,6,12,128,256,16,16,recurrence,direct-strided,Tesla V100-SXM2-16GB,7.0,fft,fp32,forward,none,in-place,online-reorder,cufftdx-block,18,262144,2,100,50,0.047145,11120764408.187853,0.000549,1
fft18-fp32_b64_d3_6x3x9_t512x512x512_e16x8x16_tt_gf_gt512x256_ge16x16,fft18-fp32-batch64,2,fft18-fp32_b64_d3_6x3x9_t512x512x512_e16x8x16_tt_gf_gt512x256_ge16x16,0,2435248.3666555374,fft18-fp32,3,6x3x9,512x512x512,16x8x16,tablextable,direct-stridedxdirect-strided,global-scratchxfused,2,6x12,512x256,16x16,cufftdx-online-shared+cufftdx-online-shared+cufftdx-online-shared,6,9,512,512,16,16,table,direct-strided,Tesla V100-SXM2-16GB,7.0,fft,fp32,forward,none,in-place,online-reorder,cufftdx-block,18,262144,64,100,50,1.286902,13036905490.227333,0.000617,1
fft20-fp32_b2_d3_3x11x6_t128x512x128_e8x4x16_tt_gg,fft20-fp32-batch2,2,fft20-fp32_b2_d3_3x11x6_t128x512x128_e8x4x16_tt_gg,0,1179648.0,fft20-fp32,3,3x11x6,128x512x128,8x4x16,tablextable,direct-stridedxdirect-strided,global-scratchxglobal-scratch,3,,,,cufftdx-online-shared+cufftdx-large-online+cufftdx-online-shared,3,6,128,128,8,16,table,direct-strided,Tesla V100-SXM2-16GB,7.0,fft,fp32,forward,none,in-place,online-reorder,cufftdx-block,20,1048576,2,100,50,0.370995,5652773585.842638,0.001014,1
fft20-fp32_b16_p11s9_t256x128_e8x16_rec,fft20-fp32-batch16,3,fft20-fp32_b16_p11s9_t256x128_e8x16_rec,0,4072062.411390442,fft20-fp32,2,11x9,256x128,8x16,recurrence,direct-strided,global-scratch,2,,,,cufftdx-large-online+cufftdx-online-shared,11,9,256,128,8,16,recurrence,direct-strided,Tesla V100-SXM2-16GB,7.0,fft,fp32,forward,none,in-place,online-reorder,cufftdx-block,20,1048576,16,100,50,1.381376,12145292562.772194,0.001713,1
fft18-fp32_b16_d3_11x4x3_t256x512x512_e8x16x8_tt_gf_gt256x512_ge8x16,fft18-fp32-batch16,1,fft18-fp32_b16_d3_11x4x3_t256x512x512_e8x16x8_tt_gf_gt256x512_ge8x16,0,1038791.4314771536,fft18-fp32,3,11x4x3,256x512x512,8x16x8,tablextable,direct-stridedxdirect-strided,global-scratchxfused,2,11x7,256x512,8x16,cufftdx-large-online+cufftdx-online-shared+cufftdx-online-shared,11,3,256,512,8,8,table,direct-strided,Tesla V100-SXM2-16GB,7.0,fft,fp32,forward,none,in-place,online-reorder,cufftdx-block,18,262144,16,100,50,0.395592,10602608538.011602,0.000563,1
fft20-fp32_b2_d4_3x3x4x10_t512x512x512x512_e8x8x16x16_ttt_ffg_gt512x512_ge16x16,fft20-fp32-batch2,2,fft20-fp32_b2_d4_3x3x4x10_t512x512x512x512_e8x8x16x16_ttt_ffg_gt512x512_ge16x16,0,304406.0458319422,fft20-fp32,4,3x3x4x10,512x512x512x512,8x8x16x16,tablextablextable,direct-stridedxdirect-stridedxdirect-strided,fusedxfusedxglobal-scratch,2,10x10,512x512,16x16,cufftdx-online-shared+cufftdx-online-shared+cufftdx-online-shared+cufftdx-online-shared,3,10,512,512,8,16,table,direct-strided,Tesla V100-SXM2-16GB,7.0,fft,fp32,forward,none,in-place,online-reorder,cufftdx-block,20,1048576,2,100,50,0.189727,11053541151.207352,0.001125,1
fft20-fp32_b16_d4_3x5x3x9_t512x512x512x512_e8x16x8x16_ttt_fgf_gt512x256_ge16x16,fft20-fp32-batch16,3,fft20-fp32_b16_d4_3x5x3x9_t512x512x512x512_e8x16x8x16_ttt_fgf_gt512x256_ge16x16,0,2435248.3666555374,fft20-fp32,4,3x5x3x9,512x512x512x512,8x16x8x16,tablextablextable,direct-stridedxdirect-stridedxdirect-strided,fusedxglobal-scratchxfused,2,8x12,512x256,16x16,cufftdx-online-shared+cufftdx-online-shared+cufftdx-online-shared+cufftdx-online-shared,3,9,512,512,8,16,table,direct-strided,Tesla V100-SXM2-16GB,7.0,fft,fp32,forward,none,in-place,online-reorder,cufftdx-block,20,1048576,16,100,50,2.122936,7902835523.038912,0.001221,1
fft18-fp32_b16_d3_4x4x10_t128x128x128_e16x16x16_tt_fg_gt128x128_ge16x16,fft18-fp32-batch16,2,fft18-fp32_b16_d3_4x4x10_t128x128x128_e16x16x16_tt_fg_gt128x128_ge16x16,0,608812.0916638843,fft18-fp32,3,4x4x10,128x128x128,16x16x16,tablextable,direct-stridedxdirect-strided,fusedxglobal-scratch,2,8x10,128x128,16x16,cufftdx-online-shared+cufftdx-online-shared+cufftdx-online-shared,4,10,128,128,16,16,table,direct-strided,Tesla V100-SXM2-16GB,7.0,fft,fp32,forward,none,in-place,online-reorder,cufftdx-block,18,262144,16,100,50,0.257475,16290169788.792107,0.000610,1
fft20-fp32_b2_p12s8_t256x128_e16x16_rec_ptx,fft20-fp32-batch2,1,fft20-fp32_b2_p12s8_t256x128_e16x16_rec_ptx,0,298317.9249153033,fft20-fp32,2,12x8,256x128,16x16,recurrence,prefix-tiled-transpose,global-scratch,2,,,,cufftdx-large-online+cufftdx-online-shared,12,8,256,128,16,16,recurrence,prefix-tiled-transpose,Tesla V100-SXM2-16GB,7.0,fft,fp32,forward,none,in-place,online-reorder,cufftdx-block,20,1048576,2,100,50,0.206684,10146650947.415777,0.001315,1
fft18-fp32_b64_d3_9x3x6_t512x512x512_e16x8x16_rr_gf_gt256x256_ge8x8,fft18-fp32-batch64,3,fft18-fp32_b64_d3_9x3x6_t512x512x512_e16x8x16_rr_gf_gt256x256_ge8x8,0,4870496.733311075,fft18-fp32,3,9x3x6,512x512x512,16x8x16,recurrencexrecurrence,direct-stridedxdirect-strided,global-scratchxfused,2,9x9,256x256,8x8,cufftdx-online-shared+cufftdx-online-shared+cufftdx-online-shared,9,6,512,512,16,16,recurrence,direct-strided,Tesla V100-SXM2-16GB,7.0,fft,fp32,forward,none,in-place,online-reorder,cufftdx-block,18,262144,64,100,50,0.809574,20723500492.781357,0.000666,1
fft20-fp32_b8_d4_3x3x4x10_t512x512x512x512_e8x8x16x16_rrr_ffg_gt512x512_ge8x8,fft20-fp32-batch8,3,fft20-fp32_b8_d4_3x3x4x10_t512x512x512x512_e8x8x16x16_rrr_ffg_gt512x512_ge8x8,0,2435248.3666555374,fft20-fp32,4,3x3x4x10,512x512x512x512,8x8x16x16,recurrencexrecurrencexrecurrence,direct-stridedxdirect-stridedxdirect-strided,fusedxfusedxglobal-scratch,2,10x10,512x512,8x8,cufftdx-online-shared+cufftdx-online-shared+cufftdx-online-shared+cufftdx-online-shared,3,10,512,512,8,16,recurrence,direct-strided,Tesla V100-SXM2-16GB,7.0,fft,fp32,forward,none,in-place,online-reorder,cufftdx-block,20,1048576,8,100,50,0.411955,20362914346.956165,0.001485,1
fft18-fp32_b2_d4_6x3x3x6_t512x512x512x512_e16x8x8x16_ttt_gff_gt512x256_ge16x16,fft18-fp32-batch2,2,fft18-fp32_b2_d4_6x3x3x6_t512x512x512x512_e16x8x8x16_ttt_gff_gt512x256_ge16x16,0,83474.31145798555,fft18-fp32,4,6x3x3x6,512x512x512x512,16x8x8x16,tablextablextable,direct-stridedxdirect-stridedxdirect-strided,global-scratchxfusedxfused,2,6x12,512x256,16x16,cufftdx-online-shared+cufftdx-online-shared+cufftdx-online-shared+cufftdx-online-shared,6,6,512,512,16,16,table,direct-strided,Tesla V100-SXM2-16GB,7.0,fft,fp32,forward,none,in-place,online-reorder,cufftdx-block,18,262144,2,100,50,0.057201,9165771501.283518,0.000497,1
fft20-fp32_b2_d3_6x11x3_t128x512x128_e16x4x8_tt_gg,fft20-fp32-batch2,1,fft20-fp32_b2_d3_6x11x3_t128x512x128_e16x4x8_tt_gg,0,1109734.4745415198,fft20-fp32,3,6x11x3,128x512x128,16x4x8,tablextable,direct-stridedxdirect-strided,global-scratchxglobal-scratch,3,,,,cufftdx-online-shared+cufftdx-large-online+cufftdx-online-shared,6,3,128,128,16,8,table,direct-strided,Tesla V100-SXM2-16GB,7.0,fft,fp32,forward,none,in-place,online-reorder,cufftdx-block,20,1048576,2,100,50,0.420516,4987094002.245473,0.001152,1
fft20-fp32_b16_d3_3x5x12_t256x256x1024_e8x16x4_tt_fg_gt256x1024_ge16x4,fft20-fp32-batch16,1,fft20-fp32_b16_d3_3x5x12_t256x256x1024_e8x16x4_tt_fg_gt256x1024_ge16x4,0,6428806.61113708,fft20-fp32,3,3x5x12,256x256x1024,8x16x4,tablextable,direct-stridedxdirect-strided,fusedxglobal-scratch,2,8x12,256x1024,16x4,cufftdx-online-shared+cufftdx-online-shared+cufftdx-large-online,3,12,256,1024,8,4,table,direct-strided,Tesla V100-SXM2-16GB,7.0,fft,fp32,forward,none,in-place,online-reorder,cufftdx-block,20,1048576,16,100,50,1.451377,11559518814.764973,0.001221,1
fft20-fp32_b2_d4_3x3x4x10_t512x512x512x512_e8x8x16x16_ttt_ffg_gt512x512_ge16x16,fft20-fp32-batch2,1,fft20-fp32_b2_d4_3x3x4x10_t512x512x512x512_e8x8x16x16_ttt_ffg_gt512x512_ge16x16,0,304406.0458319422,fft20-fp32,4,3x3x4x10,512x512x512x512,8x8x16x16,tablextablextable,direct-stridedxdirect-stridedxdirect-strided,fusedxfusedxglobal-scratch,2,10x10,512x512,16x16,cufftdx-online-shared+cufftdx-online-shared+cufftdx-online-shared+cufftdx-online-shared,3,10,512,512,8,16,table,direct-strided,Tesla V100-SXM2-16GB,7.0,fft,fp32,forward,none,in-place,online-reorder,cufftdx-block,20,1048576,2,100,50,0.197345,10626816552.859238,0.001125,1
