suite_case_id,suite_group,suite_tier,suite_runner,implementation,reference,trial,performance_batch,preflight_correct,preflight_max_error,accumulation,storage_bits,compute_bits,accumulator_bits,emulated_native,coefficient_policy,arithmetic_pipeline,mapping_id,ctas_per_transform,estimated_registers_per_thread,estimated_shared_bytes_per_cta,resident_ctas_per_sm,resident_warps_per_sm,occupancy_upper_bound,total_ctas,grid_waves,grid_concurrent_fraction,limiting_resource,working_set_bytes,working_set_over_l2,resource_cliff,device,compute_capability,operator,precision,direction,normalization,placement,auto_select,selection_target,selected_implementation,selection_confidence,predicted_kernel_ms,selection_reason,backend,compute_unit,complex_multiply,cross_twiddle,direct_boundary,stage_matrices,decomposition_count,stages_per_decomposition,segment_threads,segment_ept,boundary_twiddles,boundary_layouts,boundary_residencies,execution_group_count,group_threads,group_ept,local_exchange,shared_layout,fft_core,stage_space,stage_handoff,tile_threads,prefix_threads,suffix_threads,prefix_ept,suffix_ept,prefix_units_per_cta,suffix_units_per_cta,local_stages,reorder_columns,warp_stages,pipeline_warps,logN,N,batch,element_stride,batch_stride,warmup,repeat,h2d_ms,kernel_ms,d2h_ms,transforms_s,Gbutterfly_s,points_s,max_error,correct,output_order,word_bits,modulus,modulus_bits,n1_log,rows_per_block,threads_per_block,inverse,kernel_ntt_s,end_to_end_ntt_s,kernel_points_s,mod_multiply
fft-fp16-fp32-log8-temporal-r4-t128-b801,fft-fp16-fp32-log8-b801,full,butterfly,cuButterfly-temporal-r4-t128,0,1,801,1,0.000747,fp32,16,32,32,0,per-stage-twiddle,floating-complex,temporal-r4-t128,1,42,1024,10,40,0.625,801,1.00125,1.0,register,1640448,0.2607421875,0,Tesla V100-SXM2-16GB,7.0,fft,fp16,forward,none,out-of-place,0,,,,0.000000,,temporal-tile,radix4,four-mul,table,direct-strided,,1,8,,,,,,0,,,shared,linear,scalar,0,named-barrier,128,0,0,8,8,0,0,0,0,0,0,8,256,801,1,256,1000,100,0.195968,0.007270,0.242720,110172756.089083,112.816902,28204225558.805267,0.000000,-1,,,,,,,,,,,,
fft-fp16-fp32-log8-temporal-r2-t128-b801,fft-fp16-fp32-log8-b801,full,butterfly,cuButterfly-temporal-r2-t128,0,4,801,1,0.000747,fp32,16,32,32,0,per-stage-twiddle,floating-complex,temporal-r2-t128,1,32,1024,16,64,1.0,801,0.62578125,0.62578125,register+thread+warp,1640448,0.2607421875,0,Tesla V100-SXM2-16GB,7.0,fft,fp16,forward,none,out-of-place,0,,,,0.000000,,temporal-tile,radix2,four-mul,table,direct-strided,,1,8,,,,,,0,,,shared,linear,scalar,0,named-barrier,128,0,0,8,8,0,0,0,0,0,0,8,256,801,1,256,1000,100,0.202720,0.007578,0.193472,105706292.821407,108.243244,27060810962.280304,0.000000,-1,,,,,,,,,,,,
subset-zeta-uint32-zeta-log8-temporal-r2-t128-b1281,subset-zeta-uint32-zeta-log8-b1281,full,butterfly,cuButterfly-temporal-r2-t128,0,4,1281,1,0.000000,native,32,32,32,0,implicit-unit,integer-add,temporal-r2-t128,1,30,1024,16,64,1.0,1281,1.00078125,1.0,register+thread+warp,2623488,0.4169921875,0,Tesla V100-SXM2-16GB,7.0,subset-zeta,uint32,forward,none,out-of-place,0,,,,0.000000,,temporal-tile,radix2,four-mul,table,direct-strided,,1,8,,,,,,0,,,shared,linear,scalar,0,named-barrier,128,0,0,8,8,0,0,0,0,0,0,8,256,1281,1,256,1000,100,0.317440,0.006175,0.335840,207458803.364980,212.437815,53109453661.434784,0.000000,-1,,,,,,,,,,,,
structured-2x2-bf16-native-log15-online-r2-t256-b8,structured-2x2-bf16-native-log15-b8,full,butterfly,cuButterfly-online-r2-t256,0,3,8,1,0.029309,native,16,32,16,1,broadcast,floating-fma,online-r2-t256,64,36,1024,6,48,0.75,512,1.0666666666666667,1.0,register,1048576,0.16666666666666666,0,Tesla V100-SXM2-16GB,7.0,structured-2x2,bf16,forward,none,out-of-place,0,,,,0.000000,,online-reorder,radix2,four-mul,table,direct-strided,0.92387949999999996:-0.38268340000000001:0.38268340000000001:0.92387949999999996,2,8x7,0x0,8x8,table,direct-strided,global-scratch,2,0x0,8x8,shared,linear,scalar,0,named-barrier,256,0,0,8,8,0,0,8,1,0,0,15,32768,8,1,32768,1000,100,0.127328,0.048200,0.167584,165976.193847,40.790309,5438707919.993223,0.000000,-1,,,,,,,,,,,,
fwht-fp32-log15-online-r4-t256-b9,fwht-fp32-log15-b9,full,butterfly,cuButterfly-online-r4-t256,0,3,9,1,0.000000,native,32,32,32,0,implicit-sign,floating-add,online-r4-t256,64,46,4096,5,40,0.625,576,1.44,1.0,register,2359296,0.375,0,Tesla V100-SXM2-16GB,7.0,fwht,fp32,forward,none,out-of-place,0,,,,0.000000,,online-reorder,radix4,four-mul,table,direct-strided,,2,8x7,0x0,8x8,table,direct-strided,global-scratch,2,0x0,8x8,shared,linear,scalar,0,named-barrier,256,0,0,8,8,0,0,8,1,0,0,15,32768,9,1,32768,1000,100,0.305024,0.032266,0.256000,278929.303255,68.549666,9139955409.056938,0.000000,-1,,,,,,,,,,,,
fft-fp16-fp32-log15-online-r4-t256-b6,fft-fp16-fp32-log15-b6,full,butterfly,cuButterfly-online-r4-t256,0,1,6,1,0.001078,fp32,16,32,32,0,per-stage-twiddle,floating-complex,online-r4-t256,64,50,4096,4,32,0.5,384,1.2,1.0,register,1572864,0.25,0,Tesla V100-SXM2-16GB,7.0,fft,fp16,forward,none,out-of-place,0,,,,0.000000,,online-reorder,radix4,four-mul,table,direct-strided,,2,8x7,0x0,8x8,table,direct-strided,global-scratch,2,0x0,8x8,shared,linear,scalar,0,named-barrier,256,0,0,8,8,0,0,8,1,0,0,15,32768,6,1,32768,1000,100,0.250240,0.033485,0.209504,179185.770987,44.036695,5871559343.691745,0.000000,-1,,,,,,,,,,,,
fft-fp16-fp32-log15-online-r4-t256-b5,fft-fp16-fp32-log15-b5,full,butterfly,cuButterfly-online-r4-t256,0,5,5,1,0.001078,fp32,16,32,32,0,per-stage-twiddle,floating-complex,online-r4-t256,64,50,4096,4,32,0.5,320,1.0,1.0,register,1310720,0.20833333333333334,0,Tesla V100-SXM2-16GB,7.0,fft,fp16,forward,none,out-of-place,0,,,,0.000000,,online-reorder,radix4,four-mul,table,direct-strided,,2,8x7,0x0,8x8,table,direct-strided,global-scratch,2,0x0,8x8,shared,linear,scalar,0,named-barrier,256,0,0,8,8,0,0,8,1,0,0,15,32768,5,1,32768,1000,100,0.195136,0.028703,0.161856,174199.523610,42.811275,5708169989.664272,0.000000,-1,,,,,,,,,,,,
structured-2x2-fp16-fp32-log15-hier-r4-t256-b8,structured-2x2-fp16-fp32-log15-b8,full,butterfly,cuButterfly-hier-r4-t256,0,1,8,1,0.001612,fp32,16,32,32,0,broadcast,floating-fma,hier-r4-t256,64,44,2048,5,40,0.625,512,1.28,1.0,register,1048576,0.16666666666666666,0,Tesla V100-SXM2-16GB,7.0,structured-2x2,fp16,forward,none,out-of-place,0,,,,0.000000,,hierarchical,radix4,four-mul,table,direct-strided,0.92387949999999996:-0.38268340000000001:0.38268340000000001:0.92387949999999996,1,15,,,,,,0,,,shared,linear,scalar,0,named-barrier,256,0,0,8,8,0,0,8,0,0,0,15,32768,8,1,32768,1000,100,0.124832,0.029471,0.140928,271455.877687,66.712997,8895066200.049400,0.000000,-1,,,,,,,,,,,,
structured-2x2-fp32-log15-online-r4-t256-b9,structured-2x2-fp32-log15-b9,full,butterfly,cuButterfly-online-r4-t256,0,5,9,1,0.000000,native,32,32,32,0,broadcast,floating-fma,online-r4-t256,64,46,4096,5,40,0.625,576,1.44,1.0,register,2359296,0.375,0,Tesla V100-SXM2-16GB,7.0,structured-2x2,fp32,forward,none,out-of-place,0,,,,0.000000,,online-reorder,radix4,four-mul,table,direct-strided,0.92387949999999996:-0.38268340000000001:0.38268340000000001:0.92387949999999996,2,8x7,0x0,8x8,table,direct-strided,global-scratch,2,0x0,8x8,shared,linear,scalar,0,named-barrier,256,0,0,8,8,0,0,8,1,0,0,15,32768,9,1,32768,1000,100,0.304864,0.034007,0.274880,264651.092407,65.040652,8672086995.991432,0.000000,-1,,,,,,,,,,,,
fft-fp16-fp32-log8-temporal-r4-t128-b801,fft-fp16-fp32-log8-b801,full,butterfly,cuButterfly-temporal-r4-t128,0,4,801,1,0.000747,fp32,16,32,32,0,per-stage-twiddle,floating-complex,temporal-r4-t128,1,42,1024,10,40,0.625,801,1.00125,1.0,register,1640448,0.2607421875,0,Tesla V100-SXM2-16GB,7.0,fft,fp16,forward,none,out-of-place,0,,,,0.000000,,temporal-tile,radix4,four-mul,table,direct-strided,,1,8,,,,,,0,,,shared,linear,scalar,0,named-barrier,128,0,0,8,8,0,0,0,0,0,0,8,256,801,1,256,1000,100,0.194048,0.007281,0.223968,110017803.074438,112.658230,28164557587.056007,0.000000,-1,,,,,,,,,,,,
structured-2x2-fp16-fp32-log15-hier-r4-t256-b6,structured-2x2-fp16-fp32-log15-b6,full,butterfly,cuButterfly-hier-r4-t256,0,1,6,1,0.001612,fp32,16,32,32,0,broadcast,floating-fma,hier-r4-t256,64,44,2048,5,40,0.625,384,0.96,0.96,register,786432,0.125,0,Tesla V100-SXM2-16GB,7.0,structured-2x2,fp16,forward,none,out-of-place,0,,,,0.000000,,hierarchical,radix4,four-mul,table,direct-strided,0.92387949999999996:-0.38268340000000001:0.38268340000000001:0.92387949999999996,1,15,,,,,,0,,,shared,linear,scalar,0,named-barrier,256,0,0,8,8,0,0,8,0,0,0,15,32768,6,1,32768,1000,100,0.097632,0.027187,0.114080,220692.088259,54.237288,7231638348.084686,0.000000,-1,,,,,,,,,,,,
subset-zeta-uint32-zeta-log8-temporal-r4-t128-b1281,subset-zeta-uint32-zeta-log8-b1281,full,butterfly,cuButterfly-temporal-r4-t128,0,4,1281,1,0.000000,native,32,32,32,0,implicit-unit,integer-add,temporal-r4-t128,1,38,1024,12,48,0.75,1281,1.334375,1.0,register,2623488,0.4169921875,0,Tesla V100-SXM2-16GB,7.0,subset-zeta,uint32,forward,none,out-of-place,0,,,,0.000000,,temporal-tile,radix4,four-mul,table,direct-strided,,1,8,,,,,,0,,,shared,linear,scalar,0,named-barrier,128,0,0,8,8,0,0,0,0,0,0,8,256,1281,1,256,1000,100,0.308448,0.005509,0.304224,232523507.231750,238.104071,59526017851.328064,0.000000,-1,,,,,,,,,,,,
fft-fp16-fp32-log8-temporal-r2-t128-b801,fft-fp16-fp32-log8-b801,full,butterfly,cuButterfly-temporal-r2-t128,0,1,801,1,0.000747,fp32,16,32,32,0,per-stage-twiddle,floating-complex,temporal-r2-t128,1,32,1024,16,64,1.0,801,0.62578125,0.62578125,register+thread+warp,1640448,0.2607421875,0,Tesla V100-SXM2-16GB,7.0,fft,fp16,forward,none,out-of-place,0,,,,0.000000,,temporal-tile,radix2,four-mul,table,direct-strided,,1,8,,,,,,0,,,shared,linear,scalar,0,named-barrier,128,0,0,8,8,0,0,0,0,0,0,8,256,801,1,256,1000,100,0.188480,0.007598,0.237504,105421366.741778,107.951480,26987869885.895065,0.000000,-1,,,,,,,,,,,,
fwht-bf16-native-log8-temporal-r2-t128-b961,fwht-bf16-native-log8-b961,full,butterfly,cuButterfly-temporal-r2-t128,0,5,961,1,0.005010,native,16,32,16,1,implicit-sign,floating-add,temporal-r2-t128,1,30,512,16,64,1.0,961,0.75078125,0.75078125,register+thread+warp,984064,0.15641276041666666,0,Tesla V100-SXM2-16GB,7.0,fwht,bf16,forward,none,out-of-place,0,,,,0.000000,,temporal-tile,radix2,four-mul,table,direct-strided,,1,8,,,,,,0,,,shared,linear,scalar,0,named-barrier,128,0,0,8,8,0,0,0,0,0,0,8,256,961,1,256,1000,100,0.140640,0.008458,0.137600,113617017.820150,116.343826,29085956561.958500,0.000000,-1,,,,,,,,,,,,
structured-2x2-fp32-log8-temporal-r2-t128-b640,structured-2x2-fp32-log8-b640,full,butterfly,cuButterfly-temporal-r2-t128,0,2,640,1,0.000000,native,32,32,32,0,broadcast,floating-fma,temporal-r2-t128,1,30,1024,16,64,1.0,640,0.5,0.5,register+thread+warp,1310720,0.20833333333333334,0,Tesla V100-SXM2-16GB,7.0,structured-2x2,fp32,forward,none,out-of-place,0,,,,0.000000,,temporal-tile,radix2,four-mul,table,direct-strided,0.92387949999999996:-0.38268340000000001:0.38268340000000001:0.92387949999999996,1,8,,,,,,0,,,shared,linear,scalar,0,named-barrier,128,0,0,8,8,0,0,0,0,0,0,8,256,640,1,256,1000,100,0.150560,0.005571,0.180288,114889701.178339,117.647054,29411763501.654770,0.000000,-1,,,,,,,,,,,,
fwht-fp32-log15-online-r2-t256-b8,fwht-fp32-log15-b8,full,butterfly,cuButterfly-online-r2-t256,0,4,8,1,0.000000,native,32,32,32,0,implicit-sign,floating-add,online-r2-t256,64,36,2048,6,48,0.75,512,1.0666666666666667,1.0,register,2097152,0.3333333333333333,0,Tesla V100-SXM2-16GB,7.0,fwht,fp32,forward,none,out-of-place,0,,,,0.000000,,online-reorder,radix2,four-mul,table,direct-strided,,2,8x7,0x0,8x8,table,direct-strided,global-scratch,2,0x0,8x8,shared,linear,scalar,0,named-barrier,256,0,0,8,8,0,0,8,1,0,0,15,32768,8,1,32768,1000,100,0.246016,0.030392,0.268384,263224.386371,64.690025,8625336692.620646,0.000000,-1,,,,,,,,,,,,
fft-fp16-fp32-log15-online-r2-t256-b5,fft-fp16-fp32-log15-b5,full,butterfly,cuButterfly-online-r2-t256,0,3,5,1,0.001078,fp32,16,32,32,0,per-stage-twiddle,floating-complex,online-r2-t256,64,38,2048,6,48,0.75,320,0.6666666666666666,0.6666666666666666,register,1310720,0.20833333333333334,0,Tesla V100-SXM2-16GB,7.0,fft,fp16,forward,none,out-of-place,0,,,,0.000000,,online-reorder,radix2,four-mul,table,direct-strided,,2,8x7,0x0,8x8,table,direct-strided,global-scratch,2,0x0,8x8,shared,linear,scalar,0,named-barrier,256,0,0,8,8,0,0,8,1,0,0,15,32768,5,1,32768,1000,100,0.178464,0.030505,0.172288,163907.768019,40.281973,5370929742.441119,0.000000,-1,,,,,,,,,,,,
fft-fp16-native-log20-hier-r4-t256-b2,fft-fp16-native-log20-b2,full,butterfly,cuButterfly-hier-r4-t256,0,4,2,1,0.001330,native,16,16,16,0,per-stage-twiddle,floating-complex,hier-r4-t256,512,48,4096,5,40,0.625,1024,2.56,1.0,register,16777216,2.6666666666666665,0,Tesla V100-SXM2-16GB,7.0,fft,fp16,forward,none,out-of-place,0,,,,0.000000,,hierarchical,radix4,four-mul,table,direct-strided,,1,20,,,,,,0,,,shared,linear,scalar,0,named-barrier,256,0,0,8,8,0,0,10,0,0,0,20,1048576,2,1,1048576,1000,100,1.417088,0.298097,1.375296,6709.233916,70.351417,7035141662.374957,0.000000,-1,,,,,,,,,,,,
structured-2x2-fp16-native-log20-hier-r4-t256-b1,structured-2x2-fp16-native-log20-b1,full,butterfly,cuButterfly-hier-r4-t256,0,2,1,1,0.002199,native,16,16,16,0,broadcast,floating-fma,hier-r4-t256,512,44,2048,5,40,0.625,512,1.28,1.0,register,4194304,0.6666666666666666,0,Tesla V100-SXM2-16GB,7.0,structured-2x2,fp16,forward,none,out-of-place,0,,,,0.000000,,hierarchical,radix4,four-mul,table,direct-strided,0.92387949999999996:-0.38268340000000001:0.38268340000000001:0.92387949999999996,1,20,,,,,,0,,,shared,linear,scalar,0,named-barrier,256,0,0,8,8,0,0,10,0,0,0,20,1048576,1,1,1048576,1000,100,0.411360,0.063887,0.462336,15652.549046,164.128873,16412887268.406458,0.000000,-1,,,,,,,,,,,,
fft-fp16-fp32-log8-temporal-r4-t128-b1280,fft-fp16-fp32-log8-b1280,full,butterfly,cuButterfly-temporal-r4-t128,0,5,1280,1,0.000747,fp32,16,32,32,0,per-stage-twiddle,floating-complex,temporal-r4-t128,1,42,1024,10,40,0.625,1280,1.6,1.0,register,2621440,0.4166666666666667,0,Tesla V100-SXM2-16GB,7.0,fft,fp16,forward,none,out-of-place,0,,,,0.000000,,temporal-tile,radix4,four-mul,table,direct-strided,,1,8,,,,,,0,,,shared,linear,scalar,0,named-barrier,128,0,0,8,8,0,0,0,0,0,0,8,256,1280,1,256,1000,100,0.299296,0.007875,0.295424,162548772.657537,166.449943,41612485800.329353,0.000000,-1,,,,,,,,,,,,
fwht-fp16-fp32-log20-online-r4-t256-b1,fwht-fp16-fp32-log20-b1,full,butterfly,cuButterfly-online-r4-t256,0,1,1,1,0.001000,fp32,16,32,32,0,implicit-sign,floating-add,online-r4-t256,512,46,2048,5,40,0.625,512,1.28,1.0,register,4194304,0.6666666666666666,0,Tesla V100-SXM2-16GB,7.0,fwht,fp16,forward,none,out-of-place,0,,,,0.000000,,online-reorder,radix4,four-mul,table,direct-strided,,2,10x10,0x0,8x8,table,direct-strided,global-scratch,2,0x0,8x8,shared,linear,scalar,0,named-barrier,256,0,0,8,8,0,0,10,1,0,0,20,1048576,1,1,1048576,1000,100,0.426592,0.087757,0.437600,11395.128657,119.486584,11948658426.750122,0.000000,-1,,,,,,,,,,,,
ntt-uint64-ntt-log15-ntt-hybrid-r2-t256-b241,ntt-uint64-ntt-log15-b241,full,ntt,cuButterfly-ntt-hybrid-r2-t256,0,2,241,1,,native,64,64,64,0,per-stage-root,modular-multiply-reduce,ntt-hybrid-r2-t256,1,52,4096,4,32,0.5,241,0.753125,0.753125,register,126353408,20.083333333333332,0,Tesla V100-SXM2-16GB,7.0,ntt,uint64,forward,,,0,,,,0.000000,,hybrid2d,radix2,,fused,,,,,,,,,,,,,,,,0,named-barrier,,,,,,,,,,,,15,32768,241,1,32768,1000,100,10.207040,0.515246,9.520192,,,,,-1,natural,64,1152921504606748673,60,7,4,256,0,467737.656134,11905.656962,15326827516.212296,shoup
ntt-uint32-ntt-log15-ntt-hybrid-r2-t256-b320,ntt-uint32-ntt-log15-b320,full,ntt,cuButterfly-ntt-hybrid-r2-t256,0,4,320,1,,native,32,32,32,0,per-stage-root,modular-multiply-reduce,ntt-hybrid-r2-t256,1,50,2048,4,32,0.5,320,1.0,1.0,register,83886080,13.333333333333334,0,Tesla V100-SXM2-16GB,7.0,ntt,uint32,forward,,,0,,,,0.000000,,hybrid2d,radix2,,fused,,,,,,,,,,,,,,,,0,named-barrier,,,,,,,,,,,,15,32768,320,1,32768,1000,100,6.851040,0.425871,6.384000,,,,,-1,natural,32,1073643521,30,7,4,256,0,751400.641755,23424.499197,24621896229.036640,shoup
ntt-uint32-ntt-log15-ntt-hybrid-r4-t256-b321,ntt-uint32-ntt-log15-b321,full,ntt,cuButterfly-ntt-hybrid-r4-t256,0,1,321,1,,native,32,32,32,0,per-stage-root,modular-multiply-reduce,ntt-hybrid-r4-t256,1,62,4096,4,32,0.5,321,1.003125,1.0,register,84148224,13.375,0,Tesla V100-SXM2-16GB,7.0,ntt,uint32,forward,,,0,,,,0.000000,,hybrid2d,radix4,,fused,,,,,,,,,,,,,,,,0,named-barrier,,,,,,,,,,,,15,32768,321,1,32768,1000,100,6.970016,0.373750,6.375392,,,,,-1,natural,32,1073643521,30,7,4,256,0,858863.421392,23397.937863,28143236592.163551,shoup
ntt-uint32-ntt-log15-ntt-hybrid-r4-t256-b321,ntt-uint32-ntt-log15-b321,full,ntt,cuButterfly-ntt-hybrid-r4-t256,0,4,321,1,,native,32,32,32,0,per-stage-root,modular-multiply-reduce,ntt-hybrid-r4-t256,1,62,4096,4,32,0.5,321,1.003125,1.0,register,84148224,13.375,0,Tesla V100-SXM2-16GB,7.0,ntt,uint32,forward,,,0,,,,0.000000,,hybrid2d,radix4,,fused,,,,,,,,,,,,,,,,0,named-barrier,,,,,,,,,,,,15,32768,321,1,32768,1000,100,6.895776,0.375675,6.376160,,,,,-1,natural,32,1073643521,30,7,4,256,0,854462.188187,23520.600323,27999016982.516441,shoup
ntt-uint64-ntt-log15-ntt-hybrid-r4-t256-b319,ntt-uint64-ntt-log15-b319,full,ntt,cuButterfly-ntt-hybrid-r4-t256,0,2,319,1,,native,64,64,64,0,per-stage-root,modular-multiply-reduce,ntt-hybrid-r4-t256,1,66,8192,3,24,0.375,319,1.3291666666666666,1.0,register,167247872,26.583333333333332,0,Tesla V100-SXM2-16GB,7.0,ntt,uint64,forward,,,0,,,,0.000000,,hybrid2d,radix4,,fused,,,,,,,,,,,,,,,,0,named-barrier,,,,,,,,,,,,15,32768,319,1,32768,1000,100,13.498112,0.625951,12.575296,,,,,-1,natural,64,1152921504606748673,60,7,4,256,0,509624.755814,11947.852434,16699383998.500055,shoup
fwht-fp16-native-log20-online-r4-t256-b1,fwht-fp16-native-log20-b1,full,butterfly,cuButterfly-online-r4-t256,0,4,1,1,0.001000,native,16,16,16,0,implicit-sign,floating-add,online-r4-t256,512,46,2048,5,40,0.625,512,1.28,1.0,register,4194304,0.6666666666666666,0,Tesla V100-SXM2-16GB,7.0,fwht,fp16,forward,none,out-of-place,0,,,,0.000000,,online-reorder,radix4,four-mul,table,direct-strided,,2,10x10,0x0,8x8,table,direct-strided,global-scratch,2,0x0,8x8,shared,linear,scalar,0,named-barrier,256,0,0,8,8,0,0,10,1,0,0,20,1048576,1,1,1048576,1000,100,0.444480,0.089088,0.411872,11224.856277,117.701149,11770114895.342709,0.000000,-1,,,,,,,,,,,,
ntt-uint64-ntt-log15-ntt-hybrid-r4-t256-b241,ntt-uint64-ntt-log15-b241,full,ntt,cuButterfly-ntt-hybrid-r4-t256,0,3,241,1,,native,64,64,64,0,per-stage-root,modular-multiply-reduce,ntt-hybrid-r4-t256,1,66,8192,3,24,0.375,241,1.0041666666666667,1.0,register,126353408,20.083333333333332,0,Tesla V100-SXM2-16GB,7.0,ntt,uint64,forward,,,0,,,,0.000000,,hybrid2d,radix4,,fused,,,,,,,,,,,,,,,,0,named-barrier,,,,,,,,,,,,15,32768,241,1,32768,1000,100,10.229888,0.474675,9.518464,,,,,-1,natural,64,1152921504606748673,60,7,4,256,0,507715.582720,11917.108003,16636824214.563316,shoup
structured-2x2-fp32-log8-temporal-r4-t128-b960,structured-2x2-fp32-log8-b960,full,butterfly,cuButterfly-temporal-r4-t128,0,5,960,1,0.000000,native,32,32,32,0,broadcast,floating-fma,temporal-r4-t128,1,38,1024,12,48,0.75,960,1.0,1.0,register,1966080,0.3125,0,Tesla V100-SXM2-16GB,7.0,structured-2x2,fp32,forward,none,out-of-place,0,,,,0.000000,,temporal-tile,radix4,four-mul,table,direct-strided,0.92387949999999996:-0.38268340000000001:0.38268340000000001:0.92387949999999996,1,8,,,,,,0,,,shared,linear,scalar,0,named-barrier,128,0,0,8,8,0,0,0,0,0,0,8,256,960,1,256,1000,100,0.231008,0.004772,0.227520,201180264.791780,206.008591,51502147786.695770,0.000000,-1,,,,,,,,,,,,
fwht-bf16-native-log15-hier-r4-t256-b8,fwht-bf16-native-log15-b8,full,butterfly,cuButterfly-hier-r4-t256,0,4,8,1,0.006966,native,16,32,16,1,implicit-sign,floating-add,hier-r4-t256,64,44,2048,5,40,0.625,512,1.28,1.0,register,1048576,0.16666666666666666,0,Tesla V100-SXM2-16GB,7.0,fwht,bf16,forward,none,out-of-place,0,,,,0.000000,,hierarchical,radix4,four-mul,table,direct-strided,,1,15,,,,,,0,,,shared,linear,scalar,0,named-barrier,256,0,0,8,8,0,0,8,0,0,0,15,32768,8,1,32768,1000,100,0.128640,0.028785,0.137312,277926.003693,68.303095,9107079288.998913,0.000000,-1,,,,,,,,,,,,
fft-fp64-log20-online-r2-t256-b1,fft-fp64-log20-b1,full,butterfly,cuButterfly-online-r2-t256,0,2,1,1,0.000000,native,64,64,64,0,per-stage-twiddle,floating-complex,online-r2-t256,512,42,8192,5,40,0.625,512,1.28,1.0,register,33554432,5.333333333333333,0,Tesla V100-SXM2-16GB,7.0,fft,fp64,forward,none,out-of-place,0,,,,0.000000,,online-reorder,radix2,four-mul,table,direct-strided,,2,10x10,0x0,8x8,table,direct-strided,global-scratch,2,0x0,8x8,shared,linear,scalar,0,named-barrier,256,0,0,8,8,0,0,10,1,0,0,20,1048576,1,1,1048576,1000,100,2.754624,0.305295,2.599392,3275.516663,34.346282,3434628160.220038,0.000000,-1,,,,,,,,,,,,
fft-fp16-fp32-log8-temporal-r4-t128-b1280,fft-fp16-fp32-log8-b1280,full,butterfly,cuButterfly-temporal-r4-t128,0,2,1280,1,0.000747,fp32,16,32,32,0,per-stage-twiddle,floating-complex,temporal-r4-t128,1,42,1024,10,40,0.625,1280,1.6,1.0,register,2621440,0.4166666666666667,0,Tesla V100-SXM2-16GB,7.0,fft,fp16,forward,none,out-of-place,0,,,,0.000000,,temporal-tile,radix4,four-mul,table,direct-strided,,1,8,,,,,,0,,,shared,linear,scalar,0,named-barrier,128,0,0,8,8,0,0,0,0,0,0,8,256,1280,1,256,1000,100,0.312832,0.007885,0.295904,162337672.574564,166.233777,41558444179.088264,0.000000,-1,,,,,,,,,,,,
subset-zeta-uint32-zeta-log8-temporal-r2-t128-b959,subset-zeta-uint32-zeta-log8-b959,full,butterfly,cuButterfly-temporal-r2-t128,0,5,959,1,0.000000,native,32,32,32,0,implicit-unit,integer-add,temporal-r2-t128,1,30,1024,16,64,1.0,959,0.74921875,0.74921875,register+thread+warp,1964032,0.3121744791666667,0,Tesla V100-SXM2-16GB,7.0,subset-zeta,uint32,forward,none,out-of-place,0,,,,0.000000,,temporal-tile,radix2,four-mul,table,direct-strided,,1,8,,,,,,0,,,shared,linear,scalar,0,named-barrier,128,0,0,8,8,0,0,0,0,0,0,8,256,959,1,256,1000,100,0.252992,0.004649,0.269184,206282707.472932,211.233492,52808373113.070526,0.000000,-1,,,,,,,,,,,,
ntt-uint64-ntt-log15-ntt-hybrid-r4-t256-b319,ntt-uint64-ntt-log15-b319,full,ntt,cuButterfly-ntt-hybrid-r4-t256,0,4,319,1,,native,64,64,64,0,per-stage-root,modular-multiply-reduce,ntt-hybrid-r4-t256,1,66,8192,3,24,0.375,319,1.3291666666666666,1.0,register,167247872,26.583333333333332,0,Tesla V100-SXM2-16GB,7.0,ntt,uint64,forward,,,0,,,,0.000000,,hybrid2d,radix4,,fused,,,,,,,,,,,,,,,,0,named-barrier,,,,,,,,,,,,15,32768,319,1,32768,1000,100,13.516064,0.624476,12.592832,,,,,-1,natural,64,1152921504606748673,60,7,4,256,0,510828.119422,11932.651295,16738815817.229635,shoup
fft-bf16-fp32-log18-online-r2-t256-b1,fft-bf16-fp32-log18-b1,full,butterfly,cuButterfly-online-r2-t256,0,4,1,1,0.009642,fp32,16,32,32,0,per-stage-twiddle,floating-complex,online-r2-t256,256,38,2048,6,48,0.75,256,0.5333333333333333,0.5333333333333333,register,2097152,0.3333333333333333,0,Tesla V100-SXM2-16GB,7.0,fft,bf16,forward,none,out-of-place,0,,,,0.000000,,online-reorder,radix2,four-mul,table,direct-strided,,2,9x9,0x0,8x8,table,direct-strided,global-scratch,2,0x0,8x8,shared,linear,scalar,0,named-barrier,256,0,0,8,8,0,0,9,1,0,0,18,262144,1,1,262144,1000,100,0.343584,0.051374,0.271296,19465.069601,45.923861,5102651205.461334,0.000000,-1,,,,,,,,,,,,
fft-fp16-native-log20-hier-r4-t256-b1,fft-fp16-native-log20-b1,full,butterfly,cuButterfly-hier-r4-t256,0,4,1,1,0.001330,native,16,16,16,0,per-stage-twiddle,floating-complex,hier-r4-t256,512,48,4096,5,40,0.625,512,1.28,1.0,register,8388608,1.3333333333333333,0,Tesla V100-SXM2-16GB,7.0,fft,fp16,forward,none,out-of-place,0,,,,0.000000,,hierarchical,radix4,four-mul,table,direct-strided,,1,20,,,,,,0,,,shared,linear,scalar,0,named-barrier,256,0,0,8,8,0,0,10,0,0,0,20,1048576,1,1,1048576,1000,100,0.755552,0.126218,0.717856,7922.784891,83.076421,8307642090.151745,0.000000,-1,,,,,,,,,,,,
fwht-fp16-fp32-log8-temporal-r4-t128-b1279,fwht-fp16-fp32-log8-b1279,full,butterfly,cuButterfly-temporal-r4-t128,0,3,1279,1,0.000572,fp32,16,32,32,0,implicit-sign,floating-add,temporal-r4-t128,1,38,512,12,48,0.75,1279,1.3322916666666667,1.0,register,1309696,0.20817057291666666,0,Tesla V100-SXM2-16GB,7.0,fwht,fp16,forward,none,out-of-place,0,,,,0.000000,,temporal-tile,radix4,four-mul,table,direct-strided,,1,8,,,,,,0,,,shared,linear,scalar,0,named-barrier,128,0,0,8,8,0,0,0,0,0,0,8,256,1279,1,256,1000,100,0.181184,0.004803,0.174080,266316299.744246,272.707891,68176972734.526932,0.000000,-1,,,,,,,,,,,,
structured-2x2-bf16-native-log20-online-r4-t256-b1,structured-2x2-bf16-native-log20-b1,full,butterfly,cuButterfly-online-r4-t256,0,2,1,1,0.038303,native,16,32,16,1,broadcast,floating-fma,online-r4-t256,512,46,2048,5,40,0.625,512,1.28,1.0,register,4194304,0.6666666666666666,0,Tesla V100-SXM2-16GB,7.0,structured-2x2,bf16,forward,none,out-of-place,0,,,,0.000000,,online-reorder,radix4,four-mul,table,direct-strided,0.92387949999999996:-0.38268340000000001:0.38268340000000001:0.92387949999999996,2,10x10,0x0,8x8,table,direct-strided,global-scratch,2,0x0,8x8,shared,linear,scalar,0,named-barrier,256,0,0,8,8,0,0,10,1,0,0,20,1048576,1,1,1048576,1000,100,0.437440,0.152832,0.431616,6543.132266,68.609715,6860971459.298611,0.000000,-1,,,,,,,,,,,,
fft-bf16-fp32-log8-temporal-r4-t128-b801,fft-bf16-fp32-log8-b801,full,butterfly,cuButterfly-temporal-r4-t128,0,3,801,1,0.006154,fp32,16,32,32,0,per-stage-twiddle,floating-complex,temporal-r4-t128,1,42,1024,10,40,0.625,801,1.00125,1.0,register,1640448,0.2607421875,0,Tesla V100-SXM2-16GB,7.0,fft,bf16,forward,none,out-of-place,0,,,,0.000000,,temporal-tile,radix4,four-mul,table,direct-strided,,1,8,,,,,,0,,,shared,linear,scalar,0,named-barrier,128,0,0,8,8,0,0,0,0,0,0,8,256,801,1,256,1000,100,0.196640,0.012964,0.230784,61787249.144439,63.270143,15817535780.976433,0.000000,-1,,,,,,,,,,,,
fft-fp16-fp32-log15-online-r2-t256-b5,fft-fp16-fp32-log15-b5,full,butterfly,cuButterfly-online-r2-t256,0,4,5,1,0.001078,fp32,16,32,32,0,per-stage-twiddle,floating-complex,online-r2-t256,64,38,2048,6,48,0.75,320,0.6666666666666666,0.6666666666666666,register,1310720,0.20833333333333334,0,Tesla V100-SXM2-16GB,7.0,fft,fp16,forward,none,out-of-place,0,,,,0.000000,,online-reorder,radix2,four-mul,table,direct-strided,,2,8x7,0x0,8x8,table,direct-strided,global-scratch,2,0x0,8x8,shared,linear,scalar,0,named-barrier,256,0,0,8,8,0,0,8,1,0,0,15,32768,5,1,32768,1000,100,0.192896,0.026225,0.164864,190660.391899,46.856698,6247559721.740781,0.000000,-1,,,,,,,,,,,,
ntt-uint32-ntt-log15-ntt-hybrid-r4-t256-b320,ntt-uint32-ntt-log15-b320,full,ntt,cuButterfly-ntt-hybrid-r4-t256,0,1,320,1,,native,32,32,32,0,per-stage-root,modular-multiply-reduce,ntt-hybrid-r4-t256,1,62,4096,4,32,0.5,320,1.0,1.0,register,83886080,13.333333333333334,0,Tesla V100-SXM2-16GB,7.0,ntt,uint32,forward,,,0,,,,0.000000,,hybrid2d,radix4,,fused,,,,,,,,,,,,,,,,0,named-barrier,,,,,,,,,,,,15,32768,320,1,32768,1000,100,6.846752,0.373494,6.364320,,,,,-1,natural,32,1073643521,30,7,4,256,0,856774.686929,23556.144995,28074792941.281425,shoup
ntt-uint32-ntt-log15-ntt-hybrid-r2-t256-b320,ntt-uint32-ntt-log15-b320,full,ntt,cuButterfly-ntt-hybrid-r2-t256,0,2,320,1,,native,32,32,32,0,per-stage-root,modular-multiply-reduce,ntt-hybrid-r2-t256,1,50,2048,4,32,0.5,320,1.0,1.0,register,83886080,13.333333333333334,0,Tesla V100-SXM2-16GB,7.0,ntt,uint32,forward,,,0,,,,0.000000,,hybrid2d,radix2,,fused,,,,,,,,,,,,,,,,0,named-barrier,,,,,,,,,,,,15,32768,320,1,32768,1000,100,6.847744,0.427919,6.367232,,,,,-1,natural,32,1073643521,30,7,4,256,0,747804.449615,23455.431967,24504056204.980000,shoup
fwht-bf16-native-log8-temporal-r2-t128-b1279,fwht-bf16-native-log8-b1279,full,butterfly,cuButterfly-temporal-r2-t128,0,2,1279,1,0.005010,native,16,32,16,1,implicit-sign,floating-add,temporal-r2-t128,1,30,512,16,64,1.0,1279,0.99921875,0.99921875,register+thread+warp,1309696,0.20817057291666666,0,Tesla V100-SXM2-16GB,7.0,fwht,bf16,forward,none,out-of-place,0,,,,0.000000,,temporal-tile,radix2,four-mul,table,direct-strided,,1,8,,,,,,0,,,shared,linear,scalar,0,named-barrier,128,0,0,8,8,0,0,0,0,0,0,8,256,1279,1,256,1000,100,0.191136,0.008561,0.191232,149404720.788493,152.990434,38247608521.854149,0.000000,-1,,,,,,,,,,,,
ntt-uint32-ntt-log15-ntt-hybrid-r4-t256-b320,ntt-uint32-ntt-log15-b320,full,ntt,cuButterfly-ntt-hybrid-r4-t256,0,5,320,1,,native,32,32,32,0,per-stage-root,modular-multiply-reduce,ntt-hybrid-r4-t256,1,62,4096,4,32,0.5,320,1.0,1.0,register,83886080,13.333333333333334,0,Tesla V100-SXM2-16GB,7.0,ntt,uint32,forward,,,0,,,,0.000000,,hybrid2d,radix4,,fused,,,,,,,,,,,,,,,,0,named-barrier,,,,,,,,,,,,15,32768,320,1,32768,1000,100,6.847232,0.374088,6.392096,,,,,-1,natural,32,1073643521,30,7,4,256,0,855414.405328,23506.224259,28030219233.791420,shoup
structured-2x2-fp16-fp32-log15-online-r4-t256-b7,structured-2x2-fp16-fp32-log15-b7,full,butterfly,cuButterfly-online-r4-t256,0,4,7,1,0.001612,fp32,16,32,32,0,broadcast,floating-fma,online-r4-t256,64,46,2048,5,40,0.625,448,1.12,1.0,register,917504,0.14583333333333334,0,Tesla V100-SXM2-16GB,7.0,structured-2x2,fp16,forward,none,out-of-place,0,,,,0.000000,,online-reorder,radix4,four-mul,table,direct-strided,0.92387949999999996:-0.38268340000000001:0.38268340000000001:0.92387949999999996,2,8x7,0x0,8x8,table,direct-strided,global-scratch,2,0x0,8x8,shared,linear,scalar,0,named-barrier,256,0,0,8,8,0,0,8,1,0,0,15,32768,7,1,32768,1000,100,0.106784,0.026327,0.116256,265886.327808,65.344224,8712563189.605484,0.000000,-1,,,,,,,,,,,,
fwht-bf16-native-log8-temporal-r4-t128-b961,fwht-bf16-native-log8-b961,full,butterfly,cuButterfly-temporal-r4-t128,0,1,961,1,0.005010,native,16,32,16,1,implicit-sign,floating-add,temporal-r4-t128,1,38,512,12,48,0.75,961,1.0010416666666666,1.0,register,984064,0.15641276041666666,0,Tesla V100-SXM2-16GB,7.0,fwht,bf16,forward,none,out-of-place,0,,,,0.000000,,temporal-tile,radix4,four-mul,table,direct-strided,,1,8,,,,,,0,,,shared,linear,scalar,0,named-barrier,128,0,0,8,8,0,0,0,0,0,0,8,256,961,1,256,1000,100,0.136480,0.007014,0.132800,137003880.470619,140.291974,35072993400.478477,0.000000,-1,,,,,,,,,,,,
fft-fp16-fp32-log8-temporal-r2-t128-b1279,fft-fp16-fp32-log8-b1279,full,butterfly,cuButterfly-temporal-r2-t128,0,4,1279,1,0.000747,fp32,16,32,32,0,per-stage-twiddle,floating-complex,temporal-r2-t128,1,32,1024,16,64,1.0,1279,0.99921875,0.99921875,register+thread+warp,2619392,0.4163411458333333,0,Tesla V100-SXM2-16GB,7.0,fft,fp16,forward,none,out-of-place,0,,,,0.000000,,temporal-tile,radix2,four-mul,table,direct-strided,,1,8,,,,,,0,,,shared,linear,scalar,0,named-barrier,128,0,0,8,8,0,0,0,0,0,0,8,256,1279,1,256,1000,100,0.313280,0.008602,0.288128,148693261.109640,152.261899,38065474844.067795,0.000000,-1,,,,,,,,,,,,
fwht-fp16-fp32-log20-hier-r4-t256-b1,fwht-fp16-fp32-log20-b1,full,butterfly,cuButterfly-hier-r4-t256,0,5,1,1,0.001000,fp32,16,32,32,0,implicit-sign,floating-add,hier-r4-t256,512,44,2048,5,40,0.625,512,1.28,1.0,register,4194304,0.6666666666666666,0,Tesla V100-SXM2-16GB,7.0,fwht,fp16,forward,none,out-of-place,0,,,,0.000000,,hierarchical,radix4,four-mul,table,direct-strided,,1,20,,,,,,0,,,shared,linear,scalar,0,named-barrier,256,0,0,8,8,0,0,10,0,0,0,20,1048576,1,1,1048576,1000,100,0.424960,0.062833,0.454912,15915.295330,166.883967,16688396715.589022,0.000000,-1,,,,,,,,,,,,
ntt-uint64-ntt-log15-ntt-hybrid-r2-t256-b240,ntt-uint64-ntt-log15-b240,full,ntt,cuButterfly-ntt-hybrid-r2-t256,0,3,240,1,,native,64,64,64,0,per-stage-root,modular-multiply-reduce,ntt-hybrid-r2-t256,1,52,4096,4,32,0.5,240,0.75,0.75,register,125829120,20.0,0,Tesla V100-SXM2-16GB,7.0,ntt,uint64,forward,,,0,,,,0.000000,,hybrid2d,radix2,,fused,,,,,,,,,,,,,,,,0,named-barrier,,,,,,,,,,,,15,32768,240,1,32768,1000,100,10.171424,0.514130,9.515104,,,,,-1,natural,64,1152921504606748673,60,7,4,256,0,466808.117354,11880.801062,15296368389.453432,shoup
subset-zeta-uint32-zeta-log8-temporal-r4-t128-b1281,subset-zeta-uint32-zeta-log8-b1281,full,butterfly,cuButterfly-temporal-r4-t128,0,2,1281,1,0.000000,native,32,32,32,0,implicit-unit,integer-add,temporal-r4-t128,1,38,1024,12,48,0.75,1281,1.334375,1.0,register,2623488,0.4169921875,0,Tesla V100-SXM2-16GB,7.0,subset-zeta,uint32,forward,none,out-of-place,0,,,,0.000000,,temporal-tile,radix4,four-mul,table,direct-strided,,1,8,,,,,,0,,,shared,linear,scalar,0,named-barrier,128,0,0,8,8,0,0,0,0,0,0,8,256,1281,1,256,1000,100,0.340864,0.004813,0.352192,266165233.817839,272.553199,68138299857.366844,0.000000,-1,,,,,,,,,,,,
structured-2x2-bf16-fp32-log20-hier-r4-t256-b1,structured-2x2-bf16-fp32-log20-b1,full,butterfly,cuButterfly-hier-r4-t256,0,1,1,1,0.037610,fp32,16,32,32,0,broadcast,floating-fma,hier-r4-t256,512,44,2048,5,40,0.625,512,1.28,1.0,register,4194304,0.6666666666666666,0,Tesla V100-SXM2-16GB,7.0,structured-2x2,bf16,forward,none,out-of-place,0,,,,0.000000,,hierarchical,radix4,four-mul,table,direct-strided,0.92387949999999996:-0.38268340000000001:0.38268340000000001:0.92387949999999996,1,20,,,,,,0,,,shared,linear,scalar,0,named-barrier,256,0,0,8,8,0,0,10,0,0,0,20,1048576,1,1,1048576,1000,100,0.417184,0.091720,0.460512,10902.784701,114.323984,11432398370.170023,0.000000,-1,,,,,,,,,,,,
structured-2x2-fp32-log15-online-r4-t256-b9,structured-2x2-fp32-log15-b9,full,butterfly,cuButterfly-online-r4-t256,0,4,9,1,0.000000,native,32,32,32,0,broadcast,floating-fma,online-r4-t256,64,46,4096,5,40,0.625,576,1.44,1.0,register,2359296,0.375,0,Tesla V100-SXM2-16GB,7.0,structured-2x2,fp32,forward,none,out-of-place,0,,,,0.000000,,online-reorder,radix4,four-mul,table,direct-strided,0.92387949999999996:-0.38268340000000001:0.38268340000000001:0.92387949999999996,2,8x7,0x0,8x8,table,direct-strided,global-scratch,2,0x0,8x8,shared,linear,scalar,0,named-barrier,256,0,0,8,8,0,0,8,1,0,0,15,32768,9,1,32768,1000,100,0.300224,0.029379,0.247968,306345.858049,75.287558,10038341076.544014,0.000000,-1,,,,,,,,,,,,
fwht-fp16-fp32-log18-hier-r4-t256-b1,fwht-fp16-fp32-log18-b1,full,butterfly,cuButterfly-hier-r4-t256,0,4,1,1,0.000950,fp32,16,32,32,0,implicit-sign,floating-add,hier-r4-t256,256,44,2048,5,40,0.625,256,0.64,0.64,register,1048576,0.16666666666666666,0,Tesla V100-SXM2-16GB,7.0,fwht,fp16,forward,none,out-of-place,0,,,,0.000000,,hierarchical,radix4,four-mul,table,direct-strided,,1,18,,,,,,0,,,shared,linear,scalar,0,named-barrier,256,0,0,8,8,0,0,9,0,0,0,18,262144,1,1,262144,1000,100,0.130048,0.029327,0.129696,34097.853758,80.446930,8938547775.423395,0.000000,-1,,,,,,,,,,,,
fft-fp16-fp32-log8-temporal-r2-t128-b1281,fft-fp16-fp32-log8-b1281,full,butterfly,cuButterfly-temporal-r2-t128,0,5,1281,1,0.000747,fp32,16,32,32,0,per-stage-twiddle,floating-complex,temporal-r2-t128,1,32,1024,16,64,1.0,1281,1.00078125,1.0,register+thread+warp,2623488,0.4169921875,0,Tesla V100-SXM2-16GB,7.0,fft,fp16,forward,none,out-of-place,0,,,,0.000000,,temporal-tile,radix2,four-mul,table,direct-strided,,1,8,,,,,,0,,,shared,linear,scalar,0,named-barrier,128,0,0,8,8,0,0,0,0,0,0,8,256,1281,1,256,1000,100,0.317280,0.008591,0.296032,149103294.164426,152.681773,38170443306.093010,0.000000,-1,,,,,,,,,,,,
fwht-bf16-native-log8-temporal-r2-t128-b1279,fwht-bf16-native-log8-b1279,full,butterfly,cuButterfly-temporal-r2-t128,0,5,1279,1,0.005010,native,16,32,16,1,implicit-sign,floating-add,temporal-r2-t128,1,30,512,16,64,1.0,1279,0.99921875,0.99921875,register+thread+warp,1309696,0.20817057291666666,0,Tesla V100-SXM2-16GB,7.0,fwht,bf16,forward,none,out-of-place,0,,,,0.000000,,temporal-tile,radix2,four-mul,table,direct-strided,,1,8,,,,,,0,,,shared,linear,scalar,0,named-barrier,128,0,0,8,8,0,0,0,0,0,0,8,256,1279,1,256,1000,100,0.188736,0.008581,0.179392,149048150.029732,152.625306,38156326407.611450,0.000000,-1,,,,,,,,,,,,
fft-bf16-fp32-log20-online-r2-t256-b1,fft-bf16-fp32-log20-b1,full,butterfly,cuButterfly-online-r2-t256,0,1,1,1,0.010209,fp32,16,32,32,0,per-stage-twiddle,floating-complex,online-r2-t256,512,38,2048,6,48,0.75,512,1.0666666666666667,1.0,register,8388608,1.3333333333333333,0,Tesla V100-SXM2-16GB,7.0,fft,bf16,forward,none,out-of-place,0,,,,0.000000,,online-reorder,radix2,four-mul,table,direct-strided,,2,10x10,0x0,8x8,table,direct-strided,global-scratch,2,0x0,8x8,shared,linear,scalar,0,named-barrier,256,0,0,8,8,0,0,10,1,0,0,20,1048576,1,1,1048576,1000,100,0.747584,0.186849,0.726112,5351.906702,56.118809,5611880921.821443,0.000000,-1,,,,,,,,,,,,
fft-fp16-native-log20-online-r4-t256-b2,fft-fp16-native-log20-b2,full,butterfly,cuButterfly-online-r4-t256,0,4,2,1,0.001330,native,16,16,16,0,per-stage-twiddle,floating-complex,online-r4-t256,512,50,4096,4,32,0.5,1024,3.2,1.0,register,16777216,2.6666666666666665,0,Tesla V100-SXM2-16GB,7.0,fft,fp16,forward,none,out-of-place,0,,,,0.000000,,online-reorder,radix4,four-mul,table,direct-strided,,2,10x10,0x0,8x8,table,direct-strided,global-scratch,2,0x0,8x8,shared,linear,scalar,0,named-barrier,256,0,0,8,8,0,0,10,1,0,0,20,1048576,2,1,1048576,1000,100,1.418208,0.238356,1.340352,8390.793802,87.983850,8798385001.500891,0.000000,-1,,,,,,,,,,,,
subset-zeta-uint32-zeta-log8-temporal-r4-t128-b1920,subset-zeta-uint32-zeta-log8-b1920,full,butterfly,cuButterfly-temporal-r4-t128,0,3,1920,1,0.000000,native,32,32,32,0,implicit-unit,integer-add,temporal-r4-t128,1,38,1024,12,48,0.75,1920,2.0,1.0,register,3932160,0.625,0,Tesla V100-SXM2-16GB,7.0,subset-zeta,uint32,forward,none,out-of-place,0,,,,0.000000,,temporal-tile,radix4,four-mul,table,direct-strided,,1,8,,,,,,0,,,shared,linear,scalar,0,named-barrier,128,0,0,8,8,0,0,0,0,0,0,8,256,1920,1,256,1000,100,0.423200,0.005775,0.381120,332446812.834615,340.425536,85106384085.661499,0.000000,-1,,,,,,,,,,,,
fft-bf16-fp32-log8-temporal-r4-t128-b801,fft-bf16-fp32-log8-b801,full,butterfly,cuButterfly-temporal-r4-t128,0,1,801,1,0.006154,fp32,16,32,32,0,per-stage-twiddle,floating-complex,temporal-r4-t128,1,42,1024,10,40,0.625,801,1.00125,1.0,register,1640448,0.2607421875,0,Tesla V100-SXM2-16GB,7.0,fft,bf16,forward,none,out-of-place,0,,,,0.000000,,temporal-tile,radix4,four-mul,table,direct-strided,,1,8,,,,,,0,,,shared,linear,scalar,0,named-barrier,128,0,0,8,8,0,0,0,0,0,0,8,256,801,1,256,1000,100,0.196640,0.012995,0.214368,61641177.118605,63.120565,15780141342.362822,0.000000,-1,,,,,,,,,,,,
fft-fp16-fp32-log8-temporal-r2-t128-b1280,fft-fp16-fp32-log8-b1280,full,butterfly,cuButterfly-temporal-r2-t128,0,1,1280,1,0.000747,fp32,16,32,32,0,per-stage-twiddle,floating-complex,temporal-r2-t128,1,32,1024,16,64,1.0,1280,1.0,1.0,register+thread+warp,2621440,0.4166666666666667,0,Tesla V100-SXM2-16GB,7.0,fft,fp16,forward,none,out-of-place,0,,,,0.000000,,temporal-tile,radix2,four-mul,table,direct-strided,,1,8,,,,,,0,,,shared,linear,scalar,0,named-barrier,128,0,0,8,8,0,0,0,0,0,0,8,256,1280,1,256,1000,100,0.320032,0.008387,0.258528,152625156.548584,156.288160,39072040076.437538,0.000000,-1,,,,,,,,,,,,
structured-2x2-bf16-native-log18-online-r2-t256-b1,structured-2x2-bf16-native-log18-b1,full,butterfly,cuButterfly-online-r2-t256,0,1,1,1,0.034586,native,16,32,16,1,broadcast,floating-fma,online-r2-t256,256,36,1024,6,48,0.75,256,0.5333333333333333,0.5333333333333333,register,1048576,0.16666666666666666,0,Tesla V100-SXM2-16GB,7.0,structured-2x2,bf16,forward,none,out-of-place,0,,,,0.000000,,online-reorder,radix2,four-mul,table,direct-strided,0.92387949999999996:-0.38268340000000001:0.38268340000000001:0.92387949999999996,2,9x9,0x0,8x8,table,direct-strided,global-scratch,2,0x0,8x8,shared,linear,scalar,0,named-barrier,256,0,0,8,8,0,0,9,1,0,0,18,262144,1,1,262144,1000,100,0.123040,0.047555,0.131360,21028.477603,49.612403,5512489232.762804,0.000000,-1,,,,,,,,,,,,
fwht-bf16-native-log8-temporal-r4-t128-b961,fwht-bf16-native-log8-b961,full,butterfly,cuButterfly-temporal-r4-t128,0,2,961,1,0.005010,native,16,32,16,1,implicit-sign,floating-add,temporal-r4-t128,1,38,512,12,48,0.75,961,1.0010416666666666,1.0,register,984064,0.15641276041666666,0,Tesla V100-SXM2-16GB,7.0,fwht,bf16,forward,none,out-of-place,0,,,,0.000000,,temporal-tile,radix4,four-mul,table,direct-strided,,1,8,,,,,,0,,,shared,linear,scalar,0,named-barrier,128,0,0,8,8,0,0,0,0,0,0,8,256,961,1,256,1000,100,0.134048,0.006851,0.126496,140280508.143003,143.647240,35911810084.608704,0.000000,-1,,,,,,,,,,,,
fwht-fp16-fp32-log20-online-r4-t256-b1,fwht-fp16-fp32-log20-b1,full,butterfly,cuButterfly-online-r4-t256,0,2,1,1,0.001000,fp32,16,32,32,0,implicit-sign,floating-add,online-r4-t256,512,46,2048,5,40,0.625,512,1.28,1.0,register,4194304,0.6666666666666666,0,Tesla V100-SXM2-16GB,7.0,fwht,fp16,forward,none,out-of-place,0,,,,0.000000,,online-reorder,radix4,four-mul,table,direct-strided,,2,10x10,0x0,8x8,table,direct-strided,global-scratch,2,0x0,8x8,shared,linear,scalar,0,named-barrier,256,0,0,8,8,0,0,10,1,0,0,20,1048576,1,1,1048576,1000,100,0.441216,0.087951,0.417408,11369.920553,119.222258,11922225814.013348,0.000000,-1,,,,,,,,,,,,
structured-2x2-bf16-fp32-log20-online-r2-t256-b1,structured-2x2-bf16-fp32-log20-b1,full,butterfly,cuButterfly-online-r2-t256,0,3,1,1,0.037610,fp32,16,32,32,0,broadcast,floating-fma,online-r2-t256,512,36,1024,6,48,0.75,512,1.0666666666666667,1.0,register,4194304,0.6666666666666666,0,Tesla V100-SXM2-16GB,7.0,structured-2x2,bf16,forward,none,out-of-place,0,,,,0.000000,,online-reorder,radix2,four-mul,table,direct-strided,0.92387949999999996:-0.38268340000000001:0.38268340000000001:0.92387949999999996,2,10x10,0x0,8x8,table,direct-strided,global-scratch,2,0x0,8x8,shared,linear,scalar,0,named-barrier,256,0,0,8,8,0,0,10,1,0,0,20,1048576,1,1,1048576,1000,100,0.437344,0.118579,0.430240,8433.182641,88.428329,8842832920.965879,0.000000,-1,,,,,,,,,,,,
ntt-uint32-ntt-log15-ntt-hybrid-r2-t256-b320,ntt-uint32-ntt-log15-b320,full,ntt,cuButterfly-ntt-hybrid-r2-t256,0,1,320,1,,native,32,32,32,0,per-stage-root,modular-multiply-reduce,ntt-hybrid-r2-t256,1,50,2048,4,32,0.5,320,1.0,1.0,register,83886080,13.333333333333334,0,Tesla V100-SXM2-16GB,7.0,ntt,uint32,forward,,,0,,,,0.000000,,hybrid2d,radix2,,fused,,,,,,,,,,,,,,,,0,named-barrier,,,,,,,,,,,,15,32768,320,1,32768,1000,100,6.849504,0.424530,6.358208,,,,,-1,natural,32,1073643521,30,7,4,256,0,753774.922323,23473.761546,24699696654.675438,shoup
structured-2x2-fp32-log15-online-r4-t256-b8,structured-2x2-fp32-log15-b8,full,butterfly,cuButterfly-online-r4-t256,0,3,8,1,0.000000,native,32,32,32,0,broadcast,floating-fma,online-r4-t256,64,46,4096,5,40,0.625,512,1.28,1.0,register,2097152,0.3333333333333333,0,Tesla V100-SXM2-16GB,7.0,structured-2x2,fp32,forward,none,out-of-place,0,,,,0.000000,,online-reorder,radix4,four-mul,table,direct-strided,0.92387949999999996:-0.38268340000000001:0.38268340000000001:0.92387949999999996,2,8x7,0x0,8x8,table,direct-strided,global-scratch,2,0x0,8x8,shared,linear,scalar,0,named-barrier,256,0,0,8,8,0,0,8,1,0,0,15,32768,8,1,32768,1000,100,0.268576,0.027228,0.249152,293813.465543,72.207597,9627679638.908916,0.000000,-1,,,,,,,,,,,,
fft-fp16-native-log20-hier-r4-t256-b2,fft-fp16-native-log20-b2,full,butterfly,cuButterfly-hier-r4-t256,0,5,2,1,0.001330,native,16,16,16,0,per-stage-twiddle,floating-complex,hier-r4-t256,512,48,4096,5,40,0.625,1024,2.56,1.0,register,16777216,2.6666666666666665,0,Tesla V100-SXM2-16GB,7.0,fft,fp16,forward,none,out-of-place,0,,,,0.000000,,hierarchical,radix4,four-mul,table,direct-strided,,1,20,,,,,,0,,,shared,linear,scalar,0,named-barrier,256,0,0,8,8,0,0,10,0,0,0,20,1048576,2,1,1048576,1000,100,1.431296,0.294461,1.366656,6792.061038,71.219922,7121992195.289179,0.000000,-1,,,,,,,,,,,,
fft-fp64-log8-temporal-r4-t128-b1440,fft-fp64-log8-b1440,full,butterfly,cuButterfly-temporal-r4-t128,0,5,1440,1,0.000000,native,64,64,64,0,per-stage-twiddle,floating-complex,temporal-r4-t128,1,50,4096,9,36,0.5625,1440,2.0,1.0,register,11796480,1.875,0,Tesla V100-SXM2-16GB,7.0,fft,fp64,forward,none,out-of-place,0,,,,0.000000,,temporal-tile,radix4,four-mul,table,direct-strided,,1,8,,,,,,0,,,shared,linear,scalar,0,named-barrier,128,0,0,8,8,0,0,0,0,0,0,8,256,1440,1,256,1000,100,1.028480,0.023245,0.948608,61949339.084225,63.436123,15859030805.561491,0.000000,-1,,,,,,,,,,,,
ntt-uint64-ntt-log15-ntt-hybrid-r4-t256-b241,ntt-uint64-ntt-log15-b241,full,ntt,cuButterfly-ntt-hybrid-r4-t256,0,1,241,1,,native,64,64,64,0,per-stage-root,modular-multiply-reduce,ntt-hybrid-r4-t256,1,66,8192,3,24,0.375,241,1.0041666666666667,1.0,register,126353408,20.083333333333332,0,Tesla V100-SXM2-16GB,7.0,ntt,uint64,forward,,,0,,,,0.000000,,hybrid2d,radix4,,fused,,,,,,,,,,,,,,,,0,named-barrier,,,,,,,,,,,,15,32768,241,1,32768,1000,100,10.226272,0.474409,9.509632,,,,,-1,natural,64,1152921504606748673,60,7,4,256,0,508000.529446,11924.605208,16646161348.889971,shoup
fft-fp64-log8-temporal-r2-t128-b960,fft-fp64-log8-b960,full,butterfly,cuButterfly-temporal-r2-t128,0,1,960,1,0.000000,native,64,64,64,0,per-stage-twiddle,floating-complex,temporal-r2-t128,1,36,4096,12,48,0.75,960,1.0,1.0,register,7864320,1.25,0,Tesla V100-SXM2-16GB,7.0,fft,fp64,forward,none,out-of-place,0,,,,0.000000,,temporal-tile,radix2,four-mul,table,direct-strided,,1,8,,,,,,0,,,shared,linear,scalar,0,named-barrier,128,0,0,8,8,0,0,0,0,0,0,8,256,960,1,256,1000,100,0.709152,0.017449,0.658592,55017606.036995,56.338029,14084507145.470797,0.000000,-1,,,,,,,,,,,,
structured-2x2-fp16-native-log20-online-r4-t256-b1,structured-2x2-fp16-native-log20-b1,full,butterfly,cuButterfly-online-r4-t256,0,1,1,1,0.002199,native,16,16,16,0,broadcast,floating-fma,online-r4-t256,512,46,2048,5,40,0.625,512,1.28,1.0,register,4194304,0.6666666666666666,0,Tesla V100-SXM2-16GB,7.0,structured-2x2,fp16,forward,none,out-of-place,0,,,,0.000000,,online-reorder,radix4,four-mul,table,direct-strided,0.92387949999999996:-0.38268340000000001:0.38268340000000001:0.92387949999999996,2,10x10,0x0,8x8,table,direct-strided,global-scratch,2,0x0,8x8,shared,linear,scalar,0,named-barrier,256,0,0,8,8,0,0,10,1,0,0,20,1048576,1,1,1048576,1000,100,0.432128,0.094874,0.430976,10540.340022,110.523476,11052347578.529730,0.000000,-1,,,,,,,,,,,,
fwht-bf16-native-log20-hier-r4-t256-b1,fwht-bf16-native-log20-b1,full,butterfly,cuButterfly-hier-r4-t256,0,2,1,1,0.008012,native,16,32,16,1,implicit-sign,floating-add,hier-r4-t256,512,44,2048,5,40,0.625,512,1.28,1.0,register,4194304,0.6666666666666666,0,Tesla V100-SXM2-16GB,7.0,fwht,bf16,forward,none,out-of-place,0,,,,0.000000,,hierarchical,radix4,four-mul,table,direct-strided,,1,20,,,,,,0,,,shared,linear,scalar,0,named-barrier,256,0,0,8,8,0,0,10,0,0,0,20,1048576,1,1,1048576,1000,100,0.430208,0.083999,0.424448,11904.943686,124.832382,12483238231.014278,0.000000,-1,,,,,,,,,,,,
structured-2x2-fp32-log15-hier-r4-t256-b13,structured-2x2-fp32-log15-b13,full,butterfly,cuButterfly-hier-r4-t256,0,1,13,1,0.000000,native,32,32,32,0,broadcast,floating-fma,hier-r4-t256,64,44,4096,5,40,0.625,832,2.08,1.0,register,3407872,0.5416666666666666,0,Tesla V100-SXM2-16GB,7.0,structured-2x2,fp32,forward,none,out-of-place,0,,,,0.000000,,hierarchical,radix4,four-mul,table,direct-strided,0.92387949999999996:-0.38268340000000001:0.38268340000000001:0.92387949999999996,1,15,,,,,,0,,,shared,linear,scalar,0,named-barrier,256,0,0,8,8,0,0,8,0,0,0,15,32768,13,1,32768,1000,100,0.370624,0.030136,0.347488,431373.163040,106.014269,14135235806.500078,0.000000,-1,,,,,,,,,,,,
fft-fp16-fp32-log8-temporal-r2-t128-b1281,fft-fp16-fp32-log8-b1281,full,butterfly,cuButterfly-temporal-r2-t128,0,2,1281,1,0.000747,fp32,16,32,32,0,per-stage-twiddle,floating-complex,temporal-r2-t128,1,32,1024,16,64,1.0,1281,1.00078125,1.0,register+thread+warp,2623488,0.4169921875,0,Tesla V100-SXM2-16GB,7.0,fft,fp16,forward,none,out-of-place,0,,,,0.000000,,temporal-tile,radix2,four-mul,table,direct-strided,,1,8,,,,,,0,,,shared,linear,scalar,0,named-barrier,128,0,0,8,8,0,0,0,0,0,0,8,256,1281,1,256,1000,100,0.299648,0.008520,0.281600,150357755.693333,153.966342,38491585457.493202,0.000000,-1,,,,,,,,,,,,
fwht-fp16-fp32-log20-hier-r4-t256-b1,fwht-fp16-fp32-log20-b1,full,butterfly,cuButterfly-hier-r4-t256,0,1,1,1,0.001000,fp32,16,32,32,0,implicit-sign,floating-add,hier-r4-t256,512,44,2048,5,40,0.625,512,1.28,1.0,register,4194304,0.6666666666666666,0,Tesla V100-SXM2-16GB,7.0,fwht,fp16,forward,none,out-of-place,0,,,,0.000000,,hierarchical,radix4,four-mul,table,direct-strided,,1,20,,,,,,0,,,shared,linear,scalar,0,named-barrier,256,0,0,8,8,0,0,10,0,0,0,20,1048576,1,1,1048576,1000,100,0.428640,0.061501,0.448224,16259.781974,170.496171,17049617143.654551,0.000000,-1,,,,,,,,,,,,
structured-2x2-fp16-fp32-log15-hier-r4-t256-b7,structured-2x2-fp16-fp32-log15-b7,full,butterfly,cuButterfly-hier-r4-t256,0,5,7,1,0.001612,fp32,16,32,32,0,broadcast,floating-fma,hier-r4-t256,64,44,2048,5,40,0.625,448,1.12,1.0,register,917504,0.14583333333333334,0,Tesla V100-SXM2-16GB,7.0,structured-2x2,fp16,forward,none,out-of-place,0,,,,0.000000,,hierarchical,radix4,four-mul,table,direct-strided,0.92387949999999996:-0.38268340000000001:0.38268340000000001:0.92387949999999996,1,15,,,,,,0,,,shared,linear,scalar,0,named-barrier,256,0,0,8,8,0,0,8,0,0,0,15,32768,7,1,32768,1000,100,0.112000,0.024218,0.144896,289045.983052,71.035941,9471458772.656090,0.000000,-1,,,,,,,,,,,,
fwht-fp16-fp32-log18-hier-r4-t256-b1,fwht-fp16-fp32-log18-b1,full,butterfly,cuButterfly-hier-r4-t256,0,1,1,1,0.000950,fp32,16,32,32,0,implicit-sign,floating-add,hier-r4-t256,256,44,2048,5,40,0.625,256,0.64,0.64,register,1048576,0.16666666666666666,0,Tesla V100-SXM2-16GB,7.0,fwht,fp16,forward,none,out-of-place,0,,,,0.000000,,hierarchical,radix4,four-mul,table,direct-strided,,1,18,,,,,,0,,,shared,linear,scalar,0,named-barrier,256,0,0,8,8,0,0,9,0,0,0,18,262144,1,1,262144,1000,100,0.128416,0.029440,0.164992,33967.390551,80.139129,8904347628.501507,0.000000,-1,,,,,,,,,,,,
fwht-fp16-fp32-log8-temporal-r4-t128-b961,fwht-fp16-fp32-log8-b961,full,butterfly,cuButterfly-temporal-r4-t128,0,3,961,1,0.000572,fp32,16,32,32,0,implicit-sign,floating-add,temporal-r4-t128,1,38,512,12,48,0.75,961,1.0010416666666666,1.0,register,984064,0.15641276041666666,0,Tesla V100-SXM2-16GB,7.0,fwht,fp16,forward,none,out-of-place,0,,,,0.000000,,temporal-tile,radix4,four-mul,table,direct-strided,,1,8,,,,,,0,,,shared,linear,scalar,0,named-barrier,128,0,0,8,8,0,0,0,0,0,0,8,256,961,1,256,1000,100,0.144512,0.004342,0.135104,221338802.498837,226.650934,56662733439.702164,0.000000,-1,,,,,,,,,,,,
fft-fp64-log8-temporal-r2-t128-b961,fft-fp64-log8-b961,full,butterfly,cuButterfly-temporal-r2-t128,0,5,961,1,0.000000,native,64,64,64,0,per-stage-twiddle,floating-complex,temporal-r2-t128,1,36,4096,12,48,0.75,961,1.0010416666666666,1.0,register,7872512,1.2513020833333333,0,Tesla V100-SXM2-16GB,7.0,fft,fp64,forward,none,out-of-place,0,,,,0.000000,,temporal-tile,radix2,four-mul,table,direct-strided,,1,8,,,,,,0,,,shared,linear,scalar,0,named-barrier,128,0,0,8,8,0,0,0,0,0,0,8,256,961,1,256,1000,100,0.716416,0.017541,0.675776,54785555.846957,56.100409,14025102296.821060,0.000000,-1,,,,,,,,,,,,
fwht-fp16-fp32-log8-temporal-r2-t128-b1280,fwht-fp16-fp32-log8-b1280,full,butterfly,cuButterfly-temporal-r2-t128,0,2,1280,1,0.000572,fp32,16,32,32,0,implicit-sign,floating-add,temporal-r2-t128,1,30,512,16,64,1.0,1280,1.0,1.0,register+thread+warp,1310720,0.20833333333333334,0,Tesla V100-SXM2-16GB,7.0,fwht,fp16,forward,none,out-of-place,0,,,,0.000000,,temporal-tile,radix2,four-mul,table,direct-strided,,1,8,,,,,,0,,,shared,linear,scalar,0,named-barrier,128,0,0,8,8,0,0,0,0,0,0,8,256,1280,1,256,1000,100,0.190272,0.005489,0.201536,233208948.294125,238.805963,59701490763.295952,0.000000,-1,,,,,,,,,,,,
structured-2x2-fp16-fp32-log20-online-r4-t256-b1,structured-2x2-fp16-fp32-log20-b1,full,butterfly,cuButterfly-online-r4-t256,0,3,1,1,0.002086,fp32,16,32,32,0,broadcast,floating-fma,online-r4-t256,512,46,2048,5,40,0.625,512,1.28,1.0,register,4194304,0.6666666666666666,0,Tesla V100-SXM2-16GB,7.0,structured-2x2,fp16,forward,none,out-of-place,0,,,,0.000000,,online-reorder,radix4,four-mul,table,direct-strided,0.92387949999999996:-0.38268340000000001:0.38268340000000001:0.92387949999999996,2,10x10,0x0,8x8,table,direct-strided,global-scratch,2,0x0,8x8,shared,linear,scalar,0,named-barrier,256,0,0,8,8,0,0,10,1,0,0,20,1048576,1,1,1048576,1000,100,0.416768,0.096451,0.450368,10368.006180,108.716424,10871642448.003862,0.000000,-1,,,,,,,,,,,,
fwht-fp32-log15-online-r4-t256-b6,fwht-fp32-log15-b6,full,butterfly,cuButterfly-online-r4-t256,0,1,6,1,0.000000,native,32,32,32,0,implicit-sign,floating-add,online-r4-t256,64,46,4096,5,40,0.625,384,0.96,0.96,register,1572864,0.25,0,Tesla V100-SXM2-16GB,7.0,fwht,fp32,forward,none,out-of-place,0,,,,0.000000,,online-reorder,radix4,four-mul,table,direct-strided,,2,8x7,0x0,8x8,table,direct-strided,global-scratch,2,0x0,8x8,shared,linear,scalar,0,named-barrier,256,0,0,8,8,0,0,8,1,0,0,15,32768,6,1,32768,1000,100,0.186336,0.020480,0.201856,292968.730756,71.999995,9599999369.401525,0.000000,-1,,,,,,,,,,,,
structured-2x2-fp16-native-log18-online-r4-t256-b1,structured-2x2-fp16-native-log18-b1,full,butterfly,cuButterfly-online-r4-t256,0,5,1,1,0.002014,native,16,16,16,0,broadcast,floating-fma,online-r4-t256,256,46,2048,5,40,0.625,256,0.64,0.64,register,1048576,0.16666666666666666,0,Tesla V100-SXM2-16GB,7.0,structured-2x2,fp16,forward,none,out-of-place,0,,,,0.000000,,online-reorder,radix4,four-mul,table,direct-strided,0.92387949999999996:-0.38268340000000001:0.38268340000000001:0.92387949999999996,2,9x9,0x0,8x8,table,direct-strided,global-scratch,2,0x0,8x8,shared,linear,scalar,0,named-barrier,256,0,0,8,8,0,0,9,1,0,0,18,262144,1,1,262144,1000,100,0.126304,0.028314,0.159072,35318.714361,83.327302,9258589057.376581,0.000000,-1,,,,,,,,,,,,
fft-fp64-log8-temporal-r4-t128-b961,fft-fp64-log8-b961,full,butterfly,cuButterfly-temporal-r4-t128,0,1,961,1,0.000000,native,64,64,64,0,per-stage-twiddle,floating-complex,temporal-r4-t128,1,50,4096,9,36,0.5625,961,1.3347222222222221,1.0,register,7872512,1.2513020833333333,0,Tesla V100-SXM2-16GB,7.0,fft,fp64,forward,none,out-of-place,0,,,,0.000000,,temporal-tile,radix4,four-mul,table,direct-strided,,1,8,,,,,,0,,,shared,linear,scalar,0,named-barrier,128,0,0,8,8,0,0,0,0,0,0,8,256,961,1,256,1000,100,0.715936,0.016988,0.673760,56568809.982052,57.926461,14481615355.405418,0.000000,-1,,,,,,,,,,,,
fft-fp16-fp32-log8-temporal-r4-t128-b1279,fft-fp16-fp32-log8-b1279,full,butterfly,cuButterfly-temporal-r4-t128,0,5,1279,1,0.000747,fp32,16,32,32,0,per-stage-twiddle,floating-complex,temporal-r4-t128,1,42,1024,10,40,0.625,1279,1.59875,1.0,register,2619392,0.4163411458333333,0,Tesla V100-SXM2-16GB,7.0,fft,fp16,forward,none,out-of-place,0,,,,0.000000,,temporal-tile,radix4,four-mul,table,direct-strided,,1,8,,,,,,0,,,shared,linear,scalar,0,named-barrier,128,0,0,8,8,0,0,0,0,0,0,8,256,1279,1,256,1000,100,0.303840,0.007895,0.307008,162000439.163949,165.888450,41472112425.970963,0.000000,-1,,,,,,,,,,,,
fwht-fp32-log15-online-r4-t256-b7,fwht-fp32-log15-b7,full,butterfly,cuButterfly-online-r4-t256,0,5,7,1,0.000000,native,32,32,32,0,implicit-sign,floating-add,online-r4-t256,64,46,4096,5,40,0.625,448,1.12,1.0,register,1835008,0.2916666666666667,0,Tesla V100-SXM2-16GB,7.0,fwht,fp32,forward,none,out-of-place,0,,,,0.000000,,online-reorder,radix4,four-mul,table,direct-strided,,2,8x7,0x0,8x8,table,direct-strided,global-scratch,2,0x0,8x8,shared,linear,scalar,0,named-barrier,256,0,0,8,8,0,0,8,1,0,0,15,32768,7,1,32768,1000,100,0.218624,0.022876,0.239296,305995.408884,75.201432,10026857558.304920,0.000000,-1,,,,,,,,,,,,
fwht-bf16-native-log15-online-r2-t256-b8,fwht-bf16-native-log15-b8,full,butterfly,cuButterfly-online-r2-t256,0,4,8,1,0.006966,native,16,32,16,1,implicit-sign,floating-add,online-r2-t256,64,36,1024,6,48,0.75,512,1.0666666666666667,1.0,register,1048576,0.16666666666666666,0,Tesla V100-SXM2-16GB,7.0,fwht,bf16,forward,none,out-of-place,0,,,,0.000000,,online-reorder,radix2,four-mul,table,direct-strided,,2,8x7,0x0,8x8,table,direct-strided,global-scratch,2,0x0,8x8,shared,linear,scalar,0,named-barrier,256,0,0,8,8,0,0,8,1,0,0,15,32768,8,1,32768,1000,100,0.123616,0.028099,0.139840,284712.109187,69.970848,9329446393.825405,0.000000,-1,,,,,,,,,,,,
structured-2x2-fp16-fp32-log15-hier-r4-t256-b7,structured-2x2-fp16-fp32-log15-b7,full,butterfly,cuButterfly-hier-r4-t256,0,1,7,1,0.001612,fp32,16,32,32,0,broadcast,floating-fma,hier-r4-t256,64,44,2048,5,40,0.625,448,1.12,1.0,register,917504,0.14583333333333334,0,Tesla V100-SXM2-16GB,7.0,structured-2x2,fp16,forward,none,out-of-place,0,,,,0.000000,,hierarchical,radix4,four-mul,table,direct-strided,0.92387949999999996:-0.38268340000000001:0.38268340000000001:0.92387949999999996,1,15,,,,,,0,,,shared,linear,scalar,0,named-barrier,256,0,0,8,8,0,0,8,0,0,0,15,32768,7,1,32768,1000,100,0.111776,0.024238,0.128000,288801.733627,70.975914,9463455207.478283,0.000000,-1,,,,,,,,,,,,
fft-fp16-fp32-log8-temporal-r2-t128-b1280,fft-fp16-fp32-log8-b1280,full,butterfly,cuButterfly-temporal-r2-t128,0,3,1280,1,0.000747,fp32,16,32,32,0,per-stage-twiddle,floating-complex,temporal-r2-t128,1,32,1024,16,64,1.0,1280,1.0,1.0,register+thread+warp,2621440,0.4166666666666667,0,Tesla V100-SXM2-16GB,7.0,fft,fp16,forward,none,out-of-place,0,,,,0.000000,,temporal-tile,radix2,four-mul,table,direct-strided,,1,8,,,,,,0,,,shared,linear,scalar,0,named-barrier,128,0,0,8,8,0,0,0,0,0,0,8,256,1280,1,256,1000,100,0.303488,0.008407,0.278432,152253340.533961,155.907421,38976855176.693985,0.000000,-1,,,,,,,,,,,,
structured-2x2-fp16-fp32-log18-online-r4-t256-b1,structured-2x2-fp16-fp32-log18-b1,full,butterfly,cuButterfly-online-r4-t256,0,3,1,1,0.001906,fp32,16,32,32,0,broadcast,floating-fma,online-r4-t256,256,46,2048,5,40,0.625,256,0.64,0.64,register,1048576,0.16666666666666666,0,Tesla V100-SXM2-16GB,7.0,structured-2x2,fp16,forward,none,out-of-place,0,,,,0.000000,,online-reorder,radix4,four-mul,table,direct-strided,0.92387949999999996:-0.38268340000000001:0.38268340000000001:0.92387949999999996,2,9x9,0x0,8x8,table,direct-strided,global-scratch,2,0x0,8x8,shared,linear,scalar,0,named-barrier,256,0,0,8,8,0,0,9,1,0,0,18,262144,1,1,262144,1000,100,0.128928,0.029420,0.166112,33991.038390,80.194921,8910546767.803747,0.000000,-1,,,,,,,,,,,,
fwht-fp16-fp32-log8-temporal-r4-t128-b1279,fwht-fp16-fp32-log8-b1279,full,butterfly,cuButterfly-temporal-r4-t128,0,1,1279,1,0.000572,fp32,16,32,32,0,implicit-sign,floating-add,temporal-r4-t128,1,38,512,12,48,0.75,1279,1.3322916666666667,1.0,register,1309696,0.20817057291666666,0,Tesla V100-SXM2-16GB,7.0,fwht,fp16,forward,none,out-of-place,0,,,,0.000000,,temporal-tile,radix4,four-mul,table,direct-strided,,1,8,,,,,,0,,,shared,linear,scalar,0,named-barrier,128,0,0,8,8,0,0,0,0,0,0,8,256,1279,1,256,1000,100,0.191520,0.004803,0.193632,266316299.744246,272.707891,68176972734.526932,0.000000,-1,,,,,,,,,,,,
structured-2x2-fp16-fp32-log15-online-r4-t256-b6,structured-2x2-fp16-fp32-log15-b6,full,butterfly,cuButterfly-online-r4-t256,0,5,6,1,0.001612,fp32,16,32,32,0,broadcast,floating-fma,online-r4-t256,64,46,2048,5,40,0.625,384,0.96,0.96,register,786432,0.125,0,Tesla V100-SXM2-16GB,7.0,structured-2x2,fp16,forward,none,out-of-place,0,,,,0.000000,,online-reorder,radix4,four-mul,table,direct-strided,0.92387949999999996:-0.38268340000000001:0.38268340000000001:0.92387949999999996,2,8x7,0x0,8x8,table,direct-strided,global-scratch,2,0x0,8x8,shared,linear,scalar,0,named-barrier,256,0,0,8,8,0,0,8,1,0,0,15,32768,6,1,32768,1000,100,0.093600,0.023173,0.106880,258920.681934,63.632347,8484312905.604980,0.000000,-1,,,,,,,,,,,,
structured-2x2-fp16-fp32-log15-online-r4-t256-b8,structured-2x2-fp16-fp32-log15-b8,full,butterfly,cuButterfly-online-r4-t256,0,5,8,1,0.001612,fp32,16,32,32,0,broadcast,floating-fma,online-r4-t256,64,46,2048,5,40,0.625,512,1.28,1.0,register,1048576,0.16666666666666666,0,Tesla V100-SXM2-16GB,7.0,structured-2x2,fp16,forward,none,out-of-place,0,,,,0.000000,,online-reorder,radix4,four-mul,table,direct-strided,0.92387949999999996:-0.38268340000000001:0.38268340000000001:0.92387949999999996,2,8x7,0x0,8x8,table,direct-strided,global-scratch,2,0x0,8x8,shared,linear,scalar,0,named-barrier,256,0,0,8,8,0,0,8,1,0,0,15,32768,8,1,32768,1000,100,0.122272,0.028447,0.136608,281227.511188,69.114473,9215263086.596470,0.000000,-1,,,,,,,,,,,,
ntt-uint64-ntt-log15-ntt-hybrid-r4-t256-b240,ntt-uint64-ntt-log15-b240,full,ntt,cuButterfly-ntt-hybrid-r4-t256,0,4,240,1,,native,64,64,64,0,per-stage-root,modular-multiply-reduce,ntt-hybrid-r4-t256,1,66,8192,3,24,0.375,240,1.0,1.0,register,125829120,20.0,0,Tesla V100-SXM2-16GB,7.0,ntt,uint64,forward,,,0,,,,0.000000,,hybrid2d,radix4,,fused,,,,,,,,,,,,,,,,0,named-barrier,,,,,,,,,,,,15,32768,240,1,32768,1000,100,10.233088,0.470610,9.503392,,,,,-1,natural,64,1152921504606748673,60,7,4,256,0,509976.486046,11877.019583,16710909494.754908,shoup
structured-2x2-fp32-log15-online-r4-t256-b8,structured-2x2-fp32-log15-b8,full,butterfly,cuButterfly-online-r4-t256,0,5,8,1,0.000000,native,32,32,32,0,broadcast,floating-fma,online-r4-t256,64,46,4096,5,40,0.625,512,1.28,1.0,register,2097152,0.3333333333333333,0,Tesla V100-SXM2-16GB,7.0,structured-2x2,fp32,forward,none,out-of-place,0,,,,0.000000,,online-reorder,radix4,four-mul,table,direct-strided,0.92387949999999996:-0.38268340000000001:0.38268340000000001:0.92387949999999996,2,8x7,0x0,8x8,table,direct-strided,global-scratch,2,0x0,8x8,shared,linear,scalar,0,named-barrier,256,0,0,8,8,0,0,8,1,0,0,15,32768,8,1,32768,1000,100,0.270944,0.026921,0.242240,297166.230035,73.031573,9737543025.799898,0.000000,-1,,,,,,,,,,,,
ntt-uint32-ntt-log15-ntt-hybrid-r4-t256-b321,ntt-uint32-ntt-log15-b321,full,ntt,cuButterfly-ntt-hybrid-r4-t256,0,2,321,1,,native,32,32,32,0,per-stage-root,modular-multiply-reduce,ntt-hybrid-r4-t256,1,62,4096,4,32,0.5,321,1.003125,1.0,register,84148224,13.375,0,Tesla V100-SXM2-16GB,7.0,ntt,uint32,forward,,,0,,,,0.000000,,hybrid2d,radix4,,fused,,,,,,,,,,,,,,,,0,named-barrier,,,,,,,,,,,,15,32768,321,1,32768,1000,100,6.884352,0.374026,6.377504,,,,,-1,natural,32,1073643521,30,7,4,256,0,858228.627236,23540.830965,28122435657.278507,shoup
structured-2x2-fp16-fp32-log15-online-r4-t256-b8,structured-2x2-fp16-fp32-log15-b8,full,butterfly,cuButterfly-online-r4-t256,0,1,8,1,0.001612,fp32,16,32,32,0,broadcast,floating-fma,online-r4-t256,64,46,2048,5,40,0.625,512,1.28,1.0,register,1048576,0.16666666666666666,0,Tesla V100-SXM2-16GB,7.0,structured-2x2,fp16,forward,none,out-of-place,0,,,,0.000000,,online-reorder,radix4,four-mul,table,direct-strided,0.92387949999999996:-0.38268340000000001:0.38268340000000001:0.92387949999999996,2,8x7,0x0,8x8,table,direct-strided,global-scratch,2,0x0,8x8,shared,linear,scalar,0,named-barrier,256,0,0,8,8,0,0,8,1,0,0,15,32768,8,1,32768,1000,100,0.121280,0.028723,0.148736,278520.509576,68.449200,9126560057.800936,0.000000,-1,,,,,,,,,,,,
fft-fp16-fp32-log8-temporal-r4-t128-b1280,fft-fp16-fp32-log8-b1280,full,butterfly,cuButterfly-temporal-r4-t128,0,3,1280,1,0.000747,fp32,16,32,32,0,per-stage-twiddle,floating-complex,temporal-r4-t128,1,42,1024,10,40,0.625,1280,1.6,1.0,register,2621440,0.4166666666666667,0,Tesla V100-SXM2-16GB,7.0,fft,fp16,forward,none,out-of-place,0,,,,0.000000,,temporal-tile,radix4,four-mul,table,direct-strided,,1,8,,,,,,0,,,shared,linear,scalar,0,named-barrier,128,0,0,8,8,0,0,0,0,0,0,8,256,1280,1,256,1000,100,0.348384,0.007997,0.262240,160051212.902574,163.892442,40973110503.058861,0.000000,-1,,,,,,,,,,,,
fwht-fp16-fp32-log18-online-r4-t256-b1,fwht-fp16-fp32-log18-b1,full,butterfly,cuButterfly-online-r4-t256,0,4,1,1,0.000950,fp32,16,32,32,0,implicit-sign,floating-add,online-r4-t256,256,46,2048,5,40,0.625,256,0.64,0.64,register,1048576,0.16666666666666666,0,Tesla V100-SXM2-16GB,7.0,fwht,fp16,forward,none,out-of-place,0,,,,0.000000,,online-reorder,radix4,four-mul,table,direct-strided,,2,9x9,0x0,8x8,table,direct-strided,global-scratch,2,0x0,8x8,shared,linear,scalar,0,named-barrier,256,0,0,8,8,0,0,9,1,0,0,18,262144,1,1,262144,1000,100,0.122944,0.027044,0.160160,36976.994917,87.239676,9693297355.455990,0.000000,-1,,,,,,,,,,,,
structured-2x2-bf16-native-log18-online-r4-t256-b1,structured-2x2-bf16-native-log18-b1,full,butterfly,cuButterfly-online-r4-t256,0,1,1,1,0.034586,native,16,32,16,1,broadcast,floating-fma,online-r4-t256,256,46,2048,5,40,0.625,256,0.64,0.64,register,1048576,0.16666666666666666,0,Tesla V100-SXM2-16GB,7.0,structured-2x2,bf16,forward,none,out-of-place,0,,,,0.000000,,online-reorder,radix4,four-mul,table,direct-strided,0.92387949999999996:-0.38268340000000001:0.38268340000000001:0.92387949999999996,2,9x9,0x0,8x8,table,direct-strided,global-scratch,2,0x0,8x8,shared,linear,scalar,0,named-barrier,256,0,0,8,8,0,0,9,1,0,0,18,262144,1,1,262144,1000,100,0.125504,0.043039,0.141376,23234.890595,54.817984,6090887160.226083,0.000000,-1,,,,,,,,,,,,
subset-zeta-uint32-zeta-log8-temporal-r4-t128-b959,subset-zeta-uint32-zeta-log8-b959,full,butterfly,cuButterfly-temporal-r4-t128,0,1,959,1,0.000000,native,32,32,32,0,implicit-unit,integer-add,temporal-r4-t128,1,38,1024,12,48,0.75,959,0.9989583333333333,0.9989583333333333,register,1964032,0.3121744791666667,0,Tesla V100-SXM2-16GB,7.0,subset-zeta,uint32,forward,none,out-of-place,0,,,,0.000000,,temporal-tile,radix4,four-mul,table,direct-strided,,1,8,,,,,,0,,,shared,linear,scalar,0,named-barrier,128,0,0,8,8,0,0,0,0,0,0,8,256,959,1,256,1000,100,0.275360,0.004239,0.248640,226213397.607809,231.642519,57910629787.599152,0.000000,-1,,,,,,,,,,,,
structured-2x2-bf16-native-log15-online-r2-t256-b6,structured-2x2-bf16-native-log15-b6,full,butterfly,cuButterfly-online-r2-t256,0,4,6,1,0.029309,native,16,32,16,1,broadcast,floating-fma,online-r2-t256,64,36,1024,6,48,0.75,384,0.8,0.8,register,786432,0.125,0,Tesla V100-SXM2-16GB,7.0,structured-2x2,bf16,forward,none,out-of-place,0,,,,0.000000,,online-reorder,radix2,four-mul,table,direct-strided,0.92387949999999996:-0.38268340000000001:0.38268340000000001:0.92387949999999996,2,8x7,0x0,8x8,table,direct-strided,global-scratch,2,0x0,8x8,shared,linear,scalar,0,named-barrier,256,0,0,8,8,0,0,8,1,0,0,15,32768,6,1,32768,1000,100,0.092992,0.033577,0.127328,178693.953023,43.915826,5855443452.647864,0.000000,-1,,,,,,,,,,,,
fwht-fp32-log15-online-r2-t256-b8,fwht-fp32-log15-b8,full,butterfly,cuButterfly-online-r2-t256,0,5,8,1,0.000000,native,32,32,32,0,implicit-sign,floating-add,online-r2-t256,64,36,2048,6,48,0.75,512,1.0666666666666667,1.0,register,2097152,0.3333333333333333,0,Tesla V100-SXM2-16GB,7.0,fwht,fp32,forward,none,out-of-place,0,,,,0.000000,,online-reorder,radix2,four-mul,table,direct-strided,,2,8x7,0x0,8x8,table,direct-strided,global-scratch,2,0x0,8x8,shared,linear,scalar,0,named-barrier,256,0,0,8,8,0,0,8,1,0,0,15,32768,8,1,32768,1000,100,0.247904,0.026204,0.303200,305295.043144,75.029310,10003907973.729500,0.000000,-1,,,,,,,,,,,,
subset-zeta-uint32-zeta-log8-temporal-r2-t128-b959,subset-zeta-uint32-zeta-log8-b959,full,butterfly,cuButterfly-temporal-r2-t128,0,3,959,1,0.000000,native,32,32,32,0,implicit-unit,integer-add,temporal-r2-t128,1,30,1024,16,64,1.0,959,0.74921875,0.74921875,register+thread+warp,1964032,0.3121744791666667,0,Tesla V100-SXM2-16GB,7.0,subset-zeta,uint32,forward,none,out-of-place,0,,,,0.000000,,temporal-tile,radix2,four-mul,table,direct-strided,,1,8,,,,,,0,,,shared,linear,scalar,0,named-barrier,128,0,0,8,8,0,0,0,0,0,0,8,256,959,1,256,1000,100,0.243744,0.004721,0.284640,203150424.452111,208.026035,52006508659.740372,0.000000,-1,,,,,,,,,,,,
fwht-bf16-native-log8-temporal-r2-t128-b1279,fwht-bf16-native-log8-b1279,full,butterfly,cuButterfly-temporal-r2-t128,0,4,1279,1,0.005010,native,16,32,16,1,implicit-sign,floating-add,temporal-r2-t128,1,30,512,16,64,1.0,1279,0.99921875,0.99921875,register+thread+warp,1309696,0.20817057291666666,0,Tesla V100-SXM2-16GB,7.0,fwht,bf16,forward,none,out-of-place,0,,,,0.000000,,temporal-tile,radix2,four-mul,table,direct-strided,,1,8,,,,,,0,,,shared,linear,scalar,0,named-barrier,128,0,0,8,8,0,0,0,0,0,0,8,256,1279,1,256,1000,100,0.166048,0.008550,0.192928,149583646.707379,153.173654,38293413557.088928,0.000000,-1,,,,,,,,,,,,
fwht-fp16-fp32-log8-temporal-r2-t128-b1280,fwht-fp16-fp32-log8-b1280,full,butterfly,cuButterfly-temporal-r2-t128,0,1,1280,1,0.000572,fp32,16,32,32,0,implicit-sign,floating-add,temporal-r2-t128,1,30,512,16,64,1.0,1280,1.0,1.0,register+thread+warp,1310720,0.20833333333333334,0,Tesla V100-SXM2-16GB,7.0,fwht,fp16,forward,none,out-of-place,0,,,,0.000000,,temporal-tile,radix2,four-mul,table,direct-strided,,1,8,,,,,,0,,,shared,linear,scalar,0,named-barrier,128,0,0,8,8,0,0,0,0,0,0,8,256,1280,1,256,1000,100,0.177472,0.005530,0.174976,231481492.787412,237.037049,59259262153.577446,0.000000,-1,,,,,,,,,,,,
fwht-bf16-native-log15-online-r2-t256-b6,fwht-bf16-native-log15-b6,full,butterfly,cuButterfly-online-r2-t256,0,1,6,1,0.006966,native,16,32,16,1,implicit-sign,floating-add,online-r2-t256,64,36,1024,6,48,0.75,384,0.8,0.8,register,786432,0.125,0,Tesla V100-SXM2-16GB,7.0,fwht,bf16,forward,none,out-of-place,0,,,,0.000000,,online-reorder,radix2,four-mul,table,direct-strided,,2,8x7,0x0,8x8,table,direct-strided,global-scratch,2,0x0,8x8,shared,linear,scalar,0,named-barrier,256,0,0,8,8,0,0,8,1,0,0,15,32768,6,1,32768,1000,100,0.097952,0.023040,0.121696,260416.683772,64.000004,8533333893.837790,0.000000,-1,,,,,,,,,,,,
structured-2x2-fp32-log15-hier-r4-t256-b7,structured-2x2-fp32-log15-b7,full,butterfly,cuButterfly-hier-r4-t256,0,3,7,1,0.000000,native,32,32,32,0,broadcast,floating-fma,hier-r4-t256,64,44,4096,5,40,0.625,448,1.12,1.0,register,1835008,0.2916666666666667,0,Tesla V100-SXM2-16GB,7.0,structured-2x2,fp32,forward,none,out-of-place,0,,,,0.000000,,hierarchical,radix4,four-mul,table,direct-strided,0.92387949999999996:-0.38268340000000001:0.38268340000000001:0.92387949999999996,1,15,,,,,,0,,,shared,linear,scalar,0,named-barrier,256,0,0,8,8,0,0,8,0,0,0,15,32768,7,1,32768,1000,100,0.213728,0.024084,0.242560,290643.595406,71.428570,9523809334.254686,0.000000,-1,,,,,,,,,,,,
subset-zeta-uint32-zeta-log8-temporal-r2-t128-b1280,subset-zeta-uint32-zeta-log8-b1280,full,butterfly,cuButterfly-temporal-r2-t128,0,4,1280,1,0.000000,native,32,32,32,0,implicit-unit,integer-add,temporal-r2-t128,1,30,1024,16,64,1.0,1280,1.0,1.0,register+thread+warp,2621440,0.4166666666666667,0,Tesla V100-SXM2-16GB,7.0,subset-zeta,uint32,forward,none,out-of-place,0,,,,0.000000,,temporal-tile,radix2,four-mul,table,direct-strided,,1,8,,,,,,0,,,shared,linear,scalar,0,named-barrier,128,0,0,8,8,0,0,0,0,0,0,8,256,1280,1,256,1000,100,0.322112,0.005274,0.324800,242718441.588808,248.543684,62135921046.734787,0.000000,-1,,,,,,,,,,,,
fwht-bf16-native-log20-hier-r4-t256-b1,fwht-bf16-native-log20-b1,full,butterfly,cuButterfly-hier-r4-t256,0,4,1,1,0.008012,native,16,32,16,1,implicit-sign,floating-add,hier-r4-t256,512,44,2048,5,40,0.625,512,1.28,1.0,register,4194304,0.6666666666666666,0,Tesla V100-SXM2-16GB,7.0,fwht,bf16,forward,none,out-of-place,0,,,,0.000000,,hierarchical,radix4,four-mul,table,direct-strided,,1,20,,,,,,0,,,shared,linear,scalar,0,named-barrier,256,0,0,8,8,0,0,10,0,0,0,20,1048576,1,1,1048576,1000,100,0.426944,0.084531,0.430528,11829.951137,124.046028,12404602843.372568,0.000000,-1,,,,,,,,,,,,
fft-bf16-fp32-log8-temporal-r2-t128-b801,fft-bf16-fp32-log8-b801,full,butterfly,cuButterfly-temporal-r2-t128,0,3,801,1,0.006154,fp32,16,32,32,0,per-stage-twiddle,floating-complex,temporal-r2-t128,1,32,1024,16,64,1.0,801,0.62578125,0.62578125,register+thread+warp,1640448,0.2607421875,0,Tesla V100-SXM2-16GB,7.0,fft,bf16,forward,none,out-of-place,0,,,,0.000000,,temporal-tile,radix2,four-mul,table,direct-strided,,1,8,,,,,,0,,,shared,linear,scalar,0,named-barrier,128,0,0,8,8,0,0,0,0,0,0,8,256,801,1,256,1000,100,0.196992,0.012708,0.236096,63031951.846179,64.544719,16136179672.621792,0.000000,-1,,,,,,,,,,,,
structured-2x2-fp16-native-log20-hier-r4-t256-b1,structured-2x2-fp16-native-log20-b1,full,butterfly,cuButterfly-hier-r4-t256,0,1,1,1,0.002199,native,16,16,16,0,broadcast,floating-fma,hier-r4-t256,512,44,2048,5,40,0.625,512,1.28,1.0,register,4194304,0.6666666666666666,0,Tesla V100-SXM2-16GB,7.0,structured-2x2,fp16,forward,none,out-of-place,0,,,,0.000000,,hierarchical,radix4,four-mul,table,direct-strided,0.92387949999999996:-0.38268340000000001:0.38268340000000001:0.92387949999999996,1,20,,,,,,0,,,shared,linear,scalar,0,named-barrier,256,0,0,8,8,0,0,10,0,0,0,20,1048576,1,1,1048576,1000,100,0.426592,0.063969,0.434496,15632.504373,163.918689,16391868905.025745,0.000000,-1,,,,,,,,,,,,
structured-2x2-bf16-native-log15-online-r2-t256-b8,structured-2x2-bf16-native-log15-b8,full,butterfly,cuButterfly-online-r2-t256,0,1,8,1,0.029309,native,16,32,16,1,broadcast,floating-fma,online-r2-t256,64,36,1024,6,48,0.75,512,1.0666666666666667,1.0,register,1048576,0.16666666666666666,0,Tesla V100-SXM2-16GB,7.0,structured-2x2,bf16,forward,none,out-of-place,0,,,,0.000000,,online-reorder,radix2,four-mul,table,direct-strided,0.92387949999999996:-0.38268340000000001:0.38268340000000001:0.92387949999999996,2,8x7,0x0,8x8,table,direct-strided,global-scratch,2,0x0,8x8,shared,linear,scalar,0,named-barrier,256,0,0,8,8,0,0,8,1,0,0,15,32768,8,1,32768,1000,100,0.125440,0.041216,0.159616,194099.374575,47.701862,6360248306.072505,0.000000,-1,,,,,,,,,,,,
structured-2x2-fp16-fp32-log15-hier-r4-t256-b8,structured-2x2-fp16-fp32-log15-b8,full,butterfly,cuButterfly-hier-r4-t256,0,4,8,1,0.001612,fp32,16,32,32,0,broadcast,floating-fma,hier-r4-t256,64,44,2048,5,40,0.625,512,1.28,1.0,register,1048576,0.16666666666666666,0,Tesla V100-SXM2-16GB,7.0,structured-2x2,fp16,forward,none,out-of-place,0,,,,0.000000,,hierarchical,radix4,four-mul,table,direct-strided,0.92387949999999996:-0.38268340000000001:0.38268340000000001:0.92387949999999996,1,15,,,,,,0,,,shared,linear,scalar,0,named-barrier,256,0,0,8,8,0,0,8,0,0,0,15,32768,8,1,32768,1000,100,0.120896,0.024986,0.141344,320184.422861,78.688524,10491803168.301397,0.000000,-1,,,,,,,,,,,,
subset-zeta-uint32-zeta-log8-temporal-r4-t128-b961,subset-zeta-uint32-zeta-log8-b961,full,butterfly,cuButterfly-temporal-r4-t128,0,5,961,1,0.000000,native,32,32,32,0,implicit-unit,integer-add,temporal-r4-t128,1,38,1024,12,48,0.75,961,1.0010416666666666,1.0,register,1968128,0.3128255208333333,0,Tesla V100-SXM2-16GB,7.0,subset-zeta,uint32,forward,none,out-of-place,0,,,,0.000000,,temporal-tile,radix4,four-mul,table,direct-strided,,1,8,,,,,,0,,,shared,linear,scalar,0,named-barrier,128,0,0,8,8,0,0,0,0,0,0,8,256,961,1,256,1000,100,0.249120,0.004311,0.250464,222916045.833348,228.266031,57066507733.337013,0.000000,-1,,,,,,,,,,,,
fft-fp64-log8-temporal-r4-t128-b961,fft-fp64-log8-b961,full,butterfly,cuButterfly-temporal-r4-t128,0,4,961,1,0.000000,native,64,64,64,0,per-stage-twiddle,floating-complex,temporal-r4-t128,1,50,4096,9,36,0.5625,961,1.3347222222222221,1.0,register,7872512,1.2513020833333333,0,Tesla V100-SXM2-16GB,7.0,fft,fp64,forward,none,out-of-place,0,,,,0.000000,,temporal-tile,radix4,four-mul,table,direct-strided,,1,8,,,,,,0,,,shared,linear,scalar,0,named-barrier,128,0,0,8,8,0,0,0,0,0,0,8,256,961,1,256,1000,100,0.705600,0.016978,0.675744,56602925.219134,57.961395,14490348856.098421,0.000000,-1,,,,,,,,,,,,
structured-2x2-fp16-native-log20-hier-r4-t256-b1,structured-2x2-fp16-native-log20-b1,full,butterfly,cuButterfly-hier-r4-t256,0,4,1,1,0.002199,native,16,16,16,0,broadcast,floating-fma,hier-r4-t256,512,44,2048,5,40,0.625,512,1.28,1.0,register,4194304,0.6666666666666666,0,Tesla V100-SXM2-16GB,7.0,structured-2x2,fp16,forward,none,out-of-place,0,,,,0.000000,,hierarchical,radix4,four-mul,table,direct-strided,0.92387949999999996:-0.38268340000000001:0.38268340000000001:0.92387949999999996,1,20,,,,,,0,,,shared,linear,scalar,0,named-barrier,256,0,0,8,8,0,0,10,0,0,0,20,1048576,1,1,1048576,1000,100,0.410048,0.063969,0.419200,15632.504373,163.918689,16391868905.025745,0.000000,-1,,,,,,,,,,,,
subset-zeta-uint32-zeta-log8-temporal-r4-t128-b1920,subset-zeta-uint32-zeta-log8-b1920,full,butterfly,cuButterfly-temporal-r4-t128,0,4,1920,1,0.000000,native,32,32,32,0,implicit-unit,integer-add,temporal-r4-t128,1,38,1024,12,48,0.75,1920,2.0,1.0,register,3932160,0.625,0,Tesla V100-SXM2-16GB,7.0,subset-zeta,uint32,forward,none,out-of-place,0,,,,0.000000,,temporal-tile,radix4,four-mul,table,direct-strided,,1,8,,,,,,0,,,shared,linear,scalar,0,named-barrier,128,0,0,8,8,0,0,0,0,0,0,8,256,1920,1,256,1000,100,0.417056,0.005765,0.396288,333037325.161342,341.030221,85257555241.303665,0.000000,-1,,,,,,,,,,,,
subset-zeta-uint32-zeta-log8-temporal-r2-t128-b959,subset-zeta-uint32-zeta-log8-b959,full,butterfly,cuButterfly-temporal-r2-t128,0,2,959,1,0.000000,native,32,32,32,0,implicit-unit,integer-add,temporal-r2-t128,1,30,1024,16,64,1.0,959,0.74921875,0.74921875,register+thread+warp,1964032,0.3121744791666667,0,Tesla V100-SXM2-16GB,7.0,subset-zeta,uint32,forward,none,out-of-place,0,,,,0.000000,,temporal-tile,radix2,four-mul,table,direct-strided,,1,8,,,,,,0,,,shared,linear,scalar,0,named-barrier,128,0,0,8,8,0,0,0,0,0,0,8,256,959,1,256,1000,100,0.253920,0.004639,0.250400,206738072.888273,211.699787,52924946659.397934,0.000000,-1,,,,,,,,,,,,
fft-fp16-fp32-log15-online-r4-t256-b4,fft-fp16-fp32-log15-b4,full,butterfly,cuButterfly-online-r4-t256,0,2,4,1,0.001078,fp32,16,32,32,0,per-stage-twiddle,floating-complex,online-r4-t256,64,50,4096,4,32,0.5,256,0.8,0.8,register,1048576,0.16666666666666666,0,Tesla V100-SXM2-16GB,7.0,fft,fp16,forward,none,out-of-place,0,,,,0.000000,,online-reorder,radix4,four-mul,table,direct-strided,,2,8x7,0x0,8x8,table,direct-strided,global-scratch,2,0x0,8x8,shared,linear,scalar,0,named-barrier,256,0,0,8,8,0,0,8,1,0,0,15,32768,4,1,32768,1000,100,0.148256,0.021258,0.140544,188162.326400,46.242773,6165703111.467509,0.000000,-1,,,,,,,,,,,,
fft-fp16-native-log20-online-r4-t256-b1,fft-fp16-native-log20-b1,full,butterfly,cuButterfly-online-r4-t256,0,5,1,1,0.001330,native,16,16,16,0,per-stage-twiddle,floating-complex,online-r4-t256,512,50,4096,4,32,0.5,512,1.6,1.0,register,8388608,1.3333333333333333,0,Tesla V100-SXM2-16GB,7.0,fft,fp16,forward,none,out-of-place,0,,,,0.000000,,online-reorder,radix4,four-mul,table,direct-strided,,2,10x10,0x0,8x8,table,direct-strided,global-scratch,2,0x0,8x8,shared,linear,scalar,0,named-barrier,256,0,0,8,8,0,0,10,1,0,0,20,1048576,1,1,1048576,1000,100,0.756704,0.126700,0.755328,7892.689594,82.760849,8276084884.210249,0.000000,-1,,,,,,,,,,,,
structured-2x2-bf16-fp32-log20-online-r2-t256-b1,structured-2x2-bf16-fp32-log20-b1,full,butterfly,cuButterfly-online-r2-t256,0,4,1,1,0.037610,fp32,16,32,32,0,broadcast,floating-fma,online-r2-t256,512,36,1024,6,48,0.75,512,1.0666666666666667,1.0,register,4194304,0.6666666666666666,0,Tesla V100-SXM2-16GB,7.0,structured-2x2,bf16,forward,none,out-of-place,0,,,,0.000000,,online-reorder,radix2,four-mul,table,direct-strided,0.92387949999999996:-0.38268340000000001:0.38268340000000001:0.92387949999999996,2,10x10,0x0,8x8,table,direct-strided,global-scratch,2,0x0,8x8,shared,linear,scalar,0,named-barrier,256,0,0,8,8,0,0,10,1,0,0,20,1048576,1,1,1048576,1000,100,0.433216,0.118211,0.430016,8459.481003,88.704088,8870408752.334513,0.000000,-1,,,,,,,,,,,,
structured-2x2-fp32-log8-temporal-r2-t128-b959,structured-2x2-fp32-log8-b959,full,butterfly,cuButterfly-temporal-r2-t128,0,4,959,1,0.000000,native,32,32,32,0,broadcast,floating-fma,temporal-r2-t128,1,30,1024,16,64,1.0,959,0.74921875,0.74921875,register+thread+warp,1964032,0.3121744791666667,0,Tesla V100-SXM2-16GB,7.0,structured-2x2,fp32,forward,none,out-of-place,0,,,,0.000000,,temporal-tile,radix2,four-mul,table,direct-strided,0.92387949999999996:-0.38268340000000001:0.38268340000000001:0.92387949999999996,1,8,,,,,,0,,,shared,linear,scalar,0,named-barrier,128,0,0,8,8,0,0,0,0,0,0,8,256,959,1,256,1000,100,0.226176,0.005847,0.275552,164014622.830612,167.950974,41987743444.636696,0.000000,-1,,,,,,,,,,,,
structured-2x2-fp32-log15-online-r4-t256-b13,structured-2x2-fp32-log15-b13,full,butterfly,cuButterfly-online-r4-t256,0,3,13,1,0.000000,native,32,32,32,0,broadcast,floating-fma,online-r4-t256,64,46,4096,5,40,0.625,832,2.08,1.0,register,3407872,0.5416666666666666,0,Tesla V100-SXM2-16GB,7.0,structured-2x2,fp32,forward,none,out-of-place,0,,,,0.000000,,online-reorder,radix4,four-mul,table,direct-strided,0.92387949999999996:-0.38268340000000001:0.38268340000000001:0.92387949999999996,2,8x7,0x0,8x8,table,direct-strided,global-scratch,2,0x0,8x8,shared,linear,scalar,0,named-barrier,256,0,0,8,8,0,0,8,1,0,0,15,32768,13,1,32768,1000,100,0.361568,0.038953,0.330752,333735.856736,82.018924,10935856553.535860,0.000000,-1,,,,,,,,,,,,
ntt-uint64-ntt-log15-ntt-hybrid-r2-t256-b240,ntt-uint64-ntt-log15-b240,full,ntt,cuButterfly-ntt-hybrid-r2-t256,0,1,240,1,,native,64,64,64,0,per-stage-root,modular-multiply-reduce,ntt-hybrid-r2-t256,1,52,4096,4,32,0.5,240,0.75,0.75,register,125829120,20.0,0,Tesla V100-SXM2-16GB,7.0,ntt,uint64,forward,,,0,,,,0.000000,,hybrid2d,radix2,,fused,,,,,,,,,,,,,,,,0,named-barrier,,,,,,,,,,,,15,32768,240,1,32768,1000,100,10.165152,0.514140,9.501152,,,,,-1,natural,64,1152921504606748673,60,7,4,256,0,466798.755043,11892.701771,15296061605.253330,shoup
structured-2x2-fp32-log8-temporal-r2-t128-b960,structured-2x2-fp32-log8-b960,full,butterfly,cuButterfly-temporal-r2-t128,0,1,960,1,0.000000,native,32,32,32,0,broadcast,floating-fma,temporal-r2-t128,1,30,1024,16,64,1.0,960,0.75,0.75,register+thread+warp,1966080,0.3125,0,Tesla V100-SXM2-16GB,7.0,structured-2x2,fp32,forward,none,out-of-place,0,,,,0.000000,,temporal-tile,radix2,four-mul,table,direct-strided,0.92387949999999996:-0.38268340000000001:0.38268340000000001:0.92387949999999996,1,8,,,,,,0,,,shared,linear,scalar,0,named-barrier,128,0,0,8,8,0,0,0,0,0,0,8,256,960,1,256,1000,100,0.249376,0.005878,0.236128,163327519.492736,167.247380,41811844990.140541,0.000000,-1,,,,,,,,,,,,
structured-2x2-fp32-log8-temporal-r4-t128-b640,structured-2x2-fp32-log8-b640,full,butterfly,cuButterfly-temporal-r4-t128,0,4,640,1,0.000000,native,32,32,32,0,broadcast,floating-fma,temporal-r4-t128,1,38,1024,12,48,0.75,640,0.6666666666666666,0.6666666666666666,register,1310720,0.20833333333333334,0,Tesla V100-SXM2-16GB,7.0,structured-2x2,fp32,forward,none,out-of-place,0,,,,0.000000,,temporal-tile,radix4,four-mul,table,direct-strided,0.92387949999999996:-0.38268340000000001:0.38268340000000001:0.92387949999999996,1,8,,,,,,0,,,shared,linear,scalar,0,named-barrier,128,0,0,8,8,0,0,0,0,0,0,8,256,640,1,256,1000,100,0.149440,0.004209,0.182368,152068136.284802,155.717772,38929442888.909416,0.000000,-1,,,,,,,,,,,,
fft-fp16-fp32-log8-temporal-r4-t128-b1279,fft-fp16-fp32-log8-b1279,full,butterfly,cuButterfly-temporal-r4-t128,0,4,1279,1,0.000747,fp32,16,32,32,0,per-stage-twiddle,floating-complex,temporal-r4-t128,1,42,1024,10,40,0.625,1279,1.59875,1.0,register,2619392,0.4163411458333333,0,Tesla V100-SXM2-16GB,7.0,fft,fp16,forward,none,out-of-place,0,,,,0.000000,,temporal-tile,radix4,four-mul,table,direct-strided,,1,8,,,,,,0,,,shared,linear,scalar,0,named-barrier,128,0,0,8,8,0,0,0,0,0,0,8,256,1279,1,256,1000,100,0.306976,0.007946,0.306976,160956632.911754,164.819592,41204898025.409134,0.000000,-1,,,,,,,,,,,,
fft-fp16-native-log20-hier-r4-t256-b1,fft-fp16-native-log20-b1,full,butterfly,cuButterfly-hier-r4-t256,0,5,1,1,0.001330,native,16,16,16,0,per-stage-twiddle,floating-complex,hier-r4-t256,512,48,4096,5,40,0.625,512,1.28,1.0,register,8388608,1.3333333333333333,0,Tesla V100-SXM2-16GB,7.0,fft,fp16,forward,none,out-of-place,0,,,,0.000000,,hierarchical,radix4,four-mul,table,direct-strided,,1,20,,,,,,0,,,shared,linear,scalar,0,named-barrier,256,0,0,8,8,0,0,10,0,0,0,20,1048576,1,1,1048576,1000,100,0.743072,0.126239,0.736256,7921.499924,83.062947,8306294704.104248,0.000000,-1,,,,,,,,,,,,
subset-zeta-uint32-zeta-log8-temporal-r4-t128-b959,subset-zeta-uint32-zeta-log8-b959,full,butterfly,cuButterfly-temporal-r4-t128,0,2,959,1,0.000000,native,32,32,32,0,implicit-unit,integer-add,temporal-r4-t128,1,38,1024,12,48,0.75,959,0.9989583333333333,0.9989583333333333,register,1964032,0.3121744791666667,0,Tesla V100-SXM2-16GB,7.0,subset-zeta,uint32,forward,none,out-of-place,0,,,,0.000000,,temporal-tile,radix4,four-mul,table,direct-strided,,1,8,,,,,,0,,,shared,linear,scalar,0,named-barrier,128,0,0,8,8,0,0,0,0,0,0,8,256,959,1,256,1000,100,0.226464,0.004229,0.284192,226761124.015659,232.203391,58050847748.008743,0.000000,-1,,,,,,,,,,,,
fft-fp64-log18-online-r2-t256-b1,fft-fp64-log18-b1,full,butterfly,cuButterfly-online-r2-t256,0,1,1,1,0.000000,native,64,64,64,0,per-stage-twiddle,floating-complex,online-r2-t256,256,42,8192,5,40,0.625,256,0.64,0.64,register,8388608,1.3333333333333333,0,Tesla V100-SXM2-16GB,7.0,fft,fp64,forward,none,out-of-place,0,,,,0.000000,,online-reorder,radix2,four-mul,table,direct-strided,,2,9x9,0x0,8x8,table,direct-strided,global-scratch,2,0x0,8x8,shared,linear,scalar,0,named-barrier,256,0,0,8,8,0,0,9,1,0,0,18,262144,1,1,262144,1000,100,0.739840,0.054917,0.771936,18209.258063,42.961030,4773447745.563165,0.000000,-1,,,,,,,,,,,,
fwht-fp16-fp32-log20-online-r4-t256-b1,fwht-fp16-fp32-log20-b1,full,butterfly,cuButterfly-online-r4-t256,0,3,1,1,0.001000,fp32,16,32,32,0,implicit-sign,floating-add,online-r4-t256,512,46,2048,5,40,0.625,512,1.28,1.0,register,4194304,0.6666666666666666,0,Tesla V100-SXM2-16GB,7.0,fwht,fp16,forward,none,out-of-place,0,,,,0.000000,,online-reorder,radix4,four-mul,table,direct-strided,,2,10x10,0x0,8x8,table,direct-strided,global-scratch,2,0x0,8x8,shared,linear,scalar,0,named-barrier,256,0,0,8,8,0,0,10,1,0,0,20,1048576,1,1,1048576,1000,100,0.413120,0.087962,0.460096,11368.597305,119.208383,11920838288.183828,0.000000,-1,,,,,,,,,,,,
ntt-uint32-ntt-log15-ntt-hybrid-r2-t256-b319,ntt-uint32-ntt-log15-b319,full,ntt,cuButterfly-ntt-hybrid-r2-t256,0,4,319,1,,native,32,32,32,0,per-stage-root,modular-multiply-reduce,ntt-hybrid-r2-t256,1,50,2048,4,32,0.5,319,0.996875,0.996875,register,83623936,13.291666666666666,0,Tesla V100-SXM2-16GB,7.0,ntt,uint32,forward,,,0,,,,0.000000,,hybrid2d,radix2,,fused,,,,,,,,,,,,,,,,0,named-barrier,,,,,,,,,,,,15,32768,319,1,32768,1000,100,6.839904,0.424837,6.332256,,,,,-1,natural,32,1073643521,30,7,4,256,0,750876.019700,23461.063135,24604705413.541531,shoup
fwht-fp32-log15-online-r4-t256-b13,fwht-fp32-log15-b13,full,butterfly,cuButterfly-online-r4-t256,0,4,13,1,0.000000,native,32,32,32,0,implicit-sign,floating-add,online-r4-t256,64,46,4096,5,40,0.625,832,2.08,1.0,register,3407872,0.5416666666666666,0,Tesla V100-SXM2-16GB,7.0,fwht,fp32,forward,none,out-of-place,0,,,,0.000000,,online-reorder,radix4,four-mul,table,direct-strided,,2,8x7,0x0,8x8,table,direct-strided,global-scratch,2,0x0,8x8,shared,linear,scalar,0,named-barrier,256,0,0,8,8,0,0,8,1,0,0,15,32768,13,1,32768,1000,100,0.386144,0.037775,0.311584,344139.671562,84.575766,11276768757.750454,0.000000,-1,,,,,,,,,,,,
structured-2x2-bf16-native-log15-hier-r4-t256-b8,structured-2x2-bf16-native-log15-b8,full,butterfly,cuButterfly-hier-r4-t256,0,2,8,1,0.029309,native,16,32,16,1,broadcast,floating-fma,hier-r4-t256,64,44,2048,5,40,0.625,512,1.28,1.0,register,1048576,0.16666666666666666,0,Tesla V100-SXM2-16GB,7.0,structured-2x2,bf16,forward,none,out-of-place,0,,,,0.000000,,hierarchical,radix4,four-mul,table,direct-strided,0.92387949999999996:-0.38268340000000001:0.38268340000000001:0.92387949999999996,1,15,,,,,,0,,,shared,linear,scalar,0,named-barrier,256,0,0,8,8,0,0,8,0,0,0,15,32768,8,1,32768,1000,100,0.121632,0.043663,0.133440,183219.980489,45.028142,6003752320.675886,0.000000,-1,,,,,,,,,,,,
fwht-fp16-fp32-log18-hier-r4-t256-b1,fwht-fp16-fp32-log18-b1,full,butterfly,cuButterfly-hier-r4-t256,0,5,1,1,0.000950,fp32,16,32,32,0,implicit-sign,floating-add,hier-r4-t256,256,44,2048,5,40,0.625,256,0.64,0.64,register,1048576,0.16666666666666666,0,Tesla V100-SXM2-16GB,7.0,fwht,fp16,forward,none,out-of-place,0,,,,0.000000,,hierarchical,radix4,four-mul,table,direct-strided,,1,18,,,,,,0,,,shared,linear,scalar,0,named-barrier,256,0,0,8,8,0,0,9,0,0,0,18,262144,1,1,262144,1000,100,0.123200,0.029430,0.132128,33979.210356,80.167015,8907446119.579630,0.000000,-1,,,,,,,,,,,,
fwht-bf16-native-log15-hier-r4-t256-b6,fwht-bf16-native-log15-b6,full,butterfly,cuButterfly-hier-r4-t256,0,2,6,1,0.006966,native,16,32,16,1,implicit-sign,floating-add,hier-r4-t256,64,44,2048,5,40,0.625,384,0.96,0.96,register,786432,0.125,0,Tesla V100-SXM2-16GB,7.0,fwht,bf16,forward,none,out-of-place,0,,,,0.000000,,hierarchical,radix4,four-mul,table,direct-strided,,1,15,,,,,,0,,,shared,linear,scalar,0,named-barrier,256,0,0,8,8,0,0,8,0,0,0,15,32768,6,1,32768,1000,100,0.097920,0.025580,0.105312,234562.654064,57.646118,7686149048.379876,0.000000,-1,,,,,,,,,,,,
fwht-fp32-log15-hier-r4-t256-b13,fwht-fp32-log15-b13,full,butterfly,cuButterfly-hier-r4-t256,0,2,13,1,0.000000,native,32,32,32,0,implicit-sign,floating-add,hier-r4-t256,64,44,4096,5,40,0.625,832,2.08,1.0,register,3407872,0.5416666666666666,0,Tesla V100-SXM2-16GB,7.0,fwht,fp32,forward,none,out-of-place,0,,,,0.000000,,hierarchical,radix4,four-mul,table,direct-strided,,1,15,,,,,,0,,,shared,linear,scalar,0,named-barrier,256,0,0,8,8,0,0,8,0,0,0,15,32768,13,1,32768,1000,100,0.378496,0.029030,0.337440,447806.446691,110.052912,14673721645.172842,0.000000,-1,,,,,,,,,,,,
fft-fp16-fp32-log8-temporal-r4-t128-b1281,fft-fp16-fp32-log8-b1281,full,butterfly,cuButterfly-temporal-r4-t128,0,2,1281,1,0.000747,fp32,16,32,32,0,per-stage-twiddle,floating-complex,temporal-r4-t128,1,42,1024,10,40,0.625,1281,1.60125,1.0,register,2623488,0.4169921875,0,Tesla V100-SXM2-16GB,7.0,fft,fp16,forward,none,out-of-place,0,,,,0.000000,,temporal-tile,radix4,four-mul,table,direct-strided,,1,8,,,,,,0,,,shared,linear,scalar,0,named-barrier,128,0,0,8,8,0,0,0,0,0,0,8,256,1281,1,256,1000,100,0.316960,0.007926,0.260864,161624878.856716,165.503876,41375968987.319252,0.000000,-1,,,,,,,,,,,,
fft-fp16-fp32-log8-temporal-r4-t128-b1281,fft-fp16-fp32-log8-b1281,full,butterfly,cuButterfly-temporal-r4-t128,0,3,1281,1,0.000747,fp32,16,32,32,0,per-stage-twiddle,floating-complex,temporal-r4-t128,1,42,1024,10,40,0.625,1281,1.60125,1.0,register,2623488,0.4169921875,0,Tesla V100-SXM2-16GB,7.0,fft,fp16,forward,none,out-of-place,0,,,,0.000000,,temporal-tile,radix4,four-mul,table,direct-strided,,1,8,,,,,,0,,,shared,linear,scalar,0,named-barrier,128,0,0,8,8,0,0,0,0,0,0,8,256,1281,1,256,1000,100,0.315264,0.007967,0.295744,160793911.358631,164.652965,41163241307.809494,0.000000,-1,,,,,,,,,,,,
ntt-uint32-ntt-log15-ntt-hybrid-r2-t256-b319,ntt-uint32-ntt-log15-b319,full,ntt,cuButterfly-ntt-hybrid-r2-t256,0,3,319,1,,native,32,32,32,0,per-stage-root,modular-multiply-reduce,ntt-hybrid-r2-t256,1,50,2048,4,32,0.5,319,0.996875,0.996875,register,83623936,13.291666666666666,0,Tesla V100-SXM2-16GB,7.0,ntt,uint32,forward,,,0,,,,0.000000,,hybrid2d,radix2,,fused,,,,,,,,,,,,,,,,0,named-barrier,,,,,,,,,,,,15,32768,319,1,32768,1000,100,6.839584,0.426506,6.342432,,,,,-1,natural,32,1073643521,30,7,4,256,0,747937.507293,23441.193486,24508416238.985283,shoup
fft-fp16-native-log20-hier-r4-t256-b3,fft-fp16-native-log20-b3,full,butterfly,cuButterfly-hier-r4-t256,0,3,3,1,0.001330,native,16,16,16,0,per-stage-twiddle,floating-complex,hier-r4-t256,512,48,4096,5,40,0.625,1536,3.84,1.0,register,25165824,4.0,0,Tesla V100-SXM2-16GB,7.0,fft,fp16,forward,none,out-of-place,0,,,,0.000000,,hierarchical,radix4,four-mul,table,direct-strided,,1,20,,,,,,0,,,shared,linear,scalar,0,named-barrier,256,0,0,8,8,0,0,10,0,0,0,20,1048576,3,1,1048576,1000,100,2.098944,0.429281,1.969312,6988.425184,73.278949,7327894925.358412,0.000000,-1,,,,,,,,,,,,
fwht-bf16-native-log15-online-r2-t256-b7,fwht-bf16-native-log15-b7,full,butterfly,cuButterfly-online-r2-t256,0,3,7,1,0.006966,native,16,32,16,1,implicit-sign,floating-add,online-r2-t256,64,36,1024,6,48,0.75,448,0.9333333333333333,0.9333333333333333,register,917504,0.14583333333333334,0,Tesla V100-SXM2-16GB,7.0,fwht,bf16,forward,none,out-of-place,0,,,,0.000000,,online-reorder,radix2,four-mul,table,direct-strided,,2,8x7,0x0,8x8,table,direct-strided,global-scratch,2,0x0,8x8,shared,linear,scalar,0,named-barrier,256,0,0,8,8,0,0,8,1,0,0,15,32768,7,1,32768,1000,100,0.107360,0.025539,0.116192,274095.348747,67.361673,8981556387.757515,0.000000,-1,,,,,,,,,,,,
fft-fp16-fp32-log8-temporal-r4-t128-b1600,fft-fp16-fp32-log8-b1600,full,butterfly,cuButterfly-temporal-r4-t128,0,3,1600,1,0.000747,fp32,16,32,32,0,per-stage-twiddle,floating-complex,temporal-r4-t128,1,42,1024,10,40,0.625,1600,2.0,1.0,register,3276800,0.5208333333333334,0,Tesla V100-SXM2-16GB,7.0,fft,fp16,forward,none,out-of-place,0,,,,0.000000,,temporal-tile,radix4,four-mul,table,direct-strided,,1,8,,,,,,0,,,shared,linear,scalar,0,named-barrier,128,0,0,8,8,0,0,0,0,0,0,8,256,1600,1,256,1000,100,0.379936,0.009257,0.308608,172842922.355410,176.991152,44247788122.985016,0.000000,-1,,,,,,,,,,,,
structured-2x2-fp16-native-log20-online-r4-t256-b1,structured-2x2-fp16-native-log20-b1,full,butterfly,cuButterfly-online-r4-t256,0,5,1,1,0.002199,native,16,16,16,0,broadcast,floating-fma,online-r4-t256,512,46,2048,5,40,0.625,512,1.28,1.0,register,4194304,0.6666666666666666,0,Tesla V100-SXM2-16GB,7.0,structured-2x2,fp16,forward,none,out-of-place,0,,,,0.000000,,online-reorder,radix4,four-mul,table,direct-strided,0.92387949999999996:-0.38268340000000001:0.38268340000000001:0.92387949999999996,2,10x10,0x0,8x8,table,direct-strided,global-scratch,2,0x0,8x8,shared,linear,scalar,0,named-barrier,256,0,0,8,8,0,0,10,1,0,0,20,1048576,1,1,1048576,1000,100,0.428224,0.094065,0.400416,10630.987596,111.473984,11147398449.485004,0.000000,-1,,,,,,,,,,,,
structured-2x2-fp32-log15-online-r4-t256-b7,structured-2x2-fp32-log15-b7,full,butterfly,cuButterfly-online-r4-t256,0,3,7,1,0.000000,native,32,32,32,0,broadcast,floating-fma,online-r4-t256,64,46,4096,5,40,0.625,448,1.12,1.0,register,1835008,0.2916666666666667,0,Tesla V100-SXM2-16GB,7.0,structured-2x2,fp32,forward,none,out-of-place,0,,,,0.000000,,online-reorder,radix4,four-mul,table,direct-strided,0.92387949999999996:-0.38268340000000001:0.38268340000000001:0.92387949999999996,2,8x7,0x0,8x8,table,direct-strided,global-scratch,2,0x0,8x8,shared,linear,scalar,0,named-barrier,256,0,0,8,8,0,0,8,1,0,0,15,32768,7,1,32768,1000,100,0.229312,0.024218,0.238464,289045.983052,71.035941,9471458772.656090,0.000000,-1,,,,,,,,,,,,
fft-fp16-fp32-log15-online-r2-t256-b5,fft-fp16-fp32-log15-b5,full,butterfly,cuButterfly-online-r2-t256,0,2,5,1,0.001078,fp32,16,32,32,0,per-stage-twiddle,floating-complex,online-r2-t256,64,38,2048,6,48,0.75,320,0.6666666666666666,0.6666666666666666,register,1310720,0.20833333333333334,0,Tesla V100-SXM2-16GB,7.0,fft,fp16,forward,none,out-of-place,0,,,,0.000000,,online-reorder,radix2,four-mul,table,direct-strided,,2,8x7,0x0,8x8,table,direct-strided,global-scratch,2,0x0,8x8,shared,linear,scalar,0,named-barrier,256,0,0,8,8,0,0,8,1,0,0,15,32768,5,1,32768,1000,100,0.184192,0.026061,0.173792,191859.029971,47.151275,6286836694.073726,0.000000,-1,,,,,,,,,,,,
fwht-fp16-native-log20-online-r4-t256-b1,fwht-fp16-native-log20-b1,full,butterfly,cuButterfly-online-r4-t256,0,1,1,1,0.001000,native,16,16,16,0,implicit-sign,floating-add,online-r4-t256,512,46,2048,5,40,0.625,512,1.28,1.0,register,4194304,0.6666666666666666,0,Tesla V100-SXM2-16GB,7.0,fwht,fp16,forward,none,out-of-place,0,,,,0.000000,,online-reorder,radix4,four-mul,table,direct-strided,,2,10x10,0x0,8x8,table,direct-strided,global-scratch,2,0x0,8x8,shared,linear,scalar,0,named-barrier,256,0,0,8,8,0,0,10,1,0,0,20,1048576,1,1,1048576,1000,100,0.426976,0.086600,0.451040,11547.386080,121.083119,12108311906.125097,0.000000,-1,,,,,,,,,,,,
fft-bf16-fp32-log8-temporal-r2-t128-b801,fft-bf16-fp32-log8-b801,full,butterfly,cuButterfly-temporal-r2-t128,0,4,801,1,0.006154,fp32,16,32,32,0,per-stage-twiddle,floating-complex,temporal-r2-t128,1,32,1024,16,64,1.0,801,0.62578125,0.62578125,register+thread+warp,1640448,0.2607421875,0,Tesla V100-SXM2-16GB,7.0,fft,bf16,forward,none,out-of-place,0,,,,0.000000,,temporal-tile,radix2,four-mul,table,direct-strided,,1,8,,,,,,0,,,shared,linear,scalar,0,named-barrier,128,0,0,8,8,0,0,0,0,0,0,8,256,801,1,256,1000,100,0.188832,0.012698,0.200960,63082788.151690,64.596775,16149193766.832548,0.000000,-1,,,,,,,,,,,,
structured-2x2-bf16-fp32-log18-hier-r4-t256-b1,structured-2x2-bf16-fp32-log18-b1,full,butterfly,cuButterfly-hier-r4-t256,0,3,1,1,0.033858,fp32,16,32,32,0,broadcast,floating-fma,hier-r4-t256,256,44,2048,5,40,0.625,256,0.64,0.64,register,1048576,0.16666666666666666,0,Tesla V100-SXM2-16GB,7.0,structured-2x2,bf16,forward,none,out-of-place,0,,,,0.000000,,hierarchical,radix4,four-mul,table,direct-strided,0.92387949999999996:-0.38268340000000001:0.38268340000000001:0.92387949999999996,1,18,,,,,,0,,,shared,linear,scalar,0,named-barrier,256,0,0,8,8,0,0,9,0,0,0,18,262144,1,1,262144,1000,100,0.120480,0.036147,0.130336,27664.660385,65.269123,7252124731.934961,0.000000,-1,,,,,,,,,,,,
fwht-fp16-native-log18-hier-r4-t256-b1,fwht-fp16-native-log18-b1,full,butterfly,cuButterfly-hier-r4-t256,0,5,1,1,0.000950,native,16,16,16,0,implicit-sign,floating-add,hier-r4-t256,256,44,2048,5,40,0.625,256,0.64,0.64,register,1048576,0.16666666666666666,0,Tesla V100-SXM2-16GB,7.0,fwht,fp16,forward,none,out-of-place,0,,,,0.000000,,hierarchical,radix4,four-mul,table,direct-strided,,1,18,,,,,,0,,,shared,linear,scalar,0,named-barrier,256,0,0,8,8,0,0,9,0,0,0,18,262144,1,1,262144,1000,100,0.122368,0.028641,0.133504,34914.638676,82.373967,9152663041.000748,0.000000,-1,,,,,,,,,,,,
fwht-bf16-native-log15-hier-r4-t256-b7,fwht-bf16-native-log15-b7,full,butterfly,cuButterfly-hier-r4-t256,0,2,7,1,0.006966,native,16,32,16,1,implicit-sign,floating-add,hier-r4-t256,64,44,2048,5,40,0.625,448,1.12,1.0,register,917504,0.14583333333333334,0,Tesla V100-SXM2-16GB,7.0,fwht,bf16,forward,none,out-of-place,0,,,,0.000000,,hierarchical,radix4,four-mul,table,direct-strided,,1,15,,,,,,0,,,shared,linear,scalar,0,named-barrier,256,0,0,8,8,0,0,8,0,0,0,15,32768,7,1,32768,1000,100,0.116320,0.027116,0.134784,258154.756304,63.444113,8459215054.563985,0.000000,-1,,,,,,,,,,,,
ntt-uint64-ntt-log15-ntt-hybrid-r4-t256-b241,ntt-uint64-ntt-log15-b241,full,ntt,cuButterfly-ntt-hybrid-r4-t256,0,2,241,1,,native,64,64,64,0,per-stage-root,modular-multiply-reduce,ntt-hybrid-r4-t256,1,66,8192,3,24,0.375,241,1.0041666666666667,1.0,register,126353408,20.083333333333332,0,Tesla V100-SXM2-16GB,7.0,ntt,uint64,forward,,,0,,,,0.000000,,hybrid2d,radix4,,fused,,,,,,,,,,,,,,,,0,named-barrier,,,,,,,,,,,,15,32768,241,1,32768,1000,100,10.231808,0.475986,9.521600,,,,,-1,natural,64,1152921504606748673,60,7,4,256,0,506317.503679,11913.357723,16591011960.540308,shoup
subset-zeta-uint32-zeta-log8-temporal-r2-t128-b961,subset-zeta-uint32-zeta-log8-b961,full,butterfly,cuButterfly-temporal-r2-t128,0,1,961,1,0.000000,native,32,32,32,0,implicit-unit,integer-add,temporal-r2-t128,1,30,1024,16,64,1.0,961,0.75078125,0.75078125,register+thread+warp,1968128,0.3128255208333333,0,Tesla V100-SXM2-16GB,7.0,subset-zeta,uint32,forward,none,out-of-place,0,,,,0.000000,,temporal-tile,radix2,four-mul,table,direct-strided,,1,8,,,,,,0,,,shared,linear,scalar,0,named-barrier,128,0,0,8,8,0,0,0,0,0,0,8,256,961,1,256,1000,100,0.283808,0.004792,0.265024,200529176.825492,205.341877,51335469267.326042,0.000000,-1,,,,,,,,,,,,
fwht-bf16-native-log15-hier-r4-t256-b7,fwht-bf16-native-log15-b7,full,butterfly,cuButterfly-hier-r4-t256,0,1,7,1,0.006966,native,16,32,16,1,implicit-sign,floating-add,hier-r4-t256,64,44,2048,5,40,0.625,448,1.12,1.0,register,917504,0.14583333333333334,0,Tesla V100-SXM2-16GB,7.0,fwht,bf16,forward,none,out-of-place,0,,,,0.000000,,hierarchical,radix4,four-mul,table,direct-strided,,1,15,,,,,,0,,,shared,linear,scalar,0,named-barrier,256,0,0,8,8,0,0,8,0,0,0,15,32768,7,1,32768,1000,100,0.114720,0.027320,0.136448,256219.548477,62.968516,8395802164.509594,0.000000,-1,,,,,,,,,,,,
fwht-fp16-fp32-log8-temporal-r4-t128-b1279,fwht-fp16-fp32-log8-b1279,full,butterfly,cuButterfly-temporal-r4-t128,0,4,1279,1,0.000572,fp32,16,32,32,0,implicit-sign,floating-add,temporal-r4-t128,1,38,512,12,48,0.75,1279,1.3322916666666667,1.0,register,1309696,0.20817057291666666,0,Tesla V100-SXM2-16GB,7.0,fwht,fp16,forward,none,out-of-place,0,,,,0.000000,,temporal-tile,radix4,four-mul,table,direct-strided,,1,8,,,,,,0,,,shared,linear,scalar,0,named-barrier,128,0,0,8,8,0,0,0,0,0,0,8,256,1279,1,256,1000,100,0.179520,0.004813,0.163552,265749675.295095,272.127668,68031916875.544258,0.000000,-1,,,,,,,,,,,,
fwht-bf16-native-log8-temporal-r4-t128-b1279,fwht-bf16-native-log8-b1279,full,butterfly,cuButterfly-temporal-r4-t128,0,2,1279,1,0.005010,native,16,32,16,1,implicit-sign,floating-add,temporal-r4-t128,1,38,512,12,48,0.75,1279,1.3322916666666667,1.0,register,1309696,0.20817057291666666,0,Tesla V100-SXM2-16GB,7.0,fwht,bf16,forward,none,out-of-place,0,,,,0.000000,,temporal-tile,radix4,four-mul,table,direct-strided,,1,8,,,,,,0,,,shared,linear,scalar,0,named-barrier,128,0,0,8,8,0,0,0,0,0,0,8,256,1279,1,256,1000,100,0.200128,0.008161,0.173440,156715607.395915,160.476782,40119195493.354187,0.000000,-1,,,,,,,,,,,,
fwht-fp32-log15-hier-r4-t256-b13,fwht-fp32-log15-b13,full,butterfly,cuButterfly-hier-r4-t256,0,5,13,1,0.000000,native,32,32,32,0,implicit-sign,floating-add,hier-r4-t256,64,44,4096,5,40,0.625,832,2.08,1.0,register,3407872,0.5416666666666666,0,Tesla V100-SXM2-16GB,7.0,fwht,fp32,forward,none,out-of-place,0,,,,0.000000,,hierarchical,radix4,four-mul,table,direct-strided,,1,15,,,,,,0,,,shared,linear,scalar,0,named-barrier,256,0,0,8,8,0,0,8,0,0,0,15,32768,13,1,32768,1000,100,0.368448,0.028989,0.328416,448439.158402,110.208408,14694454342.524509,0.000000,-1,,,,,,,,,,,,
fwht-fp16-fp32-log18-online-r4-t256-b1,fwht-fp16-fp32-log18-b1,full,butterfly,cuButterfly-online-r4-t256,0,3,1,1,0.000950,fp32,16,32,32,0,implicit-sign,floating-add,online-r4-t256,256,46,2048,5,40,0.625,256,0.64,0.64,register,1048576,0.16666666666666666,0,Tesla V100-SXM2-16GB,7.0,fwht,fp16,forward,none,out-of-place,0,,,,0.000000,,online-reorder,radix4,four-mul,table,direct-strided,,2,9x9,0x0,8x8,table,direct-strided,global-scratch,2,0x0,8x8,shared,linear,scalar,0,named-barrier,256,0,0,8,8,0,0,9,1,0,0,18,262144,1,1,262144,1000,100,0.121344,0.027064,0.157248,36949.014136,87.173661,9685962361.672195,0.000000,-1,,,,,,,,,,,,
ntt-uint64-ntt-log15-ntt-hybrid-r4-t256-b240,ntt-uint64-ntt-log15-b240,full,ntt,cuButterfly-ntt-hybrid-r4-t256,0,5,240,1,,native,64,64,64,0,per-stage-root,modular-multiply-reduce,ntt-hybrid-r4-t256,1,66,8192,3,24,0.375,240,1.0,1.0,register,125829120,20.0,0,Tesla V100-SXM2-16GB,7.0,ntt,uint64,forward,,,0,,,,0.000000,,hybrid2d,radix4,,fused,,,,,,,,,,,,,,,,0,named-barrier,,,,,,,,,,,,15,32768,240,1,32768,1000,100,10.168736,0.472955,9.495776,,,,,-1,natural,64,1152921504606748673,60,7,4,256,0,507447.994711,11918.082547,16628055890.688009,shoup
structured-2x2-fp32-log8-temporal-r4-t128-b640,structured-2x2-fp32-log8-b640,full,butterfly,cuButterfly-temporal-r4-t128,0,3,640,1,0.000000,native,32,32,32,0,broadcast,floating-fma,temporal-r4-t128,1,38,1024,12,48,0.75,640,0.6666666666666666,0.6666666666666666,register,1310720,0.20833333333333334,0,Tesla V100-SXM2-16GB,7.0,structured-2x2,fp32,forward,none,out-of-place,0,,,,0.000000,,temporal-tile,radix4,four-mul,table,direct-strided,0.92387949999999996:-0.38268340000000001:0.38268340000000001:0.92387949999999996,1,8,,,,,,0,,,shared,linear,scalar,0,named-barrier,128,0,0,8,8,0,0,0,0,0,0,8,256,640,1,256,1000,100,0.148896,0.004209,0.174176,152068136.284802,155.717772,38929442888.909416,0.000000,-1,,,,,,,,,,,,
fwht-bf16-native-log8-temporal-r4-t128-b1279,fwht-bf16-native-log8-b1279,full,butterfly,cuButterfly-temporal-r4-t128,0,4,1279,1,0.005010,native,16,32,16,1,implicit-sign,floating-add,temporal-r4-t128,1,38,512,12,48,0.75,1279,1.3322916666666667,1.0,register,1309696,0.20817057291666666,0,Tesla V100-SXM2-16GB,7.0,fwht,bf16,forward,none,out-of-place,0,,,,0.000000,,temporal-tile,radix4,four-mul,table,direct-strided,,1,8,,,,,,0,,,shared,linear,scalar,0,named-barrier,128,0,0,8,8,0,0,0,0,0,0,8,256,1279,1,256,1000,100,0.193664,0.008120,0.172960,157506111.895835,161.286259,40321564645.333870,0.000000,-1,,,,,,,,,,,,
fwht-bf16-native-log8-temporal-r4-t128-b1280,fwht-bf16-native-log8-b1280,full,butterfly,cuButterfly-temporal-r4-t128,0,3,1280,1,0.005010,native,16,32,16,1,implicit-sign,floating-add,temporal-r4-t128,1,38,512,12,48,0.75,1280,1.3333333333333333,1.0,register,1310720,0.20833333333333334,0,Tesla V100-SXM2-16GB,7.0,fwht,bf16,forward,none,out-of-place,0,,,,0.000000,,temporal-tile,radix4,four-mul,table,direct-strided,,1,8,,,,,,0,,,shared,linear,scalar,0,named-barrier,128,0,0,8,8,0,0,0,0,0,0,8,256,1280,1,256,1000,100,0.184640,0.008120,0.175232,157629259.755019,161.412362,40353090497.284874,0.000000,-1,,,,,,,,,,,,
subset-zeta-uint32-zeta-log8-temporal-r2-t128-b959,subset-zeta-uint32-zeta-log8-b959,full,butterfly,cuButterfly-temporal-r2-t128,0,4,959,1,0.000000,native,32,32,32,0,implicit-unit,integer-add,temporal-r2-t128,1,30,1024,16,64,1.0,959,0.74921875,0.74921875,register+thread+warp,1964032,0.3121744791666667,0,Tesla V100-SXM2-16GB,7.0,subset-zeta,uint32,forward,none,out-of-place,0,,,,0.000000,,temporal-tile,radix2,four-mul,table,direct-strided,,1,8,,,,,,0,,,shared,linear,scalar,0,named-barrier,128,0,0,8,8,0,0,0,0,0,0,8,256,959,1,256,1000,100,0.260448,0.004710,0.254400,203592051.138119,208.478260,52119565091.358444,0.000000,-1,,,,,,,,,,,,
fft-bf16-fp32-log8-temporal-r2-t128-b801,fft-bf16-fp32-log8-b801,full,butterfly,cuButterfly-temporal-r2-t128,0,2,801,1,0.006154,fp32,16,32,32,0,per-stage-twiddle,floating-complex,temporal-r2-t128,1,32,1024,16,64,1.0,801,0.62578125,0.62578125,register+thread+warp,1640448,0.2607421875,0,Tesla V100-SXM2-16GB,7.0,fft,bf16,forward,none,out-of-place,0,,,,0.000000,,temporal-tile,radix2,four-mul,table,direct-strided,,1,8,,,,,,0,,,shared,linear,scalar,0,named-barrier,128,0,0,8,8,0,0,0,0,0,0,8,256,801,1,256,1000,100,0.189472,0.012820,0.240384,62478162.575381,63.977638,15994409619.297560,0.000000,-1,,,,,,,,,,,,
structured-2x2-fp16-native-log18-hier-r4-t256-b1,structured-2x2-fp16-native-log18-b1,full,butterfly,cuButterfly-hier-r4-t256,0,3,1,1,0.002014,native,16,16,16,0,broadcast,floating-fma,hier-r4-t256,256,44,2048,5,40,0.625,256,0.64,0.64,register,1048576,0.16666666666666666,0,Tesla V100-SXM2-16GB,7.0,structured-2x2,fp16,forward,none,out-of-place,0,,,,0.000000,,hierarchical,radix4,four-mul,table,direct-strided,0.92387949999999996:-0.38268340000000001:0.38268340000000001:0.92387949999999996,1,18,,,,,,0,,,shared,linear,scalar,0,named-barrier,256,0,0,8,8,0,0,9,0,0,0,18,262144,1,1,262144,1000,100,0.121632,0.029768,0.160736,33593.480222,79.256964,8806329279.203915,0.000000,-1,,,,,,,,,,,,
structured-2x2-bf16-native-log18-online-r2-t256-b1,structured-2x2-bf16-native-log18-b1,full,butterfly,cuButterfly-online-r2-t256,0,5,1,1,0.034586,native,16,32,16,1,broadcast,floating-fma,online-r2-t256,256,36,1024,6,48,0.75,256,0.5333333333333333,0.5333333333333333,register,1048576,0.16666666666666666,0,Tesla V100-SXM2-16GB,7.0,structured-2x2,bf16,forward,none,out-of-place,0,,,,0.000000,,online-reorder,radix2,four-mul,table,direct-strided,0.92387949999999996:-0.38268340000000001:0.38268340000000001:0.92387949999999996,2,9x9,0x0,8x8,table,direct-strided,global-scratch,2,0x0,8x8,shared,linear,scalar,0,named-barrier,256,0,0,8,8,0,0,9,1,0,0,18,262144,1,1,262144,1000,100,0.120512,0.047964,0.142016,20848.900774,49.188728,5465414244.369812,0.000000,-1,,,,,,,,,,,,
ntt-uint32-ntt-log15-ntt-hybrid-r4-t256-b319,ntt-uint32-ntt-log15-b319,full,ntt,cuButterfly-ntt-hybrid-r4-t256,0,2,319,1,,native,32,32,32,0,per-stage-root,modular-multiply-reduce,ntt-hybrid-r4-t256,1,62,4096,4,32,0.5,319,0.996875,0.996875,register,83623936,13.291666666666666,0,Tesla V100-SXM2-16GB,7.0,ntt,uint32,forward,,,0,,,,0.000000,,hybrid2d,radix4,,fused,,,,,,,,,,,,,,,,0,named-barrier,,,,,,,,,,,,15,32768,319,1,32768,1000,100,6.824736,0.371456,6.335040,,,,,-1,natural,32,1073643521,30,7,4,256,0,858782.742451,23575.088735,28140592904.646061,shoup
structured-2x2-fp16-fp32-log15-hier-r4-t256-b7,structured-2x2-fp16-fp32-log15-b7,full,butterfly,cuButterfly-hier-r4-t256,0,2,7,1,0.001612,fp32,16,32,32,0,broadcast,floating-fma,hier-r4-t256,64,44,2048,5,40,0.625,448,1.12,1.0,register,917504,0.14583333333333334,0,Tesla V100-SXM2-16GB,7.0,structured-2x2,fp16,forward,none,out-of-place,0,,,,0.000000,,hierarchical,radix4,four-mul,table,direct-strided,0.92387949999999996:-0.38268340000000001:0.38268340000000001:0.92387949999999996,1,15,,,,,,0,,,shared,linear,scalar,0,named-barrier,256,0,0,8,8,0,0,8,0,0,0,15,32768,7,1,32768,1000,100,0.107040,0.024361,0.117952,287344.993777,70.617906,9415720756.068937,0.000000,-1,,,,,,,,,,,,
subset-zeta-uint32-zeta-log8-temporal-r4-t128-b961,subset-zeta-uint32-zeta-log8-b961,full,butterfly,cuButterfly-temporal-r4-t128,0,2,961,1,0.000000,native,32,32,32,0,implicit-unit,integer-add,temporal-r4-t128,1,38,1024,12,48,0.75,961,1.0010416666666666,1.0,register,1968128,0.3128255208333333,0,Tesla V100-SXM2-16GB,7.0,subset-zeta,uint32,forward,none,out-of-place,0,,,,0.000000,,temporal-tile,radix4,four-mul,table,direct-strided,,1,8,,,,,,0,,,shared,linear,scalar,0,named-barrier,128,0,0,8,8,0,0,0,0,0,0,8,256,961,1,256,1000,100,0.252064,0.004250,0.267520,226138943.373980,231.566278,57891569503.738899,0.000000,-1,,,,,,,,,,,,
fft-bf16-fp32-log8-temporal-r2-t128-b1279,fft-bf16-fp32-log8-b1279,full,butterfly,cuButterfly-temporal-r2-t128,0,2,1279,1,0.006154,fp32,16,32,32,0,per-stage-twiddle,floating-complex,temporal-r2-t128,1,32,1024,16,64,1.0,1279,0.99921875,0.99921875,register+thread+warp,2619392,0.4163411458333333,0,Tesla V100-SXM2-16GB,7.0,fft,bf16,forward,none,out-of-place,0,,,,0.000000,,temporal-tile,radix2,four-mul,table,direct-strided,,1,8,,,,,,0,,,shared,linear,scalar,0,named-barrier,128,0,0,8,8,0,0,0,0,0,0,8,256,1279,1,256,1000,100,0.296864,0.017510,0.286464,73042309.530314,74.795325,18698831239.760258,0.000000,-1,,,,,,,,,,,,
fft-fp16-fp32-log15-online-r2-t256-b6,fft-fp16-fp32-log15-b6,full,butterfly,cuButterfly-online-r2-t256,0,3,6,1,0.001078,fp32,16,32,32,0,per-stage-twiddle,floating-complex,online-r2-t256,64,38,2048,6,48,0.75,384,0.8,0.8,register,1572864,0.25,0,Tesla V100-SXM2-16GB,7.0,fft,fp16,forward,none,out-of-place,0,,,,0.000000,,online-reorder,radix2,four-mul,table,direct-strided,,2,8x7,0x0,8x8,table,direct-strided,global-scratch,2,0x0,8x8,shared,linear,scalar,0,named-barrier,256,0,0,8,8,0,0,8,1,0,0,15,32768,6,1,32768,1000,100,0.249952,0.030689,0.205920,195508.004949,48.048047,6406406306.175545,0.000000,-1,,,,,,,,,,,,
structured-2x2-bf16-native-log18-online-r2-t256-b1,structured-2x2-bf16-native-log18-b1,full,butterfly,cuButterfly-online-r2-t256,0,2,1,1,0.034586,native,16,32,16,1,broadcast,floating-fma,online-r2-t256,256,36,1024,6,48,0.75,256,0.5333333333333333,0.5333333333333333,register,1048576,0.16666666666666666,0,Tesla V100-SXM2-16GB,7.0,structured-2x2,bf16,forward,none,out-of-place,0,,,,0.000000,,online-reorder,radix2,four-mul,table,direct-strided,0.92387949999999996:-0.38268340000000001:0.38268340000000001:0.92387949999999996,2,9x9,0x0,8x8,table,direct-strided,global-scratch,2,0x0,8x8,shared,linear,scalar,0,named-barrier,256,0,0,8,8,0,0,9,1,0,0,18,262144,1,1,262144,1000,100,0.125888,0.047985,0.143904,20840.003298,49.167736,5463081824.534512,0.000000,-1,,,,,,,,,,,,
fwht-bf16-native-log18-hier-r4-t256-b1,fwht-bf16-native-log18-b1,full,butterfly,cuButterfly-hier-r4-t256,0,5,1,1,0.007600,native,16,32,16,1,implicit-sign,floating-add,hier-r4-t256,256,44,2048,5,40,0.625,256,0.64,0.64,register,1048576,0.16666666666666666,0,Tesla V100-SXM2-16GB,7.0,fwht,bf16,forward,none,out-of-place,0,,,,0.000000,,hierarchical,radix4,four-mul,table,direct-strided,,1,18,,,,,,0,,,shared,linear,scalar,0,named-barrier,256,0,0,8,8,0,0,9,0,0,0,18,262144,1,1,262144,1000,100,0.129408,0.034621,0.146112,28883.836248,68.145519,7571724369.429272,0.000000,-1,,,,,,,,,,,,
subset-zeta-uint32-zeta-log8-temporal-r4-t128-b961,subset-zeta-uint32-zeta-log8-b961,full,butterfly,cuButterfly-temporal-r4-t128,0,3,961,1,0.000000,native,32,32,32,0,implicit-unit,integer-add,temporal-r4-t128,1,38,1024,12,48,0.75,961,1.0010416666666666,1.0,register,1968128,0.3128255208333333,0,Tesla V100-SXM2-16GB,7.0,subset-zeta,uint32,forward,none,out-of-place,0,,,,0.000000,,temporal-tile,radix4,four-mul,table,direct-strided,,1,8,,,,,,0,,,shared,linear,scalar,0,named-barrier,128,0,0,8,8,0,0,0,0,0,0,8,256,961,1,256,1000,100,0.260480,0.004250,0.261888,226138943.373980,231.566278,57891569503.738899,0.000000,-1,,,,,,,,,,,,
structured-2x2-fp16-fp32-log18-online-r4-t256-b1,structured-2x2-fp16-fp32-log18-b1,full,butterfly,cuButterfly-online-r4-t256,0,1,1,1,0.001906,fp32,16,32,32,0,broadcast,floating-fma,online-r4-t256,256,46,2048,5,40,0.625,256,0.64,0.64,register,1048576,0.16666666666666666,0,Tesla V100-SXM2-16GB,7.0,structured-2x2,fp16,forward,none,out-of-place,0,,,,0.000000,,online-reorder,radix4,four-mul,table,direct-strided,0.92387949999999996:-0.38268340000000001:0.38268340000000001:0.92387949999999996,2,9x9,0x0,8x8,table,direct-strided,global-scratch,2,0x0,8x8,shared,linear,scalar,0,named-barrier,256,0,0,8,8,0,0,9,1,0,0,18,262144,1,1,262144,1000,100,0.129632,0.029706,0.147520,33662.961388,79.420890,8824543349.968298,0.000000,-1,,,,,,,,,,,,
fwht-bf16-native-log15-online-r2-t256-b7,fwht-bf16-native-log15-b7,full,butterfly,cuButterfly-online-r2-t256,0,1,7,1,0.006966,native,16,32,16,1,implicit-sign,floating-add,online-r2-t256,64,36,1024,6,48,0.75,448,0.9333333333333333,0.9333333333333333,register,917504,0.14583333333333334,0,Tesla V100-SXM2-16GB,7.0,fwht,bf16,forward,none,out-of-place,0,,,,0.000000,,online-reorder,radix2,four-mul,table,direct-strided,,2,8x7,0x0,8x8,table,direct-strided,global-scratch,2,0x0,8x8,shared,linear,scalar,0,named-barrier,256,0,0,8,8,0,0,8,1,0,0,15,32768,7,1,32768,1000,100,0.112800,0.025743,0.128416,271914.780418,66.825776,8910103524.730621,0.000000,-1,,,,,,,,,,,,
fwht-fp32-log15-hier-r4-t256-b9,fwht-fp32-log15-b9,full,butterfly,cuButterfly-hier-r4-t256,0,5,9,1,0.000000,native,32,32,32,0,implicit-sign,floating-add,hier-r4-t256,64,44,4096,5,40,0.625,576,1.44,1.0,register,2359296,0.375,0,Tesla V100-SXM2-16GB,7.0,fwht,fp32,forward,none,out-of-place,0,,,,0.000000,,hierarchical,radix4,four-mul,table,direct-strided,,1,15,,,,,,0,,,shared,linear,scalar,0,named-barrier,256,0,0,8,8,0,0,8,0,0,0,15,32768,9,1,32768,1000,100,0.291424,0.024975,0.293248,360355.174134,88.560888,11808118346.014601,0.000000,-1,,,,,,,,,,,,
structured-2x2-fp16-native-log18-online-r4-t256-b1,structured-2x2-fp16-native-log18-b1,full,butterfly,cuButterfly-online-r4-t256,0,2,1,1,0.002014,native,16,16,16,0,broadcast,floating-fma,online-r4-t256,256,46,2048,5,40,0.625,256,0.64,0.64,register,1048576,0.16666666666666666,0,Tesla V100-SXM2-16GB,7.0,structured-2x2,fp16,forward,none,out-of-place,0,,,,0.000000,,online-reorder,radix4,four-mul,table,direct-strided,0.92387949999999996:-0.38268340000000001:0.38268340000000001:0.92387949999999996,2,9x9,0x0,8x8,table,direct-strided,global-scratch,2,0x0,8x8,shared,linear,scalar,0,named-barrier,256,0,0,8,8,0,0,9,1,0,0,18,262144,1,1,262144,1000,100,0.126560,0.028590,0.147392,34977.165364,82.521486,9169054037.294884,0.000000,-1,,,,,,,,,,,,
ntt-uint32-ntt-log15-ntt-hybrid-r4-t256-b321,ntt-uint32-ntt-log15-b321,full,ntt,cuButterfly-ntt-hybrid-r4-t256,0,3,321,1,,native,32,32,32,0,per-stage-root,modular-multiply-reduce,ntt-hybrid-r4-t256,1,62,4096,4,32,0.5,321,1.003125,1.0,register,84148224,13.375,0,Tesla V100-SXM2-16GB,7.0,ntt,uint32,forward,,,0,,,,0.000000,,hybrid2d,radix4,,fused,,,,,,,,,,,,,,,,0,named-barrier,,,,,,,,,,,,15,32768,321,1,32768,1000,100,6.868832,0.374047,6.371712,,,,,-1,natural,32,1073643521,30,7,4,256,0,858181.581995,23577.645428,28120894078.810608,shoup
ntt-uint32-ntt-log15-ntt-hybrid-r4-t256-b320,ntt-uint32-ntt-log15-b320,full,ntt,cuButterfly-ntt-hybrid-r4-t256,0,3,320,1,,native,32,32,32,0,per-stage-root,modular-multiply-reduce,ntt-hybrid-r4-t256,1,62,4096,4,32,0.5,320,1.0,1.0,register,83886080,13.333333333333334,0,Tesla V100-SXM2-16GB,7.0,ntt,uint32,forward,,,0,,,,0.000000,,hybrid2d,radix4,,fused,,,,,,,,,,,,,,,,0,named-barrier,,,,,,,,,,,,15,32768,320,1,32768,1000,100,6.888736,0.374487,6.379872,,,,,-1,natural,32,1073643521,30,7,4,256,0,854502.195660,23455.089040,28000327947.374199,shoup
fwht-bf16-native-log18-online-r2-t256-b1,fwht-bf16-native-log18-b1,full,butterfly,cuButterfly-online-r2-t256,0,1,1,1,0.007600,native,16,32,16,1,implicit-sign,floating-add,online-r2-t256,256,36,1024,6,48,0.75,256,0.5333333333333333,0.5333333333333333,register,1048576,0.16666666666666666,0,Tesla V100-SXM2-16GB,7.0,fwht,bf16,forward,none,out-of-place,0,,,,0.000000,,online-reorder,radix2,four-mul,table,direct-strided,,2,9x9,0x0,8x8,table,direct-strided,global-scratch,2,0x0,8x8,shared,linear,scalar,0,named-barrier,256,0,0,8,8,0,0,9,1,0,0,18,262144,1,1,262144,1000,100,0.125184,0.030188,0.129344,33126.270809,78.154678,8683853134.957039,0.000000,-1,,,,,,,,,,,,
fft-fp16-fp32-log8-temporal-r4-t128-b1279,fft-fp16-fp32-log8-b1279,full,butterfly,cuButterfly-temporal-r4-t128,0,1,1279,1,0.000747,fp32,16,32,32,0,per-stage-twiddle,floating-complex,temporal-r4-t128,1,42,1024,10,40,0.625,1279,1.59875,1.0,register,2619392,0.4163411458333333,0,Tesla V100-SXM2-16GB,7.0,fft,fp16,forward,none,out-of-place,0,,,,0.000000,,temporal-tile,radix4,four-mul,table,direct-strided,,1,8,,,,,,0,,,shared,linear,scalar,0,named-barrier,128,0,0,8,8,0,0,0,0,0,0,8,256,1279,1,256,1000,100,0.319552,0.007946,0.283136,160956632.911754,164.819592,41204898025.409134,0.000000,-1,,,,,,,,,,,,
fwht-fp16-fp32-log8-temporal-r4-t128-b1280,fwht-fp16-fp32-log8-b1280,full,butterfly,cuButterfly-temporal-r4-t128,0,2,1280,1,0.000572,fp32,16,32,32,0,implicit-sign,floating-add,temporal-r4-t128,1,38,512,12,48,0.75,1280,1.3333333333333333,1.0,register,1310720,0.20833333333333334,0,Tesla V100-SXM2-16GB,7.0,fwht,fp16,forward,none,out-of-place,0,,,,0.000000,,temporal-tile,radix4,four-mul,table,direct-strided,,1,8,,,,,,0,,,shared,linear,scalar,0,named-barrier,128,0,0,8,8,0,0,0,0,0,0,8,256,1280,1,256,1000,100,0.178240,0.004813,0.168160,265957454.556467,272.340433,68085108366.455551,0.000000,-1,,,,,,,,,,,,
fft-fp64-log18-online-r2-t256-b1,fft-fp64-log18-b1,full,butterfly,cuButterfly-online-r2-t256,0,2,1,1,0.000000,native,64,64,64,0,per-stage-twiddle,floating-complex,online-r2-t256,256,42,8192,5,40,0.625,256,0.64,0.64,register,8388608,1.3333333333333333,0,Tesla V100-SXM2-16GB,7.0,fft,fp64,forward,none,out-of-place,0,,,,0.000000,,online-reorder,radix2,four-mul,table,direct-strided,,2,9x9,0x0,8x8,table,direct-strided,global-scratch,2,0x0,8x8,shared,linear,scalar,0,named-barrier,256,0,0,8,8,0,0,9,1,0,0,18,262144,1,1,262144,1000,100,0.742848,0.055460,0.711584,18031.065895,42.540622,4726735737.954821,0.000000,-1,,,,,,,,,,,,
structured-2x2-fp16-fp32-log15-hier-r4-t256-b7,structured-2x2-fp16-fp32-log15-b7,full,butterfly,cuButterfly-hier-r4-t256,0,3,7,1,0.001612,fp32,16,32,32,0,broadcast,floating-fma,hier-r4-t256,64,44,2048,5,40,0.625,448,1.12,1.0,register,917504,0.14583333333333334,0,Tesla V100-SXM2-16GB,7.0,structured-2x2,fp16,forward,none,out-of-place,0,,,,0.000000,,hierarchical,radix4,four-mul,table,direct-strided,0.92387949999999996:-0.38268340000000001:0.38268340000000001:0.92387949999999996,1,15,,,,,,0,,,shared,linear,scalar,0,named-barrier,256,0,0,8,8,0,0,8,0,0,0,15,32768,7,1,32768,1000,100,0.107360,0.024371,0.118496,287224.272840,70.588237,9411764972.416477,0.000000,-1,,,,,,,,,,,,
fwht-bf16-native-log15-online-r2-t256-b8,fwht-bf16-native-log15-b8,full,butterfly,cuButterfly-online-r2-t256,0,3,8,1,0.006966,native,16,32,16,1,implicit-sign,floating-add,online-r2-t256,64,36,1024,6,48,0.75,512,1.0666666666666667,1.0,register,1048576,0.16666666666666666,0,Tesla V100-SXM2-16GB,7.0,fwht,bf16,forward,none,out-of-place,0,,,,0.000000,,online-reorder,radix2,four-mul,table,direct-strided,,2,8x7,0x0,8x8,table,direct-strided,global-scratch,2,0x0,8x8,shared,linear,scalar,0,named-barrier,256,0,0,8,8,0,0,8,1,0,0,15,32768,8,1,32768,1000,100,0.125760,0.028334,0.134528,282345.488854,69.389227,9251896978.763777,0.000000,-1,,,,,,,,,,,,
subset-zeta-uint32-zeta-log8-temporal-r4-t128-b959,subset-zeta-uint32-zeta-log8-b959,full,butterfly,cuButterfly-temporal-r4-t128,0,5,959,1,0.000000,native,32,32,32,0,implicit-unit,integer-add,temporal-r4-t128,1,38,1024,12,48,0.75,959,0.9989583333333333,0.9989583333333333,register,1964032,0.3121744791666667,0,Tesla V100-SXM2-16GB,7.0,subset-zeta,uint32,forward,none,out-of-place,0,,,,0.000000,,temporal-tile,radix4,four-mul,table,direct-strided,,1,8,,,,,,0,,,shared,linear,scalar,0,named-barrier,128,0,0,8,8,0,0,0,0,0,0,8,256,959,1,256,1000,100,0.239456,0.004229,0.234880,226761124.015659,232.203391,58050847748.008743,0.000000,-1,,,,,,,,,,,,
structured-2x2-fp16-fp32-log15-online-r4-t256-b8,structured-2x2-fp16-fp32-log15-b8,full,butterfly,cuButterfly-online-r4-t256,0,2,8,1,0.001612,fp32,16,32,32,0,broadcast,floating-fma,online-r4-t256,64,46,2048,5,40,0.625,512,1.28,1.0,register,1048576,0.16666666666666666,0,Tesla V100-SXM2-16GB,7.0,structured-2x2,fp16,forward,none,out-of-place,0,,,,0.000000,,online-reorder,radix4,four-mul,table,direct-strided,0.92387949999999996:-0.38268340000000001:0.38268340000000001:0.92387949999999996,2,8x7,0x0,8x8,table,direct-strided,global-scratch,2,0x0,8x8,shared,linear,scalar,0,named-barrier,256,0,0,8,8,0,0,8,1,0,0,15,32768,8,1,32768,1000,100,0.120352,0.028754,0.142752,278222.939050,68.376070,9116809266.800728,0.000000,-1,,,,,,,,,,,,
fft-fp16-fp32-log8-temporal-r2-t128-b1279,fft-fp16-fp32-log8-b1279,full,butterfly,cuButterfly-temporal-r2-t128,0,3,1279,1,0.000747,fp32,16,32,32,0,per-stage-twiddle,floating-complex,temporal-r2-t128,1,32,1024,16,64,1.0,1279,0.99921875,0.99921875,register+thread+warp,2619392,0.4163411458333333,0,Tesla V100-SXM2-16GB,7.0,fft,fp16,forward,none,out-of-place,0,,,,0.000000,,temporal-tile,radix2,four-mul,table,direct-strided,,1,8,,,,,,0,,,shared,linear,scalar,0,named-barrier,128,0,0,8,8,0,0,0,0,0,0,8,256,1279,1,256,1000,100,0.297152,0.008489,0.283776,150666267.128560,154.282258,38570564384.911301,0.000000,-1,,,,,,,,,,,,
fft-fp64-log20-online-r4-t256-b1,fft-fp64-log20-b1,full,butterfly,cuButterfly-online-r4-t256,0,1,1,1,0.000000,native,64,64,64,0,per-stage-twiddle,floating-complex,online-r4-t256,512,58,16384,4,32,0.5,512,1.6,1.0,register,33554432,5.333333333333333,0,Tesla V100-SXM2-16GB,7.0,fft,fp64,forward,none,out-of-place,0,,,,0.000000,,online-reorder,radix4,four-mul,table,direct-strided,,2,10x10,0x0,8x8,table,direct-strided,global-scratch,2,0x0,8x8,shared,linear,scalar,0,named-barrier,256,0,0,8,8,0,0,10,1,0,0,20,1048576,1,1,1048576,1000,100,2.758240,0.279634,2.635168,3576.104207,37.498170,3749817044.758065,0.000000,-1,,,,,,,,,,,,
structured-2x2-bf16-native-log15-online-r2-t256-b8,structured-2x2-bf16-native-log15-b8,full,butterfly,cuButterfly-online-r2-t256,0,2,8,1,0.029309,native,16,32,16,1,broadcast,floating-fma,online-r2-t256,64,36,1024,6,48,0.75,512,1.0666666666666667,1.0,register,1048576,0.16666666666666666,0,Tesla V100-SXM2-16GB,7.0,structured-2x2,bf16,forward,none,out-of-place,0,,,,0.000000,,online-reorder,radix2,four-mul,table,direct-strided,0.92387949999999996:-0.38268340000000001:0.38268340000000001:0.92387949999999996,2,8x7,0x0,8x8,table,direct-strided,global-scratch,2,0x0,8x8,shared,linear,scalar,0,named-barrier,256,0,0,8,8,0,0,8,1,0,0,15,32768,8,1,32768,1000,100,0.121088,0.041288,0.160992,193762.404430,47.619049,6349206468.353870,0.000000,-1,,,,,,,,,,,,
fwht-fp32-log15-online-r4-t256-b13,fwht-fp32-log15-b13,full,butterfly,cuButterfly-online-r4-t256,0,2,13,1,0.000000,native,32,32,32,0,implicit-sign,floating-add,online-r4-t256,64,46,4096,5,40,0.625,832,2.08,1.0,register,3407872,0.5416666666666666,0,Tesla V100-SXM2-16GB,7.0,fwht,fp32,forward,none,out-of-place,0,,,,0.000000,,online-reorder,radix4,four-mul,table,direct-strided,,2,8x7,0x0,8x8,table,direct-strided,global-scratch,2,0x0,8x8,shared,linear,scalar,0,named-barrier,256,0,0,8,8,0,0,8,1,0,0,15,32768,13,1,32768,1000,100,0.360832,0.037437,0.319648,347245.975138,85.339171,11378556113.307520,0.000000,-1,,,,,,,,,,,,
subset-zeta-uint32-zeta-log8-temporal-r2-t128-b1280,subset-zeta-uint32-zeta-log8-b1280,full,butterfly,cuButterfly-temporal-r2-t128,0,3,1280,1,0.000000,native,32,32,32,0,implicit-unit,integer-add,temporal-r2-t128,1,30,1024,16,64,1.0,1280,1.0,1.0,register+thread+warp,2621440,0.4166666666666667,0,Tesla V100-SXM2-16GB,7.0,subset-zeta,uint32,forward,none,out-of-place,0,,,,0.000000,,temporal-tile,radix2,four-mul,table,direct-strided,,1,8,,,,,,0,,,shared,linear,scalar,0,named-barrier,128,0,0,8,8,0,0,0,0,0,0,8,256,1280,1,256,1000,100,0.299872,0.005253,0.287712,243664723.850010,249.512677,62378169305.602554,0.000000,-1,,,,,,,,,,,,
fft-fp16-fp32-log8-temporal-r4-t128-b1280,fft-fp16-fp32-log8-b1280,full,butterfly,cuButterfly-temporal-r4-t128,0,1,1280,1,0.000747,fp32,16,32,32,0,per-stage-twiddle,floating-complex,temporal-r4-t128,1,42,1024,10,40,0.625,1280,1.6,1.0,register,2621440,0.4166666666666667,0,Tesla V100-SXM2-16GB,7.0,fft,fp16,forward,none,out-of-place,0,,,,0.000000,,temporal-tile,radix4,four-mul,table,direct-strided,,1,8,,,,,,0,,,shared,linear,scalar,0,named-barrier,128,0,0,8,8,0,0,0,0,0,0,8,256,1280,1,256,1000,100,0.289632,0.007895,0.289440,162127100.961575,166.018151,41504537846.163277,0.000000,-1,,,,,,,,,,,,
fft-fp16-native-log20-online-r4-t256-b2,fft-fp16-native-log20-b2,full,butterfly,cuButterfly-online-r4-t256,0,2,2,1,0.001330,native,16,16,16,0,per-stage-twiddle,floating-complex,online-r4-t256,512,50,4096,4,32,0.5,1024,3.2,1.0,register,16777216,2.6666666666666665,0,Tesla V100-SXM2-16GB,7.0,fft,fp16,forward,none,out-of-place,0,,,,0.000000,,online-reorder,radix4,four-mul,table,direct-strided,,2,10x10,0x0,8x8,table,direct-strided,global-scratch,2,0x0,8x8,shared,linear,scalar,0,named-barrier,256,0,0,8,8,0,0,10,1,0,0,20,1048576,2,1,1048576,1000,100,1.416352,0.238469,1.345056,8386.829992,87.942286,8794228645.735104,0.000000,-1,,,,,,,,,,,,
fwht-bf16-native-log8-temporal-r2-t128-b961,fwht-bf16-native-log8-b961,full,butterfly,cuButterfly-temporal-r2-t128,0,3,961,1,0.005010,native,16,32,16,1,implicit-sign,floating-add,temporal-r2-t128,1,30,512,16,64,1.0,961,0.75078125,0.75078125,register+thread+warp,984064,0.15641276041666666,0,Tesla V100-SXM2-16GB,7.0,fwht,bf16,forward,none,out-of-place,0,,,,0.000000,,temporal-tile,radix2,four-mul,table,direct-strided,,1,8,,,,,,0,,,shared,linear,scalar,0,named-barrier,128,0,0,8,8,0,0,0,0,0,0,8,256,961,1,256,1000,100,0.153312,0.007260,0.130368,132366227.840479,135.543017,33885754327.162685,0.000000,-1,,,,,,,,,,,,
structured-2x2-fp32-log8-temporal-r2-t128-b640,structured-2x2-fp32-log8-b640,full,butterfly,cuButterfly-temporal-r2-t128,0,3,640,1,0.000000,native,32,32,32,0,broadcast,floating-fma,temporal-r2-t128,1,30,1024,16,64,1.0,640,0.5,0.5,register+thread+warp,1310720,0.20833333333333334,0,Tesla V100-SXM2-16GB,7.0,structured-2x2,fp32,forward,none,out-of-place,0,,,,0.000000,,temporal-tile,radix2,four-mul,table,direct-strided,0.92387949999999996:-0.38268340000000001:0.38268340000000001:0.92387949999999996,1,8,,,,,,0,,,shared,linear,scalar,0,named-barrier,128,0,0,8,8,0,0,0,0,0,0,8,256,640,1,256,1000,100,0.151168,0.004803,0.192160,133262261.013540,136.460555,34115138819.466175,0.000000,-1,,,,,,,,,,,,
structured-2x2-fp32-log8-temporal-r2-t128-b640,structured-2x2-fp32-log8-b640,full,butterfly,cuButterfly-temporal-r2-t128,0,4,640,1,0.000000,native,32,32,32,0,broadcast,floating-fma,temporal-r2-t128,1,30,1024,16,64,1.0,640,0.5,0.5,register+thread+warp,1310720,0.20833333333333334,0,Tesla V100-SXM2-16GB,7.0,structured-2x2,fp32,forward,none,out-of-place,0,,,,0.000000,,temporal-tile,radix2,four-mul,table,direct-strided,0.92387949999999996:-0.38268340000000001:0.38268340000000001:0.92387949999999996,1,8,,,,,,0,,,shared,linear,scalar,0,named-barrier,128,0,0,8,8,0,0,0,0,0,0,8,256,640,1,256,1000,100,0.157024,0.004803,0.185888,133262261.013540,136.460555,34115138819.466175,0.000000,-1,,,,,,,,,,,,
fwht-fp32-log15-hier-r4-t256-b9,fwht-fp32-log15-b9,full,butterfly,cuButterfly-hier-r4-t256,0,2,9,1,0.000000,native,32,32,32,0,implicit-sign,floating-add,hier-r4-t256,64,44,4096,5,40,0.625,576,1.44,1.0,register,2359296,0.375,0,Tesla V100-SXM2-16GB,7.0,fwht,fp32,forward,none,out-of-place,0,,,,0.000000,,hierarchical,radix4,four-mul,table,direct-strided,,1,15,,,,,,0,,,shared,linear,scalar,0,named-barrier,256,0,0,8,8,0,0,8,0,0,0,15,32768,9,1,32768,1000,100,0.275168,0.024904,0.268448,361392.383176,88.815792,11842105611.914860,0.000000,-1,,,,,,,,,,,,
fwht-bf16-native-log8-temporal-r2-t128-b1280,fwht-bf16-native-log8-b1280,full,butterfly,cuButterfly-temporal-r2-t128,0,3,1280,1,0.005010,native,16,32,16,1,implicit-sign,floating-add,temporal-r2-t128,1,30,512,16,64,1.0,1280,1.0,1.0,register+thread+warp,1310720,0.20833333333333334,0,Tesla V100-SXM2-16GB,7.0,fwht,bf16,forward,none,out-of-place,0,,,,0.000000,,temporal-tile,radix2,four-mul,table,direct-strided,,1,8,,,,,,0,,,shared,linear,scalar,0,named-barrier,128,0,0,8,8,0,0,0,0,0,0,8,256,1280,1,256,1000,100,0.170272,0.008520,0.175680,150240380.396148,153.846150,38461537381.413971,0.000000,-1,,,,,,,,,,,,
subset-zeta-uint32-zeta-log8-temporal-r4-t128-b960,subset-zeta-uint32-zeta-log8-b960,full,butterfly,cuButterfly-temporal-r4-t128,0,3,960,1,0.000000,native,32,32,32,0,implicit-unit,integer-add,temporal-r4-t128,1,38,1024,12,48,0.75,960,1.0,1.0,register,1966080,0.3125,0,Tesla V100-SXM2-16GB,7.0,subset-zeta,uint32,forward,none,out-of-place,0,,,,0.000000,,temporal-tile,radix4,four-mul,table,direct-strided,,1,8,,,,,,0,,,shared,linear,scalar,0,named-barrier,128,0,0,8,8,0,0,0,0,0,0,8,256,960,1,256,1000,100,0.269536,0.004229,0.246112,226997579.827980,232.445522,58111380435.962875,0.000000,-1,,,,,,,,,,,,
structured-2x2-fp32-log15-hier-r4-t256-b13,structured-2x2-fp32-log15-b13,full,butterfly,cuButterfly-hier-r4-t256,0,5,13,1,0.000000,native,32,32,32,0,broadcast,floating-fma,hier-r4-t256,64,44,4096,5,40,0.625,832,2.08,1.0,register,3407872,0.5416666666666666,0,Tesla V100-SXM2-16GB,7.0,structured-2x2,fp32,forward,none,out-of-place,0,,,,0.000000,,hierarchical,radix4,four-mul,table,direct-strided,0.92387949999999996:-0.38268340000000001:0.38268340000000001:0.92387949999999996,1,15,,,,,,0,,,shared,linear,scalar,0,named-barrier,256,0,0,8,8,0,0,8,0,0,0,15,32768,13,1,32768,1000,100,0.362176,0.030116,0.335424,431666.511280,106.086362,14144848241.638973,0.000000,-1,,,,,,,,,,,,
fft-fp16-fp32-log8-temporal-r2-t128-b1600,fft-fp16-fp32-log8-b1600,full,butterfly,cuButterfly-temporal-r2-t128,0,2,1600,1,0.000747,fp32,16,32,32,0,per-stage-twiddle,floating-complex,temporal-r2-t128,1,32,1024,16,64,1.0,1600,1.25,1.0,register+thread+warp,3276800,0.5208333333333334,0,Tesla V100-SXM2-16GB,7.0,fft,fp16,forward,none,out-of-place,0,,,,0.000000,,temporal-tile,radix2,four-mul,table,direct-strided,,1,8,,,,,,0,,,shared,linear,scalar,0,named-barrier,128,0,0,8,8,0,0,0,0,0,0,8,256,1600,1,256,1000,100,0.342944,0.010383,0.319744,154092700.865581,157.790926,39447731421.588638,0.000000,-1,,,,,,,,,,,,
structured-2x2-fp16-native-log18-online-r4-t256-b1,structured-2x2-fp16-native-log18-b1,full,butterfly,cuButterfly-online-r4-t256,0,1,1,1,0.002014,native,16,16,16,0,broadcast,floating-fma,online-r4-t256,256,46,2048,5,40,0.625,256,0.64,0.64,register,1048576,0.16666666666666666,0,Tesla V100-SXM2-16GB,7.0,structured-2x2,fp16,forward,none,out-of-place,0,,,,0.000000,,online-reorder,radix4,four-mul,table,direct-strided,0.92387949999999996:-0.38268340000000001:0.38268340000000001:0.92387949999999996,2,9x9,0x0,8x8,table,direct-strided,global-scratch,2,0x0,8x8,shared,linear,scalar,0,named-barrier,256,0,0,8,8,0,0,9,1,0,0,18,262144,1,1,262144,1000,100,0.120608,0.028283,0.144576,35357.077225,83.417811,9268645652.136530,0.000000,-1,,,,,,,,,,,,
fft-bf16-fp32-log8-temporal-r4-t128-b1280,fft-bf16-fp32-log8-b1280,full,butterfly,cuButterfly-temporal-r4-t128,0,3,1280,1,0.006154,fp32,16,32,32,0,per-stage-twiddle,floating-complex,temporal-r4-t128,1,42,1024,10,40,0.625,1280,1.6,1.0,register,2621440,0.4166666666666667,0,Tesla V100-SXM2-16GB,7.0,fft,bf16,forward,none,out-of-place,0,,,,0.000000,,temporal-tile,radix4,four-mul,table,direct-strided,,1,8,,,,,,0,,,shared,linear,scalar,0,named-barrier,128,0,0,8,8,0,0,0,0,0,0,8,256,1280,1,256,1000,100,0.296736,0.018207,0.338112,70303707.511433,71.990996,17997749122.926949,0.000000,-1,,,,,,,,,,,,
fft-bf16-fp32-log18-online-r2-t256-b1,fft-bf16-fp32-log18-b1,full,butterfly,cuButterfly-online-r2-t256,0,5,1,1,0.009642,fp32,16,32,32,0,per-stage-twiddle,floating-complex,online-r2-t256,256,38,2048,6,48,0.75,256,0.5333333333333333,0.5333333333333333,register,2097152,0.3333333333333333,0,Tesla V100-SXM2-16GB,7.0,fft,bf16,forward,none,out-of-place,0,,,,0.000000,,online-reorder,radix2,four-mul,table,direct-strided,,2,9x9,0x0,8x8,table,direct-strided,global-scratch,2,0x0,8x8,shared,linear,scalar,0,named-barrier,256,0,0,8,8,0,0,9,1,0,0,18,262144,1,1,262144,1000,100,0.321088,0.050821,0.264096,19676.859507,46.423536,5158170658.645276,0.000000,-1,,,,,,,,,,,,
fft-fp16-native-log20-hier-r4-t256-b3,fft-fp16-native-log20-b3,full,butterfly,cuButterfly-hier-r4-t256,0,2,3,1,0.001330,native,16,16,16,0,per-stage-twiddle,floating-complex,hier-r4-t256,512,48,4096,5,40,0.625,1536,3.84,1.0,register,25165824,4.0,0,Tesla V100-SXM2-16GB,7.0,fft,fp16,forward,none,out-of-place,0,,,,0.000000,,hierarchical,radix4,four-mul,table,direct-strided,,1,20,,,,,,0,,,shared,linear,scalar,0,named-barrier,256,0,0,8,8,0,0,10,0,0,0,20,1048576,3,1,1048576,1000,100,2.087040,0.428308,1.998784,7004.297350,73.445381,7344538097.961765,0.000000,-1,,,,,,,,,,,,
fft-fp64-log18-online-r2-t256-b1,fft-fp64-log18-b1,full,butterfly,cuButterfly-online-r2-t256,0,3,1,1,0.000000,native,64,64,64,0,per-stage-twiddle,floating-complex,online-r2-t256,256,42,8192,5,40,0.625,256,0.64,0.64,register,8388608,1.3333333333333333,0,Tesla V100-SXM2-16GB,7.0,fft,fp64,forward,none,out-of-place,0,,,,0.000000,,online-reorder,radix2,four-mul,table,direct-strided,,2,9x9,0x0,8x8,table,direct-strided,global-scratch,2,0x0,8x8,shared,linear,scalar,0,named-barrier,256,0,0,8,8,0,0,9,1,0,0,18,262144,1,1,262144,1000,100,0.740992,0.054866,0.736896,18226.250781,43.001121,4777902284.733837,0.000000,-1,,,,,,,,,,,,
subset-zeta-uint32-zeta-log8-temporal-r4-t128-b960,subset-zeta-uint32-zeta-log8-b960,full,butterfly,cuButterfly-temporal-r4-t128,0,1,960,1,0.000000,native,32,32,32,0,implicit-unit,integer-add,temporal-r4-t128,1,38,1024,12,48,0.75,960,1.0,1.0,register,1966080,0.3125,0,Tesla V100-SXM2-16GB,7.0,subset-zeta,uint32,forward,none,out-of-place,0,,,,0.000000,,temporal-tile,radix4,four-mul,table,direct-strided,,1,8,,,,,,0,,,shared,linear,scalar,0,named-barrier,128,0,0,8,8,0,0,0,0,0,0,8,256,960,1,256,1000,100,0.250048,0.004209,0.269216,228102204.427204,233.576657,58394164333.364128,0.000000,-1,,,,,,,,,,,,
fwht-fp32-log15-online-r4-t256-b9,fwht-fp32-log15-b9,full,butterfly,cuButterfly-online-r4-t256,0,4,9,1,0.000000,native,32,32,32,0,implicit-sign,floating-add,online-r4-t256,64,46,4096,5,40,0.625,576,1.44,1.0,register,2359296,0.375,0,Tesla V100-SXM2-16GB,7.0,fwht,fp32,forward,none,out-of-place,0,,,,0.000000,,online-reorder,radix4,four-mul,table,direct-strided,,2,8x7,0x0,8x8,table,direct-strided,global-scratch,2,0x0,8x8,shared,linear,scalar,0,named-barrier,256,0,0,8,8,0,0,8,1,0,0,15,32768,9,1,32768,1000,100,0.274560,0.027576,0.284352,326366.971421,80.207947,10694392919.527584,0.000000,-1,,,,,,,,,,,,
fft-fp16-fp32-log15-online-r2-t256-b6,fft-fp16-fp32-log15-b6,full,butterfly,cuButterfly-online-r2-t256,0,1,6,1,0.001078,fp32,16,32,32,0,per-stage-twiddle,floating-complex,online-r2-t256,64,38,2048,6,48,0.75,384,0.8,0.8,register,1572864,0.25,0,Tesla V100-SXM2-16GB,7.0,fft,fp16,forward,none,out-of-place,0,,,,0.000000,,online-reorder,radix2,four-mul,table,direct-strided,,2,8x7,0x0,8x8,table,direct-strided,global-scratch,2,0x0,8x8,shared,linear,scalar,0,named-barrier,256,0,0,8,8,0,0,8,1,0,0,15,32768,6,1,32768,1000,100,0.228544,0.030351,0.205952,197684.720526,48.582997,6477732922.180514,0.000000,-1,,,,,,,,,,,,
fwht-bf16-native-log15-online-r2-t256-b6,fwht-bf16-native-log15-b6,full,butterfly,cuButterfly-online-r2-t256,0,3,6,1,0.006966,native,16,32,16,1,implicit-sign,floating-add,online-r2-t256,64,36,1024,6,48,0.75,384,0.8,0.8,register,786432,0.125,0,Tesla V100-SXM2-16GB,7.0,fwht,bf16,forward,none,out-of-place,0,,,,0.000000,,online-reorder,radix2,four-mul,table,direct-strided,,2,8x7,0x0,8x8,table,direct-strided,global-scratch,2,0x0,8x8,shared,linear,scalar,0,named-barrier,256,0,0,8,8,0,0,8,1,0,0,15,32768,6,1,32768,1000,100,0.095488,0.022753,0.126688,263698.248809,64.806482,8640864216.982025,0.000000,-1,,,,,,,,,,,,
fft-bf16-fp32-log20-online-r2-t256-b1,fft-bf16-fp32-log20-b1,full,butterfly,cuButterfly-online-r2-t256,0,4,1,1,0.010209,fp32,16,32,32,0,per-stage-twiddle,floating-complex,online-r2-t256,512,38,2048,6,48,0.75,512,1.0666666666666667,1.0,register,8388608,1.3333333333333333,0,Tesla V100-SXM2-16GB,7.0,fft,bf16,forward,none,out-of-place,0,,,,0.000000,,online-reorder,radix2,four-mul,table,direct-strided,,2,10x10,0x0,8x8,table,direct-strided,global-scratch,2,0x0,8x8,shared,linear,scalar,0,named-barrier,256,0,0,8,8,0,0,10,1,0,0,20,1048576,1,1,1048576,1000,100,0.745824,0.185743,0.738112,5383.772917,56.452951,5645295069.818472,0.000000,-1,,,,,,,,,,,,
fft-fp64-log20-online-r4-t256-b1,fft-fp64-log20-b1,full,butterfly,cuButterfly-online-r4-t256,0,3,1,1,0.000000,native,64,64,64,0,per-stage-twiddle,floating-complex,online-r4-t256,512,58,16384,4,32,0.5,512,1.6,1.0,register,33554432,5.333333333333333,0,Tesla V100-SXM2-16GB,7.0,fft,fp64,forward,none,out-of-place,0,,,,0.000000,,online-reorder,radix4,four-mul,table,direct-strided,,2,10x10,0x0,8x8,table,direct-strided,global-scratch,2,0x0,8x8,shared,linear,scalar,0,named-barrier,256,0,0,8,8,0,0,10,1,0,0,20,1048576,1,1,1048576,1000,100,2.757504,0.281078,2.607168,3557.734187,37.305547,3730554682.874078,0.000000,-1,,,,,,,,,,,,
fwht-fp32-log15-online-r4-t256-b8,fwht-fp32-log15-b8,full,butterfly,cuButterfly-online-r4-t256,0,2,8,1,0.000000,native,32,32,32,0,implicit-sign,floating-add,online-r4-t256,64,46,4096,5,40,0.625,512,1.28,1.0,register,2097152,0.3333333333333333,0,Tesla V100-SXM2-16GB,7.0,fwht,fp32,forward,none,out-of-place,0,,,,0.000000,,online-reorder,radix4,four-mul,table,direct-strided,,2,8x7,0x0,8x8,table,direct-strided,global-scratch,2,0x0,8x8,shared,linear,scalar,0,named-barrier,256,0,0,8,8,0,0,8,1,0,0,15,32768,8,1,32768,1000,100,0.276320,0.025252,0.250720,316808.605576,77.858883,10381184387.503469,0.000000,-1,,,,,,,,,,,,
fft-fp16-native-log20-online-r4-t256-b3,fft-fp16-native-log20-b3,full,butterfly,cuButterfly-online-r4-t256,0,2,3,1,0.001330,native,16,16,16,0,per-stage-twiddle,floating-complex,online-r4-t256,512,50,4096,4,32,0.5,1536,4.8,1.0,register,25165824,4.0,0,Tesla V100-SXM2-16GB,7.0,fft,fp16,forward,none,out-of-place,0,,,,0.000000,,online-reorder,radix4,four-mul,table,direct-strided,,2,10x10,0x0,8x8,table,direct-strided,global-scratch,2,0x0,8x8,shared,linear,scalar,0,named-barrier,256,0,0,8,8,0,0,10,1,0,0,20,1048576,3,1,1048576,1000,100,2.097760,0.346747,1.981408,8651.844701,90.721167,9072116709.142000,0.000000,-1,,,,,,,,,,,,
fft-fp64-log18-online-r4-t256-b1,fft-fp64-log18-b1,full,butterfly,cuButterfly-online-r4-t256,0,5,1,1,0.000000,native,64,64,64,0,per-stage-twiddle,floating-complex,online-r4-t256,256,58,16384,4,32,0.5,256,0.8,0.8,register,8388608,1.3333333333333333,0,Tesla V100-SXM2-16GB,7.0,fft,fp64,forward,none,out-of-place,0,,,,0.000000,,online-reorder,radix4,four-mul,table,direct-strided,,2,9x9,0x0,8x8,table,direct-strided,global-scratch,2,0x0,8x8,shared,linear,scalar,0,named-barrier,256,0,0,8,8,0,0,9,1,0,0,18,262144,1,1,262144,1000,100,0.752256,0.058194,0.754720,17183.925140,40.541966,4504662871.957490,0.000000,-1,,,,,,,,,,,,
fwht-fp32-log15-online-r4-t256-b7,fwht-fp32-log15-b7,full,butterfly,cuButterfly-online-r4-t256,0,2,7,1,0.000000,native,32,32,32,0,implicit-sign,floating-add,online-r4-t256,64,46,4096,5,40,0.625,448,1.12,1.0,register,1835008,0.2916666666666667,0,Tesla V100-SXM2-16GB,7.0,fwht,fp32,forward,none,out-of-place,0,,,,0.000000,,online-reorder,radix4,four-mul,table,direct-strided,,2,8x7,0x0,8x8,table,direct-strided,global-scratch,2,0x0,8x8,shared,linear,scalar,0,named-barrier,256,0,0,8,8,0,0,8,1,0,0,15,32768,7,1,32768,1000,100,0.231648,0.022815,0.225760,306819.470274,75.403953,10053860401.938873,0.000000,-1,,,,,,,,,,,,
fwht-fp16-fp32-log20-online-r4-t256-b1,fwht-fp16-fp32-log20-b1,full,butterfly,cuButterfly-online-r4-t256,0,4,1,1,0.001000,fp32,16,32,32,0,implicit-sign,floating-add,online-r4-t256,512,46,2048,5,40,0.625,512,1.28,1.0,register,4194304,0.6666666666666666,0,Tesla V100-SXM2-16GB,7.0,fwht,fp16,forward,none,out-of-place,0,,,,0.000000,,online-reorder,radix4,four-mul,table,direct-strided,,2,10x10,0x0,8x8,table,direct-strided,global-scratch,2,0x0,8x8,shared,linear,scalar,0,named-barrier,256,0,0,8,8,0,0,10,1,0,0,20,1048576,1,1,1048576,1000,100,0.437056,0.088033,0.426912,11359.341266,119.111326,11911132626.855995,0.000000,-1,,,,,,,,,,,,
fft-bf16-fp32-log8-temporal-r4-t128-b1280,fft-bf16-fp32-log8-b1280,full,butterfly,cuButterfly-temporal-r4-t128,0,1,1280,1,0.006154,fp32,16,32,32,0,per-stage-twiddle,floating-complex,temporal-r4-t128,1,42,1024,10,40,0.625,1280,1.6,1.0,register,2621440,0.4166666666666667,0,Tesla V100-SXM2-16GB,7.0,fft,bf16,forward,none,out-of-place,0,,,,0.000000,,temporal-tile,radix4,four-mul,table,direct-strided,,1,8,,,,,,0,,,shared,linear,scalar,0,named-barrier,128,0,0,8,8,0,0,0,0,0,0,8,256,1280,1,256,1000,100,0.315904,0.018227,0.289920,70224715.421167,71.910109,17977527147.818634,0.000000,-1,,,,,,,,,,,,
subset-zeta-uint32-zeta-log8-temporal-r2-t128-b1281,subset-zeta-uint32-zeta-log8-b1281,full,butterfly,cuButterfly-temporal-r2-t128,0,2,1281,1,0.000000,native,32,32,32,0,implicit-unit,integer-add,temporal-r2-t128,1,30,1024,16,64,1.0,1281,1.00078125,1.0,register+thread+warp,2623488,0.4169921875,0,Tesla V100-SXM2-16GB,7.0,subset-zeta,uint32,forward,none,out-of-place,0,,,,0.000000,,temporal-tile,radix2,four-mul,table,direct-strided,,1,8,,,,,,0,,,shared,linear,scalar,0,named-barrier,128,0,0,8,8,0,0,0,0,0,0,8,256,1281,1,256,1000,100,0.309440,0.005253,0.286464,243855086.915518,249.707609,62426902250.372551,0.000000,-1,,,,,,,,,,,,
fwht-fp32-log15-hier-r4-t256-b9,fwht-fp32-log15-b9,full,butterfly,cuButterfly-hier-r4-t256,0,1,9,1,0.000000,native,32,32,32,0,implicit-sign,floating-add,hier-r4-t256,64,44,4096,5,40,0.625,576,1.44,1.0,register,2359296,0.375,0,Tesla V100-SXM2-16GB,7.0,fwht,fp32,forward,none,out-of-place,0,,,,0.000000,,hierarchical,radix4,four-mul,table,direct-strided,,1,15,,,,,,0,,,shared,linear,scalar,0,named-barrier,256,0,0,8,8,0,0,8,0,0,0,15,32768,9,1,32768,1000,100,0.285824,0.024863,0.284064,361987.724369,88.962103,11861613752.139185,0.000000,-1,,,,,,,,,,,,
fwht-fp16-native-log20-hier-r4-t256-b1,fwht-fp16-native-log20-b1,full,butterfly,cuButterfly-hier-r4-t256,0,1,1,1,0.001000,native,16,16,16,0,implicit-sign,floating-add,hier-r4-t256,512,44,2048,5,40,0.625,512,1.28,1.0,register,4194304,0.6666666666666666,0,Tesla V100-SXM2-16GB,7.0,fwht,fp16,forward,none,out-of-place,0,,,,0.000000,,hierarchical,radix4,four-mul,table,direct-strided,,1,20,,,,,,0,,,shared,linear,scalar,0,named-barrier,256,0,0,8,8,0,0,10,0,0,0,20,1048576,1,1,1048576,1000,100,0.425440,0.058409,0.452416,17120.660734,179.523140,17952313950.338272,0.000000,-1,,,,,,,,,,,,
fft-bf16-fp32-log8-temporal-r2-t128-b1279,fft-bf16-fp32-log8-b1279,full,butterfly,cuButterfly-temporal-r2-t128,0,4,1279,1,0.006154,fp32,16,32,32,0,per-stage-twiddle,floating-complex,temporal-r2-t128,1,32,1024,16,64,1.0,1279,0.99921875,0.99921875,register+thread+warp,2619392,0.4163411458333333,0,Tesla V100-SXM2-16GB,7.0,fft,bf16,forward,none,out-of-place,0,,,,0.000000,,temporal-tile,radix2,four-mul,table,direct-strided,,1,8,,,,,,0,,,shared,linear,scalar,0,named-barrier,128,0,0,8,8,0,0,0,0,0,0,8,256,1279,1,256,1000,100,0.291424,0.017326,0.343936,73819355.042235,75.591020,18897754890.812038,0.000000,-1,,,,,,,,,,,,
fft-fp16-native-log20-online-r4-t256-b2,fft-fp16-native-log20-b2,full,butterfly,cuButterfly-online-r4-t256,0,1,2,1,0.001330,native,16,16,16,0,per-stage-twiddle,floating-complex,online-r4-t256,512,50,4096,4,32,0.5,1024,3.2,1.0,register,16777216,2.6666666666666665,0,Tesla V100-SXM2-16GB,7.0,fft,fp16,forward,none,out-of-place,0,,,,0.000000,,online-reorder,radix4,four-mul,table,direct-strided,,2,10x10,0x0,8x8,table,direct-strided,global-scratch,2,0x0,8x8,shared,linear,scalar,0,named-barrier,256,0,0,8,8,0,0,10,1,0,0,20,1048576,2,1,1048576,1000,100,1.418144,0.238008,1.370720,8403.067579,88.112550,8811254989.230719,0.000000,-1,,,,,,,,,,,,
subset-zeta-uint32-zeta-log8-temporal-r4-t128-b1280,subset-zeta-uint32-zeta-log8-b1280,full,butterfly,cuButterfly-temporal-r4-t128,0,2,1280,1,0.000000,native,32,32,32,0,implicit-unit,integer-add,temporal-r4-t128,1,38,1024,12,48,0.75,1280,1.3333333333333333,1.0,register,2621440,0.4166666666666667,0,Tesla V100-SXM2-16GB,7.0,subset-zeta,uint32,forward,none,out-of-place,0,,,,0.000000,,temporal-tile,radix4,four-mul,table,direct-strided,,1,8,,,,,,0,,,shared,linear,scalar,0,named-barrier,128,0,0,8,8,0,0,0,0,0,0,8,256,1280,1,256,1000,100,0.310592,0.004741,0.292544,269978393.062383,276.457874,69114468623.969925,0.000000,-1,,,,,,,,,,,,
subset-zeta-uint32-zeta-log8-temporal-r2-t128-b1920,subset-zeta-uint32-zeta-log8-b1920,full,butterfly,cuButterfly-temporal-r2-t128,0,4,1920,1,0.000000,native,32,32,32,0,implicit-unit,integer-add,temporal-r2-t128,1,30,1024,16,64,1.0,1920,1.5,1.0,register+thread+warp,3932160,0.625,0,Tesla V100-SXM2-16GB,7.0,subset-zeta,uint32,forward,none,out-of-place,0,,,,0.000000,,temporal-tile,radix2,four-mul,table,direct-strided,,1,8,,,,,,0,,,shared,linear,scalar,0,named-barrier,128,0,0,8,8,0,0,0,0,0,0,8,256,1920,1,256,1000,100,0.396832,0.006646,0.421536,288906007.798251,295.839752,73959937996.352356,0.000000,-1,,,,,,,,,,,,
structured-2x2-fp16-fp32-log15-online-r4-t256-b6,structured-2x2-fp16-fp32-log15-b6,full,butterfly,cuButterfly-online-r4-t256,0,2,6,1,0.001612,fp32,16,32,32,0,broadcast,floating-fma,online-r4-t256,64,46,2048,5,40,0.625,384,0.96,0.96,register,786432,0.125,0,Tesla V100-SXM2-16GB,7.0,structured-2x2,fp16,forward,none,out-of-place,0,,,,0.000000,,online-reorder,radix4,four-mul,table,direct-strided,0.92387949999999996:-0.38268340000000001:0.38268340000000001:0.92387949999999996,2,8x7,0x0,8x8,table,direct-strided,global-scratch,2,0x0,8x8,shared,linear,scalar,0,named-barrier,256,0,0,8,8,0,0,8,1,0,0,15,32768,6,1,32768,1000,100,0.091872,0.023173,0.109088,258920.681934,63.632347,8484312905.604980,0.000000,-1,,,,,,,,,,,,
structured-2x2-fp16-fp32-log15-hier-r4-t256-b6,structured-2x2-fp16-fp32-log15-b6,full,butterfly,cuButterfly-hier-r4-t256,0,3,6,1,0.001612,fp32,16,32,32,0,broadcast,floating-fma,hier-r4-t256,64,44,2048,5,40,0.625,384,0.96,0.96,register,786432,0.125,0,Tesla V100-SXM2-16GB,7.0,structured-2x2,fp16,forward,none,out-of-place,0,,,,0.000000,,hierarchical,radix4,four-mul,table,direct-strided,0.92387949999999996:-0.38268340000000001:0.38268340000000001:0.92387949999999996,1,15,,,,,,0,,,shared,linear,scalar,0,named-barrier,256,0,0,8,8,0,0,8,0,0,0,15,32768,6,1,32768,1000,100,0.092960,0.023316,0.128000,257328.719582,63.241106,8432147483.251717,0.000000,-1,,,,,,,,,,,,
structured-2x2-bf16-native-log15-hier-r4-t256-b7,structured-2x2-bf16-native-log15-b7,full,butterfly,cuButterfly-hier-r4-t256,0,5,7,1,0.029309,native,16,32,16,1,broadcast,floating-fma,hier-r4-t256,64,44,2048,5,40,0.625,448,1.12,1.0,register,917504,0.14583333333333334,0,Tesla V100-SXM2-16GB,7.0,structured-2x2,bf16,forward,none,out-of-place,0,,,,0.000000,,hierarchical,radix4,four-mul,table,direct-strided,0.92387949999999996:-0.38268340000000001:0.38268340000000001:0.92387949999999996,1,15,,,,,,0,,,shared,linear,scalar,0,named-barrier,256,0,0,8,8,0,0,8,0,0,0,15,32768,7,1,32768,1000,100,0.107616,0.039168,0.128576,178717.319252,43.921568,5856209117.246207,0.000000,-1,,,,,,,,,,,,
fwht-fp32-log15-hier-r4-t256-b13,fwht-fp32-log15-b13,full,butterfly,cuButterfly-hier-r4-t256,0,4,13,1,0.000000,native,32,32,32,0,implicit-sign,floating-add,hier-r4-t256,64,44,4096,5,40,0.625,832,2.08,1.0,register,3407872,0.5416666666666666,0,Tesla V100-SXM2-16GB,7.0,fwht,fp32,forward,none,out-of-place,0,,,,0.000000,,hierarchical,radix4,four-mul,table,direct-strided,,1,15,,,,,,0,,,shared,linear,scalar,0,named-barrier,256,0,0,8,8,0,0,8,0,0,0,15,32768,13,1,32768,1000,100,0.356320,0.028877,0.383264,450188.385121,110.638298,14751773003.630627,0.000000,-1,,,,,,,,,,,,
structured-2x2-fp32-log8-temporal-r4-t128-b640,structured-2x2-fp32-log8-b640,full,butterfly,cuButterfly-temporal-r4-t128,0,1,640,1,0.000000,native,32,32,32,0,broadcast,floating-fma,temporal-r4-t128,1,38,1024,12,48,0.75,640,0.6666666666666666,0.6666666666666666,register,1310720,0.20833333333333334,0,Tesla V100-SXM2-16GB,7.0,structured-2x2,fp32,forward,none,out-of-place,0,,,,0.000000,,temporal-tile,radix4,four-mul,table,direct-strided,0.92387949999999996:-0.38268340000000001:0.38268340000000001:0.92387949999999996,1,8,,,,,,0,,,shared,linear,scalar,0,named-barrier,128,0,0,8,8,0,0,0,0,0,0,8,256,640,1,256,1000,100,0.156672,0.004188,0.197952,152811737.898745,156.479220,39119804902.078667,0.000000,-1,,,,,,,,,,,,
structured-2x2-fp16-fp32-log20-hier-r4-t256-b1,structured-2x2-fp16-fp32-log20-b1,full,butterfly,cuButterfly-hier-r4-t256,0,2,1,1,0.002086,fp32,16,32,32,0,broadcast,floating-fma,hier-r4-t256,512,44,2048,5,40,0.625,512,1.28,1.0,register,4194304,0.6666666666666666,0,Tesla V100-SXM2-16GB,7.0,structured-2x2,fp16,forward,none,out-of-place,0,,,,0.000000,,hierarchical,radix4,four-mul,table,direct-strided,0.92387949999999996:-0.38268340000000001:0.38268340000000001:0.92387949999999996,1,20,,,,,,0,,,shared,linear,scalar,0,named-barrier,256,0,0,8,8,0,0,10,0,0,0,20,1048576,1,1,1048576,1000,100,0.424768,0.067850,0.424800,14738.341475,154.542712,15454271150.248964,0.000000,-1,,,,,,,,,,,,
fwht-fp32-log15-online-r2-t256-b6,fwht-fp32-log15-b6,full,butterfly,cuButterfly-online-r2-t256,0,2,6,1,0.000000,native,32,32,32,0,implicit-sign,floating-add,online-r2-t256,64,36,2048,6,48,0.75,384,0.8,0.8,register,1572864,0.25,0,Tesla V100-SXM2-16GB,7.0,fwht,fp32,forward,none,out-of-place,0,,,,0.000000,,online-reorder,radix2,four-mul,table,direct-strided,,2,8x7,0x0,8x8,table,direct-strided,global-scratch,2,0x0,8x8,shared,linear,scalar,0,named-barrier,256,0,0,8,8,0,0,8,1,0,0,15,32768,6,1,32768,1000,100,0.181024,0.020941,0.215840,286522.014932,70.415650,9388753385.276913,0.000000,-1,,,,,,,,,,,,
structured-2x2-bf16-native-log15-hier-r4-t256-b8,structured-2x2-bf16-native-log15-b8,full,butterfly,cuButterfly-hier-r4-t256,0,4,8,1,0.029309,native,16,32,16,1,broadcast,floating-fma,hier-r4-t256,64,44,2048,5,40,0.625,512,1.28,1.0,register,1048576,0.16666666666666666,0,Tesla V100-SXM2-16GB,7.0,structured-2x2,bf16,forward,none,out-of-place,0,,,,0.000000,,hierarchical,radix4,four-mul,table,direct-strided,0.92387949999999996:-0.38268340000000001:0.38268340000000001:0.92387949999999996,1,15,,,,,,0,,,shared,linear,scalar,0,named-barrier,256,0,0,8,8,0,0,8,0,0,0,15,32768,8,1,32768,1000,100,0.121248,0.043356,0.160896,184518.179454,45.347188,6046291704.340081,0.000000,-1,,,,,,,,,,,,
subset-zeta-uint32-zeta-log8-temporal-r4-t128-b1281,subset-zeta-uint32-zeta-log8-b1281,full,butterfly,cuButterfly-temporal-r4-t128,0,1,1281,1,0.000000,native,32,32,32,0,implicit-unit,integer-add,temporal-r4-t128,1,38,1024,12,48,0.75,1281,1.334375,1.0,register,2623488,0.4169921875,0,Tesla V100-SXM2-16GB,7.0,subset-zeta,uint32,forward,none,out-of-place,0,,,,0.000000,,temporal-tile,radix4,four-mul,table,direct-strided,,1,8,,,,,,0,,,shared,linear,scalar,0,named-barrier,128,0,0,8,8,0,0,0,0,0,0,8,256,1281,1,256,1000,100,0.312512,0.004762,0.296960,269027221.380988,275.483875,68870968673.533051,0.000000,-1,,,,,,,,,,,,
structured-2x2-bf16-fp32-log18-online-r2-t256-b1,structured-2x2-bf16-fp32-log18-b1,full,butterfly,cuButterfly-online-r2-t256,0,1,1,1,0.033858,fp32,16,32,32,0,broadcast,floating-fma,online-r2-t256,256,36,1024,6,48,0.75,256,0.5333333333333333,0.5333333333333333,register,1048576,0.16666666666666666,0,Tesla V100-SXM2-16GB,7.0,structured-2x2,bf16,forward,none,out-of-place,0,,,,0.000000,,online-reorder,radix2,four-mul,table,direct-strided,0.92387949999999996:-0.38268340000000001:0.38268340000000001:0.92387949999999996,2,9x9,0x0,8x8,table,direct-strided,global-scratch,2,0x0,8x8,shared,linear,scalar,0,named-barrier,256,0,0,8,8,0,0,9,1,0,0,18,262144,1,1,262144,1000,100,0.122240,0.035389,0.131296,28257.018163,66.666670,7407407769.197181,0.000000,-1,,,,,,,,,,,,
fft-fp16-fp32-log8-temporal-r2-t128-b1279,fft-fp16-fp32-log8-b1279,full,butterfly,cuButterfly-temporal-r2-t128,0,1,1279,1,0.000747,fp32,16,32,32,0,per-stage-twiddle,floating-complex,temporal-r2-t128,1,32,1024,16,64,1.0,1279,0.99921875,0.99921875,register+thread+warp,2619392,0.4163411458333333,0,Tesla V100-SXM2-16GB,7.0,fft,fp16,forward,none,out-of-place,0,,,,0.000000,,temporal-tile,radix2,four-mul,table,direct-strided,,1,8,,,,,,0,,,shared,linear,scalar,0,named-barrier,128,0,0,8,8,0,0,0,0,0,0,8,256,1279,1,256,1000,100,0.316576,0.008366,0.263392,152879245.697823,156.548348,39137086898.642662,0.000000,-1,,,,,,,,,,,,
ntt-uint64-ntt-log15-ntt-hybrid-r4-t256-b240,ntt-uint64-ntt-log15-b240,full,ntt,cuButterfly-ntt-hybrid-r4-t256,0,3,240,1,,native,64,64,64,0,per-stage-root,modular-multiply-reduce,ntt-hybrid-r4-t256,1,66,8192,3,24,0.375,240,1.0,1.0,register,125829120,20.0,0,Tesla V100-SXM2-16GB,7.0,ntt,uint64,forward,,,0,,,,0.000000,,hybrid2d,radix4,,fused,,,,,,,,,,,,,,,,0,named-barrier,,,,,,,,,,,,15,32768,240,1,32768,1000,100,10.192448,0.473651,9.508000,,,,,-1,natural,64,1152921504606748673,60,7,4,256,0,506701.977594,11896.441927,16603610401.814072,shoup
fwht-fp32-log15-online-r2-t256-b7,fwht-fp32-log15-b7,full,butterfly,cuButterfly-online-r2-t256,0,1,7,1,0.000000,native,32,32,32,0,implicit-sign,floating-add,online-r2-t256,64,36,2048,6,48,0.75,448,0.9333333333333333,0.9333333333333333,register,1835008,0.2916666666666667,0,Tesla V100-SXM2-16GB,7.0,fwht,fp32,forward,none,out-of-place,0,,,,0.000000,,online-reorder,radix2,four-mul,table,direct-strided,,2,8x7,0x0,8x8,table,direct-strided,global-scratch,2,0x0,8x8,shared,linear,scalar,0,named-barrier,256,0,0,8,8,0,0,8,1,0,0,15,32768,7,1,32768,1000,100,0.240832,0.023634,0.214464,296184.448036,72.790290,9705371993.232540,0.000000,-1,,,,,,,,,,,,
fft-fp16-fp32-log8-temporal-r2-t128-b1600,fft-fp16-fp32-log8-b1600,full,butterfly,cuButterfly-temporal-r2-t128,0,5,1600,1,0.000747,fp32,16,32,32,0,per-stage-twiddle,floating-complex,temporal-r2-t128,1,32,1024,16,64,1.0,1600,1.25,1.0,register+thread+warp,3276800,0.5208333333333334,0,Tesla V100-SXM2-16GB,7.0,fft,fp16,forward,none,out-of-place,0,,,,0.000000,,temporal-tile,radix2,four-mul,table,direct-strided,,1,8,,,,,,0,,,shared,linear,scalar,0,named-barrier,128,0,0,8,8,0,0,0,0,0,0,8,256,1600,1,256,1000,100,0.370944,0.010465,0.298752,152886494.831498,156.555771,39138942676.863571,0.000000,-1,,,,,,,,,,,,
fft-fp16-native-log20-online-r4-t256-b3,fft-fp16-native-log20-b3,full,butterfly,cuButterfly-online-r4-t256,0,1,3,1,0.001330,native,16,16,16,0,per-stage-twiddle,floating-complex,online-r4-t256,512,50,4096,4,32,0.5,1536,4.8,1.0,register,25165824,4.0,0,Tesla V100-SXM2-16GB,7.0,fft,fp16,forward,none,out-of-place,0,,,,0.000000,,online-reorder,radix4,four-mul,table,direct-strided,,2,10x10,0x0,8x8,table,direct-strided,global-scratch,2,0x0,8x8,shared,linear,scalar,0,named-barrier,256,0,0,8,8,0,0,10,1,0,0,20,1048576,3,1,1048576,1000,100,2.103840,0.346634,1.984352,8654.654979,90.750635,9075063499.194403,0.000000,-1,,,,,,,,,,,,
structured-2x2-fp32-log15-hier-r4-t256-b8,structured-2x2-fp32-log15-b8,full,butterfly,cuButterfly-hier-r4-t256,0,2,8,1,0.000000,native,32,32,32,0,broadcast,floating-fma,hier-r4-t256,64,44,4096,5,40,0.625,512,1.28,1.0,register,2097152,0.3333333333333333,0,Tesla V100-SXM2-16GB,7.0,structured-2x2,fp32,forward,none,out-of-place,0,,,,0.000000,,hierarchical,radix4,four-mul,table,direct-strided,0.92387949999999996:-0.38268340000000001:0.38268340000000001:0.92387949999999996,1,15,,,,,,0,,,shared,linear,scalar,0,named-barrier,256,0,0,8,8,0,0,8,0,0,0,15,32768,8,1,32768,1000,100,0.266176,0.024822,0.248992,322297.853060,79.207920,10561056049.061085,0.000000,-1,,,,,,,,,,,,
structured-2x2-fp16-fp32-log20-hier-r4-t256-b1,structured-2x2-fp16-fp32-log20-b1,full,butterfly,cuButterfly-hier-r4-t256,0,1,1,1,0.002086,fp32,16,32,32,0,broadcast,floating-fma,hier-r4-t256,512,44,2048,5,40,0.625,512,1.28,1.0,register,4194304,0.6666666666666666,0,Tesla V100-SXM2-16GB,7.0,structured-2x2,fp16,forward,none,out-of-place,0,,,,0.000000,,hierarchical,radix4,four-mul,table,direct-strided,0.92387949999999996:-0.38268340000000001:0.38268340000000001:0.92387949999999996,1,20,,,,,,0,,,shared,linear,scalar,0,named-barrier,256,0,0,8,8,0,0,10,0,0,0,20,1048576,1,1,1048576,1000,100,0.436640,0.067912,0.407488,14725.006561,154.402885,15440288479.339005,0.000000,-1,,,,,,,,,,,,
structured-2x2-fp32-log8-temporal-r2-t128-b960,structured-2x2-fp32-log8-b960,full,butterfly,cuButterfly-temporal-r2-t128,0,3,960,1,0.000000,native,32,32,32,0,broadcast,floating-fma,temporal-r2-t128,1,30,1024,16,64,1.0,960,0.75,0.75,register+thread+warp,1966080,0.3125,0,Tesla V100-SXM2-16GB,7.0,structured-2x2,fp32,forward,none,out-of-place,0,,,,0.000000,,temporal-tile,radix2,four-mul,table,direct-strided,0.92387949999999996:-0.38268340000000001:0.38268340000000001:0.92387949999999996,1,8,,,,,,0,,,shared,linear,scalar,0,named-barrier,128,0,0,8,8,0,0,0,0,0,0,8,256,960,1,256,1000,100,0.229248,0.005868,0.262528,163612568.747206,167.539270,41884817599.284721,0.000000,-1,,,,,,,,,,,,
structured-2x2-bf16-native-log15-online-r2-t256-b7,structured-2x2-bf16-native-log15-b7,full,butterfly,cuButterfly-online-r2-t256,0,4,7,1,0.029309,native,16,32,16,1,broadcast,floating-fma,online-r2-t256,64,36,1024,6,48,0.75,448,0.9333333333333333,0.9333333333333333,register,917504,0.14583333333333334,0,Tesla V100-SXM2-16GB,7.0,structured-2x2,bf16,forward,none,out-of-place,0,,,,0.000000,,online-reorder,radix2,four-mul,table,direct-strided,0.92387949999999996:-0.38268340000000001:0.38268340000000001:0.92387949999999996,2,8x7,0x0,8x8,table,direct-strided,global-scratch,2,0x0,8x8,shared,linear,scalar,0,named-barrier,256,0,0,8,8,0,0,8,1,0,0,15,32768,7,1,32768,1000,100,0.107456,0.037489,0.127808,186723.234572,45.889102,6118546950.443195,0.000000,-1,,,,,,,,,,,,
fft-bf16-fp32-log8-temporal-r2-t128-b1280,fft-bf16-fp32-log8-b1280,full,butterfly,cuButterfly-temporal-r2-t128,0,1,1280,1,0.006154,fp32,16,32,32,0,per-stage-twiddle,floating-complex,temporal-r2-t128,1,32,1024,16,64,1.0,1280,1.0,1.0,register+thread+warp,2621440,0.4166666666666667,0,Tesla V100-SXM2-16GB,7.0,fft,bf16,forward,none,out-of-place,0,,,,0.000000,,temporal-tile,radix2,four-mul,table,direct-strided,,1,8,,,,,,0,,,shared,linear,scalar,0,named-barrier,128,0,0,8,8,0,0,0,0,0,0,8,256,1280,1,256,1000,100,0.316896,0.017347,0.296832,73789850.377913,75.560807,18890201696.745674,0.000000,-1,,,,,,,,,,,,
fft-bf16-fp32-log8-temporal-r2-t128-b1280,fft-bf16-fp32-log8-b1280,full,butterfly,cuButterfly-temporal-r2-t128,0,4,1280,1,0.006154,fp32,16,32,32,0,per-stage-twiddle,floating-complex,temporal-r2-t128,1,32,1024,16,64,1.0,1280,1.0,1.0,register+thread+warp,2621440,0.4166666666666667,0,Tesla V100-SXM2-16GB,7.0,fft,bf16,forward,none,out-of-place,0,,,,0.000000,,temporal-tile,radix2,four-mul,table,direct-strided,,1,8,,,,,,0,,,shared,linear,scalar,0,named-barrier,128,0,0,8,8,0,0,0,0,0,0,8,256,1280,1,256,1000,100,0.304384,0.017347,0.330816,73789850.377913,75.560807,18890201696.745674,0.000000,-1,,,,,,,,,,,,
fwht-bf16-native-log8-temporal-r4-t128-b961,fwht-bf16-native-log8-b961,full,butterfly,cuButterfly-temporal-r4-t128,0,5,961,1,0.005010,native,16,32,16,1,implicit-sign,floating-add,temporal-r4-t128,1,38,512,12,48,0.75,961,1.0010416666666666,1.0,register,984064,0.15641276041666666,0,Tesla V100-SXM2-16GB,7.0,fwht,bf16,forward,none,out-of-place,0,,,,0.000000,,temporal-tile,radix4,four-mul,table,direct-strided,,1,8,,,,,,0,,,shared,linear,scalar,0,named-barrier,128,0,0,8,8,0,0,0,0,0,0,8,256,961,1,256,1000,100,0.136288,0.006851,0.129728,140280508.143003,143.647240,35911810084.608704,0.000000,-1,,,,,,,,,,,,
fft-bf16-fp32-log8-temporal-r4-t128-b1279,fft-bf16-fp32-log8-b1279,full,butterfly,cuButterfly-temporal-r4-t128,0,5,1279,1,0.006154,fp32,16,32,32,0,per-stage-twiddle,floating-complex,temporal-r4-t128,1,42,1024,10,40,0.625,1279,1.59875,1.0,register,2619392,0.4163411458333333,0,Tesla V100-SXM2-16GB,7.0,fft,bf16,forward,none,out-of-place,0,,,,0.000000,,temporal-tile,radix4,four-mul,table,direct-strided,,1,8,,,,,,0,,,shared,linear,scalar,0,named-barrier,128,0,0,8,8,0,0,0,0,0,0,8,256,1279,1,256,1000,100,0.315072,0.018145,0.330016,70486650.131656,72.178330,18044582433.703941,0.000000,-1,,,,,,,,,,,,
fft-fp64-log8-temporal-r4-t128-b1440,fft-fp64-log8-b1440,full,butterfly,cuButterfly-temporal-r4-t128,0,4,1440,1,0.000000,native,64,64,64,0,per-stage-twiddle,floating-complex,temporal-r4-t128,1,50,4096,9,36,0.5625,1440,2.0,1.0,register,11796480,1.875,0,Tesla V100-SXM2-16GB,7.0,fft,fp64,forward,none,out-of-place,0,,,,0.000000,,temporal-tile,radix4,four-mul,table,direct-strided,,1,8,,,,,,0,,,shared,linear,scalar,0,named-barrier,128,0,0,8,8,0,0,0,0,0,0,8,256,1440,1,256,1000,100,1.025664,0.023132,0.960448,62250995.192521,63.745019,15936254769.285475,0.000000,-1,,,,,,,,,,,,
fft-fp64-log8-temporal-r4-t128-b1440,fft-fp64-log8-b1440,full,butterfly,cuButterfly-temporal-r4-t128,0,3,1440,1,0.000000,native,64,64,64,0,per-stage-twiddle,floating-complex,temporal-r4-t128,1,50,4096,9,36,0.5625,1440,2.0,1.0,register,11796480,1.875,0,Tesla V100-SXM2-16GB,7.0,fft,fp64,forward,none,out-of-place,0,,,,0.000000,,temporal-tile,radix4,four-mul,table,direct-strided,,1,8,,,,,,0,,,shared,linear,scalar,0,named-barrier,128,0,0,8,8,0,0,0,0,0,0,8,256,1440,1,256,1000,100,1.019840,0.023409,0.941216,61515747.568832,62.992126,15748031377.621084,0.000000,-1,,,,,,,,,,,,
structured-2x2-fp16-fp32-log15-hier-r4-t256-b6,structured-2x2-fp16-fp32-log15-b6,full,butterfly,cuButterfly-hier-r4-t256,0,2,6,1,0.001612,fp32,16,32,32,0,broadcast,floating-fma,hier-r4-t256,64,44,2048,5,40,0.625,384,0.96,0.96,register,786432,0.125,0,Tesla V100-SXM2-16GB,7.0,structured-2x2,fp16,forward,none,out-of-place,0,,,,0.000000,,hierarchical,radix4,four-mul,table,direct-strided,0.92387949999999996:-0.38268340000000001:0.38268340000000001:0.92387949999999996,1,15,,,,,,0,,,shared,linear,scalar,0,named-barrier,256,0,0,8,8,0,0,8,0,0,0,15,32768,6,1,32768,1000,100,0.098112,0.023286,0.115008,257668.189477,63.324534,8443271232.780074,0.000000,-1,,,,,,,,,,,,
ntt-uint32-ntt-log15-ntt-hybrid-r2-t256-b321,ntt-uint32-ntt-log15-b321,full,ntt,cuButterfly-ntt-hybrid-r2-t256,0,1,321,1,,native,32,32,32,0,per-stage-root,modular-multiply-reduce,ntt-hybrid-r2-t256,1,50,2048,4,32,0.5,321,1.003125,1.0,register,84148224,13.375,0,Tesla V100-SXM2-16GB,7.0,ntt,uint32,forward,,,0,,,,0.000000,,hybrid2d,radix2,,fused,,,,,,,,,,,,,,,,0,named-barrier,,,,,,,,,,,,15,32768,321,1,32768,1000,100,6.887392,0.426435,6.378368,,,,,-1,natural,32,1073643521,30,7,4,256,0,752753.271228,23444.014047,24666219191.608727,shoup
fft-fp64-log8-temporal-r2-t128-b1440,fft-fp64-log8-b1440,full,butterfly,cuButterfly-temporal-r2-t128,0,1,1440,1,0.000000,native,64,64,64,0,per-stage-twiddle,floating-complex,temporal-r2-t128,1,36,4096,12,48,0.75,1440,1.5,1.0,register,11796480,1.875,0,Tesla V100-SXM2-16GB,7.0,fft,fp64,forward,none,out-of-place,0,,,,0.000000,,temporal-tile,radix2,four-mul,table,direct-strided,,1,8,,,,,,0,,,shared,linear,scalar,0,named-barrier,128,0,0,8,8,0,0,0,0,0,0,8,256,1440,1,256,1000,100,1.018912,0.025252,0.940192,57025549.003620,58.394162,14598540544.926754,0.000000,-1,,,,,,,,,,,,
fwht-fp32-log15-hier-r4-t256-b8,fwht-fp32-log15-b8,full,butterfly,cuButterfly-hier-r4-t256,0,4,8,1,0.000000,native,32,32,32,0,implicit-sign,floating-add,hier-r4-t256,64,44,4096,5,40,0.625,512,1.28,1.0,register,2097152,0.3333333333333333,0,Tesla V100-SXM2-16GB,7.0,fwht,fp32,forward,none,out-of-place,0,,,,0.000000,,hierarchical,radix4,four-mul,table,direct-strided,,1,15,,,,,,0,,,shared,linear,scalar,0,named-barrier,256,0,0,8,8,0,0,8,0,0,0,15,32768,8,1,32768,1000,100,0.264096,0.024381,0.247072,328118.435843,80.638387,10751784905.713400,0.000000,-1,,,,,,,,,,,,
structured-2x2-bf16-fp32-log18-hier-r4-t256-b1,structured-2x2-bf16-fp32-log18-b1,full,butterfly,cuButterfly-hier-r4-t256,0,2,1,1,0.033858,fp32,16,32,32,0,broadcast,floating-fma,hier-r4-t256,256,44,2048,5,40,0.625,256,0.64,0.64,register,1048576,0.16666666666666666,0,Tesla V100-SXM2-16GB,7.0,structured-2x2,bf16,forward,none,out-of-place,0,,,,0.000000,,hierarchical,radix4,four-mul,table,direct-strided,0.92387949999999996:-0.38268340000000001:0.38268340000000001:0.92387949999999996,1,18,,,,,,0,,,shared,linear,scalar,0,named-barrier,256,0,0,8,8,0,0,9,0,0,0,18,262144,1,1,262144,1000,100,0.122080,0.036680,0.134176,27263.050334,64.321606,7146845066.863752,0.000000,-1,,,,,,,,,,,,
fwht-bf16-native-log15-hier-r4-t256-b7,fwht-bf16-native-log15-b7,full,butterfly,cuButterfly-hier-r4-t256,0,3,7,1,0.006966,native,16,32,16,1,implicit-sign,floating-add,hier-r4-t256,64,44,2048,5,40,0.625,448,1.12,1.0,register,917504,0.14583333333333334,0,Tesla V100-SXM2-16GB,7.0,fwht,bf16,forward,none,out-of-place,0,,,,0.000000,,hierarchical,radix4,four-mul,table,direct-strided,,1,15,,,,,,0,,,shared,linear,scalar,0,named-barrier,256,0,0,8,8,0,0,8,0,0,0,15,32768,7,1,32768,1000,100,0.115104,0.027566,0.129216,253935.262764,62.407130,8320950690.247129,0.000000,-1,,,,,,,,,,,,
fwht-bf16-native-log18-hier-r4-t256-b1,fwht-bf16-native-log18-b1,full,butterfly,cuButterfly-hier-r4-t256,0,3,1,1,0.007600,native,16,32,16,1,implicit-sign,floating-add,hier-r4-t256,256,44,2048,5,40,0.625,256,0.64,0.64,register,1048576,0.16666666666666666,0,Tesla V100-SXM2-16GB,7.0,fwht,bf16,forward,none,out-of-place,0,,,,0.000000,,hierarchical,radix4,four-mul,table,direct-strided,,1,18,,,,,,0,,,shared,linear,scalar,0,named-barrier,256,0,0,8,8,0,0,9,0,0,0,18,262144,1,1,262144,1000,100,0.123360,0.035113,0.129536,28479.511253,67.191597,7465732997.798752,0.000000,-1,,,,,,,,,,,,
fwht-fp16-native-log18-hier-r4-t256-b1,fwht-fp16-native-log18-b1,full,butterfly,cuButterfly-hier-r4-t256,0,3,1,1,0.000950,native,16,16,16,0,implicit-sign,floating-add,hier-r4-t256,256,44,2048,5,40,0.625,256,0.64,0.64,register,1048576,0.16666666666666666,0,Tesla V100-SXM2-16GB,7.0,fwht,fp16,forward,none,out-of-place,0,,,,0.000000,,hierarchical,radix4,four-mul,table,direct-strided,,1,18,,,,,,0,,,shared,linear,scalar,0,named-barrier,256,0,0,8,8,0,0,9,0,0,0,18,262144,1,1,262144,1000,100,0.126880,0.029030,0.132192,34446.649745,81.269843,9029982550.875595,0.000000,-1,,,,,,,,,,,,
fwht-fp16-native-log20-hier-r4-t256-b1,fwht-fp16-native-log20-b1,full,butterfly,cuButterfly-hier-r4-t256,0,5,1,1,0.001000,native,16,16,16,0,implicit-sign,floating-add,hier-r4-t256,512,44,2048,5,40,0.625,512,1.28,1.0,register,4194304,0.6666666666666666,0,Tesla V100-SXM2-16GB,7.0,fwht,fp16,forward,none,out-of-place,0,,,,0.000000,,hierarchical,radix4,four-mul,table,direct-strided,,1,20,,,,,,0,,,shared,linear,scalar,0,named-barrier,256,0,0,8,8,0,0,10,0,0,0,20,1048576,1,1,1048576,1000,100,0.430112,0.059187,0.416608,16895.546069,177.162641,17716264114.676151,0.000000,-1,,,,,,,,,,,,
structured-2x2-fp32-log15-online-r4-t256-b9,structured-2x2-fp32-log15-b9,full,butterfly,cuButterfly-online-r4-t256,0,3,9,1,0.000000,native,32,32,32,0,broadcast,floating-fma,online-r4-t256,64,46,4096,5,40,0.625,576,1.44,1.0,register,2359296,0.375,0,Tesla V100-SXM2-16GB,7.0,structured-2x2,fp32,forward,none,out-of-place,0,,,,0.000000,,online-reorder,radix4,four-mul,table,direct-strided,0.92387949999999996:-0.38268340000000001:0.38268340000000001:0.92387949999999996,2,8x7,0x0,8x8,table,direct-strided,global-scratch,2,0x0,8x8,shared,linear,scalar,0,named-barrier,256,0,0,8,8,0,0,8,1,0,0,15,32768,9,1,32768,1000,100,0.289440,0.029614,0.267424,303909.494332,74.688797,9958506310.279593,0.000000,-1,,,,,,,,,,,,
fwht-bf16-native-log15-hier-r4-t256-b8,fwht-bf16-native-log15-b8,full,butterfly,cuButterfly-hier-r4-t256,0,1,8,1,0.006966,native,16,32,16,1,implicit-sign,floating-add,hier-r4-t256,64,44,2048,5,40,0.625,512,1.28,1.0,register,1048576,0.16666666666666666,0,Tesla V100-SXM2-16GB,7.0,fwht,bf16,forward,none,out-of-place,0,,,,0.000000,,hierarchical,radix4,four-mul,table,direct-strided,,1,15,,,,,,0,,,shared,linear,scalar,0,named-barrier,256,0,0,8,8,0,0,8,0,0,0,15,32768,8,1,32768,1000,100,0.129312,0.029000,0.137408,275865.124499,67.796613,9039548399.592936,0.000000,-1,,,,,,,,,,,,
structured-2x2-fp32-log15-hier-r4-t256-b8,structured-2x2-fp32-log15-b8,full,butterfly,cuButterfly-hier-r4-t256,0,1,8,1,0.000000,native,32,32,32,0,broadcast,floating-fma,hier-r4-t256,64,44,4096,5,40,0.625,512,1.28,1.0,register,2097152,0.3333333333333333,0,Tesla V100-SXM2-16GB,7.0,structured-2x2,fp32,forward,none,out-of-place,0,,,,0.000000,,hierarchical,radix4,four-mul,table,direct-strided,0.92387949999999996:-0.38268340000000001:0.38268340000000001:0.92387949999999996,1,15,,,,,,0,,,shared,linear,scalar,0,named-barrier,256,0,0,8,8,0,0,8,0,0,0,15,32768,8,1,32768,1000,100,0.271648,0.025211,0.247520,317323.317612,77.985379,10398050471.513386,0.000000,-1,,,,,,,,,,,,
fft-fp16-fp32-log15-online-r4-t256-b4,fft-fp16-fp32-log15-b4,full,butterfly,cuButterfly-online-r4-t256,0,1,4,1,0.001078,fp32,16,32,32,0,per-stage-twiddle,floating-complex,online-r4-t256,64,50,4096,4,32,0.5,256,0.8,0.8,register,1048576,0.16666666666666666,0,Tesla V100-SXM2-16GB,7.0,fft,fp16,forward,none,out-of-place,0,,,,0.000000,,online-reorder,radix4,four-mul,table,direct-strided,,2,8x7,0x0,8x8,table,direct-strided,global-scratch,2,0x0,8x8,shared,linear,scalar,0,named-barrier,256,0,0,8,8,0,0,8,1,0,0,15,32768,4,1,32768,1000,100,0.147296,0.021637,0.154144,184867.492515,45.433035,6057737994.726738,0.000000,-1,,,,,,,,,,,,
structured-2x2-bf16-native-log20-online-r2-t256-b1,structured-2x2-bf16-native-log20-b1,full,butterfly,cuButterfly-online-r2-t256,0,4,1,1,0.038303,native,16,32,16,1,broadcast,floating-fma,online-r2-t256,512,36,1024,6,48,0.75,512,1.0666666666666667,1.0,register,4194304,0.6666666666666666,0,Tesla V100-SXM2-16GB,7.0,structured-2x2,bf16,forward,none,out-of-place,0,,,,0.000000,,online-reorder,radix2,four-mul,table,direct-strided,0.92387949999999996:-0.38268340000000001:0.38268340000000001:0.92387949999999996,2,10x10,0x0,8x8,table,direct-strided,global-scratch,2,0x0,8x8,shared,linear,scalar,0,named-barrier,256,0,0,8,8,0,0,10,1,0,0,20,1048576,1,1,1048576,1000,100,0.425024,0.169370,0.406240,5904.246995,61.910517,6191051696.746548,0.000000,-1,,,,,,,,,,,,
structured-2x2-fp16-fp32-log20-online-r4-t256-b1,structured-2x2-fp16-fp32-log20-b1,full,butterfly,cuButterfly-online-r4-t256,0,5,1,1,0.002086,fp32,16,32,32,0,broadcast,floating-fma,online-r4-t256,512,46,2048,5,40,0.625,512,1.28,1.0,register,4194304,0.6666666666666666,0,Tesla V100-SXM2-16GB,7.0,structured-2x2,fp16,forward,none,out-of-place,0,,,,0.000000,,online-reorder,radix4,four-mul,table,direct-strided,0.92387949999999996:-0.38268340000000001:0.38268340000000001:0.92387949999999996,2,10x10,0x0,8x8,table,direct-strided,global-scratch,2,0x0,8x8,shared,linear,scalar,0,named-barrier,256,0,0,8,8,0,0,10,1,0,0,20,1048576,1,1,1048576,1000,100,0.421952,0.096420,0.412608,10371.309360,108.751061,10875106083.656202,0.000000,-1,,,,,,,,,,,,
fwht-fp32-log15-online-r2-t256-b8,fwht-fp32-log15-b8,full,butterfly,cuButterfly-online-r2-t256,0,2,8,1,0.000000,native,32,32,32,0,implicit-sign,floating-add,online-r2-t256,64,36,2048,6,48,0.75,512,1.0666666666666667,1.0,register,2097152,0.3333333333333333,0,Tesla V100-SXM2-16GB,7.0,fwht,fp32,forward,none,out-of-place,0,,,,0.000000,,online-reorder,radix2,four-mul,table,direct-strided,,2,8x7,0x0,8x8,table,direct-strided,global-scratch,2,0x0,8x8,shared,linear,scalar,0,named-barrier,256,0,0,8,8,0,0,8,1,0,0,15,32768,8,1,32768,1000,100,0.259104,0.025948,0.308896,308307.031636,75.769536,10102604812.650404,0.000000,-1,,,,,,,,,,,,
fft-fp16-fp32-log15-online-r4-t256-b6,fft-fp16-fp32-log15-b6,full,butterfly,cuButterfly-online-r4-t256,0,2,6,1,0.001078,fp32,16,32,32,0,per-stage-twiddle,floating-complex,online-r4-t256,64,50,4096,4,32,0.5,384,1.2,1.0,register,1572864,0.25,0,Tesla V100-SXM2-16GB,7.0,fft,fp16,forward,none,out-of-place,0,,,,0.000000,,online-reorder,radix4,four-mul,table,direct-strided,,2,8x7,0x0,8x8,table,direct-strided,global-scratch,2,0x0,8x8,shared,linear,scalar,0,named-barrier,256,0,0,8,8,0,0,8,1,0,0,15,32768,6,1,32768,1000,100,0.237024,0.028692,0.228224,209114.037983,51.391866,6852248796.639504,0.000000,-1,,,,,,,,,,,,
fft-fp16-native-log20-hier-r4-t256-b1,fft-fp16-native-log20-b1,full,butterfly,cuButterfly-hier-r4-t256,0,2,1,1,0.001330,native,16,16,16,0,per-stage-twiddle,floating-complex,hier-r4-t256,512,48,4096,5,40,0.625,512,1.28,1.0,register,8388608,1.3333333333333333,0,Tesla V100-SXM2-16GB,7.0,fft,fp16,forward,none,out-of-place,0,,,,0.000000,,hierarchical,radix4,four-mul,table,direct-strided,,1,20,,,,,,0,,,shared,linear,scalar,0,named-barrier,256,0,0,8,8,0,0,10,0,0,0,20,1048576,1,1,1048576,1000,100,0.742976,0.125942,0.720320,7940.177541,83.258796,8325879604.906359,0.000000,-1,,,,,,,,,,,,
structured-2x2-bf16-native-log15-online-r2-t256-b7,structured-2x2-bf16-native-log15-b7,full,butterfly,cuButterfly-online-r2-t256,0,2,7,1,0.029309,native,16,32,16,1,broadcast,floating-fma,online-r2-t256,64,36,1024,6,48,0.75,448,0.9333333333333333,0.9333333333333333,register,917504,0.14583333333333334,0,Tesla V100-SXM2-16GB,7.0,structured-2x2,bf16,forward,none,out-of-place,0,,,,0.000000,,online-reorder,radix2,four-mul,table,direct-strided,0.92387949999999996:-0.38268340000000001:0.38268340000000001:0.92387949999999996,2,8x7,0x0,8x8,table,direct-strided,global-scratch,2,0x0,8x8,shared,linear,scalar,0,named-barrier,256,0,0,8,8,0,0,8,1,0,0,15,32768,7,1,32768,1000,100,0.106272,0.037345,0.114752,187440.024172,46.065260,6142034712.070080,0.000000,-1,,,,,,,,,,,,
ntt-uint32-ntt-log15-ntt-hybrid-r2-t256-b319,ntt-uint32-ntt-log15-b319,full,ntt,cuButterfly-ntt-hybrid-r2-t256,0,2,319,1,,native,32,32,32,0,per-stage-root,modular-multiply-reduce,ntt-hybrid-r2-t256,1,50,2048,4,32,0.5,319,0.996875,0.996875,register,83623936,13.291666666666666,0,Tesla V100-SXM2-16GB,7.0,ntt,uint32,forward,,,0,,,,0.000000,,hybrid2d,radix2,,fused,,,,,,,,,,,,,,,,0,named-barrier,,,,,,,,,,,,15,32768,319,1,32768,1000,100,6.830272,0.426424,6.354400,,,,,-1,natural,32,1073643521,30,7,4,256,0,748081.152183,23436.759542,24513123194.720650,shoup
fwht-fp32-log15-online-r4-t256-b7,fwht-fp32-log15-b7,full,butterfly,cuButterfly-online-r4-t256,0,3,7,1,0.000000,native,32,32,32,0,implicit-sign,floating-add,online-r4-t256,64,46,4096,5,40,0.625,448,1.12,1.0,register,1835008,0.2916666666666667,0,Tesla V100-SXM2-16GB,7.0,fwht,fp32,forward,none,out-of-place,0,,,,0.000000,,online-reorder,radix4,four-mul,table,direct-strided,,2,8x7,0x0,8x8,table,direct-strided,global-scratch,2,0x0,8x8,shared,linear,scalar,0,named-barrier,256,0,0,8,8,0,0,8,1,0,0,15,32768,7,1,32768,1000,100,0.228096,0.022938,0.220704,305175.762195,74.999995,9999999375.608538,0.000000,-1,,,,,,,,,,,,
structured-2x2-fp16-native-log20-hier-r4-t256-b1,structured-2x2-fp16-native-log20-b1,full,butterfly,cuButterfly-hier-r4-t256,0,3,1,1,0.002199,native,16,16,16,0,broadcast,floating-fma,hier-r4-t256,512,44,2048,5,40,0.625,512,1.28,1.0,register,4194304,0.6666666666666666,0,Tesla V100-SXM2-16GB,7.0,structured-2x2,fp16,forward,none,out-of-place,0,,,,0.000000,,hierarchical,radix4,four-mul,table,direct-strided,0.92387949999999996:-0.38268340000000001:0.38268340000000001:0.92387949999999996,1,20,,,,,,0,,,shared,linear,scalar,0,named-barrier,256,0,0,8,8,0,0,10,0,0,0,20,1048576,1,1,1048576,1000,100,0.444608,0.064317,0.420640,15547.881904,163.031358,16303135815.436962,0.000000,-1,,,,,,,,,,,,
fwht-fp32-log15-online-r2-t256-b6,fwht-fp32-log15-b6,full,butterfly,cuButterfly-online-r2-t256,0,1,6,1,0.000000,native,32,32,32,0,implicit-sign,floating-add,online-r2-t256,64,36,2048,6,48,0.75,384,0.8,0.8,register,1572864,0.25,0,Tesla V100-SXM2-16GB,7.0,fwht,fp32,forward,none,out-of-place,0,,,,0.000000,,online-reorder,radix2,four-mul,table,direct-strided,,2,8x7,0x0,8x8,table,direct-strided,global-scratch,2,0x0,8x8,shared,linear,scalar,0,named-barrier,256,0,0,8,8,0,0,8,1,0,0,15,32768,6,1,32768,1000,100,0.186240,0.021064,0.202592,284850.512761,70.004862,9333981602.164110,0.000000,-1,,,,,,,,,,,,
structured-2x2-bf16-native-log15-hier-r4-t256-b6,structured-2x2-bf16-native-log15-b6,full,butterfly,cuButterfly-hier-r4-t256,0,3,6,1,0.029309,native,16,32,16,1,broadcast,floating-fma,hier-r4-t256,64,44,2048,5,40,0.625,384,0.96,0.96,register,786432,0.125,0,Tesla V100-SXM2-16GB,7.0,structured-2x2,bf16,forward,none,out-of-place,0,,,,0.000000,,hierarchical,radix4,four-mul,table,direct-strided,0.92387949999999996:-0.38268340000000001:0.38268340000000001:0.92387949999999996,1,15,,,,,,0,,,shared,linear,scalar,0,named-barrier,256,0,0,8,8,0,0,8,0,0,0,15,32768,6,1,32768,1000,100,0.092128,0.036157,0.107648,165940.949763,40.781648,5437553041.828101,0.000000,-1,,,,,,,,,,,,
structured-2x2-fp16-fp32-log15-online-r4-t256-b6,structured-2x2-fp16-fp32-log15-b6,full,butterfly,cuButterfly-online-r4-t256,0,1,6,1,0.001612,fp32,16,32,32,0,broadcast,floating-fma,online-r4-t256,64,46,2048,5,40,0.625,384,0.96,0.96,register,786432,0.125,0,Tesla V100-SXM2-16GB,7.0,structured-2x2,fp16,forward,none,out-of-place,0,,,,0.000000,,online-reorder,radix4,four-mul,table,direct-strided,0.92387949999999996:-0.38268340000000001:0.38268340000000001:0.92387949999999996,2,8x7,0x0,8x8,table,direct-strided,global-scratch,2,0x0,8x8,shared,linear,scalar,0,named-barrier,256,0,0,8,8,0,0,8,1,0,0,15,32768,6,1,32768,1000,100,0.092480,0.023173,0.101952,258920.681934,63.632347,8484312905.604980,0.000000,-1,,,,,,,,,,,,
structured-2x2-bf16-fp32-log18-hier-r4-t256-b1,structured-2x2-bf16-fp32-log18-b1,full,butterfly,cuButterfly-hier-r4-t256,0,4,1,1,0.033858,fp32,16,32,32,0,broadcast,floating-fma,hier-r4-t256,256,44,2048,5,40,0.625,256,0.64,0.64,register,1048576,0.16666666666666666,0,Tesla V100-SXM2-16GB,7.0,structured-2x2,bf16,forward,none,out-of-place,0,,,,0.000000,,hierarchical,radix4,four-mul,table,direct-strided,0.92387949999999996:-0.38268340000000001:0.38268340000000001:0.92387949999999996,1,18,,,,,,0,,,shared,linear,scalar,0,named-barrier,256,0,0,8,8,0,0,9,0,0,0,18,262144,1,1,262144,1000,100,0.122592,0.036137,0.130080,27672.497398,65.287612,7254179157.781058,0.000000,-1,,,,,,,,,,,,
fwht-fp16-fp32-log8-temporal-r2-t128-b1280,fwht-fp16-fp32-log8-b1280,full,butterfly,cuButterfly-temporal-r2-t128,0,4,1280,1,0.000572,fp32,16,32,32,0,implicit-sign,floating-add,temporal-r2-t128,1,30,512,16,64,1.0,1280,1.0,1.0,register+thread+warp,1310720,0.20833333333333334,0,Tesla V100-SXM2-16GB,7.0,fwht,fp16,forward,none,out-of-place,0,,,,0.000000,,temporal-tile,radix2,four-mul,table,direct-strided,,1,8,,,,,,0,,,shared,linear,scalar,0,named-barrier,128,0,0,8,8,0,0,0,0,0,0,8,256,1280,1,256,1000,100,0.168544,0.005478,0.158912,233644868.098614,239.252345,59813086233.245110,0.000000,-1,,,,,,,,,,,,
fwht-fp16-fp32-log8-temporal-r2-t128-b1279,fwht-fp16-fp32-log8-b1279,full,butterfly,cuButterfly-temporal-r2-t128,0,5,1279,1,0.000572,fp32,16,32,32,0,implicit-sign,floating-add,temporal-r2-t128,1,30,512,16,64,1.0,1279,0.99921875,0.99921875,register+thread+warp,1309696,0.20817057291666666,0,Tesla V100-SXM2-16GB,7.0,fwht,fp16,forward,none,out-of-place,0,,,,0.000000,,temporal-tile,radix2,four-mul,table,direct-strided,,1,8,,,,,,0,,,shared,linear,scalar,0,named-barrier,128,0,0,8,8,0,0,0,0,0,0,8,256,1279,1,256,1000,100,0.180032,0.005489,0.178400,233026753.803270,238.619396,59654848973.637131,0.000000,-1,,,,,,,,,,,,
subset-zeta-uint32-zeta-log8-temporal-r2-t128-b961,subset-zeta-uint32-zeta-log8-b961,full,butterfly,cuButterfly-temporal-r2-t128,0,4,961,1,0.000000,native,32,32,32,0,implicit-unit,integer-add,temporal-r2-t128,1,30,1024,16,64,1.0,961,0.75078125,0.75078125,register+thread+warp,1968128,0.3128255208333333,0,Tesla V100-SXM2-16GB,7.0,subset-zeta,uint32,forward,none,out-of-place,0,,,,0.000000,,temporal-tile,radix2,four-mul,table,direct-strided,,1,8,,,,,,0,,,shared,linear,scalar,0,named-barrier,128,0,0,8,8,0,0,0,0,0,0,8,256,961,1,256,1000,100,0.278976,0.004772,0.260896,201389827.567605,206.223183,51555795857.306908,0.000000,-1,,,,,,,,,,,,
fwht-bf16-native-log18-online-r2-t256-b1,fwht-bf16-native-log18-b1,full,butterfly,cuButterfly-online-r2-t256,0,3,1,1,0.007600,native,16,32,16,1,implicit-sign,floating-add,online-r2-t256,256,36,1024,6,48,0.75,256,0.5333333333333333,0.5333333333333333,register,1048576,0.16666666666666666,0,Tesla V100-SXM2-16GB,7.0,fwht,bf16,forward,none,out-of-place,0,,,,0.000000,,online-reorder,radix2,four-mul,table,direct-strided,,2,9x9,0x0,8x8,table,direct-strided,global-scratch,2,0x0,8x8,shared,linear,scalar,0,named-barrier,256,0,0,8,8,0,0,9,1,0,0,18,262144,1,1,262144,1000,100,0.121792,0.029942,0.130368,33398.170311,78.796170,8755129957.917393,0.000000,-1,,,,,,,,,,,,
fwht-fp16-native-log20-hier-r4-t256-b1,fwht-fp16-native-log20-b1,full,butterfly,cuButterfly-hier-r4-t256,0,2,1,1,0.001000,native,16,16,16,0,implicit-sign,floating-add,hier-r4-t256,512,44,2048,5,40,0.625,512,1.28,1.0,register,4194304,0.6666666666666666,0,Tesla V100-SXM2-16GB,7.0,fwht,fp16,forward,none,out-of-place,0,,,,0.000000,,hierarchical,radix4,four-mul,table,direct-strided,,1,20,,,,,,0,,,shared,linear,scalar,0,named-barrier,256,0,0,8,8,0,0,10,0,0,0,20,1048576,1,1,1048576,1000,100,0.454688,0.058409,0.403424,17120.660734,179.523140,17952313950.338272,0.000000,-1,,,,,,,,,,,,
structured-2x2-bf16-fp32-log20-hier-r4-t256-b1,structured-2x2-bf16-fp32-log20-b1,full,butterfly,cuButterfly-hier-r4-t256,0,5,1,1,0.037610,fp32,16,32,32,0,broadcast,floating-fma,hier-r4-t256,512,44,2048,5,40,0.625,512,1.28,1.0,register,4194304,0.6666666666666666,0,Tesla V100-SXM2-16GB,7.0,structured-2x2,bf16,forward,none,out-of-place,0,,,,0.000000,,hierarchical,radix4,four-mul,table,direct-strided,0.92387949999999996:-0.38268340000000001:0.38268340000000001:0.92387949999999996,1,20,,,,,,0,,,shared,linear,scalar,0,named-barrier,256,0,0,8,8,0,0,10,0,0,0,20,1048576,1,1,1048576,1000,100,0.429632,0.091034,0.402272,10984.954973,115.185601,11518560145.719507,0.000000,-1,,,,,,,,,,,,
subset-zeta-uint32-zeta-log8-temporal-r4-t128-b1280,subset-zeta-uint32-zeta-log8-b1280,full,butterfly,cuButterfly-temporal-r4-t128,0,3,1280,1,0.000000,native,32,32,32,0,implicit-unit,integer-add,temporal-r4-t128,1,38,1024,12,48,0.75,1280,1.3333333333333333,1.0,register,2621440,0.4166666666666667,0,Tesla V100-SXM2-16GB,7.0,subset-zeta,uint32,forward,none,out-of-place,0,,,,0.000000,,temporal-tile,radix4,four-mul,table,direct-strided,,1,8,,,,,,0,,,shared,linear,scalar,0,named-barrier,128,0,0,8,8,0,0,0,0,0,0,8,256,1280,1,256,1000,100,0.310112,0.004741,0.275008,269978393.062383,276.457874,69114468623.969925,0.000000,-1,,,,,,,,,,,,
fwht-fp16-native-log18-online-r4-t256-b1,fwht-fp16-native-log18-b1,full,butterfly,cuButterfly-online-r4-t256,0,3,1,1,0.000950,native,16,16,16,0,implicit-sign,floating-add,online-r4-t256,256,46,2048,5,40,0.625,256,0.64,0.64,register,1048576,0.16666666666666666,0,Tesla V100-SXM2-16GB,7.0,fwht,fp16,forward,none,out-of-place,0,,,,0.000000,,online-reorder,radix4,four-mul,table,direct-strided,,2,9x9,0x0,8x8,table,direct-strided,global-scratch,2,0x0,8x8,shared,linear,scalar,0,named-barrier,256,0,0,8,8,0,0,9,1,0,0,18,262144,1,1,262144,1000,100,0.122944,0.026112,0.139392,38296.566590,90.352936,10039215152.147257,0.000000,-1,,,,,,,,,,,,
ntt-uint32-ntt-log15-ntt-hybrid-r2-t256-b321,ntt-uint32-ntt-log15-b321,full,ntt,cuButterfly-ntt-hybrid-r2-t256,0,5,321,1,,native,32,32,32,0,per-stage-root,modular-multiply-reduce,ntt-hybrid-r2-t256,1,50,2048,4,32,0.5,321,1.003125,1.0,register,84148224,13.375,0,Tesla V100-SXM2-16GB,7.0,ntt,uint32,forward,,,0,,,,0.000000,,hybrid2d,radix2,,fused,,,,,,,,,,,,,,,,0,named-barrier,,,,,,,,,,,,15,32768,321,1,32768,1000,100,6.883744,0.429056,6.381280,,,,,-1,natural,32,1073643521,30,7,4,256,0,748154.054695,23440.786559,24515512064.238472,shoup
ntt-uint64-ntt-log15-ntt-hybrid-r2-t256-b241,ntt-uint64-ntt-log15-b241,full,ntt,cuButterfly-ntt-hybrid-r2-t256,0,4,241,1,,native,64,64,64,0,per-stage-root,modular-multiply-reduce,ntt-hybrid-r2-t256,1,52,4096,4,32,0.5,241,0.753125,0.753125,register,126353408,20.083333333333332,0,Tesla V100-SXM2-16GB,7.0,ntt,uint64,forward,,,0,,,,0.000000,,hybrid2d,radix2,,fused,,,,,,,,,,,,,,,,0,named-barrier,,,,,,,,,,,,15,32768,241,1,32768,1000,100,10.215296,0.519731,9.520960,,,,,-1,natural,64,1152921504606748673,60,7,4,256,0,463701.215291,11897.717033,15194561422.641729,shoup
fft-fp16-fp32-log8-temporal-r2-t128-b1281,fft-fp16-fp32-log8-b1281,full,butterfly,cuButterfly-temporal-r2-t128,0,4,1281,1,0.000747,fp32,16,32,32,0,per-stage-twiddle,floating-complex,temporal-r2-t128,1,32,1024,16,64,1.0,1281,1.00078125,1.0,register+thread+warp,2623488,0.4169921875,0,Tesla V100-SXM2-16GB,7.0,fft,fp16,forward,none,out-of-place,0,,,,0.000000,,temporal-tile,radix2,four-mul,table,direct-strided,,1,8,,,,,,0,,,shared,linear,scalar,0,named-barrier,128,0,0,8,8,0,0,0,0,0,0,8,256,1281,1,256,1000,100,0.320672,0.009114,0.323744,140559156.960179,143.932577,35983144181.805733,0.000000,-1,,,,,,,,,,,,
subset-zeta-uint32-zeta-log8-temporal-r2-t128-b1281,subset-zeta-uint32-zeta-log8-b1281,full,butterfly,cuButterfly-temporal-r2-t128,0,5,1281,1,0.000000,native,32,32,32,0,implicit-unit,integer-add,temporal-r2-t128,1,30,1024,16,64,1.0,1281,1.00078125,1.0,register+thread+warp,2623488,0.4169921875,0,Tesla V100-SXM2-16GB,7.0,subset-zeta,uint32,forward,none,out-of-place,0,,,,0.000000,,temporal-tile,radix2,four-mul,table,direct-strided,,1,8,,,,,,0,,,shared,linear,scalar,0,named-barrier,128,0,0,8,8,0,0,0,0,0,0,8,256,1281,1,256,1000,100,0.324576,0.005642,0.290176,227037491.244504,232.486391,58121597758.593033,0.000000,-1,,,,,,,,,,,,
ntt-uint32-ntt-log15-ntt-hybrid-r2-t256-b320,ntt-uint32-ntt-log15-b320,full,ntt,cuButterfly-ntt-hybrid-r2-t256,0,5,320,1,,native,32,32,32,0,per-stage-root,modular-multiply-reduce,ntt-hybrid-r2-t256,1,50,2048,4,32,0.5,320,1.0,1.0,register,83886080,13.333333333333334,0,Tesla V100-SXM2-16GB,7.0,ntt,uint32,forward,,,0,,,,0.000000,,hybrid2d,radix2,,fused,,,,,,,,,,,,,,,,0,named-barrier,,,,,,,,,,,,15,32768,320,1,32768,1000,100,6.846976,0.429650,6.372000,,,,,-1,natural,32,1073643521,30,7,4,256,0,744792.412722,23445.583563,24405357780.073734,shoup
structured-2x2-bf16-native-log15-online-r2-t256-b8,structured-2x2-bf16-native-log15-b8,full,butterfly,cuButterfly-online-r2-t256,0,4,8,1,0.029309,native,16,32,16,1,broadcast,floating-fma,online-r2-t256,64,36,1024,6,48,0.75,512,1.0666666666666667,1.0,register,1048576,0.16666666666666666,0,Tesla V100-SXM2-16GB,7.0,structured-2x2,bf16,forward,none,out-of-place,0,,,,0.000000,,online-reorder,radix2,four-mul,table,direct-strided,0.92387949999999996:-0.38268340000000001:0.38268340000000001:0.92387949999999996,2,8x7,0x0,8x8,table,direct-strided,global-scratch,2,0x0,8x8,shared,linear,scalar,0,named-barrier,256,0,0,8,8,0,0,8,1,0,0,15,32768,8,1,32768,1000,100,0.123744,0.042957,0.134432,186233.614613,45.768773,6102503083.624083,0.000000,-1,,,,,,,,,,,,
fft-fp16-fp32-log15-online-r2-t256-b4,fft-fp16-fp32-log15-b4,full,butterfly,cuButterfly-online-r2-t256,0,1,4,1,0.001078,fp32,16,32,32,0,per-stage-twiddle,floating-complex,online-r2-t256,64,38,2048,6,48,0.75,256,0.5333333333333333,0.5333333333333333,register,1048576,0.16666666666666666,0,Tesla V100-SXM2-16GB,7.0,fft,fp16,forward,none,out-of-place,0,,,,0.000000,,online-reorder,radix2,four-mul,table,direct-strided,,2,8x7,0x0,8x8,table,direct-strided,global-scratch,2,0x0,8x8,shared,linear,scalar,0,named-barrier,256,0,0,8,8,0,0,8,1,0,0,15,32768,4,1,32768,1000,100,0.138272,0.023398,0.137248,170951.864683,42.013130,5601750701.936009,0.000000,-1,,,,,,,,,,,,
fwht-fp16-fp32-log8-temporal-r4-t128-b961,fwht-fp16-fp32-log8-b961,full,butterfly,cuButterfly-temporal-r4-t128,0,5,961,1,0.000572,fp32,16,32,32,0,implicit-sign,floating-add,temporal-r4-t128,1,38,512,12,48,0.75,961,1.0010416666666666,1.0,register,984064,0.15641276041666666,0,Tesla V100-SXM2-16GB,7.0,fwht,fp16,forward,none,out-of-place,0,,,,0.000000,,temporal-tile,radix4,four-mul,table,direct-strided,,1,8,,,,,,0,,,shared,linear,scalar,0,named-barrier,128,0,0,8,8,0,0,0,0,0,0,8,256,961,1,256,1000,100,0.135584,0.004465,0.127104,215246926.854616,220.412853,55103213274.781616,0.000000,-1,,,,,,,,,,,,
ntt-uint32-ntt-log15-ntt-hybrid-r4-t256-b320,ntt-uint32-ntt-log15-b320,full,ntt,cuButterfly-ntt-hybrid-r4-t256,0,4,320,1,,native,32,32,32,0,per-stage-root,modular-multiply-reduce,ntt-hybrid-r4-t256,1,62,4096,4,32,0.5,320,1.0,1.0,register,83886080,13.333333333333334,0,Tesla V100-SXM2-16GB,7.0,ntt,uint32,forward,,,0,,,,0.000000,,hybrid2d,radix4,,fused,,,,,,,,,,,,,,,,0,named-barrier,,,,,,,,,,,,15,32768,320,1,32768,1000,100,6.854240,0.374702,6.391552,,,,,-1,natural,32,1073643521,30,7,4,256,0,854011.837350,23494.008405,27984259886.296852,shoup
fwht-fp32-log15-online-r2-t256-b6,fwht-fp32-log15-b6,full,butterfly,cuButterfly-online-r2-t256,0,4,6,1,0.000000,native,32,32,32,0,implicit-sign,floating-add,online-r2-t256,64,36,2048,6,48,0.75,384,0.8,0.8,register,1572864,0.25,0,Tesla V100-SXM2-16GB,7.0,fwht,fp32,forward,none,out-of-place,0,,,,0.000000,,online-reorder,radix2,four-mul,table,direct-strided,,2,8x7,0x0,8x8,table,direct-strided,global-scratch,2,0x0,8x8,shared,linear,scalar,0,named-barrier,256,0,0,8,8,0,0,8,1,0,0,15,32768,6,1,32768,1000,100,0.192896,0.021248,0.197152,282379.521493,69.397591,9253012160.272692,0.000000,-1,,,,,,,,,,,,
structured-2x2-fp16-fp32-log15-hier-r4-t256-b8,structured-2x2-fp16-fp32-log15-b8,full,butterfly,cuButterfly-hier-r4-t256,0,2,8,1,0.001612,fp32,16,32,32,0,broadcast,floating-fma,hier-r4-t256,64,44,2048,5,40,0.625,512,1.28,1.0,register,1048576,0.16666666666666666,0,Tesla V100-SXM2-16GB,7.0,structured-2x2,fp16,forward,none,out-of-place,0,,,,0.000000,,hierarchical,radix4,four-mul,table,direct-strided,0.92387949999999996:-0.38268340000000001:0.38268340000000001:0.92387949999999996,1,15,,,,,,0,,,shared,linear,scalar,0,named-barrier,256,0,0,8,8,0,0,8,0,0,0,15,32768,8,1,32768,1000,100,0.120672,0.025221,0.130976,317194.494584,77.953719,10393829198.535208,0.000000,-1,,,,,,,,,,,,
fwht-bf16-native-log20-online-r2-t256-b1,fwht-bf16-native-log20-b1,full,butterfly,cuButterfly-online-r2-t256,0,4,1,1,0.008012,native,16,32,16,1,implicit-sign,floating-add,online-r2-t256,512,36,1024,6,48,0.75,512,1.0666666666666667,1.0,register,4194304,0.6666666666666666,0,Tesla V100-SXM2-16GB,7.0,fwht,bf16,forward,none,out-of-place,0,,,,0.000000,,online-reorder,radix2,four-mul,table,direct-strided,,2,10x10,0x0,8x8,table,direct-strided,global-scratch,2,0x0,8x8,shared,linear,scalar,0,named-barrier,256,0,0,8,8,0,0,10,1,0,0,20,1048576,1,1,1048576,1000,100,0.424896,0.108575,0.404032,9210.246617,96.576436,9657643557.101648,0.000000,-1,,,,,,,,,,,,
subset-zeta-uint32-zeta-log8-temporal-r2-t128-b960,subset-zeta-uint32-zeta-log8-b960,full,butterfly,cuButterfly-temporal-r2-t128,0,1,960,1,0.000000,native,32,32,32,0,implicit-unit,integer-add,temporal-r2-t128,1,30,1024,16,64,1.0,960,0.75,0.75,register+thread+warp,1966080,0.3125,0,Tesla V100-SXM2-16GB,7.0,subset-zeta,uint32,forward,none,out-of-place,0,,,,0.000000,,temporal-tile,radix2,four-mul,table,direct-strided,,1,8,,,,,,0,,,shared,linear,scalar,0,named-barrier,128,0,0,8,8,0,0,0,0,0,0,8,256,960,1,256,1000,100,0.259488,0.004649,0.282208,206497809.357679,211.453757,52863439195.565910,0.000000,-1,,,,,,,,,,,,
fft-bf16-fp32-log18-online-r4-t256-b1,fft-bf16-fp32-log18-b1,full,butterfly,cuButterfly-online-r4-t256,0,3,1,1,0.009642,fp32,16,32,32,0,per-stage-twiddle,floating-complex,online-r4-t256,256,50,4096,4,32,0.5,256,0.8,0.8,register,2097152,0.3333333333333333,0,Tesla V100-SXM2-16GB,7.0,fft,bf16,forward,none,out-of-place,0,,,,0.000000,,online-reorder,radix4,four-mul,table,direct-strided,,2,9x9,0x0,8x8,table,direct-strided,global-scratch,2,0x0,8x8,shared,linear,scalar,0,named-barrier,256,0,0,8,8,0,0,9,1,0,0,18,262144,1,1,262144,1000,100,0.325024,0.047022,0.251392,21266.604101,50.174214,5574912665.352072,0.000000,-1,,,,,,,,,,,,
structured-2x2-bf16-native-log20-online-r4-t256-b1,structured-2x2-bf16-native-log20-b1,full,butterfly,cuButterfly-online-r4-t256,0,5,1,1,0.038303,native,16,32,16,1,broadcast,floating-fma,online-r4-t256,512,46,2048,5,40,0.625,512,1.28,1.0,register,4194304,0.6666666666666666,0,Tesla V100-SXM2-16GB,7.0,structured-2x2,bf16,forward,none,out-of-place,0,,,,0.000000,,online-reorder,radix4,four-mul,table,direct-strided,0.92387949999999996:-0.38268340000000001:0.38268340000000001:0.92387949999999996,2,10x10,0x0,8x8,table,direct-strided,global-scratch,2,0x0,8x8,shared,linear,scalar,0,named-barrier,256,0,0,8,8,0,0,10,1,0,0,20,1048576,1,1,1048576,1000,100,0.424512,0.152586,0.422656,6553.671041,68.720222,6872022165.246518,0.000000,-1,,,,,,,,,,,,
fft-bf16-fp32-log20-online-r4-t256-b1,fft-bf16-fp32-log20-b1,full,butterfly,cuButterfly-online-r4-t256,0,1,1,1,0.010209,fp32,16,32,32,0,per-stage-twiddle,floating-complex,online-r4-t256,512,50,4096,4,32,0.5,512,1.6,1.0,register,8388608,1.3333333333333333,0,Tesla V100-SXM2-16GB,7.0,fft,bf16,forward,none,out-of-place,0,,,,0.000000,,online-reorder,radix4,four-mul,table,direct-strided,,2,10x10,0x0,8x8,table,direct-strided,global-scratch,2,0x0,8x8,shared,linear,scalar,0,named-barrier,256,0,0,8,8,0,0,10,1,0,0,20,1048576,1,1,1048576,1000,100,0.761024,0.162079,0.722848,6169.841294,64.695475,6469547504.919729,0.000000,-1,,,,,,,,,,,,
fwht-fp32-log15-hier-r4-t256-b8,fwht-fp32-log15-b8,full,butterfly,cuButterfly-hier-r4-t256,0,2,8,1,0.000000,native,32,32,32,0,implicit-sign,floating-add,hier-r4-t256,64,44,4096,5,40,0.625,512,1.28,1.0,register,2097152,0.3333333333333333,0,Tesla V100-SXM2-16GB,7.0,fwht,fp32,forward,none,out-of-place,0,,,,0.000000,,hierarchical,radix4,four-mul,table,direct-strided,,1,15,,,,,,0,,,shared,linear,scalar,0,named-barrier,256,0,0,8,8,0,0,8,0,0,0,15,32768,8,1,32768,1000,100,0.274912,0.023982,0.253664,333582.412376,81.981214,10930828488.739624,0.000000,-1,,,,,,,,,,,,
structured-2x2-bf16-fp32-log20-hier-r4-t256-b1,structured-2x2-bf16-fp32-log20-b1,full,butterfly,cuButterfly-hier-r4-t256,0,2,1,1,0.037610,fp32,16,32,32,0,broadcast,floating-fma,hier-r4-t256,512,44,2048,5,40,0.625,512,1.28,1.0,register,4194304,0.6666666666666666,0,Tesla V100-SXM2-16GB,7.0,structured-2x2,bf16,forward,none,out-of-place,0,,,,0.000000,,hierarchical,radix4,four-mul,table,direct-strided,0.92387949999999996:-0.38268340000000001:0.38268340000000001:0.92387949999999996,1,20,,,,,,0,,,shared,linear,scalar,0,named-barrier,256,0,0,8,8,0,0,10,0,0,0,20,1048576,1,1,1048576,1000,100,0.447872,0.091320,0.426688,10950.465235,114.823950,11482395034.671185,0.000000,-1,,,,,,,,,,,,
structured-2x2-bf16-native-log15-hier-r4-t256-b6,structured-2x2-bf16-native-log15-b6,full,butterfly,cuButterfly-hier-r4-t256,0,4,6,1,0.029309,native,16,32,16,1,broadcast,floating-fma,hier-r4-t256,64,44,2048,5,40,0.625,384,0.96,0.96,register,786432,0.125,0,Tesla V100-SXM2-16GB,7.0,structured-2x2,bf16,forward,none,out-of-place,0,,,,0.000000,,hierarchical,radix4,four-mul,table,direct-strided,0.92387949999999996:-0.38268340000000001:0.38268340000000001:0.92387949999999996,1,15,,,,,,0,,,shared,linear,scalar,0,named-barrier,256,0,0,8,8,0,0,8,0,0,0,15,32768,6,1,32768,1000,100,0.097760,0.036219,0.099584,165659.466856,40.712471,5428329409.923094,0.000000,-1,,,,,,,,,,,,
fwht-fp32-log15-online-r4-t256-b6,fwht-fp32-log15-b6,full,butterfly,cuButterfly-online-r4-t256,0,3,6,1,0.000000,native,32,32,32,0,implicit-sign,floating-add,online-r4-t256,64,46,4096,5,40,0.625,384,0.96,0.96,register,1572864,0.25,0,Tesla V100-SXM2-16GB,7.0,fwht,fp32,forward,none,out-of-place,0,,,,0.000000,,online-reorder,radix4,four-mul,table,direct-strided,,2,8x7,0x0,8x8,table,direct-strided,global-scratch,2,0x0,8x8,shared,linear,scalar,0,named-barrier,256,0,0,8,8,0,0,8,1,0,0,15,32768,6,1,32768,1000,100,0.201120,0.020460,0.193088,293261.989625,72.072067,9609608876.020861,0.000000,-1,,,,,,,,,,,,
subset-zeta-uint32-zeta-log8-temporal-r2-t128-b961,subset-zeta-uint32-zeta-log8-b961,full,butterfly,cuButterfly-temporal-r2-t128,0,5,961,1,0.000000,native,32,32,32,0,implicit-unit,integer-add,temporal-r2-t128,1,30,1024,16,64,1.0,961,0.75078125,0.75078125,register+thread+warp,1968128,0.3128255208333333,0,Tesla V100-SXM2-16GB,7.0,subset-zeta,uint32,forward,none,out-of-place,0,,,,0.000000,,temporal-tile,radix2,four-mul,table,direct-strided,,1,8,,,,,,0,,,shared,linear,scalar,0,named-barrier,128,0,0,8,8,0,0,0,0,0,0,8,256,961,1,256,1000,100,0.268416,0.004772,0.253408,201389827.567605,206.223183,51555795857.306908,0.000000,-1,,,,,,,,,,,,
ntt-uint64-ntt-log15-ntt-hybrid-r4-t256-b241,ntt-uint64-ntt-log15-b241,full,ntt,cuButterfly-ntt-hybrid-r4-t256,0,5,241,1,,native,64,64,64,0,per-stage-root,modular-multiply-reduce,ntt-hybrid-r4-t256,1,66,8192,3,24,0.375,241,1.0041666666666667,1.0,register,126353408,20.083333333333332,0,Tesla V100-SXM2-16GB,7.0,ntt,uint64,forward,,,0,,,,0.000000,,hybrid2d,radix4,,fused,,,,,,,,,,,,,,,,0,named-barrier,,,,,,,,,,,,15,32768,241,1,32768,1000,100,10.222144,0.474388,9.523968,,,,,-1,natural,64,1152921504606748673,60,7,4,256,0,508022.454308,11918.597257,16646879782.780525,shoup
fwht-fp16-fp32-log20-online-r4-t256-b1,fwht-fp16-fp32-log20-b1,full,butterfly,cuButterfly-online-r4-t256,0,5,1,1,0.001000,fp32,16,32,32,0,implicit-sign,floating-add,online-r4-t256,512,46,2048,5,40,0.625,512,1.28,1.0,register,4194304,0.6666666666666666,0,Tesla V100-SXM2-16GB,7.0,fwht,fp16,forward,none,out-of-place,0,,,,0.000000,,online-reorder,radix4,four-mul,table,direct-strided,,2,10x10,0x0,8x8,table,direct-strided,global-scratch,2,0x0,8x8,shared,linear,scalar,0,named-barrier,256,0,0,8,8,0,0,10,1,0,0,20,1048576,1,1,1048576,1000,100,0.415232,0.088535,0.462528,11294.962910,118.436270,11843627028.265993,0.000000,-1,,,,,,,,,,,,
structured-2x2-fp16-fp32-log20-online-r4-t256-b1,structured-2x2-fp16-fp32-log20-b1,full,butterfly,cuButterfly-online-r4-t256,0,1,1,1,0.002086,fp32,16,32,32,0,broadcast,floating-fma,online-r4-t256,512,46,2048,5,40,0.625,512,1.28,1.0,register,4194304,0.6666666666666666,0,Tesla V100-SXM2-16GB,7.0,structured-2x2,fp16,forward,none,out-of-place,0,,,,0.000000,,online-reorder,radix4,four-mul,table,direct-strided,0.92387949999999996:-0.38268340000000001:0.38268340000000001:0.92387949999999996,2,10x10,0x0,8x8,table,direct-strided,global-scratch,2,0x0,8x8,shared,linear,scalar,0,named-barrier,256,0,0,8,8,0,0,10,1,0,0,20,1048576,1,1,1048576,1000,100,0.423168,0.096932,0.427552,10316.527839,108.176635,10817663494.817015,0.000000,-1,,,,,,,,,,,,
structured-2x2-fp16-native-log18-online-r4-t256-b1,structured-2x2-fp16-native-log18-b1,full,butterfly,cuButterfly-online-r4-t256,0,4,1,1,0.002014,native,16,16,16,0,broadcast,floating-fma,online-r4-t256,256,46,2048,5,40,0.625,256,0.64,0.64,register,1048576,0.16666666666666666,0,Tesla V100-SXM2-16GB,7.0,structured-2x2,fp16,forward,none,out-of-place,0,,,,0.000000,,online-reorder,radix4,four-mul,table,direct-strided,0.92387949999999996:-0.38268340000000001:0.38268340000000001:0.92387949999999996,2,9x9,0x0,8x8,table,direct-strided,global-scratch,2,0x0,8x8,shared,linear,scalar,0,named-barrier,256,0,0,8,8,0,0,9,1,0,0,18,262144,1,1,262144,1000,100,0.127744,0.028314,0.144384,35318.714361,83.327302,9258589057.376581,0.000000,-1,,,,,,,,,,,,
fwht-fp16-fp32-log8-temporal-r4-t128-b1280,fwht-fp16-fp32-log8-b1280,full,butterfly,cuButterfly-temporal-r4-t128,0,3,1280,1,0.000572,fp32,16,32,32,0,implicit-sign,floating-add,temporal-r4-t128,1,38,512,12,48,0.75,1280,1.3333333333333333,1.0,register,1310720,0.20833333333333334,0,Tesla V100-SXM2-16GB,7.0,fwht,fp16,forward,none,out-of-place,0,,,,0.000000,,temporal-tile,radix4,four-mul,table,direct-strided,,1,8,,,,,,0,,,shared,linear,scalar,0,named-barrier,128,0,0,8,8,0,0,0,0,0,0,8,256,1280,1,256,1000,100,0.174144,0.004792,0.164128,267094012.837284,273.504269,68376067286.344780,0.000000,-1,,,,,,,,,,,,
structured-2x2-fp32-log8-temporal-r4-t128-b960,structured-2x2-fp32-log8-b960,full,butterfly,cuButterfly-temporal-r4-t128,0,4,960,1,0.000000,native,32,32,32,0,broadcast,floating-fma,temporal-r4-t128,1,38,1024,12,48,0.75,960,1.0,1.0,register,1966080,0.3125,0,Tesla V100-SXM2-16GB,7.0,structured-2x2,fp32,forward,none,out-of-place,0,,,,0.000000,,temporal-tile,radix4,four-mul,table,direct-strided,0.92387949999999996:-0.38268340000000001:0.38268340000000001:0.92387949999999996,1,8,,,,,,0,,,shared,linear,scalar,0,named-barrier,128,0,0,8,8,0,0,0,0,0,0,8,256,960,1,256,1000,100,0.246176,0.004741,0.233952,202483794.796787,207.343406,51835851467.977440,0.000000,-1,,,,,,,,,,,,
fft-fp64-log18-online-r2-t256-b1,fft-fp64-log18-b1,full,butterfly,cuButterfly-online-r2-t256,0,4,1,1,0.000000,native,64,64,64,0,per-stage-twiddle,floating-complex,online-r2-t256,256,42,8192,5,40,0.625,256,0.64,0.64,register,8388608,1.3333333333333333,0,Tesla V100-SXM2-16GB,7.0,fft,fp64,forward,none,out-of-place,0,,,,0.000000,,online-reorder,radix2,four-mul,table,direct-strided,,2,9x9,0x0,8x8,table,direct-strided,global-scratch,2,0x0,8x8,shared,linear,scalar,0,named-barrier,256,0,0,8,8,0,0,9,1,0,0,18,262144,1,1,262144,1000,100,0.751776,0.055091,0.749376,18151.719814,42.825280,4758364438.909307,0.000000,-1,,,,,,,,,,,,
structured-2x2-fp16-fp32-log15-hier-r4-t256-b8,structured-2x2-fp16-fp32-log15-b8,full,butterfly,cuButterfly-hier-r4-t256,0,3,8,1,0.001612,fp32,16,32,32,0,broadcast,floating-fma,hier-r4-t256,64,44,2048,5,40,0.625,512,1.28,1.0,register,1048576,0.16666666666666666,0,Tesla V100-SXM2-16GB,7.0,structured-2x2,fp16,forward,none,out-of-place,0,,,,0.000000,,hierarchical,radix4,four-mul,table,direct-strided,0.92387949999999996:-0.38268340000000001:0.38268340000000001:0.92387949999999996,1,15,,,,,,0,,,shared,linear,scalar,0,named-barrier,256,0,0,8,8,0,0,8,0,0,0,15,32768,8,1,32768,1000,100,0.127808,0.025037,0.134496,319529.644021,78.527605,10470347375.285997,0.000000,-1,,,,,,,,,,,,
fft-fp64-log20-online-r2-t256-b1,fft-fp64-log20-b1,full,butterfly,cuButterfly-online-r2-t256,0,5,1,1,0.000000,native,64,64,64,0,per-stage-twiddle,floating-complex,online-r2-t256,512,42,8192,5,40,0.625,512,1.28,1.0,register,33554432,5.333333333333333,0,Tesla V100-SXM2-16GB,7.0,fft,fp64,forward,none,out-of-place,0,,,,0.000000,,online-reorder,radix2,four-mul,table,direct-strided,,2,10x10,0x0,8x8,table,direct-strided,global-scratch,2,0x0,8x8,shared,linear,scalar,0,named-barrier,256,0,0,8,8,0,0,10,1,0,0,20,1048576,1,1,1048576,1000,100,2.754016,0.307036,2.605984,3256.945356,34.151547,3415154733.374592,0.000000,-1,,,,,,,,,,,,
fft-fp16-fp32-log15-online-r2-t256-b6,fft-fp16-fp32-log15-b6,full,butterfly,cuButterfly-online-r2-t256,0,5,6,1,0.001078,fp32,16,32,32,0,per-stage-twiddle,floating-complex,online-r2-t256,64,38,2048,6,48,0.75,384,0.8,0.8,register,1572864,0.25,0,Tesla V100-SXM2-16GB,7.0,fft,fp16,forward,none,out-of-place,0,,,,0.000000,,online-reorder,radix2,four-mul,table,direct-strided,,2,8x7,0x0,8x8,table,direct-strided,global-scratch,2,0x0,8x8,shared,linear,scalar,0,named-barrier,256,0,0,8,8,0,0,8,1,0,0,15,32768,6,1,32768,1000,100,0.241280,0.030484,0.205312,196821.459504,48.370842,6449445585.027854,0.000000,-1,,,,,,,,,,,,
ntt-uint64-ntt-log15-ntt-hybrid-r2-t256-b241,ntt-uint64-ntt-log15-b241,full,ntt,cuButterfly-ntt-hybrid-r2-t256,0,3,241,1,,native,64,64,64,0,per-stage-root,modular-multiply-reduce,ntt-hybrid-r2-t256,1,52,4096,4,32,0.5,241,0.753125,0.753125,register,126353408,20.083333333333332,0,Tesla V100-SXM2-16GB,7.0,ntt,uint64,forward,,,0,,,,0.000000,,hybrid2d,radix2,,fused,,,,,,,,,,,,,,,,0,named-barrier,,,,,,,,,,,,15,32768,241,1,32768,1000,100,10.216736,0.519823,9.521824,,,,,-1,natural,64,1152921504606748673,60,7,4,256,0,463619.068411,11896.309768,15191869633.702198,shoup
fft-fp16-fp32-log8-temporal-r2-t128-b1281,fft-fp16-fp32-log8-b1281,full,butterfly,cuButterfly-temporal-r2-t128,0,3,1281,1,0.000747,fp32,16,32,32,0,per-stage-twiddle,floating-complex,temporal-r2-t128,1,32,1024,16,64,1.0,1281,1.00078125,1.0,register+thread+warp,2623488,0.4169921875,0,Tesla V100-SXM2-16GB,7.0,fft,fp16,forward,none,out-of-place,0,,,,0.000000,,temporal-tile,radix2,four-mul,table,direct-strided,,1,8,,,,,,0,,,shared,linear,scalar,0,named-barrier,128,0,0,8,8,0,0,0,0,0,0,8,256,1281,1,256,1000,100,0.319136,0.008612,0.335584,148748696.080294,152.318665,38079666196.555321,0.000000,-1,,,,,,,,,,,,
fwht-bf16-native-log20-online-r2-t256-b1,fwht-bf16-native-log20-b1,full,butterfly,cuButterfly-online-r2-t256,0,3,1,1,0.008012,native,16,32,16,1,implicit-sign,floating-add,online-r2-t256,512,36,1024,6,48,0.75,512,1.0666666666666667,1.0,register,4194304,0.6666666666666666,0,Tesla V100-SXM2-16GB,7.0,fwht,bf16,forward,none,out-of-place,0,,,,0.000000,,online-reorder,radix2,four-mul,table,direct-strided,,2,10x10,0x0,8x8,table,direct-strided,global-scratch,2,0x0,8x8,shared,linear,scalar,0,named-barrier,256,0,0,8,8,0,0,10,1,0,0,20,1048576,1,1,1048576,1000,100,0.412928,0.108626,0.417472,9205.906036,96.530921,9653092128.064539,0.000000,-1,,,,,,,,,,,,
structured-2x2-fp32-log15-hier-r4-t256-b13,structured-2x2-fp32-log15-b13,full,butterfly,cuButterfly-hier-r4-t256,0,4,13,1,0.000000,native,32,32,32,0,broadcast,floating-fma,hier-r4-t256,64,44,4096,5,40,0.625,832,2.08,1.0,register,3407872,0.5416666666666666,0,Tesla V100-SXM2-16GB,7.0,structured-2x2,fp32,forward,none,out-of-place,0,,,,0.000000,,hierarchical,radix4,four-mul,table,direct-strided,0.92387949999999996:-0.38268340000000001:0.38268340000000001:0.92387949999999996,1,15,,,,,,0,,,shared,linear,scalar,0,named-barrier,256,0,0,8,8,0,0,8,0,0,0,15,32768,13,1,32768,1000,100,0.379200,0.030075,0.357952,432254.433082,106.230849,14164113263.239048,0.000000,-1,,,,,,,,,,,,
structured-2x2-bf16-fp32-log20-online-r2-t256-b1,structured-2x2-bf16-fp32-log20-b1,full,butterfly,cuButterfly-online-r2-t256,0,5,1,1,0.037610,fp32,16,32,32,0,broadcast,floating-fma,online-r2-t256,512,36,1024,6,48,0.75,512,1.0666666666666667,1.0,register,4194304,0.6666666666666666,0,Tesla V100-SXM2-16GB,7.0,structured-2x2,bf16,forward,none,out-of-place,0,,,,0.000000,,online-reorder,radix2,four-mul,table,direct-strided,0.92387949999999996:-0.38268340000000001:0.38268340000000001:0.92387949999999996,2,10x10,0x0,8x8,table,direct-strided,global-scratch,2,0x0,8x8,shared,linear,scalar,0,named-barrier,256,0,0,8,8,0,0,10,1,0,0,20,1048576,1,1,1048576,1000,100,0.431904,0.118415,0.428224,8444.850706,88.550678,8855067773.580042,0.000000,-1,,,,,,,,,,,,
structured-2x2-bf16-native-log15-hier-r4-t256-b7,structured-2x2-bf16-native-log15-b7,full,butterfly,cuButterfly-hier-r4-t256,0,1,7,1,0.029309,native,16,32,16,1,broadcast,floating-fma,hier-r4-t256,64,44,2048,5,40,0.625,448,1.12,1.0,register,917504,0.14583333333333334,0,Tesla V100-SXM2-16GB,7.0,structured-2x2,bf16,forward,none,out-of-place,0,,,,0.000000,,hierarchical,radix4,four-mul,table,direct-strided,0.92387949999999996:-0.38268340000000001:0.38268340000000001:0.92387949999999996,1,15,,,,,,0,,,shared,linear,scalar,0,named-barrier,256,0,0,8,8,0,0,8,0,0,0,15,32768,7,1,32768,1000,100,0.106464,0.039301,0.121024,178111.973538,43.772799,5836373148.896843,0.000000,-1,,,,,,,,,,,,
fft-fp16-fp32-log15-online-r4-t256-b5,fft-fp16-fp32-log15-b5,full,butterfly,cuButterfly-online-r4-t256,0,3,5,1,0.001078,fp32,16,32,32,0,per-stage-twiddle,floating-complex,online-r4-t256,64,50,4096,4,32,0.5,320,1.0,1.0,register,1310720,0.20833333333333334,0,Tesla V100-SXM2-16GB,7.0,fft,fp16,forward,none,out-of-place,0,,,,0.000000,,online-reorder,radix4,four-mul,table,direct-strided,,2,8x7,0x0,8x8,table,direct-strided,global-scratch,2,0x0,8x8,shared,linear,scalar,0,named-barrier,256,0,0,8,8,0,0,8,1,0,0,15,32768,5,1,32768,1000,100,0.179040,0.024576,0.193856,203450.513637,49.999998,6666666430.860973,0.000000,-1,,,,,,,,,,,,
fwht-bf16-native-log15-hier-r4-t256-b6,fwht-bf16-native-log15-b6,full,butterfly,cuButterfly-hier-r4-t256,0,1,6,1,0.006966,native,16,32,16,1,implicit-sign,floating-add,hier-r4-t256,64,44,2048,5,40,0.625,384,0.96,0.96,register,786432,0.125,0,Tesla V100-SXM2-16GB,7.0,fwht,bf16,forward,none,out-of-place,0,,,,0.000000,,hierarchical,radix4,four-mul,table,direct-strided,,1,15,,,,,,0,,,shared,linear,scalar,0,named-barrier,256,0,0,8,8,0,0,8,0,0,0,15,32768,6,1,32768,1000,100,0.094240,0.025487,0.108832,235410.793922,57.854557,7713940895.234767,0.000000,-1,,,,,,,,,,,,
fft-fp16-native-log20-hier-r4-t256-b2,fft-fp16-native-log20-b2,full,butterfly,cuButterfly-hier-r4-t256,0,2,2,1,0.001330,native,16,16,16,0,per-stage-twiddle,floating-complex,hier-r4-t256,512,48,4096,5,40,0.625,1024,2.56,1.0,register,16777216,2.6666666666666665,0,Tesla V100-SXM2-16GB,7.0,fft,fp16,forward,none,out-of-place,0,,,,0.000000,,hierarchical,radix4,four-mul,table,direct-strided,,1,20,,,,,,0,,,shared,linear,scalar,0,named-barrier,256,0,0,8,8,0,0,10,0,0,0,20,1048576,2,1,1048576,1000,100,1.423552,0.294205,1.365792,6797.971129,71.281894,7128189374.935068,0.000000,-1,,,,,,,,,,,,
structured-2x2-bf16-native-log18-online-r2-t256-b1,structured-2x2-bf16-native-log18-b1,full,butterfly,cuButterfly-online-r2-t256,0,3,1,1,0.034586,native,16,32,16,1,broadcast,floating-fma,online-r2-t256,256,36,1024,6,48,0.75,256,0.5333333333333333,0.5333333333333333,register,1048576,0.16666666666666666,0,Tesla V100-SXM2-16GB,7.0,structured-2x2,bf16,forward,none,out-of-place,0,,,,0.000000,,online-reorder,radix2,four-mul,table,direct-strided,0.92387949999999996:-0.38268340000000001:0.38268340000000001:0.92387949999999996,2,9x9,0x0,8x8,table,direct-strided,global-scratch,2,0x0,8x8,shared,linear,scalar,0,named-barrier,256,0,0,8,8,0,0,9,1,0,0,18,262144,1,1,262144,1000,100,0.120704,0.047493,0.160480,21055.681863,49.676586,5519620666.392079,0.000000,-1,,,,,,,,,,,,
fwht-bf16-native-log15-hier-r4-t256-b6,fwht-bf16-native-log15-b6,full,butterfly,cuButterfly-hier-r4-t256,0,5,6,1,0.006966,native,16,32,16,1,implicit-sign,floating-add,hier-r4-t256,64,44,2048,5,40,0.625,384,0.96,0.96,register,786432,0.125,0,Tesla V100-SXM2-16GB,7.0,fwht,bf16,forward,none,out-of-place,0,,,,0.000000,,hierarchical,radix4,four-mul,table,direct-strided,,1,15,,,,,,0,,,shared,linear,scalar,0,named-barrier,256,0,0,8,8,0,0,8,0,0,0,15,32768,6,1,32768,1000,100,0.100160,0.025467,0.130784,235600.104970,57.901082,7720144239.669501,0.000000,-1,,,,,,,,,,,,
fwht-bf16-native-log15-online-r2-t256-b6,fwht-bf16-native-log15-b6,full,butterfly,cuButterfly-online-r2-t256,0,4,6,1,0.006966,native,16,32,16,1,implicit-sign,floating-add,online-r2-t256,64,36,1024,6,48,0.75,384,0.8,0.8,register,786432,0.125,0,Tesla V100-SXM2-16GB,7.0,fwht,bf16,forward,none,out-of-place,0,,,,0.000000,,online-reorder,radix2,four-mul,table,direct-strided,,2,8x7,0x0,8x8,table,direct-strided,global-scratch,2,0x0,8x8,shared,linear,scalar,0,named-barrier,256,0,0,8,8,0,0,8,1,0,0,15,32768,6,1,32768,1000,100,0.094176,0.022753,0.110144,263698.248809,64.806482,8640864216.982025,0.000000,-1,,,,,,,,,,,,
fft-bf16-fp32-log20-online-r2-t256-b1,fft-bf16-fp32-log20-b1,full,butterfly,cuButterfly-online-r2-t256,0,3,1,1,0.010209,fp32,16,32,32,0,per-stage-twiddle,floating-complex,online-r2-t256,512,38,2048,6,48,0.75,512,1.0666666666666667,1.0,register,8388608,1.3333333333333333,0,Tesla V100-SXM2-16GB,7.0,fft,bf16,forward,none,out-of-place,0,,,,0.000000,,online-reorder,radix2,four-mul,table,direct-strided,,2,10x10,0x0,8x8,table,direct-strided,global-scratch,2,0x0,8x8,shared,linear,scalar,0,named-barrier,256,0,0,8,8,0,0,10,1,0,0,20,1048576,1,1,1048576,1000,100,0.743424,0.186440,0.732320,5363.664701,56.242101,5624210077.119791,0.000000,-1,,,,,,,,,,,,
fft-fp16-fp32-log8-temporal-r4-t128-b1600,fft-fp16-fp32-log8-b1600,full,butterfly,cuButterfly-temporal-r4-t128,0,4,1600,1,0.000747,fp32,16,32,32,0,per-stage-twiddle,floating-complex,temporal-r4-t128,1,42,1024,10,40,0.625,1600,2.0,1.0,register,3276800,0.5208333333333334,0,Tesla V100-SXM2-16GB,7.0,fft,fp16,forward,none,out-of-place,0,,,,0.000000,,temporal-tile,radix4,four-mul,table,direct-strided,,1,8,,,,,,0,,,shared,linear,scalar,0,named-barrier,128,0,0,8,8,0,0,0,0,0,0,8,256,1600,1,256,1000,100,0.349376,0.009175,0.335328,174386163.986770,178.571432,44642857980.613144,0.000000,-1,,,,,,,,,,,,
fft-bf16-fp32-log8-temporal-r4-t128-b801,fft-bf16-fp32-log8-b801,full,butterfly,cuButterfly-temporal-r4-t128,0,2,801,1,0.006154,fp32,16,32,32,0,per-stage-twiddle,floating-complex,temporal-r4-t128,1,42,1024,10,40,0.625,801,1.00125,1.0,register,1640448,0.2607421875,0,Tesla V100-SXM2-16GB,7.0,fft,bf16,forward,none,out-of-place,0,,,,0.000000,,temporal-tile,radix4,four-mul,table,direct-strided,,1,8,,,,,,0,,,shared,linear,scalar,0,named-barrier,128,0,0,8,8,0,0,0,0,0,0,8,256,801,1,256,1000,100,0.189792,0.012933,0.212832,61934015.112879,63.420431,15855107868.897087,0.000000,-1,,,,,,,,,,,,
fwht-fp32-log15-online-r4-t256-b9,fwht-fp32-log15-b9,full,butterfly,cuButterfly-online-r4-t256,0,5,9,1,0.000000,native,32,32,32,0,implicit-sign,floating-add,online-r4-t256,64,46,4096,5,40,0.625,576,1.44,1.0,register,2359296,0.375,0,Tesla V100-SXM2-16GB,7.0,fwht,fp32,forward,none,out-of-place,0,,,,0.000000,,online-reorder,radix4,four-mul,table,direct-strided,,2,8x7,0x0,8x8,table,direct-strided,global-scratch,2,0x0,8x8,shared,linear,scalar,0,named-barrier,256,0,0,8,8,0,0,8,1,0,0,15,32768,9,1,32768,1000,100,0.299584,0.027566,0.279648,326488.194982,80.237739,10698365173.174881,0.000000,-1,,,,,,,,,,,,
ntt-uint64-ntt-log15-ntt-hybrid-r4-t256-b240,ntt-uint64-ntt-log15-b240,full,ntt,cuButterfly-ntt-hybrid-r4-t256,0,1,240,1,,native,64,64,64,0,per-stage-root,modular-multiply-reduce,ntt-hybrid-r4-t256,1,66,8192,3,24,0.375,240,1.0,1.0,register,125829120,20.0,0,Tesla V100-SXM2-16GB,7.0,ntt,uint64,forward,,,0,,,,0.000000,,hybrid2d,radix4,,fused,,,,,,,,,,,,,,,,0,named-barrier,,,,,,,,,,,,15,32768,240,1,32768,1000,100,10.173280,0.473498,9.500832,,,,,-1,natural,64,1152921504606748673,60,7,4,256,0,506866.382065,11912.083502,16608997607.508890,shoup
fft-fp16-fp32-log8-temporal-r4-t128-b801,fft-fp16-fp32-log8-b801,full,butterfly,cuButterfly-temporal-r4-t128,0,3,801,1,0.000747,fp32,16,32,32,0,per-stage-twiddle,floating-complex,temporal-r4-t128,1,42,1024,10,40,0.625,801,1.00125,1.0,register,1640448,0.2607421875,0,Tesla V100-SXM2-16GB,7.0,fft,fp16,forward,none,out-of-place,0,,,,0.000000,,temporal-tile,radix4,four-mul,table,direct-strided,,1,8,,,,,,0,,,shared,linear,scalar,0,named-barrier,128,0,0,8,8,0,0,0,0,0,0,8,256,801,1,256,1000,100,0.201152,0.006328,0.219744,126573874.812913,129.611648,32402911952.105835,0.000000,-1,,,,,,,,,,,,
structured-2x2-bf16-native-log15-online-r2-t256-b7,structured-2x2-bf16-native-log15-b7,full,butterfly,cuButterfly-online-r2-t256,0,5,7,1,0.029309,native,16,32,16,1,broadcast,floating-fma,online-r2-t256,64,36,1024,6,48,0.75,448,0.9333333333333333,0.9333333333333333,register,917504,0.14583333333333334,0,Tesla V100-SXM2-16GB,7.0,structured-2x2,bf16,forward,none,out-of-place,0,,,,0.000000,,online-reorder,radix2,four-mul,table,direct-strided,0.92387949999999996:-0.38268340000000001:0.38268340000000001:0.92387949999999996,2,8x7,0x0,8x8,table,direct-strided,global-scratch,2,0x0,8x8,shared,linear,scalar,0,named-barrier,256,0,0,8,8,0,0,8,1,0,0,15,32768,7,1,32768,1000,100,0.108448,0.037765,0.126048,185356.226690,45.553146,6073752836.174058,0.000000,-1,,,,,,,,,,,,
fwht-fp32-log15-online-r2-t256-b7,fwht-fp32-log15-b7,full,butterfly,cuButterfly-online-r2-t256,0,5,7,1,0.000000,native,32,32,32,0,implicit-sign,floating-add,online-r2-t256,64,36,2048,6,48,0.75,448,0.9333333333333333,0.9333333333333333,register,1835008,0.2916666666666667,0,Tesla V100-SXM2-16GB,7.0,fwht,fp32,forward,none,out-of-place,0,,,,0.000000,,online-reorder,radix2,four-mul,table,direct-strided,,2,8x7,0x0,8x8,table,direct-strided,global-scratch,2,0x0,8x8,shared,linear,scalar,0,named-barrier,256,0,0,8,8,0,0,8,1,0,0,15,32768,7,1,32768,1000,100,0.236896,0.023593,0.219744,296698.675090,72.916666,9722222185.363546,0.000000,-1,,,,,,,,,,,,
structured-2x2-fp16-fp32-log18-hier-r4-t256-b1,structured-2x2-fp16-fp32-log18-b1,full,butterfly,cuButterfly-hier-r4-t256,0,5,1,1,0.001906,fp32,16,32,32,0,broadcast,floating-fma,hier-r4-t256,256,44,2048,5,40,0.625,256,0.64,0.64,register,1048576,0.16666666666666666,0,Tesla V100-SXM2-16GB,7.0,structured-2x2,fp16,forward,none,out-of-place,0,,,,0.000000,,hierarchical,radix4,four-mul,table,direct-strided,0.92387949999999996:-0.38268340000000001:0.38268340000000001:0.92387949999999996,1,18,,,,,,0,,,shared,linear,scalar,0,named-barrier,256,0,0,8,8,0,0,9,0,0,0,18,262144,1,1,262144,1000,100,0.125888,0.030505,0.136672,32781.553604,77.341388,8593487587.905790,0.000000,-1,,,,,,,,,,,,
fft-fp16-fp32-log8-temporal-r4-t128-b801,fft-fp16-fp32-log8-b801,full,butterfly,cuButterfly-temporal-r4-t128,0,5,801,1,0.000747,fp32,16,32,32,0,per-stage-twiddle,floating-complex,temporal-r4-t128,1,42,1024,10,40,0.625,801,1.00125,1.0,register,1640448,0.2607421875,0,Tesla V100-SXM2-16GB,7.0,fft,fp16,forward,none,out-of-place,0,,,,0.000000,,temporal-tile,radix4,four-mul,table,direct-strided,,1,8,,,,,,0,,,shared,linear,scalar,0,named-barrier,128,0,0,8,8,0,0,0,0,0,0,8,256,801,1,256,1000,100,0.201504,0.006298,0.218272,127191301.774313,130.243893,32560973254.224159,0.000000,-1,,,,,,,,,,,,
fft-fp16-fp32-log8-temporal-r4-t128-b1281,fft-fp16-fp32-log8-b1281,full,butterfly,cuButterfly-temporal-r4-t128,0,1,1281,1,0.000747,fp32,16,32,32,0,per-stage-twiddle,floating-complex,temporal-r4-t128,1,42,1024,10,40,0.625,1281,1.60125,1.0,register,2623488,0.4169921875,0,Tesla V100-SXM2-16GB,7.0,fft,fp16,forward,none,out-of-place,0,,,,0.000000,,temporal-tile,radix4,four-mul,table,direct-strided,,1,8,,,,,,0,,,shared,linear,scalar,0,named-barrier,128,0,0,8,8,0,0,0,0,0,0,8,256,1281,1,256,1000,100,0.305568,0.007946,0.303648,161208324.284564,165.077324,41269331016.848396,0.000000,-1,,,,,,,,,,,,
structured-2x2-fp16-fp32-log18-hier-r4-t256-b1,structured-2x2-fp16-fp32-log18-b1,full,butterfly,cuButterfly-hier-r4-t256,0,4,1,1,0.001906,fp32,16,32,32,0,broadcast,floating-fma,hier-r4-t256,256,44,2048,5,40,0.625,256,0.64,0.64,register,1048576,0.16666666666666666,0,Tesla V100-SXM2-16GB,7.0,structured-2x2,fp16,forward,none,out-of-place,0,,,,0.000000,,hierarchical,radix4,four-mul,table,direct-strided,0.92387949999999996:-0.38268340000000001:0.38268340000000001:0.92387949999999996,1,18,,,,,,0,,,shared,linear,scalar,0,named-barrier,256,0,0,8,8,0,0,9,0,0,0,18,262144,1,1,262144,1000,100,0.122272,0.030648,0.154496,32628.216848,76.979621,8553291277.299991,0.000000,-1,,,,,,,,,,,,
structured-2x2-fp32-log15-online-r4-t256-b7,structured-2x2-fp32-log15-b7,full,butterfly,cuButterfly-online-r4-t256,0,1,7,1,0.000000,native,32,32,32,0,broadcast,floating-fma,online-r4-t256,64,46,4096,5,40,0.625,448,1.12,1.0,register,1835008,0.2916666666666667,0,Tesla V100-SXM2-16GB,7.0,structured-2x2,fp32,forward,none,out-of-place,0,,,,0.000000,,online-reorder,radix4,four-mul,table,direct-strided,0.92387949999999996:-0.38268340000000001:0.38268340000000001:0.92387949999999996,2,8x7,0x0,8x8,table,direct-strided,global-scratch,2,0x0,8x8,shared,linear,scalar,0,named-barrier,256,0,0,8,8,0,0,8,1,0,0,15,32768,7,1,32768,1000,100,0.212928,0.024422,0.266848,286622.120925,70.440252,9392033658.466850,0.000000,-1,,,,,,,,,,,,
structured-2x2-bf16-native-log18-online-r4-t256-b1,structured-2x2-bf16-native-log18-b1,full,butterfly,cuButterfly-online-r4-t256,0,5,1,1,0.034586,native,16,32,16,1,broadcast,floating-fma,online-r4-t256,256,46,2048,5,40,0.625,256,0.64,0.64,register,1048576,0.16666666666666666,0,Tesla V100-SXM2-16GB,7.0,structured-2x2,bf16,forward,none,out-of-place,0,,,,0.000000,,online-reorder,radix4,four-mul,table,direct-strided,0.92387949999999996:-0.38268340000000001:0.38268340000000001:0.92387949999999996,2,9x9,0x0,8x8,table,direct-strided,global-scratch,2,0x0,8x8,shared,linear,scalar,0,named-barrier,256,0,0,8,8,0,0,9,1,0,0,18,262144,1,1,262144,1000,100,0.120352,0.042947,0.134080,23284.752869,54.935624,6103958256.200980,0.000000,-1,,,,,,,,,,,,
fwht-bf16-native-log15-hier-r4-t256-b8,fwht-bf16-native-log15-b8,full,butterfly,cuButterfly-hier-r4-t256,0,5,8,1,0.006966,native,16,32,16,1,implicit-sign,floating-add,hier-r4-t256,64,44,2048,5,40,0.625,512,1.28,1.0,register,1048576,0.16666666666666666,0,Tesla V100-SXM2-16GB,7.0,fwht,bf16,forward,none,out-of-place,0,,,,0.000000,,hierarchical,radix4,four-mul,table,direct-strided,,1,15,,,,,,0,,,shared,linear,scalar,0,named-barrier,256,0,0,8,8,0,0,8,0,0,0,15,32768,8,1,32768,1000,100,0.122368,0.028877,0.142528,277039.006228,68.085106,9078014156.080385,0.000000,-1,,,,,,,,,,,,
structured-2x2-fp32-log15-online-r4-t256-b13,structured-2x2-fp32-log15-b13,full,butterfly,cuButterfly-online-r4-t256,0,4,13,1,0.000000,native,32,32,32,0,broadcast,floating-fma,online-r4-t256,64,46,4096,5,40,0.625,832,2.08,1.0,register,3407872,0.5416666666666666,0,Tesla V100-SXM2-16GB,7.0,structured-2x2,fp32,forward,none,out-of-place,0,,,,0.000000,,online-reorder,radix4,four-mul,table,direct-strided,0.92387949999999996:-0.38268340000000001:0.38268340000000001:0.92387949999999996,2,8x7,0x0,8x8,table,direct-strided,global-scratch,2,0x0,8x8,shared,linear,scalar,0,named-barrier,256,0,0,8,8,0,0,8,1,0,0,15,32768,13,1,32768,1000,100,0.374368,0.039424,0.341344,329748.389627,81.038964,10805195231.309221,0.000000,-1,,,,,,,,,,,,
fwht-fp16-fp32-log20-hier-r4-t256-b1,fwht-fp16-fp32-log20-b1,full,butterfly,cuButterfly-hier-r4-t256,0,4,1,1,0.001000,fp32,16,32,32,0,implicit-sign,floating-add,hier-r4-t256,512,44,2048,5,40,0.625,512,1.28,1.0,register,4194304,0.6666666666666666,0,Tesla V100-SXM2-16GB,7.0,fwht,fp16,forward,none,out-of-place,0,,,,0.000000,,hierarchical,radix4,four-mul,table,direct-strided,,1,20,,,,,,0,,,shared,linear,scalar,0,named-barrier,256,0,0,8,8,0,0,10,0,0,0,20,1048576,1,1,1048576,1000,100,0.418176,0.061860,0.425888,16165.576267,169.508353,16950835299.453098,0.000000,-1,,,,,,,,,,,,
fft-bf16-fp32-log8-temporal-r4-t128-b1280,fft-bf16-fp32-log8-b1280,full,butterfly,cuButterfly-temporal-r4-t128,0,5,1280,1,0.006154,fp32,16,32,32,0,per-stage-twiddle,floating-complex,temporal-r4-t128,1,42,1024,10,40,0.625,1280,1.6,1.0,register,2621440,0.4166666666666667,0,Tesla V100-SXM2-16GB,7.0,fft,bf16,forward,none,out-of-place,0,,,,0.000000,,temporal-tile,radix4,four-mul,table,direct-strided,,1,8,,,,,,0,,,shared,linear,scalar,0,named-barrier,128,0,0,8,8,0,0,0,0,0,0,8,256,1280,1,256,1000,100,0.292384,0.018207,0.326048,70303707.511433,71.990996,17997749122.926949,0.000000,-1,,,,,,,,,,,,
fft-fp16-fp32-log15-online-r4-t256-b4,fft-fp16-fp32-log15-b4,full,butterfly,cuButterfly-online-r4-t256,0,5,4,1,0.001078,fp32,16,32,32,0,per-stage-twiddle,floating-complex,online-r4-t256,64,50,4096,4,32,0.5,256,0.8,0.8,register,1048576,0.16666666666666666,0,Tesla V100-SXM2-16GB,7.0,fft,fp16,forward,none,out-of-place,0,,,,0.000000,,online-reorder,radix4,four-mul,table,direct-strided,,2,8x7,0x0,8x8,table,direct-strided,global-scratch,2,0x0,8x8,shared,linear,scalar,0,named-barrier,256,0,0,8,8,0,0,8,1,0,0,15,32768,4,1,32768,1000,100,0.148864,0.021279,0.131200,187981.228870,46.198267,6159768907.612322,0.000000,-1,,,,,,,,,,,,
fft-fp16-native-log20-online-r4-t256-b3,fft-fp16-native-log20-b3,full,butterfly,cuButterfly-online-r4-t256,0,4,3,1,0.001330,native,16,16,16,0,per-stage-twiddle,floating-complex,online-r4-t256,512,50,4096,4,32,0.5,1536,4.8,1.0,register,25165824,4.0,0,Tesla V100-SXM2-16GB,7.0,fft,fp16,forward,none,out-of-place,0,,,,0.000000,,online-reorder,radix4,four-mul,table,direct-strided,,2,10x10,0x0,8x8,table,direct-strided,global-scratch,2,0x0,8x8,shared,linear,scalar,0,named-barrier,256,0,0,8,8,0,0,10,1,0,0,20,1048576,3,1,1048576,1000,100,2.108096,0.346788,2.003232,8650.822356,90.710447,9071044702.257742,0.000000,-1,,,,,,,,,,,,
fft-fp64-log18-online-r4-t256-b1,fft-fp64-log18-b1,full,butterfly,cuButterfly-online-r4-t256,0,4,1,1,0.000000,native,64,64,64,0,per-stage-twiddle,floating-complex,online-r4-t256,256,58,16384,4,32,0.5,256,0.8,0.8,register,8388608,1.3333333333333333,0,Tesla V100-SXM2-16GB,7.0,fft,fp64,forward,none,out-of-place,0,,,,0.000000,,online-reorder,radix4,four-mul,table,direct-strided,,2,9x9,0x0,8x8,table,direct-strided,global-scratch,2,0x0,8x8,shared,linear,scalar,0,named-barrier,256,0,0,8,8,0,0,9,1,0,0,18,262144,1,1,262144,1000,100,0.740320,0.058061,0.741056,17223.324873,40.634921,4514991275.437798,0.000000,-1,,,,,,,,,,,,
fft-fp64-log8-temporal-r4-t128-b960,fft-fp64-log8-b960,full,butterfly,cuButterfly-temporal-r4-t128,0,4,960,1,0.000000,native,64,64,64,0,per-stage-twiddle,floating-complex,temporal-r4-t128,1,50,4096,9,36,0.5625,960,1.3333333333333333,1.0,register,7864320,1.25,0,Tesla V100-SXM2-16GB,7.0,fft,fp64,forward,none,out-of-place,0,,,,0.000000,,temporal-tile,radix4,four-mul,table,direct-strided,,1,8,,,,,,0,,,shared,linear,scalar,0,named-barrier,128,0,0,8,8,0,0,0,0,0,0,8,256,960,1,256,1000,100,0.701504,0.016845,0.674944,56990882.331509,58.358664,14589665876.866247,0.000000,-1,,,,,,,,,,,,
fft-fp16-fp32-log15-online-r2-t256-b4,fft-fp16-fp32-log15-b4,full,butterfly,cuButterfly-online-r2-t256,0,3,4,1,0.001078,fp32,16,32,32,0,per-stage-twiddle,floating-complex,online-r2-t256,64,38,2048,6,48,0.75,256,0.5333333333333333,0.5333333333333333,register,1048576,0.16666666666666666,0,Tesla V100-SXM2-16GB,7.0,fft,fp16,forward,none,out-of-place,0,,,,0.000000,,online-reorder,radix2,four-mul,table,direct-strided,,2,8x7,0x0,8x8,table,direct-strided,global-scratch,2,0x0,8x8,shared,linear,scalar,0,named-barrier,256,0,0,8,8,0,0,8,1,0,0,15,32768,4,1,32768,1000,100,0.137344,0.022538,0.144096,177476.154007,43.616540,5815538614.490677,0.000000,-1,,,,,,,,,,,,
fwht-fp32-log15-online-r4-t256-b8,fwht-fp32-log15-b8,full,butterfly,cuButterfly-online-r4-t256,0,1,8,1,0.000000,native,32,32,32,0,implicit-sign,floating-add,online-r4-t256,64,46,4096,5,40,0.625,512,1.28,1.0,register,2097152,0.3333333333333333,0,Tesla V100-SXM2-16GB,7.0,fwht,fp32,forward,none,out-of-place,0,,,,0.000000,,online-reorder,radix4,four-mul,table,direct-strided,,2,8x7,0x0,8x8,table,direct-strided,global-scratch,2,0x0,8x8,shared,linear,scalar,0,named-barrier,256,0,0,8,8,0,0,8,1,0,0,15,32768,8,1,32768,1000,100,0.250528,0.025262,0.269376,316680.176688,77.827320,10376976029.696053,0.000000,-1,,,,,,,,,,,,
structured-2x2-fp32-log8-temporal-r4-t128-b960,structured-2x2-fp32-log8-b960,full,butterfly,cuButterfly-temporal-r4-t128,0,1,960,1,0.000000,native,32,32,32,0,broadcast,floating-fma,temporal-r4-t128,1,38,1024,12,48,0.75,960,1.0,1.0,register,1966080,0.3125,0,Tesla V100-SXM2-16GB,7.0,structured-2x2,fp32,forward,none,out-of-place,0,,,,0.000000,,temporal-tile,radix4,four-mul,table,direct-strided,0.92387949999999996:-0.38268340000000001:0.38268340000000001:0.92387949999999996,1,8,,,,,,0,,,shared,linear,scalar,0,named-barrier,128,0,0,8,8,0,0,0,0,0,0,8,256,960,1,256,1000,100,0.223552,0.004762,0.275552,201612905.952966,206.451616,51612903923.959198,0.000000,-1,,,,,,,,,,,,
structured-2x2-fp16-fp32-log15-online-r4-t256-b6,structured-2x2-fp16-fp32-log15-b6,full,butterfly,cuButterfly-online-r4-t256,0,4,6,1,0.001612,fp32,16,32,32,0,broadcast,floating-fma,online-r4-t256,64,46,2048,5,40,0.625,384,0.96,0.96,register,786432,0.125,0,Tesla V100-SXM2-16GB,7.0,structured-2x2,fp16,forward,none,out-of-place,0,,,,0.000000,,online-reorder,radix4,four-mul,table,direct-strided,0.92387949999999996:-0.38268340000000001:0.38268340000000001:0.92387949999999996,2,8x7,0x0,8x8,table,direct-strided,global-scratch,2,0x0,8x8,shared,linear,scalar,0,named-barrier,256,0,0,8,8,0,0,8,1,0,0,15,32768,6,1,32768,1000,100,0.092320,0.023183,0.107424,258806.308486,63.604238,8480565116.484093,0.000000,-1,,,,,,,,,,,,
ntt-uint64-ntt-log15-ntt-hybrid-r2-t256-b240,ntt-uint64-ntt-log15-b240,full,ntt,cuButterfly-ntt-hybrid-r2-t256,0,5,240,1,,native,64,64,64,0,per-stage-root,modular-multiply-reduce,ntt-hybrid-r2-t256,1,52,4096,4,32,0.5,240,0.75,0.75,register,125829120,20.0,0,Tesla V100-SXM2-16GB,7.0,ntt,uint64,forward,,,0,,,,0.000000,,hybrid2d,radix2,,fused,,,,,,,,,,,,,,,,0,named-barrier,,,,,,,,,,,,15,32768,240,1,32768,1000,100,10.209312,0.516997,9.484640,,,,,-1,natural,64,1152921504606748673,60,7,4,256,0,464219.239334,11874.751263,15211536034.509552,shoup
structured-2x2-fp16-fp32-log18-online-r4-t256-b1,structured-2x2-fp16-fp32-log18-b1,full,butterfly,cuButterfly-online-r4-t256,0,2,1,1,0.001906,fp32,16,32,32,0,broadcast,floating-fma,online-r4-t256,256,46,2048,5,40,0.625,256,0.64,0.64,register,1048576,0.16666666666666666,0,Tesla V100-SXM2-16GB,7.0,structured-2x2,fp16,forward,none,out-of-place,0,,,,0.000000,,online-reorder,radix4,four-mul,table,direct-strided,0.92387949999999996:-0.38268340000000001:0.38268340000000001:0.92387949999999996,2,9x9,0x0,8x8,table,direct-strided,global-scratch,2,0x0,8x8,shared,linear,scalar,0,named-barrier,256,0,0,8,8,0,0,9,1,0,0,18,262144,1,1,262144,1000,100,0.125952,0.031263,0.151200,31986.981922,75.466758,8385195388.866234,0.000000,-1,,,,,,,,,,,,
structured-2x2-fp32-log8-temporal-r4-t128-b959,structured-2x2-fp32-log8-b959,full,butterfly,cuButterfly-temporal-r4-t128,0,2,959,1,0.000000,native,32,32,32,0,broadcast,floating-fma,temporal-r4-t128,1,38,1024,12,48,0.75,959,0.9989583333333333,0.9989583333333333,register,1964032,0.3121744791666667,0,Tesla V100-SXM2-16GB,7.0,structured-2x2,fp32,forward,none,out-of-place,0,,,,0.000000,,temporal-tile,radix4,four-mul,table,direct-strided,0.92387949999999996:-0.38268340000000001:0.38268340000000001:0.92387949999999996,1,8,,,,,,0,,,shared,linear,scalar,0,named-barrier,128,0,0,8,8,0,0,0,0,0,0,8,256,959,1,256,1000,100,0.223360,0.005028,0.251072,190737974.241480,195.315686,48828921405.818764,0.000000,-1,,,,,,,,,,,,
fft-bf16-fp32-log8-temporal-r2-t128-b801,fft-bf16-fp32-log8-b801,full,butterfly,cuButterfly-temporal-r2-t128,0,1,801,1,0.006154,fp32,16,32,32,0,per-stage-twiddle,floating-complex,temporal-r2-t128,1,32,1024,16,64,1.0,801,0.62578125,0.62578125,register+thread+warp,1640448,0.2607421875,0,Tesla V100-SXM2-16GB,7.0,fft,bf16,forward,none,out-of-place,0,,,,0.000000,,temporal-tile,radix2,four-mul,table,direct-strided,,1,8,,,,,,0,,,shared,linear,scalar,0,named-barrier,128,0,0,8,8,0,0,0,0,0,0,8,256,801,1,256,1000,100,0.187552,0.013496,0.215008,59349508.515713,60.773897,15193474180.022530,0.000000,-1,,,,,,,,,,,,
ntt-uint64-ntt-log15-ntt-hybrid-r2-t256-b319,ntt-uint64-ntt-log15-b319,full,ntt,cuButterfly-ntt-hybrid-r2-t256,0,2,319,1,,native,64,64,64,0,per-stage-root,modular-multiply-reduce,ntt-hybrid-r2-t256,1,52,4096,4,32,0.5,319,0.996875,0.996875,register,167247872,26.583333333333332,0,Tesla V100-SXM2-16GB,7.0,ntt,uint64,forward,,,0,,,,0.000000,,hybrid2d,radix2,,fused,,,,,,,,,,,,,,,,0,named-barrier,,,,,,,,,,,,15,32768,319,1,32768,1000,100,13.499072,0.680817,26.903423,,,,,-1,natural,64,1152921504606748673,60,7,4,256,0,468554.932987,7764.709908,15353608044.107758,shoup
fwht-bf16-native-log8-temporal-r2-t128-b1280,fwht-bf16-native-log8-b1280,full,butterfly,cuButterfly-temporal-r2-t128,0,1,1280,1,0.005010,native,16,32,16,1,implicit-sign,floating-add,temporal-r2-t128,1,30,512,16,64,1.0,1280,1.0,1.0,register+thread+warp,1310720,0.20833333333333334,0,Tesla V100-SXM2-16GB,7.0,fwht,bf16,forward,none,out-of-place,0,,,,0.000000,,temporal-tile,radix2,four-mul,table,direct-strided,,1,8,,,,,,0,,,shared,linear,scalar,0,named-barrier,128,0,0,8,8,0,0,0,0,0,0,8,256,1280,1,256,1000,100,0.188320,0.008561,0.195104,149521534.487311,153.110051,38277512828.751610,0.000000,-1,,,,,,,,,,,,
structured-2x2-fp32-log8-temporal-r2-t128-b959,structured-2x2-fp32-log8-b959,full,butterfly,cuButterfly-temporal-r2-t128,0,5,959,1,0.000000,native,32,32,32,0,broadcast,floating-fma,temporal-r2-t128,1,30,1024,16,64,1.0,959,0.74921875,0.74921875,register+thread+warp,1964032,0.3121744791666667,0,Tesla V100-SXM2-16GB,7.0,structured-2x2,fp32,forward,none,out-of-place,0,,,,0.000000,,temporal-tile,radix2,four-mul,table,direct-strided,0.92387949999999996:-0.38268340000000001:0.38268340000000001:0.92387949999999996,1,8,,,,,,0,,,shared,linear,scalar,0,named-barrier,128,0,0,8,8,0,0,0,0,0,0,8,256,959,1,256,1000,100,0.238688,0.005888,0.231552,162873637.690219,166.782605,41695651248.696022,0.000000,-1,,,,,,,,,,,,
subset-zeta-uint32-zeta-log8-temporal-r4-t128-b1280,subset-zeta-uint32-zeta-log8-b1280,full,butterfly,cuButterfly-temporal-r4-t128,0,4,1280,1,0.000000,native,32,32,32,0,implicit-unit,integer-add,temporal-r4-t128,1,38,1024,12,48,0.75,1280,1.3333333333333333,1.0,register,2621440,0.4166666666666667,0,Tesla V100-SXM2-16GB,7.0,subset-zeta,uint32,forward,none,out-of-place,0,,,,0.000000,,temporal-tile,radix4,four-mul,table,direct-strided,,1,8,,,,,,0,,,shared,linear,scalar,0,named-barrier,128,0,0,8,8,0,0,0,0,0,0,8,256,1280,1,256,1000,100,0.323360,0.004772,0.276128,268240353.055707,274.678122,68669530382.261024,0.000000,-1,,,,,,,,,,,,
fwht-fp32-log15-hier-r4-t256-b8,fwht-fp32-log15-b8,full,butterfly,cuButterfly-hier-r4-t256,0,1,8,1,0.000000,native,32,32,32,0,implicit-sign,floating-add,hier-r4-t256,64,44,4096,5,40,0.625,512,1.28,1.0,register,2097152,0.3333333333333333,0,Tesla V100-SXM2-16GB,7.0,fwht,fp32,forward,none,out-of-place,0,,,,0.000000,,hierarchical,radix4,four-mul,table,direct-strided,,1,15,,,,,,0,,,shared,linear,scalar,0,named-barrier,256,0,0,8,8,0,0,8,0,0,0,15,32768,8,1,32768,1000,100,0.255936,0.024166,0.270624,331038.140894,81.355934,10847457800.819271,0.000000,-1,,,,,,,,,,,,
ntt-uint64-ntt-log15-ntt-hybrid-r2-t256-b319,ntt-uint64-ntt-log15-b319,full,ntt,cuButterfly-ntt-hybrid-r2-t256,0,1,319,1,,native,64,64,64,0,per-stage-root,modular-multiply-reduce,ntt-hybrid-r2-t256,1,52,4096,4,32,0.5,319,0.996875,0.996875,register,167247872,26.583333333333332,0,Tesla V100-SXM2-16GB,7.0,ntt,uint64,forward,,,0,,,,0.000000,,hybrid2d,radix2,,fused,,,,,,,,,,,,,,,,0,named-barrier,,,,,,,,,,,,15,32768,319,1,32768,1000,100,13.487648,0.683346,25.140224,,,,,-1,natural,64,1152921504606748673,60,7,4,256,0,466820.633141,8114.731943,15296778506.777054,shoup
fwht-fp16-fp32-log8-temporal-r4-t128-b1280,fwht-fp16-fp32-log8-b1280,full,butterfly,cuButterfly-temporal-r4-t128,0,4,1280,1,0.000572,fp32,16,32,32,0,implicit-sign,floating-add,temporal-r4-t128,1,38,512,12,48,0.75,1280,1.3333333333333333,1.0,register,1310720,0.20833333333333334,0,Tesla V100-SXM2-16GB,7.0,fwht,fp16,forward,none,out-of-place,0,,,,0.000000,,temporal-tile,radix4,four-mul,table,direct-strided,,1,8,,,,,,0,,,shared,linear,scalar,0,named-barrier,128,0,0,8,8,0,0,0,0,0,0,8,256,1280,1,256,1000,100,0.188288,0.004833,0.166560,264830502.509300,271.186435,67796608642.380722,0.000000,-1,,,,,,,,,,,,
fwht-fp16-native-log20-online-r4-t256-b1,fwht-fp16-native-log20-b1,full,butterfly,cuButterfly-online-r4-t256,0,2,1,1,0.001000,native,16,16,16,0,implicit-sign,floating-add,online-r4-t256,512,46,2048,5,40,0.625,512,1.28,1.0,register,4194304,0.6666666666666666,0,Tesla V100-SXM2-16GB,7.0,fwht,fp16,forward,none,out-of-place,0,,,,0.000000,,online-reorder,radix4,four-mul,table,direct-strided,,2,10x10,0x0,8x8,table,direct-strided,global-scratch,2,0x0,8x8,shared,linear,scalar,0,named-barrier,256,0,0,8,8,0,0,10,1,0,0,20,1048576,1,1,1048576,1000,100,0.431232,0.087439,0.401728,11436.497479,119.920368,11992036780.382130,0.000000,-1,,,,,,,,,,,,
fwht-bf16-native-log15-hier-r4-t256-b8,fwht-bf16-native-log15-b8,full,butterfly,cuButterfly-hier-r4-t256,0,2,8,1,0.006966,native,16,32,16,1,implicit-sign,floating-add,hier-r4-t256,64,44,2048,5,40,0.625,512,1.28,1.0,register,1048576,0.16666666666666666,0,Tesla V100-SXM2-16GB,7.0,fwht,bf16,forward,none,out-of-place,0,,,,0.000000,,hierarchical,radix4,four-mul,table,direct-strided,,1,15,,,,,,0,,,shared,linear,scalar,0,named-barrier,256,0,0,8,8,0,0,8,0,0,0,15,32768,8,1,32768,1000,100,0.121216,0.028631,0.153888,279417.016255,68.669526,9155936788.645082,0.000000,-1,,,,,,,,,,,,
ntt-uint32-ntt-log15-ntt-hybrid-r4-t256-b319,ntt-uint32-ntt-log15-b319,full,ntt,cuButterfly-ntt-hybrid-r4-t256,0,5,319,1,,native,32,32,32,0,per-stage-root,modular-multiply-reduce,ntt-hybrid-r4-t256,1,62,4096,4,32,0.5,319,0.996875,0.996875,register,83623936,13.291666666666666,0,Tesla V100-SXM2-16GB,7.0,ntt,uint32,forward,,,0,,,,0.000000,,hybrid2d,radix4,,fused,,,,,,,,,,,,,,,,0,named-barrier,,,,,,,,,,,,15,32768,319,1,32768,1000,100,6.828352,0.373289,6.339392,,,,,-1,natural,32,1073643521,30,7,4,256,0,854565.858654,23558.025241,28002414056.361668,shoup
structured-2x2-fp32-log8-temporal-r2-t128-b640,structured-2x2-fp32-log8-b640,full,butterfly,cuButterfly-temporal-r2-t128,0,1,640,1,0.000000,native,32,32,32,0,broadcast,floating-fma,temporal-r2-t128,1,30,1024,16,64,1.0,640,0.5,0.5,register+thread+warp,1310720,0.20833333333333334,0,Tesla V100-SXM2-16GB,7.0,structured-2x2,fp32,forward,none,out-of-place,0,,,,0.000000,,temporal-tile,radix2,four-mul,table,direct-strided,0.92387949999999996:-0.38268340000000001:0.38268340000000001:0.92387949999999996,1,8,,,,,,0,,,shared,linear,scalar,0,named-barrier,128,0,0,8,8,0,0,0,0,0,0,8,256,640,1,256,1000,100,0.153600,0.004854,0.165184,131856543.010562,135.021100,33755275010.703831,0.000000,-1,,,,,,,,,,,,
fwht-bf16-native-log15-hier-r4-t256-b7,fwht-bf16-native-log15-b7,full,butterfly,cuButterfly-hier-r4-t256,0,4,7,1,0.006966,native,16,32,16,1,implicit-sign,floating-add,hier-r4-t256,64,44,2048,5,40,0.625,448,1.12,1.0,register,917504,0.14583333333333334,0,Tesla V100-SXM2-16GB,7.0,fwht,bf16,forward,none,out-of-place,0,,,,0.000000,,hierarchical,radix4,four-mul,table,direct-strided,,1,15,,,,,,0,,,shared,linear,scalar,0,named-barrier,256,0,0,8,8,0,0,8,0,0,0,15,32768,7,1,32768,1000,100,0.108448,0.027372,0.134720,255740.271452,62.850729,8380097214.939558,0.000000,-1,,,,,,,,,,,,
structured-2x2-fp16-native-log18-hier-r4-t256-b1,structured-2x2-fp16-native-log18-b1,full,butterfly,cuButterfly-hier-r4-t256,0,5,1,1,0.002014,native,16,16,16,0,broadcast,floating-fma,hier-r4-t256,256,44,2048,5,40,0.625,256,0.64,0.64,register,1048576,0.16666666666666666,0,Tesla V100-SXM2-16GB,7.0,structured-2x2,fp16,forward,none,out-of-place,0,,,,0.000000,,hierarchical,radix4,four-mul,table,direct-strided,0.92387949999999996:-0.38268340000000001:0.38268340000000001:0.92387949999999996,1,18,,,,,,0,,,shared,linear,scalar,0,named-barrier,256,0,0,8,8,0,0,9,0,0,0,18,262144,1,1,262144,1000,100,0.120512,0.029932,0.143680,33409.597220,78.823129,8758125453.600958,0.000000,-1,,,,,,,,,,,,
fft-fp16-native-log20-online-r4-t256-b3,fft-fp16-native-log20-b3,full,butterfly,cuButterfly-online-r4-t256,0,5,3,1,0.001330,native,16,16,16,0,per-stage-twiddle,floating-complex,online-r4-t256,512,50,4096,4,32,0.5,1536,4.8,1.0,register,25165824,4.0,0,Tesla V100-SXM2-16GB,7.0,fft,fp16,forward,none,out-of-place,0,,,,0.000000,,online-reorder,radix4,four-mul,table,direct-strided,,2,10x10,0x0,8x8,table,direct-strided,global-scratch,2,0x0,8x8,shared,linear,scalar,0,named-barrier,256,0,0,8,8,0,0,10,1,0,0,20,1048576,3,1,1048576,1000,100,2.088480,0.346808,2.005120,8650.311645,90.705092,9070509183.543875,0.000000,-1,,,,,,,,,,,,
ntt-uint64-ntt-log15-ntt-hybrid-r4-t256-b319,ntt-uint64-ntt-log15-b319,full,ntt,cuButterfly-ntt-hybrid-r4-t256,0,1,319,1,,native,64,64,64,0,per-stage-root,modular-multiply-reduce,ntt-hybrid-r4-t256,1,66,8192,3,24,0.375,319,1.3291666666666666,1.0,register,167247872,26.583333333333332,0,Tesla V100-SXM2-16GB,7.0,ntt,uint64,forward,,,0,,,,0.000000,,hybrid2d,radix4,,fused,,,,,,,,,,,,,,,,0,named-barrier,,,,,,,,,,,,15,32768,319,1,32768,1000,100,13.510560,0.628029,12.582112,,,,,-1,natural,64,1152921504606748673,60,7,4,256,0,507937.951059,11938.309189,16644110780.310816,shoup
fft-fp16-fp32-log15-online-r2-t256-b5,fft-fp16-fp32-log15-b5,full,butterfly,cuButterfly-online-r2-t256,0,5,5,1,0.001078,fp32,16,32,32,0,per-stage-twiddle,floating-complex,online-r2-t256,64,38,2048,6,48,0.75,320,0.6666666666666666,0.6666666666666666,register,1310720,0.20833333333333334,0,Tesla V100-SXM2-16GB,7.0,fft,fp16,forward,none,out-of-place,0,,,,0.000000,,online-reorder,radix2,four-mul,table,direct-strided,,2,8x7,0x0,8x8,table,direct-strided,global-scratch,2,0x0,8x8,shared,linear,scalar,0,named-barrier,256,0,0,8,8,0,0,8,1,0,0,15,32768,5,1,32768,1000,100,0.182112,0.027433,0.170176,182262.507810,44.792834,5972377855.917296,0.000000,-1,,,,,,,,,,,,
ntt-uint64-ntt-log15-ntt-hybrid-r4-t256-b319,ntt-uint64-ntt-log15-b319,full,ntt,cuButterfly-ntt-hybrid-r4-t256,0,3,319,1,,native,64,64,64,0,per-stage-root,modular-multiply-reduce,ntt-hybrid-r4-t256,1,66,8192,3,24,0.375,319,1.3291666666666666,1.0,register,167247872,26.583333333333332,0,Tesla V100-SXM2-16GB,7.0,ntt,uint64,forward,,,0,,,,0.000000,,hybrid2d,radix4,,fused,,,,,,,,,,,,,,,,0,named-barrier,,,,,,,,,,,,15,32768,319,1,32768,1000,100,13.514080,0.627968,12.587872,,,,,-1,natural,64,1152921504606748673,60,7,4,256,0,507987.657413,11934.192269,16645739558.122187,shoup
subset-zeta-uint32-zeta-log8-temporal-r4-t128-b1920,subset-zeta-uint32-zeta-log8-b1920,full,butterfly,cuButterfly-temporal-r4-t128,0,5,1920,1,0.000000,native,32,32,32,0,implicit-unit,integer-add,temporal-r4-t128,1,38,1024,12,48,0.75,1920,2.0,1.0,register,3932160,0.625,0,Tesla V100-SXM2-16GB,7.0,subset-zeta,uint32,forward,none,out-of-place,0,,,,0.000000,,temporal-tile,radix4,four-mul,table,direct-strided,,1,8,,,,,,0,,,shared,linear,scalar,0,named-barrier,128,0,0,8,8,0,0,0,0,0,0,8,256,1920,1,256,1000,100,0.419680,0.006083,0.372128,315656568.990916,323.232327,80808081661.674393,0.000000,-1,,,,,,,,,,,,
fft-fp64-log8-temporal-r4-t128-b961,fft-fp64-log8-b961,full,butterfly,cuButterfly-temporal-r4-t128,0,5,961,1,0.000000,native,64,64,64,0,per-stage-twiddle,floating-complex,temporal-r4-t128,1,50,4096,9,36,0.5625,961,1.3347222222222221,1.0,register,7872512,1.2513020833333333,0,Tesla V100-SXM2-16GB,7.0,fft,fp64,forward,none,out-of-place,0,,,,0.000000,,temporal-tile,radix4,four-mul,table,direct-strided,,1,8,,,,,,0,,,shared,linear,scalar,0,named-barrier,128,0,0,8,8,0,0,0,0,0,0,8,256,961,1,256,1000,100,0.705184,0.017603,0.661664,54594328.502695,55.904592,13976148096.689810,0.000000,-1,,,,,,,,,,,,
structured-2x2-bf16-native-log18-online-r4-t256-b1,structured-2x2-bf16-native-log18-b1,full,butterfly,cuButterfly-online-r4-t256,0,4,1,1,0.034586,native,16,32,16,1,broadcast,floating-fma,online-r4-t256,256,46,2048,5,40,0.625,256,0.64,0.64,register,1048576,0.16666666666666666,0,Tesla V100-SXM2-16GB,7.0,structured-2x2,bf16,forward,none,out-of-place,0,,,,0.000000,,online-reorder,radix4,four-mul,table,direct-strided,0.92387949999999996:-0.38268340000000001:0.38268340000000001:0.92387949999999996,2,9x9,0x0,8x8,table,direct-strided,global-scratch,2,0x0,8x8,shared,linear,scalar,0,named-barrier,256,0,0,8,8,0,0,9,1,0,0,18,262144,1,1,262144,1000,100,0.120608,0.045097,0.135328,22174.443728,52.316076,5812897376.505447,0.000000,-1,,,,,,,,,,,,
ntt-uint32-ntt-log15-ntt-hybrid-r4-t256-b320,ntt-uint32-ntt-log15-b320,full,ntt,cuButterfly-ntt-hybrid-r4-t256,0,2,320,1,,native,32,32,32,0,per-stage-root,modular-multiply-reduce,ntt-hybrid-r4-t256,1,62,4096,4,32,0.5,320,1.0,1.0,register,83886080,13.333333333333334,0,Tesla V100-SXM2-16GB,7.0,ntt,uint32,forward,,,0,,,,0.000000,,hybrid2d,radix4,,fused,,,,,,,,,,,,,,,,0,named-barrier,,,,,,,,,,,,15,32768,320,1,32768,1000,100,6.850528,0.374497,6.365344,,,,,-1,natural,32,1073643521,30,7,4,256,0,854478.871352,23546.086072,27999563656.460510,shoup
fft-bf16-fp32-log20-online-r4-t256-b1,fft-bf16-fp32-log20-b1,full,butterfly,cuButterfly-online-r4-t256,0,2,1,1,0.010209,fp32,16,32,32,0,per-stage-twiddle,floating-complex,online-r4-t256,512,50,4096,4,32,0.5,512,1.6,1.0,register,8388608,1.3333333333333333,0,Tesla V100-SXM2-16GB,7.0,fft,bf16,forward,none,out-of-place,0,,,,0.000000,,online-reorder,radix4,four-mul,table,direct-strided,,2,10x10,0x0,8x8,table,direct-strided,global-scratch,2,0x0,8x8,shared,linear,scalar,0,named-barrier,256,0,0,8,8,0,0,10,1,0,0,20,1048576,1,1,1048576,1000,100,0.743712,0.163113,0.710048,6130.720390,64.285263,6428526263.301861,0.000000,-1,,,,,,,,,,,,
fft-bf16-fp32-log18-online-r4-t256-b1,fft-bf16-fp32-log18-b1,full,butterfly,cuButterfly-online-r4-t256,0,2,1,1,0.009642,fp32,16,32,32,0,per-stage-twiddle,floating-complex,online-r4-t256,256,50,4096,4,32,0.5,256,0.8,0.8,register,2097152,0.3333333333333333,0,Tesla V100-SXM2-16GB,7.0,fft,bf16,forward,none,out-of-place,0,,,,0.000000,,online-reorder,radix4,four-mul,table,direct-strided,,2,9x9,0x0,8x8,table,direct-strided,global-scratch,2,0x0,8x8,shared,linear,scalar,0,named-barrier,256,0,0,8,8,0,0,9,1,0,0,18,262144,1,1,262144,1000,100,0.345952,0.046889,0.251360,21326.980788,50.316660,5590740051.583502,0.000000,-1,,,,,,,,,,,,
fft-bf16-fp32-log18-online-r4-t256-b1,fft-bf16-fp32-log18-b1,full,butterfly,cuButterfly-online-r4-t256,0,1,1,1,0.009642,fp32,16,32,32,0,per-stage-twiddle,floating-complex,online-r4-t256,256,50,4096,4,32,0.5,256,0.8,0.8,register,2097152,0.3333333333333333,0,Tesla V100-SXM2-16GB,7.0,fft,bf16,forward,none,out-of-place,0,,,,0.000000,,online-reorder,radix4,four-mul,table,direct-strided,,2,9x9,0x0,8x8,table,direct-strided,global-scratch,2,0x0,8x8,shared,linear,scalar,0,named-barrier,256,0,0,8,8,0,0,9,1,0,0,18,262144,1,1,262144,1000,100,0.340736,0.046920,0.265440,21313.017818,50.283718,5587079743.005941,0.000000,-1,,,,,,,,,,,,
ntt-uint64-ntt-log15-ntt-hybrid-r2-t256-b319,ntt-uint64-ntt-log15-b319,full,ntt,cuButterfly-ntt-hybrid-r2-t256,0,3,319,1,,native,64,64,64,0,per-stage-root,modular-multiply-reduce,ntt-hybrid-r2-t256,1,52,4096,4,32,0.5,319,0.996875,0.996875,register,167247872,26.583333333333332,0,Tesla V100-SXM2-16GB,7.0,ntt,uint64,forward,,,0,,,,0.000000,,hybrid2d,radix2,,fused,,,,,,,,,,,,,,,,0,named-barrier,,,,,,,,,,,,15,32768,319,1,32768,1000,100,13.502400,0.682424,24.100800,,,,,-1,natural,64,1152921504606748673,60,7,4,256,0,467451.110385,8332.109143,15317437985.102163,shoup
fwht-bf16-native-log8-temporal-r2-t128-b961,fwht-bf16-native-log8-b961,full,butterfly,cuButterfly-temporal-r2-t128,0,4,961,1,0.005010,native,16,32,16,1,implicit-sign,floating-add,temporal-r2-t128,1,30,512,16,64,1.0,961,0.75078125,0.75078125,register+thread+warp,984064,0.15641276041666666,0,Tesla V100-SXM2-16GB,7.0,fwht,bf16,forward,none,out-of-place,0,,,,0.000000,,temporal-tile,radix2,four-mul,table,direct-strided,,1,8,,,,,,0,,,shared,linear,scalar,0,named-barrier,128,0,0,8,8,0,0,0,0,0,0,8,256,961,1,256,1000,100,0.143520,0.007301,0.132192,131623639.726830,134.782607,33695651770.068516,0.000000,-1,,,,,,,,,,,,
structured-2x2-bf16-native-log15-hier-r4-t256-b6,structured-2x2-bf16-native-log15-b6,full,butterfly,cuButterfly-hier-r4-t256,0,2,6,1,0.029309,native,16,32,16,1,broadcast,floating-fma,hier-r4-t256,64,44,2048,5,40,0.625,384,0.96,0.96,register,786432,0.125,0,Tesla V100-SXM2-16GB,7.0,structured-2x2,bf16,forward,none,out-of-place,0,,,,0.000000,,hierarchical,radix4,four-mul,table,direct-strided,0.92387949999999996:-0.38268340000000001:0.38268340000000001:0.92387949999999996,1,15,,,,,,0,,,shared,linear,scalar,0,named-barrier,256,0,0,8,8,0,0,8,0,0,0,15,32768,6,1,32768,1000,100,0.097088,0.036311,0.120640,165238.994576,40.609135,5414551374.265210,0.000000,-1,,,,,,,,,,,,
structured-2x2-bf16-native-log15-hier-r4-t256-b7,structured-2x2-bf16-native-log15-b7,full,butterfly,cuButterfly-hier-r4-t256,0,2,7,1,0.029309,native,16,32,16,1,broadcast,floating-fma,hier-r4-t256,64,44,2048,5,40,0.625,448,1.12,1.0,register,917504,0.14583333333333334,0,Tesla V100-SXM2-16GB,7.0,structured-2x2,bf16,forward,none,out-of-place,0,,,,0.000000,,hierarchical,radix4,four-mul,table,direct-strided,0.92387949999999996:-0.38268340000000001:0.38268340000000001:0.92387949999999996,1,15,,,,,,0,,,shared,linear,scalar,0,named-barrier,256,0,0,8,8,0,0,8,0,0,0,15,32768,7,1,32768,1000,100,0.106656,0.039598,0.125376,176776.242108,43.444529,5792603901.401087,0.000000,-1,,,,,,,,,,,,
fft-fp64-log8-temporal-r2-t128-b1440,fft-fp64-log8-b1440,full,butterfly,cuButterfly-temporal-r2-t128,0,4,1440,1,0.000000,native,64,64,64,0,per-stage-twiddle,floating-complex,temporal-r2-t128,1,36,4096,12,48,0.75,1440,1.5,1.0,register,11796480,1.875,0,Tesla V100-SXM2-16GB,7.0,fft,fp64,forward,none,out-of-place,0,,,,0.000000,,temporal-tile,radix2,four-mul,table,direct-strided,,1,8,,,,,,0,,,shared,linear,scalar,0,named-barrier,128,0,0,8,8,0,0,0,0,0,0,8,256,1440,1,256,1000,100,1.021760,0.025088,0.955744,57397956.798335,58.775508,14693876940.373827,0.000000,-1,,,,,,,,,,,,
structured-2x2-bf16-native-log15-hier-r4-t256-b7,structured-2x2-bf16-native-log15-b7,full,butterfly,cuButterfly-hier-r4-t256,0,3,7,1,0.029309,native,16,32,16,1,broadcast,floating-fma,hier-r4-t256,64,44,2048,5,40,0.625,448,1.12,1.0,register,917504,0.14583333333333334,0,Tesla V100-SXM2-16GB,7.0,structured-2x2,bf16,forward,none,out-of-place,0,,,,0.000000,,hierarchical,radix4,four-mul,table,direct-strided,0.92387949999999996:-0.38268340000000001:0.38268340000000001:0.92387949999999996,1,15,,,,,,0,,,shared,linear,scalar,0,named-barrier,256,0,0,8,8,0,0,8,0,0,0,15,32768,7,1,32768,1000,100,0.107360,0.039608,0.128384,176730.536203,43.433297,5791106210.301875,0.000000,-1,,,,,,,,,,,,
fwht-bf16-native-log8-temporal-r2-t128-b1279,fwht-bf16-native-log8-b1279,full,butterfly,cuButterfly-temporal-r2-t128,0,1,1279,1,0.005010,native,16,32,16,1,implicit-sign,floating-add,temporal-r2-t128,1,30,512,16,64,1.0,1279,0.99921875,0.99921875,register+thread+warp,1309696,0.20817057291666666,0,Tesla V100-SXM2-16GB,7.0,fwht,bf16,forward,none,out-of-place,0,,,,0.000000,,temporal-tile,radix2,four-mul,table,direct-strided,,1,8,,,,,,0,,,shared,linear,scalar,0,named-barrier,128,0,0,8,8,0,0,0,0,0,0,8,256,1279,1,256,1000,100,0.170080,0.008602,0.197856,148693261.109640,152.261899,38065474844.067795,0.000000,-1,,,,,,,,,,,,
structured-2x2-fp32-log15-hier-r4-t256-b9,structured-2x2-fp32-log15-b9,full,butterfly,cuButterfly-hier-r4-t256,0,4,9,1,0.000000,native,32,32,32,0,broadcast,floating-fma,hier-r4-t256,64,44,4096,5,40,0.625,576,1.44,1.0,register,2359296,0.375,0,Tesla V100-SXM2-16GB,7.0,structured-2x2,fp32,forward,none,out-of-place,0,,,,0.000000,,hierarchical,radix4,four-mul,table,direct-strided,0.92387949999999996:-0.38268340000000001:0.38268340000000001:0.92387949999999996,1,15,,,,,,0,,,shared,linear,scalar,0,named-barrier,256,0,0,8,8,0,0,8,0,0,0,15,32768,9,1,32768,1000,100,0.285184,0.026122,0.281216,344534.001660,84.672676,11289690166.408222,0.000000,-1,,,,,,,,,,,,
structured-2x2-fp32-log8-temporal-r4-t128-b959,structured-2x2-fp32-log8-b959,full,butterfly,cuButterfly-temporal-r4-t128,0,1,959,1,0.000000,native,32,32,32,0,broadcast,floating-fma,temporal-r4-t128,1,38,1024,12,48,0.75,959,0.9989583333333333,0.9989583333333333,register,1964032,0.3121744791666667,0,Tesla V100-SXM2-16GB,7.0,structured-2x2,fp32,forward,none,out-of-place,0,,,,0.000000,,temporal-tile,radix4,four-mul,table,direct-strided,0.92387949999999996:-0.38268340000000001:0.38268340000000001:0.92387949999999996,1,8,,,,,,0,,,shared,linear,scalar,0,named-barrier,128,0,0,8,8,0,0,0,0,0,0,8,256,959,1,256,1000,100,0.229984,0.004772,0.296160,200970702.015956,205.793999,51448499716.084625,0.000000,-1,,,,,,,,,,,,
fwht-fp16-fp32-log8-temporal-r2-t128-b961,fwht-fp16-fp32-log8-b961,full,butterfly,cuButterfly-temporal-r2-t128,0,2,961,1,0.000572,fp32,16,32,32,0,implicit-sign,floating-add,temporal-r2-t128,1,30,512,16,64,1.0,961,0.75078125,0.75078125,register+thread+warp,984064,0.15641276041666666,0,Tesla V100-SXM2-16GB,7.0,fwht,fp16,forward,none,out-of-place,0,,,,0.000000,,temporal-tile,radix2,four-mul,table,direct-strided,,1,8,,,,,,0,,,shared,linear,scalar,0,named-barrier,128,0,0,8,8,0,0,0,0,0,0,8,256,961,1,256,1000,100,0.145408,0.004925,0.136320,195109469.856113,199.792097,49948024283.164841,0.000000,-1,,,,,,,,,,,,
structured-2x2-fp16-fp32-log18-online-r4-t256-b1,structured-2x2-fp16-fp32-log18-b1,full,butterfly,cuButterfly-online-r4-t256,0,4,1,1,0.001906,fp32,16,32,32,0,broadcast,floating-fma,online-r4-t256,256,46,2048,5,40,0.625,256,0.64,0.64,register,1048576,0.16666666666666666,0,Tesla V100-SXM2-16GB,7.0,structured-2x2,fp16,forward,none,out-of-place,0,,,,0.000000,,online-reorder,radix4,four-mul,table,direct-strided,0.92387949999999996:-0.38268340000000001:0.38268340000000001:0.92387949999999996,2,9x9,0x0,8x8,table,direct-strided,global-scratch,2,0x0,8x8,shared,linear,scalar,0,named-barrier,256,0,0,8,8,0,0,9,1,0,0,18,262144,1,1,262144,1000,100,0.120448,0.029676,0.153600,33697.809863,79.503108,8833678668.628262,0.000000,-1,,,,,,,,,,,,
structured-2x2-fp32-log15-online-r4-t256-b7,structured-2x2-fp32-log15-b7,full,butterfly,cuButterfly-online-r4-t256,0,5,7,1,0.000000,native,32,32,32,0,broadcast,floating-fma,online-r4-t256,64,46,4096,5,40,0.625,448,1.12,1.0,register,1835008,0.2916666666666667,0,Tesla V100-SXM2-16GB,7.0,structured-2x2,fp32,forward,none,out-of-place,0,,,,0.000000,,online-reorder,radix4,four-mul,table,direct-strided,0.92387949999999996:-0.38268340000000001:0.38268340000000001:0.92387949999999996,2,8x7,0x0,8x8,table,direct-strided,global-scratch,2,0x0,8x8,shared,linear,scalar,0,named-barrier,256,0,0,8,8,0,0,8,1,0,0,15,32768,7,1,32768,1000,100,0.212224,0.024402,0.236448,286862.674085,70.499371,9399916104.430906,0.000000,-1,,,,,,,,,,,,
subset-zeta-uint32-zeta-log8-temporal-r2-t128-b1920,subset-zeta-uint32-zeta-log8-b1920,full,butterfly,cuButterfly-temporal-r2-t128,0,2,1920,1,0.000000,native,32,32,32,0,implicit-unit,integer-add,temporal-r2-t128,1,30,1024,16,64,1.0,1920,1.5,1.0,register+thread+warp,3932160,0.625,0,Tesla V100-SXM2-16GB,7.0,subset-zeta,uint32,forward,none,out-of-place,0,,,,0.000000,,temporal-tile,radix2,four-mul,table,direct-strided,,1,8,,,,,,0,,,shared,linear,scalar,0,named-barrier,128,0,0,8,8,0,0,0,0,0,0,8,256,1920,1,256,1000,100,0.404160,0.006717,0.394784,285823181.756423,292.682938,73170734529.644257,0.000000,-1,,,,,,,,,,,,
subset-zeta-uint32-zeta-log8-temporal-r2-t128-b960,subset-zeta-uint32-zeta-log8-b960,full,butterfly,cuButterfly-temporal-r2-t128,0,3,960,1,0.000000,native,32,32,32,0,implicit-unit,integer-add,temporal-r2-t128,1,30,1024,16,64,1.0,960,0.75,0.75,register+thread+warp,1966080,0.3125,0,Tesla V100-SXM2-16GB,7.0,subset-zeta,uint32,forward,none,out-of-place,0,,,,0.000000,,temporal-tile,radix2,four-mul,table,direct-strided,,1,8,,,,,,0,,,shared,linear,scalar,0,named-barrier,128,0,0,8,8,0,0,0,0,0,0,8,256,960,1,256,1000,100,0.259232,0.004680,0.259744,205142237.619727,210.065651,52516412830.650093,0.000000,-1,,,,,,,,,,,,
structured-2x2-bf16-fp32-log18-hier-r4-t256-b1,structured-2x2-bf16-fp32-log18-b1,full,butterfly,cuButterfly-hier-r4-t256,0,5,1,1,0.033858,fp32,16,32,32,0,broadcast,floating-fma,hier-r4-t256,256,44,2048,5,40,0.625,256,0.64,0.64,register,1048576,0.16666666666666666,0,Tesla V100-SXM2-16GB,7.0,structured-2x2,bf16,forward,none,out-of-place,0,,,,0.000000,,hierarchical,radix4,four-mul,table,direct-strided,0.92387949999999996:-0.38268340000000001:0.38268340000000001:0.92387949999999996,1,18,,,,,,0,,,shared,linear,scalar,0,named-barrier,256,0,0,8,8,0,0,9,0,0,0,18,262144,1,1,262144,1000,100,0.121152,0.036332,0.139968,27524.309861,64.937994,7215332684.109005,0.000000,-1,,,,,,,,,,,,
fft-fp16-fp32-log15-online-r4-t256-b4,fft-fp16-fp32-log15-b4,full,butterfly,cuButterfly-online-r4-t256,0,4,4,1,0.001078,fp32,16,32,32,0,per-stage-twiddle,floating-complex,online-r4-t256,64,50,4096,4,32,0.5,256,0.8,0.8,register,1048576,0.16666666666666666,0,Tesla V100-SXM2-16GB,7.0,fft,fp16,forward,none,out-of-place,0,,,,0.000000,,online-reorder,radix4,four-mul,table,direct-strided,,2,8x7,0x0,8x8,table,direct-strided,global-scratch,2,0x0,8x8,shared,linear,scalar,0,named-barrier,256,0,0,8,8,0,0,8,1,0,0,15,32768,4,1,32768,1000,100,0.152704,0.021443,0.136832,186544.885995,45.845271,6112702824.277549,0.000000,-1,,,,,,,,,,,,
structured-2x2-fp32-log15-hier-r4-t256-b7,structured-2x2-fp32-log15-b7,full,butterfly,cuButterfly-hier-r4-t256,0,1,7,1,0.000000,native,32,32,32,0,broadcast,floating-fma,hier-r4-t256,64,44,4096,5,40,0.625,448,1.12,1.0,register,1835008,0.2916666666666667,0,Tesla V100-SXM2-16GB,7.0,structured-2x2,fp32,forward,none,out-of-place,0,,,,0.000000,,hierarchical,radix4,four-mul,table,direct-strided,0.92387949999999996:-0.38268340000000001:0.38268340000000001:0.92387949999999996,1,15,,,,,,0,,,shared,linear,scalar,0,named-barrier,256,0,0,8,8,0,0,8,0,0,0,15,32768,7,1,32768,1000,100,0.238592,0.024074,0.224608,290767.230863,71.458955,9527860620.914633,0.000000,-1,,,,,,,,,,,,
fwht-fp32-log15-online-r2-t256-b8,fwht-fp32-log15-b8,full,butterfly,cuButterfly-online-r2-t256,0,3,8,1,0.000000,native,32,32,32,0,implicit-sign,floating-add,online-r2-t256,64,36,2048,6,48,0.75,512,1.0666666666666667,1.0,register,2097152,0.3333333333333333,0,Tesla V100-SXM2-16GB,7.0,fwht,fp32,forward,none,out-of-place,0,,,,0.000000,,online-reorder,radix2,four-mul,table,direct-strided,,2,8x7,0x0,8x8,table,direct-strided,global-scratch,2,0x0,8x8,shared,linear,scalar,0,named-barrier,256,0,0,8,8,0,0,8,1,0,0,15,32768,8,1,32768,1000,100,0.255392,0.026173,0.300608,305653.377748,75.117374,10015649882.052338,0.000000,-1,,,,,,,,,,,,
structured-2x2-fp32-log15-hier-r4-t256-b8,structured-2x2-fp32-log15-b8,full,butterfly,cuButterfly-hier-r4-t256,0,4,8,1,0.000000,native,32,32,32,0,broadcast,floating-fma,hier-r4-t256,64,44,4096,5,40,0.625,512,1.28,1.0,register,2097152,0.3333333333333333,0,Tesla V100-SXM2-16GB,7.0,structured-2x2,fp32,forward,none,out-of-place,0,,,,0.000000,,hierarchical,radix4,four-mul,table,direct-strided,0.92387949999999996:-0.38268340000000001:0.38268340000000001:0.92387949999999996,1,15,,,,,,0,,,shared,linear,scalar,0,named-barrier,256,0,0,8,8,0,0,8,0,0,0,15,32768,8,1,32768,1000,100,0.270816,0.024975,0.274400,320315.710341,78.720789,10496105196.457422,0.000000,-1,,,,,,,,,,,,
structured-2x2-fp16-native-log18-hier-r4-t256-b1,structured-2x2-fp16-native-log18-b1,full,butterfly,cuButterfly-hier-r4-t256,0,1,1,1,0.002014,native,16,16,16,0,broadcast,floating-fma,hier-r4-t256,256,44,2048,5,40,0.625,256,0.64,0.64,register,1048576,0.16666666666666666,0,Tesla V100-SXM2-16GB,7.0,structured-2x2,fp16,forward,none,out-of-place,0,,,,0.000000,,hierarchical,radix4,four-mul,table,direct-strided,0.92387949999999996:-0.38268340000000001:0.38268340000000001:0.92387949999999996,1,18,,,,,,0,,,shared,linear,scalar,0,named-barrier,256,0,0,8,8,0,0,9,0,0,0,18,262144,1,1,262144,1000,100,0.121280,0.029737,0.141216,33628.184915,79.338842,8815426906.306074,0.000000,-1,,,,,,,,,,,,
ntt-uint64-ntt-log15-ntt-hybrid-r2-t256-b240,ntt-uint64-ntt-log15-b240,full,ntt,cuButterfly-ntt-hybrid-r2-t256,0,4,240,1,,native,64,64,64,0,per-stage-root,modular-multiply-reduce,ntt-hybrid-r2-t256,1,52,4096,4,32,0.5,240,0.75,0.75,register,125829120,20.0,0,Tesla V100-SXM2-16GB,7.0,ntt,uint64,forward,,,0,,,,0.000000,,hybrid2d,radix2,,fused,,,,,,,,,,,,,,,,0,named-barrier,,,,,,,,,,,,15,32768,240,1,32768,1000,100,10.191584,0.514314,9.515072,,,,,-1,natural,64,1152921504606748673,60,7,4,256,0,466640.788869,11868.866980,15290885369.651564,shoup
ntt-uint64-ntt-log15-ntt-hybrid-r2-t256-b319,ntt-uint64-ntt-log15-b319,full,ntt,cuButterfly-ntt-hybrid-r2-t256,0,4,319,1,,native,64,64,64,0,per-stage-root,modular-multiply-reduce,ntt-hybrid-r2-t256,1,52,4096,4,32,0.5,319,0.996875,0.996875,register,167247872,26.583333333333332,0,Tesla V100-SXM2-16GB,7.0,ntt,uint64,forward,,,0,,,,0.000000,,hybrid2d,radix2,,fused,,,,,,,,,,,,,,,,0,named-barrier,,,,,,,,,,,,15,32768,319,1,32768,1000,100,13.490496,0.682537,24.627359,,,,,-1,natural,64,1152921504606748673,60,7,4,256,0,467373.998358,8221.566427,15314911178.185373,shoup
fft-fp16-fp32-log15-online-r4-t256-b6,fft-fp16-fp32-log15-b6,full,butterfly,cuButterfly-online-r4-t256,0,5,6,1,0.001078,fp32,16,32,32,0,per-stage-twiddle,floating-complex,online-r4-t256,64,50,4096,4,32,0.5,384,1.2,1.0,register,1572864,0.25,0,Tesla V100-SXM2-16GB,7.0,fft,fp16,forward,none,out-of-place,0,,,,0.000000,,online-reorder,radix4,four-mul,table,direct-strided,,2,8x7,0x0,8x8,table,direct-strided,global-scratch,2,0x0,8x8,shared,linear,scalar,0,named-barrier,256,0,0,8,8,0,0,8,1,0,0,15,32768,6,1,32768,1000,100,0.250848,0.030802,0.210592,194793.050469,47.872340,6382978677.761374,0.000000,-1,,,,,,,,,,,,
fwht-bf16-native-log15-online-r2-t256-b8,fwht-bf16-native-log15-b8,full,butterfly,cuButterfly-online-r2-t256,0,5,8,1,0.006966,native,16,32,16,1,implicit-sign,floating-add,online-r2-t256,64,36,1024,6,48,0.75,512,1.0666666666666667,1.0,register,1048576,0.16666666666666666,0,Tesla V100-SXM2-16GB,7.0,fwht,bf16,forward,none,out-of-place,0,,,,0.000000,,online-reorder,radix2,four-mul,table,direct-strided,,2,8x7,0x0,8x8,table,direct-strided,global-scratch,2,0x0,8x8,shared,linear,scalar,0,named-barrier,256,0,0,8,8,0,0,8,1,0,0,15,32768,8,1,32768,1000,100,0.130176,0.030157,0.161376,265280.131219,65.195245,8692699339.791971,0.000000,-1,,,,,,,,,,,,
fwht-fp16-fp32-log8-temporal-r4-t128-b961,fwht-fp16-fp32-log8-b961,full,butterfly,cuButterfly-temporal-r4-t128,0,1,961,1,0.000572,fp32,16,32,32,0,implicit-sign,floating-add,temporal-r4-t128,1,38,512,12,48,0.75,961,1.0010416666666666,1.0,register,984064,0.15641276041666666,0,Tesla V100-SXM2-16GB,7.0,fwht,fp16,forward,none,out-of-place,0,,,,0.000000,,temporal-tile,radix4,four-mul,table,direct-strided,,1,8,,,,,,0,,,shared,linear,scalar,0,named-barrier,128,0,0,8,8,0,0,0,0,0,0,8,256,961,1,256,1000,100,0.146400,0.004639,0.123200,207169226.324954,212.141288,53035321939.188126,0.000000,-1,,,,,,,,,,,,
fft-fp64-log8-temporal-r4-t128-b961,fft-fp64-log8-b961,full,butterfly,cuButterfly-temporal-r4-t128,0,2,961,1,0.000000,native,64,64,64,0,per-stage-twiddle,floating-complex,temporal-r4-t128,1,50,4096,9,36,0.5625,961,1.3347222222222221,1.0,register,7872512,1.2513020833333333,0,Tesla V100-SXM2-16GB,7.0,fft,fp64,forward,none,out-of-place,0,,,,0.000000,,temporal-tile,radix4,four-mul,table,direct-strided,,1,8,,,,,,0,,,shared,linear,scalar,0,named-barrier,128,0,0,8,8,0,0,0,0,0,0,8,256,961,1,256,1000,100,0.707520,0.017787,0.667680,54028590.119986,55.325276,13831319070.716490,0.000000,-1,,,,,,,,,,,,
structured-2x2-fp32-log15-online-r4-t256-b7,structured-2x2-fp32-log15-b7,full,butterfly,cuButterfly-online-r4-t256,0,4,7,1,0.000000,native,32,32,32,0,broadcast,floating-fma,online-r4-t256,64,46,4096,5,40,0.625,448,1.12,1.0,register,1835008,0.2916666666666667,0,Tesla V100-SXM2-16GB,7.0,structured-2x2,fp32,forward,none,out-of-place,0,,,,0.000000,,online-reorder,radix4,four-mul,table,direct-strided,0.92387949999999996:-0.38268340000000001:0.38268340000000001:0.92387949999999996,2,8x7,0x0,8x8,table,direct-strided,global-scratch,2,0x0,8x8,shared,linear,scalar,0,named-barrier,256,0,0,8,8,0,0,8,1,0,0,15,32768,7,1,32768,1000,100,0.239520,0.026051,0.238144,268708.233244,66.037735,8805031386.927359,0.000000,-1,,,,,,,,,,,,
structured-2x2-fp32-log15-hier-r4-t256-b13,structured-2x2-fp32-log15-b13,full,butterfly,cuButterfly-hier-r4-t256,0,2,13,1,0.000000,native,32,32,32,0,broadcast,floating-fma,hier-r4-t256,64,44,4096,5,40,0.625,832,2.08,1.0,register,3407872,0.5416666666666666,0,Tesla V100-SXM2-16GB,7.0,structured-2x2,fp32,forward,none,out-of-place,0,,,,0.000000,,hierarchical,radix4,four-mul,table,direct-strided,0.92387949999999996:-0.38268340000000001:0.38268340000000001:0.92387949999999996,1,15,,,,,,0,,,shared,linear,scalar,0,named-barrier,256,0,0,8,8,0,0,8,0,0,0,15,32768,13,1,32768,1000,100,0.385504,0.032225,0.316864,403409.981125,99.142037,13218938261.490557,0.000000,-1,,,,,,,,,,,,
subset-zeta-uint32-zeta-log8-temporal-r4-t128-b1920,subset-zeta-uint32-zeta-log8-b1920,full,butterfly,cuButterfly-temporal-r4-t128,0,1,1920,1,0.000000,native,32,32,32,0,implicit-unit,integer-add,temporal-r4-t128,1,38,1024,12,48,0.75,1920,2.0,1.0,register,3932160,0.625,0,Tesla V100-SXM2-16GB,7.0,subset-zeta,uint32,forward,none,out-of-place,0,,,,0.000000,,temporal-tile,radix4,four-mul,table,direct-strided,,1,8,,,,,,0,,,shared,linear,scalar,0,named-barrier,128,0,0,8,8,0,0,0,0,0,0,8,256,1920,1,256,1000,100,0.418464,0.006195,0.375136,309917348.292341,317.355365,79338841162.839310,0.000000,-1,,,,,,,,,,,,
fwht-fp16-native-log18-online-r4-t256-b1,fwht-fp16-native-log18-b1,full,butterfly,cuButterfly-online-r4-t256,0,2,1,1,0.000950,native,16,16,16,0,implicit-sign,floating-add,online-r4-t256,256,46,2048,5,40,0.625,256,0.64,0.64,register,1048576,0.16666666666666666,0,Tesla V100-SXM2-16GB,7.0,fwht,fp16,forward,none,out-of-place,0,,,,0.000000,,online-reorder,radix4,four-mul,table,direct-strided,,2,9x9,0x0,8x8,table,direct-strided,global-scratch,2,0x0,8x8,shared,linear,scalar,0,named-barrier,256,0,0,8,8,0,0,9,1,0,0,18,262144,1,1,262144,1000,100,0.128512,0.028088,0.133888,35601.986817,83.995625,9332847232.034479,0.000000,-1,,,,,,,,,,,,
subset-zeta-uint32-zeta-log8-temporal-r4-t128-b1281,subset-zeta-uint32-zeta-log8-b1281,full,butterfly,cuButterfly-temporal-r4-t128,0,3,1281,1,0.000000,native,32,32,32,0,implicit-unit,integer-add,temporal-r4-t128,1,38,1024,12,48,0.75,1281,1.334375,1.0,register,2623488,0.4169921875,0,Tesla V100-SXM2-16GB,7.0,subset-zeta,uint32,forward,none,out-of-place,0,,,,0.000000,,temporal-tile,radix4,four-mul,table,direct-strided,,1,8,,,,,,0,,,shared,linear,scalar,0,named-barrier,128,0,0,8,8,0,0,0,0,0,0,8,256,1281,1,256,1000,100,0.303808,0.005079,0.283520,252213024.669403,258.266137,64566534315.367111,0.000000,-1,,,,,,,,,,,,
subset-zeta-uint32-zeta-log8-temporal-r2-t128-b961,subset-zeta-uint32-zeta-log8-b961,full,butterfly,cuButterfly-temporal-r2-t128,0,3,961,1,0.000000,native,32,32,32,0,implicit-unit,integer-add,temporal-r2-t128,1,30,1024,16,64,1.0,961,0.75078125,0.75078125,register+thread+warp,1968128,0.3128255208333333,0,Tesla V100-SXM2-16GB,7.0,subset-zeta,uint32,forward,none,out-of-place,0,,,,0.000000,,temporal-tile,radix2,four-mul,table,direct-strided,,1,8,,,,,,0,,,shared,linear,scalar,0,named-barrier,128,0,0,8,8,0,0,0,0,0,0,8,256,961,1,256,1000,100,0.276608,0.005110,0.255840,188071456.185594,192.585171,48146292783.512009,0.000000,-1,,,,,,,,,,,,
fwht-bf16-native-log20-online-r2-t256-b1,fwht-bf16-native-log20-b1,full,butterfly,cuButterfly-online-r2-t256,0,1,1,1,0.008012,native,16,32,16,1,implicit-sign,floating-add,online-r2-t256,512,36,1024,6,48,0.75,512,1.0666666666666667,1.0,register,4194304,0.6666666666666666,0,Tesla V100-SXM2-16GB,7.0,fwht,bf16,forward,none,out-of-place,0,,,,0.000000,,online-reorder,radix2,four-mul,table,direct-strided,,2,10x10,0x0,8x8,table,direct-strided,global-scratch,2,0x0,8x8,shared,linear,scalar,0,named-barrier,256,0,0,8,8,0,0,10,1,0,0,20,1048576,1,1,1048576,1000,100,0.427520,0.115395,0.422624,8665.919593,90.868753,9086875303.643415,0.000000,-1,,,,,,,,,,,,
structured-2x2-fp16-native-log18-hier-r4-t256-b1,structured-2x2-fp16-native-log18-b1,full,butterfly,cuButterfly-hier-r4-t256,0,2,1,1,0.002014,native,16,16,16,0,broadcast,floating-fma,hier-r4-t256,256,44,2048,5,40,0.625,256,0.64,0.64,register,1048576,0.16666666666666666,0,Tesla V100-SXM2-16GB,7.0,structured-2x2,fp16,forward,none,out-of-place,0,,,,0.000000,,hierarchical,radix4,four-mul,table,direct-strided,0.92387949999999996:-0.38268340000000001:0.38268340000000001:0.92387949999999996,1,18,,,,,,0,,,shared,linear,scalar,0,named-barrier,256,0,0,8,8,0,0,9,0,0,0,18,262144,1,1,262144,1000,100,0.122240,0.029645,0.130112,33732.730564,79.585496,8842832920.965879,0.000000,-1,,,,,,,,,,,,
fwht-bf16-native-log18-online-r2-t256-b1,fwht-bf16-native-log18-b1,full,butterfly,cuButterfly-online-r2-t256,0,2,1,1,0.007600,native,16,32,16,1,implicit-sign,floating-add,online-r2-t256,256,36,1024,6,48,0.75,256,0.5333333333333333,0.5333333333333333,register,1048576,0.16666666666666666,0,Tesla V100-SXM2-16GB,7.0,fwht,bf16,forward,none,out-of-place,0,,,,0.000000,,online-reorder,radix2,four-mul,table,direct-strided,,2,9x9,0x0,8x8,table,direct-strided,global-scratch,2,0x0,8x8,shared,linear,scalar,0,named-barrier,256,0,0,8,8,0,0,9,1,0,0,18,262144,1,1,262144,1000,100,0.123008,0.029921,0.139040,33421.031951,78.850107,8761122999.754480,0.000000,-1,,,,,,,,,,,,
fft-bf16-fp32-log8-temporal-r2-t128-b1279,fft-bf16-fp32-log8-b1279,full,butterfly,cuButterfly-temporal-r2-t128,0,1,1279,1,0.006154,fp32,16,32,32,0,per-stage-twiddle,floating-complex,temporal-r2-t128,1,32,1024,16,64,1.0,1279,0.99921875,0.99921875,register+thread+warp,2619392,0.4163411458333333,0,Tesla V100-SXM2-16GB,7.0,fft,bf16,forward,none,out-of-place,0,,,,0.000000,,temporal-tile,radix2,four-mul,table,direct-strided,,1,8,,,,,,0,,,shared,linear,scalar,0,named-barrier,128,0,0,8,8,0,0,0,0,0,0,8,256,1279,1,256,1000,100,0.307552,0.017336,0.290688,73775748.847526,75.546367,18886591704.966583,0.000000,-1,,,,,,,,,,,,
subset-zeta-uint32-zeta-log8-temporal-r4-t128-b1281,subset-zeta-uint32-zeta-log8-b1281,full,butterfly,cuButterfly-temporal-r4-t128,0,5,1281,1,0.000000,native,32,32,32,0,implicit-unit,integer-add,temporal-r4-t128,1,38,1024,12,48,0.75,1281,1.334375,1.0,register,2623488,0.4169921875,0,Tesla V100-SXM2-16GB,7.0,subset-zeta,uint32,forward,none,out-of-place,0,,,,0.000000,,temporal-tile,radix4,four-mul,table,direct-strided,,1,8,,,,,,0,,,shared,linear,scalar,0,named-barrier,128,0,0,8,8,0,0,0,0,0,0,8,256,1281,1,256,1000,100,0.320672,0.004741,0.283776,270189313.681962,276.673857,69168464302.582397,0.000000,-1,,,,,,,,,,,,
ntt-uint64-ntt-log15-ntt-hybrid-r4-t256-b241,ntt-uint64-ntt-log15-b241,full,ntt,cuButterfly-ntt-hybrid-r4-t256,0,4,241,1,,native,64,64,64,0,per-stage-root,modular-multiply-reduce,ntt-hybrid-r4-t256,1,66,8192,3,24,0.375,241,1.0041666666666667,1.0,register,126353408,20.083333333333332,0,Tesla V100-SXM2-16GB,7.0,ntt,uint64,forward,,,0,,,,0.000000,,hybrid2d,radix4,,fused,,,,,,,,,,,,,,,,0,named-barrier,,,,,,,,,,,,15,32768,241,1,32768,1000,100,10.219936,0.476201,9.516416,,,,,-1,natural,64,1152921504606748673,60,7,4,256,0,506088.881090,11923.283572,16583520455.543810,shoup
fwht-bf16-native-log15-online-r2-t256-b6,fwht-bf16-native-log15-b6,full,butterfly,cuButterfly-online-r2-t256,0,5,6,1,0.006966,native,16,32,16,1,implicit-sign,floating-add,online-r2-t256,64,36,1024,6,48,0.75,384,0.8,0.8,register,786432,0.125,0,Tesla V100-SXM2-16GB,7.0,fwht,bf16,forward,none,out-of-place,0,,,,0.000000,,online-reorder,radix2,four-mul,table,direct-strided,,2,8x7,0x0,8x8,table,direct-strided,global-scratch,2,0x0,8x8,shared,linear,scalar,0,named-barrier,256,0,0,8,8,0,0,8,1,0,0,15,32768,6,1,32768,1000,100,0.100512,0.024064,0.116960,249335.118472,61.276599,8170213162.076066,0.000000,-1,,,,,,,,,,,,
fft-fp16-native-log20-hier-r4-t256-b1,fft-fp16-native-log20-b1,full,butterfly,cuButterfly-hier-r4-t256,0,3,1,1,0.001330,native,16,16,16,0,per-stage-twiddle,floating-complex,hier-r4-t256,512,48,4096,5,40,0.625,512,1.28,1.0,register,8388608,1.3333333333333333,0,Tesla V100-SXM2-16GB,7.0,fft,fp16,forward,none,out-of-place,0,,,,0.000000,,hierarchical,radix4,four-mul,table,direct-strided,,1,20,,,,,,0,,,shared,linear,scalar,0,named-barrier,256,0,0,8,8,0,0,10,0,0,0,20,1048576,1,1,1048576,1000,100,0.757344,0.128410,0.756672,7787.580091,81.658696,8165869581.142016,0.000000,-1,,,,,,,,,,,,
structured-2x2-fp32-log8-temporal-r4-t128-b959,structured-2x2-fp32-log8-b959,full,butterfly,cuButterfly-temporal-r4-t128,0,4,959,1,0.000000,native,32,32,32,0,broadcast,floating-fma,temporal-r4-t128,1,38,1024,12,48,0.75,959,0.9989583333333333,0.9989583333333333,register,1964032,0.3121744791666667,0,Tesla V100-SXM2-16GB,7.0,structured-2x2,fp32,forward,none,out-of-place,0,,,,0.000000,,temporal-tile,radix4,four-mul,table,direct-strided,0.92387949999999996:-0.38268340000000001:0.38268340000000001:0.92387949999999996,1,8,,,,,,0,,,shared,linear,scalar,0,named-barrier,128,0,0,8,8,0,0,0,0,0,0,8,256,959,1,256,1000,100,0.249856,0.004772,0.265024,200970702.015956,205.793999,51448499716.084625,0.000000,-1,,,,,,,,,,,,
structured-2x2-fp16-fp32-log15-online-r4-t256-b7,structured-2x2-fp16-fp32-log15-b7,full,butterfly,cuButterfly-online-r4-t256,0,3,7,1,0.001612,fp32,16,32,32,0,broadcast,floating-fma,online-r4-t256,64,46,2048,5,40,0.625,448,1.12,1.0,register,917504,0.14583333333333334,0,Tesla V100-SXM2-16GB,7.0,structured-2x2,fp16,forward,none,out-of-place,0,,,,0.000000,,online-reorder,radix4,four-mul,table,direct-strided,0.92387949999999996:-0.38268340000000001:0.38268340000000001:0.92387949999999996,2,8x7,0x0,8x8,table,direct-strided,global-scratch,2,0x0,8x8,shared,linear,scalar,0,named-barrier,256,0,0,8,8,0,0,8,1,0,0,15,32768,7,1,32768,1000,100,0.108608,0.025917,0.125728,270088.416400,66.376929,8850257228.608315,0.000000,-1,,,,,,,,,,,,
structured-2x2-fp32-log8-temporal-r2-t128-b960,structured-2x2-fp32-log8-b960,full,butterfly,cuButterfly-temporal-r2-t128,0,5,960,1,0.000000,native,32,32,32,0,broadcast,floating-fma,temporal-r2-t128,1,30,1024,16,64,1.0,960,0.75,0.75,register+thread+warp,1966080,0.3125,0,Tesla V100-SXM2-16GB,7.0,structured-2x2,fp32,forward,none,out-of-place,0,,,,0.000000,,temporal-tile,radix2,four-mul,table,direct-strided,0.92387949999999996:-0.38268340000000001:0.38268340000000001:0.92387949999999996,1,8,,,,,,0,,,shared,linear,scalar,0,named-barrier,128,0,0,8,8,0,0,0,0,0,0,8,256,960,1,256,1000,100,0.234400,0.005868,0.292192,163612568.747206,167.539270,41884817599.284721,0.000000,-1,,,,,,,,,,,,
fwht-fp16-fp32-log8-temporal-r4-t128-b1279,fwht-fp16-fp32-log8-b1279,full,butterfly,cuButterfly-temporal-r4-t128,0,2,1279,1,0.000572,fp32,16,32,32,0,implicit-sign,floating-add,temporal-r4-t128,1,38,512,12,48,0.75,1279,1.3322916666666667,1.0,register,1309696,0.20817057291666666,0,Tesla V100-SXM2-16GB,7.0,fwht,fp16,forward,none,out-of-place,0,,,,0.000000,,temporal-tile,radix4,four-mul,table,direct-strided,,1,8,,,,,,0,,,shared,linear,scalar,0,named-barrier,128,0,0,8,8,0,0,0,0,0,0,8,256,1279,1,256,1000,100,0.179872,0.004792,0.188704,266885345.639755,273.290594,68322648483.777328,0.000000,-1,,,,,,,,,,,,
fwht-fp16-fp32-log8-temporal-r4-t128-b1280,fwht-fp16-fp32-log8-b1280,full,butterfly,cuButterfly-temporal-r4-t128,0,5,1280,1,0.000572,fp32,16,32,32,0,implicit-sign,floating-add,temporal-r4-t128,1,38,512,12,48,0.75,1280,1.3333333333333333,1.0,register,1310720,0.20833333333333334,0,Tesla V100-SXM2-16GB,7.0,fwht,fp16,forward,none,out-of-place,0,,,,0.000000,,temporal-tile,radix4,four-mul,table,direct-strided,,1,8,,,,,,0,,,shared,linear,scalar,0,named-barrier,128,0,0,8,8,0,0,0,0,0,0,8,256,1280,1,256,1000,100,0.169792,0.004792,0.170816,267094012.837284,273.504269,68376067286.344780,0.000000,-1,,,,,,,,,,,,
structured-2x2-bf16-native-log20-online-r4-t256-b1,structured-2x2-bf16-native-log20-b1,full,butterfly,cuButterfly-online-r4-t256,0,3,1,1,0.038303,native,16,32,16,1,broadcast,floating-fma,online-r4-t256,512,46,2048,5,40,0.625,512,1.28,1.0,register,4194304,0.6666666666666666,0,Tesla V100-SXM2-16GB,7.0,structured-2x2,bf16,forward,none,out-of-place,0,,,,0.000000,,online-reorder,radix4,four-mul,table,direct-strided,0.92387949999999996:-0.38268340000000001:0.38268340000000001:0.92387949999999996,2,10x10,0x0,8x8,table,direct-strided,global-scratch,2,0x0,8x8,shared,linear,scalar,0,named-barrier,256,0,0,8,8,0,0,10,1,0,0,20,1048576,1,1,1048576,1000,100,0.421696,0.152474,0.430976,6558.512480,68.770988,6877098781.769548,0.000000,-1,,,,,,,,,,,,
fft-fp16-native-log20-online-r4-t256-b1,fft-fp16-native-log20-b1,full,butterfly,cuButterfly-online-r4-t256,0,1,1,1,0.001330,native,16,16,16,0,per-stage-twiddle,floating-complex,online-r4-t256,512,50,4096,4,32,0.5,512,1.6,1.0,register,8388608,1.3333333333333333,0,Tesla V100-SXM2-16GB,7.0,fft,fp16,forward,none,out-of-place,0,,,,0.000000,,online-reorder,radix4,four-mul,table,direct-strided,,2,10x10,0x0,8x8,table,direct-strided,global-scratch,2,0x0,8x8,shared,linear,scalar,0,named-barrier,256,0,0,8,8,0,0,10,1,0,0,20,1048576,1,1,1048576,1000,100,0.746528,0.127027,0.712704,7872.329788,82.547361,8254736079.830600,0.000000,-1,,,,,,,,,,,,
structured-2x2-bf16-fp32-log18-online-r2-t256-b1,structured-2x2-bf16-fp32-log18-b1,full,butterfly,cuButterfly-online-r2-t256,0,5,1,1,0.033858,fp32,16,32,32,0,broadcast,floating-fma,online-r2-t256,256,36,1024,6,48,0.75,256,0.5333333333333333,0.5333333333333333,register,1048576,0.16666666666666666,0,Tesla V100-SXM2-16GB,7.0,structured-2x2,bf16,forward,none,out-of-place,0,,,,0.000000,,online-reorder,radix2,four-mul,table,direct-strided,0.92387949999999996:-0.38268340000000001:0.38268340000000001:0.92387949999999996,2,9x9,0x0,8x8,table,direct-strided,global-scratch,2,0x0,8x8,shared,linear,scalar,0,named-barrier,256,0,0,8,8,0,0,9,1,0,0,18,262144,1,1,262144,1000,100,0.122720,0.035430,0.168160,28224.348465,66.589592,7398843604.103808,0.000000,-1,,,,,,,,,,,,
fft-fp64-log18-online-r4-t256-b1,fft-fp64-log18-b1,full,butterfly,cuButterfly-online-r4-t256,0,1,1,1,0.000000,native,64,64,64,0,per-stage-twiddle,floating-complex,online-r4-t256,256,58,16384,4,32,0.5,256,0.8,0.8,register,8388608,1.3333333333333333,0,Tesla V100-SXM2-16GB,7.0,fft,fp64,forward,none,out-of-place,0,,,,0.000000,,online-reorder,radix4,four-mul,table,direct-strided,,2,9x9,0x0,8x8,table,direct-strided,global-scratch,2,0x0,8x8,shared,linear,scalar,0,named-barrier,256,0,0,8,8,0,0,9,1,0,0,18,262144,1,1,262144,1000,100,0.741568,0.057825,0.722272,17293.474863,40.800426,4533380674.367002,0.000000,-1,,,,,,,,,,,,
fft-fp64-log8-temporal-r2-t128-b1440,fft-fp64-log8-b1440,full,butterfly,cuButterfly-temporal-r2-t128,0,5,1440,1,0.000000,native,64,64,64,0,per-stage-twiddle,floating-complex,temporal-r2-t128,1,36,4096,12,48,0.75,1440,1.5,1.0,register,11796480,1.875,0,Tesla V100-SXM2-16GB,7.0,fft,fp64,forward,none,out-of-place,0,,,,0.000000,,temporal-tile,radix2,four-mul,table,direct-strided,,1,8,,,,,,0,,,shared,linear,scalar,0,named-barrier,128,0,0,8,8,0,0,0,0,0,0,8,256,1440,1,256,1000,100,1.032096,0.024934,0.955584,57751540.335175,59.137577,14784394325.804834,0.000000,-1,,,,,,,,,,,,
subset-zeta-uint32-zeta-log8-temporal-r4-t128-b959,subset-zeta-uint32-zeta-log8-b959,full,butterfly,cuButterfly-temporal-r4-t128,0,4,959,1,0.000000,native,32,32,32,0,implicit-unit,integer-add,temporal-r4-t128,1,38,1024,12,48,0.75,959,0.9989583333333333,0.9989583333333333,register,1964032,0.3121744791666667,0,Tesla V100-SXM2-16GB,7.0,subset-zeta,uint32,forward,none,out-of-place,0,,,,0.000000,,temporal-tile,radix4,four-mul,table,direct-strided,,1,8,,,,,,0,,,shared,linear,scalar,0,named-barrier,128,0,0,8,8,0,0,0,0,0,0,8,256,959,1,256,1000,100,0.261280,0.004219,0.243008,227311509.261393,232.766985,58191746370.916649,0.000000,-1,,,,,,,,,,,,
fwht-fp32-log15-online-r4-t256-b13,fwht-fp32-log15-b13,full,butterfly,cuButterfly-online-r4-t256,0,5,13,1,0.000000,native,32,32,32,0,implicit-sign,floating-add,online-r4-t256,64,46,4096,5,40,0.625,832,2.08,1.0,register,3407872,0.5416666666666666,0,Tesla V100-SXM2-16GB,7.0,fwht,fp32,forward,none,out-of-place,0,,,,0.000000,,online-reorder,radix4,four-mul,table,direct-strided,,2,8x7,0x0,8x8,table,direct-strided,global-scratch,2,0x0,8x8,shared,linear,scalar,0,named-barrier,256,0,0,8,8,0,0,8,1,0,0,15,32768,13,1,32768,1000,100,0.383904,0.037407,0.354400,347531.136736,85.409252,11387900288.578857,0.000000,-1,,,,,,,,,,,,
subset-zeta-uint32-zeta-log8-temporal-r4-t128-b961,subset-zeta-uint32-zeta-log8-b961,full,butterfly,cuButterfly-temporal-r4-t128,0,1,961,1,0.000000,native,32,32,32,0,implicit-unit,integer-add,temporal-r4-t128,1,38,1024,12,48,0.75,961,1.0010416666666666,1.0,register,1968128,0.3128255208333333,0,Tesla V100-SXM2-16GB,7.0,subset-zeta,uint32,forward,none,out-of-place,0,,,,0.000000,,temporal-tile,radix4,four-mul,table,direct-strided,,1,8,,,,,,0,,,shared,linear,scalar,0,named-barrier,128,0,0,8,8,0,0,0,0,0,0,8,256,961,1,256,1000,100,0.264384,0.004229,0.266624,227234035.640301,232.687652,58171913123.917000,0.000000,-1,,,,,,,,,,,,
fft-bf16-fp32-log20-online-r2-t256-b1,fft-bf16-fp32-log20-b1,full,butterfly,cuButterfly-online-r2-t256,0,5,1,1,0.010209,fp32,16,32,32,0,per-stage-twiddle,floating-complex,online-r2-t256,512,38,2048,6,48,0.75,512,1.0666666666666667,1.0,register,8388608,1.3333333333333333,0,Tesla V100-SXM2-16GB,7.0,fft,bf16,forward,none,out-of-place,0,,,,0.000000,,online-reorder,radix2,four-mul,table,direct-strided,,2,10x10,0x0,8x8,table,direct-strided,global-scratch,2,0x0,8x8,shared,linear,scalar,0,named-barrier,256,0,0,8,8,0,0,10,1,0,0,20,1048576,1,1,1048576,1000,100,0.755392,0.186307,0.763072,5367.497783,56.282294,5628229355.412190,0.000000,-1,,,,,,,,,,,,
fwht-bf16-native-log18-hier-r4-t256-b1,fwht-bf16-native-log18-b1,full,butterfly,cuButterfly-hier-r4-t256,0,1,1,1,0.007600,native,16,32,16,1,implicit-sign,floating-add,hier-r4-t256,256,44,2048,5,40,0.625,256,0.64,0.64,register,1048576,0.16666666666666666,0,Tesla V100-SXM2-16GB,7.0,fwht,bf16,forward,none,out-of-place,0,,,,0.000000,,hierarchical,radix4,four-mul,table,direct-strided,,1,18,,,,,,0,,,shared,linear,scalar,0,named-barrier,256,0,0,8,8,0,0,9,0,0,0,18,262144,1,1,262144,1000,100,0.127840,0.034540,0.149472,28952.341508,68.307144,7589682612.258986,0.000000,-1,,,,,,,,,,,,
fft-fp64-log18-online-r4-t256-b1,fft-fp64-log18-b1,full,butterfly,cuButterfly-online-r4-t256,0,2,1,1,0.000000,native,64,64,64,0,per-stage-twiddle,floating-complex,online-r4-t256,256,58,16384,4,32,0.5,256,0.8,0.8,register,8388608,1.3333333333333333,0,Tesla V100-SXM2-16GB,7.0,fft,fp64,forward,none,out-of-place,0,,,,0.000000,,online-reorder,radix4,four-mul,table,direct-strided,,2,9x9,0x0,8x8,table,direct-strided,global-scratch,2,0x0,8x8,shared,linear,scalar,0,named-barrier,256,0,0,8,8,0,0,9,1,0,0,18,262144,1,1,262144,1000,100,0.743648,0.057887,0.734816,17275.119494,40.757120,4528568924.650270,0.000000,-1,,,,,,,,,,,,
fft-fp16-fp32-log8-temporal-r4-t128-b1279,fft-fp16-fp32-log8-b1279,full,butterfly,cuButterfly-temporal-r4-t128,0,2,1279,1,0.000747,fp32,16,32,32,0,per-stage-twiddle,floating-complex,temporal-r4-t128,1,42,1024,10,40,0.625,1279,1.59875,1.0,register,2619392,0.4163411458333333,0,Tesla V100-SXM2-16GB,7.0,fft,fp16,forward,none,out-of-place,0,,,,0.000000,,temporal-tile,radix4,four-mul,table,direct-strided,,1,8,,,,,,0,,,shared,linear,scalar,0,named-barrier,128,0,0,8,8,0,0,0,0,0,0,8,256,1279,1,256,1000,100,0.295200,0.007885,0.302816,162210846.267865,166.103907,41525976644.573349,0.000000,-1,,,,,,,,,,,,
subset-zeta-uint32-zeta-log8-temporal-r2-t128-b960,subset-zeta-uint32-zeta-log8-b960,full,butterfly,cuButterfly-temporal-r2-t128,0,5,960,1,0.000000,native,32,32,32,0,implicit-unit,integer-add,temporal-r2-t128,1,30,1024,16,64,1.0,960,0.75,0.75,register+thread+warp,1966080,0.3125,0,Tesla V100-SXM2-16GB,7.0,subset-zeta,uint32,forward,none,out-of-place,0,,,,0.000000,,temporal-tile,radix2,four-mul,table,direct-strided,,1,8,,,,,,0,,,shared,linear,scalar,0,named-barrier,128,0,0,8,8,0,0,0,0,0,0,8,256,960,1,256,1000,100,0.263040,0.004659,0.235168,206043952.188164,210.989007,52747251760.170044,0.000000,-1,,,,,,,,,,,,
fft-bf16-fp32-log8-temporal-r4-t128-b1279,fft-bf16-fp32-log8-b1279,full,butterfly,cuButterfly-temporal-r4-t128,0,2,1279,1,0.006154,fp32,16,32,32,0,per-stage-twiddle,floating-complex,temporal-r4-t128,1,42,1024,10,40,0.625,1279,1.59875,1.0,register,2619392,0.4163411458333333,0,Tesla V100-SXM2-16GB,7.0,fft,bf16,forward,none,out-of-place,0,,,,0.000000,,temporal-tile,radix4,four-mul,table,direct-strided,,1,8,,,,,,0,,,shared,linear,scalar,0,named-barrier,128,0,0,8,8,0,0,0,0,0,0,8,256,1279,1,256,1000,100,0.318496,0.018196,0.269472,70288318.152193,71.975238,17993809446.961514,0.000000,-1,,,,,,,,,,,,
ntt-uint32-ntt-log15-ntt-hybrid-r2-t256-b319,ntt-uint32-ntt-log15-b319,full,ntt,cuButterfly-ntt-hybrid-r2-t256,0,5,319,1,,native,32,32,32,0,per-stage-root,modular-multiply-reduce,ntt-hybrid-r2-t256,1,50,2048,4,32,0.5,319,0.996875,0.996875,register,83623936,13.291666666666666,0,Tesla V100-SXM2-16GB,7.0,ntt,uint32,forward,,,0,,,,0.000000,,hybrid2d,radix2,,fused,,,,,,,,,,,,,,,,0,named-barrier,,,,,,,,,,,,15,32768,319,1,32768,1000,100,6.831520,0.425779,6.338656,,,,,-1,natural,32,1073643521,30,7,4,256,0,749214.627594,23462.860444,24550264916.993816,shoup
fft-fp64-log8-temporal-r2-t128-b960,fft-fp64-log8-b960,full,butterfly,cuButterfly-temporal-r2-t128,0,2,960,1,0.000000,native,64,64,64,0,per-stage-twiddle,floating-complex,temporal-r2-t128,1,36,4096,12,48,0.75,960,1.0,1.0,register,7864320,1.25,0,Tesla V100-SXM2-16GB,7.0,fft,fp64,forward,none,out-of-place,0,,,,0.000000,,temporal-tile,radix2,four-mul,table,direct-strided,,1,8,,,,,,0,,,shared,linear,scalar,0,named-barrier,128,0,0,8,8,0,0,0,0,0,0,8,256,960,1,256,1000,100,0.707328,0.017449,0.660128,55017606.036995,56.338029,14084507145.470797,0.000000,-1,,,,,,,,,,,,
fft-fp64-log20-online-r4-t256-b1,fft-fp64-log20-b1,full,butterfly,cuButterfly-online-r4-t256,0,4,1,1,0.000000,native,64,64,64,0,per-stage-twiddle,floating-complex,online-r4-t256,512,58,16384,4,32,0.5,512,1.6,1.0,register,33554432,5.333333333333333,0,Tesla V100-SXM2-16GB,7.0,fft,fp64,forward,none,out-of-place,0,,,,0.000000,,online-reorder,radix4,four-mul,table,direct-strided,,2,10x10,0x0,8x8,table,direct-strided,global-scratch,2,0x0,8x8,shared,linear,scalar,0,named-barrier,256,0,0,8,8,0,0,10,1,0,0,20,1048576,1,1,1048576,1000,100,2.763712,0.279890,2.602368,3572.832934,37.463869,3746386867.088578,0.000000,-1,,,,,,,,,,,,
fft-bf16-fp32-log8-temporal-r4-t128-b1279,fft-bf16-fp32-log8-b1279,full,butterfly,cuButterfly-temporal-r4-t128,0,4,1279,1,0.006154,fp32,16,32,32,0,per-stage-twiddle,floating-complex,temporal-r4-t128,1,42,1024,10,40,0.625,1279,1.59875,1.0,register,2619392,0.4163411458333333,0,Tesla V100-SXM2-16GB,7.0,fft,bf16,forward,none,out-of-place,0,,,,0.000000,,temporal-tile,radix4,four-mul,table,direct-strided,,1,8,,,,,,0,,,shared,linear,scalar,0,named-barrier,128,0,0,8,8,0,0,0,0,0,0,8,256,1279,1,256,1000,100,0.321920,0.018156,0.268960,70446891.354220,72.137617,18034404186.680218,0.000000,-1,,,,,,,,,,,,
structured-2x2-fp32-log15-online-r4-t256-b8,structured-2x2-fp32-log15-b8,full,butterfly,cuButterfly-online-r4-t256,0,4,8,1,0.000000,native,32,32,32,0,broadcast,floating-fma,online-r4-t256,64,46,4096,5,40,0.625,512,1.28,1.0,register,2097152,0.3333333333333333,0,Tesla V100-SXM2-16GB,7.0,structured-2x2,fp32,forward,none,out-of-place,0,,,,0.000000,,online-reorder,radix4,four-mul,table,direct-strided,0.92387949999999996:-0.38268340000000001:0.38268340000000001:0.92387949999999996,2,8x7,0x0,8x8,table,direct-strided,global-scratch,2,0x0,8x8,shared,linear,scalar,0,named-barrier,256,0,0,8,8,0,0,8,1,0,0,15,32768,8,1,32768,1000,100,0.267200,0.026716,0.255552,299444.214478,73.591410,9812188020.001772,0.000000,-1,,,,,,,,,,,,
structured-2x2-fp32-log15-online-r4-t256-b13,structured-2x2-fp32-log15-b13,full,butterfly,cuButterfly-online-r4-t256,0,2,13,1,0.000000,native,32,32,32,0,broadcast,floating-fma,online-r4-t256,64,46,4096,5,40,0.625,832,2.08,1.0,register,3407872,0.5416666666666666,0,Tesla V100-SXM2-16GB,7.0,structured-2x2,fp32,forward,none,out-of-place,0,,,,0.000000,,online-reorder,radix4,four-mul,table,direct-strided,0.92387949999999996:-0.38268340000000001:0.38268340000000001:0.92387949999999996,2,8x7,0x0,8x8,table,direct-strided,global-scratch,2,0x0,8x8,shared,linear,scalar,0,named-barrier,256,0,0,8,8,0,0,8,1,0,0,15,32768,13,1,32768,1000,100,0.378688,0.039066,0.325440,332773.595845,81.782439,10904325188.650803,0.000000,-1,,,,,,,,,,,,
structured-2x2-bf16-fp32-log18-online-r2-t256-b1,structured-2x2-bf16-fp32-log18-b1,full,butterfly,cuButterfly-online-r2-t256,0,3,1,1,0.033858,fp32,16,32,32,0,broadcast,floating-fma,online-r2-t256,256,36,1024,6,48,0.75,256,0.5333333333333333,0.5333333333333333,register,1048576,0.16666666666666666,0,Tesla V100-SXM2-16GB,7.0,structured-2x2,bf16,forward,none,out-of-place,0,,,,0.000000,,online-reorder,radix2,four-mul,table,direct-strided,0.92387949999999996:-0.38268340000000001:0.38268340000000001:0.92387949999999996,2,9x9,0x0,8x8,table,direct-strided,global-scratch,2,0x0,8x8,shared,linear,scalar,0,named-barrier,256,0,0,8,8,0,0,9,1,0,0,18,262144,1,1,262144,1000,100,0.121472,0.035379,0.148064,28265.194431,66.685960,7409551128.991037,0.000000,-1,,,,,,,,,,,,
fwht-fp16-fp32-log8-temporal-r4-t128-b961,fwht-fp16-fp32-log8-b961,full,butterfly,cuButterfly-temporal-r4-t128,0,4,961,1,0.000572,fp32,16,32,32,0,implicit-sign,floating-add,temporal-r4-t128,1,38,512,12,48,0.75,961,1.0010416666666666,1.0,register,984064,0.15641276041666666,0,Tesla V100-SXM2-16GB,7.0,fwht,fp16,forward,none,out-of-place,0,,,,0.000000,,temporal-tile,radix4,four-mul,table,direct-strided,,1,8,,,,,,0,,,shared,linear,scalar,0,named-barrier,128,0,0,8,8,0,0,0,0,0,0,8,256,961,1,256,1000,100,0.135616,0.004332,0.133952,221862080.361493,227.186770,56796692572.542198,0.000000,-1,,,,,,,,,,,,
fft-fp16-fp32-log15-online-r2-t256-b4,fft-fp16-fp32-log15-b4,full,butterfly,cuButterfly-online-r2-t256,0,2,4,1,0.001078,fp32,16,32,32,0,per-stage-twiddle,floating-complex,online-r2-t256,64,38,2048,6,48,0.75,256,0.5333333333333333,0.5333333333333333,register,1048576,0.16666666666666666,0,Tesla V100-SXM2-16GB,7.0,fft,fp16,forward,none,out-of-place,0,,,,0.000000,,online-reorder,radix2,four-mul,table,direct-strided,,2,8x7,0x0,8x8,table,direct-strided,global-scratch,2,0x0,8x8,shared,linear,scalar,0,named-barrier,256,0,0,8,8,0,0,8,1,0,0,15,32768,4,1,32768,1000,100,0.139232,0.022682,0.151552,176354.391344,43.340855,5778780695.560483,0.000000,-1,,,,,,,,,,,,
structured-2x2-fp16-fp32-log15-hier-r4-t256-b8,structured-2x2-fp16-fp32-log15-b8,full,butterfly,cuButterfly-hier-r4-t256,0,5,8,1,0.001612,fp32,16,32,32,0,broadcast,floating-fma,hier-r4-t256,64,44,2048,5,40,0.625,512,1.28,1.0,register,1048576,0.16666666666666666,0,Tesla V100-SXM2-16GB,7.0,structured-2x2,fp16,forward,none,out-of-place,0,,,,0.000000,,hierarchical,radix4,four-mul,table,direct-strided,0.92387949999999996:-0.38268340000000001:0.38268340000000001:0.92387949999999996,1,15,,,,,,0,,,shared,linear,scalar,0,named-barrier,256,0,0,8,8,0,0,8,0,0,0,15,32768,8,1,32768,1000,100,0.123872,0.025108,0.136064,318617.444657,78.303423,10440456426.512941,0.000000,-1,,,,,,,,,,,,
structured-2x2-fp32-log15-online-r4-t256-b8,structured-2x2-fp32-log15-b8,full,butterfly,cuButterfly-online-r4-t256,0,2,8,1,0.000000,native,32,32,32,0,broadcast,floating-fma,online-r4-t256,64,46,4096,5,40,0.625,512,1.28,1.0,register,2097152,0.3333333333333333,0,Tesla V100-SXM2-16GB,7.0,structured-2x2,fp32,forward,none,out-of-place,0,,,,0.000000,,online-reorder,radix4,four-mul,table,direct-strided,0.92387949999999996:-0.38268340000000001:0.38268340000000001:0.92387949999999996,2,8x7,0x0,8x8,table,direct-strided,global-scratch,2,0x0,8x8,shared,linear,scalar,0,named-barrier,256,0,0,8,8,0,0,8,1,0,0,15,32768,8,1,32768,1000,100,0.264352,0.026696,0.246688,299673.956160,73.647871,9819716195.461750,0.000000,-1,,,,,,,,,,,,
fwht-fp16-native-log20-online-r4-t256-b1,fwht-fp16-native-log20-b1,full,butterfly,cuButterfly-online-r4-t256,0,3,1,1,0.001000,native,16,16,16,0,implicit-sign,floating-add,online-r4-t256,512,46,2048,5,40,0.625,512,1.28,1.0,register,4194304,0.6666666666666666,0,Tesla V100-SXM2-16GB,7.0,fwht,fp16,forward,none,out-of-place,0,,,,0.000000,,online-reorder,radix4,four-mul,table,direct-strided,,2,10x10,0x0,8x8,table,direct-strided,global-scratch,2,0x0,8x8,shared,linear,scalar,0,named-barrier,256,0,0,8,8,0,0,10,1,0,0,20,1048576,1,1,1048576,1000,100,0.439136,0.086600,0.411232,11547.386080,121.083119,12108311906.125097,0.000000,-1,,,,,,,,,,,,
fft-fp64-log8-temporal-r4-t128-b960,fft-fp64-log8-b960,full,butterfly,cuButterfly-temporal-r4-t128,0,5,960,1,0.000000,native,64,64,64,0,per-stage-twiddle,floating-complex,temporal-r4-t128,1,50,4096,9,36,0.5625,960,1.3333333333333333,1.0,register,7864320,1.25,0,Tesla V100-SXM2-16GB,7.0,fft,fp64,forward,none,out-of-place,0,,,,0.000000,,temporal-tile,radix4,four-mul,table,direct-strided,,1,8,,,,,,0,,,shared,linear,scalar,0,named-barrier,128,0,0,8,8,0,0,0,0,0,0,8,256,960,1,256,1000,100,0.706432,0.017009,0.681696,56441902.892905,57.796509,14449127140.583681,0.000000,-1,,,,,,,,,,,,
structured-2x2-fp16-native-log20-online-r4-t256-b1,structured-2x2-fp16-native-log20-b1,full,butterfly,cuButterfly-online-r4-t256,0,3,1,1,0.002199,native,16,16,16,0,broadcast,floating-fma,online-r4-t256,512,46,2048,5,40,0.625,512,1.28,1.0,register,4194304,0.6666666666666666,0,Tesla V100-SXM2-16GB,7.0,structured-2x2,fp16,forward,none,out-of-place,0,,,,0.000000,,online-reorder,radix4,four-mul,table,direct-strided,0.92387949999999996:-0.38268340000000001:0.38268340000000001:0.92387949999999996,2,10x10,0x0,8x8,table,direct-strided,global-scratch,2,0x0,8x8,shared,linear,scalar,0,named-barrier,256,0,0,8,8,0,0,10,1,0,0,20,1048576,1,1,1048576,1000,100,0.421600,0.094003,0.416992,10637.935670,111.546840,11154684032.849918,0.000000,-1,,,,,,,,,,,,
subset-zeta-uint32-zeta-log8-temporal-r2-t128-b1920,subset-zeta-uint32-zeta-log8-b1920,full,butterfly,cuButterfly-temporal-r2-t128,0,5,1920,1,0.000000,native,32,32,32,0,implicit-unit,integer-add,temporal-r2-t128,1,30,1024,16,64,1.0,1920,1.5,1.0,register+thread+warp,3932160,0.625,0,Tesla V100-SXM2-16GB,7.0,subset-zeta,uint32,forward,none,out-of-place,0,,,,0.000000,,temporal-tile,radix2,four-mul,table,direct-strided,,1,8,,,,,,0,,,shared,linear,scalar,0,named-barrier,128,0,0,8,8,0,0,0,0,0,0,8,256,1920,1,256,1000,100,0.427392,0.006676,0.386080,287576679.619061,294.478520,73619629982.479675,0.000000,-1,,,,,,,,,,,,
fft-fp16-fp32-log8-temporal-r2-t128-b1280,fft-fp16-fp32-log8-b1280,full,butterfly,cuButterfly-temporal-r2-t128,0,4,1280,1,0.000747,fp32,16,32,32,0,per-stage-twiddle,floating-complex,temporal-r2-t128,1,32,1024,16,64,1.0,1280,1.0,1.0,register+thread+warp,2621440,0.4166666666666667,0,Tesla V100-SXM2-16GB,7.0,fft,fp16,forward,none,out-of-place,0,,,,0.000000,,temporal-tile,radix2,four-mul,table,direct-strided,,1,8,,,,,,0,,,shared,linear,scalar,0,named-barrier,128,0,0,8,8,0,0,0,0,0,0,8,256,1280,1,256,1000,100,0.318720,0.008397,0.263488,152439013.362473,156.097550,39024387420.792999,0.000000,-1,,,,,,,,,,,,
structured-2x2-fp32-log15-hier-r4-t256-b8,structured-2x2-fp32-log15-b8,full,butterfly,cuButterfly-hier-r4-t256,0,5,8,1,0.000000,native,32,32,32,0,broadcast,floating-fma,hier-r4-t256,64,44,4096,5,40,0.625,512,1.28,1.0,register,2097152,0.3333333333333333,0,Tesla V100-SXM2-16GB,7.0,structured-2x2,fp32,forward,none,out-of-place,0,,,,0.000000,,hierarchical,radix4,four-mul,table,direct-strided,0.92387949999999996:-0.38268340000000001:0.38268340000000001:0.92387949999999996,1,15,,,,,,0,,,shared,linear,scalar,0,named-barrier,256,0,0,8,8,0,0,8,0,0,0,15,32768,8,1,32768,1000,100,0.265600,0.024791,0.253024,322697.238712,79.306073,10574143118.128675,0.000000,-1,,,,,,,,,,,,
fft-fp16-fp32-log8-temporal-r2-t128-b1281,fft-fp16-fp32-log8-b1281,full,butterfly,cuButterfly-temporal-r2-t128,0,1,1281,1,0.000747,fp32,16,32,32,0,per-stage-twiddle,floating-complex,temporal-r2-t128,1,32,1024,16,64,1.0,1281,1.00078125,1.0,register+thread+warp,2623488,0.4169921875,0,Tesla V100-SXM2-16GB,7.0,fft,fp16,forward,none,out-of-place,0,,,,0.000000,,temporal-tile,radix2,four-mul,table,direct-strided,,1,8,,,,,,0,,,shared,linear,scalar,0,named-barrier,128,0,0,8,8,0,0,0,0,0,0,8,256,1281,1,256,1000,100,0.326816,0.008540,0.309408,149997189.349926,153.597122,38399280473.581085,0.000000,-1,,,,,,,,,,,,
fft-fp16-fp32-log15-online-r4-t256-b6,fft-fp16-fp32-log15-b6,full,butterfly,cuButterfly-online-r4-t256,0,4,6,1,0.001078,fp32,16,32,32,0,per-stage-twiddle,floating-complex,online-r4-t256,64,50,4096,4,32,0.5,384,1.2,1.0,register,1572864,0.25,0,Tesla V100-SXM2-16GB,7.0,fft,fp16,forward,none,out-of-place,0,,,,0.000000,,online-reorder,radix4,four-mul,table,direct-strided,,2,8x7,0x0,8x8,table,direct-strided,global-scratch,2,0x0,8x8,shared,linear,scalar,0,named-barrier,256,0,0,8,8,0,0,8,1,0,0,15,32768,6,1,32768,1000,100,0.235840,0.028662,0.190912,209338.159623,51.446946,6859592814.536578,0.000000,-1,,,,,,,,,,,,
fwht-fp16-native-log18-online-r4-t256-b1,fwht-fp16-native-log18-b1,full,butterfly,cuButterfly-online-r4-t256,0,4,1,1,0.000950,native,16,16,16,0,implicit-sign,floating-add,online-r4-t256,256,46,2048,5,40,0.625,256,0.64,0.64,register,1048576,0.16666666666666666,0,Tesla V100-SXM2-16GB,7.0,fwht,fp16,forward,none,out-of-place,0,,,,0.000000,,online-reorder,radix4,four-mul,table,direct-strided,,2,9x9,0x0,8x8,table,direct-strided,global-scratch,2,0x0,8x8,shared,linear,scalar,0,named-barrier,256,0,0,8,8,0,0,9,1,0,0,18,262144,1,1,262144,1000,100,0.133152,0.026173,0.136032,38206.672219,90.140849,10015649882.052338,0.000000,-1,,,,,,,,,,,,
fwht-fp32-log15-online-r2-t256-b8,fwht-fp32-log15-b8,full,butterfly,cuButterfly-online-r2-t256,0,1,8,1,0.000000,native,32,32,32,0,implicit-sign,floating-add,online-r2-t256,64,36,2048,6,48,0.75,512,1.0666666666666667,1.0,register,2097152,0.3333333333333333,0,Tesla V100-SXM2-16GB,7.0,fwht,fp32,forward,none,out-of-place,0,,,,0.000000,,online-reorder,radix2,four-mul,table,direct-strided,,2,8x7,0x0,8x8,table,direct-strided,global-scratch,2,0x0,8x8,shared,linear,scalar,0,named-barrier,256,0,0,8,8,0,0,8,1,0,0,15,32768,8,1,32768,1000,100,0.268512,0.025938,0.243616,308428.735436,75.799446,10106592802.771643,0.000000,-1,,,,,,,,,,,,
structured-2x2-bf16-native-log15-hier-r4-t256-b6,structured-2x2-bf16-native-log15-b6,full,butterfly,cuButterfly-hier-r4-t256,0,5,6,1,0.029309,native,16,32,16,1,broadcast,floating-fma,hier-r4-t256,64,44,2048,5,40,0.625,384,0.96,0.96,register,786432,0.125,0,Tesla V100-SXM2-16GB,7.0,structured-2x2,bf16,forward,none,out-of-place,0,,,,0.000000,,hierarchical,radix4,four-mul,table,direct-strided,0.92387949999999996:-0.38268340000000001:0.38268340000000001:0.92387949999999996,1,15,,,,,,0,,,shared,linear,scalar,0,named-barrier,256,0,0,8,8,0,0,8,0,0,0,15,32768,6,1,32768,1000,100,0.093888,0.036116,0.104384,166129.142778,40.827898,5443719750.547090,0.000000,-1,,,,,,,,,,,,
fwht-bf16-native-log8-temporal-r2-t128-b1280,fwht-bf16-native-log8-b1280,full,butterfly,cuButterfly-temporal-r2-t128,0,2,1280,1,0.005010,native,16,32,16,1,implicit-sign,floating-add,temporal-r2-t128,1,30,512,16,64,1.0,1280,1.0,1.0,register+thread+warp,1310720,0.20833333333333334,0,Tesla V100-SXM2-16GB,7.0,fwht,bf16,forward,none,out-of-place,0,,,,0.000000,,temporal-tile,radix2,four-mul,table,direct-strided,,1,8,,,,,,0,,,shared,linear,scalar,0,named-barrier,128,0,0,8,8,0,0,0,0,0,0,8,256,1280,1,256,1000,100,0.189664,0.008520,0.170336,150240380.396148,153.846150,38461537381.413971,0.000000,-1,,,,,,,,,,,,
fwht-fp32-log15-hier-r4-t256-b13,fwht-fp32-log15-b13,full,butterfly,cuButterfly-hier-r4-t256,0,1,13,1,0.000000,native,32,32,32,0,implicit-sign,floating-add,hier-r4-t256,64,44,4096,5,40,0.625,832,2.08,1.0,register,3407872,0.5416666666666666,0,Tesla V100-SXM2-16GB,7.0,fwht,fp32,forward,none,out-of-place,0,,,,0.000000,,hierarchical,radix4,four-mul,table,direct-strided,,1,15,,,,,,0,,,shared,linear,scalar,0,named-barrier,256,0,0,8,8,0,0,8,0,0,0,15,32768,13,1,32768,1000,100,0.389984,0.028908,0.340128,449709.960826,110.520720,14736095996.335989,0.000000,-1,,,,,,,,,,,,
ntt-uint64-ntt-log15-ntt-hybrid-r2-t256-b319,ntt-uint64-ntt-log15-b319,full,ntt,cuButterfly-ntt-hybrid-r2-t256,0,5,319,1,,native,64,64,64,0,per-stage-root,modular-multiply-reduce,ntt-hybrid-r2-t256,1,52,4096,4,32,0.5,319,0.996875,0.996875,register,167247872,26.583333333333332,0,Tesla V100-SXM2-16GB,7.0,ntt,uint64,forward,,,0,,,,0.000000,,hybrid2d,radix2,,fused,,,,,,,,,,,,,,,,0,named-barrier,,,,,,,,,,,,15,32768,319,1,32768,1000,100,13.520128,0.679414,12.621152,,,,,-1,natural,64,1152921504606748673,60,7,4,256,0,469522.447310,11893.801147,15385311553.449696,shoup
structured-2x2-fp32-log8-temporal-r2-t128-b640,structured-2x2-fp32-log8-b640,full,butterfly,cuButterfly-temporal-r2-t128,0,5,640,1,0.000000,native,32,32,32,0,broadcast,floating-fma,temporal-r2-t128,1,30,1024,16,64,1.0,640,0.5,0.5,register+thread+warp,1310720,0.20833333333333334,0,Tesla V100-SXM2-16GB,7.0,structured-2x2,fp32,forward,none,out-of-place,0,,,,0.000000,,temporal-tile,radix2,four-mul,table,direct-strided,0.92387949999999996:-0.38268340000000001:0.38268340000000001:0.92387949999999996,1,8,,,,,,0,,,shared,linear,scalar,0,named-barrier,128,0,0,8,8,0,0,0,0,0,0,8,256,640,1,256,1000,100,0.158848,0.005069,0.166048,126262627.596366,129.292931,32323232664.669758,0.000000,-1,,,,,,,,,,,,
fwht-bf16-native-log15-online-r2-t256-b6,fwht-bf16-native-log15-b6,full,butterfly,cuButterfly-online-r2-t256,0,2,6,1,0.006966,native,16,32,16,1,implicit-sign,floating-add,online-r2-t256,64,36,1024,6,48,0.75,384,0.8,0.8,register,786432,0.125,0,Tesla V100-SXM2-16GB,7.0,fwht,bf16,forward,none,out-of-place,0,,,,0.000000,,online-reorder,radix2,four-mul,table,direct-strided,,2,8x7,0x0,8x8,table,direct-strided,global-scratch,2,0x0,8x8,shared,linear,scalar,0,named-barrier,256,0,0,8,8,0,0,8,1,0,0,15,32768,6,1,32768,1000,100,0.096256,0.024269,0.098976,247231.027632,60.759497,8101266313.457483,0.000000,-1,,,,,,,,,,,,
structured-2x2-bf16-native-log15-hier-r4-t256-b8,structured-2x2-bf16-native-log15-b8,full,butterfly,cuButterfly-hier-r4-t256,0,1,8,1,0.029309,native,16,32,16,1,broadcast,floating-fma,hier-r4-t256,64,44,2048,5,40,0.625,512,1.28,1.0,register,1048576,0.16666666666666666,0,Tesla V100-SXM2-16GB,7.0,structured-2x2,bf16,forward,none,out-of-place,0,,,,0.000000,,hierarchical,radix4,four-mul,table,direct-strided,0.92387949999999996:-0.38268340000000001:0.38268340000000001:0.92387949999999996,1,15,,,,,,0,,,shared,linear,scalar,0,named-barrier,256,0,0,8,8,0,0,8,0,0,0,15,32768,8,1,32768,1000,100,0.123488,0.045844,0.129312,174503.013907,42.885861,5718114759.716580,0.000000,-1,,,,,,,,,,,,
structured-2x2-bf16-native-log20-online-r2-t256-b1,structured-2x2-bf16-native-log20-b1,full,butterfly,cuButterfly-online-r2-t256,0,5,1,1,0.038303,native,16,32,16,1,broadcast,floating-fma,online-r2-t256,512,36,1024,6,48,0.75,512,1.0666666666666667,1.0,register,4194304,0.6666666666666666,0,Tesla V100-SXM2-16GB,7.0,structured-2x2,bf16,forward,none,out-of-place,0,,,,0.000000,,online-reorder,radix2,four-mul,table,direct-strided,0.92387949999999996:-0.38268340000000001:0.38268340000000001:0.92387949999999996,2,10x10,0x0,8x8,table,direct-strided,global-scratch,2,0x0,8x8,shared,linear,scalar,0,named-barrier,256,0,0,8,8,0,0,10,1,0,0,20,1048576,1,1,1048576,1000,100,0.428352,0.178924,0.404096,5588.980220,58.604705,5860470523.119748,0.000000,-1,,,,,,,,,,,,
subset-zeta-uint32-zeta-log8-temporal-r4-t128-b1280,subset-zeta-uint32-zeta-log8-b1280,full,butterfly,cuButterfly-temporal-r4-t128,0,5,1280,1,0.000000,native,32,32,32,0,implicit-unit,integer-add,temporal-r4-t128,1,38,1024,12,48,0.75,1280,1.3333333333333333,1.0,register,2621440,0.4166666666666667,0,Tesla V100-SXM2-16GB,7.0,subset-zeta,uint32,forward,none,out-of-place,0,,,,0.000000,,temporal-tile,radix4,four-mul,table,direct-strided,,1,8,,,,,,0,,,shared,linear,scalar,0,named-barrier,128,0,0,8,8,0,0,0,0,0,0,8,256,1280,1,256,1000,100,0.311296,0.004741,0.305824,269978393.062383,276.457874,69114468623.969925,0.000000,-1,,,,,,,,,,,,
fft-fp16-native-log20-online-r4-t256-b3,fft-fp16-native-log20-b3,full,butterfly,cuButterfly-online-r4-t256,0,3,3,1,0.001330,native,16,16,16,0,per-stage-twiddle,floating-complex,online-r4-t256,512,50,4096,4,32,0.5,1536,4.8,1.0,register,25165824,4.0,0,Tesla V100-SXM2-16GB,7.0,fft,fp16,forward,none,out-of-place,0,,,,0.000000,,online-reorder,radix4,four-mul,table,direct-strided,,2,10x10,0x0,8x8,table,direct-strided,global-scratch,2,0x0,8x8,shared,linear,scalar,0,named-barrier,256,0,0,8,8,0,0,10,1,0,0,20,1048576,3,1,1048576,1000,100,2.099168,0.348293,2.000160,8613.434430,90.318406,9031840620.784958,0.000000,-1,,,,,,,,,,,,
fft-fp16-fp32-log15-online-r4-t256-b5,fft-fp16-fp32-log15-b5,full,butterfly,cuButterfly-online-r4-t256,0,2,5,1,0.001078,fp32,16,32,32,0,per-stage-twiddle,floating-complex,online-r4-t256,64,50,4096,4,32,0.5,320,1.0,1.0,register,1310720,0.20833333333333334,0,Tesla V100-SXM2-16GB,7.0,fft,fp16,forward,none,out-of-place,0,,,,0.000000,,online-reorder,radix4,four-mul,table,direct-strided,,2,8x7,0x0,8x8,table,direct-strided,global-scratch,2,0x0,8x8,shared,linear,scalar,0,named-barrier,256,0,0,8,8,0,0,8,1,0,0,15,32768,5,1,32768,1000,100,0.183008,0.024596,0.176704,203281.129900,49.958370,6661116064.560950,0.000000,-1,,,,,,,,,,,,
fwht-bf16-native-log8-temporal-r2-t128-b1279,fwht-bf16-native-log8-b1279,full,butterfly,cuButterfly-temporal-r2-t128,0,3,1279,1,0.005010,native,16,32,16,1,implicit-sign,floating-add,temporal-r2-t128,1,30,512,16,64,1.0,1279,0.99921875,0.99921875,register+thread+warp,1309696,0.20817057291666666,0,Tesla V100-SXM2-16GB,7.0,fwht,bf16,forward,none,out-of-place,0,,,,0.000000,,temporal-tile,radix2,four-mul,table,direct-strided,,1,8,,,,,,0,,,shared,linear,scalar,0,named-barrier,128,0,0,8,8,0,0,0,0,0,0,8,256,1279,1,256,1000,100,0.174784,0.008540,0.173280,149763001.700668,153.357314,38339328435.370972,0.000000,-1,,,,,,,,,,,,
fft-fp16-fp32-log8-temporal-r2-t128-b1280,fft-fp16-fp32-log8-b1280,full,butterfly,cuButterfly-temporal-r2-t128,0,5,1280,1,0.000747,fp32,16,32,32,0,per-stage-twiddle,floating-complex,temporal-r2-t128,1,32,1024,16,64,1.0,1280,1.0,1.0,register+thread+warp,2621440,0.4166666666666667,0,Tesla V100-SXM2-16GB,7.0,fft,fp16,forward,none,out-of-place,0,,,,0.000000,,temporal-tile,radix2,four-mul,table,direct-strided,,1,8,,,,,,0,,,shared,linear,scalar,0,named-barrier,128,0,0,8,8,0,0,0,0,0,0,8,256,1280,1,256,1000,100,0.318880,0.008417,0.270208,152068136.284802,155.717772,38929442888.909416,0.000000,-1,,,,,,,,,,,,
fwht-bf16-native-log18-online-r2-t256-b1,fwht-bf16-native-log18-b1,full,butterfly,cuButterfly-online-r2-t256,0,5,1,1,0.007600,native,16,32,16,1,implicit-sign,floating-add,online-r2-t256,256,36,1024,6,48,0.75,256,0.5333333333333333,0.5333333333333333,register,1048576,0.16666666666666666,0,Tesla V100-SXM2-16GB,7.0,fwht,bf16,forward,none,out-of-place,0,,,,0.000000,,online-reorder,radix2,four-mul,table,direct-strided,,2,9x9,0x0,8x8,table,direct-strided,global-scratch,2,0x0,8x8,shared,linear,scalar,0,named-barrier,256,0,0,8,8,0,0,9,1,0,0,18,262144,1,1,262144,1000,100,0.123520,0.029942,0.134848,33398.170311,78.796170,8755129957.917393,0.000000,-1,,,,,,,,,,,,
fft-fp16-fp32-log15-online-r2-t256-b4,fft-fp16-fp32-log15-b4,full,butterfly,cuButterfly-online-r2-t256,0,4,4,1,0.001078,fp32,16,32,32,0,per-stage-twiddle,floating-complex,online-r2-t256,64,38,2048,6,48,0.75,256,0.5333333333333333,0.5333333333333333,register,1048576,0.16666666666666666,0,Tesla V100-SXM2-16GB,7.0,fft,fp16,forward,none,out-of-place,0,,,,0.000000,,online-reorder,radix2,four-mul,table,direct-strided,,2,8x7,0x0,8x8,table,direct-strided,global-scratch,2,0x0,8x8,shared,linear,scalar,0,named-barrier,256,0,0,8,8,0,0,8,1,0,0,15,32768,4,1,32768,1000,100,0.139424,0.022589,0.135104,177073.893107,43.517680,5802357329.316495,0.000000,-1,,,,,,,,,,,,
fwht-bf16-native-log15-hier-r4-t256-b8,fwht-bf16-native-log15-b8,full,butterfly,cuButterfly-hier-r4-t256,0,3,8,1,0.006966,native,16,32,16,1,implicit-sign,floating-add,hier-r4-t256,64,44,2048,5,40,0.625,512,1.28,1.0,register,1048576,0.16666666666666666,0,Tesla V100-SXM2-16GB,7.0,fwht,bf16,forward,none,out-of-place,0,,,,0.000000,,hierarchical,radix4,four-mul,table,direct-strided,,1,15,,,,,,0,,,shared,linear,scalar,0,named-barrier,256,0,0,8,8,0,0,8,0,0,0,15,32768,8,1,32768,1000,100,0.123200,0.028621,0.130144,279516.976409,68.694092,9159212282.969393,0.000000,-1,,,,,,,,,,,,
fft-fp16-native-log20-online-r4-t256-b1,fft-fp16-native-log20-b1,full,butterfly,cuButterfly-online-r4-t256,0,4,1,1,0.001330,native,16,16,16,0,per-stage-twiddle,floating-complex,online-r4-t256,512,50,4096,4,32,0.5,512,1.6,1.0,register,8388608,1.3333333333333333,0,Tesla V100-SXM2-16GB,7.0,fft,fp16,forward,none,out-of-place,0,,,,0.000000,,online-reorder,radix4,four-mul,table,direct-strided,,2,10x10,0x0,8x8,table,direct-strided,global-scratch,2,0x0,8x8,shared,linear,scalar,0,named-barrier,256,0,0,8,8,0,0,10,1,0,0,20,1048576,1,1,1048576,1000,100,0.745280,0.127089,0.775040,7868.524128,82.507456,8250745555.886931,0.000000,-1,,,,,,,,,,,,
fft-fp64-log8-temporal-r4-t128-b960,fft-fp64-log8-b960,full,butterfly,cuButterfly-temporal-r4-t128,0,3,960,1,0.000000,native,64,64,64,0,per-stage-twiddle,floating-complex,temporal-r4-t128,1,50,4096,9,36,0.5625,960,1.3333333333333333,1.0,register,7864320,1.25,0,Tesla V100-SXM2-16GB,7.0,fft,fp64,forward,none,out-of-place,0,,,,0.000000,,temporal-tile,radix4,four-mul,table,direct-strided,,1,8,,,,,,0,,,shared,linear,scalar,0,named-barrier,128,0,0,8,8,0,0,0,0,0,0,8,256,960,1,256,1000,100,0.722816,0.016865,0.660384,56921677.375548,58.287798,14571949408.140371,0.000000,-1,,,,,,,,,,,,
ntt-uint64-ntt-log15-ntt-hybrid-r4-t256-b319,ntt-uint64-ntt-log15-b319,full,ntt,cuButterfly-ntt-hybrid-r4-t256,0,5,319,1,,native,64,64,64,0,per-stage-root,modular-multiply-reduce,ntt-hybrid-r4-t256,1,66,8192,3,24,0.375,319,1.3291666666666666,1.0,register,167247872,26.583333333333332,0,Tesla V100-SXM2-16GB,7.0,ntt,uint64,forward,,,0,,,,0.000000,,hybrid2d,radix4,,fused,,,,,,,,,,,,,,,,0,named-barrier,,,,,,,,,,,,15,32768,319,1,32768,1000,100,13.531520,0.628070,12.601248,,,,,-1,natural,64,1152921504606748673,60,7,4,256,0,507904.834961,11920.403947,16643025631.989607,shoup
fft-fp16-fp32-log8-temporal-r2-t128-b1600,fft-fp16-fp32-log8-b1600,full,butterfly,cuButterfly-temporal-r2-t128,0,4,1600,1,0.000747,fp32,16,32,32,0,per-stage-twiddle,floating-complex,temporal-r2-t128,1,32,1024,16,64,1.0,1600,1.25,1.0,register+thread+warp,3276800,0.5208333333333334,0,Tesla V100-SXM2-16GB,7.0,fft,fp16,forward,none,out-of-place,0,,,,0.000000,,temporal-tile,radix2,four-mul,table,direct-strided,,1,8,,,,,,0,,,shared,linear,scalar,0,named-barrier,128,0,0,8,8,0,0,0,0,0,0,8,256,1600,1,256,1000,100,0.353856,0.010435,0.317760,153336611.179752,157.016690,39254172462.016548,0.000000,-1,,,,,,,,,,,,
fwht-bf16-native-log8-temporal-r4-t128-b1280,fwht-bf16-native-log8-b1280,full,butterfly,cuButterfly-temporal-r4-t128,0,1,1280,1,0.005010,native,16,32,16,1,implicit-sign,floating-add,temporal-r4-t128,1,38,512,12,48,0.75,1280,1.3333333333333333,1.0,register,1310720,0.20833333333333334,0,Tesla V100-SXM2-16GB,7.0,fwht,bf16,forward,none,out-of-place,0,,,,0.000000,,temporal-tile,radix4,four-mul,table,direct-strided,,1,8,,,,,,0,,,shared,linear,scalar,0,named-barrier,128,0,0,8,8,0,0,0,0,0,0,8,256,1280,1,256,1000,100,0.169184,0.008120,0.181632,157629259.755019,161.412362,40353090497.284874,0.000000,-1,,,,,,,,,,,,
structured-2x2-fp32-log15-online-r4-t256-b7,structured-2x2-fp32-log15-b7,full,butterfly,cuButterfly-online-r4-t256,0,2,7,1,0.000000,native,32,32,32,0,broadcast,floating-fma,online-r4-t256,64,46,4096,5,40,0.625,448,1.12,1.0,register,1835008,0.2916666666666667,0,Tesla V100-SXM2-16GB,7.0,structured-2x2,fp32,forward,none,out-of-place,0,,,,0.000000,,online-reorder,radix4,four-mul,table,direct-strided,0.92387949999999996:-0.38268340000000001:0.38268340000000001:0.92387949999999996,2,8x7,0x0,8x8,table,direct-strided,global-scratch,2,0x0,8x8,shared,linear,scalar,0,named-barrier,256,0,0,8,8,0,0,8,1,0,0,15,32768,7,1,32768,1000,100,0.227968,0.024433,0.222432,286501.984650,70.410728,9388097033.012751,0.000000,-1,,,,,,,,,,,,
fft-bf16-fp32-log20-online-r4-t256-b1,fft-bf16-fp32-log20-b1,full,butterfly,cuButterfly-online-r4-t256,0,5,1,1,0.010209,fp32,16,32,32,0,per-stage-twiddle,floating-complex,online-r4-t256,512,50,4096,4,32,0.5,512,1.6,1.0,register,8388608,1.3333333333333333,0,Tesla V100-SXM2-16GB,7.0,fft,bf16,forward,none,out-of-place,0,,,,0.000000,,online-reorder,radix4,four-mul,table,direct-strided,,2,10x10,0x0,8x8,table,direct-strided,global-scratch,2,0x0,8x8,shared,linear,scalar,0,named-barrier,256,0,0,8,8,0,0,10,1,0,0,20,1048576,1,1,1048576,1000,100,0.749536,0.163113,0.748416,6130.720390,64.285263,6428526263.301861,0.000000,-1,,,,,,,,,,,,
fwht-bf16-native-log8-temporal-r4-t128-b1279,fwht-bf16-native-log8-b1279,full,butterfly,cuButterfly-temporal-r4-t128,0,5,1279,1,0.005010,native,16,32,16,1,implicit-sign,floating-add,temporal-r4-t128,1,38,512,12,48,0.75,1279,1.3322916666666667,1.0,register,1309696,0.20817057291666666,0,Tesla V100-SXM2-16GB,7.0,fwht,bf16,forward,none,out-of-place,0,,,,0.000000,,temporal-tile,radix4,four-mul,table,direct-strided,,1,8,,,,,,0,,,shared,linear,scalar,0,named-barrier,128,0,0,8,8,0,0,0,0,0,0,8,256,1279,1,256,1000,100,0.183808,0.008069,0.201728,158505505.546994,162.309638,40577409420.030487,0.000000,-1,,,,,,,,,,,,
subset-zeta-uint32-zeta-log8-temporal-r4-t128-b960,subset-zeta-uint32-zeta-log8-b960,full,butterfly,cuButterfly-temporal-r4-t128,0,5,960,1,0.000000,native,32,32,32,0,implicit-unit,integer-add,temporal-r4-t128,1,38,1024,12,48,0.75,960,1.0,1.0,register,1966080,0.3125,0,Tesla V100-SXM2-16GB,7.0,subset-zeta,uint32,forward,none,out-of-place,0,,,,0.000000,,temporal-tile,radix4,four-mul,table,direct-strided,,1,8,,,,,,0,,,shared,linear,scalar,0,named-barrier,128,0,0,8,8,0,0,0,0,0,0,8,256,960,1,256,1000,100,0.263968,0.004219,0.235328,227548538.989507,233.009704,58252425981.313850,0.000000,-1,,,,,,,,,,,,
fft-fp16-fp32-log8-temporal-r2-t128-b801,fft-fp16-fp32-log8-b801,full,butterfly,cuButterfly-temporal-r2-t128,0,2,801,1,0.000747,fp32,16,32,32,0,per-stage-twiddle,floating-complex,temporal-r2-t128,1,32,1024,16,64,1.0,801,0.62578125,0.62578125,register+thread+warp,1640448,0.2607421875,0,Tesla V100-SXM2-16GB,7.0,fft,fp16,forward,none,out-of-place,0,,,,0.000000,,temporal-tile,radix2,four-mul,table,direct-strided,,1,8,,,,,,0,,,shared,linear,scalar,0,named-barrier,128,0,0,8,8,0,0,0,0,0,0,8,256,801,1,256,1000,100,0.195232,0.006502,0.201984,123185282.546196,126.141729,31535432331.826054,0.000000,-1,,,,,,,,,,,,
structured-2x2-fp32-log8-temporal-r4-t128-b640,structured-2x2-fp32-log8-b640,full,butterfly,cuButterfly-temporal-r4-t128,0,2,640,1,0.000000,native,32,32,32,0,broadcast,floating-fma,temporal-r4-t128,1,38,1024,12,48,0.75,640,0.6666666666666666,0.6666666666666666,register,1310720,0.20833333333333334,0,Tesla V100-SXM2-16GB,7.0,structured-2x2,fp32,forward,none,out-of-place,0,,,,0.000000,,temporal-tile,radix4,four-mul,table,direct-strided,0.92387949999999996:-0.38268340000000001:0.38268340000000001:0.92387949999999996,1,8,,,,,,0,,,shared,linear,scalar,0,named-barrier,128,0,0,8,8,0,0,0,0,0,0,8,256,640,1,256,1000,100,0.150432,0.004198,0.159264,152439013.362473,156.097550,39024387420.792999,0.000000,-1,,,,,,,,,,,,
subset-zeta-uint32-zeta-log8-temporal-r4-t128-b960,subset-zeta-uint32-zeta-log8-b960,full,butterfly,cuButterfly-temporal-r4-t128,0,4,960,1,0.000000,native,32,32,32,0,implicit-unit,integer-add,temporal-r4-t128,1,38,1024,12,48,0.75,960,1.0,1.0,register,1966080,0.3125,0,Tesla V100-SXM2-16GB,7.0,subset-zeta,uint32,forward,none,out-of-place,0,,,,0.000000,,temporal-tile,radix4,four-mul,table,direct-strided,,1,8,,,,,,0,,,shared,linear,scalar,0,named-barrier,128,0,0,8,8,0,0,0,0,0,0,8,256,960,1,256,1000,100,0.250208,0.004219,0.243200,227548538.989507,233.009704,58252425981.313850,0.000000,-1,,,,,,,,,,,,
fft-bf16-fp32-log8-temporal-r2-t128-b1279,fft-bf16-fp32-log8-b1279,full,butterfly,cuButterfly-temporal-r2-t128,0,5,1279,1,0.006154,fp32,16,32,32,0,per-stage-twiddle,floating-complex,temporal-r2-t128,1,32,1024,16,64,1.0,1279,0.99921875,0.99921875,register+thread+warp,2619392,0.4163411458333333,0,Tesla V100-SXM2-16GB,7.0,fft,bf16,forward,none,out-of-place,0,,,,0.000000,,temporal-tile,radix2,four-mul,table,direct-strided,,1,8,,,,,,0,,,shared,linear,scalar,0,named-barrier,128,0,0,8,8,0,0,0,0,0,0,8,256,1279,1,256,1000,100,0.316384,0.017347,0.310656,73732202.057305,75.501775,18875443726.670094,0.000000,-1,,,,,,,,,,,,
subset-zeta-uint32-zeta-log8-temporal-r2-t128-b960,subset-zeta-uint32-zeta-log8-b960,full,butterfly,cuButterfly-temporal-r2-t128,0,4,960,1,0.000000,native,32,32,32,0,implicit-unit,integer-add,temporal-r2-t128,1,30,1024,16,64,1.0,960,0.75,0.75,register+thread+warp,1966080,0.3125,0,Tesla V100-SXM2-16GB,7.0,subset-zeta,uint32,forward,none,out-of-place,0,,,,0.000000,,temporal-tile,radix2,four-mul,table,direct-strided,,1,8,,,,,,0,,,shared,linear,scalar,0,named-barrier,128,0,0,8,8,0,0,0,0,0,0,8,256,960,1,256,1000,100,0.246880,0.004649,0.258720,206497809.357679,211.453757,52863439195.565910,0.000000,-1,,,,,,,,,,,,
fwht-bf16-native-log8-temporal-r4-t128-b1279,fwht-bf16-native-log8-b1279,full,butterfly,cuButterfly-temporal-r4-t128,0,3,1279,1,0.005010,native,16,32,16,1,implicit-sign,floating-add,temporal-r4-t128,1,38,512,12,48,0.75,1279,1.3322916666666667,1.0,register,1309696,0.20817057291666666,0,Tesla V100-SXM2-16GB,7.0,fwht,bf16,forward,none,out-of-place,0,,,,0.000000,,temporal-tile,radix4,four-mul,table,direct-strided,,1,8,,,,,,0,,,shared,linear,scalar,0,named-barrier,128,0,0,8,8,0,0,0,0,0,0,8,256,1279,1,256,1000,100,0.182528,0.008069,0.157664,158505505.546994,162.309638,40577409420.030487,0.000000,-1,,,,,,,,,,,,
structured-2x2-fp32-log8-temporal-r4-t128-b640,structured-2x2-fp32-log8-b640,full,butterfly,cuButterfly-temporal-r4-t128,0,5,640,1,0.000000,native,32,32,32,0,broadcast,floating-fma,temporal-r4-t128,1,38,1024,12,48,0.75,640,0.6666666666666666,0.6666666666666666,register,1310720,0.20833333333333334,0,Tesla V100-SXM2-16GB,7.0,structured-2x2,fp32,forward,none,out-of-place,0,,,,0.000000,,temporal-tile,radix4,four-mul,table,direct-strided,0.92387949999999996:-0.38268340000000001:0.38268340000000001:0.92387949999999996,1,8,,,,,,0,,,shared,linear,scalar,0,named-barrier,128,0,0,8,8,0,0,0,0,0,0,8,256,640,1,256,1000,100,0.155552,0.004188,0.158176,152811737.898745,156.479220,39119804902.078667,0.000000,-1,,,,,,,,,,,,
structured-2x2-fp32-log8-temporal-r2-t128-b960,structured-2x2-fp32-log8-b960,full,butterfly,cuButterfly-temporal-r2-t128,0,2,960,1,0.000000,native,32,32,32,0,broadcast,floating-fma,temporal-r2-t128,1,30,1024,16,64,1.0,960,0.75,0.75,register+thread+warp,1966080,0.3125,0,Tesla V100-SXM2-16GB,7.0,structured-2x2,fp32,forward,none,out-of-place,0,,,,0.000000,,temporal-tile,radix2,four-mul,table,direct-strided,0.92387949999999996:-0.38268340000000001:0.38268340000000001:0.92387949999999996,1,8,,,,,,0,,,shared,linear,scalar,0,named-barrier,128,0,0,8,8,0,0,0,0,0,0,8,256,960,1,256,1000,100,0.246976,0.005898,0.238240,162760416.049613,166.666666,41666666508.700912,0.000000,-1,,,,,,,,,,,,
fwht-fp16-fp32-log8-temporal-r2-t128-b1280,fwht-fp16-fp32-log8-b1280,full,butterfly,cuButterfly-temporal-r2-t128,0,3,1280,1,0.000572,fp32,16,32,32,0,implicit-sign,floating-add,temporal-r2-t128,1,30,512,16,64,1.0,1280,1.0,1.0,register+thread+warp,1310720,0.20833333333333334,0,Tesla V100-SXM2-16GB,7.0,fwht,fp16,forward,none,out-of-place,0,,,,0.000000,,temporal-tile,radix2,four-mul,table,direct-strided,,1,8,,,,,,0,,,shared,linear,scalar,0,named-barrier,128,0,0,8,8,0,0,0,0,0,0,8,256,1280,1,256,1000,100,0.168800,0.005478,0.173984,233644868.098614,239.252345,59813086233.245110,0.000000,-1,,,,,,,,,,,,
fft-fp16-fp32-log15-online-r2-t256-b6,fft-fp16-fp32-log15-b6,full,butterfly,cuButterfly-online-r2-t256,0,2,6,1,0.001078,fp32,16,32,32,0,per-stage-twiddle,floating-complex,online-r2-t256,64,38,2048,6,48,0.75,384,0.8,0.8,register,1572864,0.25,0,Tesla V100-SXM2-16GB,7.0,fft,fp16,forward,none,out-of-place,0,,,,0.000000,,online-reorder,radix2,four-mul,table,direct-strided,,2,8x7,0x0,8x8,table,direct-strided,global-scratch,2,0x0,8x8,shared,linear,scalar,0,named-barrier,256,0,0,8,8,0,0,8,1,0,0,15,32768,6,1,32768,1000,100,0.241440,0.030433,0.184544,197152.588299,48.452220,6460296013.377283,0.000000,-1,,,,,,,,,,,,
fft-fp16-fp32-log15-online-r2-t256-b4,fft-fp16-fp32-log15-b4,full,butterfly,cuButterfly-online-r2-t256,0,5,4,1,0.001078,fp32,16,32,32,0,per-stage-twiddle,floating-complex,online-r2-t256,64,38,2048,6,48,0.75,256,0.5333333333333333,0.5333333333333333,register,1048576,0.16666666666666666,0,Tesla V100-SXM2-16GB,7.0,fft,fp16,forward,none,out-of-place,0,,,,0.000000,,online-reorder,radix2,four-mul,table,direct-strided,,2,8x7,0x0,8x8,table,direct-strided,global-scratch,2,0x0,8x8,shared,linear,scalar,0,named-barrier,256,0,0,8,8,0,0,8,1,0,0,15,32768,4,1,32768,1000,100,0.145984,0.022589,0.137248,177073.893107,43.517680,5802357329.316495,0.000000,-1,,,,,,,,,,,,
structured-2x2-fp16-fp32-log15-hier-r4-t256-b7,structured-2x2-fp16-fp32-log15-b7,full,butterfly,cuButterfly-hier-r4-t256,0,4,7,1,0.001612,fp32,16,32,32,0,broadcast,floating-fma,hier-r4-t256,64,44,2048,5,40,0.625,448,1.12,1.0,register,917504,0.14583333333333334,0,Tesla V100-SXM2-16GB,7.0,structured-2x2,fp16,forward,none,out-of-place,0,,,,0.000000,,hierarchical,radix4,four-mul,table,direct-strided,0.92387949999999996:-0.38268340000000001:0.38268340000000001:0.92387949999999996,1,15,,,,,,0,,,shared,linear,scalar,0,named-barrier,256,0,0,8,8,0,0,8,0,0,0,15,32768,7,1,32768,1000,100,0.112000,0.024289,0.125696,288193.000617,70.826312,9443508244.225878,0.000000,-1,,,,,,,,,,,,
fwht-bf16-native-log8-temporal-r4-t128-b1280,fwht-bf16-native-log8-b1280,full,butterfly,cuButterfly-temporal-r4-t128,0,2,1280,1,0.005010,native,16,32,16,1,implicit-sign,floating-add,temporal-r4-t128,1,38,512,12,48,0.75,1280,1.3333333333333333,1.0,register,1310720,0.20833333333333334,0,Tesla V100-SXM2-16GB,7.0,fwht,bf16,forward,none,out-of-place,0,,,,0.000000,,temporal-tile,radix4,four-mul,table,direct-strided,,1,8,,,,,,0,,,shared,linear,scalar,0,named-barrier,128,0,0,8,8,0,0,0,0,0,0,8,256,1280,1,256,1000,100,0.188128,0.008049,0.167712,159033086.136673,162.849880,40712470050.988403,0.000000,-1,,,,,,,,,,,,
fft-bf16-fp32-log8-temporal-r4-t128-b1280,fft-bf16-fp32-log8-b1280,full,butterfly,cuButterfly-temporal-r4-t128,0,2,1280,1,0.006154,fp32,16,32,32,0,per-stage-twiddle,floating-complex,temporal-r4-t128,1,42,1024,10,40,0.625,1280,1.6,1.0,register,2621440,0.4166666666666667,0,Tesla V100-SXM2-16GB,7.0,fft,bf16,forward,none,out-of-place,0,,,,0.000000,,temporal-tile,radix4,four-mul,table,direct-strided,,1,8,,,,,,0,,,shared,linear,scalar,0,named-barrier,128,0,0,8,8,0,0,0,0,0,0,8,256,1280,1,256,1000,100,0.326848,0.018207,0.299008,70303707.511433,71.990996,17997749122.926949,0.000000,-1,,,,,,,,,,,,
structured-2x2-fp16-fp32-log20-online-r4-t256-b1,structured-2x2-fp16-fp32-log20-b1,full,butterfly,cuButterfly-online-r4-t256,0,2,1,1,0.002086,fp32,16,32,32,0,broadcast,floating-fma,online-r4-t256,512,46,2048,5,40,0.625,512,1.28,1.0,register,4194304,0.6666666666666666,0,Tesla V100-SXM2-16GB,7.0,structured-2x2,fp16,forward,none,out-of-place,0,,,,0.000000,,online-reorder,radix4,four-mul,table,direct-strided,0.92387949999999996:-0.38268340000000001:0.38268340000000001:0.92387949999999996,2,10x10,0x0,8x8,table,direct-strided,global-scratch,2,0x0,8x8,shared,linear,scalar,0,named-barrier,256,0,0,8,8,0,0,10,1,0,0,20,1048576,1,1,1048576,1000,100,0.439808,0.096399,0.437792,10373.512115,108.774158,10877415839.986446,0.000000,-1,,,,,,,,,,,,
subset-zeta-uint32-zeta-log8-temporal-r4-t128-b960,subset-zeta-uint32-zeta-log8-b960,full,butterfly,cuButterfly-temporal-r4-t128,0,2,960,1,0.000000,native,32,32,32,0,implicit-unit,integer-add,temporal-r4-t128,1,38,1024,12,48,0.75,960,1.0,1.0,register,1966080,0.3125,0,Tesla V100-SXM2-16GB,7.0,subset-zeta,uint32,forward,none,out-of-place,0,,,,0.000000,,temporal-tile,radix4,four-mul,table,direct-strided,,1,8,,,,,,0,,,shared,linear,scalar,0,named-barrier,128,0,0,8,8,0,0,0,0,0,0,8,256,960,1,256,1000,100,0.265024,0.004219,0.240320,227548538.989507,233.009704,58252425981.313850,0.000000,-1,,,,,,,,,,,,
structured-2x2-bf16-fp32-log18-online-r2-t256-b1,structured-2x2-bf16-fp32-log18-b1,full,butterfly,cuButterfly-online-r2-t256,0,4,1,1,0.033858,fp32,16,32,32,0,broadcast,floating-fma,online-r2-t256,256,36,1024,6,48,0.75,256,0.5333333333333333,0.5333333333333333,register,1048576,0.16666666666666666,0,Tesla V100-SXM2-16GB,7.0,structured-2x2,bf16,forward,none,out-of-place,0,,,,0.000000,,online-reorder,radix2,four-mul,table,direct-strided,0.92387949999999996:-0.38268340000000001:0.38268340000000001:0.92387949999999996,2,9x9,0x0,8x8,table,direct-strided,global-scratch,2,0x0,8x8,shared,linear,scalar,0,named-barrier,256,0,0,8,8,0,0,9,1,0,0,18,262144,1,1,262144,1000,100,0.127392,0.035410,0.134976,28240.673866,66.628109,7403123209.827635,0.000000,-1,,,,,,,,,,,,
structured-2x2-fp32-log15-hier-r4-t256-b8,structured-2x2-fp32-log15-b8,full,butterfly,cuButterfly-hier-r4-t256,0,3,8,1,0.000000,native,32,32,32,0,broadcast,floating-fma,hier-r4-t256,64,44,4096,5,40,0.625,512,1.28,1.0,register,2097152,0.3333333333333333,0,Tesla V100-SXM2-16GB,7.0,structured-2x2,fp32,forward,none,out-of-place,0,,,,0.000000,,hierarchical,radix4,four-mul,table,direct-strided,0.92387949999999996:-0.38268340000000001:0.38268340000000001:0.92387949999999996,1,15,,,,,,0,,,shared,linear,scalar,0,named-barrier,256,0,0,8,8,0,0,8,0,0,0,15,32768,8,1,32768,1000,100,0.273952,0.024781,0.277504,322830.571138,79.338841,10578512155.045240,0.000000,-1,,,,,,,,,,,,
fft-bf16-fp32-log8-temporal-r4-t128-b1280,fft-bf16-fp32-log8-b1280,full,butterfly,cuButterfly-temporal-r4-t128,0,4,1280,1,0.006154,fp32,16,32,32,0,per-stage-twiddle,floating-complex,temporal-r4-t128,1,42,1024,10,40,0.625,1280,1.6,1.0,register,2621440,0.4166666666666667,0,Tesla V100-SXM2-16GB,7.0,fft,bf16,forward,none,out-of-place,0,,,,0.000000,,temporal-tile,radix4,four-mul,table,direct-strided,,1,8,,,,,,0,,,shared,linear,scalar,0,named-barrier,128,0,0,8,8,0,0,0,0,0,0,8,256,1280,1,256,1000,100,0.328544,0.018196,0.313504,70343273.834877,72.031512,18007878101.728489,0.000000,-1,,,,,,,,,,,,
structured-2x2-bf16-native-log15-hier-r4-t256-b7,structured-2x2-bf16-native-log15-b7,full,butterfly,cuButterfly-hier-r4-t256,0,4,7,1,0.029309,native,16,32,16,1,broadcast,floating-fma,hier-r4-t256,64,44,2048,5,40,0.625,448,1.12,1.0,register,917504,0.14583333333333334,0,Tesla V100-SXM2-16GB,7.0,structured-2x2,bf16,forward,none,out-of-place,0,,,,0.000000,,hierarchical,radix4,four-mul,table,direct-strided,0.92387949999999996:-0.38268340000000001:0.38268340000000001:0.92387949999999996,1,15,,,,,,0,,,shared,linear,scalar,0,named-barrier,256,0,0,8,8,0,0,8,0,0,0,15,32768,7,1,32768,1000,100,0.112256,0.039188,0.132768,178623.913621,43.898613,5853148401.528655,0.000000,-1,,,,,,,,,,,,
fft-bf16-fp32-log18-online-r4-t256-b1,fft-bf16-fp32-log18-b1,full,butterfly,cuButterfly-online-r4-t256,0,5,1,1,0.009642,fp32,16,32,32,0,per-stage-twiddle,floating-complex,online-r4-t256,256,50,4096,4,32,0.5,256,0.8,0.8,register,2097152,0.3333333333333333,0,Tesla V100-SXM2-16GB,7.0,fft,bf16,forward,none,out-of-place,0,,,,0.000000,,online-reorder,radix4,four-mul,table,direct-strided,,2,9x9,0x0,8x8,table,direct-strided,global-scratch,2,0x0,8x8,shared,linear,scalar,0,named-barrier,256,0,0,8,8,0,0,9,1,0,0,18,262144,1,1,262144,1000,100,0.324128,0.046971,0.247552,21289.787352,50.228910,5580990015.477789,0.000000,-1,,,,,,,,,,,,
structured-2x2-bf16-native-log20-online-r4-t256-b1,structured-2x2-bf16-native-log20-b1,full,butterfly,cuButterfly-online-r4-t256,0,1,1,1,0.038303,native,16,32,16,1,broadcast,floating-fma,online-r4-t256,512,46,2048,5,40,0.625,512,1.28,1.0,register,4194304,0.6666666666666666,0,Tesla V100-SXM2-16GB,7.0,structured-2x2,bf16,forward,none,out-of-place,0,,,,0.000000,,online-reorder,radix4,four-mul,table,direct-strided,0.92387949999999996:-0.38268340000000001:0.38268340000000001:0.92387949999999996,2,10x10,0x0,8x8,table,direct-strided,global-scratch,2,0x0,8x8,shared,linear,scalar,0,named-barrier,256,0,0,8,8,0,0,10,1,0,0,20,1048576,1,1,1048576,1000,100,0.437472,0.152443,0.437568,6559.833764,68.784842,6878484248.817308,0.000000,-1,,,,,,,,,,,,
fwht-fp16-fp32-log20-hier-r4-t256-b1,fwht-fp16-fp32-log20-b1,full,butterfly,cuButterfly-hier-r4-t256,0,2,1,1,0.001000,fp32,16,32,32,0,implicit-sign,floating-add,hier-r4-t256,512,44,2048,5,40,0.625,512,1.28,1.0,register,4194304,0.6666666666666666,0,Tesla V100-SXM2-16GB,7.0,fwht,fp16,forward,none,out-of-place,0,,,,0.000000,,hierarchical,radix4,four-mul,table,direct-strided,,1,20,,,,,,0,,,shared,linear,scalar,0,named-barrier,256,0,0,8,8,0,0,10,0,0,0,20,1048576,1,1,1048576,1000,100,0.431872,0.061225,0.417952,16333.207950,171.266099,17126609859.516212,0.000000,-1,,,,,,,,,,,,
fwht-fp16-fp32-log8-temporal-r4-t128-b1279,fwht-fp16-fp32-log8-b1279,full,butterfly,cuButterfly-temporal-r4-t128,0,5,1279,1,0.000572,fp32,16,32,32,0,implicit-sign,floating-add,temporal-r4-t128,1,38,512,12,48,0.75,1279,1.3322916666666667,1.0,register,1309696,0.20817057291666666,0,Tesla V100-SXM2-16GB,7.0,fwht,fp16,forward,none,out-of-place,0,,,,0.000000,,temporal-tile,radix4,four-mul,table,direct-strided,,1,8,,,,,,0,,,shared,linear,scalar,0,named-barrier,128,0,0,8,8,0,0,0,0,0,0,8,256,1279,1,256,1000,100,0.160576,0.004803,0.175520,266316299.744246,272.707891,68176972734.526932,0.000000,-1,,,,,,,,,,,,
fft-fp16-fp32-log15-online-r4-t256-b5,fft-fp16-fp32-log15-b5,full,butterfly,cuButterfly-online-r4-t256,0,1,5,1,0.001078,fp32,16,32,32,0,per-stage-twiddle,floating-complex,online-r4-t256,64,50,4096,4,32,0.5,320,1.0,1.0,register,1310720,0.20833333333333334,0,Tesla V100-SXM2-16GB,7.0,fft,fp16,forward,none,out-of-place,0,,,,0.000000,,online-reorder,radix4,four-mul,table,direct-strided,,2,8x7,0x0,8x8,table,direct-strided,global-scratch,2,0x0,8x8,shared,linear,scalar,0,named-barrier,256,0,0,8,8,0,0,8,1,0,0,15,32768,5,1,32768,1000,100,0.190048,0.024525,0.161888,203875.256975,50.104383,6680584420.555810,0.000000,-1,,,,,,,,,,,,
structured-2x2-fp16-native-log20-online-r4-t256-b1,structured-2x2-fp16-native-log20-b1,full,butterfly,cuButterfly-online-r4-t256,0,4,1,1,0.002199,native,16,16,16,0,broadcast,floating-fma,online-r4-t256,512,46,2048,5,40,0.625,512,1.28,1.0,register,4194304,0.6666666666666666,0,Tesla V100-SXM2-16GB,7.0,structured-2x2,fp16,forward,none,out-of-place,0,,,,0.000000,,online-reorder,radix4,four-mul,table,direct-strided,0.92387949999999996:-0.38268340000000001:0.38268340000000001:0.92387949999999996,2,10x10,0x0,8x8,table,direct-strided,global-scratch,2,0x0,8x8,shared,linear,scalar,0,named-barrier,256,0,0,8,8,0,0,10,1,0,0,20,1048576,1,1,1048576,1000,100,0.435136,0.093932,0.413280,10646.052962,111.631956,11163195630.469896,0.000000,-1,,,,,,,,,,,,
structured-2x2-fp32-log15-online-r4-t256-b8,structured-2x2-fp32-log15-b8,full,butterfly,cuButterfly-online-r4-t256,0,1,8,1,0.000000,native,32,32,32,0,broadcast,floating-fma,online-r4-t256,64,46,4096,5,40,0.625,512,1.28,1.0,register,2097152,0.3333333333333333,0,Tesla V100-SXM2-16GB,7.0,structured-2x2,fp32,forward,none,out-of-place,0,,,,0.000000,,online-reorder,radix4,four-mul,table,direct-strided,0.92387949999999996:-0.38268340000000001:0.38268340000000001:0.92387949999999996,2,8x7,0x0,8x8,table,direct-strided,global-scratch,2,0x0,8x8,shared,linear,scalar,0,named-barrier,256,0,0,8,8,0,0,8,1,0,0,15,32768,8,1,32768,1000,100,0.274464,0.026675,0.257056,299904.029700,73.704414,9827255245.223722,0.000000,-1,,,,,,,,,,,,
fft-fp16-fp32-log15-online-r4-t256-b5,fft-fp16-fp32-log15-b5,full,butterfly,cuButterfly-online-r4-t256,0,4,5,1,0.001078,fp32,16,32,32,0,per-stage-twiddle,floating-complex,online-r4-t256,64,50,4096,4,32,0.5,320,1.0,1.0,register,1310720,0.20833333333333334,0,Tesla V100-SXM2-16GB,7.0,fft,fp16,forward,none,out-of-place,0,,,,0.000000,,online-reorder,radix4,four-mul,table,direct-strided,,2,8x7,0x0,8x8,table,direct-strided,global-scratch,2,0x0,8x8,shared,linear,scalar,0,named-barrier,256,0,0,8,8,0,0,8,1,0,0,15,32768,5,1,32768,1000,100,0.190816,0.024545,0.162624,203705.150092,50.062578,6675010358.228597,0.000000,-1,,,,,,,,,,,,
fwht-bf16-native-log20-online-r2-t256-b1,fwht-bf16-native-log20-b1,full,butterfly,cuButterfly-online-r2-t256,0,5,1,1,0.008012,native,16,32,16,1,implicit-sign,floating-add,online-r2-t256,512,36,1024,6,48,0.75,512,1.0666666666666667,1.0,register,4194304,0.6666666666666666,0,Tesla V100-SXM2-16GB,7.0,fwht,bf16,forward,none,out-of-place,0,,,,0.000000,,online-reorder,radix2,four-mul,table,direct-strided,,2,10x10,0x0,8x8,table,direct-strided,global-scratch,2,0x0,8x8,shared,linear,scalar,0,named-barrier,256,0,0,8,8,0,0,10,1,0,0,20,1048576,1,1,1048576,1000,100,0.437920,0.107284,0.401120,9321.012795,97.737903,9773790312.505613,0.000000,-1,,,,,,,,,,,,
fwht-fp16-fp32-log8-temporal-r2-t128-b1279,fwht-fp16-fp32-log8-b1279,full,butterfly,cuButterfly-temporal-r2-t128,0,4,1279,1,0.000572,fp32,16,32,32,0,implicit-sign,floating-add,temporal-r2-t128,1,30,512,16,64,1.0,1279,0.99921875,0.99921875,register+thread+warp,1309696,0.20817057291666666,0,Tesla V100-SXM2-16GB,7.0,fwht,fp16,forward,none,out-of-place,0,,,,0.000000,,temporal-tile,radix2,four-mul,table,direct-strided,,1,8,,,,,,0,,,shared,linear,scalar,0,named-barrier,128,0,0,8,8,0,0,0,0,0,0,8,256,1279,1,256,1000,100,0.192448,0.005468,0.187648,233899523.809005,239.513112,59878278095.105217,0.000000,-1,,,,,,,,,,,,
fwht-fp32-log15-online-r2-t256-b7,fwht-fp32-log15-b7,full,butterfly,cuButterfly-online-r2-t256,0,4,7,1,0.000000,native,32,32,32,0,implicit-sign,floating-add,online-r2-t256,64,36,2048,6,48,0.75,448,0.9333333333333333,0.9333333333333333,register,1835008,0.2916666666666667,0,Tesla V100-SXM2-16GB,7.0,fwht,fp32,forward,none,out-of-place,0,,,,0.000000,,online-reorder,radix2,four-mul,table,direct-strided,,2,8x7,0x0,8x8,table,direct-strided,global-scratch,2,0x0,8x8,shared,linear,scalar,0,named-barrier,256,0,0,8,8,0,0,8,1,0,0,15,32768,7,1,32768,1000,100,0.228128,0.023347,0.214880,299821.833490,73.684214,9824561839.811489,0.000000,-1,,,,,,,,,,,,
fwht-bf16-native-log8-temporal-r2-t128-b961,fwht-bf16-native-log8-b961,full,butterfly,cuButterfly-temporal-r2-t128,0,2,961,1,0.005010,native,16,32,16,1,implicit-sign,floating-add,temporal-r2-t128,1,30,512,16,64,1.0,961,0.75078125,0.75078125,register+thread+warp,984064,0.15641276041666666,0,Tesla V100-SXM2-16GB,7.0,fwht,bf16,forward,none,out-of-place,0,,,,0.000000,,temporal-tile,radix2,four-mul,table,direct-strided,,1,8,,,,,,0,,,shared,linear,scalar,0,named-barrier,128,0,0,8,8,0,0,0,0,0,0,8,256,961,1,256,1000,100,0.146880,0.007240,0.138496,132740668.641183,135.926445,33981611172.142963,0.000000,-1,,,,,,,,,,,,
structured-2x2-fp32-log15-online-r4-t256-b9,structured-2x2-fp32-log15-b9,full,butterfly,cuButterfly-online-r4-t256,0,2,9,1,0.000000,native,32,32,32,0,broadcast,floating-fma,online-r4-t256,64,46,4096,5,40,0.625,576,1.44,1.0,register,2359296,0.375,0,Tesla V100-SXM2-16GB,7.0,structured-2x2,fp32,forward,none,out-of-place,0,,,,0.000000,,online-reorder,radix4,four-mul,table,direct-strided,0.92387949999999996:-0.38268340000000001:0.38268340000000001:0.92387949999999996,2,8x7,0x0,8x8,table,direct-strided,global-scratch,2,0x0,8x8,shared,linear,scalar,0,named-barrier,256,0,0,8,8,0,0,8,1,0,0,15,32768,9,1,32768,1000,100,0.296544,0.029030,0.247712,310019.847709,76.190478,10158730369.735044,0.000000,-1,,,,,,,,,,,,
fft-fp64-log8-temporal-r4-t128-b960,fft-fp64-log8-b960,full,butterfly,cuButterfly-temporal-r4-t128,0,2,960,1,0.000000,native,64,64,64,0,per-stage-twiddle,floating-complex,temporal-r4-t128,1,50,4096,9,36,0.5625,960,1.3333333333333333,1.0,register,7864320,1.25,0,Tesla V100-SXM2-16GB,7.0,fft,fp64,forward,none,out-of-place,0,,,,0.000000,,temporal-tile,radix4,four-mul,table,direct-strided,,1,8,,,,,,0,,,shared,linear,scalar,0,named-barrier,128,0,0,8,8,0,0,0,0,0,0,8,256,960,1,256,1000,100,0.702176,0.016876,0.654144,56887134.747377,58.252426,14563106495.328463,0.000000,-1,,,,,,,,,,,,
structured-2x2-fp32-log15-hier-r4-t256-b9,structured-2x2-fp32-log15-b9,full,butterfly,cuButterfly-hier-r4-t256,0,2,9,1,0.000000,native,32,32,32,0,broadcast,floating-fma,hier-r4-t256,64,44,4096,5,40,0.625,576,1.44,1.0,register,2359296,0.375,0,Tesla V100-SXM2-16GB,7.0,structured-2x2,fp32,forward,none,out-of-place,0,,,,0.000000,,hierarchical,radix4,four-mul,table,direct-strided,0.92387949999999996:-0.38268340000000001:0.38268340000000001:0.92387949999999996,1,15,,,,,,0,,,shared,linear,scalar,0,named-barrier,256,0,0,8,8,0,0,8,0,0,0,15,32768,9,1,32768,1000,100,0.296608,0.026020,0.246976,345889.911266,85.005905,11334120612.367624,0.000000,-1,,,,,,,,,,,,
fwht-fp32-log15-online-r2-t256-b7,fwht-fp32-log15-b7,full,butterfly,cuButterfly-online-r2-t256,0,3,7,1,0.000000,native,32,32,32,0,implicit-sign,floating-add,online-r2-t256,64,36,2048,6,48,0.75,448,0.9333333333333333,0.9333333333333333,register,1835008,0.2916666666666667,0,Tesla V100-SXM2-16GB,7.0,fwht,fp32,forward,none,out-of-place,0,,,,0.000000,,online-reorder,radix2,four-mul,table,direct-strided,,2,8x7,0x0,8x8,table,direct-strided,global-scratch,2,0x0,8x8,shared,linear,scalar,0,named-barrier,256,0,0,8,8,0,0,8,1,0,0,15,32768,7,1,32768,1000,100,0.240608,0.023347,0.231392,299821.833490,73.684214,9824561839.811489,0.000000,-1,,,,,,,,,,,,
fwht-fp32-log15-online-r4-t256-b6,fwht-fp32-log15-b6,full,butterfly,cuButterfly-online-r4-t256,0,4,6,1,0.000000,native,32,32,32,0,implicit-sign,floating-add,online-r4-t256,64,46,4096,5,40,0.625,384,0.96,0.96,register,1572864,0.25,0,Tesla V100-SXM2-16GB,7.0,fwht,fp32,forward,none,out-of-place,0,,,,0.000000,,online-reorder,radix4,four-mul,table,direct-strided,,2,8x7,0x0,8x8,table,direct-strided,global-scratch,2,0x0,8x8,shared,linear,scalar,0,named-barrier,256,0,0,8,8,0,0,8,1,0,0,15,32768,6,1,32768,1000,100,0.199712,0.020439,0.207968,293555.862933,72.144289,9619238516.580963,0.000000,-1,,,,,,,,,,,,
fft-fp64-log8-temporal-r4-t128-b960,fft-fp64-log8-b960,full,butterfly,cuButterfly-temporal-r4-t128,0,1,960,1,0.000000,native,64,64,64,0,per-stage-twiddle,floating-complex,temporal-r4-t128,1,50,4096,9,36,0.5625,960,1.3333333333333333,1.0,register,7864320,1.25,0,Tesla V100-SXM2-16GB,7.0,fft,fp64,forward,none,out-of-place,0,,,,0.000000,,temporal-tile,radix4,four-mul,table,direct-strided,,1,8,,,,,,0,,,shared,linear,scalar,0,named-barrier,128,0,0,8,8,0,0,0,0,0,0,8,256,960,1,256,1000,100,0.709664,0.016804,0.656800,57129798.307220,58.500913,14625228366.648403,0.000000,-1,,,,,,,,,,,,
fft-fp64-log8-temporal-r4-t128-b1440,fft-fp64-log8-b1440,full,butterfly,cuButterfly-temporal-r4-t128,0,2,1440,1,0.000000,native,64,64,64,0,per-stage-twiddle,floating-complex,temporal-r4-t128,1,50,4096,9,36,0.5625,1440,2.0,1.0,register,11796480,1.875,0,Tesla V100-SXM2-16GB,7.0,fft,fp64,forward,none,out-of-place,0,,,,0.000000,,temporal-tile,radix4,four-mul,table,direct-strided,,1,8,,,,,,0,,,shared,linear,scalar,0,named-barrier,128,0,0,8,8,0,0,0,0,0,0,8,256,1440,1,256,1000,100,1.019264,0.023265,0.939392,61894806.791620,63.380282,15845070538.654646,0.000000,-1,,,,,,,,,,,,
structured-2x2-fp32-log15-online-r4-t256-b13,structured-2x2-fp32-log15-b13,full,butterfly,cuButterfly-online-r4-t256,0,1,13,1,0.000000,native,32,32,32,0,broadcast,floating-fma,online-r4-t256,64,46,4096,5,40,0.625,832,2.08,1.0,register,3407872,0.5416666666666666,0,Tesla V100-SXM2-16GB,7.0,structured-2x2,fp32,forward,none,out-of-place,0,,,,0.000000,,online-reorder,radix4,four-mul,table,direct-strided,0.92387949999999996:-0.38268340000000001:0.38268340000000001:0.92387949999999996,2,8x7,0x0,8x8,table,direct-strided,global-scratch,2,0x0,8x8,shared,linear,scalar,0,named-barrier,256,0,0,8,8,0,0,8,1,0,0,15,32768,13,1,32768,1000,100,0.379072,0.038963,0.327680,333648.139874,81.997367,10932982247.401093,0.000000,-1,,,,,,,,,,,,
structured-2x2-fp16-fp32-log15-online-r4-t256-b7,structured-2x2-fp16-fp32-log15-b7,full,butterfly,cuButterfly-online-r4-t256,0,5,7,1,0.001612,fp32,16,32,32,0,broadcast,floating-fma,online-r4-t256,64,46,2048,5,40,0.625,448,1.12,1.0,register,917504,0.14583333333333334,0,Tesla V100-SXM2-16GB,7.0,structured-2x2,fp16,forward,none,out-of-place,0,,,,0.000000,,online-reorder,radix4,four-mul,table,direct-strided,0.92387949999999996:-0.38268340000000001:0.38268340000000001:0.92387949999999996,2,8x7,0x0,8x8,table,direct-strided,global-scratch,2,0x0,8x8,shared,linear,scalar,0,named-barrier,256,0,0,8,8,0,0,8,1,0,0,15,32768,7,1,32768,1000,100,0.105920,0.025774,0.114784,271590.680126,66.746126,8899483406.358759,0.000000,-1,,,,,,,,,,,,
structured-2x2-fp32-log15-hier-r4-t256-b9,structured-2x2-fp32-log15-b9,full,butterfly,cuButterfly-hier-r4-t256,0,1,9,1,0.000000,native,32,32,32,0,broadcast,floating-fma,hier-r4-t256,64,44,4096,5,40,0.625,576,1.44,1.0,register,2359296,0.375,0,Tesla V100-SXM2-16GB,7.0,structured-2x2,fp32,forward,none,out-of-place,0,,,,0.000000,,hierarchical,radix4,four-mul,table,direct-strided,0.92387949999999996:-0.38268340000000001:0.38268340000000001:0.92387949999999996,1,15,,,,,,0,,,shared,linear,scalar,0,named-barrier,256,0,0,8,8,0,0,8,0,0,0,15,32768,9,1,32768,1000,100,0.298496,0.026020,0.249248,345889.911266,85.005905,11334120612.367624,0.000000,-1,,,,,,,,,,,,
fft-bf16-fp32-log20-online-r4-t256-b1,fft-bf16-fp32-log20-b1,full,butterfly,cuButterfly-online-r4-t256,0,4,1,1,0.010209,fp32,16,32,32,0,per-stage-twiddle,floating-complex,online-r4-t256,512,50,4096,4,32,0.5,512,1.6,1.0,register,8388608,1.3333333333333333,0,Tesla V100-SXM2-16GB,7.0,fft,bf16,forward,none,out-of-place,0,,,,0.000000,,online-reorder,radix4,four-mul,table,direct-strided,,2,10x10,0x0,8x8,table,direct-strided,global-scratch,2,0x0,8x8,shared,linear,scalar,0,named-barrier,256,0,0,8,8,0,0,10,1,0,0,20,1048576,1,1,1048576,1000,100,0.743968,0.162109,0.746656,6168.672431,64.683219,6468321862.680509,0.000000,-1,,,,,,,,,,,,
fft-fp16-fp32-log8-temporal-r4-t128-b1600,fft-fp16-fp32-log8-b1600,full,butterfly,cuButterfly-temporal-r4-t128,0,1,1600,1,0.000747,fp32,16,32,32,0,per-stage-twiddle,floating-complex,temporal-r4-t128,1,42,1024,10,40,0.625,1600,2.0,1.0,register,3276800,0.5208333333333334,0,Tesla V100-SXM2-16GB,7.0,fft,fp16,forward,none,out-of-place,0,,,,0.000000,,temporal-tile,radix4,four-mul,table,direct-strided,,1,8,,,,,,0,,,shared,linear,scalar,0,named-barrier,128,0,0,8,8,0,0,0,0,0,0,8,256,1600,1,256,1000,100,0.367680,0.009216,0.298048,173611122.514603,177.777789,44444447363.738487,0.000000,-1,,,,,,,,,,,,
fft-bf16-fp32-log18-online-r2-t256-b1,fft-bf16-fp32-log18-b1,full,butterfly,cuButterfly-online-r2-t256,0,2,1,1,0.009642,fp32,16,32,32,0,per-stage-twiddle,floating-complex,online-r2-t256,256,38,2048,6,48,0.75,256,0.5333333333333333,0.5333333333333333,register,2097152,0.3333333333333333,0,Tesla V100-SXM2-16GB,7.0,fft,bf16,forward,none,out-of-place,0,,,,0.000000,,online-reorder,radix2,four-mul,table,direct-strided,,2,9x9,0x0,8x8,table,direct-strided,global-scratch,2,0x0,8x8,shared,linear,scalar,0,named-barrier,256,0,0,8,8,0,0,9,1,0,0,18,262144,1,1,262144,1000,100,0.327744,0.050944,0.241888,19629.396799,46.311557,5145728594.473958,0.000000,-1,,,,,,,,,,,,
fwht-bf16-native-log15-online-r2-t256-b7,fwht-bf16-native-log15-b7,full,butterfly,cuButterfly-online-r2-t256,0,2,7,1,0.006966,native,16,32,16,1,implicit-sign,floating-add,online-r2-t256,64,36,1024,6,48,0.75,448,0.9333333333333333,0.9333333333333333,register,917504,0.14583333333333334,0,Tesla V100-SXM2-16GB,7.0,fwht,bf16,forward,none,out-of-place,0,,,,0.000000,,online-reorder,radix2,four-mul,table,direct-strided,,2,8x7,0x0,8x8,table,direct-strided,global-scratch,2,0x0,8x8,shared,linear,scalar,0,named-barrier,256,0,0,8,8,0,0,8,1,0,0,15,32768,7,1,32768,1000,100,0.114752,0.025518,0.120608,274315.286605,67.415725,8988763311.462057,0.000000,-1,,,,,,,,,,,,
fwht-fp32-log15-online-r4-t256-b6,fwht-fp32-log15-b6,full,butterfly,cuButterfly-online-r4-t256,0,5,6,1,0.000000,native,32,32,32,0,implicit-sign,floating-add,online-r4-t256,64,46,4096,5,40,0.625,384,0.96,0.96,register,1572864,0.25,0,Tesla V100-SXM2-16GB,7.0,fwht,fp32,forward,none,out-of-place,0,,,,0.000000,,online-reorder,radix4,four-mul,table,direct-strided,,2,8x7,0x0,8x8,table,direct-strided,global-scratch,2,0x0,8x8,shared,linear,scalar,0,named-barrier,256,0,0,8,8,0,0,8,1,0,0,15,32768,6,1,32768,1000,100,0.190432,0.020470,0.210176,293115.300176,72.036016,9604802156.152637,0.000000,-1,,,,,,,,,,,,
ntt-uint32-ntt-log15-ntt-hybrid-r4-t256-b319,ntt-uint32-ntt-log15-b319,full,ntt,cuButterfly-ntt-hybrid-r4-t256,0,3,319,1,,native,32,32,32,0,per-stage-root,modular-multiply-reduce,ntt-hybrid-r4-t256,1,62,4096,4,32,0.5,319,0.996875,0.996875,register,83623936,13.291666666666666,0,Tesla V100-SXM2-16GB,7.0,ntt,uint32,forward,,,0,,,,0.000000,,hybrid2d,radix4,,fused,,,,,,,,,,,,,,,,0,named-barrier,,,,,,,,,,,,15,32768,319,1,32768,1000,100,6.838496,0.373555,6.342784,,,,,-1,natural,32,1073643521,30,7,4,256,0,853956.829316,23534.037300,27982457383.034508,shoup
fwht-fp16-fp32-log8-temporal-r4-t128-b1280,fwht-fp16-fp32-log8-b1280,full,butterfly,cuButterfly-temporal-r4-t128,0,1,1280,1,0.000572,fp32,16,32,32,0,implicit-sign,floating-add,temporal-r4-t128,1,38,512,12,48,0.75,1280,1.3333333333333333,1.0,register,1310720,0.20833333333333334,0,Tesla V100-SXM2-16GB,7.0,fwht,fp16,forward,none,out-of-place,0,,,,0.000000,,temporal-tile,radix4,four-mul,table,direct-strided,,1,8,,,,,,0,,,shared,linear,scalar,0,named-barrier,128,0,0,8,8,0,0,0,0,0,0,8,256,1280,1,256,1000,100,0.194912,0.004813,0.165280,265957454.556467,272.340433,68085108366.455551,0.000000,-1,,,,,,,,,,,,
fwht-fp32-log15-online-r4-t256-b7,fwht-fp32-log15-b7,full,butterfly,cuButterfly-online-r4-t256,0,4,7,1,0.000000,native,32,32,32,0,implicit-sign,floating-add,online-r4-t256,64,46,4096,5,40,0.625,448,1.12,1.0,register,1835008,0.2916666666666667,0,Tesla V100-SXM2-16GB,7.0,fwht,fp32,forward,none,out-of-place,0,,,,0.000000,,online-reorder,radix4,four-mul,table,direct-strided,,2,8x7,0x0,8x8,table,direct-strided,global-scratch,2,0x0,8x8,shared,linear,scalar,0,named-barrier,256,0,0,8,8,0,0,8,1,0,0,15,32768,7,1,32768,1000,100,0.238144,0.022938,0.236640,305175.762195,74.999995,9999999375.608538,0.000000,-1,,,,,,,,,,,,
fft-fp16-native-log20-online-r4-t256-b2,fft-fp16-native-log20-b2,full,butterfly,cuButterfly-online-r4-t256,0,3,2,1,0.001330,native,16,16,16,0,per-stage-twiddle,floating-complex,online-r4-t256,512,50,4096,4,32,0.5,1024,3.2,1.0,register,16777216,2.6666666666666665,0,Tesla V100-SXM2-16GB,7.0,fft,fp16,forward,none,out-of-place,0,,,,0.000000,,online-reorder,radix4,four-mul,table,direct-strided,,2,10x10,0x0,8x8,table,direct-strided,global-scratch,2,0x0,8x8,shared,linear,scalar,0,named-barrier,256,0,0,8,8,0,0,10,1,0,0,20,1048576,2,1,1048576,1000,100,1.415424,0.239309,1.377728,8357.403024,87.633722,8763372233.420700,0.000000,-1,,,,,,,,,,,,
structured-2x2-fp16-fp32-log20-hier-r4-t256-b1,structured-2x2-fp16-fp32-log20-b1,full,butterfly,cuButterfly-hier-r4-t256,0,4,1,1,0.002086,fp32,16,32,32,0,broadcast,floating-fma,hier-r4-t256,512,44,2048,5,40,0.625,512,1.28,1.0,register,4194304,0.6666666666666666,0,Tesla V100-SXM2-16GB,7.0,structured-2x2,fp16,forward,none,out-of-place,0,,,,0.000000,,hierarchical,radix4,four-mul,table,direct-strided,0.92387949999999996:-0.38268340000000001:0.38268340000000001:0.92387949999999996,1,20,,,,,,0,,,shared,linear,scalar,0,named-barrier,256,0,0,8,8,0,0,10,0,0,0,20,1048576,1,1,1048576,1000,100,0.425664,0.067922,0.398112,14722.787228,154.379613,15437961340.492651,0.000000,-1,,,,,,,,,,,,
fwht-fp32-log15-online-r4-t256-b8,fwht-fp32-log15-b8,full,butterfly,cuButterfly-online-r4-t256,0,4,8,1,0.000000,native,32,32,32,0,implicit-sign,floating-add,online-r4-t256,64,46,4096,5,40,0.625,512,1.28,1.0,register,2097152,0.3333333333333333,0,Tesla V100-SXM2-16GB,7.0,fwht,fp32,forward,none,out-of-place,0,,,,0.000000,,online-reorder,radix4,four-mul,table,direct-strided,,2,8x7,0x0,8x8,table,direct-strided,global-scratch,2,0x0,8x8,shared,linear,scalar,0,named-barrier,256,0,0,8,8,0,0,8,1,0,0,15,32768,8,1,32768,1000,100,0.270592,0.025211,0.268288,317323.317612,77.985379,10398050471.513386,0.000000,-1,,,,,,,,,,,,
structured-2x2-bf16-native-log15-online-r2-t256-b6,structured-2x2-bf16-native-log15-b6,full,butterfly,cuButterfly-online-r2-t256,0,3,6,1,0.029309,native,16,32,16,1,broadcast,floating-fma,online-r2-t256,64,36,1024,6,48,0.75,384,0.8,0.8,register,786432,0.125,0,Tesla V100-SXM2-16GB,7.0,structured-2x2,bf16,forward,none,out-of-place,0,,,,0.000000,,online-reorder,radix2,four-mul,table,direct-strided,0.92387949999999996:-0.38268340000000001:0.38268340000000001:0.92387949999999996,2,8x7,0x0,8x8,table,direct-strided,global-scratch,2,0x0,8x8,shared,linear,scalar,0,named-barrier,256,0,0,8,8,0,0,8,1,0,0,15,32768,6,1,32768,1000,100,0.093184,0.033208,0.102400,180677.603637,44.403328,5920443715.966643,0.000000,-1,,,,,,,,,,,,
fwht-fp32-log15-online-r2-t256-b6,fwht-fp32-log15-b6,full,butterfly,cuButterfly-online-r2-t256,0,3,6,1,0.000000,native,32,32,32,0,implicit-sign,floating-add,online-r2-t256,64,36,2048,6,48,0.75,384,0.8,0.8,register,1572864,0.25,0,Tesla V100-SXM2-16GB,7.0,fwht,fp32,forward,none,out-of-place,0,,,,0.000000,,online-reorder,radix2,four-mul,table,direct-strided,,2,8x7,0x0,8x8,table,direct-strided,global-scratch,2,0x0,8x8,shared,linear,scalar,0,named-barrier,256,0,0,8,8,0,0,8,1,0,0,15,32768,6,1,32768,1000,100,0.192736,0.020972,0.186784,286102.296661,70.312500,9375000056.976292,0.000000,-1,,,,,,,,,,,,
fwht-fp32-log15-hier-r4-t256-b9,fwht-fp32-log15-b9,full,butterfly,cuButterfly-hier-r4-t256,0,4,9,1,0.000000,native,32,32,32,0,implicit-sign,floating-add,hier-r4-t256,64,44,4096,5,40,0.625,576,1.44,1.0,register,2359296,0.375,0,Tesla V100-SXM2-16GB,7.0,fwht,fp32,forward,none,out-of-place,0,,,,0.000000,,hierarchical,radix4,four-mul,table,direct-strided,,1,15,,,,,,0,,,shared,linear,scalar,0,named-barrier,256,0,0,8,8,0,0,8,0,0,0,15,32768,9,1,32768,1000,100,0.305952,0.024873,0.268320,361838.712033,88.925482,11856730915.888031,0.000000,-1,,,,,,,,,,,,
fwht-bf16-native-log15-hier-r4-t256-b6,fwht-bf16-native-log15-b6,full,butterfly,cuButterfly-hier-r4-t256,0,3,6,1,0.006966,native,16,32,16,1,implicit-sign,floating-add,hier-r4-t256,64,44,2048,5,40,0.625,384,0.96,0.96,register,786432,0.125,0,Tesla V100-SXM2-16GB,7.0,fwht,bf16,forward,none,out-of-place,0,,,,0.000000,,hierarchical,radix4,four-mul,table,direct-strided,,1,15,,,,,,0,,,shared,linear,scalar,0,named-barrier,256,0,0,8,8,0,0,8,0,0,0,15,32768,6,1,32768,1000,100,0.098976,0.025569,0.100672,234656.599406,57.669206,7689227449.337901,0.000000,-1,,,,,,,,,,,,
fwht-fp32-log15-online-r4-t256-b6,fwht-fp32-log15-b6,full,butterfly,cuButterfly-online-r4-t256,0,2,6,1,0.000000,native,32,32,32,0,implicit-sign,floating-add,online-r4-t256,64,46,4096,5,40,0.625,384,0.96,0.96,register,1572864,0.25,0,Tesla V100-SXM2-16GB,7.0,fwht,fp32,forward,none,out-of-place,0,,,,0.000000,,online-reorder,radix4,four-mul,table,direct-strided,,2,8x7,0x0,8x8,table,direct-strided,global-scratch,2,0x0,8x8,shared,linear,scalar,0,named-barrier,256,0,0,8,8,0,0,8,1,0,0,15,32768,6,1,32768,1000,100,0.199360,0.020500,0.212608,292676.057812,71.928068,9590409062.391516,0.000000,-1,,,,,,,,,,,,
fft-bf16-fp32-log18-online-r4-t256-b1,fft-bf16-fp32-log18-b1,full,butterfly,cuButterfly-online-r4-t256,0,4,1,1,0.009642,fp32,16,32,32,0,per-stage-twiddle,floating-complex,online-r4-t256,256,50,4096,4,32,0.5,256,0.8,0.8,register,2097152,0.3333333333333333,0,Tesla V100-SXM2-16GB,7.0,fft,bf16,forward,none,out-of-place,0,,,,0.000000,,online-reorder,radix4,four-mul,table,direct-strided,,2,9x9,0x0,8x8,table,direct-strided,global-scratch,2,0x0,8x8,shared,linear,scalar,0,named-barrier,256,0,0,8,8,0,0,9,1,0,0,18,262144,1,1,262144,1000,100,0.332512,0.046940,0.246368,21303.719889,50.261781,5584642346.571296,0.000000,-1,,,,,,,,,,,,
structured-2x2-fp32-log15-hier-r4-t256-b13,structured-2x2-fp32-log15-b13,full,butterfly,cuButterfly-hier-r4-t256,0,3,13,1,0.000000,native,32,32,32,0,broadcast,floating-fma,hier-r4-t256,64,44,4096,5,40,0.625,832,2.08,1.0,register,3407872,0.5416666666666666,0,Tesla V100-SXM2-16GB,7.0,structured-2x2,fp32,forward,none,out-of-place,0,,,,0.000000,,hierarchical,radix4,four-mul,table,direct-strided,0.92387949999999996:-0.38268340000000001:0.38268340000000001:0.92387949999999996,1,15,,,,,,0,,,shared,linear,scalar,0,named-barrier,256,0,0,8,8,0,0,8,0,0,0,15,32768,13,1,32768,1000,100,0.378784,0.030126,0.369696,431519.800646,106.050306,14140040827.557825,0.000000,-1,,,,,,,,,,,,
structured-2x2-bf16-fp32-log20-hier-r4-t256-b1,structured-2x2-bf16-fp32-log20-b1,full,butterfly,cuButterfly-hier-r4-t256,0,4,1,1,0.037610,fp32,16,32,32,0,broadcast,floating-fma,hier-r4-t256,512,44,2048,5,40,0.625,512,1.28,1.0,register,4194304,0.6666666666666666,0,Tesla V100-SXM2-16GB,7.0,structured-2x2,bf16,forward,none,out-of-place,0,,,,0.000000,,hierarchical,radix4,four-mul,table,direct-strided,0.92387949999999996:-0.38268340000000001:0.38268340000000001:0.92387949999999996,1,20,,,,,,0,,,shared,linear,scalar,0,named-barrier,256,0,0,8,8,0,0,10,0,0,0,20,1048576,1,1,1048576,1000,100,0.427872,0.091126,0.453664,10973.845797,115.069113,11506911330.554968,0.000000,-1,,,,,,,,,,,,
structured-2x2-fp16-fp32-log18-online-r4-t256-b1,structured-2x2-fp16-fp32-log18-b1,full,butterfly,cuButterfly-online-r4-t256,0,5,1,1,0.001906,fp32,16,32,32,0,broadcast,floating-fma,online-r4-t256,256,46,2048,5,40,0.625,256,0.64,0.64,register,1048576,0.16666666666666666,0,Tesla V100-SXM2-16GB,7.0,structured-2x2,fp16,forward,none,out-of-place,0,,,,0.000000,,online-reorder,radix4,four-mul,table,direct-strided,0.92387949999999996:-0.38268340000000001:0.38268340000000001:0.92387949999999996,2,9x9,0x0,8x8,table,direct-strided,global-scratch,2,0x0,8x8,shared,linear,scalar,0,named-barrier,256,0,0,8,8,0,0,9,1,0,0,18,262144,1,1,262144,1000,100,0.126368,0.029379,0.136544,34038.428672,80.306729,8922969845.816900,0.000000,-1,,,,,,,,,,,,
fwht-bf16-native-log20-hier-r4-t256-b1,fwht-bf16-native-log20-b1,full,butterfly,cuButterfly-hier-r4-t256,0,5,1,1,0.008012,native,16,32,16,1,implicit-sign,floating-add,hier-r4-t256,512,44,2048,5,40,0.625,512,1.28,1.0,register,4194304,0.6666666666666666,0,Tesla V100-SXM2-16GB,7.0,fwht,bf16,forward,none,out-of-place,0,,,,0.000000,,hierarchical,radix4,four-mul,table,direct-strided,,1,20,,,,,,0,,,shared,linear,scalar,0,named-barrier,256,0,0,8,8,0,0,10,0,0,0,20,1048576,1,1,1048576,1000,100,0.428960,0.083773,0.427360,11936.957355,125.168070,12516806995.318432,0.000000,-1,,,,,,,,,,,,
fwht-fp16-fp32-log8-temporal-r2-t128-b961,fwht-fp16-fp32-log8-b961,full,butterfly,cuButterfly-temporal-r2-t128,0,5,961,1,0.000572,fp32,16,32,32,0,implicit-sign,floating-add,temporal-r2-t128,1,30,512,16,64,1.0,961,0.75078125,0.75078125,register+thread+warp,984064,0.15641276041666666,0,Tesla V100-SXM2-16GB,7.0,fwht,fp16,forward,none,out-of-place,0,,,,0.000000,,temporal-tile,radix2,four-mul,table,direct-strided,,1,8,,,,,,0,,,shared,linear,scalar,0,named-barrier,128,0,0,8,8,0,0,0,0,0,0,8,256,961,1,256,1000,100,0.145376,0.004864,0.145344,197574003.017033,202.315779,50578944772.360474,0.000000,-1,,,,,,,,,,,,
fwht-fp32-log15-hier-r4-t256-b9,fwht-fp32-log15-b9,full,butterfly,cuButterfly-hier-r4-t256,0,3,9,1,0.000000,native,32,32,32,0,implicit-sign,floating-add,hier-r4-t256,64,44,4096,5,40,0.625,576,1.44,1.0,register,2359296,0.375,0,Tesla V100-SXM2-16GB,7.0,fwht,fp32,forward,none,out-of-place,0,,,,0.000000,,hierarchical,radix4,four-mul,table,direct-strided,,1,15,,,,,,0,,,shared,linear,scalar,0,named-barrier,256,0,0,8,8,0,0,8,0,0,0,15,32768,9,1,32768,1000,100,0.286656,0.024812,0.294048,362734.712532,89.145683,11886091060.252613,0.000000,-1,,,,,,,,,,,,
structured-2x2-bf16-fp32-log20-online-r2-t256-b1,structured-2x2-bf16-fp32-log20-b1,full,butterfly,cuButterfly-online-r2-t256,0,2,1,1,0.037610,fp32,16,32,32,0,broadcast,floating-fma,online-r2-t256,512,36,1024,6,48,0.75,512,1.0666666666666667,1.0,register,4194304,0.6666666666666666,0,Tesla V100-SXM2-16GB,7.0,structured-2x2,bf16,forward,none,out-of-place,0,,,,0.000000,,online-reorder,radix2,four-mul,table,direct-strided,0.92387949999999996:-0.38268340000000001:0.38268340000000001:0.92387949999999996,2,10x10,0x0,8x8,table,direct-strided,global-scratch,2,0x0,8x8,shared,linear,scalar,0,named-barrier,256,0,0,8,8,0,0,10,1,0,0,20,1048576,1,1,1048576,1000,100,0.427680,0.118088,0.424640,8468.283967,88.796393,8879639328.742304,0.000000,-1,,,,,,,,,,,,
fwht-fp32-log15-online-r4-t256-b8,fwht-fp32-log15-b8,full,butterfly,cuButterfly-online-r4-t256,0,5,8,1,0.000000,native,32,32,32,0,implicit-sign,floating-add,online-r4-t256,64,46,4096,5,40,0.625,512,1.28,1.0,register,2097152,0.3333333333333333,0,Tesla V100-SXM2-16GB,7.0,fwht,fp32,forward,none,out-of-place,0,,,,0.000000,,online-reorder,radix4,four-mul,table,direct-strided,,2,8x7,0x0,8x8,table,direct-strided,global-scratch,2,0x0,8x8,shared,linear,scalar,0,named-barrier,256,0,0,8,8,0,0,8,1,0,0,15,32768,8,1,32768,1000,100,0.276096,0.025221,0.282208,317194.494584,77.953719,10393829198.535208,0.000000,-1,,,,,,,,,,,,
fwht-bf16-native-log20-online-r2-t256-b1,fwht-bf16-native-log20-b1,full,butterfly,cuButterfly-online-r2-t256,0,2,1,1,0.008012,native,16,32,16,1,implicit-sign,floating-add,online-r2-t256,512,36,1024,6,48,0.75,512,1.0666666666666667,1.0,register,4194304,0.6666666666666666,0,Tesla V100-SXM2-16GB,7.0,fwht,bf16,forward,none,out-of-place,0,,,,0.000000,,online-reorder,radix2,four-mul,table,direct-strided,,2,10x10,0x0,8x8,table,direct-strided,global-scratch,2,0x0,8x8,shared,linear,scalar,0,named-barrier,256,0,0,8,8,0,0,10,1,0,0,20,1048576,1,1,1048576,1000,100,0.429952,0.107254,0.456640,9323.682443,97.765896,9776589641.501606,0.000000,-1,,,,,,,,,,,,
fwht-fp16-native-log18-online-r4-t256-b1,fwht-fp16-native-log18-b1,full,butterfly,cuButterfly-online-r4-t256,0,1,1,1,0.000950,native,16,16,16,0,implicit-sign,floating-add,online-r4-t256,256,46,2048,5,40,0.625,256,0.64,0.64,register,1048576,0.16666666666666666,0,Tesla V100-SXM2-16GB,7.0,fwht,fp16,forward,none,out-of-place,0,,,,0.000000,,online-reorder,radix4,four-mul,table,direct-strided,,2,9x9,0x0,8x8,table,direct-strided,global-scratch,2,0x0,8x8,shared,linear,scalar,0,named-barrier,256,0,0,8,8,0,0,9,1,0,0,18,262144,1,1,262144,1000,100,0.129184,0.026143,0.146432,38251.563864,90.246762,10027417957.586985,0.000000,-1,,,,,,,,,,,,
structured-2x2-fp16-fp32-log15-hier-r4-t256-b6,structured-2x2-fp16-fp32-log15-b6,full,butterfly,cuButterfly-hier-r4-t256,0,5,6,1,0.001612,fp32,16,32,32,0,broadcast,floating-fma,hier-r4-t256,64,44,2048,5,40,0.625,384,0.96,0.96,register,786432,0.125,0,Tesla V100-SXM2-16GB,7.0,structured-2x2,fp16,forward,none,out-of-place,0,,,,0.000000,,hierarchical,radix4,four-mul,table,direct-strided,0.92387949999999996:-0.38268340000000001:0.38268340000000001:0.92387949999999996,1,15,,,,,,0,,,shared,linear,scalar,0,named-barrier,256,0,0,8,8,0,0,8,0,0,0,15,32768,6,1,32768,1000,100,0.093472,0.023337,0.112384,257102.916497,63.185613,8424748367.777818,0.000000,-1,,,,,,,,,,,,
structured-2x2-bf16-native-log18-online-r4-t256-b1,structured-2x2-bf16-native-log18-b1,full,butterfly,cuButterfly-online-r4-t256,0,2,1,1,0.034586,native,16,32,16,1,broadcast,floating-fma,online-r4-t256,256,46,2048,5,40,0.625,256,0.64,0.64,register,1048576,0.16666666666666666,0,Tesla V100-SXM2-16GB,7.0,structured-2x2,bf16,forward,none,out-of-place,0,,,,0.000000,,online-reorder,radix4,four-mul,table,direct-strided,0.92387949999999996:-0.38268340000000001:0.38268340000000001:0.92387949999999996,2,9x9,0x0,8x8,table,direct-strided,global-scratch,2,0x0,8x8,shared,linear,scalar,0,named-barrier,256,0,0,8,8,0,0,9,1,0,0,18,262144,1,1,262144,1000,100,0.126496,0.042496,0.147456,23531.626791,55.518073,6168674773.515128,0.000000,-1,,,,,,,,,,,,
structured-2x2-bf16-native-log18-online-r4-t256-b1,structured-2x2-bf16-native-log18-b1,full,butterfly,cuButterfly-online-r4-t256,0,3,1,1,0.034586,native,16,32,16,1,broadcast,floating-fma,online-r4-t256,256,46,2048,5,40,0.625,256,0.64,0.64,register,1048576,0.16666666666666666,0,Tesla V100-SXM2-16GB,7.0,structured-2x2,bf16,forward,none,out-of-place,0,,,,0.000000,,online-reorder,radix4,four-mul,table,direct-strided,0.92387949999999996:-0.38268340000000001:0.38268340000000001:0.92387949999999996,2,9x9,0x0,8x8,table,direct-strided,global-scratch,2,0x0,8x8,shared,linear,scalar,0,named-barrier,256,0,0,8,8,0,0,9,1,0,0,18,262144,1,1,262144,1000,100,0.126848,0.042435,0.146176,23565.698353,55.598458,6177606429.115068,0.000000,-1,,,,,,,,,,,,
ntt-uint64-ntt-log15-ntt-hybrid-r2-t256-b240,ntt-uint64-ntt-log15-b240,full,ntt,cuButterfly-ntt-hybrid-r2-t256,0,2,240,1,,native,64,64,64,0,per-stage-root,modular-multiply-reduce,ntt-hybrid-r2-t256,1,52,4096,4,32,0.5,240,0.75,0.75,register,125829120,20.0,0,Tesla V100-SXM2-16GB,7.0,ntt,uint64,forward,,,0,,,,0.000000,,hybrid2d,radix2,,fused,,,,,,,,,,,,,,,,0,named-barrier,,,,,,,,,,,,15,32768,240,1,32768,1000,100,10.167808,0.514703,9.507008,,,,,-1,natural,64,1152921504606748673,60,7,4,256,0,466287.969483,11887.356261,15279324184.030876,shoup
structured-2x2-fp32-log15-hier-r4-t256-b7,structured-2x2-fp32-log15-b7,full,butterfly,cuButterfly-hier-r4-t256,0,4,7,1,0.000000,native,32,32,32,0,broadcast,floating-fma,hier-r4-t256,64,44,4096,5,40,0.625,448,1.12,1.0,register,1835008,0.2916666666666667,0,Tesla V100-SXM2-16GB,7.0,structured-2x2,fp32,forward,none,out-of-place,0,,,,0.000000,,hierarchical,radix4,four-mul,table,direct-strided,0.92387949999999996:-0.38268340000000001:0.38268340000000001:0.92387949999999996,1,15,,,,,,0,,,shared,linear,scalar,0,named-barrier,256,0,0,8,8,0,0,8,0,0,0,15,32768,7,1,32768,1000,100,0.217696,0.025272,0.234272,276982.890812,68.071315,9076175366.129635,0.000000,-1,,,,,,,,,,,,
structured-2x2-fp32-log15-online-r4-t256-b9,structured-2x2-fp32-log15-b9,full,butterfly,cuButterfly-online-r4-t256,0,1,9,1,0.000000,native,32,32,32,0,broadcast,floating-fma,online-r4-t256,64,46,4096,5,40,0.625,576,1.44,1.0,register,2359296,0.375,0,Tesla V100-SXM2-16GB,7.0,structured-2x2,fp32,forward,none,out-of-place,0,,,,0.000000,,online-reorder,radix4,four-mul,table,direct-strided,0.92387949999999996:-0.38268340000000001:0.38268340000000001:0.92387949999999996,2,8x7,0x0,8x8,table,direct-strided,global-scratch,2,0x0,8x8,shared,linear,scalar,0,named-barrier,256,0,0,8,8,0,0,8,1,0,0,15,32768,9,1,32768,1000,100,0.283680,0.030966,0.277408,290643.597903,71.428571,9523809416.093821,0.000000,-1,,,,,,,,,,,,
structured-2x2-fp16-native-log20-hier-r4-t256-b1,structured-2x2-fp16-native-log20-b1,full,butterfly,cuButterfly-hier-r4-t256,0,5,1,1,0.002199,native,16,16,16,0,broadcast,floating-fma,hier-r4-t256,512,44,2048,5,40,0.625,512,1.28,1.0,register,4194304,0.6666666666666666,0,Tesla V100-SXM2-16GB,7.0,structured-2x2,fp16,forward,none,out-of-place,0,,,,0.000000,,hierarchical,radix4,four-mul,table,direct-strided,0.92387949999999996:-0.38268340000000001:0.38268340000000001:0.92387949999999996,1,20,,,,,,0,,,shared,linear,scalar,0,named-barrier,256,0,0,8,8,0,0,10,0,0,0,20,1048576,1,1,1048576,1000,100,0.429824,0.068014,0.466304,14702.838467,154.170435,15417043548.429213,0.000000,-1,,,,,,,,,,,,
subset-zeta-uint32-zeta-log8-temporal-r4-t128-b1920,subset-zeta-uint32-zeta-log8-b1920,full,butterfly,cuButterfly-temporal-r4-t128,0,2,1920,1,0.000000,native,32,32,32,0,implicit-unit,integer-add,temporal-r4-t128,1,38,1024,12,48,0.75,1920,2.0,1.0,register,3932160,0.625,0,Tesla V100-SXM2-16GB,7.0,subset-zeta,uint32,forward,none,out-of-place,0,,,,0.000000,,temporal-tile,radix4,four-mul,table,direct-strided,,1,8,,,,,,0,,,shared,linear,scalar,0,named-barrier,128,0,0,8,8,0,0,0,0,0,0,8,256,1920,1,256,1000,100,0.416800,0.006124,0.390304,313545152.127818,321.070236,80267558944.721512,0.000000,-1,,,,,,,,,,,,
fwht-bf16-native-log15-online-r2-t256-b7,fwht-bf16-native-log15-b7,full,butterfly,cuButterfly-online-r2-t256,0,4,7,1,0.006966,native,16,32,16,1,implicit-sign,floating-add,online-r2-t256,64,36,1024,6,48,0.75,448,0.9333333333333333,0.9333333333333333,register,917504,0.14583333333333334,0,Tesla V100-SXM2-16GB,7.0,fwht,bf16,forward,none,out-of-place,0,,,,0.000000,,online-reorder,radix2,four-mul,table,direct-strided,,2,8x7,0x0,8x8,table,direct-strided,global-scratch,2,0x0,8x8,shared,linear,scalar,0,named-barrier,256,0,0,8,8,0,0,8,1,0,0,15,32768,7,1,32768,1000,100,0.113280,0.027105,0.126496,258252.273702,63.468079,8462410504.682094,0.000000,-1,,,,,,,,,,,,
ntt-uint64-ntt-log15-ntt-hybrid-r2-t256-b241,ntt-uint64-ntt-log15-b241,full,ntt,cuButterfly-ntt-hybrid-r2-t256,0,5,241,1,,native,64,64,64,0,per-stage-root,modular-multiply-reduce,ntt-hybrid-r2-t256,1,52,4096,4,32,0.5,241,0.753125,0.753125,register,126353408,20.083333333333332,0,Tesla V100-SXM2-16GB,7.0,ntt,uint64,forward,,,0,,,,0.000000,,hybrid2d,radix2,,fused,,,,,,,,,,,,,,,,0,named-barrier,,,,,,,,,,,,15,32768,241,1,32768,1000,100,10.234496,0.517980,9.514656,,,,,-1,natural,64,1152921504606748673,60,7,4,256,0,465268.787085,11891.174140,15245927615.211735,shoup
structured-2x2-fp16-fp32-log15-online-r4-t256-b6,structured-2x2-fp16-fp32-log15-b6,full,butterfly,cuButterfly-online-r4-t256,0,3,6,1,0.001612,fp32,16,32,32,0,broadcast,floating-fma,online-r4-t256,64,46,2048,5,40,0.625,384,0.96,0.96,register,786432,0.125,0,Tesla V100-SXM2-16GB,7.0,structured-2x2,fp16,forward,none,out-of-place,0,,,,0.000000,,online-reorder,radix4,four-mul,table,direct-strided,0.92387949999999996:-0.38268340000000001:0.38268340000000001:0.92387949999999996,2,8x7,0x0,8x8,table,direct-strided,global-scratch,2,0x0,8x8,shared,linear,scalar,0,named-barrier,256,0,0,8,8,0,0,8,1,0,0,15,32768,6,1,32768,1000,100,0.093888,0.024310,0.109152,246814.448599,60.657119,8087615851.695511,0.000000,-1,,,,,,,,,,,,
structured-2x2-fp16-fp32-log20-hier-r4-t256-b1,structured-2x2-fp16-fp32-log20-b1,full,butterfly,cuButterfly-hier-r4-t256,0,5,1,1,0.002086,fp32,16,32,32,0,broadcast,floating-fma,hier-r4-t256,512,44,2048,5,40,0.625,512,1.28,1.0,register,4194304,0.6666666666666666,0,Tesla V100-SXM2-16GB,7.0,structured-2x2,fp16,forward,none,out-of-place,0,,,,0.000000,,hierarchical,radix4,four-mul,table,direct-strided,0.92387949999999996:-0.38268340000000001:0.38268340000000001:0.92387949999999996,1,20,,,,,,0,,,shared,linear,scalar,0,named-barrier,256,0,0,8,8,0,0,10,0,0,0,20,1048576,1,1,1048576,1000,100,0.432608,0.070523,0.428704,14179.794855,148.685926,14868592570.296450,0.000000,-1,,,,,,,,,,,,
fwht-bf16-native-log20-hier-r4-t256-b1,fwht-bf16-native-log20-b1,full,butterfly,cuButterfly-hier-r4-t256,0,3,1,1,0.008012,native,16,32,16,1,implicit-sign,floating-add,hier-r4-t256,512,44,2048,5,40,0.625,512,1.28,1.0,register,4194304,0.6666666666666666,0,Tesla V100-SXM2-16GB,7.0,fwht,bf16,forward,none,out-of-place,0,,,,0.000000,,hierarchical,radix4,four-mul,table,direct-strided,,1,20,,,,,,0,,,shared,linear,scalar,0,named-barrier,256,0,0,8,8,0,0,10,0,0,0,20,1048576,1,1,1048576,1000,100,0.417088,0.084019,0.427872,11902.040522,124.801940,12480194042.842573,0.000000,-1,,,,,,,,,,,,
fft-bf16-fp32-log20-online-r4-t256-b1,fft-bf16-fp32-log20-b1,full,butterfly,cuButterfly-online-r4-t256,0,3,1,1,0.010209,fp32,16,32,32,0,per-stage-twiddle,floating-complex,online-r4-t256,512,50,4096,4,32,0.5,512,1.6,1.0,register,8388608,1.3333333333333333,0,Tesla V100-SXM2-16GB,7.0,fft,bf16,forward,none,out-of-place,0,,,,0.000000,,online-reorder,radix4,four-mul,table,direct-strided,,2,10x10,0x0,8x8,table,direct-strided,global-scratch,2,0x0,8x8,shared,linear,scalar,0,named-barrier,256,0,0,8,8,0,0,10,1,0,0,20,1048576,1,1,1048576,1000,100,0.746784,0.161382,0.744512,6196.462297,64.974616,6497461649.118252,0.000000,-1,,,,,,,,,,,,
structured-2x2-bf16-native-log15-hier-r4-t256-b8,structured-2x2-bf16-native-log15-b8,full,butterfly,cuButterfly-hier-r4-t256,0,5,8,1,0.029309,native,16,32,16,1,broadcast,floating-fma,hier-r4-t256,64,44,2048,5,40,0.625,512,1.28,1.0,register,1048576,0.16666666666666666,0,Tesla V100-SXM2-16GB,7.0,structured-2x2,bf16,forward,none,out-of-place,0,,,,0.000000,,hierarchical,radix4,four-mul,table,direct-strided,0.92387949999999996:-0.38268340000000001:0.38268340000000001:0.92387949999999996,1,15,,,,,,0,,,shared,linear,scalar,0,named-barrier,256,0,0,8,8,0,0,8,0,0,0,15,32768,8,1,32768,1000,100,0.128896,0.043305,0.143200,184736.355170,45.400807,6053440886.209970,0.000000,-1,,,,,,,,,,,,
ntt-uint32-ntt-log15-ntt-hybrid-r2-t256-b321,ntt-uint32-ntt-log15-b321,full,ntt,cuButterfly-ntt-hybrid-r2-t256,0,3,321,1,,native,32,32,32,0,per-stage-root,modular-multiply-reduce,ntt-hybrid-r2-t256,1,50,2048,4,32,0.5,321,1.003125,1.0,register,84148224,13.375,0,Tesla V100-SXM2-16GB,7.0,ntt,uint32,forward,,,0,,,,0.000000,,hybrid2d,radix2,,fused,,,,,,,,,,,,,,,,0,named-barrier,,,,,,,,,,,,15,32768,321,1,32768,1000,100,6.892608,0.430797,6.383680,,,,,-1,natural,32,1073643521,30,7,4,256,0,745130.879517,23418.546239,24416448660.005970,shoup
fft-fp64-log20-online-r4-t256-b1,fft-fp64-log20-b1,full,butterfly,cuButterfly-online-r4-t256,0,2,1,1,0.000000,native,64,64,64,0,per-stage-twiddle,floating-complex,online-r4-t256,512,58,16384,4,32,0.5,512,1.6,1.0,register,33554432,5.333333333333333,0,Tesla V100-SXM2-16GB,7.0,fft,fp64,forward,none,out-of-place,0,,,,0.000000,,online-reorder,radix4,four-mul,table,direct-strided,,2,10x10,0x0,8x8,table,direct-strided,global-scratch,2,0x0,8x8,shared,linear,scalar,0,named-barrier,256,0,0,8,8,0,0,10,1,0,0,20,1048576,1,1,1048576,1000,100,2.759776,0.278753,2.593888,3587.401726,37.616634,3761663351.885431,0.000000,-1,,,,,,,,,,,,
fft-bf16-fp32-log8-temporal-r4-t128-b1279,fft-bf16-fp32-log8-b1279,full,butterfly,cuButterfly-temporal-r4-t128,0,3,1279,1,0.006154,fp32,16,32,32,0,per-stage-twiddle,floating-complex,temporal-r4-t128,1,42,1024,10,40,0.625,1279,1.59875,1.0,register,2619392,0.4163411458333333,0,Tesla V100-SXM2-16GB,7.0,fft,bf16,forward,none,out-of-place,0,,,,0.000000,,temporal-tile,radix4,four-mul,table,direct-strided,,1,8,,,,,,0,,,shared,linear,scalar,0,named-barrier,128,0,0,8,8,0,0,0,0,0,0,8,256,1279,1,256,1000,100,0.320864,0.018196,0.259360,70288318.152193,71.975238,17993809446.961514,0.000000,-1,,,,,,,,,,,,
fft-bf16-fp32-log18-online-r2-t256-b1,fft-bf16-fp32-log18-b1,full,butterfly,cuButterfly-online-r2-t256,0,3,1,1,0.009642,fp32,16,32,32,0,per-stage-twiddle,floating-complex,online-r2-t256,256,38,2048,6,48,0.75,256,0.5333333333333333,0.5333333333333333,register,2097152,0.3333333333333333,0,Tesla V100-SXM2-16GB,7.0,fft,bf16,forward,none,out-of-place,0,,,,0.000000,,online-reorder,radix2,four-mul,table,direct-strided,,2,9x9,0x0,8x8,table,direct-strided,global-scratch,2,0x0,8x8,shared,linear,scalar,0,named-barrier,256,0,0,8,8,0,0,9,1,0,0,18,262144,1,1,262144,1000,100,0.335072,0.050964,0.243808,19621.509556,46.292949,5143661001.009526,0.000000,-1,,,,,,,,,,,,
structured-2x2-bf16-native-log15-online-r2-t256-b7,structured-2x2-bf16-native-log15-b7,full,butterfly,cuButterfly-online-r2-t256,0,1,7,1,0.029309,native,16,32,16,1,broadcast,floating-fma,online-r2-t256,64,36,1024,6,48,0.75,448,0.9333333333333333,0.9333333333333333,register,917504,0.14583333333333334,0,Tesla V100-SXM2-16GB,7.0,structured-2x2,bf16,forward,none,out-of-place,0,,,,0.000000,,online-reorder,radix2,four-mul,table,direct-strided,0.92387949999999996:-0.38268340000000001:0.38268340000000001:0.92387949999999996,2,8x7,0x0,8x8,table,direct-strided,global-scratch,2,0x0,8x8,shared,linear,scalar,0,named-barrier,256,0,0,8,8,0,0,8,1,0,0,15,32768,7,1,32768,1000,100,0.109344,0.037509,0.128480,186621.275392,45.864045,6115205952.048600,0.000000,-1,,,,,,,,,,,,
fwht-bf16-native-log18-hier-r4-t256-b1,fwht-bf16-native-log18-b1,full,butterfly,cuButterfly-hier-r4-t256,0,4,1,1,0.007600,native,16,32,16,1,implicit-sign,floating-add,hier-r4-t256,256,44,2048,5,40,0.625,256,0.64,0.64,register,1048576,0.16666666666666666,0,Tesla V100-SXM2-16GB,7.0,fwht,bf16,forward,none,out-of-place,0,,,,0.000000,,hierarchical,radix4,four-mul,table,direct-strided,,1,18,,,,,,0,,,shared,linear,scalar,0,named-barrier,256,0,0,8,8,0,0,9,0,0,0,18,262144,1,1,262144,1000,100,0.122144,0.034580,0.134304,28918.048307,68.226236,7580692855.337610,0.000000,-1,,,,,,,,,,,,
fwht-fp16-native-log20-online-r4-t256-b1,fwht-fp16-native-log20-b1,full,butterfly,cuButterfly-online-r4-t256,0,5,1,1,0.001000,native,16,16,16,0,implicit-sign,floating-add,online-r4-t256,512,46,2048,5,40,0.625,512,1.28,1.0,register,4194304,0.6666666666666666,0,Tesla V100-SXM2-16GB,7.0,fwht,fp16,forward,none,out-of-place,0,,,,0.000000,,online-reorder,radix4,four-mul,table,direct-strided,,2,10x10,0x0,8x8,table,direct-strided,global-scratch,2,0x0,8x8,shared,linear,scalar,0,named-barrier,256,0,0,8,8,0,0,10,1,0,0,20,1048576,1,1,1048576,1000,100,0.432992,0.086641,0.407104,11541.927522,121.025882,12102588193.817543,0.000000,-1,,,,,,,,,,,,
fwht-fp32-log15-hier-r4-t256-b13,fwht-fp32-log15-b13,full,butterfly,cuButterfly-hier-r4-t256,0,3,13,1,0.000000,native,32,32,32,0,implicit-sign,floating-add,hier-r4-t256,64,44,4096,5,40,0.625,832,2.08,1.0,register,3407872,0.5416666666666666,0,Tesla V100-SXM2-16GB,7.0,fwht,fp32,forward,none,out-of-place,0,,,,0.000000,,hierarchical,radix4,four-mul,table,direct-strided,,1,15,,,,,,0,,,shared,linear,scalar,0,named-barrier,256,0,0,8,8,0,0,8,0,0,0,15,32768,13,1,32768,1000,100,0.380960,0.028877,0.313216,450188.385121,110.638298,14751773003.630627,0.000000,-1,,,,,,,,,,,,
structured-2x2-fp32-log8-temporal-r2-t128-b959,structured-2x2-fp32-log8-b959,full,butterfly,cuButterfly-temporal-r2-t128,0,3,959,1,0.000000,native,32,32,32,0,broadcast,floating-fma,temporal-r2-t128,1,30,1024,16,64,1.0,959,0.74921875,0.74921875,register+thread+warp,1964032,0.3121744791666667,0,Tesla V100-SXM2-16GB,7.0,structured-2x2,fp32,forward,none,out-of-place,0,,,,0.000000,,temporal-tile,radix2,four-mul,table,direct-strided,0.92387949999999996:-0.38268340000000001:0.38268340000000001:0.92387949999999996,1,8,,,,,,0,,,shared,linear,scalar,0,named-barrier,128,0,0,8,8,0,0,0,0,0,0,8,256,959,1,256,1000,100,0.236480,0.005868,0.229856,163442138.988094,167.364750,41841187580.952133,0.000000,-1,,,,,,,,,,,,
fft-fp16-native-log20-hier-r4-t256-b1,fft-fp16-native-log20-b1,full,butterfly,cuButterfly-hier-r4-t256,0,1,1,1,0.001330,native,16,16,16,0,per-stage-twiddle,floating-complex,hier-r4-t256,512,48,4096,5,40,0.625,512,1.28,1.0,register,8388608,1.3333333333333333,0,Tesla V100-SXM2-16GB,7.0,fft,fp16,forward,none,out-of-place,0,,,,0.000000,,hierarchical,radix4,four-mul,table,direct-strided,,1,20,,,,,,0,,,shared,linear,scalar,0,named-barrier,256,0,0,8,8,0,0,10,0,0,0,20,1048576,1,1,1048576,1000,100,0.747040,0.127416,0.716160,7848.287726,82.295262,8229526150.895740,0.000000,-1,,,,,,,,,,,,
fft-fp64-log8-temporal-r2-t128-b960,fft-fp64-log8-b960,full,butterfly,cuButterfly-temporal-r2-t128,0,3,960,1,0.000000,native,64,64,64,0,per-stage-twiddle,floating-complex,temporal-r2-t128,1,36,4096,12,48,0.75,960,1.0,1.0,register,7864320,1.25,0,Tesla V100-SXM2-16GB,7.0,fft,fp64,forward,none,out-of-place,0,,,,0.000000,,temporal-tile,radix2,four-mul,table,direct-strided,,1,8,,,,,,0,,,shared,linear,scalar,0,named-barrier,128,0,0,8,8,0,0,0,0,0,0,8,256,960,1,256,1000,100,0.706976,0.017326,0.659936,55407803.628260,56.737591,14184397728.834681,0.000000,-1,,,,,,,,,,,,
subset-zeta-uint32-zeta-log8-temporal-r2-t128-b961,subset-zeta-uint32-zeta-log8-b961,full,butterfly,cuButterfly-temporal-r2-t128,0,2,961,1,0.000000,native,32,32,32,0,implicit-unit,integer-add,temporal-r2-t128,1,30,1024,16,64,1.0,961,0.75078125,0.75078125,register+thread+warp,1968128,0.3128255208333333,0,Tesla V100-SXM2-16GB,7.0,subset-zeta,uint32,forward,none,out-of-place,0,,,,0.000000,,temporal-tile,radix2,four-mul,table,direct-strided,,1,8,,,,,,0,,,shared,linear,scalar,0,named-barrier,128,0,0,8,8,0,0,0,0,0,0,8,256,961,1,256,1000,100,0.262976,0.004751,0.238080,202257877.981094,207.112067,51778016763.160133,0.000000,-1,,,,,,,,,,,,
fwht-fp32-log15-hier-r4-t256-b8,fwht-fp32-log15-b8,full,butterfly,cuButterfly-hier-r4-t256,0,5,8,1,0.000000,native,32,32,32,0,implicit-sign,floating-add,hier-r4-t256,64,44,4096,5,40,0.625,512,1.28,1.0,register,2097152,0.3333333333333333,0,Tesla V100-SXM2-16GB,7.0,fwht,fp32,forward,none,out-of-place,0,,,,0.000000,,hierarchical,radix4,four-mul,table,direct-strided,,1,15,,,,,,0,,,shared,linear,scalar,0,named-barrier,256,0,0,8,8,0,0,8,0,0,0,15,32768,8,1,32768,1000,100,0.260352,0.023972,0.296960,333724.919527,82.016236,10935498163.048126,0.000000,-1,,,,,,,,,,,,
fwht-bf16-native-log15-online-r2-t256-b8,fwht-bf16-native-log15-b8,full,butterfly,cuButterfly-online-r2-t256,0,1,8,1,0.006966,native,16,32,16,1,implicit-sign,floating-add,online-r2-t256,64,36,1024,6,48,0.75,512,1.0666666666666667,1.0,register,1048576,0.16666666666666666,0,Tesla V100-SXM2-16GB,7.0,fwht,bf16,forward,none,out-of-place,0,,,,0.000000,,online-reorder,radix2,four-mul,table,direct-strided,,2,8x7,0x0,8x8,table,direct-strided,global-scratch,2,0x0,8x8,shared,linear,scalar,0,named-barrier,256,0,0,8,8,0,0,8,1,0,0,15,32768,8,1,32768,1000,100,0.122816,0.027996,0.144000,285753.473844,70.226774,9363569830.918348,0.000000,-1,,,,,,,,,,,,
fwht-fp16-fp32-log18-online-r4-t256-b1,fwht-fp16-fp32-log18-b1,full,butterfly,cuButterfly-online-r4-t256,0,5,1,1,0.000950,fp32,16,32,32,0,implicit-sign,floating-add,online-r4-t256,256,46,2048,5,40,0.625,256,0.64,0.64,register,1048576,0.16666666666666666,0,Tesla V100-SXM2-16GB,7.0,fwht,fp16,forward,none,out-of-place,0,,,,0.000000,,online-reorder,radix4,four-mul,table,direct-strided,,2,9x9,0x0,8x8,table,direct-strided,global-scratch,2,0x0,8x8,shared,linear,scalar,0,named-barrier,256,0,0,8,8,0,0,9,1,0,0,18,262144,1,1,262144,1000,100,0.123136,0.026706,0.135552,37444.880159,88.343556,9815950664.330624,0.000000,-1,,,,,,,,,,,,
subset-zeta-uint32-zeta-log8-temporal-r2-t128-b1280,subset-zeta-uint32-zeta-log8-b1280,full,butterfly,cuButterfly-temporal-r2-t128,0,2,1280,1,0.000000,native,32,32,32,0,implicit-unit,integer-add,temporal-r2-t128,1,30,1024,16,64,1.0,1280,1.0,1.0,register+thread+warp,2621440,0.4166666666666667,0,Tesla V100-SXM2-16GB,7.0,subset-zeta,uint32,forward,none,out-of-place,0,,,,0.000000,,temporal-tile,radix2,four-mul,table,direct-strided,,1,8,,,,,,0,,,shared,linear,scalar,0,named-barrier,128,0,0,8,8,0,0,0,0,0,0,8,256,1280,1,256,1000,100,0.293504,0.005253,0.264704,243664723.850010,249.512677,62378169305.602554,0.000000,-1,,,,,,,,,,,,
fft-bf16-fp32-log8-temporal-r2-t128-b1280,fft-bf16-fp32-log8-b1280,full,butterfly,cuButterfly-temporal-r2-t128,0,3,1280,1,0.006154,fp32,16,32,32,0,per-stage-twiddle,floating-complex,temporal-r2-t128,1,32,1024,16,64,1.0,1280,1.0,1.0,register+thread+warp,2621440,0.4166666666666667,0,Tesla V100-SXM2-16GB,7.0,fft,bf16,forward,none,out-of-place,0,,,,0.000000,,temporal-tile,radix2,four-mul,table,direct-strided,,1,8,,,,,,0,,,shared,linear,scalar,0,named-barrier,128,0,0,8,8,0,0,0,0,0,0,8,256,1280,1,256,1000,100,0.309408,0.017326,0.279648,73877071.504347,75.650121,18912530305.112907,0.000000,-1,,,,,,,,,,,,
ntt-uint64-ntt-log15-ntt-hybrid-r2-t256-b241,ntt-uint64-ntt-log15-b241,full,ntt,cuButterfly-ntt-hybrid-r2-t256,0,1,241,1,,native,64,64,64,0,per-stage-root,modular-multiply-reduce,ntt-hybrid-r2-t256,1,52,4096,4,32,0.5,241,0.753125,0.753125,register,126353408,20.083333333333332,0,Tesla V100-SXM2-16GB,7.0,ntt,uint64,forward,,,0,,,,0.000000,,hybrid2d,radix2,,fused,,,,,,,,,,,,,,,,0,named-barrier,,,,,,,,,,,,15,32768,241,1,32768,1000,100,10.217632,0.516629,9.512576,,,,,-1,natural,64,1152921504606748673,60,7,4,256,0,466486.069250,11903.093860,15285815517.189789,shoup
structured-2x2-bf16-native-log15-hier-r4-t256-b6,structured-2x2-bf16-native-log15-b6,full,butterfly,cuButterfly-hier-r4-t256,0,1,6,1,0.029309,native,16,32,16,1,broadcast,floating-fma,hier-r4-t256,64,44,2048,5,40,0.625,384,0.96,0.96,register,786432,0.125,0,Tesla V100-SXM2-16GB,7.0,structured-2x2,bf16,forward,none,out-of-place,0,,,,0.000000,,hierarchical,radix4,four-mul,table,direct-strided,0.92387949999999996:-0.38268340000000001:0.38268340000000001:0.92387949999999996,1,15,,,,,,0,,,shared,linear,scalar,0,named-barrier,256,0,0,8,8,0,0,8,0,0,0,15,32768,6,1,32768,1000,100,0.094912,0.036434,0.125088,164681.702010,40.472175,5396290011.452578,0.000000,-1,,,,,,,,,,,,
ntt-uint32-ntt-log15-ntt-hybrid-r2-t256-b319,ntt-uint32-ntt-log15-b319,full,ntt,cuButterfly-ntt-hybrid-r2-t256,0,1,319,1,,native,32,32,32,0,per-stage-root,modular-multiply-reduce,ntt-hybrid-r2-t256,1,50,2048,4,32,0.5,319,0.996875,0.996875,register,83623936,13.291666666666666,0,Tesla V100-SXM2-16GB,7.0,ntt,uint32,forward,,,0,,,,0.000000,,hybrid2d,radix2,,fused,,,,,,,,,,,,,,,,0,named-barrier,,,,,,,,,,,,15,32768,319,1,32768,1000,100,6.851008,0.426465,6.335904,,,,,-1,natural,32,1073643521,30,7,4,256,0,748009.322842,23432.833176,24510769490.876465,shoup
fwht-fp16-fp32-log18-hier-r4-t256-b1,fwht-fp16-fp32-log18-b1,full,butterfly,cuButterfly-hier-r4-t256,0,2,1,1,0.000950,fp32,16,32,32,0,implicit-sign,floating-add,hier-r4-t256,256,44,2048,5,40,0.625,256,0.64,0.64,register,1048576,0.16666666666666666,0,Tesla V100-SXM2-16GB,7.0,fwht,fp16,forward,none,out-of-place,0,,,,0.000000,,hierarchical,radix4,four-mul,table,direct-strided,,1,18,,,,,,0,,,shared,linear,scalar,0,named-barrier,256,0,0,8,8,0,0,9,0,0,0,18,262144,1,1,262144,1000,100,0.134080,0.029307,0.136320,34121.681496,80.503147,8944794074.144730,0.000000,-1,,,,,,,,,,,,
fft-bf16-fp32-log8-temporal-r4-t128-b801,fft-bf16-fp32-log8-b801,full,butterfly,cuButterfly-temporal-r4-t128,0,4,801,1,0.006154,fp32,16,32,32,0,per-stage-twiddle,floating-complex,temporal-r4-t128,1,42,1024,10,40,0.625,801,1.00125,1.0,register,1640448,0.2607421875,0,Tesla V100-SXM2-16GB,7.0,fft,bf16,forward,none,out-of-place,0,,,,0.000000,,temporal-tile,radix4,four-mul,table,direct-strided,,1,8,,,,,,0,,,shared,linear,scalar,0,named-barrier,128,0,0,8,8,0,0,0,0,0,0,8,256,801,1,256,1000,100,0.192320,0.013066,0.212928,61303019.388559,62.774292,15693572963.471031,0.000000,-1,,,,,,,,,,,,
fwht-bf16-native-log8-temporal-r4-t128-b961,fwht-bf16-native-log8-b961,full,butterfly,cuButterfly-temporal-r4-t128,0,4,961,1,0.005010,native,16,32,16,1,implicit-sign,floating-add,temporal-r4-t128,1,38,512,12,48,0.75,961,1.0010416666666666,1.0,register,984064,0.15641276041666666,0,Tesla V100-SXM2-16GB,7.0,fwht,bf16,forward,none,out-of-place,0,,,,0.000000,,temporal-tile,radix4,four-mul,table,direct-strided,,1,8,,,,,,0,,,shared,linear,scalar,0,named-barrier,128,0,0,8,8,0,0,0,0,0,0,8,256,961,1,256,1000,100,0.134432,0.006892,0.122976,139446735.723484,142.793457,35698364345.212013,0.000000,-1,,,,,,,,,,,,
structured-2x2-bf16-fp32-log18-hier-r4-t256-b1,structured-2x2-bf16-fp32-log18-b1,full,butterfly,cuButterfly-hier-r4-t256,0,1,1,1,0.033858,fp32,16,32,32,0,broadcast,floating-fma,hier-r4-t256,256,44,2048,5,40,0.625,256,0.64,0.64,register,1048576,0.16666666666666666,0,Tesla V100-SXM2-16GB,7.0,structured-2x2,bf16,forward,none,out-of-place,0,,,,0.000000,,hierarchical,radix4,four-mul,table,direct-strided,0.92387949999999996:-0.38268340000000001:0.38268340000000001:0.92387949999999996,1,18,,,,,,0,,,shared,linear,scalar,0,named-barrier,256,0,0,8,8,0,0,9,0,0,0,18,262144,1,1,262144,1000,100,0.129088,0.036291,0.138656,27555.375345,65.011287,7223476314.352164,0.000000,-1,,,,,,,,,,,,
fft-bf16-fp32-log8-temporal-r4-t128-b1279,fft-bf16-fp32-log8-b1279,full,butterfly,cuButterfly-temporal-r4-t128,0,1,1279,1,0.006154,fp32,16,32,32,0,per-stage-twiddle,floating-complex,temporal-r4-t128,1,42,1024,10,40,0.625,1279,1.59875,1.0,register,2619392,0.4163411458333333,0,Tesla V100-SXM2-16GB,7.0,fft,bf16,forward,none,out-of-place,0,,,,0.000000,,temporal-tile,radix4,four-mul,table,direct-strided,,1,8,,,,,,0,,,shared,linear,scalar,0,named-barrier,128,0,0,8,8,0,0,0,0,0,0,8,256,1279,1,256,1000,100,0.312256,0.018319,0.285184,69816846.021792,71.492450,17873112581.578773,0.000000,-1,,,,,,,,,,,,
fwht-fp16-native-log18-hier-r4-t256-b1,fwht-fp16-native-log18-b1,full,butterfly,cuButterfly-hier-r4-t256,0,2,1,1,0.000950,native,16,16,16,0,implicit-sign,floating-add,hier-r4-t256,256,44,2048,5,40,0.625,256,0.64,0.64,register,1048576,0.16666666666666666,0,Tesla V100-SXM2-16GB,7.0,fwht,fp16,forward,none,out-of-place,0,,,,0.000000,,hierarchical,radix4,four-mul,table,direct-strided,,1,18,,,,,,0,,,shared,linear,scalar,0,named-barrier,256,0,0,8,8,0,0,9,0,0,0,18,262144,1,1,262144,1000,100,0.122496,0.028744,0.129280,34790.258070,82.080517,9120057411.593384,0.000000,-1,,,,,,,,,,,,
structured-2x2-bf16-native-log15-online-r2-t256-b6,structured-2x2-bf16-native-log15-b6,full,butterfly,cuButterfly-online-r2-t256,0,1,6,1,0.029309,native,16,32,16,1,broadcast,floating-fma,online-r2-t256,64,36,1024,6,48,0.75,384,0.8,0.8,register,786432,0.125,0,Tesla V100-SXM2-16GB,7.0,structured-2x2,bf16,forward,none,out-of-place,0,,,,0.000000,,online-reorder,radix2,four-mul,table,direct-strided,0.92387949999999996:-0.38268340000000001:0.38268340000000001:0.92387949999999996,2,8x7,0x0,8x8,table,direct-strided,global-scratch,2,0x0,8x8,shared,linear,scalar,0,named-barrier,256,0,0,8,8,0,0,8,1,0,0,15,32768,6,1,32768,1000,100,0.093408,0.033516,0.106432,179021.537768,43.996333,5866177749.580348,0.000000,-1,,,,,,,,,,,,
structured-2x2-fp16-fp32-log15-online-r4-t256-b8,structured-2x2-fp16-fp32-log15-b8,full,butterfly,cuButterfly-online-r4-t256,0,4,8,1,0.001612,fp32,16,32,32,0,broadcast,floating-fma,online-r4-t256,64,46,2048,5,40,0.625,512,1.28,1.0,register,1048576,0.16666666666666666,0,Tesla V100-SXM2-16GB,7.0,structured-2x2,fp16,forward,none,out-of-place,0,,,,0.000000,,online-reorder,radix4,four-mul,table,direct-strided,0.92387949999999996:-0.38268340000000001:0.38268340000000001:0.92387949999999996,2,8x7,0x0,8x8,table,direct-strided,global-scratch,2,0x0,8x8,shared,linear,scalar,0,named-barrier,256,0,0,8,8,0,0,8,1,0,0,15,32768,8,1,32768,1000,100,0.121632,0.028580,0.137376,279917.587985,68.792546,9172339523.089010,0.000000,-1,,,,,,,,,,,,
subset-zeta-uint32-zeta-log8-temporal-r2-t128-b1280,subset-zeta-uint32-zeta-log8-b1280,full,butterfly,cuButterfly-temporal-r2-t128,0,5,1280,1,0.000000,native,32,32,32,0,implicit-unit,integer-add,temporal-r2-t128,1,30,1024,16,64,1.0,1280,1.0,1.0,register+thread+warp,2621440,0.4166666666666667,0,Tesla V100-SXM2-16GB,7.0,subset-zeta,uint32,forward,none,out-of-place,0,,,,0.000000,,temporal-tile,radix2,four-mul,table,direct-strided,,1,8,,,,,,0,,,shared,linear,scalar,0,named-barrier,128,0,0,8,8,0,0,0,0,0,0,8,256,1280,1,256,1000,100,0.321216,0.005284,0.279840,242248083.335808,248.062037,62015509333.966919,0.000000,-1,,,,,,,,,,,,
fft-fp16-native-log20-hier-r4-t256-b2,fft-fp16-native-log20-b2,full,butterfly,cuButterfly-hier-r4-t256,0,3,2,1,0.001330,native,16,16,16,0,per-stage-twiddle,floating-complex,hier-r4-t256,512,48,4096,5,40,0.625,1024,2.56,1.0,register,16777216,2.6666666666666665,0,Tesla V100-SXM2-16GB,7.0,fft,fp16,forward,none,out-of-place,0,,,,0.000000,,hierarchical,radix4,four-mul,table,direct-strided,,1,20,,,,,,0,,,shared,linear,scalar,0,named-barrier,256,0,0,8,8,0,0,10,0,0,0,20,1048576,2,1,1048576,1000,100,1.419520,0.294646,1.361440,6787.811995,71.175368,7117536750.000481,0.000000,-1,,,,,,,,,,,,
fft-fp64-log8-temporal-r2-t128-b961,fft-fp64-log8-b961,full,butterfly,cuButterfly-temporal-r2-t128,0,3,961,1,0.000000,native,64,64,64,0,per-stage-twiddle,floating-complex,temporal-r2-t128,1,36,4096,12,48,0.75,961,1.0010416666666666,1.0,register,7872512,1.2513020833333333,0,Tesla V100-SXM2-16GB,7.0,fft,fp64,forward,none,out-of-place,0,,,,0.000000,,temporal-tile,radix2,four-mul,table,direct-strided,,1,8,,,,,,0,,,shared,linear,scalar,0,named-barrier,128,0,0,8,8,0,0,0,0,0,0,8,256,961,1,256,1000,100,0.716704,0.017490,0.661184,54945936.335156,56.264639,14066159701.799894,0.000000,-1,,,,,,,,,,,,
fft-fp16-fp32-log8-temporal-r4-t128-b1600,fft-fp16-fp32-log8-b1600,full,butterfly,cuButterfly-temporal-r4-t128,0,5,1600,1,0.000747,fp32,16,32,32,0,per-stage-twiddle,floating-complex,temporal-r4-t128,1,42,1024,10,40,0.625,1600,2.0,1.0,register,3276800,0.5208333333333334,0,Tesla V100-SXM2-16GB,7.0,fft,fp16,forward,none,out-of-place,0,,,,0.000000,,temporal-tile,radix4,four-mul,table,direct-strided,,1,8,,,,,,0,,,shared,linear,scalar,0,named-barrier,128,0,0,8,8,0,0,0,0,0,0,8,256,1600,1,256,1000,100,0.367232,0.009206,0.336928,173804236.303125,177.975538,44493884493.600098,0.000000,-1,,,,,,,,,,,,
fft-fp16-fp32-log15-online-r2-t256-b6,fft-fp16-fp32-log15-b6,full,butterfly,cuButterfly-online-r2-t256,0,4,6,1,0.001078,fp32,16,32,32,0,per-stage-twiddle,floating-complex,online-r2-t256,64,38,2048,6,48,0.75,384,0.8,0.8,register,1572864,0.25,0,Tesla V100-SXM2-16GB,7.0,fft,fp16,forward,none,out-of-place,0,,,,0.000000,,online-reorder,radix2,four-mul,table,direct-strided,,2,8x7,0x0,8x8,table,direct-strided,global-scratch,2,0x0,8x8,shared,linear,scalar,0,named-barrier,256,0,0,8,8,0,0,8,1,0,0,15,32768,6,1,32768,1000,100,0.236672,0.030413,0.205376,197285.349578,48.484848,6464646334.968913,0.000000,-1,,,,,,,,,,,,
fwht-fp16-fp32-log8-temporal-r2-t128-b961,fwht-fp16-fp32-log8-b961,full,butterfly,cuButterfly-temporal-r2-t128,0,3,961,1,0.000572,fp32,16,32,32,0,implicit-sign,floating-add,temporal-r2-t128,1,30,512,16,64,1.0,961,0.75078125,0.75078125,register+thread+warp,984064,0.15641276041666666,0,Tesla V100-SXM2-16GB,7.0,fwht,fp16,forward,none,out-of-place,0,,,,0.000000,,temporal-tile,radix2,four-mul,table,direct-strided,,1,8,,,,,,0,,,shared,linear,scalar,0,named-barrier,128,0,0,8,8,0,0,0,0,0,0,8,256,961,1,256,1000,100,0.136192,0.004864,0.135552,197574003.017033,202.315779,50578944772.360474,0.000000,-1,,,,,,,,,,,,
fwht-bf16-native-log8-temporal-r2-t128-b961,fwht-bf16-native-log8-b961,full,butterfly,cuButterfly-temporal-r2-t128,0,1,961,1,0.005010,native,16,32,16,1,implicit-sign,floating-add,temporal-r2-t128,1,30,512,16,64,1.0,961,0.75078125,0.75078125,register+thread+warp,984064,0.15641276041666666,0,Tesla V100-SXM2-16GB,7.0,fwht,bf16,forward,none,out-of-place,0,,,,0.000000,,temporal-tile,radix2,four-mul,table,direct-strided,,1,8,,,,,,0,,,shared,linear,scalar,0,named-barrier,128,0,0,8,8,0,0,0,0,0,0,8,256,961,1,256,1000,100,0.126272,0.007260,0.134016,132366227.840479,135.543017,33885754327.162685,0.000000,-1,,,,,,,,,,,,
fwht-fp16-fp32-log8-temporal-r2-t128-b961,fwht-fp16-fp32-log8-b961,full,butterfly,cuButterfly-temporal-r2-t128,0,4,961,1,0.000572,fp32,16,32,32,0,implicit-sign,floating-add,temporal-r2-t128,1,30,512,16,64,1.0,961,0.75078125,0.75078125,register+thread+warp,984064,0.15641276041666666,0,Tesla V100-SXM2-16GB,7.0,fwht,fp16,forward,none,out-of-place,0,,,,0.000000,,temporal-tile,radix2,four-mul,table,direct-strided,,1,8,,,,,,0,,,shared,linear,scalar,0,named-barrier,128,0,0,8,8,0,0,0,0,0,0,8,256,961,1,256,1000,100,0.131840,0.004854,0.165792,197990840.364297,202.742621,50685655133.259972,0.000000,-1,,,,,,,,,,,,
fft-fp16-native-log20-online-r4-t256-b2,fft-fp16-native-log20-b2,full,butterfly,cuButterfly-online-r4-t256,0,5,2,1,0.001330,native,16,16,16,0,per-stage-twiddle,floating-complex,online-r4-t256,512,50,4096,4,32,0.5,1024,3.2,1.0,register,16777216,2.6666666666666665,0,Tesla V100-SXM2-16GB,7.0,fft,fp16,forward,none,out-of-place,0,,,,0.000000,,online-reorder,radix4,four-mul,table,direct-strided,,2,10x10,0x0,8x8,table,direct-strided,global-scratch,2,0x0,8x8,shared,linear,scalar,0,named-barrier,256,0,0,8,8,0,0,10,1,0,0,20,1048576,2,1,1048576,1000,100,1.417408,0.239360,1.370720,8355.614810,87.614972,8761497155.502354,0.000000,-1,,,,,,,,,,,,
fwht-fp16-native-log18-hier-r4-t256-b1,fwht-fp16-native-log18-b1,full,butterfly,cuButterfly-hier-r4-t256,0,4,1,1,0.000950,native,16,16,16,0,implicit-sign,floating-add,hier-r4-t256,256,44,2048,5,40,0.625,256,0.64,0.64,register,1048576,0.16666666666666666,0,Tesla V100-SXM2-16GB,7.0,fwht,fp16,forward,none,out-of-place,0,,,,0.000000,,hierarchical,radix4,four-mul,table,direct-strided,,1,18,,,,,,0,,,shared,linear,scalar,0,named-barrier,256,0,0,8,8,0,0,9,0,0,0,18,262144,1,1,262144,1000,100,0.132672,0.028682,0.134688,34864.781221,82.256339,9139593208.456320,0.000000,-1,,,,,,,,,,,,
fwht-fp16-native-log20-hier-r4-t256-b1,fwht-fp16-native-log20-b1,full,butterfly,cuButterfly-hier-r4-t256,0,4,1,1,0.001000,native,16,16,16,0,implicit-sign,floating-add,hier-r4-t256,512,44,2048,5,40,0.625,512,1.28,1.0,register,4194304,0.6666666666666666,0,Tesla V100-SXM2-16GB,7.0,fwht,fp16,forward,none,out-of-place,0,,,,0.000000,,hierarchical,radix4,four-mul,table,direct-strided,,1,20,,,,,,0,,,shared,linear,scalar,0,named-barrier,256,0,0,8,8,0,0,10,0,0,0,20,1048576,1,1,1048576,1000,100,0.429824,0.058460,0.430688,17105.666173,179.365910,17936591012.596619,0.000000,-1,,,,,,,,,,,,
subset-zeta-uint32-zeta-log8-temporal-r2-t128-b959,subset-zeta-uint32-zeta-log8-b959,full,butterfly,cuButterfly-temporal-r2-t128,0,1,959,1,0.000000,native,32,32,32,0,implicit-unit,integer-add,temporal-r2-t128,1,30,1024,16,64,1.0,959,0.74921875,0.74921875,register+thread+warp,1964032,0.3121744791666667,0,Tesla V100-SXM2-16GB,7.0,subset-zeta,uint32,forward,none,out-of-place,0,,,,0.000000,,temporal-tile,radix2,four-mul,table,direct-strided,,1,8,,,,,,0,,,shared,linear,scalar,0,named-barrier,128,0,0,8,8,0,0,0,0,0,0,8,256,959,1,256,1000,100,0.240768,0.004639,0.225344,206738072.888273,211.699787,52924946659.397934,0.000000,-1,,,,,,,,,,,,
fwht-bf16-native-log18-hier-r4-t256-b1,fwht-bf16-native-log18-b1,full,butterfly,cuButterfly-hier-r4-t256,0,2,1,1,0.007600,native,16,32,16,1,implicit-sign,floating-add,hier-r4-t256,256,44,2048,5,40,0.625,256,0.64,0.64,register,1048576,0.16666666666666666,0,Tesla V100-SXM2-16GB,7.0,fwht,bf16,forward,none,out-of-place,0,,,,0.000000,,hierarchical,radix4,four-mul,table,direct-strided,,1,18,,,,,,0,,,shared,linear,scalar,0,named-barrier,256,0,0,8,8,0,0,9,0,0,0,18,262144,1,1,262144,1000,100,0.129984,0.034509,0.139360,28978.114050,68.367949,7596438729.603192,0.000000,-1,,,,,,,,,,,,
structured-2x2-fp16-native-log18-online-r4-t256-b1,structured-2x2-fp16-native-log18-b1,full,butterfly,cuButterfly-online-r4-t256,0,3,1,1,0.002014,native,16,16,16,0,broadcast,floating-fma,online-r4-t256,256,46,2048,5,40,0.625,256,0.64,0.64,register,1048576,0.16666666666666666,0,Tesla V100-SXM2-16GB,7.0,structured-2x2,fp16,forward,none,out-of-place,0,,,,0.000000,,online-reorder,radix4,four-mul,table,direct-strided,0.92387949999999996:-0.38268340000000001:0.38268340000000001:0.92387949999999996,2,9x9,0x0,8x8,table,direct-strided,global-scratch,2,0x0,8x8,shared,linear,scalar,0,named-barrier,256,0,0,8,8,0,0,9,1,0,0,18,262144,1,1,262144,1000,100,0.125792,0.028283,0.143040,35357.077225,83.417811,9268645652.136530,0.000000,-1,,,,,,,,,,,,
structured-2x2-fp16-fp32-log15-online-r4-t256-b8,structured-2x2-fp16-fp32-log15-b8,full,butterfly,cuButterfly-online-r4-t256,0,3,8,1,0.001612,fp32,16,32,32,0,broadcast,floating-fma,online-r4-t256,64,46,2048,5,40,0.625,512,1.28,1.0,register,1048576,0.16666666666666666,0,Tesla V100-SXM2-16GB,7.0,structured-2x2,fp16,forward,none,out-of-place,0,,,,0.000000,,online-reorder,radix4,four-mul,table,direct-strided,0.92387949999999996:-0.38268340000000001:0.38268340000000001:0.92387949999999996,2,8x7,0x0,8x8,table,direct-strided,global-scratch,2,0x0,8x8,shared,linear,scalar,0,named-barrier,256,0,0,8,8,0,0,8,1,0,0,15,32768,8,1,32768,1000,100,0.125792,0.028344,0.132864,282243.514330,69.364166,9248555477.558874,0.000000,-1,,,,,,,,,,,,
fft-fp16-fp32-log8-temporal-r4-t128-b1280,fft-fp16-fp32-log8-b1280,full,butterfly,cuButterfly-temporal-r4-t128,0,4,1280,1,0.000747,fp32,16,32,32,0,per-stage-twiddle,floating-complex,temporal-r4-t128,1,42,1024,10,40,0.625,1280,1.6,1.0,register,2621440,0.4166666666666667,0,Tesla V100-SXM2-16GB,7.0,fft,fp16,forward,none,out-of-place,0,,,,0.000000,,temporal-tile,radix4,four-mul,table,direct-strided,,1,8,,,,,,0,,,shared,linear,scalar,0,named-barrier,128,0,0,8,8,0,0,0,0,0,0,8,256,1280,1,256,1000,100,0.308256,0.007885,0.302720,162337672.574564,166.233777,41558444179.088264,0.000000,-1,,,,,,,,,,,,
fwht-bf16-native-log18-online-r2-t256-b1,fwht-bf16-native-log18-b1,full,butterfly,cuButterfly-online-r2-t256,0,4,1,1,0.007600,native,16,32,16,1,implicit-sign,floating-add,online-r2-t256,256,36,1024,6,48,0.75,256,0.5333333333333333,0.5333333333333333,register,1048576,0.16666666666666666,0,Tesla V100-SXM2-16GB,7.0,fwht,bf16,forward,none,out-of-place,0,,,,0.000000,,online-reorder,radix2,four-mul,table,direct-strided,,2,9x9,0x0,8x8,table,direct-strided,global-scratch,2,0x0,8x8,shared,linear,scalar,0,named-barrier,256,0,0,8,8,0,0,9,1,0,0,18,262144,1,1,262144,1000,100,0.122848,0.029911,0.145984,33432.472430,78.877098,8764122052.717316,0.000000,-1,,,,,,,,,,,,
fft-fp16-native-log20-online-r4-t256-b1,fft-fp16-native-log20-b1,full,butterfly,cuButterfly-online-r4-t256,0,2,1,1,0.001330,native,16,16,16,0,per-stage-twiddle,floating-complex,online-r4-t256,512,50,4096,4,32,0.5,512,1.6,1.0,register,8388608,1.3333333333333333,0,Tesla V100-SXM2-16GB,7.0,fft,fp16,forward,none,out-of-place,0,,,,0.000000,,online-reorder,radix4,four-mul,table,direct-strided,,2,10x10,0x0,8x8,table,direct-strided,global-scratch,2,0x0,8x8,shared,linear,scalar,0,named-barrier,256,0,0,8,8,0,0,10,1,0,0,20,1048576,1,1,1048576,1000,100,0.746304,0.126740,0.738720,7890.138629,82.734100,8273410003.475905,0.000000,-1,,,,,,,,,,,,
ntt-uint32-ntt-log15-ntt-hybrid-r2-t256-b321,ntt-uint32-ntt-log15-b321,full,ntt,cuButterfly-ntt-hybrid-r2-t256,0,2,321,1,,native,32,32,32,0,per-stage-root,modular-multiply-reduce,ntt-hybrid-r2-t256,1,50,2048,4,32,0.5,321,1.003125,1.0,register,84148224,13.375,0,Tesla V100-SXM2-16GB,7.0,ntt,uint32,forward,,,0,,,,0.000000,,hybrid2d,radix2,,fused,,,,,,,,,,,,,,,,0,named-barrier,,,,,,,,,,,,15,32768,321,1,32768,1000,100,6.878016,0.430961,6.378816,,,,,-1,natural,32,1073643521,30,7,4,256,0,744847.577424,23451.553162,24407165417.028294,shoup
structured-2x2-bf16-fp32-log18-online-r2-t256-b1,structured-2x2-bf16-fp32-log18-b1,full,butterfly,cuButterfly-online-r2-t256,0,2,1,1,0.033858,fp32,16,32,32,0,broadcast,floating-fma,online-r2-t256,256,36,1024,6,48,0.75,256,0.5333333333333333,0.5333333333333333,register,1048576,0.16666666666666666,0,Tesla V100-SXM2-16GB,7.0,structured-2x2,bf16,forward,none,out-of-place,0,,,,0.000000,,online-reorder,radix2,four-mul,table,direct-strided,0.92387949999999996:-0.38268340000000001:0.38268340000000001:0.92387949999999996,2,9x9,0x0,8x8,table,direct-strided,global-scratch,2,0x0,8x8,shared,linear,scalar,0,named-barrier,256,0,0,8,8,0,0,9,1,0,0,18,262144,1,1,262144,1000,100,0.121696,0.035666,0.130560,28037.971602,66.149874,7349986027.535209,0.000000,-1,,,,,,,,,,,,
fwht-fp32-log15-online-r2-t256-b7,fwht-fp32-log15-b7,full,butterfly,cuButterfly-online-r2-t256,0,2,7,1,0.000000,native,32,32,32,0,implicit-sign,floating-add,online-r2-t256,64,36,2048,6,48,0.75,448,0.9333333333333333,0.9333333333333333,register,1835008,0.2916666666666667,0,Tesla V100-SXM2-16GB,7.0,fwht,fp32,forward,none,out-of-place,0,,,,0.000000,,online-reorder,radix2,four-mul,table,direct-strided,,2,8x7,0x0,8x8,table,direct-strided,global-scratch,2,0x0,8x8,shared,linear,scalar,0,named-barrier,256,0,0,8,8,0,0,8,1,0,0,15,32768,7,1,32768,1000,100,0.222240,0.023583,0.259584,296827.493388,72.948325,9726443303.328197,0.000000,-1,,,,,,,,,,,,
fwht-fp16-fp32-log8-temporal-r2-t128-b1280,fwht-fp16-fp32-log8-b1280,full,butterfly,cuButterfly-temporal-r2-t128,0,5,1280,1,0.000572,fp32,16,32,32,0,implicit-sign,floating-add,temporal-r2-t128,1,30,512,16,64,1.0,1280,1.0,1.0,register+thread+warp,1310720,0.20833333333333334,0,Tesla V100-SXM2-16GB,7.0,fwht,fp16,forward,none,out-of-place,0,,,,0.000000,,temporal-tile,radix2,four-mul,table,direct-strided,,1,8,,,,,,0,,,shared,linear,scalar,0,named-barrier,128,0,0,8,8,0,0,0,0,0,0,8,256,1280,1,256,1000,100,0.186560,0.005540,0.159168,231053600.795379,236.598887,59149721803.617065,0.000000,-1,,,,,,,,,,,,
structured-2x2-fp16-fp32-log20-hier-r4-t256-b1,structured-2x2-fp16-fp32-log20-b1,full,butterfly,cuButterfly-hier-r4-t256,0,3,1,1,0.002086,fp32,16,32,32,0,broadcast,floating-fma,hier-r4-t256,512,44,2048,5,40,0.625,512,1.28,1.0,register,4194304,0.6666666666666666,0,Tesla V100-SXM2-16GB,7.0,structured-2x2,fp16,forward,none,out-of-place,0,,,,0.000000,,hierarchical,radix4,four-mul,table,direct-strided,0.92387949999999996:-0.38268340000000001:0.38268340000000001:0.92387949999999996,1,20,,,,,,0,,,shared,linear,scalar,0,named-barrier,256,0,0,8,8,0,0,10,0,0,0,20,1048576,1,1,1048576,1000,100,0.436000,0.068209,0.398016,14660.898769,153.730666,15373066587.771303,0.000000,-1,,,,,,,,,,,,
structured-2x2-fp32-log15-hier-r4-t256-b9,structured-2x2-fp32-log15-b9,full,butterfly,cuButterfly-hier-r4-t256,0,5,9,1,0.000000,native,32,32,32,0,broadcast,floating-fma,hier-r4-t256,64,44,4096,5,40,0.625,576,1.44,1.0,register,2359296,0.375,0,Tesla V100-SXM2-16GB,7.0,structured-2x2,fp32,forward,none,out-of-place,0,,,,0.000000,,hierarchical,radix4,four-mul,table,direct-strided,0.92387949999999996:-0.38268340000000001:0.38268340000000001:0.92387949999999996,1,15,,,,,,0,,,shared,linear,scalar,0,named-barrier,256,0,0,8,8,0,0,8,0,0,0,15,32768,9,1,32768,1000,100,0.278816,0.026010,0.322720,346026.074568,85.039368,11338582411.443075,0.000000,-1,,,,,,,,,,,,
fft-fp64-log18-online-r2-t256-b1,fft-fp64-log18-b1,full,butterfly,cuButterfly-online-r2-t256,0,5,1,1,0.000000,native,64,64,64,0,per-stage-twiddle,floating-complex,online-r2-t256,256,42,8192,5,40,0.625,256,0.64,0.64,register,8388608,1.3333333333333333,0,Tesla V100-SXM2-16GB,7.0,fft,fp64,forward,none,out-of-place,0,,,,0.000000,,online-reorder,radix2,four-mul,table,direct-strided,,2,9x9,0x0,8x8,table,direct-strided,global-scratch,2,0x0,8x8,shared,linear,scalar,0,named-barrier,256,0,0,8,8,0,0,9,1,0,0,18,262144,1,1,262144,1000,100,0.744576,0.054856,0.727648,18229.652141,43.009145,4778793930.793789,0.000000,-1,,,,,,,,,,,,
fwht-fp16-fp32-log18-hier-r4-t256-b1,fwht-fp16-fp32-log18-b1,full,butterfly,cuButterfly-hier-r4-t256,0,3,1,1,0.000950,fp32,16,32,32,0,implicit-sign,floating-add,hier-r4-t256,256,44,2048,5,40,0.625,256,0.64,0.64,register,1048576,0.16666666666666666,0,Tesla V100-SXM2-16GB,7.0,fwht,fp16,forward,none,out-of-place,0,,,,0.000000,,hierarchical,radix4,four-mul,table,direct-strided,,1,18,,,,,,0,,,shared,linear,scalar,0,named-barrier,256,0,0,8,8,0,0,9,0,0,0,18,262144,1,1,262144,1000,100,0.124192,0.029235,0.140832,34205.340387,80.700523,8966724750.425934,0.000000,-1,,,,,,,,,,,,
fft-fp16-native-log20-hier-r4-t256-b3,fft-fp16-native-log20-b3,full,butterfly,cuButterfly-hier-r4-t256,0,1,3,1,0.001330,native,16,16,16,0,per-stage-twiddle,floating-complex,hier-r4-t256,512,48,4096,5,40,0.625,1536,3.84,1.0,register,25165824,4.0,0,Tesla V100-SXM2-16GB,7.0,fft,fp16,forward,none,out-of-place,0,,,,0.000000,,hierarchical,radix4,four-mul,table,direct-strided,,1,20,,,,,,0,,,shared,linear,scalar,0,named-barrier,256,0,0,8,8,0,0,10,0,0,0,20,1048576,3,1,1048576,1000,100,2.101696,0.428861,1.968832,6995.266362,73.350684,7335068421.311667,0.000000,-1,,,,,,,,,,,,
subset-zeta-uint32-zeta-log8-temporal-r4-t128-b959,subset-zeta-uint32-zeta-log8-b959,full,butterfly,cuButterfly-temporal-r4-t128,0,3,959,1,0.000000,native,32,32,32,0,implicit-unit,integer-add,temporal-r4-t128,1,38,1024,12,48,0.75,959,0.9989583333333333,0.9989583333333333,register,1964032,0.3121744791666667,0,Tesla V100-SXM2-16GB,7.0,subset-zeta,uint32,forward,none,out-of-place,0,,,,0.000000,,temporal-tile,radix4,four-mul,table,direct-strided,,1,8,,,,,,0,,,shared,linear,scalar,0,named-barrier,128,0,0,8,8,0,0,0,0,0,0,8,256,959,1,256,1000,100,0.268192,0.004219,0.249600,227311509.261393,232.766985,58191746370.916649,0.000000,-1,,,,,,,,,,,,
fft-fp64-log8-temporal-r2-t128-b1440,fft-fp64-log8-b1440,full,butterfly,cuButterfly-temporal-r2-t128,0,3,1440,1,0.000000,native,64,64,64,0,per-stage-twiddle,floating-complex,temporal-r2-t128,1,36,4096,12,48,0.75,1440,1.5,1.0,register,11796480,1.875,0,Tesla V100-SXM2-16GB,7.0,fft,fp64,forward,none,out-of-place,0,,,,0.000000,,temporal-tile,radix2,four-mul,table,direct-strided,,1,8,,,,,,0,,,shared,linear,scalar,0,named-barrier,128,0,0,8,8,0,0,0,0,0,0,8,256,1440,1,256,1000,100,1.028704,0.025088,0.948064,57397956.798335,58.775508,14693876940.373827,0.000000,-1,,,,,,,,,,,,
subset-zeta-uint32-zeta-log8-temporal-r2-t128-b1920,subset-zeta-uint32-zeta-log8-b1920,full,butterfly,cuButterfly-temporal-r2-t128,0,3,1920,1,0.000000,native,32,32,32,0,implicit-unit,integer-add,temporal-r2-t128,1,30,1024,16,64,1.0,1920,1.5,1.0,register+thread+warp,3932160,0.625,0,Tesla V100-SXM2-16GB,7.0,subset-zeta,uint32,forward,none,out-of-place,0,,,,0.000000,,temporal-tile,radix2,four-mul,table,direct-strided,,1,8,,,,,,0,,,shared,linear,scalar,0,named-barrier,128,0,0,8,8,0,0,0,0,0,0,8,256,1920,1,256,1000,100,0.418976,0.006666,0.400160,288018420.980351,294.930863,73732715770.969971,0.000000,-1,,,,,,,,,,,,
fwht-fp16-fp32-log18-online-r4-t256-b1,fwht-fp16-fp32-log18-b1,full,butterfly,cuButterfly-online-r4-t256,0,2,1,1,0.000950,fp32,16,32,32,0,implicit-sign,floating-add,online-r4-t256,256,46,2048,5,40,0.625,256,0.64,0.64,register,1048576,0.16666666666666666,0,Tesla V100-SXM2-16GB,7.0,fwht,fp16,forward,none,out-of-place,0,,,,0.000000,,online-reorder,radix4,four-mul,table,direct-strided,,2,9x9,0x0,8x8,table,direct-strided,global-scratch,2,0x0,8x8,shared,linear,scalar,0,named-barrier,256,0,0,8,8,0,0,9,1,0,0,18,262144,1,1,262144,1000,100,0.126720,0.026880,0.141120,37202.381248,87.771429,9752381029.799412,0.000000,-1,,,,,,,,,,,,
fwht-fp16-native-log18-hier-r4-t256-b1,fwht-fp16-native-log18-b1,full,butterfly,cuButterfly-hier-r4-t256,0,1,1,1,0.000950,native,16,16,16,0,implicit-sign,floating-add,hier-r4-t256,256,44,2048,5,40,0.625,256,0.64,0.64,register,1048576,0.16666666666666666,0,Tesla V100-SXM2-16GB,7.0,fwht,fp16,forward,none,out-of-place,0,,,,0.000000,,hierarchical,radix4,four-mul,table,direct-strided,,1,18,,,,,,0,,,shared,linear,scalar,0,named-barrier,256,0,0,8,8,0,0,9,0,0,0,18,262144,1,1,262144,1000,100,0.129792,0.028672,0.143040,34877.233930,82.285719,9142857611.407455,0.000000,-1,,,,,,,,,,,,
fft-fp16-fp32-log8-temporal-r2-t128-b1279,fft-fp16-fp32-log8-b1279,full,butterfly,cuButterfly-temporal-r2-t128,0,5,1279,1,0.000747,fp32,16,32,32,0,per-stage-twiddle,floating-complex,temporal-r2-t128,1,32,1024,16,64,1.0,1279,0.99921875,0.99921875,register+thread+warp,2619392,0.4163411458333333,0,Tesla V100-SXM2-16GB,7.0,fft,fp16,forward,none,out-of-place,0,,,,0.000000,,temporal-tile,radix2,four-mul,table,direct-strided,,1,8,,,,,,0,,,shared,linear,scalar,0,named-barrier,128,0,0,8,8,0,0,0,0,0,0,8,256,1279,1,256,1000,100,0.298784,0.008397,0.285376,152319920.383283,155.975598,38993899618.120506,0.000000,-1,,,,,,,,,,,,
fft-bf16-fp32-log20-online-r2-t256-b1,fft-bf16-fp32-log20-b1,full,butterfly,cuButterfly-online-r2-t256,0,2,1,1,0.010209,fp32,16,32,32,0,per-stage-twiddle,floating-complex,online-r2-t256,512,38,2048,6,48,0.75,512,1.0666666666666667,1.0,register,8388608,1.3333333333333333,0,Tesla V100-SXM2-16GB,7.0,fft,bf16,forward,none,out-of-place,0,,,,0.000000,,online-reorder,radix2,four-mul,table,direct-strided,,2,10x10,0x0,8x8,table,direct-strided,global-scratch,2,0x0,8x8,shared,linear,scalar,0,named-barrier,256,0,0,8,8,0,0,10,1,0,0,20,1048576,1,1,1048576,1000,100,0.754656,0.186409,0.734880,5364.549234,56.251376,5625137577.530001,0.000000,-1,,,,,,,,,,,,
fft-fp64-log8-temporal-r2-t128-b961,fft-fp64-log8-b961,full,butterfly,cuButterfly-temporal-r2-t128,0,2,961,1,0.000000,native,64,64,64,0,per-stage-twiddle,floating-complex,temporal-r2-t128,1,36,4096,12,48,0.75,961,1.0010416666666666,1.0,register,7872512,1.2513020833333333,0,Tesla V100-SXM2-16GB,7.0,fft,fp64,forward,none,out-of-place,0,,,,0.000000,,temporal-tile,radix2,four-mul,table,direct-strided,,1,8,,,,,,0,,,shared,linear,scalar,0,named-barrier,128,0,0,8,8,0,0,0,0,0,0,8,256,961,1,256,1000,100,0.702656,0.017541,0.669536,54785555.846957,56.100409,14025102296.821060,0.000000,-1,,,,,,,,,,,,
structured-2x2-bf16-native-log20-online-r2-t256-b1,structured-2x2-bf16-native-log20-b1,full,butterfly,cuButterfly-online-r2-t256,0,3,1,1,0.038303,native,16,32,16,1,broadcast,floating-fma,online-r2-t256,512,36,1024,6,48,0.75,512,1.0666666666666667,1.0,register,4194304,0.6666666666666666,0,Tesla V100-SXM2-16GB,7.0,structured-2x2,bf16,forward,none,out-of-place,0,,,,0.000000,,online-reorder,radix2,four-mul,table,direct-strided,0.92387949999999996:-0.38268340000000001:0.38268340000000001:0.92387949999999996,2,10x10,0x0,8x8,table,direct-strided,global-scratch,2,0x0,8x8,shared,linear,scalar,0,named-barrier,256,0,0,8,8,0,0,10,1,0,0,20,1048576,1,1,1048576,1000,100,0.451104,0.168591,0.435648,5931.501882,62.196305,6219630516.919474,0.000000,-1,,,,,,,,,,,,
structured-2x2-bf16-fp32-log20-online-r2-t256-b1,structured-2x2-bf16-fp32-log20-b1,full,butterfly,cuButterfly-online-r2-t256,0,1,1,1,0.037610,fp32,16,32,32,0,broadcast,floating-fma,online-r2-t256,512,36,1024,6,48,0.75,512,1.0666666666666667,1.0,register,4194304,0.6666666666666666,0,Tesla V100-SXM2-16GB,7.0,structured-2x2,bf16,forward,none,out-of-place,0,,,,0.000000,,online-reorder,radix2,four-mul,table,direct-strided,0.92387949999999996:-0.38268340000000001:0.38268340000000001:0.92387949999999996,2,10x10,0x0,8x8,table,direct-strided,global-scratch,2,0x0,8x8,shared,linear,scalar,0,named-barrier,256,0,0,8,8,0,0,10,1,0,0,20,1048576,1,1,1048576,1000,100,0.433984,0.118528,0.438624,8436.824982,88.466522,8846652192.403347,0.000000,-1,,,,,,,,,,,,
fft-fp16-fp32-log8-temporal-r4-t128-b1279,fft-fp16-fp32-log8-b1279,full,butterfly,cuButterfly-temporal-r4-t128,0,3,1279,1,0.000747,fp32,16,32,32,0,per-stage-twiddle,floating-complex,temporal-r4-t128,1,42,1024,10,40,0.625,1279,1.59875,1.0,register,2619392,0.4163411458333333,0,Tesla V100-SXM2-16GB,7.0,fft,fp16,forward,none,out-of-place,0,,,,0.000000,,temporal-tile,radix4,four-mul,table,direct-strided,,1,8,,,,,,0,,,shared,linear,scalar,0,named-barrier,128,0,0,8,8,0,0,0,0,0,0,8,256,1279,1,256,1000,100,0.316448,0.007895,0.287968,162000439.163949,165.888450,41472112425.970963,0.000000,-1,,,,,,,,,,,,
fft-fp16-fp32-log8-temporal-r4-t128-b1600,fft-fp16-fp32-log8-b1600,full,butterfly,cuButterfly-temporal-r4-t128,0,2,1600,1,0.000747,fp32,16,32,32,0,per-stage-twiddle,floating-complex,temporal-r4-t128,1,42,1024,10,40,0.625,1600,2.0,1.0,register,3276800,0.5208333333333334,0,Tesla V100-SXM2-16GB,7.0,fft,fp16,forward,none,out-of-place,0,,,,0.000000,,temporal-tile,radix4,four-mul,table,direct-strided,,1,8,,,,,,0,,,shared,linear,scalar,0,named-barrier,128,0,0,8,8,0,0,0,0,0,0,8,256,1600,1,256,1000,100,0.363808,0.009216,0.329504,173611122.514603,177.777789,44444447363.738487,0.000000,-1,,,,,,,,,,,,
fft-fp64-log18-online-r4-t256-b1,fft-fp64-log18-b1,full,butterfly,cuButterfly-online-r4-t256,0,3,1,1,0.000000,native,64,64,64,0,per-stage-twiddle,floating-complex,online-r4-t256,256,58,16384,4,32,0.5,256,0.8,0.8,register,8388608,1.3333333333333333,0,Tesla V100-SXM2-16GB,7.0,fft,fp64,forward,none,out-of-place,0,,,,0.000000,,online-reorder,radix4,four-mul,table,direct-strided,,2,9x9,0x0,8x8,table,direct-strided,global-scratch,2,0x0,8x8,shared,linear,scalar,0,named-barrier,256,0,0,8,8,0,0,9,1,0,0,18,262144,1,1,262144,1000,100,0.743648,0.057999,0.771936,17241.570281,40.677968,4519774199.796468,0.000000,-1,,,,,,,,,,,,
ntt-uint32-ntt-log15-ntt-hybrid-r2-t256-b321,ntt-uint32-ntt-log15-b321,full,ntt,cuButterfly-ntt-hybrid-r2-t256,0,4,321,1,,native,32,32,32,0,per-stage-root,modular-multiply-reduce,ntt-hybrid-r2-t256,1,50,2048,4,32,0.5,321,1.003125,1.0,register,84148224,13.375,0,Tesla V100-SXM2-16GB,7.0,ntt,uint32,forward,,,0,,,,0.000000,,hybrid2d,radix2,,fused,,,,,,,,,,,,,,,,0,named-barrier,,,,,,,,,,,,15,32768,321,1,32768,1000,100,6.897856,0.428943,6.383264,,,,,-1,natural,32,1073643521,30,7,4,256,0,748350.541317,23413.458013,24521950537.877605,shoup
ntt-uint32-ntt-log15-ntt-hybrid-r4-t256-b319,ntt-uint32-ntt-log15-b319,full,ntt,cuButterfly-ntt-hybrid-r4-t256,0,4,319,1,,native,32,32,32,0,per-stage-root,modular-multiply-reduce,ntt-hybrid-r4-t256,1,62,4096,4,32,0.5,319,0.996875,0.996875,register,83623936,13.291666666666666,0,Tesla V100-SXM2-16GB,7.0,ntt,uint32,forward,,,0,,,,0.000000,,hybrid2d,radix4,,fused,,,,,,,,,,,,,,,,0,named-barrier,,,,,,,,,,,,15,32768,319,1,32768,1000,100,6.834944,0.373494,6.331744,,,,,-1,natural,32,1073643521,30,7,4,256,0,854097.266032,23559.506545,27987059213.339920,shoup
fwht-fp16-fp32-log18-online-r4-t256-b1,fwht-fp16-fp32-log18-b1,full,butterfly,cuButterfly-online-r4-t256,0,1,1,1,0.000950,fp32,16,32,32,0,implicit-sign,floating-add,online-r4-t256,256,46,2048,5,40,0.625,256,0.64,0.64,register,1048576,0.16666666666666666,0,Tesla V100-SXM2-16GB,7.0,fwht,fp16,forward,none,out-of-place,0,,,,0.000000,,online-reorder,radix4,four-mul,table,direct-strided,,2,9x9,0x0,8x8,table,direct-strided,global-scratch,2,0x0,8x8,shared,linear,scalar,0,named-barrier,256,0,0,8,8,0,0,9,1,0,0,18,262144,1,1,262144,1000,100,0.124320,0.027044,0.133920,36976.994917,87.239676,9693297355.455990,0.000000,-1,,,,,,,,,,,,
structured-2x2-fp16-fp32-log15-online-r4-t256-b7,structured-2x2-fp16-fp32-log15-b7,full,butterfly,cuButterfly-online-r4-t256,0,1,7,1,0.001612,fp32,16,32,32,0,broadcast,floating-fma,online-r4-t256,64,46,2048,5,40,0.625,448,1.12,1.0,register,917504,0.14583333333333334,0,Tesla V100-SXM2-16GB,7.0,structured-2x2,fp16,forward,none,out-of-place,0,,,,0.000000,,online-reorder,radix4,four-mul,table,direct-strided,0.92387949999999996:-0.38268340000000001:0.38268340000000001:0.92387949999999996,2,8x7,0x0,8x8,table,direct-strided,global-scratch,2,0x0,8x8,shared,linear,scalar,0,named-barrier,256,0,0,8,8,0,0,8,1,0,0,15,32768,7,1,32768,1000,100,0.112672,0.026153,0.136224,267656.136921,65.779172,8770556294.619600,0.000000,-1,,,,,,,,,,,,
structured-2x2-bf16-native-log15-online-r2-t256-b8,structured-2x2-bf16-native-log15-b8,full,butterfly,cuButterfly-online-r2-t256,0,5,8,1,0.029309,native,16,32,16,1,broadcast,floating-fma,online-r2-t256,64,36,1024,6,48,0.75,512,1.0666666666666667,1.0,register,1048576,0.16666666666666666,0,Tesla V100-SXM2-16GB,7.0,structured-2x2,bf16,forward,none,out-of-place,0,,,,0.000000,,online-reorder,radix2,four-mul,table,direct-strided,0.92387949999999996:-0.38268340000000001:0.38268340000000001:0.92387949999999996,2,8x7,0x0,8x8,table,direct-strided,global-scratch,2,0x0,8x8,shared,linear,scalar,0,named-barrier,256,0,0,8,8,0,0,8,1,0,0,15,32768,8,1,32768,1000,100,0.122880,0.041728,0.133760,191717.786413,47.116563,6282208425.171599,0.000000,-1,,,,,,,,,,,,
fwht-fp16-fp32-log20-hier-r4-t256-b1,fwht-fp16-fp32-log20-b1,full,butterfly,cuButterfly-hier-r4-t256,0,3,1,1,0.001000,fp32,16,32,32,0,implicit-sign,floating-add,hier-r4-t256,512,44,2048,5,40,0.625,512,1.28,1.0,register,4194304,0.6666666666666666,0,Tesla V100-SXM2-16GB,7.0,fwht,fp16,forward,none,out-of-place,0,,,,0.000000,,hierarchical,radix4,four-mul,table,direct-strided,,1,20,,,,,,0,,,shared,linear,scalar,0,named-barrier,256,0,0,8,8,0,0,10,0,0,0,20,1048576,1,1,1048576,1000,100,0.421600,0.062075,0.414368,16109.575776,168.921145,16892114528.675369,0.000000,-1,,,,,,,,,,,,
structured-2x2-bf16-native-log15-hier-r4-t256-b8,structured-2x2-bf16-native-log15-b8,full,butterfly,cuButterfly-hier-r4-t256,0,3,8,1,0.029309,native,16,32,16,1,broadcast,floating-fma,hier-r4-t256,64,44,2048,5,40,0.625,512,1.28,1.0,register,1048576,0.16666666666666666,0,Tesla V100-SXM2-16GB,7.0,structured-2x2,bf16,forward,none,out-of-place,0,,,,0.000000,,hierarchical,radix4,four-mul,table,direct-strided,0.92387949999999996:-0.38268340000000001:0.38268340000000001:0.92387949999999996,1,15,,,,,,0,,,shared,linear,scalar,0,named-barrier,256,0,0,8,8,0,0,8,0,0,0,15,32768,8,1,32768,1000,100,0.129792,0.043796,0.147680,182663.067305,44.891275,5985503389.449726,0.000000,-1,,,,,,,,,,,,
structured-2x2-fp32-log8-temporal-r4-t128-b959,structured-2x2-fp32-log8-b959,full,butterfly,cuButterfly-temporal-r4-t128,0,5,959,1,0.000000,native,32,32,32,0,broadcast,floating-fma,temporal-r4-t128,1,38,1024,12,48,0.75,959,0.9989583333333333,0.9989583333333333,register,1964032,0.3121744791666667,0,Tesla V100-SXM2-16GB,7.0,structured-2x2,fp32,forward,none,out-of-place,0,,,,0.000000,,temporal-tile,radix4,four-mul,table,direct-strided,0.92387949999999996:-0.38268340000000001:0.38268340000000001:0.92387949999999996,1,8,,,,,,0,,,shared,linear,scalar,0,named-barrier,128,0,0,8,8,0,0,0,0,0,0,8,256,959,1,256,1000,100,0.235264,0.004813,0.263552,199260311.655978,204.042559,51010639783.930374,0.000000,-1,,,,,,,,,,,,
fwht-fp16-fp32-log8-temporal-r2-t128-b1279,fwht-fp16-fp32-log8-b1279,full,butterfly,cuButterfly-temporal-r2-t128,0,1,1279,1,0.000572,fp32,16,32,32,0,implicit-sign,floating-add,temporal-r2-t128,1,30,512,16,64,1.0,1279,0.99921875,0.99921875,register+thread+warp,1309696,0.20817057291666666,0,Tesla V100-SXM2-16GB,7.0,fwht,fp16,forward,none,out-of-place,0,,,,0.000000,,temporal-tile,radix2,four-mul,table,direct-strided,,1,8,,,,,,0,,,shared,linear,scalar,0,named-barrier,128,0,0,8,8,0,0,0,0,0,0,8,256,1279,1,256,1000,100,0.171936,0.005540,0.170048,230873090.169758,236.414044,59103511083.457985,0.000000,-1,,,,,,,,,,,,
structured-2x2-fp32-log8-temporal-r2-t128-b959,structured-2x2-fp32-log8-b959,full,butterfly,cuButterfly-temporal-r2-t128,0,2,959,1,0.000000,native,32,32,32,0,broadcast,floating-fma,temporal-r2-t128,1,30,1024,16,64,1.0,959,0.74921875,0.74921875,register+thread+warp,1964032,0.3121744791666667,0,Tesla V100-SXM2-16GB,7.0,structured-2x2,fp32,forward,none,out-of-place,0,,,,0.000000,,temporal-tile,radix2,four-mul,table,direct-strided,0.92387949999999996:-0.38268340000000001:0.38268340000000001:0.92387949999999996,1,8,,,,,,0,,,shared,linear,scalar,0,named-barrier,128,0,0,8,8,0,0,0,0,0,0,8,256,959,1,256,1000,100,0.240896,0.005888,0.270752,162873637.690219,166.782605,41695651248.696022,0.000000,-1,,,,,,,,,,,,
fwht-bf16-native-log20-hier-r4-t256-b1,fwht-bf16-native-log20-b1,full,butterfly,cuButterfly-hier-r4-t256,0,1,1,1,0.008012,native,16,32,16,1,implicit-sign,floating-add,hier-r4-t256,512,44,2048,5,40,0.625,512,1.28,1.0,register,4194304,0.6666666666666666,0,Tesla V100-SXM2-16GB,7.0,fwht,bf16,forward,none,out-of-place,0,,,,0.000000,,hierarchical,radix4,four-mul,table,direct-strided,,1,20,,,,,,0,,,shared,linear,scalar,0,named-barrier,256,0,0,8,8,0,0,10,0,0,0,20,1048576,1,1,1048576,1000,100,0.420128,0.084490,0.426080,11835.686637,124.106170,12410616950.708672,0.000000,-1,,,,,,,,,,,,
structured-2x2-fp32-log8-temporal-r4-t128-b959,structured-2x2-fp32-log8-b959,full,butterfly,cuButterfly-temporal-r4-t128,0,3,959,1,0.000000,native,32,32,32,0,broadcast,floating-fma,temporal-r4-t128,1,38,1024,12,48,0.75,959,0.9989583333333333,0.9989583333333333,register,1964032,0.3121744791666667,0,Tesla V100-SXM2-16GB,7.0,structured-2x2,fp32,forward,none,out-of-place,0,,,,0.000000,,temporal-tile,radix4,four-mul,table,direct-strided,0.92387949999999996:-0.38268340000000001:0.38268340000000001:0.92387949999999996,1,8,,,,,,0,,,shared,linear,scalar,0,named-barrier,128,0,0,8,8,0,0,0,0,0,0,8,256,959,1,256,1000,100,0.229248,0.004772,0.257600,200970702.015956,205.793999,51448499716.084625,0.000000,-1,,,,,,,,,,,,
fft-fp64-log20-online-r4-t256-b1,fft-fp64-log20-b1,full,butterfly,cuButterfly-online-r4-t256,0,5,1,1,0.000000,native,64,64,64,0,per-stage-twiddle,floating-complex,online-r4-t256,512,58,16384,4,32,0.5,512,1.6,1.0,register,33554432,5.333333333333333,0,Tesla V100-SXM2-16GB,7.0,fft,fp64,forward,none,out-of-place,0,,,,0.000000,,online-reorder,radix4,four-mul,table,direct-strided,,2,10x10,0x0,8x8,table,direct-strided,global-scratch,2,0x0,8x8,shared,linear,scalar,0,named-barrier,256,0,0,8,8,0,0,10,1,0,0,20,1048576,1,1,1048576,1000,100,2.760416,0.277975,2.597984,3597.445133,37.721946,3772194627.577663,0.000000,-1,,,,,,,,,,,,
structured-2x2-fp32-log15-hier-r4-t256-b9,structured-2x2-fp32-log15-b9,full,butterfly,cuButterfly-hier-r4-t256,0,3,9,1,0.000000,native,32,32,32,0,broadcast,floating-fma,hier-r4-t256,64,44,4096,5,40,0.625,576,1.44,1.0,register,2359296,0.375,0,Tesla V100-SXM2-16GB,7.0,structured-2x2,fp32,forward,none,out-of-place,0,,,,0.000000,,hierarchical,radix4,four-mul,table,direct-strided,0.92387949999999996:-0.38268340000000001:0.38268340000000001:0.92387949999999996,1,15,,,,,,0,,,shared,linear,scalar,0,named-barrier,256,0,0,8,8,0,0,8,0,0,0,15,32768,9,1,32768,1000,100,0.289440,0.025999,0.319168,346162.369916,85.072864,11343048537.411003,0.000000,-1,,,,,,,,,,,,
fft-fp64-log8-temporal-r4-t128-b1440,fft-fp64-log8-b1440,full,butterfly,cuButterfly-temporal-r4-t128,0,1,1440,1,0.000000,native,64,64,64,0,per-stage-twiddle,floating-complex,temporal-r4-t128,1,50,4096,9,36,0.5625,1440,2.0,1.0,register,11796480,1.875,0,Tesla V100-SXM2-16GB,7.0,fft,fp64,forward,none,out-of-place,0,,,,0.000000,,temporal-tile,radix4,four-mul,table,direct-strided,,1,8,,,,,,0,,,shared,linear,scalar,0,named-barrier,128,0,0,8,8,0,0,0,0,0,0,8,256,1440,1,256,1000,100,1.031776,0.023235,0.955872,61976638.796341,63.464078,15866019531.863178,0.000000,-1,,,,,,,,,,,,
structured-2x2-fp32-log15-hier-r4-t256-b7,structured-2x2-fp32-log15-b7,full,butterfly,cuButterfly-hier-r4-t256,0,5,7,1,0.000000,native,32,32,32,0,broadcast,floating-fma,hier-r4-t256,64,44,4096,5,40,0.625,448,1.12,1.0,register,1835008,0.2916666666666667,0,Tesla V100-SXM2-16GB,7.0,structured-2x2,fp32,forward,none,out-of-place,0,,,,0.000000,,hierarchical,radix4,four-mul,table,direct-strided,0.92387949999999996:-0.38268340000000001:0.38268340000000001:0.92387949999999996,1,15,,,,,,0,,,shared,linear,scalar,0,named-barrier,256,0,0,8,8,0,0,8,0,0,0,15,32768,7,1,32768,1000,100,0.215072,0.024003,0.269408,291635.565155,71.672356,9556314198.990616,0.000000,-1,,,,,,,,,,,,
structured-2x2-bf16-native-log15-online-r2-t256-b6,structured-2x2-bf16-native-log15-b6,full,butterfly,cuButterfly-online-r2-t256,0,5,6,1,0.029309,native,16,32,16,1,broadcast,floating-fma,online-r2-t256,64,36,1024,6,48,0.75,384,0.8,0.8,register,786432,0.125,0,Tesla V100-SXM2-16GB,7.0,structured-2x2,bf16,forward,none,out-of-place,0,,,,0.000000,,online-reorder,radix2,four-mul,table,direct-strided,0.92387949999999996:-0.38268340000000001:0.38268340000000001:0.92387949999999996,2,8x7,0x0,8x8,table,direct-strided,global-scratch,2,0x0,8x8,shared,linear,scalar,0,named-barrier,256,0,0,8,8,0,0,8,1,0,0,15,32768,6,1,32768,1000,100,0.096608,0.033300,0.116992,180177.573629,44.280440,5904058732.686656,0.000000,-1,,,,,,,,,,,,
fft-fp64-log8-temporal-r4-t128-b961,fft-fp64-log8-b961,full,butterfly,cuButterfly-temporal-r4-t128,0,3,961,1,0.000000,native,64,64,64,0,per-stage-twiddle,floating-complex,temporal-r4-t128,1,50,4096,9,36,0.5625,961,1.3347222222222221,1.0,register,7872512,1.2513020833333333,0,Tesla V100-SXM2-16GB,7.0,fft,fp64,forward,none,out-of-place,0,,,,0.000000,,temporal-tile,radix4,four-mul,table,direct-strided,,1,8,,,,,,0,,,shared,linear,scalar,0,named-barrier,128,0,0,8,8,0,0,0,0,0,0,8,256,961,1,256,1000,100,0.703488,0.017142,0.702560,56061917.181223,57.407403,14351850798.393074,0.000000,-1,,,,,,,,,,,,
fft-fp16-native-log20-hier-r4-t256-b2,fft-fp16-native-log20-b2,full,butterfly,cuButterfly-hier-r4-t256,0,1,2,1,0.001330,native,16,16,16,0,per-stage-twiddle,floating-complex,hier-r4-t256,512,48,4096,5,40,0.625,1024,2.56,1.0,register,16777216,2.6666666666666665,0,Tesla V100-SXM2-16GB,7.0,fft,fp16,forward,none,out-of-place,0,,,,0.000000,,hierarchical,radix4,four-mul,table,direct-strided,,1,20,,,,,,0,,,shared,linear,scalar,0,named-barrier,256,0,0,8,8,0,0,10,0,0,0,20,1048576,2,1,1048576,1000,100,1.427584,0.294369,1.360672,6794.187212,71.242216,7124221649.725019,0.000000,-1,,,,,,,,,,,,
fwht-fp16-fp32-log8-temporal-r2-t128-b961,fwht-fp16-fp32-log8-b961,full,butterfly,cuButterfly-temporal-r2-t128,0,1,961,1,0.000572,fp32,16,32,32,0,implicit-sign,floating-add,temporal-r2-t128,1,30,512,16,64,1.0,961,0.75078125,0.75078125,register+thread+warp,984064,0.15641276041666666,0,Tesla V100-SXM2-16GB,7.0,fwht,fp16,forward,none,out-of-place,0,,,,0.000000,,temporal-tile,radix2,four-mul,table,direct-strided,,1,8,,,,,,0,,,shared,linear,scalar,0,named-barrier,128,0,0,8,8,0,0,0,0,0,0,8,256,961,1,256,1000,100,0.132416,0.004844,0.152928,198409421.223722,203.171247,50792811833.272896,0.000000,-1,,,,,,,,,,,,
fwht-fp32-log15-online-r4-t256-b13,fwht-fp32-log15-b13,full,butterfly,cuButterfly-online-r4-t256,0,3,13,1,0.000000,native,32,32,32,0,implicit-sign,floating-add,online-r4-t256,64,46,4096,5,40,0.625,832,2.08,1.0,register,3407872,0.5416666666666666,0,Tesla V100-SXM2-16GB,7.0,fwht,fp32,forward,none,out-of-place,0,,,,0.000000,,online-reorder,radix4,four-mul,table,direct-strided,,2,8x7,0x0,8x8,table,direct-strided,global-scratch,2,0x0,8x8,shared,linear,scalar,0,named-barrier,256,0,0,8,8,0,0,8,1,0,0,15,32768,13,1,32768,1000,100,0.389824,0.037335,0.322880,348198.350258,85.573227,11409763541.238323,0.000000,-1,,,,,,,,,,,,
structured-2x2-bf16-native-log20-online-r2-t256-b1,structured-2x2-bf16-native-log20-b1,full,butterfly,cuButterfly-online-r2-t256,0,1,1,1,0.038303,native,16,32,16,1,broadcast,floating-fma,online-r2-t256,512,36,1024,6,48,0.75,512,1.0666666666666667,1.0,register,4194304,0.6666666666666666,0,Tesla V100-SXM2-16GB,7.0,structured-2x2,bf16,forward,none,out-of-place,0,,,,0.000000,,online-reorder,radix2,four-mul,table,direct-strided,0.92387949999999996:-0.38268340000000001:0.38268340000000001:0.92387949999999996,2,10x10,0x0,8x8,table,direct-strided,global-scratch,2,0x0,8x8,shared,linear,scalar,0,named-barrier,256,0,0,8,8,0,0,10,1,0,0,20,1048576,1,1,1048576,1000,100,0.429856,0.167926,0.418272,5955.012495,62.442832,6244283182.423196,0.000000,-1,,,,,,,,,,,,
fwht-bf16-native-log15-online-r2-t256-b8,fwht-bf16-native-log15-b8,full,butterfly,cuButterfly-online-r2-t256,0,2,8,1,0.006966,native,16,32,16,1,implicit-sign,floating-add,online-r2-t256,64,36,1024,6,48,0.75,512,1.0666666666666667,1.0,register,1048576,0.16666666666666666,0,Tesla V100-SXM2-16GB,7.0,fwht,bf16,forward,none,out-of-place,0,,,,0.000000,,online-reorder,radix2,four-mul,table,direct-strided,,2,8x7,0x0,8x8,table,direct-strided,global-scratch,2,0x0,8x8,shared,linear,scalar,0,named-barrier,256,0,0,8,8,0,0,8,1,0,0,15,32768,8,1,32768,1000,100,0.121824,0.027986,0.144448,285858.019929,70.252467,9366995597.042683,0.000000,-1,,,,,,,,,,,,
fwht-bf16-native-log8-temporal-r4-t128-b1280,fwht-bf16-native-log8-b1280,full,butterfly,cuButterfly-temporal-r4-t128,0,5,1280,1,0.005010,native,16,32,16,1,implicit-sign,floating-add,temporal-r4-t128,1,38,512,12,48,0.75,1280,1.3333333333333333,1.0,register,1310720,0.20833333333333334,0,Tesla V100-SXM2-16GB,7.0,fwht,bf16,forward,none,out-of-place,0,,,,0.000000,,temporal-tile,radix4,four-mul,table,direct-strided,,1,8,,,,,,0,,,shared,linear,scalar,0,named-barrier,128,0,0,8,8,0,0,0,0,0,0,8,256,1280,1,256,1000,100,0.168864,0.008028,0.174016,159438778.502190,163.265309,40816327296.560593,0.000000,-1,,,,,,,,,,,,
fft-fp16-native-log20-hier-r4-t256-b3,fft-fp16-native-log20-b3,full,butterfly,cuButterfly-hier-r4-t256,0,4,3,1,0.001330,native,16,16,16,0,per-stage-twiddle,floating-complex,hier-r4-t256,512,48,4096,5,40,0.625,1536,3.84,1.0,register,25165824,4.0,0,Tesla V100-SXM2-16GB,7.0,fft,fp16,forward,none,out-of-place,0,,,,0.000000,,hierarchical,radix4,four-mul,table,direct-strided,,1,20,,,,,,0,,,shared,linear,scalar,0,named-barrier,256,0,0,8,8,0,0,10,0,0,0,20,1048576,3,1,1048576,1000,100,2.089312,0.428790,2.000512,6996.436146,73.362950,7336295028.543357,0.000000,-1,,,,,,,,,,,,
fwht-bf16-native-log8-temporal-r2-t128-b1280,fwht-bf16-native-log8-b1280,full,butterfly,cuButterfly-temporal-r2-t128,0,4,1280,1,0.005010,native,16,32,16,1,implicit-sign,floating-add,temporal-r2-t128,1,30,512,16,64,1.0,1280,1.0,1.0,register+thread+warp,1310720,0.20833333333333334,0,Tesla V100-SXM2-16GB,7.0,fwht,bf16,forward,none,out-of-place,0,,,,0.000000,,temporal-tile,radix2,four-mul,table,direct-strided,,1,8,,,,,,0,,,shared,linear,scalar,0,named-barrier,128,0,0,8,8,0,0,0,0,0,0,8,256,1280,1,256,1000,100,0.193216,0.008509,0.167808,150421189.621340,154.031298,38507824543.063148,0.000000,-1,,,,,,,,,,,,
subset-zeta-uint32-zeta-log8-temporal-r4-t128-b961,subset-zeta-uint32-zeta-log8-b961,full,butterfly,cuButterfly-temporal-r4-t128,0,4,961,1,0.000000,native,32,32,32,0,implicit-unit,integer-add,temporal-r4-t128,1,38,1024,12,48,0.75,961,1.0010416666666666,1.0,register,1968128,0.3128255208333333,0,Tesla V100-SXM2-16GB,7.0,subset-zeta,uint32,forward,none,out-of-place,0,,,,0.000000,,temporal-tile,radix4,four-mul,table,direct-strided,,1,8,,,,,,0,,,shared,linear,scalar,0,named-barrier,128,0,0,8,8,0,0,0,0,0,0,8,256,961,1,256,1000,100,0.275648,0.004229,0.236704,227234035.640301,232.687652,58171913123.917000,0.000000,-1,,,,,,,,,,,,
fft-fp16-fp32-log15-online-r4-t256-b6,fft-fp16-fp32-log15-b6,full,butterfly,cuButterfly-online-r4-t256,0,3,6,1,0.001078,fp32,16,32,32,0,per-stage-twiddle,floating-complex,online-r4-t256,64,50,4096,4,32,0.5,384,1.2,1.0,register,1572864,0.25,0,Tesla V100-SXM2-16GB,7.0,fft,fp16,forward,none,out-of-place,0,,,,0.000000,,online-reorder,radix4,four-mul,table,direct-strided,,2,8x7,0x0,8x8,table,direct-strided,global-scratch,2,0x0,8x8,shared,linear,scalar,0,named-barrier,256,0,0,8,8,0,0,8,1,0,0,15,32768,6,1,32768,1000,100,0.238720,0.028672,0.214240,209263.403581,51.428574,6857143208.555591,0.000000,-1,,,,,,,,,,,,
fft-fp16-fp32-log8-temporal-r4-t128-b801,fft-fp16-fp32-log8-b801,full,butterfly,cuButterfly-temporal-r4-t128,0,2,801,1,0.000747,fp32,16,32,32,0,per-stage-twiddle,floating-complex,temporal-r4-t128,1,42,1024,10,40,0.625,801,1.00125,1.0,register,1640448,0.2607421875,0,Tesla V100-SXM2-16GB,7.0,fft,fp16,forward,none,out-of-place,0,,,,0.000000,,temporal-tile,radix4,four-mul,table,direct-strided,,1,8,,,,,,0,,,shared,linear,scalar,0,named-barrier,128,0,0,8,8,0,0,0,0,0,0,8,256,801,1,256,1000,100,0.201408,0.006257,0.233088,128023988.186989,131.096564,32774140975.869068,0.000000,-1,,,,,,,,,,,,
fft-fp16-fp32-log8-temporal-r2-t128-b1280,fft-fp16-fp32-log8-b1280,full,butterfly,cuButterfly-temporal-r2-t128,0,2,1280,1,0.000747,fp32,16,32,32,0,per-stage-twiddle,floating-complex,temporal-r2-t128,1,32,1024,16,64,1.0,1280,1.0,1.0,register+thread+warp,2621440,0.4166666666666667,0,Tesla V100-SXM2-16GB,7.0,fft,fp16,forward,none,out-of-place,0,,,,0.000000,,temporal-tile,radix2,four-mul,table,direct-strided,,1,8,,,,,,0,,,shared,linear,scalar,0,named-barrier,128,0,0,8,8,0,0,0,0,0,0,8,256,1280,1,256,1000,100,0.306496,0.008417,0.338944,152068136.284802,155.717772,38929442888.909416,0.000000,-1,,,,,,,,,,,,
fft-fp16-fp32-log15-online-r4-t256-b4,fft-fp16-fp32-log15-b4,full,butterfly,cuButterfly-online-r4-t256,0,3,4,1,0.001078,fp32,16,32,32,0,per-stage-twiddle,floating-complex,online-r4-t256,64,50,4096,4,32,0.5,256,0.8,0.8,register,1048576,0.16666666666666666,0,Tesla V100-SXM2-16GB,7.0,fft,fp16,forward,none,out-of-place,0,,,,0.000000,,online-reorder,radix4,four-mul,table,direct-strided,,2,8x7,0x0,8x8,table,direct-strided,global-scratch,2,0x0,8x8,shared,linear,scalar,0,named-barrier,256,0,0,8,8,0,0,8,1,0,0,15,32768,4,1,32768,1000,100,0.139776,0.021279,0.137120,187981.228870,46.198267,6159768907.612322,0.000000,-1,,,,,,,,,,,,
fwht-fp16-fp32-log8-temporal-r4-t128-b961,fwht-fp16-fp32-log8-b961,full,butterfly,cuButterfly-temporal-r4-t128,0,2,961,1,0.000572,fp32,16,32,32,0,implicit-sign,floating-add,temporal-r4-t128,1,38,512,12,48,0.75,961,1.0010416666666666,1.0,register,984064,0.15641276041666666,0,Tesla V100-SXM2-16GB,7.0,fwht,fp16,forward,none,out-of-place,0,,,,0.000000,,temporal-tile,radix4,four-mul,table,direct-strided,,1,8,,,,,,0,,,shared,linear,scalar,0,named-barrier,128,0,0,8,8,0,0,0,0,0,0,8,256,961,1,256,1000,100,0.134272,0.004332,0.131712,221862080.361493,227.186770,56796692572.542198,0.000000,-1,,,,,,,,,,,,
subset-zeta-uint32-zeta-log8-temporal-r2-t128-b1281,subset-zeta-uint32-zeta-log8-b1281,full,butterfly,cuButterfly-temporal-r2-t128,0,3,1281,1,0.000000,native,32,32,32,0,implicit-unit,integer-add,temporal-r2-t128,1,30,1024,16,64,1.0,1281,1.00078125,1.0,register+thread+warp,2623488,0.4169921875,0,Tesla V100-SXM2-16GB,7.0,subset-zeta,uint32,forward,none,out-of-place,0,,,,0.000000,,temporal-tile,radix2,four-mul,table,direct-strided,,1,8,,,,,,0,,,shared,linear,scalar,0,named-barrier,128,0,0,8,8,0,0,0,0,0,0,8,256,1281,1,256,1000,100,0.304032,0.005253,0.306112,243855086.915518,249.707609,62426902250.372551,0.000000,-1,,,,,,,,,,,,
fft-fp16-native-log20-online-r4-t256-b1,fft-fp16-native-log20-b1,full,butterfly,cuButterfly-online-r4-t256,0,3,1,1,0.001330,native,16,16,16,0,per-stage-twiddle,floating-complex,online-r4-t256,512,50,4096,4,32,0.5,512,1.6,1.0,register,8388608,1.3333333333333333,0,Tesla V100-SXM2-16GB,7.0,fft,fp16,forward,none,out-of-place,0,,,,0.000000,,online-reorder,radix4,four-mul,table,direct-strided,,2,10x10,0x0,8x8,table,direct-strided,global-scratch,2,0x0,8x8,shared,linear,scalar,0,named-barrier,256,0,0,8,8,0,0,10,1,0,0,20,1048576,1,1,1048576,1000,100,0.746112,0.127601,0.782688,7836.951284,82.176390,8217639030.016814,0.000000,-1,,,,,,,,,,,,
subset-zeta-uint32-zeta-log8-temporal-r2-t128-b1920,subset-zeta-uint32-zeta-log8-b1920,full,butterfly,cuButterfly-temporal-r2-t128,0,1,1920,1,0.000000,native,32,32,32,0,implicit-unit,integer-add,temporal-r2-t128,1,30,1024,16,64,1.0,1920,1.5,1.0,register+thread+warp,3932160,0.625,0,Tesla V100-SXM2-16GB,7.0,subset-zeta,uint32,forward,none,out-of-place,0,,,,0.000000,,temporal-tile,radix2,four-mul,table,direct-strided,,1,8,,,,,,0,,,shared,linear,scalar,0,named-barrier,128,0,0,8,8,0,0,0,0,0,0,8,256,1920,1,256,1000,100,0.399584,0.006666,0.400160,288018420.980351,294.930863,73732715770.969971,0.000000,-1,,,,,,,,,,,,
fft-bf16-fp32-log8-temporal-r2-t128-b1280,fft-bf16-fp32-log8-b1280,full,butterfly,cuButterfly-temporal-r2-t128,0,2,1280,1,0.006154,fp32,16,32,32,0,per-stage-twiddle,floating-complex,temporal-r2-t128,1,32,1024,16,64,1.0,1280,1.0,1.0,register+thread+warp,2621440,0.4166666666666667,0,Tesla V100-SXM2-16GB,7.0,fft,bf16,forward,none,out-of-place,0,,,,0.000000,,temporal-tile,radix2,four-mul,table,direct-strided,,1,8,,,,,,0,,,shared,linear,scalar,0,named-barrier,128,0,0,8,8,0,0,0,0,0,0,8,256,1280,1,256,1000,100,0.295776,0.017326,0.274912,73877071.504347,75.650121,18912530305.112907,0.000000,-1,,,,,,,,,,,,
fft-fp16-fp32-log8-temporal-r2-t128-b1600,fft-fp16-fp32-log8-b1600,full,butterfly,cuButterfly-temporal-r2-t128,0,3,1600,1,0.000747,fp32,16,32,32,0,per-stage-twiddle,floating-complex,temporal-r2-t128,1,32,1024,16,64,1.0,1600,1.25,1.0,register+thread+warp,3276800,0.5208333333333334,0,Tesla V100-SXM2-16GB,7.0,fft,fp16,forward,none,out-of-place,0,,,,0.000000,,temporal-tile,radix2,four-mul,table,direct-strided,,1,8,,,,,,0,,,shared,linear,scalar,0,named-barrier,128,0,0,8,8,0,0,0,0,0,0,8,256,1600,1,256,1000,100,0.349056,0.010383,0.323744,154092700.865581,157.790926,39447731421.588638,0.000000,-1,,,,,,,,,,,,
fft-bf16-fp32-log8-temporal-r4-t128-b801,fft-bf16-fp32-log8-b801,full,butterfly,cuButterfly-temporal-r4-t128,0,5,801,1,0.006154,fp32,16,32,32,0,per-stage-twiddle,floating-complex,temporal-r4-t128,1,42,1024,10,40,0.625,801,1.00125,1.0,register,1640448,0.2607421875,0,Tesla V100-SXM2-16GB,7.0,fft,bf16,forward,none,out-of-place,0,,,,0.000000,,temporal-tile,radix4,four-mul,table,direct-strided,,1,8,,,,,,0,,,shared,linear,scalar,0,named-barrier,128,0,0,8,8,0,0,0,0,0,0,8,256,801,1,256,1000,100,0.187616,0.012964,0.213376,61787249.144439,63.270143,15817535780.976433,0.000000,-1,,,,,,,,,,,,
fft-fp64-log20-online-r2-t256-b1,fft-fp64-log20-b1,full,butterfly,cuButterfly-online-r2-t256,0,1,1,1,0.000000,native,64,64,64,0,per-stage-twiddle,floating-complex,online-r2-t256,512,42,8192,5,40,0.625,512,1.28,1.0,register,33554432,5.333333333333333,0,Tesla V100-SXM2-16GB,7.0,fft,fp64,forward,none,out-of-place,0,,,,0.000000,,online-reorder,radix2,four-mul,table,direct-strided,,2,10x10,0x0,8x8,table,direct-strided,global-scratch,2,0x0,8x8,shared,linear,scalar,0,named-barrier,256,0,0,8,8,0,0,10,1,0,0,20,1048576,1,1,1048576,1000,100,2.760000,0.306063,2.615744,3267.297397,34.260096,3426009635.728587,0.000000,-1,,,,,,,,,,,,
structured-2x2-fp16-fp32-log18-hier-r4-t256-b1,structured-2x2-fp16-fp32-log18-b1,full,butterfly,cuButterfly-hier-r4-t256,0,2,1,1,0.001906,fp32,16,32,32,0,broadcast,floating-fma,hier-r4-t256,256,44,2048,5,40,0.625,256,0.64,0.64,register,1048576,0.16666666666666666,0,Tesla V100-SXM2-16GB,7.0,structured-2x2,fp16,forward,none,out-of-place,0,,,,0.000000,,hierarchical,radix4,four-mul,table,direct-strided,0.92387949999999996:-0.38268340000000001:0.38268340000000001:0.92387949999999996,1,18,,,,,,0,,,shared,linear,scalar,0,named-barrier,256,0,0,8,8,0,0,9,0,0,0,18,262144,1,1,262144,1000,100,0.123168,0.030464,0.146080,32825.629175,77.445376,8605041734.361277,0.000000,-1,,,,,,,,,,,,
fwht-fp32-log15-online-r4-t256-b8,fwht-fp32-log15-b8,full,butterfly,cuButterfly-online-r4-t256,0,3,8,1,0.000000,native,32,32,32,0,implicit-sign,floating-add,online-r4-t256,64,46,4096,5,40,0.625,512,1.28,1.0,register,2097152,0.3333333333333333,0,Tesla V100-SXM2-16GB,7.0,fwht,fp32,forward,none,out-of-place,0,,,,0.000000,,online-reorder,radix4,four-mul,table,direct-strided,,2,8x7,0x0,8x8,table,direct-strided,global-scratch,2,0x0,8x8,shared,linear,scalar,0,named-barrier,256,0,0,8,8,0,0,8,1,0,0,15,32768,8,1,32768,1000,100,0.254208,0.025262,0.275392,316680.176688,77.827320,10376976029.696053,0.000000,-1,,,,,,,,,,,,
structured-2x2-fp16-fp32-log18-hier-r4-t256-b1,structured-2x2-fp16-fp32-log18-b1,full,butterfly,cuButterfly-hier-r4-t256,0,1,1,1,0.001906,fp32,16,32,32,0,broadcast,floating-fma,hier-r4-t256,256,44,2048,5,40,0.625,256,0.64,0.64,register,1048576,0.16666666666666666,0,Tesla V100-SXM2-16GB,7.0,structured-2x2,fp16,forward,none,out-of-place,0,,,,0.000000,,hierarchical,radix4,four-mul,table,direct-strided,0.92387949999999996:-0.38268340000000001:0.38268340000000001:0.92387949999999996,1,18,,,,,,0,,,shared,linear,scalar,0,named-barrier,256,0,0,8,8,0,0,9,0,0,0,18,262144,1,1,262144,1000,100,0.120864,0.030444,0.145984,32847.711435,77.497474,8610830466.543415,0.000000,-1,,,,,,,,,,,,
fwht-fp16-native-log20-hier-r4-t256-b1,fwht-fp16-native-log20-b1,full,butterfly,cuButterfly-hier-r4-t256,0,3,1,1,0.001000,native,16,16,16,0,implicit-sign,floating-add,hier-r4-t256,512,44,2048,5,40,0.625,512,1.28,1.0,register,4194304,0.6666666666666666,0,Tesla V100-SXM2-16GB,7.0,fwht,fp16,forward,none,out-of-place,0,,,,0.000000,,hierarchical,radix4,four-mul,table,direct-strided,,1,20,,,,,,0,,,shared,linear,scalar,0,named-barrier,256,0,0,8,8,0,0,10,0,0,0,20,1048576,1,1,1048576,1000,100,0.423520,0.058286,0.408768,17156.754506,179.901610,17990161013.194702,0.000000,-1,,,,,,,,,,,,
fwht-fp16-fp32-log8-temporal-r2-t128-b1279,fwht-fp16-fp32-log8-b1279,full,butterfly,cuButterfly-temporal-r2-t128,0,3,1279,1,0.000572,fp32,16,32,32,0,implicit-sign,floating-add,temporal-r2-t128,1,30,512,16,64,1.0,1279,0.99921875,0.99921875,register+thread+warp,1309696,0.20817057291666666,0,Tesla V100-SXM2-16GB,7.0,fwht,fp16,forward,none,out-of-place,0,,,,0.000000,,temporal-tile,radix2,four-mul,table,direct-strided,,1,8,,,,,,0,,,shared,linear,scalar,0,named-barrier,128,0,0,8,8,0,0,0,0,0,0,8,256,1279,1,256,1000,100,0.171296,0.005478,0.187744,233462333.045412,239.065429,59766357259.625389,0.000000,-1,,,,,,,,,,,,
structured-2x2-fp16-fp32-log20-online-r4-t256-b1,structured-2x2-fp16-fp32-log20-b1,full,butterfly,cuButterfly-online-r4-t256,0,4,1,1,0.002086,fp32,16,32,32,0,broadcast,floating-fma,online-r4-t256,512,46,2048,5,40,0.625,512,1.28,1.0,register,4194304,0.6666666666666666,0,Tesla V100-SXM2-16GB,7.0,structured-2x2,fp16,forward,none,out-of-place,0,,,,0.000000,,online-reorder,radix4,four-mul,table,direct-strided,0.92387949999999996:-0.38268340000000001:0.38268340000000001:0.92387949999999996,2,10x10,0x0,8x8,table,direct-strided,global-scratch,2,0x0,8x8,shared,linear,scalar,0,named-barrier,256,0,0,8,8,0,0,10,1,0,0,20,1048576,1,1,1048576,1000,100,0.417504,0.096113,0.418272,10404.458908,109.098659,10909865903.721699,0.000000,-1,,,,,,,,,,,,
fwht-fp16-native-log18-online-r4-t256-b1,fwht-fp16-native-log18-b1,full,butterfly,cuButterfly-online-r4-t256,0,5,1,1,0.000950,native,16,16,16,0,implicit-sign,floating-add,online-r4-t256,256,46,2048,5,40,0.625,256,0.64,0.64,register,1048576,0.16666666666666666,0,Tesla V100-SXM2-16GB,7.0,fwht,fp16,forward,none,out-of-place,0,,,,0.000000,,online-reorder,radix4,four-mul,table,direct-strided,,2,9x9,0x0,8x8,table,direct-strided,global-scratch,2,0x0,8x8,shared,linear,scalar,0,named-barrier,256,0,0,8,8,0,0,9,1,0,0,18,262144,1,1,262144,1000,100,0.129664,0.026122,0.139584,38281.555740,90.317521,10035280147.918419,0.000000,-1,,,,,,,,,,,,
fwht-fp16-fp32-log8-temporal-r2-t128-b1279,fwht-fp16-fp32-log8-b1279,full,butterfly,cuButterfly-temporal-r2-t128,0,2,1279,1,0.000572,fp32,16,32,32,0,implicit-sign,floating-add,temporal-r2-t128,1,30,512,16,64,1.0,1279,0.99921875,0.99921875,register+thread+warp,1309696,0.20817057291666666,0,Tesla V100-SXM2-16GB,7.0,fwht,fp16,forward,none,out-of-place,0,,,,0.000000,,temporal-tile,radix2,four-mul,table,direct-strided,,1,8,,,,,,0,,,shared,linear,scalar,0,named-barrier,128,0,0,8,8,0,0,0,0,0,0,8,256,1279,1,256,1000,100,0.189664,0.005489,0.183008,233026753.803270,238.619396,59654848973.637131,0.000000,-1,,,,,,,,,,,,
fft-fp16-fp32-log8-temporal-r2-t128-b1600,fft-fp16-fp32-log8-b1600,full,butterfly,cuButterfly-temporal-r2-t128,0,1,1600,1,0.000747,fp32,16,32,32,0,per-stage-twiddle,floating-complex,temporal-r2-t128,1,32,1024,16,64,1.0,1600,1.25,1.0,register+thread+warp,3276800,0.5208333333333334,0,Tesla V100-SXM2-16GB,7.0,fft,fp16,forward,none,out-of-place,0,,,,0.000000,,temporal-tile,radix2,four-mul,table,direct-strided,,1,8,,,,,,0,,,shared,linear,scalar,0,named-barrier,128,0,0,8,8,0,0,0,0,0,0,8,256,1600,1,256,1000,100,0.353856,0.010424,0.301920,153487234.946611,157.170929,39292732146.332520,0.000000,-1,,,,,,,,,,,,
ntt-uint32-ntt-log15-ntt-hybrid-r4-t256-b321,ntt-uint32-ntt-log15-b321,full,ntt,cuButterfly-ntt-hybrid-r4-t256,0,5,321,1,,native,32,32,32,0,per-stage-root,modular-multiply-reduce,ntt-hybrid-r4-t256,1,62,4096,4,32,0.5,321,1.003125,1.0,register,84148224,13.375,0,Tesla V100-SXM2-16GB,7.0,ntt,uint32,forward,,,0,,,,0.000000,,hybrid2d,radix4,,fused,,,,,,,,,,,,,,,,0,named-barrier,,,,,,,,,,,,15,32768,321,1,32768,1000,100,6.882080,0.375828,6.372128,,,,,-1,natural,32,1073643521,30,7,4,256,0,854113.037084,23550.927286,27987575999.172134,shoup
fft-bf16-fp32-log8-temporal-r2-t128-b1279,fft-bf16-fp32-log8-b1279,full,butterfly,cuButterfly-temporal-r2-t128,0,3,1279,1,0.006154,fp32,16,32,32,0,per-stage-twiddle,floating-complex,temporal-r2-t128,1,32,1024,16,64,1.0,1279,0.99921875,0.99921875,register+thread+warp,2619392,0.4163411458333333,0,Tesla V100-SXM2-16GB,7.0,fft,bf16,forward,none,out-of-place,0,,,,0.000000,,temporal-tile,radix2,four-mul,table,direct-strided,,1,8,,,,,,0,,,shared,linear,scalar,0,named-barrier,128,0,0,8,8,0,0,0,0,0,0,8,256,1279,1,256,1000,100,0.314976,0.017910,0.262016,71413576.987922,73.127503,18281875708.908028,0.000000,-1,,,,,,,,,,,,
fft-fp16-fp32-log8-temporal-r4-t128-b1281,fft-fp16-fp32-log8-b1281,full,butterfly,cuButterfly-temporal-r4-t128,0,5,1281,1,0.000747,fp32,16,32,32,0,per-stage-twiddle,floating-complex,temporal-r4-t128,1,42,1024,10,40,0.625,1281,1.60125,1.0,register,2623488,0.4169921875,0,Tesla V100-SXM2-16GB,7.0,fft,fp16,forward,none,out-of-place,0,,,,0.000000,,temporal-tile,radix4,four-mul,table,direct-strided,,1,8,,,,,,0,,,shared,linear,scalar,0,named-barrier,128,0,0,8,8,0,0,0,0,0,0,8,256,1281,1,256,1000,100,0.311968,0.008100,0.284992,158151271.682164,161.946902,40486725550.633957,0.000000,-1,,,,,,,,,,,,
fft-fp64-log20-online-r2-t256-b1,fft-fp64-log20-b1,full,butterfly,cuButterfly-online-r2-t256,0,4,1,1,0.000000,native,64,64,64,0,per-stage-twiddle,floating-complex,online-r2-t256,512,42,8192,5,40,0.625,512,1.28,1.0,register,33554432,5.333333333333333,0,Tesla V100-SXM2-16GB,7.0,fft,fp64,forward,none,out-of-place,0,,,,0.000000,,online-reorder,radix2,four-mul,table,direct-strided,,2,10x10,0x0,8x8,table,direct-strided,global-scratch,2,0x0,8x8,shared,linear,scalar,0,named-barrier,256,0,0,8,8,0,0,10,1,0,0,20,1048576,1,1,1048576,1000,100,2.772512,0.306729,2.672576,3260.207328,34.185752,3418575158.775125,0.000000,-1,,,,,,,,,,,,
fwht-bf16-native-log15-hier-r4-t256-b7,fwht-bf16-native-log15-b7,full,butterfly,cuButterfly-hier-r4-t256,0,5,7,1,0.006966,native,16,32,16,1,implicit-sign,floating-add,hier-r4-t256,64,44,2048,5,40,0.625,448,1.12,1.0,register,917504,0.14583333333333334,0,Tesla V100-SXM2-16GB,7.0,fwht,bf16,forward,none,out-of-place,0,,,,0.000000,,hierarchical,radix4,four-mul,table,direct-strided,,1,15,,,,,,0,,,shared,linear,scalar,0,named-barrier,256,0,0,8,8,0,0,8,0,0,0,15,32768,7,1,32768,1000,100,0.108736,0.027126,0.129024,258057.294804,63.420161,8456021436.122191,0.000000,-1,,,,,,,,,,,,
fwht-fp32-log15-hier-r4-t256-b8,fwht-fp32-log15-b8,full,butterfly,cuButterfly-hier-r4-t256,0,3,8,1,0.000000,native,32,32,32,0,implicit-sign,floating-add,hier-r4-t256,64,44,4096,5,40,0.625,512,1.28,1.0,register,2097152,0.3333333333333333,0,Tesla V100-SXM2-16GB,7.0,fwht,fp32,forward,none,out-of-place,0,,,,0.000000,,hierarchical,radix4,four-mul,table,direct-strided,,1,15,,,,,,0,,,shared,linear,scalar,0,named-barrier,256,0,0,8,8,0,0,8,0,0,0,15,32768,8,1,32768,1000,100,0.267648,0.024125,0.247072,331600.169144,81.494058,10865874342.523581,0.000000,-1,,,,,,,,,,,,
fwht-bf16-native-log15-online-r2-t256-b7,fwht-bf16-native-log15-b7,full,butterfly,cuButterfly-online-r2-t256,0,5,7,1,0.006966,native,16,32,16,1,implicit-sign,floating-add,online-r2-t256,64,36,1024,6,48,0.75,448,0.9333333333333333,0.9333333333333333,register,917504,0.14583333333333334,0,Tesla V100-SXM2-16GB,7.0,fwht,bf16,forward,none,out-of-place,0,,,,0.000000,,online-reorder,radix2,four-mul,table,direct-strided,,2,8x7,0x0,8x8,table,direct-strided,global-scratch,2,0x0,8x8,shared,linear,scalar,0,named-barrier,256,0,0,8,8,0,0,8,1,0,0,15,32768,7,1,32768,1000,100,0.109952,0.025580,0.129536,273656.429742,67.253804,8967173889.776522,0.000000,-1,,,,,,,,,,,,
fwht-bf16-native-log15-hier-r4-t256-b6,fwht-bf16-native-log15-b6,full,butterfly,cuButterfly-hier-r4-t256,0,4,6,1,0.006966,native,16,32,16,1,implicit-sign,floating-add,hier-r4-t256,64,44,2048,5,40,0.625,384,0.96,0.96,register,786432,0.125,0,Tesla V100-SXM2-16GB,7.0,fwht,bf16,forward,none,out-of-place,0,,,,0.000000,,hierarchical,radix4,four-mul,table,direct-strided,,1,15,,,,,,0,,,shared,linear,scalar,0,named-barrier,256,0,0,8,8,0,0,8,0,0,0,15,32768,6,1,32768,1000,100,0.096320,0.025518,0.104288,235127.388518,57.784907,7704654266.967477,0.000000,-1,,,,,,,,,,,,
fft-bf16-fp32-log8-temporal-r2-t128-b801,fft-bf16-fp32-log8-b801,full,butterfly,cuButterfly-temporal-r2-t128,0,5,801,1,0.006154,fp32,16,32,32,0,per-stage-twiddle,floating-complex,temporal-r2-t128,1,32,1024,16,64,1.0,801,0.62578125,0.62578125,register+thread+warp,1640448,0.2607421875,0,Tesla V100-SXM2-16GB,7.0,fft,bf16,forward,none,out-of-place,0,,,,0.000000,,temporal-tile,radix2,four-mul,table,direct-strided,,1,8,,,,,,0,,,shared,linear,scalar,0,named-barrier,128,0,0,8,8,0,0,0,0,0,0,8,256,801,1,256,1000,100,0.195680,0.012677,0.200512,63184697.878350,64.701131,16175282656.857641,0.000000,-1,,,,,,,,,,,,
fft-fp16-fp32-log8-temporal-r2-t128-b1279,fft-fp16-fp32-log8-b1279,full,butterfly,cuButterfly-temporal-r2-t128,0,2,1279,1,0.000747,fp32,16,32,32,0,per-stage-twiddle,floating-complex,temporal-r2-t128,1,32,1024,16,64,1.0,1279,0.99921875,0.99921875,register+thread+warp,2619392,0.4163411458333333,0,Tesla V100-SXM2-16GB,7.0,fft,fp16,forward,none,out-of-place,0,,,,0.000000,,temporal-tile,radix2,four-mul,table,direct-strided,,1,8,,,,,,0,,,shared,linear,scalar,0,named-barrier,128,0,0,8,8,0,0,0,0,0,0,8,256,1279,1,256,1000,100,0.315712,0.008397,0.301568,152319920.383283,155.975598,38993899618.120506,0.000000,-1,,,,,,,,,,,,
ntt-uint64-ntt-log15-ntt-hybrid-r4-t256-b240,ntt-uint64-ntt-log15-b240,full,ntt,cuButterfly-ntt-hybrid-r4-t256,0,2,240,1,,native,64,64,64,0,per-stage-root,modular-multiply-reduce,ntt-hybrid-r4-t256,1,66,8192,3,24,0.375,240,1.0,1.0,register,125829120,20.0,0,Tesla V100-SXM2-16GB,7.0,ntt,uint64,forward,,,0,,,,0.000000,,hybrid2d,radix4,,fused,,,,,,,,,,,,,,,,0,named-barrier,,,,,,,,,,,,15,32768,240,1,32768,1000,100,10.187744,0.472289,9.525504,,,,,-1,natural,64,1152921504606748673,60,7,4,256,0,508163.149559,11889.700722,16651490084.759657,shoup
structured-2x2-fp32-log8-temporal-r2-t128-b960,structured-2x2-fp32-log8-b960,full,butterfly,cuButterfly-temporal-r2-t128,0,4,960,1,0.000000,native,32,32,32,0,broadcast,floating-fma,temporal-r2-t128,1,30,1024,16,64,1.0,960,0.75,0.75,register+thread+warp,1966080,0.3125,0,Tesla V100-SXM2-16GB,7.0,structured-2x2,fp32,forward,none,out-of-place,0,,,,0.000000,,temporal-tile,radix2,four-mul,table,direct-strided,0.92387949999999996:-0.38268340000000001:0.38268340000000001:0.92387949999999996,1,8,,,,,,0,,,shared,linear,scalar,0,named-barrier,128,0,0,8,8,0,0,0,0,0,0,8,256,960,1,256,1000,100,0.241664,0.005908,0.240608,162478325.779563,166.377806,41594451399.568031,0.000000,-1,,,,,,,,,,,,
subset-zeta-uint32-zeta-log8-temporal-r4-t128-b1280,subset-zeta-uint32-zeta-log8-b1280,full,butterfly,cuButterfly-temporal-r4-t128,0,1,1280,1,0.000000,native,32,32,32,0,implicit-unit,integer-add,temporal-r4-t128,1,38,1024,12,48,0.75,1280,1.3333333333333333,1.0,register,2621440,0.4166666666666667,0,Tesla V100-SXM2-16GB,7.0,subset-zeta,uint32,forward,none,out-of-place,0,,,,0.000000,,temporal-tile,radix4,four-mul,table,direct-strided,,1,8,,,,,,0,,,shared,linear,scalar,0,named-barrier,128,0,0,8,8,0,0,0,0,0,0,8,256,1280,1,256,1000,100,0.328928,0.004772,0.288032,268240353.055707,274.678122,68669530382.261024,0.000000,-1,,,,,,,,,,,,
fwht-fp32-log15-online-r4-t256-b7,fwht-fp32-log15-b7,full,butterfly,cuButterfly-online-r4-t256,0,1,7,1,0.000000,native,32,32,32,0,implicit-sign,floating-add,online-r4-t256,64,46,4096,5,40,0.625,448,1.12,1.0,register,1835008,0.2916666666666667,0,Tesla V100-SXM2-16GB,7.0,fwht,fp32,forward,none,out-of-place,0,,,,0.000000,,online-reorder,radix4,four-mul,table,direct-strided,,2,8x7,0x0,8x8,table,direct-strided,global-scratch,2,0x0,8x8,shared,linear,scalar,0,named-barrier,256,0,0,8,8,0,0,8,1,0,0,15,32768,7,1,32768,1000,100,0.229984,0.023040,0.225024,303819.464401,74.666672,9955556209.477421,0.000000,-1,,,,,,,,,,,,
fft-fp64-log8-temporal-r2-t128-b960,fft-fp64-log8-b960,full,butterfly,cuButterfly-temporal-r2-t128,0,5,960,1,0.000000,native,64,64,64,0,per-stage-twiddle,floating-complex,temporal-r2-t128,1,36,4096,12,48,0.75,960,1.0,1.0,register,7864320,1.25,0,Tesla V100-SXM2-16GB,7.0,fft,fp64,forward,none,out-of-place,0,,,,0.000000,,temporal-tile,radix2,four-mul,table,direct-strided,,1,8,,,,,,0,,,shared,linear,scalar,0,named-barrier,128,0,0,8,8,0,0,0,0,0,0,8,256,960,1,256,1000,100,0.706720,0.017469,0.657888,54953107.765848,56.271982,14067995588.057108,0.000000,-1,,,,,,,,,,,,
fwht-fp32-log15-online-r4-t256-b9,fwht-fp32-log15-b9,full,butterfly,cuButterfly-online-r4-t256,0,1,9,1,0.000000,native,32,32,32,0,implicit-sign,floating-add,online-r4-t256,64,46,4096,5,40,0.625,576,1.44,1.0,register,2359296,0.375,0,Tesla V100-SXM2-16GB,7.0,fwht,fp32,forward,none,out-of-place,0,,,,0.000000,,online-reorder,radix4,four-mul,table,direct-strided,,2,8x7,0x0,8x8,table,direct-strided,global-scratch,2,0x0,8x8,shared,linear,scalar,0,named-barrier,256,0,0,8,8,0,0,8,1,0,0,15,32768,9,1,32768,1000,100,0.307072,0.027894,0.254400,322652.816349,79.295156,10572687486.110106,0.000000,-1,,,,,,,,,,,,
fft-fp64-log8-temporal-r2-t128-b961,fft-fp64-log8-b961,full,butterfly,cuButterfly-temporal-r2-t128,0,1,961,1,0.000000,native,64,64,64,0,per-stage-twiddle,floating-complex,temporal-r2-t128,1,36,4096,12,48,0.75,961,1.0010416666666666,1.0,register,7872512,1.2513020833333333,0,Tesla V100-SXM2-16GB,7.0,fft,fp64,forward,none,out-of-place,0,,,,0.000000,,temporal-tile,radix2,four-mul,table,direct-strided,,1,8,,,,,,0,,,shared,linear,scalar,0,named-barrier,128,0,0,8,8,0,0,0,0,0,0,8,256,961,1,256,1000,100,0.707680,0.017582,0.668096,54657920.520445,55.969711,13992427653.233900,0.000000,-1,,,,,,,,,,,,
fwht-bf16-native-log8-temporal-r4-t128-b961,fwht-bf16-native-log8-b961,full,butterfly,cuButterfly-temporal-r4-t128,0,3,961,1,0.005010,native,16,32,16,1,implicit-sign,floating-add,temporal-r4-t128,1,38,512,12,48,0.75,961,1.0010416666666666,1.0,register,984064,0.15641276041666666,0,Tesla V100-SXM2-16GB,7.0,fwht,bf16,forward,none,out-of-place,0,,,,0.000000,,temporal-tile,radix4,four-mul,table,direct-strided,,1,8,,,,,,0,,,shared,linear,scalar,0,named-barrier,128,0,0,8,8,0,0,0,0,0,0,8,256,961,1,256,1000,100,0.131808,0.006892,0.124160,139446735.723484,142.793457,35698364345.212013,0.000000,-1,,,,,,,,,,,,
structured-2x2-fp16-native-log18-hier-r4-t256-b1,structured-2x2-fp16-native-log18-b1,full,butterfly,cuButterfly-hier-r4-t256,0,4,1,1,0.002014,native,16,16,16,0,broadcast,floating-fma,hier-r4-t256,256,44,2048,5,40,0.625,256,0.64,0.64,register,1048576,0.16666666666666666,0,Tesla V100-SXM2-16GB,7.0,structured-2x2,fp16,forward,none,out-of-place,0,,,,0.000000,,hierarchical,radix4,four-mul,table,direct-strided,0.92387949999999996:-0.38268340000000001:0.38268340000000001:0.92387949999999996,1,18,,,,,,0,,,shared,linear,scalar,0,named-barrier,256,0,0,8,8,0,0,9,0,0,0,18,262144,1,1,262144,1000,100,0.122304,0.029798,0.145824,33558.849184,79.175259,8797250960.365658,0.000000,-1,,,,,,,,,,,,
fwht-bf16-native-log8-temporal-r4-t128-b1279,fwht-bf16-native-log8-b1279,full,butterfly,cuButterfly-temporal-r4-t128,0,1,1279,1,0.005010,native,16,32,16,1,implicit-sign,floating-add,temporal-r4-t128,1,38,512,12,48,0.75,1279,1.3322916666666667,1.0,register,1309696,0.20817057291666666,0,Tesla V100-SXM2-16GB,7.0,fwht,bf16,forward,none,out-of-place,0,,,,0.000000,,temporal-tile,radix4,four-mul,table,direct-strided,,1,8,,,,,,0,,,shared,linear,scalar,0,named-barrier,128,0,0,8,8,0,0,0,0,0,0,8,256,1279,1,256,1000,100,0.192576,0.008110,0.163744,157704981.148196,161.489901,40372475173.938110,0.000000,-1,,,,,,,,,,,,
fft-fp64-log20-online-r2-t256-b1,fft-fp64-log20-b1,full,butterfly,cuButterfly-online-r2-t256,0,3,1,1,0.000000,native,64,64,64,0,per-stage-twiddle,floating-complex,online-r2-t256,512,42,8192,5,40,0.625,512,1.28,1.0,register,33554432,5.333333333333333,0,Tesla V100-SXM2-16GB,7.0,fft,fp64,forward,none,out-of-place,0,,,,0.000000,,online-reorder,radix2,four-mul,table,direct-strided,,2,10x10,0x0,8x8,table,direct-strided,global-scratch,2,0x0,8x8,shared,linear,scalar,0,named-barrier,256,0,0,8,8,0,0,10,1,0,0,20,1048576,1,1,1048576,1000,100,2.755648,0.304148,2.653152,3287.867656,34.475791,3447579115.325906,0.000000,-1,,,,,,,,,,,,
fft-fp16-fp32-log8-temporal-r4-t128-b1281,fft-fp16-fp32-log8-b1281,full,butterfly,cuButterfly-temporal-r4-t128,0,4,1281,1,0.000747,fp32,16,32,32,0,per-stage-twiddle,floating-complex,temporal-r4-t128,1,42,1024,10,40,0.625,1281,1.60125,1.0,register,2623488,0.4169921875,0,Tesla V100-SXM2-16GB,7.0,fft,fp16,forward,none,out-of-place,0,,,,0.000000,,temporal-tile,radix4,four-mul,table,direct-strided,,1,8,,,,,,0,,,shared,linear,scalar,0,named-barrier,128,0,0,8,8,0,0,0,0,0,0,8,256,1281,1,256,1000,100,0.333056,0.007895,0.281280,162253762.759202,166.147853,41536963266.355598,0.000000,-1,,,,,,,,,,,,
subset-zeta-uint32-zeta-log8-temporal-r2-t128-b960,subset-zeta-uint32-zeta-log8-b960,full,butterfly,cuButterfly-temporal-r2-t128,0,2,960,1,0.000000,native,32,32,32,0,implicit-unit,integer-add,temporal-r2-t128,1,30,1024,16,64,1.0,960,0.75,0.75,register+thread+warp,1966080,0.3125,0,Tesla V100-SXM2-16GB,7.0,subset-zeta,uint32,forward,none,out-of-place,0,,,,0.000000,,temporal-tile,radix2,four-mul,table,direct-strided,,1,8,,,,,,0,,,shared,linear,scalar,0,named-barrier,128,0,0,8,8,0,0,0,0,0,0,8,256,960,1,256,1000,100,0.263456,0.004649,0.234112,206497809.357679,211.453757,52863439195.565910,0.000000,-1,,,,,,,,,,,,
structured-2x2-bf16-native-log18-online-r2-t256-b1,structured-2x2-bf16-native-log18-b1,full,butterfly,cuButterfly-online-r2-t256,0,4,1,1,0.034586,native,16,32,16,1,broadcast,floating-fma,online-r2-t256,256,36,1024,6,48,0.75,256,0.5333333333333333,0.5333333333333333,register,1048576,0.16666666666666666,0,Tesla V100-SXM2-16GB,7.0,structured-2x2,bf16,forward,none,out-of-place,0,,,,0.000000,,online-reorder,radix2,four-mul,table,direct-strided,0.92387949999999996:-0.38268340000000001:0.38268340000000001:0.92387949999999996,2,9x9,0x0,8x8,table,direct-strided,global-scratch,2,0x0,8x8,shared,linear,scalar,0,named-barrier,256,0,0,8,8,0,0,9,1,0,0,18,262144,1,1,262144,1000,100,0.122848,0.047575,0.135552,21019.424582,49.591044,5510116037.712198,0.000000,-1,,,,,,,,,,,,
subset-zeta-uint32-zeta-log8-temporal-r2-t128-b1280,subset-zeta-uint32-zeta-log8-b1280,full,butterfly,cuButterfly-temporal-r2-t128,0,1,1280,1,0.000000,native,32,32,32,0,implicit-unit,integer-add,temporal-r2-t128,1,30,1024,16,64,1.0,1280,1.0,1.0,register+thread+warp,2621440,0.4166666666666667,0,Tesla V100-SXM2-16GB,7.0,subset-zeta,uint32,forward,none,out-of-place,0,,,,0.000000,,temporal-tile,radix2,four-mul,table,direct-strided,,1,8,,,,,,0,,,shared,linear,scalar,0,named-barrier,128,0,0,8,8,0,0,0,0,0,0,8,256,1280,1,256,1000,100,0.306016,0.005243,0.268768,244140626.483758,250.000002,62500000379.841942,0.000000,-1,,,,,,,,,,,,
structured-2x2-fp32-log8-temporal-r4-t128-b960,structured-2x2-fp32-log8-b960,full,butterfly,cuButterfly-temporal-r4-t128,0,2,960,1,0.000000,native,32,32,32,0,broadcast,floating-fma,temporal-r4-t128,1,38,1024,12,48,0.75,960,1.0,1.0,register,1966080,0.3125,0,Tesla V100-SXM2-16GB,7.0,structured-2x2,fp32,forward,none,out-of-place,0,,,,0.000000,,temporal-tile,radix4,four-mul,table,direct-strided,0.92387949999999996:-0.38268340000000001:0.38268340000000001:0.92387949999999996,1,8,,,,,,0,,,shared,linear,scalar,0,named-barrier,128,0,0,8,8,0,0,0,0,0,0,8,256,960,1,256,1000,100,0.240512,0.004751,0.231392,202047411.927004,206.896550,51724137453.312927,0.000000,-1,,,,,,,,,,,,
fft-fp64-log8-temporal-r2-t128-b960,fft-fp64-log8-b960,full,butterfly,cuButterfly-temporal-r2-t128,0,4,960,1,0.000000,native,64,64,64,0,per-stage-twiddle,floating-complex,temporal-r2-t128,1,36,4096,12,48,0.75,960,1.0,1.0,register,7864320,1.25,0,Tesla V100-SXM2-16GB,7.0,fft,fp64,forward,none,out-of-place,0,,,,0.000000,,temporal-tile,radix2,four-mul,table,direct-strided,,1,8,,,,,,0,,,shared,linear,scalar,0,named-barrier,128,0,0,8,8,0,0,0,0,0,0,8,256,960,1,256,1000,100,0.705312,0.017357,0.654208,55309734.782758,56.637168,14159292104.386168,0.000000,-1,,,,,,,,,,,,
structured-2x2-fp32-log15-hier-r4-t256-b7,structured-2x2-fp32-log15-b7,full,butterfly,cuButterfly-hier-r4-t256,0,2,7,1,0.000000,native,32,32,32,0,broadcast,floating-fma,hier-r4-t256,64,44,4096,5,40,0.625,448,1.12,1.0,register,1835008,0.2916666666666667,0,Tesla V100-SXM2-16GB,7.0,structured-2x2,fp32,forward,none,out-of-place,0,,,,0.000000,,hierarchical,radix4,four-mul,table,direct-strided,0.92387949999999996:-0.38268340000000001:0.38268340000000001:0.92387949999999996,1,15,,,,,,0,,,shared,linear,scalar,0,named-barrier,256,0,0,8,8,0,0,8,0,0,0,15,32768,7,1,32768,1000,100,0.227616,0.023951,0.212512,292258.966533,71.825564,9576741815.338287,0.000000,-1,,,,,,,,,,,,
fwht-fp32-log15-online-r4-t256-b13,fwht-fp32-log15-b13,full,butterfly,cuButterfly-online-r4-t256,0,1,13,1,0.000000,native,32,32,32,0,implicit-sign,floating-add,online-r4-t256,64,46,4096,5,40,0.625,832,2.08,1.0,register,3407872,0.5416666666666666,0,Tesla V100-SXM2-16GB,7.0,fwht,fp32,forward,none,out-of-place,0,,,,0.000000,,online-reorder,radix4,four-mul,table,direct-strided,,2,8x7,0x0,8x8,table,direct-strided,global-scratch,2,0x0,8x8,shared,linear,scalar,0,named-barrier,256,0,0,8,8,0,0,8,1,0,0,15,32768,13,1,32768,1000,100,0.381344,0.037407,0.313184,347531.136736,85.409252,11387900288.578857,0.000000,-1,,,,,,,,,,,,
ntt-uint32-ntt-log15-ntt-hybrid-r4-t256-b319,ntt-uint32-ntt-log15-b319,full,ntt,cuButterfly-ntt-hybrid-r4-t256,0,1,319,1,,native,32,32,32,0,per-stage-root,modular-multiply-reduce,ntt-hybrid-r4-t256,1,62,4096,4,32,0.5,319,0.996875,0.996875,register,83623936,13.291666666666666,0,Tesla V100-SXM2-16GB,7.0,ntt,uint32,forward,,,0,,,,0.000000,,hybrid2d,radix4,,fused,,,,,,,,,,,,,,,,0,named-barrier,,,,,,,,,,,,15,32768,319,1,32768,1000,100,6.832512,0.373524,6.337440,,,,,-1,natural,32,1073643521,30,7,4,256,0,854027.007831,23553.775302,27984756992.598179,shoup
fft-fp16-fp32-log8-temporal-r2-t128-b801,fft-fp16-fp32-log8-b801,full,butterfly,cuButterfly-temporal-r2-t128,0,5,801,1,0.000747,fp32,16,32,32,0,per-stage-twiddle,floating-complex,temporal-r2-t128,1,32,1024,16,64,1.0,801,0.62578125,0.62578125,register+thread+warp,1640448,0.2607421875,0,Tesla V100-SXM2-16GB,7.0,fft,fp16,forward,none,out-of-place,0,,,,0.000000,,temporal-tile,radix2,four-mul,table,direct-strided,,1,8,,,,,,0,,,shared,linear,scalar,0,named-barrier,128,0,0,8,8,0,0,0,0,0,0,8,256,801,1,256,1000,100,0.197056,0.006533,0.226592,122606038.777117,125.548584,31387145926.942062,0.000000,-1,,,,,,,,,,,,
fwht-bf16-native-log8-temporal-r4-t128-b1280,fwht-bf16-native-log8-b1280,full,butterfly,cuButterfly-temporal-r4-t128,0,4,1280,1,0.005010,native,16,32,16,1,implicit-sign,floating-add,temporal-r4-t128,1,38,512,12,48,0.75,1280,1.3333333333333333,1.0,register,1310720,0.20833333333333334,0,Tesla V100-SXM2-16GB,7.0,fwht,bf16,forward,none,out-of-place,0,,,,0.000000,,temporal-tile,radix4,four-mul,table,direct-strided,,1,8,,,,,,0,,,shared,linear,scalar,0,named-barrier,128,0,0,8,8,0,0,0,0,0,0,8,256,1280,1,256,1000,100,0.185344,0.008110,0.175584,157828284.495458,161.616163,40404040830.837204,0.000000,-1,,,,,,,,,,,,
fwht-fp32-log15-online-r4-t256-b9,fwht-fp32-log15-b9,full,butterfly,cuButterfly-online-r4-t256,0,2,9,1,0.000000,native,32,32,32,0,implicit-sign,floating-add,online-r4-t256,64,46,4096,5,40,0.625,576,1.44,1.0,register,2359296,0.375,0,Tesla V100-SXM2-16GB,7.0,fwht,fp32,forward,none,out-of-place,0,,,,0.000000,,online-reorder,radix4,four-mul,table,direct-strided,,2,8x7,0x0,8x8,table,direct-strided,global-scratch,2,0x0,8x8,shared,linear,scalar,0,named-barrier,256,0,0,8,8,0,0,8,1,0,0,15,32768,9,1,32768,1000,100,0.295712,0.027843,0.279488,323246.150820,79.440974,10592129870.077991,0.000000,-1,,,,,,,,,,,,
structured-2x2-bf16-fp32-log20-hier-r4-t256-b1,structured-2x2-bf16-fp32-log20-b1,full,butterfly,cuButterfly-hier-r4-t256,0,3,1,1,0.037610,fp32,16,32,32,0,broadcast,floating-fma,hier-r4-t256,512,44,2048,5,40,0.625,512,1.28,1.0,register,4194304,0.6666666666666666,0,Tesla V100-SXM2-16GB,7.0,structured-2x2,bf16,forward,none,out-of-place,0,,,,0.000000,,hierarchical,radix4,four-mul,table,direct-strided,0.92387949999999996:-0.38268340000000001:0.38268340000000001:0.92387949999999996,1,20,,,,,,0,,,shared,linear,scalar,0,named-barrier,256,0,0,8,8,0,0,10,0,0,0,20,1048576,1,1,1048576,1000,100,0.446272,0.091576,0.412352,10919.854058,114.502969,11450296888.482742,0.000000,-1,,,,,,,,,,,,
fft-fp16-fp32-log8-temporal-r2-t128-b801,fft-fp16-fp32-log8-b801,full,butterfly,cuButterfly-temporal-r2-t128,0,3,801,1,0.000747,fp32,16,32,32,0,per-stage-twiddle,floating-complex,temporal-r2-t128,1,32,1024,16,64,1.0,801,0.62578125,0.62578125,register+thread+warp,1640448,0.2607421875,0,Tesla V100-SXM2-16GB,7.0,fft,fp16,forward,none,out-of-place,0,,,,0.000000,,temporal-tile,radix2,four-mul,table,direct-strided,,1,8,,,,,,0,,,shared,linear,scalar,0,named-barrier,128,0,0,8,8,0,0,0,0,0,0,8,256,801,1,256,1000,100,0.199680,0.006513,0.204672,122991597.044657,125.943395,31485848843.432201,0.000000,-1,,,,,,,,,,,,
structured-2x2-fp32-log8-temporal-r2-t128-b959,structured-2x2-fp32-log8-b959,full,butterfly,cuButterfly-temporal-r2-t128,0,1,959,1,0.000000,native,32,32,32,0,broadcast,floating-fma,temporal-r2-t128,1,30,1024,16,64,1.0,959,0.74921875,0.74921875,register+thread+warp,1964032,0.3121744791666667,0,Tesla V100-SXM2-16GB,7.0,structured-2x2,fp32,forward,none,out-of-place,0,,,,0.000000,,temporal-tile,radix2,four-mul,table,direct-strided,0.92387949999999996:-0.38268340000000001:0.38268340000000001:0.92387949999999996,1,8,,,,,,0,,,shared,linear,scalar,0,named-barrier,128,0,0,8,8,0,0,0,0,0,0,8,256,959,1,256,1000,100,0.234368,0.005878,0.282784,163157386.659932,167.073164,41768290984.942474,0.000000,-1,,,,,,,,,,,,
fft-fp64-log8-temporal-r2-t128-b961,fft-fp64-log8-b961,full,butterfly,cuButterfly-temporal-r2-t128,0,4,961,1,0.000000,native,64,64,64,0,per-stage-twiddle,floating-complex,temporal-r2-t128,1,36,4096,12,48,0.75,961,1.0010416666666666,1.0,register,7872512,1.2513020833333333,0,Tesla V100-SXM2-16GB,7.0,fft,fp64,forward,none,out-of-place,0,,,,0.000000,,temporal-tile,radix2,four-mul,table,direct-strided,,1,8,,,,,,0,,,shared,linear,scalar,0,named-barrier,128,0,0,8,8,0,0,0,0,0,0,8,256,961,1,256,1000,100,0.707200,0.017500,0.660992,54913782.823312,56.231714,14057928402.767887,0.000000,-1,,,,,,,,,,,,
structured-2x2-bf16-native-log15-online-r2-t256-b7,structured-2x2-bf16-native-log15-b7,full,butterfly,cuButterfly-online-r2-t256,0,3,7,1,0.029309,native,16,32,16,1,broadcast,floating-fma,online-r2-t256,64,36,1024,6,48,0.75,448,0.9333333333333333,0.9333333333333333,register,917504,0.14583333333333334,0,Tesla V100-SXM2-16GB,7.0,structured-2x2,bf16,forward,none,out-of-place,0,,,,0.000000,,online-reorder,radix2,four-mul,table,direct-strided,0.92387949999999996:-0.38268340000000001:0.38268340000000001:0.92387949999999996,2,8x7,0x0,8x8,table,direct-strided,global-scratch,2,0x0,8x8,shared,linear,scalar,0,named-barrier,256,0,0,8,8,0,0,8,1,0,0,15,32768,7,1,32768,1000,100,0.108352,0.037458,0.118464,186876.363819,45.926735,6123564689.632676,0.000000,-1,,,,,,,,,,,,
structured-2x2-bf16-native-log20-online-r2-t256-b1,structured-2x2-bf16-native-log20-b1,full,butterfly,cuButterfly-online-r2-t256,0,2,1,1,0.038303,native,16,32,16,1,broadcast,floating-fma,online-r2-t256,512,36,1024,6,48,0.75,512,1.0666666666666667,1.0,register,4194304,0.6666666666666666,0,Tesla V100-SXM2-16GB,7.0,structured-2x2,bf16,forward,none,out-of-place,0,,,,0.000000,,online-reorder,radix2,four-mul,table,direct-strided,0.92387949999999996:-0.38268340000000001:0.38268340000000001:0.92387949999999996,2,10x10,0x0,8x8,table,direct-strided,global-scratch,2,0x0,8x8,shared,linear,scalar,0,named-barrier,256,0,0,8,8,0,0,10,1,0,0,20,1048576,1,1,1048576,1000,100,0.441984,0.168684,0.437408,5928.261085,62.162323,6216232295.096889,0.000000,-1,,,,,,,,,,,,
structured-2x2-fp16-fp32-log18-hier-r4-t256-b1,structured-2x2-fp16-fp32-log18-b1,full,butterfly,cuButterfly-hier-r4-t256,0,3,1,1,0.001906,fp32,16,32,32,0,broadcast,floating-fma,hier-r4-t256,256,44,2048,5,40,0.625,256,0.64,0.64,register,1048576,0.16666666666666666,0,Tesla V100-SXM2-16GB,7.0,structured-2x2,fp16,forward,none,out-of-place,0,,,,0.000000,,hierarchical,radix4,four-mul,table,direct-strided,0.92387949999999996:-0.38268340000000001:0.38268340000000001:0.92387949999999996,1,18,,,,,,0,,,shared,linear,scalar,0,named-barrier,256,0,0,8,8,0,0,9,0,0,0,18,262144,1,1,262144,1000,100,0.121856,0.030290,0.128480,33014.283248,77.890466,8654496267.863468,0.000000,-1,,,,,,,,,,,,
structured-2x2-fp16-fp32-log15-hier-r4-t256-b6,structured-2x2-fp16-fp32-log15-b6,full,butterfly,cuButterfly-hier-r4-t256,0,4,6,1,0.001612,fp32,16,32,32,0,broadcast,floating-fma,hier-r4-t256,64,44,2048,5,40,0.625,384,0.96,0.96,register,786432,0.125,0,Tesla V100-SXM2-16GB,7.0,structured-2x2,fp16,forward,none,out-of-place,0,,,,0.000000,,hierarchical,radix4,four-mul,table,direct-strided,0.92387949999999996:-0.38268340000000001:0.38268340000000001:0.92387949999999996,1,15,,,,,,0,,,shared,linear,scalar,0,named-barrier,256,0,0,8,8,0,0,8,0,0,0,15,32768,6,1,32768,1000,100,0.096608,0.023122,0.100544,259494.027061,63.773252,8503100278.720739,0.000000,-1,,,,,,,,,,,,
structured-2x2-fp16-native-log20-online-r4-t256-b1,structured-2x2-fp16-native-log20-b1,full,butterfly,cuButterfly-online-r4-t256,0,2,1,1,0.002199,native,16,16,16,0,broadcast,floating-fma,online-r4-t256,512,46,2048,5,40,0.625,512,1.28,1.0,register,4194304,0.6666666666666666,0,Tesla V100-SXM2-16GB,7.0,structured-2x2,fp16,forward,none,out-of-place,0,,,,0.000000,,online-reorder,radix4,four-mul,table,direct-strided,0.92387949999999996:-0.38268340000000001:0.38268340000000001:0.92387949999999996,2,10x10,0x0,8x8,table,direct-strided,global-scratch,2,0x0,8x8,shared,linear,scalar,0,named-barrier,256,0,0,8,8,0,0,10,1,0,0,20,1048576,1,1,1048576,1000,100,0.426688,0.093911,0.397152,10648.375671,111.656312,11165631167.354330,0.000000,-1,,,,,,,,,,,,
fft-fp64-log8-temporal-r2-t128-b1440,fft-fp64-log8-b1440,full,butterfly,cuButterfly-temporal-r2-t128,0,2,1440,1,0.000000,native,64,64,64,0,per-stage-twiddle,floating-complex,temporal-r2-t128,1,36,4096,12,48,0.75,1440,1.5,1.0,register,11796480,1.875,0,Tesla V100-SXM2-16GB,7.0,fft,fp64,forward,none,out-of-place,0,,,,0.000000,,temporal-tile,radix2,four-mul,table,direct-strided,,1,8,,,,,,0,,,shared,linear,scalar,0,named-barrier,128,0,0,8,8,0,0,0,0,0,0,8,256,1440,1,256,1000,100,1.017568,0.024924,0.954464,57775269.252292,59.161876,14790468928.586802,0.000000,-1,,,,,,,,,,,,
fft-bf16-fp32-log18-online-r2-t256-b1,fft-bf16-fp32-log18-b1,full,butterfly,cuButterfly-online-r2-t256,0,1,1,1,0.009642,fp32,16,32,32,0,per-stage-twiddle,floating-complex,online-r2-t256,256,38,2048,6,48,0.75,256,0.5333333333333333,0.5333333333333333,register,2097152,0.3333333333333333,0,Tesla V100-SXM2-16GB,7.0,fft,bf16,forward,none,out-of-place,0,,,,0.000000,,online-reorder,radix2,four-mul,table,direct-strided,,2,9x9,0x0,8x8,table,direct-strided,global-scratch,2,0x0,8x8,shared,linear,scalar,0,named-barrier,256,0,0,8,8,0,0,9,1,0,0,18,262144,1,1,262144,1000,100,0.319936,0.050872,0.278144,19657.054314,46.376810,5152978846.022920,0.000000,-1,,,,,,,,,,,,
fwht-fp32-log15-online-r2-t256-b6,fwht-fp32-log15-b6,full,butterfly,cuButterfly-online-r2-t256,0,5,6,1,0.000000,native,32,32,32,0,implicit-sign,floating-add,online-r2-t256,64,36,2048,6,48,0.75,384,0.8,0.8,register,1572864,0.25,0,Tesla V100-SXM2-16GB,7.0,fwht,fp32,forward,none,out-of-place,0,,,,0.000000,,online-reorder,radix2,four-mul,table,direct-strided,,2,8x7,0x0,8x8,table,direct-strided,global-scratch,2,0x0,8x8,shared,linear,scalar,0,named-barrier,256,0,0,8,8,0,0,8,1,0,0,15,32768,6,1,32768,1000,100,0.192096,0.020992,0.204640,285823.175416,70.243904,9365853812.033617,0.000000,-1,,,,,,,,,,,,
fft-fp16-native-log20-hier-r4-t256-b3,fft-fp16-native-log20-b3,full,butterfly,cuButterfly-hier-r4-t256,0,5,3,1,0.001330,native,16,16,16,0,per-stage-twiddle,floating-complex,hier-r4-t256,512,48,4096,5,40,0.625,1536,3.84,1.0,register,25165824,4.0,0,Tesla V100-SXM2-16GB,7.0,fft,fp16,forward,none,out-of-place,0,,,,0.000000,,hierarchical,radix4,four-mul,table,direct-strided,,1,20,,,,,,0,,,shared,linear,scalar,0,named-barrier,256,0,0,8,8,0,0,10,0,0,0,20,1048576,3,1,1048576,1000,100,2.100608,0.429025,1.987104,6992.595219,73.322675,7332267524.244289,0.000000,-1,,,,,,,,,,,,
structured-2x2-fp32-log8-temporal-r4-t128-b960,structured-2x2-fp32-log8-b960,full,butterfly,cuButterfly-temporal-r4-t128,0,3,960,1,0.000000,native,32,32,32,0,broadcast,floating-fma,temporal-r4-t128,1,38,1024,12,48,0.75,960,1.0,1.0,register,1966080,0.3125,0,Tesla V100-SXM2-16GB,7.0,structured-2x2,fp32,forward,none,out-of-place,0,,,,0.000000,,temporal-tile,radix4,four-mul,table,direct-strided,0.92387949999999996:-0.38268340000000001:0.38268340000000001:0.92387949999999996,1,8,,,,,,0,,,shared,linear,scalar,0,named-barrier,128,0,0,8,8,0,0,0,0,0,0,8,256,960,1,256,1000,100,0.235008,0.004751,0.234560,202047411.927004,206.896550,51724137453.312927,0.000000,-1,,,,,,,,,,,,
fwht-bf16-native-log8-temporal-r2-t128-b1280,fwht-bf16-native-log8-b1280,full,butterfly,cuButterfly-temporal-r2-t128,0,5,1280,1,0.005010,native,16,32,16,1,implicit-sign,floating-add,temporal-r2-t128,1,30,512,16,64,1.0,1280,1.0,1.0,register+thread+warp,1310720,0.20833333333333334,0,Tesla V100-SXM2-16GB,7.0,fwht,bf16,forward,none,out-of-place,0,,,,0.000000,,temporal-tile,radix2,four-mul,table,direct-strided,,1,8,,,,,,0,,,shared,linear,scalar,0,named-barrier,128,0,0,8,8,0,0,0,0,0,0,8,256,1280,1,256,1000,100,0.175168,0.008520,0.172448,150240380.396148,153.846150,38461537381.413971,0.000000,-1,,,,,,,,,,,,
structured-2x2-fp16-fp32-log15-online-r4-t256-b7,structured-2x2-fp16-fp32-log15-b7,full,butterfly,cuButterfly-online-r4-t256,0,2,7,1,0.001612,fp32,16,32,32,0,broadcast,floating-fma,online-r4-t256,64,46,2048,5,40,0.625,448,1.12,1.0,register,917504,0.14583333333333334,0,Tesla V100-SXM2-16GB,7.0,structured-2x2,fp16,forward,none,out-of-place,0,,,,0.000000,,online-reorder,radix4,four-mul,table,direct-strided,0.92387949999999996:-0.38268340000000001:0.38268340000000001:0.92387949999999996,2,8x7,0x0,8x8,table,direct-strided,global-scratch,2,0x0,8x8,shared,linear,scalar,0,named-barrier,256,0,0,8,8,0,0,8,1,0,0,15,32768,7,1,32768,1000,100,0.107904,0.025846,0.114560,270837.474874,66.561018,8874802376.657667,0.000000,-1,,,,,,,,,,,,
ntt-uint32-ntt-log15-ntt-hybrid-r2-t256-b320,ntt-uint32-ntt-log15-b320,full,ntt,cuButterfly-ntt-hybrid-r2-t256,0,3,320,1,,native,32,32,32,0,per-stage-root,modular-multiply-reduce,ntt-hybrid-r2-t256,1,50,2048,4,32,0.5,320,1.0,1.0,register,83886080,13.333333333333334,0,Tesla V100-SXM2-16GB,7.0,ntt,uint32,forward,,,0,,,,0.000000,,hybrid2d,radix2,,fused,,,,,,,,,,,,,,,,0,named-barrier,,,,,,,,,,,,15,32768,320,1,32768,1000,100,6.840960,0.427756,6.382688,,,,,-1,natural,32,1073643521,30,7,4,256,0,748090.898596,23440.813116,24513442565.189259,shoup
structured-2x2-bf16-native-log20-online-r4-t256-b1,structured-2x2-bf16-native-log20-b1,full,butterfly,cuButterfly-online-r4-t256,0,4,1,1,0.038303,native,16,32,16,1,broadcast,floating-fma,online-r4-t256,512,46,2048,5,40,0.625,512,1.28,1.0,register,4194304,0.6666666666666666,0,Tesla V100-SXM2-16GB,7.0,structured-2x2,bf16,forward,none,out-of-place,0,,,,0.000000,,online-reorder,radix4,four-mul,table,direct-strided,0.92387949999999996:-0.38268340000000001:0.38268340000000001:0.92387949999999996,2,10x10,0x0,8x8,table,direct-strided,global-scratch,2,0x0,8x8,shared,linear,scalar,0,named-barrier,256,0,0,8,8,0,0,10,1,0,0,20,1048576,1,1,1048576,1000,100,0.425024,0.153354,0.399776,6520.849923,68.376067,6837606728.634479,0.000000,-1,,,,,,,,,,,,
subset-zeta-uint32-zeta-log8-temporal-r2-t128-b1281,subset-zeta-uint32-zeta-log8-b1281,full,butterfly,cuButterfly-temporal-r2-t128,0,1,1281,1,0.000000,native,32,32,32,0,implicit-unit,integer-add,temporal-r2-t128,1,30,1024,16,64,1.0,1281,1.00078125,1.0,register+thread+warp,2623488,0.4169921875,0,Tesla V100-SXM2-16GB,7.0,subset-zeta,uint32,forward,none,out-of-place,0,,,,0.000000,,temporal-tile,radix2,four-mul,table,direct-strided,,1,8,,,,,,0,,,shared,linear,scalar,0,named-barrier,128,0,0,8,8,0,0,0,0,0,0,8,256,1281,1,256,1000,100,0.343520,0.005253,0.290528,243855086.915518,249.707609,62426902250.372551,0.000000,-1,,,,,,,,,,,,
structured-2x2-fp32-log15-online-r4-t256-b13,structured-2x2-fp32-log15-b13,full,butterfly,cuButterfly-online-r4-t256,0,5,13,1,0.000000,native,32,32,32,0,broadcast,floating-fma,online-r4-t256,64,46,4096,5,40,0.625,832,2.08,1.0,register,3407872,0.5416666666666666,0,Tesla V100-SXM2-16GB,7.0,structured-2x2,fp32,forward,none,out-of-place,0,,,,0.000000,,online-reorder,radix4,four-mul,table,direct-strided,0.92387949999999996:-0.38268340000000001:0.38268340000000001:0.92387949999999996,2,8x7,0x0,8x8,table,direct-strided,global-scratch,2,0x0,8x8,shared,linear,scalar,0,named-barrier,256,0,0,8,8,0,0,8,1,0,0,15,32768,13,1,32768,1000,100,0.385056,0.039107,0.334656,332425.054253,81.696781,10892904177.760471,0.000000,-1,,,,,,,,,,,,
structured-2x2-bf16-native-log15-online-r2-t256-b6,structured-2x2-bf16-native-log15-b6,full,butterfly,cuButterfly-online-r2-t256,0,2,6,1,0.029309,native,16,32,16,1,broadcast,floating-fma,online-r2-t256,64,36,1024,6,48,0.75,384,0.8,0.8,register,786432,0.125,0,Tesla V100-SXM2-16GB,7.0,structured-2x2,bf16,forward,none,out-of-place,0,,,,0.000000,,online-reorder,radix2,four-mul,table,direct-strided,0.92387949999999996:-0.38268340000000001:0.38268340000000001:0.92387949999999996,2,8x7,0x0,8x8,table,direct-strided,global-scratch,2,0x0,8x8,shared,linear,scalar,0,named-barrier,256,0,0,8,8,0,0,8,1,0,0,15,32768,6,1,32768,1000,100,0.093856,0.033290,0.103232,180233.000283,44.294062,5905874953.266129,0.000000,-1,,,,,,,,,,,,
fft-bf16-fp32-log8-temporal-r2-t128-b1280,fft-bf16-fp32-log8-b1280,full,butterfly,cuButterfly-temporal-r2-t128,0,5,1280,1,0.006154,fp32,16,32,32,0,per-stage-twiddle,floating-complex,temporal-r2-t128,1,32,1024,16,64,1.0,1280,1.0,1.0,register+thread+warp,2621440,0.4166666666666667,0,Tesla V100-SXM2-16GB,7.0,fft,bf16,forward,none,out-of-place,0,,,,0.000000,,temporal-tile,radix2,four-mul,table,direct-strided,,1,8,,,,,,0,,,shared,linear,scalar,0,named-barrier,128,0,0,8,8,0,0,0,0,0,0,8,256,1280,1,256,1000,100,0.328640,0.017367,0.269408,73702827.054763,75.471695,18867923726.019451,0.000000,-1,,,,,,,,,,,,
fft-fp16-fp32-log15-online-r2-t256-b5,fft-fp16-fp32-log15-b5,full,butterfly,cuButterfly-online-r2-t256,0,1,5,1,0.001078,fp32,16,32,32,0,per-stage-twiddle,floating-complex,online-r2-t256,64,38,2048,6,48,0.75,320,0.6666666666666666,0.6666666666666666,register,1310720,0.20833333333333334,0,Tesla V100-SXM2-16GB,7.0,fft,fp16,forward,none,out-of-place,0,,,,0.000000,,online-reorder,radix2,four-mul,table,direct-strided,,2,8x7,0x0,8x8,table,direct-strided,global-scratch,2,0x0,8x8,shared,linear,scalar,0,named-barrier,256,0,0,8,8,0,0,8,1,0,0,15,32768,5,1,32768,1000,100,0.178048,0.026051,0.155328,191934.452317,47.169811,6289308133.519541,0.000000,-1,,,,,,,,,,,,
