suite_case_id,suite_group,suite_tier,suite_runner,implementation,reference,trial,performance_batch,preflight_correct,preflight_max_error,accumulation,storage_bits,compute_bits,accumulator_bits,emulated_native,coefficient_policy,arithmetic_pipeline,mapping_id,ctas_per_transform,estimated_registers_per_thread,estimated_shared_bytes_per_cta,resident_ctas_per_sm,resident_warps_per_sm,occupancy_upper_bound,total_ctas,grid_waves,grid_concurrent_fraction,limiting_resource,working_set_bytes,working_set_over_l2,resource_cliff,device,compute_capability,operator,precision,direction,normalization,placement,auto_select,selection_target,selected_implementation,selection_confidence,predicted_kernel_ms,selection_reason,backend,compute_unit,complex_multiply,cross_twiddle,direct_boundary,stage_matrices,decomposition_count,stages_per_decomposition,segment_threads,segment_ept,boundary_twiddles,boundary_layouts,boundary_residencies,execution_group_count,group_threads,group_ept,local_exchange,shared_layout,fft_core,stage_space,stage_handoff,tile_threads,prefix_threads,suffix_threads,prefix_ept,suffix_ept,prefix_units_per_cta,suffix_units_per_cta,local_stages,reorder_columns,warp_stages,pipeline_warps,logN,N,batch,element_stride,batch_stride,warmup,repeat,h2d_ms,kernel_ms,d2h_ms,transforms_s,Gbutterfly_s,points_s,max_error,correct,output_order,word_bits,modulus,modulus_bits,n1_log,rows_per_block,threads_per_block,inverse,kernel_ntt_s,end_to_end_ntt_s,kernel_points_s,mod_multiply
fft-fp64-log8-temporal-r4-t128-b959,fft-fp64-log8-b959,full,butterfly,cuButterfly-temporal-r4-t128,0,2,959,-1,,native,64,64,64,0,per-stage-twiddle,floating-complex,temporal-r4-t128,1,50,4096,9,36,0.5625,959,1.3319444444444444,1.0,register,7856128,1.2486979166666667,0,Tesla V100-SXM2-16GB,7.0,fft,fp64,forward,none,out-of-place,0,,,,0.000000,,temporal-tile,radix4,four-mul,table,direct-strided,,1,8,,,,,,0,,,shared,linear,scalar,0,named-barrier,128,0,0,8,8,0,0,0,0,0,0,8,256,959,1,256,1000,100,0.715520,0.018565,0.653024,51656008.198997,52.895752,13223938098.943190,0.000000,-1,,,,,,,,,,,,
fwht-fp64-log15-hier-r4-t256-b7,fwht-fp64-log15-b7,full,butterfly,cuButterfly-hier-r4-t256,0,2,7,-1,,native,64,64,64,0,implicit-sign,floating-add,hier-r4-t256,64,48,8192,5,40,0.625,448,1.12,1.0,register,3670016,0.5833333333333334,0,Tesla V100-SXM2-16GB,7.0,fwht,fp64,forward,none,out-of-place,0,,,,0.000000,,hierarchical,radix4,four-mul,table,direct-strided,,1,15,,,,,,0,,,shared,linear,scalar,0,named-barrier,256,0,0,8,8,0,0,8,0,0,0,15,32768,7,1,32768,1000,100,0.395648,0.033669,0.360128,207905.655077,51.094894,6812652505.559148,0.000000,-1,,,,,,,,,,,,
structured-2x2-fp64-log8-temporal-r2-t128-b801,structured-2x2-fp64-log8-b801,full,butterfly,cuButterfly-temporal-r2-t128,0,5,801,-1,,native,64,64,64,0,broadcast,floating-fma,temporal-r2-t128,1,32,2048,16,64,1.0,801,0.62578125,0.62578125,register+thread+warp,3280896,0.521484375,0,Tesla V100-SXM2-16GB,7.0,structured-2x2,fp64,forward,none,out-of-place,0,,,,0.000000,,temporal-tile,radix2,four-mul,table,direct-strided,0.92387949999999996:-0.38268340000000001:0.38268340000000001:0.92387949999999996,1,8,,,,,,0,,,shared,linear,scalar,0,named-barrier,128,0,0,8,8,0,0,0,0,0,0,8,256,801,1,256,1000,100,0.383200,0.009032,0.308384,88687814.826062,90.816322,22704080595.471935,0.000000,-1,,,,,,,,,,,,
structured-2x2-fp64-log20-online-r4-t256-b2,structured-2x2-fp64-log20-b2,full,butterfly,cuButterfly-online-r4-t256,0,5,2,-1,,native,64,64,64,0,broadcast,floating-fma,online-r4-t256,512,50,8192,4,32,0.5,1024,3.2,1.0,register,33554432,5.333333333333333,0,Tesla V100-SXM2-16GB,7.0,structured-2x2,fp64,forward,none,out-of-place,0,,,,0.000000,,online-reorder,radix4,four-mul,table,direct-strided,0.92387949999999996:-0.38268340000000001:0.38268340000000001:0.92387949999999996,2,10x10,0x0,8x8,table,direct-strided,global-scratch,2,0x0,8x8,shared,linear,scalar,0,named-barrier,256,0,0,8,8,0,0,10,1,0,0,20,1048576,2,1,1048576,1000,100,2.765088,0.204012,2.613024,9803.368217,102.795766,10279576631.895699,0.000000,-1,,,,,,,,,,,,
fft-bf16-native-log8-temporal-r2-t128-b801,fft-bf16-native-log8-b801,full,butterfly,cuButterfly-temporal-r2-t128,0,2,801,-1,,native,16,32,16,1,per-stage-twiddle,floating-complex,temporal-r2-t128,1,32,1024,16,64,1.0,801,0.62578125,0.62578125,register+thread+warp,1640448,0.2607421875,0,Tesla V100-SXM2-16GB,7.0,fft,bf16,forward,none,out-of-place,0,,,,0.000000,,temporal-tile,radix2,four-mul,table,direct-strided,,1,8,,,,,,0,,,shared,linear,scalar,0,named-barrier,128,0,0,8,8,0,0,0,0,0,0,8,256,801,1,256,1000,100,0.206336,0.018022,0.203712,44444692.541378,45.511365,11377841290.592869,0.000000,-1,,,,,,,,,,,,
subset-zeta-uint32-zeta-log15-hier-r4-t256-b9,subset-zeta-uint32-zeta-log15-b9,full,butterfly,cuButterfly-hier-r4-t256,0,4,9,-1,,native,32,32,32,0,implicit-unit,integer-add,hier-r4-t256,64,44,4096,5,40,0.625,576,1.44,1.0,register,2359296,0.375,0,Tesla V100-SXM2-16GB,7.0,subset-zeta,uint32,forward,none,out-of-place,0,,,,0.000000,,hierarchical,radix4,four-mul,table,direct-strided,,1,15,,,,,,0,,,shared,linear,scalar,0,named-barrier,256,0,0,8,8,0,0,8,0,0,0,15,32768,9,1,32768,1000,100,0.292864,0.024627,0.260832,365449.593155,89.812892,11975052268.510071,0.000000,-1,,,,,,,,,,,,
fft-fp16-fp32-log15-online-r4-t256-b7,fft-fp16-fp32-log15-b7,full,butterfly,cuButterfly-online-r4-t256,0,5,7,-1,,fp32,16,32,32,0,per-stage-twiddle,floating-complex,online-r4-t256,64,50,4096,4,32,0.5,448,1.4,1.0,register,1835008,0.2916666666666667,0,Tesla V100-SXM2-16GB,7.0,fft,fp16,forward,none,out-of-place,0,,,,0.000000,,online-reorder,radix4,four-mul,table,direct-strided,,2,8x7,0x0,8x8,table,direct-strided,global-scratch,2,0x0,8x8,shared,linear,scalar,0,named-barrier,256,0,0,8,8,0,0,8,1,0,0,15,32768,7,1,32768,1000,100,0.267936,0.031867,0.221536,219663.813331,53.984579,7197943835.245376,0.000000,-1,,,,,,,,,,,,
ntt-uint64-ntt-log15-ntt-hybrid-r2-t256-b321,ntt-uint64-ntt-log15-b321,full,ntt,cuButterfly-ntt-hybrid-r2-t256,0,1,321,-1,,native,64,64,64,0,per-stage-root,modular-multiply-reduce,ntt-hybrid-r2-t256,1,52,4096,4,32,0.5,321,1.003125,1.0,register,168296448,26.75,0,Tesla V100-SXM2-16GB,7.0,ntt,uint64,forward,,,0,,,,0.000000,,hybrid2d,radix2,,fused,,,,,,,,,,,,,,,,0,named-barrier,,,,,,,,,,,,15,32768,321,1,32768,1000,100,13.579488,0.680725,19.598783,,,,,-1,natural,64,1152921504606748673,60,7,4,256,0,471556.406800,9480.493809,15451960338.030142,shoup
fwht-bf16-native-log8-temporal-r2-t128-b1281,fwht-bf16-native-log8-b1281,full,butterfly,cuButterfly-temporal-r2-t128,0,5,1281,-1,,native,16,32,16,1,implicit-sign,floating-add,temporal-r2-t128,1,30,512,16,64,1.0,1281,1.00078125,1.0,register+thread+warp,1311744,0.20849609375,0,Tesla V100-SXM2-16GB,7.0,fwht,bf16,forward,none,out-of-place,0,,,,0.000000,,temporal-tile,radix2,four-mul,table,direct-strided,,1,8,,,,,,0,,,shared,linear,scalar,0,named-barrier,128,0,0,8,8,0,0,0,0,0,0,8,256,1281,1,256,1000,100,0.178720,0.009185,0.179584,139462260.184819,142.809354,35702338607.313675,0.000000,-1,,,,,,,,,,,,
fwht-fp32-log8-temporal-r4-t128-b959,fwht-fp32-log8-b959,full,butterfly,cuButterfly-temporal-r4-t128,0,4,959,-1,,native,32,32,32,0,implicit-sign,floating-add,temporal-r4-t128,1,38,1024,12,48,0.75,959,0.9989583333333333,0.9989583333333333,register,1964032,0.3121744791666667,0,Tesla V100-SXM2-16GB,7.0,fwht,fp32,forward,none,out-of-place,0,,,,0.000000,,temporal-tile,radix4,four-mul,table,direct-strided,,1,8,,,,,,0,,,shared,linear,scalar,0,named-barrier,128,0,0,8,8,0,0,0,0,0,0,8,256,959,1,256,1000,100,0.270016,0.004413,0.226560,217290826.071479,222.505806,55626451474.298538,0.000000,-1,,,,,,,,,,,,
fft-fp32-log20-online-r4-t256-b1,fft-fp32-log20-b1,full,butterfly,cuButterfly-online-r4-t256,0,2,1,-1,,native,32,32,32,0,per-stage-twiddle,floating-complex,online-r4-t256,512,50,8192,4,32,0.5,512,1.6,1.0,register,16777216,2.6666666666666665,0,Tesla V100-SXM2-16GB,7.0,fft,fp32,forward,none,out-of-place,0,,,,0.000000,,online-reorder,radix4,four-mul,table,direct-strided,,2,10x10,0x0,8x8,table,direct-strided,global-scratch,2,0x0,8x8,shared,linear,scalar,0,named-barrier,256,0,0,8,8,0,0,10,1,0,0,20,1048576,1,1,1048576,1000,100,1.413120,0.165458,1.343136,6043.832804,63.374180,6337418026.386717,0.000000,-1,,,,,,,,,,,,
fft-fp16-native-log8-temporal-r4-t128-b800,fft-fp16-native-log8-b800,full,butterfly,cuButterfly-temporal-r4-t128,0,1,800,-1,,native,16,16,16,0,per-stage-twiddle,floating-complex,temporal-r4-t128,1,42,1024,10,40,0.625,800,1.0,1.0,register,1638400,0.2604166666666667,0,Tesla V100-SXM2-16GB,7.0,fft,fp16,forward,none,out-of-place,0,,,,0.000000,,temporal-tile,radix4,four-mul,table,direct-strided,,1,8,,,,,,0,,,shared,linear,scalar,0,named-barrier,128,0,0,8,8,0,0,0,0,0,0,8,256,800,1,256,1000,100,0.193280,0.004731,0.222176,169101738.936228,173.160181,43290045167.674316,0.000000,-1,,,,,,,,,,,,
fft-fp32-log15-hier-r4-t256-b9,fft-fp32-log15-b9,full,butterfly,cuButterfly-hier-r4-t256,0,2,9,-1,,native,32,32,32,0,per-stage-twiddle,floating-complex,hier-r4-t256,64,48,8192,5,40,0.625,576,1.44,1.0,register,4718592,0.75,0,Tesla V100-SXM2-16GB,7.0,fft,fp32,forward,none,out-of-place,0,,,,0.000000,,hierarchical,radix4,four-mul,table,direct-strided,,1,15,,,,,,0,,,shared,linear,scalar,0,named-barrier,256,0,0,8,8,0,0,8,0,0,0,15,32768,9,1,32768,1000,100,0.519712,0.042506,0.450752,211733.616870,52.035654,6938087157.581885,0.000000,-1,,,,,,,,,,,,
structured-2x2-fp64-log20-online-r2-t256-b1,structured-2x2-fp64-log20-b1,full,butterfly,cuButterfly-online-r2-t256,0,5,1,-1,,native,64,64,64,0,broadcast,floating-fma,online-r2-t256,512,38,4096,6,48,0.75,512,1.0666666666666667,1.0,register,16777216,2.6666666666666665,0,Tesla V100-SXM2-16GB,7.0,structured-2x2,fp64,forward,none,out-of-place,0,,,,0.000000,,online-reorder,radix2,four-mul,table,direct-strided,0.92387949999999996:-0.38268340000000001:0.38268340000000001:0.92387949999999996,2,10x10,0x0,8x8,table,direct-strided,global-scratch,2,0x0,8x8,shared,linear,scalar,0,named-barrier,256,0,0,8,8,0,0,10,1,0,0,20,1048576,1,1,1048576,1000,100,1.421600,0.117668,1.365888,8498.498902,89.113220,8911321985.050949,0.000000,-1,,,,,,,,,,,,
fwht-bf16-native-log20-online-r2-t256-b2,fwht-bf16-native-log20-b2,full,butterfly,cuButterfly-online-r2-t256,0,1,2,-1,,native,16,32,16,1,implicit-sign,floating-add,online-r2-t256,512,36,1024,6,48,0.75,1024,2.1333333333333333,1.0,register,8388608,1.3333333333333333,0,Tesla V100-SXM2-16GB,7.0,fwht,bf16,forward,none,out-of-place,0,,,,0.000000,,online-reorder,radix2,four-mul,table,direct-strided,,2,10x10,0x0,8x8,table,direct-strided,global-scratch,2,0x0,8x8,shared,linear,scalar,0,named-barrier,256,0,0,8,8,0,0,10,1,0,0,20,1048576,2,1,1048576,1000,100,0.759424,0.197919,0.775296,10105.158672,105.960269,10596026859.858606,0.000000,-1,,,,,,,,,,,,
fft-fp16-fp32-log20-online-r4-t256-b2,fft-fp16-fp32-log20-b2,full,butterfly,cuButterfly-online-r4-t256,0,1,2,-1,,fp32,16,32,32,0,per-stage-twiddle,floating-complex,online-r4-t256,512,50,4096,4,32,0.5,1024,3.2,1.0,register,16777216,2.6666666666666665,0,Tesla V100-SXM2-16GB,7.0,fft,fp16,forward,none,out-of-place,0,,,,0.000000,,online-reorder,radix4,four-mul,table,direct-strided,,2,10x10,0x0,8x8,table,direct-strided,global-scratch,2,0x0,8x8,shared,linear,scalar,0,named-barrier,256,0,0,8,8,0,0,10,1,0,0,20,1048576,2,1,1048576,1000,100,1.416000,0.239831,1.343712,8339.203950,87.442891,8744289120.865641,0.000000,-1,,,,,,,,,,,,
ntt-uint64-ntt-log15-ntt-hybrid-r2-t256-b320,ntt-uint64-ntt-log15-b320,full,ntt,cuButterfly-ntt-hybrid-r2-t256,0,1,320,-1,,native,64,64,64,0,per-stage-root,modular-multiply-reduce,ntt-hybrid-r2-t256,1,52,4096,4,32,0.5,320,1.0,1.0,register,167772160,26.666666666666668,0,Tesla V100-SXM2-16GB,7.0,ntt,uint64,forward,,,0,,,,0.000000,,hybrid2d,radix2,,fused,,,,,,,,,,,,,,,,0,named-barrier,,,,,,,,,,,,15,32768,320,1,32768,1000,100,13.533984,0.681789,64.259232,,,,,-1,natural,64,1152921504606748673,60,7,4,256,0,469353.106505,4077.731491,15379762593.962912,shoup
fwht-bf16-fp32-log8-temporal-r2-t128-b959,fwht-bf16-fp32-log8-b959,full,butterfly,cuButterfly-temporal-r2-t128,0,4,959,-1,,fp32,16,32,32,0,implicit-sign,floating-add,temporal-r2-t128,1,30,512,16,64,1.0,959,0.74921875,0.74921875,register+thread+warp,982016,0.15608723958333334,0,Tesla V100-SXM2-16GB,7.0,fwht,bf16,forward,none,out-of-place,0,,,,0.000000,,temporal-tile,radix2,four-mul,table,direct-strided,,1,8,,,,,,0,,,shared,linear,scalar,0,named-barrier,128,0,0,8,8,0,0,0,0,0,0,8,256,959,1,256,1000,100,0.154176,0.007086,0.129248,135335765.121139,138.583823,34645955871.011566,0.000000,-1,,,,,,,,,,,,
fwht-bf16-fp32-log8-temporal-r4-t128-b1281,fwht-bf16-fp32-log8-b1281,full,butterfly,cuButterfly-temporal-r4-t128,0,5,1281,-1,,fp32,16,32,32,0,implicit-sign,floating-add,temporal-r4-t128,1,38,512,12,48,0.75,1281,1.334375,1.0,register,1311744,0.20849609375,0,Tesla V100-SXM2-16GB,7.0,fwht,bf16,forward,none,out-of-place,0,,,,0.000000,,temporal-tile,radix4,four-mul,table,direct-strided,,1,8,,,,,,0,,,shared,linear,scalar,0,named-barrier,128,0,0,8,8,0,0,0,0,0,0,8,256,1281,1,256,1000,100,0.199168,0.008202,0.165152,156176851.706716,159.925096,39981274036.919357,0.000000,-1,,,,,,,,,,,,
fft-fp16-native-log8-temporal-r4-t128-b801,fft-fp16-native-log8-b801,full,butterfly,cuButterfly-temporal-r4-t128,0,3,801,-1,,native,16,16,16,0,per-stage-twiddle,floating-complex,temporal-r4-t128,1,42,1024,10,40,0.625,801,1.00125,1.0,register,1640448,0.2607421875,0,Tesla V100-SXM2-16GB,7.0,fft,fp16,forward,none,out-of-place,0,,,,0.000000,,temporal-tile,radix4,four-mul,table,direct-strided,,1,8,,,,,,0,,,shared,linear,scalar,0,named-barrier,128,0,0,8,8,0,0,0,0,0,0,8,256,801,1,256,1000,100,0.205152,0.004762,0.203712,168220768.404506,172.258067,43064516711.553459,0.000000,-1,,,,,,,,,,,,
structured-2x2-fp16-native-log8-temporal-r4-t128-b1,structured-2x2-fp16-native-log8-b1,full,butterfly,cuButterfly-temporal-r4-t128,0,5,1,-1,,native,16,16,16,0,broadcast,floating-fma,temporal-r4-t128,1,38,512,12,48,0.75,1,0.0010416666666666667,0.0010416666666666667,register,1024,0.00016276041666666666,0,Tesla V100-SXM2-16GB,7.0,structured-2x2,fp16,forward,none,out-of-place,0,,,,0.000000,,temporal-tile,radix4,four-mul,table,direct-strided,0.92387949999999996:-0.38268340000000001:0.38268340000000001:0.92387949999999996,1,8,,,,,,0,,,shared,linear,scalar,0,named-barrier,128,0,0,8,8,0,0,0,0,0,0,8,256,1,1,256,1000,100,0.007168,0.002785,0.019296,359030.316182,0.367647,91911760.942671,0.000000,-1,,,,,,,,,,,,
fft-fp32-log20-hier-r4-t256-b1,fft-fp32-log20-b1,full,butterfly,cuButterfly-hier-r4-t256,0,1,1,-1,,native,32,32,32,0,per-stage-twiddle,floating-complex,hier-r4-t256,512,48,8192,5,40,0.625,512,1.28,1.0,register,16777216,2.6666666666666665,0,Tesla V100-SXM2-16GB,7.0,fft,fp32,forward,none,out-of-place,0,,,,0.000000,,hierarchical,radix4,four-mul,table,direct-strided,,1,20,,,,,,0,,,shared,linear,scalar,0,named-barrier,256,0,0,8,8,0,0,10,0,0,0,20,1048576,1,1,1048576,1000,100,1.410880,0.305336,1.341856,3275.077066,34.341672,3434167209.967959,0.000000,-1,,,,,,,,,,,,
fft-fp16-fp32-log15-online-r2-t256-b1,fft-fp16-fp32-log15-b1,full,butterfly,cuButterfly-online-r2-t256,0,3,1,-1,,fp32,16,32,32,0,per-stage-twiddle,floating-complex,online-r2-t256,64,38,2048,6,48,0.75,64,0.13333333333333333,0.13333333333333333,register,262144,0.041666666666666664,0,Tesla V100-SXM2-16GB,7.0,fft,fp16,forward,none,out-of-place,0,,,,0.000000,,online-reorder,radix2,four-mul,table,direct-strided,,2,8x7,0x0,8x8,table,direct-strided,global-scratch,2,0x0,8x8,shared,linear,scalar,0,named-barrier,256,0,0,8,8,0,0,8,1,0,0,15,32768,1,1,32768,1000,100,0.035680,0.011909,0.045472,83969.262050,20.636286,2751504778.861560,0.000000,-1,,,,,,,,,,,,
structured-2x2-fp64-log15-online-r4-t256-b4,structured-2x2-fp64-log15-b4,full,butterfly,cuButterfly-online-r4-t256,0,3,4,-1,,native,64,64,64,0,broadcast,floating-fma,online-r4-t256,64,50,8192,4,32,0.5,256,0.8,0.8,register,2097152,0.3333333333333333,0,Tesla V100-SXM2-16GB,7.0,structured-2x2,fp64,forward,none,out-of-place,0,,,,0.000000,,online-reorder,radix4,four-mul,table,direct-strided,0.92387949999999996:-0.38268340000000001:0.38268340000000001:0.92387949999999996,2,8x7,0x0,8x8,table,direct-strided,global-scratch,2,0x0,8x8,shared,linear,scalar,0,named-barrier,256,0,0,8,8,0,0,8,1,0,0,15,32768,4,1,32768,1000,100,0.263200,0.018637,0.254336,214629.116863,52.747252,7032966901.356007,0.000000,-1,,,,,,,,,,,,
structured-2x2-fp64-log15-online-r4-t256-b6,structured-2x2-fp64-log15-b6,full,butterfly,cuButterfly-online-r4-t256,0,4,6,-1,,native,64,64,64,0,broadcast,floating-fma,online-r4-t256,64,50,8192,4,32,0.5,384,1.2,1.0,register,3145728,0.5,0,Tesla V100-SXM2-16GB,7.0,structured-2x2,fp64,forward,none,out-of-place,0,,,,0.000000,,online-reorder,radix4,four-mul,table,direct-strided,0.92387949999999996:-0.38268340000000001:0.38268340000000001:0.92387949999999996,2,8x7,0x0,8x8,table,direct-strided,global-scratch,2,0x0,8x8,shared,linear,scalar,0,named-barrier,256,0,0,8,8,0,0,8,1,0,0,15,32768,6,1,32768,1000,100,0.355904,0.024443,0.319648,245470.260742,60.326771,8043569503.990155,0.000000,-1,,,,,,,,,,,,
fft-bf16-fp32-log15-hier-r4-t256-b7,fft-bf16-fp32-log15-b7,full,butterfly,cuButterfly-hier-r4-t256,0,3,7,-1,,fp32,16,32,32,0,per-stage-twiddle,floating-complex,hier-r4-t256,64,48,4096,5,40,0.625,448,1.12,1.0,register,1835008,0.2916666666666667,0,Tesla V100-SXM2-16GB,7.0,fft,bf16,forward,none,out-of-place,0,,,,0.000000,,hierarchical,radix4,four-mul,table,direct-strided,,1,15,,,,,,0,,,shared,linear,scalar,0,named-barrier,256,0,0,8,8,0,0,8,0,0,0,15,32768,7,1,32768,1000,100,0.268064,0.042209,0.238240,165840.298212,40.756912,5434254891.806411,0.000000,-1,,,,,,,,,,,,
fwht-bf16-fp32-log20-hier-r4-t256-b1,fwht-bf16-fp32-log20-b1,full,butterfly,cuButterfly-hier-r4-t256,0,4,1,-1,,fp32,16,32,32,0,implicit-sign,floating-add,hier-r4-t256,512,44,2048,5,40,0.625,512,1.28,1.0,register,4194304,0.6666666666666666,0,Tesla V100-SXM2-16GB,7.0,fwht,bf16,forward,none,out-of-place,0,,,,0.000000,,hierarchical,radix4,four-mul,table,direct-strided,,1,20,,,,,,0,,,shared,linear,scalar,0,named-barrier,256,0,0,8,8,0,0,10,0,0,0,20,1048576,1,1,1048576,1000,100,0.435296,0.083773,0.433472,11936.957355,125.168070,12516806995.318432,0.000000,-1,,,,,,,,,,,,
fwht-bf16-native-log8-temporal-r4-t128-b1281,fwht-bf16-native-log8-b1281,full,butterfly,cuButterfly-temporal-r4-t128,0,1,1281,-1,,native,16,32,16,1,implicit-sign,floating-add,temporal-r4-t128,1,38,512,12,48,0.75,1281,1.334375,1.0,register,1311744,0.20849609375,0,Tesla V100-SXM2-16GB,7.0,fwht,bf16,forward,none,out-of-place,0,,,,0.000000,,temporal-tile,radix4,four-mul,table,direct-strided,,1,8,,,,,,0,,,shared,linear,scalar,0,named-barrier,128,0,0,8,8,0,0,0,0,0,0,8,256,1281,1,256,1000,100,0.185184,0.008090,0.211712,158351461.044961,162.151896,40537974027.510025,0.000000,-1,,,,,,,,,,,,
fwht-fp16-native-log8-temporal-r2-t128-b959,fwht-fp16-native-log8-b959,full,butterfly,cuButterfly-temporal-r2-t128,0,2,959,-1,,native,16,16,16,0,implicit-sign,floating-add,temporal-r2-t128,1,30,512,16,64,1.0,959,0.74921875,0.74921875,register+thread+warp,982016,0.15608723958333334,0,Tesla V100-SXM2-16GB,7.0,fwht,fp16,forward,none,out-of-place,0,,,,0.000000,,temporal-tile,radix2,four-mul,table,direct-strided,,1,8,,,,,,0,,,shared,linear,scalar,0,named-barrier,128,0,0,8,8,0,0,0,0,0,0,8,256,959,1,256,1000,100,0.137248,0.004526,0.130016,211883126.068206,216.968321,54242080273.460762,0.000000,-1,,,,,,,,,,,,
fft-fp64-log8-temporal-r4-t128-b719,fft-fp64-log8-b719,full,butterfly,cuButterfly-temporal-r4-t128,0,3,719,-1,,native,64,64,64,0,per-stage-twiddle,floating-complex,temporal-r4-t128,1,50,4096,9,36,0.5625,719,0.9986111111111111,0.9986111111111111,register,5890048,0.9361979166666666,0,Tesla V100-SXM2-16GB,7.0,fft,fp64,forward,none,out-of-place,0,,,,0.000000,,temporal-tile,radix4,four-mul,table,direct-strided,,1,8,,,,,,0,,,shared,linear,scalar,0,named-barrier,128,0,0,8,8,0,0,0,0,0,0,8,256,719,1,256,1000,100,0.551232,0.009370,0.525856,76737537.159420,78.579238,19644809512.811600,0.000000,-1,,,,,,,,,,,,
fft-fp32-log15-online-r2-t256-b6,fft-fp32-log15-b6,full,butterfly,cuButterfly-online-r2-t256,0,4,6,-1,,native,32,32,32,0,per-stage-twiddle,floating-complex,online-r2-t256,64,38,4096,6,48,0.75,384,0.8,0.8,register,3145728,0.5,0,Tesla V100-SXM2-16GB,7.0,fft,fp32,forward,none,out-of-place,0,,,,0.000000,,online-reorder,radix2,four-mul,table,direct-strided,,2,8x7,0x0,8x8,table,direct-strided,global-scratch,2,0x0,8x8,shared,linear,scalar,0,named-barrier,256,0,0,8,8,0,0,8,1,0,0,15,32768,6,1,32768,1000,100,0.425696,0.030822,0.382752,194663.609475,47.840529,6378737155.291467,0.000000,-1,,,,,,,,,,,,
structured-2x2-fp32-log20-online-r2-t256-b2,structured-2x2-fp32-log20-b2,full,butterfly,cuButterfly-online-r2-t256,0,4,2,-1,,native,32,32,32,0,broadcast,floating-fma,online-r2-t256,512,36,2048,6,48,0.75,1024,2.1333333333333333,1.0,register,16777216,2.6666666666666665,0,Tesla V100-SXM2-16GB,7.0,structured-2x2,fp32,forward,none,out-of-place,0,,,,0.000000,,online-reorder,radix2,four-mul,table,direct-strided,0.92387949999999996:-0.38268340000000001:0.38268340000000001:0.92387949999999996,2,10x10,0x0,8x8,table,direct-strided,global-scratch,2,0x0,8x8,shared,linear,scalar,0,named-barrier,256,0,0,8,8,0,0,10,1,0,0,20,1048576,2,1,1048576,1000,100,1.428960,0.178801,1.352160,11185.642133,117.289959,11728995884.971449,0.000000,-1,,,,,,,,,,,,
fwht-fp32-log8-temporal-r2-t128-b960,fwht-fp32-log8-b960,full,butterfly,cuButterfly-temporal-r2-t128,0,1,960,-1,,native,32,32,32,0,implicit-sign,floating-add,temporal-r2-t128,1,30,1024,16,64,1.0,960,0.75,0.75,register+thread+warp,1966080,0.3125,0,Tesla V100-SXM2-16GB,7.0,fwht,fp32,forward,none,out-of-place,0,,,,0.000000,,temporal-tile,radix2,four-mul,table,direct-strided,,1,8,,,,,,0,,,shared,linear,scalar,0,named-barrier,128,0,0,8,8,0,0,0,0,0,0,8,256,960,1,256,1000,100,0.262880,0.004823,0.258880,199044577.025122,203.821647,50955411718.431267,0.000000,-1,,,,,,,,,,,,
fwht-bf16-fp32-log8-temporal-r2-t128-b1280,fwht-bf16-fp32-log8-b1280,full,butterfly,cuButterfly-temporal-r2-t128,0,2,1280,-1,,fp32,16,32,32,0,implicit-sign,floating-add,temporal-r2-t128,1,30,512,16,64,1.0,1280,1.0,1.0,register+thread+warp,1310720,0.20833333333333334,0,Tesla V100-SXM2-16GB,7.0,fwht,bf16,forward,none,out-of-place,0,,,,0.000000,,temporal-tile,radix2,four-mul,table,direct-strided,,1,8,,,,,,0,,,shared,linear,scalar,0,named-barrier,128,0,0,8,8,0,0,0,0,0,0,8,256,1280,1,256,1000,100,0.193312,0.008499,0.161856,150602418.063837,154.216876,38554219024.342247,0.000000,-1,,,,,,,,,,,,
fwht-fp16-fp32-log15-hier-r4-t256-b8,fwht-fp16-fp32-log15-b8,full,butterfly,cuButterfly-hier-r4-t256,0,5,8,-1,,fp32,16,32,32,0,implicit-sign,floating-add,hier-r4-t256,64,44,2048,5,40,0.625,512,1.28,1.0,register,1048576,0.16666666666666666,0,Tesla V100-SXM2-16GB,7.0,fwht,fp16,forward,none,out-of-place,0,,,,0.000000,,hierarchical,radix4,four-mul,table,direct-strided,,1,15,,,,,,0,,,shared,linear,scalar,0,named-barrier,256,0,0,8,8,0,0,8,0,0,0,15,32768,8,1,32768,1000,100,0.129440,0.024084,0.139072,332164.109035,81.632651,10884353524.862499,0.000000,-1,,,,,,,,,,,,
fwht-fp16-native-log15-online-r2-t256-b6,fwht-fp16-native-log15-b6,full,butterfly,cuButterfly-online-r2-t256,0,2,6,-1,,native,16,16,16,0,implicit-sign,floating-add,online-r2-t256,64,36,1024,6,48,0.75,384,0.8,0.8,register,786432,0.125,0,Tesla V100-SXM2-16GB,7.0,fwht,fp16,forward,none,out-of-place,0,,,,0.000000,,online-reorder,radix2,four-mul,table,direct-strided,,2,8x7,0x0,8x8,table,direct-strided,global-scratch,2,0x0,8x8,shared,linear,scalar,0,named-barrier,256,0,0,8,8,0,0,8,1,0,0,15,32768,6,1,32768,1000,100,0.095776,0.021084,0.111936,284573.802332,69.936858,9324914354.802206,0.000000,-1,,,,,,,,,,,,
fft-bf16-native-log8-temporal-r4-t128-b1280,fft-bf16-native-log8-b1280,full,butterfly,cuButterfly-temporal-r4-t128,0,1,1280,-1,,native,16,32,16,1,per-stage-twiddle,floating-complex,temporal-r4-t128,1,42,1024,10,40,0.625,1280,1.6,1.0,register,2621440,0.4166666666666667,0,Tesla V100-SXM2-16GB,7.0,fft,bf16,forward,none,out-of-place,0,,,,0.000000,,temporal-tile,radix4,four-mul,table,direct-strided,,1,8,,,,,,0,,,shared,linear,scalar,0,named-barrier,128,0,0,8,8,0,0,0,0,0,0,8,256,1280,1,256,1000,100,0.315584,0.029870,0.257792,42852243.028943,43.880697,10970174215.409489,0.000000,-1,,,,,,,,,,,,
fft-fp32-log15-online-r4-t256-b7,fft-fp32-log15-b7,full,butterfly,cuButterfly-online-r4-t256,0,1,7,-1,,native,32,32,32,0,per-stage-twiddle,floating-complex,online-r4-t256,64,50,8192,4,32,0.5,448,1.4,1.0,register,3670016,0.5833333333333334,0,Tesla V100-SXM2-16GB,7.0,fft,fp32,forward,none,out-of-place,0,,,,0.000000,,online-reorder,radix4,four-mul,table,direct-strided,,2,8x7,0x0,8x8,table,direct-strided,global-scratch,2,0x0,8x8,shared,linear,scalar,0,named-barrier,256,0,0,8,8,0,0,8,1,0,0,15,32768,7,1,32768,1000,100,0.475616,0.032666,0.349952,214292.717257,52.664578,7021943759.064982,0.000000,-1,,,,,,,,,,,,
subset-zeta-uint32-zeta-log8-temporal-r4-t128-b1279,subset-zeta-uint32-zeta-log8-b1279,full,butterfly,cuButterfly-temporal-r4-t128,0,4,1279,-1,,native,32,32,32,0,implicit-unit,integer-add,temporal-r4-t128,1,38,1024,12,48,0.75,1279,1.3322916666666667,1.0,register,2619392,0.4163411458333333,0,Tesla V100-SXM2-16GB,7.0,subset-zeta,uint32,forward,none,out-of-place,0,,,,0.000000,,temporal-tile,radix4,four-mul,table,direct-strided,,1,8,,,,,,0,,,shared,linear,scalar,0,named-barrier,128,0,0,8,8,0,0,0,0,0,0,8,256,1279,1,256,1000,100,0.338656,0.004741,0.285248,269767472.442803,276.241892,69060472945.357452,0.000000,-1,,,,,,,,,,,,
fft-bf16-native-log15-online-r2-t256-b5,fft-bf16-native-log15-b5,full,butterfly,cuButterfly-online-r2-t256,0,2,5,-1,,native,16,32,16,1,per-stage-twiddle,floating-complex,online-r2-t256,64,38,2048,6,48,0.75,320,0.6666666666666666,0.6666666666666666,register,1310720,0.20833333333333334,0,Tesla V100-SXM2-16GB,7.0,fft,bf16,forward,none,out-of-place,0,,,,0.000000,,online-reorder,radix2,four-mul,table,direct-strided,,2,8x7,0x0,8x8,table,direct-strided,global-scratch,2,0x0,8x8,shared,linear,scalar,0,named-barrier,256,0,0,8,8,0,0,8,1,0,0,15,32768,5,1,32768,1000,100,0.178976,0.038339,0.159072,130416.998456,32.051282,4273504205.396549,0.000000,-1,,,,,,,,,,,,
fft-fp16-fp32-log20-hier-r4-t256-b2,fft-fp16-fp32-log20-b2,full,butterfly,cuButterfly-hier-r4-t256,0,3,2,-1,,fp32,16,32,32,0,per-stage-twiddle,floating-complex,hier-r4-t256,512,48,4096,5,40,0.625,1024,2.56,1.0,register,16777216,2.6666666666666665,0,Tesla V100-SXM2-16GB,7.0,fft,fp16,forward,none,out-of-place,0,,,,0.000000,,hierarchical,radix4,four-mul,table,direct-strided,,1,20,,,,,,0,,,shared,linear,scalar,0,named-barrier,256,0,0,8,8,0,0,10,0,0,0,20,1048576,2,1,1048576,1000,100,1.419264,0.303749,1.353472,6584.381340,69.042242,6904224247.717429,0.000000,-1,,,,,,,,,,,,
fft-bf16-fp32-log15-online-r4-t256-b7,fft-bf16-fp32-log15-b7,full,butterfly,cuButterfly-online-r4-t256,0,5,7,-1,,fp32,16,32,32,0,per-stage-twiddle,floating-complex,online-r4-t256,64,50,4096,4,32,0.5,448,1.4,1.0,register,1835008,0.2916666666666667,0,Tesla V100-SXM2-16GB,7.0,fft,bf16,forward,none,out-of-place,0,,,,0.000000,,online-reorder,radix4,four-mul,table,direct-strided,,2,8x7,0x0,8x8,table,direct-strided,global-scratch,2,0x0,8x8,shared,linear,scalar,0,named-barrier,256,0,0,8,8,0,0,8,1,0,0,15,32768,7,1,32768,1000,100,0.286080,0.041769,0.228352,167588.560746,41.186565,5491541958.537923,0.000000,-1,,,,,,,,,,,,
fft-fp16-native-log15-online-r2-t256-b4,fft-fp16-native-log15-b4,full,butterfly,cuButterfly-online-r2-t256,0,1,4,-1,,native,16,16,16,0,per-stage-twiddle,floating-complex,online-r2-t256,64,38,2048,6,48,0.75,256,0.5333333333333333,0.5333333333333333,register,1048576,0.16666666666666666,0,Tesla V100-SXM2-16GB,7.0,fft,fp16,forward,none,out-of-place,0,,,,0.000000,,online-reorder,radix2,four-mul,table,direct-strided,,2,8x7,0x0,8x8,table,direct-strided,global-scratch,2,0x0,8x8,shared,linear,scalar,0,named-barrier,256,0,0,8,8,0,0,8,1,0,0,15,32768,4,1,32768,1000,100,0.145344,0.021309,0.154752,187710.227047,46.131665,6150888719.868040,0.000000,-1,,,,,,,,,,,,
fwht-bf16-native-log8-temporal-r4-t128-b1281,fwht-bf16-native-log8-b1281,full,butterfly,cuButterfly-temporal-r4-t128,0,2,1281,-1,,native,16,32,16,1,implicit-sign,floating-add,temporal-r4-t128,1,38,512,12,48,0.75,1281,1.334375,1.0,register,1311744,0.20849609375,0,Tesla V100-SXM2-16GB,7.0,fwht,bf16,forward,none,out-of-place,0,,,,0.000000,,temporal-tile,radix4,four-mul,table,direct-strided,,1,8,,,,,,0,,,shared,linear,scalar,0,named-barrier,128,0,0,8,8,0,0,0,0,0,0,8,256,1281,1,256,1000,100,0.175264,0.008110,0.169792,157951587.842720,161.742426,40435606487.736290,0.000000,-1,,,,,,,,,,,,
fft-bf16-fp32-log8-temporal-r2-t128-b1,fft-bf16-fp32-log8-b1,full,butterfly,cuButterfly-temporal-r2-t128,0,3,1,-1,,fp32,16,32,32,0,per-stage-twiddle,floating-complex,temporal-r2-t128,1,32,1024,16,64,1.0,1,0.00078125,0.00078125,register+thread+warp,2048,0.0003255208333333333,0,Tesla V100-SXM2-16GB,7.0,fft,bf16,forward,none,out-of-place,0,,,,0.000000,,temporal-tile,radix2,four-mul,table,direct-strided,,1,8,,,,,,0,,,shared,linear,scalar,0,named-barrier,128,0,0,8,8,0,0,0,0,0,0,8,256,1,1,256,1000,100,0.006144,0.004792,0.016736,208667.197529,0.213675,53418802.567457,0.000000,-1,,,,,,,,,,,,
structured-2x2-fp32-log20-online-r4-t256-b2,structured-2x2-fp32-log20-b2,full,butterfly,cuButterfly-online-r4-t256,0,4,2,-1,,native,32,32,32,0,broadcast,floating-fma,online-r4-t256,512,46,4096,5,40,0.625,1024,2.56,1.0,register,16777216,2.6666666666666665,0,Tesla V100-SXM2-16GB,7.0,structured-2x2,fp32,forward,none,out-of-place,0,,,,0.000000,,online-reorder,radix4,four-mul,table,direct-strided,0.92387949999999996:-0.38268340000000001:0.38268340000000001:0.92387949999999996,2,10x10,0x0,8x8,table,direct-strided,global-scratch,2,0x0,8x8,shared,linear,scalar,0,named-barrier,256,0,0,8,8,0,0,10,1,0,0,20,1048576,2,1,1048576,1000,100,1.421280,0.174305,1.368160,11474.121068,120.314880,12031487972.599792,0.000000,-1,,,,,,,,,,,,
fwht-fp16-fp32-log8-temporal-r2-t128-b960,fwht-fp16-fp32-log8-b960,full,butterfly,cuButterfly-temporal-r2-t128,0,1,960,-1,,fp32,16,32,32,0,implicit-sign,floating-add,temporal-r2-t128,1,30,512,16,64,1.0,960,0.75,0.75,register+thread+warp,983040,0.15625,0,Tesla V100-SXM2-16GB,7.0,fwht,fp16,forward,none,out-of-place,0,,,,0.000000,,temporal-tile,radix2,four-mul,table,direct-strided,,1,8,,,,,,0,,,shared,linear,scalar,0,named-barrier,128,0,0,8,8,0,0,0,0,0,0,8,256,960,1,256,1000,100,0.138400,0.004844,0.139360,198202959.807256,202.959831,50739957710.657631,0.000000,-1,,,,,,,,,,,,
fwht-fp32-log15-hier-r4-t256-b1,fwht-fp32-log15-b1,full,butterfly,cuButterfly-hier-r4-t256,0,1,1,-1,,native,32,32,32,0,implicit-sign,floating-add,hier-r4-t256,64,44,4096,5,40,0.625,64,0.16,0.16,register,262144,0.041666666666666664,0,Tesla V100-SXM2-16GB,7.0,fwht,fp32,forward,none,out-of-place,0,,,,0.000000,,hierarchical,radix4,four-mul,table,direct-strided,,1,15,,,,,,0,,,shared,linear,scalar,0,named-barrier,256,0,0,8,8,0,0,8,0,0,0,15,32768,1,1,32768,1000,100,0.040000,0.017367,0.048192,57580.333637,14.150943,1886792372.601945,0.000000,-1,,,,,,,,,,,,
fwht-bf16-fp32-log20-online-r2-t256-b1,fwht-bf16-fp32-log20-b1,full,butterfly,cuButterfly-online-r2-t256,0,1,1,-1,,fp32,16,32,32,0,implicit-sign,floating-add,online-r2-t256,512,36,1024,6,48,0.75,512,1.0666666666666667,1.0,register,4194304,0.6666666666666666,0,Tesla V100-SXM2-16GB,7.0,fwht,bf16,forward,none,out-of-place,0,,,,0.000000,,online-reorder,radix2,four-mul,table,direct-strided,,2,10x10,0x0,8x8,table,direct-strided,global-scratch,2,0x0,8x8,shared,linear,scalar,0,named-barrier,256,0,0,8,8,0,0,10,1,0,0,20,1048576,1,1,1048576,1000,100,0.457664,0.107674,0.420064,9287.327600,97.384688,9738468825.433344,0.000000,-1,,,,,,,,,,,,
structured-2x2-bf16-native-log8-temporal-r4-t128-b959,structured-2x2-bf16-native-log8-b959,full,butterfly,cuButterfly-temporal-r4-t128,0,2,959,-1,,native,16,32,16,1,broadcast,floating-fma,temporal-r4-t128,1,38,512,12,48,0.75,959,0.9989583333333333,0.9989583333333333,register,982016,0.15608723958333334,0,Tesla V100-SXM2-16GB,7.0,structured-2x2,bf16,forward,none,out-of-place,0,,,,0.000000,,temporal-tile,radix4,four-mul,table,direct-strided,0.92387949999999996:-0.38268340000000001:0.38268340000000001:0.92387949999999996,1,8,,,,,,0,,,shared,linear,scalar,0,named-barrier,128,0,0,8,8,0,0,0,0,0,0,8,256,959,1,256,1000,100,0.121312,0.014080,0.126336,68110794.922572,69.745454,17436363500.178493,0.000000,-1,,,,,,,,,,,,
structured-2x2-bf16-fp32-log8-temporal-r4-t128-b1280,structured-2x2-bf16-fp32-log8-b1280,full,butterfly,cuButterfly-temporal-r4-t128,0,1,1280,-1,,fp32,16,32,32,0,broadcast,floating-fma,temporal-r4-t128,1,38,512,12,48,0.75,1280,1.3333333333333333,1.0,register,1310720,0.20833333333333334,0,Tesla V100-SXM2-16GB,7.0,structured-2x2,bf16,forward,none,out-of-place,0,,,,0.000000,,temporal-tile,radix4,four-mul,table,direct-strided,0.92387949999999996:-0.38268340000000001:0.38268340000000001:0.92387949999999996,1,8,,,,,,0,,,shared,linear,scalar,0,named-barrier,128,0,0,8,8,0,0,0,0,0,0,8,256,1280,1,256,1000,100,0.158432,0.008694,0.161312,147232033.272293,150.765602,37691400517.707085,0.000000,-1,,,,,,,,,,,,
fft-fp16-native-log15-online-r2-t256-b4,fft-fp16-native-log15-b4,full,butterfly,cuButterfly-online-r2-t256,0,3,4,-1,,native,16,16,16,0,per-stage-twiddle,floating-complex,online-r2-t256,64,38,2048,6,48,0.75,256,0.5333333333333333,0.5333333333333333,register,1048576,0.16666666666666666,0,Tesla V100-SXM2-16GB,7.0,fft,fp16,forward,none,out-of-place,0,,,,0.000000,,online-reorder,radix2,four-mul,table,direct-strided,,2,8x7,0x0,8x8,table,direct-strided,global-scratch,2,0x0,8x8,shared,linear,scalar,0,named-barrier,256,0,0,8,8,0,0,8,1,0,0,15,32768,4,1,32768,1000,100,0.149632,0.021309,0.135104,187710.227047,46.131665,6150888719.868040,0.000000,-1,,,,,,,,,,,,
fwht-fp16-fp32-log15-online-r4-t256-b8,fwht-fp16-fp32-log15-b8,full,butterfly,cuButterfly-online-r4-t256,0,1,8,-1,,fp32,16,32,32,0,implicit-sign,floating-add,online-r4-t256,64,46,2048,5,40,0.625,512,1.28,1.0,register,1048576,0.16666666666666666,0,Tesla V100-SXM2-16GB,7.0,fwht,fp16,forward,none,out-of-place,0,,,,0.000000,,online-reorder,radix4,four-mul,table,direct-strided,,2,8x7,0x0,8x8,table,direct-strided,global-scratch,2,0x0,8x8,shared,linear,scalar,0,named-barrier,256,0,0,8,8,0,0,8,1,0,0,15,32768,8,1,32768,1000,100,0.129824,0.026143,0.150592,306012.510913,75.205635,10027417957.586985,0.000000,-1,,,,,,,,,,,,
subset-zeta-uint32-zeta-log15-online-r4-t256-b9,subset-zeta-uint32-zeta-log15-b9,full,butterfly,cuButterfly-online-r4-t256,0,5,9,-1,,native,32,32,32,0,implicit-unit,integer-add,online-r4-t256,64,46,4096,5,40,0.625,576,1.44,1.0,register,2359296,0.375,0,Tesla V100-SXM2-16GB,7.0,subset-zeta,uint32,forward,none,out-of-place,0,,,,0.000000,,online-reorder,radix4,four-mul,table,direct-strided,,2,8x7,0x0,8x8,table,direct-strided,global-scratch,2,0x0,8x8,shared,linear,scalar,0,named-barrier,256,0,0,8,8,0,0,8,1,0,0,15,32768,9,1,32768,1000,100,0.305120,0.027709,0.252064,324799.042886,79.822613,10643015037.297279,0.000000,-1,,,,,,,,,,,,
fft-fp64-log8-temporal-r2-t128-b959,fft-fp64-log8-b959,full,butterfly,cuButterfly-temporal-r2-t128,0,1,959,-1,,native,64,64,64,0,per-stage-twiddle,floating-complex,temporal-r2-t128,1,36,4096,12,48,0.75,959,0.9989583333333333,0.9989583333333333,register,7856128,1.2486979166666667,0,Tesla V100-SXM2-16GB,7.0,fft,fp64,forward,none,out-of-place,0,,,,0.000000,,temporal-tile,radix2,four-mul,table,direct-strided,,1,8,,,,,,0,,,shared,linear,scalar,0,named-barrier,128,0,0,8,8,0,0,0,0,0,0,8,256,959,1,256,1000,100,0.716288,0.017377,0.659456,55187003.755458,56.511492,14127872961.397121,0.000000,-1,,,,,,,,,,,,
ntt-uint64-ntt-log15-ntt-hybrid-r4-t256-b321,ntt-uint64-ntt-log15-b321,full,ntt,cuButterfly-ntt-hybrid-r4-t256,0,2,321,-1,,native,64,64,64,0,per-stage-root,modular-multiply-reduce,ntt-hybrid-r4-t256,1,66,8192,3,24,0.375,321,1.3375,1.0,register,168296448,26.75,0,Tesla V100-SXM2-16GB,7.0,ntt,uint64,forward,,,0,,,,0.000000,,hybrid2d,radix4,,fused,,,,,,,,,,,,,,,,0,named-barrier,,,,,,,,,,,,15,32768,321,1,32768,1000,100,13.604000,0.627026,23.200447,,,,,-1,natural,64,1152921504606748673,60,7,4,256,0,511940.573487,8575.671049,16775268712.024214,shoup
fft-fp64-log8-temporal-r4-t128-b719,fft-fp64-log8-b719,full,butterfly,cuButterfly-temporal-r4-t128,0,5,719,-1,,native,64,64,64,0,per-stage-twiddle,floating-complex,temporal-r4-t128,1,50,4096,9,36,0.5625,719,0.9986111111111111,0.9986111111111111,register,5890048,0.9361979166666666,0,Tesla V100-SXM2-16GB,7.0,fft,fp64,forward,none,out-of-place,0,,,,0.000000,,temporal-tile,radix4,four-mul,table,direct-strided,,1,8,,,,,,0,,,shared,linear,scalar,0,named-barrier,128,0,0,8,8,0,0,0,0,0,0,8,256,719,1,256,1000,100,0.566752,0.009523,0.531328,75499833.010512,77.311829,19327957250.690971,0.000000,-1,,,,,,,,,,,,
structured-2x2-bf16-native-log8-temporal-r2-t128-b959,structured-2x2-bf16-native-log8-b959,full,butterfly,cuButterfly-temporal-r2-t128,0,2,959,-1,,native,16,32,16,1,broadcast,floating-fma,temporal-r2-t128,1,30,512,16,64,1.0,959,0.74921875,0.74921875,register+thread+warp,982016,0.15608723958333334,0,Tesla V100-SXM2-16GB,7.0,structured-2x2,bf16,forward,none,out-of-place,0,,,,0.000000,,temporal-tile,radix2,four-mul,table,direct-strided,0.92387949999999996:-0.38268340000000001:0.38268340000000001:0.92387949999999996,1,8,,,,,,0,,,shared,linear,scalar,0,named-barrier,128,0,0,8,8,0,0,0,0,0,0,8,256,959,1,256,1000,100,0.114016,0.013722,0.128800,69889812.621412,71.567168,17891792031.081371,0.000000,-1,,,,,,,,,,,,
fft-fp16-fp32-log20-online-r4-t256-b1,fft-fp16-fp32-log20-b1,full,butterfly,cuButterfly-online-r4-t256,0,2,1,-1,,fp32,16,32,32,0,per-stage-twiddle,floating-complex,online-r4-t256,512,50,4096,4,32,0.5,512,1.6,1.0,register,8388608,1.3333333333333333,0,Tesla V100-SXM2-16GB,7.0,fft,fp16,forward,none,out-of-place,0,,,,0.000000,,online-reorder,radix4,four-mul,table,direct-strided,,2,10x10,0x0,8x8,table,direct-strided,global-scratch,2,0x0,8x8,shared,linear,scalar,0,named-barrier,256,0,0,8,8,0,0,10,1,0,0,20,1048576,1,1,1048576,1000,100,0.754144,0.129823,0.770048,7702.812188,80.769840,8076983992.968986,0.000000,-1,,,,,,,,,,,,
fwht-fp32-log8-temporal-r4-t128-b959,fwht-fp32-log8-b959,full,butterfly,cuButterfly-temporal-r4-t128,0,1,959,-1,,native,32,32,32,0,implicit-sign,floating-add,temporal-r4-t128,1,38,1024,12,48,0.75,959,0.9989583333333333,0.9989583333333333,register,1964032,0.3121744791666667,0,Tesla V100-SXM2-16GB,7.0,fwht,fp32,forward,none,out-of-place,0,,,,0.000000,,temporal-tile,radix4,four-mul,table,direct-strided,,1,8,,,,,,0,,,shared,linear,scalar,0,named-barrier,128,0,0,8,8,0,0,0,0,0,0,8,256,959,1,256,1000,100,0.269472,0.004229,0.263744,226761124.015659,232.203391,58050847748.008743,0.000000,-1,,,,,,,,,,,,
fwht-bf16-fp32-log8-temporal-r4-t128-b1281,fwht-bf16-fp32-log8-b1281,full,butterfly,cuButterfly-temporal-r4-t128,0,2,1281,-1,,fp32,16,32,32,0,implicit-sign,floating-add,temporal-r4-t128,1,38,512,12,48,0.75,1281,1.334375,1.0,register,1311744,0.20849609375,0,Tesla V100-SXM2-16GB,7.0,fwht,bf16,forward,none,out-of-place,0,,,,0.000000,,temporal-tile,radix4,four-mul,table,direct-strided,,1,8,,,,,,0,,,shared,linear,scalar,0,named-barrier,128,0,0,8,8,0,0,0,0,0,0,8,256,1281,1,256,1000,100,0.196800,0.008090,0.177568,158351461.044961,162.151896,40537974027.510025,0.000000,-1,,,,,,,,,,,,
ntt-uint64-ntt-log15-ntt-hybrid-r4-t256-b320,ntt-uint64-ntt-log15-b320,full,ntt,cuButterfly-ntt-hybrid-r4-t256,0,3,320,-1,,native,64,64,64,0,per-stage-root,modular-multiply-reduce,ntt-hybrid-r4-t256,1,66,8192,3,24,0.375,320,1.3333333333333333,1.0,register,167772160,26.666666666666668,0,Tesla V100-SXM2-16GB,7.0,ntt,uint64,forward,,,0,,,,0.000000,,hybrid2d,radix4,,fused,,,,,,,,,,,,,,,,0,named-barrier,,,,,,,,,,,,15,32768,320,1,32768,1000,100,13.563328,0.628091,12.631360,,,,,-1,natural,64,1152921504606748673,60,7,4,256,0,509480.380621,11930.158424,16694653112.194151,shoup
fwht-fp32-log20-hier-r4-t256-b2,fwht-fp32-log20-b2,full,butterfly,cuButterfly-hier-r4-t256,0,3,2,-1,,native,32,32,32,0,implicit-sign,floating-add,hier-r4-t256,512,44,4096,5,40,0.625,1024,2.56,1.0,register,16777216,2.6666666666666665,0,Tesla V100-SXM2-16GB,7.0,fwht,fp32,forward,none,out-of-place,0,,,,0.000000,,hierarchical,radix4,four-mul,table,direct-strided,,1,20,,,,,,0,,,shared,linear,scalar,0,named-barrier,256,0,0,8,8,0,0,10,0,0,0,20,1048576,2,1,1048576,1000,100,1.430144,0.257352,1.354240,7771.466158,81.489729,8148972898.149800,0.000000,-1,,,,,,,,,,,,
fwht-fp32-log8-temporal-r2-t128-b1281,fwht-fp32-log8-b1281,full,butterfly,cuButterfly-temporal-r2-t128,0,3,1281,-1,,native,32,32,32,0,implicit-sign,floating-add,temporal-r2-t128,1,30,1024,16,64,1.0,1281,1.00078125,1.0,register+thread+warp,2623488,0.4169921875,0,Tesla V100-SXM2-16GB,7.0,fwht,fp32,forward,none,out-of-place,0,,,,0.000000,,temporal-tile,radix2,four-mul,table,direct-strided,,1,8,,,,,,0,,,shared,linear,scalar,0,named-barrier,128,0,0,8,8,0,0,0,0,0,0,8,256,1281,1,256,1000,100,0.310112,0.005499,0.304960,232956527.007970,238.547484,59636870914.040306,0.000000,-1,,,,,,,,,,,,
structured-2x2-fp16-native-log15-online-r2-t256-b7,structured-2x2-fp16-native-log15-b7,full,butterfly,cuButterfly-online-r2-t256,0,4,7,-1,,native,16,16,16,0,broadcast,floating-fma,online-r2-t256,64,36,1024,6,48,0.75,448,0.9333333333333333,0.9333333333333333,register,917504,0.14583333333333334,0,Tesla V100-SXM2-16GB,7.0,structured-2x2,fp16,forward,none,out-of-place,0,,,,0.000000,,online-reorder,radix2,four-mul,table,direct-strided,0.92387949999999996:-0.38268340000000001:0.38268340000000001:0.92387949999999996,2,8x7,0x0,8x8,table,direct-strided,global-scratch,2,0x0,8x8,shared,linear,scalar,0,named-barrier,256,0,0,8,8,0,0,8,1,0,0,15,32768,7,1,32768,1000,100,0.107680,0.026952,0.131488,259724.069535,63.829787,8510638310.537014,0.000000,-1,,,,,,,,,,,,
fft-fp16-native-log15-hier-r4-t256-b1,fft-fp16-native-log15-b1,full,butterfly,cuButterfly-hier-r4-t256,0,2,1,-1,,native,16,16,16,0,per-stage-twiddle,floating-complex,hier-r4-t256,64,48,4096,5,40,0.625,64,0.16,0.16,register,262144,0.041666666666666664,0,Tesla V100-SXM2-16GB,7.0,fft,fp16,forward,none,out-of-place,0,,,,0.000000,,hierarchical,radix4,four-mul,table,direct-strided,,1,15,,,,,,0,,,shared,linear,scalar,0,named-barrier,256,0,0,8,8,0,0,8,0,0,0,15,32768,1,1,32768,1000,100,0.034592,0.019425,0.046784,51479.308397,12.651555,1686873977.541570,0.000000,-1,,,,,,,,,,,,
structured-2x2-fp64-log15-online-r2-t256-b5,structured-2x2-fp64-log15-b5,full,butterfly,cuButterfly-online-r2-t256,0,1,5,-1,,native,64,64,64,0,broadcast,floating-fma,online-r2-t256,64,38,4096,6,48,0.75,320,0.6666666666666666,0.6666666666666666,register,2621440,0.4166666666666667,0,Tesla V100-SXM2-16GB,7.0,structured-2x2,fp64,forward,none,out-of-place,0,,,,0.000000,,online-reorder,radix2,four-mul,table,direct-strided,0.92387949999999996:-0.38268340000000001:0.38268340000000001:0.92387949999999996,2,8x7,0x0,8x8,table,direct-strided,global-scratch,2,0x0,8x8,shared,linear,scalar,0,named-barrier,256,0,0,8,8,0,0,8,1,0,0,15,32768,5,1,32768,1000,100,0.306304,0.022743,0.327936,219847.489893,54.029719,7203962548.806413,0.000000,-1,,,,,,,,,,,,
structured-2x2-bf16-fp32-log8-temporal-r2-t128-b961,structured-2x2-bf16-fp32-log8-b961,full,butterfly,cuButterfly-temporal-r2-t128,0,1,961,-1,,fp32,16,32,32,0,broadcast,floating-fma,temporal-r2-t128,1,30,512,16,64,1.0,961,0.75078125,0.75078125,register+thread+warp,984064,0.15641276041666666,0,Tesla V100-SXM2-16GB,7.0,structured-2x2,bf16,forward,none,out-of-place,0,,,,0.000000,,temporal-tile,radix2,four-mul,table,direct-strided,0.92387949999999996:-0.38268340000000001:0.38268340000000001:0.92387949999999996,1,8,,,,,,0,,,shared,linear,scalar,0,named-barrier,128,0,0,8,8,0,0,0,0,0,0,8,256,961,1,256,1000,100,0.114208,0.008253,0.156928,116436294.396430,119.230765,29807691365.485962,0.000000,-1,,,,,,,,,,,,
fft-fp16-native-log15-hier-r4-t256-b6,fft-fp16-native-log15-b6,full,butterfly,cuButterfly-hier-r4-t256,0,2,6,-1,,native,16,16,16,0,per-stage-twiddle,floating-complex,hier-r4-t256,64,48,4096,5,40,0.625,384,0.96,0.96,register,1572864,0.25,0,Tesla V100-SXM2-16GB,7.0,fft,fp16,forward,none,out-of-place,0,,,,0.000000,,hierarchical,radix4,four-mul,table,direct-strided,,1,15,,,,,,0,,,shared,linear,scalar,0,named-barrier,256,0,0,8,8,0,0,8,0,0,0,15,32768,6,1,32768,1000,100,0.230208,0.027054,0.213536,221778.003021,54.504162,7267221602.990633,0.000000,-1,,,,,,,,,,,,
fwht-fp32-log20-online-r2-t256-b1,fwht-fp32-log20-b1,full,butterfly,cuButterfly-online-r2-t256,0,1,1,-1,,native,32,32,32,0,implicit-sign,floating-add,online-r2-t256,512,36,2048,6,48,0.75,512,1.0666666666666667,1.0,register,8388608,1.3333333333333333,0,Tesla V100-SXM2-16GB,7.0,fwht,fp32,forward,none,out-of-place,0,,,,0.000000,,online-reorder,radix2,four-mul,table,direct-strided,,2,10x10,0x0,8x8,table,direct-strided,global-scratch,2,0x0,8x8,shared,linear,scalar,0,named-barrier,256,0,0,8,8,0,0,10,1,0,0,20,1048576,1,1,1048576,1000,100,0.749344,0.093194,0.740352,10730.277026,112.515110,11251510962.850245,0.000000,-1,,,,,,,,,,,,
fft-fp32-log15-online-r2-t256-b8,fft-fp32-log15-b8,full,butterfly,cuButterfly-online-r2-t256,0,5,8,-1,,native,32,32,32,0,per-stage-twiddle,floating-complex,online-r2-t256,64,38,4096,6,48,0.75,512,1.0666666666666667,1.0,register,4194304,0.6666666666666666,0,Tesla V100-SXM2-16GB,7.0,fft,fp32,forward,none,out-of-place,0,,,,0.000000,,online-reorder,radix2,four-mul,table,direct-strided,,2,8x7,0x0,8x8,table,direct-strided,global-scratch,2,0x0,8x8,shared,linear,scalar,0,named-barrier,256,0,0,8,8,0,0,8,1,0,0,15,32768,8,1,32768,1000,100,0.509248,0.039148,0.414880,204355.225853,50.222340,6696312040.736229,0.000000,-1,,,,,,,,,,,,
structured-2x2-fp64-log15-online-r2-t256-b5,structured-2x2-fp64-log15-b5,full,butterfly,cuButterfly-online-r2-t256,0,5,5,-1,,native,64,64,64,0,broadcast,floating-fma,online-r2-t256,64,38,4096,6,48,0.75,320,0.6666666666666666,0.6666666666666666,register,2621440,0.4166666666666667,0,Tesla V100-SXM2-16GB,7.0,structured-2x2,fp64,forward,none,out-of-place,0,,,,0.000000,,online-reorder,radix2,four-mul,table,direct-strided,0.92387949999999996:-0.38268340000000001:0.38268340000000001:0.92387949999999996,2,8x7,0x0,8x8,table,direct-strided,global-scratch,2,0x0,8x8,shared,linear,scalar,0,named-barrier,256,0,0,8,8,0,0,8,1,0,0,15,32768,5,1,32768,1000,100,0.341024,0.022702,0.269184,220244.143338,54.127201,7216960088.899931,0.000000,-1,,,,,,,,,,,,
fwht-bf16-fp32-log15-online-r2-t256-b1,fwht-bf16-fp32-log15-b1,full,butterfly,cuButterfly-online-r2-t256,0,5,1,-1,,fp32,16,32,32,0,implicit-sign,floating-add,online-r2-t256,64,36,1024,6,48,0.75,64,0.13333333333333333,0.13333333333333333,register,131072,0.020833333333333332,0,Tesla V100-SXM2-16GB,7.0,fwht,bf16,forward,none,out-of-place,0,,,,0.000000,,online-reorder,radix2,four-mul,table,direct-strided,,2,8x7,0x0,8x8,table,direct-strided,global-scratch,2,0x0,8x8,shared,linear,scalar,0,named-barrier,256,0,0,8,8,0,0,8,1,0,0,15,32768,1,1,32768,1000,100,0.033792,0.009124,0.031808,109602.980938,26.936029,3591470479.375395,0.000000,-1,,,,,,,,,,,,
fft-bf16-native-log20-online-r4-t256-b1,fft-bf16-native-log20-b1,full,butterfly,cuButterfly-online-r4-t256,0,2,1,-1,,native,16,32,16,1,per-stage-twiddle,floating-complex,online-r4-t256,512,50,4096,4,32,0.5,512,1.6,1.0,register,8388608,1.3333333333333333,0,Tesla V100-SXM2-16GB,7.0,fft,bf16,forward,none,out-of-place,0,,,,0.000000,,online-reorder,radix4,four-mul,table,direct-strided,,2,10x10,0x0,8x8,table,direct-strided,global-scratch,2,0x0,8x8,shared,linear,scalar,0,named-barrier,256,0,0,8,8,0,0,10,1,0,0,20,1048576,1,1,1048576,1000,100,0.750944,0.214692,0.716192,4657.838718,48.840979,4884097891.482944,0.000000,-1,,,,,,,,,,,,
structured-2x2-bf16-fp32-log20-online-r4-t256-b2,structured-2x2-bf16-fp32-log20-b2,full,butterfly,cuButterfly-online-r4-t256,0,4,2,-1,,fp32,16,32,32,0,broadcast,floating-fma,online-r4-t256,512,46,2048,5,40,0.625,1024,2.56,1.0,register,8388608,1.3333333333333333,0,Tesla V100-SXM2-16GB,7.0,structured-2x2,bf16,forward,none,out-of-place,0,,,,0.000000,,online-reorder,radix4,four-mul,table,direct-strided,0.92387949999999996:-0.38268340000000001:0.38268340000000001:0.92387949999999996,2,10x10,0x0,8x8,table,direct-strided,global-scratch,2,0x0,8x8,shared,linear,scalar,0,named-barrier,256,0,0,8,8,0,0,10,1,0,0,20,1048576,2,1,1048576,1000,100,0.750784,0.199055,0.719552,10047.455455,105.355207,10535520651.106497,0.000000,-1,,,,,,,,,,,,
ntt-uint64-ntt-log15-ntt-hybrid-r4-t256-b320,ntt-uint64-ntt-log15-b320,full,ntt,cuButterfly-ntt-hybrid-r4-t256,0,5,320,-1,,native,64,64,64,0,per-stage-root,modular-multiply-reduce,ntt-hybrid-r4-t256,1,66,8192,3,24,0.375,320,1.3333333333333333,1.0,register,167772160,26.666666666666668,0,Tesla V100-SXM2-16GB,7.0,ntt,uint64,forward,,,0,,,,0.000000,,hybrid2d,radix4,,fused,,,,,,,,,,,,,,,,0,named-barrier,,,,,,,,,,,,15,32768,320,1,32768,1000,100,13.548704,0.625674,23.134048,,,,,-1,natural,64,1152921504606748673,60,7,4,256,0,511448.251474,8577.150713,16759136304.310383,shoup
fwht-fp64-log15-hier-r4-t256-b7,fwht-fp64-log15-b7,full,butterfly,cuButterfly-hier-r4-t256,0,3,7,-1,,native,64,64,64,0,implicit-sign,floating-add,hier-r4-t256,64,48,8192,5,40,0.625,448,1.12,1.0,register,3670016,0.5833333333333334,0,Tesla V100-SXM2-16GB,7.0,fwht,fp64,forward,none,out-of-place,0,,,,0.000000,,hierarchical,radix4,four-mul,table,direct-strided,,1,15,,,,,,0,,,shared,linear,scalar,0,named-barrier,256,0,0,8,8,0,0,8,0,0,0,15,32768,7,1,32768,1000,100,0.398176,0.028959,0.354624,241723.382021,59.405938,7920791782.060379,0.000000,-1,,,,,,,,,,,,
fft-bf16-native-log20-hier-r4-t256-b1,fft-bf16-native-log20-b1,full,butterfly,cuButterfly-hier-r4-t256,0,1,1,-1,,native,16,32,16,1,per-stage-twiddle,floating-complex,hier-r4-t256,512,48,4096,5,40,0.625,512,1.28,1.0,register,8388608,1.3333333333333333,0,Tesla V100-SXM2-16GB,7.0,fft,bf16,forward,none,out-of-place,0,,,,0.000000,,hierarchical,radix4,four-mul,table,direct-strided,,1,20,,,,,,0,,,shared,linear,scalar,0,named-barrier,256,0,0,8,8,0,0,10,0,0,0,20,1048576,1,1,1048576,1000,100,0.748864,0.250071,0.758816,3998.863543,41.931123,4193112338.664129,0.000000,-1,,,,,,,,,,,,
fwht-bf16-fp32-log8-temporal-r4-t128-b959,fwht-bf16-fp32-log8-b959,full,butterfly,cuButterfly-temporal-r4-t128,0,1,959,-1,,fp32,16,32,32,0,implicit-sign,floating-add,temporal-r4-t128,1,38,512,12,48,0.75,959,0.9989583333333333,0.9989583333333333,register,982016,0.15608723958333334,0,Tesla V100-SXM2-16GB,7.0,fwht,bf16,forward,none,out-of-place,0,,,,0.000000,,temporal-tile,radix4,four-mul,table,direct-strided,,1,8,,,,,,0,,,shared,linear,scalar,0,named-barrier,128,0,0,8,8,0,0,0,0,0,0,8,256,959,1,256,1000,100,0.154592,0.006758,0.129760,141897485.511268,145.303025,36325756290.884506,0.000000,-1,,,,,,,,,,,,
structured-2x2-bf16-fp32-log15-hier-r4-t256-b9,structured-2x2-bf16-fp32-log15-b9,full,butterfly,cuButterfly-hier-r4-t256,0,1,9,-1,,fp32,16,32,32,0,broadcast,floating-fma,hier-r4-t256,64,44,2048,5,40,0.625,576,1.44,1.0,register,1179648,0.1875,0,Tesla V100-SXM2-16GB,7.0,structured-2x2,bf16,forward,none,out-of-place,0,,,,0.000000,,hierarchical,radix4,four-mul,table,direct-strided,0.92387949999999996:-0.38268340000000001:0.38268340000000001:0.92387949999999996,1,15,,,,,,0,,,shared,linear,scalar,0,named-barrier,256,0,0,8,8,0,0,8,0,0,0,15,32768,9,1,32768,1000,100,0.142912,0.031580,0.149888,284989.044659,70.038908,9338521015.386738,0.000000,-1,,,,,,,,,,,,
structured-2x2-fp64-log15-online-r4-t256-b7,structured-2x2-fp64-log15-b7,full,butterfly,cuButterfly-online-r4-t256,0,1,7,-1,,native,64,64,64,0,broadcast,floating-fma,online-r4-t256,64,50,8192,4,32,0.5,448,1.4,1.0,register,3670016,0.5833333333333334,0,Tesla V100-SXM2-16GB,7.0,structured-2x2,fp64,forward,none,out-of-place,0,,,,0.000000,,online-reorder,radix4,four-mul,table,direct-strided,0.92387949999999996:-0.38268340000000001:0.38268340000000001:0.92387949999999996,2,8x7,0x0,8x8,table,direct-strided,global-scratch,2,0x0,8x8,shared,linear,scalar,0,named-barrier,256,0,0,8,8,0,0,8,1,0,0,15,32768,7,1,32768,1000,100,0.398880,0.027249,0.367744,256893.558699,63.134161,8417888131.460505,0.000000,-1,,,,,,,,,,,,
fwht-fp32-log20-online-r4-t256-b2,fwht-fp32-log20-b2,full,butterfly,cuButterfly-online-r4-t256,0,1,2,-1,,native,32,32,32,0,implicit-sign,floating-add,online-r4-t256,512,46,4096,5,40,0.625,1024,2.56,1.0,register,16777216,2.6666666666666665,0,Tesla V100-SXM2-16GB,7.0,fwht,fp32,forward,none,out-of-place,0,,,,0.000000,,online-reorder,radix4,four-mul,table,direct-strided,,2,10x10,0x0,8x8,table,direct-strided,global-scratch,2,0x0,8x8,shared,linear,scalar,0,named-barrier,256,0,0,8,8,0,0,10,1,0,0,20,1048576,2,1,1048576,1000,100,1.436672,0.167291,1.367584,11955.224246,125.359612,12535961219.179882,0.000000,-1,,,,,,,,,,,,
fwht-bf16-fp32-log20-hier-r4-t256-b1,fwht-bf16-fp32-log20-b1,full,butterfly,cuButterfly-hier-r4-t256,0,5,1,-1,,fp32,16,32,32,0,implicit-sign,floating-add,hier-r4-t256,512,44,2048,5,40,0.625,512,1.28,1.0,register,4194304,0.6666666666666666,0,Tesla V100-SXM2-16GB,7.0,fwht,bf16,forward,none,out-of-place,0,,,,0.000000,,hierarchical,radix4,four-mul,table,direct-strided,,1,20,,,,,,0,,,shared,linear,scalar,0,named-barrier,256,0,0,8,8,0,0,10,0,0,0,20,1048576,1,1,1048576,1000,100,0.421440,0.083845,0.427712,11926.753106,125.061071,12506107064.399603,0.000000,-1,,,,,,,,,,,,
fwht-fp16-fp32-log15-online-r2-t256-b8,fwht-fp16-fp32-log15-b8,full,butterfly,cuButterfly-online-r2-t256,0,3,8,-1,,fp32,16,32,32,0,implicit-sign,floating-add,online-r2-t256,64,36,1024,6,48,0.75,512,1.0666666666666667,1.0,register,1048576,0.16666666666666666,0,Tesla V100-SXM2-16GB,7.0,fwht,fp16,forward,none,out-of-place,0,,,,0.000000,,online-reorder,radix2,four-mul,table,direct-strided,,2,8x7,0x0,8x8,table,direct-strided,global-scratch,2,0x0,8x8,shared,linear,scalar,0,named-barrier,256,0,0,8,8,0,0,8,1,0,0,15,32768,8,1,32768,1000,100,0.122432,0.026706,0.128000,299559.041270,73.619630,9815950664.330624,0.000000,-1,,,,,,,,,,,,
fwht-bf16-native-log8-temporal-r2-t128-b960,fwht-bf16-native-log8-b960,full,butterfly,cuButterfly-temporal-r2-t128,0,5,960,-1,,native,16,32,16,1,implicit-sign,floating-add,temporal-r2-t128,1,30,512,16,64,1.0,960,0.75,0.75,register+thread+warp,983040,0.15625,0,Tesla V100-SXM2-16GB,7.0,fwht,bf16,forward,none,out-of-place,0,,,,0.000000,,temporal-tile,radix2,four-mul,table,direct-strided,,1,8,,,,,,0,,,shared,linear,scalar,0,named-barrier,128,0,0,8,8,0,0,0,0,0,0,8,256,960,1,256,1000,100,0.138400,0.007045,0.121376,136264534.867489,139.534884,34883720926.077118,0.000000,-1,,,,,,,,,,,,
fft-fp64-log20-hier-r4-t256-b2,fft-fp64-log20-b2,full,butterfly,cuButterfly-hier-r4-t256,0,4,2,-1,,native,64,64,64,0,per-stage-twiddle,floating-complex,hier-r4-t256,512,56,16384,4,32,0.5,1024,3.2,1.0,register,67108864,10.666666666666666,0,Tesla V100-SXM2-16GB,7.0,fft,fp64,forward,none,out-of-place,0,,,,0.000000,,hierarchical,radix4,four-mul,table,direct-strided,,1,20,,,,,,0,,,shared,linear,scalar,0,named-barrier,256,0,0,8,8,0,0,10,0,0,0,20,1048576,2,1,1048576,1000,100,5.450080,1.169265,5.118912,1710.476890,17.935650,1793565015.780799,0.000000,-1,,,,,,,,,,,,
structured-2x2-fp16-fp32-log8-temporal-r4-t128-b960,structured-2x2-fp16-fp32-log8-b960,full,butterfly,cuButterfly-temporal-r4-t128,0,3,960,-1,,fp32,16,32,32,0,broadcast,floating-fma,temporal-r4-t128,1,38,512,12,48,0.75,960,1.0,1.0,register,983040,0.15625,0,Tesla V100-SXM2-16GB,7.0,structured-2x2,fp16,forward,none,out-of-place,0,,,,0.000000,,temporal-tile,radix4,four-mul,table,direct-strided,0.92387949999999996:-0.38268340000000001:0.38268340000000001:0.92387949999999996,1,8,,,,,,0,,,shared,linear,scalar,0,named-barrier,128,0,0,8,8,0,0,0,0,0,0,8,256,960,1,256,1000,100,0.120992,0.004823,0.138496,199044577.025122,203.821647,50955411718.431267,0.000000,-1,,,,,,,,,,,,
structured-2x2-bf16-native-log15-hier-r4-t256-b9,structured-2x2-bf16-native-log15-b9,full,butterfly,cuButterfly-hier-r4-t256,0,2,9,-1,,native,16,32,16,1,broadcast,floating-fma,hier-r4-t256,64,44,2048,5,40,0.625,576,1.44,1.0,register,1179648,0.1875,0,Tesla V100-SXM2-16GB,7.0,structured-2x2,bf16,forward,none,out-of-place,0,,,,0.000000,,hierarchical,radix4,four-mul,table,direct-strided,0.92387949999999996:-0.38268340000000001:0.38268340000000001:0.92387949999999996,1,15,,,,,,0,,,shared,linear,scalar,0,named-barrier,256,0,0,8,8,0,0,8,0,0,0,15,32768,9,1,32768,1000,100,0.139776,0.046920,0.145344,191817.160366,47.140985,6285464710.881684,0.000000,-1,,,,,,,,,,,,
fwht-fp64-log15-online-r4-t256-b7,fwht-fp64-log15-b7,full,butterfly,cuButterfly-online-r4-t256,0,4,7,-1,,native,64,64,64,0,implicit-sign,floating-add,online-r4-t256,64,50,8192,4,32,0.5,448,1.4,1.0,register,3670016,0.5833333333333334,0,Tesla V100-SXM2-16GB,7.0,fwht,fp64,forward,none,out-of-place,0,,,,0.000000,,online-reorder,radix4,four-mul,table,direct-strided,,2,8x7,0x0,8x8,table,direct-strided,global-scratch,2,0x0,8x8,shared,linear,scalar,0,named-barrier,256,0,0,8,8,0,0,8,1,0,0,15,32768,7,1,32768,1000,100,0.408032,0.023255,0.346400,301010.006364,73.976219,9863495888.524387,0.000000,-1,,,,,,,,,,,,
fft-bf16-native-log8-temporal-r4-t128-b801,fft-bf16-native-log8-b801,full,butterfly,cuButterfly-temporal-r4-t128,0,1,801,-1,,native,16,32,16,1,per-stage-twiddle,floating-complex,temporal-r4-t128,1,42,1024,10,40,0.625,801,1.00125,1.0,register,1640448,0.2607421875,0,Tesla V100-SXM2-16GB,7.0,fft,bf16,forward,none,out-of-place,0,,,,0.000000,,temporal-tile,radix4,four-mul,table,direct-strided,,1,8,,,,,,0,,,shared,linear,scalar,0,named-barrier,128,0,0,8,8,0,0,0,0,0,0,8,256,801,1,256,1000,100,0.202656,0.019896,0.201344,40258699.085806,41.224908,10306226965.966270,0.000000,-1,,,,,,,,,,,,
fwht-fp16-fp32-log15-hier-r4-t256-b8,fwht-fp16-fp32-log15-b8,full,butterfly,cuButterfly-hier-r4-t256,0,2,8,-1,,fp32,16,32,32,0,implicit-sign,floating-add,hier-r4-t256,64,44,2048,5,40,0.625,512,1.28,1.0,register,1048576,0.16666666666666666,0,Tesla V100-SXM2-16GB,7.0,fwht,fp16,forward,none,out-of-place,0,,,,0.000000,,hierarchical,radix4,four-mul,table,direct-strided,,1,15,,,,,,0,,,shared,linear,scalar,0,named-barrier,256,0,0,8,8,0,0,8,0,0,0,15,32768,8,1,32768,1000,100,0.132576,0.024084,0.137920,332164.109035,81.632651,10884353524.862499,0.000000,-1,,,,,,,,,,,,
structured-2x2-fp64-log20-online-r2-t256-b1,structured-2x2-fp64-log20-b1,full,butterfly,cuButterfly-online-r2-t256,0,1,1,-1,,native,64,64,64,0,broadcast,floating-fma,online-r2-t256,512,38,4096,6,48,0.75,512,1.0666666666666667,1.0,register,16777216,2.6666666666666665,0,Tesla V100-SXM2-16GB,7.0,structured-2x2,fp64,forward,none,out-of-place,0,,,,0.000000,,online-reorder,radix2,four-mul,table,direct-strided,0.92387949999999996:-0.38268340000000001:0.38268340000000001:0.92387949999999996,2,10x10,0x0,8x8,table,direct-strided,global-scratch,2,0x0,8x8,shared,linear,scalar,0,named-barrier,256,0,0,8,8,0,0,10,1,0,0,20,1048576,1,1,1048576,1000,100,1.429824,0.117873,1.378656,8483.732916,88.958387,8895838725.902018,0.000000,-1,,,,,,,,,,,,
structured-2x2-fp16-fp32-log8-temporal-r2-t128-b960,structured-2x2-fp16-fp32-log8-b960,full,butterfly,cuButterfly-temporal-r2-t128,0,1,960,-1,,fp32,16,32,32,0,broadcast,floating-fma,temporal-r2-t128,1,30,512,16,64,1.0,960,0.75,0.75,register+thread+warp,983040,0.15625,0,Tesla V100-SXM2-16GB,7.0,structured-2x2,fp16,forward,none,out-of-place,0,,,,0.000000,,temporal-tile,radix2,four-mul,table,direct-strided,0.92387949999999996:-0.38268340000000001:0.38268340000000001:0.92387949999999996,1,8,,,,,,0,,,shared,linear,scalar,0,named-barrier,128,0,0,8,8,0,0,0,0,0,0,8,256,960,1,256,1000,100,0.115264,0.005929,0.136672,161917106.707139,165.803117,41450779317.027565,0.000000,-1,,,,,,,,,,,,
fwht-bf16-native-log15-online-r2-t256-b1,fwht-bf16-native-log15-b1,full,butterfly,cuButterfly-online-r2-t256,0,3,1,-1,,native,16,32,16,1,implicit-sign,floating-add,online-r2-t256,64,36,1024,6,48,0.75,64,0.13333333333333333,0.13333333333333333,register,131072,0.020833333333333332,0,Tesla V100-SXM2-16GB,7.0,fwht,bf16,forward,none,out-of-place,0,,,,0.000000,,online-reorder,radix2,four-mul,table,direct-strided,,2,8x7,0x0,8x8,table,direct-strided,global-scratch,2,0x0,8x8,shared,linear,scalar,0,named-barrier,256,0,0,8,8,0,0,8,1,0,0,15,32768,1,1,32768,1000,100,0.032768,0.009114,0.035808,109726.117846,26.966291,3595505429.563726,0.000000,-1,,,,,,,,,,,,
fft-fp16-fp32-log20-online-r2-t256-b1,fft-fp16-fp32-log20-b1,full,butterfly,cuButterfly-online-r2-t256,0,5,1,-1,,fp32,16,32,32,0,per-stage-twiddle,floating-complex,online-r2-t256,512,38,2048,6,48,0.75,512,1.0666666666666667,1.0,register,8388608,1.3333333333333333,0,Tesla V100-SXM2-16GB,7.0,fft,fp16,forward,none,out-of-place,0,,,,0.000000,,online-reorder,radix2,four-mul,table,direct-strided,,2,10x10,0x0,8x8,table,direct-strided,global-scratch,2,0x0,8x8,shared,linear,scalar,0,named-barrier,256,0,0,8,8,0,0,10,1,0,0,20,1048576,1,1,1048576,1000,100,0.746816,0.145828,0.710304,6857.401644,71.905068,7190506785.750751,0.000000,-1,,,,,,,,,,,,
fwht-fp32-log15-hier-r4-t256-b1,fwht-fp32-log15-b1,full,butterfly,cuButterfly-hier-r4-t256,0,2,1,-1,,native,32,32,32,0,implicit-sign,floating-add,hier-r4-t256,64,44,4096,5,40,0.625,64,0.16,0.16,register,262144,0.041666666666666664,0,Tesla V100-SXM2-16GB,7.0,fwht,fp32,forward,none,out-of-place,0,,,,0.000000,,hierarchical,radix4,four-mul,table,direct-strided,,1,15,,,,,,0,,,shared,linear,scalar,0,named-barrier,256,0,0,8,8,0,0,8,0,0,0,15,32768,1,1,32768,1000,100,0.040800,0.017490,0.047360,57175.792232,14.051523,1873536359.865126,0.000000,-1,,,,,,,,,,,,
fwht-fp64-log15-online-r2-t256-b6,fwht-fp64-log15-b6,full,butterfly,cuButterfly-online-r2-t256,0,4,6,-1,,native,64,64,64,0,implicit-sign,floating-add,online-r2-t256,64,38,4096,6,48,0.75,384,0.8,0.8,register,3145728,0.5,0,Tesla V100-SXM2-16GB,7.0,fwht,fp64,forward,none,out-of-place,0,,,,0.000000,,online-reorder,radix2,four-mul,table,direct-strided,,2,8x7,0x0,8x8,table,direct-strided,global-scratch,2,0x0,8x8,shared,linear,scalar,0,named-barrier,256,0,0,8,8,0,0,8,1,0,0,15,32768,6,1,32768,1000,100,0.351008,0.021453,0.305952,279683.778191,68.735085,9164678043.772440,0.000000,-1,,,,,,,,,,,,
fwht-fp32-log15-online-r2-t256-b1,fwht-fp32-log15-b1,full,butterfly,cuButterfly-online-r2-t256,0,3,1,-1,,native,32,32,32,0,implicit-sign,floating-add,online-r2-t256,64,36,2048,6,48,0.75,64,0.13333333333333333,0.13333333333333333,register,262144,0.041666666666666664,0,Tesla V100-SXM2-16GB,7.0,fwht,fp32,forward,none,out-of-place,0,,,,0.000000,,online-reorder,radix2,four-mul,table,direct-strided,,2,8x7,0x0,8x8,table,direct-strided,global-scratch,2,0x0,8x8,shared,linear,scalar,0,named-barrier,256,0,0,8,8,0,0,8,1,0,0,15,32768,1,1,32768,1000,100,0.042464,0.008223,0.056640,121614.264139,29.887922,3985056207.322215,0.000000,-1,,,,,,,,,,,,
fft-fp16-native-log15-online-r2-t256-b6,fft-fp16-native-log15-b6,full,butterfly,cuButterfly-online-r2-t256,0,5,6,-1,,native,16,16,16,0,per-stage-twiddle,floating-complex,online-r2-t256,64,38,2048,6,48,0.75,384,0.8,0.8,register,1572864,0.25,0,Tesla V100-SXM2-16GB,7.0,fft,fp16,forward,none,out-of-place,0,,,,0.000000,,online-reorder,radix2,four-mul,table,direct-strided,,2,8x7,0x0,8x8,table,direct-strided,global-scratch,2,0x0,8x8,shared,linear,scalar,0,named-barrier,256,0,0,8,8,0,0,8,1,0,0,15,32768,6,1,32768,1000,100,0.235232,0.028979,0.187520,207045.060097,50.883394,6784452529.259603,0.000000,-1,,,,,,,,,,,,
fwht-fp32-log8-temporal-r2-t128-b1,fwht-fp32-log8-b1,full,butterfly,cuButterfly-temporal-r2-t128,0,1,1,-1,,native,32,32,32,0,implicit-sign,floating-add,temporal-r2-t128,1,30,1024,16,64,1.0,1,0.00078125,0.00078125,register+thread+warp,2048,0.0003255208333333333,0,Tesla V100-SXM2-16GB,7.0,fwht,fp32,forward,none,out-of-place,0,,,,0.000000,,temporal-tile,radix2,four-mul,table,direct-strided,,1,8,,,,,,0,,,shared,linear,scalar,0,named-barrier,128,0,0,8,8,0,0,0,0,0,0,8,256,1,1,256,1000,100,0.010240,0.002744,0.020576,364388.981710,0.373134,93283579.317650,0.000000,-1,,,,,,,,,,,,
fft-fp64-log20-online-r2-t256-b2,fft-fp64-log20-b2,full,butterfly,cuButterfly-online-r2-t256,0,4,2,-1,,native,64,64,64,0,per-stage-twiddle,floating-complex,online-r2-t256,512,42,8192,5,40,0.625,1024,2.56,1.0,register,67108864,10.666666666666666,0,Tesla V100-SXM2-16GB,7.0,fft,fp64,forward,none,out-of-place,0,,,,0.000000,,online-reorder,radix2,four-mul,table,direct-strided,,2,10x10,0x0,8x8,table,direct-strided,global-scratch,2,0x0,8x8,shared,linear,scalar,0,named-barrier,256,0,0,8,8,0,0,10,1,0,0,20,1048576,2,1,1048576,1000,100,5.455392,0.589752,5.130880,3391.254166,35.559877,3555987728.094330,0.000000,-1,,,,,,,,,,,,
subset-zeta-uint32-zeta-log8-temporal-r2-t128-b1279,subset-zeta-uint32-zeta-log8-b1279,full,butterfly,cuButterfly-temporal-r2-t128,0,1,1279,-1,,native,32,32,32,0,implicit-unit,integer-add,temporal-r2-t128,1,30,1024,16,64,1.0,1279,0.99921875,0.99921875,register+thread+warp,2619392,0.4163411458333333,0,Tesla V100-SXM2-16GB,7.0,subset-zeta,uint32,forward,none,out-of-place,0,,,,0.000000,,temporal-tile,radix2,four-mul,table,direct-strided,,1,8,,,,,,0,,,shared,linear,scalar,0,named-barrier,128,0,0,8,8,0,0,0,0,0,0,8,256,1279,1,256,1000,100,0.323584,0.005263,0.258880,243000658.745924,248.832675,62208168638.956451,0.000000,-1,,,,,,,,,,,,
fwht-bf16-native-log8-temporal-r2-t128-b959,fwht-bf16-native-log8-b959,full,butterfly,cuButterfly-temporal-r2-t128,0,4,959,-1,,native,16,32,16,1,implicit-sign,floating-add,temporal-r2-t128,1,30,512,16,64,1.0,959,0.74921875,0.74921875,register+thread+warp,982016,0.15608723958333334,0,Tesla V100-SXM2-16GB,7.0,fwht,bf16,forward,none,out-of-place,0,,,,0.000000,,temporal-tile,radix2,four-mul,table,direct-strided,,1,8,,,,,,0,,,shared,linear,scalar,0,named-barrier,128,0,0,8,8,0,0,0,0,0,0,8,256,959,1,256,1000,100,0.139488,0.007055,0.122496,135925029.283486,139.187230,34796807496.572365,0.000000,-1,,,,,,,,,,,,
fwht-fp16-native-log8-temporal-r2-t128-b1,fwht-fp16-native-log8-b1,full,butterfly,cuButterfly-temporal-r2-t128,0,2,1,-1,,native,16,16,16,0,implicit-sign,floating-add,temporal-r2-t128,1,30,512,16,64,1.0,1,0.00078125,0.00078125,register+thread+warp,1024,0.00016276041666666666,0,Tesla V100-SXM2-16GB,7.0,fwht,fp16,forward,none,out-of-place,0,,,,0.000000,,temporal-tile,radix2,four-mul,table,direct-strided,,1,8,,,,,,0,,,shared,linear,scalar,0,named-barrier,128,0,0,8,8,0,0,0,0,0,0,8,256,1,1,256,1000,100,0.010240,0.002734,0.019136,365753.751070,0.374532,93632960.273816,0.000000,-1,,,,,,,,,,,,
fft-bf16-native-log8-temporal-r4-t128-b801,fft-bf16-native-log8-b801,full,butterfly,cuButterfly-temporal-r4-t128,0,5,801,-1,,native,16,32,16,1,per-stage-twiddle,floating-complex,temporal-r4-t128,1,42,1024,10,40,0.625,801,1.00125,1.0,register,1640448,0.2607421875,0,Tesla V100-SXM2-16GB,7.0,fft,bf16,forward,none,out-of-place,0,,,,0.000000,,temporal-tile,radix4,four-mul,table,direct-strided,,1,8,,,,,,0,,,shared,linear,scalar,0,named-barrier,128,0,0,8,8,0,0,0,0,0,0,8,256,801,1,256,1000,100,0.201568,0.019968,0.210304,40114184.079868,41.076924,10269231124.446304,0.000000,-1,,,,,,,,,,,,
fft-fp16-fp32-log20-online-r4-t256-b2,fft-fp16-fp32-log20-b2,full,butterfly,cuButterfly-online-r4-t256,0,3,2,-1,,fp32,16,32,32,0,per-stage-twiddle,floating-complex,online-r4-t256,512,50,4096,4,32,0.5,1024,3.2,1.0,register,16777216,2.6666666666666665,0,Tesla V100-SXM2-16GB,7.0,fft,fp16,forward,none,out-of-place,0,,,,0.000000,,online-reorder,radix4,four-mul,table,direct-strided,,2,10x10,0x0,8x8,table,direct-strided,global-scratch,2,0x0,8x8,shared,linear,scalar,0,named-barrier,256,0,0,8,8,0,0,10,1,0,0,20,1048576,2,1,1048576,1000,100,1.420576,0.240241,1.383424,8324.986373,87.293809,8729380910.941359,0.000000,-1,,,,,,,,,,,,
fft-bf16-native-log15-online-r4-t256-b9,fft-bf16-native-log15-b9,full,butterfly,cuButterfly-online-r4-t256,0,4,9,-1,,native,16,32,16,1,per-stage-twiddle,floating-complex,online-r4-t256,64,50,4096,4,32,0.5,576,1.8,1.0,register,2359296,0.375,0,Tesla V100-SXM2-16GB,7.0,fft,bf16,forward,none,out-of-place,0,,,,0.000000,,online-reorder,radix4,four-mul,table,direct-strided,,2,8x7,0x0,8x8,table,direct-strided,global-scratch,2,0x0,8x8,shared,linear,scalar,0,named-barrier,256,0,0,8,8,0,0,8,1,0,0,15,32768,9,1,32768,1000,100,0.356288,0.073175,0.258336,122992.753366,30.226699,4030226542.311127,0.000000,-1,,,,,,,,,,,,
structured-2x2-bf16-fp32-log8-temporal-r4-t128-b961,structured-2x2-bf16-fp32-log8-b961,full,butterfly,cuButterfly-temporal-r4-t128,0,1,961,-1,,fp32,16,32,32,0,broadcast,floating-fma,temporal-r4-t128,1,38,512,12,48,0.75,961,1.0010416666666666,1.0,register,984064,0.15641276041666666,0,Tesla V100-SXM2-16GB,7.0,structured-2x2,bf16,forward,none,out-of-place,0,,,,0.000000,,temporal-tile,radix4,four-mul,table,direct-strided,0.92387949999999996:-0.38268340000000001:0.38268340000000001:0.92387949999999996,1,8,,,,,,0,,,shared,linear,scalar,0,named-barrier,128,0,0,8,8,0,0,0,0,0,0,8,256,961,1,256,1000,100,0.114848,0.007301,0.124416,131623639.726830,134.782607,33695651770.068516,0.000000,-1,,,,,,,,,,,,
fwht-fp32-log15-hier-r4-t256-b1,fwht-fp32-log15-b1,full,butterfly,cuButterfly-hier-r4-t256,0,5,1,-1,,native,32,32,32,0,implicit-sign,floating-add,hier-r4-t256,64,44,4096,5,40,0.625,64,0.16,0.16,register,262144,0.041666666666666664,0,Tesla V100-SXM2-16GB,7.0,fwht,fp32,forward,none,out-of-place,0,,,,0.000000,,hierarchical,radix4,four-mul,table,direct-strided,,1,15,,,,,,0,,,shared,linear,scalar,0,named-barrier,256,0,0,8,8,0,0,8,0,0,0,15,32768,1,1,32768,1000,100,0.039520,0.016333,0.045600,61226.490645,15.047022,2006269645.447138,0.000000,-1,,,,,,,,,,,,
fft-bf16-native-log20-online-r2-t256-b1,fft-bf16-native-log20-b1,full,butterfly,cuButterfly-online-r2-t256,0,3,1,-1,,native,16,32,16,1,per-stage-twiddle,floating-complex,online-r2-t256,512,38,2048,6,48,0.75,512,1.0666666666666667,1.0,register,8388608,1.3333333333333333,0,Tesla V100-SXM2-16GB,7.0,fft,bf16,forward,none,out-of-place,0,,,,0.000000,,online-reorder,radix2,four-mul,table,direct-strided,,2,10x10,0x0,8x8,table,direct-strided,global-scratch,2,0x0,8x8,shared,linear,scalar,0,named-barrier,256,0,0,8,8,0,0,10,1,0,0,20,1048576,1,1,1048576,1000,100,0.747360,0.240148,0.719776,4164.090401,43.663653,4366365256.394913,0.000000,-1,,,,,,,,,,,,
fwht-bf16-native-log8-temporal-r2-t128-b1281,fwht-bf16-native-log8-b1281,full,butterfly,cuButterfly-temporal-r2-t128,0,4,1281,-1,,native,16,32,16,1,implicit-sign,floating-add,temporal-r2-t128,1,30,512,16,64,1.0,1281,1.00078125,1.0,register+thread+warp,1311744,0.20849609375,0,Tesla V100-SXM2-16GB,7.0,fwht,bf16,forward,none,out-of-place,0,,,,0.000000,,temporal-tile,radix2,four-mul,table,direct-strided,,1,8,,,,,,0,,,shared,linear,scalar,0,named-barrier,128,0,0,8,8,0,0,0,0,0,0,8,256,1281,1,256,1000,100,0.172352,0.008724,0.175072,146828236.111231,150.352114,37588028444.475189,0.000000,-1,,,,,,,,,,,,
structured-2x2-fp16-fp32-log8-temporal-r2-t128-b960,structured-2x2-fp16-fp32-log8-b960,full,butterfly,cuButterfly-temporal-r2-t128,0,5,960,-1,,fp32,16,32,32,0,broadcast,floating-fma,temporal-r2-t128,1,30,512,16,64,1.0,960,0.75,0.75,register+thread+warp,983040,0.15625,0,Tesla V100-SXM2-16GB,7.0,structured-2x2,fp16,forward,none,out-of-place,0,,,,0.000000,,temporal-tile,radix2,four-mul,table,direct-strided,0.92387949999999996:-0.38268340000000001:0.38268340000000001:0.92387949999999996,1,8,,,,,,0,,,shared,linear,scalar,0,named-barrier,128,0,0,8,8,0,0,0,0,0,0,8,256,960,1,256,1000,100,0.118112,0.005908,0.123360,162478325.779563,166.377806,41594451399.568031,0.000000,-1,,,,,,,,,,,,
fft-fp16-native-log15-online-r4-t256-b4,fft-fp16-native-log15-b4,full,butterfly,cuButterfly-online-r4-t256,0,1,4,-1,,native,16,16,16,0,per-stage-twiddle,floating-complex,online-r4-t256,64,50,4096,4,32,0.5,256,0.8,0.8,register,1048576,0.16666666666666666,0,Tesla V100-SXM2-16GB,7.0,fft,fp16,forward,none,out-of-place,0,,,,0.000000,,online-reorder,radix4,four-mul,table,direct-strided,,2,8x7,0x0,8x8,table,direct-strided,global-scratch,2,0x0,8x8,shared,linear,scalar,0,named-barrier,256,0,0,8,8,0,0,8,1,0,0,15,32768,4,1,32768,1000,100,0.137600,0.019620,0.136192,203875.249233,50.104381,6680584166.862458,0.000000,-1,,,,,,,,,,,,
fwht-bf16-fp32-log8-temporal-r4-t128-b1281,fwht-bf16-fp32-log8-b1281,full,butterfly,cuButterfly-temporal-r4-t128,0,4,1281,-1,,fp32,16,32,32,0,implicit-sign,floating-add,temporal-r4-t128,1,38,512,12,48,0.75,1281,1.334375,1.0,register,1311744,0.20849609375,0,Tesla V100-SXM2-16GB,7.0,fwht,bf16,forward,none,out-of-place,0,,,,0.000000,,temporal-tile,radix4,four-mul,table,direct-strided,,1,8,,,,,,0,,,shared,linear,scalar,0,named-barrier,128,0,0,8,8,0,0,0,0,0,0,8,256,1281,1,256,1000,100,0.196416,0.008100,0.180256,158151271.682164,161.946902,40486725550.633957,0.000000,-1,,,,,,,,,,,,
structured-2x2-fp64-log15-online-r4-t256-b4,structured-2x2-fp64-log15-b4,full,butterfly,cuButterfly-online-r4-t256,0,4,4,-1,,native,64,64,64,0,broadcast,floating-fma,online-r4-t256,64,50,8192,4,32,0.5,256,0.8,0.8,register,2097152,0.3333333333333333,0,Tesla V100-SXM2-16GB,7.0,structured-2x2,fp64,forward,none,out-of-place,0,,,,0.000000,,online-reorder,radix4,four-mul,table,direct-strided,0.92387949999999996:-0.38268340000000001:0.38268340000000001:0.92387949999999996,2,8x7,0x0,8x8,table,direct-strided,global-scratch,2,0x0,8x8,shared,linear,scalar,0,named-barrier,256,0,0,8,8,0,0,8,1,0,0,15,32768,4,1,32768,1000,100,0.256832,0.018668,0.308544,214275.907851,52.660447,7021392948.454352,0.000000,-1,,,,,,,,,,,,
fft-bf16-native-log8-temporal-r2-t128-b1281,fft-bf16-native-log8-b1281,full,butterfly,cuButterfly-temporal-r2-t128,0,2,1281,-1,,native,16,32,16,1,per-stage-twiddle,floating-complex,temporal-r2-t128,1,32,1024,16,64,1.0,1281,1.00078125,1.0,register+thread+warp,2623488,0.4169921875,0,Tesla V100-SXM2-16GB,7.0,fft,bf16,forward,none,out-of-place,0,,,,0.000000,,temporal-tile,radix2,four-mul,table,direct-strided,,1,8,,,,,,0,,,shared,linear,scalar,0,named-barrier,128,0,0,8,8,0,0,0,0,0,0,8,256,1281,1,256,1000,100,0.305952,0.025723,0.334112,49800022.554310,50.995223,12748805773.903381,0.000000,-1,,,,,,,,,,,,
fwht-fp32-log20-online-r2-t256-b1,fwht-fp32-log20-b1,full,butterfly,cuButterfly-online-r2-t256,0,3,1,-1,,native,32,32,32,0,implicit-sign,floating-add,online-r2-t256,512,36,2048,6,48,0.75,512,1.0666666666666667,1.0,register,8388608,1.3333333333333333,0,Tesla V100-SXM2-16GB,7.0,fwht,fp32,forward,none,out-of-place,0,,,,0.000000,,online-reorder,radix2,four-mul,table,direct-strided,,2,10x10,0x0,8x8,table,direct-strided,global-scratch,2,0x0,8x8,shared,linear,scalar,0,named-barrier,256,0,0,8,8,0,0,10,1,0,0,20,1048576,1,1,1048576,1000,100,0.763264,0.093297,0.732032,10718.499659,112.391615,11239161498.814373,0.000000,-1,,,,,,,,,,,,
fwht-fp16-native-log15-online-r4-t256-b1,fwht-fp16-native-log15-b1,full,butterfly,cuButterfly-online-r4-t256,0,4,1,-1,,native,16,16,16,0,implicit-sign,floating-add,online-r4-t256,64,46,2048,5,40,0.625,64,0.16,0.16,register,131072,0.020833333333333332,0,Tesla V100-SXM2-16GB,7.0,fwht,fp16,forward,none,out-of-place,0,,,,0.000000,,online-reorder,radix4,four-mul,table,direct-strided,,2,8x7,0x0,8x8,table,direct-strided,global-scratch,2,0x0,8x8,shared,linear,scalar,0,named-barrier,256,0,0,8,8,0,0,8,1,0,0,15,32768,1,1,32768,1000,100,0.033792,0.007834,0.032032,127655.228037,31.372549,4183006512.318720,0.000000,-1,,,,,,,,,,,,
structured-2x2-bf16-fp32-log8-temporal-r4-t128-b961,structured-2x2-bf16-fp32-log8-b961,full,butterfly,cuButterfly-temporal-r4-t128,0,4,961,-1,,fp32,16,32,32,0,broadcast,floating-fma,temporal-r4-t128,1,38,512,12,48,0.75,961,1.0010416666666666,1.0,register,984064,0.15641276041666666,0,Tesla V100-SXM2-16GB,7.0,structured-2x2,bf16,forward,none,out-of-place,0,,,,0.000000,,temporal-tile,radix4,four-mul,table,direct-strided,0.92387949999999996:-0.38268340000000001:0.38268340000000001:0.92387949999999996,1,8,,,,,,0,,,shared,linear,scalar,0,named-barrier,128,0,0,8,8,0,0,0,0,0,0,8,256,961,1,256,1000,100,0.115264,0.007332,0.149088,131072149.844084,134.217881,33554470360.085480,0.000000,-1,,,,,,,,,,,,
fwht-fp32-log8-temporal-r2-t128-b959,fwht-fp32-log8-b959,full,butterfly,cuButterfly-temporal-r2-t128,0,2,959,-1,,native,32,32,32,0,implicit-sign,floating-add,temporal-r2-t128,1,30,1024,16,64,1.0,959,0.74921875,0.74921875,register+thread+warp,1964032,0.3121744791666667,0,Tesla V100-SXM2-16GB,7.0,fwht,fp32,forward,none,out-of-place,0,,,,0.000000,,temporal-tile,radix2,four-mul,table,direct-strided,,1,8,,,,,,0,,,shared,linear,scalar,0,named-barrier,128,0,0,8,8,0,0,0,0,0,0,8,256,959,1,256,1000,100,0.276736,0.004813,0.246368,199260311.655978,204.042559,51010639783.930374,0.000000,-1,,,,,,,,,,,,
fft-fp16-fp32-log8-temporal-r4-t128-b1,fft-fp16-fp32-log8-b1,full,butterfly,cuButterfly-temporal-r4-t128,0,4,1,-1,,fp32,16,32,32,0,per-stage-twiddle,floating-complex,temporal-r4-t128,1,42,1024,10,40,0.625,1,0.00125,0.00125,register,2048,0.0003255208333333333,0,Tesla V100-SXM2-16GB,7.0,fft,fp16,forward,none,out-of-place,0,,,,0.000000,,temporal-tile,radix4,four-mul,table,direct-strided,,1,8,,,,,,0,,,shared,linear,scalar,0,named-barrier,128,0,0,8,8,0,0,0,0,0,0,8,256,1,1,256,1000,100,0.007168,0.003482,0.018016,287224.267352,0.294118,73529412.442075,0.000000,-1,,,,,,,,,,,,
fwht-bf16-fp32-log15-online-r4-t256-b1,fwht-bf16-fp32-log15-b1,full,butterfly,cuButterfly-online-r4-t256,0,4,1,-1,,fp32,16,32,32,0,implicit-sign,floating-add,online-r4-t256,64,46,2048,5,40,0.625,64,0.16,0.16,register,131072,0.020833333333333332,0,Tesla V100-SXM2-16GB,7.0,fwht,bf16,forward,none,out-of-place,0,,,,0.000000,,online-reorder,radix4,four-mul,table,direct-strided,,2,8x7,0x0,8x8,table,direct-strided,global-scratch,2,0x0,8x8,shared,linear,scalar,0,named-barrier,256,0,0,8,8,0,0,8,1,0,0,15,32768,1,1,32768,1000,100,0.033792,0.009359,0.034368,106844.915427,26.258206,3501094188.710006,0.000000,-1,,,,,,,,,,,,
fft-fp64-log8-temporal-r2-t128-b959,fft-fp64-log8-b959,full,butterfly,cuButterfly-temporal-r2-t128,0,5,959,-1,,native,64,64,64,0,per-stage-twiddle,floating-complex,temporal-r2-t128,1,36,4096,12,48,0.75,959,0.9989583333333333,0.9989583333333333,register,7856128,1.2486979166666667,0,Tesla V100-SXM2-16GB,7.0,fft,fp64,forward,none,out-of-place,0,,,,0.000000,,temporal-tile,radix2,four-mul,table,direct-strided,,1,8,,,,,,0,,,shared,linear,scalar,0,named-barrier,128,0,0,8,8,0,0,0,0,0,0,8,256,959,1,256,1000,100,0.714080,0.017439,0.660416,54992565.386738,56.312387,14078096739.004833,0.000000,-1,,,,,,,,,,,,
fwht-fp16-native-log15-online-r4-t256-b1,fwht-fp16-native-log15-b1,full,butterfly,cuButterfly-online-r4-t256,0,5,1,-1,,native,16,16,16,0,implicit-sign,floating-add,online-r4-t256,64,46,2048,5,40,0.625,64,0.16,0.16,register,131072,0.020833333333333332,0,Tesla V100-SXM2-16GB,7.0,fwht,fp16,forward,none,out-of-place,0,,,,0.000000,,online-reorder,radix4,four-mul,table,direct-strided,,2,8x7,0x0,8x8,table,direct-strided,global-scratch,2,0x0,8x8,shared,linear,scalar,0,named-barrier,256,0,0,8,8,0,0,8,1,0,0,15,32768,1,1,32768,1000,100,0.033792,0.007813,0.033952,127989.838453,31.454783,4193971026.435899,0.000000,-1,,,,,,,,,,,,
fwht-fp32-log15-online-r4-t256-b1,fwht-fp32-log15-b1,full,butterfly,cuButterfly-online-r4-t256,0,2,1,-1,,native,32,32,32,0,implicit-sign,floating-add,online-r4-t256,64,46,4096,5,40,0.625,64,0.16,0.16,register,262144,0.041666666666666664,0,Tesla V100-SXM2-16GB,7.0,fwht,fp32,forward,none,out-of-place,0,,,,0.000000,,online-reorder,radix4,four-mul,table,direct-strided,,2,8x7,0x0,8x8,table,direct-strided,global-scratch,2,0x0,8x8,shared,linear,scalar,0,named-barrier,256,0,0,8,8,0,0,8,1,0,0,15,32768,1,1,32768,1000,100,0.041888,0.007711,0.048928,129689.583761,31.872512,4249668280.667427,0.000000,-1,,,,,,,,,,,,
fft-fp32-log15-online-r4-t256-b9,fft-fp32-log15-b9,full,butterfly,cuButterfly-online-r4-t256,0,2,9,-1,,native,32,32,32,0,per-stage-twiddle,floating-complex,online-r4-t256,64,50,8192,4,32,0.5,576,1.8,1.0,register,4718592,0.75,0,Tesla V100-SXM2-16GB,7.0,fft,fp32,forward,none,out-of-place,0,,,,0.000000,,online-reorder,radix4,four-mul,table,direct-strided,,2,8x7,0x0,8x8,table,direct-strided,global-scratch,2,0x0,8x8,shared,linear,scalar,0,named-barrier,256,0,0,8,8,0,0,8,1,0,0,15,32768,9,1,32768,1000,100,0.549184,0.041544,0.431136,216639.463634,53.241315,7098841944.371292,0.000000,-1,,,,,,,,,,,,
fft-bf16-fp32-log8-temporal-r2-t128-b1281,fft-bf16-fp32-log8-b1281,full,butterfly,cuButterfly-temporal-r2-t128,0,1,1281,-1,,fp32,16,32,32,0,per-stage-twiddle,floating-complex,temporal-r2-t128,1,32,1024,16,64,1.0,1281,1.00078125,1.0,register+thread+warp,2623488,0.4169921875,0,Tesla V100-SXM2-16GB,7.0,fft,bf16,forward,none,out-of-place,0,,,,0.000000,,temporal-tile,radix2,four-mul,table,direct-strided,,1,8,,,,,,0,,,shared,linear,scalar,0,named-barrier,128,0,0,8,8,0,0,0,0,0,0,8,256,1281,1,256,1000,100,0.320832,0.018002,0.274752,71159077.897757,72.866896,18216723941.825863,0.000000,-1,,,,,,,,,,,,
fwht-bf16-native-log8-temporal-r2-t128-b960,fwht-bf16-native-log8-b960,full,butterfly,cuButterfly-temporal-r2-t128,0,3,960,-1,,native,16,32,16,1,implicit-sign,floating-add,temporal-r2-t128,1,30,512,16,64,1.0,960,0.75,0.75,register+thread+warp,983040,0.15625,0,Tesla V100-SXM2-16GB,7.0,fwht,bf16,forward,none,out-of-place,0,,,,0.000000,,temporal-tile,radix2,four-mul,table,direct-strided,,1,8,,,,,,0,,,shared,linear,scalar,0,named-barrier,128,0,0,8,8,0,0,0,0,0,0,8,256,960,1,256,1000,100,0.130560,0.007035,0.128640,136462879.979136,139.737989,34934497274.658791,0.000000,-1,,,,,,,,,,,,
fft-fp32-log8-temporal-r2-t128-b1281,fft-fp32-log8-b1281,full,butterfly,cuButterfly-temporal-r2-t128,0,5,1281,-1,,native,32,32,32,0,per-stage-twiddle,floating-complex,temporal-r2-t128,1,32,2048,16,64,1.0,1281,1.00078125,1.0,register+thread+warp,5246976,0.833984375,0,Tesla V100-SXM2-16GB,7.0,fft,fp32,forward,none,out-of-place,0,,,,0.000000,,temporal-tile,radix2,four-mul,table,direct-strided,,1,8,,,,,,0,,,shared,linear,scalar,0,named-barrier,128,0,0,8,8,0,0,0,0,0,0,8,256,1281,1,256,1000,100,0.515136,0.011141,0.448320,114979458.757385,117.738966,29434741441.890438,0.000000,-1,,,,,,,,,,,,
fwht-bf16-native-log8-temporal-r4-t128-b1281,fwht-bf16-native-log8-b1281,full,butterfly,cuButterfly-temporal-r4-t128,0,4,1281,-1,,native,16,32,16,1,implicit-sign,floating-add,temporal-r4-t128,1,38,512,12,48,0.75,1281,1.334375,1.0,register,1311744,0.20849609375,0,Tesla V100-SXM2-16GB,7.0,fwht,bf16,forward,none,out-of-place,0,,,,0.000000,,temporal-tile,radix4,four-mul,table,direct-strided,,1,8,,,,,,0,,,shared,linear,scalar,0,named-barrier,128,0,0,8,8,0,0,0,0,0,0,8,256,1281,1,256,1000,100,0.183232,0.008090,0.174368,158351461.044961,162.151896,40537974027.510025,0.000000,-1,,,,,,,,,,,,
fft-bf16-native-log8-temporal-r4-t128-b1280,fft-bf16-native-log8-b1280,full,butterfly,cuButterfly-temporal-r4-t128,0,2,1280,-1,,native,16,32,16,1,per-stage-twiddle,floating-complex,temporal-r4-t128,1,42,1024,10,40,0.625,1280,1.6,1.0,register,2621440,0.4166666666666667,0,Tesla V100-SXM2-16GB,7.0,fft,bf16,forward,none,out-of-place,0,,,,0.000000,,temporal-tile,radix4,four-mul,table,direct-strided,,1,8,,,,,,0,,,shared,linear,scalar,0,named-barrier,128,0,0,8,8,0,0,0,0,0,0,8,256,1280,1,256,1000,100,0.324192,0.029819,0.266432,42925822.299985,43.956042,10989010508.796051,0.000000,-1,,,,,,,,,,,,
fft-bf16-native-log8-temporal-r2-t128-b1280,fft-bf16-native-log8-b1280,full,butterfly,cuButterfly-temporal-r2-t128,0,5,1280,-1,,native,16,32,16,1,per-stage-twiddle,floating-complex,temporal-r2-t128,1,32,1024,16,64,1.0,1280,1.0,1.0,register+thread+warp,2621440,0.4166666666666667,0,Tesla V100-SXM2-16GB,7.0,fft,bf16,forward,none,out-of-place,0,,,,0.000000,,temporal-tile,radix2,four-mul,table,direct-strided,,1,8,,,,,,0,,,shared,linear,scalar,0,named-barrier,128,0,0,8,8,0,0,0,0,0,0,8,256,1280,1,256,1000,100,0.318080,0.024863,0.256576,51482698.576993,52.718283,13179570835.710205,0.000000,-1,,,,,,,,,,,,
fft-bf16-fp32-log15-online-r2-t256-b7,fft-bf16-fp32-log15-b7,full,butterfly,cuButterfly-online-r2-t256,0,2,7,-1,,fp32,16,32,32,0,per-stage-twiddle,floating-complex,online-r2-t256,64,38,2048,6,48,0.75,448,0.9333333333333333,0.9333333333333333,register,1835008,0.2916666666666667,0,Tesla V100-SXM2-16GB,7.0,fft,bf16,forward,none,out-of-place,0,,,,0.000000,,online-reorder,radix2,four-mul,table,direct-strided,,2,8x7,0x0,8x8,table,direct-strided,global-scratch,2,0x0,8x8,shared,linear,scalar,0,named-barrier,256,0,0,8,8,0,0,8,1,0,0,15,32768,7,1,32768,1000,100,0.299904,0.040110,0.221056,174519.731694,42.889969,5718662568.154615,0.000000,-1,,,,,,,,,,,,
fft-bf16-native-log8-temporal-r4-t128-b1281,fft-bf16-native-log8-b1281,full,butterfly,cuButterfly-temporal-r4-t128,0,2,1281,-1,,native,16,32,16,1,per-stage-twiddle,floating-complex,temporal-r4-t128,1,42,1024,10,40,0.625,1281,1.60125,1.0,register,2623488,0.4169921875,0,Tesla V100-SXM2-16GB,7.0,fft,bf16,forward,none,out-of-place,0,,,,0.000000,,temporal-tile,radix4,four-mul,table,direct-strided,,1,8,,,,,,0,,,shared,linear,scalar,0,named-barrier,128,0,0,8,8,0,0,0,0,0,0,8,256,1281,1,256,1000,100,0.314592,0.034775,0.261504,36836764.574572,37.720847,9430211731.090385,0.000000,-1,,,,,,,,,,,,
structured-2x2-fp16-native-log15-online-r4-t256-b7,structured-2x2-fp16-native-log15-b7,full,butterfly,cuButterfly-online-r4-t256,0,1,7,-1,,native,16,16,16,0,broadcast,floating-fma,online-r4-t256,64,46,2048,5,40,0.625,448,1.12,1.0,register,917504,0.14583333333333334,0,Tesla V100-SXM2-16GB,7.0,structured-2x2,fp16,forward,none,out-of-place,0,,,,0.000000,,online-reorder,radix4,four-mul,table,direct-strided,0.92387949999999996:-0.38268340000000001:0.38268340000000001:0.92387949999999996,2,8x7,0x0,8x8,table,direct-strided,global-scratch,2,0x0,8x8,shared,linear,scalar,0,named-barrier,256,0,0,8,8,0,0,8,1,0,0,15,32768,7,1,32768,1000,100,0.106688,0.028672,0.114720,244140.637512,60.000003,8000000409.981523,0.000000,-1,,,,,,,,,,,,
fft-bf16-fp32-log8-temporal-r2-t128-b1,fft-bf16-fp32-log8-b1,full,butterfly,cuButterfly-temporal-r2-t128,0,1,1,-1,,fp32,16,32,32,0,per-stage-twiddle,floating-complex,temporal-r2-t128,1,32,1024,16,64,1.0,1,0.00078125,0.00078125,register+thread+warp,2048,0.0003255208333333333,0,Tesla V100-SXM2-16GB,7.0,fft,bf16,forward,none,out-of-place,0,,,,0.000000,,temporal-tile,radix2,four-mul,table,direct-strided,,1,8,,,,,,0,,,shared,linear,scalar,0,named-barrier,128,0,0,8,8,0,0,0,0,0,0,8,256,1,1,256,1000,100,0.006144,0.005478,0.017184,182535.053202,0.186916,46728973.619723,0.000000,-1,,,,,,,,,,,,
fft-bf16-native-log15-online-r4-t256-b9,fft-bf16-native-log15-b9,full,butterfly,cuButterfly-online-r4-t256,0,5,9,-1,,native,16,32,16,1,per-stage-twiddle,floating-complex,online-r4-t256,64,50,4096,4,32,0.5,576,1.8,1.0,register,2359296,0.375,0,Tesla V100-SXM2-16GB,7.0,fft,bf16,forward,none,out-of-place,0,,,,0.000000,,online-reorder,radix4,four-mul,table,direct-strided,,2,8x7,0x0,8x8,table,direct-strided,global-scratch,2,0x0,8x8,shared,linear,scalar,0,named-barrier,256,0,0,8,8,0,0,8,1,0,0,15,32768,9,1,32768,1000,100,0.353632,0.084797,0.254528,106135.277103,26.083806,3477840760.117104,0.000000,-1,,,,,,,,,,,,
fwht-fp16-native-log15-online-r4-t256-b1,fwht-fp16-native-log15-b1,full,butterfly,cuButterfly-online-r4-t256,0,3,1,-1,,native,16,16,16,0,implicit-sign,floating-add,online-r4-t256,64,46,2048,5,40,0.625,64,0.16,0.16,register,131072,0.020833333333333332,0,Tesla V100-SXM2-16GB,7.0,fwht,fp16,forward,none,out-of-place,0,,,,0.000000,,online-reorder,radix4,four-mul,table,direct-strided,,2,8x7,0x0,8x8,table,direct-strided,global-scratch,2,0x0,8x8,shared,linear,scalar,0,named-barrier,256,0,0,8,8,0,0,8,1,0,0,15,32768,1,1,32768,1000,100,0.030720,0.009083,0.032352,110097.239443,27.057498,3607666342.054502,0.000000,-1,,,,,,,,,,,,
structured-2x2-fp16-fp32-log15-online-r4-t256-b1,structured-2x2-fp16-fp32-log15-b1,full,butterfly,cuButterfly-online-r4-t256,0,4,1,-1,,fp32,16,32,32,0,broadcast,floating-fma,online-r4-t256,64,46,2048,5,40,0.625,64,0.16,0.16,register,131072,0.020833333333333332,0,Tesla V100-SXM2-16GB,7.0,structured-2x2,fp16,forward,none,out-of-place,0,,,,0.000000,,online-reorder,radix4,four-mul,table,direct-strided,0.92387949999999996:-0.38268340000000001:0.38268340000000001:0.92387949999999996,2,8x7,0x0,8x8,table,direct-strided,global-scratch,2,0x0,8x8,shared,linear,scalar,0,named-barrier,256,0,0,8,8,0,0,8,1,0,0,15,32768,1,1,32768,1000,100,0.030720,0.010394,0.031040,96213.045755,23.645318,3152709083.300388,0.000000,-1,,,,,,,,,,,,
fft-fp32-log20-online-r2-t256-b1,fft-fp32-log20-b1,full,butterfly,cuButterfly-online-r2-t256,0,1,1,-1,,native,32,32,32,0,per-stage-twiddle,floating-complex,online-r2-t256,512,38,4096,6,48,0.75,512,1.0666666666666667,1.0,register,16777216,2.6666666666666665,0,Tesla V100-SXM2-16GB,7.0,fft,fp32,forward,none,out-of-place,0,,,,0.000000,,online-reorder,radix2,four-mul,table,direct-strided,,2,10x10,0x0,8x8,table,direct-strided,global-scratch,2,0x0,8x8,shared,linear,scalar,0,named-barrier,256,0,0,8,8,0,0,10,1,0,0,20,1048576,1,1,1048576,1000,100,1.413120,0.191355,1.417056,5225.892176,54.797451,5479745114.312700,0.000000,-1,,,,,,,,,,,,
fwht-fp16-native-log8-temporal-r2-t128-b960,fwht-fp16-native-log8-b960,full,butterfly,cuButterfly-temporal-r2-t128,0,1,960,-1,,native,16,16,16,0,implicit-sign,floating-add,temporal-r2-t128,1,30,512,16,64,1.0,960,0.75,0.75,register+thread+warp,983040,0.15625,0,Tesla V100-SXM2-16GB,7.0,fwht,fp16,forward,none,out-of-place,0,,,,0.000000,,temporal-tile,radix2,four-mul,table,direct-strided,,1,8,,,,,,0,,,shared,linear,scalar,0,named-barrier,128,0,0,8,8,0,0,0,0,0,0,8,256,960,1,256,1000,100,0.134336,0.004772,0.122816,201180264.791780,206.008591,51502147786.695770,0.000000,-1,,,,,,,,,,,,
fft-fp16-native-log15-online-r4-t256-b4,fft-fp16-native-log15-b4,full,butterfly,cuButterfly-online-r4-t256,0,5,4,-1,,native,16,16,16,0,per-stage-twiddle,floating-complex,online-r4-t256,64,50,4096,4,32,0.5,256,0.8,0.8,register,1048576,0.16666666666666666,0,Tesla V100-SXM2-16GB,7.0,fft,fp16,forward,none,out-of-place,0,,,,0.000000,,online-reorder,radix4,four-mul,table,direct-strided,,2,8x7,0x0,8x8,table,direct-strided,global-scratch,2,0x0,8x8,shared,linear,scalar,0,named-barrier,256,0,0,8,8,0,0,8,1,0,0,15,32768,4,1,32768,1000,100,0.138144,0.020664,0.127616,193570.372357,47.571855,6342913961.407858,0.000000,-1,,,,,,,,,,,,
fwht-bf16-fp32-log8-temporal-r4-t128-b959,fwht-bf16-fp32-log8-b959,full,butterfly,cuButterfly-temporal-r4-t128,0,5,959,-1,,fp32,16,32,32,0,implicit-sign,floating-add,temporal-r4-t128,1,38,512,12,48,0.75,959,0.9989583333333333,0.9989583333333333,register,982016,0.15608723958333334,0,Tesla V100-SXM2-16GB,7.0,fwht,bf16,forward,none,out-of-place,0,,,,0.000000,,temporal-tile,radix4,four-mul,table,direct-strided,,1,8,,,,,,0,,,shared,linear,scalar,0,named-barrier,128,0,0,8,8,0,0,0,0,0,0,8,256,959,1,256,1000,100,0.134176,0.007127,0.137504,134557963.915275,137.787355,34446838762.310486,0.000000,-1,,,,,,,,,,,,
fft-fp16-native-log15-online-r2-t256-b1,fft-fp16-native-log15-b1,full,butterfly,cuButterfly-online-r2-t256,0,5,1,-1,,native,16,16,16,0,per-stage-twiddle,floating-complex,online-r2-t256,64,38,2048,6,48,0.75,64,0.13333333333333333,0.13333333333333333,register,262144,0.041666666666666664,0,Tesla V100-SXM2-16GB,7.0,fft,fp16,forward,none,out-of-place,0,,,,0.000000,,online-reorder,radix2,four-mul,table,direct-strided,,2,8x7,0x0,8x8,table,direct-strided,global-scratch,2,0x0,8x8,shared,linear,scalar,0,named-barrier,256,0,0,8,8,0,0,8,1,0,0,15,32768,1,1,32768,1000,100,0.033824,0.011827,0.044512,84550.867804,20.779221,2770562836.189764,0.000000,-1,,,,,,,,,,,,
structured-2x2-fp64-log20-online-r2-t256-b1,structured-2x2-fp64-log20-b1,full,butterfly,cuButterfly-online-r2-t256,0,3,1,-1,,native,64,64,64,0,broadcast,floating-fma,online-r2-t256,512,38,4096,6,48,0.75,512,1.0666666666666667,1.0,register,16777216,2.6666666666666665,0,Tesla V100-SXM2-16GB,7.0,structured-2x2,fp64,forward,none,out-of-place,0,,,,0.000000,,online-reorder,radix2,four-mul,table,direct-strided,0.92387949999999996:-0.38268340000000001:0.38268340000000001:0.92387949999999996,2,10x10,0x0,8x8,table,direct-strided,global-scratch,2,0x0,8x8,shared,linear,scalar,0,named-barrier,256,0,0,8,8,0,0,10,1,0,0,20,1048576,1,1,1048576,1000,100,1.418464,0.123617,1.365344,8089.484156,84.824389,8482438937.905919,0.000000,-1,,,,,,,,,,,,
structured-2x2-fp64-log15-online-r2-t256-b6,structured-2x2-fp64-log15-b6,full,butterfly,cuButterfly-online-r2-t256,0,3,6,-1,,native,64,64,64,0,broadcast,floating-fma,online-r2-t256,64,38,4096,6,48,0.75,384,0.8,0.8,register,3145728,0.5,0,Tesla V100-SXM2-16GB,7.0,structured-2x2,fp64,forward,none,out-of-place,0,,,,0.000000,,online-reorder,radix2,four-mul,table,direct-strided,0.92387949999999996:-0.38268340000000001:0.38268340000000001:0.92387949999999996,2,8x7,0x0,8x8,table,direct-strided,global-scratch,2,0x0,8x8,shared,linear,scalar,0,named-barrier,256,0,0,8,8,0,0,8,1,0,0,15,32768,6,1,32768,1000,100,0.363904,0.025795,0.312608,232607.184582,57.165542,7622072224.385448,0.000000,-1,,,,,,,,,,,,
fwht-fp16-fp32-log20-online-r4-t256-b2,fwht-fp16-fp32-log20-b2,full,butterfly,cuButterfly-online-r4-t256,0,5,2,-1,,fp32,16,32,32,0,implicit-sign,floating-add,online-r4-t256,512,46,2048,5,40,0.625,1024,2.56,1.0,register,8388608,1.3333333333333333,0,Tesla V100-SXM2-16GB,7.0,fwht,fp16,forward,none,out-of-place,0,,,,0.000000,,online-reorder,radix4,four-mul,table,direct-strided,,2,10x10,0x0,8x8,table,direct-strided,global-scratch,2,0x0,8x8,shared,linear,scalar,0,named-barrier,256,0,0,8,8,0,0,10,1,0,0,20,1048576,2,1,1048576,1000,100,0.745536,0.167711,0.716512,11925.296023,125.045792,12504579202.412182,0.000000,-1,,,,,,,,,,,,
fwht-fp32-log8-temporal-r2-t128-b1281,fwht-fp32-log8-b1281,full,butterfly,cuButterfly-temporal-r2-t128,0,4,1281,-1,,native,32,32,32,0,implicit-sign,floating-add,temporal-r2-t128,1,30,1024,16,64,1.0,1281,1.00078125,1.0,register+thread+warp,2623488,0.4169921875,0,Tesla V100-SXM2-16GB,7.0,fwht,fp32,forward,none,out-of-place,0,,,,0.000000,,temporal-tile,radix2,four-mul,table,direct-strided,,1,8,,,,,,0,,,shared,linear,scalar,0,named-barrier,128,0,0,8,8,0,0,0,0,0,0,8,256,1281,1,256,1000,100,0.316352,0.005509,0.269952,232523507.231750,238.104071,59526017851.328064,0.000000,-1,,,,,,,,,,,,
fft-fp16-native-log8-temporal-r4-t128-b799,fft-fp16-native-log8-b799,full,butterfly,cuButterfly-temporal-r4-t128,0,2,799,-1,,native,16,16,16,0,per-stage-twiddle,floating-complex,temporal-r4-t128,1,42,1024,10,40,0.625,799,0.99875,0.99875,register,1636352,0.2600911458333333,0,Tesla V100-SXM2-16GB,7.0,fft,fp16,forward,none,out-of-place,0,,,,0.000000,,temporal-tile,radix4,four-mul,table,direct-strided,,1,8,,,,,,0,,,shared,linear,scalar,0,named-barrier,128,0,0,8,8,0,0,0,0,0,0,8,256,799,1,256,1000,100,0.207872,0.004700,0.198720,169994208.634314,174.074070,43518517410.384506,0.000000,-1,,,,,,,,,,,,
fwht-fp64-log8-temporal-r2-t128-b1281,fwht-fp64-log8-b1281,full,butterfly,cuButterfly-temporal-r2-t128,0,4,1281,-1,,native,64,64,64,0,implicit-sign,floating-add,temporal-r2-t128,1,32,2048,16,64,1.0,1281,1.00078125,1.0,register+thread+warp,5246976,0.833984375,0,Tesla V100-SXM2-16GB,7.0,fwht,fp64,forward,none,out-of-place,0,,,,0.000000,,temporal-tile,radix2,four-mul,table,direct-strided,,1,8,,,,,,0,,,shared,linear,scalar,0,named-barrier,128,0,0,8,8,0,0,0,0,0,0,8,256,1281,1,256,1000,100,0.505472,0.007700,0.441984,166353265.100348,170.345743,42586435865.689163,0.000000,-1,,,,,,,,,,,,
fwht-fp32-log20-online-r2-t256-b2,fwht-fp32-log20-b2,full,butterfly,cuButterfly-online-r2-t256,0,4,2,-1,,native,32,32,32,0,implicit-sign,floating-add,online-r2-t256,512,36,2048,6,48,0.75,1024,2.1333333333333333,1.0,register,16777216,2.6666666666666665,0,Tesla V100-SXM2-16GB,7.0,fwht,fp32,forward,none,out-of-place,0,,,,0.000000,,online-reorder,radix2,four-mul,table,direct-strided,,2,10x10,0x0,8x8,table,direct-strided,global-scratch,2,0x0,8x8,shared,linear,scalar,0,named-barrier,256,0,0,8,8,0,0,10,1,0,0,20,1048576,2,1,1048576,1000,100,1.429408,0.170598,1.361568,11723.440220,122.929181,12292918051.864216,0.000000,-1,,,,,,,,,,,,
structured-2x2-fp16-native-log15-online-r2-t256-b8,structured-2x2-fp16-native-log15-b8,full,butterfly,cuButterfly-online-r2-t256,0,3,8,-1,,native,16,16,16,0,broadcast,floating-fma,online-r2-t256,64,36,1024,6,48,0.75,512,1.0666666666666667,1.0,register,1048576,0.16666666666666666,0,Tesla V100-SXM2-16GB,7.0,structured-2x2,fp16,forward,none,out-of-place,0,,,,0.000000,,online-reorder,radix2,four-mul,table,direct-strided,0.92387949999999996:-0.38268340000000001:0.38268340000000001:0.92387949999999996,2,8x7,0x0,8x8,table,direct-strided,global-scratch,2,0x0,8x8,shared,linear,scalar,0,named-barrier,256,0,0,8,8,0,0,8,1,0,0,15,32768,8,1,32768,1000,100,0.122176,0.029256,0.141184,273451.165643,67.203358,8960447795.790335,0.000000,-1,,,,,,,,,,,,
structured-2x2-fp64-log15-online-r4-t256-b5,structured-2x2-fp64-log15-b5,full,butterfly,cuButterfly-online-r4-t256,0,2,5,-1,,native,64,64,64,0,broadcast,floating-fma,online-r4-t256,64,50,8192,4,32,0.5,320,1.0,1.0,register,2621440,0.4166666666666667,0,Tesla V100-SXM2-16GB,7.0,structured-2x2,fp64,forward,none,out-of-place,0,,,,0.000000,,online-reorder,radix4,four-mul,table,direct-strided,0.92387949999999996:-0.38268340000000001:0.38268340000000001:0.92387949999999996,2,8x7,0x0,8x8,table,direct-strided,global-scratch,2,0x0,8x8,shared,linear,scalar,0,named-barrier,256,0,0,8,8,0,0,8,1,0,0,15,32768,5,1,32768,1000,100,0.319648,0.021514,0.258144,232404.225354,57.115662,7615421656.405955,0.000000,-1,,,,,,,,,,,,
fft-bf16-native-log15-online-r4-t256-b1,fft-bf16-native-log15-b1,full,butterfly,cuButterfly-online-r4-t256,0,3,1,-1,,native,16,32,16,1,per-stage-twiddle,floating-complex,online-r4-t256,64,50,4096,4,32,0.5,64,0.2,0.2,register,262144,0.041666666666666664,0,Tesla V100-SXM2-16GB,7.0,fft,bf16,forward,none,out-of-place,0,,,,0.000000,,online-reorder,radix4,four-mul,table,direct-strided,,2,8x7,0x0,8x8,table,direct-strided,global-scratch,2,0x0,8x8,shared,linear,scalar,0,named-barrier,256,0,0,8,8,0,0,8,1,0,0,15,32768,1,1,32768,1000,100,0.034336,0.018104,0.048640,55235.434324,13.574660,1809954711.940297,0.000000,-1,,,,,,,,,,,,
fft-bf16-native-log20-hier-r4-t256-b1,fft-bf16-native-log20-b1,full,butterfly,cuButterfly-hier-r4-t256,0,2,1,-1,,native,16,32,16,1,per-stage-twiddle,floating-complex,hier-r4-t256,512,48,4096,5,40,0.625,512,1.28,1.0,register,8388608,1.3333333333333333,0,Tesla V100-SXM2-16GB,7.0,fft,bf16,forward,none,out-of-place,0,,,,0.000000,,hierarchical,radix4,four-mul,table,direct-strided,,1,20,,,,,,0,,,shared,linear,scalar,0,named-barrier,256,0,0,8,8,0,0,10,0,0,0,20,1048576,1,1,1048576,1000,100,0.744000,0.250122,0.708288,3998.044970,41.922540,4192254002.441643,0.000000,-1,,,,,,,,,,,,
structured-2x2-fp16-fp32-log8-temporal-r4-t128-b960,structured-2x2-fp16-fp32-log8-b960,full,butterfly,cuButterfly-temporal-r4-t128,0,1,960,-1,,fp32,16,32,32,0,broadcast,floating-fma,temporal-r4-t128,1,38,512,12,48,0.75,960,1.0,1.0,register,983040,0.15625,0,Tesla V100-SXM2-16GB,7.0,structured-2x2,fp16,forward,none,out-of-place,0,,,,0.000000,,temporal-tile,radix4,four-mul,table,direct-strided,0.92387949999999996:-0.38268340000000001:0.38268340000000001:0.92387949999999996,1,8,,,,,,0,,,shared,linear,scalar,0,named-barrier,128,0,0,8,8,0,0,0,0,0,0,8,256,960,1,256,1000,100,0.114272,0.004813,0.121344,199468090.917350,204.255325,51063831274.841667,0.000000,-1,,,,,,,,,,,,
fwht-fp16-fp32-log20-hier-r4-t256-b2,fwht-fp16-fp32-log20-b2,full,butterfly,cuButterfly-hier-r4-t256,0,1,2,-1,,fp32,16,32,32,0,implicit-sign,floating-add,hier-r4-t256,512,44,2048,5,40,0.625,1024,2.56,1.0,register,8388608,1.3333333333333333,0,Tesla V100-SXM2-16GB,7.0,fwht,fp16,forward,none,out-of-place,0,,,,0.000000,,hierarchical,radix4,four-mul,table,direct-strided,,1,20,,,,,,0,,,shared,linear,scalar,0,named-barrier,256,0,0,8,8,0,0,10,0,0,0,20,1048576,2,1,1048576,1000,100,0.747392,0.143759,0.707104,13912.138105,145.879341,14587934126.054066,0.000000,-1,,,,,,,,,,,,
fft-bf16-fp32-log15-online-r2-t256-b6,fft-bf16-fp32-log15-b6,full,butterfly,cuButterfly-online-r2-t256,0,5,6,-1,,fp32,16,32,32,0,per-stage-twiddle,floating-complex,online-r2-t256,64,38,2048,6,48,0.75,384,0.8,0.8,register,1572864,0.25,0,Tesla V100-SXM2-16GB,7.0,fft,bf16,forward,none,out-of-place,0,,,,0.000000,,online-reorder,radix2,four-mul,table,direct-strided,,2,8x7,0x0,8x8,table,direct-strided,global-scratch,2,0x0,8x8,shared,linear,scalar,0,named-barrier,256,0,0,8,8,0,0,8,1,0,0,15,32768,6,1,32768,1000,100,0.230560,0.035768,0.183712,167746.211758,41.225309,5496707866.881842,0.000000,-1,,,,,,,,,,,,
structured-2x2-fp64-log15-online-r2-t256-b4,structured-2x2-fp64-log15-b4,full,butterfly,cuButterfly-online-r2-t256,0,3,4,-1,,native,64,64,64,0,broadcast,floating-fma,online-r2-t256,64,38,4096,6,48,0.75,256,0.5333333333333333,0.5333333333333333,register,2097152,0.3333333333333333,0,Tesla V100-SXM2-16GB,7.0,structured-2x2,fp64,forward,none,out-of-place,0,,,,0.000000,,online-reorder,radix2,four-mul,table,direct-strided,0.92387949999999996:-0.38268340000000001:0.38268340000000001:0.92387949999999996,2,8x7,0x0,8x8,table,direct-strided,global-scratch,2,0x0,8x8,shared,linear,scalar,0,named-barrier,256,0,0,8,8,0,0,8,1,0,0,15,32768,4,1,32768,1000,100,0.269088,0.019692,0.239744,203133.131110,49.921998,6656266440.208691,0.000000,-1,,,,,,,,,,,,
fft-fp32-log15-online-r2-t256-b6,fft-fp32-log15-b6,full,butterfly,cuButterfly-online-r2-t256,0,3,6,-1,,native,32,32,32,0,per-stage-twiddle,floating-complex,online-r2-t256,64,38,4096,6,48,0.75,384,0.8,0.8,register,3145728,0.5,0,Tesla V100-SXM2-16GB,7.0,fft,fp32,forward,none,out-of-place,0,,,,0.000000,,online-reorder,radix2,four-mul,table,direct-strided,,2,8x7,0x0,8x8,table,direct-strided,global-scratch,2,0x0,8x8,shared,linear,scalar,0,named-barrier,256,0,0,8,8,0,0,8,1,0,0,15,32768,6,1,32768,1000,100,0.444864,0.030966,0.284224,193762.398602,47.619047,6349206277.395880,0.000000,-1,,,,,,,,,,,,
fft-bf16-native-log15-online-r4-t256-b1,fft-bf16-native-log15-b1,full,butterfly,cuButterfly-online-r4-t256,0,5,1,-1,,native,16,32,16,1,per-stage-twiddle,floating-complex,online-r4-t256,64,50,4096,4,32,0.5,64,0.2,0.2,register,262144,0.041666666666666664,0,Tesla V100-SXM2-16GB,7.0,fft,bf16,forward,none,out-of-place,0,,,,0.000000,,online-reorder,radix4,four-mul,table,direct-strided,,2,8x7,0x0,8x8,table,direct-strided,global-scratch,2,0x0,8x8,shared,linear,scalar,0,named-barrier,256,0,0,8,8,0,0,8,1,0,0,15,32768,1,1,32768,1000,100,0.034496,0.018145,0.043808,55110.750689,13.544018,1805869078.588041,0.000000,-1,,,,,,,,,,,,
subset-zeta-uint32-zeta-log8-temporal-r4-t128-b1279,subset-zeta-uint32-zeta-log8-b1279,full,butterfly,cuButterfly-temporal-r4-t128,0,1,1279,-1,,native,32,32,32,0,implicit-unit,integer-add,temporal-r4-t128,1,38,1024,12,48,0.75,1279,1.3322916666666667,1.0,register,2619392,0.4163411458333333,0,Tesla V100-SXM2-16GB,7.0,subset-zeta,uint32,forward,none,out-of-place,0,,,,0.000000,,temporal-tile,radix4,four-mul,table,direct-strided,,1,8,,,,,,0,,,shared,linear,scalar,0,named-barrier,128,0,0,8,8,0,0,0,0,0,0,8,256,1279,1,256,1000,100,0.308256,0.004721,0.294112,270937844.498696,277.440353,69360088191.666245,0.000000,-1,,,,,,,,,,,,
structured-2x2-fp64-log20-hier-r4-t256-b1,structured-2x2-fp64-log20-b1,full,butterfly,cuButterfly-hier-r4-t256,0,4,1,-1,,native,64,64,64,0,broadcast,floating-fma,hier-r4-t256,512,48,8192,5,40,0.625,512,1.28,1.0,register,16777216,2.6666666666666665,0,Tesla V100-SXM2-16GB,7.0,structured-2x2,fp64,forward,none,out-of-place,0,,,,0.000000,,hierarchical,radix4,four-mul,table,direct-strided,0.92387949999999996:-0.38268340000000001:0.38268340000000001:0.92387949999999996,1,20,,,,,,0,,,shared,linear,scalar,0,named-barrier,256,0,0,8,8,0,0,10,0,0,0,20,1048576,1,1,1048576,1000,100,1.420096,0.256225,1.369600,3902.815402,40.923986,4092398562.747703,0.000000,-1,,,,,,,,,,,,
fft-bf16-fp32-log8-temporal-r4-t128-b1281,fft-bf16-fp32-log8-b1281,full,butterfly,cuButterfly-temporal-r4-t128,0,4,1281,-1,,fp32,16,32,32,0,per-stage-twiddle,floating-complex,temporal-r4-t128,1,42,1024,10,40,0.625,1281,1.60125,1.0,register,2623488,0.4169921875,0,Tesla V100-SXM2-16GB,7.0,fft,bf16,forward,none,out-of-place,0,,,,0.000000,,temporal-tile,radix4,four-mul,table,direct-strided,,1,8,,,,,,0,,,shared,linear,scalar,0,named-barrier,128,0,0,8,8,0,0,0,0,0,0,8,256,1281,1,256,1000,100,0.319104,0.018237,0.259264,70240121.745850,71.925885,17981471166.937576,0.000000,-1,,,,,,,,,,,,
fft-fp32-log15-hier-r4-t256-b7,fft-fp32-log15-b7,full,butterfly,cuButterfly-hier-r4-t256,0,3,7,-1,,native,32,32,32,0,per-stage-twiddle,floating-complex,hier-r4-t256,64,48,8192,5,40,0.625,448,1.12,1.0,register,3670016,0.5833333333333334,0,Tesla V100-SXM2-16GB,7.0,fft,fp32,forward,none,out-of-place,0,,,,0.000000,,hierarchical,radix4,four-mul,table,direct-strided,,1,15,,,,,,0,,,shared,linear,scalar,0,named-barrier,256,0,0,8,8,0,0,8,0,0,0,15,32768,7,1,32768,1000,100,0.485152,0.033741,0.356064,207463.961321,50.986343,6798179084.553803,0.000000,-1,,,,,,,,,,,,
fft-bf16-native-log8-temporal-r4-t128-b801,fft-bf16-native-log8-b801,full,butterfly,cuButterfly-temporal-r4-t128,0,3,801,-1,,native,16,32,16,1,per-stage-twiddle,floating-complex,temporal-r4-t128,1,42,1024,10,40,0.625,801,1.00125,1.0,register,1640448,0.2607421875,0,Tesla V100-SXM2-16GB,7.0,fft,bf16,forward,none,out-of-place,0,,,,0.000000,,temporal-tile,radix4,four-mul,table,direct-strided,,1,8,,,,,,0,,,shared,linear,scalar,0,named-barrier,128,0,0,8,8,0,0,0,0,0,0,8,256,801,1,256,1000,100,0.197632,0.019927,0.229888,40196637.852478,41.161357,10290339290.234438,0.000000,-1,,,,,,,,,,,,
fft-fp32-log15-online-r4-t256-b7,fft-fp32-log15-b7,full,butterfly,cuButterfly-online-r4-t256,0,5,7,-1,,native,32,32,32,0,per-stage-twiddle,floating-complex,online-r4-t256,64,50,8192,4,32,0.5,448,1.4,1.0,register,3670016,0.5833333333333334,0,Tesla V100-SXM2-16GB,7.0,fft,fp32,forward,none,out-of-place,0,,,,0.000000,,online-reorder,radix4,four-mul,table,direct-strided,,2,8x7,0x0,8x8,table,direct-strided,global-scratch,2,0x0,8x8,shared,linear,scalar,0,named-barrier,256,0,0,8,8,0,0,8,1,0,0,15,32768,7,1,32768,1000,100,0.460448,0.032686,0.348384,214158.437848,52.631578,7017543691.412786,0.000000,-1,,,,,,,,,,,,
fwht-fp16-native-log8-temporal-r4-t128-b960,fwht-fp16-native-log8-b960,full,butterfly,cuButterfly-temporal-r4-t128,0,1,960,-1,,native,16,16,16,0,implicit-sign,floating-add,temporal-r4-t128,1,38,512,12,48,0.75,960,1.0,1.0,register,983040,0.15625,0,Tesla V100-SXM2-16GB,7.0,fwht,fp16,forward,none,out-of-place,0,,,,0.000000,,temporal-tile,radix4,four-mul,table,direct-strided,,1,8,,,,,,0,,,shared,linear,scalar,0,named-barrier,128,0,0,8,8,0,0,0,0,0,0,8,256,960,1,256,1000,100,0.134848,0.004055,0.132448,236742426.743187,242.424245,60606061246.255798,0.000000,-1,,,,,,,,,,,,
fft-fp16-native-log8-temporal-r2-t128-b799,fft-fp16-native-log8-b799,full,butterfly,cuButterfly-temporal-r2-t128,0,3,799,-1,,native,16,16,16,0,per-stage-twiddle,floating-complex,temporal-r2-t128,1,32,1024,16,64,1.0,799,0.62421875,0.62421875,register+thread+warp,1636352,0.2600911458333333,0,Tesla V100-SXM2-16GB,7.0,fft,fp16,forward,none,out-of-place,0,,,,0.000000,,temporal-tile,radix2,four-mul,table,direct-strided,,1,8,,,,,,0,,,shared,linear,scalar,0,named-barrier,128,0,0,8,8,0,0,0,0,0,0,8,256,799,1,256,1000,100,0.186528,0.005427,0.241408,147221393.883940,150.754707,37688676834.288704,0.000000,-1,,,,,,,,,,,,
structured-2x2-fp16-native-log8-temporal-r4-t128-b1,structured-2x2-fp16-native-log8-b1,full,butterfly,cuButterfly-temporal-r4-t128,0,4,1,-1,,native,16,16,16,0,broadcast,floating-fma,temporal-r4-t128,1,38,512,12,48,0.75,1,0.0010416666666666667,0.0010416666666666667,register,1024,0.00016276041666666666,0,Tesla V100-SXM2-16GB,7.0,structured-2x2,fp16,forward,none,out-of-place,0,,,,0.000000,,temporal-tile,radix4,four-mul,table,direct-strided,0.92387949999999996:-0.38268340000000001:0.38268340000000001:0.92387949999999996,1,8,,,,,,0,,,shared,linear,scalar,0,named-barrier,128,0,0,8,8,0,0,0,0,0,0,8,256,1,1,256,1000,100,0.006144,0.002744,0.018176,364388.981710,0.373134,93283579.317650,0.000000,-1,,,,,,,,,,,,
fft-fp16-native-log15-hier-r4-t256-b1,fft-fp16-native-log15-b1,full,butterfly,cuButterfly-hier-r4-t256,0,3,1,-1,,native,16,16,16,0,per-stage-twiddle,floating-complex,hier-r4-t256,64,48,4096,5,40,0.625,64,0.16,0.16,register,262144,0.041666666666666664,0,Tesla V100-SXM2-16GB,7.0,fft,fp16,forward,none,out-of-place,0,,,,0.000000,,hierarchical,radix4,four-mul,table,direct-strided,,1,15,,,,,,0,,,shared,linear,scalar,0,named-barrier,256,0,0,8,8,0,0,8,0,0,0,15,32768,1,1,32768,1000,100,0.034528,0.019405,0.054048,51533.639544,12.664907,1688654300.586694,0.000000,-1,,,,,,,,,,,,
fft-fp64-log8-temporal-r2-t128-b720,fft-fp64-log8-b720,full,butterfly,cuButterfly-temporal-r2-t128,0,2,720,-1,,native,64,64,64,0,per-stage-twiddle,floating-complex,temporal-r2-t128,1,36,4096,12,48,0.75,720,0.75,0.75,register,5898240,0.9375,0,Tesla V100-SXM2-16GB,7.0,fft,fp64,forward,none,out-of-place,0,,,,0.000000,,temporal-tile,radix2,four-mul,table,direct-strided,,1,8,,,,,,0,,,shared,linear,scalar,0,named-barrier,128,0,0,8,8,0,0,0,0,0,0,8,256,720,1,256,1000,100,0.548672,0.010568,0.534592,68132273.438196,69.767448,17441862000.178196,0.000000,-1,,,,,,,,,,,,
fft-bf16-native-log15-online-r2-t256-b8,fft-bf16-native-log15-b8,full,butterfly,cuButterfly-online-r2-t256,0,3,8,-1,,native,16,32,16,1,per-stage-twiddle,floating-complex,online-r2-t256,64,38,2048,6,48,0.75,512,1.0666666666666667,1.0,register,2097152,0.3333333333333333,0,Tesla V100-SXM2-16GB,7.0,fft,bf16,forward,none,out-of-place,0,,,,0.000000,,online-reorder,radix2,four-mul,table,direct-strided,,2,8x7,0x0,8x8,table,direct-strided,global-scratch,2,0x0,8x8,shared,linear,scalar,0,named-barrier,256,0,0,8,8,0,0,8,1,0,0,15,32768,8,1,32768,1000,100,0.307968,0.056361,0.279392,141942.223820,34.883721,4651162790.143616,0.000000,-1,,,,,,,,,,,,
structured-2x2-fp16-native-log15-hier-r4-t256-b8,structured-2x2-fp16-native-log15-b8,full,butterfly,cuButterfly-hier-r4-t256,0,1,8,-1,,native,16,16,16,0,broadcast,floating-fma,hier-r4-t256,64,44,2048,5,40,0.625,512,1.28,1.0,register,1048576,0.16666666666666666,0,Tesla V100-SXM2-16GB,7.0,structured-2x2,fp16,forward,none,out-of-place,0,,,,0.000000,,hierarchical,radix4,four-mul,table,direct-strided,0.92387949999999996:-0.38268340000000001:0.38268340000000001:0.92387949999999996,1,15,,,,,,0,,,shared,linear,scalar,0,named-barrier,256,0,0,8,8,0,0,8,0,0,0,15,32768,8,1,32768,1000,100,0.122336,0.024136,0.145760,331459.470456,81.459479,10861263927.892391,0.000000,-1,,,,,,,,,,,,
fwht-bf16-native-log8-temporal-r4-t128-b959,fwht-bf16-native-log8-b959,full,butterfly,cuButterfly-temporal-r4-t128,0,2,959,-1,,native,16,32,16,1,implicit-sign,floating-add,temporal-r4-t128,1,38,512,12,48,0.75,959,0.9989583333333333,0.9989583333333333,register,982016,0.15608723958333334,0,Tesla V100-SXM2-16GB,7.0,fwht,bf16,forward,none,out-of-place,0,,,,0.000000,,temporal-tile,radix4,four-mul,table,direct-strided,,1,8,,,,,,0,,,shared,linear,scalar,0,named-barrier,128,0,0,8,8,0,0,0,0,0,0,8,256,959,1,256,1000,100,0.140288,0.006738,0.143520,142328790.105416,145.744681,36436170266.986595,0.000000,-1,,,,,,,,,,,,
fwht-fp16-fp32-log20-hier-r4-t256-b2,fwht-fp16-fp32-log20-b2,full,butterfly,cuButterfly-hier-r4-t256,0,3,2,-1,,fp32,16,32,32,0,implicit-sign,floating-add,hier-r4-t256,512,44,2048,5,40,0.625,1024,2.56,1.0,register,8388608,1.3333333333333333,0,Tesla V100-SXM2-16GB,7.0,fwht,fp16,forward,none,out-of-place,0,,,,0.000000,,hierarchical,radix4,four-mul,table,direct-strided,,1,20,,,,,,0,,,shared,linear,scalar,0,named-barrier,256,0,0,8,8,0,0,10,0,0,0,20,1048576,2,1,1048576,1000,100,0.763392,0.143657,0.717728,13922.054881,145.983326,14598332619.031382,0.000000,-1,,,,,,,,,,,,
fft-fp32-log20-hier-r4-t256-b1,fft-fp32-log20-b1,full,butterfly,cuButterfly-hier-r4-t256,0,2,1,-1,,native,32,32,32,0,per-stage-twiddle,floating-complex,hier-r4-t256,512,48,8192,5,40,0.625,512,1.28,1.0,register,16777216,2.6666666666666665,0,Tesla V100-SXM2-16GB,7.0,fft,fp32,forward,none,out-of-place,0,,,,0.000000,,hierarchical,radix4,four-mul,table,direct-strided,,1,20,,,,,,0,,,shared,linear,scalar,0,named-barrier,256,0,0,8,8,0,0,10,0,0,0,20,1048576,1,1,1048576,1000,100,1.411520,0.304794,1.399136,3280.908826,34.402823,3440282252.777502,0.000000,-1,,,,,,,,,,,,
fft-bf16-native-log20-online-r4-t256-b1,fft-bf16-native-log20-b1,full,butterfly,cuButterfly-online-r4-t256,0,4,1,-1,,native,16,32,16,1,per-stage-twiddle,floating-complex,online-r4-t256,512,50,4096,4,32,0.5,512,1.6,1.0,register,8388608,1.3333333333333333,0,Tesla V100-SXM2-16GB,7.0,fft,bf16,forward,none,out-of-place,0,,,,0.000000,,online-reorder,radix4,four-mul,table,direct-strided,,2,10x10,0x0,8x8,table,direct-strided,global-scratch,2,0x0,8x8,shared,linear,scalar,0,named-barrier,256,0,0,8,8,0,0,10,1,0,0,20,1048576,1,1,1048576,1000,100,0.743712,0.213514,0.757632,4683.528399,49.110355,4911035474.239460,0.000000,-1,,,,,,,,,,,,
structured-2x2-fp64-log15-hier-r4-t256-b5,structured-2x2-fp64-log15-b5,full,butterfly,cuButterfly-hier-r4-t256,0,1,5,-1,,native,64,64,64,0,broadcast,floating-fma,hier-r4-t256,64,48,8192,5,40,0.625,320,0.8,0.8,register,2621440,0.4166666666666667,0,Tesla V100-SXM2-16GB,7.0,structured-2x2,fp64,forward,none,out-of-place,0,,,,0.000000,,hierarchical,radix4,four-mul,table,direct-strided,0.92387949999999996:-0.38268340000000001:0.38268340000000001:0.92387949999999996,1,15,,,,,,0,,,shared,linear,scalar,0,named-barrier,256,0,0,8,8,0,0,8,0,0,0,15,32768,5,1,32768,1000,100,0.317312,0.025057,0.256992,199542.804046,49.039640,6538618602.981968,0.000000,-1,,,,,,,,,,,,
structured-2x2-bf16-native-log8-temporal-r4-t128-b959,structured-2x2-bf16-native-log8-b959,full,butterfly,cuButterfly-temporal-r4-t128,0,5,959,-1,,native,16,32,16,1,broadcast,floating-fma,temporal-r4-t128,1,38,512,12,48,0.75,959,0.9989583333333333,0.9989583333333333,register,982016,0.15608723958333334,0,Tesla V100-SXM2-16GB,7.0,structured-2x2,bf16,forward,none,out-of-place,0,,,,0.000000,,temporal-tile,radix4,four-mul,table,direct-strided,0.92387949999999996:-0.38268340000000001:0.38268340000000001:0.92387949999999996,1,8,,,,,,0,,,shared,linear,scalar,0,named-barrier,128,0,0,8,8,0,0,0,0,0,0,8,256,959,1,256,1000,100,0.114144,0.014100,0.137408,68011869.613729,69.644154,17411038621.114609,0.000000,-1,,,,,,,,,,,,
fft-fp64-log8-temporal-r2-t128-b1,fft-fp64-log8-b1,full,butterfly,cuButterfly-temporal-r2-t128,0,3,1,-1,,native,64,64,64,0,per-stage-twiddle,floating-complex,temporal-r2-t128,1,36,4096,12,48,0.75,1,0.0010416666666666667,0.0010416666666666667,register,8192,0.0013020833333333333,0,Tesla V100-SXM2-16GB,7.0,fft,fp64,forward,none,out-of-place,0,,,,0.000000,,temporal-tile,radix2,four-mul,table,direct-strided,,1,8,,,,,,0,,,shared,linear,scalar,0,named-barrier,128,0,0,8,8,0,0,0,0,0,0,8,256,1,1,256,1000,100,0.007168,0.004198,0.017664,238185.958379,0.243902,60975605.344989,0.000000,-1,,,,,,,,,,,,
structured-2x2-fp16-native-log15-online-r4-t256-b8,structured-2x2-fp16-native-log15-b8,full,butterfly,cuButterfly-online-r4-t256,0,5,8,-1,,native,16,16,16,0,broadcast,floating-fma,online-r4-t256,64,46,2048,5,40,0.625,512,1.28,1.0,register,1048576,0.16666666666666666,0,Tesla V100-SXM2-16GB,7.0,structured-2x2,fp16,forward,none,out-of-place,0,,,,0.000000,,online-reorder,radix4,four-mul,table,direct-strided,0.92387949999999996:-0.38268340000000001:0.38268340000000001:0.92387949999999996,2,8x7,0x0,8x8,table,direct-strided,global-scratch,2,0x0,8x8,shared,linear,scalar,0,named-barrier,256,0,0,8,8,0,0,8,1,0,0,15,32768,8,1,32768,1000,100,0.128160,0.027126,0.145824,294922.622633,72.480184,9664024498.425362,0.000000,-1,,,,,,,,,,,,
fft-fp16-fp32-log15-online-r2-t256-b1,fft-fp16-fp32-log15-b1,full,butterfly,cuButterfly-online-r2-t256,0,4,1,-1,,fp32,16,32,32,0,per-stage-twiddle,floating-complex,online-r2-t256,64,38,2048,6,48,0.75,64,0.13333333333333333,0.13333333333333333,register,262144,0.041666666666666664,0,Tesla V100-SXM2-16GB,7.0,fft,fp16,forward,none,out-of-place,0,,,,0.000000,,online-reorder,radix2,four-mul,table,direct-strided,,2,8x7,0x0,8x8,table,direct-strided,global-scratch,2,0x0,8x8,shared,linear,scalar,0,named-barrier,256,0,0,8,8,0,0,8,1,0,0,15,32768,1,1,32768,1000,100,0.036832,0.011930,0.047680,83825.103786,20.600858,2746781000.854145,0.000000,-1,,,,,,,,,,,,
structured-2x2-fp64-log20-hier-r4-t256-b2,structured-2x2-fp64-log20-b2,full,butterfly,cuButterfly-hier-r4-t256,0,1,2,-1,,native,64,64,64,0,broadcast,floating-fma,hier-r4-t256,512,48,8192,5,40,0.625,1024,2.56,1.0,register,33554432,5.333333333333333,0,Tesla V100-SXM2-16GB,7.0,structured-2x2,fp64,forward,none,out-of-place,0,,,,0.000000,,hierarchical,radix4,four-mul,table,direct-strided,0.92387949999999996:-0.38268340000000001:0.38268340000000001:0.92387949999999996,1,20,,,,,,0,,,shared,linear,scalar,0,named-barrier,256,0,0,8,8,0,0,10,0,0,0,20,1048576,2,1,1048576,1000,100,2.763360,0.486072,2.630624,4114.614209,43.144857,4314485709.132379,0.000000,-1,,,,,,,,,,,,
structured-2x2-bf16-fp32-log8-temporal-r2-t128-b1280,structured-2x2-bf16-fp32-log8-b1280,full,butterfly,cuButterfly-temporal-r2-t128,0,4,1280,-1,,fp32,16,32,32,0,broadcast,floating-fma,temporal-r2-t128,1,30,512,16,64,1.0,1280,1.0,1.0,register+thread+warp,1310720,0.20833333333333334,0,Tesla V100-SXM2-16GB,7.0,structured-2x2,bf16,forward,none,out-of-place,0,,,,0.000000,,temporal-tile,radix2,four-mul,table,direct-strided,0.92387949999999996:-0.38268340000000001:0.38268340000000001:0.92387949999999996,1,8,,,,,,0,,,shared,linear,scalar,0,named-barrier,128,0,0,8,8,0,0,0,0,0,0,8,256,1280,1,256,1000,100,0.150560,0.009728,0.194912,131578940.614882,134.736835,33684208797.409679,0.000000,-1,,,,,,,,,,,,
structured-2x2-bf16-fp32-log8-temporal-r2-t128-b1280,structured-2x2-bf16-fp32-log8-b1280,full,butterfly,cuButterfly-temporal-r2-t128,0,3,1280,-1,,fp32,16,32,32,0,broadcast,floating-fma,temporal-r2-t128,1,30,512,16,64,1.0,1280,1.0,1.0,register+thread+warp,1310720,0.20833333333333334,0,Tesla V100-SXM2-16GB,7.0,structured-2x2,bf16,forward,none,out-of-place,0,,,,0.000000,,temporal-tile,radix2,four-mul,table,direct-strided,0.92387949999999996:-0.38268340000000001:0.38268340000000001:0.92387949999999996,1,8,,,,,,0,,,shared,linear,scalar,0,named-barrier,128,0,0,8,8,0,0,0,0,0,0,8,256,1280,1,256,1000,100,0.151296,0.009728,0.163552,131578940.614882,134.736835,33684208797.409679,0.000000,-1,,,,,,,,,,,,
fft-fp32-log8-temporal-r2-t128-b1279,fft-fp32-log8-b1279,full,butterfly,cuButterfly-temporal-r2-t128,0,5,1279,-1,,native,32,32,32,0,per-stage-twiddle,floating-complex,temporal-r2-t128,1,32,2048,16,64,1.0,1279,0.99921875,0.99921875,register+thread+warp,5238784,0.8326822916666666,0,Tesla V100-SXM2-16GB,7.0,fft,fp32,forward,none,out-of-place,0,,,,0.000000,,temporal-tile,radix2,four-mul,table,direct-strided,,1,8,,,,,,0,,,shared,linear,scalar,0,named-barrier,128,0,0,8,8,0,0,0,0,0,0,8,256,1279,1,256,1000,100,0.500864,0.010803,0.468576,118390843.819333,121.232224,30308056017.749199,0.000000,-1,,,,,,,,,,,,
fft-bf16-fp32-log15-online-r2-t256-b6,fft-bf16-fp32-log15-b6,full,butterfly,cuButterfly-online-r2-t256,0,4,6,-1,,fp32,16,32,32,0,per-stage-twiddle,floating-complex,online-r2-t256,64,38,2048,6,48,0.75,384,0.8,0.8,register,1572864,0.25,0,Tesla V100-SXM2-16GB,7.0,fft,bf16,forward,none,out-of-place,0,,,,0.000000,,online-reorder,radix2,four-mul,table,direct-strided,,2,8x7,0x0,8x8,table,direct-strided,global-scratch,2,0x0,8x8,shared,linear,scalar,0,named-barrier,256,0,0,8,8,0,0,8,1,0,0,15,32768,6,1,32768,1000,100,0.249600,0.035594,0.185056,168566.600340,41.426928,5523590359.947235,0.000000,-1,,,,,,,,,,,,
fft-bf16-native-log15-online-r2-t256-b9,fft-bf16-native-log15-b9,full,butterfly,cuButterfly-online-r2-t256,0,5,9,-1,,native,16,32,16,1,per-stage-twiddle,floating-complex,online-r2-t256,64,38,2048,6,48,0.75,576,1.2,1.0,register,2359296,0.375,0,Tesla V100-SXM2-16GB,7.0,fft,bf16,forward,none,out-of-place,0,,,,0.000000,,online-reorder,radix2,four-mul,table,direct-strided,,2,8x7,0x0,8x8,table,direct-strided,global-scratch,2,0x0,8x8,shared,linear,scalar,0,named-barrier,256,0,0,8,8,0,0,8,1,0,0,15,32768,9,1,32768,1000,100,0.354752,0.062351,0.248768,144343.280846,35.473805,4729840626.769072,0.000000,-1,,,,,,,,,,,,
fft-fp16-native-log8-temporal-r4-t128-b801,fft-fp16-native-log8-b801,full,butterfly,cuButterfly-temporal-r4-t128,0,1,801,-1,,native,16,16,16,0,per-stage-twiddle,floating-complex,temporal-r4-t128,1,42,1024,10,40,0.625,801,1.00125,1.0,register,1640448,0.2607421875,0,Tesla V100-SXM2-16GB,7.0,fft,fp16,forward,none,out-of-place,0,,,,0.000000,,temporal-tile,radix4,four-mul,table,direct-strided,,1,8,,,,,,0,,,shared,linear,scalar,0,named-barrier,128,0,0,8,8,0,0,0,0,0,0,8,256,801,1,256,1000,100,0.193120,0.004710,0.210528,170049252.306187,174.130434,43532608590.383858,0.000000,-1,,,,,,,,,,,,
fwht-bf16-fp32-log15-online-r4-t256-b1,fwht-bf16-fp32-log15-b1,full,butterfly,cuButterfly-online-r4-t256,0,3,1,-1,,fp32,16,32,32,0,implicit-sign,floating-add,online-r4-t256,64,46,2048,5,40,0.625,64,0.16,0.16,register,131072,0.020833333333333332,0,Tesla V100-SXM2-16GB,7.0,fwht,bf16,forward,none,out-of-place,0,,,,0.000000,,online-reorder,radix4,four-mul,table,direct-strided,,2,8x7,0x0,8x8,table,direct-strided,global-scratch,2,0x0,8x8,shared,linear,scalar,0,named-barrier,256,0,0,8,8,0,0,8,1,0,0,15,32768,1,1,32768,1000,100,0.031744,0.009329,0.032448,107196.761041,26.344676,3512623465.784979,0.000000,-1,,,,,,,,,,,,
fft-fp64-log20-hier-r4-t256-b2,fft-fp64-log20-b2,full,butterfly,cuButterfly-hier-r4-t256,0,2,2,-1,,native,64,64,64,0,per-stage-twiddle,floating-complex,hier-r4-t256,512,56,16384,4,32,0.5,1024,3.2,1.0,register,67108864,10.666666666666666,0,Tesla V100-SXM2-16GB,7.0,fft,fp64,forward,none,out-of-place,0,,,,0.000000,,hierarchical,radix4,four-mul,table,direct-strided,,1,20,,,,,,0,,,shared,linear,scalar,0,named-barrier,256,0,0,8,8,0,0,10,0,0,0,20,1048576,2,1,1048576,1000,100,5.456896,1.169285,5.104160,1710.446722,17.935334,1793533381.870232,0.000000,-1,,,,,,,,,,,,
fft-fp32-log15-online-r4-t256-b6,fft-fp32-log15-b6,full,butterfly,cuButterfly-online-r4-t256,0,1,6,-1,,native,32,32,32,0,per-stage-twiddle,floating-complex,online-r4-t256,64,50,8192,4,32,0.5,384,1.2,1.0,register,3145728,0.5,0,Tesla V100-SXM2-16GB,7.0,fft,fp32,forward,none,out-of-place,0,,,,0.000000,,online-reorder,radix4,four-mul,table,direct-strided,,2,8x7,0x0,8x8,table,direct-strided,global-scratch,2,0x0,8x8,shared,linear,scalar,0,named-barrier,256,0,0,8,8,0,0,8,1,0,0,15,32768,6,1,32768,1000,100,0.423264,0.029358,0.339552,204373.040407,50.226718,6696895788.052647,0.000000,-1,,,,,,,,,,,,
fft-fp16-native-log15-hier-r4-t256-b6,fft-fp16-native-log15-b6,full,butterfly,cuButterfly-hier-r4-t256,0,1,6,-1,,native,16,16,16,0,per-stage-twiddle,floating-complex,hier-r4-t256,64,48,4096,5,40,0.625,384,0.96,0.96,register,1572864,0.25,0,Tesla V100-SXM2-16GB,7.0,fft,fp16,forward,none,out-of-place,0,,,,0.000000,,hierarchical,radix4,four-mul,table,direct-strided,,1,15,,,,,,0,,,shared,linear,scalar,0,named-barrier,256,0,0,8,8,0,0,8,0,0,0,15,32768,6,1,32768,1000,100,0.229600,0.026993,0.186432,222282.803430,54.628222,7283762902.782336,0.000000,-1,,,,,,,,,,,,
fwht-fp64-log8-temporal-r4-t128-b1279,fwht-fp64-log8-b1279,full,butterfly,cuButterfly-temporal-r4-t128,0,2,1279,-1,,native,64,64,64,0,implicit-sign,floating-add,temporal-r4-t128,1,42,2048,10,40,0.625,1279,1.59875,1.0,register,5238784,0.8326822916666666,0,Tesla V100-SXM2-16GB,7.0,fwht,fp64,forward,none,out-of-place,0,,,,0.000000,,temporal-tile,radix4,four-mul,table,direct-strided,,1,8,,,,,,0,,,shared,linear,scalar,0,named-barrier,128,0,0,8,8,0,0,0,0,0,0,8,256,1279,1,256,1000,100,0.518176,0.006431,0.447072,198889083.050625,203.662421,50915605260.959953,0.000000,-1,,,,,,,,,,,,
structured-2x2-fp16-native-log15-online-r2-t256-b8,structured-2x2-fp16-native-log15-b8,full,butterfly,cuButterfly-online-r2-t256,0,5,8,-1,,native,16,16,16,0,broadcast,floating-fma,online-r2-t256,64,36,1024,6,48,0.75,512,1.0666666666666667,1.0,register,1048576,0.16666666666666666,0,Tesla V100-SXM2-16GB,7.0,structured-2x2,fp16,forward,none,out-of-place,0,,,,0.000000,,online-reorder,radix2,four-mul,table,direct-strided,0.92387949999999996:-0.38268340000000001:0.38268340000000001:0.92387949999999996,2,8x7,0x0,8x8,table,direct-strided,global-scratch,2,0x0,8x8,shared,linear,scalar,0,named-barrier,256,0,0,8,8,0,0,8,1,0,0,15,32768,8,1,32768,1000,100,0.120704,0.029174,0.130560,274219.026629,67.392068,8985609064.589830,0.000000,-1,,,,,,,,,,,,
structured-2x2-fp64-log20-hier-r4-t256-b2,structured-2x2-fp64-log20-b2,full,butterfly,cuButterfly-hier-r4-t256,0,5,2,-1,,native,64,64,64,0,broadcast,floating-fma,hier-r4-t256,512,48,8192,5,40,0.625,1024,2.56,1.0,register,33554432,5.333333333333333,0,Tesla V100-SXM2-16GB,7.0,structured-2x2,fp64,forward,none,out-of-place,0,,,,0.000000,,hierarchical,radix4,four-mul,table,direct-strided,0.92387949999999996:-0.38268340000000001:0.38268340000000001:0.92387949999999996,1,20,,,,,,0,,,shared,linear,scalar,0,named-barrier,256,0,0,8,8,0,0,10,0,0,0,20,1048576,2,1,1048576,1000,100,2.762432,0.485837,2.598880,4116.608672,43.165771,4316577054.493878,0.000000,-1,,,,,,,,,,,,
structured-2x2-fp16-native-log15-hier-r4-t256-b7,structured-2x2-fp16-native-log15-b7,full,butterfly,cuButterfly-hier-r4-t256,0,3,7,-1,,native,16,16,16,0,broadcast,floating-fma,hier-r4-t256,64,44,2048,5,40,0.625,448,1.12,1.0,register,917504,0.14583333333333334,0,Tesla V100-SXM2-16GB,7.0,structured-2x2,fp16,forward,none,out-of-place,0,,,,0.000000,,hierarchical,radix4,four-mul,table,direct-strided,0.92387949999999996:-0.38268340000000001:0.38268340000000001:0.92387949999999996,1,15,,,,,,0,,,shared,linear,scalar,0,named-barrier,256,0,0,8,8,0,0,8,0,0,0,15,32768,7,1,32768,1000,100,0.107680,0.023511,0.116512,297732.457409,73.170729,9756097164.366125,0.000000,-1,,,,,,,,,,,,
fft-fp32-log20-hier-r4-t256-b1,fft-fp32-log20-b1,full,butterfly,cuButterfly-hier-r4-t256,0,3,1,-1,,native,32,32,32,0,per-stage-twiddle,floating-complex,hier-r4-t256,512,48,8192,5,40,0.625,512,1.28,1.0,register,16777216,2.6666666666666665,0,Tesla V100-SXM2-16GB,7.0,fft,fp32,forward,none,out-of-place,0,,,,0.000000,,hierarchical,radix4,four-mul,table,direct-strided,,1,20,,,,,,0,,,shared,linear,scalar,0,named-barrier,256,0,0,8,8,0,0,10,0,0,0,20,1048576,1,1,1048576,1000,100,1.413824,0.304855,1.377344,3280.247463,34.395888,3439588763.975577,0.000000,-1,,,,,,,,,,,,
structured-2x2-bf16-fp32-log20-online-r4-t256-b2,structured-2x2-bf16-fp32-log20-b2,full,butterfly,cuButterfly-online-r4-t256,0,1,2,-1,,fp32,16,32,32,0,broadcast,floating-fma,online-r4-t256,512,46,2048,5,40,0.625,1024,2.56,1.0,register,8388608,1.3333333333333333,0,Tesla V100-SXM2-16GB,7.0,structured-2x2,bf16,forward,none,out-of-place,0,,,,0.000000,,online-reorder,radix4,four-mul,table,direct-strided,0.92387949999999996:-0.38268340000000001:0.38268340000000001:0.92387949999999996,2,10x10,0x0,8x8,table,direct-strided,global-scratch,2,0x0,8x8,shared,linear,scalar,0,named-barrier,256,0,0,8,8,0,0,10,1,0,0,20,1048576,2,1,1048576,1000,100,0.746464,0.198441,0.711456,10078.564726,105.681411,10568141085.724142,0.000000,-1,,,,,,,,,,,,
fft-fp16-fp32-log20-hier-r4-t256-b2,fft-fp16-fp32-log20-b2,full,butterfly,cuButterfly-hier-r4-t256,0,1,2,-1,,fp32,16,32,32,0,per-stage-twiddle,floating-complex,hier-r4-t256,512,48,4096,5,40,0.625,1024,2.56,1.0,register,16777216,2.6666666666666665,0,Tesla V100-SXM2-16GB,7.0,fft,fp16,forward,none,out-of-place,0,,,,0.000000,,hierarchical,radix4,four-mul,table,direct-strided,,1,20,,,,,,0,,,shared,linear,scalar,0,named-barrier,256,0,0,8,8,0,0,10,0,0,0,20,1048576,2,1,1048576,1000,100,1.432896,0.304138,1.358592,6575.956969,68.953907,6895390655.071255,0.000000,-1,,,,,,,,,,,,
structured-2x2-bf16-fp32-log8-temporal-r2-t128-b1,structured-2x2-bf16-fp32-log8-b1,full,butterfly,cuButterfly-temporal-r2-t128,0,1,1,-1,,fp32,16,32,32,0,broadcast,floating-fma,temporal-r2-t128,1,30,512,16,64,1.0,1,0.00078125,0.00078125,register+thread+warp,1024,0.00016276041666666666,0,Tesla V100-SXM2-16GB,7.0,structured-2x2,bf16,forward,none,out-of-place,0,,,,0.000000,,temporal-tile,radix2,four-mul,table,direct-strided,0.92387949999999996:-0.38268340000000001:0.38268340000000001:0.92387949999999996,1,8,,,,,,0,,,shared,linear,scalar,0,named-barrier,128,0,0,8,8,0,0,0,0,0,0,8,256,1,1,256,1000,100,0.006144,0.003430,0.018016,291511.210100,0.298507,74626869.785532,0.000000,-1,,,,,,,,,,,,
fft-bf16-native-log15-online-r4-t256-b5,fft-bf16-native-log15-b5,full,butterfly,cuButterfly-online-r4-t256,0,4,5,-1,,native,16,32,16,1,per-stage-twiddle,floating-complex,online-r4-t256,64,50,4096,4,32,0.5,320,1.0,1.0,register,1310720,0.20833333333333334,0,Tesla V100-SXM2-16GB,7.0,fft,bf16,forward,none,out-of-place,0,,,,0.000000,,online-reorder,radix4,four-mul,table,direct-strided,,2,8x7,0x0,8x8,table,direct-strided,global-scratch,2,0x0,8x8,shared,linear,scalar,0,named-barrier,256,0,0,8,8,0,0,8,1,0,0,15,32768,5,1,32768,1000,100,0.179488,0.043725,0.160992,114351.586900,28.103046,3747072799.541564,0.000000,-1,,,,,,,,,,,,
structured-2x2-fp64-log15-hier-r4-t256-b4,structured-2x2-fp64-log15-b4,full,butterfly,cuButterfly-hier-r4-t256,0,4,4,-1,,native,64,64,64,0,broadcast,floating-fma,hier-r4-t256,64,48,8192,5,40,0.625,256,0.64,0.64,register,2097152,0.3333333333333333,0,Tesla V100-SXM2-16GB,7.0,structured-2x2,fp64,forward,none,out-of-place,0,,,,0.000000,,hierarchical,radix4,four-mul,table,direct-strided,0.92387949999999996:-0.38268340000000001:0.38268340000000001:0.92387949999999996,1,15,,,,,,0,,,shared,linear,scalar,0,named-barrier,256,0,0,8,8,0,0,8,0,0,0,15,32768,4,1,32768,1000,100,0.265280,0.023880,0.242976,167506.426758,41.166379,5488850591.995542,0.000000,-1,,,,,,,,,,,,
fft-bf16-native-log8-temporal-r4-t128-b1281,fft-bf16-native-log8-b1281,full,butterfly,cuButterfly-temporal-r4-t128,0,3,1281,-1,,native,16,32,16,1,per-stage-twiddle,floating-complex,temporal-r4-t128,1,42,1024,10,40,0.625,1281,1.60125,1.0,register,2623488,0.4169921875,0,Tesla V100-SXM2-16GB,7.0,fft,bf16,forward,none,out-of-place,0,,,,0.000000,,temporal-tile,radix4,four-mul,table,direct-strided,,1,8,,,,,,0,,,shared,linear,scalar,0,named-barrier,128,0,0,8,8,0,0,0,0,0,0,8,256,1281,1,256,1000,100,0.318272,0.029829,0.258944,42944612.133577,43.975283,10993820706.195747,0.000000,-1,,,,,,,,,,,,
fwht-fp16-native-log8-temporal-r2-t128-b960,fwht-fp16-native-log8-b960,full,butterfly,cuButterfly-temporal-r2-t128,0,4,960,-1,,native,16,16,16,0,implicit-sign,floating-add,temporal-r2-t128,1,30,512,16,64,1.0,960,0.75,0.75,register+thread+warp,983040,0.15625,0,Tesla V100-SXM2-16GB,7.0,fwht,fp16,forward,none,out-of-place,0,,,,0.000000,,temporal-tile,radix2,four-mul,table,direct-strided,,1,8,,,,,,0,,,shared,linear,scalar,0,named-barrier,128,0,0,8,8,0,0,0,0,0,0,8,256,960,1,256,1000,100,0.127456,0.004536,0.125792,211625282.647036,216.704289,54176072357.641235,0.000000,-1,,,,,,,,,,,,
fft-bf16-fp32-log8-temporal-r4-t128-b1,fft-bf16-fp32-log8-b1,full,butterfly,cuButterfly-temporal-r4-t128,0,5,1,-1,,fp32,16,32,32,0,per-stage-twiddle,floating-complex,temporal-r4-t128,1,42,1024,10,40,0.625,1,0.00125,0.00125,register,2048,0.0003255208333333333,0,Tesla V100-SXM2-16GB,7.0,fft,bf16,forward,none,out-of-place,0,,,,0.000000,,temporal-tile,radix4,four-mul,table,direct-strided,,1,8,,,,,,0,,,shared,linear,scalar,0,named-barrier,128,0,0,8,8,0,0,0,0,0,0,8,256,1,1,256,1000,100,0.006144,0.005929,0.018016,168663.652820,0.172712,43177895.121904,0.000000,-1,,,,,,,,,,,,
structured-2x2-fp32-log20-online-r2-t256-b2,structured-2x2-fp32-log20-b2,full,butterfly,cuButterfly-online-r2-t256,0,1,2,-1,,native,32,32,32,0,broadcast,floating-fma,online-r2-t256,512,36,2048,6,48,0.75,1024,2.1333333333333333,1.0,register,16777216,2.6666666666666665,0,Tesla V100-SXM2-16GB,7.0,structured-2x2,fp32,forward,none,out-of-place,0,,,,0.000000,,online-reorder,radix2,four-mul,table,direct-strided,0.92387949999999996:-0.38268340000000001:0.38268340000000001:0.92387949999999996,2,10x10,0x0,8x8,table,direct-strided,global-scratch,2,0x0,8x8,shared,linear,scalar,0,named-barrier,256,0,0,8,8,0,0,10,1,0,0,20,1048576,2,1,1048576,1000,100,1.422656,0.178954,1.363744,11176.041200,117.189286,11718928576.987259,0.000000,-1,,,,,,,,,,,,
fwht-fp16-native-log8-temporal-r4-t128-b960,fwht-fp16-native-log8-b960,full,butterfly,cuButterfly-temporal-r4-t128,0,4,960,-1,,native,16,16,16,0,implicit-sign,floating-add,temporal-r4-t128,1,38,512,12,48,0.75,960,1.0,1.0,register,983040,0.15625,0,Tesla V100-SXM2-16GB,7.0,fwht,fp16,forward,none,out-of-place,0,,,,0.000000,,temporal-tile,radix4,four-mul,table,direct-strided,,1,8,,,,,,0,,,shared,linear,scalar,0,named-barrier,128,0,0,8,8,0,0,0,0,0,0,8,256,960,1,256,1000,100,0.142976,0.004076,0.144736,235552751.898884,241.206018,60301504486.114388,0.000000,-1,,,,,,,,,,,,
fft-bf16-fp32-log15-online-r4-t256-b6,fft-bf16-fp32-log15-b6,full,butterfly,cuButterfly-online-r4-t256,0,4,6,-1,,fp32,16,32,32,0,per-stage-twiddle,floating-complex,online-r4-t256,64,50,4096,4,32,0.5,384,1.2,1.0,register,1572864,0.25,0,Tesla V100-SXM2-16GB,7.0,fft,bf16,forward,none,out-of-place,0,,,,0.000000,,online-reorder,radix4,four-mul,table,direct-strided,,2,8x7,0x0,8x8,table,direct-strided,global-scratch,2,0x0,8x8,shared,linear,scalar,0,named-barrier,256,0,0,8,8,0,0,8,1,0,0,15,32768,6,1,32768,1000,100,0.229664,0.038728,0.193376,154927.954742,38.075094,5076679220.988464,0.000000,-1,,,,,,,,,,,,
fwht-bf16-fp32-log8-temporal-r4-t128-b959,fwht-bf16-fp32-log8-b959,full,butterfly,cuButterfly-temporal-r4-t128,0,2,959,-1,,fp32,16,32,32,0,implicit-sign,floating-add,temporal-r4-t128,1,38,512,12,48,0.75,959,0.9989583333333333,0.9989583333333333,register,982016,0.15608723958333334,0,Tesla V100-SXM2-16GB,7.0,fwht,bf16,forward,none,out-of-place,0,,,,0.000000,,temporal-tile,radix4,four-mul,table,direct-strided,,1,8,,,,,,0,,,shared,linear,scalar,0,named-barrier,128,0,0,8,8,0,0,0,0,0,0,8,256,959,1,256,1000,100,0.128384,0.006748,0.123680,142112805.659348,145.523513,36380878248.793022,0.000000,-1,,,,,,,,,,,,
structured-2x2-bf16-native-log8-temporal-r4-t128-b959,structured-2x2-bf16-native-log8-b959,full,butterfly,cuButterfly-temporal-r4-t128,0,1,959,-1,,native,16,32,16,1,broadcast,floating-fma,temporal-r4-t128,1,38,512,12,48,0.75,959,0.9989583333333333,0.9989583333333333,register,982016,0.15608723958333334,0,Tesla V100-SXM2-16GB,7.0,structured-2x2,bf16,forward,none,out-of-place,0,,,,0.000000,,temporal-tile,radix4,four-mul,table,direct-strided,0.92387949999999996:-0.38268340000000001:0.38268340000000001:0.92387949999999996,1,8,,,,,,0,,,shared,linear,scalar,0,named-barrier,128,0,0,8,8,0,0,0,0,0,0,8,256,959,1,256,1000,100,0.117536,0.014060,0.125184,68210012.948608,69.847053,17461763314.843761,0.000000,-1,,,,,,,,,,,,
fft-fp16-fp32-log15-online-r4-t256-b7,fft-fp16-fp32-log15-b7,full,butterfly,cuButterfly-online-r4-t256,0,4,7,-1,,fp32,16,32,32,0,per-stage-twiddle,floating-complex,online-r4-t256,64,50,4096,4,32,0.5,448,1.4,1.0,register,1835008,0.2916666666666667,0,Tesla V100-SXM2-16GB,7.0,fft,fp16,forward,none,out-of-place,0,,,,0.000000,,online-reorder,radix4,four-mul,table,direct-strided,,2,8x7,0x0,8x8,table,direct-strided,global-scratch,2,0x0,8x8,shared,linear,scalar,0,named-barrier,256,0,0,8,8,0,0,8,1,0,0,15,32768,7,1,32768,1000,100,0.279456,0.031898,0.243904,219452.242099,53.932583,7191011069.085275,0.000000,-1,,,,,,,,,,,,
structured-2x2-fp64-log15-hier-r4-t256-b7,structured-2x2-fp64-log15-b7,full,butterfly,cuButterfly-hier-r4-t256,0,4,7,-1,,native,64,64,64,0,broadcast,floating-fma,hier-r4-t256,64,48,8192,5,40,0.625,448,1.12,1.0,register,3670016,0.5833333333333334,0,Tesla V100-SXM2-16GB,7.0,structured-2x2,fp64,forward,none,out-of-place,0,,,,0.000000,,hierarchical,radix4,four-mul,table,direct-strided,0.92387949999999996:-0.38268340000000001:0.38268340000000001:0.92387949999999996,1,15,,,,,,0,,,shared,linear,scalar,0,named-barrier,256,0,0,8,8,0,0,8,0,0,0,15,32768,7,1,32768,1000,100,0.397344,0.030740,0.344416,227712.768372,55.962690,7461691994.017817,0.000000,-1,,,,,,,,,,,,
fft-bf16-native-log15-hier-r4-t256-b9,fft-bf16-native-log15-b9,full,butterfly,cuButterfly-hier-r4-t256,0,4,9,-1,,native,16,32,16,1,per-stage-twiddle,floating-complex,hier-r4-t256,64,48,4096,5,40,0.625,576,1.44,1.0,register,2359296,0.375,0,Tesla V100-SXM2-16GB,7.0,fft,bf16,forward,none,out-of-place,0,,,,0.000000,,hierarchical,radix4,four-mul,table,direct-strided,,1,15,,,,,,0,,,shared,linear,scalar,0,named-barrier,256,0,0,8,8,0,0,8,0,0,0,15,32768,9,1,32768,1000,100,0.360800,0.065649,0.281216,137093.461376,33.692089,4492278542.377144,0.000000,-1,,,,,,,,,,,,
fwht-bf16-native-log8-temporal-r4-t128-b1,fwht-bf16-native-log8-b1,full,butterfly,cuButterfly-temporal-r4-t128,0,1,1,-1,,native,16,32,16,1,implicit-sign,floating-add,temporal-r4-t128,1,38,512,12,48,0.75,1,0.0010416666666666667,0.0010416666666666667,register,1024,0.00016276041666666666,0,Tesla V100-SXM2-16GB,7.0,fwht,bf16,forward,none,out-of-place,0,,,,0.000000,,temporal-tile,radix4,four-mul,table,direct-strided,,1,8,,,,,,0,,,shared,linear,scalar,0,named-barrier,128,0,0,8,8,0,0,0,0,0,0,8,256,1,1,256,1000,100,0.008192,0.002929,0.017952,341455.420171,0.349650,87412587.563789,0.000000,-1,,,,,,,,,,,,
fft-bf16-fp32-log8-temporal-r4-t128-b1,fft-bf16-fp32-log8-b1,full,butterfly,cuButterfly-temporal-r4-t128,0,1,1,-1,,fp32,16,32,32,0,per-stage-twiddle,floating-complex,temporal-r4-t128,1,42,1024,10,40,0.625,1,0.00125,0.00125,register,2048,0.0003255208333333333,0,Tesla V100-SXM2-16GB,7.0,fft,bf16,forward,none,out-of-place,0,,,,0.000000,,temporal-tile,radix4,four-mul,table,direct-strided,,1,8,,,,,,0,,,shared,linear,scalar,0,named-barrier,128,0,0,8,8,0,0,0,0,0,0,8,256,1,1,256,1000,100,0.006144,0.005929,0.017760,168663.652820,0.172712,43177895.121904,0.000000,-1,,,,,,,,,,,,
ntt-uint64-ntt-log15-ntt-hybrid-r4-t256-b320,ntt-uint64-ntt-log15-b320,full,ntt,cuButterfly-ntt-hybrid-r4-t256,0,1,320,-1,,native,64,64,64,0,per-stage-root,modular-multiply-reduce,ntt-hybrid-r4-t256,1,66,8192,3,24,0.375,320,1.3333333333333333,1.0,register,167772160,26.666666666666668,0,Tesla V100-SXM2-16GB,7.0,ntt,uint64,forward,,,0,,,,0.000000,,hybrid2d,radix4,,fused,,,,,,,,,,,,,,,,0,named-barrier,,,,,,,,,,,,15,32768,320,1,32768,1000,100,13.548992,0.625347,12.645312,,,,,-1,natural,64,1152921504606748673,60,7,4,256,0,511716.270600,11931.549740,16767918755.008543,shoup
structured-2x2-bf16-fp32-log20-hier-r4-t256-b2,structured-2x2-bf16-fp32-log20-b2,full,butterfly,cuButterfly-hier-r4-t256,0,3,2,-1,,fp32,16,32,32,0,broadcast,floating-fma,hier-r4-t256,512,44,2048,5,40,0.625,1024,2.56,1.0,register,8388608,1.3333333333333333,0,Tesla V100-SXM2-16GB,7.0,structured-2x2,bf16,forward,none,out-of-place,0,,,,0.000000,,hierarchical,radix4,four-mul,table,direct-strided,0.92387949999999996:-0.38268340000000001:0.38268340000000001:0.92387949999999996,1,20,,,,,,0,,,shared,linear,scalar,0,named-barrier,256,0,0,8,8,0,0,10,0,0,0,20,1048576,2,1,1048576,1000,100,0.747168,0.181494,0.718656,11019.662656,115.549538,11554953788.828753,0.000000,-1,,,,,,,,,,,,
fft-bf16-fp32-log8-temporal-r2-t128-b1,fft-bf16-fp32-log8-b1,full,butterfly,cuButterfly-temporal-r2-t128,0,4,1,-1,,fp32,16,32,32,0,per-stage-twiddle,floating-complex,temporal-r2-t128,1,32,1024,16,64,1.0,1,0.00078125,0.00078125,register+thread+warp,2048,0.0003255208333333333,0,Tesla V100-SXM2-16GB,7.0,fft,bf16,forward,none,out-of-place,0,,,,0.000000,,temporal-tile,radix2,four-mul,table,direct-strided,,1,8,,,,,,0,,,shared,linear,scalar,0,named-barrier,128,0,0,8,8,0,0,0,0,0,0,8,256,1,1,256,1000,100,0.007168,0.004751,0.018176,210466.054091,0.215517,53879309.847201,0.000000,-1,,,,,,,,,,,,
fwht-fp32-log20-online-r2-t256-b1,fwht-fp32-log20-b1,full,butterfly,cuButterfly-online-r2-t256,0,5,1,-1,,native,32,32,32,0,implicit-sign,floating-add,online-r2-t256,512,36,2048,6,48,0.75,512,1.0666666666666667,1.0,register,8388608,1.3333333333333333,0,Tesla V100-SXM2-16GB,7.0,fwht,fp32,forward,none,out-of-place,0,,,,0.000000,,online-reorder,radix2,four-mul,table,direct-strided,,2,10x10,0x0,8x8,table,direct-strided,global-scratch,2,0x0,8x8,shared,linear,scalar,0,named-barrier,256,0,0,8,8,0,0,10,1,0,0,20,1048576,1,1,1048576,1000,100,0.747776,0.092918,0.717312,10762.205752,112.849907,11284990658.911846,0.000000,-1,,,,,,,,,,,,
fft-fp16-fp32-log8-temporal-r2-t128-b799,fft-fp16-fp32-log8-b799,full,butterfly,cuButterfly-temporal-r2-t128,0,5,799,-1,,fp32,16,32,32,0,per-stage-twiddle,floating-complex,temporal-r2-t128,1,32,1024,16,64,1.0,799,0.62421875,0.62421875,register+thread+warp,1636352,0.2600911458333333,0,Tesla V100-SXM2-16GB,7.0,fft,fp16,forward,none,out-of-place,0,,,,0.000000,,temporal-tile,radix2,four-mul,table,direct-strided,,1,8,,,,,,0,,,shared,linear,scalar,0,named-barrier,128,0,0,8,8,0,0,0,0,0,0,8,256,799,1,256,1000,100,0.194912,0.006349,0.197024,125850556.137828,128.870969,32217742371.283909,0.000000,-1,,,,,,,,,,,,
structured-2x2-fp64-log20-online-r2-t256-b2,structured-2x2-fp64-log20-b2,full,butterfly,cuButterfly-online-r2-t256,0,2,2,-1,,native,64,64,64,0,broadcast,floating-fma,online-r2-t256,512,38,4096,6,48,0.75,1024,2.1333333333333333,1.0,register,33554432,5.333333333333333,0,Tesla V100-SXM2-16GB,7.0,structured-2x2,fp64,forward,none,out-of-place,0,,,,0.000000,,online-reorder,radix2,four-mul,table,direct-strided,0.92387949999999996:-0.38268340000000001:0.38268340000000001:0.92387949999999996,2,10x10,0x0,8x8,table,direct-strided,global-scratch,2,0x0,8x8,shared,linear,scalar,0,named-barrier,256,0,0,8,8,0,0,10,1,0,0,20,1048576,2,1,1048576,1000,100,2.772448,0.209838,2.619104,9531.157941,99.941435,9994143469.102533,0.000000,-1,,,,,,,,,,,,
structured-2x2-fp32-log20-online-r2-t256-b2,structured-2x2-fp32-log20-b2,full,butterfly,cuButterfly-online-r2-t256,0,3,2,-1,,native,32,32,32,0,broadcast,floating-fma,online-r2-t256,512,36,2048,6,48,0.75,1024,2.1333333333333333,1.0,register,16777216,2.6666666666666665,0,Tesla V100-SXM2-16GB,7.0,structured-2x2,fp32,forward,none,out-of-place,0,,,,0.000000,,online-reorder,radix2,four-mul,table,direct-strided,0.92387949999999996:-0.38268340000000001:0.38268340000000001:0.92387949999999996,2,10x10,0x0,8x8,table,direct-strided,global-scratch,2,0x0,8x8,shared,linear,scalar,0,named-barrier,256,0,0,8,8,0,0,10,1,0,0,20,1048576,2,1,1048576,1000,100,1.417280,0.179046,1.395200,11170.288361,117.128963,11712896288.361107,0.000000,-1,,,,,,,,,,,,
fft-fp16-native-log8-temporal-r4-t128-b801,fft-fp16-native-log8-b801,full,butterfly,cuButterfly-temporal-r4-t128,0,4,801,-1,,native,16,16,16,0,per-stage-twiddle,floating-complex,temporal-r4-t128,1,42,1024,10,40,0.625,801,1.00125,1.0,register,1640448,0.2607421875,0,Tesla V100-SXM2-16GB,7.0,fft,fp16,forward,none,out-of-place,0,,,,0.000000,,temporal-tile,radix4,four-mul,table,direct-strided,,1,8,,,,,,0,,,shared,linear,scalar,0,named-barrier,128,0,0,8,8,0,0,0,0,0,0,8,256,801,1,256,1000,100,0.190944,0.004721,0.195616,169680385.804109,173.752715,43438178765.851967,0.000000,-1,,,,,,,,,,,,
structured-2x2-fp64-log15-hier-r4-t256-b6,structured-2x2-fp64-log15-b6,full,butterfly,cuButterfly-hier-r4-t256,0,4,6,-1,,native,64,64,64,0,broadcast,floating-fma,hier-r4-t256,64,48,8192,5,40,0.625,384,0.96,0.96,register,3145728,0.5,0,Tesla V100-SXM2-16GB,7.0,structured-2x2,fp64,forward,none,out-of-place,0,,,,0.000000,,hierarchical,radix4,four-mul,table,direct-strided,0.92387949999999996:-0.38268340000000001:0.38268340000000001:0.92387949999999996,1,15,,,,,,0,,,shared,linear,scalar,0,named-barrier,256,0,0,8,8,0,0,8,0,0,0,15,32768,6,1,32768,1000,100,0.360704,0.028447,0.322624,210920.633391,51.835855,6911447314.947352,0.000000,-1,,,,,,,,,,,,
fwht-fp16-native-log15-online-r2-t256-b1,fwht-fp16-native-log15-b1,full,butterfly,cuButterfly-online-r2-t256,0,5,1,-1,,native,16,16,16,0,implicit-sign,floating-add,online-r2-t256,64,36,1024,6,48,0.75,64,0.13333333333333333,0.13333333333333333,register,131072,0.020833333333333332,0,Tesla V100-SXM2-16GB,7.0,fwht,fp16,forward,none,out-of-place,0,,,,0.000000,,online-reorder,radix2,four-mul,table,direct-strided,,2,8x7,0x0,8x8,table,direct-strided,global-scratch,2,0x0,8x8,shared,linear,scalar,0,named-barrier,256,0,0,8,8,0,0,8,1,0,0,15,32768,1,1,32768,1000,100,0.031744,0.008294,0.032192,120563.274109,29.629630,3950617366.008073,0.000000,-1,,,,,,,,,,,,
fft-fp32-log8-temporal-r4-t128-b1280,fft-fp32-log8-b1280,full,butterfly,cuButterfly-temporal-r4-t128,0,4,1280,-1,,native,32,32,32,0,per-stage-twiddle,floating-complex,temporal-r4-t128,1,42,2048,10,40,0.625,1280,1.6,1.0,register,5242880,0.8333333333333334,0,Tesla V100-SXM2-16GB,7.0,fft,fp32,forward,none,out-of-place,0,,,,0.000000,,temporal-tile,radix4,four-mul,table,direct-strided,,1,8,,,,,,0,,,shared,linear,scalar,0,named-barrier,128,0,0,8,8,0,0,0,0,0,0,8,256,1280,1,256,1000,100,0.506272,0.009431,0.445632,135722042.490092,138.979372,34744842877.463509,0.000000,-1,,,,,,,,,,,,
fft-fp32-log8-temporal-r4-t128-b1279,fft-fp32-log8-b1279,full,butterfly,cuButterfly-temporal-r4-t128,0,2,1279,-1,,native,32,32,32,0,per-stage-twiddle,floating-complex,temporal-r4-t128,1,42,2048,10,40,0.625,1279,1.59875,1.0,register,5238784,0.8326822916666666,0,Tesla V100-SXM2-16GB,7.0,fft,fp32,forward,none,out-of-place,0,,,,0.000000,,temporal-tile,radix4,four-mul,table,direct-strided,,1,8,,,,,,0,,,shared,linear,scalar,0,named-barrier,128,0,0,8,8,0,0,0,0,0,0,8,256,1279,1,256,1000,100,0.506208,0.009380,0.444992,136356277.380012,139.628828,34907207009.283005,0.000000,-1,,,,,,,,,,,,
fwht-fp16-native-log8-temporal-r4-t128-b1,fwht-fp16-native-log8-b1,full,butterfly,cuButterfly-temporal-r4-t128,0,5,1,-1,,native,16,16,16,0,implicit-sign,floating-add,temporal-r4-t128,1,38,512,12,48,0.75,1,0.0010416666666666667,0.0010416666666666667,register,1024,0.00016276041666666666,0,Tesla V100-SXM2-16GB,7.0,fwht,fp16,forward,none,out-of-place,0,,,,0.000000,,temporal-tile,radix4,four-mul,table,direct-strided,,1,8,,,,,,0,,,shared,linear,scalar,0,named-barrier,128,0,0,8,8,0,0,0,0,0,0,8,256,1,1,256,1000,100,0.013312,0.002529,0.020448,395369.465315,0.404858,101214583.120550,0.000000,-1,,,,,,,,,,,,
fwht-fp32-log8-temporal-r4-t128-b959,fwht-fp32-log8-b959,full,butterfly,cuButterfly-temporal-r4-t128,0,3,959,-1,,native,32,32,32,0,implicit-sign,floating-add,temporal-r4-t128,1,38,1024,12,48,0.75,959,0.9989583333333333,0.9989583333333333,register,1964032,0.3121744791666667,0,Tesla V100-SXM2-16GB,7.0,fwht,fp32,forward,none,out-of-place,0,,,,0.000000,,temporal-tile,radix4,four-mul,table,direct-strided,,1,8,,,,,,0,,,shared,linear,scalar,0,named-barrier,128,0,0,8,8,0,0,0,0,0,0,8,256,959,1,256,1000,100,0.276192,0.004229,0.238112,226761124.015659,232.203391,58050847748.008743,0.000000,-1,,,,,,,,,,,,
fft-fp16-fp32-log8-temporal-r2-t128-b1,fft-fp16-fp32-log8-b1,full,butterfly,cuButterfly-temporal-r2-t128,0,4,1,-1,,fp32,16,32,32,0,per-stage-twiddle,floating-complex,temporal-r2-t128,1,32,1024,16,64,1.0,1,0.00078125,0.00078125,register+thread+warp,2048,0.0003255208333333333,0,Tesla V100-SXM2-16GB,7.0,fft,fp16,forward,none,out-of-place,0,,,,0.000000,,temporal-tile,radix2,four-mul,table,direct-strided,,1,8,,,,,,0,,,shared,linear,scalar,0,named-barrier,128,0,0,8,8,0,0,0,0,0,0,8,256,1,1,256,1000,100,0.007168,0.003932,0.016896,254313.130000,0.260417,65104161.279924,0.000000,-1,,,,,,,,,,,,
fwht-fp64-log8-temporal-r4-t128-b1279,fwht-fp64-log8-b1279,full,butterfly,cuButterfly-temporal-r4-t128,0,5,1279,-1,,native,64,64,64,0,implicit-sign,floating-add,temporal-r4-t128,1,42,2048,10,40,0.625,1279,1.59875,1.0,register,5238784,0.8326822916666666,0,Tesla V100-SXM2-16GB,7.0,fwht,fp64,forward,none,out-of-place,0,,,,0.000000,,temporal-tile,radix4,four-mul,table,direct-strided,,1,8,,,,,,0,,,shared,linear,scalar,0,named-barrier,128,0,0,8,8,0,0,0,0,0,0,8,256,1279,1,256,1000,100,0.503584,0.006451,0.441408,198257681.479520,203.015866,50753966458.757050,0.000000,-1,,,,,,,,,,,,
ntt-uint64-ntt-log15-ntt-hybrid-r2-t256-b320,ntt-uint64-ntt-log15-b320,full,ntt,cuButterfly-ntt-hybrid-r2-t256,0,5,320,-1,,native,64,64,64,0,per-stage-root,modular-multiply-reduce,ntt-hybrid-r2-t256,1,52,4096,4,32,0.5,320,1.0,1.0,register,167772160,26.666666666666668,0,Tesla V100-SXM2-16GB,7.0,ntt,uint64,forward,,,0,,,,0.000000,,hybrid2d,radix2,,fused,,,,,,,,,,,,,,,,0,named-barrier,,,,,,,,,,,,15,32768,320,1,32768,1000,100,13.539744,0.681667,27.041664,,,,,-1,natural,64,1152921504606748673,60,7,4,256,0,469437.731076,7755.117610,15382535571.882469,shoup
fwht-bf16-native-log15-online-r2-t256-b9,fwht-bf16-native-log15-b9,full,butterfly,cuButterfly-online-r2-t256,0,3,9,-1,,native,16,32,16,1,implicit-sign,floating-add,online-r2-t256,64,36,1024,6,48,0.75,576,1.2,1.0,register,1179648,0.1875,0,Tesla V100-SXM2-16GB,7.0,fwht,bf16,forward,none,out-of-place,0,,,,0.000000,,online-reorder,radix2,four-mul,table,direct-strided,,2,8x7,0x0,8x8,table,direct-strided,global-scratch,2,0x0,8x8,shared,linear,scalar,0,named-barrier,256,0,0,8,8,0,0,8,1,0,0,15,32768,9,1,32768,1000,100,0.138240,0.031642,0.145888,284435.690481,69.902915,9320388705.673256,0.000000,-1,,,,,,,,,,,,
fft-fp64-log8-temporal-r2-t128-b719,fft-fp64-log8-b719,full,butterfly,cuButterfly-temporal-r2-t128,0,4,719,-1,,native,64,64,64,0,per-stage-twiddle,floating-complex,temporal-r2-t128,1,36,4096,12,48,0.75,719,0.7489583333333333,0.7489583333333333,register,5890048,0.9361979166666666,0,Tesla V100-SXM2-16GB,7.0,fft,fp64,forward,none,out-of-place,0,,,,0.000000,,temporal-tile,radix2,four-mul,table,direct-strided,,1,8,,,,,,0,,,shared,linear,scalar,0,named-barrier,128,0,0,8,8,0,0,0,0,0,0,8,256,719,1,256,1000,100,0.552608,0.011028,0.509984,65194836.760574,66.759513,16689878210.707024,0.000000,-1,,,,,,,,,,,,
fft-fp32-log15-online-r4-t256-b9,fft-fp32-log15-b9,full,butterfly,cuButterfly-online-r4-t256,0,1,9,-1,,native,32,32,32,0,per-stage-twiddle,floating-complex,online-r4-t256,64,50,8192,4,32,0.5,576,1.8,1.0,register,4718592,0.75,0,Tesla V100-SXM2-16GB,7.0,fft,fp32,forward,none,out-of-place,0,,,,0.000000,,online-reorder,radix4,four-mul,table,direct-strided,,2,8x7,0x0,8x8,table,direct-strided,global-scratch,2,0x0,8x8,shared,linear,scalar,0,named-barrier,256,0,0,8,8,0,0,8,1,0,0,15,32768,9,1,32768,1000,100,0.525632,0.042752,0.411104,210516.478346,51.736530,6898203962.432007,0.000000,-1,,,,,,,,,,,,
fwht-fp64-log8-temporal-r4-t128-b1281,fwht-fp64-log8-b1281,full,butterfly,cuButterfly-temporal-r4-t128,0,2,1281,-1,,native,64,64,64,0,implicit-sign,floating-add,temporal-r4-t128,1,42,2048,10,40,0.625,1281,1.60125,1.0,register,5246976,0.833984375,0,Tesla V100-SXM2-16GB,7.0,fwht,fp64,forward,none,out-of-place,0,,,,0.000000,,temporal-tile,radix4,four-mul,table,direct-strided,,1,8,,,,,,0,,,shared,linear,scalar,0,named-barrier,128,0,0,8,8,0,0,0,0,0,0,8,256,1281,1,256,1000,100,0.506816,0.006615,0.441504,193649625.825145,198.297217,49574304211.237045,0.000000,-1,,,,,,,,,,,,
fft-fp16-native-log8-temporal-r4-t128-b799,fft-fp16-native-log8-b799,full,butterfly,cuButterfly-temporal-r4-t128,0,5,799,-1,,native,16,16,16,0,per-stage-twiddle,floating-complex,temporal-r4-t128,1,42,1024,10,40,0.625,799,0.99875,0.99875,register,1636352,0.2600911458333333,0,Tesla V100-SXM2-16GB,7.0,fft,fp16,forward,none,out-of-place,0,,,,0.000000,,temporal-tile,radix4,four-mul,table,direct-strided,,1,8,,,,,,0,,,shared,linear,scalar,0,named-barrier,128,0,0,8,8,0,0,0,0,0,0,8,256,799,1,256,1000,100,0.195392,0.004854,0.189952,164614652.914748,168.565405,42141351146.175560,0.000000,-1,,,,,,,,,,,,
fft-fp16-native-log15-online-r4-t256-b4,fft-fp16-native-log15-b4,full,butterfly,cuButterfly-online-r4-t256,0,4,4,-1,,native,16,16,16,0,per-stage-twiddle,floating-complex,online-r4-t256,64,50,4096,4,32,0.5,256,0.8,0.8,register,1048576,0.16666666666666666,0,Tesla V100-SXM2-16GB,7.0,fft,fp16,forward,none,out-of-place,0,,,,0.000000,,online-reorder,radix4,four-mul,table,direct-strided,,2,8x7,0x0,8x8,table,direct-strided,global-scratch,2,0x0,8x8,shared,linear,scalar,0,named-barrier,256,0,0,8,8,0,0,8,1,0,0,15,32768,4,1,32768,1000,100,0.151488,0.020152,0.137440,198488.302318,48.780485,6504064690.364117,0.000000,-1,,,,,,,,,,,,
fft-bf16-fp32-log15-hier-r4-t256-b7,fft-bf16-fp32-log15-b7,full,butterfly,cuButterfly-hier-r4-t256,0,1,7,-1,,fp32,16,32,32,0,per-stage-twiddle,floating-complex,hier-r4-t256,64,48,4096,5,40,0.625,448,1.12,1.0,register,1835008,0.2916666666666667,0,Tesla V100-SXM2-16GB,7.0,fft,bf16,forward,none,out-of-place,0,,,,0.000000,,hierarchical,radix4,four-mul,table,direct-strided,,1,15,,,,,,0,,,shared,linear,scalar,0,named-barrier,256,0,0,8,8,0,0,8,0,0,0,15,32768,7,1,32768,1000,100,0.285728,0.043377,0.212352,161377.185578,39.660057,5288007617.035910,0.000000,-1,,,,,,,,,,,,
fft-fp16-fp32-log20-online-r4-t256-b1,fft-fp16-fp32-log20-b1,full,butterfly,cuButterfly-online-r4-t256,0,3,1,-1,,fp32,16,32,32,0,per-stage-twiddle,floating-complex,online-r4-t256,512,50,4096,4,32,0.5,512,1.6,1.0,register,8388608,1.3333333333333333,0,Tesla V100-SXM2-16GB,7.0,fft,fp16,forward,none,out-of-place,0,,,,0.000000,,online-reorder,radix4,four-mul,table,direct-strided,,2,10x10,0x0,8x8,table,direct-strided,global-scratch,2,0x0,8x8,shared,linear,scalar,0,named-barrier,256,0,0,8,8,0,0,10,1,0,0,20,1048576,1,1,1048576,1000,100,0.756960,0.132168,0.726592,7566.146160,79.336793,7933679275.620171,0.000000,-1,,,,,,,,,,,,
fft-fp16-fp32-log8-temporal-r4-t128-b800,fft-fp16-fp32-log8-b800,full,butterfly,cuButterfly-temporal-r4-t128,0,1,800,-1,,fp32,16,32,32,0,per-stage-twiddle,floating-complex,temporal-r4-t128,1,42,1024,10,40,0.625,800,1.0,1.0,register,1638400,0.2604166666666667,0,Tesla V100-SXM2-16GB,7.0,fft,fp16,forward,none,out-of-place,0,,,,0.000000,,temporal-tile,radix4,four-mul,table,direct-strided,,1,8,,,,,,0,,,shared,linear,scalar,0,named-barrier,128,0,0,8,8,0,0,0,0,0,0,8,256,800,1,256,1000,100,0.192928,0.006216,0.214880,128706746.442482,131.795708,32948927089.275513,0.000000,-1,,,,,,,,,,,,
fwht-fp16-fp32-log20-hier-r4-t256-b2,fwht-fp16-fp32-log20-b2,full,butterfly,cuButterfly-hier-r4-t256,0,4,2,-1,,fp32,16,32,32,0,implicit-sign,floating-add,hier-r4-t256,512,44,2048,5,40,0.625,1024,2.56,1.0,register,8388608,1.3333333333333333,0,Tesla V100-SXM2-16GB,7.0,fwht,fp16,forward,none,out-of-place,0,,,,0.000000,,hierarchical,radix4,four-mul,table,direct-strided,,1,20,,,,,,0,,,shared,linear,scalar,0,named-barrier,256,0,0,8,8,0,0,10,0,0,0,20,1048576,2,1,1048576,1000,100,0.746624,0.143708,0.726976,13917.093284,145.931300,14593130006.985416,0.000000,-1,,,,,,,,,,,,
fft-fp16-fp32-log15-hier-r4-t256-b1,fft-fp16-fp32-log15-b1,full,butterfly,cuButterfly-hier-r4-t256,0,1,1,-1,,fp32,16,32,32,0,per-stage-twiddle,floating-complex,hier-r4-t256,64,48,4096,5,40,0.625,64,0.16,0.16,register,262144,0.041666666666666664,0,Tesla V100-SXM2-16GB,7.0,fft,fp16,forward,none,out-of-place,0,,,,0.000000,,hierarchical,radix4,four-mul,table,direct-strided,,1,15,,,,,,0,,,shared,linear,scalar,0,named-barrier,256,0,0,8,8,0,0,8,0,0,0,15,32768,1,1,32768,1000,100,0.034752,0.020060,0.053920,49850.052870,12.251149,1633486532.459723,0.000000,-1,,,,,,,,,,,,
fft-fp32-log8-temporal-r2-t128-b1280,fft-fp32-log8-b1280,full,butterfly,cuButterfly-temporal-r2-t128,0,5,1280,-1,,native,32,32,32,0,per-stage-twiddle,floating-complex,temporal-r2-t128,1,32,2048,16,64,1.0,1280,1.0,1.0,register+thread+warp,5242880,0.8333333333333334,0,Tesla V100-SXM2-16GB,7.0,fft,fp32,forward,none,out-of-place,0,,,,0.000000,,temporal-tile,radix2,four-mul,table,direct-strided,,1,8,,,,,,0,,,shared,linear,scalar,0,named-barrier,128,0,0,8,8,0,0,0,0,0,0,8,256,1280,1,256,1000,100,0.505760,0.010783,0.459840,118708456.558066,121.557460,30389364878.864887,0.000000,-1,,,,,,,,,,,,
fwht-bf16-native-log15-online-r2-t256-b1,fwht-bf16-native-log15-b1,full,butterfly,cuButterfly-online-r2-t256,0,2,1,-1,,native,16,32,16,1,implicit-sign,floating-add,online-r2-t256,64,36,1024,6,48,0.75,64,0.13333333333333333,0.13333333333333333,register,131072,0.020833333333333332,0,Tesla V100-SXM2-16GB,7.0,fwht,bf16,forward,none,out-of-place,0,,,,0.000000,,online-reorder,radix2,four-mul,table,direct-strided,,2,8x7,0x0,8x8,table,direct-strided,global-scratch,2,0x0,8x8,shared,linear,scalar,0,named-barrier,256,0,0,8,8,0,0,8,1,0,0,15,32768,1,1,32768,1000,100,0.031744,0.009103,0.033696,109849.542987,26.996624,3599549824.585390,0.000000,-1,,,,,,,,,,,,
fft-fp16-fp32-log8-temporal-r2-t128-b799,fft-fp16-fp32-log8-b799,full,butterfly,cuButterfly-temporal-r2-t128,0,4,799,-1,,fp32,16,32,32,0,per-stage-twiddle,floating-complex,temporal-r2-t128,1,32,1024,16,64,1.0,799,0.62421875,0.62421875,register+thread+warp,1636352,0.2600911458333333,0,Tesla V100-SXM2-16GB,7.0,fft,fp16,forward,none,out-of-place,0,,,,0.000000,,temporal-tile,radix2,four-mul,table,direct-strided,,1,8,,,,,,0,,,shared,linear,scalar,0,named-barrier,128,0,0,8,8,0,0,0,0,0,0,8,256,799,1,256,1000,100,0.188864,0.006369,0.211456,125445887.059039,128.456588,32114147087.113873,0.000000,-1,,,,,,,,,,,,
fwht-bf16-native-log15-online-r4-t256-b1,fwht-bf16-native-log15-b1,full,butterfly,cuButterfly-online-r4-t256,0,1,1,-1,,native,16,32,16,1,implicit-sign,floating-add,online-r4-t256,64,46,2048,5,40,0.625,64,0.16,0.16,register,131072,0.020833333333333332,0,Tesla V100-SXM2-16GB,7.0,fwht,bf16,forward,none,out-of-place,0,,,,0.000000,,online-reorder,radix4,four-mul,table,direct-strided,,2,8x7,0x0,8x8,table,direct-strided,global-scratch,2,0x0,8x8,shared,linear,scalar,0,named-barrier,256,0,0,8,8,0,0,8,1,0,0,15,32768,1,1,32768,1000,100,0.036864,0.009329,0.036288,107196.761041,26.344676,3512623465.784979,0.000000,-1,,,,,,,,,,,,
structured-2x2-fp16-native-log15-online-r2-t256-b7,structured-2x2-fp16-native-log15-b7,full,butterfly,cuButterfly-online-r2-t256,0,1,7,-1,,native,16,16,16,0,broadcast,floating-fma,online-r2-t256,64,36,1024,6,48,0.75,448,0.9333333333333333,0.9333333333333333,register,917504,0.14583333333333334,0,Tesla V100-SXM2-16GB,7.0,structured-2x2,fp16,forward,none,out-of-place,0,,,,0.000000,,online-reorder,radix2,four-mul,table,direct-strided,0.92387949999999996:-0.38268340000000001:0.38268340000000001:0.92387949999999996,2,8x7,0x0,8x8,table,direct-strided,global-scratch,2,0x0,8x8,shared,linear,scalar,0,named-barrier,256,0,0,8,8,0,0,8,1,0,0,15,32768,7,1,32768,1000,100,0.111456,0.026726,0.125984,261913.309476,64.367815,8582375324.894291,0.000000,-1,,,,,,,,,,,,
fft-fp16-native-log8-temporal-r4-t128-b800,fft-fp16-native-log8-b800,full,butterfly,cuButterfly-temporal-r4-t128,0,4,800,-1,,native,16,16,16,0,per-stage-twiddle,floating-complex,temporal-r4-t128,1,42,1024,10,40,0.625,800,1.0,1.0,register,1638400,0.2604166666666667,0,Tesla V100-SXM2-16GB,7.0,fft,fp16,forward,none,out-of-place,0,,,,0.000000,,temporal-tile,radix4,four-mul,table,direct-strided,,1,8,,,,,,0,,,shared,linear,scalar,0,named-barrier,128,0,0,8,8,0,0,0,0,0,0,8,256,800,1,256,1000,100,0.195360,0.004710,0.244064,169836956.111048,173.913043,43478260764.428322,0.000000,-1,,,,,,,,,,,,
fwht-bf16-native-log8-temporal-r4-t128-b960,fwht-bf16-native-log8-b960,full,butterfly,cuButterfly-temporal-r4-t128,0,4,960,-1,,native,16,32,16,1,implicit-sign,floating-add,temporal-r4-t128,1,38,512,12,48,0.75,960,1.0,1.0,register,983040,0.15625,0,Tesla V100-SXM2-16GB,7.0,fwht,bf16,forward,none,out-of-place,0,,,,0.000000,,temporal-tile,radix4,four-mul,table,direct-strided,,1,8,,,,,,0,,,shared,linear,scalar,0,named-barrier,128,0,0,8,8,0,0,0,0,0,0,8,256,960,1,256,1000,100,0.134688,0.006728,0.140608,142694061.842732,146.118719,36529679831.739326,0.000000,-1,,,,,,,,,,,,
fwht-fp16-native-log15-hier-r4-t256-b6,fwht-fp16-native-log15-b6,full,butterfly,cuButterfly-hier-r4-t256,0,1,6,-1,,native,16,16,16,0,implicit-sign,floating-add,hier-r4-t256,64,44,2048,5,40,0.625,384,0.96,0.96,register,786432,0.125,0,Tesla V100-SXM2-16GB,7.0,fwht,fp16,forward,none,out-of-place,0,,,,0.000000,,hierarchical,radix4,four-mul,table,direct-strided,,1,15,,,,,,0,,,shared,linear,scalar,0,named-barrier,256,0,0,8,8,0,0,8,0,0,0,15,32768,6,1,32768,1000,100,0.099168,0.021668,0.115456,276908.081806,68.052930,9073724024.620314,0.000000,-1,,,,,,,,,,,,
fwht-bf16-native-log15-online-r4-t256-b9,fwht-bf16-native-log15-b9,full,butterfly,cuButterfly-online-r4-t256,0,2,9,-1,,native,16,32,16,1,implicit-sign,floating-add,online-r4-t256,64,46,2048,5,40,0.625,576,1.44,1.0,register,1179648,0.1875,0,Tesla V100-SXM2-16GB,7.0,fwht,bf16,forward,none,out-of-place,0,,,,0.000000,,online-reorder,radix4,four-mul,table,direct-strided,,2,8x7,0x0,8x8,table,direct-strided,global-scratch,2,0x0,8x8,shared,linear,scalar,0,named-barrier,256,0,0,8,8,0,0,8,1,0,0,15,32768,9,1,32768,1000,100,0.145824,0.030300,0.155232,297028.144236,72.997637,9733018230.328203,0.000000,-1,,,,,,,,,,,,
fwht-bf16-native-log8-temporal-r4-t128-b959,fwht-bf16-native-log8-b959,full,butterfly,cuButterfly-temporal-r4-t128,0,4,959,-1,,native,16,32,16,1,implicit-sign,floating-add,temporal-r4-t128,1,38,512,12,48,0.75,959,0.9989583333333333,0.9989583333333333,register,982016,0.15608723958333334,0,Tesla V100-SXM2-16GB,7.0,fwht,bf16,forward,none,out-of-place,0,,,,0.000000,,temporal-tile,radix4,four-mul,table,direct-strided,,1,8,,,,,,0,,,shared,linear,scalar,0,named-barrier,128,0,0,8,8,0,0,0,0,0,0,8,256,959,1,256,1000,100,0.148032,0.006707,0.121920,142980680.695843,146.412217,36603054258.135704,0.000000,-1,,,,,,,,,,,,
fft-fp16-fp32-log20-online-r2-t256-b2,fft-fp16-fp32-log20-b2,full,butterfly,cuButterfly-online-r2-t256,0,3,2,-1,,fp32,16,32,32,0,per-stage-twiddle,floating-complex,online-r2-t256,512,38,2048,6,48,0.75,1024,2.1333333333333333,1.0,register,16777216,2.6666666666666665,0,Tesla V100-SXM2-16GB,7.0,fft,fp16,forward,none,out-of-place,0,,,,0.000000,,online-reorder,radix2,four-mul,table,direct-strided,,2,10x10,0x0,8x8,table,direct-strided,global-scratch,2,0x0,8x8,shared,linear,scalar,0,named-barrier,256,0,0,8,8,0,0,10,1,0,0,20,1048576,2,1,1048576,1000,100,1.423104,0.269292,1.349888,7426.895578,77.876645,7787664457.742672,0.000000,-1,,,,,,,,,,,,
fwht-fp16-fp32-log8-temporal-r2-t128-b960,fwht-fp16-fp32-log8-b960,full,butterfly,cuButterfly-temporal-r2-t128,0,2,960,-1,,fp32,16,32,32,0,implicit-sign,floating-add,temporal-r2-t128,1,30,512,16,64,1.0,960,0.75,0.75,register+thread+warp,983040,0.15625,0,Tesla V100-SXM2-16GB,7.0,fwht,fp16,forward,none,out-of-place,0,,,,0.000000,,temporal-tile,radix2,four-mul,table,direct-strided,,1,8,,,,,,0,,,shared,linear,scalar,0,named-barrier,128,0,0,8,8,0,0,0,0,0,0,8,256,960,1,256,1000,100,0.141824,0.004844,0.132576,198202959.807256,202.959831,50739957710.657631,0.000000,-1,,,,,,,,,,,,
fwht-bf16-fp32-log8-temporal-r4-t128-b1,fwht-bf16-fp32-log8-b1,full,butterfly,cuButterfly-temporal-r4-t128,0,5,1,-1,,fp32,16,32,32,0,implicit-sign,floating-add,temporal-r4-t128,1,38,512,12,48,0.75,1,0.0010416666666666667,0.0010416666666666667,register,1024,0.00016276041666666666,0,Tesla V100-SXM2-16GB,7.0,fwht,bf16,forward,none,out-of-place,0,,,,0.000000,,temporal-tile,radix4,four-mul,table,direct-strided,,1,8,,,,,,0,,,shared,linear,scalar,0,named-barrier,128,0,0,8,8,0,0,0,0,0,0,8,256,1,1,256,1000,100,0.008192,0.002949,0.016960,339084.200103,0.347222,86805555.226460,0.000000,-1,,,,,,,,,,,,
fft-bf16-fp32-log15-hier-r4-t256-b6,fft-bf16-fp32-log15-b6,full,butterfly,cuButterfly-hier-r4-t256,0,1,6,-1,,fp32,16,32,32,0,per-stage-twiddle,floating-complex,hier-r4-t256,64,48,4096,5,40,0.625,384,0.96,0.96,register,1572864,0.25,0,Tesla V100-SXM2-16GB,7.0,fft,bf16,forward,none,out-of-place,0,,,,0.000000,,hierarchical,radix4,four-mul,table,direct-strided,,1,15,,,,,,0,,,shared,linear,scalar,0,named-barrier,256,0,0,8,8,0,0,8,0,0,0,15,32768,6,1,32768,1000,100,0.233952,0.040018,0.206592,149932.838514,36.847494,4912999252.412814,0.000000,-1,,,,,,,,,,,,
fwht-fp16-fp32-log20-online-r2-t256-b2,fwht-fp16-fp32-log20-b2,full,butterfly,cuButterfly-online-r2-t256,0,3,2,-1,,fp32,16,32,32,0,implicit-sign,floating-add,online-r2-t256,512,36,1024,6,48,0.75,1024,2.1333333333333333,1.0,register,8388608,1.3333333333333333,0,Tesla V100-SXM2-16GB,7.0,fwht,fp16,forward,none,out-of-place,0,,,,0.000000,,online-reorder,radix2,four-mul,table,direct-strided,,2,10x10,0x0,8x8,table,direct-strided,global-scratch,2,0x0,8x8,shared,linear,scalar,0,named-barrier,256,0,0,8,8,0,0,10,1,0,0,20,1048576,2,1,1048576,1000,100,0.746816,0.173701,0.712256,11514.031366,120.733370,12073336953.110968,0.000000,-1,,,,,,,,,,,,
fft-fp32-log15-online-r2-t256-b7,fft-fp32-log15-b7,full,butterfly,cuButterfly-online-r2-t256,0,5,7,-1,,native,32,32,32,0,per-stage-twiddle,floating-complex,online-r2-t256,64,38,4096,6,48,0.75,448,0.9333333333333333,0.9333333333333333,register,3670016,0.5833333333333334,0,Tesla V100-SXM2-16GB,7.0,fft,fp32,forward,none,out-of-place,0,,,,0.000000,,online-reorder,radix2,four-mul,table,direct-strided,,2,8x7,0x0,8x8,table,direct-strided,global-scratch,2,0x0,8x8,shared,linear,scalar,0,named-barrier,256,0,0,8,8,0,0,8,1,0,0,15,32768,7,1,32768,1000,100,0.449632,0.034683,0.358912,201828.676875,49.601416,6613522083.825603,0.000000,-1,,,,,,,,,,,,
fwht-fp16-fp32-log15-online-r4-t256-b9,fwht-fp16-fp32-log15-b9,full,butterfly,cuButterfly-online-r4-t256,0,1,9,-1,,fp32,16,32,32,0,implicit-sign,floating-add,online-r4-t256,64,46,2048,5,40,0.625,576,1.44,1.0,register,1179648,0.1875,0,Tesla V100-SXM2-16GB,7.0,fwht,fp16,forward,none,out-of-place,0,,,,0.000000,,online-reorder,radix4,four-mul,table,direct-strided,,2,8x7,0x0,8x8,table,direct-strided,global-scratch,2,0x0,8x8,shared,linear,scalar,0,named-barrier,256,0,0,8,8,0,0,8,1,0,0,15,32768,9,1,32768,1000,100,0.145056,0.028713,0.157600,313447.307854,77.032810,10271041383.743904,0.000000,-1,,,,,,,,,,,,
fwht-fp64-log15-online-r4-t256-b6,fwht-fp64-log15-b6,full,butterfly,cuButterfly-online-r4-t256,0,3,6,-1,,native,64,64,64,0,implicit-sign,floating-add,online-r4-t256,64,50,8192,4,32,0.5,384,1.2,1.0,register,3145728,0.5,0,Tesla V100-SXM2-16GB,7.0,fwht,fp64,forward,none,out-of-place,0,,,,0.000000,,online-reorder,radix4,four-mul,table,direct-strided,,2,8x7,0x0,8x8,table,direct-strided,global-scratch,2,0x0,8x8,shared,linear,scalar,0,named-barrier,256,0,0,8,8,0,0,8,1,0,0,15,32768,6,1,32768,1000,100,0.334432,0.020910,0.382624,286942.966483,70.519103,9402547125.724510,0.000000,-1,,,,,,,,,,,,
fft-bf16-native-log15-online-r4-t256-b5,fft-bf16-native-log15-b5,full,butterfly,cuButterfly-online-r4-t256,0,5,5,-1,,native,16,32,16,1,per-stage-twiddle,floating-complex,online-r4-t256,64,50,4096,4,32,0.5,320,1.0,1.0,register,1310720,0.20833333333333334,0,Tesla V100-SXM2-16GB,7.0,fft,bf16,forward,none,out-of-place,0,,,,0.000000,,online-reorder,radix4,four-mul,table,direct-strided,,2,8x7,0x0,8x8,table,direct-strided,global-scratch,2,0x0,8x8,shared,linear,scalar,0,named-barrier,256,0,0,8,8,0,0,8,1,0,0,15,32768,5,1,32768,1000,100,0.178656,0.043489,0.164736,114970.858908,28.255238,3767365104.703460,0.000000,-1,,,,,,,,,,,,
structured-2x2-bf16-fp32-log20-online-r2-t256-b2,structured-2x2-bf16-fp32-log20-b2,full,butterfly,cuButterfly-online-r2-t256,0,1,2,-1,,fp32,16,32,32,0,broadcast,floating-fma,online-r2-t256,512,36,1024,6,48,0.75,1024,2.1333333333333333,1.0,register,8388608,1.3333333333333333,0,Tesla V100-SXM2-16GB,7.0,structured-2x2,bf16,forward,none,out-of-place,0,,,,0.000000,,online-reorder,radix2,four-mul,table,direct-strided,0.92387949999999996:-0.38268340000000001:0.38268340000000001:0.92387949999999996,2,10x10,0x0,8x8,table,direct-strided,global-scratch,2,0x0,8x8,shared,linear,scalar,0,named-barrier,256,0,0,8,8,0,0,10,1,0,0,20,1048576,2,1,1048576,1000,100,0.762304,0.220652,0.723008,9064.066789,95.043629,9504362897.512047,0.000000,-1,,,,,,,,,,,,
fwht-fp16-native-log8-temporal-r2-t128-b960,fwht-fp16-native-log8-b960,full,butterfly,cuButterfly-temporal-r2-t128,0,3,960,-1,,native,16,16,16,0,implicit-sign,floating-add,temporal-r2-t128,1,30,512,16,64,1.0,960,0.75,0.75,register+thread+warp,983040,0.15625,0,Tesla V100-SXM2-16GB,7.0,fwht,fp16,forward,none,out-of-place,0,,,,0.000000,,temporal-tile,radix2,four-mul,table,direct-strided,,1,8,,,,,,0,,,shared,linear,scalar,0,named-barrier,128,0,0,8,8,0,0,0,0,0,0,8,256,960,1,256,1000,100,0.141632,0.004536,0.119904,211625282.647036,216.704289,54176072357.641235,0.000000,-1,,,,,,,,,,,,
fwht-bf16-native-log8-temporal-r2-t128-b1,fwht-bf16-native-log8-b1,full,butterfly,cuButterfly-temporal-r2-t128,0,5,1,-1,,native,16,32,16,1,implicit-sign,floating-add,temporal-r2-t128,1,30,512,16,64,1.0,1,0.00078125,0.00078125,register+thread+warp,1024,0.00016276041666666666,0,Tesla V100-SXM2-16GB,7.0,fwht,bf16,forward,none,out-of-place,0,,,,0.000000,,temporal-tile,radix2,four-mul,table,direct-strided,,1,8,,,,,,0,,,shared,linear,scalar,0,named-barrier,128,0,0,8,8,0,0,0,0,0,0,8,256,1,1,256,1000,100,0.007168,0.003103,0.016864,322297.853060,0.330033,82508250.383290,0.000000,-1,,,,,,,,,,,,
subset-zeta-uint32-zeta-log15-online-r4-t256-b9,subset-zeta-uint32-zeta-log15-b9,full,butterfly,cuButterfly-online-r4-t256,0,1,9,-1,,native,32,32,32,0,implicit-unit,integer-add,online-r4-t256,64,46,4096,5,40,0.625,576,1.44,1.0,register,2359296,0.375,0,Tesla V100-SXM2-16GB,7.0,subset-zeta,uint32,forward,none,out-of-place,0,,,,0.000000,,online-reorder,radix4,four-mul,table,direct-strided,,2,8x7,0x0,8x8,table,direct-strided,global-scratch,2,0x0,8x8,shared,linear,scalar,0,named-barrier,256,0,0,8,8,0,0,8,1,0,0,15,32768,9,1,32768,1000,100,0.296320,0.027699,0.249248,324919.126119,79.852124,10646949924.651072,0.000000,-1,,,,,,,,,,,,
fft-fp16-native-log15-online-r2-t256-b1,fft-fp16-native-log15-b1,full,butterfly,cuButterfly-online-r2-t256,0,2,1,-1,,native,16,16,16,0,per-stage-twiddle,floating-complex,online-r2-t256,64,38,2048,6,48,0.75,64,0.13333333333333333,0.13333333333333333,register,262144,0.041666666666666664,0,Tesla V100-SXM2-16GB,7.0,fft,fp16,forward,none,out-of-place,0,,,,0.000000,,online-reorder,radix2,four-mul,table,direct-strided,,2,8x7,0x0,8x8,table,direct-strided,global-scratch,2,0x0,8x8,shared,linear,scalar,0,named-barrier,256,0,0,8,8,0,0,8,1,0,0,15,32768,1,1,32768,1000,100,0.034688,0.011254,0.043904,88859.188623,21.838034,2911737892.803596,0.000000,-1,,,,,,,,,,,,
fft-fp16-fp32-log8-temporal-r4-t128-b799,fft-fp16-fp32-log8-b799,full,butterfly,cuButterfly-temporal-r4-t128,0,1,799,-1,,fp32,16,32,32,0,per-stage-twiddle,floating-complex,temporal-r4-t128,1,42,1024,10,40,0.625,799,0.99875,0.99875,register,1636352,0.2600911458333333,0,Tesla V100-SXM2-16GB,7.0,fft,fp16,forward,none,out-of-place,0,,,,0.000000,,temporal-tile,radix4,four-mul,table,direct-strided,,1,8,,,,,,0,,,shared,linear,scalar,0,named-barrier,128,0,0,8,8,0,0,0,0,0,0,8,256,799,1,256,1000,100,0.199040,0.006216,0.207680,128545863.009429,131.630964,32907740930.413921,0.000000,-1,,,,,,,,,,,,
fwht-fp64-log15-hier-r4-t256-b6,fwht-fp64-log15-b6,full,butterfly,cuButterfly-hier-r4-t256,0,5,6,-1,,native,64,64,64,0,implicit-sign,floating-add,hier-r4-t256,64,48,8192,5,40,0.625,384,0.96,0.96,register,3145728,0.5,0,Tesla V100-SXM2-16GB,7.0,fwht,fp64,forward,none,out-of-place,0,,,,0.000000,,hierarchical,radix4,four-mul,table,direct-strided,,1,15,,,,,,0,,,shared,linear,scalar,0,named-barrier,256,0,0,8,8,0,0,8,0,0,0,15,32768,6,1,32768,1000,100,0.365536,0.025784,0.322720,232699.552953,57.188242,7625098951.176824,0.000000,-1,,,,,,,,,,,,
fwht-bf16-native-log15-hier-r4-t256-b9,fwht-bf16-native-log15-b9,full,butterfly,cuButterfly-hier-r4-t256,0,3,9,-1,,native,16,32,16,1,implicit-sign,floating-add,hier-r4-t256,64,44,2048,5,40,0.625,576,1.44,1.0,register,1179648,0.1875,0,Tesla V100-SXM2-16GB,7.0,fwht,bf16,forward,none,out-of-place,0,,,,0.000000,,hierarchical,radix4,four-mul,table,direct-strided,,1,15,,,,,,0,,,shared,linear,scalar,0,named-barrier,256,0,0,8,8,0,0,8,0,0,0,15,32768,9,1,32768,1000,100,0.143200,0.030188,0.152384,298136.437281,73.270011,9769334776.826668,0.000000,-1,,,,,,,,,,,,
structured-2x2-fp64-log20-hier-r4-t256-b1,structured-2x2-fp64-log20-b1,full,butterfly,cuButterfly-hier-r4-t256,0,3,1,-1,,native,64,64,64,0,broadcast,floating-fma,hier-r4-t256,512,48,8192,5,40,0.625,512,1.28,1.0,register,16777216,2.6666666666666665,0,Tesla V100-SXM2-16GB,7.0,structured-2x2,fp64,forward,none,out-of-place,0,,,,0.000000,,hierarchical,radix4,four-mul,table,direct-strided,0.92387949999999996:-0.38268340000000001:0.38268340000000001:0.92387949999999996,1,20,,,,,,0,,,shared,linear,scalar,0,named-barrier,256,0,0,8,8,0,0,10,0,0,0,20,1048576,1,1,1048576,1000,100,1.428768,0.255887,1.365664,3907.969516,40.978030,4097803043.251840,0.000000,-1,,,,,,,,,,,,
fft-bf16-fp32-log15-hier-r4-t256-b6,fft-bf16-fp32-log15-b6,full,butterfly,cuButterfly-hier-r4-t256,0,2,6,-1,,fp32,16,32,32,0,per-stage-twiddle,floating-complex,hier-r4-t256,64,48,4096,5,40,0.625,384,0.96,0.96,register,1572864,0.25,0,Tesla V100-SXM2-16GB,7.0,fft,bf16,forward,none,out-of-place,0,,,,0.000000,,hierarchical,radix4,four-mul,table,direct-strided,,1,15,,,,,,0,,,shared,linear,scalar,0,named-barrier,256,0,0,8,8,0,0,8,0,0,0,15,32768,6,1,32768,1000,100,0.246240,0.039916,0.202336,150317.467870,36.942021,4925602787.155377,0.000000,-1,,,,,,,,,,,,
structured-2x2-fp64-log15-hier-r4-t256-b7,structured-2x2-fp64-log15-b7,full,butterfly,cuButterfly-hier-r4-t256,0,1,7,-1,,native,64,64,64,0,broadcast,floating-fma,hier-r4-t256,64,48,8192,5,40,0.625,448,1.12,1.0,register,3670016,0.5833333333333334,0,Tesla V100-SXM2-16GB,7.0,structured-2x2,fp64,forward,none,out-of-place,0,,,,0.000000,,hierarchical,radix4,four-mul,table,direct-strided,0.92387949999999996:-0.38268340000000001:0.38268340000000001:0.92387949999999996,1,15,,,,,,0,,,shared,linear,scalar,0,named-barrier,256,0,0,8,8,0,0,8,0,0,0,15,32768,7,1,32768,1000,100,0.405088,0.030730,0.371232,227788.653434,55.981339,7464178595.720303,0.000000,-1,,,,,,,,,,,,
fft-fp16-fp32-log20-hier-r4-t256-b2,fft-fp16-fp32-log20-b2,full,butterfly,cuButterfly-hier-r4-t256,0,4,2,-1,,fp32,16,32,32,0,per-stage-twiddle,floating-complex,hier-r4-t256,512,48,4096,5,40,0.625,1024,2.56,1.0,register,16777216,2.6666666666666665,0,Tesla V100-SXM2-16GB,7.0,fft,fp16,forward,none,out-of-place,0,,,,0.000000,,hierarchical,radix4,four-mul,table,direct-strided,,1,20,,,,,,0,,,shared,linear,scalar,0,named-barrier,256,0,0,8,8,0,0,10,0,0,0,20,1048576,2,1,1048576,1000,100,1.428096,0.303770,1.354080,6583.936904,69.037582,6903758222.841046,0.000000,-1,,,,,,,,,,,,
structured-2x2-fp16-native-log15-hier-r4-t256-b8,structured-2x2-fp16-native-log15-b8,full,butterfly,cuButterfly-hier-r4-t256,0,2,8,-1,,native,16,16,16,0,broadcast,floating-fma,hier-r4-t256,64,44,2048,5,40,0.625,512,1.28,1.0,register,1048576,0.16666666666666666,0,Tesla V100-SXM2-16GB,7.0,structured-2x2,fp16,forward,none,out-of-place,0,,,,0.000000,,hierarchical,radix4,four-mul,table,direct-strided,0.92387949999999996:-0.38268340000000001:0.38268340000000001:0.92387949999999996,1,15,,,,,,0,,,shared,linear,scalar,0,named-barrier,256,0,0,8,8,0,0,8,0,0,0,15,32768,8,1,32768,1000,100,0.125984,0.024207,0.153792,330477.989152,81.218271,10829102748.530420,0.000000,-1,,,,,,,,,,,,
fft-fp16-native-log8-temporal-r4-t128-b800,fft-fp16-native-log8-b800,full,butterfly,cuButterfly-temporal-r4-t128,0,3,800,-1,,native,16,16,16,0,per-stage-twiddle,floating-complex,temporal-r4-t128,1,42,1024,10,40,0.625,800,1.0,1.0,register,1638400,0.2604166666666667,0,Tesla V100-SXM2-16GB,7.0,fft,fp16,forward,none,out-of-place,0,,,,0.000000,,temporal-tile,radix4,four-mul,table,direct-strided,,1,8,,,,,,0,,,shared,linear,scalar,0,named-barrier,128,0,0,8,8,0,0,0,0,0,0,8,256,800,1,256,1000,100,0.199872,0.004710,0.217440,169836956.111048,173.913043,43478260764.428322,0.000000,-1,,,,,,,,,,,,
fft-fp16-fp32-log8-temporal-r4-t128-b1,fft-fp16-fp32-log8-b1,full,butterfly,cuButterfly-temporal-r4-t128,0,2,1,-1,,fp32,16,32,32,0,per-stage-twiddle,floating-complex,temporal-r4-t128,1,42,1024,10,40,0.625,1,0.00125,0.00125,register,2048,0.0003255208333333333,0,Tesla V100-SXM2-16GB,7.0,fft,fp16,forward,none,out-of-place,0,,,,0.000000,,temporal-tile,radix4,four-mul,table,direct-strided,,1,8,,,,,,0,,,shared,linear,scalar,0,named-barrier,128,0,0,8,8,0,0,0,0,0,0,8,256,1,1,256,1000,100,0.007168,0.003502,0.018720,285544.572950,0.292398,73099410.675127,0.000000,-1,,,,,,,,,,,,
fft-bf16-native-log8-temporal-r4-t128-b1281,fft-bf16-native-log8-b1281,full,butterfly,cuButterfly-temporal-r4-t128,0,5,1281,-1,,native,16,32,16,1,per-stage-twiddle,floating-complex,temporal-r4-t128,1,42,1024,10,40,0.625,1281,1.60125,1.0,register,2623488,0.4169921875,0,Tesla V100-SXM2-16GB,7.0,fft,bf16,forward,none,out-of-place,0,,,,0.000000,,temporal-tile,radix4,four-mul,table,direct-strided,,1,8,,,,,,0,,,shared,linear,scalar,0,named-barrier,128,0,0,8,8,0,0,0,0,0,0,8,256,1281,1,256,1000,100,0.324064,0.029860,0.274336,42900429.562944,43.930040,10982509968.113541,0.000000,-1,,,,,,,,,,,,
structured-2x2-fp64-log15-hier-r4-t256-b7,structured-2x2-fp64-log15-b7,full,butterfly,cuButterfly-hier-r4-t256,0,2,7,-1,,native,64,64,64,0,broadcast,floating-fma,hier-r4-t256,64,48,8192,5,40,0.625,448,1.12,1.0,register,3670016,0.5833333333333334,0,Tesla V100-SXM2-16GB,7.0,structured-2x2,fp64,forward,none,out-of-place,0,,,,0.000000,,hierarchical,radix4,four-mul,table,direct-strided,0.92387949999999996:-0.38268340000000001:0.38268340000000001:0.92387949999999996,1,15,,,,,,0,,,shared,linear,scalar,0,named-barrier,256,0,0,8,8,0,0,8,0,0,0,15,32768,7,1,32768,1000,100,0.405824,0.030781,0.366624,227409.760578,55.888223,7451763034.632929,0.000000,-1,,,,,,,,,,,,
fft-fp64-log20-online-r4-t256-b2,fft-fp64-log20-b2,full,butterfly,cuButterfly-online-r4-t256,0,3,2,-1,,native,64,64,64,0,per-stage-twiddle,floating-complex,online-r4-t256,512,58,16384,4,32,0.5,1024,3.2,1.0,register,67108864,10.666666666666666,0,Tesla V100-SXM2-16GB,7.0,fft,fp64,forward,none,out-of-place,0,,,,0.000000,,online-reorder,radix4,four-mul,table,direct-strided,,2,10x10,0x0,8x8,table,direct-strided,global-scratch,2,0x0,8x8,shared,linear,scalar,0,named-barrier,256,0,0,8,8,0,0,10,1,0,0,20,1048576,2,1,1048576,1000,100,5.459904,0.521462,5.140160,3835.372575,40.216796,4021679633.447621,0.000000,-1,,,,,,,,,,,,
fwht-fp16-native-log15-hier-r4-t256-b1,fwht-fp16-native-log15-b1,full,butterfly,cuButterfly-hier-r4-t256,0,1,1,-1,,native,16,16,16,0,implicit-sign,floating-add,hier-r4-t256,64,44,2048,5,40,0.625,64,0.16,0.16,register,131072,0.020833333333333332,0,Tesla V100-SXM2-16GB,7.0,fwht,fp16,forward,none,out-of-place,0,,,,0.000000,,hierarchical,radix4,four-mul,table,direct-strided,,1,15,,,,,,0,,,shared,linear,scalar,0,named-barrier,256,0,0,8,8,0,0,8,0,0,0,15,32768,1,1,32768,1000,100,0.033792,0.019098,0.034080,52362.600174,12.868633,1715817682.490086,0.000000,-1,,,,,,,,,,,,
structured-2x2-fp64-log15-online-r4-t256-b7,structured-2x2-fp64-log15-b7,full,butterfly,cuButterfly-online-r4-t256,0,3,7,-1,,native,64,64,64,0,broadcast,floating-fma,online-r4-t256,64,50,8192,4,32,0.5,448,1.4,1.0,register,3670016,0.5833333333333334,0,Tesla V100-SXM2-16GB,7.0,structured-2x2,fp64,forward,none,out-of-place,0,,,,0.000000,,online-reorder,radix4,four-mul,table,direct-strided,0.92387949999999996:-0.38268340000000001:0.38268340000000001:0.92387949999999996,2,8x7,0x0,8x8,table,direct-strided,global-scratch,2,0x0,8x8,shared,linear,scalar,0,named-barrier,256,0,0,8,8,0,0,8,1,0,0,15,32768,7,1,32768,1000,100,0.397792,0.027341,0.341376,256027.608306,62.921345,8389512668.982029,0.000000,-1,,,,,,,,,,,,
fwht-fp16-fp32-log8-temporal-r4-t128-b960,fwht-fp16-fp32-log8-b960,full,butterfly,cuButterfly-temporal-r4-t128,0,1,960,-1,,fp32,16,32,32,0,implicit-sign,floating-add,temporal-r4-t128,1,38,512,12,48,0.75,960,1.0,1.0,register,983040,0.15625,0,Tesla V100-SXM2-16GB,7.0,fwht,fp16,forward,none,out-of-place,0,,,,0.000000,,temporal-tile,radix4,four-mul,table,direct-strided,,1,8,,,,,,0,,,shared,linear,scalar,0,named-barrier,128,0,0,8,8,0,0,0,0,0,0,8,256,960,1,256,1000,100,0.127008,0.004321,0.145344,222156401.418208,227.488155,56872038763.061317,0.000000,-1,,,,,,,,,,,,
fwht-bf16-fp32-log8-temporal-r4-t128-b1281,fwht-bf16-fp32-log8-b1281,full,butterfly,cuButterfly-temporal-r4-t128,0,1,1281,-1,,fp32,16,32,32,0,implicit-sign,floating-add,temporal-r4-t128,1,38,512,12,48,0.75,1281,1.334375,1.0,register,1311744,0.20849609375,0,Tesla V100-SXM2-16GB,7.0,fwht,bf16,forward,none,out-of-place,0,,,,0.000000,,temporal-tile,radix4,four-mul,table,direct-strided,,1,8,,,,,,0,,,shared,linear,scalar,0,named-barrier,128,0,0,8,8,0,0,0,0,0,0,8,256,1281,1,256,1000,100,0.182528,0.008100,0.173152,158151271.682164,161.946902,40486725550.633957,0.000000,-1,,,,,,,,,,,,
fft-fp16-fp32-log8-temporal-r2-t128-b1,fft-fp16-fp32-log8-b1,full,butterfly,cuButterfly-temporal-r2-t128,0,1,1,-1,,fp32,16,32,32,0,per-stage-twiddle,floating-complex,temporal-r2-t128,1,32,1024,16,64,1.0,1,0.00078125,0.00078125,register+thread+warp,2048,0.0003255208333333333,0,Tesla V100-SXM2-16GB,7.0,fft,fp16,forward,none,out-of-place,0,,,,0.000000,,temporal-tile,radix2,four-mul,table,direct-strided,,1,8,,,,,,0,,,shared,linear,scalar,0,named-barrier,128,0,0,8,8,0,0,0,0,0,0,8,256,1,1,256,1000,100,0.007168,0.003953,0.020736,252995.459360,0.259067,64766837.596059,0.000000,-1,,,,,,,,,,,,
fft-fp32-log15-online-r2-t256-b7,fft-fp32-log15-b7,full,butterfly,cuButterfly-online-r2-t256,0,4,7,-1,,native,32,32,32,0,per-stage-twiddle,floating-complex,online-r2-t256,64,38,4096,6,48,0.75,448,0.9333333333333333,0.9333333333333333,register,3670016,0.5833333333333334,0,Tesla V100-SXM2-16GB,7.0,fft,fp32,forward,none,out-of-place,0,,,,0.000000,,online-reorder,radix2,four-mul,table,direct-strided,,2,8x7,0x0,8x8,table,direct-strided,global-scratch,2,0x0,8x8,shared,linear,scalar,0,named-barrier,256,0,0,8,8,0,0,8,1,0,0,15,32768,7,1,32768,1000,100,0.452896,0.034683,0.361248,201828.676875,49.601416,6613522083.825603,0.000000,-1,,,,,,,,,,,,
fft-fp32-log15-online-r4-t256-b6,fft-fp32-log15-b6,full,butterfly,cuButterfly-online-r4-t256,0,3,6,-1,,native,32,32,32,0,per-stage-twiddle,floating-complex,online-r4-t256,64,50,8192,4,32,0.5,384,1.2,1.0,register,3145728,0.5,0,Tesla V100-SXM2-16GB,7.0,fft,fp32,forward,none,out-of-place,0,,,,0.000000,,online-reorder,radix4,four-mul,table,direct-strided,,2,8x7,0x0,8x8,table,direct-strided,global-scratch,2,0x0,8x8,shared,linear,scalar,0,named-barrier,256,0,0,8,8,0,0,8,1,0,0,15,32768,6,1,32768,1000,100,0.445696,0.029368,0.289376,204301.787861,50.209207,6694560984.634994,0.000000,-1,,,,,,,,,,,,
fft-fp32-log8-temporal-r4-t128-b1279,fft-fp32-log8-b1279,full,butterfly,cuButterfly-temporal-r4-t128,0,1,1279,-1,,native,32,32,32,0,per-stage-twiddle,floating-complex,temporal-r4-t128,1,42,2048,10,40,0.625,1279,1.59875,1.0,register,5238784,0.8326822916666666,0,Tesla V100-SXM2-16GB,7.0,fft,fp32,forward,none,out-of-place,0,,,,0.000000,,temporal-tile,radix4,four-mul,table,direct-strided,,1,8,,,,,,0,,,shared,linear,scalar,0,named-barrier,128,0,0,8,8,0,0,0,0,0,0,8,256,1279,1,256,1000,100,0.517152,0.009411,0.464320,135911144.733759,139.173012,34793253051.842186,0.000000,-1,,,,,,,,,,,,
fwht-fp16-native-log15-hier-r4-t256-b1,fwht-fp16-native-log15-b1,full,butterfly,cuButterfly-hier-r4-t256,0,5,1,-1,,native,16,16,16,0,implicit-sign,floating-add,hier-r4-t256,64,44,2048,5,40,0.625,64,0.16,0.16,register,131072,0.020833333333333332,0,Tesla V100-SXM2-16GB,7.0,fwht,fp16,forward,none,out-of-place,0,,,,0.000000,,hierarchical,radix4,four-mul,table,direct-strided,,1,15,,,,,,0,,,shared,linear,scalar,0,named-barrier,256,0,0,8,8,0,0,8,0,0,0,15,32768,1,1,32768,1000,100,0.031744,0.017254,0.032640,57956.228101,14.243323,1899109682.400798,0.000000,-1,,,,,,,,,,,,
fwht-bf16-fp32-log8-temporal-r2-t128-b1280,fwht-bf16-fp32-log8-b1280,full,butterfly,cuButterfly-temporal-r2-t128,0,3,1280,-1,,fp32,16,32,32,0,implicit-sign,floating-add,temporal-r2-t128,1,30,512,16,64,1.0,1280,1.0,1.0,register+thread+warp,1310720,0.20833333333333334,0,Tesla V100-SXM2-16GB,7.0,fwht,bf16,forward,none,out-of-place,0,,,,0.000000,,temporal-tile,radix2,four-mul,table,direct-strided,,1,8,,,,,,0,,,shared,linear,scalar,0,named-barrier,128,0,0,8,8,0,0,0,0,0,0,8,256,1280,1,256,1000,100,0.166656,0.008520,0.164704,150240380.396148,153.846150,38461537381.413971,0.000000,-1,,,,,,,,,,,,
fwht-bf16-fp32-log8-temporal-r2-t128-b1,fwht-bf16-fp32-log8-b1,full,butterfly,cuButterfly-temporal-r2-t128,0,4,1,-1,,fp32,16,32,32,0,implicit-sign,floating-add,temporal-r2-t128,1,30,512,16,64,1.0,1,0.00078125,0.00078125,register+thread+warp,1024,0.00016276041666666666,0,Tesla V100-SXM2-16GB,7.0,fwht,bf16,forward,none,out-of-place,0,,,,0.000000,,temporal-tile,radix2,four-mul,table,direct-strided,,1,8,,,,,,0,,,shared,linear,scalar,0,named-barrier,128,0,0,8,8,0,0,0,0,0,0,8,256,1,1,256,1000,100,0.008192,0.003113,0.018880,321237.673934,0.328947,82236844.527187,0.000000,-1,,,,,,,,,,,,
fft-fp16-fp32-log15-hier-r4-t256-b7,fft-fp16-fp32-log15-b7,full,butterfly,cuButterfly-hier-r4-t256,0,5,7,-1,,fp32,16,32,32,0,per-stage-twiddle,floating-complex,hier-r4-t256,64,48,4096,5,40,0.625,448,1.12,1.0,register,1835008,0.2916666666666667,0,Tesla V100-SXM2-16GB,7.0,fft,fp16,forward,none,out-of-place,0,,,,0.000000,,hierarchical,radix4,four-mul,table,direct-strided,,1,15,,,,,,0,,,shared,linear,scalar,0,named-barrier,256,0,0,8,8,0,0,8,0,0,0,15,32768,7,1,32768,1000,100,0.283360,0.030495,0.245888,229547.922764,56.413697,7521826333.120466,0.000000,-1,,,,,,,,,,,,
fft-fp32-log8-temporal-r2-t128-b1281,fft-fp32-log8-b1281,full,butterfly,cuButterfly-temporal-r2-t128,0,1,1281,-1,,native,32,32,32,0,per-stage-twiddle,floating-complex,temporal-r2-t128,1,32,2048,16,64,1.0,1281,1.00078125,1.0,register+thread+warp,5246976,0.833984375,0,Tesla V100-SXM2-16GB,7.0,fft,fp32,forward,none,out-of-place,0,,,,0.000000,,temporal-tile,radix2,four-mul,table,direct-strided,,1,8,,,,,,0,,,shared,linear,scalar,0,named-barrier,128,0,0,8,8,0,0,0,0,0,0,8,256,1281,1,256,1000,100,0.504608,0.011141,0.443648,114979458.757385,117.738966,29434741441.890438,0.000000,-1,,,,,,,,,,,,
fwht-fp64-log15-online-r4-t256-b7,fwht-fp64-log15-b7,full,butterfly,cuButterfly-online-r4-t256,0,1,7,-1,,native,64,64,64,0,implicit-sign,floating-add,online-r4-t256,64,50,8192,4,32,0.5,448,1.4,1.0,register,3670016,0.5833333333333334,0,Tesla V100-SXM2-16GB,7.0,fwht,fp64,forward,none,out-of-place,0,,,,0.000000,,online-reorder,radix4,four-mul,table,direct-strided,,2,8x7,0x0,8x8,table,direct-strided,global-scratch,2,0x0,8x8,shared,linear,scalar,0,named-barrier,256,0,0,8,8,0,0,8,1,0,0,15,32768,7,1,32768,1000,100,0.396672,0.023245,0.345952,301142.620548,74.008810,9867841390.127150,0.000000,-1,,,,,,,,,,,,
fft-fp32-log15-online-r2-t256-b7,fft-fp32-log15-b7,full,butterfly,cuButterfly-online-r2-t256,0,3,7,-1,,native,32,32,32,0,per-stage-twiddle,floating-complex,online-r2-t256,64,38,4096,6,48,0.75,448,0.9333333333333333,0.9333333333333333,register,3670016,0.5833333333333334,0,Tesla V100-SXM2-16GB,7.0,fft,fp32,forward,none,out-of-place,0,,,,0.000000,,online-reorder,radix2,four-mul,table,direct-strided,,2,8x7,0x0,8x8,table,direct-strided,global-scratch,2,0x0,8x8,shared,linear,scalar,0,named-barrier,256,0,0,8,8,0,0,8,1,0,0,15,32768,7,1,32768,1000,100,0.491040,0.034693,0.349472,201769.122127,49.586779,6611570593.860986,0.000000,-1,,,,,,,,,,,,
fwht-fp16-native-log8-temporal-r4-t128-b959,fwht-fp16-native-log8-b959,full,butterfly,cuButterfly-temporal-r4-t128,0,2,959,-1,,native,16,16,16,0,implicit-sign,floating-add,temporal-r4-t128,1,38,512,12,48,0.75,959,0.9989583333333333,0.9989583333333333,register,982016,0.15608723958333334,0,Tesla V100-SXM2-16GB,7.0,fwht,fp16,forward,none,out-of-place,0,,,,0.000000,,temporal-tile,radix4,four-mul,table,direct-strided,,1,8,,,,,,0,,,shared,linear,scalar,0,named-barrier,128,0,0,8,8,0,0,0,0,0,0,8,256,959,1,256,1000,100,0.137504,0.004065,0.129056,235900118.971075,241.561722,60390430456.595230,0.000000,-1,,,,,,,,,,,,
fwht-fp16-fp32-log15-online-r2-t256-b9,fwht-fp16-fp32-log15-b9,full,butterfly,cuButterfly-online-r2-t256,0,5,9,-1,,fp32,16,32,32,0,implicit-sign,floating-add,online-r2-t256,64,36,1024,6,48,0.75,576,1.2,1.0,register,1179648,0.1875,0,Tesla V100-SXM2-16GB,7.0,fwht,fp16,forward,none,out-of-place,0,,,,0.000000,,online-reorder,radix2,four-mul,table,direct-strided,,2,8x7,0x0,8x8,table,direct-strided,global-scratch,2,0x0,8x8,shared,linear,scalar,0,named-barrier,256,0,0,8,8,0,0,8,1,0,0,15,32768,9,1,32768,1000,100,0.138496,0.029266,0.145184,307524.913598,75.577323,10076976368.779524,0.000000,-1,,,,,,,,,,,,
fft-fp64-log8-temporal-r2-t128-b719,fft-fp64-log8-b719,full,butterfly,cuButterfly-temporal-r2-t128,0,3,719,-1,,native,64,64,64,0,per-stage-twiddle,floating-complex,temporal-r2-t128,1,36,4096,12,48,0.75,719,0.7489583333333333,0.7489583333333333,register,5890048,0.9361979166666666,0,Tesla V100-SXM2-16GB,7.0,fft,fp64,forward,none,out-of-place,0,,,,0.000000,,temporal-tile,radix2,four-mul,table,direct-strided,,1,8,,,,,,0,,,shared,linear,scalar,0,named-barrier,128,0,0,8,8,0,0,0,0,0,0,8,256,719,1,256,1000,100,0.549920,0.010670,0.506240,67384687.849631,69.001920,17250480089.505451,0.000000,-1,,,,,,,,,,,,
structured-2x2-fp64-log20-hier-r4-t256-b1,structured-2x2-fp64-log20-b1,full,butterfly,cuButterfly-hier-r4-t256,0,5,1,-1,,native,64,64,64,0,broadcast,floating-fma,hier-r4-t256,512,48,8192,5,40,0.625,512,1.28,1.0,register,16777216,2.6666666666666665,0,Tesla V100-SXM2-16GB,7.0,structured-2x2,fp64,forward,none,out-of-place,0,,,,0.000000,,hierarchical,radix4,four-mul,table,direct-strided,0.92387949999999996:-0.38268340000000001:0.38268340000000001:0.92387949999999996,1,20,,,,,,0,,,shared,linear,scalar,0,named-barrier,256,0,0,8,8,0,0,10,0,0,0,20,1048576,1,1,1048576,1000,100,1.420800,0.255795,1.358240,3909.377795,40.992797,4099279731.269796,0.000000,-1,,,,,,,,,,,,
fwht-bf16-native-log20-online-r4-t256-b2,fwht-bf16-native-log20-b2,full,butterfly,cuButterfly-online-r4-t256,0,3,2,-1,,native,16,32,16,1,implicit-sign,floating-add,online-r4-t256,512,46,2048,5,40,0.625,1024,2.56,1.0,register,8388608,1.3333333333333333,0,Tesla V100-SXM2-16GB,7.0,fwht,bf16,forward,none,out-of-place,0,,,,0.000000,,online-reorder,radix4,four-mul,table,direct-strided,,2,10x10,0x0,8x8,table,direct-strided,global-scratch,2,0x0,8x8,shared,linear,scalar,0,named-barrier,256,0,0,8,8,0,0,10,1,0,0,20,1048576,2,1,1048576,1000,100,0.776352,0.179231,0.710560,11158.800433,117.008503,11700850322.579594,0.000000,-1,,,,,,,,,,,,
fft-bf16-native-log8-temporal-r2-t128-b1281,fft-bf16-native-log8-b1281,full,butterfly,cuButterfly-temporal-r2-t128,0,1,1281,-1,,native,16,32,16,1,per-stage-twiddle,floating-complex,temporal-r2-t128,1,32,1024,16,64,1.0,1281,1.00078125,1.0,register+thread+warp,2623488,0.4169921875,0,Tesla V100-SXM2-16GB,7.0,fft,bf16,forward,none,out-of-place,0,,,,0.000000,,temporal-tile,radix2,four-mul,table,direct-strided,,1,8,,,,,,0,,,shared,linear,scalar,0,named-barrier,128,0,0,8,8,0,0,0,0,0,0,8,256,1281,1,256,1000,100,0.319680,0.025702,0.262656,49839703.427331,51.035856,12758964077.396767,0.000000,-1,,,,,,,,,,,,
fft-fp32-log8-temporal-r2-t128-b1279,fft-fp32-log8-b1279,full,butterfly,cuButterfly-temporal-r2-t128,0,4,1279,-1,,native,32,32,32,0,per-stage-twiddle,floating-complex,temporal-r2-t128,1,32,2048,16,64,1.0,1279,0.99921875,0.99921875,register+thread+warp,5238784,0.8326822916666666,0,Tesla V100-SXM2-16GB,7.0,fft,fp32,forward,none,out-of-place,0,,,,0.000000,,temporal-tile,radix2,four-mul,table,direct-strided,,1,8,,,,,,0,,,shared,linear,scalar,0,named-barrier,128,0,0,8,8,0,0,0,0,0,0,8,256,1279,1,256,1000,100,0.510912,0.010813,0.443648,118278732.465507,121.117422,30279355511.169685,0.000000,-1,,,,,,,,,,,,
fwht-bf16-native-log15-online-r2-t256-b1,fwht-bf16-native-log15-b1,full,butterfly,cuButterfly-online-r2-t256,0,4,1,-1,,native,16,32,16,1,implicit-sign,floating-add,online-r2-t256,64,36,1024,6,48,0.75,64,0.13333333333333333,0.13333333333333333,register,131072,0.020833333333333332,0,Tesla V100-SXM2-16GB,7.0,fwht,bf16,forward,none,out-of-place,0,,,,0.000000,,online-reorder,radix2,four-mul,table,direct-strided,,2,8x7,0x0,8x8,table,direct-strided,global-scratch,2,0x0,8x8,shared,linear,scalar,0,named-barrier,256,0,0,8,8,0,0,8,1,0,0,15,32768,1,1,32768,1000,100,0.033792,0.009114,0.033728,109726.117846,26.966291,3595505429.563726,0.000000,-1,,,,,,,,,,,,
structured-2x2-fp16-native-log15-online-r2-t256-b8,structured-2x2-fp16-native-log15-b8,full,butterfly,cuButterfly-online-r2-t256,0,4,8,-1,,native,16,16,16,0,broadcast,floating-fma,online-r2-t256,64,36,1024,6,48,0.75,512,1.0666666666666667,1.0,register,1048576,0.16666666666666666,0,Tesla V100-SXM2-16GB,7.0,structured-2x2,fp16,forward,none,out-of-place,0,,,,0.000000,,online-reorder,radix2,four-mul,table,direct-strided,0.92387949999999996:-0.38268340000000001:0.38268340000000001:0.92387949999999996,2,8x7,0x0,8x8,table,direct-strided,global-scratch,2,0x0,8x8,shared,linear,scalar,0,named-barrier,256,0,0,8,8,0,0,8,1,0,0,15,32768,8,1,32768,1000,100,0.126368,0.029256,0.141088,273451.165643,67.203358,8960447795.790335,0.000000,-1,,,,,,,,,,,,
fft-fp16-fp32-log8-temporal-r4-t128-b1,fft-fp16-fp32-log8-b1,full,butterfly,cuButterfly-temporal-r4-t128,0,1,1,-1,,fp32,16,32,32,0,per-stage-twiddle,floating-complex,temporal-r4-t128,1,42,1024,10,40,0.625,1,0.00125,0.00125,register,2048,0.0003255208333333333,0,Tesla V100-SXM2-16GB,7.0,fft,fp16,forward,none,out-of-place,0,,,,0.000000,,temporal-tile,radix4,four-mul,table,direct-strided,,1,8,,,,,,0,,,shared,linear,scalar,0,named-barrier,128,0,0,8,8,0,0,0,0,0,0,8,256,1,1,256,1000,100,0.007168,0.003482,0.020032,287224.267352,0.294118,73529412.442075,0.000000,-1,,,,,,,,,,,,
fft-fp32-log15-online-r4-t256-b8,fft-fp32-log15-b8,full,butterfly,cuButterfly-online-r4-t256,0,3,8,-1,,native,32,32,32,0,per-stage-twiddle,floating-complex,online-r4-t256,64,50,8192,4,32,0.5,512,1.6,1.0,register,4194304,0.6666666666666666,0,Tesla V100-SXM2-16GB,7.0,fft,fp32,forward,none,out-of-place,0,,,,0.000000,,online-reorder,radix4,four-mul,table,direct-strided,,2,8x7,0x0,8x8,table,direct-strided,global-scratch,2,0x0,8x8,shared,linear,scalar,0,named-barrier,256,0,0,8,8,0,0,8,1,0,0,15,32768,8,1,32768,1000,100,0.501888,0.037366,0.406048,214099.749609,52.617154,7015620595.173323,0.000000,-1,,,,,,,,,,,,
fft-fp16-native-log15-online-r2-t256-b4,fft-fp16-native-log15-b4,full,butterfly,cuButterfly-online-r2-t256,0,4,4,-1,,native,16,16,16,0,per-stage-twiddle,floating-complex,online-r2-t256,64,38,2048,6,48,0.75,256,0.5333333333333333,0.5333333333333333,register,1048576,0.16666666666666666,0,Tesla V100-SXM2-16GB,7.0,fft,fp16,forward,none,out-of-place,0,,,,0.000000,,online-reorder,radix2,four-mul,table,direct-strided,,2,8x7,0x0,8x8,table,direct-strided,global-scratch,2,0x0,8x8,shared,linear,scalar,0,named-barrier,256,0,0,8,8,0,0,8,1,0,0,15,32768,4,1,32768,1000,100,0.138592,0.021330,0.146400,187529.998304,46.087372,6144982984.430045,0.000000,-1,,,,,,,,,,,,
fft-fp32-log15-online-r4-t256-b6,fft-fp32-log15-b6,full,butterfly,cuButterfly-online-r4-t256,0,2,6,-1,,native,32,32,32,0,per-stage-twiddle,floating-complex,online-r4-t256,64,50,8192,4,32,0.5,384,1.2,1.0,register,3145728,0.5,0,Tesla V100-SXM2-16GB,7.0,fft,fp32,forward,none,out-of-place,0,,,,0.000000,,online-reorder,radix4,four-mul,table,direct-strided,,2,8x7,0x0,8x8,table,direct-strided,global-scratch,2,0x0,8x8,shared,linear,scalar,0,named-barrier,256,0,0,8,8,0,0,8,1,0,0,15,32768,6,1,32768,1000,100,0.413888,0.029399,0.289120,204088.302149,50.156741,6687565484.823793,0.000000,-1,,,,,,,,,,,,
fft-fp64-log8-temporal-r4-t128-b720,fft-fp64-log8-b720,full,butterfly,cuButterfly-temporal-r4-t128,0,5,720,-1,,native,64,64,64,0,per-stage-twiddle,floating-complex,temporal-r4-t128,1,50,4096,9,36,0.5625,720,1.0,1.0,register,5898240,0.9375,0,Tesla V100-SXM2-16GB,7.0,fft,fp64,forward,none,out-of-place,0,,,,0.000000,,temporal-tile,radix4,four-mul,table,direct-strided,,1,8,,,,,,0,,,shared,linear,scalar,0,named-barrier,128,0,0,8,8,0,0,0,0,0,0,8,256,720,1,256,1000,100,0.564256,0.009441,0.519136,76260847.552409,78.091108,19522776973.416615,0.000000,-1,,,,,,,,,,,,
fft-bf16-fp32-log8-temporal-r4-t128-b1,fft-bf16-fp32-log8-b1,full,butterfly,cuButterfly-temporal-r4-t128,0,3,1,-1,,fp32,16,32,32,0,per-stage-twiddle,floating-complex,temporal-r4-t128,1,42,1024,10,40,0.625,1,0.00125,0.00125,register,2048,0.0003255208333333333,0,Tesla V100-SXM2-16GB,7.0,fft,bf16,forward,none,out-of-place,0,,,,0.000000,,temporal-tile,radix4,four-mul,table,direct-strided,,1,8,,,,,,0,,,shared,linear,scalar,0,named-barrier,128,0,0,8,8,0,0,0,0,0,0,8,256,1,1,256,1000,100,0.007168,0.005939,0.020256,168372.843273,0.172414,43103447.877761,0.000000,-1,,,,,,,,,,,,
structured-2x2-fp64-log20-online-r4-t256-b1,structured-2x2-fp64-log20-b1,full,butterfly,cuButterfly-online-r4-t256,0,3,1,-1,,native,64,64,64,0,broadcast,floating-fma,online-r4-t256,512,50,8192,4,32,0.5,512,1.6,1.0,register,16777216,2.6666666666666665,0,Tesla V100-SXM2-16GB,7.0,structured-2x2,fp64,forward,none,out-of-place,0,,,,0.000000,,online-reorder,radix4,four-mul,table,direct-strided,0.92387949999999996:-0.38268340000000001:0.38268340000000001:0.92387949999999996,2,10x10,0x0,8x8,table,direct-strided,global-scratch,2,0x0,8x8,shared,linear,scalar,0,named-barrier,256,0,0,8,8,0,0,10,1,0,0,20,1048576,1,1,1048576,1000,100,1.427680,0.107366,1.355648,9313.900986,97.663330,9766333040.490410,0.000000,-1,,,,,,,,,,,,
fft-fp16-native-log15-online-r2-t256-b5,fft-fp16-native-log15-b5,full,butterfly,cuButterfly-online-r2-t256,0,1,5,-1,,native,16,16,16,0,per-stage-twiddle,floating-complex,online-r2-t256,64,38,2048,6,48,0.75,320,0.6666666666666666,0.6666666666666666,register,1310720,0.20833333333333334,0,Tesla V100-SXM2-16GB,7.0,fft,fp16,forward,none,out-of-place,0,,,,0.000000,,online-reorder,radix2,four-mul,table,direct-strided,,2,8x7,0x0,8x8,table,direct-strided,global-scratch,2,0x0,8x8,shared,linear,scalar,0,named-barrier,256,0,0,8,8,0,0,8,1,0,0,15,32768,5,1,32768,1000,100,0.189376,0.024893,0.173376,200856.141723,49.362405,6581654051.994068,0.000000,-1,,,,,,,,,,,,
fwht-bf16-native-log8-temporal-r2-t128-b1281,fwht-bf16-native-log8-b1281,full,butterfly,cuButterfly-temporal-r2-t128,0,2,1281,-1,,native,16,32,16,1,implicit-sign,floating-add,temporal-r2-t128,1,30,512,16,64,1.0,1281,1.00078125,1.0,register+thread+warp,1311744,0.20849609375,0,Tesla V100-SXM2-16GB,7.0,fwht,bf16,forward,none,out-of-place,0,,,,0.000000,,temporal-tile,radix2,four-mul,table,direct-strided,,1,8,,,,,,0,,,shared,linear,scalar,0,named-barrier,128,0,0,8,8,0,0,0,0,0,0,8,256,1281,1,256,1000,100,0.173664,0.008704,0.196992,147173710.654217,150.705880,37676469927.479462,0.000000,-1,,,,,,,,,,,,
fwht-bf16-native-log20-online-r4-t256-b2,fwht-bf16-native-log20-b2,full,butterfly,cuButterfly-online-r4-t256,0,1,2,-1,,native,16,32,16,1,implicit-sign,floating-add,online-r4-t256,512,46,2048,5,40,0.625,1024,2.56,1.0,register,8388608,1.3333333333333333,0,Tesla V100-SXM2-16GB,7.0,fwht,bf16,forward,none,out-of-place,0,,,,0.000000,,online-reorder,radix4,four-mul,table,direct-strided,,2,10x10,0x0,8x8,table,direct-strided,global-scratch,2,0x0,8x8,shared,linear,scalar,0,named-barrier,256,0,0,8,8,0,0,10,1,0,0,20,1048576,2,1,1048576,1000,100,0.746464,0.178493,0.741952,11204.893571,117.491825,11749182481.010798,0.000000,-1,,,,,,,,,,,,
fft-fp16-native-log8-temporal-r2-t128-b799,fft-fp16-native-log8-b799,full,butterfly,cuButterfly-temporal-r2-t128,0,1,799,-1,,native,16,16,16,0,per-stage-twiddle,floating-complex,temporal-r2-t128,1,32,1024,16,64,1.0,799,0.62421875,0.62421875,register+thread+warp,1636352,0.2600911458333333,0,Tesla V100-SXM2-16GB,7.0,fft,fp16,forward,none,out-of-place,0,,,,0.000000,,temporal-tile,radix2,four-mul,table,direct-strided,,1,8,,,,,,0,,,shared,linear,scalar,0,named-barrier,128,0,0,8,8,0,0,0,0,0,0,8,256,799,1,256,1000,100,0.204416,0.005448,0.203072,146667948.400533,150.187979,37546994790.536430,0.000000,-1,,,,,,,,,,,,
fft-fp16-native-log15-hier-r4-t256-b1,fft-fp16-native-log15-b1,full,butterfly,cuButterfly-hier-r4-t256,0,1,1,-1,,native,16,16,16,0,per-stage-twiddle,floating-complex,hier-r4-t256,64,48,4096,5,40,0.625,64,0.16,0.16,register,262144,0.041666666666666664,0,Tesla V100-SXM2-16GB,7.0,fft,fp16,forward,none,out-of-place,0,,,,0.000000,,hierarchical,radix4,four-mul,table,direct-strided,,1,15,,,,,,0,,,shared,linear,scalar,0,named-barrier,256,0,0,8,8,0,0,8,0,0,0,15,32768,1,1,32768,1000,100,0.036704,0.019528,0.047680,51209.362063,12.585213,1678028376.084609,0.000000,-1,,,,,,,,,,,,
structured-2x2-bf16-fp32-log8-temporal-r2-t128-b1280,structured-2x2-bf16-fp32-log8-b1280,full,butterfly,cuButterfly-temporal-r2-t128,0,5,1280,-1,,fp32,16,32,32,0,broadcast,floating-fma,temporal-r2-t128,1,30,512,16,64,1.0,1280,1.0,1.0,register+thread+warp,1310720,0.20833333333333334,0,Tesla V100-SXM2-16GB,7.0,structured-2x2,bf16,forward,none,out-of-place,0,,,,0.000000,,temporal-tile,radix2,four-mul,table,direct-strided,0.92387949999999996:-0.38268340000000001:0.38268340000000001:0.92387949999999996,1,8,,,,,,0,,,shared,linear,scalar,0,named-barrier,128,0,0,8,8,0,0,0,0,0,0,8,256,1280,1,256,1000,100,0.158944,0.009748,0.171680,131302529.744396,134.453790,33613447614.565289,0.000000,-1,,,,,,,,,,,,
fft-fp16-native-log15-hier-r4-t256-b1,fft-fp16-native-log15-b1,full,butterfly,cuButterfly-hier-r4-t256,0,5,1,-1,,native,16,16,16,0,per-stage-twiddle,floating-complex,hier-r4-t256,64,48,4096,5,40,0.625,64,0.16,0.16,register,262144,0.041666666666666664,0,Tesla V100-SXM2-16GB,7.0,fft,fp16,forward,none,out-of-place,0,,,,0.000000,,hierarchical,radix4,four-mul,table,direct-strided,,1,15,,,,,,0,,,shared,linear,scalar,0,named-barrier,256,0,0,8,8,0,0,8,0,0,0,15,32768,1,1,32768,1000,100,0.036992,0.019476,0.054944,51343.977959,12.618296,1682439469.774748,0.000000,-1,,,,,,,,,,,,
fft-fp16-native-log8-temporal-r2-t128-b801,fft-fp16-native-log8-b801,full,butterfly,cuButterfly-temporal-r2-t128,0,3,801,-1,,native,16,16,16,0,per-stage-twiddle,floating-complex,temporal-r2-t128,1,32,1024,16,64,1.0,801,0.62578125,0.62578125,register+thread+warp,1640448,0.2607421875,0,Tesla V100-SXM2-16GB,7.0,fft,fp16,forward,none,out-of-place,0,,,,0.000000,,temporal-tile,radix2,four-mul,table,direct-strided,,1,8,,,,,,0,,,shared,linear,scalar,0,named-barrier,128,0,0,8,8,0,0,0,0,0,0,8,256,801,1,256,1000,100,0.200832,0.005448,0.190784,147035077.182512,150.563919,37640979758.723007,0.000000,-1,,,,,,,,,,,,
structured-2x2-fp64-log20-online-r4-t256-b2,structured-2x2-fp64-log20-b2,full,butterfly,cuButterfly-online-r4-t256,0,2,2,-1,,native,64,64,64,0,broadcast,floating-fma,online-r4-t256,512,50,8192,4,32,0.5,1024,3.2,1.0,register,33554432,5.333333333333333,0,Tesla V100-SXM2-16GB,7.0,structured-2x2,fp64,forward,none,out-of-place,0,,,,0.000000,,online-reorder,radix4,four-mul,table,direct-strided,0.92387949999999996:-0.38268340000000001:0.38268340000000001:0.92387949999999996,2,10x10,0x0,8x8,table,direct-strided,global-scratch,2,0x0,8x8,shared,linear,scalar,0,named-barrier,256,0,0,8,8,0,0,10,1,0,0,20,1048576,2,1,1048576,1000,100,2.776256,0.192891,2.621152,10368.557231,108.722203,10872220267.305653,0.000000,-1,,,,,,,,,,,,
fft-fp32-log15-hier-r4-t256-b8,fft-fp32-log15-b8,full,butterfly,cuButterfly-hier-r4-t256,0,5,8,-1,,native,32,32,32,0,per-stage-twiddle,floating-complex,hier-r4-t256,64,48,8192,5,40,0.625,512,1.28,1.0,register,4194304,0.6666666666666666,0,Tesla V100-SXM2-16GB,7.0,fft,fp32,forward,none,out-of-place,0,,,,0.000000,,hierarchical,radix4,four-mul,table,direct-strided,,1,15,,,,,,0,,,shared,linear,scalar,0,named-barrier,256,0,0,8,8,0,0,8,0,0,0,15,32768,8,1,32768,1000,100,0.497536,0.038031,0.398240,210352.708394,51.696282,6892837548.647336,0.000000,-1,,,,,,,,,,,,
fwht-bf16-native-log15-online-r4-t256-b1,fwht-bf16-native-log15-b1,full,butterfly,cuButterfly-online-r4-t256,0,4,1,-1,,native,16,32,16,1,implicit-sign,floating-add,online-r4-t256,64,46,2048,5,40,0.625,64,0.16,0.16,register,131072,0.020833333333333332,0,Tesla V100-SXM2-16GB,7.0,fwht,bf16,forward,none,out-of-place,0,,,,0.000000,,online-reorder,radix4,four-mul,table,direct-strided,,2,8x7,0x0,8x8,table,direct-strided,global-scratch,2,0x0,8x8,shared,linear,scalar,0,named-barrier,256,0,0,8,8,0,0,8,1,0,0,15,32768,1,1,32768,1000,100,0.032768,0.009339,0.037152,107079.221975,26.315790,3508771945.681625,0.000000,-1,,,,,,,,,,,,
structured-2x2-bf16-native-log8-temporal-r2-t128-b959,structured-2x2-bf16-native-log8-b959,full,butterfly,cuButterfly-temporal-r2-t128,0,3,959,-1,,native,16,32,16,1,broadcast,floating-fma,temporal-r2-t128,1,30,512,16,64,1.0,959,0.74921875,0.74921875,register+thread+warp,982016,0.15608723958333334,0,Tesla V100-SXM2-16GB,7.0,structured-2x2,bf16,forward,none,out-of-place,0,,,,0.000000,,temporal-tile,radix2,four-mul,table,direct-strided,0.92387949999999996:-0.38268340000000001:0.38268340000000001:0.92387949999999996,1,8,,,,,,0,,,shared,linear,scalar,0,named-barrier,128,0,0,8,8,0,0,0,0,0,0,8,256,959,1,256,1000,100,0.114144,0.013660,0.136832,70204156.282826,71.889056,17972264008.403347,0.000000,-1,,,,,,,,,,,,
fft-bf16-fp32-log8-temporal-r4-t128-b1,fft-bf16-fp32-log8-b1,full,butterfly,cuButterfly-temporal-r4-t128,0,4,1,-1,,fp32,16,32,32,0,per-stage-twiddle,floating-complex,temporal-r4-t128,1,42,1024,10,40,0.625,1,0.00125,0.00125,register,2048,0.0003255208333333333,0,Tesla V100-SXM2-16GB,7.0,fft,bf16,forward,none,out-of-place,0,,,,0.000000,,temporal-tile,radix4,four-mul,table,direct-strided,,1,8,,,,,,0,,,shared,linear,scalar,0,named-barrier,128,0,0,8,8,0,0,0,0,0,0,8,256,1,1,256,1000,100,0.004096,0.005919,0.016832,168955.455371,0.173010,43252596.575044,0.000000,-1,,,,,,,,,,,,
fft-fp16-fp32-log20-hier-r4-t256-b1,fft-fp16-fp32-log20-b1,full,butterfly,cuButterfly-hier-r4-t256,0,4,1,-1,,fp32,16,32,32,0,per-stage-twiddle,floating-complex,hier-r4-t256,512,48,4096,5,40,0.625,512,1.28,1.0,register,8388608,1.3333333333333333,0,Tesla V100-SXM2-16GB,7.0,fft,fp16,forward,none,out-of-place,0,,,,0.000000,,hierarchical,radix4,four-mul,table,direct-strided,,1,20,,,,,,0,,,shared,linear,scalar,0,named-barrier,256,0,0,8,8,0,0,10,0,0,0,20,1048576,1,1,1048576,1000,100,0.742752,0.136980,0.735136,7300.310554,76.549304,7654930439.477651,0.000000,-1,,,,,,,,,,,,
fft-bf16-native-log15-online-r2-t256-b5,fft-bf16-native-log15-b5,full,butterfly,cuButterfly-online-r2-t256,0,1,5,-1,,native,16,32,16,1,per-stage-twiddle,floating-complex,online-r2-t256,64,38,2048,6,48,0.75,320,0.6666666666666666,0.6666666666666666,register,1310720,0.20833333333333334,0,Tesla V100-SXM2-16GB,7.0,fft,bf16,forward,none,out-of-place,0,,,,0.000000,,online-reorder,radix2,four-mul,table,direct-strided,,2,8x7,0x0,8x8,table,direct-strided,global-scratch,2,0x0,8x8,shared,linear,scalar,0,named-barrier,256,0,0,8,8,0,0,8,1,0,0,15,32768,5,1,32768,1000,100,0.182688,0.038410,0.156512,130173.624022,31.991470,4265529311.969057,0.000000,-1,,,,,,,,,,,,
fwht-fp32-log20-hier-r4-t256-b1,fwht-fp32-log20-b1,full,butterfly,cuButterfly-hier-r4-t256,0,5,1,-1,,native,32,32,32,0,implicit-sign,floating-add,hier-r4-t256,512,44,4096,5,40,0.625,512,1.28,1.0,register,8388608,1.3333333333333333,0,Tesla V100-SXM2-16GB,7.0,fwht,fp32,forward,none,out-of-place,0,,,,0.000000,,hierarchical,radix4,four-mul,table,direct-strided,,1,20,,,,,,0,,,shared,linear,scalar,0,named-barrier,256,0,0,8,8,0,0,10,0,0,0,20,1048576,1,1,1048576,1000,100,0.743776,0.098806,0.703040,10120.867158,106.124984,10612498400.844852,0.000000,-1,,,,,,,,,,,,
fwht-fp16-native-log15-online-r2-t256-b6,fwht-fp16-native-log15-b6,full,butterfly,cuButterfly-online-r2-t256,0,1,6,-1,,native,16,16,16,0,implicit-sign,floating-add,online-r2-t256,64,36,1024,6,48,0.75,384,0.8,0.8,register,786432,0.125,0,Tesla V100-SXM2-16GB,7.0,fwht,fp16,forward,none,out-of-place,0,,,,0.000000,,online-reorder,radix2,four-mul,table,direct-strided,,2,8x7,0x0,8x8,table,direct-strided,global-scratch,2,0x0,8x8,shared,linear,scalar,0,named-barrier,256,0,0,8,8,0,0,8,1,0,0,15,32768,6,1,32768,1000,100,0.100480,0.021064,0.114720,284850.512761,70.004862,9333981602.164110,0.000000,-1,,,,,,,,,,,,
ntt-uint64-ntt-log15-ntt-hybrid-r2-t256-b321,ntt-uint64-ntt-log15-b321,full,ntt,cuButterfly-ntt-hybrid-r2-t256,0,5,321,-1,,native,64,64,64,0,per-stage-root,modular-multiply-reduce,ntt-hybrid-r2-t256,1,52,4096,4,32,0.5,321,1.003125,1.0,register,168296448,26.75,0,Tesla V100-SXM2-16GB,7.0,ntt,uint64,forward,,,0,,,,0.000000,,hybrid2d,radix2,,fused,,,,,,,,,,,,,,,,0,named-barrier,,,,,,,,,,,,15,32768,321,1,32768,1000,100,13.574528,0.684124,23.877600,,,,,-1,natural,64,1152921504606748673,60,7,4,256,0,469213.065790,8417.188011,15375173739.792967,shoup
fft-fp16-native-log15-hier-r4-t256-b4,fft-fp16-native-log15-b4,full,butterfly,cuButterfly-hier-r4-t256,0,2,4,-1,,native,16,16,16,0,per-stage-twiddle,floating-complex,hier-r4-t256,64,48,4096,5,40,0.625,256,0.64,0.64,register,1048576,0.16666666666666666,0,Tesla V100-SXM2-16GB,7.0,fft,fp16,forward,none,out-of-place,0,,,,0.000000,,hierarchical,radix4,four-mul,table,direct-strided,,1,15,,,,,,0,,,shared,linear,scalar,0,named-barrier,256,0,0,8,8,0,0,8,0,0,0,15,32768,4,1,32768,1000,100,0.138528,0.024412,0.158400,163852.763494,40.268455,5369127354.178819,0.000000,-1,,,,,,,,,,,,
structured-2x2-bf16-fp32-log8-temporal-r4-t128-b961,structured-2x2-bf16-fp32-log8-b961,full,butterfly,cuButterfly-temporal-r4-t128,0,3,961,-1,,fp32,16,32,32,0,broadcast,floating-fma,temporal-r4-t128,1,38,512,12,48,0.75,961,1.0010416666666666,1.0,register,984064,0.15641276041666666,0,Tesla V100-SXM2-16GB,7.0,structured-2x2,bf16,forward,none,out-of-place,0,,,,0.000000,,temporal-tile,radix4,four-mul,table,direct-strided,0.92387949999999996:-0.38268340000000001:0.38268340000000001:0.92387949999999996,1,8,,,,,,0,,,shared,linear,scalar,0,named-barrier,128,0,0,8,8,0,0,0,0,0,0,8,256,961,1,256,1000,100,0.120896,0.007844,0.128544,122516523.519878,125.456920,31364230021.088642,0.000000,-1,,,,,,,,,,,,
fwht-bf16-native-log15-online-r2-t256-b9,fwht-bf16-native-log15-b9,full,butterfly,cuButterfly-online-r2-t256,0,5,9,-1,,native,16,32,16,1,implicit-sign,floating-add,online-r2-t256,64,36,1024,6,48,0.75,576,1.2,1.0,register,1179648,0.1875,0,Tesla V100-SXM2-16GB,7.0,fwht,bf16,forward,none,out-of-place,0,,,,0.000000,,online-reorder,radix2,four-mul,table,direct-strided,,2,8x7,0x0,8x8,table,direct-strided,global-scratch,2,0x0,8x8,shared,linear,scalar,0,named-barrier,256,0,0,8,8,0,0,8,1,0,0,15,32768,9,1,32768,1000,100,0.144768,0.032829,0.161856,274144.173345,67.373672,8983156272.162565,0.000000,-1,,,,,,,,,,,,
fwht-fp64-log15-hier-r4-t256-b7,fwht-fp64-log15-b7,full,butterfly,cuButterfly-hier-r4-t256,0,1,7,-1,,native,64,64,64,0,implicit-sign,floating-add,hier-r4-t256,64,48,8192,5,40,0.625,448,1.12,1.0,register,3670016,0.5833333333333334,0,Tesla V100-SXM2-16GB,7.0,fwht,fp64,forward,none,out-of-place,0,,,,0.000000,,hierarchical,radix4,four-mul,table,direct-strided,,1,15,,,,,,0,,,shared,linear,scalar,0,named-barrier,256,0,0,8,8,0,0,8,0,0,0,15,32768,7,1,32768,1000,100,0.374912,0.030607,0.359840,228703.165449,56.206090,7494145325.444351,0.000000,-1,,,,,,,,,,,,
fwht-fp16-native-log8-temporal-r4-t128-b959,fwht-fp16-native-log8-b959,full,butterfly,cuButterfly-temporal-r4-t128,0,3,959,-1,,native,16,16,16,0,implicit-sign,floating-add,temporal-r4-t128,1,38,512,12,48,0.75,959,0.9989583333333333,0.9989583333333333,register,982016,0.15608723958333334,0,Tesla V100-SXM2-16GB,7.0,fwht,fp16,forward,none,out-of-place,0,,,,0.000000,,temporal-tile,radix4,four-mul,table,direct-strided,,1,8,,,,,,0,,,shared,linear,scalar,0,named-barrier,128,0,0,8,8,0,0,0,0,0,0,8,256,959,1,256,1000,100,0.141984,0.004352,0.127360,220358452.017789,225.647055,56411763716.553947,0.000000,-1,,,,,,,,,,,,
fft-bf16-native-log15-hier-r4-t256-b9,fft-bf16-native-log15-b9,full,butterfly,cuButterfly-hier-r4-t256,0,3,9,-1,,native,16,32,16,1,per-stage-twiddle,floating-complex,hier-r4-t256,64,48,4096,5,40,0.625,576,1.44,1.0,register,2359296,0.375,0,Tesla V100-SXM2-16GB,7.0,fft,bf16,forward,none,out-of-place,0,,,,0.000000,,hierarchical,radix4,four-mul,table,direct-strided,,1,15,,,,,,0,,,shared,linear,scalar,0,named-barrier,256,0,0,8,8,0,0,8,0,0,0,15,32768,9,1,32768,1000,100,0.357504,0.069929,0.291264,128702.044577,31.629814,4217308596.703967,0.000000,-1,,,,,,,,,,,,
structured-2x2-bf16-fp32-log20-online-r2-t256-b2,structured-2x2-bf16-fp32-log20-b2,full,butterfly,cuButterfly-online-r2-t256,0,5,2,-1,,fp32,16,32,32,0,broadcast,floating-fma,online-r2-t256,512,36,1024,6,48,0.75,1024,2.1333333333333333,1.0,register,8388608,1.3333333333333333,0,Tesla V100-SXM2-16GB,7.0,structured-2x2,bf16,forward,none,out-of-place,0,,,,0.000000,,online-reorder,radix2,four-mul,table,direct-strided,0.92387949999999996:-0.38268340000000001:0.38268340000000001:0.92387949999999996,2,10x10,0x0,8x8,table,direct-strided,global-scratch,2,0x0,8x8,shared,linear,scalar,0,named-barrier,256,0,0,8,8,0,0,10,1,0,0,20,1048576,2,1,1048576,1000,100,0.751584,0.220652,0.747392,9064.066789,95.043629,9504362897.512047,0.000000,-1,,,,,,,,,,,,
fft-fp16-fp32-log8-temporal-r2-t128-b799,fft-fp16-fp32-log8-b799,full,butterfly,cuButterfly-temporal-r2-t128,0,3,799,-1,,fp32,16,32,32,0,per-stage-twiddle,floating-complex,temporal-r2-t128,1,32,1024,16,64,1.0,799,0.62421875,0.62421875,register+thread+warp,1636352,0.2600911458333333,0,Tesla V100-SXM2-16GB,7.0,fft,fp16,forward,none,out-of-place,0,,,,0.000000,,temporal-tile,radix2,four-mul,table,direct-strided,,1,8,,,,,,0,,,shared,linear,scalar,0,named-barrier,128,0,0,8,8,0,0,0,0,0,0,8,256,799,1,256,1000,100,0.189408,0.006359,0.190144,125647891.173471,128.663441,32165860140.408695,0.000000,-1,,,,,,,,,,,,
fwht-bf16-native-log8-temporal-r4-t128-b959,fwht-bf16-native-log8-b959,full,butterfly,cuButterfly-temporal-r4-t128,0,5,959,-1,,native,16,32,16,1,implicit-sign,floating-add,temporal-r4-t128,1,38,512,12,48,0.75,959,0.9989583333333333,0.9989583333333333,register,982016,0.15608723958333334,0,Tesla V100-SXM2-16GB,7.0,fwht,bf16,forward,none,out-of-place,0,,,,0.000000,,temporal-tile,radix4,four-mul,table,direct-strided,,1,8,,,,,,0,,,shared,linear,scalar,0,named-barrier,128,0,0,8,8,0,0,0,0,0,0,8,256,959,1,256,1000,100,0.144064,0.006728,0.132416,142545422.194979,145.966512,36491628081.914597,0.000000,-1,,,,,,,,,,,,
fft-fp32-log15-online-r2-t256-b7,fft-fp32-log15-b7,full,butterfly,cuButterfly-online-r2-t256,0,1,7,-1,,native,32,32,32,0,per-stage-twiddle,floating-complex,online-r2-t256,64,38,4096,6,48,0.75,448,0.9333333333333333,0.9333333333333333,register,3670016,0.5833333333333334,0,Tesla V100-SXM2-16GB,7.0,fft,fp32,forward,none,out-of-place,0,,,,0.000000,,online-reorder,radix2,four-mul,table,direct-strided,,2,8x7,0x0,8x8,table,direct-strided,global-scratch,2,0x0,8x8,shared,linear,scalar,0,named-barrier,256,0,0,8,8,0,0,8,1,0,0,15,32768,7,1,32768,1000,100,0.444512,0.034611,0.355520,202246.677142,49.704143,6627219116.594964,0.000000,-1,,,,,,,,,,,,
structured-2x2-fp64-log15-hier-r4-t256-b6,structured-2x2-fp64-log15-b6,full,butterfly,cuButterfly-hier-r4-t256,0,5,6,-1,,native,64,64,64,0,broadcast,floating-fma,hier-r4-t256,64,48,8192,5,40,0.625,384,0.96,0.96,register,3145728,0.5,0,Tesla V100-SXM2-16GB,7.0,structured-2x2,fp64,forward,none,out-of-place,0,,,,0.000000,,hierarchical,radix4,four-mul,table,direct-strided,0.92387949999999996:-0.38268340000000001:0.38268340000000001:0.92387949999999996,1,15,,,,,,0,,,shared,linear,scalar,0,named-barrier,256,0,0,8,8,0,0,8,0,0,0,15,32768,6,1,32768,1000,100,0.353024,0.028344,0.362016,211682.635747,52.023125,6936416608.169156,0.000000,-1,,,,,,,,,,,,
fft-bf16-native-log8-temporal-r2-t128-b801,fft-bf16-native-log8-b801,full,butterfly,cuButterfly-temporal-r2-t128,0,1,801,-1,,native,16,32,16,1,per-stage-twiddle,floating-complex,temporal-r2-t128,1,32,1024,16,64,1.0,801,0.62578125,0.62578125,register+thread+warp,1640448,0.2607421875,0,Tesla V100-SXM2-16GB,7.0,fft,bf16,forward,none,out-of-place,0,,,,0.000000,,temporal-tile,radix2,four-mul,table,direct-strided,,1,8,,,,,,0,,,shared,linear,scalar,0,named-barrier,128,0,0,8,8,0,0,0,0,0,0,8,256,801,1,256,1000,100,0.193728,0.018053,0.242016,44369061.962951,45.433919,11358479862.515354,0.000000,-1,,,,,,,,,,,,
structured-2x2-fp64-log15-online-r4-t256-b6,structured-2x2-fp64-log15-b6,full,butterfly,cuButterfly-online-r4-t256,0,3,6,-1,,native,64,64,64,0,broadcast,floating-fma,online-r4-t256,64,50,8192,4,32,0.5,384,1.2,1.0,register,3145728,0.5,0,Tesla V100-SXM2-16GB,7.0,structured-2x2,fp64,forward,none,out-of-place,0,,,,0.000000,,online-reorder,radix4,four-mul,table,direct-strided,0.92387949999999996:-0.38268340000000001:0.38268340000000001:0.92387949999999996,2,8x7,0x0,8x8,table,direct-strided,global-scratch,2,0x0,8x8,shared,linear,scalar,0,named-barrier,256,0,0,8,8,0,0,8,1,0,0,15,32768,6,1,32768,1000,100,0.351456,0.024494,0.320736,244957.150100,60.200669,8026755894.472151,0.000000,-1,,,,,,,,,,,,
fft-bf16-fp32-log15-online-r2-t256-b7,fft-bf16-fp32-log15-b7,full,butterfly,cuButterfly-online-r2-t256,0,1,7,-1,,fp32,16,32,32,0,per-stage-twiddle,floating-complex,online-r2-t256,64,38,2048,6,48,0.75,448,0.9333333333333333,0.9333333333333333,register,1835008,0.2916666666666667,0,Tesla V100-SXM2-16GB,7.0,fft,bf16,forward,none,out-of-place,0,,,,0.000000,,online-reorder,radix2,four-mul,table,direct-strided,,2,8x7,0x0,8x8,table,direct-strided,global-scratch,2,0x0,8x8,shared,linear,scalar,0,named-barrier,256,0,0,8,8,0,0,8,1,0,0,15,32768,7,1,32768,1000,100,0.270784,0.040090,0.227360,174608.893265,42.911882,5721584214.520899,0.000000,-1,,,,,,,,,,,,
fft-bf16-native-log8-temporal-r2-t128-b801,fft-bf16-native-log8-b801,full,butterfly,cuButterfly-temporal-r2-t128,0,4,801,-1,,native,16,32,16,1,per-stage-twiddle,floating-complex,temporal-r2-t128,1,32,1024,16,64,1.0,801,0.62578125,0.62578125,register+thread+warp,1640448,0.2607421875,0,Tesla V100-SXM2-16GB,7.0,fft,bf16,forward,none,out-of-place,0,,,,0.000000,,temporal-tile,radix2,four-mul,table,direct-strided,,1,8,,,,,,0,,,shared,linear,scalar,0,named-barrier,128,0,0,8,8,0,0,0,0,0,0,8,256,801,1,256,1000,100,0.186304,0.018074,0.228704,44318785.936584,45.382437,11345609199.765438,0.000000,-1,,,,,,,,,,,,
structured-2x2-bf16-fp32-log8-temporal-r4-t128-b1280,structured-2x2-bf16-fp32-log8-b1280,full,butterfly,cuButterfly-temporal-r4-t128,0,2,1280,-1,,fp32,16,32,32,0,broadcast,floating-fma,temporal-r4-t128,1,38,512,12,48,0.75,1280,1.3333333333333333,1.0,register,1310720,0.20833333333333334,0,Tesla V100-SXM2-16GB,7.0,structured-2x2,bf16,forward,none,out-of-place,0,,,,0.000000,,temporal-tile,radix4,four-mul,table,direct-strided,0.92387949999999996:-0.38268340000000001:0.38268340000000001:0.92387949999999996,1,8,,,,,,0,,,shared,linear,scalar,0,named-barrier,128,0,0,8,8,0,0,0,0,0,0,8,256,1280,1,256,1000,100,0.150592,0.008673,0.175200,147579700.755826,151.121614,37780403393.491348,0.000000,-1,,,,,,,,,,,,
fft-fp16-native-log15-hier-r4-t256-b6,fft-fp16-native-log15-b6,full,butterfly,cuButterfly-hier-r4-t256,0,3,6,-1,,native,16,16,16,0,per-stage-twiddle,floating-complex,hier-r4-t256,64,48,4096,5,40,0.625,384,0.96,0.96,register,1572864,0.25,0,Tesla V100-SXM2-16GB,7.0,fft,fp16,forward,none,out-of-place,0,,,,0.000000,,hierarchical,radix4,four-mul,table,direct-strided,,1,15,,,,,,0,,,shared,linear,scalar,0,named-barrier,256,0,0,8,8,0,0,8,0,0,0,15,32768,6,1,32768,1000,100,0.220320,0.027003,0.196032,222198.518169,54.607508,7281001043.349132,0.000000,-1,,,,,,,,,,,,
subset-zeta-uint32-zeta-log15-hier-r4-t256-b9,subset-zeta-uint32-zeta-log15-b9,full,butterfly,cuButterfly-hier-r4-t256,0,5,9,-1,,native,32,32,32,0,implicit-unit,integer-add,hier-r4-t256,64,44,4096,5,40,0.625,576,1.44,1.0,register,2359296,0.375,0,Tesla V100-SXM2-16GB,7.0,subset-zeta,uint32,forward,none,out-of-place,0,,,,0.000000,,hierarchical,radix4,four-mul,table,direct-strided,,1,15,,,,,,0,,,shared,linear,scalar,0,named-barrier,256,0,0,8,8,0,0,8,0,0,0,15,32768,9,1,32768,1000,100,0.267264,0.024699,0.322016,364388.998885,89.552240,11940298715.451380,0.000000,-1,,,,,,,,,,,,
fft-bf16-native-log15-hier-r4-t256-b8,fft-bf16-native-log15-b8,full,butterfly,cuButterfly-hier-r4-t256,0,3,8,-1,,native,16,32,16,1,per-stage-twiddle,floating-complex,hier-r4-t256,64,48,4096,5,40,0.625,512,1.28,1.0,register,2097152,0.3333333333333333,0,Tesla V100-SXM2-16GB,7.0,fft,bf16,forward,none,out-of-place,0,,,,0.000000,,hierarchical,radix4,four-mul,table,direct-strided,,1,15,,,,,,0,,,shared,linear,scalar,0,named-barrier,256,0,0,8,8,0,0,8,0,0,0,15,32768,8,1,32768,1000,100,0.316384,0.061379,0.271584,130338.669966,32.032032,4270937537.450363,0.000000,-1,,,,,,,,,,,,
fwht-fp16-fp32-log15-online-r4-t256-b9,fwht-fp16-fp32-log15-b9,full,butterfly,cuButterfly-online-r4-t256,0,5,9,-1,,fp32,16,32,32,0,implicit-sign,floating-add,online-r4-t256,64,46,2048,5,40,0.625,576,1.44,1.0,register,1179648,0.1875,0,Tesla V100-SXM2-16GB,7.0,fwht,fp16,forward,none,out-of-place,0,,,,0.000000,,online-reorder,radix4,four-mul,table,direct-strided,,2,8x7,0x0,8x8,table,direct-strided,global-scratch,2,0x0,8x8,shared,linear,scalar,0,named-barrier,256,0,0,8,8,0,0,8,1,0,0,15,32768,9,1,32768,1000,100,0.145888,0.028652,0.148384,314119.474064,77.198002,10293066926.119318,0.000000,-1,,,,,,,,,,,,
fft-fp32-log8-temporal-r2-t128-b1281,fft-fp32-log8-b1281,full,butterfly,cuButterfly-temporal-r2-t128,0,2,1281,-1,,native,32,32,32,0,per-stage-twiddle,floating-complex,temporal-r2-t128,1,32,2048,16,64,1.0,1281,1.00078125,1.0,register+thread+warp,5246976,0.833984375,0,Tesla V100-SXM2-16GB,7.0,fft,fp32,forward,none,out-of-place,0,,,,0.000000,,temporal-tile,radix2,four-mul,table,direct-strided,,1,8,,,,,,0,,,shared,linear,scalar,0,named-barrier,128,0,0,8,8,0,0,0,0,0,0,8,256,1281,1,256,1000,100,0.511648,0.011131,0.442912,115085234.504370,117.847280,29461820033.118660,0.000000,-1,,,,,,,,,,,,
fwht-fp16-native-log8-temporal-r2-t128-b1,fwht-fp16-native-log8-b1,full,butterfly,cuButterfly-temporal-r2-t128,0,4,1,-1,,native,16,16,16,0,implicit-sign,floating-add,temporal-r2-t128,1,30,512,16,64,1.0,1,0.00078125,0.00078125,register+thread+warp,1024,0.00016276041666666666,0,Tesla V100-SXM2-16GB,7.0,fwht,fp16,forward,none,out-of-place,0,,,,0.000000,,temporal-tile,radix2,four-mul,table,direct-strided,,1,8,,,,,,0,,,shared,linear,scalar,0,named-barrier,128,0,0,8,8,0,0,0,0,0,0,8,256,1,1,256,1000,100,0.008192,0.002714,0.018208,368514.127369,0.377358,94339616.606480,0.000000,-1,,,,,,,,,,,,
fft-fp32-log15-hier-r4-t256-b6,fft-fp32-log15-b6,full,butterfly,cuButterfly-hier-r4-t256,0,2,6,-1,,native,32,32,32,0,per-stage-twiddle,floating-complex,hier-r4-t256,64,48,8192,5,40,0.625,384,0.96,0.96,register,3145728,0.5,0,Tesla V100-SXM2-16GB,7.0,fft,fp32,forward,none,out-of-place,0,,,,0.000000,,hierarchical,radix4,four-mul,table,direct-strided,,1,15,,,,,,0,,,shared,linear,scalar,0,named-barrier,256,0,0,8,8,0,0,8,0,0,0,15,32768,6,1,32768,1000,100,0.422464,0.031334,0.304992,191482.842056,47.058823,6274509768.478080,0.000000,-1,,,,,,,,,,,,
structured-2x2-fp32-log20-hier-r4-t256-b2,structured-2x2-fp32-log20-b2,full,butterfly,cuButterfly-hier-r4-t256,0,4,2,-1,,native,32,32,32,0,broadcast,floating-fma,hier-r4-t256,512,44,4096,5,40,0.625,1024,2.56,1.0,register,16777216,2.6666666666666665,0,Tesla V100-SXM2-16GB,7.0,structured-2x2,fp32,forward,none,out-of-place,0,,,,0.000000,,hierarchical,radix4,four-mul,table,direct-strided,0.92387949999999996:-0.38268340000000001:0.38268340000000001:0.92387949999999996,1,20,,,,,,0,,,shared,linear,scalar,0,named-barrier,256,0,0,8,8,0,0,10,0,0,0,20,1048576,2,1,1048576,1000,100,1.417632,0.260444,1.366848,7679.189148,80.522134,8052213440.177520,0.000000,-1,,,,,,,,,,,,
structured-2x2-bf16-native-log15-online-r4-t256-b9,structured-2x2-bf16-native-log15-b9,full,butterfly,cuButterfly-online-r4-t256,0,3,9,-1,,native,16,32,16,1,broadcast,floating-fma,online-r4-t256,64,46,2048,5,40,0.625,576,1.44,1.0,register,1179648,0.1875,0,Tesla V100-SXM2-16GB,7.0,structured-2x2,bf16,forward,none,out-of-place,0,,,,0.000000,,online-reorder,radix4,four-mul,table,direct-strided,0.92387949999999996:-0.38268340000000001:0.38268340000000001:0.92387949999999996,2,8x7,0x0,8x8,table,direct-strided,global-scratch,2,0x0,8x8,shared,linear,scalar,0,named-barrier,256,0,0,8,8,0,0,8,1,0,0,15,32768,9,1,32768,1000,100,0.136096,0.048343,0.141984,186169.508390,45.753018,6100402450.913640,0.000000,-1,,,,,,,,,,,,
structured-2x2-fp64-log15-online-r4-t256-b5,structured-2x2-fp64-log15-b5,full,butterfly,cuButterfly-online-r4-t256,0,3,5,-1,,native,64,64,64,0,broadcast,floating-fma,online-r4-t256,64,50,8192,4,32,0.5,320,1.0,1.0,register,2621440,0.4166666666666667,0,Tesla V100-SXM2-16GB,7.0,structured-2x2,fp64,forward,none,out-of-place,0,,,,0.000000,,online-reorder,radix4,four-mul,table,direct-strided,0.92387949999999996:-0.38268340000000001:0.38268340000000001:0.92387949999999996,2,8x7,0x0,8x8,table,direct-strided,global-scratch,2,0x0,8x8,shared,linear,scalar,0,named-barrier,256,0,0,8,8,0,0,8,1,0,0,15,32768,5,1,32768,1000,100,0.317408,0.021473,0.252192,232847.528694,57.224609,7629947820.251225,0.000000,-1,,,,,,,,,,,,
fft-fp16-fp32-log20-online-r4-t256-b1,fft-fp16-fp32-log20-b1,full,butterfly,cuButterfly-online-r4-t256,0,4,1,-1,,fp32,16,32,32,0,per-stage-twiddle,floating-complex,online-r4-t256,512,50,4096,4,32,0.5,512,1.6,1.0,register,8388608,1.3333333333333333,0,Tesla V100-SXM2-16GB,7.0,fft,fp16,forward,none,out-of-place,0,,,,0.000000,,online-reorder,radix4,four-mul,table,direct-strided,,2,10x10,0x0,8x8,table,direct-strided,global-scratch,2,0x0,8x8,shared,linear,scalar,0,named-barrier,256,0,0,8,8,0,0,10,1,0,0,20,1048576,1,1,1048576,1000,100,0.741792,0.128276,0.711104,7795.661236,81.743433,8174343276.463965,0.000000,-1,,,,,,,,,,,,
fft-fp32-log8-temporal-r4-t128-b1279,fft-fp32-log8-b1279,full,butterfly,cuButterfly-temporal-r4-t128,0,3,1279,-1,,native,32,32,32,0,per-stage-twiddle,floating-complex,temporal-r4-t128,1,42,2048,10,40,0.625,1279,1.59875,1.0,register,5238784,0.8326822916666666,0,Tesla V100-SXM2-16GB,7.0,fft,fp32,forward,none,out-of-place,0,,,,0.000000,,temporal-tile,radix4,four-mul,table,direct-strided,,1,8,,,,,,0,,,shared,linear,scalar,0,named-barrier,128,0,0,8,8,0,0,0,0,0,0,8,256,1279,1,256,1000,100,0.503456,0.009411,0.439264,135911144.733759,139.173012,34793253051.842186,0.000000,-1,,,,,,,,,,,,
fft-fp16-native-log15-hier-r4-t256-b5,fft-fp16-native-log15-b5,full,butterfly,cuButterfly-hier-r4-t256,0,3,5,-1,,native,16,16,16,0,per-stage-twiddle,floating-complex,hier-r4-t256,64,48,4096,5,40,0.625,320,0.8,0.8,register,1310720,0.20833333333333334,0,Tesla V100-SXM2-16GB,7.0,fft,fp16,forward,none,out-of-place,0,,,,0.000000,,hierarchical,radix4,four-mul,table,direct-strided,,1,15,,,,,,0,,,shared,linear,scalar,0,named-barrier,256,0,0,8,8,0,0,8,0,0,0,15,32768,5,1,32768,1000,100,0.181152,0.024003,0.167904,208311.117968,51.194540,6825938713.564726,0.000000,-1,,,,,,,,,,,,
fwht-bf16-fp32-log20-online-r2-t256-b1,fwht-bf16-fp32-log20-b1,full,butterfly,cuButterfly-online-r2-t256,0,5,1,-1,,fp32,16,32,32,0,implicit-sign,floating-add,online-r2-t256,512,36,1024,6,48,0.75,512,1.0666666666666667,1.0,register,4194304,0.6666666666666666,0,Tesla V100-SXM2-16GB,7.0,fwht,bf16,forward,none,out-of-place,0,,,,0.000000,,online-reorder,radix2,four-mul,table,direct-strided,,2,10x10,0x0,8x8,table,direct-strided,global-scratch,2,0x0,8x8,shared,linear,scalar,0,named-barrier,256,0,0,8,8,0,0,10,1,0,0,20,1048576,1,1,1048576,1000,100,0.430496,0.107715,0.390976,9283.796319,97.347660,9734766009.395317,0.000000,-1,,,,,,,,,,,,
fft-fp32-log8-temporal-r4-t128-b1280,fft-fp32-log8-b1280,full,butterfly,cuButterfly-temporal-r4-t128,0,5,1280,-1,,native,32,32,32,0,per-stage-twiddle,floating-complex,temporal-r4-t128,1,42,2048,10,40,0.625,1280,1.6,1.0,register,5242880,0.8333333333333334,0,Tesla V100-SXM2-16GB,7.0,fft,fp32,forward,none,out-of-place,0,,,,0.000000,,temporal-tile,radix4,four-mul,table,direct-strided,,1,8,,,,,,0,,,shared,linear,scalar,0,named-barrier,128,0,0,8,8,0,0,0,0,0,0,8,256,1280,1,256,1000,100,0.516256,0.009359,0.460736,136761491.746485,140.043768,35010941887.100060,0.000000,-1,,,,,,,,,,,,
structured-2x2-fp16-fp32-log8-temporal-r2-t128-b960,structured-2x2-fp16-fp32-log8-b960,full,butterfly,cuButterfly-temporal-r2-t128,0,4,960,-1,,fp32,16,32,32,0,broadcast,floating-fma,temporal-r2-t128,1,30,512,16,64,1.0,960,0.75,0.75,register+thread+warp,983040,0.15625,0,Tesla V100-SXM2-16GB,7.0,structured-2x2,fp16,forward,none,out-of-place,0,,,,0.000000,,temporal-tile,radix2,four-mul,table,direct-strided,0.92387949999999996:-0.38268340000000001:0.38268340000000001:0.92387949999999996,1,8,,,,,,0,,,shared,linear,scalar,0,named-barrier,128,0,0,8,8,0,0,0,0,0,0,8,256,960,1,256,1000,100,0.114240,0.005919,0.122688,162197237.156416,166.089971,41522492712.042480,0.000000,-1,,,,,,,,,,,,
fft-fp16-fp32-log15-hier-r4-t256-b7,fft-fp16-fp32-log15-b7,full,butterfly,cuButterfly-hier-r4-t256,0,4,7,-1,,fp32,16,32,32,0,per-stage-twiddle,floating-complex,hier-r4-t256,64,48,4096,5,40,0.625,448,1.12,1.0,register,1835008,0.2916666666666667,0,Tesla V100-SXM2-16GB,7.0,fft,fp16,forward,none,out-of-place,0,,,,0.000000,,hierarchical,radix4,four-mul,table,direct-strided,,1,15,,,,,,0,,,shared,linear,scalar,0,named-barrier,256,0,0,8,8,0,0,8,0,0,0,15,32768,7,1,32768,1000,100,0.278720,0.030484,0.213152,229625.036088,56.432649,7524353182.532496,0.000000,-1,,,,,,,,,,,,
fft-bf16-native-log15-online-r2-t256-b8,fft-bf16-native-log15-b8,full,butterfly,cuButterfly-online-r2-t256,0,2,8,-1,,native,16,32,16,1,per-stage-twiddle,floating-complex,online-r2-t256,64,38,2048,6,48,0.75,512,1.0666666666666667,1.0,register,2097152,0.3333333333333333,0,Tesla V100-SXM2-16GB,7.0,fft,bf16,forward,none,out-of-place,0,,,,0.000000,,online-reorder,radix2,four-mul,table,direct-strided,,2,8x7,0x0,8x8,table,direct-strided,global-scratch,2,0x0,8x8,shared,linear,scalar,0,named-barrier,256,0,0,8,8,0,0,8,1,0,0,15,32768,8,1,32768,1000,100,0.323648,0.056504,0.265664,141582.094077,34.795215,4639362058.707273,0.000000,-1,,,,,,,,,,,,
structured-2x2-bf16-fp32-log8-temporal-r4-t128-b961,structured-2x2-bf16-fp32-log8-b961,full,butterfly,cuButterfly-temporal-r4-t128,0,5,961,-1,,fp32,16,32,32,0,broadcast,floating-fma,temporal-r4-t128,1,38,512,12,48,0.75,961,1.0010416666666666,1.0,register,984064,0.15641276041666666,0,Tesla V100-SXM2-16GB,7.0,structured-2x2,bf16,forward,none,out-of-place,0,,,,0.000000,,temporal-tile,radix4,four-mul,table,direct-strided,0.92387949999999996:-0.38268340000000001:0.38268340000000001:0.92387949999999996,1,8,,,,,,0,,,shared,linear,scalar,0,named-barrier,128,0,0,8,8,0,0,0,0,0,0,8,256,961,1,256,1000,100,0.116480,0.007342,0.124032,130889345.423060,134.030690,33507672428.303276,0.000000,-1,,,,,,,,,,,,
structured-2x2-fp64-log8-temporal-r2-t128-b801,structured-2x2-fp64-log8-b801,full,butterfly,cuButterfly-temporal-r2-t128,0,2,801,-1,,native,64,64,64,0,broadcast,floating-fma,temporal-r2-t128,1,32,2048,16,64,1.0,801,0.62578125,0.62578125,register+thread+warp,3280896,0.521484375,0,Tesla V100-SXM2-16GB,7.0,structured-2x2,fp64,forward,none,out-of-place,0,,,,0.000000,,temporal-tile,radix2,four-mul,table,direct-strided,0.92387949999999996:-0.38268340000000001:0.38268340000000001:0.92387949999999996,1,8,,,,,,0,,,shared,linear,scalar,0,named-barrier,128,0,0,8,8,0,0,0,0,0,0,8,256,801,1,256,1000,100,0.369888,0.007721,0.347552,103743578.098668,106.233424,26558355993.258884,0.000000,-1,,,,,,,,,,,,
fwht-fp32-log20-hier-r4-t256-b2,fwht-fp32-log20-b2,full,butterfly,cuButterfly-hier-r4-t256,0,2,2,-1,,native,32,32,32,0,implicit-sign,floating-add,hier-r4-t256,512,44,4096,5,40,0.625,1024,2.56,1.0,register,16777216,2.6666666666666665,0,Tesla V100-SXM2-16GB,7.0,fwht,fp32,forward,none,out-of-place,0,,,,0.000000,,hierarchical,radix4,four-mul,table,direct-strided,,1,20,,,,,,0,,,shared,linear,scalar,0,named-barrier,256,0,0,8,8,0,0,10,0,0,0,20,1048576,2,1,1048576,1000,100,1.427008,0.257454,1.358272,7768.376005,81.457326,8145732637.358406,0.000000,-1,,,,,,,,,,,,
fft-fp32-log8-temporal-r4-t128-b1279,fft-fp32-log8-b1279,full,butterfly,cuButterfly-temporal-r4-t128,0,5,1279,-1,,native,32,32,32,0,per-stage-twiddle,floating-complex,temporal-r4-t128,1,42,2048,10,40,0.625,1279,1.59875,1.0,register,5238784,0.8326822916666666,0,Tesla V100-SXM2-16GB,7.0,fft,fp32,forward,none,out-of-place,0,,,,0.000000,,temporal-tile,radix4,four-mul,table,direct-strided,,1,8,,,,,,0,,,shared,linear,scalar,0,named-barrier,128,0,0,8,8,0,0,0,0,0,0,8,256,1279,1,256,1000,100,0.519552,0.009370,0.447936,136505299.063837,139.781426,34945356560.342186,0.000000,-1,,,,,,,,,,,,
structured-2x2-bf16-native-log8-temporal-r2-t128-b959,structured-2x2-bf16-native-log8-b959,full,butterfly,cuButterfly-temporal-r2-t128,0,4,959,-1,,native,16,32,16,1,broadcast,floating-fma,temporal-r2-t128,1,30,512,16,64,1.0,959,0.74921875,0.74921875,register+thread+warp,982016,0.15608723958333334,0,Tesla V100-SXM2-16GB,7.0,structured-2x2,bf16,forward,none,out-of-place,0,,,,0.000000,,temporal-tile,radix2,four-mul,table,direct-strided,0.92387949999999996:-0.38268340000000001:0.38268340000000001:0.92387949999999996,1,8,,,,,,0,,,shared,linear,scalar,0,named-barrier,128,0,0,8,8,0,0,0,0,0,0,8,256,959,1,256,1000,100,0.112864,0.013548,0.141344,70787867.822296,72.486777,18121694162.507671,0.000000,-1,,,,,,,,,,,,
fft-fp16-fp32-log20-hier-r4-t256-b1,fft-fp16-fp32-log20-b1,full,butterfly,cuButterfly-hier-r4-t256,0,5,1,-1,,fp32,16,32,32,0,per-stage-twiddle,floating-complex,hier-r4-t256,512,48,4096,5,40,0.625,512,1.28,1.0,register,8388608,1.3333333333333333,0,Tesla V100-SXM2-16GB,7.0,fft,fp16,forward,none,out-of-place,0,,,,0.000000,,hierarchical,radix4,four-mul,table,direct-strided,,1,20,,,,,,0,,,shared,linear,scalar,0,named-barrier,256,0,0,8,8,0,0,10,0,0,0,20,1048576,1,1,1048576,1000,100,0.742688,0.136714,0.709248,7314.527272,76.698377,7669837748.772963,0.000000,-1,,,,,,,,,,,,
structured-2x2-bf16-fp32-log8-temporal-r2-t128-b961,structured-2x2-bf16-fp32-log8-b961,full,butterfly,cuButterfly-temporal-r2-t128,0,3,961,-1,,fp32,16,32,32,0,broadcast,floating-fma,temporal-r2-t128,1,30,512,16,64,1.0,961,0.75078125,0.75078125,register+thread+warp,984064,0.15641276041666666,0,Tesla V100-SXM2-16GB,7.0,structured-2x2,bf16,forward,none,out-of-place,0,,,,0.000000,,temporal-tile,radix2,four-mul,table,direct-strided,0.92387949999999996:-0.38268340000000001:0.38268340000000001:0.92387949999999996,1,8,,,,,,0,,,shared,linear,scalar,0,named-barrier,128,0,0,8,8,0,0,0,0,0,0,8,256,961,1,256,1000,100,0.114432,0.008212,0.122688,117017031.123885,119.825440,29956359967.714523,0.000000,-1,,,,,,,,,,,,
fwht-fp64-log8-temporal-r2-t128-b1281,fwht-fp64-log8-b1281,full,butterfly,cuButterfly-temporal-r2-t128,0,1,1281,-1,,native,64,64,64,0,implicit-sign,floating-add,temporal-r2-t128,1,32,2048,16,64,1.0,1281,1.00078125,1.0,register+thread+warp,5246976,0.833984375,0,Tesla V100-SXM2-16GB,7.0,fwht,fp64,forward,none,out-of-place,0,,,,0.000000,,temporal-tile,radix2,four-mul,table,direct-strided,,1,8,,,,,,0,,,shared,linear,scalar,0,named-barrier,128,0,0,8,8,0,0,0,0,0,0,8,256,1281,1,256,1000,100,0.520704,0.007690,0.462560,166574771.761220,170.572566,42643141570.872192,0.000000,-1,,,,,,,,,,,,
structured-2x2-fp64-log15-online-r4-t256-b7,structured-2x2-fp64-log15-b7,full,butterfly,cuButterfly-online-r4-t256,0,5,7,-1,,native,64,64,64,0,broadcast,floating-fma,online-r4-t256,64,50,8192,4,32,0.5,448,1.4,1.0,register,3670016,0.5833333333333334,0,Tesla V100-SXM2-16GB,7.0,structured-2x2,fp64,forward,none,out-of-place,0,,,,0.000000,,online-reorder,radix4,four-mul,table,direct-strided,0.92387949999999996:-0.38268340000000001:0.38268340000000001:0.92387949999999996,2,8x7,0x0,8x8,table,direct-strided,global-scratch,2,0x0,8x8,shared,linear,scalar,0,named-barrier,256,0,0,8,8,0,0,8,1,0,0,15,32768,7,1,32768,1000,100,0.396992,0.027156,0.339232,257765.369020,63.348417,8446455612.056471,0.000000,-1,,,,,,,,,,,,
fft-bf16-native-log15-online-r4-t256-b8,fft-bf16-native-log15-b8,full,butterfly,cuButterfly-online-r4-t256,0,1,8,-1,,native,16,32,16,1,per-stage-twiddle,floating-complex,online-r4-t256,64,50,4096,4,32,0.5,512,1.6,1.0,register,2097152,0.3333333333333333,0,Tesla V100-SXM2-16GB,7.0,fft,bf16,forward,none,out-of-place,0,,,,0.000000,,online-reorder,radix4,four-mul,table,direct-strided,,2,8x7,0x0,8x8,table,direct-strided,global-scratch,2,0x0,8x8,shared,linear,scalar,0,named-barrier,256,0,0,8,8,0,0,8,1,0,0,15,32768,8,1,32768,1000,100,0.322528,0.067113,0.266848,119202.014177,29.295087,3906011600.548817,0.000000,-1,,,,,,,,,,,,
fft-bf16-fp32-log8-temporal-r4-t128-b1281,fft-bf16-fp32-log8-b1281,full,butterfly,cuButterfly-temporal-r4-t128,0,1,1281,-1,,fp32,16,32,32,0,per-stage-twiddle,floating-complex,temporal-r4-t128,1,42,1024,10,40,0.625,1281,1.60125,1.0,register,2623488,0.4169921875,0,Tesla V100-SXM2-16GB,7.0,fft,bf16,forward,none,out-of-place,0,,,,0.000000,,temporal-tile,radix4,four-mul,table,direct-strided,,1,8,,,,,,0,,,shared,linear,scalar,0,named-barrier,128,0,0,8,8,0,0,0,0,0,0,8,256,1281,1,256,1000,100,0.318720,0.018217,0.288480,70319086.758125,72.006745,18001686210.080082,0.000000,-1,,,,,,,,,,,,
fwht-fp16-fp32-log15-online-r4-t256-b9,fwht-fp16-fp32-log15-b9,full,butterfly,cuButterfly-online-r4-t256,0,3,9,-1,,fp32,16,32,32,0,implicit-sign,floating-add,online-r4-t256,64,46,2048,5,40,0.625,576,1.44,1.0,register,1179648,0.1875,0,Tesla V100-SXM2-16GB,7.0,fwht,fp16,forward,none,out-of-place,0,,,,0.000000,,online-reorder,radix4,four-mul,table,direct-strided,,2,8x7,0x0,8x8,table,direct-strided,global-scratch,2,0x0,8x8,shared,linear,scalar,0,named-barrier,256,0,0,8,8,0,0,8,1,0,0,15,32768,9,1,32768,1000,100,0.140000,0.028559,0.142848,315133.105019,77.447112,10326281585.275904,0.000000,-1,,,,,,,,,,,,
structured-2x2-fp16-fp32-log15-hier-r4-t256-b1,structured-2x2-fp16-fp32-log15-b1,full,butterfly,cuButterfly-hier-r4-t256,0,2,1,-1,,fp32,16,32,32,0,broadcast,floating-fma,hier-r4-t256,64,44,2048,5,40,0.625,64,0.16,0.16,register,131072,0.020833333333333332,0,Tesla V100-SXM2-16GB,7.0,structured-2x2,fp16,forward,none,out-of-place,0,,,,0.000000,,hierarchical,radix4,four-mul,table,direct-strided,0.92387949999999996:-0.38268340000000001:0.38268340000000001:0.92387949999999996,1,15,,,,,,0,,,shared,linear,scalar,0,named-barrier,256,0,0,8,8,0,0,8,0,0,0,15,32768,1,1,32768,1000,100,0.028672,0.017449,0.031808,57310.006289,14.084507,1877934286.062773,0.000000,-1,,,,,,,,,,,,
structured-2x2-bf16-fp32-log8-temporal-r4-t128-b1280,structured-2x2-bf16-fp32-log8-b1280,full,butterfly,cuButterfly-temporal-r4-t128,0,3,1280,-1,,fp32,16,32,32,0,broadcast,floating-fma,temporal-r4-t128,1,38,512,12,48,0.75,1280,1.3333333333333333,1.0,register,1310720,0.20833333333333334,0,Tesla V100-SXM2-16GB,7.0,structured-2x2,bf16,forward,none,out-of-place,0,,,,0.000000,,temporal-tile,radix4,four-mul,table,direct-strided,0.92387949999999996:-0.38268340000000001:0.38268340000000001:0.92387949999999996,1,8,,,,,,0,,,shared,linear,scalar,0,named-barrier,128,0,0,8,8,0,0,0,0,0,0,8,256,1280,1,256,1000,100,0.150304,0.008643,0.156736,148104267.612139,151.658770,37914692508.707550,0.000000,-1,,,,,,,,,,,,
fft-bf16-native-log20-online-r2-t256-b1,fft-bf16-native-log20-b1,full,butterfly,cuButterfly-online-r2-t256,0,4,1,-1,,native,16,32,16,1,per-stage-twiddle,floating-complex,online-r2-t256,512,38,2048,6,48,0.75,512,1.0666666666666667,1.0,register,8388608,1.3333333333333333,0,Tesla V100-SXM2-16GB,7.0,fft,bf16,forward,none,out-of-place,0,,,,0.000000,,online-reorder,radix2,four-mul,table,direct-strided,,2,10x10,0x0,8x8,table,direct-strided,global-scratch,2,0x0,8x8,shared,linear,scalar,0,named-barrier,256,0,0,8,8,0,0,10,1,0,0,20,1048576,1,1,1048576,1000,100,0.744960,0.241347,0.707648,4143.419187,43.446899,4344689917.315685,0.000000,-1,,,,,,,,,,,,
fwht-fp16-fp32-log20-online-r2-t256-b2,fwht-fp16-fp32-log20-b2,full,butterfly,cuButterfly-online-r2-t256,0,4,2,-1,,fp32,16,32,32,0,implicit-sign,floating-add,online-r2-t256,512,36,1024,6,48,0.75,1024,2.1333333333333333,1.0,register,8388608,1.3333333333333333,0,Tesla V100-SXM2-16GB,7.0,fwht,fp16,forward,none,out-of-place,0,,,,0.000000,,online-reorder,radix2,four-mul,table,direct-strided,,2,10x10,0x0,8x8,table,direct-strided,global-scratch,2,0x0,8x8,shared,linear,scalar,0,named-barrier,256,0,0,8,8,0,0,10,1,0,0,20,1048576,2,1,1048576,1000,100,0.746784,0.173732,0.715648,11511.994008,120.712006,12071200628.609770,0.000000,-1,,,,,,,,,,,,
structured-2x2-fp16-fp32-log15-online-r2-t256-b1,structured-2x2-fp16-fp32-log15-b1,full,butterfly,cuButterfly-online-r2-t256,0,5,1,-1,,fp32,16,32,32,0,broadcast,floating-fma,online-r2-t256,64,36,1024,6,48,0.75,64,0.13333333333333333,0.13333333333333333,register,131072,0.020833333333333332,0,Tesla V100-SXM2-16GB,7.0,structured-2x2,fp16,forward,none,out-of-place,0,,,,0.000000,,online-reorder,radix2,four-mul,table,direct-strided,0.92387949999999996:-0.38268340000000001:0.38268340000000001:0.92387949999999996,2,8x7,0x0,8x8,table,direct-strided,global-scratch,2,0x0,8x8,shared,linear,scalar,0,named-barrier,256,0,0,8,8,0,0,8,1,0,0,15,32768,1,1,32768,1000,100,0.030720,0.009523,0.030432,105006.721851,25.806452,3440860261.597280,0.000000,-1,,,,,,,,,,,,
fft-fp16-native-log8-temporal-r4-t128-b801,fft-fp16-native-log8-b801,full,butterfly,cuButterfly-temporal-r4-t128,0,5,801,-1,,native,16,16,16,0,per-stage-twiddle,floating-complex,temporal-r4-t128,1,42,1024,10,40,0.625,801,1.00125,1.0,register,1640448,0.2607421875,0,Tesla V100-SXM2-16GB,7.0,fft,fp16,forward,none,out-of-place,0,,,,0.000000,,temporal-tile,radix4,four-mul,table,direct-strided,,1,8,,,,,,0,,,shared,linear,scalar,0,named-barrier,128,0,0,8,8,0,0,0,0,0,0,8,256,801,1,256,1000,100,0.204512,0.004731,0.201856,169313116.109898,173.376631,43344157724.133911,0.000000,-1,,,,,,,,,,,,
fft-bf16-native-log15-online-r4-t256-b8,fft-bf16-native-log15-b8,full,butterfly,cuButterfly-online-r4-t256,0,2,8,-1,,native,16,32,16,1,per-stage-twiddle,floating-complex,online-r4-t256,64,50,4096,4,32,0.5,512,1.6,1.0,register,2097152,0.3333333333333333,0,Tesla V100-SXM2-16GB,7.0,fft,bf16,forward,none,out-of-place,0,,,,0.000000,,online-reorder,radix4,four-mul,table,direct-strided,,2,8x7,0x0,8x8,table,direct-strided,global-scratch,2,0x0,8x8,shared,linear,scalar,0,named-barrier,256,0,0,8,8,0,0,8,1,0,0,15,32768,8,1,32768,1000,100,0.327552,0.067267,0.264128,118929.819962,29.228193,3897092340.510380,0.000000,-1,,,,,,,,,,,,
fwht-bf16-fp32-log15-hier-r4-t256-b1,fwht-bf16-fp32-log15-b1,full,butterfly,cuButterfly-hier-r4-t256,0,3,1,-1,,fp32,16,32,32,0,implicit-sign,floating-add,hier-r4-t256,64,44,2048,5,40,0.625,64,0.16,0.16,register,131072,0.020833333333333332,0,Tesla V100-SXM2-16GB,7.0,fwht,bf16,forward,none,out-of-place,0,,,,0.000000,,hierarchical,radix4,four-mul,table,direct-strided,,1,15,,,,,,0,,,shared,linear,scalar,0,named-barrier,256,0,0,8,8,0,0,8,0,0,0,15,32768,1,1,32768,1000,100,0.033792,0.017674,0.030400,56579.521193,13.904983,1853997750.440757,0.000000,-1,,,,,,,,,,,,
structured-2x2-bf16-fp32-log15-hier-r4-t256-b9,structured-2x2-bf16-fp32-log15-b9,full,butterfly,cuButterfly-hier-r4-t256,0,2,9,-1,,fp32,16,32,32,0,broadcast,floating-fma,hier-r4-t256,64,44,2048,5,40,0.625,576,1.44,1.0,register,1179648,0.1875,0,Tesla V100-SXM2-16GB,7.0,structured-2x2,bf16,forward,none,out-of-place,0,,,,0.000000,,hierarchical,radix4,four-mul,table,direct-strided,0.92387949999999996:-0.38268340000000001:0.38268340000000001:0.92387949999999996,1,15,,,,,,0,,,shared,linear,scalar,0,named-barrier,256,0,0,8,8,0,0,8,0,0,0,15,32768,9,1,32768,1000,100,0.140928,0.031549,0.140192,285266.563608,70.107111,9347614756.317049,0.000000,-1,,,,,,,,,,,,
fft-fp32-log15-online-r2-t256-b9,fft-fp32-log15-b9,full,butterfly,cuButterfly-online-r2-t256,0,5,9,-1,,native,32,32,32,0,per-stage-twiddle,floating-complex,online-r2-t256,64,38,4096,6,48,0.75,576,1.2,1.0,register,4718592,0.75,0,Tesla V100-SXM2-16GB,7.0,fft,fp32,forward,none,out-of-place,0,,,,0.000000,,online-reorder,radix2,four-mul,table,direct-strided,,2,8x7,0x0,8x8,table,direct-strided,global-scratch,2,0x0,8x8,shared,linear,scalar,0,named-barrier,256,0,0,8,8,0,0,8,1,0,0,15,32768,9,1,32768,1000,100,0.549280,0.043653,0.435264,206170.833445,50.668544,6755805870.336904,0.000000,-1,,,,,,,,,,,,
structured-2x2-fp64-log15-online-r2-t256-b7,structured-2x2-fp64-log15-b7,full,butterfly,cuButterfly-online-r2-t256,0,3,7,-1,,native,64,64,64,0,broadcast,floating-fma,online-r2-t256,64,38,4096,6,48,0.75,448,0.9333333333333333,0.9333333333333333,register,3670016,0.5833333333333334,0,Tesla V100-SXM2-16GB,7.0,structured-2x2,fp64,forward,none,out-of-place,0,,,,0.000000,,online-reorder,radix2,four-mul,table,direct-strided,0.92387949999999996:-0.38268340000000001:0.38268340000000001:0.92387949999999996,2,8x7,0x0,8x8,table,direct-strided,global-scratch,2,0x0,8x8,shared,linear,scalar,0,named-barrier,256,0,0,8,8,0,0,8,1,0,0,15,32768,7,1,32768,1000,100,0.402240,0.028785,0.343808,243185.253231,59.765208,7968694377.874048,0.000000,-1,,,,,,,,,,,,
structured-2x2-fp16-fp32-log15-hier-r4-t256-b1,structured-2x2-fp16-fp32-log15-b1,full,butterfly,cuButterfly-hier-r4-t256,0,3,1,-1,,fp32,16,32,32,0,broadcast,floating-fma,hier-r4-t256,64,44,2048,5,40,0.625,64,0.16,0.16,register,131072,0.020833333333333332,0,Tesla V100-SXM2-16GB,7.0,structured-2x2,fp16,forward,none,out-of-place,0,,,,0.000000,,hierarchical,radix4,four-mul,table,direct-strided,0.92387949999999996:-0.38268340000000001:0.38268340000000001:0.92387949999999996,1,15,,,,,,0,,,shared,linear,scalar,0,named-barrier,256,0,0,8,8,0,0,8,0,0,0,15,32768,1,1,32768,1000,100,0.030720,0.017398,0.032128,57478.665630,14.125957,1883460915.378448,0.000000,-1,,,,,,,,,,,,
fft-fp16-native-log8-temporal-r2-t128-b800,fft-fp16-native-log8-b800,full,butterfly,cuButterfly-temporal-r2-t128,0,5,800,-1,,native,16,16,16,0,per-stage-twiddle,floating-complex,temporal-r2-t128,1,32,1024,16,64,1.0,800,0.625,0.625,register+thread+warp,1638400,0.2604166666666667,0,Tesla V100-SXM2-16GB,7.0,fft,fp16,forward,none,out-of-place,0,,,,0.000000,,temporal-tile,radix2,four-mul,table,direct-strided,,1,8,,,,,,0,,,shared,linear,scalar,0,named-barrier,128,0,0,8,8,0,0,0,0,0,0,8,256,800,1,256,1000,100,0.202080,0.005448,0.202592,146851512.791522,150.375949,37593987274.629723,0.000000,-1,,,,,,,,,,,,
fwht-fp32-log8-temporal-r4-t128-b959,fwht-fp32-log8-b959,full,butterfly,cuButterfly-temporal-r4-t128,0,2,959,-1,,native,32,32,32,0,implicit-sign,floating-add,temporal-r4-t128,1,38,1024,12,48,0.75,959,0.9989583333333333,0.9989583333333333,register,1964032,0.3121744791666667,0,Tesla V100-SXM2-16GB,7.0,fwht,fp32,forward,none,out-of-place,0,,,,0.000000,,temporal-tile,radix4,four-mul,table,direct-strided,,1,8,,,,,,0,,,shared,linear,scalar,0,named-barrier,128,0,0,8,8,0,0,0,0,0,0,8,256,959,1,256,1000,100,0.280608,0.004229,0.258784,226761124.015659,232.203391,58050847748.008743,0.000000,-1,,,,,,,,,,,,
structured-2x2-fp64-log15-online-r4-t256-b5,structured-2x2-fp64-log15-b5,full,butterfly,cuButterfly-online-r4-t256,0,1,5,-1,,native,64,64,64,0,broadcast,floating-fma,online-r4-t256,64,50,8192,4,32,0.5,320,1.0,1.0,register,2621440,0.4166666666666667,0,Tesla V100-SXM2-16GB,7.0,structured-2x2,fp64,forward,none,out-of-place,0,,,,0.000000,,online-reorder,radix4,four-mul,table,direct-strided,0.92387949999999996:-0.38268340000000001:0.38268340000000001:0.92387949999999996,2,8x7,0x0,8x8,table,direct-strided,global-scratch,2,0x0,8x8,shared,linear,scalar,0,named-barrier,256,0,0,8,8,0,0,8,1,0,0,15,32768,5,1,32768,1000,100,0.319488,0.021514,0.286880,232404.225354,57.115662,7615421656.405955,0.000000,-1,,,,,,,,,,,,
fft-fp16-native-log15-hier-r4-t256-b4,fft-fp16-native-log15-b4,full,butterfly,cuButterfly-hier-r4-t256,0,4,4,-1,,native,16,16,16,0,per-stage-twiddle,floating-complex,hier-r4-t256,64,48,4096,5,40,0.625,256,0.64,0.64,register,1048576,0.16666666666666666,0,Tesla V100-SXM2-16GB,7.0,fft,fp16,forward,none,out-of-place,0,,,,0.000000,,hierarchical,radix4,four-mul,table,direct-strided,,1,15,,,,,,0,,,shared,linear,scalar,0,named-barrier,256,0,0,8,8,0,0,8,0,0,0,15,32768,4,1,32768,1000,100,0.138304,0.023081,0.129184,173303.017489,42.590950,5678793277.071954,0.000000,-1,,,,,,,,,,,,
subset-zeta-uint32-zeta-log15-online-r2-t256-b9,subset-zeta-uint32-zeta-log15-b9,full,butterfly,cuButterfly-online-r2-t256,0,2,9,-1,,native,32,32,32,0,implicit-unit,integer-add,online-r2-t256,64,36,2048,6,48,0.75,576,1.2,1.0,register,2359296,0.375,0,Tesla V100-SXM2-16GB,7.0,subset-zeta,uint32,forward,none,out-of-place,0,,,,0.000000,,online-reorder,radix2,four-mul,table,direct-strided,,2,8x7,0x0,8x8,table,direct-strided,global-scratch,2,0x0,8x8,shared,linear,scalar,0,named-barrier,256,0,0,8,8,0,0,8,1,0,0,15,32768,9,1,32768,1000,100,0.303872,0.028733,0.258976,313223.898020,76.977905,10263720690.333323,0.000000,-1,,,,,,,,,,,,
fwht-fp16-fp32-log8-temporal-r4-t128-b960,fwht-fp16-fp32-log8-b960,full,butterfly,cuButterfly-temporal-r4-t128,0,3,960,-1,,fp32,16,32,32,0,implicit-sign,floating-add,temporal-r4-t128,1,38,512,12,48,0.75,960,1.0,1.0,register,983040,0.15625,0,Tesla V100-SXM2-16GB,7.0,fwht,fp16,forward,none,out-of-place,0,,,,0.000000,,temporal-tile,radix4,four-mul,table,direct-strided,,1,8,,,,,,0,,,shared,linear,scalar,0,named-barrier,128,0,0,8,8,0,0,0,0,0,0,8,256,960,1,256,1000,100,0.142656,0.004342,0.126752,221108481.164290,226.415085,56603771178.058350,0.000000,-1,,,,,,,,,,,,
structured-2x2-bf16-fp32-log8-temporal-r2-t128-b1,structured-2x2-bf16-fp32-log8-b1,full,butterfly,cuButterfly-temporal-r2-t128,0,5,1,-1,,fp32,16,32,32,0,broadcast,floating-fma,temporal-r2-t128,1,30,512,16,64,1.0,1,0.00078125,0.00078125,register+thread+warp,1024,0.00016276041666666666,0,Tesla V100-SXM2-16GB,7.0,structured-2x2,bf16,forward,none,out-of-place,0,,,,0.000000,,temporal-tile,radix2,four-mul,table,direct-strided,0.92387949999999996:-0.38268340000000001:0.38268340000000001:0.92387949999999996,1,8,,,,,,0,,,shared,linear,scalar,0,named-barrier,128,0,0,8,8,0,0,0,0,0,0,8,256,1,1,256,1000,100,0.006144,0.003420,0.020448,292383.969040,0.299401,74850296.074278,0.000000,-1,,,,,,,,,,,,
fwht-fp32-log8-temporal-r4-t128-b1,fwht-fp32-log8-b1,full,butterfly,cuButterfly-temporal-r4-t128,0,5,1,-1,,native,32,32,32,0,implicit-sign,floating-add,temporal-r4-t128,1,38,1024,12,48,0.75,1,0.0010416666666666667,0.0010416666666666667,register,2048,0.0003255208333333333,0,Tesla V100-SXM2-16GB,7.0,fwht,fp32,forward,none,out-of-place,0,,,,0.000000,,temporal-tile,radix4,four-mul,table,direct-strided,,1,8,,,,,,0,,,shared,linear,scalar,0,named-barrier,128,0,0,8,8,0,0,0,0,0,0,8,256,1,1,256,1000,100,0.009216,0.002519,0.019200,396976.604636,0.406504,101626010.786939,0.000000,-1,,,,,,,,,,,,
structured-2x2-fp64-log15-online-r4-t256-b6,structured-2x2-fp64-log15-b6,full,butterfly,cuButterfly-online-r4-t256,0,1,6,-1,,native,64,64,64,0,broadcast,floating-fma,online-r4-t256,64,50,8192,4,32,0.5,384,1.2,1.0,register,3145728,0.5,0,Tesla V100-SXM2-16GB,7.0,structured-2x2,fp64,forward,none,out-of-place,0,,,,0.000000,,online-reorder,radix4,four-mul,table,direct-strided,0.92387949999999996:-0.38268340000000001:0.38268340000000001:0.92387949999999996,2,8x7,0x0,8x8,table,direct-strided,global-scratch,2,0x0,8x8,shared,linear,scalar,0,named-barrier,256,0,0,8,8,0,0,8,1,0,0,15,32768,6,1,32768,1000,100,0.368000,0.024453,0.332256,245367.459240,60.301507,8040200904.368005,0.000000,-1,,,,,,,,,,,,
fft-fp16-native-log15-online-r4-t256-b1,fft-fp16-native-log15-b1,full,butterfly,cuButterfly-online-r4-t256,0,5,1,-1,,native,16,16,16,0,per-stage-twiddle,floating-complex,online-r4-t256,64,50,4096,4,32,0.5,64,0.2,0.2,register,262144,0.041666666666666664,0,Tesla V100-SXM2-16GB,7.0,fft,fp16,forward,none,out-of-place,0,,,,0.000000,,online-reorder,radix4,four-mul,table,direct-strided,,2,8x7,0x0,8x8,table,direct-strided,global-scratch,2,0x0,8x8,shared,linear,scalar,0,named-barrier,256,0,0,8,8,0,0,8,1,0,0,15,32768,1,1,32768,1000,100,0.034240,0.010117,0.044640,98842.366329,24.291500,3238866659.857607,0.000000,-1,,,,,,,,,,,,
fwht-bf16-fp32-log15-online-r4-t256-b1,fwht-bf16-fp32-log15-b1,full,butterfly,cuButterfly-online-r4-t256,0,1,1,-1,,fp32,16,32,32,0,implicit-sign,floating-add,online-r4-t256,64,46,2048,5,40,0.625,64,0.16,0.16,register,131072,0.020833333333333332,0,Tesla V100-SXM2-16GB,7.0,fwht,bf16,forward,none,out-of-place,0,,,,0.000000,,online-reorder,radix4,four-mul,table,direct-strided,,2,8x7,0x0,8x8,table,direct-strided,global-scratch,2,0x0,8x8,shared,linear,scalar,0,named-barrier,256,0,0,8,8,0,0,8,1,0,0,15,32768,1,1,32768,1000,100,0.030720,0.010916,0.031360,91609.990245,22.514071,3001876160.337943,0.000000,-1,,,,,,,,,,,,
fwht-fp64-log15-hier-r4-t256-b6,fwht-fp64-log15-b6,full,butterfly,cuButterfly-hier-r4-t256,0,3,6,-1,,native,64,64,64,0,implicit-sign,floating-add,hier-r4-t256,64,48,8192,5,40,0.625,384,0.96,0.96,register,3145728,0.5,0,Tesla V100-SXM2-16GB,7.0,fwht,fp64,forward,none,out-of-place,0,,,,0.000000,,hierarchical,radix4,four-mul,table,direct-strided,,1,15,,,,,,0,,,shared,linear,scalar,0,named-barrier,256,0,0,8,8,0,0,8,0,0,0,15,32768,6,1,32768,1000,100,0.361664,0.030167,0.283520,198892.557314,48.879835,6517311318.077327,0.000000,-1,,,,,,,,,,,,
fft-fp16-native-log15-online-r2-t256-b6,fft-fp16-native-log15-b6,full,butterfly,cuButterfly-online-r2-t256,0,1,6,-1,,native,16,16,16,0,per-stage-twiddle,floating-complex,online-r2-t256,64,38,2048,6,48,0.75,384,0.8,0.8,register,1572864,0.25,0,Tesla V100-SXM2-16GB,7.0,fft,fp16,forward,none,out-of-place,0,,,,0.000000,,online-reorder,radix2,four-mul,table,direct-strided,,2,8x7,0x0,8x8,table,direct-strided,global-scratch,2,0x0,8x8,shared,linear,scalar,0,named-barrier,256,0,0,8,8,0,0,8,1,0,0,15,32768,6,1,32768,1000,100,0.232608,0.033915,0.187104,176913.501779,43.478262,5797101626.287297,0.000000,-1,,,,,,,,,,,,
structured-2x2-bf16-fp32-log15-online-r2-t256-b9,structured-2x2-bf16-fp32-log15-b9,full,butterfly,cuButterfly-online-r2-t256,0,1,9,-1,,fp32,16,32,32,0,broadcast,floating-fma,online-r2-t256,64,36,1024,6,48,0.75,576,1.2,1.0,register,1179648,0.1875,0,Tesla V100-SXM2-16GB,7.0,structured-2x2,bf16,forward,none,out-of-place,0,,,,0.000000,,online-reorder,radix2,four-mul,table,direct-strided,0.92387949999999996:-0.38268340000000001:0.38268340000000001:0.92387949999999996,2,8x7,0x0,8x8,table,direct-strided,global-scratch,2,0x0,8x8,shared,linear,scalar,0,named-barrier,256,0,0,8,8,0,0,8,1,0,0,15,32768,9,1,32768,1000,100,0.141920,0.042312,0.142080,212707.226257,52.274928,6969990389.984113,0.000000,-1,,,,,,,,,,,,
fwht-bf16-fp32-log8-temporal-r4-t128-b1,fwht-bf16-fp32-log8-b1,full,butterfly,cuButterfly-temporal-r4-t128,0,1,1,-1,,fp32,16,32,32,0,implicit-sign,floating-add,temporal-r4-t128,1,38,512,12,48,0.75,1,0.0010416666666666667,0.0010416666666666667,register,1024,0.00016276041666666666,0,Tesla V100-SXM2-16GB,7.0,fwht,bf16,forward,none,out-of-place,0,,,,0.000000,,temporal-tile,radix4,four-mul,table,direct-strided,,1,8,,,,,,0,,,shared,linear,scalar,0,named-barrier,128,0,0,8,8,0,0,0,0,0,0,8,256,1,1,256,1000,100,0.008192,0.003389,0.018496,295034.007204,0.302115,75528705.844321,0.000000,-1,,,,,,,,,,,,
structured-2x2-bf16-fp32-log15-online-r2-t256-b9,structured-2x2-bf16-fp32-log15-b9,full,butterfly,cuButterfly-online-r2-t256,0,2,9,-1,,fp32,16,32,32,0,broadcast,floating-fma,online-r2-t256,64,36,1024,6,48,0.75,576,1.2,1.0,register,1179648,0.1875,0,Tesla V100-SXM2-16GB,7.0,structured-2x2,bf16,forward,none,out-of-place,0,,,,0.000000,,online-reorder,radix2,four-mul,table,direct-strided,0.92387949999999996:-0.38268340000000001:0.38268340000000001:0.92387949999999996,2,8x7,0x0,8x8,table,direct-strided,global-scratch,2,0x0,8x8,shared,linear,scalar,0,named-barrier,256,0,0,8,8,0,0,8,1,0,0,15,32768,9,1,32768,1000,100,0.137664,0.042353,0.152448,212501.515443,52.224372,6963249658.048632,0.000000,-1,,,,,,,,,,,,
fwht-bf16-fp32-log8-temporal-r2-t128-b1,fwht-bf16-fp32-log8-b1,full,butterfly,cuButterfly-temporal-r2-t128,0,5,1,-1,,fp32,16,32,32,0,implicit-sign,floating-add,temporal-r2-t128,1,30,512,16,64,1.0,1,0.00078125,0.00078125,register+thread+warp,1024,0.00016276041666666666,0,Tesla V100-SXM2-16GB,7.0,fwht,bf16,forward,none,out-of-place,0,,,,0.000000,,temporal-tile,radix2,four-mul,table,direct-strided,,1,8,,,,,,0,,,shared,linear,scalar,0,named-barrier,128,0,0,8,8,0,0,0,0,0,0,8,256,1,1,256,1000,100,0.007168,0.003543,0.018272,282243.514330,0.289017,72254339.668429,0.000000,-1,,,,,,,,,,,,
fft-fp16-native-log15-online-r2-t256-b5,fft-fp16-native-log15-b5,full,butterfly,cuButterfly-online-r2-t256,0,4,5,-1,,native,16,16,16,0,per-stage-twiddle,floating-complex,online-r2-t256,64,38,2048,6,48,0.75,320,0.6666666666666666,0.6666666666666666,register,1310720,0.20833333333333334,0,Tesla V100-SXM2-16GB,7.0,fft,fp16,forward,none,out-of-place,0,,,,0.000000,,online-reorder,radix2,four-mul,table,direct-strided,,2,8x7,0x0,8x8,table,direct-strided,global-scratch,2,0x0,8x8,shared,linear,scalar,0,named-barrier,256,0,0,8,8,0,0,8,1,0,0,15,32768,5,1,32768,1000,100,0.181440,0.029092,0.155872,171869.496573,42.238647,5631819663.696334,0.000000,-1,,,,,,,,,,,,
structured-2x2-fp64-log20-online-r2-t256-b2,structured-2x2-fp64-log20-b2,full,butterfly,cuButterfly-online-r2-t256,0,5,2,-1,,native,64,64,64,0,broadcast,floating-fma,online-r2-t256,512,38,4096,6,48,0.75,1024,2.1333333333333333,1.0,register,33554432,5.333333333333333,0,Tesla V100-SXM2-16GB,7.0,structured-2x2,fp64,forward,none,out-of-place,0,,,,0.000000,,online-reorder,radix2,four-mul,table,direct-strided,0.92387949999999996:-0.38268340000000001:0.38268340000000001:0.92387949999999996,2,10x10,0x0,8x8,table,direct-strided,global-scratch,2,0x0,8x8,shared,linear,scalar,0,named-barrier,256,0,0,8,8,0,0,10,1,0,0,20,1048576,2,1,1048576,1000,100,2.791392,0.221911,2.618560,9012.620434,94.504175,9450417484.062998,0.000000,-1,,,,,,,,,,,,
fft-fp16-fp32-log8-temporal-r4-t128-b799,fft-fp16-fp32-log8-b799,full,butterfly,cuButterfly-temporal-r4-t128,0,4,799,-1,,fp32,16,32,32,0,per-stage-twiddle,floating-complex,temporal-r4-t128,1,42,1024,10,40,0.625,799,0.99875,0.99875,register,1636352,0.2600911458333333,0,Tesla V100-SXM2-16GB,7.0,fft,fp16,forward,none,out-of-place,0,,,,0.000000,,temporal-tile,radix4,four-mul,table,direct-strided,,1,8,,,,,,0,,,shared,linear,scalar,0,named-barrier,128,0,0,8,8,0,0,0,0,0,0,8,256,799,1,256,1000,100,0.192800,0.006205,0.214752,128757992.297360,131.848184,32962046028.124249,0.000000,-1,,,,,,,,,,,,
structured-2x2-bf16-fp32-log15-online-r2-t256-b9,structured-2x2-bf16-fp32-log15-b9,full,butterfly,cuButterfly-online-r2-t256,0,4,9,-1,,fp32,16,32,32,0,broadcast,floating-fma,online-r2-t256,64,36,1024,6,48,0.75,576,1.2,1.0,register,1179648,0.1875,0,Tesla V100-SXM2-16GB,7.0,structured-2x2,bf16,forward,none,out-of-place,0,,,,0.000000,,online-reorder,radix2,four-mul,table,direct-strided,0.92387949999999996:-0.38268340000000001:0.38268340000000001:0.92387949999999996,2,8x7,0x0,8x8,table,direct-strided,global-scratch,2,0x0,8x8,shared,linear,scalar,0,named-barrier,256,0,0,8,8,0,0,8,1,0,0,15,32768,9,1,32768,1000,100,0.137920,0.036229,0.156544,248418.960266,61.051444,8140192489.997306,0.000000,-1,,,,,,,,,,,,
fwht-fp16-fp32-log8-temporal-r4-t128-b960,fwht-fp16-fp32-log8-b960,full,butterfly,cuButterfly-temporal-r4-t128,0,2,960,-1,,fp32,16,32,32,0,implicit-sign,floating-add,temporal-r4-t128,1,38,512,12,48,0.75,960,1.0,1.0,register,983040,0.15625,0,Tesla V100-SXM2-16GB,7.0,fwht,fp16,forward,none,out-of-place,0,,,,0.000000,,temporal-tile,radix4,four-mul,table,direct-strided,,1,8,,,,,,0,,,shared,linear,scalar,0,named-barrier,128,0,0,8,8,0,0,0,0,0,0,8,256,960,1,256,1000,100,0.141152,0.004352,0.138272,220588231.425524,225.882349,56470587244.934090,0.000000,-1,,,,,,,,,,,,
fft-bf16-native-log15-online-r4-t256-b9,fft-bf16-native-log15-b9,full,butterfly,cuButterfly-online-r4-t256,0,3,9,-1,,native,16,32,16,1,per-stage-twiddle,floating-complex,online-r4-t256,64,50,4096,4,32,0.5,576,1.8,1.0,register,2359296,0.375,0,Tesla V100-SXM2-16GB,7.0,fft,bf16,forward,none,out-of-place,0,,,,0.000000,,online-reorder,radix4,four-mul,table,direct-strided,,2,8x7,0x0,8x8,table,direct-strided,global-scratch,2,0x0,8x8,shared,linear,scalar,0,named-barrier,256,0,0,8,8,0,0,8,1,0,0,15,32768,9,1,32768,1000,100,0.352512,0.073216,0.248384,122923.953216,30.209791,4027972098.985182,0.000000,-1,,,,,,,,,,,,
fft-fp64-log8-temporal-r2-t128-b720,fft-fp64-log8-b720,full,butterfly,cuButterfly-temporal-r2-t128,0,3,720,-1,,native,64,64,64,0,per-stage-twiddle,floating-complex,temporal-r2-t128,1,36,4096,12,48,0.75,720,0.75,0.75,register,5898240,0.9375,0,Tesla V100-SXM2-16GB,7.0,fft,fp64,forward,none,out-of-place,0,,,,0.000000,,temporal-tile,radix2,four-mul,table,direct-strided,,1,8,,,,,,0,,,shared,linear,scalar,0,named-barrier,128,0,0,8,8,0,0,0,0,0,0,8,256,720,1,256,1000,100,0.565280,0.010772,0.525952,66836979.059662,68.441067,17110266639.273470,0.000000,-1,,,,,,,,,,,,
fwht-fp32-log8-temporal-r2-t128-b959,fwht-fp32-log8-b959,full,butterfly,cuButterfly-temporal-r2-t128,0,3,959,-1,,native,32,32,32,0,implicit-sign,floating-add,temporal-r2-t128,1,30,1024,16,64,1.0,959,0.74921875,0.74921875,register+thread+warp,1964032,0.3121744791666667,0,Tesla V100-SXM2-16GB,7.0,fwht,fp32,forward,none,out-of-place,0,,,,0.000000,,temporal-tile,radix2,four-mul,table,direct-strided,,1,8,,,,,,0,,,shared,linear,scalar,0,named-barrier,128,0,0,8,8,0,0,0,0,0,0,8,256,959,1,256,1000,100,0.267584,0.004813,0.241440,199260311.655978,204.042559,51010639783.930374,0.000000,-1,,,,,,,,,,,,
structured-2x2-fp64-log15-online-r2-t256-b7,structured-2x2-fp64-log15-b7,full,butterfly,cuButterfly-online-r2-t256,0,5,7,-1,,native,64,64,64,0,broadcast,floating-fma,online-r2-t256,64,38,4096,6,48,0.75,448,0.9333333333333333,0.9333333333333333,register,3670016,0.5833333333333334,0,Tesla V100-SXM2-16GB,7.0,structured-2x2,fp64,forward,none,out-of-place,0,,,,0.000000,,online-reorder,radix2,four-mul,table,direct-strided,0.92387949999999996:-0.38268340000000001:0.38268340000000001:0.92387949999999996,2,8x7,0x0,8x8,table,direct-strided,global-scratch,2,0x0,8x8,shared,linear,scalar,0,named-barrier,256,0,0,8,8,0,0,8,1,0,0,15,32768,7,1,32768,1000,100,0.395904,0.028785,0.356704,243185.253231,59.765208,7968694377.874048,0.000000,-1,,,,,,,,,,,,
structured-2x2-fp64-log15-hier-r4-t256-b5,structured-2x2-fp64-log15-b5,full,butterfly,cuButterfly-hier-r4-t256,0,3,5,-1,,native,64,64,64,0,broadcast,floating-fma,hier-r4-t256,64,48,8192,5,40,0.625,320,0.8,0.8,register,2621440,0.4166666666666667,0,Tesla V100-SXM2-16GB,7.0,structured-2x2,fp64,forward,none,out-of-place,0,,,,0.000000,,hierarchical,radix4,four-mul,table,direct-strided,0.92387949999999996:-0.38268340000000001:0.38268340000000001:0.92387949999999996,1,15,,,,,,0,,,shared,linear,scalar,0,named-barrier,256,0,0,8,8,0,0,8,0,0,0,15,32768,5,1,32768,1000,100,0.329152,0.025016,0.284992,199869.533110,49.119936,6549324860.953406,0.000000,-1,,,,,,,,,,,,
fft-fp32-log15-hier-r4-t256-b9,fft-fp32-log15-b9,full,butterfly,cuButterfly-hier-r4-t256,0,5,9,-1,,native,32,32,32,0,per-stage-twiddle,floating-complex,hier-r4-t256,64,48,8192,5,40,0.625,576,1.44,1.0,register,4718592,0.75,0,Tesla V100-SXM2-16GB,7.0,fft,fp32,forward,none,out-of-place,0,,,,0.000000,,hierarchical,radix4,four-mul,table,direct-strided,,1,15,,,,,,0,,,shared,linear,scalar,0,named-barrier,256,0,0,8,8,0,0,8,0,0,0,15,32768,9,1,32768,1000,100,0.549632,0.042414,0.431904,212193.684866,52.148720,6953162665.683891,0.000000,-1,,,,,,,,,,,,
fft-fp16-native-log15-online-r2-t256-b5,fft-fp16-native-log15-b5,full,butterfly,cuButterfly-online-r2-t256,0,5,5,-1,,native,16,16,16,0,per-stage-twiddle,floating-complex,online-r2-t256,64,38,2048,6,48,0.75,320,0.6666666666666666,0.6666666666666666,register,1310720,0.20833333333333334,0,Tesla V100-SXM2-16GB,7.0,fft,fp16,forward,none,out-of-place,0,,,,0.000000,,online-reorder,radix2,four-mul,table,direct-strided,,2,8x7,0x0,8x8,table,direct-strided,global-scratch,2,0x0,8x8,shared,linear,scalar,0,named-barrier,256,0,0,8,8,0,0,8,1,0,0,15,32768,5,1,32768,1000,100,0.191648,0.024863,0.163200,201104.291316,49.423391,6589785417.855103,0.000000,-1,,,,,,,,,,,,
fft-fp32-log15-hier-r4-t256-b6,fft-fp32-log15-b6,full,butterfly,cuButterfly-hier-r4-t256,0,1,6,-1,,native,32,32,32,0,per-stage-twiddle,floating-complex,hier-r4-t256,64,48,8192,5,40,0.625,384,0.96,0.96,register,3145728,0.5,0,Tesla V100-SXM2-16GB,7.0,fft,fp32,forward,none,out-of-place,0,,,,0.000000,,hierarchical,radix4,four-mul,table,direct-strided,,1,15,,,,,,0,,,shared,linear,scalar,0,named-barrier,256,0,0,8,8,0,0,8,0,0,0,15,32768,6,1,32768,1000,100,0.420512,0.031365,0.326592,191295.305309,47.012734,6268364564.356833,0.000000,-1,,,,,,,,,,,,
fwht-fp16-native-log8-temporal-r4-t128-b960,fwht-fp16-native-log8-b960,full,butterfly,cuButterfly-temporal-r4-t128,0,3,960,-1,,native,16,16,16,0,implicit-sign,floating-add,temporal-r4-t128,1,38,512,12,48,0.75,960,1.0,1.0,register,983040,0.15625,0,Tesla V100-SXM2-16GB,7.0,fwht,fp16,forward,none,out-of-place,0,,,,0.000000,,temporal-tile,radix4,four-mul,table,direct-strided,,1,8,,,,,,0,,,shared,linear,scalar,0,named-barrier,128,0,0,8,8,0,0,0,0,0,0,8,256,960,1,256,1000,100,0.135616,0.004106,0.139296,233790530.445223,239.401503,59850375793.976990,0.000000,-1,,,,,,,,,,,,
fft-fp16-native-log8-temporal-r4-t128-b799,fft-fp16-native-log8-b799,full,butterfly,cuButterfly-temporal-r4-t128,0,1,799,-1,,native,16,16,16,0,per-stage-twiddle,floating-complex,temporal-r4-t128,1,42,1024,10,40,0.625,799,0.99875,0.99875,register,1636352,0.2600911458333333,0,Tesla V100-SXM2-16GB,7.0,fft,fp16,forward,none,out-of-place,0,,,,0.000000,,temporal-tile,radix4,four-mul,table,direct-strided,,1,8,,,,,,0,,,shared,linear,scalar,0,named-barrier,128,0,0,8,8,0,0,0,0,0,0,8,256,799,1,256,1000,100,0.201344,0.004710,0.209568,169624659.915909,173.695652,43423912938.472786,0.000000,-1,,,,,,,,,,,,
fwht-fp64-log15-online-r4-t256-b7,fwht-fp64-log15-b7,full,butterfly,cuButterfly-online-r4-t256,0,2,7,-1,,native,64,64,64,0,implicit-sign,floating-add,online-r4-t256,64,50,8192,4,32,0.5,448,1.4,1.0,register,3670016,0.5833333333333334,0,Tesla V100-SXM2-16GB,7.0,fwht,fp64,forward,none,out-of-place,0,,,,0.000000,,online-reorder,radix4,four-mul,table,direct-strided,,2,8x7,0x0,8x8,table,direct-strided,global-scratch,2,0x0,8x8,shared,linear,scalar,0,named-barrier,256,0,0,8,8,0,0,8,1,0,0,15,32768,7,1,32768,1000,100,0.404800,0.023194,0.366976,301807.399617,74.172187,9889624870.645920,0.000000,-1,,,,,,,,,,,,
fft-fp16-fp32-log20-online-r2-t256-b1,fft-fp16-fp32-log20-b1,full,butterfly,cuButterfly-online-r2-t256,0,3,1,-1,,fp32,16,32,32,0,per-stage-twiddle,floating-complex,online-r2-t256,512,38,2048,6,48,0.75,512,1.0666666666666667,1.0,register,8388608,1.3333333333333333,0,Tesla V100-SXM2-16GB,7.0,fft,fp16,forward,none,out-of-place,0,,,,0.000000,,online-reorder,radix2,four-mul,table,direct-strided,,2,10x10,0x0,8x8,table,direct-strided,global-scratch,2,0x0,8x8,shared,linear,scalar,0,named-barrier,256,0,0,8,8,0,0,10,1,0,0,20,1048576,1,1,1048576,1000,100,0.743584,0.146668,0.737856,6818.141909,71.493400,7149339969.898882,0.000000,-1,,,,,,,,,,,,
fwht-fp32-log20-online-r4-t256-b1,fwht-fp32-log20-b1,full,butterfly,cuButterfly-online-r4-t256,0,1,1,-1,,native,32,32,32,0,implicit-sign,floating-add,online-r4-t256,512,46,4096,5,40,0.625,512,1.28,1.0,register,8388608,1.3333333333333333,0,Tesla V100-SXM2-16GB,7.0,fwht,fp32,forward,none,out-of-place,0,,,,0.000000,,online-reorder,radix4,four-mul,table,direct-strided,,2,10x10,0x0,8x8,table,direct-strided,global-scratch,2,0x0,8x8,shared,linear,scalar,0,named-barrier,256,0,0,8,8,0,0,10,1,0,0,20,1048576,1,1,1048576,1000,100,0.744032,0.089979,0.715104,11113.719905,116.535800,11653579963.113285,0.000000,-1,,,,,,,,,,,,
fwht-fp32-log15-online-r4-t256-b1,fwht-fp32-log15-b1,full,butterfly,cuButterfly-online-r4-t256,0,3,1,-1,,native,32,32,32,0,implicit-sign,floating-add,online-r4-t256,64,46,4096,5,40,0.625,64,0.16,0.16,register,262144,0.041666666666666664,0,Tesla V100-SXM2-16GB,7.0,fwht,fp32,forward,none,out-of-place,0,,,,0.000000,,online-reorder,radix4,four-mul,table,direct-strided,,2,8x7,0x0,8x8,table,direct-strided,global-scratch,2,0x0,8x8,shared,linear,scalar,0,named-barrier,256,0,0,8,8,0,0,8,1,0,0,15,32768,1,1,32768,1000,100,0.039200,0.007711,0.046816,129689.583761,31.872512,4249668280.667427,0.000000,-1,,,,,,,,,,,,
structured-2x2-fp16-native-log15-online-r4-t256-b7,structured-2x2-fp16-native-log15-b7,full,butterfly,cuButterfly-online-r4-t256,0,2,7,-1,,native,16,16,16,0,broadcast,floating-fma,online-r4-t256,64,46,2048,5,40,0.625,448,1.12,1.0,register,917504,0.14583333333333334,0,Tesla V100-SXM2-16GB,7.0,structured-2x2,fp16,forward,none,out-of-place,0,,,,0.000000,,online-reorder,radix4,four-mul,table,direct-strided,0.92387949999999996:-0.38268340000000001:0.38268340000000001:0.92387949999999996,2,8x7,0x0,8x8,table,direct-strided,global-scratch,2,0x0,8x8,shared,linear,scalar,0,named-barrier,256,0,0,8,8,0,0,8,1,0,0,15,32768,7,1,32768,1000,100,0.107776,0.024678,0.114656,283648.861377,69.709544,9294605889.594286,0.000000,-1,,,,,,,,,,,,
fft-fp32-log15-online-r4-t256-b7,fft-fp32-log15-b7,full,butterfly,cuButterfly-online-r4-t256,0,4,7,-1,,native,32,32,32,0,per-stage-twiddle,floating-complex,online-r4-t256,64,50,8192,4,32,0.5,448,1.4,1.0,register,3670016,0.5833333333333334,0,Tesla V100-SXM2-16GB,7.0,fft,fp32,forward,none,out-of-place,0,,,,0.000000,,online-reorder,radix4,four-mul,table,direct-strided,,2,8x7,0x0,8x8,table,direct-strided,global-scratch,2,0x0,8x8,shared,linear,scalar,0,named-barrier,256,0,0,8,8,0,0,8,1,0,0,15,32768,7,1,32768,1000,100,0.452192,0.032666,0.344000,214292.717257,52.664578,7021943759.064982,0.000000,-1,,,,,,,,,,,,
fwht-fp16-native-log8-temporal-r2-t128-b959,fwht-fp16-native-log8-b959,full,butterfly,cuButterfly-temporal-r2-t128,0,4,959,-1,,native,16,16,16,0,implicit-sign,floating-add,temporal-r2-t128,1,30,512,16,64,1.0,959,0.74921875,0.74921875,register+thread+warp,982016,0.15608723958333334,0,Tesla V100-SXM2-16GB,7.0,fwht,fp16,forward,none,out-of-place,0,,,,0.000000,,temporal-tile,radix2,four-mul,table,direct-strided,,1,8,,,,,,0,,,shared,linear,scalar,0,named-barrier,128,0,0,8,8,0,0,0,0,0,0,8,256,959,1,256,1000,100,0.134592,0.004547,0.124576,210928707.640974,215.990997,53997749156.089470,0.000000,-1,,,,,,,,,,,,
structured-2x2-bf16-fp32-log8-temporal-r4-t128-b1280,structured-2x2-bf16-fp32-log8-b1280,full,butterfly,cuButterfly-temporal-r4-t128,0,4,1280,-1,,fp32,16,32,32,0,broadcast,floating-fma,temporal-r4-t128,1,38,512,12,48,0.75,1280,1.3333333333333333,1.0,register,1310720,0.20833333333333334,0,Tesla V100-SXM2-16GB,7.0,structured-2x2,bf16,forward,none,out-of-place,0,,,,0.000000,,temporal-tile,radix4,four-mul,table,direct-strided,0.92387949999999996:-0.38268340000000001:0.38268340000000001:0.92387949999999996,1,8,,,,,,0,,,shared,linear,scalar,0,named-barrier,128,0,0,8,8,0,0,0,0,0,0,8,256,1280,1,256,1000,100,0.153312,0.008663,0.162880,147754143.008695,151.300242,37825060610.225815,0.000000,-1,,,,,,,,,,,,
fft-fp16-fp32-log8-temporal-r2-t128-b800,fft-fp16-fp32-log8-b800,full,butterfly,cuButterfly-temporal-r2-t128,0,3,800,-1,,fp32,16,32,32,0,per-stage-twiddle,floating-complex,temporal-r2-t128,1,32,1024,16,64,1.0,800,0.625,0.625,register+thread+warp,1638400,0.2604166666666667,0,Tesla V100-SXM2-16GB,7.0,fft,fp16,forward,none,out-of-place,0,,,,0.000000,,temporal-tile,radix2,four-mul,table,direct-strided,,1,8,,,,,,0,,,shared,linear,scalar,0,named-barrier,128,0,0,8,8,0,0,0,0,0,0,8,256,800,1,256,1000,100,0.216416,0.006369,0.200224,125602890.672379,128.617360,32154340012.129036,0.000000,-1,,,,,,,,,,,,
fft-bf16-native-log20-online-r2-t256-b2,fft-bf16-native-log20-b2,full,butterfly,cuButterfly-online-r2-t256,0,2,2,-1,,native,16,32,16,1,per-stage-twiddle,floating-complex,online-r2-t256,512,38,2048,6,48,0.75,1024,2.1333333333333333,1.0,register,16777216,2.6666666666666665,0,Tesla V100-SXM2-16GB,7.0,fft,bf16,forward,none,out-of-place,0,,,,0.000000,,online-reorder,radix2,four-mul,table,direct-strided,,2,10x10,0x0,8x8,table,direct-strided,global-scratch,2,0x0,8x8,shared,linear,scalar,0,named-barrier,256,0,0,8,8,0,0,10,1,0,0,20,1048576,2,1,1048576,1000,100,1.426304,0.443761,1.388992,4506.934255,47.258631,4725863093.370269,0.000000,-1,,,,,,,,,,,,
fwht-fp32-log20-hier-r4-t256-b2,fwht-fp32-log20-b2,full,butterfly,cuButterfly-hier-r4-t256,0,1,2,-1,,native,32,32,32,0,implicit-sign,floating-add,hier-r4-t256,512,44,4096,5,40,0.625,1024,2.56,1.0,register,16777216,2.6666666666666665,0,Tesla V100-SXM2-16GB,7.0,fwht,fp32,forward,none,out-of-place,0,,,,0.000000,,hierarchical,radix4,four-mul,table,direct-strided,,1,20,,,,,,0,,,shared,linear,scalar,0,named-barrier,256,0,0,8,8,0,0,10,0,0,0,20,1048576,2,1,1048576,1000,100,1.430016,0.257341,1.339744,7771.775759,81.492975,8149297537.895894,0.000000,-1,,,,,,,,,,,,
fwht-fp16-fp32-log20-hier-r4-t256-b2,fwht-fp16-fp32-log20-b2,full,butterfly,cuButterfly-hier-r4-t256,0,5,2,-1,,fp32,16,32,32,0,implicit-sign,floating-add,hier-r4-t256,512,44,2048,5,40,0.625,1024,2.56,1.0,register,8388608,1.3333333333333333,0,Tesla V100-SXM2-16GB,7.0,fwht,fp16,forward,none,out-of-place,0,,,,0.000000,,hierarchical,radix4,four-mul,table,direct-strided,,1,20,,,,,,0,,,shared,linear,scalar,0,named-barrier,256,0,0,8,8,0,0,10,0,0,0,20,1048576,2,1,1048576,1000,100,0.748512,0.143821,0.711456,13906.193666,145.817009,14581700929.232523,0.000000,-1,,,,,,,,,,,,
fft-bf16-native-log20-hier-r4-t256-b2,fft-bf16-native-log20-b2,full,butterfly,cuButterfly-hier-r4-t256,0,3,2,-1,,native,16,32,16,1,per-stage-twiddle,floating-complex,hier-r4-t256,512,48,4096,5,40,0.625,1024,2.56,1.0,register,16777216,2.6666666666666665,0,Tesla V100-SXM2-16GB,7.0,fft,bf16,forward,none,out-of-place,0,,,,0.000000,,hierarchical,radix4,four-mul,table,direct-strided,,1,20,,,,,,0,,,shared,linear,scalar,0,named-barrier,256,0,0,8,8,0,0,10,0,0,0,20,1048576,2,1,1048576,1000,100,1.417728,0.460759,1.359840,4340.663580,45.515157,4551515653.797663,0.000000,-1,,,,,,,,,,,,
fft-fp16-native-log15-hier-r4-t256-b5,fft-fp16-native-log15-b5,full,butterfly,cuButterfly-hier-r4-t256,0,5,5,-1,,native,16,16,16,0,per-stage-twiddle,floating-complex,hier-r4-t256,64,48,4096,5,40,0.625,320,0.8,0.8,register,1310720,0.20833333333333334,0,Tesla V100-SXM2-16GB,7.0,fft,fp16,forward,none,out-of-place,0,,,,0.000000,,hierarchical,radix4,four-mul,table,direct-strided,,1,15,,,,,,0,,,shared,linear,scalar,0,named-barrier,256,0,0,8,8,0,0,8,0,0,0,15,32768,5,1,32768,1000,100,0.196448,0.024023,0.183072,208133.531504,51.150897,6820119560.337996,0.000000,-1,,,,,,,,,,,,
structured-2x2-fp64-log15-hier-r4-t256-b6,structured-2x2-fp64-log15-b6,full,butterfly,cuButterfly-hier-r4-t256,0,1,6,-1,,native,64,64,64,0,broadcast,floating-fma,hier-r4-t256,64,48,8192,5,40,0.625,384,0.96,0.96,register,3145728,0.5,0,Tesla V100-SXM2-16GB,7.0,structured-2x2,fp64,forward,none,out-of-place,0,,,,0.000000,,hierarchical,radix4,four-mul,table,direct-strided,0.92387949999999996:-0.38268340000000001:0.38268340000000001:0.92387949999999996,1,15,,,,,,0,,,shared,linear,scalar,0,named-barrier,256,0,0,8,8,0,0,8,0,0,0,15,32768,6,1,32768,1000,100,0.368192,0.028385,0.320000,211377.166735,51.948052,6926406999.572091,0.000000,-1,,,,,,,,,,,,
structured-2x2-fp16-native-log8-temporal-r2-t128-b1,structured-2x2-fp16-native-log8-b1,full,butterfly,cuButterfly-temporal-r2-t128,0,5,1,-1,,native,16,16,16,0,broadcast,floating-fma,temporal-r2-t128,1,30,512,16,64,1.0,1,0.00078125,0.00078125,register+thread+warp,1024,0.00016276041666666666,0,Tesla V100-SXM2-16GB,7.0,structured-2x2,fp16,forward,none,out-of-place,0,,,,0.000000,,temporal-tile,radix2,four-mul,table,direct-strided,0.92387949999999996:-0.38268340000000001:0.38268340000000001:0.92387949999999996,1,8,,,,,,0,,,shared,linear,scalar,0,named-barrier,128,0,0,8,8,0,0,0,0,0,0,8,256,1,1,256,1000,100,0.006144,0.003154,0.018272,317065.752703,0.324675,81168832.692024,0.000000,-1,,,,,,,,,,,,
fwht-fp16-native-log8-temporal-r4-t128-b1,fwht-fp16-native-log8-b1,full,butterfly,cuButterfly-temporal-r4-t128,0,2,1,-1,,native,16,16,16,0,implicit-sign,floating-add,temporal-r4-t128,1,38,512,12,48,0.75,1,0.0010416666666666667,0.0010416666666666667,register,1024,0.00016276041666666666,0,Tesla V100-SXM2-16GB,7.0,fwht,fp16,forward,none,out-of-place,0,,,,0.000000,,temporal-tile,radix4,four-mul,table,direct-strided,,1,8,,,,,,0,,,shared,linear,scalar,0,named-barrier,128,0,0,8,8,0,0,0,0,0,0,8,256,1,1,256,1000,100,0.010240,0.002499,0.018720,400230.550953,0.409836,102459021.044087,0.000000,-1,,,,,,,,,,,,
structured-2x2-bf16-fp32-log8-temporal-r4-t128-b1,structured-2x2-bf16-fp32-log8-b1,full,butterfly,cuButterfly-temporal-r4-t128,0,4,1,-1,,fp32,16,32,32,0,broadcast,floating-fma,temporal-r4-t128,1,38,512,12,48,0.75,1,0.0010416666666666667,0.0010416666666666667,register,1024,0.00016276041666666666,0,Tesla V100-SXM2-16GB,7.0,structured-2x2,bf16,forward,none,out-of-place,0,,,,0.000000,,temporal-tile,radix4,four-mul,table,direct-strided,0.92387949999999996:-0.38268340000000001:0.38268340000000001:0.92387949999999996,1,8,,,,,,0,,,shared,linear,scalar,0,named-barrier,128,0,0,8,8,0,0,0,0,0,0,8,256,1,1,256,1000,100,0.007168,0.003236,0.019360,309038.765269,0.316456,79113923.908824,0.000000,-1,,,,,,,,,,,,
fft-fp64-log8-temporal-r2-t128-b1,fft-fp64-log8-b1,full,butterfly,cuButterfly-temporal-r2-t128,0,1,1,-1,,native,64,64,64,0,per-stage-twiddle,floating-complex,temporal-r2-t128,1,36,4096,12,48,0.75,1,0.0010416666666666667,0.0010416666666666667,register,8192,0.0013020833333333333,0,Tesla V100-SXM2-16GB,7.0,fft,fp64,forward,none,out-of-place,0,,,,0.000000,,temporal-tile,radix2,four-mul,table,direct-strided,,1,8,,,,,,0,,,shared,linear,scalar,0,named-barrier,128,0,0,8,8,0,0,0,0,0,0,8,256,1,1,256,1000,100,0.008192,0.004219,0.019744,237029.728114,0.242718,60679610.397202,0.000000,-1,,,,,,,,,,,,
fft-fp32-log15-online-r4-t256-b8,fft-fp32-log15-b8,full,butterfly,cuButterfly-online-r4-t256,0,2,8,-1,,native,32,32,32,0,per-stage-twiddle,floating-complex,online-r4-t256,64,50,8192,4,32,0.5,512,1.6,1.0,register,4194304,0.6666666666666666,0,Tesla V100-SXM2-16GB,7.0,fft,fp32,forward,none,out-of-place,0,,,,0.000000,,online-reorder,radix4,four-mul,table,direct-strided,,2,8x7,0x0,8x8,table,direct-strided,global-scratch,2,0x0,8x8,shared,linear,scalar,0,named-barrier,256,0,0,8,8,0,0,8,1,0,0,15,32768,8,1,32768,1000,100,0.506656,0.037335,0.407680,214275.907851,52.660447,7021392948.454352,0.000000,-1,,,,,,,,,,,,
fwht-fp16-fp32-log15-online-r4-t256-b9,fwht-fp16-fp32-log15-b9,full,butterfly,cuButterfly-online-r4-t256,0,4,9,-1,,fp32,16,32,32,0,implicit-sign,floating-add,online-r4-t256,64,46,2048,5,40,0.625,576,1.44,1.0,register,1179648,0.1875,0,Tesla V100-SXM2-16GB,7.0,fwht,fp16,forward,none,out-of-place,0,,,,0.000000,,online-reorder,radix4,four-mul,table,direct-strided,,2,8x7,0x0,8x8,table,direct-strided,global-scratch,2,0x0,8x8,shared,linear,scalar,0,named-barrier,256,0,0,8,8,0,0,8,1,0,0,15,32768,9,1,32768,1000,100,0.144480,0.028682,0.149632,313783.030991,77.115318,10282042359.513361,0.000000,-1,,,,,,,,,,,,
fwht-fp16-native-log15-online-r2-t256-b1,fwht-fp16-native-log15-b1,full,butterfly,cuButterfly-online-r2-t256,0,3,1,-1,,native,16,16,16,0,implicit-sign,floating-add,online-r2-t256,64,36,1024,6,48,0.75,64,0.13333333333333333,0.13333333333333333,register,131072,0.020833333333333332,0,Tesla V100-SXM2-16GB,7.0,fwht,fp16,forward,none,out-of-place,0,,,,0.000000,,online-reorder,radix2,four-mul,table,direct-strided,,2,8x7,0x0,8x8,table,direct-strided,global-scratch,2,0x0,8x8,shared,linear,scalar,0,named-barrier,256,0,0,8,8,0,0,8,1,0,0,15,32768,1,1,32768,1000,100,0.032768,0.008315,0.033440,120266.309888,29.556648,3940886442.406644,0.000000,-1,,,,,,,,,,,,
structured-2x2-fp64-log20-online-r2-t256-b1,structured-2x2-fp64-log20-b1,full,butterfly,cuButterfly-online-r2-t256,0,2,1,-1,,native,64,64,64,0,broadcast,floating-fma,online-r2-t256,512,38,4096,6,48,0.75,512,1.0666666666666667,1.0,register,16777216,2.6666666666666665,0,Tesla V100-SXM2-16GB,7.0,structured-2x2,fp64,forward,none,out-of-place,0,,,,0.000000,,online-reorder,radix2,four-mul,table,direct-strided,0.92387949999999996:-0.38268340000000001:0.38268340000000001:0.92387949999999996,2,10x10,0x0,8x8,table,direct-strided,global-scratch,2,0x0,8x8,shared,linear,scalar,0,named-barrier,256,0,0,8,8,0,0,10,1,0,0,20,1048576,1,1,1048576,1000,100,1.431680,0.117821,1.365024,8487.420137,88.997051,8899705057.178370,0.000000,-1,,,,,,,,,,,,
fft-bf16-native-log15-online-r4-t256-b1,fft-bf16-native-log15-b1,full,butterfly,cuButterfly-online-r4-t256,0,1,1,-1,,native,16,32,16,1,per-stage-twiddle,floating-complex,online-r4-t256,64,50,4096,4,32,0.5,64,0.2,0.2,register,262144,0.041666666666666664,0,Tesla V100-SXM2-16GB,7.0,fft,bf16,forward,none,out-of-place,0,,,,0.000000,,online-reorder,radix4,four-mul,table,direct-strided,,2,8x7,0x0,8x8,table,direct-strided,global-scratch,2,0x0,8x8,shared,linear,scalar,0,named-barrier,256,0,0,8,8,0,0,8,1,0,0,15,32768,1,1,32768,1000,100,0.036544,0.018104,0.050592,55235.434324,13.574660,1809954711.940297,0.000000,-1,,,,,,,,,,,,
fwht-bf16-fp32-log8-temporal-r2-t128-b1281,fwht-bf16-fp32-log8-b1281,full,butterfly,cuButterfly-temporal-r2-t128,0,4,1281,-1,,fp32,16,32,32,0,implicit-sign,floating-add,temporal-r2-t128,1,30,512,16,64,1.0,1281,1.00078125,1.0,register+thread+warp,1311744,0.20849609375,0,Tesla V100-SXM2-16GB,7.0,fwht,bf16,forward,none,out-of-place,0,,,,0.000000,,temporal-tile,radix2,four-mul,table,direct-strided,,1,8,,,,,,0,,,shared,linear,scalar,0,named-barrier,128,0,0,8,8,0,0,0,0,0,0,8,256,1281,1,256,1000,100,0.172640,0.008694,0.166208,147347058.298287,150.883388,37720846924.361542,0.000000,-1,,,,,,,,,,,,
fwht-fp32-log20-online-r2-t256-b2,fwht-fp32-log20-b2,full,butterfly,cuButterfly-online-r2-t256,0,2,2,-1,,native,32,32,32,0,implicit-sign,floating-add,online-r2-t256,512,36,2048,6,48,0.75,1024,2.1333333333333333,1.0,register,16777216,2.6666666666666665,0,Tesla V100-SXM2-16GB,7.0,fwht,fp32,forward,none,out-of-place,0,,,,0.000000,,online-reorder,radix2,four-mul,table,direct-strided,,2,10x10,0x0,8x8,table,direct-strided,global-scratch,2,0x0,8x8,shared,linear,scalar,0,named-barrier,256,0,0,8,8,0,0,10,1,0,0,20,1048576,2,1,1048576,1000,100,1.431872,0.170516,1.352064,11729.071856,122.988233,12298823250.183102,0.000000,-1,,,,,,,,,,,,
fft-fp16-fp32-log20-online-r2-t256-b2,fft-fp16-fp32-log20-b2,full,butterfly,cuButterfly-online-r2-t256,0,4,2,-1,,fp32,16,32,32,0,per-stage-twiddle,floating-complex,online-r2-t256,512,38,2048,6,48,0.75,1024,2.1333333333333333,1.0,register,16777216,2.6666666666666665,0,Tesla V100-SXM2-16GB,7.0,fft,fp16,forward,none,out-of-place,0,,,,0.000000,,online-reorder,radix2,four-mul,table,direct-strided,,2,10x10,0x0,8x8,table,direct-strided,global-scratch,2,0x0,8x8,shared,linear,scalar,0,named-barrier,256,0,0,8,8,0,0,10,1,0,0,20,1048576,2,1,1048576,1000,100,1.422496,0.267909,1.377792,7465.217516,78.278479,7827847921.641365,0.000000,-1,,,,,,,,,,,,
fwht-fp32-log20-online-r2-t256-b2,fwht-fp32-log20-b2,full,butterfly,cuButterfly-online-r2-t256,0,1,2,-1,,native,32,32,32,0,implicit-sign,floating-add,online-r2-t256,512,36,2048,6,48,0.75,1024,2.1333333333333333,1.0,register,16777216,2.6666666666666665,0,Tesla V100-SXM2-16GB,7.0,fwht,fp32,forward,none,out-of-place,0,,,,0.000000,,online-reorder,radix2,four-mul,table,direct-strided,,2,10x10,0x0,8x8,table,direct-strided,global-scratch,2,0x0,8x8,shared,linear,scalar,0,named-barrier,256,0,0,8,8,0,0,10,1,0,0,20,1048576,2,1,1048576,1000,100,1.422208,0.170967,1.374784,11698.161069,122.664109,12266410940.931566,0.000000,-1,,,,,,,,,,,,
fft-fp64-log8-temporal-r4-t128-b720,fft-fp64-log8-b720,full,butterfly,cuButterfly-temporal-r4-t128,0,1,720,-1,,native,64,64,64,0,per-stage-twiddle,floating-complex,temporal-r4-t128,1,50,4096,9,36,0.5625,720,1.0,1.0,register,5898240,0.9375,0,Tesla V100-SXM2-16GB,7.0,fft,fp64,forward,none,out-of-place,0,,,,0.000000,,temporal-tile,radix4,four-mul,table,direct-strided,,1,8,,,,,,0,,,shared,linear,scalar,0,named-barrier,128,0,0,8,8,0,0,0,0,0,0,8,256,720,1,256,1000,100,0.553408,0.009452,0.512096,76178225.620122,78.006503,19501625758.751152,0.000000,-1,,,,,,,,,,,,
structured-2x2-fp32-log20-online-r2-t256-b2,structured-2x2-fp32-log20-b2,full,butterfly,cuButterfly-online-r2-t256,0,5,2,-1,,native,32,32,32,0,broadcast,floating-fma,online-r2-t256,512,36,2048,6,48,0.75,1024,2.1333333333333333,1.0,register,16777216,2.6666666666666665,0,Tesla V100-SXM2-16GB,7.0,structured-2x2,fp32,forward,none,out-of-place,0,,,,0.000000,,online-reorder,radix2,four-mul,table,direct-strided,0.92387949999999996:-0.38268340000000001:0.38268340000000001:0.92387949999999996,2,10x10,0x0,8x8,table,direct-strided,global-scratch,2,0x0,8x8,shared,linear,scalar,0,named-barrier,256,0,0,8,8,0,0,10,1,0,0,20,1048576,2,1,1048576,1000,100,1.429184,0.179139,1.371200,11164.541442,117.068702,11706870206.750311,0.000000,-1,,,,,,,,,,,,
fft-bf16-native-log20-online-r2-t256-b1,fft-bf16-native-log20-b1,full,butterfly,cuButterfly-online-r2-t256,0,2,1,-1,,native,16,32,16,1,per-stage-twiddle,floating-complex,online-r2-t256,512,38,2048,6,48,0.75,512,1.0666666666666667,1.0,register,8388608,1.3333333333333333,0,Tesla V100-SXM2-16GB,7.0,fft,bf16,forward,none,out-of-place,0,,,,0.000000,,online-reorder,radix2,four-mul,table,direct-strided,,2,10x10,0x0,8x8,table,direct-strided,global-scratch,2,0x0,8x8,shared,linear,scalar,0,named-barrier,256,0,0,8,8,0,0,10,1,0,0,20,1048576,1,1,1048576,1000,100,0.747968,0.240118,0.741856,4164.623251,43.669240,4366923989.694942,0.000000,-1,,,,,,,,,,,,
fwht-fp16-fp32-log15-hier-r4-t256-b8,fwht-fp16-fp32-log15-b8,full,butterfly,cuButterfly-hier-r4-t256,0,1,8,-1,,fp32,16,32,32,0,implicit-sign,floating-add,hier-r4-t256,64,44,2048,5,40,0.625,512,1.28,1.0,register,1048576,0.16666666666666666,0,Tesla V100-SXM2-16GB,7.0,fwht,fp16,forward,none,out-of-place,0,,,,0.000000,,hierarchical,radix4,four-mul,table,direct-strided,,1,15,,,,,,0,,,shared,linear,scalar,0,named-barrier,256,0,0,8,8,0,0,8,0,0,0,15,32768,8,1,32768,1000,100,0.125152,0.024105,0.129120,331881.899526,81.563296,10875106083.656202,0.000000,-1,,,,,,,,,,,,
fwht-fp64-log8-temporal-r2-t128-b1279,fwht-fp64-log8-b1279,full,butterfly,cuButterfly-temporal-r2-t128,0,2,1279,-1,,native,64,64,64,0,implicit-sign,floating-add,temporal-r2-t128,1,32,2048,16,64,1.0,1279,0.99921875,0.99921875,register+thread+warp,5238784,0.8326822916666666,0,Tesla V100-SXM2-16GB,7.0,fwht,fp64,forward,none,out-of-place,0,,,,0.000000,,temporal-tile,radix2,four-mul,table,direct-strided,,1,8,,,,,,0,,,shared,linear,scalar,0,named-barrier,128,0,0,8,8,0,0,0,0,0,0,8,256,1279,1,256,1000,100,0.518240,0.007639,0.453600,167429420.178945,171.447726,42861931565.809898,0.000000,-1,,,,,,,,,,,,
structured-2x2-fp32-log20-online-r2-t256-b1,structured-2x2-fp32-log20-b1,full,butterfly,cuButterfly-online-r2-t256,0,5,1,-1,,native,32,32,32,0,broadcast,floating-fma,online-r2-t256,512,36,2048,6,48,0.75,512,1.0666666666666667,1.0,register,8388608,1.3333333333333333,0,Tesla V100-SXM2-16GB,7.0,structured-2x2,fp32,forward,none,out-of-place,0,,,,0.000000,,online-reorder,radix2,four-mul,table,direct-strided,0.92387949999999996:-0.38268340000000001:0.38268340000000001:0.92387949999999996,2,10x10,0x0,8x8,table,direct-strided,global-scratch,2,0x0,8x8,shared,linear,scalar,0,named-barrier,256,0,0,8,8,0,0,10,1,0,0,20,1048576,1,1,1048576,1000,100,0.747200,0.100444,0.717760,9955.779627,104.393916,10439391578.621429,0.000000,-1,,,,,,,,,,,,
fwht-fp16-fp32-log15-online-r2-t256-b9,fwht-fp16-fp32-log15-b9,full,butterfly,cuButterfly-online-r2-t256,0,1,9,-1,,fp32,16,32,32,0,implicit-sign,floating-add,online-r2-t256,64,36,1024,6,48,0.75,576,1.2,1.0,register,1179648,0.1875,0,Tesla V100-SXM2-16GB,7.0,fwht,fp16,forward,none,out-of-place,0,,,,0.000000,,online-reorder,radix2,four-mul,table,direct-strided,,2,8x7,0x0,8x8,table,direct-strided,global-scratch,2,0x0,8x8,shared,linear,scalar,0,named-barrier,256,0,0,8,8,0,0,8,1,0,0,15,32768,9,1,32768,1000,100,0.136864,0.029266,0.143840,307524.913598,75.577323,10076976368.779524,0.000000,-1,,,,,,,,,,,,
fft-bf16-native-log15-online-r2-t256-b5,fft-bf16-native-log15-b5,full,butterfly,cuButterfly-online-r2-t256,0,5,5,-1,,native,16,32,16,1,per-stage-twiddle,floating-complex,online-r2-t256,64,38,2048,6,48,0.75,320,0.6666666666666666,0.6666666666666666,register,1310720,0.20833333333333334,0,Tesla V100-SXM2-16GB,7.0,fft,bf16,forward,none,out-of-place,0,,,,0.000000,,online-reorder,radix2,four-mul,table,direct-strided,,2,8x7,0x0,8x8,table,direct-strided,global-scratch,2,0x0,8x8,shared,linear,scalar,0,named-barrier,256,0,0,8,8,0,0,8,1,0,0,15,32768,5,1,32768,1000,100,0.193312,0.038502,0.163808,129862.038358,31.914895,4255319272.903472,0.000000,-1,,,,,,,,,,,,
fwht-fp64-log8-temporal-r2-t128-b1279,fwht-fp64-log8-b1279,full,butterfly,cuButterfly-temporal-r2-t128,0,5,1279,-1,,native,64,64,64,0,implicit-sign,floating-add,temporal-r2-t128,1,32,2048,16,64,1.0,1279,0.99921875,0.99921875,register+thread+warp,5238784,0.8326822916666666,0,Tesla V100-SXM2-16GB,7.0,fwht,fp64,forward,none,out-of-place,0,,,,0.000000,,temporal-tile,radix2,four-mul,table,direct-strided,,1,8,,,,,,0,,,shared,linear,scalar,0,named-barrier,128,0,0,8,8,0,0,0,0,0,0,8,256,1279,1,256,1000,100,0.507776,0.007629,0.442912,167654145.048894,171.677845,42919461132.516914,0.000000,-1,,,,,,,,,,,,
fft-fp16-native-log8-temporal-r4-t128-b799,fft-fp16-native-log8-b799,full,butterfly,cuButterfly-temporal-r4-t128,0,4,799,-1,,native,16,16,16,0,per-stage-twiddle,floating-complex,temporal-r4-t128,1,42,1024,10,40,0.625,799,0.99875,0.99875,register,1636352,0.2600911458333333,0,Tesla V100-SXM2-16GB,7.0,fft,fp16,forward,none,out-of-place,0,,,,0.000000,,temporal-tile,radix4,four-mul,table,direct-strided,,1,8,,,,,,0,,,shared,linear,scalar,0,named-barrier,128,0,0,8,8,0,0,0,0,0,0,8,256,799,1,256,1000,100,0.193728,0.004690,0.222496,170365388.000984,174.454157,43613539328.251945,0.000000,-1,,,,,,,,,,,,
fwht-fp32-log20-online-r4-t256-b1,fwht-fp32-log20-b1,full,butterfly,cuButterfly-online-r4-t256,0,2,1,-1,,native,32,32,32,0,implicit-sign,floating-add,online-r4-t256,512,46,4096,5,40,0.625,512,1.28,1.0,register,8388608,1.3333333333333333,0,Tesla V100-SXM2-16GB,7.0,fwht,fp32,forward,none,out-of-place,0,,,,0.000000,,online-reorder,radix4,four-mul,table,direct-strided,,2,10x10,0x0,8x8,table,direct-strided,global-scratch,2,0x0,8x8,shared,linear,scalar,0,named-barrier,256,0,0,8,8,0,0,10,1,0,0,20,1048576,1,1,1048576,1000,100,0.747776,0.090122,0.712288,11096.039576,116.350408,11635040794.494511,0.000000,-1,,,,,,,,,,,,
fwht-fp64-log15-online-r2-t256-b7,fwht-fp64-log15-b7,full,butterfly,cuButterfly-online-r2-t256,0,4,7,-1,,native,64,64,64,0,implicit-sign,floating-add,online-r2-t256,64,38,4096,6,48,0.75,448,0.9333333333333333,0.9333333333333333,register,3670016,0.5833333333333334,0,Tesla V100-SXM2-16GB,7.0,fwht,fp64,forward,none,out-of-place,0,,,,0.000000,,online-reorder,radix2,four-mul,table,direct-strided,,2,8x7,0x0,8x8,table,direct-strided,global-scratch,2,0x0,8x8,shared,linear,scalar,0,named-barrier,256,0,0,8,8,0,0,8,1,0,0,15,32768,7,1,32768,1000,100,0.398368,0.023900,0.339840,292885.061616,71.979433,9597257699.037066,0.000000,-1,,,,,,,,,,,,
fft-fp16-native-log8-temporal-r2-t128-b800,fft-fp16-native-log8-b800,full,butterfly,cuButterfly-temporal-r2-t128,0,3,800,-1,,native,16,16,16,0,per-stage-twiddle,floating-complex,temporal-r2-t128,1,32,1024,16,64,1.0,800,0.625,0.625,register+thread+warp,1638400,0.2604166666666667,0,Tesla V100-SXM2-16GB,7.0,fft,fp16,forward,none,out-of-place,0,,,,0.000000,,temporal-tile,radix2,four-mul,table,direct-strided,,1,8,,,,,,0,,,shared,linear,scalar,0,named-barrier,128,0,0,8,8,0,0,0,0,0,0,8,256,800,1,256,1000,100,0.203008,0.005448,0.199104,146851512.791522,150.375949,37593987274.629723,0.000000,-1,,,,,,,,,,,,
fwht-fp16-fp32-log20-online-r2-t256-b2,fwht-fp16-fp32-log20-b2,full,butterfly,cuButterfly-online-r2-t256,0,5,2,-1,,fp32,16,32,32,0,implicit-sign,floating-add,online-r2-t256,512,36,1024,6,48,0.75,1024,2.1333333333333333,1.0,register,8388608,1.3333333333333333,0,Tesla V100-SXM2-16GB,7.0,fwht,fp16,forward,none,out-of-place,0,,,,0.000000,,online-reorder,radix2,four-mul,table,direct-strided,,2,10x10,0x0,8x8,table,direct-strided,global-scratch,2,0x0,8x8,shared,linear,scalar,0,named-barrier,256,0,0,8,8,0,0,10,1,0,0,20,1048576,2,1,1048576,1000,100,0.747936,0.173681,0.714112,11515.387699,120.747592,12074759172.320114,0.000000,-1,,,,,,,,,,,,
fwht-fp16-native-log8-temporal-r4-t128-b960,fwht-fp16-native-log8-b960,full,butterfly,cuButterfly-temporal-r4-t128,0,2,960,-1,,native,16,16,16,0,implicit-sign,floating-add,temporal-r4-t128,1,38,512,12,48,0.75,960,1.0,1.0,register,983040,0.15625,0,Tesla V100-SXM2-16GB,7.0,fwht,fp16,forward,none,out-of-place,0,,,,0.000000,,temporal-tile,radix4,four-mul,table,direct-strided,,1,8,,,,,,0,,,shared,linear,scalar,0,named-barrier,128,0,0,8,8,0,0,0,0,0,0,8,256,960,1,256,1000,100,0.138400,0.004086,0.124512,234962400.382125,240.601498,60150374497.823883,0.000000,-1,,,,,,,,,,,,
fwht-bf16-native-log20-online-r4-t256-b2,fwht-bf16-native-log20-b2,full,butterfly,cuButterfly-online-r4-t256,0,4,2,-1,,native,16,32,16,1,implicit-sign,floating-add,online-r4-t256,512,46,2048,5,40,0.625,1024,2.56,1.0,register,8388608,1.3333333333333333,0,Tesla V100-SXM2-16GB,7.0,fwht,bf16,forward,none,out-of-place,0,,,,0.000000,,online-reorder,radix4,four-mul,table,direct-strided,,2,10x10,0x0,8x8,table,direct-strided,global-scratch,2,0x0,8x8,shared,linear,scalar,0,named-barrier,256,0,0,8,8,0,0,10,1,0,0,20,1048576,2,1,1048576,1000,100,0.762016,0.178637,0.732384,11195.901140,117.397532,11739753233.501219,0.000000,-1,,,,,,,,,,,,
structured-2x2-fp64-log15-online-r2-t256-b6,structured-2x2-fp64-log15-b6,full,butterfly,cuButterfly-online-r2-t256,0,5,6,-1,,native,64,64,64,0,broadcast,floating-fma,online-r2-t256,64,38,4096,6,48,0.75,384,0.8,0.8,register,3145728,0.5,0,Tesla V100-SXM2-16GB,7.0,structured-2x2,fp64,forward,none,out-of-place,0,,,,0.000000,,online-reorder,radix2,four-mul,table,direct-strided,0.92387949999999996:-0.38268340000000001:0.38268340000000001:0.92387949999999996,2,8x7,0x0,8x8,table,direct-strided,global-scratch,2,0x0,8x8,shared,linear,scalar,0,named-barrier,256,0,0,8,8,0,0,8,1,0,0,15,32768,6,1,32768,1000,100,0.349568,0.025764,0.345280,232884.526785,57.233701,7631160173.684271,0.000000,-1,,,,,,,,,,,,
fft-fp16-fp32-log20-online-r2-t256-b2,fft-fp16-fp32-log20-b2,full,butterfly,cuButterfly-online-r2-t256,0,1,2,-1,,fp32,16,32,32,0,per-stage-twiddle,floating-complex,online-r2-t256,512,38,2048,6,48,0.75,1024,2.1333333333333333,1.0,register,16777216,2.6666666666666665,0,Tesla V100-SXM2-16GB,7.0,fft,fp16,forward,none,out-of-place,0,,,,0.000000,,online-reorder,radix2,four-mul,table,direct-strided,,2,10x10,0x0,8x8,table,direct-strided,global-scratch,2,0x0,8x8,shared,linear,scalar,0,named-barrier,256,0,0,8,8,0,0,10,1,0,0,20,1048576,2,1,1048576,1000,100,1.430176,0.268206,1.345792,7456.952234,78.191811,7819181145.632597,0.000000,-1,,,,,,,,,,,,
fwht-fp32-log20-online-r4-t256-b1,fwht-fp32-log20-b1,full,butterfly,cuButterfly-online-r4-t256,0,5,1,-1,,native,32,32,32,0,implicit-sign,floating-add,online-r4-t256,512,46,4096,5,40,0.625,512,1.28,1.0,register,8388608,1.3333333333333333,0,Tesla V100-SXM2-16GB,7.0,fwht,fp32,forward,none,out-of-place,0,,,,0.000000,,online-reorder,radix4,four-mul,table,direct-strided,,2,10x10,0x0,8x8,table,direct-strided,global-scratch,2,0x0,8x8,shared,linear,scalar,0,named-barrier,256,0,0,8,8,0,0,10,1,0,0,20,1048576,1,1,1048576,1000,100,0.748000,0.090573,0.715680,11040.842678,115.771627,11577162652.440613,0.000000,-1,,,,,,,,,,,,
fft-fp16-fp32-log15-online-r2-t256-b7,fft-fp16-fp32-log15-b7,full,butterfly,cuButterfly-online-r2-t256,0,4,7,-1,,fp32,16,32,32,0,per-stage-twiddle,floating-complex,online-r2-t256,64,38,2048,6,48,0.75,448,0.9333333333333333,0.9333333333333333,register,1835008,0.2916666666666667,0,Tesla V100-SXM2-16GB,7.0,fft,fp16,forward,none,out-of-place,0,,,,0.000000,,online-reorder,radix2,four-mul,table,direct-strided,,2,8x7,0x0,8x8,table,direct-strided,global-scratch,2,0x0,8x8,shared,linear,scalar,0,named-barrier,256,0,0,8,8,0,0,8,1,0,0,15,32768,7,1,32768,1000,100,0.280736,0.034181,0.221728,204791.406611,50.329536,6710604811.815911,0.000000,-1,,,,,,,,,,,,
fft-fp32-log15-online-r4-t256-b9,fft-fp32-log15-b9,full,butterfly,cuButterfly-online-r4-t256,0,5,9,-1,,native,32,32,32,0,per-stage-twiddle,floating-complex,online-r4-t256,64,50,8192,4,32,0.5,576,1.8,1.0,register,4718592,0.75,0,Tesla V100-SXM2-16GB,7.0,fft,fp32,forward,none,out-of-place,0,,,,0.000000,,online-reorder,radix4,four-mul,table,direct-strided,,2,8x7,0x0,8x8,table,direct-strided,global-scratch,2,0x0,8x8,shared,linear,scalar,0,named-barrier,256,0,0,8,8,0,0,8,1,0,0,15,32768,9,1,32768,1000,100,0.551296,0.041544,0.433472,216639.463634,53.241315,7098841944.371292,0.000000,-1,,,,,,,,,,,,
structured-2x2-fp64-log15-hier-r4-t256-b6,structured-2x2-fp64-log15-b6,full,butterfly,cuButterfly-hier-r4-t256,0,3,6,-1,,native,64,64,64,0,broadcast,floating-fma,hier-r4-t256,64,48,8192,5,40,0.625,384,0.96,0.96,register,3145728,0.5,0,Tesla V100-SXM2-16GB,7.0,structured-2x2,fp64,forward,none,out-of-place,0,,,,0.000000,,hierarchical,radix4,four-mul,table,direct-strided,0.92387949999999996:-0.38268340000000001:0.38268340000000001:0.92387949999999996,1,15,,,,,,0,,,shared,linear,scalar,0,named-barrier,256,0,0,8,8,0,0,8,0,0,0,15,32768,6,1,32768,1000,100,0.375808,0.028334,0.285280,211759.116640,52.041921,6938922734.072832,0.000000,-1,,,,,,,,,,,,
fft-fp16-fp32-log20-online-r4-t256-b2,fft-fp16-fp32-log20-b2,full,butterfly,cuButterfly-online-r4-t256,0,4,2,-1,,fp32,16,32,32,0,per-stage-twiddle,floating-complex,online-r4-t256,512,50,4096,4,32,0.5,1024,3.2,1.0,register,16777216,2.6666666666666665,0,Tesla V100-SXM2-16GB,7.0,fft,fp16,forward,none,out-of-place,0,,,,0.000000,,online-reorder,radix4,four-mul,table,direct-strided,,2,10x10,0x0,8x8,table,direct-strided,global-scratch,2,0x0,8x8,shared,linear,scalar,0,named-barrier,256,0,0,8,8,0,0,10,1,0,0,20,1048576,2,1,1048576,1000,100,1.419712,0.240241,1.366368,8324.986373,87.293809,8729380910.941359,0.000000,-1,,,,,,,,,,,,
fwht-fp32-log20-online-r2-t256-b2,fwht-fp32-log20-b2,full,butterfly,cuButterfly-online-r2-t256,0,5,2,-1,,native,32,32,32,0,implicit-sign,floating-add,online-r2-t256,512,36,2048,6,48,0.75,1024,2.1333333333333333,1.0,register,16777216,2.6666666666666665,0,Tesla V100-SXM2-16GB,7.0,fwht,fp32,forward,none,out-of-place,0,,,,0.000000,,online-reorder,radix2,four-mul,table,direct-strided,,2,10x10,0x0,8x8,table,direct-strided,global-scratch,2,0x0,8x8,shared,linear,scalar,0,named-barrier,256,0,0,8,8,0,0,10,1,0,0,20,1048576,2,1,1048576,1000,100,1.421696,0.170742,1.370784,11713.595559,122.825952,12282595176.567245,0.000000,-1,,,,,,,,,,,,
structured-2x2-fp64-log20-online-r4-t256-b1,structured-2x2-fp64-log20-b1,full,butterfly,cuButterfly-online-r4-t256,0,2,1,-1,,native,64,64,64,0,broadcast,floating-fma,online-r4-t256,512,50,8192,4,32,0.5,512,1.6,1.0,register,16777216,2.6666666666666665,0,Tesla V100-SXM2-16GB,7.0,structured-2x2,fp64,forward,none,out-of-place,0,,,,0.000000,,online-reorder,radix4,four-mul,table,direct-strided,0.92387949999999996:-0.38268340000000001:0.38268340000000001:0.92387949999999996,2,10x10,0x0,8x8,table,direct-strided,global-scratch,2,0x0,8x8,shared,linear,scalar,0,named-barrier,256,0,0,8,8,0,0,10,1,0,0,20,1048576,1,1,1048576,1000,100,1.424928,0.107428,1.353792,9308.574409,97.607477,9760747719.307123,0.000000,-1,,,,,,,,,,,,
fft-fp32-log20-online-r4-t256-b1,fft-fp32-log20-b1,full,butterfly,cuButterfly-online-r4-t256,0,4,1,-1,,native,32,32,32,0,per-stage-twiddle,floating-complex,online-r4-t256,512,50,8192,4,32,0.5,512,1.6,1.0,register,16777216,2.6666666666666665,0,Tesla V100-SXM2-16GB,7.0,fft,fp32,forward,none,out-of-place,0,,,,0.000000,,online-reorder,radix4,four-mul,table,direct-strided,,2,10x10,0x0,8x8,table,direct-strided,global-scratch,2,0x0,8x8,shared,linear,scalar,0,named-barrier,256,0,0,8,8,0,0,10,1,0,0,20,1048576,1,1,1048576,1000,100,1.431488,0.165468,1.361312,6043.458887,63.370259,6337025946.308034,0.000000,-1,,,,,,,,,,,,
structured-2x2-fp16-fp32-log15-hier-r4-t256-b1,structured-2x2-fp16-fp32-log15-b1,full,butterfly,cuButterfly-hier-r4-t256,0,5,1,-1,,fp32,16,32,32,0,broadcast,floating-fma,hier-r4-t256,64,44,2048,5,40,0.625,64,0.16,0.16,register,131072,0.020833333333333332,0,Tesla V100-SXM2-16GB,7.0,structured-2x2,fp16,forward,none,out-of-place,0,,,,0.000000,,hierarchical,radix4,four-mul,table,direct-strided,0.92387949999999996:-0.38268340000000001:0.38268340000000001:0.92387949999999996,1,15,,,,,,0,,,shared,linear,scalar,0,named-barrier,256,0,0,8,8,0,0,8,0,0,0,15,32768,1,1,32768,1000,100,0.028672,0.017439,0.030976,57343.655252,14.092777,1879036895.299915,0.000000,-1,,,,,,,,,,,,
fft-bf16-native-log20-online-r4-t256-b1,fft-bf16-native-log20-b1,full,butterfly,cuButterfly-online-r4-t256,0,1,1,-1,,native,16,32,16,1,per-stage-twiddle,floating-complex,online-r4-t256,512,50,4096,4,32,0.5,512,1.6,1.0,register,8388608,1.3333333333333333,0,Tesla V100-SXM2-16GB,7.0,fft,bf16,forward,none,out-of-place,0,,,,0.000000,,online-reorder,radix4,four-mul,table,direct-strided,,2,10x10,0x0,8x8,table,direct-strided,global-scratch,2,0x0,8x8,shared,linear,scalar,0,named-barrier,256,0,0,8,8,0,0,10,1,0,0,20,1048576,1,1,1048576,1000,100,0.745536,0.215316,0.725344,4644.326141,48.699289,4869928927.504032,0.000000,-1,,,,,,,,,,,,
fft-fp64-log8-temporal-r4-t128-b719,fft-fp64-log8-b719,full,butterfly,cuButterfly-temporal-r4-t128,0,1,719,-1,,native,64,64,64,0,per-stage-twiddle,floating-complex,temporal-r4-t128,1,50,4096,9,36,0.5625,719,0.9986111111111111,0.9986111111111111,register,5890048,0.9361979166666666,0,Tesla V100-SXM2-16GB,7.0,fft,fp64,forward,none,out-of-place,0,,,,0.000000,,temporal-tile,radix4,four-mul,table,direct-strided,,1,8,,,,,,0,,,shared,linear,scalar,0,named-barrier,128,0,0,8,8,0,0,0,0,0,0,8,256,719,1,256,1000,100,0.552096,0.009441,0.519328,76154929.708586,77.982648,19495662005.397980,0.000000,-1,,,,,,,,,,,,
structured-2x2-bf16-native-log15-hier-r4-t256-b9,structured-2x2-bf16-native-log15-b9,full,butterfly,cuButterfly-hier-r4-t256,0,3,9,-1,,native,16,32,16,1,broadcast,floating-fma,hier-r4-t256,64,44,2048,5,40,0.625,576,1.44,1.0,register,1179648,0.1875,0,Tesla V100-SXM2-16GB,7.0,structured-2x2,bf16,forward,none,out-of-place,0,,,,0.000000,,hierarchical,radix4,four-mul,table,direct-strided,0.92387949999999996:-0.38268340000000001:0.38268340000000001:0.92387949999999996,1,15,,,,,,0,,,shared,linear,scalar,0,named-barrier,256,0,0,8,8,0,0,8,0,0,0,15,32768,9,1,32768,1000,100,0.136288,0.046756,0.160576,192489.326803,47.306177,6307490260.667800,0.000000,-1,,,,,,,,,,,,
fft-fp32-log15-hier-r4-t256-b6,fft-fp32-log15-b6,full,butterfly,cuButterfly-hier-r4-t256,0,5,6,-1,,native,32,32,32,0,per-stage-twiddle,floating-complex,hier-r4-t256,64,48,8192,5,40,0.625,384,0.96,0.96,register,3145728,0.5,0,Tesla V100-SXM2-16GB,7.0,fft,fp32,forward,none,out-of-place,0,,,,0.000000,,hierarchical,radix4,four-mul,table,direct-strided,,1,15,,,,,,0,,,shared,linear,scalar,0,named-barrier,256,0,0,8,8,0,0,8,0,0,0,15,32768,6,1,32768,1000,100,0.436992,0.031396,0.340736,191108.112870,46.966730,6262230642.536087,0.000000,-1,,,,,,,,,,,,
structured-2x2-fp32-log20-online-r4-t256-b2,structured-2x2-fp32-log20-b2,full,butterfly,cuButterfly-online-r4-t256,0,1,2,-1,,native,32,32,32,0,broadcast,floating-fma,online-r4-t256,512,46,4096,5,40,0.625,1024,2.56,1.0,register,16777216,2.6666666666666665,0,Tesla V100-SXM2-16GB,7.0,structured-2x2,fp32,forward,none,out-of-place,0,,,,0.000000,,online-reorder,radix4,four-mul,table,direct-strided,0.92387949999999996:-0.38268340000000001:0.38268340000000001:0.92387949999999996,2,10x10,0x0,8x8,table,direct-strided,global-scratch,2,0x0,8x8,shared,linear,scalar,0,named-barrier,256,0,0,8,8,0,0,10,1,0,0,20,1048576,2,1,1048576,1000,100,1.427712,0.174008,1.362688,11493.703961,120.520221,12052022124.198502,0.000000,-1,,,,,,,,,,,,
fft-fp32-log15-hier-r4-t256-b8,fft-fp32-log15-b8,full,butterfly,cuButterfly-hier-r4-t256,0,2,8,-1,,native,32,32,32,0,per-stage-twiddle,floating-complex,hier-r4-t256,64,48,8192,5,40,0.625,512,1.28,1.0,register,4194304,0.6666666666666666,0,Tesla V100-SXM2-16GB,7.0,fft,fp32,forward,none,out-of-place,0,,,,0.000000,,hierarchical,radix4,four-mul,table,direct-strided,,1,15,,,,,,0,,,shared,linear,scalar,0,named-barrier,256,0,0,8,8,0,0,8,0,0,0,15,32768,8,1,32768,1000,100,0.492960,0.037980,0.403104,210636.281191,51.765972,6902129662.077393,0.000000,-1,,,,,,,,,,,,
fwht-fp32-log8-temporal-r2-t128-b960,fwht-fp32-log8-b960,full,butterfly,cuButterfly-temporal-r2-t128,0,4,960,-1,,native,32,32,32,0,implicit-sign,floating-add,temporal-r2-t128,1,30,1024,16,64,1.0,960,0.75,0.75,register+thread+warp,1966080,0.3125,0,Tesla V100-SXM2-16GB,7.0,fwht,fp32,forward,none,out-of-place,0,,,,0.000000,,temporal-tile,radix2,four-mul,table,direct-strided,,1,8,,,,,,0,,,shared,linear,scalar,0,named-barrier,128,0,0,8,8,0,0,0,0,0,0,8,256,960,1,256,1000,100,0.264256,0.004813,0.233952,199468090.917350,204.255325,51063831274.841667,0.000000,-1,,,,,,,,,,,,
fft-fp32-log15-hier-r4-t256-b7,fft-fp32-log15-b7,full,butterfly,cuButterfly-hier-r4-t256,0,2,7,-1,,native,32,32,32,0,per-stage-twiddle,floating-complex,hier-r4-t256,64,48,8192,5,40,0.625,448,1.12,1.0,register,3670016,0.5833333333333334,0,Tesla V100-SXM2-16GB,7.0,fft,fp32,forward,none,out-of-place,0,,,,0.000000,,hierarchical,radix4,four-mul,table,direct-strided,,1,15,,,,,,0,,,shared,linear,scalar,0,named-barrier,256,0,0,8,8,0,0,8,0,0,0,15,32768,7,1,32768,1000,100,0.480832,0.033731,0.366688,207526.948765,51.001823,6800243057.132174,0.000000,-1,,,,,,,,,,,,
subset-zeta-uint32-zeta-log15-hier-r4-t256-b9,subset-zeta-uint32-zeta-log15-b9,full,butterfly,cuButterfly-hier-r4-t256,0,1,9,-1,,native,32,32,32,0,implicit-unit,integer-add,hier-r4-t256,64,44,4096,5,40,0.625,576,1.44,1.0,register,2359296,0.375,0,Tesla V100-SXM2-16GB,7.0,subset-zeta,uint32,forward,none,out-of-place,0,,,,0.000000,,hierarchical,radix4,four-mul,table,direct-strided,,1,15,,,,,,0,,,shared,linear,scalar,0,named-barrier,256,0,0,8,8,0,0,8,0,0,0,15,32768,9,1,32768,1000,100,0.304160,0.024596,0.262432,365906.033820,89.925067,11990008916.209711,0.000000,-1,,,,,,,,,,,,
subset-zeta-uint32-zeta-log8-temporal-r2-t128-b1279,subset-zeta-uint32-zeta-log8-b1279,full,butterfly,cuButterfly-temporal-r2-t128,0,5,1279,-1,,native,32,32,32,0,implicit-unit,integer-add,temporal-r2-t128,1,30,1024,16,64,1.0,1279,0.99921875,0.99921875,register+thread+warp,2619392,0.4163411458333333,0,Tesla V100-SXM2-16GB,7.0,subset-zeta,uint32,forward,none,out-of-place,0,,,,0.000000,,temporal-tile,radix2,four-mul,table,direct-strided,,1,8,,,,,,0,,,shared,linear,scalar,0,named-barrier,128,0,0,8,8,0,0,0,0,0,0,8,256,1279,1,256,1000,100,0.324896,0.005274,0.276512,242528817.806316,248.349509,62087377358.417023,0.000000,-1,,,,,,,,,,,,
fft-fp32-log15-hier-r4-t256-b6,fft-fp32-log15-b6,full,butterfly,cuButterfly-hier-r4-t256,0,3,6,-1,,native,32,32,32,0,per-stage-twiddle,floating-complex,hier-r4-t256,64,48,8192,5,40,0.625,384,0.96,0.96,register,3145728,0.5,0,Tesla V100-SXM2-16GB,7.0,fft,fp32,forward,none,out-of-place,0,,,,0.000000,,hierarchical,radix4,four-mul,table,direct-strided,,1,15,,,,,,0,,,shared,linear,scalar,0,named-barrier,256,0,0,8,8,0,0,8,0,0,0,15,32768,6,1,32768,1000,100,0.438720,0.031365,0.288416,191295.305309,47.012734,6268364564.356833,0.000000,-1,,,,,,,,,,,,
fwht-bf16-native-log8-temporal-r4-t128-b1,fwht-bf16-native-log8-b1,full,butterfly,cuButterfly-temporal-r4-t128,0,4,1,-1,,native,16,32,16,1,implicit-sign,floating-add,temporal-r4-t128,1,38,512,12,48,0.75,1,0.0010416666666666667,0.0010416666666666667,register,1024,0.00016276041666666666,0,Tesla V100-SXM2-16GB,7.0,fwht,bf16,forward,none,out-of-place,0,,,,0.000000,,temporal-tile,radix4,four-mul,table,direct-strided,,1,8,,,,,,0,,,shared,linear,scalar,0,named-barrier,128,0,0,8,8,0,0,0,0,0,0,8,256,1,1,256,1000,100,0.010240,0.002918,0.019872,342653.523989,0.350877,87719302.141174,0.000000,-1,,,,,,,,,,,,
fwht-fp16-fp32-log15-hier-r4-t256-b8,fwht-fp16-fp32-log15-b8,full,butterfly,cuButterfly-hier-r4-t256,0,4,8,-1,,fp32,16,32,32,0,implicit-sign,floating-add,hier-r4-t256,64,44,2048,5,40,0.625,512,1.28,1.0,register,1048576,0.16666666666666666,0,Tesla V100-SXM2-16GB,7.0,fwht,fp16,forward,none,out-of-place,0,,,,0.000000,,hierarchical,radix4,four-mul,table,direct-strided,,1,15,,,,,,0,,,shared,linear,scalar,0,named-barrier,256,0,0,8,8,0,0,8,0,0,0,15,32768,8,1,32768,1000,100,0.124064,0.024105,0.127680,331881.899526,81.563296,10875106083.656202,0.000000,-1,,,,,,,,,,,,
structured-2x2-bf16-fp32-log15-online-r2-t256-b9,structured-2x2-bf16-fp32-log15-b9,full,butterfly,cuButterfly-online-r2-t256,0,3,9,-1,,fp32,16,32,32,0,broadcast,floating-fma,online-r2-t256,64,36,1024,6,48,0.75,576,1.2,1.0,register,1179648,0.1875,0,Tesla V100-SXM2-16GB,7.0,structured-2x2,bf16,forward,none,out-of-place,0,,,,0.000000,,online-reorder,radix2,four-mul,table,direct-strided,0.92387949999999996:-0.38268340000000001:0.38268340000000001:0.92387949999999996,2,8x7,0x0,8x8,table,direct-strided,global-scratch,2,0x0,8x8,shared,linear,scalar,0,named-barrier,256,0,0,8,8,0,0,8,1,0,0,15,32768,9,1,32768,1000,100,0.135104,0.036260,0.144128,248208.478268,60.999716,8133295415.876854,0.000000,-1,,,,,,,,,,,,
fft-fp32-log15-hier-r4-t256-b8,fft-fp32-log15-b8,full,butterfly,cuButterfly-hier-r4-t256,0,4,8,-1,,native,32,32,32,0,per-stage-twiddle,floating-complex,hier-r4-t256,64,48,8192,5,40,0.625,512,1.28,1.0,register,4194304,0.6666666666666666,0,Tesla V100-SXM2-16GB,7.0,fft,fp32,forward,none,out-of-place,0,,,,0.000000,,hierarchical,radix4,four-mul,table,direct-strided,,1,15,,,,,,0,,,shared,linear,scalar,0,named-barrier,256,0,0,8,8,0,0,8,0,0,0,15,32768,8,1,32768,1000,100,0.507680,0.038031,0.406336,210352.708394,51.696282,6892837548.647336,0.000000,-1,,,,,,,,,,,,
fft-fp16-native-log15-online-r2-t256-b6,fft-fp16-native-log15-b6,full,butterfly,cuButterfly-online-r2-t256,0,4,6,-1,,native,16,16,16,0,per-stage-twiddle,floating-complex,online-r2-t256,64,38,2048,6,48,0.75,384,0.8,0.8,register,1572864,0.25,0,Tesla V100-SXM2-16GB,7.0,fft,fp16,forward,none,out-of-place,0,,,,0.000000,,online-reorder,radix2,four-mul,table,direct-strided,,2,8x7,0x0,8x8,table,direct-strided,global-scratch,2,0x0,8x8,shared,linear,scalar,0,named-barrier,256,0,0,8,8,0,0,8,1,0,0,15,32768,6,1,32768,1000,100,0.232704,0.029051,0.181856,206534.196874,50.757844,6767712563.151442,0.000000,-1,,,,,,,,,,,,
fwht-bf16-fp32-log8-temporal-r4-t128-b959,fwht-bf16-fp32-log8-b959,full,butterfly,cuButterfly-temporal-r4-t128,0,4,959,-1,,fp32,16,32,32,0,implicit-sign,floating-add,temporal-r4-t128,1,38,512,12,48,0.75,959,0.9989583333333333,0.9989583333333333,register,982016,0.15608723958333334,0,Tesla V100-SXM2-16GB,7.0,fwht,bf16,forward,none,out-of-place,0,,,,0.000000,,temporal-tile,radix4,four-mul,table,direct-strided,,1,8,,,,,,0,,,shared,linear,scalar,0,named-barrier,128,0,0,8,8,0,0,0,0,0,0,8,256,959,1,256,1000,100,0.137216,0.006728,0.135296,142545422.194979,145.966512,36491628081.914597,0.000000,-1,,,,,,,,,,,,
fwht-fp16-fp32-log20-online-r2-t256-b2,fwht-fp16-fp32-log20-b2,full,butterfly,cuButterfly-online-r2-t256,0,2,2,-1,,fp32,16,32,32,0,implicit-sign,floating-add,online-r2-t256,512,36,1024,6,48,0.75,1024,2.1333333333333333,1.0,register,8388608,1.3333333333333333,0,Tesla V100-SXM2-16GB,7.0,fwht,fp16,forward,none,out-of-place,0,,,,0.000000,,online-reorder,radix2,four-mul,table,direct-strided,,2,10x10,0x0,8x8,table,direct-strided,global-scratch,2,0x0,8x8,shared,linear,scalar,0,named-barrier,256,0,0,8,8,0,0,10,1,0,0,20,1048576,2,1,1048576,1000,100,0.746400,0.173701,0.716608,11514.031366,120.733370,12073336953.110968,0.000000,-1,,,,,,,,,,,,
structured-2x2-fp64-log15-online-r4-t256-b4,structured-2x2-fp64-log15-b4,full,butterfly,cuButterfly-online-r4-t256,0,1,4,-1,,native,64,64,64,0,broadcast,floating-fma,online-r4-t256,64,50,8192,4,32,0.5,256,0.8,0.8,register,2097152,0.3333333333333333,0,Tesla V100-SXM2-16GB,7.0,structured-2x2,fp64,forward,none,out-of-place,0,,,,0.000000,,online-reorder,radix4,four-mul,table,direct-strided,0.92387949999999996:-0.38268340000000001:0.38268340000000001:0.92387949999999996,2,8x7,0x0,8x8,table,direct-strided,global-scratch,2,0x0,8x8,shared,linear,scalar,0,named-barrier,256,0,0,8,8,0,0,8,1,0,0,15,32768,4,1,32768,1000,100,0.267776,0.018657,0.244512,214393.522082,52.689352,7025246931.569959,0.000000,-1,,,,,,,,,,,,
fft-bf16-fp32-log15-online-r2-t256-b7,fft-bf16-fp32-log15-b7,full,butterfly,cuButterfly-online-r2-t256,0,4,7,-1,,fp32,16,32,32,0,per-stage-twiddle,floating-complex,online-r2-t256,64,38,2048,6,48,0.75,448,0.9333333333333333,0.9333333333333333,register,1835008,0.2916666666666667,0,Tesla V100-SXM2-16GB,7.0,fft,bf16,forward,none,out-of-place,0,,,,0.000000,,online-reorder,radix2,four-mul,table,direct-strided,,2,8x7,0x0,8x8,table,direct-strided,global-scratch,2,0x0,8x8,shared,linear,scalar,0,named-barrier,256,0,0,8,8,0,0,8,1,0,0,15,32768,7,1,32768,1000,100,0.297952,0.040049,0.218208,174787.441226,42.955762,5727434874.088923,0.000000,-1,,,,,,,,,,,,
structured-2x2-fp64-log15-hier-r4-t256-b7,structured-2x2-fp64-log15-b7,full,butterfly,cuButterfly-hier-r4-t256,0,3,7,-1,,native,64,64,64,0,broadcast,floating-fma,hier-r4-t256,64,48,8192,5,40,0.625,448,1.12,1.0,register,3670016,0.5833333333333334,0,Tesla V100-SXM2-16GB,7.0,structured-2x2,fp64,forward,none,out-of-place,0,,,,0.000000,,hierarchical,radix4,four-mul,table,direct-strided,0.92387949999999996:-0.38268340000000001:0.38268340000000001:0.92387949999999996,1,15,,,,,,0,,,shared,linear,scalar,0,named-barrier,256,0,0,8,8,0,0,8,0,0,0,15,32768,7,1,32768,1000,100,0.404800,0.030700,0.347296,228016.598552,56.037359,7471647901.340149,0.000000,-1,,,,,,,,,,,,
fwht-fp32-log20-hier-r4-t256-b2,fwht-fp32-log20-b2,full,butterfly,cuButterfly-hier-r4-t256,0,4,2,-1,,native,32,32,32,0,implicit-sign,floating-add,hier-r4-t256,512,44,4096,5,40,0.625,1024,2.56,1.0,register,16777216,2.6666666666666665,0,Tesla V100-SXM2-16GB,7.0,fwht,fp32,forward,none,out-of-place,0,,,,0.000000,,hierarchical,radix4,four-mul,table,direct-strided,,1,20,,,,,,0,,,shared,linear,scalar,0,named-barrier,256,0,0,8,8,0,0,10,0,0,0,20,1048576,2,1,1048576,1000,100,1.418848,0.257321,1.368000,7772.394134,81.499460,8149945951.084395,0.000000,-1,,,,,,,,,,,,
fwht-fp16-native-log15-online-r4-t256-b1,fwht-fp16-native-log15-b1,full,butterfly,cuButterfly-online-r4-t256,0,2,1,-1,,native,16,16,16,0,implicit-sign,floating-add,online-r4-t256,64,46,2048,5,40,0.625,64,0.16,0.16,register,131072,0.020833333333333332,0,Tesla V100-SXM2-16GB,7.0,fwht,fp16,forward,none,out-of-place,0,,,,0.000000,,online-reorder,radix4,four-mul,table,direct-strided,,2,8x7,0x0,8x8,table,direct-strided,global-scratch,2,0x0,8x8,shared,linear,scalar,0,named-barrier,256,0,0,8,8,0,0,8,1,0,0,15,32768,1,1,32768,1000,100,0.033792,0.007813,0.033024,127989.838453,31.454783,4193971026.435899,0.000000,-1,,,,,,,,,,,,
structured-2x2-fp32-log20-online-r4-t256-b2,structured-2x2-fp32-log20-b2,full,butterfly,cuButterfly-online-r4-t256,0,5,2,-1,,native,32,32,32,0,broadcast,floating-fma,online-r4-t256,512,46,4096,5,40,0.625,1024,2.56,1.0,register,16777216,2.6666666666666665,0,Tesla V100-SXM2-16GB,7.0,structured-2x2,fp32,forward,none,out-of-place,0,,,,0.000000,,online-reorder,radix4,four-mul,table,direct-strided,0.92387949999999996:-0.38268340000000001:0.38268340000000001:0.92387949999999996,2,10x10,0x0,8x8,table,direct-strided,global-scratch,2,0x0,8x8,shared,linear,scalar,0,named-barrier,256,0,0,8,8,0,0,10,1,0,0,20,1048576,2,1,1048576,1000,100,1.417888,0.173752,1.351776,11510.637486,120.697782,12069778212.394667,0.000000,-1,,,,,,,,,,,,
fft-fp32-log15-online-r4-t256-b9,fft-fp32-log15-b9,full,butterfly,cuButterfly-online-r4-t256,0,4,9,-1,,native,32,32,32,0,per-stage-twiddle,floating-complex,online-r4-t256,64,50,8192,4,32,0.5,576,1.8,1.0,register,4718592,0.75,0,Tesla V100-SXM2-16GB,7.0,fft,fp32,forward,none,out-of-place,0,,,,0.000000,,online-reorder,radix4,four-mul,table,direct-strided,,2,8x7,0x0,8x8,table,direct-strided,global-scratch,2,0x0,8x8,shared,linear,scalar,0,named-barrier,256,0,0,8,8,0,0,8,1,0,0,15,32768,9,1,32768,1000,100,0.532832,0.041564,0.411840,216532.709813,53.215079,7095343835.151426,0.000000,-1,,,,,,,,,,,,
structured-2x2-fp64-log20-online-r4-t256-b2,structured-2x2-fp64-log20-b2,full,butterfly,cuButterfly-online-r4-t256,0,4,2,-1,,native,64,64,64,0,broadcast,floating-fma,online-r4-t256,512,50,8192,4,32,0.5,1024,3.2,1.0,register,33554432,5.333333333333333,0,Tesla V100-SXM2-16GB,7.0,structured-2x2,fp64,forward,none,out-of-place,0,,,,0.000000,,online-reorder,radix4,four-mul,table,direct-strided,0.92387949999999996:-0.38268340000000001:0.38268340000000001:0.92387949999999996,2,10x10,0x0,8x8,table,direct-strided,global-scratch,2,0x0,8x8,shared,linear,scalar,0,named-barrier,256,0,0,8,8,0,0,10,1,0,0,20,1048576,2,1,1048576,1000,100,2.778144,0.193628,2.619648,10329.075987,108.308212,10830821182.007988,0.000000,-1,,,,,,,,,,,,
fft-bf16-native-log20-online-r4-t256-b2,fft-bf16-native-log20-b2,full,butterfly,cuButterfly-online-r4-t256,0,3,2,-1,,native,16,32,16,1,per-stage-twiddle,floating-complex,online-r4-t256,512,50,4096,4,32,0.5,1024,3.2,1.0,register,16777216,2.6666666666666665,0,Tesla V100-SXM2-16GB,7.0,fft,bf16,forward,none,out-of-place,0,,,,0.000000,,online-reorder,radix4,four-mul,table,direct-strided,,2,10x10,0x0,8x8,table,direct-strided,global-scratch,2,0x0,8x8,shared,linear,scalar,0,named-barrier,256,0,0,8,8,0,0,10,1,0,0,20,1048576,2,1,1048576,1000,100,1.429888,0.396636,1.383168,5042.404628,52.873445,5287344475.525365,0.000000,-1,,,,,,,,,,,,
fwht-fp16-native-log8-temporal-r4-t128-b959,fwht-fp16-native-log8-b959,full,butterfly,cuButterfly-temporal-r4-t128,0,4,959,-1,,native,16,16,16,0,implicit-sign,floating-add,temporal-r4-t128,1,38,512,12,48,0.75,959,0.9989583333333333,0.9989583333333333,register,982016,0.15608723958333334,0,Tesla V100-SXM2-16GB,7.0,fwht,fp16,forward,none,out-of-place,0,,,,0.000000,,temporal-tile,radix4,four-mul,table,direct-strided,,1,8,,,,,,0,,,shared,linear,scalar,0,named-barrier,128,0,0,8,8,0,0,0,0,0,0,8,256,959,1,256,1000,100,0.139712,0.004352,0.135520,220358452.017789,225.647055,56411763716.553947,0.000000,-1,,,,,,,,,,,,
fwht-bf16-fp32-log8-temporal-r4-t128-b1280,fwht-bf16-fp32-log8-b1280,full,butterfly,cuButterfly-temporal-r4-t128,0,5,1280,-1,,fp32,16,32,32,0,implicit-sign,floating-add,temporal-r4-t128,1,38,512,12,48,0.75,1280,1.3333333333333333,1.0,register,1310720,0.20833333333333334,0,Tesla V100-SXM2-16GB,7.0,fwht,bf16,forward,none,out-of-place,0,,,,0.000000,,temporal-tile,radix4,four-mul,table,direct-strided,,1,8,,,,,,0,,,shared,linear,scalar,0,named-barrier,128,0,0,8,8,0,0,0,0,0,0,8,256,1280,1,256,1000,100,0.192384,0.008069,0.163424,158629434.792926,162.436541,40609135306.989075,0.000000,-1,,,,,,,,,,,,
fwht-fp64-log15-online-r4-t256-b6,fwht-fp64-log15-b6,full,butterfly,cuButterfly-online-r4-t256,0,2,6,-1,,native,64,64,64,0,implicit-sign,floating-add,online-r4-t256,64,50,8192,4,32,0.5,384,1.2,1.0,register,3145728,0.5,0,Tesla V100-SXM2-16GB,7.0,fwht,fp64,forward,none,out-of-place,0,,,,0.000000,,online-reorder,radix4,four-mul,table,direct-strided,,2,8x7,0x0,8x8,table,direct-strided,global-scratch,2,0x0,8x8,shared,linear,scalar,0,named-barrier,256,0,0,8,8,0,0,8,1,0,0,15,32768,6,1,32768,1000,100,0.359488,0.020941,0.311680,286522.014932,70.415650,9388753385.276913,0.000000,-1,,,,,,,,,,,,
fft-bf16-native-log15-online-r4-t256-b5,fft-bf16-native-log15-b5,full,butterfly,cuButterfly-online-r4-t256,0,3,5,-1,,native,16,32,16,1,per-stage-twiddle,floating-complex,online-r4-t256,64,50,4096,4,32,0.5,320,1.0,1.0,register,1310720,0.20833333333333334,0,Tesla V100-SXM2-16GB,7.0,fft,bf16,forward,none,out-of-place,0,,,,0.000000,,online-reorder,radix4,four-mul,table,direct-strided,,2,8x7,0x0,8x8,table,direct-strided,global-scratch,2,0x0,8x8,shared,linear,scalar,0,named-barrier,256,0,0,8,8,0,0,8,1,0,0,15,32768,5,1,32768,1000,100,0.180960,0.043459,0.174048,115052.126216,28.275211,3770028071.843049,0.000000,-1,,,,,,,,,,,,
structured-2x2-fp64-log20-hier-r4-t256-b2,structured-2x2-fp64-log20-b2,full,butterfly,cuButterfly-hier-r4-t256,0,4,2,-1,,native,64,64,64,0,broadcast,floating-fma,hier-r4-t256,512,48,8192,5,40,0.625,1024,2.56,1.0,register,33554432,5.333333333333333,0,Tesla V100-SXM2-16GB,7.0,structured-2x2,fp64,forward,none,out-of-place,0,,,,0.000000,,hierarchical,radix4,four-mul,table,direct-strided,0.92387949999999996:-0.38268340000000001:0.38268340000000001:0.92387949999999996,1,20,,,,,,0,,,shared,linear,scalar,0,named-barrier,256,0,0,8,8,0,0,10,0,0,0,20,1048576,2,1,1048576,1000,100,2.765984,0.485816,2.613824,4116.782414,43.167592,4316759236.702372,0.000000,-1,,,,,,,,,,,,
fwht-bf16-native-log15-online-r2-t256-b9,fwht-bf16-native-log15-b9,full,butterfly,cuButterfly-online-r2-t256,0,4,9,-1,,native,16,32,16,1,implicit-sign,floating-add,online-r2-t256,64,36,1024,6,48,0.75,576,1.2,1.0,register,1179648,0.1875,0,Tesla V100-SXM2-16GB,7.0,fwht,bf16,forward,none,out-of-place,0,,,,0.000000,,online-reorder,radix2,four-mul,table,direct-strided,,2,8x7,0x0,8x8,table,direct-strided,global-scratch,2,0x0,8x8,shared,linear,scalar,0,named-barrier,256,0,0,8,8,0,0,8,1,0,0,15,32768,9,1,32768,1000,100,0.139488,0.030710,0.140896,293066.436298,72.024007,9603200984.604218,0.000000,-1,,,,,,,,,,,,
fft-bf16-native-log20-hier-r4-t256-b2,fft-bf16-native-log20-b2,full,butterfly,cuButterfly-hier-r4-t256,0,1,2,-1,,native,16,32,16,1,per-stage-twiddle,floating-complex,hier-r4-t256,512,48,4096,5,40,0.625,1024,2.56,1.0,register,16777216,2.6666666666666665,0,Tesla V100-SXM2-16GB,7.0,fft,bf16,forward,none,out-of-place,0,,,,0.000000,,hierarchical,radix4,four-mul,table,direct-strided,,1,20,,,,,,0,,,shared,linear,scalar,0,named-barrier,256,0,0,8,8,0,0,10,0,0,0,20,1048576,2,1,1048576,1000,100,1.416448,0.460472,1.345600,4343.366155,45.543495,4554349509.080902,0.000000,-1,,,,,,,,,,,,
fft-bf16-native-log8-temporal-r4-t128-b1281,fft-bf16-native-log8-b1281,full,butterfly,cuButterfly-temporal-r4-t128,0,1,1281,-1,,native,16,32,16,1,per-stage-twiddle,floating-complex,temporal-r4-t128,1,42,1024,10,40,0.625,1281,1.60125,1.0,register,2623488,0.4169921875,0,Tesla V100-SXM2-16GB,7.0,fft,bf16,forward,none,out-of-place,0,,,,0.000000,,temporal-tile,radix4,four-mul,table,direct-strided,,1,8,,,,,,0,,,shared,linear,scalar,0,named-barrier,128,0,0,8,8,0,0,0,0,0,0,8,256,1281,1,256,1000,100,0.317664,0.029952,0.298400,42768430.966551,43.794873,10948718327.437134,0.000000,-1,,,,,,,,,,,,
fft-fp16-fp32-log20-online-r2-t256-b1,fft-fp16-fp32-log20-b1,full,butterfly,cuButterfly-online-r2-t256,0,2,1,-1,,fp32,16,32,32,0,per-stage-twiddle,floating-complex,online-r2-t256,512,38,2048,6,48,0.75,512,1.0666666666666667,1.0,register,8388608,1.3333333333333333,0,Tesla V100-SXM2-16GB,7.0,fft,fp16,forward,none,out-of-place,0,,,,0.000000,,online-reorder,radix2,four-mul,table,direct-strided,,2,10x10,0x0,8x8,table,direct-strided,global-scratch,2,0x0,8x8,shared,linear,scalar,0,named-barrier,256,0,0,8,8,0,0,10,1,0,0,20,1048576,1,1,1048576,1000,100,0.744192,0.146248,0.708896,6837.715074,71.698639,7169863921.732259,0.000000,-1,,,,,,,,,,,,
fft-bf16-native-log15-hier-r4-t256-b1,fft-bf16-native-log15-b1,full,butterfly,cuButterfly-hier-r4-t256,0,5,1,-1,,native,16,32,16,1,per-stage-twiddle,floating-complex,hier-r4-t256,64,48,4096,5,40,0.625,64,0.16,0.16,register,262144,0.041666666666666664,0,Tesla V100-SXM2-16GB,7.0,fft,bf16,forward,none,out-of-place,0,,,,0.000000,,hierarchical,radix4,four-mul,table,direct-strided,,1,15,,,,,,0,,,shared,linear,scalar,0,named-barrier,256,0,0,8,8,0,0,8,0,0,0,15,32768,1,1,32768,1000,100,0.036928,0.025375,0.052352,39409.302053,9.685230,1291364009.688064,0.000000,-1,,,,,,,,,,,,
structured-2x2-fp16-fp32-log8-temporal-r4-t128-b960,structured-2x2-fp16-fp32-log8-b960,full,butterfly,cuButterfly-temporal-r4-t128,0,4,960,-1,,fp32,16,32,32,0,broadcast,floating-fma,temporal-r4-t128,1,38,512,12,48,0.75,960,1.0,1.0,register,983040,0.15625,0,Tesla V100-SXM2-16GB,7.0,structured-2x2,fp16,forward,none,out-of-place,0,,,,0.000000,,temporal-tile,radix4,four-mul,table,direct-strided,0.92387949999999996:-0.38268340000000001:0.38268340000000001:0.92387949999999996,1,8,,,,,,0,,,shared,linear,scalar,0,named-barrier,128,0,0,8,8,0,0,0,0,0,0,8,256,960,1,256,1000,100,0.115200,0.004823,0.134400,199044577.025122,203.821647,50955411718.431267,0.000000,-1,,,,,,,,,,,,
fwht-bf16-native-log15-online-r2-t256-b1,fwht-bf16-native-log15-b1,full,butterfly,cuButterfly-online-r2-t256,0,5,1,-1,,native,16,32,16,1,implicit-sign,floating-add,online-r2-t256,64,36,1024,6,48,0.75,64,0.13333333333333333,0.13333333333333333,register,131072,0.020833333333333332,0,Tesla V100-SXM2-16GB,7.0,fwht,bf16,forward,none,out-of-place,0,,,,0.000000,,online-reorder,radix2,four-mul,table,direct-strided,,2,8x7,0x0,8x8,table,direct-strided,global-scratch,2,0x0,8x8,shared,linear,scalar,0,named-barrier,256,0,0,8,8,0,0,8,1,0,0,15,32768,1,1,32768,1000,100,0.031744,0.009155,0.031680,109235.178441,26.845637,3579418327.155620,0.000000,-1,,,,,,,,,,,,
fft-fp32-log15-online-r2-t256-b8,fft-fp32-log15-b8,full,butterfly,cuButterfly-online-r2-t256,0,4,8,-1,,native,32,32,32,0,per-stage-twiddle,floating-complex,online-r2-t256,64,38,4096,6,48,0.75,512,1.0666666666666667,1.0,register,4194304,0.6666666666666666,0,Tesla V100-SXM2-16GB,7.0,fft,fp32,forward,none,out-of-place,0,,,,0.000000,,online-reorder,radix2,four-mul,table,direct-strided,,2,8x7,0x0,8x8,table,direct-strided,global-scratch,2,0x0,8x8,shared,linear,scalar,0,named-barrier,256,0,0,8,8,0,0,8,1,0,0,15,32768,8,1,32768,1000,100,0.508736,0.039178,0.411264,204194.976261,50.182957,6691060982.132922,0.000000,-1,,,,,,,,,,,,
fwht-fp32-log20-online-r4-t256-b1,fwht-fp32-log20-b1,full,butterfly,cuButterfly-online-r4-t256,0,3,1,-1,,native,32,32,32,0,implicit-sign,floating-add,online-r4-t256,512,46,4096,5,40,0.625,512,1.28,1.0,register,8388608,1.3333333333333333,0,Tesla V100-SXM2-16GB,7.0,fwht,fp32,forward,none,out-of-place,0,,,,0.000000,,online-reorder,radix4,four-mul,table,direct-strided,,2,10x10,0x0,8x8,table,direct-strided,global-scratch,2,0x0,8x8,shared,linear,scalar,0,named-barrier,256,0,0,8,8,0,0,10,1,0,0,20,1048576,1,1,1048576,1000,100,0.758144,0.090143,0.720128,11093.519323,116.323981,11632398117.403028,0.000000,-1,,,,,,,,,,,,
subset-zeta-uint32-zeta-log15-online-r2-t256-b9,subset-zeta-uint32-zeta-log15-b9,full,butterfly,cuButterfly-online-r2-t256,0,1,9,-1,,native,32,32,32,0,implicit-unit,integer-add,online-r2-t256,64,36,2048,6,48,0.75,576,1.2,1.0,register,2359296,0.375,0,Tesla V100-SXM2-16GB,7.0,subset-zeta,uint32,forward,none,out-of-place,0,,,,0.000000,,online-reorder,radix2,four-mul,table,direct-strided,,2,8x7,0x0,8x8,table,direct-strided,global-scratch,2,0x0,8x8,shared,linear,scalar,0,named-barrier,256,0,0,8,8,0,0,8,1,0,0,15,32768,9,1,32768,1000,100,0.305856,0.028733,0.277728,313223.898020,76.977905,10263720690.333323,0.000000,-1,,,,,,,,,,,,
fft-bf16-native-log15-hier-r4-t256-b5,fft-bf16-native-log15-b5,full,butterfly,cuButterfly-hier-r4-t256,0,4,5,-1,,native,16,32,16,1,per-stage-twiddle,floating-complex,hier-r4-t256,64,48,4096,5,40,0.625,320,0.8,0.8,register,1310720,0.20833333333333334,0,Tesla V100-SXM2-16GB,7.0,fft,bf16,forward,none,out-of-place,0,,,,0.000000,,hierarchical,radix4,four-mul,table,direct-strided,,1,15,,,,,,0,,,shared,linear,scalar,0,named-barrier,256,0,0,8,8,0,0,8,0,0,0,15,32768,5,1,32768,1000,100,0.182912,0.042537,0.156672,117544.838922,28.887820,3851709281.789052,0.000000,-1,,,,,,,,,,,,
fwht-fp16-native-log8-temporal-r4-t128-b1,fwht-fp16-native-log8-b1,full,butterfly,cuButterfly-temporal-r4-t128,0,4,1,-1,,native,16,16,16,0,implicit-sign,floating-add,temporal-r4-t128,1,38,512,12,48,0.75,1,0.0010416666666666667,0.0010416666666666667,register,1024,0.00016276041666666666,0,Tesla V100-SXM2-16GB,7.0,fwht,fp16,forward,none,out-of-place,0,,,,0.000000,,temporal-tile,radix4,four-mul,table,direct-strided,,1,8,,,,,,0,,,shared,linear,scalar,0,named-barrier,128,0,0,8,8,0,0,0,0,0,0,8,256,1,1,256,1000,100,0.008192,0.002488,0.017696,401877.572843,0.411523,102880658.647830,0.000000,-1,,,,,,,,,,,,
fwht-bf16-native-log20-hier-r4-t256-b2,fwht-bf16-native-log20-b2,full,butterfly,cuButterfly-hier-r4-t256,0,3,2,-1,,native,16,32,16,1,implicit-sign,floating-add,hier-r4-t256,512,44,2048,5,40,0.625,1024,2.56,1.0,register,8388608,1.3333333333333333,0,Tesla V100-SXM2-16GB,7.0,fwht,bf16,forward,none,out-of-place,0,,,,0.000000,,hierarchical,radix4,four-mul,table,direct-strided,,1,20,,,,,,0,,,shared,linear,scalar,0,named-barrier,256,0,0,8,8,0,0,10,0,0,0,20,1048576,2,1,1048576,1000,100,0.762592,0.176722,0.710720,11317.215486,118.669605,11866960545.600542,0.000000,-1,,,,,,,,,,,,
fft-fp64-log20-hier-r4-t256-b2,fft-fp64-log20-b2,full,butterfly,cuButterfly-hier-r4-t256,0,1,2,-1,,native,64,64,64,0,per-stage-twiddle,floating-complex,hier-r4-t256,512,56,16384,4,32,0.5,1024,3.2,1.0,register,67108864,10.666666666666666,0,Tesla V100-SXM2-16GB,7.0,fft,fp64,forward,none,out-of-place,0,,,,0.000000,,hierarchical,radix4,four-mul,table,direct-strided,,1,20,,,,,,0,,,shared,linear,scalar,0,named-barrier,256,0,0,8,8,0,0,10,0,0,0,20,1048576,2,1,1048576,1000,100,5.445632,1.169285,5.114080,1710.446722,17.935334,1793533381.870232,0.000000,-1,,,,,,,,,,,,
subset-zeta-uint32-zeta-log8-temporal-r4-t128-b1279,subset-zeta-uint32-zeta-log8-b1279,full,butterfly,cuButterfly-temporal-r4-t128,0,3,1279,-1,,native,32,32,32,0,implicit-unit,integer-add,temporal-r4-t128,1,38,1024,12,48,0.75,1279,1.3322916666666667,1.0,register,2619392,0.4163411458333333,0,Tesla V100-SXM2-16GB,7.0,subset-zeta,uint32,forward,none,out-of-place,0,,,,0.000000,,temporal-tile,radix4,four-mul,table,direct-strided,,1,8,,,,,,0,,,shared,linear,scalar,0,named-barrier,128,0,0,8,8,0,0,0,0,0,0,8,256,1279,1,256,1000,100,0.319456,0.004731,0.262208,270351405.124294,276.839839,69209959711.819321,0.000000,-1,,,,,,,,,,,,
fwht-fp16-native-log8-temporal-r2-t128-b1,fwht-fp16-native-log8-b1,full,butterfly,cuButterfly-temporal-r2-t128,0,5,1,-1,,native,16,16,16,0,implicit-sign,floating-add,temporal-r2-t128,1,30,512,16,64,1.0,1,0.00078125,0.00078125,register+thread+warp,1024,0.00016276041666666666,0,Tesla V100-SXM2-16GB,7.0,fwht,fp16,forward,none,out-of-place,0,,,,0.000000,,temporal-tile,radix2,four-mul,table,direct-strided,,1,8,,,,,,0,,,shared,linear,scalar,0,named-barrier,128,0,0,8,8,0,0,0,0,0,0,8,256,1,1,256,1000,100,0.008192,0.002744,0.018304,364388.981710,0.373134,93283579.317650,0.000000,-1,,,,,,,,,,,,
structured-2x2-fp64-log20-online-r2-t256-b1,structured-2x2-fp64-log20-b1,full,butterfly,cuButterfly-online-r2-t256,0,4,1,-1,,native,64,64,64,0,broadcast,floating-fma,online-r2-t256,512,38,4096,6,48,0.75,512,1.0666666666666667,1.0,register,16777216,2.6666666666666665,0,Tesla V100-SXM2-16GB,7.0,structured-2x2,fp64,forward,none,out-of-place,0,,,,0.000000,,online-reorder,radix2,four-mul,table,direct-strided,0.92387949999999996:-0.38268340000000001:0.38268340000000001:0.92387949999999996,2,10x10,0x0,8x8,table,direct-strided,global-scratch,2,0x0,8x8,shared,linear,scalar,0,named-barrier,256,0,0,8,8,0,0,10,1,0,0,20,1048576,1,1,1048576,1000,100,1.429184,0.117944,1.380608,8478.577364,88.904327,8890432737.902157,0.000000,-1,,,,,,,,,,,,
fwht-bf16-native-log8-temporal-r4-t128-b1,fwht-bf16-native-log8-b1,full,butterfly,cuButterfly-temporal-r4-t128,0,3,1,-1,,native,16,32,16,1,implicit-sign,floating-add,temporal-r4-t128,1,38,512,12,48,0.75,1,0.0010416666666666667,0.0010416666666666667,register,1024,0.00016276041666666666,0,Tesla V100-SXM2-16GB,7.0,fwht,bf16,forward,none,out-of-place,0,,,,0.000000,,temporal-tile,radix4,four-mul,table,direct-strided,,1,8,,,,,,0,,,shared,linear,scalar,0,named-barrier,128,0,0,8,8,0,0,0,0,0,0,8,256,1,1,256,1000,100,0.007168,0.002929,0.018560,341455.420171,0.349650,87412587.563789,0.000000,-1,,,,,,,,,,,,
structured-2x2-bf16-fp32-log8-temporal-r4-t128-b1,structured-2x2-bf16-fp32-log8-b1,full,butterfly,cuButterfly-temporal-r4-t128,0,5,1,-1,,fp32,16,32,32,0,broadcast,floating-fma,temporal-r4-t128,1,38,512,12,48,0.75,1,0.0010416666666666667,0.0010416666666666667,register,1024,0.00016276041666666666,0,Tesla V100-SXM2-16GB,7.0,structured-2x2,bf16,forward,none,out-of-place,0,,,,0.000000,,temporal-tile,radix4,four-mul,table,direct-strided,0.92387949999999996:-0.38268340000000001:0.38268340000000001:0.92387949999999996,1,8,,,,,,0,,,shared,linear,scalar,0,named-barrier,128,0,0,8,8,0,0,0,0,0,0,8,256,1,1,256,1000,100,0.006144,0.003195,0.017312,313000.803897,0.320513,80128205.797664,0.000000,-1,,,,,,,,,,,,
fwht-fp64-log15-online-r2-t256-b7,fwht-fp64-log15-b7,full,butterfly,cuButterfly-online-r2-t256,0,2,7,-1,,native,64,64,64,0,implicit-sign,floating-add,online-r2-t256,64,38,4096,6,48,0.75,448,0.9333333333333333,0.9333333333333333,register,3670016,0.5833333333333334,0,Tesla V100-SXM2-16GB,7.0,fwht,fp64,forward,none,out-of-place,0,,,,0.000000,,online-reorder,radix2,four-mul,table,direct-strided,,2,8x7,0x0,8x8,table,direct-strided,global-scratch,2,0x0,8x8,shared,linear,scalar,0,named-barrier,256,0,0,8,8,0,0,8,1,0,0,15,32768,7,1,32768,1000,100,0.397376,0.023951,0.361312,292258.966533,71.825564,9576741815.338287,0.000000,-1,,,,,,,,,,,,
fft-fp16-fp32-log15-hier-r4-t256-b1,fft-fp16-fp32-log15-b1,full,butterfly,cuButterfly-hier-r4-t256,0,3,1,-1,,fp32,16,32,32,0,per-stage-twiddle,floating-complex,hier-r4-t256,64,48,4096,5,40,0.625,64,0.16,0.16,register,262144,0.041666666666666664,0,Tesla V100-SXM2-16GB,7.0,fft,fp16,forward,none,out-of-place,0,,,,0.000000,,hierarchical,radix4,four-mul,table,direct-strided,,1,15,,,,,,0,,,shared,linear,scalar,0,named-barrier,256,0,0,8,8,0,0,8,0,0,0,15,32768,1,1,32768,1000,100,0.035968,0.020163,0.049248,49596.876475,12.188928,1625190448.320932,0.000000,-1,,,,,,,,,,,,
structured-2x2-fp16-fp32-log8-temporal-r2-t128-b960,structured-2x2-fp16-fp32-log8-b960,full,butterfly,cuButterfly-temporal-r2-t128,0,3,960,-1,,fp32,16,32,32,0,broadcast,floating-fma,temporal-r2-t128,1,30,512,16,64,1.0,960,0.75,0.75,register+thread+warp,983040,0.15625,0,Tesla V100-SXM2-16GB,7.0,structured-2x2,fp16,forward,none,out-of-place,0,,,,0.000000,,temporal-tile,radix2,four-mul,table,direct-strided,0.92387949999999996:-0.38268340000000001:0.38268340000000001:0.92387949999999996,1,8,,,,,,0,,,shared,linear,scalar,0,named-barrier,128,0,0,8,8,0,0,0,0,0,0,8,256,960,1,256,1000,100,0.122176,0.005949,0.133536,161359726.062072,165.232359,41308089871.890388,0.000000,-1,,,,,,,,,,,,
fft-bf16-fp32-log15-online-r4-t256-b7,fft-bf16-fp32-log15-b7,full,butterfly,cuButterfly-online-r4-t256,0,4,7,-1,,fp32,16,32,32,0,per-stage-twiddle,floating-complex,online-r4-t256,64,50,4096,4,32,0.5,448,1.4,1.0,register,1835008,0.2916666666666667,0,Tesla V100-SXM2-16GB,7.0,fft,bf16,forward,none,out-of-place,0,,,,0.000000,,online-reorder,radix4,four-mul,table,direct-strided,,2,8x7,0x0,8x8,table,direct-strided,global-scratch,2,0x0,8x8,shared,linear,scalar,0,named-barrier,256,0,0,8,8,0,0,8,1,0,0,15,32768,7,1,32768,1000,100,0.279328,0.041830,0.214432,167342.403789,41.126069,5483475887.366755,0.000000,-1,,,,,,,,,,,,
fwht-fp32-log15-online-r2-t256-b1,fwht-fp32-log15-b1,full,butterfly,cuButterfly-online-r2-t256,0,1,1,-1,,native,32,32,32,0,implicit-sign,floating-add,online-r2-t256,64,36,2048,6,48,0.75,64,0.13333333333333333,0.13333333333333333,register,262144,0.041666666666666664,0,Tesla V100-SXM2-16GB,7.0,fwht,fp32,forward,none,out-of-place,0,,,,0.000000,,online-reorder,radix2,four-mul,table,direct-strided,,2,8x7,0x0,8x8,table,direct-strided,global-scratch,2,0x0,8x8,shared,linear,scalar,0,named-barrier,256,0,0,8,8,0,0,8,1,0,0,15,32768,1,1,32768,1000,100,0.044320,0.008223,0.047072,121614.264139,29.887922,3985056207.322215,0.000000,-1,,,,,,,,,,,,
fft-fp16-native-log8-temporal-r2-t128-b801,fft-fp16-native-log8-b801,full,butterfly,cuButterfly-temporal-r2-t128,0,2,801,-1,,native,16,16,16,0,per-stage-twiddle,floating-complex,temporal-r2-t128,1,32,1024,16,64,1.0,801,0.62578125,0.62578125,register+thread+warp,1640448,0.2607421875,0,Tesla V100-SXM2-16GB,7.0,fft,fp16,forward,none,out-of-place,0,,,,0.000000,,temporal-tile,radix2,four-mul,table,direct-strided,,1,8,,,,,,0,,,shared,linear,scalar,0,named-barrier,128,0,0,8,8,0,0,0,0,0,0,8,256,801,1,256,1000,100,0.195360,0.005448,0.194272,147035077.182512,150.563919,37640979758.723007,0.000000,-1,,,,,,,,,,,,
fwht-fp16-native-log15-online-r4-t256-b6,fwht-fp16-native-log15-b6,full,butterfly,cuButterfly-online-r4-t256,0,2,6,-1,,native,16,16,16,0,implicit-sign,floating-add,online-r4-t256,64,46,2048,5,40,0.625,384,0.96,0.96,register,786432,0.125,0,Tesla V100-SXM2-16GB,7.0,fwht,fp16,forward,none,out-of-place,0,,,,0.000000,,online-reorder,radix4,four-mul,table,direct-strided,,2,8x7,0x0,8x8,table,direct-strided,global-scratch,2,0x0,8x8,shared,linear,scalar,0,named-barrier,256,0,0,8,8,0,0,8,1,0,0,15,32768,6,1,32768,1000,100,0.094656,0.020562,0.109952,291801.563461,71.713152,9561753631.501711,0.000000,-1,,,,,,,,,,,,
fft-fp16-native-log15-hier-r4-t256-b4,fft-fp16-native-log15-b4,full,butterfly,cuButterfly-hier-r4-t256,0,1,4,-1,,native,16,16,16,0,per-stage-twiddle,floating-complex,hier-r4-t256,64,48,4096,5,40,0.625,256,0.64,0.64,register,1048576,0.16666666666666666,0,Tesla V100-SXM2-16GB,7.0,fft,fp16,forward,none,out-of-place,0,,,,0.000000,,hierarchical,radix4,four-mul,table,direct-strided,,1,15,,,,,,0,,,shared,linear,scalar,0,named-barrier,256,0,0,8,8,0,0,8,0,0,0,15,32768,4,1,32768,1000,100,0.137984,0.023122,0.144544,172996.018040,42.515501,5668733519.147160,0.000000,-1,,,,,,,,,,,,
structured-2x2-fp64-log8-temporal-r4-t128-b801,structured-2x2-fp64-log8-b801,full,butterfly,cuButterfly-temporal-r4-t128,0,1,801,-1,,native,64,64,64,0,broadcast,floating-fma,temporal-r4-t128,1,42,2048,10,40,0.625,801,1.00125,1.0,register,3280896,0.521484375,0,Tesla V100-SXM2-16GB,7.0,structured-2x2,fp64,forward,none,out-of-place,0,,,,0.000000,,temporal-tile,radix4,four-mul,table,direct-strided,0.92387949999999996:-0.38268340000000001:0.38268340000000001:0.92387949999999996,1,8,,,,,,0,,,shared,linear,scalar,0,named-barrier,128,0,0,8,8,0,0,0,0,0,0,8,256,801,1,256,1000,100,0.384384,0.005970,0.309376,134172647.832899,137.392791,34348197845.222103,0.000000,-1,,,,,,,,,,,,
fft-fp16-native-log15-hier-r4-t256-b4,fft-fp16-native-log15-b4,full,butterfly,cuButterfly-hier-r4-t256,0,3,4,-1,,native,16,16,16,0,per-stage-twiddle,floating-complex,hier-r4-t256,64,48,4096,5,40,0.625,256,0.64,0.64,register,1048576,0.16666666666666666,0,Tesla V100-SXM2-16GB,7.0,fft,fp16,forward,none,out-of-place,0,,,,0.000000,,hierarchical,radix4,four-mul,table,direct-strided,,1,15,,,,,,0,,,shared,linear,scalar,0,named-barrier,256,0,0,8,8,0,0,8,0,0,0,15,32768,4,1,32768,1000,100,0.138176,0.023071,0.129600,173379.944676,42.609855,5681314027.150982,0.000000,-1,,,,,,,,,,,,
fft-bf16-native-log15-online-r2-t256-b1,fft-bf16-native-log15-b1,full,butterfly,cuButterfly-online-r2-t256,0,2,1,-1,,native,16,32,16,1,per-stage-twiddle,floating-complex,online-r2-t256,64,38,2048,6,48,0.75,64,0.13333333333333333,0.13333333333333333,register,262144,0.041666666666666664,0,Tesla V100-SXM2-16GB,7.0,fft,bf16,forward,none,out-of-place,0,,,,0.000000,,online-reorder,radix2,four-mul,table,direct-strided,,2,8x7,0x0,8x8,table,direct-strided,global-scratch,2,0x0,8x8,shared,linear,scalar,0,named-barrier,256,0,0,8,8,0,0,8,1,0,0,15,32768,1,1,32768,1000,100,0.035168,0.014828,0.055168,67442.163170,16.574586,2209944802.767276,0.000000,-1,,,,,,,,,,,,
fwht-bf16-native-log20-hier-r4-t256-b2,fwht-bf16-native-log20-b2,full,butterfly,cuButterfly-hier-r4-t256,0,1,2,-1,,native,16,32,16,1,implicit-sign,floating-add,hier-r4-t256,512,44,2048,5,40,0.625,1024,2.56,1.0,register,8388608,1.3333333333333333,0,Tesla V100-SXM2-16GB,7.0,fwht,bf16,forward,none,out-of-place,0,,,,0.000000,,hierarchical,radix4,four-mul,table,direct-strided,,1,20,,,,,,0,,,shared,linear,scalar,0,named-barrier,256,0,0,8,8,0,0,10,0,0,0,20,1048576,2,1,1048576,1000,100,0.759872,0.176722,0.718560,11317.215486,118.669605,11866960545.600542,0.000000,-1,,,,,,,,,,,,
structured-2x2-bf16-fp32-log8-temporal-r2-t128-b1,structured-2x2-bf16-fp32-log8-b1,full,butterfly,cuButterfly-temporal-r2-t128,0,3,1,-1,,fp32,16,32,32,0,broadcast,floating-fma,temporal-r2-t128,1,30,512,16,64,1.0,1,0.00078125,0.00078125,register+thread+warp,1024,0.00016276041666666666,0,Tesla V100-SXM2-16GB,7.0,structured-2x2,bf16,forward,none,out-of-place,0,,,,0.000000,,temporal-tile,radix2,four-mul,table,direct-strided,0.92387949999999996:-0.38268340000000001:0.38268340000000001:0.92387949999999996,1,8,,,,,,0,,,shared,linear,scalar,0,named-barrier,128,0,0,8,8,0,0,0,0,0,0,8,256,1,1,256,1000,100,0.006144,0.003400,0.018976,294145.339723,0.301205,75301206.969086,0.000000,-1,,,,,,,,,,,,
fwht-fp64-log8-temporal-r4-t128-b1279,fwht-fp64-log8-b1279,full,butterfly,cuButterfly-temporal-r4-t128,0,4,1279,-1,,native,64,64,64,0,implicit-sign,floating-add,temporal-r4-t128,1,42,2048,10,40,0.625,1279,1.59875,1.0,register,5238784,0.8326822916666666,0,Tesla V100-SXM2-16GB,7.0,fwht,fp64,forward,none,out-of-place,0,,,,0.000000,,temporal-tile,radix4,four-mul,table,direct-strided,,1,8,,,,,,0,,,shared,linear,scalar,0,named-barrier,128,0,0,8,8,0,0,0,0,0,0,8,256,1279,1,256,1000,100,0.505920,0.006410,0.445664,199524519.185799,204.313108,51078276911.564491,0.000000,-1,,,,,,,,,,,,
fft-fp16-native-log8-temporal-r2-t128-b1280,fft-fp16-native-log8-b1280,full,butterfly,cuButterfly-temporal-r2-t128,0,1,1280,-1,,native,16,16,16,0,per-stage-twiddle,floating-complex,temporal-r2-t128,1,32,1024,16,64,1.0,1280,1.0,1.0,register+thread+warp,2621440,0.4166666666666667,0,Tesla V100-SXM2-16GB,7.0,fft,fp16,forward,none,out-of-place,0,,,,0.000000,,temporal-tile,radix2,four-mul,table,direct-strided,,1,8,,,,,,0,,,shared,linear,scalar,0,named-barrier,128,0,0,8,8,0,0,0,0,0,0,8,256,1280,1,256,1000,100,0.320704,0.006636,0.263392,192901243.989510,197.530874,49382718461.314545,0.000000,-1,,,,,,,,,,,,
structured-2x2-fp32-log20-online-r2-t256-b2,structured-2x2-fp32-log20-b2,full,butterfly,cuButterfly-online-r2-t256,0,2,2,-1,,native,32,32,32,0,broadcast,floating-fma,online-r2-t256,512,36,2048,6,48,0.75,1024,2.1333333333333333,1.0,register,16777216,2.6666666666666665,0,Tesla V100-SXM2-16GB,7.0,structured-2x2,fp32,forward,none,out-of-place,0,,,,0.000000,,online-reorder,radix2,four-mul,table,direct-strided,0.92387949999999996:-0.38268340000000001:0.38268340000000001:0.92387949999999996,2,10x10,0x0,8x8,table,direct-strided,global-scratch,2,0x0,8x8,shared,linear,scalar,0,named-barrier,256,0,0,8,8,0,0,10,1,0,0,20,1048576,2,1,1048576,1000,100,1.424704,0.178627,1.362176,11196.543711,117.404270,11740427018.757406,0.000000,-1,,,,,,,,,,,,
fwht-bf16-native-log15-hier-r4-t256-b1,fwht-bf16-native-log15-b1,full,butterfly,cuButterfly-hier-r4-t256,0,5,1,-1,,native,16,32,16,1,implicit-sign,floating-add,hier-r4-t256,64,44,2048,5,40,0.625,64,0.16,0.16,register,131072,0.020833333333333332,0,Tesla V100-SXM2-16GB,7.0,fwht,bf16,forward,none,out-of-place,0,,,,0.000000,,hierarchical,radix4,four-mul,table,direct-strided,,1,15,,,,,,0,,,shared,linear,scalar,0,named-barrier,256,0,0,8,8,0,0,8,0,0,0,15,32768,1,1,32768,1000,100,0.031744,0.017695,0.037568,56514.036325,13.888890,1851851942.299295,0.000000,-1,,,,,,,,,,,,
structured-2x2-fp32-log20-hier-r4-t256-b1,structured-2x2-fp32-log20-b1,full,butterfly,cuButterfly-hier-r4-t256,0,1,1,-1,,native,32,32,32,0,broadcast,floating-fma,hier-r4-t256,512,44,4096,5,40,0.625,512,1.28,1.0,register,8388608,1.3333333333333333,0,Tesla V100-SXM2-16GB,7.0,structured-2x2,fp32,forward,none,out-of-place,0,,,,0.000000,,hierarchical,radix4,four-mul,table,direct-strided,0.92387949999999996:-0.38268340000000001:0.38268340000000001:0.92387949999999996,1,20,,,,,,0,,,shared,linear,scalar,0,named-barrier,256,0,0,8,8,0,0,10,0,0,0,20,1048576,1,1,1048576,1000,100,0.746944,0.102134,0.715840,9791.081969,102.666936,10266693567.089561,0.000000,-1,,,,,,,,,,,,
fft-bf16-fp32-log15-online-r4-t256-b7,fft-bf16-fp32-log15-b7,full,butterfly,cuButterfly-online-r4-t256,0,2,7,-1,,fp32,16,32,32,0,per-stage-twiddle,floating-complex,online-r4-t256,64,50,4096,4,32,0.5,448,1.4,1.0,register,1835008,0.2916666666666667,0,Tesla V100-SXM2-16GB,7.0,fft,bf16,forward,none,out-of-place,0,,,,0.000000,,online-reorder,radix4,four-mul,table,direct-strided,,2,8x7,0x0,8x8,table,direct-strided,global-scratch,2,0x0,8x8,shared,linear,scalar,0,named-barrier,256,0,0,8,8,0,0,8,1,0,0,15,32768,7,1,32768,1000,100,0.283296,0.041605,0.214912,168248.528669,41.348758,5513167787.425271,0.000000,-1,,,,,,,,,,,,
fft-bf16-native-log8-temporal-r2-t128-b1280,fft-bf16-native-log8-b1280,full,butterfly,cuButterfly-temporal-r2-t128,0,3,1280,-1,,native,16,32,16,1,per-stage-twiddle,floating-complex,temporal-r2-t128,1,32,1024,16,64,1.0,1280,1.0,1.0,register+thread+warp,2621440,0.4166666666666667,0,Tesla V100-SXM2-16GB,7.0,fft,bf16,forward,none,out-of-place,0,,,,0.000000,,temporal-tile,radix2,four-mul,table,direct-strided,,1,8,,,,,,0,,,shared,linear,scalar,0,named-barrier,128,0,0,8,8,0,0,0,0,0,0,8,256,1280,1,256,1000,100,0.327040,0.024812,0.274240,51588936.893458,52.827071,13206767844.725126,0.000000,-1,,,,,,,,,,,,
fft-fp16-native-log15-online-r4-t256-b1,fft-fp16-native-log15-b1,full,butterfly,cuButterfly-online-r4-t256,0,2,1,-1,,native,16,16,16,0,per-stage-twiddle,floating-complex,online-r4-t256,64,50,4096,4,32,0.5,64,0.2,0.2,register,262144,0.041666666666666664,0,Tesla V100-SXM2-16GB,7.0,fft,fp16,forward,none,out-of-place,0,,,,0.000000,,online-reorder,radix4,four-mul,table,direct-strided,,2,8x7,0x0,8x8,table,direct-strided,global-scratch,2,0x0,8x8,shared,linear,scalar,0,named-barrier,256,0,0,8,8,0,0,8,1,0,0,15,32768,1,1,32768,1000,100,0.036256,0.010107,0.046944,98942.509518,24.316111,3242148151.890233,0.000000,-1,,,,,,,,,,,,
fwht-fp64-log15-online-r4-t256-b7,fwht-fp64-log15-b7,full,butterfly,cuButterfly-online-r4-t256,0,3,7,-1,,native,64,64,64,0,implicit-sign,floating-add,online-r4-t256,64,50,8192,4,32,0.5,448,1.4,1.0,register,3670016,0.5833333333333334,0,Tesla V100-SXM2-16GB,7.0,fwht,fp64,forward,none,out-of-place,0,,,,0.000000,,online-reorder,radix4,four-mul,table,direct-strided,,2,8x7,0x0,8x8,table,direct-strided,global-scratch,2,0x0,8x8,shared,linear,scalar,0,named-barrier,256,0,0,8,8,0,0,8,1,0,0,15,32768,7,1,32768,1000,100,0.404672,0.023163,0.348512,302207.682601,74.270560,9902741343.468637,0.000000,-1,,,,,,,,,,,,
fwht-fp64-log8-temporal-r2-t128-b1279,fwht-fp64-log8-b1279,full,butterfly,cuButterfly-temporal-r2-t128,0,3,1279,-1,,native,64,64,64,0,implicit-sign,floating-add,temporal-r2-t128,1,32,2048,16,64,1.0,1279,0.99921875,0.99921875,register+thread+warp,5238784,0.8326822916666666,0,Tesla V100-SXM2-16GB,7.0,fwht,fp64,forward,none,out-of-place,0,,,,0.000000,,temporal-tile,radix2,four-mul,table,direct-strided,,1,8,,,,,,0,,,shared,linear,scalar,0,named-barrier,128,0,0,8,8,0,0,0,0,0,0,8,256,1279,1,256,1000,100,0.515872,0.007578,0.450400,168786951.958277,172.837839,43209459701.318985,0.000000,-1,,,,,,,,,,,,
fft-fp16-fp32-log15-online-r2-t256-b7,fft-fp16-fp32-log15-b7,full,butterfly,cuButterfly-online-r2-t256,0,3,7,-1,,fp32,16,32,32,0,per-stage-twiddle,floating-complex,online-r2-t256,64,38,2048,6,48,0.75,448,0.9333333333333333,0.9333333333333333,register,1835008,0.2916666666666667,0,Tesla V100-SXM2-16GB,7.0,fft,fp16,forward,none,out-of-place,0,,,,0.000000,,online-reorder,radix2,four-mul,table,direct-strided,,2,8x7,0x0,8x8,table,direct-strided,global-scratch,2,0x0,8x8,shared,linear,scalar,0,named-barrier,256,0,0,8,8,0,0,8,1,0,0,15,32768,7,1,32768,1000,100,0.282784,0.034017,0.239232,205777.770964,50.571945,6742925998.939051,0.000000,-1,,,,,,,,,,,,
structured-2x2-fp64-log15-online-r2-t256-b6,structured-2x2-fp64-log15-b6,full,butterfly,cuButterfly-online-r2-t256,0,2,6,-1,,native,64,64,64,0,broadcast,floating-fma,online-r2-t256,64,38,4096,6,48,0.75,384,0.8,0.8,register,3145728,0.5,0,Tesla V100-SXM2-16GB,7.0,structured-2x2,fp64,forward,none,out-of-place,0,,,,0.000000,,online-reorder,radix2,four-mul,table,direct-strided,0.92387949999999996:-0.38268340000000001:0.38268340000000001:0.92387949999999996,2,8x7,0x0,8x8,table,direct-strided,global-scratch,2,0x0,8x8,shared,linear,scalar,0,named-barrier,256,0,0,8,8,0,0,8,1,0,0,15,32768,6,1,32768,1000,100,0.358144,0.025723,0.321472,233255.374962,57.324841,7643312126.743011,0.000000,-1,,,,,,,,,,,,
fft-fp64-log8-temporal-r2-t128-b720,fft-fp64-log8-b720,full,butterfly,cuButterfly-temporal-r2-t128,0,1,720,-1,,native,64,64,64,0,per-stage-twiddle,floating-complex,temporal-r2-t128,1,36,4096,12,48,0.75,720,0.75,0.75,register,5898240,0.9375,0,Tesla V100-SXM2-16GB,7.0,fft,fp64,forward,none,out-of-place,0,,,,0.000000,,temporal-tile,radix2,four-mul,table,direct-strided,,1,8,,,,,,0,,,shared,linear,scalar,0,named-barrier,128,0,0,8,8,0,0,0,0,0,0,8,256,720,1,256,1000,100,0.551456,0.010711,0.512832,67220361.105904,68.833650,17208412443.111370,0.000000,-1,,,,,,,,,,,,
fwht-bf16-native-log20-hier-r4-t256-b2,fwht-bf16-native-log20-b2,full,butterfly,cuButterfly-hier-r4-t256,0,5,2,-1,,native,16,32,16,1,implicit-sign,floating-add,hier-r4-t256,512,44,2048,5,40,0.625,1024,2.56,1.0,register,8388608,1.3333333333333333,0,Tesla V100-SXM2-16GB,7.0,fwht,bf16,forward,none,out-of-place,0,,,,0.000000,,hierarchical,radix4,four-mul,table,direct-strided,,1,20,,,,,,0,,,shared,linear,scalar,0,named-barrier,256,0,0,8,8,0,0,10,0,0,0,20,1048576,2,1,1048576,1000,100,0.759712,0.176660,0.717664,11321.151292,118.710875,11871087536.816547,0.000000,-1,,,,,,,,,,,,
fft-fp16-native-log15-online-r4-t256-b6,fft-fp16-native-log15-b6,full,butterfly,cuButterfly-online-r4-t256,0,5,6,-1,,native,16,16,16,0,per-stage-twiddle,floating-complex,online-r4-t256,64,50,4096,4,32,0.5,384,1.2,1.0,register,1572864,0.25,0,Tesla V100-SXM2-16GB,7.0,fft,fp16,forward,none,out-of-place,0,,,,0.000000,,online-reorder,radix4,four-mul,table,direct-strided,,2,8x7,0x0,8x8,table,direct-strided,global-scratch,2,0x0,8x8,shared,linear,scalar,0,named-barrier,256,0,0,8,8,0,0,8,1,0,0,15,32768,6,1,32768,1000,100,0.248576,0.026419,0.194368,227107.558112,55.813953,7441860464.229785,0.000000,-1,,,,,,,,,,,,
fft-fp64-log8-temporal-r2-t128-b959,fft-fp64-log8-b959,full,butterfly,cuButterfly-temporal-r2-t128,0,4,959,-1,,native,64,64,64,0,per-stage-twiddle,floating-complex,temporal-r2-t128,1,36,4096,12,48,0.75,959,0.9989583333333333,0.9989583333333333,register,7856128,1.2486979166666667,0,Tesla V100-SXM2-16GB,7.0,fft,fp64,forward,none,out-of-place,0,,,,0.000000,,temporal-tile,radix2,four-mul,table,direct-strided,,1,8,,,,,,0,,,shared,linear,scalar,0,named-barrier,128,0,0,8,8,0,0,0,0,0,0,8,256,959,1,256,1000,100,0.704768,0.017275,0.654304,55514131.305151,56.846470,14211617614.118723,0.000000,-1,,,,,,,,,,,,
fft-bf16-native-log15-online-r2-t256-b5,fft-bf16-native-log15-b5,full,butterfly,cuButterfly-online-r2-t256,0,3,5,-1,,native,16,32,16,1,per-stage-twiddle,floating-complex,online-r2-t256,64,38,2048,6,48,0.75,320,0.6666666666666666,0.6666666666666666,register,1310720,0.20833333333333334,0,Tesla V100-SXM2-16GB,7.0,fft,bf16,forward,none,out-of-place,0,,,,0.000000,,online-reorder,radix2,four-mul,table,direct-strided,,2,8x7,0x0,8x8,table,direct-strided,global-scratch,2,0x0,8x8,shared,linear,scalar,0,named-barrier,256,0,0,8,8,0,0,8,1,0,0,15,32768,5,1,32768,1000,100,0.180640,0.038308,0.188640,130521.578776,32.076983,4276931093.323925,0.000000,-1,,,,,,,,,,,,
fft-bf16-native-log15-online-r2-t256-b1,fft-bf16-native-log15-b1,full,butterfly,cuButterfly-online-r2-t256,0,1,1,-1,,native,16,32,16,1,per-stage-twiddle,floating-complex,online-r2-t256,64,38,2048,6,48,0.75,64,0.13333333333333333,0.13333333333333333,register,262144,0.041666666666666664,0,Tesla V100-SXM2-16GB,7.0,fft,bf16,forward,none,out-of-place,0,,,,0.000000,,online-reorder,radix2,four-mul,table,direct-strided,,2,8x7,0x0,8x8,table,direct-strided,global-scratch,2,0x0,8x8,shared,linear,scalar,0,named-barrier,256,0,0,8,8,0,0,8,1,0,0,15,32768,1,1,32768,1000,100,0.034624,0.014787,0.045536,67628.981590,16.620499,2216066468.746512,0.000000,-1,,,,,,,,,,,,
fft-bf16-native-log8-temporal-r4-t128-b1280,fft-bf16-native-log8-b1280,full,butterfly,cuButterfly-temporal-r4-t128,0,4,1280,-1,,native,16,32,16,1,per-stage-twiddle,floating-complex,temporal-r4-t128,1,42,1024,10,40,0.625,1280,1.6,1.0,register,2621440,0.4166666666666667,0,Tesla V100-SXM2-16GB,7.0,fft,bf16,forward,none,out-of-place,0,,,,0.000000,,temporal-tile,radix4,four-mul,table,direct-strided,,1,8,,,,,,0,,,shared,linear,scalar,0,named-barrier,128,0,0,8,8,0,0,0,0,0,0,8,256,1280,1,256,1000,100,0.315648,0.029420,0.300992,43508529.139667,44.552734,11138183459.754684,0.000000,-1,,,,,,,,,,,,
fwht-bf16-fp32-log15-hier-r4-t256-b1,fwht-bf16-fp32-log15-b1,full,butterfly,cuButterfly-hier-r4-t256,0,4,1,-1,,fp32,16,32,32,0,implicit-sign,floating-add,hier-r4-t256,64,44,2048,5,40,0.625,64,0.16,0.16,register,131072,0.020833333333333332,0,Tesla V100-SXM2-16GB,7.0,fwht,bf16,forward,none,out-of-place,0,,,,0.000000,,hierarchical,radix4,four-mul,table,direct-strided,,1,15,,,,,,0,,,shared,linear,scalar,0,named-barrier,256,0,0,8,8,0,0,8,0,0,0,15,32768,1,1,32768,1000,100,0.030720,0.017756,0.032128,56318.482170,13.840830,1845444023.740434,0.000000,-1,,,,,,,,,,,,
fwht-fp32-log8-temporal-r2-t128-b959,fwht-fp32-log8-b959,full,butterfly,cuButterfly-temporal-r2-t128,0,5,959,-1,,native,32,32,32,0,implicit-sign,floating-add,temporal-r2-t128,1,30,1024,16,64,1.0,959,0.74921875,0.74921875,register+thread+warp,1964032,0.3121744791666667,0,Tesla V100-SXM2-16GB,7.0,fwht,fp32,forward,none,out-of-place,0,,,,0.000000,,temporal-tile,radix2,four-mul,table,direct-strided,,1,8,,,,,,0,,,shared,linear,scalar,0,named-barrier,128,0,0,8,8,0,0,0,0,0,0,8,256,959,1,256,1000,100,0.239936,0.004813,0.232000,199260311.655978,204.042559,51010639783.930374,0.000000,-1,,,,,,,,,,,,
fft-fp64-log8-temporal-r4-t128-b1,fft-fp64-log8-b1,full,butterfly,cuButterfly-temporal-r4-t128,0,4,1,-1,,native,64,64,64,0,per-stage-twiddle,floating-complex,temporal-r4-t128,1,50,4096,9,36,0.5625,1,0.001388888888888889,0.001388888888888889,register,8192,0.0013020833333333333,0,Tesla V100-SXM2-16GB,7.0,fft,fp64,forward,none,out-of-place,0,,,,0.000000,,temporal-tile,radix4,four-mul,table,direct-strided,,1,8,,,,,,0,,,shared,linear,scalar,0,named-barrier,128,0,0,8,8,0,0,0,0,0,0,8,256,1,1,256,1000,100,0.006144,0.003768,0.017216,265370.230807,0.271739,67934779.086467,0.000000,-1,,,,,,,,,,,,
fft-bf16-native-log15-online-r2-t256-b9,fft-bf16-native-log15-b9,full,butterfly,cuButterfly-online-r2-t256,0,1,9,-1,,native,16,32,16,1,per-stage-twiddle,floating-complex,online-r2-t256,64,38,2048,6,48,0.75,576,1.2,1.0,register,2359296,0.375,0,Tesla V100-SXM2-16GB,7.0,fft,bf16,forward,none,out-of-place,0,,,,0.000000,,online-reorder,radix2,four-mul,table,direct-strided,,2,8x7,0x0,8x8,table,direct-strided,global-scratch,2,0x0,8x8,shared,linear,scalar,0,named-barrier,256,0,0,8,8,0,0,8,1,0,0,15,32768,9,1,32768,1000,100,0.353760,0.062372,0.252096,144295.890063,35.462158,4728287725.597365,0.000000,-1,,,,,,,,,,,,
structured-2x2-fp64-log8-temporal-r4-t128-b801,structured-2x2-fp64-log8-b801,full,butterfly,cuButterfly-temporal-r4-t128,0,4,801,-1,,native,64,64,64,0,broadcast,floating-fma,temporal-r4-t128,1,42,2048,10,40,0.625,801,1.00125,1.0,register,3280896,0.521484375,0,Tesla V100-SXM2-16GB,7.0,structured-2x2,fp64,forward,none,out-of-place,0,,,,0.000000,,temporal-tile,radix4,four-mul,table,direct-strided,0.92387949999999996:-0.38268340000000001:0.38268340000000001:0.92387949999999996,1,8,,,,,,0,,,shared,linear,scalar,0,named-barrier,128,0,0,8,8,0,0,0,0,0,0,8,256,801,1,256,1000,100,0.370688,0.005929,0.297056,135099585.908769,138.341976,34585493992.644875,0.000000,-1,,,,,,,,,,,,
fft-bf16-native-log15-hier-r4-t256-b5,fft-bf16-native-log15-b5,full,butterfly,cuButterfly-hier-r4-t256,0,3,5,-1,,native,16,32,16,1,per-stage-twiddle,floating-complex,hier-r4-t256,64,48,4096,5,40,0.625,320,0.8,0.8,register,1310720,0.20833333333333334,0,Tesla V100-SXM2-16GB,7.0,fft,bf16,forward,none,out-of-place,0,,,,0.000000,,hierarchical,radix4,four-mul,table,direct-strided,,1,15,,,,,,0,,,shared,linear,scalar,0,named-barrier,256,0,0,8,8,0,0,8,0,0,0,15,32768,5,1,32768,1000,100,0.179712,0.042332,0.157504,118113.516914,29.027578,3870343722.228070,0.000000,-1,,,,,,,,,,,,
fwht-bf16-fp32-log15-online-r2-t256-b1,fwht-bf16-fp32-log15-b1,full,butterfly,cuButterfly-online-r2-t256,0,1,1,-1,,fp32,16,32,32,0,implicit-sign,floating-add,online-r2-t256,64,36,1024,6,48,0.75,64,0.13333333333333333,0.13333333333333333,register,131072,0.020833333333333332,0,Tesla V100-SXM2-16GB,7.0,fwht,bf16,forward,none,out-of-place,0,,,,0.000000,,online-reorder,radix2,four-mul,table,direct-strided,,2,8x7,0x0,8x8,table,direct-strided,global-scratch,2,0x0,8x8,shared,linear,scalar,0,named-barrier,256,0,0,8,8,0,0,8,1,0,0,15,32768,1,1,32768,1000,100,0.032768,0.009114,0.035296,109726.117846,26.966291,3595505429.563726,0.000000,-1,,,,,,,,,,,,
fft-fp16-fp32-log20-hier-r4-t256-b2,fft-fp16-fp32-log20-b2,full,butterfly,cuButterfly-hier-r4-t256,0,2,2,-1,,fp32,16,32,32,0,per-stage-twiddle,floating-complex,hier-r4-t256,512,48,4096,5,40,0.625,1024,2.56,1.0,register,16777216,2.6666666666666665,0,Tesla V100-SXM2-16GB,7.0,fft,fp16,forward,none,out-of-place,0,,,,0.000000,,hierarchical,radix4,four-mul,table,direct-strided,,1,20,,,,,,0,,,shared,linear,scalar,0,named-barrier,256,0,0,8,8,0,0,10,0,0,0,20,1048576,2,1,1048576,1000,100,1.426976,0.303821,1.369984,6582.828014,69.025955,6902595467.106589,0.000000,-1,,,,,,,,,,,,
fft-fp16-native-log15-hier-r4-t256-b4,fft-fp16-native-log15-b4,full,butterfly,cuButterfly-hier-r4-t256,0,5,4,-1,,native,16,16,16,0,per-stage-twiddle,floating-complex,hier-r4-t256,64,48,4096,5,40,0.625,256,0.64,0.64,register,1048576,0.16666666666666666,0,Tesla V100-SXM2-16GB,7.0,fft,fp16,forward,none,out-of-place,0,,,,0.000000,,hierarchical,radix4,four-mul,table,direct-strided,,1,15,,,,,,0,,,shared,linear,scalar,0,named-barrier,256,0,0,8,8,0,0,8,0,0,0,15,32768,4,1,32768,1000,100,0.137248,0.023112,0.133920,173072.672862,42.534340,5671245344.343016,0.000000,-1,,,,,,,,,,,,
fwht-bf16-native-log20-online-r2-t256-b2,fwht-bf16-native-log20-b2,full,butterfly,cuButterfly-online-r2-t256,0,3,2,-1,,native,16,32,16,1,implicit-sign,floating-add,online-r2-t256,512,36,1024,6,48,0.75,1024,2.1333333333333333,1.0,register,8388608,1.3333333333333333,0,Tesla V100-SXM2-16GB,7.0,fwht,bf16,forward,none,out-of-place,0,,,,0.000000,,online-reorder,radix2,four-mul,table,direct-strided,,2,10x10,0x0,8x8,table,direct-strided,global-scratch,2,0x0,8x8,shared,linear,scalar,0,named-barrier,256,0,0,8,8,0,0,10,1,0,0,20,1048576,2,1,1048576,1000,100,0.748320,0.199025,0.713792,10049.007372,105.371480,10537147954.434446,0.000000,-1,,,,,,,,,,,,
structured-2x2-fp32-log20-hier-r4-t256-b2,structured-2x2-fp32-log20-b2,full,butterfly,cuButterfly-hier-r4-t256,0,1,2,-1,,native,32,32,32,0,broadcast,floating-fma,hier-r4-t256,512,44,4096,5,40,0.625,1024,2.56,1.0,register,16777216,2.6666666666666665,0,Tesla V100-SXM2-16GB,7.0,structured-2x2,fp32,forward,none,out-of-place,0,,,,0.000000,,hierarchical,radix4,four-mul,table,direct-strided,0.92387949999999996:-0.38268340000000001:0.38268340000000001:0.92387949999999996,1,20,,,,,,0,,,shared,linear,scalar,0,named-barrier,256,0,0,8,8,0,0,10,0,0,0,20,1048576,2,1,1048576,1000,100,1.428672,0.260526,1.348096,7676.774305,80.496813,8049681293.241385,0.000000,-1,,,,,,,,,,,,
fft-fp16-native-log8-temporal-r2-t128-b800,fft-fp16-native-log8-b800,full,butterfly,cuButterfly-temporal-r2-t128,0,2,800,-1,,native,16,16,16,0,per-stage-twiddle,floating-complex,temporal-r2-t128,1,32,1024,16,64,1.0,800,0.625,0.625,register+thread+warp,1638400,0.2604166666666667,0,Tesla V100-SXM2-16GB,7.0,fft,fp16,forward,none,out-of-place,0,,,,0.000000,,temporal-tile,radix2,four-mul,table,direct-strided,,1,8,,,,,,0,,,shared,linear,scalar,0,named-barrier,128,0,0,8,8,0,0,0,0,0,0,8,256,800,1,256,1000,100,0.203360,0.005437,0.200160,147128053.799607,150.659127,37664781772.699295,0.000000,-1,,,,,,,,,,,,
fwht-fp32-log8-temporal-r4-t128-b1281,fwht-fp32-log8-b1281,full,butterfly,cuButterfly-temporal-r4-t128,0,5,1281,-1,,native,32,32,32,0,implicit-sign,floating-add,temporal-r4-t128,1,38,1024,12,48,0.75,1281,1.334375,1.0,register,2623488,0.4169921875,0,Tesla V100-SXM2-16GB,7.0,fwht,fp32,forward,none,out-of-place,0,,,,0.000000,,temporal-tile,radix4,four-mul,table,direct-strided,,1,8,,,,,,0,,,shared,linear,scalar,0,named-barrier,128,0,0,8,8,0,0,0,0,0,0,8,256,1281,1,256,1000,100,0.328832,0.004803,0.270432,266732744.309913,273.134330,68283582543.337761,0.000000,-1,,,,,,,,,,,,
structured-2x2-fp16-native-log15-hier-r4-t256-b8,structured-2x2-fp16-native-log15-b8,full,butterfly,cuButterfly-hier-r4-t256,0,4,8,-1,,native,16,16,16,0,broadcast,floating-fma,hier-r4-t256,64,44,2048,5,40,0.625,512,1.28,1.0,register,1048576,0.16666666666666666,0,Tesla V100-SXM2-16GB,7.0,structured-2x2,fp16,forward,none,out-of-place,0,,,,0.000000,,hierarchical,radix4,four-mul,table,direct-strided,0.92387949999999996:-0.38268340000000001:0.38268340000000001:0.92387949999999996,1,15,,,,,,0,,,shared,linear,scalar,0,named-barrier,256,0,0,8,8,0,0,8,0,0,0,15,32768,8,1,32768,1000,100,0.123264,0.024105,0.131296,331881.899526,81.563296,10875106083.656202,0.000000,-1,,,,,,,,,,,,
fft-bf16-native-log15-hier-r4-t256-b5,fft-bf16-native-log15-b5,full,butterfly,cuButterfly-hier-r4-t256,0,5,5,-1,,native,16,32,16,1,per-stage-twiddle,floating-complex,hier-r4-t256,64,48,4096,5,40,0.625,320,0.8,0.8,register,1310720,0.20833333333333334,0,Tesla V100-SXM2-16GB,7.0,fft,bf16,forward,none,out-of-place,0,,,,0.000000,,hierarchical,radix4,four-mul,table,direct-strided,,1,15,,,,,,0,,,shared,linear,scalar,0,named-barrier,256,0,0,8,8,0,0,8,0,0,0,15,32768,5,1,32768,1000,100,0.184224,0.042455,0.154336,117771.647597,28.943560,3859141348.466951,0.000000,-1,,,,,,,,,,,,
fwht-bf16-fp32-log8-temporal-r2-t128-b959,fwht-bf16-fp32-log8-b959,full,butterfly,cuButterfly-temporal-r2-t128,0,5,959,-1,,fp32,16,32,32,0,implicit-sign,floating-add,temporal-r2-t128,1,30,512,16,64,1.0,959,0.74921875,0.74921875,register+thread+warp,982016,0.15608723958333334,0,Tesla V100-SXM2-16GB,7.0,fwht,bf16,forward,none,out-of-place,0,,,,0.000000,,temporal-tile,radix2,four-mul,table,direct-strided,,1,8,,,,,,0,,,shared,linear,scalar,0,named-barrier,128,0,0,8,8,0,0,0,0,0,0,8,256,959,1,256,1000,100,0.154656,0.007025,0.127744,136519456.354959,139.795923,34948980826.869392,0.000000,-1,,,,,,,,,,,,
fft-fp32-log8-temporal-r2-t128-b1279,fft-fp32-log8-b1279,full,butterfly,cuButterfly-temporal-r2-t128,0,2,1279,-1,,native,32,32,32,0,per-stage-twiddle,floating-complex,temporal-r2-t128,1,32,2048,16,64,1.0,1279,0.99921875,0.99921875,register+thread+warp,5238784,0.8326822916666666,0,Tesla V100-SXM2-16GB,7.0,fft,fp32,forward,none,out-of-place,0,,,,0.000000,,temporal-tile,radix2,four-mul,table,direct-strided,,1,8,,,,,,0,,,shared,linear,scalar,0,named-barrier,128,0,0,8,8,0,0,0,0,0,0,8,256,1279,1,256,1000,100,0.515968,0.010793,0.452960,118503178.131535,121.347254,30336813601.673054,0.000000,-1,,,,,,,,,,,,
ntt-uint64-ntt-log15-ntt-hybrid-r2-t256-b320,ntt-uint64-ntt-log15-b320,full,ntt,cuButterfly-ntt-hybrid-r2-t256,0,4,320,-1,,native,64,64,64,0,per-stage-root,modular-multiply-reduce,ntt-hybrid-r2-t256,1,52,4096,4,32,0.5,320,1.0,1.0,register,167772160,26.666666666666668,0,Tesla V100-SXM2-16GB,7.0,ntt,uint64,forward,,,0,,,,0.000000,,hybrid2d,radix2,,fused,,,,,,,,,,,,,,,,0,named-barrier,,,,,,,,,,,,15,32768,320,1,32768,1000,100,13.563040,0.681523,20.343840,,,,,-1,natural,64,1152921504606748673,60,7,4,256,0,469536.470941,9251.655922,15385771079.792990,shoup
structured-2x2-fp64-log15-online-r2-t256-b4,structured-2x2-fp64-log15-b4,full,butterfly,cuButterfly-online-r2-t256,0,1,4,-1,,native,64,64,64,0,broadcast,floating-fma,online-r2-t256,64,38,4096,6,48,0.75,256,0.5333333333333333,0.5333333333333333,register,2097152,0.3333333333333333,0,Tesla V100-SXM2-16GB,7.0,structured-2x2,fp64,forward,none,out-of-place,0,,,,0.000000,,online-reorder,radix2,four-mul,table,direct-strided,0.92387949999999996:-0.38268340000000001:0.38268340000000001:0.92387949999999996,2,8x7,0x0,8x8,table,direct-strided,global-scratch,2,0x0,8x8,shared,linear,scalar,0,named-barrier,256,0,0,8,8,0,0,8,1,0,0,15,32768,4,1,32768,1000,100,0.273344,0.019845,0.253056,201560.881329,49.535602,6604746959.402936,0.000000,-1,,,,,,,,,,,,
fft-bf16-fp32-log15-online-r2-t256-b6,fft-bf16-fp32-log15-b6,full,butterfly,cuButterfly-online-r2-t256,0,3,6,-1,,fp32,16,32,32,0,per-stage-twiddle,floating-complex,online-r2-t256,64,38,2048,6,48,0.75,384,0.8,0.8,register,1572864,0.25,0,Tesla V100-SXM2-16GB,7.0,fft,bf16,forward,none,out-of-place,0,,,,0.000000,,online-reorder,radix2,four-mul,table,direct-strided,,2,8x7,0x0,8x8,table,direct-strided,global-scratch,2,0x0,8x8,shared,linear,scalar,0,named-barrier,256,0,0,8,8,0,0,8,1,0,0,15,32768,6,1,32768,1000,100,0.231872,0.036147,0.200512,165987.962309,40.793202,5439093548.951221,0.000000,-1,,,,,,,,,,,,
fft-bf16-fp32-log8-temporal-r2-t128-b1,fft-bf16-fp32-log8-b1,full,butterfly,cuButterfly-temporal-r2-t128,0,5,1,-1,,fp32,16,32,32,0,per-stage-twiddle,floating-complex,temporal-r2-t128,1,32,1024,16,64,1.0,1,0.00078125,0.00078125,register+thread+warp,2048,0.0003255208333333333,0,Tesla V100-SXM2-16GB,7.0,fft,bf16,forward,none,out-of-place,0,,,,0.000000,,temporal-tile,radix2,four-mul,table,direct-strided,,1,8,,,,,,0,,,shared,linear,scalar,0,named-barrier,128,0,0,8,8,0,0,0,0,0,0,8,256,1,1,256,1000,100,0.006144,0.004823,0.017120,207338.101068,0.212314,53078553.873366,0.000000,-1,,,,,,,,,,,,
fft-bf16-native-log8-temporal-r4-t128-b1281,fft-bf16-native-log8-b1281,full,butterfly,cuButterfly-temporal-r4-t128,0,4,1281,-1,,native,16,32,16,1,per-stage-twiddle,floating-complex,temporal-r4-t128,1,42,1024,10,40,0.625,1281,1.60125,1.0,register,2623488,0.4169921875,0,Tesla V100-SXM2-16GB,7.0,fft,bf16,forward,none,out-of-place,0,,,,0.000000,,temporal-tile,radix4,four-mul,table,direct-strided,,1,8,,,,,,0,,,shared,linear,scalar,0,named-barrier,128,0,0,8,8,0,0,0,0,0,0,8,256,1281,1,256,1000,100,0.319136,0.030013,0.260992,42680878.714740,43.705220,10926304950.973364,0.000000,-1,,,,,,,,,,,,
fft-fp64-log20-online-r4-t256-b2,fft-fp64-log20-b2,full,butterfly,cuButterfly-online-r4-t256,0,4,2,-1,,native,64,64,64,0,per-stage-twiddle,floating-complex,online-r4-t256,512,58,16384,4,32,0.5,1024,3.2,1.0,register,67108864,10.666666666666666,0,Tesla V100-SXM2-16GB,7.0,fft,fp64,forward,none,out-of-place,0,,,,0.000000,,online-reorder,radix4,four-mul,table,direct-strided,,2,10x10,0x0,8x8,table,direct-strided,global-scratch,2,0x0,8x8,shared,linear,scalar,0,named-barrier,256,0,0,8,8,0,0,10,1,0,0,20,1048576,2,1,1048576,1000,100,5.467904,0.523080,5.107200,3823.509162,40.092399,4009239943.343421,0.000000,-1,,,,,,,,,,,,
fft-bf16-fp32-log15-online-r4-t256-b6,fft-bf16-fp32-log15-b6,full,butterfly,cuButterfly-online-r4-t256,0,5,6,-1,,fp32,16,32,32,0,per-stage-twiddle,floating-complex,online-r4-t256,64,50,4096,4,32,0.5,384,1.2,1.0,register,1572864,0.25,0,Tesla V100-SXM2-16GB,7.0,fft,bf16,forward,none,out-of-place,0,,,,0.000000,,online-reorder,radix4,four-mul,table,direct-strided,,2,8x7,0x0,8x8,table,direct-strided,global-scratch,2,0x0,8x8,shared,linear,scalar,0,named-barrier,256,0,0,8,8,0,0,8,1,0,0,15,32768,6,1,32768,1000,100,0.226624,0.038707,0.237408,155009.918882,38.095238,5079365021.916704,0.000000,-1,,,,,,,,,,,,
structured-2x2-fp32-log20-online-r2-t256-b1,structured-2x2-fp32-log20-b1,full,butterfly,cuButterfly-online-r2-t256,0,2,1,-1,,native,32,32,32,0,broadcast,floating-fma,online-r2-t256,512,36,2048,6,48,0.75,512,1.0666666666666667,1.0,register,8388608,1.3333333333333333,0,Tesla V100-SXM2-16GB,7.0,structured-2x2,fp32,forward,none,out-of-place,0,,,,0.000000,,online-reorder,radix2,four-mul,table,direct-strided,0.92387949999999996:-0.38268340000000001:0.38268340000000001:0.92387949999999996,2,10x10,0x0,8x8,table,direct-strided,global-scratch,2,0x0,8x8,shared,linear,scalar,0,named-barrier,256,0,0,8,8,0,0,10,1,0,0,20,1048576,1,1,1048576,1000,100,0.745440,0.100352,0.741760,9964.923055,104.489792,10448979157.599165,0.000000,-1,,,,,,,,,,,,
structured-2x2-fp16-fp32-log8-temporal-r2-t128-b960,structured-2x2-fp16-fp32-log8-b960,full,butterfly,cuButterfly-temporal-r2-t128,0,2,960,-1,,fp32,16,32,32,0,broadcast,floating-fma,temporal-r2-t128,1,30,512,16,64,1.0,960,0.75,0.75,register+thread+warp,983040,0.15625,0,Tesla V100-SXM2-16GB,7.0,structured-2x2,fp16,forward,none,out-of-place,0,,,,0.000000,,temporal-tile,radix2,four-mul,table,direct-strided,0.92387949999999996:-0.38268340000000001:0.38268340000000001:0.92387949999999996,1,8,,,,,,0,,,shared,linear,scalar,0,named-barrier,128,0,0,8,8,0,0,0,0,0,0,8,256,960,1,256,1000,100,0.114912,0.005939,0.136736,161637929.541603,165.517240,41379309962.650352,0.000000,-1,,,,,,,,,,,,
fwht-fp16-native-log15-hier-r4-t256-b6,fwht-fp16-native-log15-b6,full,butterfly,cuButterfly-hier-r4-t256,0,4,6,-1,,native,16,16,16,0,implicit-sign,floating-add,hier-r4-t256,64,44,2048,5,40,0.625,384,0.96,0.96,register,786432,0.125,0,Tesla V100-SXM2-16GB,7.0,fwht,fp16,forward,none,out-of-place,0,,,,0.000000,,hierarchical,radix4,four-mul,table,direct-strided,,1,15,,,,,,0,,,shared,linear,scalar,0,named-barrier,256,0,0,8,8,0,0,8,0,0,0,15,32768,6,1,32768,1000,100,0.098880,0.021637,0.104704,277301.238772,68.149552,9086606992.090107,0.000000,-1,,,,,,,,,,,,
fwht-fp32-log8-temporal-r4-t128-b1,fwht-fp32-log8-b1,full,butterfly,cuButterfly-temporal-r4-t128,0,2,1,-1,,native,32,32,32,0,implicit-sign,floating-add,temporal-r4-t128,1,38,1024,12,48,0.75,1,0.0010416666666666667,0.0010416666666666667,register,2048,0.0003255208333333333,0,Tesla V100-SXM2-16GB,7.0,fwht,fp32,forward,none,out-of-place,0,,,,0.000000,,temporal-tile,radix4,four-mul,table,direct-strided,,1,8,,,,,,0,,,shared,linear,scalar,0,named-barrier,128,0,0,8,8,0,0,0,0,0,0,8,256,1,1,256,1000,100,0.008192,0.002509,0.016896,398596.937007,0.408163,102040815.873912,0.000000,-1,,,,,,,,,,,,
structured-2x2-fp32-log20-online-r4-t256-b1,structured-2x2-fp32-log20-b1,full,butterfly,cuButterfly-online-r4-t256,0,4,1,-1,,native,32,32,32,0,broadcast,floating-fma,online-r4-t256,512,46,4096,5,40,0.625,512,1.28,1.0,register,8388608,1.3333333333333333,0,Tesla V100-SXM2-16GB,7.0,structured-2x2,fp32,forward,none,out-of-place,0,,,,0.000000,,online-reorder,radix4,four-mul,table,direct-strided,0.92387949999999996:-0.38268340000000001:0.38268340000000001:0.92387949999999996,2,10x10,0x0,8x8,table,direct-strided,global-scratch,2,0x0,8x8,shared,linear,scalar,0,named-barrier,256,0,0,8,8,0,0,10,1,0,0,20,1048576,1,1,1048576,1000,100,0.750048,0.095857,0.712000,10432.245839,109.390026,10939002612.794680,0.000000,-1,,,,,,,,,,,,
fft-fp32-log15-online-r4-t256-b9,fft-fp32-log15-b9,full,butterfly,cuButterfly-online-r4-t256,0,3,9,-1,,native,32,32,32,0,per-stage-twiddle,floating-complex,online-r4-t256,64,50,8192,4,32,0.5,576,1.8,1.0,register,4718592,0.75,0,Tesla V100-SXM2-16GB,7.0,fft,fp32,forward,none,out-of-place,0,,,,0.000000,,online-reorder,radix4,four-mul,table,direct-strided,,2,8x7,0x0,8x8,table,direct-strided,global-scratch,2,0x0,8x8,shared,linear,scalar,0,named-barrier,256,0,0,8,8,0,0,8,1,0,0,15,32768,9,1,32768,1000,100,0.536352,0.041626,0.415424,216213.098030,53.136531,7084870796.254842,0.000000,-1,,,,,,,,,,,,
structured-2x2-fp16-native-log15-online-r2-t256-b7,structured-2x2-fp16-native-log15-b7,full,butterfly,cuButterfly-online-r2-t256,0,5,7,-1,,native,16,16,16,0,broadcast,floating-fma,online-r2-t256,64,36,1024,6,48,0.75,448,0.9333333333333333,0.9333333333333333,register,917504,0.14583333333333334,0,Tesla V100-SXM2-16GB,7.0,structured-2x2,fp16,forward,none,out-of-place,0,,,,0.000000,,online-reorder,radix2,four-mul,table,direct-strided,0.92387949999999996:-0.38268340000000001:0.38268340000000001:0.92387949999999996,2,8x7,0x0,8x8,table,direct-strided,global-scratch,2,0x0,8x8,shared,linear,scalar,0,named-barrier,256,0,0,8,8,0,0,8,1,0,0,15,32768,7,1,32768,1000,100,0.111072,0.026767,0.123776,261512.510040,64.269314,8569241928.977028,0.000000,-1,,,,,,,,,,,,
structured-2x2-bf16-native-log15-online-r2-t256-b9,structured-2x2-bf16-native-log15-b9,full,butterfly,cuButterfly-online-r2-t256,0,5,9,-1,,native,16,32,16,1,broadcast,floating-fma,online-r2-t256,64,36,1024,6,48,0.75,576,1.2,1.0,register,1179648,0.1875,0,Tesla V100-SXM2-16GB,7.0,structured-2x2,bf16,forward,none,out-of-place,0,,,,0.000000,,online-reorder,radix2,four-mul,table,direct-strided,0.92387949999999996:-0.38268340000000001:0.38268340000000001:0.92387949999999996,2,8x7,0x0,8x8,table,direct-strided,global-scratch,2,0x0,8x8,shared,linear,scalar,0,named-barrier,256,0,0,8,8,0,0,8,1,0,0,15,32768,9,1,32768,1000,100,0.136416,0.045609,0.154880,197329.647110,48.495734,6466097876.484820,0.000000,-1,,,,,,,,,,,,
fwht-bf16-fp32-log8-temporal-r2-t128-b1,fwht-bf16-fp32-log8-b1,full,butterfly,cuButterfly-temporal-r2-t128,0,3,1,-1,,fp32,16,32,32,0,implicit-sign,floating-add,temporal-r2-t128,1,30,512,16,64,1.0,1,0.00078125,0.00078125,register+thread+warp,1024,0.00016276041666666666,0,Tesla V100-SXM2-16GB,7.0,fwht,bf16,forward,none,out-of-place,0,,,,0.000000,,temporal-tile,radix2,four-mul,table,direct-strided,,1,8,,,,,,0,,,shared,linear,scalar,0,named-barrier,128,0,0,8,8,0,0,0,0,0,0,8,256,1,1,256,1000,100,0.011264,0.003103,0.020256,322297.853060,0.330033,82508250.383290,0.000000,-1,,,,,,,,,,,,
structured-2x2-fp16-native-log15-online-r2-t256-b7,structured-2x2-fp16-native-log15-b7,full,butterfly,cuButterfly-online-r2-t256,0,3,7,-1,,native,16,16,16,0,broadcast,floating-fma,online-r2-t256,64,36,1024,6,48,0.75,448,0.9333333333333333,0.9333333333333333,register,917504,0.14583333333333334,0,Tesla V100-SXM2-16GB,7.0,structured-2x2,fp16,forward,none,out-of-place,0,,,,0.000000,,online-reorder,radix2,four-mul,table,direct-strided,0.92387949999999996:-0.38268340000000001:0.38268340000000001:0.92387949999999996,2,8x7,0x0,8x8,table,direct-strided,global-scratch,2,0x0,8x8,shared,linear,scalar,0,named-barrier,256,0,0,8,8,0,0,8,1,0,0,15,32768,7,1,32768,1000,100,0.106368,0.026890,0.144640,260317.492194,63.975627,8530083584.217546,0.000000,-1,,,,,,,,,,,,
structured-2x2-fp16-fp32-log15-online-r2-t256-b1,structured-2x2-fp16-fp32-log15-b1,full,butterfly,cuButterfly-online-r2-t256,0,3,1,-1,,fp32,16,32,32,0,broadcast,floating-fma,online-r2-t256,64,36,1024,6,48,0.75,64,0.13333333333333333,0.13333333333333333,register,131072,0.020833333333333332,0,Tesla V100-SXM2-16GB,7.0,structured-2x2,fp16,forward,none,out-of-place,0,,,,0.000000,,online-reorder,radix2,four-mul,table,direct-strided,0.92387949999999996:-0.38268340000000001:0.38268340000000001:0.92387949999999996,2,8x7,0x0,8x8,table,direct-strided,global-scratch,2,0x0,8x8,shared,linear,scalar,0,named-barrier,256,0,0,8,8,0,0,8,1,0,0,15,32768,1,1,32768,1000,100,0.029696,0.009513,0.032288,105119.752649,25.834230,3444564054.794853,0.000000,-1,,,,,,,,,,,,
fwht-fp64-log15-online-r4-t256-b7,fwht-fp64-log15-b7,full,butterfly,cuButterfly-online-r4-t256,0,5,7,-1,,native,64,64,64,0,implicit-sign,floating-add,online-r4-t256,64,50,8192,4,32,0.5,448,1.4,1.0,register,3670016,0.5833333333333334,0,Tesla V100-SXM2-16GB,7.0,fwht,fp64,forward,none,out-of-place,0,,,,0.000000,,online-reorder,radix4,four-mul,table,direct-strided,,2,8x7,0x0,8x8,table,direct-strided,global-scratch,2,0x0,8x8,shared,linear,scalar,0,named-barrier,256,0,0,8,8,0,0,8,1,0,0,15,32768,7,1,32768,1000,100,0.406656,0.023245,0.349280,301142.620548,74.008810,9867841390.127150,0.000000,-1,,,,,,,,,,,,
fwht-bf16-fp32-log8-temporal-r4-t128-b959,fwht-bf16-fp32-log8-b959,full,butterfly,cuButterfly-temporal-r4-t128,0,3,959,-1,,fp32,16,32,32,0,implicit-sign,floating-add,temporal-r4-t128,1,38,512,12,48,0.75,959,0.9989583333333333,0.9989583333333333,register,982016,0.15608723958333334,0,Tesla V100-SXM2-16GB,7.0,fwht,bf16,forward,none,out-of-place,0,,,,0.000000,,temporal-tile,radix4,four-mul,table,direct-strided,,1,8,,,,,,0,,,shared,linear,scalar,0,named-barrier,128,0,0,8,8,0,0,0,0,0,0,8,256,959,1,256,1000,100,0.127840,0.006728,0.120416,142545422.194979,145.966512,36491628081.914597,0.000000,-1,,,,,,,,,,,,
structured-2x2-fp16-fp32-log15-online-r4-t256-b1,structured-2x2-fp16-fp32-log15-b1,full,butterfly,cuButterfly-online-r4-t256,0,2,1,-1,,fp32,16,32,32,0,broadcast,floating-fma,online-r4-t256,64,46,2048,5,40,0.625,64,0.16,0.16,register,131072,0.020833333333333332,0,Tesla V100-SXM2-16GB,7.0,structured-2x2,fp16,forward,none,out-of-place,0,,,,0.000000,,online-reorder,radix4,four-mul,table,direct-strided,0.92387949999999996:-0.38268340000000001:0.38268340000000001:0.92387949999999996,2,8x7,0x0,8x8,table,direct-strided,global-scratch,2,0x0,8x8,shared,linear,scalar,0,named-barrier,256,0,0,8,8,0,0,8,1,0,0,15,32768,1,1,32768,1000,100,0.028672,0.009062,0.031136,110346.044130,27.118644,3615819174.042343,0.000000,-1,,,,,,,,,,,,
structured-2x2-bf16-fp32-log8-temporal-r4-t128-b1,structured-2x2-bf16-fp32-log8-b1,full,butterfly,cuButterfly-temporal-r4-t128,0,3,1,-1,,fp32,16,32,32,0,broadcast,floating-fma,temporal-r4-t128,1,38,512,12,48,0.75,1,0.0010416666666666667,0.0010416666666666667,register,1024,0.00016276041666666666,0,Tesla V100-SXM2-16GB,7.0,structured-2x2,bf16,forward,none,out-of-place,0,,,,0.000000,,temporal-tile,radix4,four-mul,table,direct-strided,0.92387949999999996:-0.38268340000000001:0.38268340000000001:0.92387949999999996,1,8,,,,,,0,,,shared,linear,scalar,0,named-barrier,128,0,0,8,8,0,0,0,0,0,0,8,256,1,1,256,1000,100,0.006144,0.003215,0.017312,311007.166616,0.318471,79617834.653573,0.000000,-1,,,,,,,,,,,,
fwht-bf16-native-log15-online-r4-t256-b9,fwht-bf16-native-log15-b9,full,butterfly,cuButterfly-online-r4-t256,0,5,9,-1,,native,16,32,16,1,implicit-sign,floating-add,online-r4-t256,64,46,2048,5,40,0.625,576,1.44,1.0,register,1179648,0.1875,0,Tesla V100-SXM2-16GB,7.0,fwht,bf16,forward,none,out-of-place,0,,,,0.000000,,online-reorder,radix4,four-mul,table,direct-strided,,2,8x7,0x0,8x8,table,direct-strided,global-scratch,2,0x0,8x8,shared,linear,scalar,0,named-barrier,256,0,0,8,8,0,0,8,1,0,0,15,32768,9,1,32768,1000,100,0.139264,0.030403,0.140992,296027.705004,72.751769,9700235837.567982,0.000000,-1,,,,,,,,,,,,
fwht-fp16-native-log8-temporal-r4-t128-b959,fwht-fp16-native-log8-b959,full,butterfly,cuButterfly-temporal-r4-t128,0,5,959,-1,,native,16,16,16,0,implicit-sign,floating-add,temporal-r4-t128,1,38,512,12,48,0.75,959,0.9989583333333333,0.9989583333333333,register,982016,0.15608723958333334,0,Tesla V100-SXM2-16GB,7.0,fwht,fp16,forward,none,out-of-place,0,,,,0.000000,,temporal-tile,radix4,four-mul,table,direct-strided,,1,8,,,,,,0,,,shared,linear,scalar,0,named-barrier,128,0,0,8,8,0,0,0,0,0,0,8,256,959,1,256,1000,100,0.142880,0.004086,0.137440,234717647.881727,240.350871,60087717857.721985,0.000000,-1,,,,,,,,,,,,
fft-fp32-log15-hier-r4-t256-b9,fft-fp32-log15-b9,full,butterfly,cuButterfly-hier-r4-t256,0,1,9,-1,,native,32,32,32,0,per-stage-twiddle,floating-complex,hier-r4-t256,64,48,8192,5,40,0.625,576,1.44,1.0,register,4718592,0.75,0,Tesla V100-SXM2-16GB,7.0,fft,fp32,forward,none,out-of-place,0,,,,0.000000,,hierarchical,radix4,four-mul,table,direct-strided,,1,15,,,,,,0,,,shared,linear,scalar,0,named-barrier,256,0,0,8,8,0,0,8,0,0,0,15,32768,9,1,32768,1000,100,0.526976,0.042445,0.448224,212040.094473,52.110974,6948129815.702551,0.000000,-1,,,,,,,,,,,,
fwht-fp64-log8-temporal-r2-t128-b1279,fwht-fp64-log8-b1279,full,butterfly,cuButterfly-temporal-r2-t128,0,1,1279,-1,,native,64,64,64,0,implicit-sign,floating-add,temporal-r2-t128,1,32,2048,16,64,1.0,1279,0.99921875,0.99921875,register+thread+warp,5238784,0.8326822916666666,0,Tesla V100-SXM2-16GB,7.0,fwht,fp64,forward,none,out-of-place,0,,,,0.000000,,temporal-tile,radix2,four-mul,table,direct-strided,,1,8,,,,,,0,,,shared,linear,scalar,0,named-barrier,128,0,0,8,8,0,0,0,0,0,0,8,256,1279,1,256,1000,100,0.500160,0.007588,0.446304,168559171.701434,172.604592,43151147955.567070,0.000000,-1,,,,,,,,,,,,
subset-zeta-uint32-zeta-log15-online-r4-t256-b9,subset-zeta-uint32-zeta-log15-b9,full,butterfly,cuButterfly-online-r4-t256,0,4,9,-1,,native,32,32,32,0,implicit-unit,integer-add,online-r4-t256,64,46,4096,5,40,0.625,576,1.44,1.0,register,2359296,0.375,0,Tesla V100-SXM2-16GB,7.0,subset-zeta,uint32,forward,none,out-of-place,0,,,,0.000000,,online-reorder,radix4,four-mul,table,direct-strided,,2,8x7,0x0,8x8,table,direct-strided,global-scratch,2,0x0,8x8,shared,linear,scalar,0,named-barrier,256,0,0,8,8,0,0,8,1,0,0,15,32768,9,1,32768,1000,100,0.269408,0.027658,0.279840,325400.304467,79.970379,10662717176.771215,0.000000,-1,,,,,,,,,,,,
fwht-fp16-native-log15-online-r2-t256-b1,fwht-fp16-native-log15-b1,full,butterfly,cuButterfly-online-r2-t256,0,2,1,-1,,native,16,16,16,0,implicit-sign,floating-add,online-r2-t256,64,36,1024,6,48,0.75,64,0.13333333333333333,0.13333333333333333,register,131072,0.020833333333333332,0,Tesla V100-SXM2-16GB,7.0,fwht,fp16,forward,none,out-of-place,0,,,,0.000000,,online-reorder,radix2,four-mul,table,direct-strided,,2,8x7,0x0,8x8,table,direct-strided,global-scratch,2,0x0,8x8,shared,linear,scalar,0,named-barrier,256,0,0,8,8,0,0,8,1,0,0,15,32768,1,1,32768,1000,100,0.031744,0.008294,0.035008,120563.274109,29.629630,3950617366.008073,0.000000,-1,,,,,,,,,,,,
fft-fp16-native-log15-hier-r4-t256-b5,fft-fp16-native-log15-b5,full,butterfly,cuButterfly-hier-r4-t256,0,2,5,-1,,native,16,16,16,0,per-stage-twiddle,floating-complex,hier-r4-t256,64,48,4096,5,40,0.625,320,0.8,0.8,register,1310720,0.20833333333333334,0,Tesla V100-SXM2-16GB,7.0,fft,fp16,forward,none,out-of-place,0,,,,0.000000,,hierarchical,radix4,four-mul,table,direct-strided,,1,15,,,,,,0,,,shared,linear,scalar,0,named-barrier,256,0,0,8,8,0,0,8,0,0,0,15,32768,5,1,32768,1000,100,0.180448,0.023900,0.169888,209203.615440,51.413881,6855184070.740762,0.000000,-1,,,,,,,,,,,,
structured-2x2-fp32-log20-hier-r4-t256-b2,structured-2x2-fp32-log20-b2,full,butterfly,cuButterfly-hier-r4-t256,0,5,2,-1,,native,32,32,32,0,broadcast,floating-fma,hier-r4-t256,512,44,4096,5,40,0.625,1024,2.56,1.0,register,16777216,2.6666666666666665,0,Tesla V100-SXM2-16GB,7.0,structured-2x2,fp32,forward,none,out-of-place,0,,,,0.000000,,hierarchical,radix4,four-mul,table,direct-strided,0.92387949999999996:-0.38268340000000001:0.38268340000000001:0.92387949999999996,1,20,,,,,,0,,,shared,linear,scalar,0,named-barrier,256,0,0,8,8,0,0,10,0,0,0,20,1048576,2,1,1048576,1000,100,1.416864,0.260475,1.366144,7678.284172,80.512645,8051264504.452703,0.000000,-1,,,,,,,,,,,,
fwht-bf16-native-log20-hier-r4-t256-b2,fwht-bf16-native-log20-b2,full,butterfly,cuButterfly-hier-r4-t256,0,4,2,-1,,native,16,32,16,1,implicit-sign,floating-add,hier-r4-t256,512,44,2048,5,40,0.625,1024,2.56,1.0,register,8388608,1.3333333333333333,0,Tesla V100-SXM2-16GB,7.0,fwht,bf16,forward,none,out-of-place,0,,,,0.000000,,hierarchical,radix4,four-mul,table,direct-strided,,1,20,,,,,,0,,,shared,linear,scalar,0,named-barrier,256,0,0,8,8,0,0,10,0,0,0,20,1048576,2,1,1048576,1000,100,0.763616,0.177213,0.742720,11285.825387,118.340456,11834045641.293533,0.000000,-1,,,,,,,,,,,,
structured-2x2-fp64-log15-online-r2-t256-b5,structured-2x2-fp64-log15-b5,full,butterfly,cuButterfly-online-r2-t256,0,2,5,-1,,native,64,64,64,0,broadcast,floating-fma,online-r2-t256,64,38,4096,6,48,0.75,320,0.6666666666666666,0.6666666666666666,register,2621440,0.4166666666666667,0,Tesla V100-SXM2-16GB,7.0,structured-2x2,fp64,forward,none,out-of-place,0,,,,0.000000,,online-reorder,radix2,four-mul,table,direct-strided,0.92387949999999996:-0.38268340000000001:0.38268340000000001:0.92387949999999996,2,8x7,0x0,8x8,table,direct-strided,global-scratch,2,0x0,8x8,shared,linear,scalar,0,named-barrier,256,0,0,8,8,0,0,8,1,0,0,15,32768,5,1,32768,1000,100,0.288736,0.022671,0.300064,220542.564926,54.200541,7226738767.500790,0.000000,-1,,,,,,,,,,,,
fft-fp16-native-log15-online-r2-t256-b1,fft-fp16-native-log15-b1,full,butterfly,cuButterfly-online-r2-t256,0,3,1,-1,,native,16,16,16,0,per-stage-twiddle,floating-complex,online-r2-t256,64,38,2048,6,48,0.75,64,0.13333333333333333,0.13333333333333333,register,262144,0.041666666666666664,0,Tesla V100-SXM2-16GB,7.0,fft,fp16,forward,none,out-of-place,0,,,,0.000000,,online-reorder,radix2,four-mul,table,direct-strided,,2,8x7,0x0,8x8,table,direct-strided,global-scratch,2,0x0,8x8,shared,linear,scalar,0,named-barrier,256,0,0,8,8,0,0,8,1,0,0,15,32768,1,1,32768,1000,100,0.036608,0.011254,0.049344,88859.188623,21.838034,2911737892.803596,0.000000,-1,,,,,,,,,,,,
structured-2x2-fp64-log15-online-r2-t256-b4,structured-2x2-fp64-log15-b4,full,butterfly,cuButterfly-online-r2-t256,0,4,4,-1,,native,64,64,64,0,broadcast,floating-fma,online-r2-t256,64,38,4096,6,48,0.75,256,0.5333333333333333,0.5333333333333333,register,2097152,0.3333333333333333,0,Tesla V100-SXM2-16GB,7.0,structured-2x2,fp64,forward,none,out-of-place,0,,,,0.000000,,online-reorder,radix2,four-mul,table,direct-strided,0.92387949999999996:-0.38268340000000001:0.38268340000000001:0.92387949999999996,2,8x7,0x0,8x8,table,direct-strided,global-scratch,2,0x0,8x8,shared,linear,scalar,0,named-barrier,256,0,0,8,8,0,0,8,1,0,0,15,32768,4,1,32768,1000,100,0.264160,0.019692,0.238496,203133.131110,49.921998,6656266440.208691,0.000000,-1,,,,,,,,,,,,
structured-2x2-fp16-fp32-log15-online-r2-t256-b1,structured-2x2-fp16-fp32-log15-b1,full,butterfly,cuButterfly-online-r2-t256,0,1,1,-1,,fp32,16,32,32,0,broadcast,floating-fma,online-r2-t256,64,36,1024,6,48,0.75,64,0.13333333333333333,0.13333333333333333,register,131072,0.020833333333333332,0,Tesla V100-SXM2-16GB,7.0,structured-2x2,fp16,forward,none,out-of-place,0,,,,0.000000,,online-reorder,radix2,four-mul,table,direct-strided,0.92387949999999996:-0.38268340000000001:0.38268340000000001:0.92387949999999996,2,8x7,0x0,8x8,table,direct-strided,global-scratch,2,0x0,8x8,shared,linear,scalar,0,named-barrier,256,0,0,8,8,0,0,8,1,0,0,15,32768,1,1,32768,1000,100,0.028672,0.009523,0.030592,105006.721851,25.806452,3440860261.597280,0.000000,-1,,,,,,,,,,,,
fft-fp32-log8-temporal-r4-t128-b1280,fft-fp32-log8-b1280,full,butterfly,cuButterfly-temporal-r4-t128,0,2,1280,-1,,native,32,32,32,0,per-stage-twiddle,floating-complex,temporal-r4-t128,1,42,2048,10,40,0.625,1280,1.6,1.0,register,5242880,0.8333333333333334,0,Tesla V100-SXM2-16GB,7.0,fft,fp32,forward,none,out-of-place,0,,,,0.000000,,temporal-tile,radix4,four-mul,table,direct-strided,,1,8,,,,,,0,,,shared,linear,scalar,0,named-barrier,128,0,0,8,8,0,0,0,0,0,0,8,256,1280,1,256,1000,100,0.510080,0.009390,0.439520,136314062.564902,139.585600,34896400016.614891,0.000000,-1,,,,,,,,,,,,
fwht-fp32-log20-online-r4-t256-b1,fwht-fp32-log20-b1,full,butterfly,cuButterfly-online-r4-t256,0,4,1,-1,,native,32,32,32,0,implicit-sign,floating-add,online-r4-t256,512,46,4096,5,40,0.625,512,1.28,1.0,register,8388608,1.3333333333333333,0,Tesla V100-SXM2-16GB,7.0,fwht,fp32,forward,none,out-of-place,0,,,,0.000000,,online-reorder,radix4,four-mul,table,direct-strided,,2,10x10,0x0,8x8,table,direct-strided,global-scratch,2,0x0,8x8,shared,linear,scalar,0,named-barrier,256,0,0,8,8,0,0,10,1,0,0,20,1048576,1,1,1048576,1000,100,0.743648,0.090163,0.703904,11090.999298,116.297557,11629755679.488327,0.000000,-1,,,,,,,,,,,,
fft-fp16-native-log15-online-r4-t256-b5,fft-fp16-native-log15-b5,full,butterfly,cuButterfly-online-r4-t256,0,3,5,-1,,native,16,16,16,0,per-stage-twiddle,floating-complex,online-r4-t256,64,50,4096,4,32,0.5,320,1.0,1.0,register,1310720,0.20833333333333334,0,Tesla V100-SXM2-16GB,7.0,fft,fp16,forward,none,out-of-place,0,,,,0.000000,,online-reorder,radix4,four-mul,table,direct-strided,,2,8x7,0x0,8x8,table,direct-strided,global-scratch,2,0x0,8x8,shared,linear,scalar,0,named-barrier,256,0,0,8,8,0,0,8,1,0,0,15,32768,5,1,32768,1000,100,0.181504,0.022907,0.154272,218275.025659,53.643270,7152436040.779838,0.000000,-1,,,,,,,,,,,,
fwht-fp16-fp32-log15-hier-r4-t256-b9,fwht-fp16-fp32-log15-b9,full,butterfly,cuButterfly-hier-r4-t256,0,5,9,-1,,fp32,16,32,32,0,implicit-sign,floating-add,hier-r4-t256,64,44,2048,5,40,0.625,576,1.44,1.0,register,1179648,0.1875,0,Tesla V100-SXM2-16GB,7.0,fwht,fp16,forward,none,out-of-place,0,,,,0.000000,,hierarchical,radix4,four-mul,table,direct-strided,,1,15,,,,,,0,,,shared,linear,scalar,0,named-barrier,256,0,0,8,8,0,0,8,0,0,0,15,32768,9,1,32768,1000,100,0.136992,0.025283,0.157056,355976.611141,87.484812,11664641593.866743,0.000000,-1,,,,,,,,,,,,
fft-bf16-native-log20-hier-r4-t256-b2,fft-bf16-native-log20-b2,full,butterfly,cuButterfly-hier-r4-t256,0,2,2,-1,,native,16,32,16,1,per-stage-twiddle,floating-complex,hier-r4-t256,512,48,4096,5,40,0.625,1024,2.56,1.0,register,16777216,2.6666666666666665,0,Tesla V100-SXM2-16GB,7.0,fft,bf16,forward,none,out-of-place,0,,,,0.000000,,hierarchical,radix4,four-mul,table,direct-strided,,1,20,,,,,,0,,,shared,linear,scalar,0,named-barrier,256,0,0,8,8,0,0,10,0,0,0,20,1048576,2,1,1048576,1000,100,1.414240,0.461486,1.364800,4333.824995,45.443449,4544344877.931694,0.000000,-1,,,,,,,,,,,,
fft-fp16-fp32-log8-temporal-r2-t128-b800,fft-fp16-fp32-log8-b800,full,butterfly,cuButterfly-temporal-r2-t128,0,4,800,-1,,fp32,16,32,32,0,per-stage-twiddle,floating-complex,temporal-r2-t128,1,32,1024,16,64,1.0,800,0.625,0.625,register+thread+warp,1638400,0.2604166666666667,0,Tesla V100-SXM2-16GB,7.0,fft,fp16,forward,none,out-of-place,0,,,,0.000000,,temporal-tile,radix2,four-mul,table,direct-strided,,1,8,,,,,,0,,,shared,linear,scalar,0,named-barrier,128,0,0,8,8,0,0,0,0,0,0,8,256,800,1,256,1000,100,0.197344,0.006359,0.188480,125805147.607981,128.824471,32206117787.643250,0.000000,-1,,,,,,,,,,,,
fwht-fp32-log20-online-r2-t256-b1,fwht-fp32-log20-b1,full,butterfly,cuButterfly-online-r2-t256,0,4,1,-1,,native,32,32,32,0,implicit-sign,floating-add,online-r2-t256,512,36,2048,6,48,0.75,512,1.0666666666666667,1.0,register,8388608,1.3333333333333333,0,Tesla V100-SXM2-16GB,7.0,fwht,fp32,forward,none,out-of-place,0,,,,0.000000,,online-reorder,radix2,four-mul,table,direct-strided,,2,10x10,0x0,8x8,table,direct-strided,global-scratch,2,0x0,8x8,shared,linear,scalar,0,named-barrier,256,0,0,8,8,0,0,10,1,0,0,20,1048576,1,1,1048576,1000,100,0.743904,0.093553,0.715008,10689.169893,112.084070,11208407009.204372,0.000000,-1,,,,,,,,,,,,
fft-bf16-native-log15-online-r2-t256-b1,fft-bf16-native-log15-b1,full,butterfly,cuButterfly-online-r2-t256,0,5,1,-1,,native,16,32,16,1,per-stage-twiddle,floating-complex,online-r2-t256,64,38,2048,6,48,0.75,64,0.13333333333333333,0.13333333333333333,register,262144,0.041666666666666664,0,Tesla V100-SXM2-16GB,7.0,fft,bf16,forward,none,out-of-place,0,,,,0.000000,,online-reorder,radix2,four-mul,table,direct-strided,,2,8x7,0x0,8x8,table,direct-strided,global-scratch,2,0x0,8x8,shared,linear,scalar,0,named-barrier,256,0,0,8,8,0,0,8,1,0,0,15,32768,1,1,32768,1000,100,0.036704,0.014828,0.050496,67442.163170,16.574586,2209944802.767276,0.000000,-1,,,,,,,,,,,,
structured-2x2-fp16-native-log8-temporal-r4-t128-b1,structured-2x2-fp16-native-log8-b1,full,butterfly,cuButterfly-temporal-r4-t128,0,3,1,-1,,native,16,16,16,0,broadcast,floating-fma,temporal-r4-t128,1,38,512,12,48,0.75,1,0.0010416666666666667,0.0010416666666666667,register,1024,0.00016276041666666666,0,Tesla V100-SXM2-16GB,7.0,structured-2x2,fp16,forward,none,out-of-place,0,,,,0.000000,,temporal-tile,radix4,four-mul,table,direct-strided,0.92387949999999996:-0.38268340000000001:0.38268340000000001:0.92387949999999996,1,8,,,,,,0,,,shared,linear,scalar,0,named-barrier,128,0,0,8,8,0,0,0,0,0,0,8,256,1,1,256,1000,100,0.006144,0.002744,0.018240,364388.981710,0.373134,93283579.317650,0.000000,-1,,,,,,,,,,,,
fwht-bf16-fp32-log8-temporal-r4-t128-b1,fwht-bf16-fp32-log8-b1,full,butterfly,cuButterfly-temporal-r4-t128,0,2,1,-1,,fp32,16,32,32,0,implicit-sign,floating-add,temporal-r4-t128,1,38,512,12,48,0.75,1,0.0010416666666666667,0.0010416666666666667,register,1024,0.00016276041666666666,0,Tesla V100-SXM2-16GB,7.0,fwht,bf16,forward,none,out-of-place,0,,,,0.000000,,temporal-tile,radix4,four-mul,table,direct-strided,,1,8,,,,,,0,,,shared,linear,scalar,0,named-barrier,128,0,0,8,8,0,0,0,0,0,0,8,256,1,1,256,1000,100,0.007168,0.002939,0.017504,340265.665610,0.348432,87108010.396126,0.000000,-1,,,,,,,,,,,,
structured-2x2-fp16-native-log15-online-r4-t256-b8,structured-2x2-fp16-native-log15-b8,full,butterfly,cuButterfly-online-r4-t256,0,3,8,-1,,native,16,16,16,0,broadcast,floating-fma,online-r4-t256,64,46,2048,5,40,0.625,512,1.28,1.0,register,1048576,0.16666666666666666,0,Tesla V100-SXM2-16GB,7.0,structured-2x2,fp16,forward,none,out-of-place,0,,,,0.000000,,online-reorder,radix4,four-mul,table,direct-strided,0.92387949999999996:-0.38268340000000001:0.38268340000000001:0.92387949999999996,2,8x7,0x0,8x8,table,direct-strided,global-scratch,2,0x0,8x8,shared,linear,scalar,0,named-barrier,256,0,0,8,8,0,0,8,1,0,0,15,32768,8,1,32768,1000,100,0.127808,0.027156,0.135712,294588.993166,72.398191,9653092128.064539,0.000000,-1,,,,,,,,,,,,
structured-2x2-fp64-log8-temporal-r2-t128-b801,structured-2x2-fp64-log8-b801,full,butterfly,cuButterfly-temporal-r2-t128,0,1,801,-1,,native,64,64,64,0,broadcast,floating-fma,temporal-r2-t128,1,32,2048,16,64,1.0,801,0.62578125,0.62578125,register+thread+warp,3280896,0.521484375,0,Tesla V100-SXM2-16GB,7.0,structured-2x2,fp64,forward,none,out-of-place,0,,,,0.000000,,temporal-tile,radix2,four-mul,table,direct-strided,0.92387949999999996:-0.38268340000000001:0.38268340000000001:0.92387949999999996,1,8,,,,,,0,,,shared,linear,scalar,0,named-barrier,128,0,0,8,8,0,0,0,0,0,0,8,256,801,1,256,1000,100,0.365056,0.007700,0.318432,104019488.950335,106.515957,26628989171.285732,0.000000,-1,,,,,,,,,,,,
fwht-bf16-fp32-log15-online-r2-t256-b1,fwht-bf16-fp32-log15-b1,full,butterfly,cuButterfly-online-r2-t256,0,2,1,-1,,fp32,16,32,32,0,implicit-sign,floating-add,online-r2-t256,64,36,1024,6,48,0.75,64,0.13333333333333333,0.13333333333333333,register,131072,0.020833333333333332,0,Tesla V100-SXM2-16GB,7.0,fwht,bf16,forward,none,out-of-place,0,,,,0.000000,,online-reorder,radix2,four-mul,table,direct-strided,,2,8x7,0x0,8x8,table,direct-strided,global-scratch,2,0x0,8x8,shared,linear,scalar,0,named-barrier,256,0,0,8,8,0,0,8,1,0,0,15,32768,1,1,32768,1000,100,0.030720,0.009124,0.032736,109602.980938,26.936029,3591470479.375395,0.000000,-1,,,,,,,,,,,,
fft-bf16-fp32-log15-hier-r4-t256-b7,fft-bf16-fp32-log15-b7,full,butterfly,cuButterfly-hier-r4-t256,0,2,7,-1,,fp32,16,32,32,0,per-stage-twiddle,floating-complex,hier-r4-t256,64,48,4096,5,40,0.625,448,1.12,1.0,register,1835008,0.2916666666666667,0,Tesla V100-SXM2-16GB,7.0,fft,bf16,forward,none,out-of-place,0,,,,0.000000,,hierarchical,radix4,four-mul,table,direct-strided,,1,15,,,,,,0,,,shared,linear,scalar,0,named-barrier,256,0,0,8,8,0,0,8,0,0,0,15,32768,7,1,32768,1000,100,0.282112,0.042199,0.211648,165880.558820,40.766806,5435574151.427145,0.000000,-1,,,,,,,,,,,,
fwht-bf16-fp32-log20-online-r4-t256-b1,fwht-bf16-fp32-log20-b1,full,butterfly,cuButterfly-online-r4-t256,0,5,1,-1,,fp32,16,32,32,0,implicit-sign,floating-add,online-r4-t256,512,46,2048,5,40,0.625,512,1.28,1.0,register,4194304,0.6666666666666666,0,Tesla V100-SXM2-16GB,7.0,fwht,bf16,forward,none,out-of-place,0,,,,0.000000,,online-reorder,radix4,four-mul,table,direct-strided,,2,10x10,0x0,8x8,table,direct-strided,global-scratch,2,0x0,8x8,shared,linear,scalar,0,named-barrier,256,0,0,8,8,0,0,10,1,0,0,20,1048576,1,1,1048576,1000,100,0.433792,0.096102,0.424480,10405.567220,109.110281,10911028053.280010,0.000000,-1,,,,,,,,,,,,
fwht-fp64-log8-temporal-r4-t128-b1281,fwht-fp64-log8-b1281,full,butterfly,cuButterfly-temporal-r4-t128,0,1,1281,-1,,native,64,64,64,0,implicit-sign,floating-add,temporal-r4-t128,1,42,2048,10,40,0.625,1281,1.60125,1.0,register,5246976,0.833984375,0,Tesla V100-SXM2-16GB,7.0,fwht,fp64,forward,none,out-of-place,0,,,,0.000000,,temporal-tile,radix4,four-mul,table,direct-strided,,1,8,,,,,,0,,,shared,linear,scalar,0,named-barrier,128,0,0,8,8,0,0,0,0,0,0,8,256,1281,1,256,1000,100,0.508128,0.006441,0.445568,198883385.874218,203.656587,50914146783.799744,0.000000,-1,,,,,,,,,,,,
fft-bf16-native-log20-hier-r4-t256-b2,fft-bf16-native-log20-b2,full,butterfly,cuButterfly-hier-r4-t256,0,5,2,-1,,native,16,32,16,1,per-stage-twiddle,floating-complex,hier-r4-t256,512,48,4096,5,40,0.625,1024,2.56,1.0,register,16777216,2.6666666666666665,0,Tesla V100-SXM2-16GB,7.0,fft,bf16,forward,none,out-of-place,0,,,,0.000000,,hierarchical,radix4,four-mul,table,direct-strided,,1,20,,,,,,0,,,shared,linear,scalar,0,named-barrier,256,0,0,8,8,0,0,10,0,0,0,20,1048576,2,1,1048576,1000,100,1.418656,0.461568,1.340448,4333.056037,45.435386,4543538567.218840,0.000000,-1,,,,,,,,,,,,
fft-fp16-fp32-log20-online-r4-t256-b1,fft-fp16-fp32-log20-b1,full,butterfly,cuButterfly-online-r4-t256,0,1,1,-1,,fp32,16,32,32,0,per-stage-twiddle,floating-complex,online-r4-t256,512,50,4096,4,32,0.5,512,1.6,1.0,register,8388608,1.3333333333333333,0,Tesla V100-SXM2-16GB,7.0,fft,fp16,forward,none,out-of-place,0,,,,0.000000,,online-reorder,radix4,four-mul,table,direct-strided,,2,10x10,0x0,8x8,table,direct-strided,global-scratch,2,0x0,8x8,shared,linear,scalar,0,named-barrier,256,0,0,8,8,0,0,10,1,0,0,20,1048576,1,1,1048576,1000,100,0.743936,0.128369,0.781920,7790.064255,81.684744,8168474416.752624,0.000000,-1,,,,,,,,,,,,
structured-2x2-fp64-log20-online-r2-t256-b2,structured-2x2-fp64-log20-b2,full,butterfly,cuButterfly-online-r2-t256,0,4,2,-1,,native,64,64,64,0,broadcast,floating-fma,online-r2-t256,512,38,4096,6,48,0.75,1024,2.1333333333333333,1.0,register,33554432,5.333333333333333,0,Tesla V100-SXM2-16GB,7.0,structured-2x2,fp64,forward,none,out-of-place,0,,,,0.000000,,online-reorder,radix2,four-mul,table,direct-strided,0.92387949999999996:-0.38268340000000001:0.38268340000000001:0.92387949999999996,2,10x10,0x0,8x8,table,direct-strided,global-scratch,2,0x0,8x8,shared,linear,scalar,0,named-barrier,256,0,0,8,8,0,0,10,1,0,0,20,1048576,2,1,1048576,1000,100,2.784544,0.209623,2.625440,9540.936014,100.043965,10004396522.050867,0.000000,-1,,,,,,,,,,,,
fwht-bf16-native-log8-temporal-r2-t128-b1281,fwht-bf16-native-log8-b1281,full,butterfly,cuButterfly-temporal-r2-t128,0,1,1281,-1,,native,16,32,16,1,implicit-sign,floating-add,temporal-r2-t128,1,30,512,16,64,1.0,1281,1.00078125,1.0,register+thread+warp,1311744,0.20849609375,0,Tesla V100-SXM2-16GB,7.0,fwht,bf16,forward,none,out-of-place,0,,,,0.000000,,temporal-tile,radix2,four-mul,table,direct-strided,,1,8,,,,,,0,,,shared,linear,scalar,0,named-barrier,128,0,0,8,8,0,0,0,0,0,0,8,256,1281,1,256,1000,100,0.189120,0.008704,0.165760,147173710.654217,150.705880,37676469927.479462,0.000000,-1,,,,,,,,,,,,
fft-fp16-fp32-log15-online-r2-t256-b1,fft-fp16-fp32-log15-b1,full,butterfly,cuButterfly-online-r2-t256,0,1,1,-1,,fp32,16,32,32,0,per-stage-twiddle,floating-complex,online-r2-t256,64,38,2048,6,48,0.75,64,0.13333333333333333,0.13333333333333333,register,262144,0.041666666666666664,0,Tesla V100-SXM2-16GB,7.0,fft,fp16,forward,none,out-of-place,0,,,,0.000000,,online-reorder,radix2,four-mul,table,direct-strided,,2,8x7,0x0,8x8,table,direct-strided,global-scratch,2,0x0,8x8,shared,linear,scalar,0,named-barrier,256,0,0,8,8,0,0,8,1,0,0,15,32768,1,1,32768,1000,100,0.037632,0.011940,0.047456,83753.213379,20.583190,2744425295.997771,0.000000,-1,,,,,,,,,,,,
fft-fp16-native-log8-temporal-r4-t128-b1280,fft-fp16-native-log8-b1280,full,butterfly,cuButterfly-temporal-r4-t128,0,3,1280,-1,,native,16,16,16,0,per-stage-twiddle,floating-complex,temporal-r4-t128,1,42,1024,10,40,0.625,1280,1.6,1.0,register,2621440,0.4166666666666667,0,Tesla V100-SXM2-16GB,7.0,fft,fp16,forward,none,out-of-place,0,,,,0.000000,,temporal-tile,radix4,four-mul,table,direct-strided,,1,8,,,,,,0,,,shared,linear,scalar,0,named-barrier,128,0,0,8,8,0,0,0,0,0,0,8,256,1280,1,256,1000,100,0.317120,0.005642,0.294752,226860256.668981,232.304903,58076225707.259232,0.000000,-1,,,,,,,,,,,,
fft-fp64-log20-hier-r4-t256-b2,fft-fp64-log20-b2,full,butterfly,cuButterfly-hier-r4-t256,0,5,2,-1,,native,64,64,64,0,per-stage-twiddle,floating-complex,hier-r4-t256,512,56,16384,4,32,0.5,1024,3.2,1.0,register,67108864,10.666666666666666,0,Tesla V100-SXM2-16GB,7.0,fft,fp64,forward,none,out-of-place,0,,,,0.000000,,hierarchical,radix4,four-mul,table,direct-strided,,1,20,,,,,,0,,,shared,linear,scalar,0,named-barrier,256,0,0,8,8,0,0,10,0,0,0,20,1048576,2,1,1048576,1000,100,5.461248,1.169254,5.106496,1710.491713,17.935806,1793580558.862455,0.000000,-1,,,,,,,,,,,,
fwht-bf16-fp32-log8-temporal-r2-t128-b959,fwht-bf16-fp32-log8-b959,full,butterfly,cuButterfly-temporal-r2-t128,0,3,959,-1,,fp32,16,32,32,0,implicit-sign,floating-add,temporal-r2-t128,1,30,512,16,64,1.0,959,0.74921875,0.74921875,register+thread+warp,982016,0.15608723958333334,0,Tesla V100-SXM2-16GB,7.0,fwht,bf16,forward,none,out-of-place,0,,,,0.000000,,temporal-tile,radix2,four-mul,table,direct-strided,,1,8,,,,,,0,,,shared,linear,scalar,0,named-barrier,128,0,0,8,8,0,0,0,0,0,0,8,256,959,1,256,1000,100,0.148576,0.007045,0.123744,136122592.643668,139.389535,34847383716.779121,0.000000,-1,,,,,,,,,,,,
fwht-fp16-native-log8-temporal-r2-t128-b959,fwht-fp16-native-log8-b959,full,butterfly,cuButterfly-temporal-r2-t128,0,1,959,-1,,native,16,16,16,0,implicit-sign,floating-add,temporal-r2-t128,1,30,512,16,64,1.0,959,0.74921875,0.74921875,register+thread+warp,982016,0.15608723958333334,0,Tesla V100-SXM2-16GB,7.0,fwht,fp16,forward,none,out-of-place,0,,,,0.000000,,temporal-tile,radix2,four-mul,table,direct-strided,,1,8,,,,,,0,,,shared,linear,scalar,0,named-barrier,128,0,0,8,8,0,0,0,0,0,0,8,256,959,1,256,1000,100,0.148384,0.004547,0.136128,210928707.640974,215.990997,53997749156.089470,0.000000,-1,,,,,,,,,,,,
fwht-bf16-native-log20-online-r2-t256-b2,fwht-bf16-native-log20-b2,full,butterfly,cuButterfly-online-r2-t256,0,4,2,-1,,native,16,32,16,1,implicit-sign,floating-add,online-r2-t256,512,36,1024,6,48,0.75,1024,2.1333333333333333,1.0,register,8388608,1.3333333333333333,0,Tesla V100-SXM2-16GB,7.0,fwht,bf16,forward,none,out-of-place,0,,,,0.000000,,online-reorder,radix2,four-mul,table,direct-strided,,2,10x10,0x0,8x8,table,direct-strided,global-scratch,2,0x0,8x8,shared,linear,scalar,0,named-barrier,256,0,0,8,8,0,0,10,1,0,0,20,1048576,2,1,1048576,1000,100,0.744800,0.198420,0.707552,10079.604691,105.692316,10569231568.856573,0.000000,-1,,,,,,,,,,,,
fwht-fp32-log8-temporal-r4-t128-b960,fwht-fp32-log8-b960,full,butterfly,cuButterfly-temporal-r4-t128,0,5,960,-1,,native,32,32,32,0,implicit-sign,floating-add,temporal-r4-t128,1,38,1024,12,48,0.75,960,1.0,1.0,register,1966080,0.3125,0,Tesla V100-SXM2-16GB,7.0,fwht,fp32,forward,none,out-of-place,0,,,,0.000000,,temporal-tile,radix4,four-mul,table,direct-strided,,1,8,,,,,,0,,,shared,linear,scalar,0,named-barrier,128,0,0,8,8,0,0,0,0,0,0,8,256,960,1,256,1000,100,0.289600,0.004239,0.242592,226449282.276848,231.884065,57971016262.872971,0.000000,-1,,,,,,,,,,,,
subset-zeta-uint32-zeta-log8-temporal-r2-t128-b1279,subset-zeta-uint32-zeta-log8-b1279,full,butterfly,cuButterfly-temporal-r2-t128,0,3,1279,-1,,native,32,32,32,0,implicit-unit,integer-add,temporal-r2-t128,1,30,1024,16,64,1.0,1279,0.99921875,0.99921875,register+thread+warp,2619392,0.4163411458333333,0,Tesla V100-SXM2-16GB,7.0,subset-zeta,uint32,forward,none,out-of-place,0,,,,0.000000,,temporal-tile,radix2,four-mul,table,direct-strided,,1,8,,,,,,0,,,shared,linear,scalar,0,named-barrier,128,0,0,8,8,0,0,0,0,0,0,8,256,1279,1,256,1000,100,0.329792,0.005243,0.277248,243949891.619317,249.804689,62451172254.545189,0.000000,-1,,,,,,,,,,,,
fft-bf16-native-log15-hier-r4-t256-b8,fft-bf16-native-log15-b8,full,butterfly,cuButterfly-hier-r4-t256,0,2,8,-1,,native,16,32,16,1,per-stage-twiddle,floating-complex,hier-r4-t256,64,48,4096,5,40,0.625,512,1.28,1.0,register,2097152,0.3333333333333333,0,Tesla V100-SXM2-16GB,7.0,fft,bf16,forward,none,out-of-place,0,,,,0.000000,,hierarchical,radix4,four-mul,table,direct-strided,,1,15,,,,,,0,,,shared,linear,scalar,0,named-barrier,256,0,0,8,8,0,0,8,0,0,0,15,32768,8,1,32768,1000,100,0.308864,0.061399,0.259936,130295.199172,32.021348,4269513086.480085,0.000000,-1,,,,,,,,,,,,
fwht-bf16-fp32-log15-online-r2-t256-b1,fwht-bf16-fp32-log15-b1,full,butterfly,cuButterfly-online-r2-t256,0,3,1,-1,,fp32,16,32,32,0,implicit-sign,floating-add,online-r2-t256,64,36,1024,6,48,0.75,64,0.13333333333333333,0.13333333333333333,register,131072,0.020833333333333332,0,Tesla V100-SXM2-16GB,7.0,fwht,bf16,forward,none,out-of-place,0,,,,0.000000,,online-reorder,radix2,four-mul,table,direct-strided,,2,8x7,0x0,8x8,table,direct-strided,global-scratch,2,0x0,8x8,shared,linear,scalar,0,named-barrier,256,0,0,8,8,0,0,8,1,0,0,15,32768,1,1,32768,1000,100,0.030720,0.009093,0.031648,109973.257373,27.027028,3603603697.590955,0.000000,-1,,,,,,,,,,,,
fft-fp64-log8-temporal-r4-t128-b959,fft-fp64-log8-b959,full,butterfly,cuButterfly-temporal-r4-t128,0,4,959,-1,,native,64,64,64,0,per-stage-twiddle,floating-complex,temporal-r4-t128,1,50,4096,9,36,0.5625,959,1.3319444444444444,1.0,register,7856128,1.2486979166666667,0,Tesla V100-SXM2-16GB,7.0,fft,fp64,forward,none,out-of-place,0,,,,0.000000,,temporal-tile,radix4,four-mul,table,direct-strided,,1,8,,,,,,0,,,shared,linear,scalar,0,named-barrier,128,0,0,8,8,0,0,0,0,0,0,8,256,959,1,256,1000,100,0.701888,0.016968,0.665152,56519216.695973,57.875678,14468919474.169144,0.000000,-1,,,,,,,,,,,,
fft-bf16-native-log20-hier-r4-t256-b1,fft-bf16-native-log20-b1,full,butterfly,cuButterfly-hier-r4-t256,0,3,1,-1,,native,16,32,16,1,per-stage-twiddle,floating-complex,hier-r4-t256,512,48,4096,5,40,0.625,512,1.28,1.0,register,8388608,1.3333333333333333,0,Tesla V100-SXM2-16GB,7.0,fft,bf16,forward,none,out-of-place,0,,,,0.000000,,hierarchical,radix4,four-mul,table,direct-strided,,1,20,,,,,,0,,,shared,linear,scalar,0,named-barrier,256,0,0,8,8,0,0,10,0,0,0,20,1048576,1,1,1048576,1000,100,0.745024,0.249743,0.716064,4004.110264,41.986139,4198613924.185415,0.000000,-1,,,,,,,,,,,,
fft-fp32-log15-online-r4-t256-b6,fft-fp32-log15-b6,full,butterfly,cuButterfly-online-r4-t256,0,4,6,-1,,native,32,32,32,0,per-stage-twiddle,floating-complex,online-r4-t256,64,50,8192,4,32,0.5,384,1.2,1.0,register,3145728,0.5,0,Tesla V100-SXM2-16GB,7.0,fft,fp32,forward,none,out-of-place,0,,,,0.000000,,online-reorder,radix4,four-mul,table,direct-strided,,2,8x7,0x0,8x8,table,direct-strided,global-scratch,2,0x0,8x8,shared,linear,scalar,0,named-barrier,256,0,0,8,8,0,0,8,1,0,0,15,32768,6,1,32768,1000,100,0.414016,0.029573,0.287296,202886.944770,49.861496,6648199406.239536,0.000000,-1,,,,,,,,,,,,
fft-fp64-log8-temporal-r2-t128-b719,fft-fp64-log8-b719,full,butterfly,cuButterfly-temporal-r2-t128,0,2,719,-1,,native,64,64,64,0,per-stage-twiddle,floating-complex,temporal-r2-t128,1,36,4096,12,48,0.75,719,0.7489583333333333,0.7489583333333333,register,5890048,0.9361979166666666,0,Tesla V100-SXM2-16GB,7.0,fft,fp64,forward,none,out-of-place,0,,,,0.000000,,temporal-tile,radix2,four-mul,table,direct-strided,,1,8,,,,,,0,,,shared,linear,scalar,0,named-barrier,128,0,0,8,8,0,0,0,0,0,0,8,256,719,1,256,1000,100,0.551392,0.010742,0.511712,66935033.067461,68.541474,17135368465.270130,0.000000,-1,,,,,,,,,,,,
fft-fp32-log20-hier-r4-t256-b1,fft-fp32-log20-b1,full,butterfly,cuButterfly-hier-r4-t256,0,5,1,-1,,native,32,32,32,0,per-stage-twiddle,floating-complex,hier-r4-t256,512,48,8192,5,40,0.625,512,1.28,1.0,register,16777216,2.6666666666666665,0,Tesla V100-SXM2-16GB,7.0,fft,fp32,forward,none,out-of-place,0,,,,0.000000,,hierarchical,radix4,four-mul,table,direct-strided,,1,20,,,,,,0,,,shared,linear,scalar,0,named-barrier,256,0,0,8,8,0,0,10,0,0,0,20,1048576,1,1,1048576,1000,100,1.413696,0.305132,1.391360,3277.275269,34.364722,3436472192.386494,0.000000,-1,,,,,,,,,,,,
fwht-fp32-log8-temporal-r2-t128-b960,fwht-fp32-log8-b960,full,butterfly,cuButterfly-temporal-r2-t128,0,3,960,-1,,native,32,32,32,0,implicit-sign,floating-add,temporal-r2-t128,1,30,1024,16,64,1.0,960,0.75,0.75,register+thread+warp,1966080,0.3125,0,Tesla V100-SXM2-16GB,7.0,fwht,fp32,forward,none,out-of-place,0,,,,0.000000,,temporal-tile,radix2,four-mul,table,direct-strided,,1,8,,,,,,0,,,shared,linear,scalar,0,named-barrier,128,0,0,8,8,0,0,0,0,0,0,8,256,960,1,256,1000,100,0.264608,0.004803,0.255200,199893391.520310,204.690833,51172708229.199257,0.000000,-1,,,,,,,,,,,,
fft-fp16-fp32-log20-online-r4-t256-b2,fft-fp16-fp32-log20-b2,full,butterfly,cuButterfly-online-r4-t256,0,2,2,-1,,fp32,16,32,32,0,per-stage-twiddle,floating-complex,online-r4-t256,512,50,4096,4,32,0.5,1024,3.2,1.0,register,16777216,2.6666666666666665,0,Tesla V100-SXM2-16GB,7.0,fft,fp16,forward,none,out-of-place,0,,,,0.000000,,online-reorder,radix4,four-mul,table,direct-strided,,2,10x10,0x0,8x8,table,direct-strided,global-scratch,2,0x0,8x8,shared,linear,scalar,0,named-barrier,256,0,0,8,8,0,0,10,1,0,0,20,1048576,2,1,1048576,1000,100,1.418912,0.239821,1.354848,8339.559921,87.446624,8744662383.482346,0.000000,-1,,,,,,,,,,,,
ntt-uint64-ntt-log15-ntt-hybrid-r2-t256-b321,ntt-uint64-ntt-log15-b321,full,ntt,cuButterfly-ntt-hybrid-r2-t256,0,2,321,-1,,native,64,64,64,0,per-stage-root,modular-multiply-reduce,ntt-hybrid-r2-t256,1,52,4096,4,32,0.5,321,1.003125,1.0,register,168296448,26.75,0,Tesla V100-SXM2-16GB,7.0,ntt,uint64,forward,,,0,,,,0.000000,,hybrid2d,radix2,,fused,,,,,,,,,,,,,,,,0,named-barrier,,,,,,,,,,,,15,32768,321,1,32768,1000,100,13.603936,0.683438,24.120735,,,,,-1,natural,64,1152921504606748673,60,7,4,256,0,469684.071665,8357.610002,15390607660.317478,shoup
fft-bf16-native-log15-online-r2-t256-b1,fft-bf16-native-log15-b1,full,butterfly,cuButterfly-online-r2-t256,0,4,1,-1,,native,16,32,16,1,per-stage-twiddle,floating-complex,online-r2-t256,64,38,2048,6,48,0.75,64,0.13333333333333333,0.13333333333333333,register,262144,0.041666666666666664,0,Tesla V100-SXM2-16GB,7.0,fft,bf16,forward,none,out-of-place,0,,,,0.000000,,online-reorder,radix2,four-mul,table,direct-strided,,2,8x7,0x0,8x8,table,direct-strided,global-scratch,2,0x0,8x8,shared,linear,scalar,0,named-barrier,256,0,0,8,8,0,0,8,1,0,0,15,32768,1,1,32768,1000,100,0.035008,0.015903,0.048384,62882.322984,15.453960,2060527959.543240,0.000000,-1,,,,,,,,,,,,
fft-fp16-fp32-log20-hier-r4-t256-b2,fft-fp16-fp32-log20-b2,full,butterfly,cuButterfly-hier-r4-t256,0,5,2,-1,,fp32,16,32,32,0,per-stage-twiddle,floating-complex,hier-r4-t256,512,48,4096,5,40,0.625,1024,2.56,1.0,register,16777216,2.6666666666666665,0,Tesla V100-SXM2-16GB,7.0,fft,fp16,forward,none,out-of-place,0,,,,0.000000,,hierarchical,radix4,four-mul,table,direct-strided,,1,20,,,,,,0,,,shared,linear,scalar,0,named-barrier,256,0,0,8,8,0,0,10,0,0,0,20,1048576,2,1,1048576,1000,100,1.419552,0.304200,1.338624,6574.629183,68.939984,6893998369.752785,0.000000,-1,,,,,,,,,,,,
structured-2x2-fp16-native-log15-hier-r4-t256-b7,structured-2x2-fp16-native-log15-b7,full,butterfly,cuButterfly-hier-r4-t256,0,1,7,-1,,native,16,16,16,0,broadcast,floating-fma,hier-r4-t256,64,44,2048,5,40,0.625,448,1.12,1.0,register,917504,0.14583333333333334,0,Tesla V100-SXM2-16GB,7.0,structured-2x2,fp16,forward,none,out-of-place,0,,,,0.000000,,hierarchical,radix4,four-mul,table,direct-strided,0.92387949999999996:-0.38268340000000001:0.38268340000000001:0.92387949999999996,1,15,,,,,,0,,,shared,linear,scalar,0,named-barrier,256,0,0,8,8,0,0,8,0,0,0,15,32768,7,1,32768,1000,100,0.114016,0.023511,0.132576,297732.457409,73.170729,9756097164.366125,0.000000,-1,,,,,,,,,,,,
fwht-bf16-native-log8-temporal-r2-t128-b1,fwht-bf16-native-log8-b1,full,butterfly,cuButterfly-temporal-r2-t128,0,1,1,-1,,native,16,32,16,1,implicit-sign,floating-add,temporal-r2-t128,1,30,512,16,64,1.0,1,0.00078125,0.00078125,register+thread+warp,1024,0.00016276041666666666,0,Tesla V100-SXM2-16GB,7.0,fwht,bf16,forward,none,out-of-place,0,,,,0.000000,,temporal-tile,radix2,four-mul,table,direct-strided,,1,8,,,,,,0,,,shared,linear,scalar,0,named-barrier,128,0,0,8,8,0,0,0,0,0,0,8,256,1,1,256,1000,100,0.010240,0.003113,0.020160,321237.673934,0.328947,82236844.527187,0.000000,-1,,,,,,,,,,,,
fft-bf16-fp32-log15-online-r4-t256-b7,fft-bf16-fp32-log15-b7,full,butterfly,cuButterfly-online-r4-t256,0,3,7,-1,,fp32,16,32,32,0,per-stage-twiddle,floating-complex,online-r4-t256,64,50,4096,4,32,0.5,448,1.4,1.0,register,1835008,0.2916666666666667,0,Tesla V100-SXM2-16GB,7.0,fft,bf16,forward,none,out-of-place,0,,,,0.000000,,online-reorder,radix4,four-mul,table,direct-strided,,2,8x7,0x0,8x8,table,direct-strided,global-scratch,2,0x0,8x8,shared,linear,scalar,0,named-barrier,256,0,0,8,8,0,0,8,1,0,0,15,32768,7,1,32768,1000,100,0.284064,0.041994,0.212992,166689.541196,40.965622,5462082885.907971,0.000000,-1,,,,,,,,,,,,
structured-2x2-fp64-log15-online-r4-t256-b5,structured-2x2-fp64-log15-b5,full,butterfly,cuButterfly-online-r4-t256,0,5,5,-1,,native,64,64,64,0,broadcast,floating-fma,online-r4-t256,64,50,8192,4,32,0.5,320,1.0,1.0,register,2621440,0.4166666666666667,0,Tesla V100-SXM2-16GB,7.0,structured-2x2,fp64,forward,none,out-of-place,0,,,,0.000000,,online-reorder,radix4,four-mul,table,direct-strided,0.92387949999999996:-0.38268340000000001:0.38268340000000001:0.92387949999999996,2,8x7,0x0,8x8,table,direct-strided,global-scratch,2,0x0,8x8,shared,linear,scalar,0,named-barrier,256,0,0,8,8,0,0,8,1,0,0,15,32768,5,1,32768,1000,100,0.316672,0.021514,0.290176,232404.225354,57.115662,7615421656.405955,0.000000,-1,,,,,,,,,,,,
fft-bf16-native-log8-temporal-r2-t128-b1281,fft-bf16-native-log8-b1281,full,butterfly,cuButterfly-temporal-r2-t128,0,3,1281,-1,,native,16,32,16,1,per-stage-twiddle,floating-complex,temporal-r2-t128,1,32,1024,16,64,1.0,1281,1.00078125,1.0,register+thread+warp,2623488,0.4169921875,0,Tesla V100-SXM2-16GB,7.0,fft,bf16,forward,none,out-of-place,0,,,,0.000000,,temporal-tile,radix2,four-mul,table,direct-strided,,1,8,,,,,,0,,,shared,linear,scalar,0,named-barrier,128,0,0,8,8,0,0,0,0,0,0,8,256,1281,1,256,1000,100,0.312672,0.025682,0.254752,49879447.586561,51.076554,12769138582.159573,0.000000,-1,,,,,,,,,,,,
fft-fp32-log15-online-r4-t256-b6,fft-fp32-log15-b6,full,butterfly,cuButterfly-online-r4-t256,0,5,6,-1,,native,32,32,32,0,per-stage-twiddle,floating-complex,online-r4-t256,64,50,8192,4,32,0.5,384,1.2,1.0,register,3145728,0.5,0,Tesla V100-SXM2-16GB,7.0,fft,fp32,forward,none,out-of-place,0,,,,0.000000,,online-reorder,radix4,four-mul,table,direct-strided,,2,8x7,0x0,8x8,table,direct-strided,global-scratch,2,0x0,8x8,shared,linear,scalar,0,named-barrier,256,0,0,8,8,0,0,8,1,0,0,15,32768,6,1,32768,1000,100,0.423424,0.029471,0.289920,203591.908265,50.034747,6671299650.037050,0.000000,-1,,,,,,,,,,,,
fwht-bf16-fp32-log15-online-r4-t256-b1,fwht-bf16-fp32-log15-b1,full,butterfly,cuButterfly-online-r4-t256,0,2,1,-1,,fp32,16,32,32,0,implicit-sign,floating-add,online-r4-t256,64,46,2048,5,40,0.625,64,0.16,0.16,register,131072,0.020833333333333332,0,Tesla V100-SXM2-16GB,7.0,fwht,bf16,forward,none,out-of-place,0,,,,0.000000,,online-reorder,radix4,four-mul,table,direct-strided,,2,8x7,0x0,8x8,table,direct-strided,global-scratch,2,0x0,8x8,shared,linear,scalar,0,named-barrier,256,0,0,8,8,0,0,8,1,0,0,15,32768,1,1,32768,1000,100,0.033792,0.009370,0.033376,106728.146258,26.229509,3497267896.578421,0.000000,-1,,,,,,,,,,,,
fft-bf16-native-log15-hier-r4-t256-b9,fft-bf16-native-log15-b9,full,butterfly,cuButterfly-hier-r4-t256,0,1,9,-1,,native,16,32,16,1,per-stage-twiddle,floating-complex,hier-r4-t256,64,48,4096,5,40,0.625,576,1.44,1.0,register,2359296,0.375,0,Tesla V100-SXM2-16GB,7.0,fft,bf16,forward,none,out-of-place,0,,,,0.000000,,hierarchical,radix4,four-mul,table,direct-strided,,1,15,,,,,,0,,,shared,linear,scalar,0,named-barrier,256,0,0,8,8,0,0,8,0,0,0,15,32768,9,1,32768,1000,100,0.358048,0.066089,0.270560,136180.082996,33.467617,4462348959.612009,0.000000,-1,,,,,,,,,,,,
fwht-fp16-native-log8-temporal-r4-t128-b960,fwht-fp16-native-log8-b960,full,butterfly,cuButterfly-temporal-r4-t128,0,5,960,-1,,native,16,16,16,0,implicit-sign,floating-add,temporal-r4-t128,1,38,512,12,48,0.75,960,1.0,1.0,register,983040,0.15625,0,Tesla V100-SXM2-16GB,7.0,fwht,fp16,forward,none,out-of-place,0,,,,0.000000,,temporal-tile,radix4,four-mul,table,direct-strided,,1,8,,,,,,0,,,shared,linear,scalar,0,named-barrier,128,0,0,8,8,0,0,0,0,0,0,8,256,960,1,256,1000,100,0.123904,0.004055,0.132992,236742426.743187,242.424245,60606061246.255798,0.000000,-1,,,,,,,,,,,,
fft-bf16-native-log20-hier-r4-t256-b1,fft-bf16-native-log20-b1,full,butterfly,cuButterfly-hier-r4-t256,0,5,1,-1,,native,16,32,16,1,per-stage-twiddle,floating-complex,hier-r4-t256,512,48,4096,5,40,0.625,512,1.28,1.0,register,8388608,1.3333333333333333,0,Tesla V100-SXM2-16GB,7.0,fft,bf16,forward,none,out-of-place,0,,,,0.000000,,hierarchical,radix4,four-mul,table,direct-strided,,1,20,,,,,,0,,,shared,linear,scalar,0,named-barrier,256,0,0,8,8,0,0,10,0,0,0,20,1048576,1,1,1048576,1000,100,0.747264,0.249467,0.705728,4008.548130,42.032674,4203267364.153345,0.000000,-1,,,,,,,,,,,,
fwht-bf16-native-log8-temporal-r2-t128-b959,fwht-bf16-native-log8-b959,full,butterfly,cuButterfly-temporal-r2-t128,0,3,959,-1,,native,16,32,16,1,implicit-sign,floating-add,temporal-r2-t128,1,30,512,16,64,1.0,959,0.74921875,0.74921875,register+thread+warp,982016,0.15608723958333334,0,Tesla V100-SXM2-16GB,7.0,fwht,bf16,forward,none,out-of-place,0,,,,0.000000,,temporal-tile,radix2,four-mul,table,direct-strided,,1,8,,,,,,0,,,shared,linear,scalar,0,named-barrier,128,0,0,8,8,0,0,0,0,0,0,8,256,959,1,256,1000,100,0.130400,0.007025,0.121920,136519456.354959,139.795923,34948980826.869392,0.000000,-1,,,,,,,,,,,,
structured-2x2-fp16-native-log15-hier-r4-t256-b7,structured-2x2-fp16-native-log15-b7,full,butterfly,cuButterfly-hier-r4-t256,0,4,7,-1,,native,16,16,16,0,broadcast,floating-fma,hier-r4-t256,64,44,2048,5,40,0.625,448,1.12,1.0,register,917504,0.14583333333333334,0,Tesla V100-SXM2-16GB,7.0,structured-2x2,fp16,forward,none,out-of-place,0,,,,0.000000,,hierarchical,radix4,four-mul,table,direct-strided,0.92387949999999996:-0.38268340000000001:0.38268340000000001:0.92387949999999996,1,15,,,,,,0,,,shared,linear,scalar,0,named-barrier,256,0,0,8,8,0,0,8,0,0,0,15,32768,7,1,32768,1000,100,0.106720,0.023542,0.112544,297343.957687,73.075251,9743366805.501055,0.000000,-1,,,,,,,,,,,,
fwht-fp32-log8-temporal-r2-t128-b959,fwht-fp32-log8-b959,full,butterfly,cuButterfly-temporal-r2-t128,0,1,959,-1,,native,32,32,32,0,implicit-sign,floating-add,temporal-r2-t128,1,30,1024,16,64,1.0,959,0.74921875,0.74921875,register+thread+warp,1964032,0.3121744791666667,0,Tesla V100-SXM2-16GB,7.0,fwht,fp32,forward,none,out-of-place,0,,,,0.000000,,temporal-tile,radix2,four-mul,table,direct-strided,,1,8,,,,,,0,,,shared,linear,scalar,0,named-barrier,128,0,0,8,8,0,0,0,0,0,0,8,256,959,1,256,1000,100,0.282208,0.004823,0.282848,198837238.924054,203.609333,50902333164.557899,0.000000,-1,,,,,,,,,,,,
fwht-fp16-fp32-log15-online-r4-t256-b8,fwht-fp16-fp32-log15-b8,full,butterfly,cuButterfly-online-r4-t256,0,3,8,-1,,fp32,16,32,32,0,implicit-sign,floating-add,online-r4-t256,64,46,2048,5,40,0.625,512,1.28,1.0,register,1048576,0.16666666666666666,0,Tesla V100-SXM2-16GB,7.0,fwht,fp16,forward,none,out-of-place,0,,,,0.000000,,online-reorder,radix4,four-mul,table,direct-strided,,2,8x7,0x0,8x8,table,direct-strided,global-scratch,2,0x0,8x8,shared,linear,scalar,0,named-barrier,256,0,0,8,8,0,0,8,1,0,0,15,32768,8,1,32768,1000,100,0.122496,0.026081,0.140416,306733.402651,75.382801,10051040138.055220,0.000000,-1,,,,,,,,,,,,
structured-2x2-bf16-fp32-log8-temporal-r2-t128-b1280,structured-2x2-bf16-fp32-log8-b1280,full,butterfly,cuButterfly-temporal-r2-t128,0,2,1280,-1,,fp32,16,32,32,0,broadcast,floating-fma,temporal-r2-t128,1,30,512,16,64,1.0,1280,1.0,1.0,register+thread+warp,1310720,0.20833333333333334,0,Tesla V100-SXM2-16GB,7.0,structured-2x2,bf16,forward,none,out-of-place,0,,,,0.000000,,temporal-tile,radix2,four-mul,table,direct-strided,0.92387949999999996:-0.38268340000000001:0.38268340000000001:0.92387949999999996,1,8,,,,,,0,,,shared,linear,scalar,0,named-barrier,128,0,0,8,8,0,0,0,0,0,0,8,256,1280,1,256,1000,100,0.151616,0.009728,0.185600,131578940.614882,134.736835,33684208797.409679,0.000000,-1,,,,,,,,,,,,
fft-fp32-log8-temporal-r2-t128-b1281,fft-fp32-log8-b1281,full,butterfly,cuButterfly-temporal-r2-t128,0,3,1281,-1,,native,32,32,32,0,per-stage-twiddle,floating-complex,temporal-r2-t128,1,32,2048,16,64,1.0,1281,1.00078125,1.0,register+thread+warp,5246976,0.833984375,0,Tesla V100-SXM2-16GB,7.0,fft,fp32,forward,none,out-of-place,0,,,,0.000000,,temporal-tile,radix2,four-mul,table,direct-strided,,1,8,,,,,,0,,,shared,linear,scalar,0,named-barrier,128,0,0,8,8,0,0,0,0,0,0,8,256,1281,1,256,1000,100,0.498432,0.011131,0.505184,115085234.504370,117.847280,29461820033.118660,0.000000,-1,,,,,,,,,,,,
fft-bf16-fp32-log8-temporal-r4-t128-b1,fft-bf16-fp32-log8-b1,full,butterfly,cuButterfly-temporal-r4-t128,0,2,1,-1,,fp32,16,32,32,0,per-stage-twiddle,floating-complex,temporal-r4-t128,1,42,1024,10,40,0.625,1,0.00125,0.00125,register,2048,0.0003255208333333333,0,Tesla V100-SXM2-16GB,7.0,fft,bf16,forward,none,out-of-place,0,,,,0.000000,,temporal-tile,radix4,four-mul,table,direct-strided,,1,8,,,,,,0,,,shared,linear,scalar,0,named-barrier,128,0,0,8,8,0,0,0,0,0,0,8,256,1,1,256,1000,100,0.007168,0.005919,0.018560,168955.455371,0.173010,43252596.575044,0.000000,-1,,,,,,,,,,,,
fwht-fp64-log8-temporal-r4-t128-b1279,fwht-fp64-log8-b1279,full,butterfly,cuButterfly-temporal-r4-t128,0,1,1279,-1,,native,64,64,64,0,implicit-sign,floating-add,temporal-r4-t128,1,42,2048,10,40,0.625,1279,1.59875,1.0,register,5238784,0.8326822916666666,0,Tesla V100-SXM2-16GB,7.0,fwht,fp64,forward,none,out-of-place,0,,,,0.000000,,temporal-tile,radix4,four-mul,table,direct-strided,,1,8,,,,,,0,,,shared,linear,scalar,0,named-barrier,128,0,0,8,8,0,0,0,0,0,0,8,256,1279,1,256,1000,100,0.497504,0.006420,0.472704,199206287.160691,203.987238,50996809513.136902,0.000000,-1,,,,,,,,,,,,
fwht-bf16-fp32-log8-temporal-r4-t128-b1,fwht-bf16-fp32-log8-b1,full,butterfly,cuButterfly-temporal-r4-t128,0,4,1,-1,,fp32,16,32,32,0,implicit-sign,floating-add,temporal-r4-t128,1,38,512,12,48,0.75,1,0.0010416666666666667,0.0010416666666666667,register,1024,0.00016276041666666666,0,Tesla V100-SXM2-16GB,7.0,fwht,bf16,forward,none,out-of-place,0,,,,0.000000,,temporal-tile,radix4,four-mul,table,direct-strided,,1,8,,,,,,0,,,shared,linear,scalar,0,named-barrier,128,0,0,8,8,0,0,0,0,0,0,8,256,1,1,256,1000,100,0.009216,0.002918,0.018272,342653.523989,0.350877,87719302.141174,0.000000,-1,,,,,,,,,,,,
fwht-fp16-native-log15-hier-r4-t256-b6,fwht-fp16-native-log15-b6,full,butterfly,cuButterfly-hier-r4-t256,0,3,6,-1,,native,16,16,16,0,implicit-sign,floating-add,hier-r4-t256,64,44,2048,5,40,0.625,384,0.96,0.96,register,786432,0.125,0,Tesla V100-SXM2-16GB,7.0,fwht,fp16,forward,none,out-of-place,0,,,,0.000000,,hierarchical,radix4,four-mul,table,direct-strided,,1,15,,,,,,0,,,shared,linear,scalar,0,named-barrier,256,0,0,8,8,0,0,8,0,0,0,15,32768,6,1,32768,1000,100,0.100288,0.021658,0.106912,277038.994315,68.085103,9078013765.706608,0.000000,-1,,,,,,,,,,,,
structured-2x2-fp64-log15-online-r2-t256-b4,structured-2x2-fp64-log15-b4,full,butterfly,cuButterfly-online-r2-t256,0,2,4,-1,,native,64,64,64,0,broadcast,floating-fma,online-r2-t256,64,38,4096,6,48,0.75,256,0.5333333333333333,0.5333333333333333,register,2097152,0.3333333333333333,0,Tesla V100-SXM2-16GB,7.0,structured-2x2,fp64,forward,none,out-of-place,0,,,,0.000000,,online-reorder,radix2,four-mul,table,direct-strided,0.92387949999999996:-0.38268340000000001:0.38268340000000001:0.92387949999999996,2,8x7,0x0,8x8,table,direct-strided,global-scratch,2,0x0,8x8,shared,linear,scalar,0,named-barrier,256,0,0,8,8,0,0,8,1,0,0,15,32768,4,1,32768,1000,100,0.256160,0.019630,0.309824,203768.908831,50.078247,6677099604.582259,0.000000,-1,,,,,,,,,,,,
fft-fp64-log8-temporal-r2-t128-b1,fft-fp64-log8-b1,full,butterfly,cuButterfly-temporal-r2-t128,0,2,1,-1,,native,64,64,64,0,per-stage-twiddle,floating-complex,temporal-r2-t128,1,36,4096,12,48,0.75,1,0.0010416666666666667,0.0010416666666666667,register,8192,0.0013020833333333333,0,Tesla V100-SXM2-16GB,7.0,fft,fp64,forward,none,out-of-place,0,,,,0.000000,,temporal-tile,radix2,four-mul,table,direct-strided,,1,8,,,,,,0,,,shared,linear,scalar,0,named-barrier,128,0,0,8,8,0,0,0,0,0,0,8,256,1,1,256,1000,100,0.007168,0.004209,0.018944,237606.462945,0.243309,60827254.513921,0.000000,-1,,,,,,,,,,,,
structured-2x2-bf16-fp32-log8-temporal-r2-t128-b961,structured-2x2-bf16-fp32-log8-b961,full,butterfly,cuButterfly-temporal-r2-t128,0,2,961,-1,,fp32,16,32,32,0,broadcast,floating-fma,temporal-r2-t128,1,30,512,16,64,1.0,961,0.75078125,0.75078125,register+thread+warp,984064,0.15641276041666666,0,Tesla V100-SXM2-16GB,7.0,structured-2x2,bf16,forward,none,out-of-place,0,,,,0.000000,,temporal-tile,radix2,four-mul,table,direct-strided,0.92387949999999996:-0.38268340000000001:0.38268340000000001:0.92387949999999996,1,8,,,,,,0,,,shared,linear,scalar,0,named-barrier,128,0,0,8,8,0,0,0,0,0,0,8,256,961,1,256,1000,100,0.119520,0.008223,0.126592,116871307.838032,119.676219,29919054806.536312,0.000000,-1,,,,,,,,,,,,
structured-2x2-bf16-fp32-log15-online-r4-t256-b9,structured-2x2-bf16-fp32-log15-b9,full,butterfly,cuButterfly-online-r4-t256,0,2,9,-1,,fp32,16,32,32,0,broadcast,floating-fma,online-r4-t256,64,46,2048,5,40,0.625,576,1.44,1.0,register,1179648,0.1875,0,Tesla V100-SXM2-16GB,7.0,structured-2x2,bf16,forward,none,out-of-place,0,,,,0.000000,,online-reorder,radix4,four-mul,table,direct-strided,0.92387949999999996:-0.38268340000000001:0.38268340000000001:0.92387949999999996,2,8x7,0x0,8x8,table,direct-strided,global-scratch,2,0x0,8x8,shared,linear,scalar,0,named-barrier,256,0,0,8,8,0,0,8,1,0,0,15,32768,9,1,32768,1000,100,0.137760,0.033587,0.157504,267959.203176,65.853654,8780487169.678425,0.000000,-1,,,,,,,,,,,,
structured-2x2-fp32-log20-online-r4-t256-b1,structured-2x2-fp32-log20-b1,full,butterfly,cuButterfly-online-r4-t256,0,2,1,-1,,native,32,32,32,0,broadcast,floating-fma,online-r4-t256,512,46,4096,5,40,0.625,512,1.28,1.0,register,8388608,1.3333333333333333,0,Tesla V100-SXM2-16GB,7.0,structured-2x2,fp32,forward,none,out-of-place,0,,,,0.000000,,online-reorder,radix4,four-mul,table,direct-strided,0.92387949999999996:-0.38268340000000001:0.38268340000000001:0.92387949999999996,2,10x10,0x0,8x8,table,direct-strided,global-scratch,2,0x0,8x8,shared,linear,scalar,0,named-barrier,256,0,0,8,8,0,0,10,1,0,0,20,1048576,1,1,1048576,1000,100,0.742720,0.112271,0.709280,8906.991569,93.396576,9339657591.671696,0.000000,-1,,,,,,,,,,,,
structured-2x2-fp16-native-log8-temporal-r4-t128-b1,structured-2x2-fp16-native-log8-b1,full,butterfly,cuButterfly-temporal-r4-t128,0,1,1,-1,,native,16,16,16,0,broadcast,floating-fma,temporal-r4-t128,1,38,512,12,48,0.75,1,0.0010416666666666667,0.0010416666666666667,register,1024,0.00016276041666666666,0,Tesla V100-SXM2-16GB,7.0,structured-2x2,fp16,forward,none,out-of-place,0,,,,0.000000,,temporal-tile,radix4,four-mul,table,direct-strided,0.92387949999999996:-0.38268340000000001:0.38268340000000001:0.92387949999999996,1,8,,,,,,0,,,shared,linear,scalar,0,named-barrier,128,0,0,8,8,0,0,0,0,0,0,8,256,1,1,256,1000,100,0.007168,0.002898,0.018880,345075.077982,0.353357,88339219.963376,0.000000,-1,,,,,,,,,,,,
fwht-fp32-log8-temporal-r4-t128-b1281,fwht-fp32-log8-b1281,full,butterfly,cuButterfly-temporal-r4-t128,0,3,1281,-1,,native,32,32,32,0,implicit-sign,floating-add,temporal-r4-t128,1,38,1024,12,48,0.75,1281,1.334375,1.0,register,2623488,0.4169921875,0,Tesla V100-SXM2-16GB,7.0,fwht,fp32,forward,none,out-of-place,0,,,,0.000000,,temporal-tile,radix4,four-mul,table,direct-strided,,1,8,,,,,,0,,,shared,linear,scalar,0,named-barrier,128,0,0,8,8,0,0,0,0,0,0,8,256,1281,1,256,1000,100,0.301312,0.005069,0.291424,252722540.548352,258.787882,64696970380.378059,0.000000,-1,,,,,,,,,,,,
fwht-bf16-fp32-log20-online-r4-t256-b1,fwht-bf16-fp32-log20-b1,full,butterfly,cuButterfly-online-r4-t256,0,3,1,-1,,fp32,16,32,32,0,implicit-sign,floating-add,online-r4-t256,512,46,2048,5,40,0.625,512,1.28,1.0,register,4194304,0.6666666666666666,0,Tesla V100-SXM2-16GB,7.0,fwht,bf16,forward,none,out-of-place,0,,,,0.000000,,online-reorder,radix4,four-mul,table,direct-strided,,2,10x10,0x0,8x8,table,direct-strided,global-scratch,2,0x0,8x8,shared,linear,scalar,0,named-barrier,256,0,0,8,8,0,0,10,1,0,0,20,1048576,1,1,1048576,1000,100,0.440800,0.101878,0.412832,9815.685339,102.924921,10292492069.712584,0.000000,-1,,,,,,,,,,,,
structured-2x2-bf16-fp32-log20-online-r2-t256-b2,structured-2x2-bf16-fp32-log20-b2,full,butterfly,cuButterfly-online-r2-t256,0,3,2,-1,,fp32,16,32,32,0,broadcast,floating-fma,online-r2-t256,512,36,1024,6,48,0.75,1024,2.1333333333333333,1.0,register,8388608,1.3333333333333333,0,Tesla V100-SXM2-16GB,7.0,structured-2x2,bf16,forward,none,out-of-place,0,,,,0.000000,,online-reorder,radix2,four-mul,table,direct-strided,0.92387949999999996:-0.38268340000000001:0.38268340000000001:0.92387949999999996,2,10x10,0x0,8x8,table,direct-strided,global-scratch,2,0x0,8x8,shared,linear,scalar,0,named-barrier,256,0,0,8,8,0,0,10,1,0,0,20,1048576,2,1,1048576,1000,100,0.766080,0.221399,0.742272,9033.462877,94.722724,9472272369.326412,0.000000,-1,,,,,,,,,,,,
fft-fp16-native-log15-online-r4-t256-b5,fft-fp16-native-log15-b5,full,butterfly,cuButterfly-online-r4-t256,0,5,5,-1,,native,16,16,16,0,per-stage-twiddle,floating-complex,online-r4-t256,64,50,4096,4,32,0.5,320,1.0,1.0,register,1310720,0.20833333333333334,0,Tesla V100-SXM2-16GB,7.0,fft,fp16,forward,none,out-of-place,0,,,,0.000000,,online-reorder,radix4,four-mul,table,direct-strided,,2,8x7,0x0,8x8,table,direct-strided,global-scratch,2,0x0,8x8,shared,linear,scalar,0,named-barrier,256,0,0,8,8,0,0,8,1,0,0,15,32768,5,1,32768,1000,100,0.178976,0.022927,0.169088,218080.052267,53.595354,7146047152.695098,0.000000,-1,,,,,,,,,,,,
fft-fp16-native-log15-online-r4-t256-b5,fft-fp16-native-log15-b5,full,butterfly,cuButterfly-online-r4-t256,0,4,5,-1,,native,16,16,16,0,per-stage-twiddle,floating-complex,online-r4-t256,64,50,4096,4,32,0.5,320,1.0,1.0,register,1310720,0.20833333333333334,0,Tesla V100-SXM2-16GB,7.0,fft,fp16,forward,none,out-of-place,0,,,,0.000000,,online-reorder,radix4,four-mul,table,direct-strided,,2,8x7,0x0,8x8,table,direct-strided,global-scratch,2,0x0,8x8,shared,linear,scalar,0,named-barrier,256,0,0,8,8,0,0,8,1,0,0,15,32768,5,1,32768,1000,100,0.179168,0.022938,0.165376,217982.687282,53.571425,7142856696.863242,0.000000,-1,,,,,,,,,,,,
fft-fp32-log15-hier-r4-t256-b7,fft-fp32-log15-b7,full,butterfly,cuButterfly-hier-r4-t256,0,1,7,-1,,native,32,32,32,0,per-stage-twiddle,floating-complex,hier-r4-t256,64,48,8192,5,40,0.625,448,1.12,1.0,register,3670016,0.5833333333333334,0,Tesla V100-SXM2-16GB,7.0,fft,fp32,forward,none,out-of-place,0,,,,0.000000,,hierarchical,radix4,four-mul,table,direct-strided,,1,15,,,,,,0,,,shared,linear,scalar,0,named-barrier,256,0,0,8,8,0,0,8,0,0,0,15,32768,7,1,32768,1000,100,0.479360,0.033587,0.361248,208412.713582,51.219508,6829267798.638776,0.000000,-1,,,,,,,,,,,,
fwht-fp64-log15-online-r2-t256-b6,fwht-fp64-log15-b6,full,butterfly,cuButterfly-online-r2-t256,0,3,6,-1,,native,64,64,64,0,implicit-sign,floating-add,online-r2-t256,64,38,4096,6,48,0.75,384,0.8,0.8,register,3145728,0.5,0,Tesla V100-SXM2-16GB,7.0,fwht,fp64,forward,none,out-of-place,0,,,,0.000000,,online-reorder,radix2,four-mul,table,direct-strided,,2,8x7,0x0,8x8,table,direct-strided,global-scratch,2,0x0,8x8,shared,linear,scalar,0,named-barrier,256,0,0,8,8,0,0,8,1,0,0,15,32768,6,1,32768,1000,100,0.359456,0.021443,0.284384,279817.328992,68.767907,9169054236.416323,0.000000,-1,,,,,,,,,,,,
fwht-bf16-fp32-log15-online-r2-t256-b1,fwht-bf16-fp32-log15-b1,full,butterfly,cuButterfly-online-r2-t256,0,4,1,-1,,fp32,16,32,32,0,implicit-sign,floating-add,online-r2-t256,64,36,1024,6,48,0.75,64,0.13333333333333333,0.13333333333333333,register,131072,0.020833333333333332,0,Tesla V100-SXM2-16GB,7.0,fwht,bf16,forward,none,out-of-place,0,,,,0.000000,,online-reorder,radix2,four-mul,table,direct-strided,,2,8x7,0x0,8x8,table,direct-strided,global-scratch,2,0x0,8x8,shared,linear,scalar,0,named-barrier,256,0,0,8,8,0,0,8,1,0,0,15,32768,1,1,32768,1000,100,0.033792,0.009083,0.033856,110097.239443,27.057498,3607666342.054502,0.000000,-1,,,,,,,,,,,,
fwht-fp32-log8-temporal-r2-t128-b1,fwht-fp32-log8-b1,full,butterfly,cuButterfly-temporal-r2-t128,0,2,1,-1,,native,32,32,32,0,implicit-sign,floating-add,temporal-r2-t128,1,30,1024,16,64,1.0,1,0.00078125,0.00078125,register+thread+warp,2048,0.0003255208333333333,0,Tesla V100-SXM2-16GB,7.0,fwht,fp32,forward,none,out-of-place,0,,,,0.000000,,temporal-tile,radix2,four-mul,table,direct-strided,,1,8,,,,,,0,,,shared,linear,scalar,0,named-barrier,128,0,0,8,8,0,0,0,0,0,0,8,256,1,1,256,1000,100,0.008192,0.002734,0.019072,365753.751070,0.374532,93632960.273816,0.000000,-1,,,,,,,,,,,,
fwht-fp64-log15-online-r2-t256-b6,fwht-fp64-log15-b6,full,butterfly,cuButterfly-online-r2-t256,0,1,6,-1,,native,64,64,64,0,implicit-sign,floating-add,online-r2-t256,64,38,4096,6,48,0.75,384,0.8,0.8,register,3145728,0.5,0,Tesla V100-SXM2-16GB,7.0,fwht,fp64,forward,none,out-of-place,0,,,,0.000000,,online-reorder,radix2,four-mul,table,direct-strided,,2,8x7,0x0,8x8,table,direct-strided,global-scratch,2,0x0,8x8,shared,linear,scalar,0,named-barrier,256,0,0,8,8,0,0,8,1,0,0,15,32768,6,1,32768,1000,100,0.335168,0.021422,0.321248,280084.837941,68.833650,9177819969.659397,0.000000,-1,,,,,,,,,,,,
fft-fp16-native-log15-online-r4-t256-b6,fft-fp16-native-log15-b6,full,butterfly,cuButterfly-online-r4-t256,0,3,6,-1,,native,16,16,16,0,per-stage-twiddle,floating-complex,online-r4-t256,64,50,4096,4,32,0.5,384,1.2,1.0,register,1572864,0.25,0,Tesla V100-SXM2-16GB,7.0,fft,fp16,forward,none,out-of-place,0,,,,0.000000,,online-reorder,radix4,four-mul,table,direct-strided,,2,8x7,0x0,8x8,table,direct-strided,global-scratch,2,0x0,8x8,shared,linear,scalar,0,named-barrier,256,0,0,8,8,0,0,8,1,0,0,15,32768,6,1,32768,1000,100,0.247360,0.026450,0.199392,226843.781067,55.749128,7433217018.000812,0.000000,-1,,,,,,,,,,,,
fwht-bf16-native-log15-hier-r4-t256-b9,fwht-bf16-native-log15-b9,full,butterfly,cuButterfly-hier-r4-t256,0,1,9,-1,,native,16,32,16,1,implicit-sign,floating-add,hier-r4-t256,64,44,2048,5,40,0.625,576,1.44,1.0,register,1179648,0.1875,0,Tesla V100-SXM2-16GB,7.0,fwht,bf16,forward,none,out-of-place,0,,,,0.000000,,hierarchical,radix4,four-mul,table,direct-strided,,1,15,,,,,,0,,,shared,linear,scalar,0,named-barrier,256,0,0,8,8,0,0,8,0,0,0,15,32768,9,1,32768,1000,100,0.138368,0.030136,0.142912,298642.959028,73.394494,9785932481.423130,0.000000,-1,,,,,,,,,,,,
fft-fp32-log15-online-r2-t256-b6,fft-fp32-log15-b6,full,butterfly,cuButterfly-online-r2-t256,0,2,6,-1,,native,32,32,32,0,per-stage-twiddle,floating-complex,online-r2-t256,64,38,4096,6,48,0.75,384,0.8,0.8,register,3145728,0.5,0,Tesla V100-SXM2-16GB,7.0,fft,fp32,forward,none,out-of-place,0,,,,0.000000,,online-reorder,radix2,four-mul,table,direct-strided,,2,8x7,0x0,8x8,table,direct-strided,global-scratch,2,0x0,8x8,shared,linear,scalar,0,named-barrier,256,0,0,8,8,0,0,8,1,0,0,15,32768,6,1,32768,1000,100,0.426400,0.030833,0.333568,194598.965224,47.824642,6376618892.460576,0.000000,-1,,,,,,,,,,,,
structured-2x2-fp32-log20-hier-r4-t256-b1,structured-2x2-fp32-log20-b1,full,butterfly,cuButterfly-hier-r4-t256,0,3,1,-1,,native,32,32,32,0,broadcast,floating-fma,hier-r4-t256,512,44,4096,5,40,0.625,512,1.28,1.0,register,8388608,1.3333333333333333,0,Tesla V100-SXM2-16GB,7.0,structured-2x2,fp32,forward,none,out-of-place,0,,,,0.000000,,hierarchical,radix4,four-mul,table,direct-strided,0.92387949999999996:-0.38268340000000001:0.38268340000000001:0.92387949999999996,1,20,,,,,,0,,,shared,linear,scalar,0,named-barrier,256,0,0,8,8,0,0,10,0,0,0,20,1048576,1,1,1048576,1000,100,0.745376,0.102144,0.723136,9790.099971,102.656639,10265663867.495443,0.000000,-1,,,,,,,,,,,,
structured-2x2-fp64-log15-online-r4-t256-b6,structured-2x2-fp64-log15-b6,full,butterfly,cuButterfly-online-r4-t256,0,2,6,-1,,native,64,64,64,0,broadcast,floating-fma,online-r4-t256,64,50,8192,4,32,0.5,384,1.2,1.0,register,3145728,0.5,0,Tesla V100-SXM2-16GB,7.0,structured-2x2,fp64,forward,none,out-of-place,0,,,,0.000000,,online-reorder,radix4,four-mul,table,direct-strided,0.92387949999999996:-0.38268340000000001:0.38268340000000001:0.92387949999999996,2,8x7,0x0,8x8,table,direct-strided,global-scratch,2,0x0,8x8,shared,linear,scalar,0,named-barrier,256,0,0,8,8,0,0,8,1,0,0,15,32768,6,1,32768,1000,100,0.343968,0.024412,0.318816,245779.145241,60.402683,8053691031.268229,0.000000,-1,,,,,,,,,,,,
fft-fp32-log20-online-r4-t256-b1,fft-fp32-log20-b1,full,butterfly,cuButterfly-online-r4-t256,0,1,1,-1,,native,32,32,32,0,per-stage-twiddle,floating-complex,online-r4-t256,512,50,8192,4,32,0.5,512,1.6,1.0,register,16777216,2.6666666666666665,0,Tesla V100-SXM2-16GB,7.0,fft,fp32,forward,none,out-of-place,0,,,,0.000000,,online-reorder,radix4,four-mul,table,direct-strided,,2,10x10,0x0,8x8,table,direct-strided,global-scratch,2,0x0,8x8,shared,linear,scalar,0,named-barrier,256,0,0,8,8,0,0,10,1,0,0,20,1048576,1,1,1048576,1000,100,1.413600,0.165048,1.368992,6058.831883,63.531457,6353145700.866317,0.000000,-1,,,,,,,,,,,,
structured-2x2-fp64-log15-hier-r4-t256-b4,structured-2x2-fp64-log15-b4,full,butterfly,cuButterfly-hier-r4-t256,0,3,4,-1,,native,64,64,64,0,broadcast,floating-fma,hier-r4-t256,64,48,8192,5,40,0.625,256,0.64,0.64,register,2097152,0.3333333333333333,0,Tesla V100-SXM2-16GB,7.0,structured-2x2,fp64,forward,none,out-of-place,0,,,,0.000000,,hierarchical,radix4,four-mul,table,direct-strided,0.92387949999999996:-0.38268340000000001:0.38268340000000001:0.92387949999999996,1,15,,,,,,0,,,shared,linear,scalar,0,named-barrier,256,0,0,8,8,0,0,8,0,0,0,15,32768,4,1,32768,1000,100,0.242816,0.023941,0.308832,167076.547238,41.060732,5474764299.890176,0.000000,-1,,,,,,,,,,,,
fft-fp32-log8-temporal-r2-t128-b1279,fft-fp32-log8-b1279,full,butterfly,cuButterfly-temporal-r2-t128,0,1,1279,-1,,native,32,32,32,0,per-stage-twiddle,floating-complex,temporal-r2-t128,1,32,2048,16,64,1.0,1279,0.99921875,0.99921875,register+thread+warp,5238784,0.8326822916666666,0,Tesla V100-SXM2-16GB,7.0,fft,fp32,forward,none,out-of-place,0,,,,0.000000,,temporal-tile,radix2,four-mul,table,direct-strided,,1,8,,,,,,0,,,shared,linear,scalar,0,named-barrier,128,0,0,8,8,0,0,0,0,0,0,8,256,1279,1,256,1000,100,0.500544,0.010793,0.459456,118503178.131535,121.347254,30336813601.673054,0.000000,-1,,,,,,,,,,,,
structured-2x2-fp32-log20-online-r2-t256-b1,structured-2x2-fp32-log20-b1,full,butterfly,cuButterfly-online-r2-t256,0,3,1,-1,,native,32,32,32,0,broadcast,floating-fma,online-r2-t256,512,36,2048,6,48,0.75,512,1.0666666666666667,1.0,register,8388608,1.3333333333333333,0,Tesla V100-SXM2-16GB,7.0,structured-2x2,fp32,forward,none,out-of-place,0,,,,0.000000,,online-reorder,radix2,four-mul,table,direct-strided,0.92387949999999996:-0.38268340000000001:0.38268340000000001:0.92387949999999996,2,10x10,0x0,8x8,table,direct-strided,global-scratch,2,0x0,8x8,shared,linear,scalar,0,named-barrier,256,0,0,8,8,0,0,10,1,0,0,20,1048576,1,1,1048576,1000,100,0.758080,0.100116,0.718304,9988.365166,104.735600,10473559992.290775,0.000000,-1,,,,,,,,,,,,
fft-fp64-log20-online-r2-t256-b2,fft-fp64-log20-b2,full,butterfly,cuButterfly-online-r2-t256,0,5,2,-1,,native,64,64,64,0,per-stage-twiddle,floating-complex,online-r2-t256,512,42,8192,5,40,0.625,1024,2.56,1.0,register,67108864,10.666666666666666,0,Tesla V100-SXM2-16GB,7.0,fft,fp64,forward,none,out-of-place,0,,,,0.000000,,online-reorder,radix2,four-mul,table,direct-strided,,2,10x10,0x0,8x8,table,direct-strided,global-scratch,2,0x0,8x8,shared,linear,scalar,0,named-barrier,256,0,0,8,8,0,0,10,1,0,0,20,1048576,2,1,1048576,1000,100,5.447232,0.588268,5.138432,3399.813830,35.649632,3564963186.939631,0.000000,-1,,,,,,,,,,,,
fft-fp16-native-log15-online-r4-t256-b6,fft-fp16-native-log15-b6,full,butterfly,cuButterfly-online-r4-t256,0,1,6,-1,,native,16,16,16,0,per-stage-twiddle,floating-complex,online-r4-t256,64,50,4096,4,32,0.5,384,1.2,1.0,register,1572864,0.25,0,Tesla V100-SXM2-16GB,7.0,fft,fp16,forward,none,out-of-place,0,,,,0.000000,,online-reorder,radix4,four-mul,table,direct-strided,,2,8x7,0x0,8x8,table,direct-strided,global-scratch,2,0x0,8x8,shared,linear,scalar,0,named-barrier,256,0,0,8,8,0,0,8,1,0,0,15,32768,6,1,32768,1000,100,0.245312,0.026522,0.192096,226230.704191,55.598458,7413127714.938083,0.000000,-1,,,,,,,,,,,,
fwht-fp32-log20-hier-r4-t256-b1,fwht-fp32-log20-b1,full,butterfly,cuButterfly-hier-r4-t256,0,3,1,-1,,native,32,32,32,0,implicit-sign,floating-add,hier-r4-t256,512,44,4096,5,40,0.625,512,1.28,1.0,register,8388608,1.3333333333333333,0,Tesla V100-SXM2-16GB,7.0,fwht,fp32,forward,none,out-of-place,0,,,,0.000000,,hierarchical,radix4,four-mul,table,direct-strided,,1,20,,,,,,0,,,shared,linear,scalar,0,named-barrier,256,0,0,8,8,0,0,10,0,0,0,20,1048576,1,1,1048576,1000,100,0.746912,0.098867,0.707456,10114.577907,106.059036,10605903643.060135,0.000000,-1,,,,,,,,,,,,
structured-2x2-bf16-fp32-log15-online-r4-t256-b9,structured-2x2-bf16-fp32-log15-b9,full,butterfly,cuButterfly-online-r4-t256,0,5,9,-1,,fp32,16,32,32,0,broadcast,floating-fma,online-r4-t256,64,46,2048,5,40,0.625,576,1.44,1.0,register,1179648,0.1875,0,Tesla V100-SXM2-16GB,7.0,structured-2x2,bf16,forward,none,out-of-place,0,,,,0.000000,,online-reorder,radix4,four-mul,table,direct-strided,0.92387949999999996:-0.38268340000000001:0.38268340000000001:0.92387949999999996,2,8x7,0x0,8x8,table,direct-strided,global-scratch,2,0x0,8x8,shared,linear,scalar,0,named-barrier,256,0,0,8,8,0,0,8,1,0,0,15,32768,9,1,32768,1000,100,0.135648,0.033874,0.141888,265691.132295,65.296253,8706167023.027153,0.000000,-1,,,,,,,,,,,,
fft-bf16-native-log8-temporal-r2-t128-b1280,fft-bf16-native-log8-b1280,full,butterfly,cuButterfly-temporal-r2-t128,0,2,1280,-1,,native,16,32,16,1,per-stage-twiddle,floating-complex,temporal-r2-t128,1,32,1024,16,64,1.0,1280,1.0,1.0,register+thread+warp,2621440,0.4166666666666667,0,Tesla V100-SXM2-16GB,7.0,fft,bf16,forward,none,out-of-place,0,,,,0.000000,,temporal-tile,radix2,four-mul,table,direct-strided,,1,8,,,,,,0,,,shared,linear,scalar,0,named-barrier,128,0,0,8,8,0,0,0,0,0,0,8,256,1280,1,256,1000,100,0.319168,0.024924,0.255488,51355794.890926,52.588334,13147083492.077156,0.000000,-1,,,,,,,,,,,,
fwht-bf16-native-log8-temporal-r4-t128-b960,fwht-bf16-native-log8-b960,full,butterfly,cuButterfly-temporal-r4-t128,0,2,960,-1,,native,16,32,16,1,implicit-sign,floating-add,temporal-r4-t128,1,38,512,12,48,0.75,960,1.0,1.0,register,983040,0.15625,0,Tesla V100-SXM2-16GB,7.0,fwht,bf16,forward,none,out-of-place,0,,,,0.000000,,temporal-tile,radix4,four-mul,table,direct-strided,,1,8,,,,,,0,,,shared,linear,scalar,0,named-barrier,128,0,0,8,8,0,0,0,0,0,0,8,256,960,1,256,1000,100,0.139712,0.006728,0.122144,142694061.842732,146.118719,36529679831.739326,0.000000,-1,,,,,,,,,,,,
fft-bf16-fp32-log8-temporal-r4-t128-b1281,fft-bf16-fp32-log8-b1281,full,butterfly,cuButterfly-temporal-r4-t128,0,3,1281,-1,,fp32,16,32,32,0,per-stage-twiddle,floating-complex,temporal-r4-t128,1,42,1024,10,40,0.625,1281,1.60125,1.0,register,2623488,0.4169921875,0,Tesla V100-SXM2-16GB,7.0,fft,bf16,forward,none,out-of-place,0,,,,0.000000,,temporal-tile,radix4,four-mul,table,direct-strided,,1,8,,,,,,0,,,shared,linear,scalar,0,named-barrier,128,0,0,8,8,0,0,0,0,0,0,8,256,1281,1,256,1000,100,0.316256,0.018309,0.267904,69965131.791479,71.644295,17911073738.618549,0.000000,-1,,,,,,,,,,,,
fft-fp32-log20-online-r2-t256-b1,fft-fp32-log20-b1,full,butterfly,cuButterfly-online-r2-t256,0,3,1,-1,,native,32,32,32,0,per-stage-twiddle,floating-complex,online-r2-t256,512,38,4096,6,48,0.75,512,1.0666666666666667,1.0,register,16777216,2.6666666666666665,0,Tesla V100-SXM2-16GB,7.0,fft,fp32,forward,none,out-of-place,0,,,,0.000000,,online-reorder,radix2,four-mul,table,direct-strided,,2,10x10,0x0,8x8,table,direct-strided,global-scratch,2,0x0,8x8,shared,linear,scalar,0,named-barrier,256,0,0,8,8,0,0,10,1,0,0,20,1048576,1,1,1048576,1000,100,1.425248,0.185303,1.357952,5396.565761,56.587093,5658709339.124935,0.000000,-1,,,,,,,,,,,,
fwht-bf16-native-log8-temporal-r4-t128-b960,fwht-bf16-native-log8-b960,full,butterfly,cuButterfly-temporal-r4-t128,0,3,960,-1,,native,16,32,16,1,implicit-sign,floating-add,temporal-r4-t128,1,38,512,12,48,0.75,960,1.0,1.0,register,983040,0.15625,0,Tesla V100-SXM2-16GB,7.0,fwht,bf16,forward,none,out-of-place,0,,,,0.000000,,temporal-tile,radix4,four-mul,table,direct-strided,,1,8,,,,,,0,,,shared,linear,scalar,0,named-barrier,128,0,0,8,8,0,0,0,0,0,0,8,256,960,1,256,1000,100,0.151104,0.006758,0.141376,142045449.521186,145.454540,36363635077.423492,0.000000,-1,,,,,,,,,,,,
fft-bf16-native-log15-online-r4-t256-b9,fft-bf16-native-log15-b9,full,butterfly,cuButterfly-online-r4-t256,0,1,9,-1,,native,16,32,16,1,per-stage-twiddle,floating-complex,online-r4-t256,64,50,4096,4,32,0.5,576,1.8,1.0,register,2359296,0.375,0,Tesla V100-SXM2-16GB,7.0,fft,bf16,forward,none,out-of-place,0,,,,0.000000,,online-reorder,radix4,four-mul,table,direct-strided,,2,8x7,0x0,8x8,table,direct-strided,global-scratch,2,0x0,8x8,shared,linear,scalar,0,named-barrier,256,0,0,8,8,0,0,8,1,0,0,15,32768,9,1,32768,1000,100,0.351552,0.073247,0.279328,122872.387972,30.197118,4026282409.052418,0.000000,-1,,,,,,,,,,,,
fft-bf16-native-log15-online-r2-t256-b9,fft-bf16-native-log15-b9,full,butterfly,cuButterfly-online-r2-t256,0,4,9,-1,,native,16,32,16,1,per-stage-twiddle,floating-complex,online-r2-t256,64,38,2048,6,48,0.75,576,1.2,1.0,register,2359296,0.375,0,Tesla V100-SXM2-16GB,7.0,fft,bf16,forward,none,out-of-place,0,,,,0.000000,,online-reorder,radix2,four-mul,table,direct-strided,,2,8x7,0x0,8x8,table,direct-strided,global-scratch,2,0x0,8x8,shared,linear,scalar,0,named-barrier,256,0,0,8,8,0,0,8,1,0,0,15,32768,9,1,32768,1000,100,0.340160,0.062659,0.326656,143635.611837,35.299888,4706651728.689404,0.000000,-1,,,,,,,,,,,,
fft-fp16-fp32-log8-temporal-r4-t128-b1,fft-fp16-fp32-log8-b1,full,butterfly,cuButterfly-temporal-r4-t128,0,3,1,-1,,fp32,16,32,32,0,per-stage-twiddle,floating-complex,temporal-r4-t128,1,42,1024,10,40,0.625,1,0.00125,0.00125,register,2048,0.0003255208333333333,0,Tesla V100-SXM2-16GB,7.0,fft,fp16,forward,none,out-of-place,0,,,,0.000000,,temporal-tile,radix4,four-mul,table,direct-strided,,1,8,,,,,,0,,,shared,linear,scalar,0,named-barrier,128,0,0,8,8,0,0,0,0,0,0,8,256,1,1,256,1000,100,0.006144,0.003492,0.018016,286381.957226,0.293255,73313781.049825,0.000000,-1,,,,,,,,,,,,
fft-bf16-native-log15-hier-r4-t256-b1,fft-bf16-native-log15-b1,full,butterfly,cuButterfly-hier-r4-t256,0,2,1,-1,,native,16,32,16,1,per-stage-twiddle,floating-complex,hier-r4-t256,64,48,4096,5,40,0.625,64,0.16,0.16,register,262144,0.041666666666666664,0,Tesla V100-SXM2-16GB,7.0,fft,bf16,forward,none,out-of-place,0,,,,0.000000,,hierarchical,radix4,four-mul,table,direct-strided,,1,15,,,,,,0,,,shared,linear,scalar,0,named-barrier,256,0,0,8,8,0,0,8,0,0,0,15,32768,1,1,32768,1000,100,0.035040,0.025344,0.046240,39457.071849,9.696970,1292929330.342596,0.000000,-1,,,,,,,,,,,,
structured-2x2-bf16-fp32-log20-hier-r4-t256-b2,structured-2x2-bf16-fp32-log20-b2,full,butterfly,cuButterfly-hier-r4-t256,0,4,2,-1,,fp32,16,32,32,0,broadcast,floating-fma,hier-r4-t256,512,44,2048,5,40,0.625,1024,2.56,1.0,register,8388608,1.3333333333333333,0,Tesla V100-SXM2-16GB,7.0,structured-2x2,bf16,forward,none,out-of-place,0,,,,0.000000,,hierarchical,radix4,four-mul,table,direct-strided,0.92387949999999996:-0.38268340000000001:0.38268340000000001:0.92387949999999996,1,20,,,,,,0,,,shared,linear,scalar,0,named-barrier,256,0,0,8,8,0,0,10,0,0,0,20,1048576,2,1,1048576,1000,100,0.746592,0.181299,0.728608,11031.488603,115.673542,11567354193.407412,0.000000,-1,,,,,,,,,,,,
fwht-fp32-log15-online-r2-t256-b1,fwht-fp32-log15-b1,full,butterfly,cuButterfly-online-r2-t256,0,4,1,-1,,native,32,32,32,0,implicit-sign,floating-add,online-r2-t256,64,36,2048,6,48,0.75,64,0.13333333333333333,0.13333333333333333,register,262144,0.041666666666666664,0,Tesla V100-SXM2-16GB,7.0,fwht,fp32,forward,none,out-of-place,0,,,,0.000000,,online-reorder,radix2,four-mul,table,direct-strided,,2,8x7,0x0,8x8,table,direct-strided,global-scratch,2,0x0,8x8,shared,linear,scalar,0,named-barrier,256,0,0,8,8,0,0,8,1,0,0,15,32768,1,1,32768,1000,100,0.039968,0.008223,0.048256,121614.264139,29.887922,3985056207.322215,0.000000,-1,,,,,,,,,,,,
structured-2x2-fp64-log15-online-r4-t256-b7,structured-2x2-fp64-log15-b7,full,butterfly,cuButterfly-online-r4-t256,0,4,7,-1,,native,64,64,64,0,broadcast,floating-fma,online-r4-t256,64,50,8192,4,32,0.5,448,1.4,1.0,register,3670016,0.5833333333333334,0,Tesla V100-SXM2-16GB,7.0,structured-2x2,fp64,forward,none,out-of-place,0,,,,0.000000,,online-reorder,radix4,four-mul,table,direct-strided,0.92387949999999996:-0.38268340000000001:0.38268340000000001:0.92387949999999996,2,8x7,0x0,8x8,table,direct-strided,global-scratch,2,0x0,8x8,shared,linear,scalar,0,named-barrier,256,0,0,8,8,0,0,8,1,0,0,15,32768,7,1,32768,1000,100,0.396416,0.027228,0.344864,257086.782350,63.181648,8424219684.045301,0.000000,-1,,,,,,,,,,,,
fft-fp16-fp32-log20-online-r2-t256-b1,fft-fp16-fp32-log20-b1,full,butterfly,cuButterfly-online-r2-t256,0,1,1,-1,,fp32,16,32,32,0,per-stage-twiddle,floating-complex,online-r2-t256,512,38,2048,6,48,0.75,512,1.0666666666666667,1.0,register,8388608,1.3333333333333333,0,Tesla V100-SXM2-16GB,7.0,fft,fp16,forward,none,out-of-place,0,,,,0.000000,,online-reorder,radix2,four-mul,table,direct-strided,,2,10x10,0x0,8x8,table,direct-strided,global-scratch,2,0x0,8x8,shared,linear,scalar,0,named-barrier,256,0,0,8,8,0,0,10,1,0,0,20,1048576,1,1,1048576,1000,100,0.744064,0.146084,0.761632,6845.383817,71.779052,7177905180.971612,0.000000,-1,,,,,,,,,,,,
fft-fp16-native-log15-hier-r4-t256-b5,fft-fp16-native-log15-b5,full,butterfly,cuButterfly-hier-r4-t256,0,4,5,-1,,native,16,16,16,0,per-stage-twiddle,floating-complex,hier-r4-t256,64,48,4096,5,40,0.625,320,0.8,0.8,register,1310720,0.20833333333333334,0,Tesla V100-SXM2-16GB,7.0,fft,fp16,forward,none,out-of-place,0,,,,0.000000,,hierarchical,radix4,four-mul,table,direct-strided,,1,15,,,,,,0,,,shared,linear,scalar,0,named-barrier,256,0,0,8,8,0,0,8,0,0,0,15,32768,5,1,32768,1000,100,0.194080,0.023972,0.169600,208578.074704,51.260148,6834686351.905079,0.000000,-1,,,,,,,,,,,,
fft-fp16-native-log8-temporal-r2-t128-b1280,fft-fp16-native-log8-b1280,full,butterfly,cuButterfly-temporal-r2-t128,0,5,1280,-1,,native,16,16,16,0,per-stage-twiddle,floating-complex,temporal-r2-t128,1,32,1024,16,64,1.0,1280,1.0,1.0,register+thread+warp,2621440,0.4166666666666667,0,Tesla V100-SXM2-16GB,7.0,fft,fp16,forward,none,out-of-place,0,,,,0.000000,,temporal-tile,radix2,four-mul,table,direct-strided,,1,8,,,,,,0,,,shared,linear,scalar,0,named-barrier,128,0,0,8,8,0,0,0,0,0,0,8,256,1280,1,256,1000,100,0.320384,0.006646,0.277728,192604005.198834,197.226501,49306625330.901566,0.000000,-1,,,,,,,,,,,,
fft-fp64-log8-temporal-r2-t128-b720,fft-fp64-log8-b720,full,butterfly,cuButterfly-temporal-r2-t128,0,4,720,-1,,native,64,64,64,0,per-stage-twiddle,floating-complex,temporal-r2-t128,1,36,4096,12,48,0.75,720,0.75,0.75,register,5898240,0.9375,0,Tesla V100-SXM2-16GB,7.0,fft,fp64,forward,none,out-of-place,0,,,,0.000000,,temporal-tile,radix2,four-mul,table,direct-strided,,1,8,,,,,,0,,,shared,linear,scalar,0,named-barrier,128,0,0,8,8,0,0,0,0,0,0,8,256,720,1,256,1000,100,0.563776,0.010660,0.544128,67543227.932129,69.164265,17291066350.624973,0.000000,-1,,,,,,,,,,,,
fwht-bf16-native-log15-hier-r4-t256-b1,fwht-bf16-native-log15-b1,full,butterfly,cuButterfly-hier-r4-t256,0,3,1,-1,,native,16,32,16,1,implicit-sign,floating-add,hier-r4-t256,64,44,2048,5,40,0.625,64,0.16,0.16,register,131072,0.020833333333333332,0,Tesla V100-SXM2-16GB,7.0,fwht,bf16,forward,none,out-of-place,0,,,,0.000000,,hierarchical,radix4,four-mul,table,direct-strided,,1,15,,,,,,0,,,shared,linear,scalar,0,named-barrier,256,0,0,8,8,0,0,8,0,0,0,15,32768,1,1,32768,1000,100,0.033792,0.018934,0.036960,52815.711189,12.979989,1730665224.239485,0.000000,-1,,,,,,,,,,,,
fwht-fp16-fp32-log15-hier-r4-t256-b9,fwht-fp16-fp32-log15-b9,full,butterfly,cuButterfly-hier-r4-t256,0,1,9,-1,,fp32,16,32,32,0,implicit-sign,floating-add,hier-r4-t256,64,44,2048,5,40,0.625,576,1.44,1.0,register,1179648,0.1875,0,Tesla V100-SXM2-16GB,7.0,fwht,fp16,forward,none,out-of-place,0,,,,0.000000,,hierarchical,radix4,four-mul,table,direct-strided,,1,15,,,,,,0,,,shared,linear,scalar,0,named-barrier,256,0,0,8,8,0,0,8,0,0,0,15,32768,9,1,32768,1000,100,0.142304,0.025272,0.149792,356120.859616,87.520262,11669368327.880959,0.000000,-1,,,,,,,,,,,,
fft-fp32-log8-temporal-r2-t128-b1281,fft-fp32-log8-b1281,full,butterfly,cuButterfly-temporal-r2-t128,0,4,1281,-1,,native,32,32,32,0,per-stage-twiddle,floating-complex,temporal-r2-t128,1,32,2048,16,64,1.0,1281,1.00078125,1.0,register+thread+warp,5246976,0.833984375,0,Tesla V100-SXM2-16GB,7.0,fft,fp32,forward,none,out-of-place,0,,,,0.000000,,temporal-tile,radix2,four-mul,table,direct-strided,,1,8,,,,,,0,,,shared,linear,scalar,0,named-barrier,128,0,0,8,8,0,0,0,0,0,0,8,256,1281,1,256,1000,100,0.507296,0.011131,0.454272,115085234.504370,117.847280,29461820033.118660,0.000000,-1,,,,,,,,,,,,
fwht-fp16-fp32-log15-online-r2-t256-b8,fwht-fp16-fp32-log15-b8,full,butterfly,cuButterfly-online-r2-t256,0,5,8,-1,,fp32,16,32,32,0,implicit-sign,floating-add,online-r2-t256,64,36,1024,6,48,0.75,512,1.0666666666666667,1.0,register,1048576,0.16666666666666666,0,Tesla V100-SXM2-16GB,7.0,fwht,fp16,forward,none,out-of-place,0,,,,0.000000,,online-reorder,radix2,four-mul,table,direct-strided,,2,8x7,0x0,8x8,table,direct-strided,global-scratch,2,0x0,8x8,shared,linear,scalar,0,named-barrier,256,0,0,8,8,0,0,8,1,0,0,15,32768,8,1,32768,1000,100,0.123552,0.026737,0.153056,299214.845628,73.535040,9804672061.538269,0.000000,-1,,,,,,,,,,,,
fft-fp16-fp32-log15-online-r4-t256-b1,fft-fp16-fp32-log15-b1,full,butterfly,cuButterfly-online-r4-t256,0,2,1,-1,,fp32,16,32,32,0,per-stage-twiddle,floating-complex,online-r4-t256,64,50,4096,4,32,0.5,64,0.2,0.2,register,262144,0.041666666666666664,0,Tesla V100-SXM2-16GB,7.0,fft,fp16,forward,none,out-of-place,0,,,,0.000000,,online-reorder,radix4,four-mul,table,direct-strided,,2,8x7,0x0,8x8,table,direct-strided,global-scratch,2,0x0,8x8,shared,linear,scalar,0,named-barrier,256,0,0,8,8,0,0,8,1,0,0,15,32768,1,1,32768,1000,100,0.037344,0.011325,0.047904,88296.787354,21.699818,2893309128.015158,0.000000,-1,,,,,,,,,,,,
structured-2x2-fp64-log20-online-r2-t256-b2,structured-2x2-fp64-log20-b2,full,butterfly,cuButterfly-online-r2-t256,0,1,2,-1,,native,64,64,64,0,broadcast,floating-fma,online-r2-t256,512,38,4096,6,48,0.75,1024,2.1333333333333333,1.0,register,33554432,5.333333333333333,0,Tesla V100-SXM2-16GB,7.0,structured-2x2,fp64,forward,none,out-of-place,0,,,,0.000000,,online-reorder,radix2,four-mul,table,direct-strided,0.92387949999999996:-0.38268340000000001:0.38268340000000001:0.92387949999999996,2,10x10,0x0,8x8,table,direct-strided,global-scratch,2,0x0,8x8,shared,linear,scalar,0,named-barrier,256,0,0,8,8,0,0,10,1,0,0,20,1048576,2,1,1048576,1000,100,2.768160,0.209859,2.609856,9530.228740,99.931691,9993169131.287264,0.000000,-1,,,,,,,,,,,,
fft-fp16-fp32-log15-online-r2-t256-b1,fft-fp16-fp32-log15-b1,full,butterfly,cuButterfly-online-r2-t256,0,5,1,-1,,fp32,16,32,32,0,per-stage-twiddle,floating-complex,online-r2-t256,64,38,2048,6,48,0.75,64,0.13333333333333333,0.13333333333333333,register,262144,0.041666666666666664,0,Tesla V100-SXM2-16GB,7.0,fft,fp16,forward,none,out-of-place,0,,,,0.000000,,online-reorder,radix2,four-mul,table,direct-strided,,2,8x7,0x0,8x8,table,direct-strided,global-scratch,2,0x0,8x8,shared,linear,scalar,0,named-barrier,256,0,0,8,8,0,0,8,1,0,0,15,32768,1,1,32768,1000,100,0.034304,0.011971,0.047104,83538.273619,20.530366,2737382149.945088,0.000000,-1,,,,,,,,,,,,
fwht-bf16-fp32-log15-hier-r4-t256-b1,fwht-bf16-fp32-log15-b1,full,butterfly,cuButterfly-hier-r4-t256,0,5,1,-1,,fp32,16,32,32,0,implicit-sign,floating-add,hier-r4-t256,64,44,2048,5,40,0.625,64,0.16,0.16,register,131072,0.020833333333333332,0,Tesla V100-SXM2-16GB,7.0,fwht,bf16,forward,none,out-of-place,0,,,,0.000000,,hierarchical,radix4,four-mul,table,direct-strided,,1,15,,,,,,0,,,shared,linear,scalar,0,named-barrier,256,0,0,8,8,0,0,8,0,0,0,15,32768,1,1,32768,1000,100,0.032768,0.017684,0.031264,56546.756822,13.896931,1852924127.542438,0.000000,-1,,,,,,,,,,,,
fft-bf16-native-log8-temporal-r2-t128-b801,fft-bf16-native-log8-b801,full,butterfly,cuButterfly-temporal-r2-t128,0,3,801,-1,,native,16,32,16,1,per-stage-twiddle,floating-complex,temporal-r2-t128,1,32,1024,16,64,1.0,801,0.62578125,0.62578125,register+thread+warp,1640448,0.2607421875,0,Tesla V100-SXM2-16GB,7.0,fft,bf16,forward,none,out-of-place,0,,,,0.000000,,temporal-tile,radix2,four-mul,table,direct-strided,,1,8,,,,,,0,,,shared,linear,scalar,0,named-barrier,128,0,0,8,8,0,0,0,0,0,0,8,256,801,1,256,1000,100,0.204544,0.018094,0.219712,44268623.720055,45.331071,11332767672.334015,0.000000,-1,,,,,,,,,,,,
structured-2x2-fp64-log15-hier-r4-t256-b4,structured-2x2-fp64-log15-b4,full,butterfly,cuButterfly-hier-r4-t256,0,5,4,-1,,native,64,64,64,0,broadcast,floating-fma,hier-r4-t256,64,48,8192,5,40,0.625,256,0.64,0.64,register,2097152,0.3333333333333333,0,Tesla V100-SXM2-16GB,7.0,structured-2x2,fp64,forward,none,out-of-place,0,,,,0.000000,,hierarchical,radix4,four-mul,table,direct-strided,0.92387949999999996:-0.38268340000000001:0.38268340000000001:0.92387949999999996,1,15,,,,,,0,,,shared,linear,scalar,0,named-barrier,256,0,0,8,8,0,0,8,0,0,0,15,32768,4,1,32768,1000,100,0.266240,0.023992,0.237664,166720.026383,40.973114,5463081824.534512,0.000000,-1,,,,,,,,,,,,
fft-bf16-fp32-log8-temporal-r4-t128-b1281,fft-bf16-fp32-log8-b1281,full,butterfly,cuButterfly-temporal-r4-t128,0,2,1281,-1,,fp32,16,32,32,0,per-stage-twiddle,floating-complex,temporal-r4-t128,1,42,1024,10,40,0.625,1281,1.60125,1.0,register,2623488,0.4169921875,0,Tesla V100-SXM2-16GB,7.0,fft,bf16,forward,none,out-of-place,0,,,,0.000000,,temporal-tile,radix4,four-mul,table,direct-strided,,1,8,,,,,,0,,,shared,linear,scalar,0,named-barrier,128,0,0,8,8,0,0,0,0,0,0,8,256,1281,1,256,1000,100,0.335584,0.018248,0.271424,70200709.290770,71.885526,17971381578.437035,0.000000,-1,,,,,,,,,,,,
fft-fp32-log8-temporal-r4-t128-b1280,fft-fp32-log8-b1280,full,butterfly,cuButterfly-temporal-r4-t128,0,3,1280,-1,,native,32,32,32,0,per-stage-twiddle,floating-complex,temporal-r4-t128,1,42,2048,10,40,0.625,1280,1.6,1.0,register,5242880,0.8333333333333334,0,Tesla V100-SXM2-16GB,7.0,fft,fp32,forward,none,out-of-place,0,,,,0.000000,,temporal-tile,radix4,four-mul,table,direct-strided,,1,8,,,,,,0,,,shared,linear,scalar,0,named-barrier,128,0,0,8,8,0,0,0,0,0,0,8,256,1280,1,256,1000,100,0.503968,0.009390,0.441664,136314062.564902,139.585600,34896400016.614891,0.000000,-1,,,,,,,,,,,,
fwht-bf16-native-log15-online-r2-t256-b9,fwht-bf16-native-log15-b9,full,butterfly,cuButterfly-online-r2-t256,0,2,9,-1,,native,16,32,16,1,implicit-sign,floating-add,online-r2-t256,64,36,1024,6,48,0.75,576,1.2,1.0,register,1179648,0.1875,0,Tesla V100-SXM2-16GB,7.0,fwht,bf16,forward,none,out-of-place,0,,,,0.000000,,online-reorder,radix2,four-mul,table,direct-strided,,2,8x7,0x0,8x8,table,direct-strided,global-scratch,2,0x0,8x8,shared,linear,scalar,0,named-barrier,256,0,0,8,8,0,0,8,1,0,0,15,32768,9,1,32768,1000,100,0.143264,0.030761,0.157280,292578.638925,71.904126,9587216840.289766,0.000000,-1,,,,,,,,,,,,
structured-2x2-fp32-log20-online-r2-t256-b1,structured-2x2-fp32-log20-b1,full,butterfly,cuButterfly-online-r2-t256,0,4,1,-1,,native,32,32,32,0,broadcast,floating-fma,online-r2-t256,512,36,2048,6,48,0.75,512,1.0666666666666667,1.0,register,8388608,1.3333333333333333,0,Tesla V100-SXM2-16GB,7.0,structured-2x2,fp32,forward,none,out-of-place,0,,,,0.000000,,online-reorder,radix2,four-mul,table,direct-strided,0.92387949999999996:-0.38268340000000001:0.38268340000000001:0.92387949999999996,2,10x10,0x0,8x8,table,direct-strided,global-scratch,2,0x0,8x8,shared,linear,scalar,0,named-barrier,256,0,0,8,8,0,0,10,1,0,0,20,1048576,1,1,1048576,1000,100,0.758624,0.100260,0.713728,9974.083293,104.585844,10458584363.307117,0.000000,-1,,,,,,,,,,,,
structured-2x2-bf16-fp32-log15-online-r4-t256-b9,structured-2x2-bf16-fp32-log15-b9,full,butterfly,cuButterfly-online-r4-t256,0,1,9,-1,,fp32,16,32,32,0,broadcast,floating-fma,online-r4-t256,64,46,2048,5,40,0.625,576,1.44,1.0,register,1179648,0.1875,0,Tesla V100-SXM2-16GB,7.0,structured-2x2,bf16,forward,none,out-of-place,0,,,,0.000000,,online-reorder,radix4,four-mul,table,direct-strided,0.92387949999999996:-0.38268340000000001:0.38268340000000001:0.92387949999999996,2,8x7,0x0,8x8,table,direct-strided,global-scratch,2,0x0,8x8,shared,linear,scalar,0,named-barrier,256,0,0,8,8,0,0,8,1,0,0,15,32768,9,1,32768,1000,100,0.144864,0.033690,0.153920,267144.760929,65.653496,8753799526.119749,0.000000,-1,,,,,,,,,,,,
fwht-fp32-log8-temporal-r2-t128-b1,fwht-fp32-log8-b1,full,butterfly,cuButterfly-temporal-r2-t128,0,4,1,-1,,native,32,32,32,0,implicit-sign,floating-add,temporal-r2-t128,1,30,1024,16,64,1.0,1,0.00078125,0.00078125,register+thread+warp,2048,0.0003255208333333333,0,Tesla V100-SXM2-16GB,7.0,fwht,fp32,forward,none,out-of-place,0,,,,0.000000,,temporal-tile,radix2,four-mul,table,direct-strided,,1,8,,,,,,0,,,shared,linear,scalar,0,named-barrier,128,0,0,8,8,0,0,0,0,0,0,8,256,1,1,256,1000,100,0.009216,0.002744,0.017760,364388.981710,0.373134,93283579.317650,0.000000,-1,,,,,,,,,,,,
fwht-fp16-native-log8-temporal-r2-t128-b960,fwht-fp16-native-log8-b960,full,butterfly,cuButterfly-temporal-r2-t128,0,5,960,-1,,native,16,16,16,0,implicit-sign,floating-add,temporal-r2-t128,1,30,512,16,64,1.0,960,0.75,0.75,register+thread+warp,983040,0.15625,0,Tesla V100-SXM2-16GB,7.0,fwht,fp16,forward,none,out-of-place,0,,,,0.000000,,temporal-tile,radix2,four-mul,table,direct-strided,,1,8,,,,,,0,,,shared,linear,scalar,0,named-barrier,128,0,0,8,8,0,0,0,0,0,0,8,256,960,1,256,1000,100,0.137152,0.004536,0.125984,211625282.647036,216.704289,54176072357.641235,0.000000,-1,,,,,,,,,,,,
fwht-fp16-fp32-log20-online-r4-t256-b2,fwht-fp16-fp32-log20-b2,full,butterfly,cuButterfly-online-r4-t256,0,1,2,-1,,fp32,16,32,32,0,implicit-sign,floating-add,online-r4-t256,512,46,2048,5,40,0.625,1024,2.56,1.0,register,8388608,1.3333333333333333,0,Tesla V100-SXM2-16GB,7.0,fwht,fp16,forward,none,out-of-place,0,,,,0.000000,,online-reorder,radix4,four-mul,table,direct-strided,,2,10x10,0x0,8x8,table,direct-strided,global-scratch,2,0x0,8x8,shared,linear,scalar,0,named-barrier,256,0,0,8,8,0,0,10,1,0,0,20,1048576,2,1,1048576,1000,100,0.747136,0.167977,0.709952,11906.395800,124.847609,12484760882.075363,0.000000,-1,,,,,,,,,,,,
fft-fp16-native-log15-hier-r4-t256-b5,fft-fp16-native-log15-b5,full,butterfly,cuButterfly-hier-r4-t256,0,1,5,-1,,native,16,16,16,0,per-stage-twiddle,floating-complex,hier-r4-t256,64,48,4096,5,40,0.625,320,0.8,0.8,register,1310720,0.20833333333333334,0,Tesla V100-SXM2-16GB,7.0,fft,fp16,forward,none,out-of-place,0,,,,0.000000,,hierarchical,radix4,four-mul,table,direct-strided,,1,15,,,,,,0,,,shared,linear,scalar,0,named-barrier,256,0,0,8,8,0,0,8,0,0,0,15,32768,5,1,32768,1000,100,0.179968,0.024013,0.156288,208222.294947,51.172711,6823028160.834045,0.000000,-1,,,,,,,,,,,,
structured-2x2-fp32-log20-hier-r4-t256-b2,structured-2x2-fp32-log20-b2,full,butterfly,cuButterfly-hier-r4-t256,0,2,2,-1,,native,32,32,32,0,broadcast,floating-fma,hier-r4-t256,512,44,4096,5,40,0.625,1024,2.56,1.0,register,16777216,2.6666666666666665,0,Tesla V100-SXM2-16GB,7.0,structured-2x2,fp32,forward,none,out-of-place,0,,,,0.000000,,hierarchical,radix4,four-mul,table,direct-strided,0.92387949999999996:-0.38268340000000001:0.38268340000000001:0.92387949999999996,1,20,,,,,,0,,,shared,linear,scalar,0,named-barrier,256,0,0,8,8,0,0,10,0,0,0,20,1048576,2,1,1048576,1000,100,1.423584,0.260465,1.364800,7678.585514,80.515805,8051580484.422025,0.000000,-1,,,,,,,,,,,,
fft-fp16-fp32-log15-online-r4-t256-b1,fft-fp16-fp32-log15-b1,full,butterfly,cuButterfly-online-r4-t256,0,3,1,-1,,fp32,16,32,32,0,per-stage-twiddle,floating-complex,online-r4-t256,64,50,4096,4,32,0.5,64,0.2,0.2,register,262144,0.041666666666666664,0,Tesla V100-SXM2-16GB,7.0,fft,fp16,forward,none,out-of-place,0,,,,0.000000,,online-reorder,radix4,four-mul,table,direct-strided,,2,8x7,0x0,8x8,table,direct-strided,global-scratch,2,0x0,8x8,shared,linear,scalar,0,named-barrier,256,0,0,8,8,0,0,8,1,0,0,15,32768,1,1,32768,1000,100,0.034464,0.011336,0.044800,88217.025970,21.680216,2890695507.000316,0.000000,-1,,,,,,,,,,,,
fft-bf16-native-log8-temporal-r2-t128-b801,fft-bf16-native-log8-b801,full,butterfly,cuButterfly-temporal-r2-t128,0,5,801,-1,,native,16,32,16,1,per-stage-twiddle,floating-complex,temporal-r2-t128,1,32,1024,16,64,1.0,801,0.62578125,0.62578125,register+thread+warp,1640448,0.2607421875,0,Tesla V100-SXM2-16GB,7.0,fft,bf16,forward,none,out-of-place,0,,,,0.000000,,temporal-tile,radix2,four-mul,table,direct-strided,,1,8,,,,,,0,,,shared,linear,scalar,0,named-barrier,128,0,0,8,8,0,0,0,0,0,0,8,256,801,1,256,1000,100,0.204992,0.018043,0.206624,44394240.484425,45.459702,11364925564.012835,0.000000,-1,,,,,,,,,,,,
ntt-uint64-ntt-log15-ntt-hybrid-r4-t256-b321,ntt-uint64-ntt-log15-b321,full,ntt,cuButterfly-ntt-hybrid-r4-t256,0,5,321,-1,,native,64,64,64,0,per-stage-root,modular-multiply-reduce,ntt-hybrid-r4-t256,1,66,8192,3,24,0.375,321,1.3375,1.0,register,168296448,26.75,0,Tesla V100-SXM2-16GB,7.0,ntt,uint64,forward,,,0,,,,0.000000,,hybrid2d,radix4,,fused,,,,,,,,,,,,,,,,0,named-barrier,,,,,,,,,,,,15,32768,321,1,32768,1000,100,13.582528,0.629371,12.643360,,,,,-1,natural,64,1152921504606748673,60,7,4,256,0,510033.139784,11952.966030,16712765924.457701,shoup
fft-fp16-fp32-log8-temporal-r4-t128-b799,fft-fp16-fp32-log8-b799,full,butterfly,cuButterfly-temporal-r4-t128,0,5,799,-1,,fp32,16,32,32,0,per-stage-twiddle,floating-complex,temporal-r4-t128,1,42,1024,10,40,0.625,799,0.99875,0.99875,register,1636352,0.2600911458333333,0,Tesla V100-SXM2-16GB,7.0,fft,fp16,forward,none,out-of-place,0,,,,0.000000,,temporal-tile,radix4,four-mul,table,direct-strided,,1,8,,,,,,0,,,shared,linear,scalar,0,named-barrier,128,0,0,8,8,0,0,0,0,0,0,8,256,799,1,256,1000,100,0.202656,0.006523,0.204256,122491897.877030,125.431703,31357925856.519581,0.000000,-1,,,,,,,,,,,,
fwht-fp64-log8-temporal-r2-t128-b1281,fwht-fp64-log8-b1281,full,butterfly,cuButterfly-temporal-r2-t128,0,5,1281,-1,,native,64,64,64,0,implicit-sign,floating-add,temporal-r2-t128,1,32,2048,16,64,1.0,1281,1.00078125,1.0,register+thread+warp,5246976,0.833984375,0,Tesla V100-SXM2-16GB,7.0,fwht,fp64,forward,none,out-of-place,0,,,,0.000000,,temporal-tile,radix2,four-mul,table,direct-strided,,1,8,,,,,,0,,,shared,linear,scalar,0,named-barrier,128,0,0,8,8,0,0,0,0,0,0,8,256,1281,1,256,1000,100,0.508992,0.008069,0.459584,158753364.038858,162.563445,40640861193.947662,0.000000,-1,,,,,,,,,,,,
structured-2x2-fp16-fp32-log15-online-r2-t256-b1,structured-2x2-fp16-fp32-log15-b1,full,butterfly,cuButterfly-online-r2-t256,0,4,1,-1,,fp32,16,32,32,0,broadcast,floating-fma,online-r2-t256,64,36,1024,6,48,0.75,64,0.13333333333333333,0.13333333333333333,register,131072,0.020833333333333332,0,Tesla V100-SXM2-16GB,7.0,structured-2x2,fp16,forward,none,out-of-place,0,,,,0.000000,,online-reorder,radix2,four-mul,table,direct-strided,0.92387949999999996:-0.38268340000000001:0.38268340000000001:0.92387949999999996,2,8x7,0x0,8x8,table,direct-strided,global-scratch,2,0x0,8x8,shared,linear,scalar,0,named-barrier,256,0,0,8,8,0,0,8,1,0,0,15,32768,1,1,32768,1000,100,0.030720,0.009984,0.031584,100160.259875,24.615385,3282051395.578345,0.000000,-1,,,,,,,,,,,,
fft-fp32-log8-temporal-r2-t128-b1280,fft-fp32-log8-b1280,full,butterfly,cuButterfly-temporal-r2-t128,0,1,1280,-1,,native,32,32,32,0,per-stage-twiddle,floating-complex,temporal-r2-t128,1,32,2048,16,64,1.0,1280,1.0,1.0,register+thread+warp,5242880,0.8333333333333334,0,Tesla V100-SXM2-16GB,7.0,fft,fp32,forward,none,out-of-place,0,,,,0.000000,,temporal-tile,radix2,four-mul,table,direct-strided,,1,8,,,,,,0,,,shared,linear,scalar,0,named-barrier,128,0,0,8,8,0,0,0,0,0,0,8,256,1280,1,256,1000,100,0.508064,0.011346,0.441728,112815882.955585,115.523464,28880866036.629818,0.000000,-1,,,,,,,,,,,,
structured-2x2-bf16-fp32-log8-temporal-r2-t128-b1,structured-2x2-bf16-fp32-log8-b1,full,butterfly,cuButterfly-temporal-r2-t128,0,4,1,-1,,fp32,16,32,32,0,broadcast,floating-fma,temporal-r2-t128,1,30,512,16,64,1.0,1,0.00078125,0.00078125,register+thread+warp,1024,0.00016276041666666666,0,Tesla V100-SXM2-16GB,7.0,structured-2x2,bf16,forward,none,out-of-place,0,,,,0.000000,,temporal-tile,radix2,four-mul,table,direct-strided,0.92387949999999996:-0.38268340000000001:0.38268340000000001:0.92387949999999996,1,8,,,,,,0,,,shared,linear,scalar,0,named-barrier,128,0,0,8,8,0,0,0,0,0,0,8,256,1,1,256,1000,100,0.007168,0.003625,0.020576,275865.124499,0.282486,70621471.871820,0.000000,-1,,,,,,,,,,,,
fwht-bf16-fp32-log20-online-r4-t256-b1,fwht-bf16-fp32-log20-b1,full,butterfly,cuButterfly-online-r4-t256,0,2,1,-1,,fp32,16,32,32,0,implicit-sign,floating-add,online-r4-t256,512,46,2048,5,40,0.625,512,1.28,1.0,register,4194304,0.6666666666666666,0,Tesla V100-SXM2-16GB,7.0,fwht,bf16,forward,none,out-of-place,0,,,,0.000000,,online-reorder,radix4,four-mul,table,direct-strided,,2,10x10,0x0,8x8,table,direct-strided,global-scratch,2,0x0,8x8,shared,linear,scalar,0,named-barrier,256,0,0,8,8,0,0,10,1,0,0,20,1048576,1,1,1048576,1000,100,0.440224,0.096584,0.421440,10353.716146,108.566583,10856658261.515753,0.000000,-1,,,,,,,,,,,,
fwht-fp64-log15-hier-r4-t256-b7,fwht-fp64-log15-b7,full,butterfly,cuButterfly-hier-r4-t256,0,4,7,-1,,native,64,64,64,0,implicit-sign,floating-add,hier-r4-t256,64,48,8192,5,40,0.625,448,1.12,1.0,register,3670016,0.5833333333333334,0,Tesla V100-SXM2-16GB,7.0,fwht,fp64,forward,none,out-of-place,0,,,,0.000000,,hierarchical,radix4,four-mul,table,direct-strided,,1,15,,,,,,0,,,shared,linear,scalar,0,named-barrier,256,0,0,8,8,0,0,8,0,0,0,15,32768,7,1,32768,1000,100,0.403040,0.028815,0.349536,242925.988788,59.701491,7960198800.599012,0.000000,-1,,,,,,,,,,,,
structured-2x2-fp16-native-log15-online-r4-t256-b7,structured-2x2-fp16-native-log15-b7,full,butterfly,cuButterfly-online-r4-t256,0,3,7,-1,,native,16,16,16,0,broadcast,floating-fma,online-r4-t256,64,46,2048,5,40,0.625,448,1.12,1.0,register,917504,0.14583333333333334,0,Tesla V100-SXM2-16GB,7.0,structured-2x2,fp16,forward,none,out-of-place,0,,,,0.000000,,online-reorder,radix4,four-mul,table,direct-strided,0.92387949999999996:-0.38268340000000001:0.38268340000000001:0.92387949999999996,2,8x7,0x0,8x8,table,direct-strided,global-scratch,2,0x0,8x8,shared,linear,scalar,0,named-barrier,256,0,0,8,8,0,0,8,1,0,0,15,32768,7,1,32768,1000,100,0.114016,0.024689,0.123168,283531.225509,69.680634,9290751197.463345,0.000000,-1,,,,,,,,,,,,
structured-2x2-fp64-log20-hier-r4-t256-b1,structured-2x2-fp64-log20-b1,full,butterfly,cuButterfly-hier-r4-t256,0,2,1,-1,,native,64,64,64,0,broadcast,floating-fma,hier-r4-t256,512,48,8192,5,40,0.625,512,1.28,1.0,register,16777216,2.6666666666666665,0,Tesla V100-SXM2-16GB,7.0,structured-2x2,fp64,forward,none,out-of-place,0,,,,0.000000,,hierarchical,radix4,four-mul,table,direct-strided,0.92387949999999996:-0.38268340000000001:0.38268340000000001:0.92387949999999996,1,20,,,,,,0,,,shared,linear,scalar,0,named-barrier,256,0,0,8,8,0,0,10,0,0,0,20,1048576,1,1,1048576,1000,100,1.434560,0.256092,1.373312,3904.844242,40.945260,4094525955.618666,0.000000,-1,,,,,,,,,,,,
structured-2x2-bf16-fp32-log20-hier-r4-t256-b2,structured-2x2-bf16-fp32-log20-b2,full,butterfly,cuButterfly-hier-r4-t256,0,5,2,-1,,fp32,16,32,32,0,broadcast,floating-fma,hier-r4-t256,512,44,2048,5,40,0.625,1024,2.56,1.0,register,8388608,1.3333333333333333,0,Tesla V100-SXM2-16GB,7.0,structured-2x2,bf16,forward,none,out-of-place,0,,,,0.000000,,hierarchical,radix4,four-mul,table,direct-strided,0.92387949999999996:-0.38268340000000001:0.38268340000000001:0.92387949999999996,1,20,,,,,,0,,,shared,linear,scalar,0,named-barrier,256,0,0,8,8,0,0,10,0,0,0,20,1048576,2,1,1048576,1000,100,0.750528,0.181320,0.728000,11030.242953,115.660480,11566048034.663589,0.000000,-1,,,,,,,,,,,,
fwht-fp16-fp32-log20-hier-r4-t256-b2,fwht-fp16-fp32-log20-b2,full,butterfly,cuButterfly-hier-r4-t256,0,2,2,-1,,fp32,16,32,32,0,implicit-sign,floating-add,hier-r4-t256,512,44,2048,5,40,0.625,1024,2.56,1.0,register,8388608,1.3333333333333333,0,Tesla V100-SXM2-16GB,7.0,fwht,fp16,forward,none,out-of-place,0,,,,0.000000,,hierarchical,radix4,four-mul,table,direct-strided,,1,20,,,,,,0,,,shared,linear,scalar,0,named-barrier,256,0,0,8,8,0,0,10,0,0,0,20,1048576,2,1,1048576,1000,100,0.757984,0.143780,0.713216,13910.155580,145.858553,14585855297.869955,0.000000,-1,,,,,,,,,,,,
fwht-bf16-native-log15-hier-r4-t256-b9,fwht-bf16-native-log15-b9,full,butterfly,cuButterfly-hier-r4-t256,0,4,9,-1,,native,16,32,16,1,implicit-sign,floating-add,hier-r4-t256,64,44,2048,5,40,0.625,576,1.44,1.0,register,1179648,0.1875,0,Tesla V100-SXM2-16GB,7.0,fwht,bf16,forward,none,out-of-place,0,,,,0.000000,,hierarchical,radix4,four-mul,table,direct-strided,,1,15,,,,,,0,,,shared,linear,scalar,0,named-barrier,256,0,0,8,8,0,0,8,0,0,0,15,32768,9,1,32768,1000,100,0.138592,0.030106,0.157888,298947.702756,73.469387,9795918323.895563,0.000000,-1,,,,,,,,,,,,
fwht-fp16-native-log15-online-r4-t256-b6,fwht-fp16-native-log15-b6,full,butterfly,cuButterfly-online-r4-t256,0,3,6,-1,,native,16,16,16,0,implicit-sign,floating-add,online-r4-t256,64,46,2048,5,40,0.625,384,0.96,0.96,register,786432,0.125,0,Tesla V100-SXM2-16GB,7.0,fwht,fp16,forward,none,out-of-place,0,,,,0.000000,,online-reorder,radix4,four-mul,table,direct-strided,,2,8x7,0x0,8x8,table,direct-strided,global-scratch,2,0x0,8x8,shared,linear,scalar,0,named-barrier,256,0,0,8,8,0,0,8,1,0,0,15,32768,6,1,32768,1000,100,0.095872,0.020500,0.099168,292676.057812,71.928068,9590409062.391516,0.000000,-1,,,,,,,,,,,,
fwht-bf16-native-log15-online-r4-t256-b9,fwht-bf16-native-log15-b9,full,butterfly,cuButterfly-online-r4-t256,0,1,9,-1,,native,16,32,16,1,implicit-sign,floating-add,online-r4-t256,64,46,2048,5,40,0.625,576,1.44,1.0,register,1179648,0.1875,0,Tesla V100-SXM2-16GB,7.0,fwht,bf16,forward,none,out-of-place,0,,,,0.000000,,online-reorder,radix4,four-mul,table,direct-strided,,2,8x7,0x0,8x8,table,direct-strided,global-scratch,2,0x0,8x8,shared,linear,scalar,0,named-barrier,256,0,0,8,8,0,0,8,1,0,0,15,32768,9,1,32768,1000,100,0.146368,0.030321,0.164512,296827.519437,72.948331,9726444156.915211,0.000000,-1,,,,,,,,,,,,
structured-2x2-bf16-fp32-log20-hier-r4-t256-b2,structured-2x2-bf16-fp32-log20-b2,full,butterfly,cuButterfly-hier-r4-t256,0,1,2,-1,,fp32,16,32,32,0,broadcast,floating-fma,hier-r4-t256,512,44,2048,5,40,0.625,1024,2.56,1.0,register,8388608,1.3333333333333333,0,Tesla V100-SXM2-16GB,7.0,structured-2x2,bf16,forward,none,out-of-place,0,,,,0.000000,,hierarchical,radix4,four-mul,table,direct-strided,0.92387949999999996:-0.38268340000000001:0.38268340000000001:0.92387949999999996,1,20,,,,,,0,,,shared,linear,scalar,0,named-barrier,256,0,0,8,8,0,0,10,0,0,0,20,1048576,2,1,1048576,1000,100,0.759776,0.181289,0.711424,11032.110627,115.680064,11568006432.574720,0.000000,-1,,,,,,,,,,,,
fft-fp32-log15-hier-r4-t256-b8,fft-fp32-log15-b8,full,butterfly,cuButterfly-hier-r4-t256,0,1,8,-1,,native,32,32,32,0,per-stage-twiddle,floating-complex,hier-r4-t256,64,48,8192,5,40,0.625,512,1.28,1.0,register,4194304,0.6666666666666666,0,Tesla V100-SXM2-16GB,7.0,fft,fp32,forward,none,out-of-place,0,,,,0.000000,,hierarchical,radix4,four-mul,table,direct-strided,,1,15,,,,,,0,,,shared,linear,scalar,0,named-barrier,256,0,0,8,8,0,0,8,0,0,0,15,32768,8,1,32768,1000,100,0.496416,0.038052,0.429088,210239.505298,51.668461,6889128109.589706,0.000000,-1,,,,,,,,,,,,
fft-fp16-native-log8-temporal-r2-t128-b799,fft-fp16-native-log8-b799,full,butterfly,cuButterfly-temporal-r2-t128,0,2,799,-1,,native,16,16,16,0,per-stage-twiddle,floating-complex,temporal-r2-t128,1,32,1024,16,64,1.0,799,0.62421875,0.62421875,register+thread+warp,1636352,0.2600911458333333,0,Tesla V100-SXM2-16GB,7.0,fft,fp16,forward,none,out-of-place,0,,,,0.000000,,temporal-tile,radix2,four-mul,table,direct-strided,,1,8,,,,,,0,,,shared,linear,scalar,0,named-barrier,128,0,0,8,8,0,0,0,0,0,0,8,256,799,1,256,1000,100,0.194048,0.005427,0.196000,147221393.883940,150.754707,37688676834.288704,0.000000,-1,,,,,,,,,,,,
fft-fp16-fp32-log15-online-r2-t256-b7,fft-fp16-fp32-log15-b7,full,butterfly,cuButterfly-online-r2-t256,0,1,7,-1,,fp32,16,32,32,0,per-stage-twiddle,floating-complex,online-r2-t256,64,38,2048,6,48,0.75,448,0.9333333333333333,0.9333333333333333,register,1835008,0.2916666666666667,0,Tesla V100-SXM2-16GB,7.0,fft,fp16,forward,none,out-of-place,0,,,,0.000000,,online-reorder,radix2,four-mul,table,direct-strided,,2,8x7,0x0,8x8,table,direct-strided,global-scratch,2,0x0,8x8,shared,linear,scalar,0,named-barrier,256,0,0,8,8,0,0,8,1,0,0,15,32768,7,1,32768,1000,100,0.285440,0.034109,0.218784,205221.782046,50.435305,6724707354.085867,0.000000,-1,,,,,,,,,,,,
subset-zeta-uint32-zeta-log15-online-r4-t256-b9,subset-zeta-uint32-zeta-log15-b9,full,butterfly,cuButterfly-online-r4-t256,0,2,9,-1,,native,32,32,32,0,implicit-unit,integer-add,online-r4-t256,64,46,4096,5,40,0.625,576,1.44,1.0,register,2359296,0.375,0,Tesla V100-SXM2-16GB,7.0,subset-zeta,uint32,forward,none,out-of-place,0,,,,0.000000,,online-reorder,radix4,four-mul,table,direct-strided,,2,8x7,0x0,8x8,table,direct-strided,global-scratch,2,0x0,8x8,shared,linear,scalar,0,named-barrier,256,0,0,8,8,0,0,8,1,0,0,15,32768,9,1,32768,1000,100,0.297600,0.027720,0.269344,324679.092016,79.793134,10639084487.173906,0.000000,-1,,,,,,,,,,,,
fft-fp16-fp32-log8-temporal-r4-t128-b800,fft-fp16-fp32-log8-b800,full,butterfly,cuButterfly-temporal-r4-t128,0,3,800,-1,,fp32,16,32,32,0,per-stage-twiddle,floating-complex,temporal-r4-t128,1,42,1024,10,40,0.625,800,1.0,1.0,register,1638400,0.2604166666666667,0,Tesla V100-SXM2-16GB,7.0,fft,fp16,forward,none,out-of-place,0,,,,0.000000,,temporal-tile,radix4,four-mul,table,direct-strided,,1,8,,,,,,0,,,shared,linear,scalar,0,named-barrier,128,0,0,8,8,0,0,0,0,0,0,8,256,800,1,256,1000,100,0.191456,0.006226,0.194144,128495069.573729,131.578951,32894737810.874611,0.000000,-1,,,,,,,,,,,,
structured-2x2-bf16-fp32-log8-temporal-r2-t128-b1,structured-2x2-bf16-fp32-log8-b1,full,butterfly,cuButterfly-temporal-r2-t128,0,2,1,-1,,fp32,16,32,32,0,broadcast,floating-fma,temporal-r2-t128,1,30,512,16,64,1.0,1,0.00078125,0.00078125,register+thread+warp,1024,0.00016276041666666666,0,Tesla V100-SXM2-16GB,7.0,structured-2x2,bf16,forward,none,out-of-place,0,,,,0.000000,,temporal-tile,radix2,four-mul,table,direct-strided,0.92387949999999996:-0.38268340000000001:0.38268340000000001:0.92387949999999996,1,8,,,,,,0,,,shared,linear,scalar,0,named-barrier,128,0,0,8,8,0,0,0,0,0,0,8,256,1,1,256,1000,100,0.006144,0.003441,0.016672,290643.606645,0.297619,74404763.301022,0.000000,-1,,,,,,,,,,,,
fft-fp32-log15-online-r2-t256-b7,fft-fp32-log15-b7,full,butterfly,cuButterfly-online-r2-t256,0,2,7,-1,,native,32,32,32,0,per-stage-twiddle,floating-complex,online-r2-t256,64,38,4096,6,48,0.75,448,0.9333333333333333,0.9333333333333333,register,3670016,0.5833333333333334,0,Tesla V100-SXM2-16GB,7.0,fft,fp32,forward,none,out-of-place,0,,,,0.000000,,online-reorder,radix2,four-mul,table,direct-strided,,2,8x7,0x0,8x8,table,direct-strided,global-scratch,2,0x0,8x8,shared,linear,scalar,0,named-barrier,256,0,0,8,8,0,0,8,1,0,0,15,32768,7,1,32768,1000,100,0.462880,0.034683,0.343712,201828.676875,49.601416,6613522083.825603,0.000000,-1,,,,,,,,,,,,
fft-fp64-log20-online-r2-t256-b2,fft-fp64-log20-b2,full,butterfly,cuButterfly-online-r2-t256,0,2,2,-1,,native,64,64,64,0,per-stage-twiddle,floating-complex,online-r2-t256,512,42,8192,5,40,0.625,1024,2.56,1.0,register,67108864,10.666666666666666,0,Tesla V100-SXM2-16GB,7.0,fft,fp64,forward,none,out-of-place,0,,,,0.000000,,online-reorder,radix2,four-mul,table,direct-strided,,2,10x10,0x0,8x8,table,direct-strided,global-scratch,2,0x0,8x8,shared,linear,scalar,0,named-barrier,256,0,0,8,8,0,0,10,1,0,0,20,1048576,2,1,1048576,1000,100,5.458816,0.587459,5.134400,3404.495512,35.698723,3569872285.763712,0.000000,-1,,,,,,,,,,,,
fft-fp16-native-log8-temporal-r4-t128-b799,fft-fp16-native-log8-b799,full,butterfly,cuButterfly-temporal-r4-t128,0,3,799,-1,,native,16,16,16,0,per-stage-twiddle,floating-complex,temporal-r4-t128,1,42,1024,10,40,0.625,799,0.99875,0.99875,register,1636352,0.2600911458333333,0,Tesla V100-SXM2-16GB,7.0,fft,fp16,forward,none,out-of-place,0,,,,0.000000,,temporal-tile,radix4,four-mul,table,direct-strided,,1,8,,,,,,0,,,shared,linear,scalar,0,named-barrier,128,0,0,8,8,0,0,0,0,0,0,8,256,799,1,256,1000,100,0.188320,0.004710,0.239520,169624659.915909,173.695652,43423912938.472786,0.000000,-1,,,,,,,,,,,,
structured-2x2-bf16-fp32-log20-hier-r4-t256-b2,structured-2x2-bf16-fp32-log20-b2,full,butterfly,cuButterfly-hier-r4-t256,0,2,2,-1,,fp32,16,32,32,0,broadcast,floating-fma,hier-r4-t256,512,44,2048,5,40,0.625,1024,2.56,1.0,register,8388608,1.3333333333333333,0,Tesla V100-SXM2-16GB,7.0,structured-2x2,bf16,forward,none,out-of-place,0,,,,0.000000,,hierarchical,radix4,four-mul,table,direct-strided,0.92387949999999996:-0.38268340000000001:0.38268340000000001:0.92387949999999996,1,20,,,,,,0,,,shared,linear,scalar,0,named-barrier,256,0,0,8,8,0,0,10,0,0,0,20,1048576,2,1,1048576,1000,100,0.747552,0.182180,0.705280,10978.163211,115.114385,11511438467.615507,0.000000,-1,,,,,,,,,,,,
fwht-bf16-fp32-log20-online-r2-t256-b1,fwht-bf16-fp32-log20-b1,full,butterfly,cuButterfly-online-r2-t256,0,4,1,-1,,fp32,16,32,32,0,implicit-sign,floating-add,online-r2-t256,512,36,1024,6,48,0.75,512,1.0666666666666667,1.0,register,4194304,0.6666666666666666,0,Tesla V100-SXM2-16GB,7.0,fwht,bf16,forward,none,out-of-place,0,,,,0.000000,,online-reorder,radix2,four-mul,table,direct-strided,,2,10x10,0x0,8x8,table,direct-strided,global-scratch,2,0x0,8x8,shared,linear,scalar,0,named-barrier,256,0,0,8,8,0,0,10,1,0,0,20,1048576,1,1,1048576,1000,100,0.432224,0.107612,0.399744,9292.629882,97.440287,9744028671.476780,0.000000,-1,,,,,,,,,,,,
structured-2x2-bf16-native-log8-temporal-r4-t128-b959,structured-2x2-bf16-native-log8-b959,full,butterfly,cuButterfly-temporal-r4-t128,0,4,959,-1,,native,16,32,16,1,broadcast,floating-fma,temporal-r4-t128,1,38,512,12,48,0.75,959,0.9989583333333333,0.9989583333333333,register,982016,0.15608723958333334,0,Tesla V100-SXM2-16GB,7.0,structured-2x2,bf16,forward,none,out-of-place,0,,,,0.000000,,temporal-tile,radix4,four-mul,table,direct-strided,0.92387949999999996:-0.38268340000000001:0.38268340000000001:0.92387949999999996,1,8,,,,,,0,,,shared,linear,scalar,0,named-barrier,128,0,0,8,8,0,0,0,0,0,0,8,256,959,1,256,1000,100,0.119552,0.014070,0.129216,68160365.572912,69.796214,17449053586.665508,0.000000,-1,,,,,,,,,,,,
fwht-bf16-fp32-log8-temporal-r4-t128-b1280,fwht-bf16-fp32-log8-b1280,full,butterfly,cuButterfly-temporal-r4-t128,0,1,1280,-1,,fp32,16,32,32,0,implicit-sign,floating-add,temporal-r4-t128,1,38,512,12,48,0.75,1280,1.3333333333333333,1.0,register,1310720,0.20833333333333334,0,Tesla V100-SXM2-16GB,7.0,fwht,bf16,forward,none,out-of-place,0,,,,0.000000,,temporal-tile,radix4,four-mul,table,direct-strided,,1,8,,,,,,0,,,shared,linear,scalar,0,named-barrier,128,0,0,8,8,0,0,0,0,0,0,8,256,1280,1,256,1000,100,0.175168,0.008079,0.157216,158428385.676923,162.230667,40557666733.292236,0.000000,-1,,,,,,,,,,,,
fwht-fp64-log8-temporal-r2-t128-b1279,fwht-fp64-log8-b1279,full,butterfly,cuButterfly-temporal-r2-t128,0,4,1279,-1,,native,64,64,64,0,implicit-sign,floating-add,temporal-r2-t128,1,32,2048,16,64,1.0,1279,0.99921875,0.99921875,register+thread+warp,5238784,0.8326822916666666,0,Tesla V100-SXM2-16GB,7.0,fwht,fp64,forward,none,out-of-place,0,,,,0.000000,,temporal-tile,radix2,four-mul,table,direct-strided,,1,8,,,,,,0,,,shared,linear,scalar,0,named-barrier,128,0,0,8,8,0,0,0,0,0,0,8,256,1279,1,256,1000,100,0.510400,0.007649,0.445344,167205286.769475,171.218214,42804553412.985672,0.000000,-1,,,,,,,,,,,,
fft-fp16-fp32-log8-temporal-r4-t128-b1,fft-fp16-fp32-log8-b1,full,butterfly,cuButterfly-temporal-r4-t128,0,5,1,-1,,fp32,16,32,32,0,per-stage-twiddle,floating-complex,temporal-r4-t128,1,42,1024,10,40,0.625,1,0.00125,0.00125,register,2048,0.0003255208333333333,0,Tesla V100-SXM2-16GB,7.0,fft,fp16,forward,none,out-of-place,0,,,,0.000000,,temporal-tile,radix4,four-mul,table,direct-strided,,1,8,,,,,,0,,,shared,linear,scalar,0,named-barrier,128,0,0,8,8,0,0,0,0,0,0,8,256,1,1,256,1000,100,0.007168,0.003502,0.017408,285544.572950,0.292398,73099410.675127,0.000000,-1,,,,,,,,,,,,
fwht-fp64-log8-temporal-r4-t128-b1281,fwht-fp64-log8-b1281,full,butterfly,cuButterfly-temporal-r4-t128,0,4,1281,-1,,native,64,64,64,0,implicit-sign,floating-add,temporal-r4-t128,1,42,2048,10,40,0.625,1281,1.60125,1.0,register,5246976,0.833984375,0,Tesla V100-SXM2-16GB,7.0,fwht,fp64,forward,none,out-of-place,0,,,,0.000000,,temporal-tile,radix4,four-mul,table,direct-strided,,1,8,,,,,,0,,,shared,linear,scalar,0,named-barrier,128,0,0,8,8,0,0,0,0,0,0,8,256,1281,1,256,1000,100,0.510464,0.006451,0.446048,198567701.309824,203.333326,50833331535.314919,0.000000,-1,,,,,,,,,,,,
structured-2x2-fp32-log20-online-r4-t256-b1,structured-2x2-fp32-log20-b1,full,butterfly,cuButterfly-online-r4-t256,0,1,1,-1,,native,32,32,32,0,broadcast,floating-fma,online-r4-t256,512,46,4096,5,40,0.625,512,1.28,1.0,register,8388608,1.3333333333333333,0,Tesla V100-SXM2-16GB,7.0,structured-2x2,fp32,forward,none,out-of-place,0,,,,0.000000,,online-reorder,radix4,four-mul,table,direct-strided,0.92387949999999996:-0.38268340000000001:0.38268340000000001:0.92387949999999996,2,10x10,0x0,8x8,table,direct-strided,global-scratch,2,0x0,8x8,shared,linear,scalar,0,named-barrier,256,0,0,8,8,0,0,10,1,0,0,20,1048576,1,1,1048576,1000,100,0.751456,0.095928,0.732448,10424.450387,109.308285,10930828488.739624,0.000000,-1,,,,,,,,,,,,
fwht-bf16-native-log20-online-r4-t256-b2,fwht-bf16-native-log20-b2,full,butterfly,cuButterfly-online-r4-t256,0,5,2,-1,,native,16,32,16,1,implicit-sign,floating-add,online-r4-t256,512,46,2048,5,40,0.625,1024,2.56,1.0,register,8388608,1.3333333333333333,0,Tesla V100-SXM2-16GB,7.0,fwht,bf16,forward,none,out-of-place,0,,,,0.000000,,online-reorder,radix4,four-mul,table,direct-strided,,2,10x10,0x0,8x8,table,direct-strided,global-scratch,2,0x0,8x8,shared,linear,scalar,0,named-barrier,256,0,0,8,8,0,0,10,1,0,0,20,1048576,2,1,1048576,1000,100,0.762560,0.178524,0.733664,11202.966007,117.471613,11747161283.400524,0.000000,-1,,,,,,,,,,,,
fft-fp32-log15-online-r4-t256-b8,fft-fp32-log15-b8,full,butterfly,cuButterfly-online-r4-t256,0,4,8,-1,,native,32,32,32,0,per-stage-twiddle,floating-complex,online-r4-t256,64,50,8192,4,32,0.5,512,1.6,1.0,register,4194304,0.6666666666666666,0,Tesla V100-SXM2-16GB,7.0,fft,fp32,forward,none,out-of-place,0,,,,0.000000,,online-reorder,radix4,four-mul,table,direct-strided,,2,8x7,0x0,8x8,table,direct-strided,global-scratch,2,0x0,8x8,shared,linear,scalar,0,named-barrier,256,0,0,8,8,0,0,8,1,0,0,15,32768,8,1,32768,1000,100,0.487360,0.037304,0.422848,214452.377628,52.703816,7027175510.127322,0.000000,-1,,,,,,,,,,,,
fwht-fp16-fp32-log15-online-r2-t256-b9,fwht-fp16-fp32-log15-b9,full,butterfly,cuButterfly-online-r2-t256,0,3,9,-1,,fp32,16,32,32,0,implicit-sign,floating-add,online-r2-t256,64,36,1024,6,48,0.75,576,1.2,1.0,register,1179648,0.1875,0,Tesla V100-SXM2-16GB,7.0,fwht,fp16,forward,none,out-of-place,0,,,,0.000000,,online-reorder,radix2,four-mul,table,direct-strided,,2,8x7,0x0,8x8,table,direct-strided,global-scratch,2,0x0,8x8,shared,linear,scalar,0,named-barrier,256,0,0,8,8,0,0,8,1,0,0,15,32768,9,1,32768,1000,100,0.138816,0.029276,0.142144,307417.380276,75.550895,10073452716.882143,0.000000,-1,,,,,,,,,,,,
structured-2x2-fp16-fp32-log15-online-r2-t256-b1,structured-2x2-fp16-fp32-log15-b1,full,butterfly,cuButterfly-online-r2-t256,0,2,1,-1,,fp32,16,32,32,0,broadcast,floating-fma,online-r2-t256,64,36,1024,6,48,0.75,64,0.13333333333333333,0.13333333333333333,register,131072,0.020833333333333332,0,Tesla V100-SXM2-16GB,7.0,structured-2x2,fp16,forward,none,out-of-place,0,,,,0.000000,,online-reorder,radix2,four-mul,table,direct-strided,0.92387949999999996:-0.38268340000000001:0.38268340000000001:0.92387949999999996,2,8x7,0x0,8x8,table,direct-strided,global-scratch,2,0x0,8x8,shared,linear,scalar,0,named-barrier,256,0,0,8,8,0,0,8,1,0,0,15,32768,1,1,32768,1000,100,0.028672,0.009523,0.030496,105006.721851,25.806452,3440860261.597280,0.000000,-1,,,,,,,,,,,,
fwht-fp32-log20-online-r4-t256-b2,fwht-fp32-log20-b2,full,butterfly,cuButterfly-online-r4-t256,0,5,2,-1,,native,32,32,32,0,implicit-sign,floating-add,online-r4-t256,512,46,4096,5,40,0.625,1024,2.56,1.0,register,16777216,2.6666666666666665,0,Tesla V100-SXM2-16GB,7.0,fwht,fp32,forward,none,out-of-place,0,,,,0.000000,,online-reorder,radix4,four-mul,table,direct-strided,,2,10x10,0x0,8x8,table,direct-strided,global-scratch,2,0x0,8x8,shared,linear,scalar,0,named-barrier,256,0,0,8,8,0,0,10,1,0,0,20,1048576,2,1,1048576,1000,100,1.417664,0.167332,1.353312,11952.297575,125.328924,12532892381.668558,0.000000,-1,,,,,,,,,,,,
structured-2x2-fp16-native-log15-online-r2-t256-b8,structured-2x2-fp16-native-log15-b8,full,butterfly,cuButterfly-online-r2-t256,0,2,8,-1,,native,16,16,16,0,broadcast,floating-fma,online-r2-t256,64,36,1024,6,48,0.75,512,1.0666666666666667,1.0,register,1048576,0.16666666666666666,0,Tesla V100-SXM2-16GB,7.0,structured-2x2,fp16,forward,none,out-of-place,0,,,,0.000000,,online-reorder,radix2,four-mul,table,direct-strided,0.92387949999999996:-0.38268340000000001:0.38268340000000001:0.92387949999999996,2,8x7,0x0,8x8,table,direct-strided,global-scratch,2,0x0,8x8,shared,linear,scalar,0,named-barrier,256,0,0,8,8,0,0,8,1,0,0,15,32768,8,1,32768,1000,100,0.123648,0.029235,0.127808,273642.723096,67.250436,8966724750.425934,0.000000,-1,,,,,,,,,,,,
fft-fp64-log8-temporal-r2-t128-b959,fft-fp64-log8-b959,full,butterfly,cuButterfly-temporal-r2-t128,0,2,959,-1,,native,64,64,64,0,per-stage-twiddle,floating-complex,temporal-r2-t128,1,36,4096,12,48,0.75,959,0.9989583333333333,0.9989583333333333,register,7856128,1.2486979166666667,0,Tesla V100-SXM2-16GB,7.0,fft,fp64,forward,none,out-of-place,0,,,,0.000000,,temporal-tile,radix2,four-mul,table,direct-strided,,1,8,,,,,,0,,,shared,linear,scalar,0,named-barrier,128,0,0,8,8,0,0,0,0,0,0,8,256,959,1,256,1000,100,0.704800,0.017367,0.652832,55219539.957436,56.544809,14136202229.103636,0.000000,-1,,,,,,,,,,,,
structured-2x2-fp64-log8-temporal-r4-t128-b801,structured-2x2-fp64-log8-b801,full,butterfly,cuButterfly-temporal-r4-t128,0,5,801,-1,,native,64,64,64,0,broadcast,floating-fma,temporal-r4-t128,1,42,2048,10,40,0.625,801,1.00125,1.0,register,3280896,0.521484375,0,Tesla V100-SXM2-16GB,7.0,structured-2x2,fp64,forward,none,out-of-place,0,,,,0.000000,,temporal-tile,radix4,four-mul,table,direct-strided,0.92387949999999996:-0.38268340000000001:0.38268340000000001:0.92387949999999996,1,8,,,,,,0,,,shared,linear,scalar,0,named-barrier,128,0,0,8,8,0,0,0,0,0,0,8,256,801,1,256,1000,100,0.377632,0.005960,0.314368,134403182.578708,137.628859,34407214740.149246,0.000000,-1,,,,,,,,,,,,
fwht-fp16-native-log15-hier-r4-t256-b1,fwht-fp16-native-log15-b1,full,butterfly,cuButterfly-hier-r4-t256,0,3,1,-1,,native,16,16,16,0,implicit-sign,floating-add,hier-r4-t256,64,44,2048,5,40,0.625,64,0.16,0.16,register,131072,0.020833333333333332,0,Tesla V100-SXM2-16GB,7.0,fwht,fp16,forward,none,out-of-place,0,,,,0.000000,,hierarchical,radix4,four-mul,table,direct-strided,,1,15,,,,,,0,,,shared,linear,scalar,0,named-barrier,256,0,0,8,8,0,0,8,0,0,0,15,32768,1,1,32768,1000,100,0.033792,0.016251,0.032000,61535.127527,15.122873,2016383058.803788,0.000000,-1,,,,,,,,,,,,
fft-bf16-native-log15-online-r2-t256-b8,fft-bf16-native-log15-b8,full,butterfly,cuButterfly-online-r2-t256,0,4,8,-1,,native,16,32,16,1,per-stage-twiddle,floating-complex,online-r2-t256,64,38,2048,6,48,0.75,512,1.0666666666666667,1.0,register,2097152,0.3333333333333333,0,Tesla V100-SXM2-16GB,7.0,fft,bf16,forward,none,out-of-place,0,,,,0.000000,,online-reorder,radix2,four-mul,table,direct-strided,,2,8x7,0x0,8x8,table,direct-strided,global-scratch,2,0x0,8x8,shared,linear,scalar,0,named-barrier,256,0,0,8,8,0,0,8,1,0,0,15,32768,8,1,32768,1000,100,0.326208,0.056412,0.241024,141813.404629,34.852062,4646941642.871704,0.000000,-1,,,,,,,,,,,,
structured-2x2-fp64-log15-online-r2-t256-b7,structured-2x2-fp64-log15-b7,full,butterfly,cuButterfly-online-r2-t256,0,4,7,-1,,native,64,64,64,0,broadcast,floating-fma,online-r2-t256,64,38,4096,6,48,0.75,448,0.9333333333333333,0.9333333333333333,register,3670016,0.5833333333333334,0,Tesla V100-SXM2-16GB,7.0,structured-2x2,fp64,forward,none,out-of-place,0,,,,0.000000,,online-reorder,radix2,four-mul,table,direct-strided,0.92387949999999996:-0.38268340000000001:0.38268340000000001:0.92387949999999996,2,8x7,0x0,8x8,table,direct-strided,global-scratch,2,0x0,8x8,shared,linear,scalar,0,named-barrier,256,0,0,8,8,0,0,8,1,0,0,15,32768,7,1,32768,1000,100,0.397376,0.028795,0.339904,243098.780766,59.743956,7965860848.141484,0.000000,-1,,,,,,,,,,,,
structured-2x2-fp16-native-log15-hier-r4-t256-b7,structured-2x2-fp16-native-log15-b7,full,butterfly,cuButterfly-hier-r4-t256,0,2,7,-1,,native,16,16,16,0,broadcast,floating-fma,hier-r4-t256,64,44,2048,5,40,0.625,448,1.12,1.0,register,917504,0.14583333333333334,0,Tesla V100-SXM2-16GB,7.0,structured-2x2,fp16,forward,none,out-of-place,0,,,,0.000000,,hierarchical,radix4,four-mul,table,direct-strided,0.92387949999999996:-0.38268340000000001:0.38268340000000001:0.92387949999999996,1,15,,,,,,0,,,shared,linear,scalar,0,named-barrier,256,0,0,8,8,0,0,8,0,0,0,15,32768,7,1,32768,1000,100,0.113760,0.023542,0.120480,297343.957687,73.075251,9743366805.501055,0.000000,-1,,,,,,,,,,,,
fwht-fp16-native-log15-online-r4-t256-b1,fwht-fp16-native-log15-b1,full,butterfly,cuButterfly-online-r4-t256,0,1,1,-1,,native,16,16,16,0,implicit-sign,floating-add,online-r4-t256,64,46,2048,5,40,0.625,64,0.16,0.16,register,131072,0.020833333333333332,0,Tesla V100-SXM2-16GB,7.0,fwht,fp16,forward,none,out-of-place,0,,,,0.000000,,online-reorder,radix4,four-mul,table,direct-strided,,2,8x7,0x0,8x8,table,direct-strided,global-scratch,2,0x0,8x8,shared,linear,scalar,0,named-barrier,256,0,0,8,8,0,0,8,1,0,0,15,32768,1,1,32768,1000,100,0.033792,0.007823,0.032704,127822.314262,31.413612,4188481593.724201,0.000000,-1,,,,,,,,,,,,
fwht-bf16-native-log8-temporal-r4-t128-b960,fwht-bf16-native-log8-b960,full,butterfly,cuButterfly-temporal-r4-t128,0,1,960,-1,,native,16,32,16,1,implicit-sign,floating-add,temporal-r4-t128,1,38,512,12,48,0.75,960,1.0,1.0,register,983040,0.15625,0,Tesla V100-SXM2-16GB,7.0,fwht,bf16,forward,none,out-of-place,0,,,,0.000000,,temporal-tile,radix4,four-mul,table,direct-strided,,1,8,,,,,,0,,,shared,linear,scalar,0,named-barrier,128,0,0,8,8,0,0,0,0,0,0,8,256,960,1,256,1000,100,0.133408,0.006738,0.133888,142477203.859437,145.896657,36474164188.015778,0.000000,-1,,,,,,,,,,,,
fwht-bf16-fp32-log15-hier-r4-t256-b1,fwht-bf16-fp32-log15-b1,full,butterfly,cuButterfly-hier-r4-t256,0,2,1,-1,,fp32,16,32,32,0,implicit-sign,floating-add,hier-r4-t256,64,44,2048,5,40,0.625,64,0.16,0.16,register,131072,0.020833333333333332,0,Tesla V100-SXM2-16GB,7.0,fwht,bf16,forward,none,out-of-place,0,,,,0.000000,,hierarchical,radix4,four-mul,table,direct-strided,,1,15,,,,,,0,,,shared,linear,scalar,0,named-barrier,256,0,0,8,8,0,0,8,0,0,0,15,32768,1,1,32768,1000,100,0.032768,0.017684,0.031456,56546.756822,13.896931,1852924127.542438,0.000000,-1,,,,,,,,,,,,
structured-2x2-fp64-log15-hier-r4-t256-b5,structured-2x2-fp64-log15-b5,full,butterfly,cuButterfly-hier-r4-t256,0,4,5,-1,,native,64,64,64,0,broadcast,floating-fma,hier-r4-t256,64,48,8192,5,40,0.625,320,0.8,0.8,register,2621440,0.4166666666666667,0,Tesla V100-SXM2-16GB,7.0,structured-2x2,fp64,forward,none,out-of-place,0,,,,0.000000,,hierarchical,radix4,four-mul,table,direct-strided,0.92387949999999996:-0.38268340000000001:0.38268340000000001:0.92387949999999996,1,15,,,,,,0,,,shared,linear,scalar,0,named-barrier,256,0,0,8,8,0,0,8,0,0,0,15,32768,5,1,32768,1000,100,0.328768,0.025057,0.283968,199542.804046,49.039640,6538618602.981968,0.000000,-1,,,,,,,,,,,,
structured-2x2-fp16-fp32-log15-online-r4-t256-b1,structured-2x2-fp16-fp32-log15-b1,full,butterfly,cuButterfly-online-r4-t256,0,5,1,-1,,fp32,16,32,32,0,broadcast,floating-fma,online-r4-t256,64,46,2048,5,40,0.625,64,0.16,0.16,register,131072,0.020833333333333332,0,Tesla V100-SXM2-16GB,7.0,structured-2x2,fp16,forward,none,out-of-place,0,,,,0.000000,,online-reorder,radix4,four-mul,table,direct-strided,0.92387949999999996:-0.38268340000000001:0.38268340000000001:0.92387949999999996,2,8x7,0x0,8x8,table,direct-strided,global-scratch,2,0x0,8x8,shared,linear,scalar,0,named-barrier,256,0,0,8,8,0,0,8,1,0,0,15,32768,1,1,32768,1000,100,0.031744,0.009062,0.032800,110346.044130,27.118644,3615819174.042343,0.000000,-1,,,,,,,,,,,,
fft-fp32-log20-online-r4-t256-b1,fft-fp32-log20-b1,full,butterfly,cuButterfly-online-r4-t256,0,3,1,-1,,native,32,32,32,0,per-stage-twiddle,floating-complex,online-r4-t256,512,50,8192,4,32,0.5,512,1.6,1.0,register,16777216,2.6666666666666665,0,Tesla V100-SXM2-16GB,7.0,fft,fp32,forward,none,out-of-place,0,,,,0.000000,,online-reorder,radix4,four-mul,table,direct-strided,,2,10x10,0x0,8x8,table,direct-strided,global-scratch,2,0x0,8x8,shared,linear,scalar,0,named-barrier,256,0,0,8,8,0,0,10,1,0,0,20,1048576,1,1,1048576,1000,100,1.414240,0.165386,1.357536,6046.452062,63.401645,6340164517.245925,0.000000,-1,,,,,,,,,,,,
fwht-bf16-native-log8-temporal-r2-t128-b960,fwht-bf16-native-log8-b960,full,butterfly,cuButterfly-temporal-r2-t128,0,4,960,-1,,native,16,32,16,1,implicit-sign,floating-add,temporal-r2-t128,1,30,512,16,64,1.0,960,0.75,0.75,register+thread+warp,983040,0.15625,0,Tesla V100-SXM2-16GB,7.0,fwht,bf16,forward,none,out-of-place,0,,,,0.000000,,temporal-tile,radix2,four-mul,table,direct-strided,,1,8,,,,,,0,,,shared,linear,scalar,0,named-barrier,128,0,0,8,8,0,0,0,0,0,0,8,256,960,1,256,1000,100,0.147008,0.007035,0.144896,136462879.979136,139.737989,34934497274.658791,0.000000,-1,,,,,,,,,,,,
fft-fp16-fp32-log8-temporal-r2-t128-b799,fft-fp16-fp32-log8-b799,full,butterfly,cuButterfly-temporal-r2-t128,0,1,799,-1,,fp32,16,32,32,0,per-stage-twiddle,floating-complex,temporal-r2-t128,1,32,1024,16,64,1.0,799,0.62421875,0.62421875,register+thread+warp,1636352,0.2600911458333333,0,Tesla V100-SXM2-16GB,7.0,fft,fp16,forward,none,out-of-place,0,,,,0.000000,,temporal-tile,radix2,four-mul,table,direct-strided,,1,8,,,,,,0,,,shared,linear,scalar,0,named-barrier,128,0,0,8,8,0,0,0,0,0,0,8,256,799,1,256,1000,100,0.194368,0.006390,0.220224,125043821.156902,128.044873,32011218216.166924,0.000000,-1,,,,,,,,,,,,
fwht-bf16-native-log20-hier-r4-t256-b2,fwht-bf16-native-log20-b2,full,butterfly,cuButterfly-hier-r4-t256,0,2,2,-1,,native,16,32,16,1,implicit-sign,floating-add,hier-r4-t256,512,44,2048,5,40,0.625,1024,2.56,1.0,register,8388608,1.3333333333333333,0,Tesla V100-SXM2-16GB,7.0,fwht,bf16,forward,none,out-of-place,0,,,,0.000000,,hierarchical,radix4,four-mul,table,direct-strided,,1,20,,,,,,0,,,shared,linear,scalar,0,named-barrier,256,0,0,8,8,0,0,10,0,0,0,20,1048576,2,1,1048576,1000,100,0.745088,0.176650,0.729792,11321.807366,118.717755,11871775480.873100,0.000000,-1,,,,,,,,,,,,
fwht-bf16-native-log15-hier-r4-t256-b9,fwht-bf16-native-log15-b9,full,butterfly,cuButterfly-hier-r4-t256,0,2,9,-1,,native,16,32,16,1,implicit-sign,floating-add,hier-r4-t256,64,44,2048,5,40,0.625,576,1.44,1.0,register,1179648,0.1875,0,Tesla V100-SXM2-16GB,7.0,fwht,bf16,forward,none,out-of-place,0,,,,0.000000,,hierarchical,radix4,four-mul,table,direct-strided,,1,15,,,,,,0,,,shared,linear,scalar,0,named-barrier,256,0,0,8,8,0,0,8,0,0,0,15,32768,9,1,32768,1000,100,0.137760,0.030075,0.147648,299253.069057,73.544434,9805924566.857801,0.000000,-1,,,,,,,,,,,,
fwht-bf16-native-log8-temporal-r2-t128-b959,fwht-bf16-native-log8-b959,full,butterfly,cuButterfly-temporal-r2-t128,0,2,959,-1,,native,16,32,16,1,implicit-sign,floating-add,temporal-r2-t128,1,30,512,16,64,1.0,959,0.74921875,0.74921875,register+thread+warp,982016,0.15608723958333334,0,Tesla V100-SXM2-16GB,7.0,fwht,bf16,forward,none,out-of-place,0,,,,0.000000,,temporal-tile,radix2,four-mul,table,direct-strided,,1,8,,,,,,0,,,shared,linear,scalar,0,named-barrier,128,0,0,8,8,0,0,0,0,0,0,8,256,959,1,256,1000,100,0.136128,0.007035,0.134496,136320731.145824,139.592429,34898107173.331017,0.000000,-1,,,,,,,,,,,,
fft-fp16-fp32-log8-temporal-r2-t128-b1,fft-fp16-fp32-log8-b1,full,butterfly,cuButterfly-temporal-r2-t128,0,3,1,-1,,fp32,16,32,32,0,per-stage-twiddle,floating-complex,temporal-r2-t128,1,32,1024,16,64,1.0,1,0.00078125,0.00078125,register+thread+warp,2048,0.0003255208333333333,0,Tesla V100-SXM2-16GB,7.0,fft,fp16,forward,none,out-of-place,0,,,,0.000000,,temporal-tile,radix2,four-mul,table,direct-strided,,1,8,,,,,,0,,,shared,linear,scalar,0,named-barrier,128,0,0,8,8,0,0,0,0,0,0,8,256,1,1,256,1000,100,0.006144,0.003922,0.017920,254977.156129,0.261097,65274151.968967,0.000000,-1,,,,,,,,,,,,
fft-fp64-log20-online-r2-t256-b2,fft-fp64-log20-b2,full,butterfly,cuButterfly-online-r2-t256,0,3,2,-1,,native,64,64,64,0,per-stage-twiddle,floating-complex,online-r2-t256,512,42,8192,5,40,0.625,1024,2.56,1.0,register,67108864,10.666666666666666,0,Tesla V100-SXM2-16GB,7.0,fft,fp64,forward,none,out-of-place,0,,,,0.000000,,online-reorder,radix2,four-mul,table,direct-strided,,2,10x10,0x0,8x8,table,direct-strided,global-scratch,2,0x0,8x8,shared,linear,scalar,0,named-barrier,256,0,0,8,8,0,0,10,1,0,0,20,1048576,2,1,1048576,1000,100,5.447488,0.588216,5.122752,3400.109762,35.652735,3565273493.715441,0.000000,-1,,,,,,,,,,,,
structured-2x2-fp32-log20-hier-r4-t256-b2,structured-2x2-fp32-log20-b2,full,butterfly,cuButterfly-hier-r4-t256,0,3,2,-1,,native,32,32,32,0,broadcast,floating-fma,hier-r4-t256,512,44,4096,5,40,0.625,1024,2.56,1.0,register,16777216,2.6666666666666665,0,Tesla V100-SXM2-16GB,7.0,structured-2x2,fp32,forward,none,out-of-place,0,,,,0.000000,,hierarchical,radix4,four-mul,table,direct-strided,0.92387949999999996:-0.38268340000000001:0.38268340000000001:0.92387949999999996,1,20,,,,,,0,,,shared,linear,scalar,0,named-barrier,256,0,0,8,8,0,0,10,0,0,0,20,1048576,2,1,1048576,1000,100,1.416640,0.260454,1.364128,7678.886880,80.518965,8051896489.194224,0.000000,-1,,,,,,,,,,,,
fft-fp32-log8-temporal-r2-t128-b1280,fft-fp32-log8-b1280,full,butterfly,cuButterfly-temporal-r2-t128,0,2,1280,-1,,native,32,32,32,0,per-stage-twiddle,floating-complex,temporal-r2-t128,1,32,2048,16,64,1.0,1280,1.0,1.0,register+thread+warp,5242880,0.8333333333333334,0,Tesla V100-SXM2-16GB,7.0,fft,fp32,forward,none,out-of-place,0,,,,0.000000,,temporal-tile,radix2,four-mul,table,direct-strided,,1,8,,,,,,0,,,shared,linear,scalar,0,named-barrier,128,0,0,8,8,0,0,0,0,0,0,8,256,1280,1,256,1000,100,0.502688,0.010793,0.469984,118595831.124601,121.442131,30360532767.897976,0.000000,-1,,,,,,,,,,,,
fft-fp16-fp32-log20-online-r2-t256-b2,fft-fp16-fp32-log20-b2,full,butterfly,cuButterfly-online-r2-t256,0,2,2,-1,,fp32,16,32,32,0,per-stage-twiddle,floating-complex,online-r2-t256,512,38,2048,6,48,0.75,1024,2.1333333333333333,1.0,register,16777216,2.6666666666666665,0,Tesla V100-SXM2-16GB,7.0,fft,fp16,forward,none,out-of-place,0,,,,0.000000,,online-reorder,radix2,four-mul,table,direct-strided,,2,10x10,0x0,8x8,table,direct-strided,global-scratch,2,0x0,8x8,shared,linear,scalar,0,named-barrier,256,0,0,8,8,0,0,10,1,0,0,20,1048576,2,1,1048576,1000,100,1.418144,0.268216,1.346208,7456.668036,78.188831,7818883142.852000,0.000000,-1,,,,,,,,,,,,
fft-fp64-log8-temporal-r4-t128-b720,fft-fp64-log8-b720,full,butterfly,cuButterfly-temporal-r4-t128,0,3,720,-1,,native,64,64,64,0,per-stage-twiddle,floating-complex,temporal-r4-t128,1,50,4096,9,36,0.5625,720,1.0,1.0,register,5898240,0.9375,0,Tesla V100-SXM2-16GB,7.0,fft,fp64,forward,none,out-of-place,0,,,,0.000000,,temporal-tile,radix4,four-mul,table,direct-strided,,1,8,,,,,,0,,,shared,linear,scalar,0,named-barrier,128,0,0,8,8,0,0,0,0,0,0,8,256,720,1,256,1000,100,0.547232,0.009411,0.537152,76509792.187886,78.346027,19586506800.098804,0.000000,-1,,,,,,,,,,,,
structured-2x2-bf16-fp32-log15-hier-r4-t256-b9,structured-2x2-bf16-fp32-log15-b9,full,butterfly,cuButterfly-hier-r4-t256,0,3,9,-1,,fp32,16,32,32,0,broadcast,floating-fma,hier-r4-t256,64,44,2048,5,40,0.625,576,1.44,1.0,register,1179648,0.1875,0,Tesla V100-SXM2-16GB,7.0,structured-2x2,bf16,forward,none,out-of-place,0,,,,0.000000,,hierarchical,radix4,four-mul,table,direct-strided,0.92387949999999996:-0.38268340000000001:0.38268340000000001:0.92387949999999996,1,15,,,,,,0,,,shared,linear,scalar,0,named-barrier,256,0,0,8,8,0,0,8,0,0,0,15,32768,9,1,32768,1000,100,0.136864,0.031539,0.156704,285359.190072,70.129875,9350649940.294859,0.000000,-1,,,,,,,,,,,,
fwht-fp32-log8-temporal-r4-t128-b960,fwht-fp32-log8-b960,full,butterfly,cuButterfly-temporal-r4-t128,0,1,960,-1,,native,32,32,32,0,implicit-sign,floating-add,temporal-r4-t128,1,38,1024,12,48,0.75,960,1.0,1.0,register,1966080,0.3125,0,Tesla V100-SXM2-16GB,7.0,fwht,fp32,forward,none,out-of-place,0,,,,0.000000,,temporal-tile,radix4,four-mul,table,direct-strided,,1,8,,,,,,0,,,shared,linear,scalar,0,named-barrier,128,0,0,8,8,0,0,0,0,0,0,8,256,960,1,256,1000,100,0.257888,0.004229,0.248672,226997579.827980,232.445522,58111380435.962875,0.000000,-1,,,,,,,,,,,,
fft-fp16-native-log8-temporal-r4-t128-b1280,fft-fp16-native-log8-b1280,full,butterfly,cuButterfly-temporal-r4-t128,0,1,1280,-1,,native,16,16,16,0,per-stage-twiddle,floating-complex,temporal-r4-t128,1,42,1024,10,40,0.625,1280,1.6,1.0,register,2621440,0.4166666666666667,0,Tesla V100-SXM2-16GB,7.0,fft,fp16,forward,none,out-of-place,0,,,,0.000000,,temporal-tile,radix4,four-mul,table,direct-strided,,1,8,,,,,,0,,,shared,linear,scalar,0,named-barrier,128,0,0,8,8,0,0,0,0,0,0,8,256,1280,1,256,1000,100,0.307008,0.005632,0.296896,227272725.497634,232.727271,58181817727.394341,0.000000,-1,,,,,,,,,,,,
structured-2x2-fp16-fp32-log8-temporal-r4-t128-b960,structured-2x2-fp16-fp32-log8-b960,full,butterfly,cuButterfly-temporal-r4-t128,0,2,960,-1,,fp32,16,32,32,0,broadcast,floating-fma,temporal-r4-t128,1,38,512,12,48,0.75,960,1.0,1.0,register,983040,0.15625,0,Tesla V100-SXM2-16GB,7.0,structured-2x2,fp16,forward,none,out-of-place,0,,,,0.000000,,temporal-tile,radix4,four-mul,table,direct-strided,0.92387949999999996:-0.38268340000000001:0.38268340000000001:0.92387949999999996,1,8,,,,,,0,,,shared,linear,scalar,0,named-barrier,128,0,0,8,8,0,0,0,0,0,0,8,256,960,1,256,1000,100,0.112992,0.004823,0.136416,199044577.025122,203.821647,50955411718.431267,0.000000,-1,,,,,,,,,,,,
structured-2x2-bf16-native-log15-online-r4-t256-b9,structured-2x2-bf16-native-log15-b9,full,butterfly,cuButterfly-online-r4-t256,0,5,9,-1,,native,16,32,16,1,broadcast,floating-fma,online-r4-t256,64,46,2048,5,40,0.625,576,1.44,1.0,register,1179648,0.1875,0,Tesla V100-SXM2-16GB,7.0,structured-2x2,bf16,forward,none,out-of-place,0,,,,0.000000,,online-reorder,radix4,four-mul,table,direct-strided,0.92387949999999996:-0.38268340000000001:0.38268340000000001:0.92387949999999996,2,8x7,0x0,8x8,table,direct-strided,global-scratch,2,0x0,8x8,shared,linear,scalar,0,named-barrier,256,0,0,8,8,0,0,8,1,0,0,15,32768,9,1,32768,1000,100,0.134528,0.048538,0.168512,185423.270724,45.569623,6075949735.093113,0.000000,-1,,,,,,,,,,,,
subset-zeta-uint32-zeta-log8-temporal-r4-t128-b1279,subset-zeta-uint32-zeta-log8-b1279,full,butterfly,cuButterfly-temporal-r4-t128,0,2,1279,-1,,native,32,32,32,0,implicit-unit,integer-add,temporal-r4-t128,1,38,1024,12,48,0.75,1279,1.3322916666666667,1.0,register,2619392,0.4163411458333333,0,Tesla V100-SXM2-16GB,7.0,subset-zeta,uint32,forward,none,out-of-place,0,,,,0.000000,,temporal-tile,radix4,four-mul,table,direct-strided,,1,8,,,,,,0,,,shared,linear,scalar,0,named-barrier,128,0,0,8,8,0,0,0,0,0,0,8,256,1279,1,256,1000,100,0.310720,0.004731,0.332384,270351405.124294,276.839839,69209959711.819321,0.000000,-1,,,,,,,,,,,,
structured-2x2-bf16-fp32-log8-temporal-r4-t128-b1,structured-2x2-bf16-fp32-log8-b1,full,butterfly,cuButterfly-temporal-r4-t128,0,2,1,-1,,fp32,16,32,32,0,broadcast,floating-fma,temporal-r4-t128,1,38,512,12,48,0.75,1,0.0010416666666666667,0.0010416666666666667,register,1024,0.00016276041666666666,0,Tesla V100-SXM2-16GB,7.0,structured-2x2,bf16,forward,none,out-of-place,0,,,,0.000000,,temporal-tile,radix4,four-mul,table,direct-strided,0.92387949999999996:-0.38268340000000001:0.38268340000000001:0.92387949999999996,1,8,,,,,,0,,,shared,linear,scalar,0,named-barrier,128,0,0,8,8,0,0,0,0,0,0,8,256,1,1,256,1000,100,0.006144,0.003205,0.030976,312000.811862,0.319489,79872207.836692,0.000000,-1,,,,,,,,,,,,
fwht-fp32-log8-temporal-r4-t128-b1281,fwht-fp32-log8-b1281,full,butterfly,cuButterfly-temporal-r4-t128,0,4,1281,-1,,native,32,32,32,0,implicit-sign,floating-add,temporal-r4-t128,1,38,1024,12,48,0.75,1281,1.334375,1.0,register,2623488,0.4169921875,0,Tesla V100-SXM2-16GB,7.0,fwht,fp32,forward,none,out-of-place,0,,,,0.000000,,temporal-tile,radix4,four-mul,table,direct-strided,,1,8,,,,,,0,,,shared,linear,scalar,0,named-barrier,128,0,0,8,8,0,0,0,0,0,0,8,256,1281,1,256,1000,100,0.308576,0.004813,0.286144,266165233.817839,272.553199,68138299857.366844,0.000000,-1,,,,,,,,,,,,
fwht-fp32-log8-temporal-r2-t128-b959,fwht-fp32-log8-b959,full,butterfly,cuButterfly-temporal-r2-t128,0,4,959,-1,,native,32,32,32,0,implicit-sign,floating-add,temporal-r2-t128,1,30,1024,16,64,1.0,959,0.74921875,0.74921875,register+thread+warp,1964032,0.3121744791666667,0,Tesla V100-SXM2-16GB,7.0,fwht,fp32,forward,none,out-of-place,0,,,,0.000000,,temporal-tile,radix2,four-mul,table,direct-strided,,1,8,,,,,,0,,,shared,linear,scalar,0,named-barrier,128,0,0,8,8,0,0,0,0,0,0,8,256,959,1,256,1000,100,0.266592,0.004813,0.287712,199260311.655978,204.042559,51010639783.930374,0.000000,-1,,,,,,,,,,,,
structured-2x2-fp64-log15-online-r4-t256-b7,structured-2x2-fp64-log15-b7,full,butterfly,cuButterfly-online-r4-t256,0,2,7,-1,,native,64,64,64,0,broadcast,floating-fma,online-r4-t256,64,50,8192,4,32,0.5,448,1.4,1.0,register,3670016,0.5833333333333334,0,Tesla V100-SXM2-16GB,7.0,structured-2x2,fp64,forward,none,out-of-place,0,,,,0.000000,,online-reorder,radix4,four-mul,table,direct-strided,0.92387949999999996:-0.38268340000000001:0.38268340000000001:0.92387949999999996,2,8x7,0x0,8x8,table,direct-strided,global-scratch,2,0x0,8x8,shared,linear,scalar,0,named-barrier,256,0,0,8,8,0,0,8,1,0,0,15,32768,7,1,32768,1000,100,0.388032,0.027249,0.386720,256893.558699,63.134161,8417888131.460505,0.000000,-1,,,,,,,,,,,,
structured-2x2-bf16-fp32-log15-online-r2-t256-b9,structured-2x2-bf16-fp32-log15-b9,full,butterfly,cuButterfly-online-r2-t256,0,5,9,-1,,fp32,16,32,32,0,broadcast,floating-fma,online-r2-t256,64,36,1024,6,48,0.75,576,1.2,1.0,register,1179648,0.1875,0,Tesla V100-SXM2-16GB,7.0,structured-2x2,bf16,forward,none,out-of-place,0,,,,0.000000,,online-reorder,radix2,four-mul,table,direct-strided,0.92387949999999996:-0.38268340000000001:0.38268340000000001:0.92387949999999996,2,8x7,0x0,8x8,table,direct-strided,global-scratch,2,0x0,8x8,shared,linear,scalar,0,named-barrier,256,0,0,8,8,0,0,8,1,0,0,15,32768,9,1,32768,1000,100,0.144640,0.036219,0.152096,248489.200283,61.068706,8142494114.884641,0.000000,-1,,,,,,,,,,,,
structured-2x2-fp64-log20-online-r4-t256-b1,structured-2x2-fp64-log20-b1,full,butterfly,cuButterfly-online-r4-t256,0,1,1,-1,,native,64,64,64,0,broadcast,floating-fma,online-r4-t256,512,50,8192,4,32,0.5,512,1.6,1.0,register,16777216,2.6666666666666665,0,Tesla V100-SXM2-16GB,7.0,structured-2x2,fp64,forward,none,out-of-place,0,,,,0.000000,,online-reorder,radix4,four-mul,table,direct-strided,0.92387949999999996:-0.38268340000000001:0.38268340000000001:0.92387949999999996,2,10x10,0x0,8x8,table,direct-strided,global-scratch,2,0x0,8x8,shared,linear,scalar,0,named-barrier,256,0,0,8,8,0,0,10,1,0,0,20,1048576,1,1,1048576,1000,100,1.416064,0.107284,1.349504,9321.012795,97.737903,9773790312.505613,0.000000,-1,,,,,,,,,,,,
fwht-fp16-fp32-log15-online-r4-t256-b8,fwht-fp16-fp32-log15-b8,full,butterfly,cuButterfly-online-r4-t256,0,4,8,-1,,fp32,16,32,32,0,implicit-sign,floating-add,online-r4-t256,64,46,2048,5,40,0.625,512,1.28,1.0,register,1048576,0.16666666666666666,0,Tesla V100-SXM2-16GB,7.0,fwht,fp16,forward,none,out-of-place,0,,,,0.000000,,online-reorder,radix4,four-mul,table,direct-strided,,2,8x7,0x0,8x8,table,direct-strided,global-scratch,2,0x0,8x8,shared,linear,scalar,0,named-barrier,256,0,0,8,8,0,0,8,1,0,0,15,32768,8,1,32768,1000,100,0.123680,0.026132,0.128512,306132.431404,75.235106,10031347512.231171,0.000000,-1,,,,,,,,,,,,
fwht-bf16-fp32-log8-temporal-r2-t128-b1281,fwht-bf16-fp32-log8-b1281,full,butterfly,cuButterfly-temporal-r2-t128,0,1,1281,-1,,fp32,16,32,32,0,implicit-sign,floating-add,temporal-r2-t128,1,30,512,16,64,1.0,1281,1.00078125,1.0,register+thread+warp,1311744,0.20849609375,0,Tesla V100-SXM2-16GB,7.0,fwht,bf16,forward,none,out-of-place,0,,,,0.000000,,temporal-tile,radix2,four-mul,table,direct-strided,,1,8,,,,,,0,,,shared,linear,scalar,0,named-barrier,128,0,0,8,8,0,0,0,0,0,0,8,256,1281,1,256,1000,100,0.199616,0.008704,0.187872,147173710.654217,150.705880,37676469927.479462,0.000000,-1,,,,,,,,,,,,
fft-fp32-log15-hier-r4-t256-b6,fft-fp32-log15-b6,full,butterfly,cuButterfly-hier-r4-t256,0,4,6,-1,,native,32,32,32,0,per-stage-twiddle,floating-complex,hier-r4-t256,64,48,8192,5,40,0.625,384,0.96,0.96,register,3145728,0.5,0,Tesla V100-SXM2-16GB,7.0,fft,fp32,forward,none,out-of-place,0,,,,0.000000,,hierarchical,radix4,four-mul,table,direct-strided,,1,15,,,,,,0,,,shared,linear,scalar,0,named-barrier,256,0,0,8,8,0,0,8,0,0,0,15,32768,6,1,32768,1000,100,0.411584,0.031345,0.296736,191420.281381,47.043448,6272459780.279398,0.000000,-1,,,,,,,,,,,,
structured-2x2-bf16-native-log15-online-r2-t256-b9,structured-2x2-bf16-native-log15-b9,full,butterfly,cuButterfly-online-r2-t256,0,1,9,-1,,native,16,32,16,1,broadcast,floating-fma,online-r2-t256,64,36,1024,6,48,0.75,576,1.2,1.0,register,1179648,0.1875,0,Tesla V100-SXM2-16GB,7.0,structured-2x2,bf16,forward,none,out-of-place,0,,,,0.000000,,online-reorder,radix2,four-mul,table,direct-strided,0.92387949999999996:-0.38268340000000001:0.38268340000000001:0.92387949999999996,2,8x7,0x0,8x8,table,direct-strided,global-scratch,2,0x0,8x8,shared,linear,scalar,0,named-barrier,256,0,0,8,8,0,0,8,1,0,0,15,32768,9,1,32768,1000,100,0.136320,0.045558,0.153504,197551.417340,48.550236,6473364843.392902,0.000000,-1,,,,,,,,,,,,
fft-fp16-native-log8-temporal-r4-t128-b1280,fft-fp16-native-log8-b1280,full,butterfly,cuButterfly-temporal-r4-t128,0,2,1280,-1,,native,16,16,16,0,per-stage-twiddle,floating-complex,temporal-r4-t128,1,42,1024,10,40,0.625,1280,1.6,1.0,register,2621440,0.4166666666666667,0,Tesla V100-SXM2-16GB,7.0,fft,fp16,forward,none,out-of-place,0,,,,0.000000,,temporal-tile,radix4,four-mul,table,direct-strided,,1,8,,,,,,0,,,shared,linear,scalar,0,named-barrier,128,0,0,8,8,0,0,0,0,0,0,8,256,1280,1,256,1000,100,0.314240,0.005642,0.276544,226860256.668981,232.304903,58076225707.259232,0.000000,-1,,,,,,,,,,,,
structured-2x2-fp64-log15-online-r2-t256-b6,structured-2x2-fp64-log15-b6,full,butterfly,cuButterfly-online-r2-t256,0,4,6,-1,,native,64,64,64,0,broadcast,floating-fma,online-r2-t256,64,38,4096,6,48,0.75,384,0.8,0.8,register,3145728,0.5,0,Tesla V100-SXM2-16GB,7.0,structured-2x2,fp64,forward,none,out-of-place,0,,,,0.000000,,online-reorder,radix2,four-mul,table,direct-strided,0.92387949999999996:-0.38268340000000001:0.38268340000000001:0.92387949999999996,2,8x7,0x0,8x8,table,direct-strided,global-scratch,2,0x0,8x8,shared,linear,scalar,0,named-barrier,256,0,0,8,8,0,0,8,1,0,0,15,32768,6,1,32768,1000,100,0.344352,0.025774,0.363456,232792.011536,57.210965,7628128634.021793,0.000000,-1,,,,,,,,,,,,
structured-2x2-fp64-log15-hier-r4-t256-b7,structured-2x2-fp64-log15-b7,full,butterfly,cuButterfly-hier-r4-t256,0,5,7,-1,,native,64,64,64,0,broadcast,floating-fma,hier-r4-t256,64,48,8192,5,40,0.625,448,1.12,1.0,register,3670016,0.5833333333333334,0,Tesla V100-SXM2-16GB,7.0,structured-2x2,fp64,forward,none,out-of-place,0,,,,0.000000,,hierarchical,radix4,four-mul,table,direct-strided,0.92387949999999996:-0.38268340000000001:0.38268340000000001:0.92387949999999996,1,15,,,,,,0,,,shared,linear,scalar,0,named-barrier,256,0,0,8,8,0,0,8,0,0,0,15,32768,7,1,32768,1000,100,0.390208,0.030761,0.397280,227561.163608,55.925432,7456724209.114263,0.000000,-1,,,,,,,,,,,,
fft-fp16-fp32-log20-online-r4-t256-b1,fft-fp16-fp32-log20-b1,full,butterfly,cuButterfly-online-r4-t256,0,5,1,-1,,fp32,16,32,32,0,per-stage-twiddle,floating-complex,online-r4-t256,512,50,4096,4,32,0.5,512,1.6,1.0,register,8388608,1.3333333333333333,0,Tesla V100-SXM2-16GB,7.0,fft,fp16,forward,none,out-of-place,0,,,,0.000000,,online-reorder,radix4,four-mul,table,direct-strided,,2,10x10,0x0,8x8,table,direct-strided,global-scratch,2,0x0,8x8,shared,linear,scalar,0,named-barrier,256,0,0,8,8,0,0,10,1,0,0,20,1048576,1,1,1048576,1000,100,0.743392,0.128686,0.721792,7770.847931,81.483246,8148324639.778914,0.000000,-1,,,,,,,,,,,,
fft-fp16-native-log8-temporal-r4-t128-b800,fft-fp16-native-log8-b800,full,butterfly,cuButterfly-temporal-r4-t128,0,5,800,-1,,native,16,16,16,0,per-stage-twiddle,floating-complex,temporal-r4-t128,1,42,1024,10,40,0.625,800,1.0,1.0,register,1638400,0.2604166666666667,0,Tesla V100-SXM2-16GB,7.0,fft,fp16,forward,none,out-of-place,0,,,,0.000000,,temporal-tile,radix4,four-mul,table,direct-strided,,1,8,,,,,,0,,,shared,linear,scalar,0,named-barrier,128,0,0,8,8,0,0,0,0,0,0,8,256,800,1,256,1000,100,0.187552,0.004710,0.200704,169836956.111048,173.913043,43478260764.428322,0.000000,-1,,,,,,,,,,,,
structured-2x2-bf16-native-log8-temporal-r4-t128-b959,structured-2x2-bf16-native-log8-b959,full,butterfly,cuButterfly-temporal-r4-t128,0,3,959,-1,,native,16,32,16,1,broadcast,floating-fma,temporal-r4-t128,1,38,512,12,48,0.75,959,0.9989583333333333,0.9989583333333333,register,982016,0.15608723958333334,0,Tesla V100-SXM2-16GB,7.0,structured-2x2,bf16,forward,none,out-of-place,0,,,,0.000000,,temporal-tile,radix4,four-mul,table,direct-strided,0.92387949999999996:-0.38268340000000001:0.38268340000000001:0.92387949999999996,1,8,,,,,,0,,,shared,linear,scalar,0,named-barrier,128,0,0,8,8,0,0,0,0,0,0,8,256,959,1,256,1000,100,0.115232,0.014049,0.136512,68259728.177479,69.897962,17474490413.434696,0.000000,-1,,,,,,,,,,,,
fft-fp32-log20-online-r2-t256-b1,fft-fp32-log20-b1,full,butterfly,cuButterfly-online-r2-t256,0,5,1,-1,,native,32,32,32,0,per-stage-twiddle,floating-complex,online-r2-t256,512,38,4096,6,48,0.75,512,1.0666666666666667,1.0,register,16777216,2.6666666666666665,0,Tesla V100-SXM2-16GB,7.0,fft,fp32,forward,none,out-of-place,0,,,,0.000000,,online-reorder,radix2,four-mul,table,direct-strided,,2,10x10,0x0,8x8,table,direct-strided,global-scratch,2,0x0,8x8,shared,linear,scalar,0,named-barrier,256,0,0,8,8,0,0,10,1,0,0,20,1048576,1,1,1048576,1000,100,1.412320,0.185180,1.362304,5400.146179,56.624637,5662463679.774199,0.000000,-1,,,,,,,,,,,,
fft-fp16-fp32-log15-online-r4-t256-b1,fft-fp16-fp32-log15-b1,full,butterfly,cuButterfly-online-r4-t256,0,4,1,-1,,fp32,16,32,32,0,per-stage-twiddle,floating-complex,online-r4-t256,64,50,4096,4,32,0.5,64,0.2,0.2,register,262144,0.041666666666666664,0,Tesla V100-SXM2-16GB,7.0,fft,fp16,forward,none,out-of-place,0,,,,0.000000,,online-reorder,radix4,four-mul,table,direct-strided,,2,8x7,0x0,8x8,table,direct-strided,global-scratch,2,0x0,8x8,shared,linear,scalar,0,named-barrier,256,0,0,8,8,0,0,8,1,0,0,15,32768,1,1,32768,1000,100,0.034528,0.011325,0.047040,88296.787354,21.699818,2893309128.015158,0.000000,-1,,,,,,,,,,,,
structured-2x2-fp16-native-log15-hier-r4-t256-b8,structured-2x2-fp16-native-log15-b8,full,butterfly,cuButterfly-hier-r4-t256,0,3,8,-1,,native,16,16,16,0,broadcast,floating-fma,hier-r4-t256,64,44,2048,5,40,0.625,512,1.28,1.0,register,1048576,0.16666666666666666,0,Tesla V100-SXM2-16GB,7.0,structured-2x2,fp16,forward,none,out-of-place,0,,,,0.000000,,hierarchical,radix4,four-mul,table,direct-strided,0.92387949999999996:-0.38268340000000001:0.38268340000000001:0.92387949999999996,1,15,,,,,,0,,,shared,linear,scalar,0,named-barrier,256,0,0,8,8,0,0,8,0,0,0,15,32768,8,1,32768,1000,100,0.123040,0.024125,0.130560,331600.169144,81.494058,10865874342.523581,0.000000,-1,,,,,,,,,,,,
fwht-bf16-native-log8-temporal-r4-t128-b959,fwht-bf16-native-log8-b959,full,butterfly,cuButterfly-temporal-r4-t128,0,3,959,-1,,native,16,32,16,1,implicit-sign,floating-add,temporal-r4-t128,1,38,512,12,48,0.75,959,0.9989583333333333,0.9989583333333333,register,982016,0.15608723958333334,0,Tesla V100-SXM2-16GB,7.0,fwht,bf16,forward,none,out-of-place,0,,,,0.000000,,temporal-tile,radix4,four-mul,table,direct-strided,,1,8,,,,,,0,,,shared,linear,scalar,0,named-barrier,128,0,0,8,8,0,0,0,0,0,0,8,256,959,1,256,1000,100,0.151104,0.006738,0.140000,142328790.105416,145.744681,36436170266.986595,0.000000,-1,,,,,,,,,,,,
fwht-fp16-fp32-log15-online-r2-t256-b9,fwht-fp16-fp32-log15-b9,full,butterfly,cuButterfly-online-r2-t256,0,4,9,-1,,fp32,16,32,32,0,implicit-sign,floating-add,online-r2-t256,64,36,1024,6,48,0.75,576,1.2,1.0,register,1179648,0.1875,0,Tesla V100-SXM2-16GB,7.0,fwht,fp16,forward,none,out-of-place,0,,,,0.000000,,online-reorder,radix2,four-mul,table,direct-strided,,2,8x7,0x0,8x8,table,direct-strided,global-scratch,2,0x0,8x8,shared,linear,scalar,0,named-barrier,256,0,0,8,8,0,0,8,1,0,0,15,32768,9,1,32768,1000,100,0.150016,0.029286,0.153696,307309.883040,75.524477,10069930247.462955,0.000000,-1,,,,,,,,,,,,
fwht-bf16-native-log8-temporal-r2-t128-b1,fwht-bf16-native-log8-b1,full,butterfly,cuButterfly-temporal-r2-t128,0,4,1,-1,,native,16,32,16,1,implicit-sign,floating-add,temporal-r2-t128,1,30,512,16,64,1.0,1,0.00078125,0.00078125,register+thread+warp,1024,0.00016276041666666666,0,Tesla V100-SXM2-16GB,7.0,fwht,bf16,forward,none,out-of-place,0,,,,0.000000,,temporal-tile,radix2,four-mul,table,direct-strided,,1,8,,,,,,0,,,shared,linear,scalar,0,named-barrier,128,0,0,8,8,0,0,0,0,0,0,8,256,1,1,256,1000,100,0.009216,0.003103,0.018528,322297.853060,0.330033,82508250.383290,0.000000,-1,,,,,,,,,,,,
fft-fp16-native-log8-temporal-r2-t128-b1280,fft-fp16-native-log8-b1280,full,butterfly,cuButterfly-temporal-r2-t128,0,4,1280,-1,,native,16,16,16,0,per-stage-twiddle,floating-complex,temporal-r2-t128,1,32,1024,16,64,1.0,1280,1.0,1.0,register+thread+warp,2621440,0.4166666666666667,0,Tesla V100-SXM2-16GB,7.0,fft,fp16,forward,none,out-of-place,0,,,,0.000000,,temporal-tile,radix2,four-mul,table,direct-strided,,1,8,,,,,,0,,,shared,linear,scalar,0,named-barrier,128,0,0,8,8,0,0,0,0,0,0,8,256,1280,1,256,1000,100,0.316288,0.006656,0.280832,192307694.474981,196.923079,49230769785.595016,0.000000,-1,,,,,,,,,,,,
fft-bf16-fp32-log15-hier-r4-t256-b6,fft-bf16-fp32-log15-b6,full,butterfly,cuButterfly-hier-r4-t256,0,5,6,-1,,fp32,16,32,32,0,per-stage-twiddle,floating-complex,hier-r4-t256,64,48,4096,5,40,0.625,384,0.96,0.96,register,1572864,0.25,0,Tesla V100-SXM2-16GB,7.0,fft,bf16,forward,none,out-of-place,0,,,,0.000000,,hierarchical,radix4,four-mul,table,direct-strided,,1,15,,,,,,0,,,shared,linear,scalar,0,named-barrier,256,0,0,8,8,0,0,8,0,0,0,15,32768,6,1,32768,1000,100,0.232864,0.040079,0.185280,149702.993135,36.791008,4905467679.034339,0.000000,-1,,,,,,,,,,,,
structured-2x2-bf16-native-log15-online-r4-t256-b9,structured-2x2-bf16-native-log15-b9,full,butterfly,cuButterfly-online-r4-t256,0,1,9,-1,,native,16,32,16,1,broadcast,floating-fma,online-r4-t256,64,46,2048,5,40,0.625,576,1.44,1.0,register,1179648,0.1875,0,Tesla V100-SXM2-16GB,7.0,structured-2x2,bf16,forward,none,out-of-place,0,,,,0.000000,,online-reorder,radix4,four-mul,table,direct-strided,0.92387949999999996:-0.38268340000000001:0.38268340000000001:0.92387949999999996,2,8x7,0x0,8x8,table,direct-strided,global-scratch,2,0x0,8x8,shared,linear,scalar,0,named-barrier,256,0,0,8,8,0,0,8,1,0,0,15,32768,9,1,32768,1000,100,0.136640,0.048558,0.145248,185345.059767,45.550402,6073386918.456337,0.000000,-1,,,,,,,,,,,,
fwht-fp16-fp32-log20-online-r4-t256-b2,fwht-fp16-fp32-log20-b2,full,butterfly,cuButterfly-online-r4-t256,0,3,2,-1,,fp32,16,32,32,0,implicit-sign,floating-add,online-r4-t256,512,46,2048,5,40,0.625,1024,2.56,1.0,register,8388608,1.3333333333333333,0,Tesla V100-SXM2-16GB,7.0,fwht,fp16,forward,none,out-of-place,0,,,,0.000000,,online-reorder,radix4,four-mul,table,direct-strided,,2,10x10,0x0,8x8,table,direct-strided,global-scratch,2,0x0,8x8,shared,linear,scalar,0,named-barrier,256,0,0,8,8,0,0,10,1,0,0,20,1048576,2,1,1048576,1000,100,0.746016,0.167916,0.723456,11910.751095,124.893277,12489327739.805584,0.000000,-1,,,,,,,,,,,,
fft-fp32-log15-online-r4-t256-b8,fft-fp32-log15-b8,full,butterfly,cuButterfly-online-r4-t256,0,1,8,-1,,native,32,32,32,0,per-stage-twiddle,floating-complex,online-r4-t256,64,50,8192,4,32,0.5,512,1.6,1.0,register,4194304,0.6666666666666666,0,Tesla V100-SXM2-16GB,7.0,fft,fp32,forward,none,out-of-place,0,,,,0.000000,,online-reorder,radix4,four-mul,table,direct-strided,,2,8x7,0x0,8x8,table,direct-strided,global-scratch,2,0x0,8x8,shared,linear,scalar,0,named-barrier,256,0,0,8,8,0,0,8,1,0,0,15,32768,8,1,32768,1000,100,0.488192,0.037376,0.412320,214041.087431,52.602738,7013698352.928982,0.000000,-1,,,,,,,,,,,,
structured-2x2-fp64-log8-temporal-r4-t128-b801,structured-2x2-fp64-log8-b801,full,butterfly,cuButterfly-temporal-r4-t128,0,3,801,-1,,native,64,64,64,0,broadcast,floating-fma,temporal-r4-t128,1,42,2048,10,40,0.625,801,1.00125,1.0,register,3280896,0.521484375,0,Tesla V100-SXM2-16GB,7.0,structured-2x2,fp64,forward,none,out-of-place,0,,,,0.000000,,temporal-tile,radix4,four-mul,table,direct-strided,0.92387949999999996:-0.38268340000000001:0.38268340000000001:0.92387949999999996,1,8,,,,,,0,,,shared,linear,scalar,0,named-barrier,128,0,0,8,8,0,0,0,0,0,0,8,256,801,1,256,1000,100,0.373728,0.005970,0.301024,134172647.832899,137.392791,34348197845.222103,0.000000,-1,,,,,,,,,,,,
structured-2x2-fp32-log20-online-r4-t256-b2,structured-2x2-fp32-log20-b2,full,butterfly,cuButterfly-online-r4-t256,0,3,2,-1,,native,32,32,32,0,broadcast,floating-fma,online-r4-t256,512,46,4096,5,40,0.625,1024,2.56,1.0,register,16777216,2.6666666666666665,0,Tesla V100-SXM2-16GB,7.0,structured-2x2,fp32,forward,none,out-of-place,0,,,,0.000000,,online-reorder,radix4,four-mul,table,direct-strided,0.92387949999999996:-0.38268340000000001:0.38268340000000001:0.92387949999999996,2,10x10,0x0,8x8,table,direct-strided,global-scratch,2,0x0,8x8,shared,linear,scalar,0,named-barrier,256,0,0,8,8,0,0,10,1,0,0,20,1048576,2,1,1048576,1000,100,1.419616,0.174080,1.347680,11488.969649,120.470578,12047057838.836012,0.000000,-1,,,,,,,,,,,,
fft-fp64-log20-online-r4-t256-b2,fft-fp64-log20-b2,full,butterfly,cuButterfly-online-r4-t256,0,2,2,-1,,native,64,64,64,0,per-stage-twiddle,floating-complex,online-r4-t256,512,58,16384,4,32,0.5,1024,3.2,1.0,register,67108864,10.666666666666666,0,Tesla V100-SXM2-16GB,7.0,fft,fp64,forward,none,out-of-place,0,,,,0.000000,,online-reorder,radix4,four-mul,table,direct-strided,,2,10x10,0x0,8x8,table,direct-strided,global-scratch,2,0x0,8x8,shared,linear,scalar,0,named-barrier,256,0,0,8,8,0,0,10,1,0,0,20,1048576,2,1,1048576,1000,100,5.449120,0.519700,5.105088,3848.370599,40.353090,4035309049.728487,0.000000,-1,,,,,,,,,,,,
fft-fp16-fp32-log20-online-r2-t256-b1,fft-fp16-fp32-log20-b1,full,butterfly,cuButterfly-online-r2-t256,0,4,1,-1,,fp32,16,32,32,0,per-stage-twiddle,floating-complex,online-r2-t256,512,38,2048,6,48,0.75,512,1.0666666666666667,1.0,register,8388608,1.3333333333333333,0,Tesla V100-SXM2-16GB,7.0,fft,fp16,forward,none,out-of-place,0,,,,0.000000,,online-reorder,radix2,four-mul,table,direct-strided,,2,10x10,0x0,8x8,table,direct-strided,global-scratch,2,0x0,8x8,shared,linear,scalar,0,named-barrier,256,0,0,8,8,0,0,10,1,0,0,20,1048576,1,1,1048576,1000,100,0.746272,0.146371,0.771232,6831.974958,71.638450,7163844973.304250,0.000000,-1,,,,,,,,,,,,
structured-2x2-fp64-log20-online-r4-t256-b2,structured-2x2-fp64-log20-b2,full,butterfly,cuButterfly-online-r4-t256,0,1,2,-1,,native,64,64,64,0,broadcast,floating-fma,online-r4-t256,512,50,8192,4,32,0.5,1024,3.2,1.0,register,33554432,5.333333333333333,0,Tesla V100-SXM2-16GB,7.0,structured-2x2,fp64,forward,none,out-of-place,0,,,,0.000000,,online-reorder,radix4,four-mul,table,direct-strided,0.92387949999999996:-0.38268340000000001:0.38268340000000001:0.92387949999999996,2,10x10,0x0,8x8,table,direct-strided,global-scratch,2,0x0,8x8,shared,linear,scalar,0,named-barrier,256,0,0,8,8,0,0,10,1,0,0,20,1048576,2,1,1048576,1000,100,2.767264,0.192389,2.615232,10395.597682,109.005742,10900574234.849373,0.000000,-1,,,,,,,,,,,,
fwht-fp32-log8-temporal-r2-t128-b1,fwht-fp32-log8-b1,full,butterfly,cuButterfly-temporal-r2-t128,0,5,1,-1,,native,32,32,32,0,implicit-sign,floating-add,temporal-r2-t128,1,30,1024,16,64,1.0,1,0.00078125,0.00078125,register+thread+warp,2048,0.0003255208333333333,0,Tesla V100-SXM2-16GB,7.0,fwht,fp32,forward,none,out-of-place,0,,,,0.000000,,temporal-tile,radix2,four-mul,table,direct-strided,,1,8,,,,,,0,,,shared,linear,scalar,0,named-barrier,128,0,0,8,8,0,0,0,0,0,0,8,256,1,1,256,1000,100,0.013312,0.002734,0.020480,365753.751070,0.374532,93632960.273816,0.000000,-1,,,,,,,,,,,,
fft-fp16-fp32-log8-temporal-r4-t128-b800,fft-fp16-fp32-log8-b800,full,butterfly,cuButterfly-temporal-r4-t128,0,4,800,-1,,fp32,16,32,32,0,per-stage-twiddle,floating-complex,temporal-r4-t128,1,42,1024,10,40,0.625,800,1.0,1.0,register,1638400,0.2604166666666667,0,Tesla V100-SXM2-16GB,7.0,fft,fp16,forward,none,out-of-place,0,,,,0.000000,,temporal-tile,radix4,four-mul,table,direct-strided,,1,8,,,,,,0,,,shared,linear,scalar,0,named-barrier,128,0,0,8,8,0,0,0,0,0,0,8,256,800,1,256,1000,100,0.201344,0.006216,0.222272,128706746.442482,131.795708,32948927089.275513,0.000000,-1,,,,,,,,,,,,
structured-2x2-fp64-log15-online-r2-t256-b7,structured-2x2-fp64-log15-b7,full,butterfly,cuButterfly-online-r2-t256,0,2,7,-1,,native,64,64,64,0,broadcast,floating-fma,online-r2-t256,64,38,4096,6,48,0.75,448,0.9333333333333333,0.9333333333333333,register,3670016,0.5833333333333334,0,Tesla V100-SXM2-16GB,7.0,structured-2x2,fp64,forward,none,out-of-place,0,,,,0.000000,,online-reorder,radix2,four-mul,table,direct-strided,0.92387949999999996:-0.38268340000000001:0.38268340000000001:0.92387949999999996,2,8x7,0x0,8x8,table,direct-strided,global-scratch,2,0x0,8x8,shared,linear,scalar,0,named-barrier,256,0,0,8,8,0,0,8,1,0,0,15,32768,7,1,32768,1000,100,0.394112,0.028795,0.342080,243098.780766,59.743956,7965860848.141484,0.000000,-1,,,,,,,,,,,,
fft-fp32-log15-hier-r4-t256-b9,fft-fp32-log15-b9,full,butterfly,cuButterfly-hier-r4-t256,0,4,9,-1,,native,32,32,32,0,per-stage-twiddle,floating-complex,hier-r4-t256,64,48,8192,5,40,0.625,576,1.44,1.0,register,4718592,0.75,0,Tesla V100-SXM2-16GB,7.0,fft,fp32,forward,none,out-of-place,0,,,,0.000000,,hierarchical,radix4,four-mul,table,direct-strided,,1,15,,,,,,0,,,shared,linear,scalar,0,named-barrier,256,0,0,8,8,0,0,8,0,0,0,15,32768,9,1,32768,1000,100,0.550624,0.042455,0.424800,211988.965675,52.098408,6946454427.240511,0.000000,-1,,,,,,,,,,,,
fft-fp64-log8-temporal-r4-t128-b959,fft-fp64-log8-b959,full,butterfly,cuButterfly-temporal-r4-t128,0,3,959,-1,,native,64,64,64,0,per-stage-twiddle,floating-complex,temporal-r4-t128,1,50,4096,9,36,0.5625,959,1.3319444444444444,1.0,register,7856128,1.2486979166666667,0,Tesla V100-SXM2-16GB,7.0,fft,fp64,forward,none,out-of-place,0,,,,0.000000,,temporal-tile,radix4,four-mul,table,direct-strided,,1,8,,,,,,0,,,shared,linear,scalar,0,named-barrier,128,0,0,8,8,0,0,0,0,0,0,8,256,959,1,256,1000,100,0.705632,0.016855,0.652448,56896932.539137,58.262459,14565614730.019075,0.000000,-1,,,,,,,,,,,,
fft-bf16-native-log15-online-r2-t256-b5,fft-bf16-native-log15-b5,full,butterfly,cuButterfly-online-r2-t256,0,4,5,-1,,native,16,32,16,1,per-stage-twiddle,floating-complex,online-r2-t256,64,38,2048,6,48,0.75,320,0.6666666666666666,0.6666666666666666,register,1310720,0.20833333333333334,0,Tesla V100-SXM2-16GB,7.0,fft,bf16,forward,none,out-of-place,0,,,,0.000000,,online-reorder,radix2,four-mul,table,direct-strided,,2,8x7,0x0,8x8,table,direct-strided,global-scratch,2,0x0,8x8,shared,linear,scalar,0,named-barrier,256,0,0,8,8,0,0,8,1,0,0,15,32768,5,1,32768,1000,100,0.182752,0.038390,0.154048,130243.074060,32.008538,4267805050.807497,0.000000,-1,,,,,,,,,,,,
fwht-fp16-fp32-log8-temporal-r2-t128-b960,fwht-fp16-fp32-log8-b960,full,butterfly,cuButterfly-temporal-r2-t128,0,4,960,-1,,fp32,16,32,32,0,implicit-sign,floating-add,temporal-r2-t128,1,30,512,16,64,1.0,960,0.75,0.75,register+thread+warp,983040,0.15625,0,Tesla V100-SXM2-16GB,7.0,fwht,fp16,forward,none,out-of-place,0,,,,0.000000,,temporal-tile,radix2,four-mul,table,direct-strided,,1,8,,,,,,0,,,shared,linear,scalar,0,named-barrier,128,0,0,8,8,0,0,0,0,0,0,8,256,960,1,256,1000,100,0.139968,0.004844,0.131264,198202959.807256,202.959831,50739957710.657631,0.000000,-1,,,,,,,,,,,,
structured-2x2-fp32-log20-online-r4-t256-b1,structured-2x2-fp32-log20-b1,full,butterfly,cuButterfly-online-r4-t256,0,5,1,-1,,native,32,32,32,0,broadcast,floating-fma,online-r4-t256,512,46,4096,5,40,0.625,512,1.28,1.0,register,8388608,1.3333333333333333,0,Tesla V100-SXM2-16GB,7.0,structured-2x2,fp32,forward,none,out-of-place,0,,,,0.000000,,online-reorder,radix4,four-mul,table,direct-strided,0.92387949999999996:-0.38268340000000001:0.38268340000000001:0.92387949999999996,2,10x10,0x0,8x8,table,direct-strided,global-scratch,2,0x0,8x8,shared,linear,scalar,0,named-barrier,256,0,0,8,8,0,0,10,1,0,0,20,1048576,1,1,1048576,1000,100,0.747776,0.095672,0.719648,10452.343531,109.600766,10960076570.461840,0.000000,-1,,,,,,,,,,,,
fft-bf16-fp32-log15-online-r2-t256-b6,fft-bf16-fp32-log15-b6,full,butterfly,cuButterfly-online-r2-t256,0,2,6,-1,,fp32,16,32,32,0,per-stage-twiddle,floating-complex,online-r2-t256,64,38,2048,6,48,0.75,384,0.8,0.8,register,1572864,0.25,0,Tesla V100-SXM2-16GB,7.0,fft,bf16,forward,none,out-of-place,0,,,,0.000000,,online-reorder,radix2,four-mul,table,direct-strided,,2,8x7,0x0,8x8,table,direct-strided,global-scratch,2,0x0,8x8,shared,linear,scalar,0,named-barrier,256,0,0,8,8,0,0,8,1,0,0,15,32768,6,1,32768,1000,100,0.228672,0.035615,0.207296,168469.677110,41.403108,5520414379.540792,0.000000,-1,,,,,,,,,,,,
ntt-uint64-ntt-log15-ntt-hybrid-r2-t256-b321,ntt-uint64-ntt-log15-b321,full,ntt,cuButterfly-ntt-hybrid-r2-t256,0,4,321,-1,,native,64,64,64,0,per-stage-root,modular-multiply-reduce,ntt-hybrid-r2-t256,1,52,4096,4,32,0.5,321,1.003125,1.0,register,168296448,26.75,0,Tesla V100-SXM2-16GB,7.0,ntt,uint64,forward,,,0,,,,0.000000,,hybrid2d,radix2,,fused,,,,,,,,,,,,,,,,0,named-barrier,,,,,,,,,,,,15,32768,321,1,32768,1000,100,13.601056,0.683633,22.395008,,,,,-1,natural,64,1152921504606748673,60,7,4,256,0,469550.408027,8751.435467,15386227770.238739,shoup
fft-fp16-native-log8-temporal-r4-t128-b1280,fft-fp16-native-log8-b1280,full,butterfly,cuButterfly-temporal-r4-t128,0,4,1280,-1,,native,16,16,16,0,per-stage-twiddle,floating-complex,temporal-r4-t128,1,42,1024,10,40,0.625,1280,1.6,1.0,register,2621440,0.4166666666666667,0,Tesla V100-SXM2-16GB,7.0,fft,fp16,forward,none,out-of-place,0,,,,0.000000,,temporal-tile,radix4,four-mul,table,direct-strided,,1,8,,,,,,0,,,shared,linear,scalar,0,named-barrier,128,0,0,8,8,0,0,0,0,0,0,8,256,1280,1,256,1000,100,0.316704,0.005724,0.264448,223613595.679981,228.980322,57245080494.075264,0.000000,-1,,,,,,,,,,,,
fft-bf16-native-log15-hier-r4-t256-b8,fft-bf16-native-log15-b8,full,butterfly,cuButterfly-hier-r4-t256,0,4,8,-1,,native,16,32,16,1,per-stage-twiddle,floating-complex,hier-r4-t256,64,48,4096,5,40,0.625,512,1.28,1.0,register,2097152,0.3333333333333333,0,Tesla V100-SXM2-16GB,7.0,fft,bf16,forward,none,out-of-place,0,,,,0.000000,,hierarchical,radix4,four-mul,table,direct-strided,,1,15,,,,,,0,,,shared,linear,scalar,0,named-barrier,256,0,0,8,8,0,0,8,0,0,0,15,32768,8,1,32768,1000,100,0.319264,0.062659,0.273056,127676.099411,31.377678,4183690425.501692,0.000000,-1,,,,,,,,,,,,
structured-2x2-fp16-native-log8-temporal-r2-t128-b1,structured-2x2-fp16-native-log8-b1,full,butterfly,cuButterfly-temporal-r2-t128,0,1,1,-1,,native,16,16,16,0,broadcast,floating-fma,temporal-r2-t128,1,30,512,16,64,1.0,1,0.00078125,0.00078125,register+thread+warp,1024,0.00016276041666666666,0,Tesla V100-SXM2-16GB,7.0,structured-2x2,fp16,forward,none,out-of-place,0,,,,0.000000,,temporal-tile,radix2,four-mul,table,direct-strided,0.92387949999999996:-0.38268340000000001:0.38268340000000001:0.92387949999999996,1,8,,,,,,0,,,shared,linear,scalar,0,named-barrier,128,0,0,8,8,0,0,0,0,0,0,8,256,1,1,256,1000,100,0.013312,0.003144,0.019008,318098.529233,0.325733,81433223.483656,0.000000,-1,,,,,,,,,,,,
fft-fp16-fp32-log15-online-r4-t256-b1,fft-fp16-fp32-log15-b1,full,butterfly,cuButterfly-online-r4-t256,0,5,1,-1,,fp32,16,32,32,0,per-stage-twiddle,floating-complex,online-r4-t256,64,50,4096,4,32,0.5,64,0.2,0.2,register,262144,0.041666666666666664,0,Tesla V100-SXM2-16GB,7.0,fft,fp16,forward,none,out-of-place,0,,,,0.000000,,online-reorder,radix4,four-mul,table,direct-strided,,2,8x7,0x0,8x8,table,direct-strided,global-scratch,2,0x0,8x8,shared,linear,scalar,0,named-barrier,256,0,0,8,8,0,0,8,1,0,0,15,32768,1,1,32768,1000,100,0.034912,0.011366,0.044640,87978.604096,21.621622,2882882899.019458,0.000000,-1,,,,,,,,,,,,
structured-2x2-fp64-log15-hier-r4-t256-b5,structured-2x2-fp64-log15-b5,full,butterfly,cuButterfly-hier-r4-t256,0,2,5,-1,,native,64,64,64,0,broadcast,floating-fma,hier-r4-t256,64,48,8192,5,40,0.625,320,0.8,0.8,register,2621440,0.4166666666666667,0,Tesla V100-SXM2-16GB,7.0,structured-2x2,fp64,forward,none,out-of-place,0,,,,0.000000,,hierarchical,radix4,four-mul,table,direct-strided,0.92387949999999996:-0.38268340000000001:0.38268340000000001:0.92387949999999996,1,15,,,,,,0,,,shared,linear,scalar,0,named-barrier,256,0,0,8,8,0,0,8,0,0,0,15,32768,5,1,32768,1000,100,0.327904,0.025047,0.273920,199624.389837,49.059690,6541292006.186944,0.000000,-1,,,,,,,,,,,,
fft-fp16-fp32-log20-online-r2-t256-b2,fft-fp16-fp32-log20-b2,full,butterfly,cuButterfly-online-r2-t256,0,5,2,-1,,fp32,16,32,32,0,per-stage-twiddle,floating-complex,online-r2-t256,512,38,2048,6,48,0.75,1024,2.1333333333333333,1.0,register,16777216,2.6666666666666665,0,Tesla V100-SXM2-16GB,7.0,fft,fp16,forward,none,out-of-place,0,,,,0.000000,,online-reorder,radix2,four-mul,table,direct-strided,,2,10x10,0x0,8x8,table,direct-strided,global-scratch,2,0x0,8x8,shared,linear,scalar,0,named-barrier,256,0,0,8,8,0,0,10,1,0,0,20,1048576,2,1,1048576,1000,100,1.425056,0.269711,1.350592,7415.334256,77.755415,7775541532.725481,0.000000,-1,,,,,,,,,,,,
fft-fp32-log15-online-r2-t256-b9,fft-fp32-log15-b9,full,butterfly,cuButterfly-online-r2-t256,0,3,9,-1,,native,32,32,32,0,per-stage-twiddle,floating-complex,online-r2-t256,64,38,4096,6,48,0.75,576,1.2,1.0,register,4718592,0.75,0,Tesla V100-SXM2-16GB,7.0,fft,fp32,forward,none,out-of-place,0,,,,0.000000,,online-reorder,radix2,four-mul,table,direct-strided,,2,8x7,0x0,8x8,table,direct-strided,global-scratch,2,0x0,8x8,shared,linear,scalar,0,named-barrier,256,0,0,8,8,0,0,8,1,0,0,15,32768,9,1,32768,1000,100,0.526112,0.043540,0.409760,206704.208693,50.799626,6773283510.464237,0.000000,-1,,,,,,,,,,,,
structured-2x2-bf16-native-log15-online-r4-t256-b9,structured-2x2-bf16-native-log15-b9,full,butterfly,cuButterfly-online-r4-t256,0,2,9,-1,,native,16,32,16,1,broadcast,floating-fma,online-r4-t256,64,46,2048,5,40,0.625,576,1.44,1.0,register,1179648,0.1875,0,Tesla V100-SXM2-16GB,7.0,structured-2x2,bf16,forward,none,out-of-place,0,,,,0.000000,,online-reorder,radix4,four-mul,table,direct-strided,0.92387949999999996:-0.38268340000000001:0.38268340000000001:0.92387949999999996,2,8x7,0x0,8x8,table,direct-strided,global-scratch,2,0x0,8x8,shared,linear,scalar,0,named-barrier,256,0,0,8,8,0,0,8,1,0,0,15,32768,9,1,32768,1000,100,0.134976,0.048579,0.142048,185266.928968,45.531200,6070826728.430922,0.000000,-1,,,,,,,,,,,,
fft-bf16-native-log15-online-r2-t256-b8,fft-bf16-native-log15-b8,full,butterfly,cuButterfly-online-r2-t256,0,1,8,-1,,native,16,32,16,1,per-stage-twiddle,floating-complex,online-r2-t256,64,38,2048,6,48,0.75,512,1.0666666666666667,1.0,register,2097152,0.3333333333333333,0,Tesla V100-SXM2-16GB,7.0,fft,bf16,forward,none,out-of-place,0,,,,0.000000,,online-reorder,radix2,four-mul,table,direct-strided,,2,8x7,0x0,8x8,table,direct-strided,global-scratch,2,0x0,8x8,shared,linear,scalar,0,named-barrier,256,0,0,8,8,0,0,8,1,0,0,15,32768,8,1,32768,1000,100,0.325952,0.056627,0.270112,141274.857443,34.719709,4629294528.688291,0.000000,-1,,,,,,,,,,,,
fft-fp32-log15-online-r4-t256-b8,fft-fp32-log15-b8,full,butterfly,cuButterfly-online-r4-t256,0,5,8,-1,,native,32,32,32,0,per-stage-twiddle,floating-complex,online-r4-t256,64,50,8192,4,32,0.5,512,1.6,1.0,register,4194304,0.6666666666666666,0,Tesla V100-SXM2-16GB,7.0,fft,fp32,forward,none,out-of-place,0,,,,0.000000,,online-reorder,radix4,four-mul,table,direct-strided,,2,8x7,0x0,8x8,table,direct-strided,global-scratch,2,0x0,8x8,shared,linear,scalar,0,named-barrier,256,0,0,8,8,0,0,8,1,0,0,15,32768,8,1,32768,1000,100,0.490432,0.037335,0.394240,214275.907851,52.660447,7021392948.454352,0.000000,-1,,,,,,,,,,,,
fft-fp16-native-log8-temporal-r4-t128-b801,fft-fp16-native-log8-b801,full,butterfly,cuButterfly-temporal-r4-t128,0,2,801,-1,,native,16,16,16,0,per-stage-twiddle,floating-complex,temporal-r4-t128,1,42,1024,10,40,0.625,801,1.00125,1.0,register,1640448,0.2607421875,0,Tesla V100-SXM2-16GB,7.0,fft,fp16,forward,none,out-of-place,0,,,,0.000000,,temporal-tile,radix4,four-mul,table,direct-strided,,1,8,,,,,,0,,,shared,linear,scalar,0,named-barrier,128,0,0,8,8,0,0,0,0,0,0,8,256,801,1,256,1000,100,0.195488,0.004721,0.190976,169680385.804109,173.752715,43438178765.851967,0.000000,-1,,,,,,,,,,,,
fft-bf16-native-log20-online-r2-t256-b2,fft-bf16-native-log20-b2,full,butterfly,cuButterfly-online-r2-t256,0,4,2,-1,,native,16,32,16,1,per-stage-twiddle,floating-complex,online-r2-t256,512,38,2048,6,48,0.75,1024,2.1333333333333333,1.0,register,16777216,2.6666666666666665,0,Tesla V100-SXM2-16GB,7.0,fft,bf16,forward,none,out-of-place,0,,,,0.000000,,online-reorder,radix2,four-mul,table,direct-strided,,2,10x10,0x0,8x8,table,direct-strided,global-scratch,2,0x0,8x8,shared,linear,scalar,0,named-barrier,256,0,0,8,8,0,0,10,1,0,0,20,1048576,2,1,1048576,1000,100,1.415136,0.448860,1.375744,4455.730627,46.721722,4672172198.324070,0.000000,-1,,,,,,,,,,,,
fwht-fp16-native-log15-online-r2-t256-b1,fwht-fp16-native-log15-b1,full,butterfly,cuButterfly-online-r2-t256,0,4,1,-1,,native,16,16,16,0,implicit-sign,floating-add,online-r2-t256,64,36,1024,6,48,0.75,64,0.13333333333333333,0.13333333333333333,register,131072,0.020833333333333332,0,Tesla V100-SXM2-16GB,7.0,fwht,fp16,forward,none,out-of-place,0,,,,0.000000,,online-reorder,radix2,four-mul,table,direct-strided,,2,8x7,0x0,8x8,table,direct-strided,global-scratch,2,0x0,8x8,shared,linear,scalar,0,named-barrier,256,0,0,8,8,0,0,8,1,0,0,15,32768,1,1,32768,1000,100,0.033792,0.008284,0.031040,120712.300067,29.666255,3955500648.600361,0.000000,-1,,,,,,,,,,,,
structured-2x2-bf16-fp32-log20-online-r4-t256-b2,structured-2x2-bf16-fp32-log20-b2,full,butterfly,cuButterfly-online-r4-t256,0,5,2,-1,,fp32,16,32,32,0,broadcast,floating-fma,online-r4-t256,512,46,2048,5,40,0.625,1024,2.56,1.0,register,8388608,1.3333333333333333,0,Tesla V100-SXM2-16GB,7.0,structured-2x2,bf16,forward,none,out-of-place,0,,,,0.000000,,online-reorder,radix4,four-mul,table,direct-strided,0.92387949999999996:-0.38268340000000001:0.38268340000000001:0.92387949999999996,2,10x10,0x0,8x8,table,direct-strided,global-scratch,2,0x0,8x8,shared,linear,scalar,0,named-barrier,256,0,0,8,8,0,0,10,1,0,0,20,1048576,2,1,1048576,1000,100,0.747040,0.198943,0.718304,10053.144900,105.414865,10541486467.147936,0.000000,-1,,,,,,,,,,,,
structured-2x2-fp64-log20-online-r4-t256-b1,structured-2x2-fp64-log20-b1,full,butterfly,cuButterfly-online-r4-t256,0,5,1,-1,,native,64,64,64,0,broadcast,floating-fma,online-r4-t256,512,50,8192,4,32,0.5,512,1.6,1.0,register,16777216,2.6666666666666665,0,Tesla V100-SXM2-16GB,7.0,structured-2x2,fp64,forward,none,out-of-place,0,,,,0.000000,,online-reorder,radix4,four-mul,table,direct-strided,0.92387949999999996:-0.38268340000000001:0.38268340000000001:0.92387949999999996,2,10x10,0x0,8x8,table,direct-strided,global-scratch,2,0x0,8x8,shared,linear,scalar,0,named-barrier,256,0,0,8,8,0,0,10,1,0,0,20,1048576,1,1,1048576,1000,100,1.418144,0.107387,1.349312,9312.123922,97.644697,9764469653.377205,0.000000,-1,,,,,,,,,,,,
structured-2x2-bf16-fp32-log15-hier-r4-t256-b9,structured-2x2-bf16-fp32-log15-b9,full,butterfly,cuButterfly-hier-r4-t256,0,5,9,-1,,fp32,16,32,32,0,broadcast,floating-fma,hier-r4-t256,64,44,2048,5,40,0.625,576,1.44,1.0,register,1179648,0.1875,0,Tesla V100-SXM2-16GB,7.0,structured-2x2,bf16,forward,none,out-of-place,0,,,,0.000000,,hierarchical,radix4,four-mul,table,direct-strided,0.92387949999999996:-0.38268340000000001:0.38268340000000001:0.92387949999999996,1,15,,,,,,0,,,shared,linear,scalar,0,named-barrier,256,0,0,8,8,0,0,8,0,0,0,15,32768,9,1,32768,1000,100,0.135776,0.031519,0.141344,285544.589824,70.175438,9356725119.365654,0.000000,-1,,,,,,,,,,,,
fwht-fp16-fp32-log15-online-r2-t256-b9,fwht-fp16-fp32-log15-b9,full,butterfly,cuButterfly-online-r2-t256,0,2,9,-1,,fp32,16,32,32,0,implicit-sign,floating-add,online-r2-t256,64,36,1024,6,48,0.75,576,1.2,1.0,register,1179648,0.1875,0,Tesla V100-SXM2-16GB,7.0,fwht,fp16,forward,none,out-of-place,0,,,,0.000000,,online-reorder,radix2,four-mul,table,direct-strided,,2,8x7,0x0,8x8,table,direct-strided,global-scratch,2,0x0,8x8,shared,linear,scalar,0,named-barrier,256,0,0,8,8,0,0,8,1,0,0,15,32768,9,1,32768,1000,100,0.138656,0.029276,0.156224,307417.380276,75.550895,10073452716.882143,0.000000,-1,,,,,,,,,,,,
structured-2x2-fp16-native-log8-temporal-r2-t128-b1,structured-2x2-fp16-native-log8-b1,full,butterfly,cuButterfly-temporal-r2-t128,0,4,1,-1,,native,16,16,16,0,broadcast,floating-fma,temporal-r2-t128,1,30,512,16,64,1.0,1,0.00078125,0.00078125,register+thread+warp,1024,0.00016276041666666666,0,Tesla V100-SXM2-16GB,7.0,structured-2x2,fp16,forward,none,out-of-place,0,,,,0.000000,,temporal-tile,radix2,four-mul,table,direct-strided,0.92387949999999996:-0.38268340000000001:0.38268340000000001:0.92387949999999996,1,8,,,,,,0,,,shared,linear,scalar,0,named-barrier,128,0,0,8,8,0,0,0,0,0,0,8,256,1,1,256,1000,100,0.006144,0.003113,0.017568,321237.673934,0.328947,82236844.527187,0.000000,-1,,,,,,,,,,,,
structured-2x2-bf16-fp32-log15-hier-r4-t256-b9,structured-2x2-bf16-fp32-log15-b9,full,butterfly,cuButterfly-hier-r4-t256,0,4,9,-1,,fp32,16,32,32,0,broadcast,floating-fma,hier-r4-t256,64,44,2048,5,40,0.625,576,1.44,1.0,register,1179648,0.1875,0,Tesla V100-SXM2-16GB,7.0,structured-2x2,bf16,forward,none,out-of-place,0,,,,0.000000,,hierarchical,radix4,four-mul,table,direct-strided,0.92387949999999996:-0.38268340000000001:0.38268340000000001:0.92387949999999996,1,15,,,,,,0,,,shared,linear,scalar,0,named-barrier,256,0,0,8,8,0,0,8,0,0,0,15,32768,9,1,32768,1000,100,0.135968,0.031529,0.140896,285451.842981,70.152645,9353685990.789379,0.000000,-1,,,,,,,,,,,,
subset-zeta-uint32-zeta-log8-temporal-r2-t128-b1279,subset-zeta-uint32-zeta-log8-b1279,full,butterfly,cuButterfly-temporal-r2-t128,0,2,1279,-1,,native,32,32,32,0,implicit-unit,integer-add,temporal-r2-t128,1,30,1024,16,64,1.0,1279,0.99921875,0.99921875,register+thread+warp,2619392,0.4163411458333333,0,Tesla V100-SXM2-16GB,7.0,subset-zeta,uint32,forward,none,out-of-place,0,,,,0.000000,,temporal-tile,radix2,four-mul,table,direct-strided,,1,8,,,,,,0,,,shared,linear,scalar,0,named-barrier,128,0,0,8,8,0,0,0,0,0,0,8,256,1279,1,256,1000,100,0.311744,0.005253,0.256800,243474360.784502,249.317745,62329436360.832550,0.000000,-1,,,,,,,,,,,,
fft-fp32-log15-hier-r4-t256-b7,fft-fp32-log15-b7,full,butterfly,cuButterfly-hier-r4-t256,0,5,7,-1,,native,32,32,32,0,per-stage-twiddle,floating-complex,hier-r4-t256,64,48,8192,5,40,0.625,448,1.12,1.0,register,3670016,0.5833333333333334,0,Tesla V100-SXM2-16GB,7.0,fft,fp32,forward,none,out-of-place,0,,,,0.000000,,hierarchical,radix4,four-mul,table,direct-strided,,1,15,,,,,,0,,,shared,linear,scalar,0,named-barrier,256,0,0,8,8,0,0,8,0,0,0,15,32768,7,1,32768,1000,100,0.481056,0.033618,0.354048,208222.274181,51.172706,6823027480.364113,0.000000,-1,,,,,,,,,,,,
fwht-fp32-log8-temporal-r4-t128-b960,fwht-fp32-log8-b960,full,butterfly,cuButterfly-temporal-r4-t128,0,2,960,-1,,native,32,32,32,0,implicit-sign,floating-add,temporal-r4-t128,1,38,1024,12,48,0.75,960,1.0,1.0,register,1966080,0.3125,0,Tesla V100-SXM2-16GB,7.0,fwht,fp32,forward,none,out-of-place,0,,,,0.000000,,temporal-tile,radix4,four-mul,table,direct-strided,,1,8,,,,,,0,,,shared,linear,scalar,0,named-barrier,128,0,0,8,8,0,0,0,0,0,0,8,256,960,1,256,1000,100,0.270496,0.004209,0.237824,228102204.427204,233.576657,58394164333.364128,0.000000,-1,,,,,,,,,,,,
fwht-bf16-native-log8-temporal-r4-t128-b1281,fwht-bf16-native-log8-b1281,full,butterfly,cuButterfly-temporal-r4-t128,0,5,1281,-1,,native,16,32,16,1,implicit-sign,floating-add,temporal-r4-t128,1,38,512,12,48,0.75,1281,1.334375,1.0,register,1311744,0.20849609375,0,Tesla V100-SXM2-16GB,7.0,fwht,bf16,forward,none,out-of-place,0,,,,0.000000,,temporal-tile,radix4,four-mul,table,direct-strided,,1,8,,,,,,0,,,shared,linear,scalar,0,named-barrier,128,0,0,8,8,0,0,0,0,0,0,8,256,1281,1,256,1000,100,0.187264,0.008090,0.166176,158351461.044961,162.151896,40537974027.510025,0.000000,-1,,,,,,,,,,,,
fft-fp16-native-log15-online-r4-t256-b1,fft-fp16-native-log15-b1,full,butterfly,cuButterfly-online-r4-t256,0,4,1,-1,,native,16,16,16,0,per-stage-twiddle,floating-complex,online-r4-t256,64,50,4096,4,32,0.5,64,0.2,0.2,register,262144,0.041666666666666664,0,Tesla V100-SXM2-16GB,7.0,fft,fp16,forward,none,out-of-place,0,,,,0.000000,,online-reorder,radix4,four-mul,table,direct-strided,,2,8x7,0x0,8x8,table,direct-strided,global-scratch,2,0x0,8x8,shared,linear,scalar,0,named-barrier,256,0,0,8,8,0,0,8,1,0,0,15,32768,1,1,32768,1000,100,0.037120,0.010138,0.055968,98642.677810,24.242424,3232323266.466976,0.000000,-1,,,,,,,,,,,,
fft-fp64-log20-online-r2-t256-b2,fft-fp64-log20-b2,full,butterfly,cuButterfly-online-r2-t256,0,1,2,-1,,native,64,64,64,0,per-stage-twiddle,floating-complex,online-r2-t256,512,42,8192,5,40,0.625,1024,2.56,1.0,register,67108864,10.666666666666666,0,Tesla V100-SXM2-16GB,7.0,fft,fp64,forward,none,out-of-place,0,,,,0.000000,,online-reorder,radix2,four-mul,table,direct-strided,,2,10x10,0x0,8x8,table,direct-strided,global-scratch,2,0x0,8x8,shared,linear,scalar,0,named-barrier,256,0,0,8,8,0,0,10,1,0,0,20,1048576,2,1,1048576,1000,100,5.462272,0.586332,5.134432,3411.035922,35.767304,3576730403.323526,0.000000,-1,,,,,,,,,,,,
fwht-fp16-fp32-log8-temporal-r2-t128-b960,fwht-fp16-fp32-log8-b960,full,butterfly,cuButterfly-temporal-r2-t128,0,3,960,-1,,fp32,16,32,32,0,implicit-sign,floating-add,temporal-r2-t128,1,30,512,16,64,1.0,960,0.75,0.75,register+thread+warp,983040,0.15625,0,Tesla V100-SXM2-16GB,7.0,fwht,fp16,forward,none,out-of-place,0,,,,0.000000,,temporal-tile,radix2,four-mul,table,direct-strided,,1,8,,,,,,0,,,shared,linear,scalar,0,named-barrier,128,0,0,8,8,0,0,0,0,0,0,8,256,960,1,256,1000,100,0.143648,0.004833,0.131072,198622876.881975,203.389826,50847456481.785538,0.000000,-1,,,,,,,,,,,,
fwht-fp32-log8-temporal-r4-t128-b1,fwht-fp32-log8-b1,full,butterfly,cuButterfly-temporal-r4-t128,0,1,1,-1,,native,32,32,32,0,implicit-sign,floating-add,temporal-r4-t128,1,38,1024,12,48,0.75,1,0.0010416666666666667,0.0010416666666666667,register,2048,0.0003255208333333333,0,Tesla V100-SXM2-16GB,7.0,fwht,fp32,forward,none,out-of-place,0,,,,0.000000,,temporal-tile,radix4,four-mul,table,direct-strided,,1,8,,,,,,0,,,shared,linear,scalar,0,named-barrier,128,0,0,8,8,0,0,0,0,0,0,8,256,1,1,256,1000,100,0.008192,0.002488,0.018720,401877.572843,0.411523,102880658.647830,0.000000,-1,,,,,,,,,,,,
fft-fp16-fp32-log8-temporal-r2-t128-b800,fft-fp16-fp32-log8-b800,full,butterfly,cuButterfly-temporal-r2-t128,0,2,800,-1,,fp32,16,32,32,0,per-stage-twiddle,floating-complex,temporal-r2-t128,1,32,1024,16,64,1.0,800,0.625,0.625,register+thread+warp,1638400,0.2604166666666667,0,Tesla V100-SXM2-16GB,7.0,fft,fp16,forward,none,out-of-place,0,,,,0.000000,,temporal-tile,radix2,four-mul,table,direct-strided,,1,8,,,,,,0,,,shared,linear,scalar,0,named-barrier,128,0,0,8,8,0,0,0,0,0,0,8,256,800,1,256,1000,100,0.193728,0.006400,0.201568,125000003.157766,128.000003,32000000808.388016,0.000000,-1,,,,,,,,,,,,
fft-fp16-native-log15-online-r2-t256-b5,fft-fp16-native-log15-b5,full,butterfly,cuButterfly-online-r2-t256,0,3,5,-1,,native,16,16,16,0,per-stage-twiddle,floating-complex,online-r2-t256,64,38,2048,6,48,0.75,320,0.6666666666666666,0.6666666666666666,register,1310720,0.20833333333333334,0,Tesla V100-SXM2-16GB,7.0,fft,fp16,forward,none,out-of-place,0,,,,0.000000,,online-reorder,radix2,four-mul,table,direct-strided,,2,8x7,0x0,8x8,table,direct-strided,global-scratch,2,0x0,8x8,shared,linear,scalar,0,named-barrier,256,0,0,8,8,0,0,8,1,0,0,15,32768,5,1,32768,1000,100,0.193696,0.024893,0.165568,200856.141723,49.362405,6581654051.994068,0.000000,-1,,,,,,,,,,,,
fft-fp32-log15-hier-r4-t256-b9,fft-fp32-log15-b9,full,butterfly,cuButterfly-hier-r4-t256,0,3,9,-1,,native,32,32,32,0,per-stage-twiddle,floating-complex,hier-r4-t256,64,48,8192,5,40,0.625,576,1.44,1.0,register,4718592,0.75,0,Tesla V100-SXM2-16GB,7.0,fft,fp32,forward,none,out-of-place,0,,,,0.000000,,hierarchical,radix4,four-mul,table,direct-strided,,1,15,,,,,,0,,,shared,linear,scalar,0,named-barrier,256,0,0,8,8,0,0,8,0,0,0,15,32768,9,1,32768,1000,100,0.552704,0.042424,0.420736,212142.463352,52.136132,6951484239.102397,0.000000,-1,,,,,,,,,,,,
fft-fp16-fp32-log15-hier-r4-t256-b7,fft-fp16-fp32-log15-b7,full,butterfly,cuButterfly-hier-r4-t256,0,3,7,-1,,fp32,16,32,32,0,per-stage-twiddle,floating-complex,hier-r4-t256,64,48,4096,5,40,0.625,448,1.12,1.0,register,1835008,0.2916666666666667,0,Tesla V100-SXM2-16GB,7.0,fft,fp16,forward,none,out-of-place,0,,,,0.000000,,hierarchical,radix4,four-mul,table,direct-strided,,1,15,,,,,,0,,,shared,linear,scalar,0,named-barrier,256,0,0,8,8,0,0,8,0,0,0,15,32768,7,1,32768,1000,100,0.287168,0.030474,0.210272,229702.201240,56.451613,7526881730.232502,0.000000,-1,,,,,,,,,,,,
fft-bf16-fp32-log15-online-r4-t256-b6,fft-bf16-fp32-log15-b6,full,butterfly,cuButterfly-online-r4-t256,0,3,6,-1,,fp32,16,32,32,0,per-stage-twiddle,floating-complex,online-r4-t256,64,50,4096,4,32,0.5,384,1.2,1.0,register,1572864,0.25,0,Tesla V100-SXM2-16GB,7.0,fft,bf16,forward,none,out-of-place,0,,,,0.000000,,online-reorder,radix4,four-mul,table,direct-strided,,2,8x7,0x0,8x8,table,direct-strided,global-scratch,2,0x0,8x8,shared,linear,scalar,0,named-barrier,256,0,0,8,8,0,0,8,1,0,0,15,32768,6,1,32768,1000,100,0.243296,0.038584,0.214496,155503.575801,38.216559,5095541171.843127,0.000000,-1,,,,,,,,,,,,
fft-fp16-native-log8-temporal-r2-t128-b799,fft-fp16-native-log8-b799,full,butterfly,cuButterfly-temporal-r2-t128,0,4,799,-1,,native,16,16,16,0,per-stage-twiddle,floating-complex,temporal-r2-t128,1,32,1024,16,64,1.0,799,0.62421875,0.62421875,register+thread+warp,1636352,0.2600911458333333,0,Tesla V100-SXM2-16GB,7.0,fft,fp16,forward,none,out-of-place,0,,,,0.000000,,temporal-tile,radix2,four-mul,table,direct-strided,,1,8,,,,,,0,,,shared,linear,scalar,0,named-barrier,128,0,0,8,8,0,0,0,0,0,0,8,256,799,1,256,1000,100,0.189824,0.005437,0.213280,146944143.732357,150.470803,37617700795.483421,0.000000,-1,,,,,,,,,,,,
fft-fp16-native-log15-online-r4-t256-b1,fft-fp16-native-log15-b1,full,butterfly,cuButterfly-online-r4-t256,0,1,1,-1,,native,16,16,16,0,per-stage-twiddle,floating-complex,online-r4-t256,64,50,4096,4,32,0.5,64,0.2,0.2,register,262144,0.041666666666666664,0,Tesla V100-SXM2-16GB,7.0,fft,fp16,forward,none,out-of-place,0,,,,0.000000,,online-reorder,radix4,four-mul,table,direct-strided,,2,8x7,0x0,8x8,table,direct-strided,global-scratch,2,0x0,8x8,shared,linear,scalar,0,named-barrier,256,0,0,8,8,0,0,8,1,0,0,15,32768,1,1,32768,1000,100,0.034912,0.010117,0.051424,98842.366329,24.291500,3238866659.857607,0.000000,-1,,,,,,,,,,,,
structured-2x2-fp64-log15-hier-r4-t256-b4,structured-2x2-fp64-log15-b4,full,butterfly,cuButterfly-hier-r4-t256,0,2,4,-1,,native,64,64,64,0,broadcast,floating-fma,hier-r4-t256,64,48,8192,5,40,0.625,256,0.64,0.64,register,2097152,0.3333333333333333,0,Tesla V100-SXM2-16GB,7.0,structured-2x2,fp64,forward,none,out-of-place,0,,,,0.000000,,hierarchical,radix4,four-mul,table,direct-strided,0.92387949999999996:-0.38268340000000001:0.38268340000000001:0.92387949999999996,1,15,,,,,,0,,,shared,linear,scalar,0,named-barrier,256,0,0,8,8,0,0,8,0,0,0,15,32768,4,1,32768,1000,100,0.256896,0.023921,0.296544,167219.603722,41.095890,5479451974.760900,0.000000,-1,,,,,,,,,,,,
fwht-fp16-native-log8-temporal-r4-t128-b1,fwht-fp16-native-log8-b1,full,butterfly,cuButterfly-temporal-r4-t128,0,1,1,-1,,native,16,16,16,0,implicit-sign,floating-add,temporal-r4-t128,1,38,512,12,48,0.75,1,0.0010416666666666667,0.0010416666666666667,register,1024,0.00016276041666666666,0,Tesla V100-SXM2-16GB,7.0,fwht,fp16,forward,none,out-of-place,0,,,,0.000000,,temporal-tile,radix4,four-mul,table,direct-strided,,1,8,,,,,,0,,,shared,linear,scalar,0,named-barrier,128,0,0,8,8,0,0,0,0,0,0,8,256,1,1,256,1000,100,0.009216,0.002509,0.019008,398596.937007,0.408163,102040815.873912,0.000000,-1,,,,,,,,,,,,
structured-2x2-fp16-native-log15-online-r2-t256-b7,structured-2x2-fp16-native-log15-b7,full,butterfly,cuButterfly-online-r2-t256,0,2,7,-1,,native,16,16,16,0,broadcast,floating-fma,online-r2-t256,64,36,1024,6,48,0.75,448,0.9333333333333333,0.9333333333333333,register,917504,0.14583333333333334,0,Tesla V100-SXM2-16GB,7.0,structured-2x2,fp16,forward,none,out-of-place,0,,,,0.000000,,online-reorder,radix2,four-mul,table,direct-strided,0.92387949999999996:-0.38268340000000001:0.38268340000000001:0.92387949999999996,2,8x7,0x0,8x8,table,direct-strided,global-scratch,2,0x0,8x8,shared,linear,scalar,0,named-barrier,256,0,0,8,8,0,0,8,1,0,0,15,32768,7,1,32768,1000,100,0.105856,0.026778,0.122624,261412.533596,64.244744,8565965900.862500,0.000000,-1,,,,,,,,,,,,
fwht-fp64-log15-online-r4-t256-b6,fwht-fp64-log15-b6,full,butterfly,cuButterfly-online-r4-t256,0,1,6,-1,,native,64,64,64,0,implicit-sign,floating-add,online-r4-t256,64,50,8192,4,32,0.5,384,1.2,1.0,register,3145728,0.5,0,Tesla V100-SXM2-16GB,7.0,fwht,fp64,forward,none,out-of-place,0,,,,0.000000,,online-reorder,radix4,four-mul,table,direct-strided,,2,8x7,0x0,8x8,table,direct-strided,global-scratch,2,0x0,8x8,shared,linear,scalar,0,named-barrier,256,0,0,8,8,0,0,8,1,0,0,15,32768,6,1,32768,1000,100,0.368192,0.020920,0.312672,286802.503421,70.484583,9397944432.097872,0.000000,-1,,,,,,,,,,,,
fwht-bf16-fp32-log20-online-r4-t256-b1,fwht-bf16-fp32-log20-b1,full,butterfly,cuButterfly-online-r4-t256,0,4,1,-1,,fp32,16,32,32,0,implicit-sign,floating-add,online-r4-t256,512,46,2048,5,40,0.625,512,1.28,1.0,register,4194304,0.6666666666666666,0,Tesla V100-SXM2-16GB,7.0,fwht,bf16,forward,none,out-of-place,0,,,,0.000000,,online-reorder,radix4,four-mul,table,direct-strided,,2,10x10,0x0,8x8,table,direct-strided,global-scratch,2,0x0,8x8,shared,linear,scalar,0,named-barrier,256,0,0,8,8,0,0,10,1,0,0,20,1048576,1,1,1048576,1000,100,0.428096,0.108616,0.398720,9206.773699,96.540019,9654001938.197096,0.000000,-1,,,,,,,,,,,,
fwht-bf16-fp32-log8-temporal-r2-t128-b1280,fwht-bf16-fp32-log8-b1280,full,butterfly,cuButterfly-temporal-r2-t128,0,1,1280,-1,,fp32,16,32,32,0,implicit-sign,floating-add,temporal-r2-t128,1,30,512,16,64,1.0,1280,1.0,1.0,register+thread+warp,1310720,0.20833333333333334,0,Tesla V100-SXM2-16GB,7.0,fwht,bf16,forward,none,out-of-place,0,,,,0.000000,,temporal-tile,radix2,four-mul,table,direct-strided,,1,8,,,,,,0,,,shared,linear,scalar,0,named-barrier,128,0,0,8,8,0,0,0,0,0,0,8,256,1280,1,256,1000,100,0.177056,0.009021,0.180896,141884214.282308,145.289435,36322358856.270729,0.000000,-1,,,,,,,,,,,,
fwht-fp64-log15-hier-r4-t256-b6,fwht-fp64-log15-b6,full,butterfly,cuButterfly-hier-r4-t256,0,1,6,-1,,native,64,64,64,0,implicit-sign,floating-add,hier-r4-t256,64,48,8192,5,40,0.625,384,0.96,0.96,register,3145728,0.5,0,Tesla V100-SXM2-16GB,7.0,fwht,fp64,forward,none,out-of-place,0,,,,0.000000,,hierarchical,radix4,four-mul,table,direct-strided,,1,15,,,,,,0,,,shared,linear,scalar,0,named-barrier,256,0,0,8,8,0,0,8,0,0,0,15,32768,6,1,32768,1000,100,0.358144,0.027249,0.282528,220194.478885,54.114995,7215332684.109005,0.000000,-1,,,,,,,,,,,,
fft-bf16-fp32-log15-hier-r4-t256-b7,fft-bf16-fp32-log15-b7,full,butterfly,cuButterfly-hier-r4-t256,0,5,7,-1,,fp32,16,32,32,0,per-stage-twiddle,floating-complex,hier-r4-t256,64,48,4096,5,40,0.625,448,1.12,1.0,register,1835008,0.2916666666666667,0,Tesla V100-SXM2-16GB,7.0,fft,bf16,forward,none,out-of-place,0,,,,0.000000,,hierarchical,radix4,four-mul,table,direct-strided,,1,15,,,,,,0,,,shared,linear,scalar,0,named-barrier,256,0,0,8,8,0,0,8,0,0,0,15,32768,7,1,32768,1000,100,0.280864,0.044872,0.218624,156000.410788,38.338661,5111821460.693928,0.000000,-1,,,,,,,,,,,,
fft-fp16-fp32-log15-online-r4-t256-b1,fft-fp16-fp32-log15-b1,full,butterfly,cuButterfly-online-r4-t256,0,1,1,-1,,fp32,16,32,32,0,per-stage-twiddle,floating-complex,online-r4-t256,64,50,4096,4,32,0.5,64,0.2,0.2,register,262144,0.041666666666666664,0,Tesla V100-SXM2-16GB,7.0,fft,fp16,forward,none,out-of-place,0,,,,0.000000,,online-reorder,radix4,four-mul,table,direct-strided,,2,8x7,0x0,8x8,table,direct-strided,global-scratch,2,0x0,8x8,shared,linear,scalar,0,named-barrier,256,0,0,8,8,0,0,8,1,0,0,15,32768,1,1,32768,1000,100,0.034944,0.011930,0.045856,83825.103786,20.600858,2746781000.854145,0.000000,-1,,,,,,,,,,,,
ntt-uint64-ntt-log15-ntt-hybrid-r2-t256-b320,ntt-uint64-ntt-log15-b320,full,ntt,cuButterfly-ntt-hybrid-r2-t256,0,3,320,-1,,native,64,64,64,0,per-stage-root,modular-multiply-reduce,ntt-hybrid-r2-t256,1,52,4096,4,32,0.5,320,1.0,1.0,register,167772160,26.666666666666668,0,Tesla V100-SXM2-16GB,7.0,ntt,uint64,forward,,,0,,,,0.000000,,hybrid2d,radix2,,fused,,,,,,,,,,,,,,,,0,named-barrier,,,,,,,,,,,,15,32768,320,1,32768,1000,100,13.560288,0.681861,25.147968,,,,,-1,natural,64,1152921504606748673,60,7,4,256,0,469303.790448,8123.865012,15378146605.384340,shoup
structured-2x2-fp16-native-log15-online-r4-t256-b8,structured-2x2-fp16-native-log15-b8,full,butterfly,cuButterfly-online-r4-t256,0,2,8,-1,,native,16,16,16,0,broadcast,floating-fma,online-r4-t256,64,46,2048,5,40,0.625,512,1.28,1.0,register,1048576,0.16666666666666666,0,Tesla V100-SXM2-16GB,7.0,structured-2x2,fp16,forward,none,out-of-place,0,,,,0.000000,,online-reorder,radix4,four-mul,table,direct-strided,0.92387949999999996:-0.38268340000000001:0.38268340000000001:0.92387949999999996,2,8x7,0x0,8x8,table,direct-strided,global-scratch,2,0x0,8x8,shared,linear,scalar,0,named-barrier,256,0,0,8,8,0,0,8,1,0,0,15,32768,8,1,32768,1000,100,0.126304,0.028867,0.133952,277137.271879,68.109256,9081234124.919205,0.000000,-1,,,,,,,,,,,,
fwht-bf16-native-log15-online-r4-t256-b1,fwht-bf16-native-log15-b1,full,butterfly,cuButterfly-online-r4-t256,0,2,1,-1,,native,16,32,16,1,implicit-sign,floating-add,online-r4-t256,64,46,2048,5,40,0.625,64,0.16,0.16,register,131072,0.020833333333333332,0,Tesla V100-SXM2-16GB,7.0,fwht,bf16,forward,none,out-of-place,0,,,,0.000000,,online-reorder,radix4,four-mul,table,direct-strided,,2,8x7,0x0,8x8,table,direct-strided,global-scratch,2,0x0,8x8,shared,linear,scalar,0,named-barrier,256,0,0,8,8,0,0,8,1,0,0,15,32768,1,1,32768,1000,100,0.033792,0.009933,0.034176,100676.544404,24.742268,3298969007.030769,0.000000,-1,,,,,,,,,,,,
structured-2x2-bf16-native-log8-temporal-r2-t128-b959,structured-2x2-bf16-native-log8-b959,full,butterfly,cuButterfly-temporal-r2-t128,0,5,959,-1,,native,16,32,16,1,broadcast,floating-fma,temporal-r2-t128,1,30,512,16,64,1.0,959,0.74921875,0.74921875,register+thread+warp,982016,0.15608723958333334,0,Tesla V100-SXM2-16GB,7.0,structured-2x2,bf16,forward,none,out-of-place,0,,,,0.000000,,temporal-tile,radix2,four-mul,table,direct-strided,0.92387949999999996:-0.38268340000000001:0.38268340000000001:0.92387949999999996,1,8,,,,,,0,,,shared,linear,scalar,0,named-barrier,128,0,0,8,8,0,0,0,0,0,0,8,256,959,1,256,1000,100,0.113472,0.014408,0.133312,66561720.927860,68.159202,17039800557.532261,0.000000,-1,,,,,,,,,,,,
fft-fp16-native-log15-online-r4-t256-b4,fft-fp16-native-log15-b4,full,butterfly,cuButterfly-online-r4-t256,0,2,4,-1,,native,16,16,16,0,per-stage-twiddle,floating-complex,online-r4-t256,64,50,4096,4,32,0.5,256,0.8,0.8,register,1048576,0.16666666666666666,0,Tesla V100-SXM2-16GB,7.0,fft,fp16,forward,none,out-of-place,0,,,,0.000000,,online-reorder,radix4,four-mul,table,direct-strided,,2,8x7,0x0,8x8,table,direct-strided,global-scratch,2,0x0,8x8,shared,linear,scalar,0,named-barrier,256,0,0,8,8,0,0,8,1,0,0,15,32768,4,1,32768,1000,100,0.138176,0.020920,0.141568,191201.668947,46.989722,6265296288.065248,0.000000,-1,,,,,,,,,,,,
fft-bf16-fp32-log15-online-r2-t256-b7,fft-bf16-fp32-log15-b7,full,butterfly,cuButterfly-online-r2-t256,0,3,7,-1,,fp32,16,32,32,0,per-stage-twiddle,floating-complex,online-r2-t256,64,38,2048,6,48,0.75,448,0.9333333333333333,0.9333333333333333,register,1835008,0.2916666666666667,0,Tesla V100-SXM2-16GB,7.0,fft,bf16,forward,none,out-of-place,0,,,,0.000000,,online-reorder,radix2,four-mul,table,direct-strided,,2,8x7,0x0,8x8,table,direct-strided,global-scratch,2,0x0,8x8,shared,linear,scalar,0,named-barrier,256,0,0,8,8,0,0,8,1,0,0,15,32768,7,1,32768,1000,100,0.277824,0.042732,0.211296,163813.504286,40.258807,5367840908.427286,0.000000,-1,,,,,,,,,,,,
fwht-fp16-native-log15-online-r4-t256-b6,fwht-fp16-native-log15-b6,full,butterfly,cuButterfly-online-r4-t256,0,1,6,-1,,native,16,16,16,0,implicit-sign,floating-add,online-r4-t256,64,46,2048,5,40,0.625,384,0.96,0.96,register,786432,0.125,0,Tesla V100-SXM2-16GB,7.0,fwht,fp16,forward,none,out-of-place,0,,,,0.000000,,online-reorder,radix4,four-mul,table,direct-strided,,2,8x7,0x0,8x8,table,direct-strided,global-scratch,2,0x0,8x8,shared,linear,scalar,0,named-barrier,256,0,0,8,8,0,0,8,1,0,0,15,32768,6,1,32768,1000,100,0.094560,0.021801,0.105696,275217.244669,67.637390,9018318673.323252,0.000000,-1,,,,,,,,,,,,
fft-bf16-native-log20-online-r2-t256-b2,fft-bf16-native-log20-b2,full,butterfly,cuButterfly-online-r2-t256,0,1,2,-1,,native,16,32,16,1,per-stage-twiddle,floating-complex,online-r2-t256,512,38,2048,6,48,0.75,1024,2.1333333333333333,1.0,register,16777216,2.6666666666666665,0,Tesla V100-SXM2-16GB,7.0,fft,bf16,forward,none,out-of-place,0,,,,0.000000,,online-reorder,radix2,four-mul,table,direct-strided,,2,10x10,0x0,8x8,table,direct-strided,global-scratch,2,0x0,8x8,shared,linear,scalar,0,named-barrier,256,0,0,8,8,0,0,10,1,0,0,20,1048576,2,1,1048576,1000,100,1.416064,0.444406,1.367936,4500.391972,47.190030,4719003012.360561,0.000000,-1,,,,,,,,,,,,
structured-2x2-fp16-native-log15-online-r2-t256-b8,structured-2x2-fp16-native-log15-b8,full,butterfly,cuButterfly-online-r2-t256,0,1,8,-1,,native,16,16,16,0,broadcast,floating-fma,online-r2-t256,64,36,1024,6,48,0.75,512,1.0666666666666667,1.0,register,1048576,0.16666666666666666,0,Tesla V100-SXM2-16GB,7.0,structured-2x2,fp16,forward,none,out-of-place,0,,,,0.000000,,online-reorder,radix2,four-mul,table,direct-strided,0.92387949999999996:-0.38268340000000001:0.38268340000000001:0.92387949999999996,2,8x7,0x0,8x8,table,direct-strided,global-scratch,2,0x0,8x8,shared,linear,scalar,0,named-barrier,256,0,0,8,8,0,0,8,1,0,0,15,32768,8,1,32768,1000,100,0.119904,0.029256,0.125856,273451.165643,67.203358,8960447795.790335,0.000000,-1,,,,,,,,,,,,
fwht-bf16-native-log8-temporal-r2-t128-b959,fwht-bf16-native-log8-b959,full,butterfly,cuButterfly-temporal-r2-t128,0,5,959,-1,,native,16,32,16,1,implicit-sign,floating-add,temporal-r2-t128,1,30,512,16,64,1.0,959,0.74921875,0.74921875,register+thread+warp,982016,0.15608723958333334,0,Tesla V100-SXM2-16GB,7.0,fwht,bf16,forward,none,out-of-place,0,,,,0.000000,,temporal-tile,radix2,four-mul,table,direct-strided,,1,8,,,,,,0,,,shared,linear,scalar,0,named-barrier,128,0,0,8,8,0,0,0,0,0,0,8,256,959,1,256,1000,100,0.137248,0.007086,0.119488,135335765.121139,138.583823,34645955871.011566,0.000000,-1,,,,,,,,,,,,
fft-fp16-fp32-log15-hier-r4-t256-b1,fft-fp16-fp32-log15-b1,full,butterfly,cuButterfly-hier-r4-t256,0,4,1,-1,,fp32,16,32,32,0,per-stage-twiddle,floating-complex,hier-r4-t256,64,48,4096,5,40,0.625,64,0.16,0.16,register,262144,0.041666666666666664,0,Tesla V100-SXM2-16GB,7.0,fft,fp16,forward,none,out-of-place,0,,,,0.000000,,hierarchical,radix4,four-mul,table,direct-strided,,1,15,,,,,,0,,,shared,linear,scalar,0,named-barrier,256,0,0,8,8,0,0,8,0,0,0,15,32768,1,1,32768,1000,100,0.037024,0.020244,0.048416,49396.183085,12.139606,1618614127.320799,0.000000,-1,,,,,,,,,,,,
fft-fp16-fp32-log8-temporal-r2-t128-b799,fft-fp16-fp32-log8-b799,full,butterfly,cuButterfly-temporal-r2-t128,0,2,799,-1,,fp32,16,32,32,0,per-stage-twiddle,floating-complex,temporal-r2-t128,1,32,1024,16,64,1.0,799,0.62421875,0.62421875,register+thread+warp,1636352,0.2600911458333333,0,Tesla V100-SXM2-16GB,7.0,fft,fp16,forward,none,out-of-place,0,,,,0.000000,,temporal-tile,radix2,four-mul,table,direct-strided,,1,8,,,,,,0,,,shared,linear,scalar,0,named-barrier,128,0,0,8,8,0,0,0,0,0,0,8,256,799,1,256,1000,100,0.191040,0.006369,0.190304,125445887.059039,128.456588,32114147087.113873,0.000000,-1,,,,,,,,,,,,
structured-2x2-fp64-log15-hier-r4-t256-b5,structured-2x2-fp64-log15-b5,full,butterfly,cuButterfly-hier-r4-t256,0,5,5,-1,,native,64,64,64,0,broadcast,floating-fma,hier-r4-t256,64,48,8192,5,40,0.625,320,0.8,0.8,register,2621440,0.4166666666666667,0,Tesla V100-SXM2-16GB,7.0,structured-2x2,fp64,forward,none,out-of-place,0,,,,0.000000,,hierarchical,radix4,four-mul,table,direct-strided,0.92387949999999996:-0.38268340000000001:0.38268340000000001:0.92387949999999996,1,15,,,,,,0,,,shared,linear,scalar,0,named-barrier,256,0,0,8,8,0,0,8,0,0,0,15,32768,5,1,32768,1000,100,0.319232,0.024986,0.252896,200115.264288,49.180327,6557376980.188373,0.000000,-1,,,,,,,,,,,,
fft-fp64-log8-temporal-r2-t128-b1,fft-fp64-log8-b1,full,butterfly,cuButterfly-temporal-r2-t128,0,4,1,-1,,native,64,64,64,0,per-stage-twiddle,floating-complex,temporal-r2-t128,1,36,4096,12,48,0.75,1,0.0010416666666666667,0.0010416666666666667,register,8192,0.0013020833333333333,0,Tesla V100-SXM2-16GB,7.0,fft,fp64,forward,none,out-of-place,0,,,,0.000000,,temporal-tile,radix2,four-mul,table,direct-strided,,1,8,,,,,,0,,,shared,linear,scalar,0,named-barrier,128,0,0,8,8,0,0,0,0,0,0,8,256,1,1,256,1000,100,0.006144,0.004209,0.018176,237606.462945,0.243309,60827254.513921,0.000000,-1,,,,,,,,,,,,
structured-2x2-fp16-fp32-log15-hier-r4-t256-b1,structured-2x2-fp16-fp32-log15-b1,full,butterfly,cuButterfly-hier-r4-t256,0,1,1,-1,,fp32,16,32,32,0,broadcast,floating-fma,hier-r4-t256,64,44,2048,5,40,0.625,64,0.16,0.16,register,131072,0.020833333333333332,0,Tesla V100-SXM2-16GB,7.0,structured-2x2,fp16,forward,none,out-of-place,0,,,,0.000000,,hierarchical,radix4,four-mul,table,direct-strided,0.92387949999999996:-0.38268340000000001:0.38268340000000001:0.92387949999999996,1,15,,,,,,0,,,shared,linear,scalar,0,named-barrier,256,0,0,8,8,0,0,8,0,0,0,15,32768,1,1,32768,1000,100,0.029696,0.017490,0.031488,57175.792232,14.051523,1873536359.865126,0.000000,-1,,,,,,,,,,,,
subset-zeta-uint32-zeta-log15-hier-r4-t256-b9,subset-zeta-uint32-zeta-log15-b9,full,butterfly,cuButterfly-hier-r4-t256,0,3,9,-1,,native,32,32,32,0,implicit-unit,integer-add,hier-r4-t256,64,44,4096,5,40,0.625,576,1.44,1.0,register,2359296,0.375,0,Tesla V100-SXM2-16GB,7.0,subset-zeta,uint32,forward,none,out-of-place,0,,,,0.000000,,hierarchical,radix4,four-mul,table,direct-strided,,1,15,,,,,,0,,,shared,linear,scalar,0,named-barrier,256,0,0,8,8,0,0,8,0,0,0,15,32768,9,1,32768,1000,100,0.296384,0.024586,0.243040,366058.443430,89.962523,11995003074.307806,0.000000,-1,,,,,,,,,,,,
structured-2x2-fp64-log8-temporal-r4-t128-b801,structured-2x2-fp64-log8-b801,full,butterfly,cuButterfly-temporal-r4-t128,0,2,801,-1,,native,64,64,64,0,broadcast,floating-fma,temporal-r4-t128,1,42,2048,10,40,0.625,801,1.00125,1.0,register,3280896,0.521484375,0,Tesla V100-SXM2-16GB,7.0,structured-2x2,fp64,forward,none,out-of-place,0,,,,0.000000,,temporal-tile,radix4,four-mul,table,direct-strided,0.92387949999999996:-0.38268340000000001:0.38268340000000001:0.92387949999999996,1,8,,,,,,0,,,shared,linear,scalar,0,named-barrier,128,0,0,8,8,0,0,0,0,0,0,8,256,801,1,256,1000,100,0.380576,0.005970,0.306816,134172647.832899,137.392791,34348197845.222103,0.000000,-1,,,,,,,,,,,,
fft-bf16-native-log15-hier-r4-t256-b9,fft-bf16-native-log15-b9,full,butterfly,cuButterfly-hier-r4-t256,0,2,9,-1,,native,16,32,16,1,per-stage-twiddle,floating-complex,hier-r4-t256,64,48,4096,5,40,0.625,576,1.44,1.0,register,2359296,0.375,0,Tesla V100-SXM2-16GB,7.0,fft,bf16,forward,none,out-of-place,0,,,,0.000000,,hierarchical,radix4,four-mul,table,direct-strided,,1,15,,,,,,0,,,shared,linear,scalar,0,named-barrier,256,0,0,8,8,0,0,8,0,0,0,15,32768,9,1,32768,1000,100,0.362080,0.065628,0.251904,137136.246358,33.702604,4493680520.646564,0.000000,-1,,,,,,,,,,,,
fft-bf16-native-log15-online-r4-t256-b9,fft-bf16-native-log15-b9,full,butterfly,cuButterfly-online-r4-t256,0,2,9,-1,,native,16,32,16,1,per-stage-twiddle,floating-complex,online-r4-t256,64,50,4096,4,32,0.5,576,1.8,1.0,register,2359296,0.375,0,Tesla V100-SXM2-16GB,7.0,fft,bf16,forward,none,out-of-place,0,,,,0.000000,,online-reorder,radix4,four-mul,table,direct-strided,,2,8x7,0x0,8x8,table,direct-strided,global-scratch,2,0x0,8x8,shared,linear,scalar,0,named-barrier,256,0,0,8,8,0,0,8,1,0,0,15,32768,9,1,32768,1000,100,0.351872,0.073124,0.257024,123078.871337,30.247863,4033048455.974396,0.000000,-1,,,,,,,,,,,,
fft-fp16-native-log8-temporal-r2-t128-b801,fft-fp16-native-log8-b801,full,butterfly,cuButterfly-temporal-r2-t128,0,1,801,-1,,native,16,16,16,0,per-stage-twiddle,floating-complex,temporal-r2-t128,1,32,1024,16,64,1.0,801,0.62578125,0.62578125,register+thread+warp,1640448,0.2607421875,0,Tesla V100-SXM2-16GB,7.0,fft,fp16,forward,none,out-of-place,0,,,,0.000000,,temporal-tile,radix2,four-mul,table,direct-strided,,1,8,,,,,,0,,,shared,linear,scalar,0,named-barrier,128,0,0,8,8,0,0,0,0,0,0,8,256,801,1,256,1000,100,0.192256,0.005448,0.195168,147035077.182512,150.563919,37640979758.723007,0.000000,-1,,,,,,,,,,,,
fwht-fp32-log15-online-r4-t256-b1,fwht-fp32-log15-b1,full,butterfly,cuButterfly-online-r4-t256,0,4,1,-1,,native,32,32,32,0,implicit-sign,floating-add,online-r4-t256,64,46,4096,5,40,0.625,64,0.16,0.16,register,262144,0.041666666666666664,0,Tesla V100-SXM2-16GB,7.0,fwht,fp32,forward,none,out-of-place,0,,,,0.000000,,online-reorder,radix4,four-mul,table,direct-strided,,2,8x7,0x0,8x8,table,direct-strided,global-scratch,2,0x0,8x8,shared,linear,scalar,0,named-barrier,256,0,0,8,8,0,0,8,1,0,0,15,32768,1,1,32768,1000,100,0.039584,0.007700,0.050976,129862.033646,31.914893,4255319118.507582,0.000000,-1,,,,,,,,,,,,
fwht-fp32-log8-temporal-r2-t128-b960,fwht-fp32-log8-b960,full,butterfly,cuButterfly-temporal-r2-t128,0,2,960,-1,,native,32,32,32,0,implicit-sign,floating-add,temporal-r2-t128,1,30,1024,16,64,1.0,960,0.75,0.75,register+thread+warp,1966080,0.3125,0,Tesla V100-SXM2-16GB,7.0,fwht,fp32,forward,none,out-of-place,0,,,,0.000000,,temporal-tile,radix2,four-mul,table,direct-strided,,1,8,,,,,,0,,,shared,linear,scalar,0,named-barrier,128,0,0,8,8,0,0,0,0,0,0,8,256,960,1,256,1000,100,0.250848,0.004823,0.278016,199044577.025122,203.821647,50955411718.431267,0.000000,-1,,,,,,,,,,,,
ntt-uint64-ntt-log15-ntt-hybrid-r2-t256-b320,ntt-uint64-ntt-log15-b320,full,ntt,cuButterfly-ntt-hybrid-r2-t256,0,2,320,-1,,native,64,64,64,0,per-stage-root,modular-multiply-reduce,ntt-hybrid-r2-t256,1,52,4096,4,32,0.5,320,1.0,1.0,register,167772160,26.666666666666668,0,Tesla V100-SXM2-16GB,7.0,ntt,uint64,forward,,,0,,,,0.000000,,hybrid2d,radix2,,fused,,,,,,,,,,,,,,,,0,named-barrier,,,,,,,,,,,,15,32768,320,1,32768,1000,100,13.536672,0.684145,20.643583,,,,,-1,natural,64,1152921504606748673,60,7,4,256,0,467737.324211,9178.417055,15326816639.749477,shoup
ntt-uint64-ntt-log15-ntt-hybrid-r4-t256-b320,ntt-uint64-ntt-log15-b320,full,ntt,cuButterfly-ntt-hybrid-r4-t256,0,2,320,-1,,native,64,64,64,0,per-stage-root,modular-multiply-reduce,ntt-hybrid-r4-t256,1,66,8192,3,24,0.375,320,1.3333333333333333,1.0,register,167772160,26.666666666666668,0,Tesla V100-SXM2-16GB,7.0,ntt,uint64,forward,,,0,,,,0.000000,,hybrid2d,radix4,,fused,,,,,,,,,,,,,,,,0,named-barrier,,,,,,,,,,,,15,32768,320,1,32768,1000,100,13.561408,0.628449,12.639936,,,,,-1,natural,64,1152921504606748673,60,7,4,256,0,509189.873809,11927.039133,16685133784.976690,shoup
fwht-bf16-fp32-log8-temporal-r2-t128-b1,fwht-bf16-fp32-log8-b1,full,butterfly,cuButterfly-temporal-r2-t128,0,1,1,-1,,fp32,16,32,32,0,implicit-sign,floating-add,temporal-r2-t128,1,30,512,16,64,1.0,1,0.00078125,0.00078125,register+thread+warp,1024,0.00016276041666666666,0,Tesla V100-SXM2-16GB,7.0,fwht,bf16,forward,none,out-of-place,0,,,,0.000000,,temporal-tile,radix2,four-mul,table,direct-strided,,1,8,,,,,,0,,,shared,linear,scalar,0,named-barrier,128,0,0,8,8,0,0,0,0,0,0,8,256,1,1,256,1000,100,0.012288,0.003123,0.019808,320184.422861,0.327869,81967212.252355,0.000000,-1,,,,,,,,,,,,
fwht-fp16-native-log15-hier-r4-t256-b1,fwht-fp16-native-log15-b1,full,butterfly,cuButterfly-hier-r4-t256,0,4,1,-1,,native,16,16,16,0,implicit-sign,floating-add,hier-r4-t256,64,44,2048,5,40,0.625,64,0.16,0.16,register,131072,0.020833333333333332,0,Tesla V100-SXM2-16GB,7.0,fwht,fp16,forward,none,out-of-place,0,,,,0.000000,,hierarchical,radix4,four-mul,table,direct-strided,,1,15,,,,,,0,,,shared,linear,scalar,0,named-barrier,256,0,0,8,8,0,0,8,0,0,0,15,32768,1,1,32768,1000,100,0.031744,0.016343,0.033088,61188.125100,15.037594,2005012483.260796,0.000000,-1,,,,,,,,,,,,
structured-2x2-fp32-log20-online-r4-t256-b2,structured-2x2-fp32-log20-b2,full,butterfly,cuButterfly-online-r4-t256,0,2,2,-1,,native,32,32,32,0,broadcast,floating-fma,online-r4-t256,512,46,4096,5,40,0.625,1024,2.56,1.0,register,16777216,2.6666666666666665,0,Tesla V100-SXM2-16GB,7.0,structured-2x2,fp32,forward,none,out-of-place,0,,,,0.000000,,online-reorder,radix4,four-mul,table,direct-strided,0.92387949999999996:-0.38268340000000001:0.38268340000000001:0.92387949999999996,2,10x10,0x0,8x8,table,direct-strided,global-scratch,2,0x0,8x8,shared,linear,scalar,0,named-barrier,256,0,0,8,8,0,0,10,1,0,0,20,1048576,2,1,1048576,1000,100,1.419200,0.174868,1.368416,11437.166016,119.927378,11992737792.636290,0.000000,-1,,,,,,,,,,,,
fwht-fp16-native-log8-temporal-r2-t128-b1,fwht-fp16-native-log8-b1,full,butterfly,cuButterfly-temporal-r2-t128,0,1,1,-1,,native,16,16,16,0,implicit-sign,floating-add,temporal-r2-t128,1,30,512,16,64,1.0,1,0.00078125,0.00078125,register+thread+warp,1024,0.00016276041666666666,0,Tesla V100-SXM2-16GB,7.0,fwht,fp16,forward,none,out-of-place,0,,,,0.000000,,temporal-tile,radix2,four-mul,table,direct-strided,,1,8,,,,,,0,,,shared,linear,scalar,0,named-barrier,128,0,0,8,8,0,0,0,0,0,0,8,256,1,1,256,1000,100,0.008192,0.002724,0.017600,367128.781979,0.375940,93984968.186574,0.000000,-1,,,,,,,,,,,,
fft-fp64-log8-temporal-r2-t128-b720,fft-fp64-log8-b720,full,butterfly,cuButterfly-temporal-r2-t128,0,5,720,-1,,native,64,64,64,0,per-stage-twiddle,floating-complex,temporal-r2-t128,1,36,4096,12,48,0.75,720,0.75,0.75,register,5898240,0.9375,0,Tesla V100-SXM2-16GB,7.0,fft,fp64,forward,none,out-of-place,0,,,,0.000000,,temporal-tile,radix2,four-mul,table,direct-strided,,1,8,,,,,,0,,,shared,linear,scalar,0,named-barrier,128,0,0,8,8,0,0,0,0,0,0,8,256,720,1,256,1000,100,0.550400,0.010742,0.509344,67028127.689252,68.636803,17159200688.448532,0.000000,-1,,,,,,,,,,,,
fft-fp16-fp32-log8-temporal-r2-t128-b1,fft-fp16-fp32-log8-b1,full,butterfly,cuButterfly-temporal-r2-t128,0,2,1,-1,,fp32,16,32,32,0,per-stage-twiddle,floating-complex,temporal-r2-t128,1,32,1024,16,64,1.0,1,0.00078125,0.00078125,register+thread+warp,2048,0.0003255208333333333,0,Tesla V100-SXM2-16GB,7.0,fft,fp16,forward,none,out-of-place,0,,,,0.000000,,temporal-tile,radix2,four-mul,table,direct-strided,,1,8,,,,,,0,,,shared,linear,scalar,0,named-barrier,128,0,0,8,8,0,0,0,0,0,0,8,256,1,1,256,1000,100,0.007168,0.003932,0.019744,254313.130000,0.260417,65104161.279924,0.000000,-1,,,,,,,,,,,,
fwht-fp64-log8-temporal-r2-t128-b1281,fwht-fp64-log8-b1281,full,butterfly,cuButterfly-temporal-r2-t128,0,2,1281,-1,,native,64,64,64,0,implicit-sign,floating-add,temporal-r2-t128,1,32,2048,16,64,1.0,1281,1.00078125,1.0,register+thread+warp,5246976,0.833984375,0,Tesla V100-SXM2-16GB,7.0,fwht,fp64,forward,none,out-of-place,0,,,,0.000000,,temporal-tile,radix2,four-mul,table,direct-strided,,1,8,,,,,,0,,,shared,linear,scalar,0,named-barrier,128,0,0,8,8,0,0,0,0,0,0,8,256,1281,1,256,1000,100,0.516320,0.007700,0.449152,166353265.100348,170.345743,42586435865.689163,0.000000,-1,,,,,,,,,,,,
fft-fp16-native-log15-online-r2-t256-b5,fft-fp16-native-log15-b5,full,butterfly,cuButterfly-online-r2-t256,0,2,5,-1,,native,16,16,16,0,per-stage-twiddle,floating-complex,online-r2-t256,64,38,2048,6,48,0.75,320,0.6666666666666666,0.6666666666666666,register,1310720,0.20833333333333334,0,Tesla V100-SXM2-16GB,7.0,fft,fp16,forward,none,out-of-place,0,,,,0.000000,,online-reorder,radix2,four-mul,table,direct-strided,,2,8x7,0x0,8x8,table,direct-strided,global-scratch,2,0x0,8x8,shared,linear,scalar,0,named-barrier,256,0,0,8,8,0,0,8,1,0,0,15,32768,5,1,32768,1000,100,0.194144,0.024924,0.165120,200608.573793,49.301563,6573541746.038578,0.000000,-1,,,,,,,,,,,,
fft-fp16-native-log15-online-r4-t256-b6,fft-fp16-native-log15-b6,full,butterfly,cuButterfly-online-r4-t256,0,2,6,-1,,native,16,16,16,0,per-stage-twiddle,floating-complex,online-r4-t256,64,50,4096,4,32,0.5,384,1.2,1.0,register,1572864,0.25,0,Tesla V100-SXM2-16GB,7.0,fft,fp16,forward,none,out-of-place,0,,,,0.000000,,online-reorder,radix4,four-mul,table,direct-strided,,2,8x7,0x0,8x8,table,direct-strided,global-scratch,2,0x0,8x8,shared,linear,scalar,0,named-barrier,256,0,0,8,8,0,0,8,1,0,0,15,32768,6,1,32768,1000,100,0.234688,0.026491,0.186432,226493.056551,55.662934,7421724477.052536,0.000000,-1,,,,,,,,,,,,
fft-fp32-log8-temporal-r4-t128-b1281,fft-fp32-log8-b1281,full,butterfly,cuButterfly-temporal-r4-t128,0,3,1281,-1,,native,32,32,32,0,per-stage-twiddle,floating-complex,temporal-r4-t128,1,42,2048,10,40,0.625,1281,1.60125,1.0,register,5246976,0.833984375,0,Tesla V100-SXM2-16GB,7.0,fft,fp32,forward,none,out-of-place,0,,,,0.000000,,temporal-tile,radix4,four-mul,table,direct-strided,,1,8,,,,,,0,,,shared,linear,scalar,0,named-barrier,128,0,0,8,8,0,0,0,0,0,0,8,256,1281,1,256,1000,100,0.505312,0.009687,0.440160,132238537.246404,135.412262,33853065535.079388,0.000000,-1,,,,,,,,,,,,
fwht-fp16-native-log15-hier-r4-t256-b1,fwht-fp16-native-log15-b1,full,butterfly,cuButterfly-hier-r4-t256,0,2,1,-1,,native,16,16,16,0,implicit-sign,floating-add,hier-r4-t256,64,44,2048,5,40,0.625,64,0.16,0.16,register,131072,0.020833333333333332,0,Tesla V100-SXM2-16GB,7.0,fwht,fp16,forward,none,out-of-place,0,,,,0.000000,,hierarchical,radix4,four-mul,table,direct-strided,,1,15,,,,,,0,,,shared,linear,scalar,0,named-barrier,256,0,0,8,8,0,0,8,0,0,0,15,32768,1,1,32768,1000,100,0.032768,0.016282,0.030944,61419.028255,15.094340,2012578717.847616,0.000000,-1,,,,,,,,,,,,
fwht-bf16-native-log15-hier-r4-t256-b9,fwht-bf16-native-log15-b9,full,butterfly,cuButterfly-hier-r4-t256,0,5,9,-1,,native,16,32,16,1,implicit-sign,floating-add,hier-r4-t256,64,44,2048,5,40,0.625,576,1.44,1.0,register,1179648,0.1875,0,Tesla V100-SXM2-16GB,7.0,fwht,bf16,forward,none,out-of-place,0,,,,0.000000,,hierarchical,radix4,four-mul,table,direct-strided,,1,15,,,,,,0,,,shared,linear,scalar,0,named-barrier,256,0,0,8,8,0,0,8,0,0,0,15,32768,9,1,32768,1000,100,0.141152,0.030147,0.139936,298541.509657,73.369561,9782608188.451246,0.000000,-1,,,,,,,,,,,,
ntt-uint64-ntt-log15-ntt-hybrid-r4-t256-b320,ntt-uint64-ntt-log15-b320,full,ntt,cuButterfly-ntt-hybrid-r4-t256,0,4,320,-1,,native,64,64,64,0,per-stage-root,modular-multiply-reduce,ntt-hybrid-r4-t256,1,66,8192,3,24,0.375,320,1.3333333333333333,1.0,register,167772160,26.666666666666668,0,Tesla V100-SXM2-16GB,7.0,ntt,uint64,forward,,,0,,,,0.000000,,hybrid2d,radix4,,fused,,,,,,,,,,,,,,,,0,named-barrier,,,,,,,,,,,,15,32768,320,1,32768,1000,100,13.540032,0.625838,12.634688,,,,,-1,natural,64,1152921504606748673,60,7,4,256,0,511314.347168,11940.049520,16754748528.013954,shoup
ntt-uint64-ntt-log15-ntt-hybrid-r4-t256-b321,ntt-uint64-ntt-log15-b321,full,ntt,cuButterfly-ntt-hybrid-r4-t256,0,1,321,-1,,native,64,64,64,0,per-stage-root,modular-multiply-reduce,ntt-hybrid-r4-t256,1,66,8192,3,24,0.375,321,1.3375,1.0,register,168296448,26.75,0,Tesla V100-SXM2-16GB,7.0,ntt,uint64,forward,,,0,,,,0.000000,,hybrid2d,radix4,,fused,,,,,,,,,,,,,,,,0,named-barrier,,,,,,,,,,,,15,32768,321,1,32768,1000,100,13.582688,0.629586,12.667168,,,,,-1,natural,64,1152921504606748673,60,7,4,256,0,509858.922989,11942.212230,16707057188.512897,shoup
fft-fp16-native-log8-temporal-r2-t128-b800,fft-fp16-native-log8-b800,full,butterfly,cuButterfly-temporal-r2-t128,0,4,800,-1,,native,16,16,16,0,per-stage-twiddle,floating-complex,temporal-r2-t128,1,32,1024,16,64,1.0,800,0.625,0.625,register+thread+warp,1638400,0.2604166666666667,0,Tesla V100-SXM2-16GB,7.0,fft,fp16,forward,none,out-of-place,0,,,,0.000000,,temporal-tile,radix2,four-mul,table,direct-strided,,1,8,,,,,,0,,,shared,linear,scalar,0,named-barrier,128,0,0,8,8,0,0,0,0,0,0,8,256,800,1,256,1000,100,0.203232,0.005509,0.201440,145213743.782514,148.698874,37174718408.323532,0.000000,-1,,,,,,,,,,,,
fft-fp64-log8-temporal-r2-t128-b719,fft-fp64-log8-b719,full,butterfly,cuButterfly-temporal-r2-t128,0,5,719,-1,,native,64,64,64,0,per-stage-twiddle,floating-complex,temporal-r2-t128,1,36,4096,12,48,0.75,719,0.7489583333333333,0.7489583333333333,register,5890048,0.9361979166666666,0,Tesla V100-SXM2-16GB,7.0,fft,fp64,forward,none,out-of-place,0,,,,0.000000,,temporal-tile,radix2,four-mul,table,direct-strided,,1,8,,,,,,0,,,shared,linear,scalar,0,named-barrier,128,0,0,8,8,0,0,0,0,0,0,8,256,719,1,256,1000,100,0.557920,0.010936,0.530016,65744236.754759,67.322098,16830524609.218393,0.000000,-1,,,,,,,,,,,,
structured-2x2-fp64-log20-hier-r4-t256-b1,structured-2x2-fp64-log20-b1,full,butterfly,cuButterfly-hier-r4-t256,0,1,1,-1,,native,64,64,64,0,broadcast,floating-fma,hier-r4-t256,512,48,8192,5,40,0.625,512,1.28,1.0,register,16777216,2.6666666666666665,0,Tesla V100-SXM2-16GB,7.0,structured-2x2,fp64,forward,none,out-of-place,0,,,,0.000000,,hierarchical,radix4,four-mul,table,direct-strided,0.92387949999999996:-0.38268340000000001:0.38268340000000001:0.92387949999999996,1,20,,,,,,0,,,shared,linear,scalar,0,named-barrier,256,0,0,8,8,0,0,10,0,0,0,20,1048576,1,1,1048576,1000,100,1.419168,0.255980,1.344256,3906.562706,40.963279,4096327895.662100,0.000000,-1,,,,,,,,,,,,
fft-fp64-log8-temporal-r4-t128-b719,fft-fp64-log8-b719,full,butterfly,cuButterfly-temporal-r4-t128,0,4,719,-1,,native,64,64,64,0,per-stage-twiddle,floating-complex,temporal-r4-t128,1,50,4096,9,36,0.5625,719,0.9986111111111111,0.9986111111111111,register,5890048,0.9361979166666666,0,Tesla V100-SXM2-16GB,7.0,fft,fp64,forward,none,out-of-place,0,,,,0.000000,,temporal-tile,radix4,four-mul,table,direct-strided,,1,8,,,,,,0,,,shared,linear,scalar,0,named-barrier,128,0,0,8,8,0,0,0,0,0,0,8,256,719,1,256,1000,100,0.553408,0.009359,0.508544,76821494.191971,78.665210,19666302513.144485,0.000000,-1,,,,,,,,,,,,
fft-bf16-native-log20-online-r4-t256-b2,fft-bf16-native-log20-b2,full,butterfly,cuButterfly-online-r4-t256,0,5,2,-1,,native,16,32,16,1,per-stage-twiddle,floating-complex,online-r4-t256,512,50,4096,4,32,0.5,1024,3.2,1.0,register,16777216,2.6666666666666665,0,Tesla V100-SXM2-16GB,7.0,fft,bf16,forward,none,out-of-place,0,,,,0.000000,,online-reorder,radix4,four-mul,table,direct-strided,,2,10x10,0x0,8x8,table,direct-strided,global-scratch,2,0x0,8x8,shared,linear,scalar,0,named-barrier,256,0,0,8,8,0,0,10,1,0,0,20,1048576,2,1,1048576,1000,100,1.429760,0.397650,1.347520,5029.549685,52.738651,5273865090.944057,0.000000,-1,,,,,,,,,,,,
fwht-fp16-native-log15-online-r4-t256-b6,fwht-fp16-native-log15-b6,full,butterfly,cuButterfly-online-r4-t256,0,4,6,-1,,native,16,16,16,0,implicit-sign,floating-add,online-r4-t256,64,46,2048,5,40,0.625,384,0.96,0.96,register,786432,0.125,0,Tesla V100-SXM2-16GB,7.0,fwht,fp16,forward,none,out-of-place,0,,,,0.000000,,online-reorder,radix4,four-mul,table,direct-strided,,2,8x7,0x0,8x8,table,direct-strided,global-scratch,2,0x0,8x8,shared,linear,scalar,0,named-barrier,256,0,0,8,8,0,0,8,1,0,0,15,32768,6,1,32768,1000,100,0.100448,0.020613,0.108448,291076.765152,71.535026,9538003440.492205,0.000000,-1,,,,,,,,,,,,
fft-bf16-native-log15-online-r4-t256-b8,fft-bf16-native-log15-b8,full,butterfly,cuButterfly-online-r4-t256,0,5,8,-1,,native,16,32,16,1,per-stage-twiddle,floating-complex,online-r4-t256,64,50,4096,4,32,0.5,512,1.6,1.0,register,2097152,0.3333333333333333,0,Tesla V100-SXM2-16GB,7.0,fft,bf16,forward,none,out-of-place,0,,,,0.000000,,online-reorder,radix4,four-mul,table,direct-strided,,2,8x7,0x0,8x8,table,direct-strided,global-scratch,2,0x0,8x8,shared,linear,scalar,0,named-barrier,256,0,0,8,8,0,0,8,1,0,0,15,32768,8,1,32768,1000,100,0.335680,0.067267,0.257856,118929.819962,29.228193,3897092340.510380,0.000000,-1,,,,,,,,,,,,
fft-bf16-native-log8-temporal-r2-t128-b1281,fft-bf16-native-log8-b1281,full,butterfly,cuButterfly-temporal-r2-t128,0,5,1281,-1,,native,16,32,16,1,per-stage-twiddle,floating-complex,temporal-r2-t128,1,32,1024,16,64,1.0,1281,1.00078125,1.0,register+thread+warp,2623488,0.4169921875,0,Tesla V100-SXM2-16GB,7.0,fft,bf16,forward,none,out-of-place,0,,,,0.000000,,temporal-tile,radix2,four-mul,table,direct-strided,,1,8,,,,,,0,,,shared,linear,scalar,0,named-barrier,128,0,0,8,8,0,0,0,0,0,0,8,256,1281,1,256,1000,100,0.315296,0.025682,0.289792,49879447.586561,51.076554,12769138582.159573,0.000000,-1,,,,,,,,,,,,
fwht-fp32-log8-temporal-r4-t128-b959,fwht-fp32-log8-b959,full,butterfly,cuButterfly-temporal-r4-t128,0,5,959,-1,,native,32,32,32,0,implicit-sign,floating-add,temporal-r4-t128,1,38,1024,12,48,0.75,959,0.9989583333333333,0.9989583333333333,register,1964032,0.3121744791666667,0,Tesla V100-SXM2-16GB,7.0,fwht,fp32,forward,none,out-of-place,0,,,,0.000000,,temporal-tile,radix4,four-mul,table,direct-strided,,1,8,,,,,,0,,,shared,linear,scalar,0,named-barrier,128,0,0,8,8,0,0,0,0,0,0,8,256,959,1,256,1000,100,0.255872,0.004219,0.259264,227311509.261393,232.766985,58191746370.916649,0.000000,-1,,,,,,,,,,,,
fwht-bf16-native-log15-online-r2-t256-b1,fwht-bf16-native-log15-b1,full,butterfly,cuButterfly-online-r2-t256,0,1,1,-1,,native,16,32,16,1,implicit-sign,floating-add,online-r2-t256,64,36,1024,6,48,0.75,64,0.13333333333333333,0.13333333333333333,register,131072,0.020833333333333332,0,Tesla V100-SXM2-16GB,7.0,fwht,bf16,forward,none,out-of-place,0,,,,0.000000,,online-reorder,radix2,four-mul,table,direct-strided,,2,8x7,0x0,8x8,table,direct-strided,global-scratch,2,0x0,8x8,shared,linear,scalar,0,named-barrier,256,0,0,8,8,0,0,8,1,0,0,15,32768,1,1,32768,1000,100,0.033792,0.009114,0.032992,109726.117846,26.966291,3595505429.563726,0.000000,-1,,,,,,,,,,,,
fwht-bf16-native-log8-temporal-r4-t128-b1,fwht-bf16-native-log8-b1,full,butterfly,cuButterfly-temporal-r4-t128,0,2,1,-1,,native,16,32,16,1,implicit-sign,floating-add,temporal-r4-t128,1,38,512,12,48,0.75,1,0.0010416666666666667,0.0010416666666666667,register,1024,0.00016276041666666666,0,Tesla V100-SXM2-16GB,7.0,fwht,bf16,forward,none,out-of-place,0,,,,0.000000,,temporal-tile,radix4,four-mul,table,direct-strided,,1,8,,,,,,0,,,shared,linear,scalar,0,named-barrier,128,0,0,8,8,0,0,0,0,0,0,8,256,1,1,256,1000,100,0.008192,0.002929,0.016768,341455.420171,0.349650,87412587.563789,0.000000,-1,,,,,,,,,,,,
fft-fp64-log8-temporal-r4-t128-b1,fft-fp64-log8-b1,full,butterfly,cuButterfly-temporal-r4-t128,0,5,1,-1,,native,64,64,64,0,per-stage-twiddle,floating-complex,temporal-r4-t128,1,50,4096,9,36,0.5625,1,0.001388888888888889,0.001388888888888889,register,8192,0.0013020833333333333,0,Tesla V100-SXM2-16GB,7.0,fft,fp64,forward,none,out-of-place,0,,,,0.000000,,temporal-tile,radix4,four-mul,table,direct-strided,,1,8,,,,,,0,,,shared,linear,scalar,0,named-barrier,128,0,0,8,8,0,0,0,0,0,0,8,256,1,1,256,1000,100,0.008192,0.003758,0.020768,266093.319235,0.272480,68119889.724141,0.000000,-1,,,,,,,,,,,,
fft-bf16-native-log15-online-r2-t256-b1,fft-bf16-native-log15-b1,full,butterfly,cuButterfly-online-r2-t256,0,3,1,-1,,native,16,32,16,1,per-stage-twiddle,floating-complex,online-r2-t256,64,38,2048,6,48,0.75,64,0.13333333333333333,0.13333333333333333,register,262144,0.041666666666666664,0,Tesla V100-SXM2-16GB,7.0,fft,bf16,forward,none,out-of-place,0,,,,0.000000,,online-reorder,radix2,four-mul,table,direct-strided,,2,8x7,0x0,8x8,table,direct-strided,global-scratch,2,0x0,8x8,shared,linear,scalar,0,named-barrier,256,0,0,8,8,0,0,8,1,0,0,15,32768,1,1,32768,1000,100,0.037088,0.014838,0.050208,67395.619725,16.563148,2208419667.157065,0.000000,-1,,,,,,,,,,,,
fft-bf16-native-log8-temporal-r4-t128-b801,fft-bf16-native-log8-b801,full,butterfly,cuButterfly-temporal-r4-t128,0,2,801,-1,,native,16,32,16,1,per-stage-twiddle,floating-complex,temporal-r4-t128,1,42,1024,10,40,0.625,801,1.00125,1.0,register,1640448,0.2607421875,0,Tesla V100-SXM2-16GB,7.0,fft,bf16,forward,none,out-of-place,0,,,,0.000000,,temporal-tile,radix4,four-mul,table,direct-strided,,1,8,,,,,,0,,,shared,linear,scalar,0,named-barrier,128,0,0,8,8,0,0,0,0,0,0,8,256,801,1,256,1000,100,0.189600,0.019876,0.213280,40300184.852063,41.267389,10316847322.128134,0.000000,-1,,,,,,,,,,,,
structured-2x2-fp16-native-log8-temporal-r4-t128-b1,structured-2x2-fp16-native-log8-b1,full,butterfly,cuButterfly-temporal-r4-t128,0,2,1,-1,,native,16,16,16,0,broadcast,floating-fma,temporal-r4-t128,1,38,512,12,48,0.75,1,0.0010416666666666667,0.0010416666666666667,register,1024,0.00016276041666666666,0,Tesla V100-SXM2-16GB,7.0,structured-2x2,fp16,forward,none,out-of-place,0,,,,0.000000,,temporal-tile,radix4,four-mul,table,direct-strided,0.92387949999999996:-0.38268340000000001:0.38268340000000001:0.92387949999999996,1,8,,,,,,0,,,shared,linear,scalar,0,named-barrier,128,0,0,8,8,0,0,0,0,0,0,8,256,1,1,256,1000,100,0.007168,0.002755,0.020096,363034.359456,0.371747,92936796.020809,0.000000,-1,,,,,,,,,,,,
fft-bf16-fp32-log8-temporal-r2-t128-b1281,fft-bf16-fp32-log8-b1281,full,butterfly,cuButterfly-temporal-r2-t128,0,2,1281,-1,,fp32,16,32,32,0,per-stage-twiddle,floating-complex,temporal-r2-t128,1,32,1024,16,64,1.0,1281,1.00078125,1.0,register+thread+warp,2623488,0.4169921875,0,Tesla V100-SXM2-16GB,7.0,fft,bf16,forward,none,out-of-place,0,,,,0.000000,,temporal-tile,radix2,four-mul,table,direct-strided,,1,8,,,,,,0,,,shared,linear,scalar,0,named-barrier,128,0,0,8,8,0,0,0,0,0,0,8,256,1281,1,256,1000,100,0.321728,0.018012,0.255424,71118620.367614,72.825467,18206366814.109112,0.000000,-1,,,,,,,,,,,,
structured-2x2-fp64-log15-online-r2-t256-b5,structured-2x2-fp64-log15-b5,full,butterfly,cuButterfly-online-r2-t256,0,4,5,-1,,native,64,64,64,0,broadcast,floating-fma,online-r2-t256,64,38,4096,6,48,0.75,320,0.6666666666666666,0.6666666666666666,register,2621440,0.4166666666666667,0,Tesla V100-SXM2-16GB,7.0,structured-2x2,fp64,forward,none,out-of-place,0,,,,0.000000,,online-reorder,radix2,four-mul,table,direct-strided,0.92387949999999996:-0.38268340000000001:0.38268340000000001:0.92387949999999996,2,8x7,0x0,8x8,table,direct-strided,global-scratch,2,0x0,8x8,shared,linear,scalar,0,named-barrier,256,0,0,8,8,0,0,8,1,0,0,15,32768,5,1,32768,1000,100,0.310048,0.022671,0.340576,220542.564926,54.200541,7226738767.500790,0.000000,-1,,,,,,,,,,,,
fft-fp64-log20-online-r4-t256-b2,fft-fp64-log20-b2,full,butterfly,cuButterfly-online-r4-t256,0,1,2,-1,,native,64,64,64,0,per-stage-twiddle,floating-complex,online-r4-t256,512,58,16384,4,32,0.5,1024,3.2,1.0,register,67108864,10.666666666666666,0,Tesla V100-SXM2-16GB,7.0,fft,fp64,forward,none,out-of-place,0,,,,0.000000,,online-reorder,radix4,four-mul,table,direct-strided,,2,10x10,0x0,8x8,table,direct-strided,global-scratch,2,0x0,8x8,shared,linear,scalar,0,named-barrier,256,0,0,8,8,0,0,10,1,0,0,20,1048576,2,1,1048576,1000,100,5.449120,0.520161,5.128352,3844.961382,40.317342,4031734226.548891,0.000000,-1,,,,,,,,,,,,
fft-fp16-fp32-log20-hier-r4-t256-b1,fft-fp16-fp32-log20-b1,full,butterfly,cuButterfly-hier-r4-t256,0,3,1,-1,,fp32,16,32,32,0,per-stage-twiddle,floating-complex,hier-r4-t256,512,48,4096,5,40,0.625,512,1.28,1.0,register,8388608,1.3333333333333333,0,Tesla V100-SXM2-16GB,7.0,fft,fp16,forward,none,out-of-place,0,,,,0.000000,,hierarchical,radix4,four-mul,table,direct-strided,,1,20,,,,,,0,,,shared,linear,scalar,0,named-barrier,256,0,0,8,8,0,0,10,0,0,0,20,1048576,1,1,1048576,1000,100,0.744672,0.136653,0.742336,7317.815797,76.732860,7673286017.453575,0.000000,-1,,,,,,,,,,,,
fwht-bf16-fp32-log8-temporal-r2-t128-b1281,fwht-bf16-fp32-log8-b1281,full,butterfly,cuButterfly-temporal-r2-t128,0,2,1281,-1,,fp32,16,32,32,0,implicit-sign,floating-add,temporal-r2-t128,1,30,512,16,64,1.0,1281,1.00078125,1.0,register+thread+warp,1311744,0.20849609375,0,Tesla V100-SXM2-16GB,7.0,fwht,bf16,forward,none,out-of-place,0,,,,0.000000,,temporal-tile,radix2,four-mul,table,direct-strided,,1,8,,,,,,0,,,shared,linear,scalar,0,named-barrier,128,0,0,8,8,0,0,0,0,0,0,8,256,1281,1,256,1000,100,0.176704,0.008694,0.187264,147347058.298287,150.883388,37720846924.361542,0.000000,-1,,,,,,,,,,,,
fft-fp16-native-log15-online-r2-t256-b1,fft-fp16-native-log15-b1,full,butterfly,cuButterfly-online-r2-t256,0,1,1,-1,,native,16,16,16,0,per-stage-twiddle,floating-complex,online-r2-t256,64,38,2048,6,48,0.75,64,0.13333333333333333,0.13333333333333333,register,262144,0.041666666666666664,0,Tesla V100-SXM2-16GB,7.0,fft,fp16,forward,none,out-of-place,0,,,,0.000000,,online-reorder,radix2,four-mul,table,direct-strided,,2,8x7,0x0,8x8,table,direct-strided,global-scratch,2,0x0,8x8,shared,linear,scalar,0,named-barrier,256,0,0,8,8,0,0,8,1,0,0,15,32768,1,1,32768,1000,100,0.034944,0.011315,0.049984,88376.693100,21.719456,2895927479.515546,0.000000,-1,,,,,,,,,,,,
fft-fp16-fp32-log15-online-r2-t256-b7,fft-fp16-fp32-log15-b7,full,butterfly,cuButterfly-online-r2-t256,0,2,7,-1,,fp32,16,32,32,0,per-stage-twiddle,floating-complex,online-r2-t256,64,38,2048,6,48,0.75,448,0.9333333333333333,0.9333333333333333,register,1835008,0.2916666666666667,0,Tesla V100-SXM2-16GB,7.0,fft,fp16,forward,none,out-of-place,0,,,,0.000000,,online-reorder,radix2,four-mul,table,direct-strided,,2,8x7,0x0,8x8,table,direct-strided,global-scratch,2,0x0,8x8,shared,linear,scalar,0,named-barrier,256,0,0,8,8,0,0,8,1,0,0,15,32768,7,1,32768,1000,100,0.268384,0.034099,0.239680,205283.415164,50.450452,6726726948.100134,0.000000,-1,,,,,,,,,,,,
fft-bf16-fp32-log8-temporal-r2-t128-b1281,fft-bf16-fp32-log8-b1281,full,butterfly,cuButterfly-temporal-r2-t128,0,5,1281,-1,,fp32,16,32,32,0,per-stage-twiddle,floating-complex,temporal-r2-t128,1,32,1024,16,64,1.0,1281,1.00078125,1.0,register+thread+warp,2623488,0.4169921875,0,Tesla V100-SXM2-16GB,7.0,fft,bf16,forward,none,out-of-place,0,,,,0.000000,,temporal-tile,radix2,four-mul,table,direct-strided,,1,8,,,,,,0,,,shared,linear,scalar,0,named-barrier,128,0,0,8,8,0,0,0,0,0,0,8,256,1281,1,256,1000,100,0.309856,0.018012,0.289184,71118620.367614,72.825467,18206366814.109112,0.000000,-1,,,,,,,,,,,,
fft-bf16-native-log15-hier-r4-t256-b9,fft-bf16-native-log15-b9,full,butterfly,cuButterfly-hier-r4-t256,0,5,9,-1,,native,16,32,16,1,per-stage-twiddle,floating-complex,hier-r4-t256,64,48,4096,5,40,0.625,576,1.44,1.0,register,2359296,0.375,0,Tesla V100-SXM2-16GB,7.0,fft,bf16,forward,none,out-of-place,0,,,,0.000000,,hierarchical,radix4,four-mul,table,direct-strided,,1,15,,,,,,0,,,shared,linear,scalar,0,named-barrier,256,0,0,8,8,0,0,8,0,0,0,15,32768,9,1,32768,1000,100,0.346304,0.065638,0.275488,137114.858311,33.697348,4492979677.142267,0.000000,-1,,,,,,,,,,,,
fwht-bf16-fp32-log8-temporal-r4-t128-b1,fwht-bf16-fp32-log8-b1,full,butterfly,cuButterfly-temporal-r4-t128,0,3,1,-1,,fp32,16,32,32,0,implicit-sign,floating-add,temporal-r4-t128,1,38,512,12,48,0.75,1,0.0010416666666666667,0.0010416666666666667,register,1024,0.00016276041666666666,0,Tesla V100-SXM2-16GB,7.0,fwht,bf16,forward,none,out-of-place,0,,,,0.000000,,temporal-tile,radix4,four-mul,table,direct-strided,,1,8,,,,,,0,,,shared,linear,scalar,0,named-barrier,128,0,0,8,8,0,0,0,0,0,0,8,256,1,1,256,1000,100,0.009216,0.002918,0.018688,342653.523989,0.350877,87719302.141174,0.000000,-1,,,,,,,,,,,,
fft-bf16-native-log15-hier-r4-t256-b1,fft-bf16-native-log15-b1,full,butterfly,cuButterfly-hier-r4-t256,0,1,1,-1,,native,16,32,16,1,per-stage-twiddle,floating-complex,hier-r4-t256,64,48,4096,5,40,0.625,64,0.16,0.16,register,262144,0.041666666666666664,0,Tesla V100-SXM2-16GB,7.0,fft,bf16,forward,none,out-of-place,0,,,,0.000000,,hierarchical,radix4,four-mul,table,direct-strided,,1,15,,,,,,0,,,shared,linear,scalar,0,named-barrier,256,0,0,8,8,0,0,8,0,0,0,15,32768,1,1,32768,1000,100,0.037472,0.025283,0.051648,39552.956793,9.720535,1296071288.207416,0.000000,-1,,,,,,,,,,,,
fft-fp32-log8-temporal-r2-t128-b1280,fft-fp32-log8-b1280,full,butterfly,cuButterfly-temporal-r2-t128,0,4,1280,-1,,native,32,32,32,0,per-stage-twiddle,floating-complex,temporal-r2-t128,1,32,2048,16,64,1.0,1280,1.0,1.0,register+thread+warp,5242880,0.8333333333333334,0,Tesla V100-SXM2-16GB,7.0,fft,fp32,forward,none,out-of-place,0,,,,0.000000,,temporal-tile,radix2,four-mul,table,direct-strided,,1,8,,,,,,0,,,shared,linear,scalar,0,named-barrier,128,0,0,8,8,0,0,0,0,0,0,8,256,1280,1,256,1000,100,0.505504,0.010813,0.440896,118371209.973298,121.212119,30303029753.164345,0.000000,-1,,,,,,,,,,,,
fft-fp32-log15-online-r2-t256-b6,fft-fp32-log15-b6,full,butterfly,cuButterfly-online-r2-t256,0,5,6,-1,,native,32,32,32,0,per-stage-twiddle,floating-complex,online-r2-t256,64,38,4096,6,48,0.75,384,0.8,0.8,register,3145728,0.5,0,Tesla V100-SXM2-16GB,7.0,fft,fp32,forward,none,out-of-place,0,,,,0.000000,,online-reorder,radix2,four-mul,table,direct-strided,,2,8x7,0x0,8x8,table,direct-strided,global-scratch,2,0x0,8x8,shared,linear,scalar,0,named-barrier,256,0,0,8,8,0,0,8,1,0,0,15,32768,6,1,32768,1000,100,0.416736,0.030863,0.334208,194405.278087,47.777041,6370272152.351892,0.000000,-1,,,,,,,,,,,,
structured-2x2-bf16-fp32-log8-temporal-r2-t128-b961,structured-2x2-bf16-fp32-log8-b961,full,butterfly,cuButterfly-temporal-r2-t128,0,4,961,-1,,fp32,16,32,32,0,broadcast,floating-fma,temporal-r2-t128,1,30,512,16,64,1.0,961,0.75078125,0.75078125,register+thread+warp,984064,0.15641276041666666,0,Tesla V100-SXM2-16GB,7.0,structured-2x2,bf16,forward,none,out-of-place,0,,,,0.000000,,temporal-tile,radix2,four-mul,table,direct-strided,0.92387949999999996:-0.38268340000000001:0.38268340000000001:0.92387949999999996,1,8,,,,,,0,,,shared,linear,scalar,0,named-barrier,128,0,0,8,8,0,0,0,0,0,0,8,256,961,1,256,1000,100,0.114368,0.008243,0.136672,116580934.219810,119.378877,29844719160.271378,0.000000,-1,,,,,,,,,,,,
structured-2x2-fp16-fp32-log15-hier-r4-t256-b1,structured-2x2-fp16-fp32-log15-b1,full,butterfly,cuButterfly-hier-r4-t256,0,4,1,-1,,fp32,16,32,32,0,broadcast,floating-fma,hier-r4-t256,64,44,2048,5,40,0.625,64,0.16,0.16,register,131072,0.020833333333333332,0,Tesla V100-SXM2-16GB,7.0,structured-2x2,fp16,forward,none,out-of-place,0,,,,0.000000,,hierarchical,radix4,four-mul,table,direct-strided,0.92387949999999996:-0.38268340000000001:0.38268340000000001:0.92387949999999996,1,15,,,,,,0,,,shared,linear,scalar,0,named-barrier,256,0,0,8,8,0,0,8,0,0,0,15,32768,1,1,32768,1000,100,0.029696,0.017459,0.035424,57276.396792,14.076247,1876832970.077676,0.000000,-1,,,,,,,,,,,,
fwht-fp64-log15-online-r2-t256-b6,fwht-fp64-log15-b6,full,butterfly,cuButterfly-online-r2-t256,0,2,6,-1,,native,64,64,64,0,implicit-sign,floating-add,online-r2-t256,64,38,4096,6,48,0.75,384,0.8,0.8,register,3145728,0.5,0,Tesla V100-SXM2-16GB,7.0,fwht,fp64,forward,none,out-of-place,0,,,,0.000000,,online-reorder,radix2,four-mul,table,direct-strided,,2,8x7,0x0,8x8,table,direct-strided,global-scratch,2,0x0,8x8,shared,linear,scalar,0,named-barrier,256,0,0,8,8,0,0,8,1,0,0,15,32768,6,1,32768,1000,100,0.334688,0.021432,0.365824,279951.007397,68.800760,9173434610.377018,0.000000,-1,,,,,,,,,,,,
fwht-fp64-log15-online-r4-t256-b6,fwht-fp64-log15-b6,full,butterfly,cuButterfly-online-r4-t256,0,5,6,-1,,native,64,64,64,0,implicit-sign,floating-add,online-r4-t256,64,50,8192,4,32,0.5,384,1.2,1.0,register,3145728,0.5,0,Tesla V100-SXM2-16GB,7.0,fwht,fp64,forward,none,out-of-place,0,,,,0.000000,,online-reorder,radix4,four-mul,table,direct-strided,,2,8x7,0x0,8x8,table,direct-strided,global-scratch,2,0x0,8x8,shared,linear,scalar,0,named-barrier,256,0,0,8,8,0,0,8,1,0,0,15,32768,6,1,32768,1000,100,0.340544,0.020879,0.323744,287365.131124,70.622855,9416380616.664707,0.000000,-1,,,,,,,,,,,,
fft-bf16-fp32-log8-temporal-r2-t128-b1281,fft-bf16-fp32-log8-b1281,full,butterfly,cuButterfly-temporal-r2-t128,0,4,1281,-1,,fp32,16,32,32,0,per-stage-twiddle,floating-complex,temporal-r2-t128,1,32,1024,16,64,1.0,1281,1.00078125,1.0,register+thread+warp,2623488,0.4169921875,0,Tesla V100-SXM2-16GB,7.0,fft,bf16,forward,none,out-of-place,0,,,,0.000000,,temporal-tile,radix2,four-mul,table,direct-strided,,1,8,,,,,,0,,,shared,linear,scalar,0,named-barrier,128,0,0,8,8,0,0,0,0,0,0,8,256,1281,1,256,1000,100,0.301216,0.017992,0.292480,71199574.113411,72.908364,18227090973.033199,0.000000,-1,,,,,,,,,,,,
fwht-bf16-fp32-log8-temporal-r2-t128-b1280,fwht-bf16-fp32-log8-b1280,full,butterfly,cuButterfly-temporal-r2-t128,0,5,1280,-1,,fp32,16,32,32,0,implicit-sign,floating-add,temporal-r2-t128,1,30,512,16,64,1.0,1280,1.0,1.0,register+thread+warp,1310720,0.20833333333333334,0,Tesla V100-SXM2-16GB,7.0,fwht,bf16,forward,none,out-of-place,0,,,,0.000000,,temporal-tile,radix2,four-mul,table,direct-strided,,1,8,,,,,,0,,,shared,linear,scalar,0,named-barrier,128,0,0,8,8,0,0,0,0,0,0,8,256,1280,1,256,1000,100,0.157824,0.008520,0.160256,150240380.396148,153.846150,38461537381.413971,0.000000,-1,,,,,,,,,,,,
fft-bf16-native-log20-online-r4-t256-b2,fft-bf16-native-log20-b2,full,butterfly,cuButterfly-online-r4-t256,0,1,2,-1,,native,16,32,16,1,per-stage-twiddle,floating-complex,online-r4-t256,512,50,4096,4,32,0.5,1024,3.2,1.0,register,16777216,2.6666666666666665,0,Tesla V100-SXM2-16GB,7.0,fft,bf16,forward,none,out-of-place,0,,,,0.000000,,online-reorder,radix4,four-mul,table,direct-strided,,2,10x10,0x0,8x8,table,direct-strided,global-scratch,2,0x0,8x8,shared,linear,scalar,0,named-barrier,256,0,0,8,8,0,0,10,1,0,0,20,1048576,2,1,1048576,1000,100,1.419168,0.398039,1.357856,5024.632722,52.687093,5268709281.529299,0.000000,-1,,,,,,,,,,,,
fft-fp16-fp32-log8-temporal-r2-t128-b1,fft-fp16-fp32-log8-b1,full,butterfly,cuButterfly-temporal-r2-t128,0,5,1,-1,,fp32,16,32,32,0,per-stage-twiddle,floating-complex,temporal-r2-t128,1,32,1024,16,64,1.0,1,0.00078125,0.00078125,register+thread+warp,2048,0.0003255208333333333,0,Tesla V100-SXM2-16GB,7.0,fft,fp16,forward,none,out-of-place,0,,,,0.000000,,temporal-tile,radix2,four-mul,table,direct-strided,,1,8,,,,,,0,,,shared,linear,scalar,0,named-barrier,128,0,0,8,8,0,0,0,0,0,0,8,256,1,1,256,1000,100,0.006144,0.003932,0.018464,254313.130000,0.260417,65104161.279924,0.000000,-1,,,,,,,,,,,,
fft-bf16-fp32-log15-online-r2-t256-b6,fft-bf16-fp32-log15-b6,full,butterfly,cuButterfly-online-r2-t256,0,1,6,-1,,fp32,16,32,32,0,per-stage-twiddle,floating-complex,online-r2-t256,64,38,2048,6,48,0.75,384,0.8,0.8,register,1572864,0.25,0,Tesla V100-SXM2-16GB,7.0,fft,bf16,forward,none,out-of-place,0,,,,0.000000,,online-reorder,radix2,four-mul,table,direct-strided,,2,8x7,0x0,8x8,table,direct-strided,global-scratch,2,0x0,8x8,shared,linear,scalar,0,named-barrier,256,0,0,8,8,0,0,8,1,0,0,15,32768,6,1,32768,1000,100,0.220736,0.035922,0.234304,167028.933443,41.049031,5473204091.051101,0.000000,-1,,,,,,,,,,,,
fwht-bf16-fp32-log15-online-r4-t256-b1,fwht-bf16-fp32-log15-b1,full,butterfly,cuButterfly-online-r4-t256,0,5,1,-1,,fp32,16,32,32,0,implicit-sign,floating-add,online-r4-t256,64,46,2048,5,40,0.625,64,0.16,0.16,register,131072,0.020833333333333332,0,Tesla V100-SXM2-16GB,7.0,fwht,bf16,forward,none,out-of-place,0,,,,0.000000,,online-reorder,radix4,four-mul,table,direct-strided,,2,8x7,0x0,8x8,table,direct-strided,global-scratch,2,0x0,8x8,shared,linear,scalar,0,named-barrier,256,0,0,8,8,0,0,8,1,0,0,15,32768,1,1,32768,1000,100,0.033792,0.009349,0.033920,106961.940386,26.286966,3504928862.554031,0.000000,-1,,,,,,,,,,,,
fwht-fp16-native-log15-hier-r4-t256-b6,fwht-fp16-native-log15-b6,full,butterfly,cuButterfly-hier-r4-t256,0,5,6,-1,,native,16,16,16,0,implicit-sign,floating-add,hier-r4-t256,64,44,2048,5,40,0.625,384,0.96,0.96,register,786432,0.125,0,Tesla V100-SXM2-16GB,7.0,fwht,fp16,forward,none,out-of-place,0,,,,0.000000,,hierarchical,radix4,four-mul,table,direct-strided,,1,15,,,,,,0,,,shared,linear,scalar,0,named-barrier,256,0,0,8,8,0,0,8,0,0,0,15,32768,6,1,32768,1000,100,0.094080,0.021678,0.111872,276777.269181,68.020782,9069437556.510122,0.000000,-1,,,,,,,,,,,,
fwht-fp16-fp32-log8-temporal-r2-t128-b960,fwht-fp16-fp32-log8-b960,full,butterfly,cuButterfly-temporal-r2-t128,0,5,960,-1,,fp32,16,32,32,0,implicit-sign,floating-add,temporal-r2-t128,1,30,512,16,64,1.0,960,0.75,0.75,register+thread+warp,983040,0.15625,0,Tesla V100-SXM2-16GB,7.0,fwht,fp16,forward,none,out-of-place,0,,,,0.000000,,temporal-tile,radix2,four-mul,table,direct-strided,,1,8,,,,,,0,,,shared,linear,scalar,0,named-barrier,128,0,0,8,8,0,0,0,0,0,0,8,256,960,1,256,1000,100,0.150336,0.004844,0.139456,198202959.807256,202.959831,50739957710.657631,0.000000,-1,,,,,,,,,,,,
structured-2x2-fp16-native-log15-hier-r4-t256-b7,structured-2x2-fp16-native-log15-b7,full,butterfly,cuButterfly-hier-r4-t256,0,5,7,-1,,native,16,16,16,0,broadcast,floating-fma,hier-r4-t256,64,44,2048,5,40,0.625,448,1.12,1.0,register,917504,0.14583333333333334,0,Tesla V100-SXM2-16GB,7.0,structured-2x2,fp16,forward,none,out-of-place,0,,,,0.000000,,hierarchical,radix4,four-mul,table,direct-strided,0.92387949999999996:-0.38268340000000001:0.38268340000000001:0.92387949999999996,1,15,,,,,,0,,,shared,linear,scalar,0,named-barrier,256,0,0,8,8,0,0,8,0,0,0,15,32768,7,1,32768,1000,100,0.111488,0.023480,0.132128,298121.997309,73.266462,9768861607.822559,0.000000,-1,,,,,,,,,,,,
fft-bf16-native-log15-online-r2-t256-b9,fft-bf16-native-log15-b9,full,butterfly,cuButterfly-online-r2-t256,0,2,9,-1,,native,16,32,16,1,per-stage-twiddle,floating-complex,online-r2-t256,64,38,2048,6,48,0.75,576,1.2,1.0,register,2359296,0.375,0,Tesla V100-SXM2-16GB,7.0,fft,bf16,forward,none,out-of-place,0,,,,0.000000,,online-reorder,radix2,four-mul,table,direct-strided,,2,8x7,0x0,8x8,table,direct-strided,global-scratch,2,0x0,8x8,shared,linear,scalar,0,named-barrier,256,0,0,8,8,0,0,8,1,0,0,15,32768,9,1,32768,1000,100,0.351456,0.062669,0.281440,143612.131542,35.294117,4705882326.358560,0.000000,-1,,,,,,,,,,,,
fwht-fp16-fp32-log15-online-r4-t256-b8,fwht-fp16-fp32-log15-b8,full,butterfly,cuButterfly-online-r4-t256,0,5,8,-1,,fp32,16,32,32,0,implicit-sign,floating-add,online-r4-t256,64,46,2048,5,40,0.625,512,1.28,1.0,register,1048576,0.16666666666666666,0,Tesla V100-SXM2-16GB,7.0,fwht,fp16,forward,none,out-of-place,0,,,,0.000000,,online-reorder,radix4,four-mul,table,direct-strided,,2,8x7,0x0,8x8,table,direct-strided,global-scratch,2,0x0,8x8,shared,linear,scalar,0,named-barrier,256,0,0,8,8,0,0,8,1,0,0,15,32768,8,1,32768,1000,100,0.122496,0.026122,0.141184,306252.445920,75.264601,10035280147.918419,0.000000,-1,,,,,,,,,,,,
fft-fp64-log8-temporal-r4-t128-b1,fft-fp64-log8-b1,full,butterfly,cuButterfly-temporal-r4-t128,0,1,1,-1,,native,64,64,64,0,per-stage-twiddle,floating-complex,temporal-r4-t128,1,50,4096,9,36,0.5625,1,0.001388888888888889,0.001388888888888889,register,8192,0.0013020833333333333,0,Tesla V100-SXM2-16GB,7.0,fft,fp64,forward,none,out-of-place,0,,,,0.000000,,temporal-tile,radix4,four-mul,table,direct-strided,,1,8,,,,,,0,,,shared,linear,scalar,0,named-barrier,128,0,0,8,8,0,0,0,0,0,0,8,256,1,1,256,1000,100,0.007168,0.003758,0.017632,266093.319235,0.272480,68119889.724141,0.000000,-1,,,,,,,,,,,,
fwht-fp16-native-log15-hier-r4-t256-b6,fwht-fp16-native-log15-b6,full,butterfly,cuButterfly-hier-r4-t256,0,2,6,-1,,native,16,16,16,0,implicit-sign,floating-add,hier-r4-t256,64,44,2048,5,40,0.625,384,0.96,0.96,register,786432,0.125,0,Tesla V100-SXM2-16GB,7.0,fwht,fp16,forward,none,out-of-place,0,,,,0.000000,,hierarchical,radix4,four-mul,table,direct-strided,,1,15,,,,,,0,,,shared,linear,scalar,0,named-barrier,256,0,0,8,8,0,0,8,0,0,0,15,32768,6,1,32768,1000,100,0.095104,0.021627,0.113216,277432.523375,68.181817,9090908925.949305,0.000000,-1,,,,,,,,,,,,
fft-fp32-log20-online-r2-t256-b1,fft-fp32-log20-b1,full,butterfly,cuButterfly-online-r2-t256,0,2,1,-1,,native,32,32,32,0,per-stage-twiddle,floating-complex,online-r2-t256,512,38,4096,6,48,0.75,512,1.0666666666666667,1.0,register,16777216,2.6666666666666665,0,Tesla V100-SXM2-16GB,7.0,fft,fp32,forward,none,out-of-place,0,,,,0.000000,,online-reorder,radix2,four-mul,table,direct-strided,,2,10x10,0x0,8x8,table,direct-strided,global-scratch,2,0x0,8x8,shared,linear,scalar,0,named-barrier,256,0,0,8,8,0,0,10,1,0,0,20,1048576,1,1,1048576,1000,100,1.413920,0.185272,1.402976,5397.460746,56.596478,5659647798.880017,0.000000,-1,,,,,,,,,,,,
fwht-bf16-native-log15-online-r4-t256-b1,fwht-bf16-native-log15-b1,full,butterfly,cuButterfly-online-r4-t256,0,5,1,-1,,native,16,32,16,1,implicit-sign,floating-add,online-r4-t256,64,46,2048,5,40,0.625,64,0.16,0.16,register,131072,0.020833333333333332,0,Tesla V100-SXM2-16GB,7.0,fwht,bf16,forward,none,out-of-place,0,,,,0.000000,,online-reorder,radix4,four-mul,table,direct-strided,,2,8x7,0x0,8x8,table,direct-strided,global-scratch,2,0x0,8x8,shared,linear,scalar,0,named-barrier,256,0,0,8,8,0,0,8,1,0,0,15,32768,1,1,32768,1000,100,0.031744,0.009339,0.033408,107079.221975,26.315790,3508771945.681625,0.000000,-1,,,,,,,,,,,,
subset-zeta-uint32-zeta-log15-online-r2-t256-b9,subset-zeta-uint32-zeta-log15-b9,full,butterfly,cuButterfly-online-r2-t256,0,5,9,-1,,native,32,32,32,0,implicit-unit,integer-add,online-r2-t256,64,36,2048,6,48,0.75,576,1.2,1.0,register,2359296,0.375,0,Tesla V100-SXM2-16GB,7.0,subset-zeta,uint32,forward,none,out-of-place,0,,,,0.000000,,online-reorder,radix2,four-mul,table,direct-strided,,2,8x7,0x0,8x8,table,direct-strided,global-scratch,2,0x0,8x8,shared,linear,scalar,0,named-barrier,256,0,0,8,8,0,0,8,1,0,0,15,32768,9,1,32768,1000,100,0.272640,0.028733,0.306752,313223.898020,76.977905,10263720690.333323,0.000000,-1,,,,,,,,,,,,
fft-bf16-fp32-log8-temporal-r2-t128-b1,fft-bf16-fp32-log8-b1,full,butterfly,cuButterfly-temporal-r2-t128,0,2,1,-1,,fp32,16,32,32,0,per-stage-twiddle,floating-complex,temporal-r2-t128,1,32,1024,16,64,1.0,1,0.00078125,0.00078125,register+thread+warp,2048,0.0003255208333333333,0,Tesla V100-SXM2-16GB,7.0,fft,bf16,forward,none,out-of-place,0,,,,0.000000,,temporal-tile,radix2,four-mul,table,direct-strided,,1,8,,,,,,0,,,shared,linear,scalar,0,named-barrier,128,0,0,8,8,0,0,0,0,0,0,8,256,1,1,256,1000,100,0.007168,0.004782,0.019392,209114.017621,0.214133,53533188.510882,0.000000,-1,,,,,,,,,,,,
fft-bf16-fp32-log15-online-r4-t256-b6,fft-bf16-fp32-log15-b6,full,butterfly,cuButterfly-online-r4-t256,0,1,6,-1,,fp32,16,32,32,0,per-stage-twiddle,floating-complex,online-r4-t256,64,50,4096,4,32,0.5,384,1.2,1.0,register,1572864,0.25,0,Tesla V100-SXM2-16GB,7.0,fft,bf16,forward,none,out-of-place,0,,,,0.000000,,online-reorder,radix4,four-mul,table,direct-strided,,2,8x7,0x0,8x8,table,direct-strided,global-scratch,2,0x0,8x8,shared,linear,scalar,0,named-barrier,256,0,0,8,8,0,0,8,1,0,0,15,32768,6,1,32768,1000,100,0.230880,0.038707,0.194464,155009.918882,38.095238,5079365021.916704,0.000000,-1,,,,,,,,,,,,
fwht-fp16-fp32-log15-hier-r4-t256-b9,fwht-fp16-fp32-log15-b9,full,butterfly,cuButterfly-hier-r4-t256,0,2,9,-1,,fp32,16,32,32,0,implicit-sign,floating-add,hier-r4-t256,64,44,2048,5,40,0.625,576,1.44,1.0,register,1179648,0.1875,0,Tesla V100-SXM2-16GB,7.0,fwht,fp16,forward,none,out-of-place,0,,,,0.000000,,hierarchical,radix4,four-mul,table,direct-strided,,1,15,,,,,,0,,,shared,linear,scalar,0,named-barrier,256,0,0,8,8,0,0,8,0,0,0,15,32768,9,1,32768,1000,100,0.138336,0.025262,0.180672,356265.198773,87.555735,11674098033.408058,0.000000,-1,,,,,,,,,,,,
fwht-fp64-log15-online-r4-t256-b6,fwht-fp64-log15-b6,full,butterfly,cuButterfly-online-r4-t256,0,4,6,-1,,native,64,64,64,0,implicit-sign,floating-add,online-r4-t256,64,50,8192,4,32,0.5,384,1.2,1.0,register,3145728,0.5,0,Tesla V100-SXM2-16GB,7.0,fwht,fp64,forward,none,out-of-place,0,,,,0.000000,,online-reorder,radix4,four-mul,table,direct-strided,,2,8x7,0x0,8x8,table,direct-strided,global-scratch,2,0x0,8x8,shared,linear,scalar,0,named-barrier,256,0,0,8,8,0,0,8,1,0,0,15,32768,6,1,32768,1000,100,0.357088,0.020910,0.316448,286942.966483,70.519103,9402547125.724510,0.000000,-1,,,,,,,,,,,,
fwht-fp16-native-log8-temporal-r2-t128-b959,fwht-fp16-native-log8-b959,full,butterfly,cuButterfly-temporal-r2-t128,0,3,959,-1,,native,16,16,16,0,implicit-sign,floating-add,temporal-r2-t128,1,30,512,16,64,1.0,959,0.74921875,0.74921875,register+thread+warp,982016,0.15608723958333334,0,Tesla V100-SXM2-16GB,7.0,fwht,fp16,forward,none,out-of-place,0,,,,0.000000,,temporal-tile,radix2,four-mul,table,direct-strided,,1,8,,,,,,0,,,shared,linear,scalar,0,named-barrier,128,0,0,8,8,0,0,0,0,0,0,8,256,959,1,256,1000,100,0.129152,0.004536,0.128736,211404839.644279,216.478556,54119638948.935356,0.000000,-1,,,,,,,,,,,,
ntt-uint64-ntt-log15-ntt-hybrid-r4-t256-b321,ntt-uint64-ntt-log15-b321,full,ntt,cuButterfly-ntt-hybrid-r4-t256,0,4,321,-1,,native,64,64,64,0,per-stage-root,modular-multiply-reduce,ntt-hybrid-r4-t256,1,66,8192,3,24,0.375,321,1.3375,1.0,register,168296448,26.75,0,Tesla V100-SXM2-16GB,7.0,ntt,uint64,forward,,,0,,,,0.000000,,hybrid2d,radix4,,fused,,,,,,,,,,,,,,,,0,named-barrier,,,,,,,,,,,,15,32768,321,1,32768,1000,100,13.592224,0.628900,12.661984,,,,,-1,natural,64,1152921504606748673,60,7,4,256,0,510415.162349,11940.583488,16725284039.868116,shoup
fft-fp64-log8-temporal-r4-t128-b959,fft-fp64-log8-b959,full,butterfly,cuButterfly-temporal-r4-t128,0,5,959,-1,,native,64,64,64,0,per-stage-twiddle,floating-complex,temporal-r4-t128,1,50,4096,9,36,0.5625,959,1.3319444444444444,1.0,register,7856128,1.2486979166666667,0,Tesla V100-SXM2-16GB,7.0,fft,fp64,forward,none,out-of-place,0,,,,0.000000,,temporal-tile,radix4,four-mul,table,direct-strided,,1,8,,,,,,0,,,shared,linear,scalar,0,named-barrier,128,0,0,8,8,0,0,0,0,0,0,8,256,959,1,256,1000,100,0.703680,0.017203,0.658144,55745440.736569,57.083331,14270832828.561771,0.000000,-1,,,,,,,,,,,,
fft-fp64-log8-temporal-r2-t128-b959,fft-fp64-log8-b959,full,butterfly,cuButterfly-temporal-r2-t128,0,3,959,-1,,native,64,64,64,0,per-stage-twiddle,floating-complex,temporal-r2-t128,1,36,4096,12,48,0.75,959,0.9989583333333333,0.9989583333333333,register,7856128,1.2486979166666667,0,Tesla V100-SXM2-16GB,7.0,fft,fp64,forward,none,out-of-place,0,,,,0.000000,,temporal-tile,radix2,four-mul,table,direct-strided,,1,8,,,,,,0,,,shared,linear,scalar,0,named-barrier,128,0,0,8,8,0,0,0,0,0,0,8,256,959,1,256,1000,100,0.720672,0.017705,0.678816,54165612.474249,55.465587,13866396793.407619,0.000000,-1,,,,,,,,,,,,
fft-bf16-native-log15-hier-r4-t256-b1,fft-bf16-native-log15-b1,full,butterfly,cuButterfly-hier-r4-t256,0,3,1,-1,,native,16,32,16,1,per-stage-twiddle,floating-complex,hier-r4-t256,64,48,4096,5,40,0.625,64,0.16,0.16,register,262144,0.041666666666666664,0,Tesla V100-SXM2-16GB,7.0,fft,bf16,forward,none,out-of-place,0,,,,0.000000,,hierarchical,radix4,four-mul,table,direct-strided,,1,15,,,,,,0,,,shared,linear,scalar,0,named-barrier,256,0,0,8,8,0,0,8,0,0,0,15,32768,1,1,32768,1000,100,0.034976,0.025917,0.050112,38584.059486,9.482418,1264322461.229759,0.000000,-1,,,,,,,,,,,,
fft-bf16-native-log8-temporal-r2-t128-b1280,fft-bf16-native-log8-b1280,full,butterfly,cuButterfly-temporal-r2-t128,0,4,1280,-1,,native,16,32,16,1,per-stage-twiddle,floating-complex,temporal-r2-t128,1,32,1024,16,64,1.0,1280,1.0,1.0,register+thread+warp,2621440,0.4166666666666667,0,Tesla V100-SXM2-16GB,7.0,fft,bf16,forward,none,out-of-place,0,,,,0.000000,,temporal-tile,radix2,four-mul,table,direct-strided,,1,8,,,,,,0,,,shared,linear,scalar,0,named-barrier,128,0,0,8,8,0,0,0,0,0,0,8,256,1280,1,256,1000,100,0.310304,0.025620,0.293216,49960033.657848,51.159074,12789768616.409147,0.000000,-1,,,,,,,,,,,,
structured-2x2-fp64-log15-online-r2-t256-b4,structured-2x2-fp64-log15-b4,full,butterfly,cuButterfly-online-r2-t256,0,5,4,-1,,native,64,64,64,0,broadcast,floating-fma,online-r2-t256,64,38,4096,6,48,0.75,256,0.5333333333333333,0.5333333333333333,register,2097152,0.3333333333333333,0,Tesla V100-SXM2-16GB,7.0,structured-2x2,fp64,forward,none,out-of-place,0,,,,0.000000,,online-reorder,radix2,four-mul,table,direct-strided,0.92387949999999996:-0.38268340000000001:0.38268340000000001:0.92387949999999996,2,8x7,0x0,8x8,table,direct-strided,global-scratch,2,0x0,8x8,shared,linear,scalar,0,named-barrier,256,0,0,8,8,0,0,8,1,0,0,15,32768,4,1,32768,1000,100,0.246528,0.020244,0.311104,197584.732339,48.558424,6474456509.283195,0.000000,-1,,,,,,,,,,,,
fft-bf16-fp32-log15-online-r4-t256-b6,fft-bf16-fp32-log15-b6,full,butterfly,cuButterfly-online-r4-t256,0,2,6,-1,,fp32,16,32,32,0,per-stage-twiddle,floating-complex,online-r4-t256,64,50,4096,4,32,0.5,384,1.2,1.0,register,1572864,0.25,0,Tesla V100-SXM2-16GB,7.0,fft,bf16,forward,none,out-of-place,0,,,,0.000000,,online-reorder,radix4,four-mul,table,direct-strided,,2,8x7,0x0,8x8,table,direct-strided,global-scratch,2,0x0,8x8,shared,linear,scalar,0,named-barrier,256,0,0,8,8,0,0,8,1,0,0,15,32768,6,1,32768,1000,100,0.226528,0.039854,0.204256,150549.205440,36.998973,4933196363.857709,0.000000,-1,,,,,,,,,,,,
fft-fp32-log8-temporal-r2-t128-b1279,fft-fp32-log8-b1279,full,butterfly,cuButterfly-temporal-r2-t128,0,3,1279,-1,,native,32,32,32,0,per-stage-twiddle,floating-complex,temporal-r2-t128,1,32,2048,16,64,1.0,1279,0.99921875,0.99921875,register+thread+warp,5238784,0.8326822916666666,0,Tesla V100-SXM2-16GB,7.0,fft,fp32,forward,none,out-of-place,0,,,,0.000000,,temporal-tile,radix2,four-mul,table,direct-strided,,1,8,,,,,,0,,,shared,linear,scalar,0,named-barrier,128,0,0,8,8,0,0,0,0,0,0,8,256,1279,1,256,1000,100,0.500768,0.011090,0.471168,115329956.605094,118.097876,29524468890.904057,0.000000,-1,,,,,,,,,,,,
fft-bf16-native-log20-online-r2-t256-b2,fft-bf16-native-log20-b2,full,butterfly,cuButterfly-online-r2-t256,0,3,2,-1,,native,16,32,16,1,per-stage-twiddle,floating-complex,online-r2-t256,512,38,2048,6,48,0.75,1024,2.1333333333333333,1.0,register,16777216,2.6666666666666665,0,Tesla V100-SXM2-16GB,7.0,fft,bf16,forward,none,out-of-place,0,,,,0.000000,,online-reorder,radix2,four-mul,table,direct-strided,,2,10x10,0x0,8x8,table,direct-strided,global-scratch,2,0x0,8x8,shared,linear,scalar,0,named-barrier,256,0,0,8,8,0,0,10,1,0,0,20,1048576,2,1,1048576,1000,100,1.416864,0.441948,1.366144,4525.417484,47.452442,4745244163.431904,0.000000,-1,,,,,,,,,,,,
structured-2x2-fp64-log20-online-r4-t256-b2,structured-2x2-fp64-log20-b2,full,butterfly,cuButterfly-online-r4-t256,0,3,2,-1,,native,64,64,64,0,broadcast,floating-fma,online-r4-t256,512,50,8192,4,32,0.5,1024,3.2,1.0,register,33554432,5.333333333333333,0,Tesla V100-SXM2-16GB,7.0,structured-2x2,fp64,forward,none,out-of-place,0,,,,0.000000,,online-reorder,radix4,four-mul,table,direct-strided,0.92387949999999996:-0.38268340000000001:0.38268340000000001:0.92387949999999996,2,10x10,0x0,8x8,table,direct-strided,global-scratch,2,0x0,8x8,shared,linear,scalar,0,named-barrier,256,0,0,8,8,0,0,10,1,0,0,20,1048576,2,1,1048576,1000,100,2.761440,0.192932,2.625376,10366.354978,108.699110,10869911037.630692,0.000000,-1,,,,,,,,,,,,
fft-bf16-native-log20-hier-r4-t256-b1,fft-bf16-native-log20-b1,full,butterfly,cuButterfly-hier-r4-t256,0,4,1,-1,,native,16,32,16,1,per-stage-twiddle,floating-complex,hier-r4-t256,512,48,4096,5,40,0.625,512,1.28,1.0,register,8388608,1.3333333333333333,0,Tesla V100-SXM2-16GB,7.0,fft,bf16,forward,none,out-of-place,0,,,,0.000000,,hierarchical,radix4,four-mul,table,direct-strided,,1,20,,,,,,0,,,shared,linear,scalar,0,named-barrier,256,0,0,8,8,0,0,10,0,0,0,20,1048576,1,1,1048576,1000,100,0.746624,0.249426,0.741952,4009.206216,42.039574,4203957416.841258,0.000000,-1,,,,,,,,,,,,
fft-fp32-log20-online-r2-t256-b1,fft-fp32-log20-b1,full,butterfly,cuButterfly-online-r2-t256,0,4,1,-1,,native,32,32,32,0,per-stage-twiddle,floating-complex,online-r2-t256,512,38,4096,6,48,0.75,512,1.0666666666666667,1.0,register,16777216,2.6666666666666665,0,Tesla V100-SXM2-16GB,7.0,fft,fp32,forward,none,out-of-place,0,,,,0.000000,,online-reorder,radix2,four-mul,table,direct-strided,,2,10x10,0x0,8x8,table,direct-strided,global-scratch,2,0x0,8x8,shared,linear,scalar,0,named-barrier,256,0,0,8,8,0,0,10,1,0,0,20,1048576,1,1,1048576,1000,100,1.414336,0.185252,1.362656,5398.056844,56.602729,5660272852.837600,0.000000,-1,,,,,,,,,,,,
subset-zeta-uint32-zeta-log8-temporal-r4-t128-b1279,subset-zeta-uint32-zeta-log8-b1279,full,butterfly,cuButterfly-temporal-r4-t128,0,5,1279,-1,,native,32,32,32,0,implicit-unit,integer-add,temporal-r4-t128,1,38,1024,12,48,0.75,1279,1.3322916666666667,1.0,register,2619392,0.4163411458333333,0,Tesla V100-SXM2-16GB,7.0,subset-zeta,uint32,forward,none,out-of-place,0,,,,0.000000,,temporal-tile,radix4,four-mul,table,direct-strided,,1,8,,,,,,0,,,shared,linear,scalar,0,named-barrier,128,0,0,8,8,0,0,0,0,0,0,8,256,1279,1,256,1000,100,0.302240,0.004731,0.299136,270351405.124294,276.839839,69209959711.819321,0.000000,-1,,,,,,,,,,,,
fft-fp16-native-log8-temporal-r2-t128-b801,fft-fp16-native-log8-b801,full,butterfly,cuButterfly-temporal-r2-t128,0,5,801,-1,,native,16,16,16,0,per-stage-twiddle,floating-complex,temporal-r2-t128,1,32,1024,16,64,1.0,801,0.62578125,0.62578125,register+thread+warp,1640448,0.2607421875,0,Tesla V100-SXM2-16GB,7.0,fft,fp16,forward,none,out-of-place,0,,,,0.000000,,temporal-tile,radix2,four-mul,table,direct-strided,,1,8,,,,,,0,,,shared,linear,scalar,0,named-barrier,128,0,0,8,8,0,0,0,0,0,0,8,256,801,1,256,1000,100,0.187136,0.005437,0.242240,147311963.866856,150.847451,37711862749.915176,0.000000,-1,,,,,,,,,,,,
fft-bf16-native-log15-online-r4-t256-b1,fft-bf16-native-log15-b1,full,butterfly,cuButterfly-online-r4-t256,0,2,1,-1,,native,16,32,16,1,per-stage-twiddle,floating-complex,online-r4-t256,64,50,4096,4,32,0.5,64,0.2,0.2,register,262144,0.041666666666666664,0,Tesla V100-SXM2-16GB,7.0,fft,bf16,forward,none,out-of-place,0,,,,0.000000,,online-reorder,radix4,four-mul,table,direct-strided,,2,8x7,0x0,8x8,table,direct-strided,global-scratch,2,0x0,8x8,shared,linear,scalar,0,named-barrier,256,0,0,8,8,0,0,8,1,0,0,15,32768,1,1,32768,1000,100,0.034688,0.018135,0.046464,55141.871628,13.551666,1806888849.513901,0.000000,-1,,,,,,,,,,,,
structured-2x2-bf16-fp32-log20-online-r4-t256-b2,structured-2x2-bf16-fp32-log20-b2,full,butterfly,cuButterfly-online-r4-t256,0,2,2,-1,,fp32,16,32,32,0,broadcast,floating-fma,online-r4-t256,512,46,2048,5,40,0.625,1024,2.56,1.0,register,8388608,1.3333333333333333,0,Tesla V100-SXM2-16GB,7.0,structured-2x2,bf16,forward,none,out-of-place,0,,,,0.000000,,online-reorder,radix4,four-mul,table,direct-strided,0.92387949999999996:-0.38268340000000001:0.38268340000000001:0.92387949999999996,2,10x10,0x0,8x8,table,direct-strided,global-scratch,2,0x0,8x8,shared,linear,scalar,0,named-barrier,256,0,0,8,8,0,0,10,1,0,0,20,1048576,2,1,1048576,1000,100,0.750144,0.198892,0.747680,10055.732869,105.442001,10544200148.533075,0.000000,-1,,,,,,,,,,,,
fft-fp16-fp32-log20-hier-r4-t256-b1,fft-fp16-fp32-log20-b1,full,butterfly,cuButterfly-hier-r4-t256,0,1,1,-1,,fp32,16,32,32,0,per-stage-twiddle,floating-complex,hier-r4-t256,512,48,4096,5,40,0.625,512,1.28,1.0,register,8388608,1.3333333333333333,0,Tesla V100-SXM2-16GB,7.0,fft,fp16,forward,none,out-of-place,0,,,,0.000000,,hierarchical,radix4,four-mul,table,direct-strided,,1,20,,,,,,0,,,shared,linear,scalar,0,named-barrier,256,0,0,8,8,0,0,10,0,0,0,20,1048576,1,1,1048576,1000,100,0.743744,0.136878,0.742592,7305.772039,76.606572,7660657221.184333,0.000000,-1,,,,,,,,,,,,
fwht-fp64-log15-hier-r4-t256-b7,fwht-fp64-log15-b7,full,butterfly,cuButterfly-hier-r4-t256,0,5,7,-1,,native,64,64,64,0,implicit-sign,floating-add,hier-r4-t256,64,48,8192,5,40,0.625,448,1.12,1.0,register,3670016,0.5833333333333334,0,Tesla V100-SXM2-16GB,7.0,fwht,fp64,forward,none,out-of-place,0,,,,0.000000,,hierarchical,radix4,four-mul,table,direct-strided,,1,15,,,,,,0,,,shared,linear,scalar,0,named-barrier,256,0,0,8,8,0,0,8,0,0,0,15,32768,7,1,32768,1000,100,0.402752,0.028764,0.348064,243358.398606,59.807760,7974368005.505795,0.000000,-1,,,,,,,,,,,,
fwht-fp32-log20-hier-r4-t256-b1,fwht-fp32-log20-b1,full,butterfly,cuButterfly-hier-r4-t256,0,4,1,-1,,native,32,32,32,0,implicit-sign,floating-add,hier-r4-t256,512,44,4096,5,40,0.625,512,1.28,1.0,register,8388608,1.3333333333333333,0,Tesla V100-SXM2-16GB,7.0,fwht,fp32,forward,none,out-of-place,0,,,,0.000000,,hierarchical,radix4,four-mul,table,direct-strided,,1,20,,,,,,0,,,shared,linear,scalar,0,named-barrier,256,0,0,8,8,0,0,10,0,0,0,20,1048576,1,1,1048576,1000,100,0.746240,0.098806,0.708416,10120.867158,106.124984,10612498400.844852,0.000000,-1,,,,,,,,,,,,
fwht-bf16-fp32-log15-hier-r4-t256-b1,fwht-bf16-fp32-log15-b1,full,butterfly,cuButterfly-hier-r4-t256,0,1,1,-1,,fp32,16,32,32,0,implicit-sign,floating-add,hier-r4-t256,64,44,2048,5,40,0.625,64,0.16,0.16,register,131072,0.020833333333333332,0,Tesla V100-SXM2-16GB,7.0,fwht,bf16,forward,none,out-of-place,0,,,,0.000000,,hierarchical,radix4,four-mul,table,direct-strided,,1,15,,,,,,0,,,shared,linear,scalar,0,named-barrier,256,0,0,8,8,0,0,8,0,0,0,15,32768,1,1,32768,1000,100,0.031744,0.017695,0.029728,56514.036325,13.888890,1851851942.299295,0.000000,-1,,,,,,,,,,,,
structured-2x2-bf16-fp32-log15-online-r4-t256-b9,structured-2x2-bf16-fp32-log15-b9,full,butterfly,cuButterfly-online-r4-t256,0,4,9,-1,,fp32,16,32,32,0,broadcast,floating-fma,online-r4-t256,64,46,2048,5,40,0.625,576,1.44,1.0,register,1179648,0.1875,0,Tesla V100-SXM2-16GB,7.0,structured-2x2,bf16,forward,none,out-of-place,0,,,,0.000000,,online-reorder,radix4,four-mul,table,direct-strided,0.92387949999999996:-0.38268340000000001:0.38268340000000001:0.92387949999999996,2,8x7,0x0,8x8,table,direct-strided,global-scratch,2,0x0,8x8,shared,linear,scalar,0,named-barrier,256,0,0,8,8,0,0,8,1,0,0,15,32768,9,1,32768,1000,100,0.137216,0.033577,0.143296,268040.929534,65.873739,8783165178.971796,0.000000,-1,,,,,,,,,,,,
fft-bf16-native-log20-online-r2-t256-b1,fft-bf16-native-log20-b1,full,butterfly,cuButterfly-online-r2-t256,0,5,1,-1,,native,16,32,16,1,per-stage-twiddle,floating-complex,online-r2-t256,512,38,2048,6,48,0.75,512,1.0666666666666667,1.0,register,8388608,1.3333333333333333,0,Tesla V100-SXM2-16GB,7.0,fft,bf16,forward,none,out-of-place,0,,,,0.000000,,online-reorder,radix2,four-mul,table,direct-strided,,2,10x10,0x0,8x8,table,direct-strided,global-scratch,2,0x0,8x8,shared,linear,scalar,0,named-barrier,256,0,0,8,8,0,0,10,1,0,0,20,1048576,1,1,1048576,1000,100,0.743616,0.239759,0.718912,4170.848452,43.734516,4373451586.087465,0.000000,-1,,,,,,,,,,,,
fwht-bf16-fp32-log20-online-r2-t256-b1,fwht-bf16-fp32-log20-b1,full,butterfly,cuButterfly-online-r2-t256,0,2,1,-1,,fp32,16,32,32,0,implicit-sign,floating-add,online-r2-t256,512,36,1024,6,48,0.75,512,1.0666666666666667,1.0,register,4194304,0.6666666666666666,0,Tesla V100-SXM2-16GB,7.0,fwht,bf16,forward,none,out-of-place,0,,,,0.000000,,online-reorder,radix2,four-mul,table,direct-strided,,2,10x10,0x0,8x8,table,direct-strided,global-scratch,2,0x0,8x8,shared,linear,scalar,0,named-barrier,256,0,0,8,8,0,0,10,1,0,0,20,1048576,1,1,1048576,1000,100,0.431328,0.107244,0.428448,9324.573098,97.775236,9777523560.391527,0.000000,-1,,,,,,,,,,,,
fwht-bf16-fp32-log8-temporal-r2-t128-b959,fwht-bf16-fp32-log8-b959,full,butterfly,cuButterfly-temporal-r2-t128,0,1,959,-1,,fp32,16,32,32,0,implicit-sign,floating-add,temporal-r2-t128,1,30,512,16,64,1.0,959,0.74921875,0.74921875,register+thread+warp,982016,0.15608723958333334,0,Tesla V100-SXM2-16GB,7.0,fwht,bf16,forward,none,out-of-place,0,,,,0.000000,,temporal-tile,radix2,four-mul,table,direct-strided,,1,8,,,,,,0,,,shared,linear,scalar,0,named-barrier,128,0,0,8,8,0,0,0,0,0,0,8,256,959,1,256,1000,100,0.132928,0.007004,0.120352,136918622.729388,140.204670,35051167418.723358,0.000000,-1,,,,,,,,,,,,
fwht-fp32-log20-hier-r4-t256-b1,fwht-fp32-log20-b1,full,butterfly,cuButterfly-hier-r4-t256,0,2,1,-1,,native,32,32,32,0,implicit-sign,floating-add,hier-r4-t256,512,44,4096,5,40,0.625,512,1.28,1.0,register,8388608,1.3333333333333333,0,Tesla V100-SXM2-16GB,7.0,fwht,fp32,forward,none,out-of-place,0,,,,0.000000,,hierarchical,radix4,four-mul,table,direct-strided,,1,20,,,,,,0,,,shared,linear,scalar,0,named-barrier,256,0,0,8,8,0,0,10,0,0,0,20,1048576,1,1,1048576,1000,100,0.746624,0.098949,0.707040,10106.204134,105.971231,10597123105.719370,0.000000,-1,,,,,,,,,,,,
fft-fp16-native-log15-online-r4-t256-b1,fft-fp16-native-log15-b1,full,butterfly,cuButterfly-online-r4-t256,0,3,1,-1,,native,16,16,16,0,per-stage-twiddle,floating-complex,online-r4-t256,64,50,4096,4,32,0.5,64,0.2,0.2,register,262144,0.041666666666666664,0,Tesla V100-SXM2-16GB,7.0,fft,fp16,forward,none,out-of-place,0,,,,0.000000,,online-reorder,radix4,four-mul,table,direct-strided,,2,8x7,0x0,8x8,table,direct-strided,global-scratch,2,0x0,8x8,shared,linear,scalar,0,named-barrier,256,0,0,8,8,0,0,8,1,0,0,15,32768,1,1,32768,1000,100,0.036800,0.010107,0.051232,98942.509518,24.316111,3242148151.890233,0.000000,-1,,,,,,,,,,,,
fwht-bf16-native-log15-hier-r4-t256-b1,fwht-bf16-native-log15-b1,full,butterfly,cuButterfly-hier-r4-t256,0,2,1,-1,,native,16,32,16,1,implicit-sign,floating-add,hier-r4-t256,64,44,2048,5,40,0.625,64,0.16,0.16,register,131072,0.020833333333333332,0,Tesla V100-SXM2-16GB,7.0,fwht,bf16,forward,none,out-of-place,0,,,,0.000000,,hierarchical,radix4,four-mul,table,direct-strided,,1,15,,,,,,0,,,shared,linear,scalar,0,named-barrier,256,0,0,8,8,0,0,8,0,0,0,15,32768,1,1,32768,1000,100,0.033792,0.017756,0.033952,56318.482170,13.840830,1845444023.740434,0.000000,-1,,,,,,,,,,,,
fft-fp16-fp32-log8-temporal-r4-t128-b800,fft-fp16-fp32-log8-b800,full,butterfly,cuButterfly-temporal-r4-t128,0,5,800,-1,,fp32,16,32,32,0,per-stage-twiddle,floating-complex,temporal-r4-t128,1,42,1024,10,40,0.625,800,1.0,1.0,register,1638400,0.2604166666666667,0,Tesla V100-SXM2-16GB,7.0,fft,fp16,forward,none,out-of-place,0,,,,0.000000,,temporal-tile,radix4,four-mul,table,direct-strided,,1,8,,,,,,0,,,shared,linear,scalar,0,named-barrier,128,0,0,8,8,0,0,0,0,0,0,8,256,800,1,256,1000,100,0.192608,0.006195,0.189216,129132228.455142,132.231402,33057850484.516376,0.000000,-1,,,,,,,,,,,,
fft-fp16-fp32-log15-hier-r4-t256-b7,fft-fp16-fp32-log15-b7,full,butterfly,cuButterfly-hier-r4-t256,0,2,7,-1,,fp32,16,32,32,0,per-stage-twiddle,floating-complex,hier-r4-t256,64,48,4096,5,40,0.625,448,1.12,1.0,register,1835008,0.2916666666666667,0,Tesla V100-SXM2-16GB,7.0,fft,fp16,forward,none,out-of-place,0,,,,0.000000,,hierarchical,radix4,four-mul,table,direct-strided,,1,15,,,,,,0,,,shared,linear,scalar,0,named-barrier,256,0,0,8,8,0,0,8,0,0,0,15,32768,7,1,32768,1000,100,0.281856,0.030392,0.211168,230321.338075,56.603772,7547169606.043065,0.000000,-1,,,,,,,,,,,,
fft-fp32-log8-temporal-r4-t128-b1281,fft-fp32-log8-b1281,full,butterfly,cuButterfly-temporal-r4-t128,0,5,1281,-1,,native,32,32,32,0,per-stage-twiddle,floating-complex,temporal-r4-t128,1,42,2048,10,40,0.625,1281,1.60125,1.0,register,5246976,0.833984375,0,Tesla V100-SXM2-16GB,7.0,fft,fp32,forward,none,out-of-place,0,,,,0.000000,,temporal-tile,radix4,four-mul,table,direct-strided,,1,8,,,,,,0,,,shared,linear,scalar,0,named-barrier,128,0,0,8,8,0,0,0,0,0,0,8,256,1281,1,256,1000,100,0.505120,0.009667,0.440640,132518700.669693,135.699149,33924787371.441292,0.000000,-1,,,,,,,,,,,,
fwht-fp32-log8-temporal-r2-t128-b1,fwht-fp32-log8-b1,full,butterfly,cuButterfly-temporal-r2-t128,0,3,1,-1,,native,32,32,32,0,implicit-sign,floating-add,temporal-r2-t128,1,30,1024,16,64,1.0,1,0.00078125,0.00078125,register+thread+warp,2048,0.0003255208333333333,0,Tesla V100-SXM2-16GB,7.0,fwht,fp32,forward,none,out-of-place,0,,,,0.000000,,temporal-tile,radix2,four-mul,table,direct-strided,,1,8,,,,,,0,,,shared,linear,scalar,0,named-barrier,128,0,0,8,8,0,0,0,0,0,0,8,256,1,1,256,1000,100,0.011264,0.002744,0.020224,364388.981710,0.373134,93283579.317650,0.000000,-1,,,,,,,,,,,,
fft-fp32-log8-temporal-r4-t128-b1281,fft-fp32-log8-b1281,full,butterfly,cuButterfly-temporal-r4-t128,0,2,1281,-1,,native,32,32,32,0,per-stage-twiddle,floating-complex,temporal-r4-t128,1,42,2048,10,40,0.625,1281,1.60125,1.0,register,5246976,0.833984375,0,Tesla V100-SXM2-16GB,7.0,fft,fp32,forward,none,out-of-place,0,,,,0.000000,,temporal-tile,radix4,four-mul,table,direct-strided,,1,8,,,,,,0,,,shared,linear,scalar,0,named-barrier,128,0,0,8,8,0,0,0,0,0,0,8,256,1281,1,256,1000,100,0.506112,0.009718,0.447328,131820506.235310,134.984198,33746049596.239349,0.000000,-1,,,,,,,,,,,,
structured-2x2-bf16-native-log15-online-r2-t256-b9,structured-2x2-bf16-native-log15-b9,full,butterfly,cuButterfly-online-r2-t256,0,3,9,-1,,native,16,32,16,1,broadcast,floating-fma,online-r2-t256,64,36,1024,6,48,0.75,576,1.2,1.0,register,1179648,0.1875,0,Tesla V100-SXM2-16GB,7.0,structured-2x2,bf16,forward,none,out-of-place,0,,,,0.000000,,online-reorder,radix2,four-mul,table,direct-strided,0.92387949999999996:-0.38268340000000001:0.38268340000000001:0.92387949999999996,2,8x7,0x0,8x8,table,direct-strided,global-scratch,2,0x0,8x8,shared,linear,scalar,0,named-barrier,256,0,0,8,8,0,0,8,1,0,0,15,32768,9,1,32768,1000,100,0.142432,0.045588,0.141312,197418.301878,48.517522,6469002915.929346,0.000000,-1,,,,,,,,,,,,
fwht-bf16-fp32-log8-temporal-r2-t128-b959,fwht-bf16-fp32-log8-b959,full,butterfly,cuButterfly-temporal-r2-t128,0,2,959,-1,,fp32,16,32,32,0,implicit-sign,floating-add,temporal-r2-t128,1,30,512,16,64,1.0,959,0.74921875,0.74921875,register+thread+warp,982016,0.15608723958333334,0,Tesla V100-SXM2-16GB,7.0,fwht,bf16,forward,none,out-of-place,0,,,,0.000000,,temporal-tile,radix2,four-mul,table,direct-strided,,1,8,,,,,,0,,,shared,linear,scalar,0,named-barrier,128,0,0,8,8,0,0,0,0,0,0,8,256,959,1,256,1000,100,0.133568,0.007035,0.121696,136320731.145824,139.592429,34898107173.331017,0.000000,-1,,,,,,,,,,,,
fft-fp64-log20-online-r4-t256-b2,fft-fp64-log20-b2,full,butterfly,cuButterfly-online-r4-t256,0,5,2,-1,,native,64,64,64,0,per-stage-twiddle,floating-complex,online-r4-t256,512,58,16384,4,32,0.5,1024,3.2,1.0,register,67108864,10.666666666666666,0,Tesla V100-SXM2-16GB,7.0,fft,fp64,forward,none,out-of-place,0,,,,0.000000,,online-reorder,radix4,four-mul,table,direct-strided,,2,10x10,0x0,8x8,table,direct-strided,global-scratch,2,0x0,8x8,shared,linear,scalar,0,named-barrier,256,0,0,8,8,0,0,10,1,0,0,20,1048576,2,1,1048576,1000,100,5.444832,0.520192,5.136288,3844.734492,40.314963,4031496314.965798,0.000000,-1,,,,,,,,,,,,
fwht-fp32-log8-temporal-r4-t128-b960,fwht-fp32-log8-b960,full,butterfly,cuButterfly-temporal-r4-t128,0,4,960,-1,,native,32,32,32,0,implicit-sign,floating-add,temporal-r4-t128,1,38,1024,12,48,0.75,960,1.0,1.0,register,1966080,0.3125,0,Tesla V100-SXM2-16GB,7.0,fwht,fp32,forward,none,out-of-place,0,,,,0.000000,,temporal-tile,radix4,four-mul,table,direct-strided,,1,8,,,,,,0,,,shared,linear,scalar,0,named-barrier,128,0,0,8,8,0,0,0,0,0,0,8,256,960,1,256,1000,100,0.263136,0.004209,0.226944,228102204.427204,233.576657,58394164333.364128,0.000000,-1,,,,,,,,,,,,
structured-2x2-fp16-native-log8-temporal-r2-t128-b1,structured-2x2-fp16-native-log8-b1,full,butterfly,cuButterfly-temporal-r2-t128,0,3,1,-1,,native,16,16,16,0,broadcast,floating-fma,temporal-r2-t128,1,30,512,16,64,1.0,1,0.00078125,0.00078125,register+thread+warp,1024,0.00016276041666666666,0,Tesla V100-SXM2-16GB,7.0,structured-2x2,fp16,forward,none,out-of-place,0,,,,0.000000,,temporal-tile,radix2,four-mul,table,direct-strided,0.92387949999999996:-0.38268340000000001:0.38268340000000001:0.92387949999999996,1,8,,,,,,0,,,shared,linear,scalar,0,named-barrier,128,0,0,8,8,0,0,0,0,0,0,8,256,1,1,256,1000,100,0.005120,0.003123,0.016480,320184.422861,0.327869,81967212.252355,0.000000,-1,,,,,,,,,,,,
fft-fp16-fp32-log15-online-r2-t256-b7,fft-fp16-fp32-log15-b7,full,butterfly,cuButterfly-online-r2-t256,0,5,7,-1,,fp32,16,32,32,0,per-stage-twiddle,floating-complex,online-r2-t256,64,38,2048,6,48,0.75,448,0.9333333333333333,0.9333333333333333,register,1835008,0.2916666666666667,0,Tesla V100-SXM2-16GB,7.0,fft,fp16,forward,none,out-of-place,0,,,,0.000000,,online-reorder,radix2,four-mul,table,direct-strided,,2,8x7,0x0,8x8,table,direct-strided,global-scratch,2,0x0,8x8,shared,linear,scalar,0,named-barrier,256,0,0,8,8,0,0,8,1,0,0,15,32768,7,1,32768,1000,100,0.281216,0.034079,0.244256,205406.770073,50.480768,6730769041.747445,0.000000,-1,,,,,,,,,,,,
fwht-fp64-log8-temporal-r2-t128-b1281,fwht-fp64-log8-b1281,full,butterfly,cuButterfly-temporal-r2-t128,0,3,1281,-1,,native,64,64,64,0,implicit-sign,floating-add,temporal-r2-t128,1,32,2048,16,64,1.0,1281,1.00078125,1.0,register+thread+warp,5246976,0.833984375,0,Tesla V100-SXM2-16GB,7.0,fwht,fp64,forward,none,out-of-place,0,,,,0.000000,,temporal-tile,radix2,four-mul,table,direct-strided,,1,8,,,,,,0,,,shared,linear,scalar,0,named-barrier,128,0,0,8,8,0,0,0,0,0,0,8,256,1281,1,256,1000,100,0.508416,0.007700,0.465280,166353265.100348,170.345743,42586435865.689163,0.000000,-1,,,,,,,,,,,,
structured-2x2-bf16-fp32-log8-temporal-r4-t128-b1280,structured-2x2-bf16-fp32-log8-b1280,full,butterfly,cuButterfly-temporal-r4-t128,0,5,1280,-1,,fp32,16,32,32,0,broadcast,floating-fma,temporal-r4-t128,1,38,512,12,48,0.75,1280,1.3333333333333333,1.0,register,1310720,0.20833333333333334,0,Tesla V100-SXM2-16GB,7.0,structured-2x2,bf16,forward,none,out-of-place,0,,,,0.000000,,temporal-tile,radix4,four-mul,table,direct-strided,0.92387949999999996:-0.38268340000000001:0.38268340000000001:0.92387949999999996,1,8,,,,,,0,,,shared,linear,scalar,0,named-barrier,128,0,0,8,8,0,0,0,0,0,0,8,256,1280,1,256,1000,100,0.150976,0.008694,0.187776,147232033.272293,150.765602,37691400517.707085,0.000000,-1,,,,,,,,,,,,
fwht-fp64-log15-hier-r4-t256-b6,fwht-fp64-log15-b6,full,butterfly,cuButterfly-hier-r4-t256,0,4,6,-1,,native,64,64,64,0,implicit-sign,floating-add,hier-r4-t256,64,48,8192,5,40,0.625,384,0.96,0.96,register,3145728,0.5,0,Tesla V100-SXM2-16GB,7.0,fwht,fp64,forward,none,out-of-place,0,,,,0.000000,,hierarchical,radix4,four-mul,table,direct-strided,,1,15,,,,,,0,,,shared,linear,scalar,0,named-barrier,256,0,0,8,8,0,0,8,0,0,0,15,32768,6,1,32768,1000,100,0.357024,0.025733,0.322016,233162.548015,57.302028,7640270373.368085,0.000000,-1,,,,,,,,,,,,
structured-2x2-fp64-log15-online-r2-t256-b6,structured-2x2-fp64-log15-b6,full,butterfly,cuButterfly-online-r2-t256,0,1,6,-1,,native,64,64,64,0,broadcast,floating-fma,online-r2-t256,64,38,4096,6,48,0.75,384,0.8,0.8,register,3145728,0.5,0,Tesla V100-SXM2-16GB,7.0,structured-2x2,fp64,forward,none,out-of-place,0,,,,0.000000,,online-reorder,radix2,four-mul,table,direct-strided,0.92387949999999996:-0.38268340000000001:0.38268340000000001:0.92387949999999996,2,8x7,0x0,8x8,table,direct-strided,global-scratch,2,0x0,8x8,shared,linear,scalar,0,named-barrier,256,0,0,8,8,0,0,8,1,0,0,15,32768,6,1,32768,1000,100,0.346848,0.025774,0.316992,232792.011536,57.210965,7628128634.021793,0.000000,-1,,,,,,,,,,,,
fwht-fp32-log8-temporal-r2-t128-b1281,fwht-fp32-log8-b1281,full,butterfly,cuButterfly-temporal-r2-t128,0,2,1281,-1,,native,32,32,32,0,implicit-sign,floating-add,temporal-r2-t128,1,30,1024,16,64,1.0,1281,1.00078125,1.0,register+thread+warp,2623488,0.4169921875,0,Tesla V100-SXM2-16GB,7.0,fwht,fp32,forward,none,out-of-place,0,,,,0.000000,,temporal-tile,radix2,four-mul,table,direct-strided,,1,8,,,,,,0,,,shared,linear,scalar,0,named-barrier,128,0,0,8,8,0,0,0,0,0,0,8,256,1281,1,256,1000,100,0.323520,0.005489,0.280128,233391142.784980,238.992530,59748132552.954781,0.000000,-1,,,,,,,,,,,,
structured-2x2-bf16-native-log15-hier-r4-t256-b9,structured-2x2-bf16-native-log15-b9,full,butterfly,cuButterfly-hier-r4-t256,0,1,9,-1,,native,16,32,16,1,broadcast,floating-fma,hier-r4-t256,64,44,2048,5,40,0.625,576,1.44,1.0,register,1179648,0.1875,0,Tesla V100-SXM2-16GB,7.0,structured-2x2,bf16,forward,none,out-of-place,0,,,,0.000000,,hierarchical,radix4,four-mul,table,direct-strided,0.92387949999999996:-0.38268340000000001:0.38268340000000001:0.92387949999999996,1,15,,,,,,0,,,shared,linear,scalar,0,named-barrier,256,0,0,8,8,0,0,8,0,0,0,15,32768,9,1,32768,1000,100,0.143008,0.046735,0.159904,192573.684738,47.326909,6310254501.490623,0.000000,-1,,,,,,,,,,,,
fwht-fp64-log8-temporal-r4-t128-b1279,fwht-fp64-log8-b1279,full,butterfly,cuButterfly-temporal-r4-t128,0,3,1279,-1,,native,64,64,64,0,implicit-sign,floating-add,temporal-r4-t128,1,42,2048,10,40,0.625,1279,1.59875,1.0,register,5238784,0.8326822916666666,0,Tesla V100-SXM2-16GB,7.0,fwht,fp64,forward,none,out-of-place,0,,,,0.000000,,temporal-tile,radix4,four-mul,table,direct-strided,,1,8,,,,,,0,,,shared,linear,scalar,0,named-barrier,128,0,0,8,8,0,0,0,0,0,0,8,256,1279,1,256,1000,100,0.509024,0.006431,0.466880,198889083.050625,203.662421,50915605260.959953,0.000000,-1,,,,,,,,,,,,
structured-2x2-bf16-native-log15-hier-r4-t256-b9,structured-2x2-bf16-native-log15-b9,full,butterfly,cuButterfly-hier-r4-t256,0,4,9,-1,,native,16,32,16,1,broadcast,floating-fma,hier-r4-t256,64,44,2048,5,40,0.625,576,1.44,1.0,register,1179648,0.1875,0,Tesla V100-SXM2-16GB,7.0,structured-2x2,bf16,forward,none,out-of-place,0,,,,0.000000,,hierarchical,radix4,four-mul,table,direct-strided,0.92387949999999996:-0.38268340000000001:0.38268340000000001:0.92387949999999996,1,15,,,,,,0,,,shared,linear,scalar,0,named-barrier,256,0,0,8,8,0,0,8,0,0,0,15,32768,9,1,32768,1000,100,0.134432,0.046674,0.182304,192827.187373,47.389210,6318561275.833364,0.000000,-1,,,,,,,,,,,,
fwht-bf16-fp32-log8-temporal-r2-t128-b1281,fwht-bf16-fp32-log8-b1281,full,butterfly,cuButterfly-temporal-r2-t128,0,3,1281,-1,,fp32,16,32,32,0,implicit-sign,floating-add,temporal-r2-t128,1,30,512,16,64,1.0,1281,1.00078125,1.0,register+thread+warp,1311744,0.20849609375,0,Tesla V100-SXM2-16GB,7.0,fwht,bf16,forward,none,out-of-place,0,,,,0.000000,,temporal-tile,radix2,four-mul,table,direct-strided,,1,8,,,,,,0,,,shared,linear,scalar,0,named-barrier,128,0,0,8,8,0,0,0,0,0,0,8,256,1281,1,256,1000,100,0.176128,0.008694,0.194304,147347058.298287,150.883388,37720846924.361542,0.000000,-1,,,,,,,,,,,,
fft-bf16-native-log20-online-r4-t256-b1,fft-bf16-native-log20-b1,full,butterfly,cuButterfly-online-r4-t256,0,5,1,-1,,native,16,32,16,1,per-stage-twiddle,floating-complex,online-r4-t256,512,50,4096,4,32,0.5,512,1.6,1.0,register,8388608,1.3333333333333333,0,Tesla V100-SXM2-16GB,7.0,fft,bf16,forward,none,out-of-place,0,,,,0.000000,,online-reorder,radix4,four-mul,table,direct-strided,,2,10x10,0x0,8x8,table,direct-strided,global-scratch,2,0x0,8x8,shared,linear,scalar,0,named-barrier,256,0,0,8,8,0,0,10,1,0,0,20,1048576,1,1,1048576,1000,100,0.744896,0.213811,0.734400,4677.023383,49.042145,4904214471.368166,0.000000,-1,,,,,,,,,,,,
fft-bf16-fp32-log15-hier-r4-t256-b7,fft-bf16-fp32-log15-b7,full,butterfly,cuButterfly-hier-r4-t256,0,4,7,-1,,fp32,16,32,32,0,per-stage-twiddle,floating-complex,hier-r4-t256,64,48,4096,5,40,0.625,448,1.12,1.0,register,1835008,0.2916666666666667,0,Tesla V100-SXM2-16GB,7.0,fft,bf16,forward,none,out-of-place,0,,,,0.000000,,hierarchical,radix4,four-mul,table,direct-strided,,1,15,,,,,,0,,,shared,linear,scalar,0,named-barrier,256,0,0,8,8,0,0,8,0,0,0,15,32768,7,1,32768,1000,100,0.268512,0.042220,0.238816,165800.086401,40.747029,5432937231.184511,0.000000,-1,,,,,,,,,,,,
fwht-bf16-native-log8-temporal-r2-t128-b1281,fwht-bf16-native-log8-b1281,full,butterfly,cuButterfly-temporal-r2-t128,0,3,1281,-1,,native,16,32,16,1,implicit-sign,floating-add,temporal-r2-t128,1,30,512,16,64,1.0,1281,1.00078125,1.0,register+thread+warp,1311744,0.20849609375,0,Tesla V100-SXM2-16GB,7.0,fwht,bf16,forward,none,out-of-place,0,,,,0.000000,,temporal-tile,radix2,four-mul,table,direct-strided,,1,8,,,,,,0,,,shared,linear,scalar,0,named-barrier,128,0,0,8,8,0,0,0,0,0,0,8,256,1281,1,256,1000,100,0.177248,0.008735,0.166304,146656106.350107,150.175853,37543963225.627403,0.000000,-1,,,,,,,,,,,,
fft-fp16-fp32-log15-hier-r4-t256-b7,fft-fp16-fp32-log15-b7,full,butterfly,cuButterfly-hier-r4-t256,0,1,7,-1,,fp32,16,32,32,0,per-stage-twiddle,floating-complex,hier-r4-t256,64,48,4096,5,40,0.625,448,1.12,1.0,register,1835008,0.2916666666666667,0,Tesla V100-SXM2-16GB,7.0,fft,fp16,forward,none,out-of-place,0,,,,0.000000,,hierarchical,radix4,four-mul,table,direct-strided,,1,15,,,,,,0,,,shared,linear,scalar,0,named-barrier,256,0,0,8,8,0,0,8,0,0,0,15,32768,7,1,32768,1000,100,0.271264,0.030495,0.229440,229547.922764,56.413697,7521826333.120466,0.000000,-1,,,,,,,,,,,,
structured-2x2-fp16-native-log15-online-r4-t256-b7,structured-2x2-fp16-native-log15-b7,full,butterfly,cuButterfly-online-r4-t256,0,5,7,-1,,native,16,16,16,0,broadcast,floating-fma,online-r4-t256,64,46,2048,5,40,0.625,448,1.12,1.0,register,917504,0.14583333333333334,0,Tesla V100-SXM2-16GB,7.0,structured-2x2,fp16,forward,none,out-of-place,0,,,,0.000000,,online-reorder,radix4,four-mul,table,direct-strided,0.92387949999999996:-0.38268340000000001:0.38268340000000001:0.92387949999999996,2,8x7,0x0,8x8,table,direct-strided,global-scratch,2,0x0,8x8,shared,linear,scalar,0,named-barrier,256,0,0,8,8,0,0,8,1,0,0,15,32768,7,1,32768,1000,100,0.106528,0.024689,0.124736,283531.225509,69.680634,9290751197.463345,0.000000,-1,,,,,,,,,,,,
fwht-fp32-log20-online-r2-t256-b1,fwht-fp32-log20-b1,full,butterfly,cuButterfly-online-r2-t256,0,2,1,-1,,native,32,32,32,0,implicit-sign,floating-add,online-r2-t256,512,36,2048,6,48,0.75,512,1.0666666666666667,1.0,register,8388608,1.3333333333333333,0,Tesla V100-SXM2-16GB,7.0,fwht,fp32,forward,none,out-of-place,0,,,,0.000000,,online-reorder,radix2,four-mul,table,direct-strided,,2,10x10,0x0,8x8,table,direct-strided,global-scratch,2,0x0,8x8,shared,linear,scalar,0,named-barrier,256,0,0,8,8,0,0,10,1,0,0,20,1048576,1,1,1048576,1000,100,0.755936,0.093164,0.744992,10733.815113,112.552209,11255220915.869202,0.000000,-1,,,,,,,,,,,,
fwht-fp64-log15-online-r2-t256-b7,fwht-fp64-log15-b7,full,butterfly,cuButterfly-online-r2-t256,0,5,7,-1,,native,64,64,64,0,implicit-sign,floating-add,online-r2-t256,64,38,4096,6,48,0.75,448,0.9333333333333333,0.9333333333333333,register,3670016,0.5833333333333334,0,Tesla V100-SXM2-16GB,7.0,fwht,fp64,forward,none,out-of-place,0,,,,0.000000,,online-reorder,radix2,four-mul,table,direct-strided,,2,8x7,0x0,8x8,table,direct-strided,global-scratch,2,0x0,8x8,shared,linear,scalar,0,named-barrier,256,0,0,8,8,0,0,8,1,0,0,15,32768,7,1,32768,1000,100,0.372288,0.023931,0.403712,292509.078524,71.887031,9584937485.058680,0.000000,-1,,,,,,,,,,,,
fft-fp16-fp32-log15-online-r4-t256-b7,fft-fp16-fp32-log15-b7,full,butterfly,cuButterfly-online-r4-t256,0,1,7,-1,,fp32,16,32,32,0,per-stage-twiddle,floating-complex,online-r4-t256,64,50,4096,4,32,0.5,448,1.4,1.0,register,1835008,0.2916666666666667,0,Tesla V100-SXM2-16GB,7.0,fft,fp16,forward,none,out-of-place,0,,,,0.000000,,online-reorder,radix4,four-mul,table,direct-strided,,2,8x7,0x0,8x8,table,direct-strided,global-scratch,2,0x0,8x8,shared,linear,scalar,0,named-barrier,256,0,0,8,8,0,0,8,1,0,0,15,32768,7,1,32768,1000,100,0.272416,0.031898,0.258176,219452.242099,53.932583,7191011069.085275,0.000000,-1,,,,,,,,,,,,
fft-fp32-log20-online-r4-t256-b1,fft-fp32-log20-b1,full,butterfly,cuButterfly-online-r4-t256,0,5,1,-1,,native,32,32,32,0,per-stage-twiddle,floating-complex,online-r4-t256,512,50,8192,4,32,0.5,512,1.6,1.0,register,16777216,2.6666666666666665,0,Tesla V100-SXM2-16GB,7.0,fft,fp32,forward,none,out-of-place,0,,,,0.000000,,online-reorder,radix4,four-mul,table,direct-strided,,2,10x10,0x0,8x8,table,direct-strided,global-scratch,2,0x0,8x8,shared,linear,scalar,0,named-barrier,256,0,0,8,8,0,0,10,1,0,0,20,1048576,1,1,1048576,1000,100,1.415520,0.164239,1.361792,6088.674411,63.844379,6384437859.372739,0.000000,-1,,,,,,,,,,,,
fft-fp16-native-log15-online-r2-t256-b4,fft-fp16-native-log15-b4,full,butterfly,cuButterfly-online-r2-t256,0,2,4,-1,,native,16,16,16,0,per-stage-twiddle,floating-complex,online-r2-t256,64,38,2048,6,48,0.75,256,0.5333333333333333,0.5333333333333333,register,1048576,0.16666666666666666,0,Tesla V100-SXM2-16GB,7.0,fft,fp16,forward,none,out-of-place,0,,,,0.000000,,online-reorder,radix2,four-mul,table,direct-strided,,2,8x7,0x0,8x8,table,direct-strided,global-scratch,2,0x0,8x8,shared,linear,scalar,0,named-barrier,256,0,0,8,8,0,0,8,1,0,0,15,32768,4,1,32768,1000,100,0.136832,0.021330,0.145952,187529.998304,46.087372,6144982984.430045,0.000000,-1,,,,,,,,,,,,
fwht-fp32-log20-online-r4-t256-b2,fwht-fp32-log20-b2,full,butterfly,cuButterfly-online-r4-t256,0,4,2,-1,,native,32,32,32,0,implicit-sign,floating-add,online-r4-t256,512,46,4096,5,40,0.625,1024,2.56,1.0,register,16777216,2.6666666666666665,0,Tesla V100-SXM2-16GB,7.0,fwht,fp32,forward,none,out-of-place,0,,,,0.000000,,online-reorder,radix4,four-mul,table,direct-strided,,2,10x10,0x0,8x8,table,direct-strided,global-scratch,2,0x0,8x8,shared,linear,scalar,0,named-barrier,256,0,0,8,8,0,0,10,1,0,0,20,1048576,2,1,1048576,1000,100,1.417760,0.167240,1.369408,11958.884335,125.397991,12539799100.825651,0.000000,-1,,,,,,,,,,,,
fwht-fp32-log15-online-r4-t256-b1,fwht-fp32-log15-b1,full,butterfly,cuButterfly-online-r4-t256,0,5,1,-1,,native,32,32,32,0,implicit-sign,floating-add,online-r4-t256,64,46,4096,5,40,0.625,64,0.16,0.16,register,262144,0.041666666666666664,0,Tesla V100-SXM2-16GB,7.0,fwht,fp32,forward,none,out-of-place,0,,,,0.000000,,online-reorder,radix4,four-mul,table,direct-strided,,2,8x7,0x0,8x8,table,direct-strided,global-scratch,2,0x0,8x8,shared,linear,scalar,0,named-barrier,256,0,0,8,8,0,0,8,1,0,0,15,32768,1,1,32768,1000,100,0.040352,0.007721,0.048544,129517.575654,31.830239,4244031919.022644,0.000000,-1,,,,,,,,,,,,
fft-fp16-native-log15-hier-r4-t256-b6,fft-fp16-native-log15-b6,full,butterfly,cuButterfly-hier-r4-t256,0,5,6,-1,,native,16,16,16,0,per-stage-twiddle,floating-complex,hier-r4-t256,64,48,4096,5,40,0.625,384,0.96,0.96,register,1572864,0.25,0,Tesla V100-SXM2-16GB,7.0,fft,fp16,forward,none,out-of-place,0,,,,0.000000,,hierarchical,radix4,four-mul,table,direct-strided,,1,15,,,,,,0,,,shared,linear,scalar,0,named-barrier,256,0,0,8,8,0,0,8,0,0,0,15,32768,6,1,32768,1000,100,0.225216,0.027023,0.234208,222030.123953,54.566123,7275483101.698532,0.000000,-1,,,,,,,,,,,,
fft-bf16-native-log15-online-r2-t256-b8,fft-bf16-native-log15-b8,full,butterfly,cuButterfly-online-r2-t256,0,5,8,-1,,native,16,32,16,1,per-stage-twiddle,floating-complex,online-r2-t256,64,38,2048,6,48,0.75,512,1.0666666666666667,1.0,register,2097152,0.3333333333333333,0,Tesla V100-SXM2-16GB,7.0,fft,bf16,forward,none,out-of-place,0,,,,0.000000,,online-reorder,radix2,four-mul,table,direct-strided,,2,8x7,0x0,8x8,table,direct-strided,global-scratch,2,0x0,8x8,shared,linear,scalar,0,named-barrier,256,0,0,8,8,0,0,8,1,0,0,15,32768,8,1,32768,1000,100,0.310304,0.056433,0.309728,141761.934911,34.839413,4645255083.163828,0.000000,-1,,,,,,,,,,,,
fwht-bf16-fp32-log20-hier-r4-t256-b1,fwht-bf16-fp32-log20-b1,full,butterfly,cuButterfly-hier-r4-t256,0,2,1,-1,,fp32,16,32,32,0,implicit-sign,floating-add,hier-r4-t256,512,44,2048,5,40,0.625,512,1.28,1.0,register,4194304,0.6666666666666666,0,Tesla V100-SXM2-16GB,7.0,fwht,bf16,forward,none,out-of-place,0,,,,0.000000,,hierarchical,radix4,four-mul,table,direct-strided,,1,20,,,,,,0,,,shared,linear,scalar,0,named-barrier,256,0,0,8,8,0,0,10,0,0,0,20,1048576,1,1,1048576,1000,100,0.419712,0.083804,0.423200,11932.581816,125.122189,12512218910.602093,0.000000,-1,,,,,,,,,,,,
fft-bf16-native-log20-online-r4-t256-b1,fft-bf16-native-log20-b1,full,butterfly,cuButterfly-online-r4-t256,0,3,1,-1,,native,16,32,16,1,per-stage-twiddle,floating-complex,online-r4-t256,512,50,4096,4,32,0.5,512,1.6,1.0,register,8388608,1.3333333333333333,0,Tesla V100-SXM2-16GB,7.0,fft,bf16,forward,none,out-of-place,0,,,,0.000000,,online-reorder,radix4,four-mul,table,direct-strided,,2,10x10,0x0,8x8,table,direct-strided,global-scratch,2,0x0,8x8,shared,linear,scalar,0,named-barrier,256,0,0,8,8,0,0,10,1,0,0,20,1048576,1,1,1048576,1000,100,0.744672,0.213627,0.778464,4681.058940,49.084461,4908446059.362915,0.000000,-1,,,,,,,,,,,,
fwht-bf16-native-log8-temporal-r2-t128-b960,fwht-bf16-native-log8-b960,full,butterfly,cuButterfly-temporal-r2-t128,0,2,960,-1,,native,16,32,16,1,implicit-sign,floating-add,temporal-r2-t128,1,30,512,16,64,1.0,960,0.75,0.75,register+thread+warp,983040,0.15625,0,Tesla V100-SXM2-16GB,7.0,fwht,bf16,forward,none,out-of-place,0,,,,0.000000,,temporal-tile,radix2,four-mul,table,direct-strided,,1,8,,,,,,0,,,shared,linear,scalar,0,named-barrier,128,0,0,8,8,0,0,0,0,0,0,8,256,960,1,256,1000,100,0.142176,0.007045,0.136800,136264534.867489,139.534884,34883720926.077118,0.000000,-1,,,,,,,,,,,,
fft-bf16-native-log15-online-r4-t256-b8,fft-bf16-native-log15-b8,full,butterfly,cuButterfly-online-r4-t256,0,3,8,-1,,native,16,32,16,1,per-stage-twiddle,floating-complex,online-r4-t256,64,50,4096,4,32,0.5,512,1.6,1.0,register,2097152,0.3333333333333333,0,Tesla V100-SXM2-16GB,7.0,fft,bf16,forward,none,out-of-place,0,,,,0.000000,,online-reorder,radix4,four-mul,table,direct-strided,,2,8x7,0x0,8x8,table,direct-strided,global-scratch,2,0x0,8x8,shared,linear,scalar,0,named-barrier,256,0,0,8,8,0,0,8,1,0,0,15,32768,8,1,32768,1000,100,0.314464,0.067338,0.275360,118803.231473,29.197082,3892944288.890942,0.000000,-1,,,,,,,,,,,,
ntt-uint64-ntt-log15-ntt-hybrid-r4-t256-b321,ntt-uint64-ntt-log15-b321,full,ntt,cuButterfly-ntt-hybrid-r4-t256,0,3,321,-1,,native,64,64,64,0,per-stage-root,modular-multiply-reduce,ntt-hybrid-r4-t256,1,66,8192,3,24,0.375,321,1.3375,1.0,register,168296448,26.75,0,Tesla V100-SXM2-16GB,7.0,ntt,uint64,forward,,,0,,,,0.000000,,hybrid2d,radix4,,fused,,,,,,,,,,,,,,,,0,named-barrier,,,,,,,,,,,,15,32768,321,1,32768,1000,100,13.584256,0.628941,12.680512,,,,,-1,natural,64,1152921504606748673,60,7,4,256,0,510381.882425,11935.876713,16724193523.317369,shoup
fft-fp32-log15-online-r2-t256-b8,fft-fp32-log15-b8,full,butterfly,cuButterfly-online-r2-t256,0,1,8,-1,,native,32,32,32,0,per-stage-twiddle,floating-complex,online-r2-t256,64,38,4096,6,48,0.75,512,1.0666666666666667,1.0,register,4194304,0.6666666666666666,0,Tesla V100-SXM2-16GB,7.0,fft,fp32,forward,none,out-of-place,0,,,,0.000000,,online-reorder,radix2,four-mul,table,direct-strided,,2,8x7,0x0,8x8,table,direct-strided,global-scratch,2,0x0,8x8,shared,linear,scalar,0,named-barrier,256,0,0,8,8,0,0,8,1,0,0,15,32768,8,1,32768,1000,100,0.488032,0.039393,0.438016,203080.323868,49.909020,6654536052.508698,0.000000,-1,,,,,,,,,,,,
fft-fp32-log15-online-r2-t256-b9,fft-fp32-log15-b9,full,butterfly,cuButterfly-online-r2-t256,0,1,9,-1,,native,32,32,32,0,per-stage-twiddle,floating-complex,online-r2-t256,64,38,4096,6,48,0.75,576,1.2,1.0,register,4718592,0.75,0,Tesla V100-SXM2-16GB,7.0,fft,fp32,forward,none,out-of-place,0,,,,0.000000,,online-reorder,radix2,four-mul,table,direct-strided,,2,8x7,0x0,8x8,table,direct-strided,global-scratch,2,0x0,8x8,shared,linear,scalar,0,named-barrier,256,0,0,8,8,0,0,8,1,0,0,15,32768,9,1,32768,1000,100,0.518336,0.043930,0.441568,204873.255360,50.349651,6713286831.641970,0.000000,-1,,,,,,,,,,,,
fwht-bf16-native-log8-temporal-r2-t128-b1,fwht-bf16-native-log8-b1,full,butterfly,cuButterfly-temporal-r2-t128,0,2,1,-1,,native,16,32,16,1,implicit-sign,floating-add,temporal-r2-t128,1,30,512,16,64,1.0,1,0.00078125,0.00078125,register+thread+warp,1024,0.00016276041666666666,0,Tesla V100-SXM2-16GB,7.0,fwht,bf16,forward,none,out-of-place,0,,,,0.000000,,temporal-tile,radix2,four-mul,table,direct-strided,,1,8,,,,,,0,,,shared,linear,scalar,0,named-barrier,128,0,0,8,8,0,0,0,0,0,0,8,256,1,1,256,1000,100,0.008192,0.003103,0.018400,322297.853060,0.330033,82508250.383290,0.000000,-1,,,,,,,,,,,,
fft-fp16-native-log8-temporal-r4-t128-b800,fft-fp16-native-log8-b800,full,butterfly,cuButterfly-temporal-r4-t128,0,2,800,-1,,native,16,16,16,0,per-stage-twiddle,floating-complex,temporal-r4-t128,1,42,1024,10,40,0.625,800,1.0,1.0,register,1638400,0.2604166666666667,0,Tesla V100-SXM2-16GB,7.0,fft,fp16,forward,none,out-of-place,0,,,,0.000000,,temporal-tile,radix4,four-mul,table,direct-strided,,1,8,,,,,,0,,,shared,linear,scalar,0,named-barrier,128,0,0,8,8,0,0,0,0,0,0,8,256,800,1,256,1000,100,0.203648,0.004762,0.215872,168010754.960805,172.043013,43010753269.965996,0.000000,-1,,,,,,,,,,,,
structured-2x2-fp32-log20-hier-r4-t256-b1,structured-2x2-fp32-log20-b1,full,butterfly,cuButterfly-hier-r4-t256,0,5,1,-1,,native,32,32,32,0,broadcast,floating-fma,hier-r4-t256,512,44,4096,5,40,0.625,512,1.28,1.0,register,8388608,1.3333333333333333,0,Tesla V100-SXM2-16GB,7.0,structured-2x2,fp32,forward,none,out-of-place,0,,,,0.000000,,hierarchical,radix4,four-mul,table,direct-strided,0.92387949999999996:-0.38268340000000001:0.38268340000000001:0.92387949999999996,1,20,,,,,,0,,,shared,linear,scalar,0,named-barrier,256,0,0,8,8,0,0,10,0,0,0,20,1048576,1,1,1048576,1000,100,0.746112,0.102543,0.706080,9751.972098,102.256839,10225683894.255213,0.000000,-1,,,,,,,,,,,,
fft-fp16-native-log8-temporal-r2-t128-b1280,fft-fp16-native-log8-b1280,full,butterfly,cuButterfly-temporal-r2-t128,0,2,1280,-1,,native,16,16,16,0,per-stage-twiddle,floating-complex,temporal-r2-t128,1,32,1024,16,64,1.0,1280,1.0,1.0,register+thread+warp,2621440,0.4166666666666667,0,Tesla V100-SXM2-16GB,7.0,fft,fp16,forward,none,out-of-place,0,,,,0.000000,,temporal-tile,radix2,four-mul,table,direct-strided,,1,8,,,,,,0,,,shared,linear,scalar,0,named-barrier,128,0,0,8,8,0,0,0,0,0,0,8,256,1280,1,256,1000,100,0.321888,0.006666,0.259072,192012280.653568,196.620575,49155143847.313309,0.000000,-1,,,,,,,,,,,,
fwht-bf16-fp32-log8-temporal-r4-t128-b1280,fwht-bf16-fp32-log8-b1280,full,butterfly,cuButterfly-temporal-r4-t128,0,4,1280,-1,,fp32,16,32,32,0,implicit-sign,floating-add,temporal-r4-t128,1,38,512,12,48,0.75,1280,1.3333333333333333,1.0,register,1310720,0.20833333333333334,0,Tesla V100-SXM2-16GB,7.0,fwht,bf16,forward,none,out-of-place,0,,,,0.000000,,temporal-tile,radix4,four-mul,table,direct-strided,,1,8,,,,,,0,,,shared,linear,scalar,0,named-barrier,128,0,0,8,8,0,0,0,0,0,0,8,256,1280,1,256,1000,100,0.177760,0.008049,0.157408,159033086.136673,162.849880,40712470050.988403,0.000000,-1,,,,,,,,,,,,
fft-bf16-native-log15-online-r4-t256-b5,fft-bf16-native-log15-b5,full,butterfly,cuButterfly-online-r4-t256,0,1,5,-1,,native,16,32,16,1,per-stage-twiddle,floating-complex,online-r4-t256,64,50,4096,4,32,0.5,320,1.0,1.0,register,1310720,0.20833333333333334,0,Tesla V100-SXM2-16GB,7.0,fft,bf16,forward,none,out-of-place,0,,,,0.000000,,online-reorder,radix4,four-mul,table,direct-strided,,2,8x7,0x0,8x8,table,direct-strided,global-scratch,2,0x0,8x8,shared,linear,scalar,0,named-barrier,256,0,0,8,8,0,0,8,1,0,0,15,32768,5,1,32768,1000,100,0.180608,0.043418,0.158208,115160.664803,28.301885,3773584664.259194,0.000000,-1,,,,,,,,,,,,
fft-bf16-native-log15-online-r4-t256-b5,fft-bf16-native-log15-b5,full,butterfly,cuButterfly-online-r4-t256,0,2,5,-1,,native,16,32,16,1,per-stage-twiddle,floating-complex,online-r4-t256,64,50,4096,4,32,0.5,320,1.0,1.0,register,1310720,0.20833333333333334,0,Tesla V100-SXM2-16GB,7.0,fft,bf16,forward,none,out-of-place,0,,,,0.000000,,online-reorder,radix4,four-mul,table,direct-strided,,2,8x7,0x0,8x8,table,direct-strided,global-scratch,2,0x0,8x8,shared,linear,scalar,0,named-barrier,256,0,0,8,8,0,0,8,1,0,0,15,32768,5,1,32768,1000,100,0.193408,0.043530,0.171456,114862.677641,28.228652,3763820220.952225,0.000000,-1,,,,,,,,,,,,
fwht-bf16-native-log20-online-r2-t256-b2,fwht-bf16-native-log20-b2,full,butterfly,cuButterfly-online-r2-t256,0,2,2,-1,,native,16,32,16,1,implicit-sign,floating-add,online-r2-t256,512,36,1024,6,48,0.75,1024,2.1333333333333333,1.0,register,8388608,1.3333333333333333,0,Tesla V100-SXM2-16GB,7.0,fwht,bf16,forward,none,out-of-place,0,,,,0.000000,,online-reorder,radix2,four-mul,table,direct-strided,,2,10x10,0x0,8x8,table,direct-strided,global-scratch,2,0x0,8x8,shared,linear,scalar,0,named-barrier,256,0,0,8,8,0,0,10,1,0,0,20,1048576,2,1,1048576,1000,100,0.748192,0.198185,0.713312,10091.582777,105.817915,10581791501.703463,0.000000,-1,,,,,,,,,,,,
structured-2x2-fp16-native-log15-hier-r4-t256-b8,structured-2x2-fp16-native-log15-b8,full,butterfly,cuButterfly-hier-r4-t256,0,5,8,-1,,native,16,16,16,0,broadcast,floating-fma,hier-r4-t256,64,44,2048,5,40,0.625,512,1.28,1.0,register,1048576,0.16666666666666666,0,Tesla V100-SXM2-16GB,7.0,structured-2x2,fp16,forward,none,out-of-place,0,,,,0.000000,,hierarchical,radix4,four-mul,table,direct-strided,0.92387949999999996:-0.38268340000000001:0.38268340000000001:0.92387949999999996,1,15,,,,,,0,,,shared,linear,scalar,0,named-barrier,256,0,0,8,8,0,0,8,0,0,0,15,32768,8,1,32768,1000,100,0.121536,0.024136,0.129088,331459.470456,81.459479,10861263927.892391,0.000000,-1,,,,,,,,,,,,
fft-fp16-native-log15-hier-r4-t256-b6,fft-fp16-native-log15-b6,full,butterfly,cuButterfly-hier-r4-t256,0,4,6,-1,,native,16,16,16,0,per-stage-twiddle,floating-complex,hier-r4-t256,64,48,4096,5,40,0.625,384,0.96,0.96,register,1572864,0.25,0,Tesla V100-SXM2-16GB,7.0,fft,fp16,forward,none,out-of-place,0,,,,0.000000,,hierarchical,radix4,four-mul,table,direct-strided,,1,15,,,,,,0,,,shared,linear,scalar,0,named-barrier,256,0,0,8,8,0,0,8,0,0,0,15,32768,6,1,32768,1000,100,0.229152,0.027003,0.199552,222198.518169,54.607508,7281001043.349132,0.000000,-1,,,,,,,,,,,,
fwht-bf16-native-log8-temporal-r4-t128-b959,fwht-bf16-native-log8-b959,full,butterfly,cuButterfly-temporal-r4-t128,0,1,959,-1,,native,16,32,16,1,implicit-sign,floating-add,temporal-r4-t128,1,38,512,12,48,0.75,959,0.9989583333333333,0.9989583333333333,register,982016,0.15608723958333334,0,Tesla V100-SXM2-16GB,7.0,fwht,bf16,forward,none,out-of-place,0,,,,0.000000,,temporal-tile,radix4,four-mul,table,direct-strided,,1,8,,,,,,0,,,shared,linear,scalar,0,named-barrier,128,0,0,8,8,0,0,0,0,0,0,8,256,959,1,256,1000,100,0.132096,0.006738,0.151328,142328790.105416,145.744681,36436170266.986595,0.000000,-1,,,,,,,,,,,,
fft-bf16-native-log15-hier-r4-t256-b8,fft-bf16-native-log15-b8,full,butterfly,cuButterfly-hier-r4-t256,0,5,8,-1,,native,16,32,16,1,per-stage-twiddle,floating-complex,hier-r4-t256,64,48,4096,5,40,0.625,512,1.28,1.0,register,2097152,0.3333333333333333,0,Tesla V100-SXM2-16GB,7.0,fft,bf16,forward,none,out-of-place,0,,,,0.000000,,hierarchical,radix4,four-mul,table,direct-strided,,1,15,,,,,,0,,,shared,linear,scalar,0,named-barrier,256,0,0,8,8,0,0,8,0,0,0,15,32768,8,1,32768,1000,100,0.317760,0.061420,0.267264,130251.749466,32.010670,4268089326.490763,0.000000,-1,,,,,,,,,,,,
fwht-bf16-fp32-log20-hier-r4-t256-b1,fwht-bf16-fp32-log20-b1,full,butterfly,cuButterfly-hier-r4-t256,0,3,1,-1,,fp32,16,32,32,0,implicit-sign,floating-add,hier-r4-t256,512,44,2048,5,40,0.625,512,1.28,1.0,register,4194304,0.6666666666666666,0,Tesla V100-SXM2-16GB,7.0,fwht,bf16,forward,none,out-of-place,0,,,,0.000000,,hierarchical,radix4,four-mul,table,direct-strided,,1,20,,,,,,0,,,shared,linear,scalar,0,named-barrier,256,0,0,8,8,0,0,10,0,0,0,20,1048576,1,1,1048576,1000,100,0.426112,0.083784,0.425056,11935.497778,125.152765,12515276517.967043,0.000000,-1,,,,,,,,,,,,
structured-2x2-fp64-log15-online-r4-t256-b4,structured-2x2-fp64-log15-b4,full,butterfly,cuButterfly-online-r4-t256,0,5,4,-1,,native,64,64,64,0,broadcast,floating-fma,online-r4-t256,64,50,8192,4,32,0.5,256,0.8,0.8,register,2097152,0.3333333333333333,0,Tesla V100-SXM2-16GB,7.0,structured-2x2,fp64,forward,none,out-of-place,0,,,,0.000000,,online-reorder,radix4,four-mul,table,direct-strided,0.92387949999999996:-0.38268340000000001:0.38268340000000001:0.92387949999999996,2,8x7,0x0,8x8,table,direct-strided,global-scratch,2,0x0,8x8,shared,linear,scalar,0,named-barrier,256,0,0,8,8,0,0,8,1,0,0,15,32768,4,1,32768,1000,100,0.245472,0.018616,0.266016,214865.229999,52.805279,7040703856.594002,0.000000,-1,,,,,,,,,,,,
fft-bf16-native-log20-online-r2-t256-b2,fft-bf16-native-log20-b2,full,butterfly,cuButterfly-online-r2-t256,0,5,2,-1,,native,16,32,16,1,per-stage-twiddle,floating-complex,online-r2-t256,512,38,2048,6,48,0.75,1024,2.1333333333333333,1.0,register,16777216,2.6666666666666665,0,Tesla V100-SXM2-16GB,7.0,fft,bf16,forward,none,out-of-place,0,,,,0.000000,,online-reorder,radix2,four-mul,table,direct-strided,,2,10x10,0x0,8x8,table,direct-strided,global-scratch,2,0x0,8x8,shared,linear,scalar,0,named-barrier,256,0,0,8,8,0,0,10,1,0,0,20,1048576,2,1,1048576,1000,100,1.419008,0.444078,1.381280,4503.712723,47.224851,4722485072.611534,0.000000,-1,,,,,,,,,,,,
fft-bf16-native-log15-online-r4-t256-b8,fft-bf16-native-log15-b8,full,butterfly,cuButterfly-online-r4-t256,0,4,8,-1,,native,16,32,16,1,per-stage-twiddle,floating-complex,online-r4-t256,64,50,4096,4,32,0.5,512,1.6,1.0,register,2097152,0.3333333333333333,0,Tesla V100-SXM2-16GB,7.0,fft,bf16,forward,none,out-of-place,0,,,,0.000000,,online-reorder,radix4,four-mul,table,direct-strided,,2,8x7,0x0,8x8,table,direct-strided,global-scratch,2,0x0,8x8,shared,linear,scalar,0,named-barrier,256,0,0,8,8,0,0,8,1,0,0,15,32768,8,1,32768,1000,100,0.312576,0.067297,0.269504,118875.532854,29.214851,3895313460.569447,0.000000,-1,,,,,,,,,,,,
ntt-uint64-ntt-log15-ntt-hybrid-r2-t256-b321,ntt-uint64-ntt-log15-b321,full,ntt,cuButterfly-ntt-hybrid-r2-t256,0,3,321,-1,,native,64,64,64,0,per-stage-root,modular-multiply-reduce,ntt-hybrid-r2-t256,1,52,4096,4,32,0.5,321,1.003125,1.0,register,168296448,26.75,0,Tesla V100-SXM2-16GB,7.0,ntt,uint64,forward,,,0,,,,0.000000,,hybrid2d,radix2,,fused,,,,,,,,,,,,,,,,0,named-barrier,,,,,,,,,,,,15,32768,321,1,32768,1000,100,13.573952,0.684892,24.060736,,,,,-1,natural,64,1152921504606748673,60,7,4,256,0,468686.912345,8376.918623,15357932743.718508,shoup
fft-bf16-native-log8-temporal-r4-t128-b1280,fft-bf16-native-log8-b1280,full,butterfly,cuButterfly-temporal-r4-t128,0,5,1280,-1,,native,16,32,16,1,per-stage-twiddle,floating-complex,temporal-r4-t128,1,42,1024,10,40,0.625,1280,1.6,1.0,register,2621440,0.4166666666666667,0,Tesla V100-SXM2-16GB,7.0,fft,bf16,forward,none,out-of-place,0,,,,0.000000,,temporal-tile,radix4,four-mul,table,direct-strided,,1,8,,,,,,0,,,shared,linear,scalar,0,named-barrier,128,0,0,8,8,0,0,0,0,0,0,8,256,1280,1,256,1000,100,0.310080,0.029993,0.265568,42676680.901444,43.700921,10925230310.769585,0.000000,-1,,,,,,,,,,,,
fwht-fp64-log15-online-r2-t256-b7,fwht-fp64-log15-b7,full,butterfly,cuButterfly-online-r2-t256,0,3,7,-1,,native,64,64,64,0,implicit-sign,floating-add,online-r2-t256,64,38,4096,6,48,0.75,448,0.9333333333333333,0.9333333333333333,register,3670016,0.5833333333333334,0,Tesla V100-SXM2-16GB,7.0,fwht,fp64,forward,none,out-of-place,0,,,,0.000000,,online-reorder,radix2,four-mul,table,direct-strided,,2,8x7,0x0,8x8,table,direct-strided,global-scratch,2,0x0,8x8,shared,linear,scalar,0,named-barrier,256,0,0,8,8,0,0,8,1,0,0,15,32768,7,1,32768,1000,100,0.404896,0.024136,0.347680,290027.036649,71.277045,9503605936.905842,0.000000,-1,,,,,,,,,,,,
structured-2x2-bf16-fp32-log8-temporal-r4-t128-b961,structured-2x2-bf16-fp32-log8-b961,full,butterfly,cuButterfly-temporal-r4-t128,0,2,961,-1,,fp32,16,32,32,0,broadcast,floating-fma,temporal-r4-t128,1,38,512,12,48,0.75,961,1.0010416666666666,1.0,register,984064,0.15641276041666666,0,Tesla V100-SXM2-16GB,7.0,structured-2x2,bf16,forward,none,out-of-place,0,,,,0.000000,,temporal-tile,radix4,four-mul,table,direct-strided,0.92387949999999996:-0.38268340000000001:0.38268340000000001:0.92387949999999996,1,8,,,,,,0,,,shared,linear,scalar,0,named-barrier,128,0,0,8,8,0,0,0,0,0,0,8,256,961,1,256,1000,100,0.119072,0.007393,0.133632,129982902.616296,133.102492,33275623069.771847,0.000000,-1,,,,,,,,,,,,
fwht-bf16-fp32-log8-temporal-r2-t128-b1280,fwht-bf16-fp32-log8-b1280,full,butterfly,cuButterfly-temporal-r2-t128,0,4,1280,-1,,fp32,16,32,32,0,implicit-sign,floating-add,temporal-r2-t128,1,30,512,16,64,1.0,1280,1.0,1.0,register+thread+warp,1310720,0.20833333333333334,0,Tesla V100-SXM2-16GB,7.0,fwht,bf16,forward,none,out-of-place,0,,,,0.000000,,temporal-tile,radix2,four-mul,table,direct-strided,,1,8,,,,,,0,,,shared,linear,scalar,0,named-barrier,128,0,0,8,8,0,0,0,0,0,0,8,256,1280,1,256,1000,100,0.172320,0.008571,0.155296,149342880.316265,152.927109,38231777360.963860,0.000000,-1,,,,,,,,,,,,
fft-fp32-log20-hier-r4-t256-b1,fft-fp32-log20-b1,full,butterfly,cuButterfly-hier-r4-t256,0,4,1,-1,,native,32,32,32,0,per-stage-twiddle,floating-complex,hier-r4-t256,512,48,8192,5,40,0.625,512,1.28,1.0,register,16777216,2.6666666666666665,0,Tesla V100-SXM2-16GB,7.0,fft,fp32,forward,none,out-of-place,0,,,,0.000000,,hierarchical,radix4,four-mul,table,direct-strided,,1,20,,,,,,0,,,shared,linear,scalar,0,named-barrier,256,0,0,8,8,0,0,10,0,0,0,20,1048576,1,1,1048576,1000,100,1.558528,0.304998,1.397344,3278.705748,34.379722,3437972158.116905,0.000000,-1,,,,,,,,,,,,
fwht-fp64-log15-online-r2-t256-b6,fwht-fp64-log15-b6,full,butterfly,cuButterfly-online-r2-t256,0,5,6,-1,,native,64,64,64,0,implicit-sign,floating-add,online-r2-t256,64,38,4096,6,48,0.75,384,0.8,0.8,register,3145728,0.5,0,Tesla V100-SXM2-16GB,7.0,fwht,fp64,forward,none,out-of-place,0,,,,0.000000,,online-reorder,radix2,four-mul,table,direct-strided,,2,8x7,0x0,8x8,table,direct-strided,global-scratch,2,0x0,8x8,shared,linear,scalar,0,named-barrier,256,0,0,8,8,0,0,8,1,0,0,15,32768,6,1,32768,1000,100,0.371552,0.021432,0.294560,279951.007397,68.800760,9173434610.377018,0.000000,-1,,,,,,,,,,,,
fwht-fp32-log15-online-r2-t256-b1,fwht-fp32-log15-b1,full,butterfly,cuButterfly-online-r2-t256,0,5,1,-1,,native,32,32,32,0,implicit-sign,floating-add,online-r2-t256,64,36,2048,6,48,0.75,64,0.13333333333333333,0.13333333333333333,register,262144,0.041666666666666664,0,Tesla V100-SXM2-16GB,7.0,fwht,fp32,forward,none,out-of-place,0,,,,0.000000,,online-reorder,radix2,four-mul,table,direct-strided,,2,8x7,0x0,8x8,table,direct-strided,global-scratch,2,0x0,8x8,shared,linear,scalar,0,named-barrier,256,0,0,8,8,0,0,8,1,0,0,15,32768,1,1,32768,1000,100,0.039936,0.008212,0.044512,121765.901274,29.925188,3990025052.931799,0.000000,-1,,,,,,,,,,,,
fwht-bf16-native-log8-temporal-r2-t128-b959,fwht-bf16-native-log8-b959,full,butterfly,cuButterfly-temporal-r2-t128,0,1,959,-1,,native,16,32,16,1,implicit-sign,floating-add,temporal-r2-t128,1,30,512,16,64,1.0,959,0.74921875,0.74921875,register+thread+warp,982016,0.15608723958333334,0,Tesla V100-SXM2-16GB,7.0,fwht,bf16,forward,none,out-of-place,0,,,,0.000000,,temporal-tile,radix2,four-mul,table,direct-strided,,1,8,,,,,,0,,,shared,linear,scalar,0,named-barrier,128,0,0,8,8,0,0,0,0,0,0,8,256,959,1,256,1000,100,0.136352,0.007035,0.121248,136320731.145824,139.592429,34898107173.331017,0.000000,-1,,,,,,,,,,,,
subset-zeta-uint32-zeta-log15-online-r4-t256-b9,subset-zeta-uint32-zeta-log15-b9,full,butterfly,cuButterfly-online-r4-t256,0,3,9,-1,,native,32,32,32,0,implicit-unit,integer-add,online-r4-t256,64,46,4096,5,40,0.625,576,1.44,1.0,register,2359296,0.375,0,Tesla V100-SXM2-16GB,7.0,subset-zeta,uint32,forward,none,out-of-place,0,,,,0.000000,,online-reorder,radix4,four-mul,table,direct-strided,,2,8x7,0x0,8x8,table,direct-strided,global-scratch,2,0x0,8x8,shared,linear,scalar,0,named-barrier,256,0,0,8,8,0,0,8,1,0,0,15,32768,9,1,32768,1000,100,0.295936,0.027658,0.250144,325400.304467,79.970379,10662717176.771215,0.000000,-1,,,,,,,,,,,,
subset-zeta-uint32-zeta-log15-hier-r4-t256-b9,subset-zeta-uint32-zeta-log15-b9,full,butterfly,cuButterfly-hier-r4-t256,0,2,9,-1,,native,32,32,32,0,implicit-unit,integer-add,hier-r4-t256,64,44,4096,5,40,0.625,576,1.44,1.0,register,2359296,0.375,0,Tesla V100-SXM2-16GB,7.0,subset-zeta,uint32,forward,none,out-of-place,0,,,,0.000000,,hierarchical,radix4,four-mul,table,direct-strided,,1,15,,,,,,0,,,shared,linear,scalar,0,named-barrier,256,0,0,8,8,0,0,8,0,0,0,15,32768,9,1,32768,1000,100,0.297312,0.024576,0.274848,366210.924547,89.999997,11999999575.549751,0.000000,-1,,,,,,,,,,,,
structured-2x2-fp16-fp32-log8-temporal-r4-t128-b960,structured-2x2-fp16-fp32-log8-b960,full,butterfly,cuButterfly-temporal-r4-t128,0,5,960,-1,,fp32,16,32,32,0,broadcast,floating-fma,temporal-r4-t128,1,38,512,12,48,0.75,960,1.0,1.0,register,983040,0.15625,0,Tesla V100-SXM2-16GB,7.0,structured-2x2,fp16,forward,none,out-of-place,0,,,,0.000000,,temporal-tile,radix4,four-mul,table,direct-strided,0.92387949999999996:-0.38268340000000001:0.38268340000000001:0.92387949999999996,1,8,,,,,,0,,,shared,linear,scalar,0,named-barrier,128,0,0,8,8,0,0,0,0,0,0,8,256,960,1,256,1000,100,0.119040,0.004823,0.135616,199044577.025122,203.821647,50955411718.431267,0.000000,-1,,,,,,,,,,,,
fwht-bf16-fp32-log8-temporal-r4-t128-b1280,fwht-bf16-fp32-log8-b1280,full,butterfly,cuButterfly-temporal-r4-t128,0,2,1280,-1,,fp32,16,32,32,0,implicit-sign,floating-add,temporal-r4-t128,1,38,512,12,48,0.75,1280,1.3333333333333333,1.0,register,1310720,0.20833333333333334,0,Tesla V100-SXM2-16GB,7.0,fwht,bf16,forward,none,out-of-place,0,,,,0.000000,,temporal-tile,radix4,four-mul,table,direct-strided,,1,8,,,,,,0,,,shared,linear,scalar,0,named-barrier,128,0,0,8,8,0,0,0,0,0,0,8,256,1280,1,256,1000,100,0.185888,0.008038,0.160864,159235673.919375,163.057330,40764332523.360115,0.000000,-1,,,,,,,,,,,,
fwht-bf16-native-log15-hier-r4-t256-b1,fwht-bf16-native-log15-b1,full,butterfly,cuButterfly-hier-r4-t256,0,1,1,-1,,native,16,32,16,1,implicit-sign,floating-add,hier-r4-t256,64,44,2048,5,40,0.625,64,0.16,0.16,register,131072,0.020833333333333332,0,Tesla V100-SXM2-16GB,7.0,fwht,bf16,forward,none,out-of-place,0,,,,0.000000,,hierarchical,radix4,four-mul,table,direct-strided,,1,15,,,,,,0,,,shared,linear,scalar,0,named-barrier,256,0,0,8,8,0,0,8,0,0,0,15,32768,1,1,32768,1000,100,0.031744,0.017736,0.032256,56383.514369,13.856812,1847574998.854310,0.000000,-1,,,,,,,,,,,,
fft-fp32-log8-temporal-r4-t128-b1280,fft-fp32-log8-b1280,full,butterfly,cuButterfly-temporal-r4-t128,0,1,1280,-1,,native,32,32,32,0,per-stage-twiddle,floating-complex,temporal-r4-t128,1,42,2048,10,40,0.625,1280,1.6,1.0,register,5242880,0.8333333333333334,0,Tesla V100-SXM2-16GB,7.0,fft,fp32,forward,none,out-of-place,0,,,,0.000000,,temporal-tile,radix4,four-mul,table,direct-strided,,1,8,,,,,,0,,,shared,linear,scalar,0,named-barrier,128,0,0,8,8,0,0,0,0,0,0,8,256,1280,1,256,1000,100,0.516192,0.009370,0.448736,136612027.210095,139.890716,34972678965.784210,0.000000,-1,,,,,,,,,,,,
fft-fp16-native-log15-online-r2-t256-b6,fft-fp16-native-log15-b6,full,butterfly,cuButterfly-online-r2-t256,0,3,6,-1,,native,16,16,16,0,per-stage-twiddle,floating-complex,online-r2-t256,64,38,2048,6,48,0.75,384,0.8,0.8,register,1572864,0.25,0,Tesla V100-SXM2-16GB,7.0,fft,fp16,forward,none,out-of-place,0,,,,0.000000,,online-reorder,radix2,four-mul,table,direct-strided,,2,8x7,0x0,8x8,table,direct-strided,global-scratch,2,0x0,8x8,shared,linear,scalar,0,named-barrier,256,0,0,8,8,0,0,8,1,0,0,15,32768,6,1,32768,1000,100,0.235136,0.029041,0.185088,206607.015360,50.775740,6770098679.308258,0.000000,-1,,,,,,,,,,,,
fft-bf16-native-log20-online-r4-t256-b2,fft-bf16-native-log20-b2,full,butterfly,cuButterfly-online-r4-t256,0,4,2,-1,,native,16,32,16,1,per-stage-twiddle,floating-complex,online-r4-t256,512,50,4096,4,32,0.5,1024,3.2,1.0,register,16777216,2.6666666666666665,0,Tesla V100-SXM2-16GB,7.0,fft,bf16,forward,none,out-of-place,0,,,,0.000000,,online-reorder,radix4,four-mul,table,direct-strided,,2,10x10,0x0,8x8,table,direct-strided,global-scratch,2,0x0,8x8,shared,linear,scalar,0,named-barrier,256,0,0,8,8,0,0,10,1,0,0,20,1048576,2,1,1048576,1000,100,1.415744,0.396124,1.393856,5048.922107,52.941785,5294178547.508183,0.000000,-1,,,,,,,,,,,,
structured-2x2-fp64-log15-online-r4-t256-b4,structured-2x2-fp64-log15-b4,full,butterfly,cuButterfly-online-r4-t256,0,2,4,-1,,native,64,64,64,0,broadcast,floating-fma,online-r4-t256,64,50,8192,4,32,0.5,256,0.8,0.8,register,2097152,0.3333333333333333,0,Tesla V100-SXM2-16GB,7.0,structured-2x2,fp64,forward,none,out-of-place,0,,,,0.000000,,online-reorder,radix4,four-mul,table,direct-strided,0.92387949999999996:-0.38268340000000001:0.38268340000000001:0.92387949999999996,2,8x7,0x0,8x8,table,direct-strided,global-scratch,2,0x0,8x8,shared,linear,scalar,0,named-barrier,256,0,0,8,8,0,0,8,1,0,0,15,32768,4,1,32768,1000,100,0.267968,0.018678,0.275456,214158.443950,52.631579,7017543891.363251,0.000000,-1,,,,,,,,,,,,
fft-fp64-log8-temporal-r2-t128-b1,fft-fp64-log8-b1,full,butterfly,cuButterfly-temporal-r2-t128,0,5,1,-1,,native,64,64,64,0,per-stage-twiddle,floating-complex,temporal-r2-t128,1,36,4096,12,48,0.75,1,0.0010416666666666667,0.0010416666666666667,register,8192,0.0013020833333333333,0,Tesla V100-SXM2-16GB,7.0,fft,fp64,forward,none,out-of-place,0,,,,0.000000,,temporal-tile,radix2,four-mul,table,direct-strided,,1,8,,,,,,0,,,shared,linear,scalar,0,named-barrier,128,0,0,8,8,0,0,0,0,0,0,8,256,1,1,256,1000,100,0.007168,0.004219,0.017952,237029.728114,0.242718,60679610.397202,0.000000,-1,,,,,,,,,,,,
fft-fp16-native-log15-online-r2-t256-b6,fft-fp16-native-log15-b6,full,butterfly,cuButterfly-online-r2-t256,0,2,6,-1,,native,16,16,16,0,per-stage-twiddle,floating-complex,online-r2-t256,64,38,2048,6,48,0.75,384,0.8,0.8,register,1572864,0.25,0,Tesla V100-SXM2-16GB,7.0,fft,fp16,forward,none,out-of-place,0,,,,0.000000,,online-reorder,radix2,four-mul,table,direct-strided,,2,8x7,0x0,8x8,table,direct-strided,global-scratch,2,0x0,8x8,shared,linear,scalar,0,named-barrier,256,0,0,8,8,0,0,8,1,0,0,15,32768,6,1,32768,1000,100,0.226048,0.029164,0.201184,205736.476217,50.561796,6741572852.663012,0.000000,-1,,,,,,,,,,,,
fwht-bf16-fp32-log20-online-r4-t256-b1,fwht-bf16-fp32-log20-b1,full,butterfly,cuButterfly-online-r4-t256,0,1,1,-1,,fp32,16,32,32,0,implicit-sign,floating-add,online-r4-t256,512,46,2048,5,40,0.625,512,1.28,1.0,register,4194304,0.6666666666666666,0,Tesla V100-SXM2-16GB,7.0,fwht,bf16,forward,none,out-of-place,0,,,,0.000000,,online-reorder,radix4,four-mul,table,direct-strided,,2,10x10,0x0,8x8,table,direct-strided,global-scratch,2,0x0,8x8,shared,linear,scalar,0,named-barrier,256,0,0,8,8,0,0,10,1,0,0,20,1048576,1,1,1048576,1000,100,0.419552,0.096102,0.429920,10405.567220,109.110281,10911028053.280010,0.000000,-1,,,,,,,,,,,,
fft-fp32-log15-hier-r4-t256-b8,fft-fp32-log15-b8,full,butterfly,cuButterfly-hier-r4-t256,0,3,8,-1,,native,32,32,32,0,per-stage-twiddle,floating-complex,hier-r4-t256,64,48,8192,5,40,0.625,512,1.28,1.0,register,4194304,0.6666666666666666,0,Tesla V100-SXM2-16GB,7.0,fft,fp32,forward,none,out-of-place,0,,,,0.000000,,hierarchical,radix4,four-mul,table,direct-strided,,1,15,,,,,,0,,,shared,linear,scalar,0,named-barrier,256,0,0,8,8,0,0,8,0,0,0,15,32768,8,1,32768,1000,100,0.480864,0.037980,0.455520,210636.281191,51.765972,6902129662.077393,0.000000,-1,,,,,,,,,,,,
structured-2x2-fp64-log20-online-r4-t256-b1,structured-2x2-fp64-log20-b1,full,butterfly,cuButterfly-online-r4-t256,0,4,1,-1,,native,64,64,64,0,broadcast,floating-fma,online-r4-t256,512,50,8192,4,32,0.5,512,1.6,1.0,register,16777216,2.6666666666666665,0,Tesla V100-SXM2-16GB,7.0,structured-2x2,fp64,forward,none,out-of-place,0,,,,0.000000,,online-reorder,radix4,four-mul,table,direct-strided,0.92387949999999996:-0.38268340000000001:0.38268340000000001:0.92387949999999996,2,10x10,0x0,8x8,table,direct-strided,global-scratch,2,0x0,8x8,shared,linear,scalar,0,named-barrier,256,0,0,8,8,0,0,10,1,0,0,20,1048576,1,1,1048576,1000,100,1.419104,0.107141,1.353728,9333.484467,97.868678,9786867808.121674,0.000000,-1,,,,,,,,,,,,
structured-2x2-bf16-native-log15-online-r2-t256-b9,structured-2x2-bf16-native-log15-b9,full,butterfly,cuButterfly-online-r2-t256,0,4,9,-1,,native,16,32,16,1,broadcast,floating-fma,online-r2-t256,64,36,1024,6,48,0.75,576,1.2,1.0,register,1179648,0.1875,0,Tesla V100-SXM2-16GB,7.0,structured-2x2,bf16,forward,none,out-of-place,0,,,,0.000000,,online-reorder,radix2,four-mul,table,direct-strided,0.92387949999999996:-0.38268340000000001:0.38268340000000001:0.92387949999999996,2,8x7,0x0,8x8,table,direct-strided,global-scratch,2,0x0,8x8,shared,linear,scalar,0,named-barrier,256,0,0,8,8,0,0,8,1,0,0,15,32768,9,1,32768,1000,100,0.134240,0.045507,0.148672,197773.686607,48.604861,6480648162.736520,0.000000,-1,,,,,,,,,,,,
fft-bf16-fp32-log15-hier-r4-t256-b6,fft-bf16-fp32-log15-b6,full,butterfly,cuButterfly-hier-r4-t256,0,4,6,-1,,fp32,16,32,32,0,per-stage-twiddle,floating-complex,hier-r4-t256,64,48,4096,5,40,0.625,384,0.96,0.96,register,1572864,0.25,0,Tesla V100-SXM2-16GB,7.0,fft,bf16,forward,none,out-of-place,0,,,,0.000000,,hierarchical,radix4,four-mul,table,direct-strided,,1,15,,,,,,0,,,shared,linear,scalar,0,named-barrier,256,0,0,8,8,0,0,8,0,0,0,15,32768,6,1,32768,1000,100,0.226656,0.039977,0.195264,150086.456608,36.885248,4918033010.116172,0.000000,-1,,,,,,,,,,,,
fft-fp16-fp32-log8-temporal-r4-t128-b799,fft-fp16-fp32-log8-b799,full,butterfly,cuButterfly-temporal-r4-t128,0,2,799,-1,,fp32,16,32,32,0,per-stage-twiddle,floating-complex,temporal-r4-t128,1,42,1024,10,40,0.625,799,0.99875,0.99875,register,1636352,0.2600911458333333,0,Tesla V100-SXM2-16GB,7.0,fft,fp16,forward,none,out-of-place,0,,,,0.000000,,temporal-tile,radix4,four-mul,table,direct-strided,,1,8,,,,,,0,,,shared,linear,scalar,0,named-barrier,128,0,0,8,8,0,0,0,0,0,0,8,256,799,1,256,1000,100,0.189088,0.006205,0.220768,128757992.297360,131.848184,32962046028.124249,0.000000,-1,,,,,,,,,,,,
structured-2x2-fp16-fp32-log15-online-r4-t256-b1,structured-2x2-fp16-fp32-log15-b1,full,butterfly,cuButterfly-online-r4-t256,0,3,1,-1,,fp32,16,32,32,0,broadcast,floating-fma,online-r4-t256,64,46,2048,5,40,0.625,64,0.16,0.16,register,131072,0.020833333333333332,0,Tesla V100-SXM2-16GB,7.0,structured-2x2,fp16,forward,none,out-of-place,0,,,,0.000000,,online-reorder,radix4,four-mul,table,direct-strided,0.92387949999999996:-0.38268340000000001:0.38268340000000001:0.92387949999999996,2,8x7,0x0,8x8,table,direct-strided,global-scratch,2,0x0,8x8,shared,linear,scalar,0,named-barrier,256,0,0,8,8,0,0,8,1,0,0,15,32768,1,1,32768,1000,100,0.034816,0.009062,0.031968,110346.044130,27.118644,3615819174.042343,0.000000,-1,,,,,,,,,,,,
fft-fp64-log20-hier-r4-t256-b2,fft-fp64-log20-b2,full,butterfly,cuButterfly-hier-r4-t256,0,3,2,-1,,native,64,64,64,0,per-stage-twiddle,floating-complex,hier-r4-t256,512,56,16384,4,32,0.5,1024,3.2,1.0,register,67108864,10.666666666666666,0,Tesla V100-SXM2-16GB,7.0,fft,fp64,forward,none,out-of-place,0,,,,0.000000,,hierarchical,radix4,four-mul,table,direct-strided,,1,20,,,,,,0,,,shared,linear,scalar,0,named-barrier,256,0,0,8,8,0,0,10,0,0,0,20,1048576,2,1,1048576,1000,100,5.454976,1.169254,5.105280,1710.491713,17.935806,1793580558.862455,0.000000,-1,,,,,,,,,,,,
fwht-bf16-fp32-log8-temporal-r4-t128-b1280,fwht-bf16-fp32-log8-b1280,full,butterfly,cuButterfly-temporal-r4-t128,0,3,1280,-1,,fp32,16,32,32,0,implicit-sign,floating-add,temporal-r4-t128,1,38,512,12,48,0.75,1280,1.3333333333333333,1.0,register,1310720,0.20833333333333334,0,Tesla V100-SXM2-16GB,7.0,fwht,bf16,forward,none,out-of-place,0,,,,0.000000,,temporal-tile,radix4,four-mul,table,direct-strided,,1,8,,,,,,0,,,shared,linear,scalar,0,named-barrier,128,0,0,8,8,0,0,0,0,0,0,8,256,1280,1,256,1000,100,0.186464,0.008049,0.158272,159033086.136673,162.849880,40712470050.988403,0.000000,-1,,,,,,,,,,,,
fft-fp16-native-log15-hier-r4-t256-b1,fft-fp16-native-log15-b1,full,butterfly,cuButterfly-hier-r4-t256,0,4,1,-1,,native,16,16,16,0,per-stage-twiddle,floating-complex,hier-r4-t256,64,48,4096,5,40,0.625,64,0.16,0.16,register,262144,0.041666666666666664,0,Tesla V100-SXM2-16GB,7.0,fft,fp16,forward,none,out-of-place,0,,,,0.000000,,hierarchical,radix4,four-mul,table,direct-strided,,1,15,,,,,,0,,,shared,linear,scalar,0,named-barrier,256,0,0,8,8,0,0,8,0,0,0,15,32768,1,1,32768,1000,100,0.035200,0.019476,0.044672,51343.977959,12.618296,1682439469.774748,0.000000,-1,,,,,,,,,,,,
fwht-fp16-fp32-log15-online-r2-t256-b8,fwht-fp16-fp32-log15-b8,full,butterfly,cuButterfly-online-r2-t256,0,2,8,-1,,fp32,16,32,32,0,implicit-sign,floating-add,online-r2-t256,64,36,1024,6,48,0.75,512,1.0666666666666667,1.0,register,1048576,0.16666666666666666,0,Tesla V100-SXM2-16GB,7.0,fwht,fp16,forward,none,out-of-place,0,,,,0.000000,,online-reorder,radix2,four-mul,table,direct-strided,,2,8x7,0x0,8x8,table,direct-strided,global-scratch,2,0x0,8x8,shared,linear,scalar,0,named-barrier,256,0,0,8,8,0,0,8,1,0,0,15,32768,8,1,32768,1000,100,0.122304,0.026747,0.128384,299100.303337,73.506891,9800918739.736185,0.000000,-1,,,,,,,,,,,,
fwht-fp16-native-log15-online-r2-t256-b6,fwht-fp16-native-log15-b6,full,butterfly,cuButterfly-online-r2-t256,0,3,6,-1,,native,16,16,16,0,implicit-sign,floating-add,online-r2-t256,64,36,1024,6,48,0.75,384,0.8,0.8,register,786432,0.125,0,Tesla V100-SXM2-16GB,7.0,fwht,fp16,forward,none,out-of-place,0,,,,0.000000,,online-reorder,radix2,four-mul,table,direct-strided,,2,8x7,0x0,8x8,table,direct-strided,global-scratch,2,0x0,8x8,shared,linear,scalar,0,named-barrier,256,0,0,8,8,0,0,8,1,0,0,15,32768,6,1,32768,1000,100,0.094720,0.021156,0.102976,283609.635009,69.699904,9293320519.978817,0.000000,-1,,,,,,,,,,,,
fft-fp64-log8-temporal-r4-t128-b1,fft-fp64-log8-b1,full,butterfly,cuButterfly-temporal-r4-t128,0,3,1,-1,,native,64,64,64,0,per-stage-twiddle,floating-complex,temporal-r4-t128,1,50,4096,9,36,0.5625,1,0.001388888888888889,0.001388888888888889,register,8192,0.0013020833333333333,0,Tesla V100-SXM2-16GB,7.0,fft,fp64,forward,none,out-of-place,0,,,,0.000000,,temporal-tile,radix4,four-mul,table,direct-strided,,1,8,,,,,,0,,,shared,linear,scalar,0,named-barrier,128,0,0,8,8,0,0,0,0,0,0,8,256,1,1,256,1000,100,0.009216,0.003768,0.020576,265370.230807,0.271739,67934779.086467,0.000000,-1,,,,,,,,,,,,
structured-2x2-bf16-fp32-log8-temporal-r4-t128-b1,structured-2x2-bf16-fp32-log8-b1,full,butterfly,cuButterfly-temporal-r4-t128,0,1,1,-1,,fp32,16,32,32,0,broadcast,floating-fma,temporal-r4-t128,1,38,512,12,48,0.75,1,0.0010416666666666667,0.0010416666666666667,register,1024,0.00016276041666666666,0,Tesla V100-SXM2-16GB,7.0,structured-2x2,bf16,forward,none,out-of-place,0,,,,0.000000,,temporal-tile,radix4,four-mul,table,direct-strided,0.92387949999999996:-0.38268340000000001:0.38268340000000001:0.92387949999999996,1,8,,,,,,0,,,shared,linear,scalar,0,named-barrier,128,0,0,8,8,0,0,0,0,0,0,8,256,1,1,256,1000,100,0.006144,0.003215,0.018368,311007.166616,0.318471,79617834.653573,0.000000,-1,,,,,,,,,,,,
subset-zeta-uint32-zeta-log8-temporal-r2-t128-b1279,subset-zeta-uint32-zeta-log8-b1279,full,butterfly,cuButterfly-temporal-r2-t128,0,4,1279,-1,,native,32,32,32,0,implicit-unit,integer-add,temporal-r2-t128,1,30,1024,16,64,1.0,1279,0.99921875,0.99921875,register+thread+warp,2619392,0.4163411458333333,0,Tesla V100-SXM2-16GB,7.0,subset-zeta,uint32,forward,none,out-of-place,0,,,,0.000000,,temporal-tile,radix2,four-mul,table,direct-strided,,1,8,,,,,,0,,,shared,linear,scalar,0,named-barrier,128,0,0,8,8,0,0,0,0,0,0,8,256,1279,1,256,1000,100,0.315072,0.005253,0.274560,243474360.784502,249.317745,62329436360.832550,0.000000,-1,,,,,,,,,,,,
fwht-fp16-fp32-log8-temporal-r4-t128-b960,fwht-fp16-fp32-log8-b960,full,butterfly,cuButterfly-temporal-r4-t128,0,5,960,-1,,fp32,16,32,32,0,implicit-sign,floating-add,temporal-r4-t128,1,38,512,12,48,0.75,960,1.0,1.0,register,983040,0.15625,0,Tesla V100-SXM2-16GB,7.0,fwht,fp16,forward,none,out-of-place,0,,,,0.000000,,temporal-tile,radix4,four-mul,table,direct-strided,,1,8,,,,,,0,,,shared,linear,scalar,0,named-barrier,128,0,0,8,8,0,0,0,0,0,0,8,256,960,1,256,1000,100,0.139680,0.004321,0.151808,222156401.418208,227.488155,56872038763.061317,0.000000,-1,,,,,,,,,,,,
structured-2x2-fp64-log20-hier-r4-t256-b2,structured-2x2-fp64-log20-b2,full,butterfly,cuButterfly-hier-r4-t256,0,3,2,-1,,native,64,64,64,0,broadcast,floating-fma,hier-r4-t256,512,48,8192,5,40,0.625,1024,2.56,1.0,register,33554432,5.333333333333333,0,Tesla V100-SXM2-16GB,7.0,structured-2x2,fp64,forward,none,out-of-place,0,,,,0.000000,,hierarchical,radix4,four-mul,table,direct-strided,0.92387949999999996:-0.38268340000000001:0.38268340000000001:0.92387949999999996,1,20,,,,,,0,,,shared,linear,scalar,0,named-barrier,256,0,0,8,8,0,0,10,0,0,0,20,1048576,2,1,1048576,1000,100,2.765568,0.485806,2.597312,4116.869038,43.168501,4316850068.751466,0.000000,-1,,,,,,,,,,,,
fwht-fp16-native-log15-online-r2-t256-b6,fwht-fp16-native-log15-b6,full,butterfly,cuButterfly-online-r2-t256,0,4,6,-1,,native,16,16,16,0,implicit-sign,floating-add,online-r2-t256,64,36,1024,6,48,0.75,384,0.8,0.8,register,786432,0.125,0,Tesla V100-SXM2-16GB,7.0,fwht,fp16,forward,none,out-of-place,0,,,,0.000000,,online-reorder,radix2,four-mul,table,direct-strided,,2,8x7,0x0,8x8,table,direct-strided,global-scratch,2,0x0,8x8,shared,linear,scalar,0,named-barrier,256,0,0,8,8,0,0,8,1,0,0,15,32768,6,1,32768,1000,100,0.094752,0.021125,0.109760,284022.041248,69.801257,9306834247.618319,0.000000,-1,,,,,,,,,,,,
fft-bf16-native-log15-hier-r4-t256-b5,fft-bf16-native-log15-b5,full,butterfly,cuButterfly-hier-r4-t256,0,1,5,-1,,native,16,32,16,1,per-stage-twiddle,floating-complex,hier-r4-t256,64,48,4096,5,40,0.625,320,0.8,0.8,register,1310720,0.20833333333333334,0,Tesla V100-SXM2-16GB,7.0,fft,bf16,forward,none,out-of-place,0,,,,0.000000,,hierarchical,radix4,four-mul,table,direct-strided,,1,15,,,,,,0,,,shared,linear,scalar,0,named-barrier,256,0,0,8,8,0,0,8,0,0,0,15,32768,5,1,32768,1000,100,0.179488,0.042568,0.167872,117460.003019,28.866970,3848929378.934817,0.000000,-1,,,,,,,,,,,,
fwht-fp32-log20-online-r2-t256-b2,fwht-fp32-log20-b2,full,butterfly,cuButterfly-online-r2-t256,0,3,2,-1,,native,32,32,32,0,implicit-sign,floating-add,online-r2-t256,512,36,2048,6,48,0.75,1024,2.1333333333333333,1.0,register,16777216,2.6666666666666665,0,Tesla V100-SXM2-16GB,7.0,fwht,fp32,forward,none,out-of-place,0,,,,0.000000,,online-reorder,radix2,four-mul,table,direct-strided,,2,10x10,0x0,8x8,table,direct-strided,global-scratch,2,0x0,8x8,shared,linear,scalar,0,named-barrier,256,0,0,8,8,0,0,10,1,0,0,20,1048576,2,1,1048576,1000,100,1.417856,0.170598,1.364288,11723.440220,122.929181,12292918051.864216,0.000000,-1,,,,,,,,,,,,
fft-fp32-log15-online-r4-t256-b7,fft-fp32-log15-b7,full,butterfly,cuButterfly-online-r4-t256,0,3,7,-1,,native,32,32,32,0,per-stage-twiddle,floating-complex,online-r4-t256,64,50,8192,4,32,0.5,448,1.4,1.0,register,3670016,0.5833333333333334,0,Tesla V100-SXM2-16GB,7.0,fft,fp32,forward,none,out-of-place,0,,,,0.000000,,online-reorder,radix4,four-mul,table,direct-strided,,2,8x7,0x0,8x8,table,direct-strided,global-scratch,2,0x0,8x8,shared,linear,scalar,0,named-barrier,256,0,0,8,8,0,0,8,1,0,0,15,32768,7,1,32768,1000,100,0.481248,0.032707,0.338688,214024.326618,52.598619,7013149134.619671,0.000000,-1,,,,,,,,,,,,
fft-fp64-log8-temporal-r4-t128-b720,fft-fp64-log8-b720,full,butterfly,cuButterfly-temporal-r4-t128,0,2,720,-1,,native,64,64,64,0,per-stage-twiddle,floating-complex,temporal-r4-t128,1,50,4096,9,36,0.5625,720,1.0,1.0,register,5898240,0.9375,0,Tesla V100-SXM2-16GB,7.0,fft,fp64,forward,none,out-of-place,0,,,,0.000000,,temporal-tile,radix4,four-mul,table,direct-strided,,1,8,,,,,,0,,,shared,linear,scalar,0,named-barrier,128,0,0,8,8,0,0,0,0,0,0,8,256,720,1,256,1000,100,0.551520,0.009431,0.508288,76343648.900677,78.175896,19543974118.573223,0.000000,-1,,,,,,,,,,,,
fft-fp64-log8-temporal-r2-t128-b719,fft-fp64-log8-b719,full,butterfly,cuButterfly-temporal-r2-t128,0,1,719,-1,,native,64,64,64,0,per-stage-twiddle,floating-complex,temporal-r2-t128,1,36,4096,12,48,0.75,719,0.7489583333333333,0.7489583333333333,register,5890048,0.9361979166666666,0,Tesla V100-SXM2-16GB,7.0,fft,fp64,forward,none,out-of-place,0,,,,0.000000,,temporal-tile,radix2,four-mul,table,direct-strided,,1,8,,,,,,0,,,shared,linear,scalar,0,named-barrier,128,0,0,8,8,0,0,0,0,0,0,8,256,719,1,256,1000,100,0.550688,0.010701,0.508512,67191235.174345,68.803825,17200956204.632294,0.000000,-1,,,,,,,,,,,,
fwht-fp32-log20-hier-r4-t256-b2,fwht-fp32-log20-b2,full,butterfly,cuButterfly-hier-r4-t256,0,5,2,-1,,native,32,32,32,0,implicit-sign,floating-add,hier-r4-t256,512,44,4096,5,40,0.625,1024,2.56,1.0,register,16777216,2.6666666666666665,0,Tesla V100-SXM2-16GB,7.0,fwht,fp32,forward,none,out-of-place,0,,,,0.000000,,hierarchical,radix4,four-mul,table,direct-strided,,1,20,,,,,,0,,,shared,linear,scalar,0,named-barrier,256,0,0,8,8,0,0,10,0,0,0,20,1048576,2,1,1048576,1000,100,1.417856,0.257290,1.362016,7773.322331,81.509192,8150919236.427442,0.000000,-1,,,,,,,,,,,,
fft-fp32-log8-temporal-r2-t128-b1280,fft-fp32-log8-b1280,full,butterfly,cuButterfly-temporal-r2-t128,0,3,1280,-1,,native,32,32,32,0,per-stage-twiddle,floating-complex,temporal-r2-t128,1,32,2048,16,64,1.0,1280,1.0,1.0,register+thread+warp,5242880,0.8333333333333334,0,Tesla V100-SXM2-16GB,7.0,fft,fp32,forward,none,out-of-place,0,,,,0.000000,,temporal-tile,radix2,four-mul,table,direct-strided,,1,8,,,,,,0,,,shared,linear,scalar,0,named-barrier,128,0,0,8,8,0,0,0,0,0,0,8,256,1280,1,256,1000,100,0.504896,0.010803,0.440544,118483408.982600,121.327011,30331752699.545719,0.000000,-1,,,,,,,,,,,,
fwht-fp16-native-log8-temporal-r4-t128-b1,fwht-fp16-native-log8-b1,full,butterfly,cuButterfly-temporal-r4-t128,0,3,1,-1,,native,16,16,16,0,implicit-sign,floating-add,temporal-r4-t128,1,38,512,12,48,0.75,1,0.0010416666666666667,0.0010416666666666667,register,1024,0.00016276041666666666,0,Tesla V100-SXM2-16GB,7.0,fwht,fp16,forward,none,out-of-place,0,,,,0.000000,,temporal-tile,radix4,four-mul,table,direct-strided,,1,8,,,,,,0,,,shared,linear,scalar,0,named-barrier,128,0,0,8,8,0,0,0,0,0,0,8,256,1,1,256,1000,100,0.010240,0.002488,0.020448,401877.572843,0.411523,102880658.647830,0.000000,-1,,,,,,,,,,,,
fwht-fp64-log15-online-r2-t256-b7,fwht-fp64-log15-b7,full,butterfly,cuButterfly-online-r2-t256,0,1,7,-1,,native,64,64,64,0,implicit-sign,floating-add,online-r2-t256,64,38,4096,6,48,0.75,448,0.9333333333333333,0.9333333333333333,register,3670016,0.5833333333333334,0,Tesla V100-SXM2-16GB,7.0,fwht,fp64,forward,none,out-of-place,0,,,,0.000000,,online-reorder,radix2,four-mul,table,direct-strided,,2,8x7,0x0,8x8,table,direct-strided,global-scratch,2,0x0,8x8,shared,linear,scalar,0,named-barrier,256,0,0,8,8,0,0,8,1,0,0,15,32768,7,1,32768,1000,100,0.391520,0.023828,0.339680,293766.110328,72.195959,9626127903.243212,0.000000,-1,,,,,,,,,,,,
structured-2x2-bf16-native-log8-temporal-r2-t128-b959,structured-2x2-bf16-native-log8-b959,full,butterfly,cuButterfly-temporal-r2-t128,0,1,959,-1,,native,16,32,16,1,broadcast,floating-fma,temporal-r2-t128,1,30,512,16,64,1.0,959,0.74921875,0.74921875,register+thread+warp,982016,0.15608723958333334,0,Tesla V100-SXM2-16GB,7.0,structured-2x2,bf16,forward,none,out-of-place,0,,,,0.000000,,temporal-tile,radix2,four-mul,table,direct-strided,0.92387949999999996:-0.38268340000000001:0.38268340000000001:0.92387949999999996,1,8,,,,,,0,,,shared,linear,scalar,0,named-barrier,128,0,0,8,8,0,0,0,0,0,0,8,256,959,1,256,1000,100,0.119392,0.013558,0.147456,70734403.227250,72.432029,18108007226.176029,0.000000,-1,,,,,,,,,,,,
fwht-fp32-log15-online-r4-t256-b1,fwht-fp32-log15-b1,full,butterfly,cuButterfly-online-r4-t256,0,1,1,-1,,native,32,32,32,0,implicit-sign,floating-add,online-r4-t256,64,46,4096,5,40,0.625,64,0.16,0.16,register,262144,0.041666666666666664,0,Tesla V100-SXM2-16GB,7.0,fwht,fp32,forward,none,out-of-place,0,,,,0.000000,,online-reorder,radix4,four-mul,table,direct-strided,,2,8x7,0x0,8x8,table,direct-strided,global-scratch,2,0x0,8x8,shared,linear,scalar,0,named-barrier,256,0,0,8,8,0,0,8,1,0,0,15,32768,1,1,32768,1000,100,0.040256,0.007690,0.048608,130034.950633,31.957389,4260985262.351007,0.000000,-1,,,,,,,,,,,,
fwht-fp32-log8-temporal-r4-t128-b1281,fwht-fp32-log8-b1281,full,butterfly,cuButterfly-temporal-r4-t128,0,2,1281,-1,,native,32,32,32,0,implicit-sign,floating-add,temporal-r4-t128,1,38,1024,12,48,0.75,1281,1.334375,1.0,register,2623488,0.4169921875,0,Tesla V100-SXM2-16GB,7.0,fwht,fp32,forward,none,out-of-place,0,,,,0.000000,,temporal-tile,radix4,four-mul,table,direct-strided,,1,8,,,,,,0,,,shared,linear,scalar,0,named-barrier,128,0,0,8,8,0,0,0,0,0,0,8,256,1281,1,256,1000,100,0.313472,0.004813,0.342496,266165233.817839,272.553199,68138299857.366844,0.000000,-1,,,,,,,,,,,,
fwht-fp32-log8-temporal-r4-t128-b1,fwht-fp32-log8-b1,full,butterfly,cuButterfly-temporal-r4-t128,0,4,1,-1,,native,32,32,32,0,implicit-sign,floating-add,temporal-r4-t128,1,38,1024,12,48,0.75,1,0.0010416666666666667,0.0010416666666666667,register,2048,0.0003255208333333333,0,Tesla V100-SXM2-16GB,7.0,fwht,fp32,forward,none,out-of-place,0,,,,0.000000,,temporal-tile,radix4,four-mul,table,direct-strided,,1,8,,,,,,0,,,shared,linear,scalar,0,named-barrier,128,0,0,8,8,0,0,0,0,0,0,8,256,1,1,256,1000,100,0.009216,0.002591,0.017472,385993.071664,0.395257,98814226.345904,0.000000,-1,,,,,,,,,,,,
fft-fp16-native-log15-online-r2-t256-b4,fft-fp16-native-log15-b4,full,butterfly,cuButterfly-online-r2-t256,0,5,4,-1,,native,16,16,16,0,per-stage-twiddle,floating-complex,online-r2-t256,64,38,2048,6,48,0.75,256,0.5333333333333333,0.5333333333333333,register,1048576,0.16666666666666666,0,Tesla V100-SXM2-16GB,7.0,fft,fp16,forward,none,out-of-place,0,,,,0.000000,,online-reorder,radix2,four-mul,table,direct-strided,,2,8x7,0x0,8x8,table,direct-strided,global-scratch,2,0x0,8x8,shared,linear,scalar,0,named-barrier,256,0,0,8,8,0,0,8,1,0,0,15,32768,4,1,32768,1000,100,0.146720,0.021217,0.136032,188525.586826,46.332048,6177606429.115068,0.000000,-1,,,,,,,,,,,,
structured-2x2-fp16-native-log15-online-r4-t256-b8,structured-2x2-fp16-native-log15-b8,full,butterfly,cuButterfly-online-r4-t256,0,1,8,-1,,native,16,16,16,0,broadcast,floating-fma,online-r4-t256,64,46,2048,5,40,0.625,512,1.28,1.0,register,1048576,0.16666666666666666,0,Tesla V100-SXM2-16GB,7.0,structured-2x2,fp16,forward,none,out-of-place,0,,,,0.000000,,online-reorder,radix4,four-mul,table,direct-strided,0.92387949999999996:-0.38268340000000001:0.38268340000000001:0.92387949999999996,2,8x7,0x0,8x8,table,direct-strided,global-scratch,2,0x0,8x8,shared,linear,scalar,0,named-barrier,256,0,0,8,8,0,0,8,1,0,0,15,32768,8,1,32768,1000,100,0.120128,0.027075,0.139712,295480.327121,72.617245,9682299359.097120,0.000000,-1,,,,,,,,,,,,
fft-fp16-native-log15-online-r4-t256-b5,fft-fp16-native-log15-b5,full,butterfly,cuButterfly-online-r4-t256,0,1,5,-1,,native,16,16,16,0,per-stage-twiddle,floating-complex,online-r4-t256,64,50,4096,4,32,0.5,320,1.0,1.0,register,1310720,0.20833333333333334,0,Tesla V100-SXM2-16GB,7.0,fft,fp16,forward,none,out-of-place,0,,,,0.000000,,online-reorder,radix4,four-mul,table,direct-strided,,2,8x7,0x0,8x8,table,direct-strided,global-scratch,2,0x0,8x8,shared,linear,scalar,0,named-barrier,256,0,0,8,8,0,0,8,1,0,0,15,32768,5,1,32768,1000,100,0.180480,0.022856,0.157408,218763.996724,53.763440,7168458644.647551,0.000000,-1,,,,,,,,,,,,
structured-2x2-fp16-native-log8-temporal-r2-t128-b1,structured-2x2-fp16-native-log8-b1,full,butterfly,cuButterfly-temporal-r2-t128,0,2,1,-1,,native,16,16,16,0,broadcast,floating-fma,temporal-r2-t128,1,30,512,16,64,1.0,1,0.00078125,0.00078125,register+thread+warp,1024,0.00016276041666666666,0,Tesla V100-SXM2-16GB,7.0,structured-2x2,fp16,forward,none,out-of-place,0,,,,0.000000,,temporal-tile,radix2,four-mul,table,direct-strided,0.92387949999999996:-0.38268340000000001:0.38268340000000001:0.92387949999999996,1,8,,,,,,0,,,shared,linear,scalar,0,named-barrier,128,0,0,8,8,0,0,0,0,0,0,8,256,1,1,256,1000,100,0.007168,0.003123,0.020160,320184.422861,0.327869,81967212.252355,0.000000,-1,,,,,,,,,,,,
structured-2x2-bf16-fp32-log8-temporal-r2-t128-b1280,structured-2x2-bf16-fp32-log8-b1280,full,butterfly,cuButterfly-temporal-r2-t128,0,1,1280,-1,,fp32,16,32,32,0,broadcast,floating-fma,temporal-r2-t128,1,30,512,16,64,1.0,1280,1.0,1.0,register+thread+warp,1310720,0.20833333333333334,0,Tesla V100-SXM2-16GB,7.0,structured-2x2,bf16,forward,none,out-of-place,0,,,,0.000000,,temporal-tile,radix2,four-mul,table,direct-strided,0.92387949999999996:-0.38268340000000001:0.38268340000000001:0.92387949999999996,1,8,,,,,,0,,,shared,linear,scalar,0,named-barrier,128,0,0,8,8,0,0,0,0,0,0,8,256,1280,1,256,1000,100,0.151232,0.009718,0.165792,131717601.858858,134.878824,33719706075.867580,0.000000,-1,,,,,,,,,,,,
fwht-fp16-fp32-log15-hier-r4-t256-b9,fwht-fp16-fp32-log15-b9,full,butterfly,cuButterfly-hier-r4-t256,0,3,9,-1,,fp32,16,32,32,0,implicit-sign,floating-add,hier-r4-t256,64,44,2048,5,40,0.625,576,1.44,1.0,register,1179648,0.1875,0,Tesla V100-SXM2-16GB,7.0,fwht,fp16,forward,none,out-of-place,0,,,,0.000000,,hierarchical,radix4,four-mul,table,direct-strided,,1,15,,,,,,0,,,shared,linear,scalar,0,named-barrier,256,0,0,8,8,0,0,8,0,0,0,15,32768,9,1,32768,1000,100,0.138176,0.025221,0.156896,356843.806407,87.697934,11693057848.352108,0.000000,-1,,,,,,,,,,,,
fwht-bf16-fp32-log8-temporal-r4-t128-b1281,fwht-bf16-fp32-log8-b1281,full,butterfly,cuButterfly-temporal-r4-t128,0,3,1281,-1,,fp32,16,32,32,0,implicit-sign,floating-add,temporal-r4-t128,1,38,512,12,48,0.75,1281,1.334375,1.0,register,1311744,0.20849609375,0,Tesla V100-SXM2-16GB,7.0,fwht,bf16,forward,none,out-of-place,0,,,,0.000000,,temporal-tile,radix4,four-mul,table,direct-strided,,1,8,,,,,,0,,,shared,linear,scalar,0,named-barrier,128,0,0,8,8,0,0,0,0,0,0,8,256,1281,1,256,1000,100,0.181504,0.009462,0.173568,135387079.735817,138.636370,34659092412.369247,0.000000,-1,,,,,,,,,,,,
fwht-fp32-log20-online-r4-t256-b2,fwht-fp32-log20-b2,full,butterfly,cuButterfly-online-r4-t256,0,3,2,-1,,native,32,32,32,0,implicit-sign,floating-add,online-r4-t256,512,46,4096,5,40,0.625,1024,2.56,1.0,register,16777216,2.6666666666666665,0,Tesla V100-SXM2-16GB,7.0,fwht,fp32,forward,none,out-of-place,0,,,,0.000000,,online-reorder,radix4,four-mul,table,direct-strided,,2,10x10,0x0,8x8,table,direct-strided,global-scratch,2,0x0,8x8,shared,linear,scalar,0,named-barrier,256,0,0,8,8,0,0,10,1,0,0,20,1048576,2,1,1048576,1000,100,1.431520,0.181053,1.365600,11046.462015,115.830550,11583054953.607943,0.000000,-1,,,,,,,,,,,,
fwht-bf16-native-log20-online-r2-t256-b2,fwht-bf16-native-log20-b2,full,butterfly,cuButterfly-online-r2-t256,0,5,2,-1,,native,16,32,16,1,implicit-sign,floating-add,online-r2-t256,512,36,1024,6,48,0.75,1024,2.1333333333333333,1.0,register,8388608,1.3333333333333333,0,Tesla V100-SXM2-16GB,7.0,fwht,bf16,forward,none,out-of-place,0,,,,0.000000,,online-reorder,radix2,four-mul,table,direct-strided,,2,10x10,0x0,8x8,table,direct-strided,global-scratch,2,0x0,8x8,shared,linear,scalar,0,named-barrier,256,0,0,8,8,0,0,10,1,0,0,20,1048576,2,1,1048576,1000,100,0.763424,0.198134,0.740256,10094.191335,105.845268,10584526772.834808,0.000000,-1,,,,,,,,,,,,
fwht-fp32-log15-hier-r4-t256-b1,fwht-fp32-log15-b1,full,butterfly,cuButterfly-hier-r4-t256,0,4,1,-1,,native,32,32,32,0,implicit-sign,floating-add,hier-r4-t256,64,44,4096,5,40,0.625,64,0.16,0.16,register,262144,0.041666666666666664,0,Tesla V100-SXM2-16GB,7.0,fwht,fp32,forward,none,out-of-place,0,,,,0.000000,,hierarchical,radix4,four-mul,table,direct-strided,,1,15,,,,,,0,,,shared,linear,scalar,0,named-barrier,256,0,0,8,8,0,0,8,0,0,0,15,32768,1,1,32768,1000,100,0.042240,0.017664,0.052192,56612.317584,13.913043,1855072422.604481,0.000000,-1,,,,,,,,,,,,
structured-2x2-fp64-log15-online-r2-t256-b5,structured-2x2-fp64-log15-b5,full,butterfly,cuButterfly-online-r2-t256,0,3,5,-1,,native,64,64,64,0,broadcast,floating-fma,online-r2-t256,64,38,4096,6,48,0.75,320,0.6666666666666666,0.6666666666666666,register,2621440,0.4166666666666667,0,Tesla V100-SXM2-16GB,7.0,structured-2x2,fp64,forward,none,out-of-place,0,,,,0.000000,,online-reorder,radix2,four-mul,table,direct-strided,0.92387949999999996:-0.38268340000000001:0.38268340000000001:0.92387949999999996,2,8x7,0x0,8x8,table,direct-strided,global-scratch,2,0x0,8x8,shared,linear,scalar,0,named-barrier,256,0,0,8,8,0,0,8,1,0,0,15,32768,5,1,32768,1000,100,0.326976,0.022692,0.266688,220343.521398,54.151624,7220216509.157454,0.000000,-1,,,,,,,,,,,,
fwht-fp16-native-log8-temporal-r4-t128-b959,fwht-fp16-native-log8-b959,full,butterfly,cuButterfly-temporal-r4-t128,0,1,959,-1,,native,16,16,16,0,implicit-sign,floating-add,temporal-r4-t128,1,38,512,12,48,0.75,959,0.9989583333333333,0.9989583333333333,register,982016,0.15608723958333334,0,Tesla V100-SXM2-16GB,7.0,fwht,fp16,forward,none,out-of-place,0,,,,0.000000,,temporal-tile,radix4,four-mul,table,direct-strided,,1,8,,,,,,0,,,shared,linear,scalar,0,named-barrier,128,0,0,8,8,0,0,0,0,0,0,8,256,959,1,256,1000,100,0.138272,0.004076,0.128192,235307384.448990,240.954762,60238690418.941353,0.000000,-1,,,,,,,,,,,,
fft-fp16-fp32-log8-temporal-r2-t128-b800,fft-fp16-fp32-log8-b800,full,butterfly,cuButterfly-temporal-r2-t128,0,5,800,-1,,fp32,16,32,32,0,per-stage-twiddle,floating-complex,temporal-r2-t128,1,32,1024,16,64,1.0,800,0.625,0.625,register+thread+warp,1638400,0.2604166666666667,0,Tesla V100-SXM2-16GB,7.0,fft,fp16,forward,none,out-of-place,0,,,,0.000000,,temporal-tile,radix2,four-mul,table,direct-strided,,1,8,,,,,,0,,,shared,linear,scalar,0,named-barrier,128,0,0,8,8,0,0,0,0,0,0,8,256,800,1,256,1000,100,0.198880,0.006400,0.216416,125000003.157766,128.000003,32000000808.388016,0.000000,-1,,,,,,,,,,,,
fwht-bf16-fp32-log8-temporal-r2-t128-b1281,fwht-bf16-fp32-log8-b1281,full,butterfly,cuButterfly-temporal-r2-t128,0,5,1281,-1,,fp32,16,32,32,0,implicit-sign,floating-add,temporal-r2-t128,1,30,512,16,64,1.0,1281,1.00078125,1.0,register+thread+warp,1311744,0.20849609375,0,Tesla V100-SXM2-16GB,7.0,fwht,bf16,forward,none,out-of-place,0,,,,0.000000,,temporal-tile,radix2,four-mul,table,direct-strided,,1,8,,,,,,0,,,shared,linear,scalar,0,named-barrier,128,0,0,8,8,0,0,0,0,0,0,8,256,1281,1,256,1000,100,0.193920,0.008704,0.177632,147173710.654217,150.705880,37676469927.479462,0.000000,-1,,,,,,,,,,,,
fft-fp16-fp32-log15-hier-r4-t256-b1,fft-fp16-fp32-log15-b1,full,butterfly,cuButterfly-hier-r4-t256,0,5,1,-1,,fp32,16,32,32,0,per-stage-twiddle,floating-complex,hier-r4-t256,64,48,4096,5,40,0.625,64,0.16,0.16,register,262144,0.041666666666666664,0,Tesla V100-SXM2-16GB,7.0,fft,fp16,forward,none,out-of-place,0,,,,0.000000,,hierarchical,radix4,four-mul,table,direct-strided,,1,15,,,,,,0,,,shared,linear,scalar,0,named-barrier,256,0,0,8,8,0,0,8,0,0,0,15,32768,1,1,32768,1000,100,0.036576,0.020214,0.050848,49471.254759,12.158056,1621074075.945117,0.000000,-1,,,,,,,,,,,,
fft-fp16-fp32-log20-online-r4-t256-b2,fft-fp16-fp32-log20-b2,full,butterfly,cuButterfly-online-r4-t256,0,5,2,-1,,fp32,16,32,32,0,per-stage-twiddle,floating-complex,online-r4-t256,512,50,4096,4,32,0.5,1024,3.2,1.0,register,16777216,2.6666666666666665,0,Tesla V100-SXM2-16GB,7.0,fft,fp16,forward,none,out-of-place,0,,,,0.000000,,online-reorder,radix4,four-mul,table,direct-strided,,2,10x10,0x0,8x8,table,direct-strided,global-scratch,2,0x0,8x8,shared,linear,scalar,0,named-barrier,256,0,0,8,8,0,0,10,1,0,0,20,1048576,2,1,1048576,1000,100,1.431424,0.240312,1.367904,8322.502880,87.267768,8726776779.670626,0.000000,-1,,,,,,,,,,,,
fft-fp16-fp32-log15-hier-r4-t256-b1,fft-fp16-fp32-log15-b1,full,butterfly,cuButterfly-hier-r4-t256,0,2,1,-1,,fp32,16,32,32,0,per-stage-twiddle,floating-complex,hier-r4-t256,64,48,4096,5,40,0.625,64,0.16,0.16,register,262144,0.041666666666666664,0,Tesla V100-SXM2-16GB,7.0,fft,fp16,forward,none,out-of-place,0,,,,0.000000,,hierarchical,radix4,four-mul,table,direct-strided,,1,15,,,,,,0,,,shared,linear,scalar,0,named-barrier,256,0,0,8,8,0,0,8,0,0,0,15,32768,1,1,32768,1000,100,0.034816,0.020111,0.050080,49723.142399,12.219959,1629327930.121168,0.000000,-1,,,,,,,,,,,,
fwht-bf16-fp32-log8-temporal-r2-t128-b1,fwht-bf16-fp32-log8-b1,full,butterfly,cuButterfly-temporal-r2-t128,0,2,1,-1,,fp32,16,32,32,0,implicit-sign,floating-add,temporal-r2-t128,1,30,512,16,64,1.0,1,0.00078125,0.00078125,register+thread+warp,1024,0.00016276041666666666,0,Tesla V100-SXM2-16GB,7.0,fwht,bf16,forward,none,out-of-place,0,,,,0.000000,,temporal-tile,radix2,four-mul,table,direct-strided,,1,8,,,,,,0,,,shared,linear,scalar,0,named-barrier,128,0,0,8,8,0,0,0,0,0,0,8,256,1,1,256,1000,100,0.009216,0.003113,0.019520,321237.673934,0.328947,82236844.527187,0.000000,-1,,,,,,,,,,,,
fft-fp32-log15-hier-r4-t256-b7,fft-fp32-log15-b7,full,butterfly,cuButterfly-hier-r4-t256,0,4,7,-1,,native,32,32,32,0,per-stage-twiddle,floating-complex,hier-r4-t256,64,48,8192,5,40,0.625,448,1.12,1.0,register,3670016,0.5833333333333334,0,Tesla V100-SXM2-16GB,7.0,fft,fp32,forward,none,out-of-place,0,,,,0.000000,,hierarchical,radix4,four-mul,table,direct-strided,,1,15,,,,,,0,,,shared,linear,scalar,0,named-barrier,256,0,0,8,8,0,0,8,0,0,0,15,32768,7,1,32768,1000,100,0.476384,0.033812,0.350048,207024.163144,50.878258,6783767777.890695,0.000000,-1,,,,,,,,,,,,
fft-fp32-log8-temporal-r4-t128-b1279,fft-fp32-log8-b1279,full,butterfly,cuButterfly-temporal-r4-t128,0,4,1279,-1,,native,32,32,32,0,per-stage-twiddle,floating-complex,temporal-r4-t128,1,42,2048,10,40,0.625,1279,1.59875,1.0,register,5238784,0.8326822916666666,0,Tesla V100-SXM2-16GB,7.0,fft,fp32,forward,none,out-of-place,0,,,,0.000000,,temporal-tile,radix4,four-mul,table,direct-strided,,1,8,,,,,,0,,,shared,linear,scalar,0,named-barrier,128,0,0,8,8,0,0,0,0,0,0,8,256,1279,1,256,1000,100,0.520576,0.009400,0.453376,136059194.520205,139.324615,34831153797.172585,0.000000,-1,,,,,,,,,,,,
structured-2x2-fp16-native-log15-online-r4-t256-b7,structured-2x2-fp16-native-log15-b7,full,butterfly,cuButterfly-online-r4-t256,0,4,7,-1,,native,16,16,16,0,broadcast,floating-fma,online-r4-t256,64,46,2048,5,40,0.625,448,1.12,1.0,register,917504,0.14583333333333334,0,Tesla V100-SXM2-16GB,7.0,structured-2x2,fp16,forward,none,out-of-place,0,,,,0.000000,,online-reorder,radix4,four-mul,table,direct-strided,0.92387949999999996:-0.38268340000000001:0.38268340000000001:0.92387949999999996,2,8x7,0x0,8x8,table,direct-strided,global-scratch,2,0x0,8x8,shared,linear,scalar,0,named-barrier,256,0,0,8,8,0,0,8,1,0,0,15,32768,7,1,32768,1000,100,0.111904,0.024678,0.128000,283648.861377,69.709544,9294605889.594286,0.000000,-1,,,,,,,,,,,,
subset-zeta-uint32-zeta-log15-online-r2-t256-b9,subset-zeta-uint32-zeta-log15-b9,full,butterfly,cuButterfly-online-r2-t256,0,4,9,-1,,native,32,32,32,0,implicit-unit,integer-add,online-r2-t256,64,36,2048,6,48,0.75,576,1.2,1.0,register,2359296,0.375,0,Tesla V100-SXM2-16GB,7.0,subset-zeta,uint32,forward,none,out-of-place,0,,,,0.000000,,online-reorder,radix2,four-mul,table,direct-strided,,2,8x7,0x0,8x8,table,direct-strided,global-scratch,2,0x0,8x8,shared,linear,scalar,0,named-barrier,256,0,0,8,8,0,0,8,1,0,0,15,32768,9,1,32768,1000,100,0.301280,0.028723,0.274208,313335.573274,77.005350,10267380065.026052,0.000000,-1,,,,,,,,,,,,
fwht-fp16-native-log8-temporal-r2-t128-b960,fwht-fp16-native-log8-b960,full,butterfly,cuButterfly-temporal-r2-t128,0,2,960,-1,,native,16,16,16,0,implicit-sign,floating-add,temporal-r2-t128,1,30,512,16,64,1.0,960,0.75,0.75,register+thread+warp,983040,0.15625,0,Tesla V100-SXM2-16GB,7.0,fwht,fp16,forward,none,out-of-place,0,,,,0.000000,,temporal-tile,radix2,four-mul,table,direct-strided,,1,8,,,,,,0,,,shared,linear,scalar,0,named-barrier,128,0,0,8,8,0,0,0,0,0,0,8,256,960,1,256,1000,100,0.145696,0.004526,0.127520,212104067.805504,217.194565,54298641358.208900,0.000000,-1,,,,,,,,,,,,
structured-2x2-fp32-log20-hier-r4-t256-b1,structured-2x2-fp32-log20-b1,full,butterfly,cuButterfly-hier-r4-t256,0,2,1,-1,,native,32,32,32,0,broadcast,floating-fma,hier-r4-t256,512,44,4096,5,40,0.625,512,1.28,1.0,register,8388608,1.3333333333333333,0,Tesla V100-SXM2-16GB,7.0,structured-2x2,fp32,forward,none,out-of-place,0,,,,0.000000,,hierarchical,radix4,four-mul,table,direct-strided,0.92387949999999996:-0.38268340000000001:0.38268340000000001:0.92387949999999996,1,20,,,,,,0,,,shared,linear,scalar,0,named-barrier,256,0,0,8,8,0,0,10,0,0,0,20,1048576,1,1,1048576,1000,100,0.747584,0.102205,0.708320,9784.214970,102.594930,10259492996.413561,0.000000,-1,,,,,,,,,,,,
structured-2x2-fp64-log20-hier-r4-t256-b2,structured-2x2-fp64-log20-b2,full,butterfly,cuButterfly-hier-r4-t256,0,2,2,-1,,native,64,64,64,0,broadcast,floating-fma,hier-r4-t256,512,48,8192,5,40,0.625,1024,2.56,1.0,register,33554432,5.333333333333333,0,Tesla V100-SXM2-16GB,7.0,structured-2x2,fp64,forward,none,out-of-place,0,,,,0.000000,,hierarchical,radix4,four-mul,table,direct-strided,0.92387949999999996:-0.38268340000000001:0.38268340000000001:0.92387949999999996,1,20,,,,,,0,,,shared,linear,scalar,0,named-barrier,256,0,0,8,8,0,0,10,0,0,0,20,1048576,2,1,1048576,1000,100,2.778336,0.489339,2.601312,4087.147175,42.856844,4285684436.546620,0.000000,-1,,,,,,,,,,,,
structured-2x2-bf16-native-log15-online-r2-t256-b9,structured-2x2-bf16-native-log15-b9,full,butterfly,cuButterfly-online-r2-t256,0,2,9,-1,,native,16,32,16,1,broadcast,floating-fma,online-r2-t256,64,36,1024,6,48,0.75,576,1.2,1.0,register,1179648,0.1875,0,Tesla V100-SXM2-16GB,7.0,structured-2x2,bf16,forward,none,out-of-place,0,,,,0.000000,,online-reorder,radix2,four-mul,table,direct-strided,0.92387949999999996:-0.38268340000000001:0.38268340000000001:0.92387949999999996,2,8x7,0x0,8x8,table,direct-strided,global-scratch,2,0x0,8x8,shared,linear,scalar,0,named-barrier,256,0,0,8,8,0,0,8,1,0,0,15,32768,9,1,32768,1000,100,0.139104,0.045578,0.141728,197462.643002,48.528419,6470455885.881079,0.000000,-1,,,,,,,,,,,,
fwht-fp64-log8-temporal-r4-t128-b1281,fwht-fp64-log8-b1281,full,butterfly,cuButterfly-temporal-r4-t128,0,5,1281,-1,,native,64,64,64,0,implicit-sign,floating-add,temporal-r4-t128,1,42,2048,10,40,0.625,1281,1.60125,1.0,register,5246976,0.833984375,0,Tesla V100-SXM2-16GB,7.0,fwht,fp64,forward,none,out-of-place,0,,,,0.000000,,temporal-tile,radix4,four-mul,table,direct-strided,,1,8,,,,,,0,,,shared,linear,scalar,0,named-barrier,128,0,0,8,8,0,0,0,0,0,0,8,256,1281,1,256,1000,100,0.521888,0.006451,0.447136,198567701.309824,203.333326,50833331535.314919,0.000000,-1,,,,,,,,,,,,
fft-fp32-log15-online-r2-t256-b9,fft-fp32-log15-b9,full,butterfly,cuButterfly-online-r2-t256,0,4,9,-1,,native,32,32,32,0,per-stage-twiddle,floating-complex,online-r2-t256,64,38,4096,6,48,0.75,576,1.2,1.0,register,4718592,0.75,0,Tesla V100-SXM2-16GB,7.0,fft,fp32,forward,none,out-of-place,0,,,,0.000000,,online-reorder,radix2,four-mul,table,direct-strided,,2,8x7,0x0,8x8,table,direct-strided,global-scratch,2,0x0,8x8,shared,linear,scalar,0,named-barrier,256,0,0,8,8,0,0,8,1,0,0,15,32768,9,1,32768,1000,100,0.549664,0.043663,0.427200,206122.478051,50.656660,6754221360.760372,0.000000,-1,,,,,,,,,,,,
fft-bf16-native-log8-temporal-r4-t128-b801,fft-bf16-native-log8-b801,full,butterfly,cuButterfly-temporal-r4-t128,0,4,801,-1,,native,16,32,16,1,per-stage-twiddle,floating-complex,temporal-r4-t128,1,42,1024,10,40,0.625,801,1.00125,1.0,register,1640448,0.2607421875,0,Tesla V100-SXM2-16GB,7.0,fft,bf16,forward,none,out-of-place,0,,,,0.000000,,temporal-tile,radix4,four-mul,table,direct-strided,,1,8,,,,,,0,,,shared,linear,scalar,0,named-barrier,128,0,0,8,8,0,0,0,0,0,0,8,256,801,1,256,1000,100,0.203104,0.019866,0.215136,40320956.033808,41.288659,10322164744.654865,0.000000,-1,,,,,,,,,,,,
fwht-bf16-native-log15-online-r4-t256-b9,fwht-bf16-native-log15-b9,full,butterfly,cuButterfly-online-r4-t256,0,4,9,-1,,native,16,32,16,1,implicit-sign,floating-add,online-r4-t256,64,46,2048,5,40,0.625,576,1.44,1.0,register,1179648,0.1875,0,Tesla V100-SXM2-16GB,7.0,fwht,bf16,forward,none,out-of-place,0,,,,0.000000,,online-reorder,radix4,four-mul,table,direct-strided,,2,8x7,0x0,8x8,table,direct-strided,global-scratch,2,0x0,8x8,shared,linear,scalar,0,named-barrier,256,0,0,8,8,0,0,8,1,0,0,15,32768,9,1,32768,1000,100,0.145344,0.030362,0.145696,296427.063617,72.849915,9713322020.614641,0.000000,-1,,,,,,,,,,,,
structured-2x2-bf16-fp32-log20-online-r4-t256-b2,structured-2x2-bf16-fp32-log20-b2,full,butterfly,cuButterfly-online-r4-t256,0,3,2,-1,,fp32,16,32,32,0,broadcast,floating-fma,online-r4-t256,512,46,2048,5,40,0.625,1024,2.56,1.0,register,8388608,1.3333333333333333,0,Tesla V100-SXM2-16GB,7.0,structured-2x2,bf16,forward,none,out-of-place,0,,,,0.000000,,online-reorder,radix4,four-mul,table,direct-strided,0.92387949999999996:-0.38268340000000001:0.38268340000000001:0.92387949999999996,2,10x10,0x0,8x8,table,direct-strided,global-scratch,2,0x0,8x8,shared,linear,scalar,0,named-barrier,256,0,0,8,8,0,0,10,1,0,0,20,1048576,2,1,1048576,1000,100,0.754304,0.198953,0.724640,10052.627617,105.409441,10540944056.377157,0.000000,-1,,,,,,,,,,,,
fft-bf16-native-log20-online-r2-t256-b1,fft-bf16-native-log20-b1,full,butterfly,cuButterfly-online-r2-t256,0,1,1,-1,,native,16,32,16,1,per-stage-twiddle,floating-complex,online-r2-t256,512,38,2048,6,48,0.75,512,1.0666666666666667,1.0,register,8388608,1.3333333333333333,0,Tesla V100-SXM2-16GB,7.0,fft,bf16,forward,none,out-of-place,0,,,,0.000000,,online-reorder,radix2,four-mul,table,direct-strided,,2,10x10,0x0,8x8,table,direct-strided,global-scratch,2,0x0,8x8,shared,linear,scalar,0,named-barrier,256,0,0,8,8,0,0,10,1,0,0,20,1048576,1,1,1048576,1000,100,0.745504,0.240445,0.724160,4158.947745,43.609728,4360972791.163124,0.000000,-1,,,,,,,,,,,,
fwht-bf16-native-log15-hier-r4-t256-b1,fwht-bf16-native-log15-b1,full,butterfly,cuButterfly-hier-r4-t256,0,4,1,-1,,native,16,32,16,1,implicit-sign,floating-add,hier-r4-t256,64,44,2048,5,40,0.625,64,0.16,0.16,register,131072,0.020833333333333332,0,Tesla V100-SXM2-16GB,7.0,fwht,bf16,forward,none,out-of-place,0,,,,0.000000,,hierarchical,radix4,four-mul,table,direct-strided,,1,15,,,,,,0,,,shared,linear,scalar,0,named-barrier,256,0,0,8,8,0,0,8,0,0,0,15,32768,1,1,32768,1000,100,0.034816,0.019046,0.036032,52503.360925,12.903226,1720430130.798640,0.000000,-1,,,,,,,,,,,,
fwht-fp32-log15-hier-r4-t256-b1,fwht-fp32-log15-b1,full,butterfly,cuButterfly-hier-r4-t256,0,3,1,-1,,native,32,32,32,0,implicit-sign,floating-add,hier-r4-t256,64,44,4096,5,40,0.625,64,0.16,0.16,register,262144,0.041666666666666664,0,Tesla V100-SXM2-16GB,7.0,fwht,fp32,forward,none,out-of-place,0,,,,0.000000,,hierarchical,radix4,four-mul,table,direct-strided,,1,15,,,,,,0,,,shared,linear,scalar,0,named-barrier,256,0,0,8,8,0,0,8,0,0,0,15,32768,1,1,32768,1000,100,0.042720,0.018872,0.051872,52987.659395,13.022247,1736299623.047338,0.000000,-1,,,,,,,,,,,,
fwht-fp16-fp32-log20-online-r4-t256-b2,fwht-fp16-fp32-log20-b2,full,butterfly,cuButterfly-online-r4-t256,0,4,2,-1,,fp32,16,32,32,0,implicit-sign,floating-add,online-r4-t256,512,46,2048,5,40,0.625,1024,2.56,1.0,register,8388608,1.3333333333333333,0,Tesla V100-SXM2-16GB,7.0,fwht,fp16,forward,none,out-of-place,0,,,,0.000000,,online-reorder,radix4,four-mul,table,direct-strided,,2,10x10,0x0,8x8,table,direct-strided,global-scratch,2,0x0,8x8,shared,linear,scalar,0,named-barrier,256,0,0,8,8,0,0,10,1,0,0,20,1048576,2,1,1048576,1000,100,0.759392,0.167926,0.745536,11910.024991,124.885664,12488566364.846392,0.000000,-1,,,,,,,,,,,,
fwht-fp32-log15-online-r2-t256-b1,fwht-fp32-log15-b1,full,butterfly,cuButterfly-online-r2-t256,0,2,1,-1,,native,32,32,32,0,implicit-sign,floating-add,online-r2-t256,64,36,2048,6,48,0.75,64,0.13333333333333333,0.13333333333333333,register,262144,0.041666666666666664,0,Tesla V100-SXM2-16GB,7.0,fwht,fp32,forward,none,out-of-place,0,,,,0.000000,,online-reorder,radix2,four-mul,table,direct-strided,,2,8x7,0x0,8x8,table,direct-strided,global-scratch,2,0x0,8x8,shared,linear,scalar,0,named-barrier,256,0,0,8,8,0,0,8,1,0,0,15,32768,1,1,32768,1000,100,0.039616,0.008274,0.051264,120861.694897,29.702970,3960396018.397907,0.000000,-1,,,,,,,,,,,,
fwht-bf16-native-log15-online-r2-t256-b9,fwht-bf16-native-log15-b9,full,butterfly,cuButterfly-online-r2-t256,0,1,9,-1,,native,16,32,16,1,implicit-sign,floating-add,online-r2-t256,64,36,1024,6,48,0.75,576,1.2,1.0,register,1179648,0.1875,0,Tesla V100-SXM2-16GB,7.0,fwht,bf16,forward,none,out-of-place,0,,,,0.000000,,online-reorder,radix2,four-mul,table,direct-strided,,2,8x7,0x0,8x8,table,direct-strided,global-scratch,2,0x0,8x8,shared,linear,scalar,0,named-barrier,256,0,0,8,8,0,0,8,1,0,0,15,32768,9,1,32768,1000,100,0.137472,0.030761,0.149088,292578.638925,71.904126,9587216840.289766,0.000000,-1,,,,,,,,,,,,
fft-bf16-native-log15-hier-r4-t256-b5,fft-bf16-native-log15-b5,full,butterfly,cuButterfly-hier-r4-t256,0,2,5,-1,,native,16,32,16,1,per-stage-twiddle,floating-complex,hier-r4-t256,64,48,4096,5,40,0.625,320,0.8,0.8,register,1310720,0.20833333333333334,0,Tesla V100-SXM2-16GB,7.0,fft,bf16,forward,none,out-of-place,0,,,,0.000000,,hierarchical,radix4,four-mul,table,direct-strided,,1,15,,,,,,0,,,shared,linear,scalar,0,named-barrier,256,0,0,8,8,0,0,8,0,0,0,15,32768,5,1,32768,1000,100,0.192032,0.042557,0.179936,117488.268044,28.873917,3849855567.257701,0.000000,-1,,,,,,,,,,,,
fwht-fp16-fp32-log20-online-r4-t256-b2,fwht-fp16-fp32-log20-b2,full,butterfly,cuButterfly-online-r4-t256,0,2,2,-1,,fp32,16,32,32,0,implicit-sign,floating-add,online-r4-t256,512,46,2048,5,40,0.625,1024,2.56,1.0,register,8388608,1.3333333333333333,0,Tesla V100-SXM2-16GB,7.0,fwht,fp16,forward,none,out-of-place,0,,,,0.000000,,online-reorder,radix4,four-mul,table,direct-strided,,2,10x10,0x0,8x8,table,direct-strided,global-scratch,2,0x0,8x8,shared,linear,scalar,0,named-barrier,256,0,0,8,8,0,0,10,1,0,0,20,1048576,2,1,1048576,1000,100,0.759840,0.167916,0.733184,11910.751095,124.893277,12489327739.805584,0.000000,-1,,,,,,,,,,,,
fft-bf16-native-log20-hier-r4-t256-b2,fft-bf16-native-log20-b2,full,butterfly,cuButterfly-hier-r4-t256,0,4,2,-1,,native,16,32,16,1,per-stage-twiddle,floating-complex,hier-r4-t256,512,48,4096,5,40,0.625,1024,2.56,1.0,register,16777216,2.6666666666666665,0,Tesla V100-SXM2-16GB,7.0,fft,bf16,forward,none,out-of-place,0,,,,0.000000,,hierarchical,radix4,four-mul,table,direct-strided,,1,20,,,,,,0,,,shared,linear,scalar,0,named-barrier,256,0,0,8,8,0,0,10,0,0,0,20,1048576,2,1,1048576,1000,100,1.427168,0.461117,1.398016,4337.289807,45.479780,4547977996.213419,0.000000,-1,,,,,,,,,,,,
structured-2x2-fp16-fp32-log15-online-r4-t256-b1,structured-2x2-fp16-fp32-log15-b1,full,butterfly,cuButterfly-online-r4-t256,0,1,1,-1,,fp32,16,32,32,0,broadcast,floating-fma,online-r4-t256,64,46,2048,5,40,0.625,64,0.16,0.16,register,131072,0.020833333333333332,0,Tesla V100-SXM2-16GB,7.0,structured-2x2,fp16,forward,none,out-of-place,0,,,,0.000000,,online-reorder,radix4,four-mul,table,direct-strided,0.92387949999999996:-0.38268340000000001:0.38268340000000001:0.92387949999999996,2,8x7,0x0,8x8,table,direct-strided,global-scratch,2,0x0,8x8,shared,linear,scalar,0,named-barrier,256,0,0,8,8,0,0,8,1,0,0,15,32768,1,1,32768,1000,100,0.032768,0.009124,0.034592,109602.980938,26.936029,3591470479.375395,0.000000,-1,,,,,,,,,,,,
fwht-bf16-native-log15-online-r4-t256-b9,fwht-bf16-native-log15-b9,full,butterfly,cuButterfly-online-r4-t256,0,3,9,-1,,native,16,32,16,1,implicit-sign,floating-add,online-r4-t256,64,46,2048,5,40,0.625,576,1.44,1.0,register,1179648,0.1875,0,Tesla V100-SXM2-16GB,7.0,fwht,bf16,forward,none,out-of-place,0,,,,0.000000,,online-reorder,radix4,four-mul,table,direct-strided,,2,8x7,0x0,8x8,table,direct-strided,global-scratch,2,0x0,8x8,shared,linear,scalar,0,named-barrier,256,0,0,8,8,0,0,8,1,0,0,15,32768,9,1,32768,1000,100,0.136864,0.030351,0.141760,296527.080788,72.874495,9716599383.270771,0.000000,-1,,,,,,,,,,,,
fft-fp64-log8-temporal-r4-t128-b1,fft-fp64-log8-b1,full,butterfly,cuButterfly-temporal-r4-t128,0,2,1,-1,,native,64,64,64,0,per-stage-twiddle,floating-complex,temporal-r4-t128,1,50,4096,9,36,0.5625,1,0.001388888888888889,0.001388888888888889,register,8192,0.0013020833333333333,0,Tesla V100-SXM2-16GB,7.0,fft,fp64,forward,none,out-of-place,0,,,,0.000000,,temporal-tile,radix4,four-mul,table,direct-strided,,1,8,,,,,,0,,,shared,linear,scalar,0,named-barrier,128,0,0,8,8,0,0,0,0,0,0,8,256,1,1,256,1000,100,0.007168,0.003768,0.018176,265370.230807,0.271739,67934779.086467,0.000000,-1,,,,,,,,,,,,
fwht-fp32-log8-temporal-r4-t128-b1,fwht-fp32-log8-b1,full,butterfly,cuButterfly-temporal-r4-t128,0,3,1,-1,,native,32,32,32,0,implicit-sign,floating-add,temporal-r4-t128,1,38,1024,12,48,0.75,1,0.0010416666666666667,0.0010416666666666667,register,2048,0.0003255208333333333,0,Tesla V100-SXM2-16GB,7.0,fwht,fp32,forward,none,out-of-place,0,,,,0.000000,,temporal-tile,radix4,four-mul,table,direct-strided,,1,8,,,,,,0,,,shared,linear,scalar,0,named-barrier,128,0,0,8,8,0,0,0,0,0,0,8,256,1,1,256,1000,100,0.011264,0.002621,0.020096,381469.728881,0.390625,97656250.593503,0.000000,-1,,,,,,,,,,,,
fft-bf16-fp32-log8-temporal-r4-t128-b1281,fft-bf16-fp32-log8-b1281,full,butterfly,cuButterfly-temporal-r4-t128,0,5,1281,-1,,fp32,16,32,32,0,per-stage-twiddle,floating-complex,temporal-r4-t128,1,42,1024,10,40,0.625,1281,1.60125,1.0,register,2623488,0.4169921875,0,Tesla V100-SXM2-16GB,7.0,fft,bf16,forward,none,out-of-place,0,,,,0.000000,,temporal-tile,radix4,four-mul,table,direct-strided,,1,8,,,,,,0,,,shared,linear,scalar,0,named-barrier,128,0,0,8,8,0,0,0,0,0,0,8,256,1281,1,256,1000,100,0.295040,0.018268,0.281984,70122002.620813,71.804931,17951232670.928104,0.000000,-1,,,,,,,,,,,,
fft-bf16-fp32-log15-online-r2-t256-b7,fft-bf16-fp32-log15-b7,full,butterfly,cuButterfly-online-r2-t256,0,5,7,-1,,fp32,16,32,32,0,per-stage-twiddle,floating-complex,online-r2-t256,64,38,2048,6,48,0.75,448,0.9333333333333333,0.9333333333333333,register,1835008,0.2916666666666667,0,Tesla V100-SXM2-16GB,7.0,fft,bf16,forward,none,out-of-place,0,,,,0.000000,,online-reorder,radix2,four-mul,table,direct-strided,,2,8x7,0x0,8x8,table,direct-strided,global-scratch,2,0x0,8x8,shared,linear,scalar,0,named-barrier,256,0,0,8,8,0,0,8,1,0,0,15,32768,7,1,32768,1000,100,0.267968,0.040059,0.216704,174742.774074,42.944784,5725971220.859530,0.000000,-1,,,,,,,,,,,,
fwht-fp16-fp32-log15-online-r2-t256-b8,fwht-fp16-fp32-log15-b8,full,butterfly,cuButterfly-online-r2-t256,0,1,8,-1,,fp32,16,32,32,0,implicit-sign,floating-add,online-r2-t256,64,36,1024,6,48,0.75,512,1.0666666666666667,1.0,register,1048576,0.16666666666666666,0,Tesla V100-SXM2-16GB,7.0,fwht,fp16,forward,none,out-of-place,0,,,,0.000000,,online-reorder,radix2,four-mul,table,direct-strided,,2,8x7,0x0,8x8,table,direct-strided,global-scratch,2,0x0,8x8,shared,linear,scalar,0,named-barrier,256,0,0,8,8,0,0,8,1,0,0,15,32768,8,1,32768,1000,100,0.122048,0.026737,0.148544,299214.845628,73.535040,9804672061.538269,0.000000,-1,,,,,,,,,,,,
structured-2x2-fp64-log15-online-r2-t256-b7,structured-2x2-fp64-log15-b7,full,butterfly,cuButterfly-online-r2-t256,0,1,7,-1,,native,64,64,64,0,broadcast,floating-fma,online-r2-t256,64,38,4096,6,48,0.75,448,0.9333333333333333,0.9333333333333333,register,3670016,0.5833333333333334,0,Tesla V100-SXM2-16GB,7.0,structured-2x2,fp64,forward,none,out-of-place,0,,,,0.000000,,online-reorder,radix2,four-mul,table,direct-strided,0.92387949999999996:-0.38268340000000001:0.38268340000000001:0.92387949999999996,2,8x7,0x0,8x8,table,direct-strided,global-scratch,2,0x0,8x8,shared,linear,scalar,0,named-barrier,256,0,0,8,8,0,0,8,1,0,0,15,32768,7,1,32768,1000,100,0.403328,0.028805,0.362784,243012.354061,59.722716,7963028817.882044,0.000000,-1,,,,,,,,,,,,
fwht-fp32-log8-temporal-r2-t128-b1281,fwht-fp32-log8-b1281,full,butterfly,cuButterfly-temporal-r2-t128,0,5,1281,-1,,native,32,32,32,0,implicit-sign,floating-add,temporal-r2-t128,1,30,1024,16,64,1.0,1281,1.00078125,1.0,register+thread+warp,2623488,0.4169921875,0,Tesla V100-SXM2-16GB,7.0,fwht,fp32,forward,none,out-of-place,0,,,,0.000000,,temporal-tile,radix2,four-mul,table,direct-strided,,1,8,,,,,,0,,,shared,linear,scalar,0,named-barrier,128,0,0,8,8,0,0,0,0,0,0,8,256,1281,1,256,1000,100,0.321376,0.005489,0.259424,233391142.784980,238.992530,59748132552.954781,0.000000,-1,,,,,,,,,,,,
structured-2x2-fp32-log20-online-r4-t256-b1,structured-2x2-fp32-log20-b1,full,butterfly,cuButterfly-online-r4-t256,0,3,1,-1,,native,32,32,32,0,broadcast,floating-fma,online-r4-t256,512,46,4096,5,40,0.625,512,1.28,1.0,register,8388608,1.3333333333333333,0,Tesla V100-SXM2-16GB,7.0,structured-2x2,fp32,forward,none,out-of-place,0,,,,0.000000,,online-reorder,radix4,four-mul,table,direct-strided,0.92387949999999996:-0.38268340000000001:0.38268340000000001:0.92387949999999996,2,10x10,0x0,8x8,table,direct-strided,global-scratch,2,0x0,8x8,shared,linear,scalar,0,named-barrier,256,0,0,8,8,0,0,10,1,0,0,20,1048576,1,1,1048576,1000,100,0.756864,0.095816,0.747424,10436.705040,109.436784,10943678424.241434,0.000000,-1,,,,,,,,,,,,
fft-bf16-native-log15-online-r4-t256-b1,fft-bf16-native-log15-b1,full,butterfly,cuButterfly-online-r4-t256,0,4,1,-1,,native,16,32,16,1,per-stage-twiddle,floating-complex,online-r4-t256,64,50,4096,4,32,0.5,64,0.2,0.2,register,262144,0.041666666666666664,0,Tesla V100-SXM2-16GB,7.0,fft,bf16,forward,none,out-of-place,0,,,,0.000000,,online-reorder,radix4,four-mul,table,direct-strided,,2,8x7,0x0,8x8,table,direct-strided,global-scratch,2,0x0,8x8,shared,linear,scalar,0,named-barrier,256,0,0,8,8,0,0,8,1,0,0,15,32768,1,1,32768,1000,100,0.034560,0.018125,0.053664,55173.022065,13.559322,1807909587.021172,0.000000,-1,,,,,,,,,,,,
fwht-fp16-fp32-log15-online-r4-t256-b9,fwht-fp16-fp32-log15-b9,full,butterfly,cuButterfly-online-r4-t256,0,2,9,-1,,fp32,16,32,32,0,implicit-sign,floating-add,online-r4-t256,64,46,2048,5,40,0.625,576,1.44,1.0,register,1179648,0.1875,0,Tesla V100-SXM2-16GB,7.0,fwht,fp16,forward,none,out-of-place,0,,,,0.000000,,online-reorder,radix4,four-mul,table,direct-strided,,2,8x7,0x0,8x8,table,direct-strided,global-scratch,2,0x0,8x8,shared,linear,scalar,0,named-barrier,256,0,0,8,8,0,0,8,1,0,0,15,32768,9,1,32768,1000,100,0.135808,0.028652,0.152480,314119.474064,77.198002,10293066926.119318,0.000000,-1,,,,,,,,,,,,
fwht-fp16-fp32-log20-online-r2-t256-b2,fwht-fp16-fp32-log20-b2,full,butterfly,cuButterfly-online-r2-t256,0,1,2,-1,,fp32,16,32,32,0,implicit-sign,floating-add,online-r2-t256,512,36,1024,6,48,0.75,1024,2.1333333333333333,1.0,register,8388608,1.3333333333333333,0,Tesla V100-SXM2-16GB,7.0,fwht,fp16,forward,none,out-of-place,0,,,,0.000000,,online-reorder,radix2,four-mul,table,direct-strided,,2,10x10,0x0,8x8,table,direct-strided,global-scratch,2,0x0,8x8,shared,linear,scalar,0,named-barrier,256,0,0,8,8,0,0,10,1,0,0,20,1048576,2,1,1048576,1000,100,0.748384,0.173742,0.733760,11511.315707,120.704894,12070489378.596962,0.000000,-1,,,,,,,,,,,,
fft-bf16-fp32-log8-temporal-r2-t128-b1281,fft-bf16-fp32-log8-b1281,full,butterfly,cuButterfly-temporal-r2-t128,0,3,1281,-1,,fp32,16,32,32,0,per-stage-twiddle,floating-complex,temporal-r2-t128,1,32,1024,16,64,1.0,1281,1.00078125,1.0,register+thread+warp,2623488,0.4169921875,0,Tesla V100-SXM2-16GB,7.0,fft,bf16,forward,none,out-of-place,0,,,,0.000000,,temporal-tile,radix2,four-mul,table,direct-strided,,1,8,,,,,,0,,,shared,linear,scalar,0,named-barrier,128,0,0,8,8,0,0,0,0,0,0,8,256,1281,1,256,1000,100,0.308128,0.018012,0.290176,71118620.367614,72.825467,18206366814.109112,0.000000,-1,,,,,,,,,,,,
fft-fp64-log8-temporal-r4-t128-b959,fft-fp64-log8-b959,full,butterfly,cuButterfly-temporal-r4-t128,0,1,959,-1,,native,64,64,64,0,per-stage-twiddle,floating-complex,temporal-r4-t128,1,50,4096,9,36,0.5625,959,1.3319444444444444,1.0,register,7856128,1.2486979166666667,0,Tesla V100-SXM2-16GB,7.0,fft,fp64,forward,none,out-of-place,0,,,,0.000000,,temporal-tile,radix4,four-mul,table,direct-strided,,1,8,,,,,,0,,,shared,linear,scalar,0,named-barrier,128,0,0,8,8,0,0,0,0,0,0,8,256,959,1,256,1000,100,0.705344,0.016927,0.667392,56655982.858144,58.015726,14503931611.684845,0.000000,-1,,,,,,,,,,,,
fwht-fp16-fp32-log8-temporal-r4-t128-b960,fwht-fp16-fp32-log8-b960,full,butterfly,cuButterfly-temporal-r4-t128,0,4,960,-1,,fp32,16,32,32,0,implicit-sign,floating-add,temporal-r4-t128,1,38,512,12,48,0.75,960,1.0,1.0,register,983040,0.15625,0,Tesla V100-SXM2-16GB,7.0,fwht,fp16,forward,none,out-of-place,0,,,,0.000000,,temporal-tile,radix4,four-mul,table,direct-strided,,1,8,,,,,,0,,,shared,linear,scalar,0,named-barrier,128,0,0,8,8,0,0,0,0,0,0,8,256,960,1,256,1000,100,0.128640,0.004332,0.140224,221631214.513042,226.950364,56737590915.338722,0.000000,-1,,,,,,,,,,,,
fft-fp64-log8-temporal-r4-t128-b720,fft-fp64-log8-b720,full,butterfly,cuButterfly-temporal-r4-t128,0,4,720,-1,,native,64,64,64,0,per-stage-twiddle,floating-complex,temporal-r4-t128,1,50,4096,9,36,0.5625,720,1.0,1.0,register,5898240,0.9375,0,Tesla V100-SXM2-16GB,7.0,fft,fp64,forward,none,out-of-place,0,,,,0.000000,,temporal-tile,radix4,four-mul,table,direct-strided,,1,8,,,,,,0,,,shared,linear,scalar,0,named-barrier,128,0,0,8,8,0,0,0,0,0,0,8,256,720,1,256,1000,100,0.546624,0.009359,0.528480,76928339.107398,78.774619,19693654811.493786,0.000000,-1,,,,,,,,,,,,
fft-fp32-log15-online-r2-t256-b6,fft-fp32-log15-b6,full,butterfly,cuButterfly-online-r2-t256,0,1,6,-1,,native,32,32,32,0,per-stage-twiddle,floating-complex,online-r2-t256,64,38,4096,6,48,0.75,384,0.8,0.8,register,3145728,0.5,0,Tesla V100-SXM2-16GB,7.0,fft,fp32,forward,none,out-of-place,0,,,,0.000000,,online-reorder,radix2,four-mul,table,direct-strided,,2,8x7,0x0,8x8,table,direct-strided,global-scratch,2,0x0,8x8,shared,linear,scalar,0,named-barrier,256,0,0,8,8,0,0,8,1,0,0,15,32768,6,1,32768,1000,100,0.390272,0.030894,0.356064,194211.976126,47.729535,6363938033.683561,0.000000,-1,,,,,,,,,,,,
structured-2x2-fp64-log15-online-r4-t256-b6,structured-2x2-fp64-log15-b6,full,butterfly,cuButterfly-online-r4-t256,0,5,6,-1,,native,64,64,64,0,broadcast,floating-fma,online-r4-t256,64,50,8192,4,32,0.5,384,1.2,1.0,register,3145728,0.5,0,Tesla V100-SXM2-16GB,7.0,structured-2x2,fp64,forward,none,out-of-place,0,,,,0.000000,,online-reorder,radix4,four-mul,table,direct-strided,0.92387949999999996:-0.38268340000000001:0.38268340000000001:0.92387949999999996,2,8x7,0x0,8x8,table,direct-strided,global-scratch,2,0x0,8x8,shared,linear,scalar,0,named-barrier,256,0,0,8,8,0,0,8,1,0,0,15,32768,6,1,32768,1000,100,0.346368,0.024474,0.297632,245162.132994,60.251046,8033472773.952436,0.000000,-1,,,,,,,,,,,,
fft-fp32-log15-online-r2-t256-b8,fft-fp32-log15-b8,full,butterfly,cuButterfly-online-r2-t256,0,2,8,-1,,native,32,32,32,0,per-stage-twiddle,floating-complex,online-r2-t256,64,38,4096,6,48,0.75,512,1.0666666666666667,1.0,register,4194304,0.6666666666666666,0,Tesla V100-SXM2-16GB,7.0,fft,fp32,forward,none,out-of-place,0,,,,0.000000,,online-reorder,radix2,four-mul,table,direct-strided,,2,8x7,0x0,8x8,table,direct-strided,global-scratch,2,0x0,8x8,shared,linear,scalar,0,named-barrier,256,0,0,8,8,0,0,8,1,0,0,15,32768,8,1,32768,1000,100,0.488352,0.039219,0.414272,203981.720059,50.130548,6684073002.898225,0.000000,-1,,,,,,,,,,,,
fwht-fp64-log8-temporal-r4-t128-b1281,fwht-fp64-log8-b1281,full,butterfly,cuButterfly-temporal-r4-t128,0,3,1281,-1,,native,64,64,64,0,implicit-sign,floating-add,temporal-r4-t128,1,42,2048,10,40,0.625,1281,1.60125,1.0,register,5246976,0.833984375,0,Tesla V100-SXM2-16GB,7.0,fwht,fp64,forward,none,out-of-place,0,,,,0.000000,,temporal-tile,radix4,four-mul,table,direct-strided,,1,8,,,,,,0,,,shared,linear,scalar,0,named-barrier,128,0,0,8,8,0,0,0,0,0,0,8,256,1281,1,256,1000,100,0.510272,0.006441,0.460672,198883385.874218,203.656587,50914146783.799744,0.000000,-1,,,,,,,,,,,,
fft-bf16-native-log15-hier-r4-t256-b8,fft-bf16-native-log15-b8,full,butterfly,cuButterfly-hier-r4-t256,0,1,8,-1,,native,16,32,16,1,per-stage-twiddle,floating-complex,hier-r4-t256,64,48,4096,5,40,0.625,512,1.28,1.0,register,2097152,0.3333333333333333,0,Tesla V100-SXM2-16GB,7.0,fft,bf16,forward,none,out-of-place,0,,,,0.000000,,hierarchical,radix4,four-mul,table,direct-strided,,1,15,,,,,,0,,,shared,linear,scalar,0,named-barrier,256,0,0,8,8,0,0,8,0,0,0,15,32768,8,1,32768,1000,100,0.308416,0.061348,0.303136,130403.934531,32.048071,4273076126.702459,0.000000,-1,,,,,,,,,,,,
fwht-bf16-native-log8-temporal-r2-t128-b960,fwht-bf16-native-log8-b960,full,butterfly,cuButterfly-temporal-r2-t128,0,1,960,-1,,native,16,32,16,1,implicit-sign,floating-add,temporal-r2-t128,1,30,512,16,64,1.0,960,0.75,0.75,register+thread+warp,983040,0.15625,0,Tesla V100-SXM2-16GB,7.0,fwht,bf16,forward,none,out-of-place,0,,,,0.000000,,temporal-tile,radix2,four-mul,table,direct-strided,,1,8,,,,,,0,,,shared,linear,scalar,0,named-barrier,128,0,0,8,8,0,0,0,0,0,0,8,256,960,1,256,1000,100,0.131744,0.007035,0.134048,136462879.979136,139.737989,34934497274.658791,0.000000,-1,,,,,,,,,,,,
fft-fp16-native-log8-temporal-r2-t128-b801,fft-fp16-native-log8-b801,full,butterfly,cuButterfly-temporal-r2-t128,0,4,801,-1,,native,16,16,16,0,per-stage-twiddle,floating-complex,temporal-r2-t128,1,32,1024,16,64,1.0,801,0.62578125,0.62578125,register+thread+warp,1640448,0.2607421875,0,Tesla V100-SXM2-16GB,7.0,fft,fp16,forward,none,out-of-place,0,,,,0.000000,,temporal-tile,radix2,four-mul,table,direct-strided,,1,8,,,,,,0,,,shared,linear,scalar,0,named-barrier,128,0,0,8,8,0,0,0,0,0,0,8,256,801,1,256,1000,100,0.187616,0.005448,0.213760,147035077.182512,150.563919,37640979758.723007,0.000000,-1,,,,,,,,,,,,
structured-2x2-fp32-log20-online-r2-t256-b1,structured-2x2-fp32-log20-b1,full,butterfly,cuButterfly-online-r2-t256,0,1,1,-1,,native,32,32,32,0,broadcast,floating-fma,online-r2-t256,512,36,2048,6,48,0.75,512,1.0666666666666667,1.0,register,8388608,1.3333333333333333,0,Tesla V100-SXM2-16GB,7.0,structured-2x2,fp32,forward,none,out-of-place,0,,,,0.000000,,online-reorder,radix2,four-mul,table,direct-strided,0.92387949999999996:-0.38268340000000001:0.38268340000000001:0.92387949999999996,2,10x10,0x0,8x8,table,direct-strided,global-scratch,2,0x0,8x8,shared,linear,scalar,0,named-barrier,256,0,0,8,8,0,0,10,1,0,0,20,1048576,1,1,1048576,1000,100,0.745728,0.100577,0.747776,9942.603347,104.255752,10425575246.997204,0.000000,-1,,,,,,,,,,,,
fwht-bf16-native-log20-online-r4-t256-b2,fwht-bf16-native-log20-b2,full,butterfly,cuButterfly-online-r4-t256,0,2,2,-1,,native,16,32,16,1,implicit-sign,floating-add,online-r4-t256,512,46,2048,5,40,0.625,1024,2.56,1.0,register,8388608,1.3333333333333333,0,Tesla V100-SXM2-16GB,7.0,fwht,bf16,forward,none,out-of-place,0,,,,0.000000,,online-reorder,radix4,four-mul,table,direct-strided,,2,10x10,0x0,8x8,table,direct-strided,global-scratch,2,0x0,8x8,shared,linear,scalar,0,named-barrier,256,0,0,8,8,0,0,10,1,0,0,20,1048576,2,1,1048576,1000,100,0.744992,0.178504,0.735904,11204.250040,117.485077,11748507690.453604,0.000000,-1,,,,,,,,,,,,
structured-2x2-bf16-native-log15-online-r4-t256-b9,structured-2x2-bf16-native-log15-b9,full,butterfly,cuButterfly-online-r4-t256,0,4,9,-1,,native,16,32,16,1,broadcast,floating-fma,online-r4-t256,64,46,2048,5,40,0.625,576,1.44,1.0,register,1179648,0.1875,0,Tesla V100-SXM2-16GB,7.0,structured-2x2,bf16,forward,none,out-of-place,0,,,,0.000000,,online-reorder,radix4,four-mul,table,direct-strided,0.92387949999999996:-0.38268340000000001:0.38268340000000001:0.92387949999999996,2,8x7,0x0,8x8,table,direct-strided,global-scratch,2,0x0,8x8,shared,linear,scalar,0,named-barrier,256,0,0,8,8,0,0,8,1,0,0,15,32768,9,1,32768,1000,100,0.135520,0.048548,0.158496,185384.142771,45.560007,6074667590.334595,0.000000,-1,,,,,,,,,,,,
fft-fp16-native-log8-temporal-r2-t128-b799,fft-fp16-native-log8-b799,full,butterfly,cuButterfly-temporal-r2-t128,0,5,799,-1,,native,16,16,16,0,per-stage-twiddle,floating-complex,temporal-r2-t128,1,32,1024,16,64,1.0,799,0.62421875,0.62421875,register+thread+warp,1636352,0.2600911458333333,0,Tesla V100-SXM2-16GB,7.0,fft,fp16,forward,none,out-of-place,0,,,,0.000000,,temporal-tile,radix2,four-mul,table,direct-strided,,1,8,,,,,,0,,,shared,linear,scalar,0,named-barrier,128,0,0,8,8,0,0,0,0,0,0,8,256,799,1,256,1000,100,0.184480,0.005437,0.201696,146944143.732357,150.470803,37617700795.483421,0.000000,-1,,,,,,,,,,,,
fwht-bf16-native-log8-temporal-r2-t128-b1,fwht-bf16-native-log8-b1,full,butterfly,cuButterfly-temporal-r2-t128,0,3,1,-1,,native,16,32,16,1,implicit-sign,floating-add,temporal-r2-t128,1,30,512,16,64,1.0,1,0.00078125,0.00078125,register+thread+warp,1024,0.00016276041666666666,0,Tesla V100-SXM2-16GB,7.0,fwht,bf16,forward,none,out-of-place,0,,,,0.000000,,temporal-tile,radix2,four-mul,table,direct-strided,,1,8,,,,,,0,,,shared,linear,scalar,0,named-barrier,128,0,0,8,8,0,0,0,0,0,0,8,256,1,1,256,1000,100,0.012288,0.003103,0.020288,322297.853060,0.330033,82508250.383290,0.000000,-1,,,,,,,,,,,,
fft-fp64-log8-temporal-r4-t128-b719,fft-fp64-log8-b719,full,butterfly,cuButterfly-temporal-r4-t128,0,2,719,-1,,native,64,64,64,0,per-stage-twiddle,floating-complex,temporal-r4-t128,1,50,4096,9,36,0.5625,719,0.9986111111111111,0.9986111111111111,register,5890048,0.9361979166666666,0,Tesla V100-SXM2-16GB,7.0,fft,fp64,forward,none,out-of-place,0,,,,0.000000,,temporal-tile,radix4,four-mul,table,direct-strided,,1,8,,,,,,0,,,shared,linear,scalar,0,named-barrier,128,0,0,8,8,0,0,0,0,0,0,8,256,719,1,256,1000,100,0.560032,0.009370,0.507904,76737537.159420,78.579238,19644809512.811600,0.000000,-1,,,,,,,,,,,,
fft-fp32-log15-online-r4-t256-b7,fft-fp32-log15-b7,full,butterfly,cuButterfly-online-r4-t256,0,2,7,-1,,native,32,32,32,0,per-stage-twiddle,floating-complex,online-r4-t256,64,50,8192,4,32,0.5,448,1.4,1.0,register,3670016,0.5833333333333334,0,Tesla V100-SXM2-16GB,7.0,fft,fp32,forward,none,out-of-place,0,,,,0.000000,,online-reorder,radix4,four-mul,table,direct-strided,,2,8x7,0x0,8x8,table,direct-strided,global-scratch,2,0x0,8x8,shared,linear,scalar,0,named-barrier,256,0,0,8,8,0,0,8,1,0,0,15,32768,7,1,32768,1000,100,0.478304,0.032758,0.361568,213689.830854,52.516413,7002188377.420012,0.000000,-1,,,,,,,,,,,,
fwht-fp16-fp32-log15-hier-r4-t256-b8,fwht-fp16-fp32-log15-b8,full,butterfly,cuButterfly-hier-r4-t256,0,3,8,-1,,fp32,16,32,32,0,implicit-sign,floating-add,hier-r4-t256,64,44,2048,5,40,0.625,512,1.28,1.0,register,1048576,0.16666666666666666,0,Tesla V100-SXM2-16GB,7.0,fwht,fp16,forward,none,out-of-place,0,,,,0.000000,,hierarchical,radix4,four-mul,table,direct-strided,,1,15,,,,,,0,,,shared,linear,scalar,0,named-barrier,256,0,0,8,8,0,0,8,0,0,0,15,32768,8,1,32768,1000,100,0.130048,0.024115,0.136224,331740.987332,81.528665,10870488672.896030,0.000000,-1,,,,,,,,,,,,
fwht-fp64-log15-hier-r4-t256-b6,fwht-fp64-log15-b6,full,butterfly,cuButterfly-hier-r4-t256,0,2,6,-1,,native,64,64,64,0,implicit-sign,floating-add,hier-r4-t256,64,48,8192,5,40,0.625,384,0.96,0.96,register,3145728,0.5,0,Tesla V100-SXM2-16GB,7.0,fwht,fp64,forward,none,out-of-place,0,,,,0.000000,,hierarchical,radix4,four-mul,table,direct-strided,,1,15,,,,,,0,,,shared,linear,scalar,0,named-barrier,256,0,0,8,8,0,0,8,0,0,0,15,32768,6,1,32768,1000,100,0.360224,0.025754,0.281728,232977.132447,57.256460,7634194676.016730,0.000000,-1,,,,,,,,,,,,
fwht-fp16-fp32-log15-hier-r4-t256-b9,fwht-fp16-fp32-log15-b9,full,butterfly,cuButterfly-hier-r4-t256,0,4,9,-1,,fp32,16,32,32,0,implicit-sign,floating-add,hier-r4-t256,64,44,2048,5,40,0.625,576,1.44,1.0,register,1179648,0.1875,0,Tesla V100-SXM2-16GB,7.0,fwht,fp16,forward,none,out-of-place,0,,,,0.000000,,hierarchical,radix4,four-mul,table,direct-strided,,1,15,,,,,,0,,,shared,linear,scalar,0,named-barrier,256,0,0,8,8,0,0,8,0,0,0,15,32768,9,1,32768,1000,100,0.136640,0.025283,0.148704,355976.611141,87.484812,11664641593.866743,0.000000,-1,,,,,,,,,,,,
fwht-bf16-fp32-log20-online-r2-t256-b1,fwht-bf16-fp32-log20-b1,full,butterfly,cuButterfly-online-r2-t256,0,3,1,-1,,fp32,16,32,32,0,implicit-sign,floating-add,online-r2-t256,512,36,1024,6,48,0.75,512,1.0666666666666667,1.0,register,4194304,0.6666666666666666,0,Tesla V100-SXM2-16GB,7.0,fwht,bf16,forward,none,out-of-place,0,,,,0.000000,,online-reorder,radix2,four-mul,table,direct-strided,,2,10x10,0x0,8x8,table,direct-strided,global-scratch,2,0x0,8x8,shared,linear,scalar,0,named-barrier,256,0,0,8,8,0,0,10,1,0,0,20,1048576,1,1,1048576,1000,100,0.429728,0.107663,0.405152,9288.210679,97.393948,9739394801.124846,0.000000,-1,,,,,,,,,,,,
fft-fp16-fp32-log15-online-r4-t256-b7,fft-fp16-fp32-log15-b7,full,butterfly,cuButterfly-online-r4-t256,0,2,7,-1,,fp32,16,32,32,0,per-stage-twiddle,floating-complex,online-r4-t256,64,50,4096,4,32,0.5,448,1.4,1.0,register,1835008,0.2916666666666667,0,Tesla V100-SXM2-16GB,7.0,fft,fp16,forward,none,out-of-place,0,,,,0.000000,,online-reorder,radix4,four-mul,table,direct-strided,,2,8x7,0x0,8x8,table,direct-strided,global-scratch,2,0x0,8x8,shared,linear,scalar,0,named-barrier,256,0,0,8,8,0,0,8,1,0,0,15,32768,7,1,32768,1000,100,0.308576,0.031898,0.238560,219452.242099,53.932583,7191011069.085275,0.000000,-1,,,,,,,,,,,,
fft-bf16-native-log20-online-r4-t256-b2,fft-bf16-native-log20-b2,full,butterfly,cuButterfly-online-r4-t256,0,2,2,-1,,native,16,32,16,1,per-stage-twiddle,floating-complex,online-r4-t256,512,50,4096,4,32,0.5,1024,3.2,1.0,register,16777216,2.6666666666666665,0,Tesla V100-SXM2-16GB,7.0,fft,bf16,forward,none,out-of-place,0,,,,0.000000,,online-reorder,radix4,four-mul,table,direct-strided,,2,10x10,0x0,8x8,table,direct-strided,global-scratch,2,0x0,8x8,shared,linear,scalar,0,named-barrier,256,0,0,8,8,0,0,10,1,0,0,20,1048576,2,1,1048576,1000,100,1.431584,0.398070,1.356864,5024.244881,52.683026,5268302600.595268,0.000000,-1,,,,,,,,,,,,
fwht-bf16-native-log8-temporal-r4-t128-b1281,fwht-bf16-native-log8-b1281,full,butterfly,cuButterfly-temporal-r4-t128,0,3,1281,-1,,native,16,32,16,1,implicit-sign,floating-add,temporal-r4-t128,1,38,512,12,48,0.75,1281,1.334375,1.0,register,1311744,0.20849609375,0,Tesla V100-SXM2-16GB,7.0,fwht,bf16,forward,none,out-of-place,0,,,,0.000000,,temporal-tile,radix4,four-mul,table,direct-strided,,1,8,,,,,,0,,,shared,linear,scalar,0,named-barrier,128,0,0,8,8,0,0,0,0,0,0,8,256,1281,1,256,1000,100,0.188928,0.008090,0.163168,158351461.044961,162.151896,40537974027.510025,0.000000,-1,,,,,,,,,,,,
fft-bf16-fp32-log15-online-r4-t256-b7,fft-bf16-fp32-log15-b7,full,butterfly,cuButterfly-online-r4-t256,0,1,7,-1,,fp32,16,32,32,0,per-stage-twiddle,floating-complex,online-r4-t256,64,50,4096,4,32,0.5,448,1.4,1.0,register,1835008,0.2916666666666667,0,Tesla V100-SXM2-16GB,7.0,fft,bf16,forward,none,out-of-place,0,,,,0.000000,,online-reorder,radix4,four-mul,table,direct-strided,,2,8x7,0x0,8x8,table,direct-strided,global-scratch,2,0x0,8x8,shared,linear,scalar,0,named-barrier,256,0,0,8,8,0,0,8,1,0,0,15,32768,7,1,32768,1000,100,0.303968,0.041800,0.242624,167465.399274,41.156297,5487506203.409540,0.000000,-1,,,,,,,,,,,,
fft-fp16-fp32-log15-online-r4-t256-b7,fft-fp16-fp32-log15-b7,full,butterfly,cuButterfly-online-r4-t256,0,3,7,-1,,fp32,16,32,32,0,per-stage-twiddle,floating-complex,online-r4-t256,64,50,4096,4,32,0.5,448,1.4,1.0,register,1835008,0.2916666666666667,0,Tesla V100-SXM2-16GB,7.0,fft,fp16,forward,none,out-of-place,0,,,,0.000000,,online-reorder,radix4,four-mul,table,direct-strided,,2,8x7,0x0,8x8,table,direct-strided,global-scratch,2,0x0,8x8,shared,linear,scalar,0,named-barrier,256,0,0,8,8,0,0,8,1,0,0,15,32768,7,1,32768,1000,100,0.300512,0.031918,0.221984,219311.446480,53.897981,7186397478.258028,0.000000,-1,,,,,,,,,,,,
fft-fp16-native-log15-online-r2-t256-b1,fft-fp16-native-log15-b1,full,butterfly,cuButterfly-online-r2-t256,0,4,1,-1,,native,16,16,16,0,per-stage-twiddle,floating-complex,online-r2-t256,64,38,2048,6,48,0.75,64,0.13333333333333333,0.13333333333333333,register,262144,0.041666666666666664,0,Tesla V100-SXM2-16GB,7.0,fft,fp16,forward,none,out-of-place,0,,,,0.000000,,online-reorder,radix2,four-mul,table,direct-strided,,2,8x7,0x0,8x8,table,direct-strided,global-scratch,2,0x0,8x8,shared,linear,scalar,0,named-barrier,256,0,0,8,8,0,0,8,1,0,0,15,32768,1,1,32768,1000,100,0.036864,0.011233,0.050656,89021.198275,21.877850,2917046625.064150,0.000000,-1,,,,,,,,,,,,
structured-2x2-fp64-log15-hier-r4-t256-b4,structured-2x2-fp64-log15-b4,full,butterfly,cuButterfly-hier-r4-t256,0,1,4,-1,,native,64,64,64,0,broadcast,floating-fma,hier-r4-t256,64,48,8192,5,40,0.625,256,0.64,0.64,register,2097152,0.3333333333333333,0,Tesla V100-SXM2-16GB,7.0,structured-2x2,fp64,forward,none,out-of-place,0,,,,0.000000,,hierarchical,radix4,four-mul,table,direct-strided,0.92387949999999996:-0.38268340000000001:0.38268340000000001:0.92387949999999996,1,15,,,,,,0,,,shared,linear,scalar,0,named-barrier,256,0,0,8,8,0,0,8,0,0,0,15,32768,4,1,32768,1000,100,0.267360,0.023951,0.250656,167005.123733,41.043179,5472423894.479021,0.000000,-1,,,,,,,,,,,,
structured-2x2-fp64-log20-online-r2-t256-b2,structured-2x2-fp64-log20-b2,full,butterfly,cuButterfly-online-r2-t256,0,3,2,-1,,native,64,64,64,0,broadcast,floating-fma,online-r2-t256,512,38,4096,6,48,0.75,1024,2.1333333333333333,1.0,register,33554432,5.333333333333333,0,Tesla V100-SXM2-16GB,7.0,structured-2x2,fp64,forward,none,out-of-place,0,,,,0.000000,,online-reorder,radix2,four-mul,table,direct-strided,0.92387949999999996:-0.38268340000000001:0.38268340000000001:0.92387949999999996,2,10x10,0x0,8x8,table,direct-strided,global-scratch,2,0x0,8x8,shared,linear,scalar,0,named-barrier,256,0,0,8,8,0,0,10,1,0,0,20,1048576,2,1,1048576,1000,100,2.768000,0.209480,2.610624,9547.465657,100.112433,10011243348.712397,0.000000,-1,,,,,,,,,,,,
structured-2x2-fp64-log8-temporal-r2-t128-b801,structured-2x2-fp64-log8-b801,full,butterfly,cuButterfly-temporal-r2-t128,0,3,801,-1,,native,64,64,64,0,broadcast,floating-fma,temporal-r2-t128,1,32,2048,16,64,1.0,801,0.62578125,0.62578125,register+thread+warp,3280896,0.521484375,0,Tesla V100-SXM2-16GB,7.0,structured-2x2,fp64,forward,none,out-of-place,0,,,,0.000000,,temporal-tile,radix2,four-mul,table,direct-strided,0.92387949999999996:-0.38268340000000001:0.38268340000000001:0.92387949999999996,1,8,,,,,,0,,,shared,linear,scalar,0,named-barrier,128,0,0,8,8,0,0,0,0,0,0,8,256,801,1,256,1000,100,0.374048,0.007700,0.335168,104019488.950335,106.515957,26628989171.285732,0.000000,-1,,,,,,,,,,,,
fwht-bf16-native-log8-temporal-r4-t128-b1,fwht-bf16-native-log8-b1,full,butterfly,cuButterfly-temporal-r4-t128,0,5,1,-1,,native,16,32,16,1,implicit-sign,floating-add,temporal-r4-t128,1,38,512,12,48,0.75,1,0.0010416666666666667,0.0010416666666666667,register,1024,0.00016276041666666666,0,Tesla V100-SXM2-16GB,7.0,fwht,bf16,forward,none,out-of-place,0,,,,0.000000,,temporal-tile,radix4,four-mul,table,direct-strided,,1,8,,,,,,0,,,shared,linear,scalar,0,named-barrier,128,0,0,8,8,0,0,0,0,0,0,8,256,1,1,256,1000,100,0.011264,0.002939,0.020256,340265.665610,0.348432,87108010.396126,0.000000,-1,,,,,,,,,,,,
fwht-fp32-log20-online-r4-t256-b2,fwht-fp32-log20-b2,full,butterfly,cuButterfly-online-r4-t256,0,2,2,-1,,native,32,32,32,0,implicit-sign,floating-add,online-r4-t256,512,46,4096,5,40,0.625,1024,2.56,1.0,register,16777216,2.6666666666666665,0,Tesla V100-SXM2-16GB,7.0,fwht,fp32,forward,none,out-of-place,0,,,,0.000000,,online-reorder,radix4,four-mul,table,direct-strided,,2,10x10,0x0,8x8,table,direct-strided,global-scratch,2,0x0,8x8,shared,linear,scalar,0,named-barrier,256,0,0,8,8,0,0,10,1,0,0,20,1048576,2,1,1048576,1000,100,1.423328,0.167188,1.360672,11962.547732,125.436405,12543640451.112799,0.000000,-1,,,,,,,,,,,,
fft-bf16-native-log8-temporal-r2-t128-b1280,fft-bf16-native-log8-b1280,full,butterfly,cuButterfly-temporal-r2-t128,0,1,1280,-1,,native,16,32,16,1,per-stage-twiddle,floating-complex,temporal-r2-t128,1,32,1024,16,64,1.0,1280,1.0,1.0,register+thread+warp,2621440,0.4166666666666667,0,Tesla V100-SXM2-16GB,7.0,fft,bf16,forward,none,out-of-place,0,,,,0.000000,,temporal-tile,radix2,four-mul,table,direct-strided,,1,8,,,,,,0,,,shared,linear,scalar,0,named-barrier,128,0,0,8,8,0,0,0,0,0,0,8,256,1280,1,256,1000,100,0.307520,0.024873,0.319616,51461505.711320,52.696582,13174145462.097811,0.000000,-1,,,,,,,,,,,,
fwht-fp16-native-log8-temporal-r2-t128-b1,fwht-fp16-native-log8-b1,full,butterfly,cuButterfly-temporal-r2-t128,0,3,1,-1,,native,16,16,16,0,implicit-sign,floating-add,temporal-r2-t128,1,30,512,16,64,1.0,1,0.00078125,0.00078125,register+thread+warp,1024,0.00016276041666666666,0,Tesla V100-SXM2-16GB,7.0,fwht,fp16,forward,none,out-of-place,0,,,,0.000000,,temporal-tile,radix2,four-mul,table,direct-strided,,1,8,,,,,,0,,,shared,linear,scalar,0,named-barrier,128,0,0,8,8,0,0,0,0,0,0,8,256,1,1,256,1000,100,0.009216,0.002714,0.019328,368514.127369,0.377358,94339616.606480,0.000000,-1,,,,,,,,,,,,
structured-2x2-bf16-fp32-log20-online-r2-t256-b2,structured-2x2-bf16-fp32-log20-b2,full,butterfly,cuButterfly-online-r2-t256,0,4,2,-1,,fp32,16,32,32,0,broadcast,floating-fma,online-r2-t256,512,36,1024,6,48,0.75,1024,2.1333333333333333,1.0,register,8388608,1.3333333333333333,0,Tesla V100-SXM2-16GB,7.0,structured-2x2,bf16,forward,none,out-of-place,0,,,,0.000000,,online-reorder,radix2,four-mul,table,direct-strided,0.92387949999999996:-0.38268340000000001:0.38268340000000001:0.92387949999999996,2,10x10,0x0,8x8,table,direct-strided,global-scratch,2,0x0,8x8,shared,linear,scalar,0,named-barrier,256,0,0,8,8,0,0,10,1,0,0,20,1048576,2,1,1048576,1000,100,0.748992,0.220457,0.711616,9072.065676,95.127503,9512750338.050545,0.000000,-1,,,,,,,,,,,,
subset-zeta-uint32-zeta-log15-online-r2-t256-b9,subset-zeta-uint32-zeta-log15-b9,full,butterfly,cuButterfly-online-r2-t256,0,3,9,-1,,native,32,32,32,0,implicit-unit,integer-add,online-r2-t256,64,36,2048,6,48,0.75,576,1.2,1.0,register,2359296,0.375,0,Tesla V100-SXM2-16GB,7.0,subset-zeta,uint32,forward,none,out-of-place,0,,,,0.000000,,online-reorder,radix2,four-mul,table,direct-strided,,2,8x7,0x0,8x8,table,direct-strided,global-scratch,2,0x0,8x8,shared,linear,scalar,0,named-barrier,256,0,0,8,8,0,0,8,1,0,0,15,32768,9,1,32768,1000,100,0.312032,0.028733,0.251072,313223.898020,76.977905,10263720690.333323,0.000000,-1,,,,,,,,,,,,
structured-2x2-fp64-log15-online-r4-t256-b5,structured-2x2-fp64-log15-b5,full,butterfly,cuButterfly-online-r4-t256,0,4,5,-1,,native,64,64,64,0,broadcast,floating-fma,online-r4-t256,64,50,8192,4,32,0.5,320,1.0,1.0,register,2621440,0.4166666666666667,0,Tesla V100-SXM2-16GB,7.0,structured-2x2,fp64,forward,none,out-of-place,0,,,,0.000000,,online-reorder,radix4,four-mul,table,direct-strided,0.92387949999999996:-0.38268340000000001:0.38268340000000001:0.92387949999999996,2,8x7,0x0,8x8,table,direct-strided,global-scratch,2,0x0,8x8,shared,linear,scalar,0,named-barrier,256,0,0,8,8,0,0,8,1,0,0,15,32768,5,1,32768,1000,100,0.324704,0.021524,0.277952,232293.653085,57.088488,7611798424.305161,0.000000,-1,,,,,,,,,,,,
structured-2x2-bf16-fp32-log8-temporal-r2-t128-b961,structured-2x2-bf16-fp32-log8-b961,full,butterfly,cuButterfly-temporal-r2-t128,0,5,961,-1,,fp32,16,32,32,0,broadcast,floating-fma,temporal-r2-t128,1,30,512,16,64,1.0,961,0.75078125,0.75078125,register+thread+warp,984064,0.15641276041666666,0,Tesla V100-SXM2-16GB,7.0,structured-2x2,bf16,forward,none,out-of-place,0,,,,0.000000,,temporal-tile,radix2,four-mul,table,direct-strided,0.92387949999999996:-0.38268340000000001:0.38268340000000001:0.92387949999999996,1,8,,,,,,0,,,shared,linear,scalar,0,named-barrier,128,0,0,8,8,0,0,0,0,0,0,8,256,961,1,256,1000,100,0.115584,0.008253,0.121472,116436294.396430,119.230765,29807691365.485962,0.000000,-1,,,,,,,,,,,,
fft-fp32-log15-online-r2-t256-b9,fft-fp32-log15-b9,full,butterfly,cuButterfly-online-r2-t256,0,2,9,-1,,native,32,32,32,0,per-stage-twiddle,floating-complex,online-r2-t256,64,38,4096,6,48,0.75,576,1.2,1.0,register,4718592,0.75,0,Tesla V100-SXM2-16GB,7.0,fft,fp32,forward,none,out-of-place,0,,,,0.000000,,online-reorder,radix2,four-mul,table,direct-strided,,2,8x7,0x0,8x8,table,direct-strided,global-scratch,2,0x0,8x8,shared,linear,scalar,0,named-barrier,256,0,0,8,8,0,0,8,1,0,0,15,32768,9,1,32768,1000,100,0.528224,0.043592,0.414112,206461.407644,50.739956,6765327405.676152,0.000000,-1,,,,,,,,,,,,
structured-2x2-fp64-log15-hier-r4-t256-b6,structured-2x2-fp64-log15-b6,full,butterfly,cuButterfly-hier-r4-t256,0,2,6,-1,,native,64,64,64,0,broadcast,floating-fma,hier-r4-t256,64,48,8192,5,40,0.625,384,0.96,0.96,register,3145728,0.5,0,Tesla V100-SXM2-16GB,7.0,structured-2x2,fp64,forward,none,out-of-place,0,,,,0.000000,,hierarchical,radix4,four-mul,table,direct-strided,0.92387949999999996:-0.38268340000000001:0.38268340000000001:0.92387949999999996,1,15,,,,,,0,,,shared,linear,scalar,0,named-barrier,256,0,0,8,8,0,0,8,0,0,0,15,32768,6,1,32768,1000,100,0.358208,0.028396,0.284288,211300.947580,51.929321,6923909450.302820,0.000000,-1,,,,,,,,,,,,
fwht-fp32-log8-temporal-r2-t128-b960,fwht-fp32-log8-b960,full,butterfly,cuButterfly-temporal-r2-t128,0,5,960,-1,,native,32,32,32,0,implicit-sign,floating-add,temporal-r2-t128,1,30,1024,16,64,1.0,960,0.75,0.75,register+thread+warp,1966080,0.3125,0,Tesla V100-SXM2-16GB,7.0,fwht,fp32,forward,none,out-of-place,0,,,,0.000000,,temporal-tile,radix2,four-mul,table,direct-strided,,1,8,,,,,,0,,,shared,linear,scalar,0,named-barrier,128,0,0,8,8,0,0,0,0,0,0,8,256,960,1,256,1000,100,0.255392,0.004813,0.243424,199468090.917350,204.255325,51063831274.841667,0.000000,-1,,,,,,,,,,,,
fft-fp16-fp32-log20-hier-r4-t256-b1,fft-fp16-fp32-log20-b1,full,butterfly,cuButterfly-hier-r4-t256,0,2,1,-1,,fp32,16,32,32,0,per-stage-twiddle,floating-complex,hier-r4-t256,512,48,4096,5,40,0.625,512,1.28,1.0,register,8388608,1.3333333333333333,0,Tesla V100-SXM2-16GB,7.0,fft,fp16,forward,none,out-of-place,0,,,,0.000000,,hierarchical,radix4,four-mul,table,direct-strided,,1,20,,,,,,0,,,shared,linear,scalar,0,named-barrier,256,0,0,8,8,0,0,10,0,0,0,20,1048576,1,1,1048576,1000,100,0.754816,0.137052,0.720512,7296.491895,76.509263,7650926285.012038,0.000000,-1,,,,,,,,,,,,
fwht-fp32-log8-temporal-r2-t128-b1281,fwht-fp32-log8-b1281,full,butterfly,cuButterfly-temporal-r2-t128,0,1,1281,-1,,native,32,32,32,0,implicit-sign,floating-add,temporal-r2-t128,1,30,1024,16,64,1.0,1281,1.00078125,1.0,register+thread+warp,2623488,0.4169921875,0,Tesla V100-SXM2-16GB,7.0,fwht,fp32,forward,none,out-of-place,0,,,,0.000000,,temporal-tile,radix2,four-mul,table,direct-strided,,1,8,,,,,,0,,,shared,linear,scalar,0,named-barrier,128,0,0,8,8,0,0,0,0,0,0,8,256,1281,1,256,1000,100,0.328288,0.005530,0.259552,231662337.703652,237.222234,59305558452.134933,0.000000,-1,,,,,,,,,,,,
fwht-fp32-log8-temporal-r4-t128-b1281,fwht-fp32-log8-b1281,full,butterfly,cuButterfly-temporal-r4-t128,0,1,1281,-1,,native,32,32,32,0,implicit-sign,floating-add,temporal-r4-t128,1,38,1024,12,48,0.75,1281,1.334375,1.0,register,2623488,0.4169921875,0,Tesla V100-SXM2-16GB,7.0,fwht,fp32,forward,none,out-of-place,0,,,,0.000000,,temporal-tile,radix4,four-mul,table,direct-strided,,1,8,,,,,,0,,,shared,linear,scalar,0,named-barrier,128,0,0,8,8,0,0,0,0,0,0,8,256,1281,1,256,1000,100,0.317376,0.004833,0.278912,265037401.339385,271.398299,67849574742.882584,0.000000,-1,,,,,,,,,,,,
fft-fp32-log8-temporal-r4-t128-b1281,fft-fp32-log8-b1281,full,butterfly,cuButterfly-temporal-r4-t128,0,1,1281,-1,,native,32,32,32,0,per-stage-twiddle,floating-complex,temporal-r4-t128,1,42,2048,10,40,0.625,1281,1.60125,1.0,register,5246976,0.833984375,0,Tesla V100-SXM2-16GB,7.0,fft,fp32,forward,none,out-of-place,0,,,,0.000000,,temporal-tile,radix4,four-mul,table,direct-strided,,1,8,,,,,,0,,,shared,linear,scalar,0,named-barrier,128,0,0,8,8,0,0,0,0,0,0,8,256,1281,1,256,1000,100,0.504064,0.009708,0.439680,131959555.934789,135.126585,33781646319.305943,0.000000,-1,,,,,,,,,,,,
structured-2x2-bf16-fp32-log15-online-r4-t256-b9,structured-2x2-bf16-fp32-log15-b9,full,butterfly,cuButterfly-online-r4-t256,0,3,9,-1,,fp32,16,32,32,0,broadcast,floating-fma,online-r4-t256,64,46,2048,5,40,0.625,576,1.44,1.0,register,1179648,0.1875,0,Tesla V100-SXM2-16GB,7.0,structured-2x2,bf16,forward,none,out-of-place,0,,,,0.000000,,online-reorder,radix4,four-mul,table,direct-strided,0.92387949999999996:-0.38268340000000001:0.38268340000000001:0.92387949999999996,2,8x7,0x0,8x8,table,direct-strided,global-scratch,2,0x0,8x8,shared,linear,scalar,0,named-barrier,256,0,0,8,8,0,0,8,1,0,0,15,32768,9,1,32768,1000,100,0.135680,0.033669,0.140576,267307.270813,65.693435,8759124650.004620,0.000000,-1,,,,,,,,,,,,
fwht-bf16-native-log8-temporal-r4-t128-b960,fwht-bf16-native-log8-b960,full,butterfly,cuButterfly-temporal-r4-t128,0,5,960,-1,,native,16,32,16,1,implicit-sign,floating-add,temporal-r4-t128,1,38,512,12,48,0.75,960,1.0,1.0,register,983040,0.15625,0,Tesla V100-SXM2-16GB,7.0,fwht,bf16,forward,none,out-of-place,0,,,,0.000000,,temporal-tile,radix4,four-mul,table,direct-strided,,1,8,,,,,,0,,,shared,linear,scalar,0,named-barrier,128,0,0,8,8,0,0,0,0,0,0,8,256,960,1,256,1000,100,0.140736,0.006758,0.122208,142045449.521186,145.454540,36363635077.423492,0.000000,-1,,,,,,,,,,,,
fwht-fp16-native-log15-online-r2-t256-b1,fwht-fp16-native-log15-b1,full,butterfly,cuButterfly-online-r2-t256,0,1,1,-1,,native,16,16,16,0,implicit-sign,floating-add,online-r2-t256,64,36,1024,6,48,0.75,64,0.13333333333333333,0.13333333333333333,register,131072,0.020833333333333332,0,Tesla V100-SXM2-16GB,7.0,fwht,fp16,forward,none,out-of-place,0,,,,0.000000,,online-reorder,radix2,four-mul,table,direct-strided,,2,8x7,0x0,8x8,table,direct-strided,global-scratch,2,0x0,8x8,shared,linear,scalar,0,named-barrier,256,0,0,8,8,0,0,8,1,0,0,15,32768,1,1,32768,1000,100,0.041984,0.008305,0.034496,120414.615659,29.593096,3945746125.909284,0.000000,-1,,,,,,,,,,,,
fwht-fp32-log8-temporal-r4-t128-b960,fwht-fp32-log8-b960,full,butterfly,cuButterfly-temporal-r4-t128,0,3,960,-1,,native,32,32,32,0,implicit-sign,floating-add,temporal-r4-t128,1,38,1024,12,48,0.75,960,1.0,1.0,register,1966080,0.3125,0,Tesla V100-SXM2-16GB,7.0,fwht,fp32,forward,none,out-of-place,0,,,,0.000000,,temporal-tile,radix4,four-mul,table,direct-strided,,1,8,,,,,,0,,,shared,linear,scalar,0,named-barrier,128,0,0,8,8,0,0,0,0,0,0,8,256,960,1,256,1000,100,0.268096,0.004229,0.229664,226997579.827980,232.445522,58111380435.962875,0.000000,-1,,,,,,,,,,,,
structured-2x2-fp16-native-log15-online-r4-t256-b8,structured-2x2-fp16-native-log15-b8,full,butterfly,cuButterfly-online-r4-t256,0,4,8,-1,,native,16,16,16,0,broadcast,floating-fma,online-r4-t256,64,46,2048,5,40,0.625,512,1.28,1.0,register,1048576,0.16666666666666666,0,Tesla V100-SXM2-16GB,7.0,structured-2x2,fp16,forward,none,out-of-place,0,,,,0.000000,,online-reorder,radix4,four-mul,table,direct-strided,0.92387949999999996:-0.38268340000000001:0.38268340000000001:0.92387949999999996,2,8x7,0x0,8x8,table,direct-strided,global-scratch,2,0x0,8x8,shared,linear,scalar,0,named-barrier,256,0,0,8,8,0,0,8,1,0,0,15,32768,8,1,32768,1000,100,0.124064,0.027136,0.127776,294811.322131,72.452831,9660377403.602518,0.000000,-1,,,,,,,,,,,,
fft-fp32-log15-online-r2-t256-b8,fft-fp32-log15-b8,full,butterfly,cuButterfly-online-r2-t256,0,3,8,-1,,native,32,32,32,0,per-stage-twiddle,floating-complex,online-r2-t256,64,38,4096,6,48,0.75,512,1.0666666666666667,1.0,register,4194304,0.6666666666666666,0,Tesla V100-SXM2-16GB,7.0,fft,fp32,forward,none,out-of-place,0,,,,0.000000,,online-reorder,radix2,four-mul,table,direct-strided,,2,8x7,0x0,8x8,table,direct-strided,global-scratch,2,0x0,8x8,shared,linear,scalar,0,named-barrier,256,0,0,8,8,0,0,8,1,0,0,15,32768,8,1,32768,1000,100,0.484960,0.039240,0.398976,203875.249233,50.104381,6680584166.862458,0.000000,-1,,,,,,,,,,,,
fwht-fp16-native-log8-temporal-r2-t128-b959,fwht-fp16-native-log8-b959,full,butterfly,cuButterfly-temporal-r2-t128,0,5,959,-1,,native,16,16,16,0,implicit-sign,floating-add,temporal-r2-t128,1,30,512,16,64,1.0,959,0.74921875,0.74921875,register+thread+warp,982016,0.15608723958333334,0,Tesla V100-SXM2-16GB,7.0,fwht,fp16,forward,none,out-of-place,0,,,,0.000000,,temporal-tile,radix2,four-mul,table,direct-strided,,1,8,,,,,,0,,,shared,linear,scalar,0,named-barrier,128,0,0,8,8,0,0,0,0,0,0,8,256,959,1,256,1000,100,0.133440,0.004536,0.123200,211404839.644279,216.478556,54119638948.935356,0.000000,-1,,,,,,,,,,,,
fft-fp16-fp32-log8-temporal-r4-t128-b800,fft-fp16-fp32-log8-b800,full,butterfly,cuButterfly-temporal-r4-t128,0,2,800,-1,,fp32,16,32,32,0,per-stage-twiddle,floating-complex,temporal-r4-t128,1,42,1024,10,40,0.625,800,1.0,1.0,register,1638400,0.2604166666666667,0,Tesla V100-SXM2-16GB,7.0,fft,fp16,forward,none,out-of-place,0,,,,0.000000,,temporal-tile,radix4,four-mul,table,direct-strided,,1,8,,,,,,0,,,shared,linear,scalar,0,named-barrier,128,0,0,8,8,0,0,0,0,0,0,8,256,800,1,256,1000,100,0.196928,0.006226,0.194752,128495069.573729,131.578951,32894737810.874611,0.000000,-1,,,,,,,,,,,,
fft-bf16-fp32-log15-hier-r4-t256-b6,fft-bf16-fp32-log15-b6,full,butterfly,cuButterfly-hier-r4-t256,0,3,6,-1,,fp32,16,32,32,0,per-stage-twiddle,floating-complex,hier-r4-t256,64,48,4096,5,40,0.625,384,0.96,0.96,register,1572864,0.25,0,Tesla V100-SXM2-16GB,7.0,fft,bf16,forward,none,out-of-place,0,,,,0.000000,,hierarchical,radix4,four-mul,table,direct-strided,,1,15,,,,,,0,,,shared,linear,scalar,0,named-barrier,256,0,0,8,8,0,0,8,0,0,0,15,32768,6,1,32768,1000,100,0.229792,0.040018,0.188960,149932.838514,36.847494,4912999252.412814,0.000000,-1,,,,,,,,,,,,
structured-2x2-fp32-log20-hier-r4-t256-b1,structured-2x2-fp32-log20-b1,full,butterfly,cuButterfly-hier-r4-t256,0,4,1,-1,,native,32,32,32,0,broadcast,floating-fma,hier-r4-t256,512,44,4096,5,40,0.625,512,1.28,1.0,register,8388608,1.3333333333333333,0,Tesla V100-SXM2-16GB,7.0,structured-2x2,fp32,forward,none,out-of-place,0,,,,0.000000,,hierarchical,radix4,four-mul,table,direct-strided,0.92387949999999996:-0.38268340000000001:0.38268340000000001:0.92387949999999996,1,20,,,,,,0,,,shared,linear,scalar,0,named-barrier,256,0,0,8,8,0,0,10,0,0,0,20,1048576,1,1,1048576,1000,100,0.749248,0.102164,0.716128,9788.137994,102.636066,10263606584.820442,0.000000,-1,,,,,,,,,,,,
fft-bf16-native-log15-online-r2-t256-b9,fft-bf16-native-log15-b9,full,butterfly,cuButterfly-online-r2-t256,0,3,9,-1,,native,16,32,16,1,per-stage-twiddle,floating-complex,online-r2-t256,64,38,2048,6,48,0.75,576,1.2,1.0,register,2359296,0.375,0,Tesla V100-SXM2-16GB,7.0,fft,bf16,forward,none,out-of-place,0,,,,0.000000,,online-reorder,radix2,four-mul,table,direct-strided,,2,8x7,0x0,8x8,table,direct-strided,global-scratch,2,0x0,8x8,shared,linear,scalar,0,named-barrier,256,0,0,8,8,0,0,8,1,0,0,15,32768,9,1,32768,1000,100,0.351840,0.062413,0.253600,144201.184578,35.438883,4725184416.264504,0.000000,-1,,,,,,,,,,,,
fwht-bf16-fp32-log20-hier-r4-t256-b1,fwht-bf16-fp32-log20-b1,full,butterfly,cuButterfly-hier-r4-t256,0,1,1,-1,,fp32,16,32,32,0,implicit-sign,floating-add,hier-r4-t256,512,44,2048,5,40,0.625,512,1.28,1.0,register,4194304,0.6666666666666666,0,Tesla V100-SXM2-16GB,7.0,fwht,bf16,forward,none,out-of-place,0,,,,0.000000,,hierarchical,radix4,four-mul,table,direct-strided,,1,20,,,,,,0,,,shared,linear,scalar,0,named-barrier,256,0,0,8,8,0,0,10,0,0,0,20,1048576,1,1,1048576,1000,100,0.445984,0.083988,0.430176,11906.395800,124.847609,12484760882.075363,0.000000,-1,,,,,,,,,,,,
fwht-fp32-log20-hier-r4-t256-b1,fwht-fp32-log20-b1,full,butterfly,cuButterfly-hier-r4-t256,0,1,1,-1,,native,32,32,32,0,implicit-sign,floating-add,hier-r4-t256,512,44,4096,5,40,0.625,512,1.28,1.0,register,8388608,1.3333333333333333,0,Tesla V100-SXM2-16GB,7.0,fwht,fp32,forward,none,out-of-place,0,,,,0.000000,,hierarchical,radix4,four-mul,table,direct-strided,,1,20,,,,,,0,,,shared,linear,scalar,0,named-barrier,256,0,0,8,8,0,0,10,0,0,0,20,1048576,1,1,1048576,1000,100,0.749696,0.098652,0.710144,10136.625323,106.290220,10629022034.379164,0.000000,-1,,,,,,,,,,,,
fft-fp16-native-log8-temporal-r4-t128-b1280,fft-fp16-native-log8-b1280,full,butterfly,cuButterfly-temporal-r4-t128,0,5,1280,-1,,native,16,16,16,0,per-stage-twiddle,floating-complex,temporal-r4-t128,1,42,1024,10,40,0.625,1280,1.6,1.0,register,2621440,0.4166666666666667,0,Tesla V100-SXM2-16GB,7.0,fft,fp16,forward,none,out-of-place,0,,,,0.000000,,temporal-tile,radix4,four-mul,table,direct-strided,,1,8,,,,,,0,,,shared,linear,scalar,0,named-barrier,128,0,0,8,8,0,0,0,0,0,0,8,256,1280,1,256,1000,100,0.317312,0.005642,0.293568,226860256.668981,232.304903,58076225707.259232,0.000000,-1,,,,,,,,,,,,
structured-2x2-bf16-fp32-log20-online-r2-t256-b2,structured-2x2-bf16-fp32-log20-b2,full,butterfly,cuButterfly-online-r2-t256,0,2,2,-1,,fp32,16,32,32,0,broadcast,floating-fma,online-r2-t256,512,36,1024,6,48,0.75,1024,2.1333333333333333,1.0,register,8388608,1.3333333333333333,0,Tesla V100-SXM2-16GB,7.0,structured-2x2,bf16,forward,none,out-of-place,0,,,,0.000000,,online-reorder,radix2,four-mul,table,direct-strided,0.92387949999999996:-0.38268340000000001:0.38268340000000001:0.92387949999999996,2,10x10,0x0,8x8,table,direct-strided,global-scratch,2,0x0,8x8,shared,linear,scalar,0,named-barrier,256,0,0,8,8,0,0,10,1,0,0,20,1048576,2,1,1048576,1000,100,0.764512,0.220877,0.732640,9054.820981,94.946680,9494667965.072168,0.000000,-1,,,,,,,,,,,,
fft-bf16-native-log8-temporal-r2-t128-b1281,fft-bf16-native-log8-b1281,full,butterfly,cuButterfly-temporal-r2-t128,0,4,1281,-1,,native,16,32,16,1,per-stage-twiddle,floating-complex,temporal-r2-t128,1,32,1024,16,64,1.0,1281,1.00078125,1.0,register+thread+warp,2623488,0.4169921875,0,Tesla V100-SXM2-16GB,7.0,fft,bf16,forward,none,out-of-place,0,,,,0.000000,,temporal-tile,radix2,four-mul,table,direct-strided,,1,8,,,,,,0,,,shared,linear,scalar,0,named-barrier,128,0,0,8,8,0,0,0,0,0,0,8,256,1281,1,256,1000,100,0.323712,0.025682,0.262560,49879447.586561,51.076554,12769138582.159573,0.000000,-1,,,,,,,,,,,,
fwht-bf16-native-log15-online-r4-t256-b1,fwht-bf16-native-log15-b1,full,butterfly,cuButterfly-online-r4-t256,0,3,1,-1,,native,16,32,16,1,implicit-sign,floating-add,online-r4-t256,64,46,2048,5,40,0.625,64,0.16,0.16,register,131072,0.020833333333333332,0,Tesla V100-SXM2-16GB,7.0,fwht,bf16,forward,none,out-of-place,0,,,,0.000000,,online-reorder,radix4,four-mul,table,direct-strided,,2,8x7,0x0,8x8,table,direct-strided,global-scratch,2,0x0,8x8,shared,linear,scalar,0,named-barrier,256,0,0,8,8,0,0,8,1,0,0,15,32768,1,1,32768,1000,100,0.031744,0.009370,0.032032,106728.146258,26.229509,3497267896.578421,0.000000,-1,,,,,,,,,,,,
fft-fp16-native-log15-online-r4-t256-b5,fft-fp16-native-log15-b5,full,butterfly,cuButterfly-online-r4-t256,0,2,5,-1,,native,16,16,16,0,per-stage-twiddle,floating-complex,online-r4-t256,64,50,4096,4,32,0.5,320,1.0,1.0,register,1310720,0.20833333333333334,0,Tesla V100-SXM2-16GB,7.0,fft,fp16,forward,none,out-of-place,0,,,,0.000000,,online-reorder,radix4,four-mul,table,direct-strided,,2,8x7,0x0,8x8,table,direct-strided,global-scratch,2,0x0,8x8,shared,linear,scalar,0,named-barrier,256,0,0,8,8,0,0,8,1,0,0,15,32768,5,1,32768,1000,100,0.180448,0.022938,0.157824,217982.687282,53.571425,7142856696.863242,0.000000,-1,,,,,,,,,,,,
structured-2x2-fp64-log8-temporal-r2-t128-b801,structured-2x2-fp64-log8-b801,full,butterfly,cuButterfly-temporal-r2-t128,0,4,801,-1,,native,64,64,64,0,broadcast,floating-fma,temporal-r2-t128,1,32,2048,16,64,1.0,801,0.62578125,0.62578125,register+thread+warp,3280896,0.521484375,0,Tesla V100-SXM2-16GB,7.0,structured-2x2,fp64,forward,none,out-of-place,0,,,,0.000000,,temporal-tile,radix2,four-mul,table,direct-strided,0.92387949999999996:-0.38268340000000001:0.38268340000000001:0.92387949999999996,1,8,,,,,,0,,,shared,linear,scalar,0,named-barrier,128,0,0,8,8,0,0,0,0,0,0,8,256,801,1,256,1000,100,0.369248,0.007711,0.302176,103881356.592243,106.374509,26593627287.614132,0.000000,-1,,,,,,,,,,,,
fft-bf16-native-log15-hier-r4-t256-b1,fft-bf16-native-log15-b1,full,butterfly,cuButterfly-hier-r4-t256,0,4,1,-1,,native,16,32,16,1,per-stage-twiddle,floating-complex,hier-r4-t256,64,48,4096,5,40,0.625,64,0.16,0.16,register,262144,0.041666666666666664,0,Tesla V100-SXM2-16GB,7.0,fft,bf16,forward,none,out-of-place,0,,,,0.000000,,hierarchical,radix4,four-mul,table,direct-strided,,1,15,,,,,,0,,,shared,linear,scalar,0,named-barrier,256,0,0,8,8,0,0,8,0,0,0,15,32768,1,1,32768,1000,100,0.034944,0.025354,0.049792,39441.134756,9.693053,1292407103.669025,0.000000,-1,,,,,,,,,,,,
fft-fp16-native-log15-online-r4-t256-b4,fft-fp16-native-log15-b4,full,butterfly,cuButterfly-online-r4-t256,0,3,4,-1,,native,16,16,16,0,per-stage-twiddle,floating-complex,online-r4-t256,64,50,4096,4,32,0.5,256,0.8,0.8,register,1048576,0.16666666666666666,0,Tesla V100-SXM2-16GB,7.0,fft,fp16,forward,none,out-of-place,0,,,,0.000000,,online-reorder,radix4,four-mul,table,direct-strided,,2,8x7,0x0,8x8,table,direct-strided,global-scratch,2,0x0,8x8,shared,linear,scalar,0,named-barrier,256,0,0,8,8,0,0,8,1,0,0,15,32768,4,1,32768,1000,100,0.140288,0.019661,0.129856,203450.532912,50.000003,6666667062.454532,0.000000,-1,,,,,,,,,,,,
fft-fp32-log8-temporal-r4-t128-b1281,fft-fp32-log8-b1281,full,butterfly,cuButterfly-temporal-r4-t128,0,4,1281,-1,,native,32,32,32,0,per-stage-twiddle,floating-complex,temporal-r4-t128,1,42,2048,10,40,0.625,1281,1.60125,1.0,register,5246976,0.833984375,0,Tesla V100-SXM2-16GB,7.0,fft,fp32,forward,none,out-of-place,0,,,,0.000000,,temporal-tile,radix4,four-mul,table,direct-strided,,1,8,,,,,,0,,,shared,linear,scalar,0,named-barrier,128,0,0,8,8,0,0,0,0,0,0,8,256,1281,1,256,1000,100,0.514368,0.009687,0.445632,132238537.246404,135.412262,33853065535.079388,0.000000,-1,,,,,,,,,,,,
fwht-fp16-native-log15-online-r4-t256-b6,fwht-fp16-native-log15-b6,full,butterfly,cuButterfly-online-r4-t256,0,5,6,-1,,native,16,16,16,0,implicit-sign,floating-add,online-r4-t256,64,46,2048,5,40,0.625,384,0.96,0.96,register,786432,0.125,0,Tesla V100-SXM2-16GB,7.0,fwht,fp16,forward,none,out-of-place,0,,,,0.000000,,online-reorder,radix4,four-mul,table,direct-strided,,2,8x7,0x0,8x8,table,direct-strided,global-scratch,2,0x0,8x8,shared,linear,scalar,0,named-barrier,256,0,0,8,8,0,0,8,1,0,0,15,32768,6,1,32768,1000,100,0.099296,0.020552,0.105792,291946.940613,71.748880,9566517350.004835,0.000000,-1,,,,,,,,,,,,
fft-bf16-native-log8-temporal-r4-t128-b1280,fft-bf16-native-log8-b1280,full,butterfly,cuButterfly-temporal-r4-t128,0,3,1280,-1,,native,16,32,16,1,per-stage-twiddle,floating-complex,temporal-r4-t128,1,42,1024,10,40,0.625,1280,1.6,1.0,register,2621440,0.4166666666666667,0,Tesla V100-SXM2-16GB,7.0,fft,bf16,forward,none,out-of-place,0,,,,0.000000,,temporal-tile,radix4,four-mul,table,direct-strided,,1,8,,,,,,0,,,shared,linear,scalar,0,named-barrier,128,0,0,8,8,0,0,0,0,0,0,8,256,1280,1,256,1000,100,0.322240,0.029829,0.260256,42911087.846197,43.940954,10985238488.626507,0.000000,-1,,,,,,,,,,,,
fwht-fp16-fp32-log15-online-r4-t256-b8,fwht-fp16-fp32-log15-b8,full,butterfly,cuButterfly-online-r4-t256,0,2,8,-1,,fp32,16,32,32,0,implicit-sign,floating-add,online-r4-t256,64,46,2048,5,40,0.625,512,1.28,1.0,register,1048576,0.16666666666666666,0,Tesla V100-SXM2-16GB,7.0,fwht,fp16,forward,none,out-of-place,0,,,,0.000000,,online-reorder,radix4,four-mul,table,direct-strided,,2,8x7,0x0,8x8,table,direct-strided,global-scratch,2,0x0,8x8,shared,linear,scalar,0,named-barrier,256,0,0,8,8,0,0,8,1,0,0,15,32768,8,1,32768,1000,100,0.124352,0.026153,0.131584,305892.727909,75.176197,10023492908.136686,0.000000,-1,,,,,,,,,,,,
fft-fp16-native-log8-temporal-r2-t128-b800,fft-fp16-native-log8-b800,full,butterfly,cuButterfly-temporal-r2-t128,0,1,800,-1,,native,16,16,16,0,per-stage-twiddle,floating-complex,temporal-r2-t128,1,32,1024,16,64,1.0,800,0.625,0.625,register+thread+warp,1638400,0.2604166666666667,0,Tesla V100-SXM2-16GB,7.0,fft,fp16,forward,none,out-of-place,0,,,,0.000000,,temporal-tile,radix2,four-mul,table,direct-strided,,1,8,,,,,,0,,,shared,linear,scalar,0,named-barrier,128,0,0,8,8,0,0,0,0,0,0,8,256,800,1,256,1000,100,0.194720,0.005448,0.192640,146851512.791522,150.375949,37593987274.629723,0.000000,-1,,,,,,,,,,,,
fwht-fp16-fp32-log15-online-r2-t256-b8,fwht-fp16-fp32-log15-b8,full,butterfly,cuButterfly-online-r2-t256,0,4,8,-1,,fp32,16,32,32,0,implicit-sign,floating-add,online-r2-t256,64,36,1024,6,48,0.75,512,1.0666666666666667,1.0,register,1048576,0.16666666666666666,0,Tesla V100-SXM2-16GB,7.0,fwht,fp16,forward,none,out-of-place,0,,,,0.000000,,online-reorder,radix2,four-mul,table,direct-strided,,2,8x7,0x0,8x8,table,direct-strided,global-scratch,2,0x0,8x8,shared,linear,scalar,0,named-barrier,256,0,0,8,8,0,0,8,1,0,0,15,32768,8,1,32768,1000,100,0.123520,0.026737,0.146624,299214.845628,73.535040,9804672061.538269,0.000000,-1,,,,,,,,,,,,
fft-fp16-fp32-log8-temporal-r4-t128-b799,fft-fp16-fp32-log8-b799,full,butterfly,cuButterfly-temporal-r4-t128,0,3,799,-1,,fp32,16,32,32,0,per-stage-twiddle,floating-complex,temporal-r4-t128,1,42,1024,10,40,0.625,799,0.99875,0.99875,register,1636352,0.2600911458333333,0,Tesla V100-SXM2-16GB,7.0,fft,fp16,forward,none,out-of-place,0,,,,0.000000,,temporal-tile,radix4,four-mul,table,direct-strided,,1,8,,,,,,0,,,shared,linear,scalar,0,named-barrier,128,0,0,8,8,0,0,0,0,0,0,8,256,799,1,256,1000,100,0.198240,0.006226,0.218208,128334450.736762,131.414478,32853619388.611019,0.000000,-1,,,,,,,,,,,,
fft-fp16-native-log15-online-r4-t256-b6,fft-fp16-native-log15-b6,full,butterfly,cuButterfly-online-r4-t256,0,4,6,-1,,native,16,16,16,0,per-stage-twiddle,floating-complex,online-r4-t256,64,50,4096,4,32,0.5,384,1.2,1.0,register,1572864,0.25,0,Tesla V100-SXM2-16GB,7.0,fft,fp16,forward,none,out-of-place,0,,,,0.000000,,online-reorder,radix4,four-mul,table,direct-strided,,2,8x7,0x0,8x8,table,direct-strided,global-scratch,2,0x0,8x8,shared,linear,scalar,0,named-barrier,256,0,0,8,8,0,0,8,1,0,0,15,32768,6,1,32768,1000,100,0.231840,0.026501,0.186464,226405.532877,55.641424,7418856501.305624,0.000000,-1,,,,,,,,,,,,
fwht-fp16-native-log15-online-r2-t256-b6,fwht-fp16-native-log15-b6,full,butterfly,cuButterfly-online-r2-t256,0,5,6,-1,,native,16,16,16,0,implicit-sign,floating-add,online-r2-t256,64,36,1024,6,48,0.75,384,0.8,0.8,register,786432,0.125,0,Tesla V100-SXM2-16GB,7.0,fwht,fp16,forward,none,out-of-place,0,,,,0.000000,,online-reorder,radix2,four-mul,table,direct-strided,,2,8x7,0x0,8x8,table,direct-strided,global-scratch,2,0x0,8x8,shared,linear,scalar,0,named-barrier,256,0,0,8,8,0,0,8,1,0,0,15,32768,6,1,32768,1000,100,0.100896,0.021135,0.106272,283884.472659,69.767448,9302326400.095037,0.000000,-1,,,,,,,,,,,,
fft-fp16-fp32-log15-online-r2-t256-b1,fft-fp16-fp32-log15-b1,full,butterfly,cuButterfly-online-r2-t256,0,2,1,-1,,fp32,16,32,32,0,per-stage-twiddle,floating-complex,online-r2-t256,64,38,2048,6,48,0.75,64,0.13333333333333333,0.13333333333333333,register,262144,0.041666666666666664,0,Tesla V100-SXM2-16GB,7.0,fft,fp16,forward,none,out-of-place,0,,,,0.000000,,online-reorder,radix2,four-mul,table,direct-strided,,2,8x7,0x0,8x8,table,direct-strided,global-scratch,2,0x0,8x8,shared,linear,scalar,0,named-barrier,256,0,0,8,8,0,0,8,1,0,0,15,32768,1,1,32768,1000,100,0.034528,0.011930,0.045664,83825.103786,20.600858,2746781000.854145,0.000000,-1,,,,,,,,,,,,
fft-fp16-native-log8-temporal-r2-t128-b1280,fft-fp16-native-log8-b1280,full,butterfly,cuButterfly-temporal-r2-t128,0,3,1280,-1,,native,16,16,16,0,per-stage-twiddle,floating-complex,temporal-r2-t128,1,32,1024,16,64,1.0,1280,1.0,1.0,register+thread+warp,2621440,0.4166666666666667,0,Tesla V100-SXM2-16GB,7.0,fft,fp16,forward,none,out-of-place,0,,,,0.000000,,temporal-tile,radix2,four-mul,table,direct-strided,,1,8,,,,,,0,,,shared,linear,scalar,0,named-barrier,128,0,0,8,8,0,0,0,0,0,0,8,256,1280,1,256,1000,100,0.339104,0.006656,0.276832,192307694.474981,196.923079,49230769785.595016,0.000000,-1,,,,,,,,,,,,
structured-2x2-bf16-native-log15-hier-r4-t256-b9,structured-2x2-bf16-native-log15-b9,full,butterfly,cuButterfly-hier-r4-t256,0,5,9,-1,,native,16,32,16,1,broadcast,floating-fma,hier-r4-t256,64,44,2048,5,40,0.625,576,1.44,1.0,register,1179648,0.1875,0,Tesla V100-SXM2-16GB,7.0,structured-2x2,bf16,forward,none,out-of-place,0,,,,0.000000,,hierarchical,radix4,four-mul,table,direct-strided,0.92387949999999996:-0.38268340000000001:0.38268340000000001:0.92387949999999996,1,15,,,,,,0,,,shared,linear,scalar,0,named-barrier,256,0,0,8,8,0,0,8,0,0,0,15,32768,9,1,32768,1000,100,0.137248,0.046694,0.164320,192742.607244,47.368423,6315789754.164528,0.000000,-1,,,,,,,,,,,,
fft-fp16-fp32-log8-temporal-r2-t128-b800,fft-fp16-fp32-log8-b800,full,butterfly,cuButterfly-temporal-r2-t128,0,1,800,-1,,fp32,16,32,32,0,per-stage-twiddle,floating-complex,temporal-r2-t128,1,32,1024,16,64,1.0,800,0.625,0.625,register+thread+warp,1638400,0.2604166666666667,0,Tesla V100-SXM2-16GB,7.0,fft,fp16,forward,none,out-of-place,0,,,,0.000000,,temporal-tile,radix2,four-mul,table,direct-strided,,1,8,,,,,,0,,,shared,linear,scalar,0,named-barrier,128,0,0,8,8,0,0,0,0,0,0,8,256,800,1,256,1000,100,0.194848,0.006369,0.194720,125602890.672379,128.617360,32154340012.129036,0.000000,-1,,,,,,,,,,,,
