candidate_id,group,trial,implementation,reference,static_score,mapping_id,decomposition_count,stages_per_decomposition,segment_threads,segment_ept,boundary_twiddles,boundary_layouts,processing_unit,prefix_log_n,suffix_log_n,prefix_threads,suffix_threads,prefix_ept,suffix_ept,cross_twiddle,direct_boundary,device,compute_capability,operator,precision,direction,normalization,placement,backend,fft_core,logN,N,batch,warmup,repeat,kernel_ms,points_s,max_error,correct
fft20-fp32_b16_p8s12_t128x256_e16x16_rec,fft20-fp32-batch16,2,fft20-fp32_b16_p8s12_t128x256_e16x16_rec,0,2386543.3993224264,fft20-fp32,2,8x12,128x256,16x16,recurrence,direct-strided,cufftdx-online-shared+cufftdx-large-online,8,12,128,256,16,16,recurrence,direct-strided,Tesla V100-SXM2-16GB,7.0,fft,fp32,forward,none,in-place,online-reorder,cufftdx-block,20,1048576,16,100,50,1.646653,10188674714.226828,0.001339,1
fft20-fp32_b16_p10s10_t512x512_e8x8_rec,fft20-fp32-batch16,3,fft20-fp32_b16_p10s10_t512x512_e8x8_rec,0,4773086.798644853,fft20-fp32,2,10x10,512x512,8x8,recurrence,direct-strided,cufftdx-online-shared+cufftdx-online-shared,10,10,512,512,8,8,recurrence,direct-strided,Tesla V100-SXM2-16GB,7.0,fft,fp32,forward,none,in-place,online-reorder,cufftdx-block,20,1048576,16,100,50,0.916357,18308600435.156132,0.001466,1
fft20-fp32_b2_p11s9_t256x128_e8x16_rec,fft20-fp32-batch2,1,fft20-fp32_b2_p11s9_t256x128_e8x16_rec,0,509007.80142380524,fft20-fp32,2,11x9,256x128,8x16,recurrence,direct-strided,cufftdx-large-online+cufftdx-online-shared,11,9,256,128,8,16,recurrence,direct-strided,Tesla V100-SXM2-16GB,7.0,fft,fp32,forward,none,in-place,online-reorder,cufftdx-block,20,1048576,2,100,50,0.175247,11966810033.604259,0.001485,1
fft20-fp32_b16_cufft,fft20-fp32-batch16,2,cuFFT,1,0.0,fft20-fp32,0,,,,,,vendor-baseline,0,0,0,0,0,0,none,none,Tesla V100-SXM2-16GB,7.0,fft,fp32,forward,none,in-place,cufft,scalar,20,1048576,16,100,50,0.720855,23274051029.743492,0.002107,1
fft20-fp32_b16_p9s11_t128x256_e16x8_rec,fft20-fp32-batch16,2,fft20-fp32_b16_p9s11_t128x256_e16x8_rec,0,3566171.2214231617,fft20-fp32,2,9x11,128x256,16x8,recurrence,direct-strided,cufftdx-online-shared+cufftdx-large-online,9,11,128,256,16,8,recurrence,direct-strided,Tesla V100-SXM2-16GB,7.0,fft,fp32,forward,none,in-place,online-reorder,cufftdx-block,20,1048576,16,100,50,1.134285,14791007692.462622,0.001748,1
fft20-fp32_b8_p8s12_t128x256_e16x16_rec,fft20-fp32-batch8,1,fft20-fp32_b8_p8s12_t128x256_e16x16_rec,0,1193271.6996612132,fft20-fp32,2,8x12,128x256,16x16,recurrence,direct-strided,cufftdx-online-shared+cufftdx-large-online,8,12,128,256,16,16,recurrence,direct-strided,Tesla V100-SXM2-16GB,7.0,fft,fp32,forward,none,in-place,online-reorder,cufftdx-block,20,1048576,8,100,50,0.821432,10212171433.108576,0.001371,1
fft20-fp32_b8_p9s11_t128x256_e16x8_rec,fft20-fp32-batch8,3,fft20-fp32_b8_p9s11_t128x256_e16x8_rec,0,1783085.6107115808,fft20-fp32,2,9x11,128x256,16x8,recurrence,direct-strided,cufftdx-online-shared+cufftdx-large-online,9,11,128,256,16,8,recurrence,direct-strided,Tesla V100-SXM2-16GB,7.0,fft,fp32,forward,none,in-place,online-reorder,cufftdx-block,20,1048576,8,100,50,0.578232,14507332379.835417,0.001716,1
fft20-fp32_b8_p8s12_t128x256_e16x16_rec,fft20-fp32-batch8,3,fft20-fp32_b8_p8s12_t128x256_e16x16_rec,0,1193271.6996612132,fft20-fp32,2,8x12,128x256,16x16,recurrence,direct-strided,cufftdx-online-shared+cufftdx-large-online,8,12,128,256,16,16,recurrence,direct-strided,Tesla V100-SXM2-16GB,7.0,fft,fp32,forward,none,in-place,online-reorder,cufftdx-block,20,1048576,8,100,50,0.775967,10810525706.745008,0.001371,1
fft18-fp32_b2_p10s8_t512x512_e16x16_rec,fft18-fp32-batch2,2,fft18-fp32_b2_p10s8_t512x512_e16x16_rec,0,81804.82522882584,fft18-fp32,2,10x8,512x512,16x16,recurrence,direct-strided,cufftdx-online-shared+cufftdx-online-shared,10,8,512,512,16,16,recurrence,direct-strided,Tesla V100-SXM2-16GB,7.0,fft,fp32,forward,none,in-place,online-reorder,cufftdx-block,18,262144,2,100,50,0.038666,13559321728.476145,0.000637,1
fft20-fp32_b8_p10s10_t512x512_e8x8_rec,fft20-fp32-batch8,1,fft20-fp32_b8_p10s10_t512x512_e8x8_rec,0,2386543.3993224264,fft20-fp32,2,10x10,512x512,8x8,recurrence,direct-strided,cufftdx-online-shared+cufftdx-online-shared,10,10,512,512,8,8,recurrence,direct-strided,Tesla V100-SXM2-16GB,7.0,fft,fp32,forward,none,in-place,online-reorder,cufftdx-block,20,1048576,8,100,50,0.455700,18408161152.283031,0.001485,1
fft20-fp32_b2_p10s10_t512x512_e8x8_rec,fft20-fp32-batch2,3,fft20-fp32_b2_p10s10_t512x512_e8x8_rec,0,596635.8498306066,fft20-fp32,2,10x10,512x512,8x8,recurrence,direct-strided,cufftdx-online-shared+cufftdx-online-shared,10,10,512,512,8,8,recurrence,direct-strided,Tesla V100-SXM2-16GB,7.0,fft,fp32,forward,none,in-place,online-reorder,cufftdx-block,20,1048576,2,100,50,0.128369,16336948833.505247,0.001288,1
fft18-fp32_b2_p9s9_t256x256_e8x8_rec,fft18-fp32-batch2,1,fft18-fp32_b2_p9s9_t256x256_e8x8_rec,0,175170.20085765165,fft18-fp32,2,9x9,256x256,8x8,recurrence,direct-strided,cufftdx-online-shared+cufftdx-online-shared,9,9,256,256,8,8,recurrence,direct-strided,Tesla V100-SXM2-16GB,7.0,fft,fp32,forward,none,in-place,online-reorder,cufftdx-block,18,262144,2,100,50,0.026030,20141620466.983376,0.000553,1
fft20-fp32_b8_p10s10_t128x128_e16x16_rec,fft20-fp32-batch8,2,fft20-fp32_b8_p10s10_t128x128_e16x16_rec,0,1193271.6996612132,fft20-fp32,2,10x10,128x128,16x16,recurrence,direct-strided,cufftdx-online-shared+cufftdx-online-shared,10,10,128,128,16,16,recurrence,direct-strided,Tesla V100-SXM2-16GB,7.0,fft,fp32,forward,none,in-place,online-reorder,cufftdx-block,20,1048576,8,100,50,0.465777,18009937808.085678,0.001451,1
fft20-fp32_b8_p12s8_t256x128_e16x16_rec,fft20-fp32-batch8,3,fft20-fp32_b8_p12s8_t256x128_e16x16_rec,0,1193271.6996612132,fft20-fp32,2,12x8,256x128,16x16,recurrence,direct-strided,cufftdx-large-online+cufftdx-online-shared,12,8,256,128,16,16,recurrence,direct-strided,Tesla V100-SXM2-16GB,7.0,fft,fp32,forward,none,in-place,online-reorder,cufftdx-block,20,1048576,8,100,50,0.655667,12794003088.590370,0.001355,1
fft18-fp32_b16_p10s8_t128x128_e16x16_rec,fft18-fp32-batch16,3,fft18-fp32_b16_p10s8_t128x128_e16x16_rec,0,596635.8498306066,fft18-fp32,2,10x8,128x128,16x16,recurrence,direct-strided,cufftdx-online-shared+cufftdx-online-shared,10,8,128,128,16,16,recurrence,direct-strided,Tesla V100-SXM2-16GB,7.0,fft,fp32,forward,none,in-place,online-reorder,cufftdx-block,18,262144,16,100,50,0.256082,16378757598.362514,0.000671,1
fft18-fp32_b16_cufft,fft18-fp32-batch16,1,cuFFT,1,0.0,fft18-fp32,0,,,,,,vendor-baseline,0,0,0,0,0,0,none,none,Tesla V100-SXM2-16GB,7.0,fft,fp32,forward,none,in-place,cufft,scalar,18,262144,16,100,50,0.226058,18554086721.973701,0.000601,1
fft20-fp32_b2_cufft,fft20-fp32-batch2,3,cuFFT,1,0.0,fft20-fp32,0,,,,,,vendor-baseline,0,0,0,0,0,0,none,none,Tesla V100-SXM2-16GB,7.0,fft,fp32,forward,none,in-place,cufft,scalar,20,1048576,2,100,50,0.132915,15778120326.999699,0.002033,1
fft18-fp32_b16_p10s8_t128x128_e16x16_rec,fft18-fp32-batch16,1,fft18-fp32_b16_p10s8_t128x128_e16x16_rec,0,596635.8498306066,fft18-fp32,2,10x8,128x128,16x16,recurrence,direct-strided,cufftdx-online-shared+cufftdx-online-shared,10,8,128,128,16,16,recurrence,direct-strided,Tesla V100-SXM2-16GB,7.0,fft,fp32,forward,none,in-place,online-reorder,cufftdx-block,18,262144,16,100,50,0.243036,17257942836.529514,0.000671,1
fft18-fp32_b16_cufft,fft18-fp32-batch16,2,cuFFT,1,0.0,fft18-fp32,0,,,,,,vendor-baseline,0,0,0,0,0,0,none,none,Tesla V100-SXM2-16GB,7.0,fft,fp32,forward,none,in-place,cufft,scalar,18,262144,16,100,50,0.216146,19404965142.113571,0.000601,1
fft20-fp32_b8_p9s11_t128x256_e16x8_rec,fft20-fp32-batch8,1,fft20-fp32_b8_p9s11_t128x256_e16x8_rec,0,1783085.6107115808,fft20-fp32,2,9x11,128x256,16x8,recurrence,direct-strided,cufftdx-online-shared+cufftdx-large-online,9,11,128,256,16,8,recurrence,direct-strided,Tesla V100-SXM2-16GB,7.0,fft,fp32,forward,none,in-place,online-reorder,cufftdx-block,20,1048576,8,100,50,0.579727,14469919309.310482,0.001716,1
fft20-fp32_b2_p9s11_t128x256_e16x8_rec,fft20-fp32-batch2,3,fft20-fp32_b2_p9s11_t128x256_e16x8_rec,0,445771.4026778952,fft20-fp32,2,9x11,128x256,16x8,recurrence,direct-strided,cufftdx-online-shared+cufftdx-large-online,9,11,128,256,16,8,recurrence,direct-strided,Tesla V100-SXM2-16GB,7.0,fft,fp32,forward,none,in-place,online-reorder,cufftdx-block,20,1048576,2,100,50,0.169411,12379110503.197569,0.001638,1
fft18-fp32_b2_cufft,fft18-fp32-batch2,1,cuFFT,1,0.0,fft18-fp32,0,,,,,,vendor-baseline,0,0,0,0,0,0,none,none,Tesla V100-SXM2-16GB,7.0,fft,fp32,forward,none,in-place,cufft,scalar,18,262144,2,100,50,0.028099,18658892787.650810,0.000583,1
fft18-fp32_b64_p9s9_t256x256_e8x8_rec,fft18-fp32-batch64,2,fft18-fp32_b64_p9s9_t256x256_e8x8_rec,0,4773086.798644853,fft18-fp32,2,9x9,256x256,8x8,recurrence,direct-strided,cufftdx-online-shared+cufftdx-online-shared,9,9,256,256,8,8,recurrence,direct-strided,Tesla V100-SXM2-16GB,7.0,fft,fp32,forward,none,in-place,online-reorder,cufftdx-block,18,262144,64,100,50,0.842875,19904752539.701385,0.000666,1
fft20-fp32_b8_p8s12_t128x256_e16x16_rec,fft20-fp32-batch8,2,fft20-fp32_b8_p8s12_t128x256_e16x16_rec,0,1193271.6996612132,fft20-fp32,2,8x12,128x256,16x16,recurrence,direct-strided,cufftdx-online-shared+cufftdx-large-online,8,12,128,256,16,16,recurrence,direct-strided,Tesla V100-SXM2-16GB,7.0,fft,fp32,forward,none,in-place,online-reorder,cufftdx-block,20,1048576,8,100,50,0.791183,10602608538.011602,0.001371,1
fft20-fp32_b16_p10s10_t128x128_e16x16_rec,fft20-fp32-batch16,2,fft20-fp32_b16_p10s10_t128x128_e16x16_rec,0,2386543.3993224264,fft20-fp32,2,10x10,128x128,16x16,recurrence,direct-strided,cufftdx-online-shared+cufftdx-online-shared,10,10,128,128,16,16,recurrence,direct-strided,Tesla V100-SXM2-16GB,7.0,fft,fp32,forward,none,in-place,online-reorder,cufftdx-block,20,1048576,16,100,50,0.896819,18707466751.294586,0.001451,1
fft20-fp32_b16_p10s10_t512x512_e8x8_rec,fft20-fp32-batch16,2,fft20-fp32_b16_p10s10_t512x512_e8x8_rec,0,4773086.798644853,fft20-fp32,2,10x10,512x512,8x8,recurrence,direct-strided,cufftdx-online-shared+cufftdx-online-shared,10,10,512,512,8,8,recurrence,direct-strided,Tesla V100-SXM2-16GB,7.0,fft,fp32,forward,none,in-place,online-reorder,cufftdx-block,20,1048576,16,100,50,0.934072,17961367356.824551,0.001466,1
fft18-fp32_b16_p9s9_t256x256_e8x8_rec,fft18-fp32-batch16,1,fft18-fp32_b16_p9s9_t256x256_e8x8_rec,0,1193271.6996612132,fft18-fp32,2,9x9,256x256,8x8,recurrence,direct-strided,cufftdx-online-shared+cufftdx-online-shared,9,9,256,256,8,8,recurrence,direct-strided,Tesla V100-SXM2-16GB,7.0,fft,fp32,forward,none,in-place,online-reorder,cufftdx-block,18,262144,16,100,50,0.205722,20388252679.385384,0.000629,1
fft20-fp32_b16_p11s9_t256x128_e8x16_rec,fft20-fp32-batch16,2,fft20-fp32_b16_p11s9_t256x128_e8x16_rec,0,4072062.411390442,fft20-fp32,2,11x9,256x128,8x16,recurrence,direct-strided,cufftdx-large-online+cufftdx-online-shared,11,9,256,128,8,16,recurrence,direct-strided,Tesla V100-SXM2-16GB,7.0,fft,fp32,forward,none,in-place,online-reorder,cufftdx-block,20,1048576,16,100,50,1.371341,12234170084.888609,0.001713,1
fft20-fp32_b16_p9s11_t128x256_e16x8_rec,fft20-fp32-batch16,3,fft20-fp32_b16_p9s11_t128x256_e16x8_rec,0,3566171.2214231617,fft20-fp32,2,9x11,128x256,16x8,recurrence,direct-strided,cufftdx-online-shared+cufftdx-large-online,9,11,128,256,16,8,recurrence,direct-strided,Tesla V100-SXM2-16GB,7.0,fft,fp32,forward,none,in-place,online-reorder,cufftdx-block,20,1048576,16,100,50,1.133466,14801699370.935270,0.001748,1
fft20-fp32_b8_p11s9_t256x128_e8x16_rec,fft20-fp32-batch8,2,fft20-fp32_b8_p11s9_t256x128_e8x16_rec,0,2036031.205695221,fft20-fp32,2,11x9,256x128,8x16,recurrence,direct-strided,cufftdx-large-online+cufftdx-online-shared,11,9,256,128,8,16,recurrence,direct-strided,Tesla V100-SXM2-16GB,7.0,fft,fp32,forward,none,in-place,online-reorder,cufftdx-block,20,1048576,8,100,50,0.674120,12443796859.510174,0.001587,1
fft20-fp32_b8_p10s10_t512x512_e8x8_rec,fft20-fp32-batch8,2,fft20-fp32_b8_p10s10_t512x512_e8x8_rec,0,2386543.3993224264,fft20-fp32,2,10x10,512x512,8x8,recurrence,direct-strided,cufftdx-online-shared+cufftdx-online-shared,10,10,512,512,8,8,recurrence,direct-strided,Tesla V100-SXM2-16GB,7.0,fft,fp32,forward,none,in-place,online-reorder,cufftdx-block,20,1048576,8,100,50,0.455332,18423065130.353367,0.001485,1
fft20-fp32_b16_p12s8_t256x128_e16x16_rec,fft20-fp32-batch16,3,fft20-fp32_b16_p12s8_t256x128_e16x16_rec,0,2386543.3993224264,fft20-fp32,2,12x8,256x128,16x16,recurrence,direct-strided,cufftdx-large-online+cufftdx-online-shared,12,8,256,128,16,16,recurrence,direct-strided,Tesla V100-SXM2-16GB,7.0,fft,fp32,forward,none,in-place,online-reorder,cufftdx-block,20,1048576,16,100,50,1.326674,12646074094.460869,0.001377,1
fft20-fp32_b2_p10s10_t128x128_e16x16_rec,fft20-fp32-batch2,3,fft20-fp32_b2_p10s10_t128x128_e16x16_rec,0,298317.9249153033,fft20-fp32,2,10x10,128x128,16x16,recurrence,direct-strided,cufftdx-online-shared+cufftdx-online-shared,10,10,128,128,16,16,recurrence,direct-strided,Tesla V100-SXM2-16GB,7.0,fft,fp32,forward,none,in-place,online-reorder,cufftdx-block,20,1048576,2,100,50,0.156488,13401386531.711643,0.001320,1
fft18-fp32_b2_p8s10_t512x512_e16x16_rec,fft18-fp32-batch2,1,fft18-fp32_b2_p8s10_t512x512_e16x16_rec,0,81804.82522882584,fft18-fp32,2,8x10,512x512,16x16,recurrence,direct-strided,cufftdx-online-shared+cufftdx-online-shared,8,10,512,512,16,16,recurrence,direct-strided,Tesla V100-SXM2-16GB,7.0,fft,fp32,forward,none,in-place,online-reorder,cufftdx-block,18,262144,2,100,50,0.047862,10954214268.638493,0.000593,1
fft20-fp32_b8_cufft,fft20-fp32-batch8,3,cuFFT,1,0.0,fft20-fp32,0,,,,,,vendor-baseline,0,0,0,0,0,0,none,none,Tesla V100-SXM2-16GB,7.0,fft,fp32,forward,none,in-place,cufft,scalar,20,1048576,8,100,50,0.382075,21955402367.982166,0.002079,1
fft20-fp32_b2_p10s10_t128x128_e16x16_rec,fft20-fp32-batch2,2,fft20-fp32_b2_p10s10_t128x128_e16x16_rec,0,298317.9249153033,fft20-fp32,2,10x10,128x128,16x16,recurrence,direct-strided,cufftdx-online-shared+cufftdx-online-shared,10,10,128,128,16,16,recurrence,direct-strided,Tesla V100-SXM2-16GB,7.0,fft,fp32,forward,none,in-place,online-reorder,cufftdx-block,20,1048576,2,100,50,0.141189,14853496502.582733,0.001320,1
fft20-fp32_b2_p11s9_t256x128_e8x16_rec,fft20-fp32-batch2,3,fft20-fp32_b2_p11s9_t256x128_e8x16_rec,0,509007.80142380524,fft20-fp32,2,11x9,256x128,8x16,recurrence,direct-strided,cufftdx-large-online+cufftdx-online-shared,11,9,256,128,8,16,recurrence,direct-strided,Tesla V100-SXM2-16GB,7.0,fft,fp32,forward,none,in-place,online-reorder,cufftdx-block,20,1048576,2,100,50,0.173404,12094012244.725166,0.001485,1
fft18-fp32_b64_p9s9_t128x128_e16x16_rec,fft18-fp32-batch64,1,fft18-fp32_b64_p9s9_t128x128_e16x16_rec,0,2386543.3993224264,fft18-fp32,2,9x9,128x128,16x16,recurrence,direct-strided,cufftdx-online-shared+cufftdx-online-shared,9,9,128,128,16,16,recurrence,direct-strided,Tesla V100-SXM2-16GB,7.0,fft,fp32,forward,none,in-place,online-reorder,cufftdx-block,18,262144,64,100,50,0.905216,18533937089.280807,0.000984,1
fft20-fp32_b16_p10s10_t128x128_e16x16_rec,fft20-fp32-batch16,1,fft20-fp32_b16_p10s10_t128x128_e16x16_rec,0,2386543.3993224264,fft20-fp32,2,10x10,128x128,16x16,recurrence,direct-strided,cufftdx-online-shared+cufftdx-online-shared,10,10,128,128,16,16,recurrence,direct-strided,Tesla V100-SXM2-16GB,7.0,fft,fp32,forward,none,in-place,online-reorder,cufftdx-block,20,1048576,16,100,50,0.896307,18718153149.428429,0.001451,1
fft20-fp32_b8_p11s9_t256x128_e8x16_rec,fft20-fp32-batch8,1,fft20-fp32_b8_p11s9_t256x128_e8x16_rec,0,2036031.205695221,fft20-fp32,2,11x9,256x128,8x16,recurrence,direct-strided,cufftdx-large-online+cufftdx-online-shared,11,9,256,128,8,16,recurrence,direct-strided,Tesla V100-SXM2-16GB,7.0,fft,fp32,forward,none,in-place,online-reorder,cufftdx-block,20,1048576,8,100,50,0.675103,12425676666.303619,0.001587,1
fft20-fp32_b8_cufft,fft20-fp32-batch8,1,cuFFT,1,0.0,fft20-fp32,0,,,,,,vendor-baseline,0,0,0,0,0,0,none,none,Tesla V100-SXM2-16GB,7.0,fft,fp32,forward,none,in-place,cufft,scalar,20,1048576,8,100,50,0.382157,21950697291.819561,0.002079,1
fft20-fp32_b16_cufft,fft20-fp32-batch16,3,cuFFT,1,0.0,fft20-fp32,0,,,,,,vendor-baseline,0,0,0,0,0,0,none,none,Tesla V100-SXM2-16GB,7.0,fft,fp32,forward,none,in-place,cufft,scalar,20,1048576,16,100,50,0.720753,23277355760.860184,0.002107,1
fft18-fp32_b64_p8s10_t128x128_e16x16_rec,fft18-fp32-batch64,1,fft18-fp32_b64_p8s10_t128x128_e16x16_rec,0,2386543.3993224264,fft18-fp32,2,8x10,128x128,16x16,recurrence,direct-strided,cufftdx-online-shared+cufftdx-online-shared,8,10,128,128,16,16,recurrence,direct-strided,Tesla V100-SXM2-16GB,7.0,fft,fp32,forward,none,in-place,online-reorder,cufftdx-block,18,262144,64,100,50,0.860140,19505225662.306740,0.000674,1
fft18-fp32_b64_cufft,fft18-fp32-batch64,1,cuFFT,1,0.0,fft18-fp32,0,,,,,,vendor-baseline,0,0,0,0,0,0,none,none,Tesla V100-SXM2-16GB,7.0,fft,fp32,forward,none,in-place,cufft,scalar,18,262144,64,100,50,0.717599,23379662130.995724,0.000678,1
fft18-fp32_b64_p9s9_t128x128_e16x16_rec,fft18-fp32-batch64,2,fft18-fp32_b64_p9s9_t128x128_e16x16_rec,0,2386543.3993224264,fft18-fp32,2,9x9,128x128,16x16,recurrence,direct-strided,cufftdx-online-shared+cufftdx-online-shared,9,9,128,128,16,16,recurrence,direct-strided,Tesla V100-SXM2-16GB,7.0,fft,fp32,forward,none,in-place,online-reorder,cufftdx-block,18,262144,64,100,50,0.910643,18423478737.327480,0.000984,1
fft18-fp32_b16_p8s10_t128x128_e16x16_rec,fft18-fp32-batch16,2,fft18-fp32_b16_p8s10_t128x128_e16x16_rec,0,596635.8498306066,fft18-fp32,2,8x10,128x128,16x16,recurrence,direct-strided,cufftdx-online-shared+cufftdx-online-shared,8,10,128,128,16,16,recurrence,direct-strided,Tesla V100-SXM2-16GB,7.0,fft,fp32,forward,none,in-place,online-reorder,cufftdx-block,18,262144,16,100,50,0.236585,17728531749.972099,0.000626,1
fft18-fp32_b64_p10s8_t128x128_e16x16_rec,fft18-fp32-batch64,3,fft18-fp32_b64_p10s8_t128x128_e16x16_rec,0,2386543.3993224264,fft18-fp32,2,10x8,128x128,16x16,recurrence,direct-strided,cufftdx-online-shared+cufftdx-online-shared,10,8,128,128,16,16,recurrence,direct-strided,Tesla V100-SXM2-16GB,7.0,fft,fp32,forward,none,in-place,online-reorder,cufftdx-block,18,262144,64,100,50,0.860795,19490375656.250889,0.000739,1
fft20-fp32_b2_p11s9_t256x128_e8x16_rec,fft20-fp32-batch2,2,fft20-fp32_b2_p11s9_t256x128_e8x16_rec,0,509007.80142380524,fft20-fp32,2,11x9,256x128,8x16,recurrence,direct-strided,cufftdx-large-online+cufftdx-online-shared,11,9,256,128,8,16,recurrence,direct-strided,Tesla V100-SXM2-16GB,7.0,fft,fp32,forward,none,in-place,online-reorder,cufftdx-block,20,1048576,2,100,50,0.173691,12074048538.758224,0.001485,1
fft18-fp32_b2_p9s9_t256x256_e8x8_rec,fft18-fp32-batch2,3,fft18-fp32_b2_p9s9_t256x256_e8x8_rec,0,175170.20085765165,fft18-fp32,2,9x9,256x256,8x8,recurrence,direct-strided,cufftdx-online-shared+cufftdx-online-shared,9,9,256,256,8,8,recurrence,direct-strided,Tesla V100-SXM2-16GB,7.0,fft,fp32,forward,none,in-place,online-reorder,cufftdx-block,18,262144,2,100,50,0.026051,20125786027.262531,0.000553,1
fft18-fp32_b2_p9s9_t512x512_e16x16_rec,fft18-fp32-batch2,1,fft18-fp32_b2_p9s9_t512x512_e16x16_rec,0,81804.82522882584,fft18-fp32,2,9x9,512x512,16x16,recurrence,direct-strided,cufftdx-online-shared+cufftdx-online-shared,9,9,512,512,16,16,recurrence,direct-strided,Tesla V100-SXM2-16GB,7.0,fft,fp32,forward,none,in-place,online-reorder,cufftdx-block,18,262144,2,100,50,0.045384,11552346414.651926,0.000725,1
fft18-fp32_b64_p9s9_t256x256_e8x8_rec,fft18-fp32-batch64,1,fft18-fp32_b64_p9s9_t256x256_e8x8_rec,0,4773086.798644853,fft18-fp32,2,9x9,256x256,8x8,recurrence,direct-strided,cufftdx-online-shared+cufftdx-online-shared,9,9,256,256,8,8,recurrence,direct-strided,Tesla V100-SXM2-16GB,7.0,fft,fp32,forward,none,in-place,online-reorder,cufftdx-block,18,262144,64,100,50,0.845148,19851213158.755203,0.000666,1
fft20-fp32_b8_p12s8_t256x128_e16x16_rec,fft20-fp32-batch8,1,fft20-fp32_b8_p12s8_t256x128_e16x16_rec,0,1193271.6996612132,fft20-fp32,2,12x8,256x128,16x16,recurrence,direct-strided,cufftdx-large-online+cufftdx-online-shared,12,8,256,128,16,16,recurrence,direct-strided,Tesla V100-SXM2-16GB,7.0,fft,fp32,forward,none,in-place,online-reorder,cufftdx-block,20,1048576,8,100,50,0.655503,12797199983.353340,0.001355,1
fft18-fp32_b16_p8s10_t128x128_e16x16_rec,fft18-fp32-batch16,1,fft18-fp32_b16_p8s10_t128x128_e16x16_rec,0,596635.8498306066,fft18-fp32,2,8x10,128x128,16x16,recurrence,direct-strided,cufftdx-online-shared+cufftdx-online-shared,8,10,128,128,16,16,recurrence,direct-strided,Tesla V100-SXM2-16GB,7.0,fft,fp32,forward,none,in-place,online-reorder,cufftdx-block,18,262144,16,100,50,0.256061,16380069119.600151,0.000626,1
fft18-fp32_b2_cufft,fft18-fp32-batch2,3,cuFFT,1,0.0,fft18-fp32,0,,,,,,vendor-baseline,0,0,0,0,0,0,none,none,Tesla V100-SXM2-16GB,7.0,fft,fp32,forward,none,in-place,cufft,scalar,18,262144,2,100,50,0.031703,16537467698.288412,0.000583,1
fft18-fp32_b64_p8s10_t128x128_e16x16_rec,fft18-fp32-batch64,2,fft18-fp32_b64_p8s10_t128x128_e16x16_rec,0,2386543.3993224264,fft18-fp32,2,8x10,128x128,16x16,recurrence,direct-strided,cufftdx-online-shared+cufftdx-online-shared,8,10,128,128,16,16,recurrence,direct-strided,Tesla V100-SXM2-16GB,7.0,fft,fp32,forward,none,in-place,online-reorder,cufftdx-block,18,262144,64,100,50,0.876032,19151372276.013020,0.000674,1
fft18-fp32_b16_p9s9_t128x128_e16x16_rec,fft18-fp32-batch16,3,fft18-fp32_b16_p9s9_t128x128_e16x16_rec,0,596635.8498306066,fft18-fp32,2,9x9,128x128,16x16,recurrence,direct-strided,cufftdx-online-shared+cufftdx-online-shared,9,9,128,128,16,16,recurrence,direct-strided,Tesla V100-SXM2-16GB,7.0,fft,fp32,forward,none,in-place,online-reorder,cufftdx-block,18,262144,16,100,50,0.221348,18948925561.710960,0.000916,1
fft18-fp32_b16_p8s10_t128x128_e16x16_rec,fft18-fp32-batch16,3,fft18-fp32_b16_p8s10_t128x128_e16x16_rec,0,596635.8498306066,fft18-fp32,2,8x10,128x128,16x16,recurrence,direct-strided,cufftdx-online-shared+cufftdx-online-shared,8,10,128,128,16,16,recurrence,direct-strided,Tesla V100-SXM2-16GB,7.0,fft,fp32,forward,none,in-place,online-reorder,cufftdx-block,18,262144,16,100,50,0.236872,17707072853.163483,0.000626,1
fft18-fp32_b64_cufft,fft18-fp32-batch64,3,cuFFT,1,0.0,fft18-fp32,0,,,,,,vendor-baseline,0,0,0,0,0,0,none,none,Tesla V100-SXM2-16GB,7.0,fft,fp32,forward,none,in-place,cufft,scalar,18,262144,64,100,50,0.706683,23740797342.570267,0.000678,1
fft18-fp32_b64_p9s9_t256x256_e8x8_rec,fft18-fp32-batch64,3,fft18-fp32_b64_p9s9_t256x256_e8x8_rec,0,4773086.798644853,fft18-fp32,2,9x9,256x256,8x8,recurrence,direct-strided,cufftdx-online-shared+cufftdx-online-shared,9,9,256,256,8,8,recurrence,direct-strided,Tesla V100-SXM2-16GB,7.0,fft,fp32,forward,none,in-place,online-reorder,cufftdx-block,18,262144,64,100,50,0.838513,20008303772.718445,0.000666,1
fft20-fp32_b8_cufft,fft20-fp32-batch8,2,cuFFT,1,0.0,fft20-fp32,0,,,,,,vendor-baseline,0,0,0,0,0,0,none,none,Tesla V100-SXM2-16GB,7.0,fft,fp32,forward,none,in-place,cufft,scalar,20,1048576,8,100,50,0.382321,21941289766.035637,0.002079,1
fft20-fp32_b2_p12s8_t256x128_e16x16_rec,fft20-fp32-batch2,1,fft20-fp32_b2_p12s8_t256x128_e16x16_rec,0,298317.9249153033,fft20-fp32,2,12x8,256x128,16x16,recurrence,direct-strided,cufftdx-large-online+cufftdx-online-shared,12,8,256,128,16,16,recurrence,direct-strided,Tesla V100-SXM2-16GB,7.0,fft,fp32,forward,none,in-place,online-reorder,cufftdx-block,20,1048576,2,100,50,0.181473,11556258391.786486,0.001315,1
fft20-fp32_b2_cufft,fft20-fp32-batch2,1,cuFFT,1,0.0,fft20-fp32,0,,,,,,vendor-baseline,0,0,0,0,0,0,none,none,Tesla V100-SXM2-16GB,7.0,fft,fp32,forward,none,in-place,cufft,scalar,20,1048576,2,100,50,0.123392,16995850512.985561,0.002033,1
fft20-fp32_b16_cufft,fft20-fp32-batch16,1,cuFFT,1,0.0,fft20-fp32,0,,,,,,vendor-baseline,0,0,0,0,0,0,none,none,Tesla V100-SXM2-16GB,7.0,fft,fp32,forward,none,in-place,cufft,scalar,20,1048576,16,100,50,0.721674,23247629642.715019,0.002107,1
fft20-fp32_b16_p11s9_t256x128_e8x16_rec,fft20-fp32-batch16,3,fft20-fp32_b16_p11s9_t256x128_e8x16_rec,0,4072062.411390442,fft20-fp32,2,11x9,256x128,8x16,recurrence,direct-strided,cufftdx-large-online+cufftdx-online-shared,11,9,256,128,8,16,recurrence,direct-strided,Tesla V100-SXM2-16GB,7.0,fft,fp32,forward,none,in-place,online-reorder,cufftdx-block,20,1048576,16,100,50,1.369354,12251918029.194801,0.001713,1
fft20-fp32_b16_p8s12_t128x256_e16x16_rec,fft20-fp32-batch16,3,fft20-fp32_b16_p8s12_t128x256_e16x16_rec,0,2386543.3993224264,fft20-fp32,2,8x12,128x256,16x16,recurrence,direct-strided,cufftdx-online-shared+cufftdx-large-online,8,12,128,256,16,16,recurrence,direct-strided,Tesla V100-SXM2-16GB,7.0,fft,fp32,forward,none,in-place,online-reorder,cufftdx-block,20,1048576,16,100,50,1.788641,9379866607.793947,0.001339,1
fft20-fp32_b16_p12s8_t256x128_e16x16_rec,fft20-fp32-batch16,2,fft20-fp32_b16_p12s8_t256x128_e16x16_rec,0,2386543.3993224264,fft20-fp32,2,12x8,256x128,16x16,recurrence,direct-strided,cufftdx-large-online+cufftdx-online-shared,12,8,256,128,16,16,recurrence,direct-strided,Tesla V100-SXM2-16GB,7.0,fft,fp32,forward,none,in-place,online-reorder,cufftdx-block,20,1048576,16,100,50,1.313587,12772061225.977135,0.001377,1
fft20-fp32_b2_p8s12_t128x256_e16x16_rec,fft20-fp32-batch2,2,fft20-fp32_b2_p8s12_t128x256_e16x16_rec,0,298317.9249153033,fft20-fp32,2,8x12,128x256,16x16,recurrence,direct-strided,cufftdx-online-shared+cufftdx-large-online,8,12,128,256,16,16,recurrence,direct-strided,Tesla V100-SXM2-16GB,7.0,fft,fp32,forward,none,in-place,online-reorder,cufftdx-block,20,1048576,2,100,50,0.194560,10778947847.107462,0.001274,1
fft18-fp32_b64_p8s10_t128x128_e16x16_rec,fft18-fp32-batch64,3,fft18-fp32_b64_p8s10_t128x128_e16x16_rec,0,2386543.3993224264,fft18-fp32,2,8x10,128x128,16x16,recurrence,direct-strided,cufftdx-online-shared+cufftdx-online-shared,8,10,128,128,16,16,recurrence,direct-strided,Tesla V100-SXM2-16GB,7.0,fft,fp32,forward,none,in-place,online-reorder,cufftdx-block,18,262144,64,100,50,0.860426,19498726423.279408,0.000674,1
fft18-fp32_b2_p9s9_t256x256_e8x8_rec,fft18-fp32-batch2,2,fft18-fp32_b2_p9s9_t256x256_e8x8_rec,0,175170.20085765165,fft18-fp32,2,9x9,256x256,8x8,recurrence,direct-strided,cufftdx-online-shared+cufftdx-online-shared,9,9,256,256,8,8,recurrence,direct-strided,Tesla V100-SXM2-16GB,7.0,fft,fp32,forward,none,in-place,online-reorder,cufftdx-block,18,262144,2,100,50,0.026051,20125786027.262531,0.000553,1
fft18-fp32_b2_p10s8_t512x512_e16x16_rec,fft18-fp32-batch2,3,fft18-fp32_b2_p10s8_t512x512_e16x16_rec,0,81804.82522882584,fft18-fp32,2,10x8,512x512,16x16,recurrence,direct-strided,cufftdx-online-shared+cufftdx-online-shared,10,8,512,512,16,16,recurrence,direct-strided,Tesla V100-SXM2-16GB,7.0,fft,fp32,forward,none,in-place,online-reorder,cufftdx-block,18,262144,2,100,50,0.038769,13523508383.478348,0.000637,1
fft20-fp32_b8_p12s8_t256x128_e16x16_rec,fft20-fp32-batch8,2,fft20-fp32_b8_p12s8_t256x128_e16x16_rec,0,1193271.6996612132,fft20-fp32,2,12x8,256x128,16x16,recurrence,direct-strided,cufftdx-large-online+cufftdx-online-shared,12,8,256,128,16,16,recurrence,direct-strided,Tesla V100-SXM2-16GB,7.0,fft,fp32,forward,none,in-place,online-reorder,cufftdx-block,20,1048576,8,100,50,0.655831,12790805465.711050,0.001355,1
fft18-fp32_b2_p8s10_t512x512_e16x16_rec,fft18-fp32-batch2,2,fft18-fp32_b2_p8s10_t512x512_e16x16_rec,0,81804.82522882584,fft18-fp32,2,8x10,512x512,16x16,recurrence,direct-strided,cufftdx-online-shared+cufftdx-online-shared,8,10,512,512,16,16,recurrence,direct-strided,Tesla V100-SXM2-16GB,7.0,fft,fp32,forward,none,in-place,online-reorder,cufftdx-block,18,262144,2,100,50,0.041595,12604627787.881304,0.000593,1
fft20-fp32_b2_p12s8_t256x128_e16x16_rec,fft20-fp32-batch2,3,fft20-fp32_b2_p12s8_t256x128_e16x16_rec,0,298317.9249153033,fft20-fp32,2,12x8,256x128,16x16,recurrence,direct-strided,cufftdx-large-online+cufftdx-online-shared,12,8,256,128,16,16,recurrence,direct-strided,Tesla V100-SXM2-16GB,7.0,fft,fp32,forward,none,in-place,online-reorder,cufftdx-block,20,1048576,2,100,50,0.181228,11571929976.103218,0.001315,1
fft20-fp32_b2_cufft,fft20-fp32-batch2,2,cuFFT,1,0.0,fft20-fp32,0,,,,,,vendor-baseline,0,0,0,0,0,0,none,none,Tesla V100-SXM2-16GB,7.0,fft,fp32,forward,none,in-place,cufft,scalar,20,1048576,2,100,50,0.123556,16973313571.624226,0.002033,1
fft20-fp32_b16_p10s10_t512x512_e8x8_rec,fft20-fp32-batch16,1,fft20-fp32_b16_p10s10_t512x512_e8x8_rec,0,4773086.798644853,fft20-fp32,2,10x10,512x512,8x8,recurrence,direct-strided,cufftdx-online-shared+cufftdx-online-shared,10,10,512,512,8,8,recurrence,direct-strided,Tesla V100-SXM2-16GB,7.0,fft,fp32,forward,none,in-place,online-reorder,cufftdx-block,20,1048576,16,100,50,0.926618,18105868779.166531,0.001466,1
fft20-fp32_b8_p11s9_t256x128_e8x16_rec,fft20-fp32-batch8,3,fft20-fp32_b8_p11s9_t256x128_e8x16_rec,0,2036031.205695221,fft20-fp32,2,11x9,256x128,8x16,recurrence,direct-strided,cufftdx-large-online+cufftdx-online-shared,11,9,256,128,8,16,recurrence,direct-strided,Tesla V100-SXM2-16GB,7.0,fft,fp32,forward,none,in-place,online-reorder,cufftdx-block,20,1048576,8,100,50,0.675840,12412120841.510597,0.001587,1
fft18-fp32_b16_p9s9_t128x128_e16x16_rec,fft18-fp32-batch16,2,fft18-fp32_b16_p9s9_t128x128_e16x16_rec,0,596635.8498306066,fft18-fp32,2,9x9,128x128,16x16,recurrence,direct-strided,cufftdx-online-shared+cufftdx-online-shared,9,9,128,128,16,16,recurrence,direct-strided,Tesla V100-SXM2-16GB,7.0,fft,fp32,forward,none,in-place,online-reorder,cufftdx-block,18,262144,16,100,50,0.220467,19024615966.705112,0.000916,1
fft20-fp32_b8_p10s10_t128x128_e16x16_rec,fft20-fp32-batch8,3,fft20-fp32_b8_p10s10_t128x128_e16x16_rec,0,1193271.6996612132,fft20-fp32,2,10x10,128x128,16x16,recurrence,direct-strided,cufftdx-online-shared+cufftdx-online-shared,10,10,128,128,16,16,recurrence,direct-strided,Tesla V100-SXM2-16GB,7.0,fft,fp32,forward,none,in-place,online-reorder,cufftdx-block,20,1048576,8,100,50,0.466207,17993323577.335499,0.001451,1
fft18-fp32_b2_p9s9_t512x512_e16x16_rec,fft18-fp32-batch2,2,fft18-fp32_b2_p9s9_t512x512_e16x16_rec,0,81804.82522882584,fft18-fp32,2,9x9,512x512,16x16,recurrence,direct-strided,cufftdx-online-shared+cufftdx-online-shared,9,9,512,512,16,16,recurrence,direct-strided,Tesla V100-SXM2-16GB,7.0,fft,fp32,forward,none,in-place,online-reorder,cufftdx-block,18,262144,2,100,50,0.045486,11526340078.090260,0.000725,1
fft20-fp32_b8_p9s11_t128x256_e16x8_rec,fft20-fp32-batch8,2,fft20-fp32_b8_p9s11_t128x256_e16x8_rec,0,1783085.6107115808,fft20-fp32,2,9x11,128x256,16x8,recurrence,direct-strided,cufftdx-online-shared+cufftdx-large-online,9,11,128,256,16,8,recurrence,direct-strided,Tesla V100-SXM2-16GB,7.0,fft,fp32,forward,none,in-place,online-reorder,cufftdx-block,20,1048576,8,100,50,0.579461,14476566537.728359,0.001716,1
fft18-fp32_b16_cufft,fft18-fp32-batch16,3,cuFFT,1,0.0,fft18-fp32,0,,,,,,vendor-baseline,0,0,0,0,0,0,none,none,Tesla V100-SXM2-16GB,7.0,fft,fp32,forward,none,in-place,cufft,scalar,18,262144,16,100,50,0.211067,19871920034.685123,0.000601,1
fft20-fp32_b2_p8s12_t128x256_e16x16_rec,fft20-fp32-batch2,3,fft20-fp32_b2_p8s12_t128x256_e16x16_rec,0,298317.9249153033,fft20-fp32,2,8x12,128x256,16x16,recurrence,direct-strided,cufftdx-online-shared+cufftdx-large-online,8,12,128,256,16,16,recurrence,direct-strided,Tesla V100-SXM2-16GB,7.0,fft,fp32,forward,none,in-place,online-reorder,cufftdx-block,20,1048576,2,100,50,0.196710,10661114391.566525,0.001274,1
fft18-fp32_b16_p9s9_t256x256_e8x8_rec,fft18-fp32-batch16,2,fft18-fp32_b16_p9s9_t256x256_e8x8_rec,0,1193271.6996612132,fft18-fp32,2,9x9,256x256,8x8,recurrence,direct-strided,cufftdx-online-shared+cufftdx-online-shared,9,9,256,256,8,8,recurrence,direct-strided,Tesla V100-SXM2-16GB,7.0,fft,fp32,forward,none,in-place,online-reorder,cufftdx-block,18,262144,16,100,50,0.205373,20422816491.512276,0.000629,1
fft18-fp32_b2_p8s10_t512x512_e16x16_rec,fft18-fp32-batch2,3,fft18-fp32_b2_p8s10_t512x512_e16x16_rec,0,81804.82522882584,fft18-fp32,2,8x10,512x512,16x16,recurrence,direct-strided,cufftdx-online-shared+cufftdx-online-shared,8,10,512,512,16,16,recurrence,direct-strided,Tesla V100-SXM2-16GB,7.0,fft,fp32,forward,none,in-place,online-reorder,cufftdx-block,18,262144,2,100,50,0.041636,12592227892.016632,0.000593,1
fft20-fp32_b8_p10s10_t128x128_e16x16_rec,fft20-fp32-batch8,1,fft20-fp32_b8_p10s10_t128x128_e16x16_rec,0,1193271.6996612132,fft20-fp32,2,10x10,128x128,16x16,recurrence,direct-strided,cufftdx-online-shared+cufftdx-online-shared,10,10,128,128,16,16,recurrence,direct-strided,Tesla V100-SXM2-16GB,7.0,fft,fp32,forward,none,in-place,online-reorder,cufftdx-block,20,1048576,8,100,50,0.466104,17997275469.665531,0.001451,1
fft20-fp32_b2_p9s11_t128x256_e16x8_rec,fft20-fp32-batch2,1,fft20-fp32_b2_p9s11_t128x256_e16x8_rec,0,445771.4026778952,fft20-fp32,2,9x11,128x256,16x8,recurrence,direct-strided,cufftdx-online-shared+cufftdx-large-online,9,11,128,256,16,8,recurrence,direct-strided,Tesla V100-SXM2-16GB,7.0,fft,fp32,forward,none,in-place,online-reorder,cufftdx-block,20,1048576,2,100,50,0.169226,12392593189.387545,0.001638,1
fft20-fp32_b16_p12s8_t256x128_e16x16_rec,fft20-fp32-batch16,1,fft20-fp32_b16_p12s8_t256x128_e16x16_rec,0,2386543.3993224264,fft20-fp32,2,12x8,256x128,16x16,recurrence,direct-strided,cufftdx-large-online+cufftdx-online-shared,12,8,256,128,16,16,recurrence,direct-strided,Tesla V100-SXM2-16GB,7.0,fft,fp32,forward,none,in-place,online-reorder,cufftdx-block,20,1048576,16,100,50,1.314959,12758733016.827703,0.001377,1
fft20-fp32_b16_p8s12_t128x256_e16x16_rec,fft20-fp32-batch16,1,fft20-fp32_b16_p8s12_t128x256_e16x16_rec,0,2386543.3993224264,fft20-fp32,2,8x12,128x256,16x16,recurrence,direct-strided,cufftdx-online-shared+cufftdx-large-online,8,12,128,256,16,16,recurrence,direct-strided,Tesla V100-SXM2-16GB,7.0,fft,fp32,forward,none,in-place,online-reorder,cufftdx-block,20,1048576,16,100,50,1.722040,9742638452.107611,0.001339,1
fft20-fp32_b2_p12s8_t256x128_e16x16_rec,fft20-fp32-batch2,2,fft20-fp32_b2_p12s8_t256x128_e16x16_rec,0,298317.9249153033,fft20-fp32,2,12x8,256x128,16x16,recurrence,direct-strided,cufftdx-large-online+cufftdx-online-shared,12,8,256,128,16,16,recurrence,direct-strided,Tesla V100-SXM2-16GB,7.0,fft,fp32,forward,none,in-place,online-reorder,cufftdx-block,20,1048576,2,100,50,0.181862,11531531596.077833,0.001315,1
fft18-fp32_b64_p9s9_t128x128_e16x16_rec,fft18-fp32-batch64,3,fft18-fp32_b64_p9s9_t128x128_e16x16_rec,0,2386543.3993224264,fft18-fp32,2,9x9,128x128,16x16,recurrence,direct-strided,cufftdx-online-shared+cufftdx-online-shared,9,9,128,128,16,16,recurrence,direct-strided,Tesla V100-SXM2-16GB,7.0,fft,fp32,forward,none,in-place,online-reorder,cufftdx-block,18,262144,64,100,50,0.910377,18428866971.143589,0.000984,1
fft20-fp32_b2_p9s11_t128x256_e16x8_rec,fft20-fp32-batch2,2,fft20-fp32_b2_p9s11_t128x256_e16x8_rec,0,445771.4026778952,fft20-fp32,2,9x11,128x256,16x8,recurrence,direct-strided,cufftdx-online-shared+cufftdx-large-online,9,11,128,256,16,8,recurrence,direct-strided,Tesla V100-SXM2-16GB,7.0,fft,fp32,forward,none,in-place,online-reorder,cufftdx-block,20,1048576,2,100,50,0.168673,12433219139.736277,0.001638,1
fft20-fp32_b16_p11s9_t256x128_e8x16_rec,fft20-fp32-batch16,1,fft20-fp32_b16_p11s9_t256x128_e8x16_rec,0,4072062.411390442,fft20-fp32,2,11x9,256x128,8x16,recurrence,direct-strided,cufftdx-large-online+cufftdx-online-shared,11,9,256,128,8,16,recurrence,direct-strided,Tesla V100-SXM2-16GB,7.0,fft,fp32,forward,none,in-place,online-reorder,cufftdx-block,20,1048576,16,100,50,1.370194,12244409558.651194,0.001713,1
fft18-fp32_b64_p10s8_t128x128_e16x16_rec,fft18-fp32-batch64,2,fft18-fp32_b64_p10s8_t128x128_e16x16_rec,0,2386543.3993224264,fft18-fp32,2,10x8,128x128,16x16,recurrence,direct-strided,cufftdx-online-shared+cufftdx-online-shared,10,8,128,128,16,16,recurrence,direct-strided,Tesla V100-SXM2-16GB,7.0,fft,fp32,forward,none,in-place,online-reorder,cufftdx-block,18,262144,64,100,50,0.860877,19488521501.222866,0.000739,1
fft18-fp32_b16_p9s9_t128x128_e16x16_rec,fft18-fp32-batch16,1,fft18-fp32_b16_p9s9_t128x128_e16x16_rec,0,596635.8498306066,fft18-fp32,2,9x9,128x128,16x16,recurrence,direct-strided,cufftdx-online-shared+cufftdx-online-shared,9,9,128,128,16,16,recurrence,direct-strided,Tesla V100-SXM2-16GB,7.0,fft,fp32,forward,none,in-place,online-reorder,cufftdx-block,18,262144,16,100,50,0.228188,18380901330.037231,0.000916,1
fft18-fp32_b16_p9s9_t256x256_e8x8_rec,fft18-fp32-batch16,3,fft18-fp32_b16_p9s9_t256x256_e8x8_rec,0,1193271.6996612132,fft18-fp32,2,9x9,256x256,8x8,recurrence,direct-strided,cufftdx-online-shared+cufftdx-online-shared,9,9,256,256,8,8,recurrence,direct-strided,Tesla V100-SXM2-16GB,7.0,fft,fp32,forward,none,in-place,online-reorder,cufftdx-block,18,262144,16,100,50,0.212255,19760710341.741566,0.000629,1
fft20-fp32_b2_p8s12_t128x256_e16x16_rec,fft20-fp32-batch2,1,fft20-fp32_b2_p8s12_t128x256_e16x16_rec,0,298317.9249153033,fft20-fp32,2,8x12,128x256,16x16,recurrence,direct-strided,cufftdx-online-shared+cufftdx-large-online,8,12,128,256,16,16,recurrence,direct-strided,Tesla V100-SXM2-16GB,7.0,fft,fp32,forward,none,in-place,online-reorder,cufftdx-block,20,1048576,2,100,50,0.212234,9881308326.778183,0.001274,1
fft18-fp32_b64_cufft,fft18-fp32-batch64,2,cuFFT,1,0.0,fft18-fp32,0,,,,,,vendor-baseline,0,0,0,0,0,0,none,none,Tesla V100-SXM2-16GB,7.0,fft,fp32,forward,none,in-place,cufft,scalar,18,262144,64,100,50,0.749076,22397200181.505543,0.000678,1
fft18-fp32_b16_p10s8_t128x128_e16x16_rec,fft18-fp32-batch16,2,fft18-fp32_b16_p10s8_t128x128_e16x16_rec,0,596635.8498306066,fft18-fp32,2,10x8,128x128,16x16,recurrence,direct-strided,cufftdx-online-shared+cufftdx-online-shared,10,8,128,128,16,16,recurrence,direct-strided,Tesla V100-SXM2-16GB,7.0,fft,fp32,forward,none,in-place,online-reorder,cufftdx-block,18,262144,16,100,50,0.243384,17233255039.684765,0.000671,1
fft20-fp32_b8_p10s10_t512x512_e8x8_rec,fft20-fp32-batch8,3,fft20-fp32_b8_p10s10_t512x512_e8x8_rec,0,2386543.3993224264,fft20-fp32,2,10x10,512x512,8x8,recurrence,direct-strided,cufftdx-online-shared+cufftdx-online-shared,10,10,512,512,8,8,recurrence,direct-strided,Tesla V100-SXM2-16GB,7.0,fft,fp32,forward,none,in-place,online-reorder,cufftdx-block,20,1048576,8,100,50,0.456458,18377602267.106907,0.001485,1
fft20-fp32_b16_p10s10_t128x128_e16x16_rec,fft20-fp32-batch16,3,fft20-fp32_b16_p10s10_t128x128_e16x16_rec,0,2386543.3993224264,fft20-fp32,2,10x10,128x128,16x16,recurrence,direct-strided,cufftdx-online-shared+cufftdx-online-shared,10,10,128,128,16,16,recurrence,direct-strided,Tesla V100-SXM2-16GB,7.0,fft,fp32,forward,none,in-place,online-reorder,cufftdx-block,20,1048576,16,100,50,0.897208,18699353742.751347,0.001451,1
fft20-fp32_b16_p9s11_t128x256_e16x8_rec,fft20-fp32-batch16,1,fft20-fp32_b16_p9s11_t128x256_e16x8_rec,0,3566171.2214231617,fft20-fp32,2,9x11,128x256,16x8,recurrence,direct-strided,cufftdx-online-shared+cufftdx-large-online,9,11,128,256,16,8,recurrence,direct-strided,Tesla V100-SXM2-16GB,7.0,fft,fp32,forward,none,in-place,online-reorder,cufftdx-block,20,1048576,16,100,50,1.132995,14807852568.996576,0.001748,1
fft18-fp32_b2_cufft,fft18-fp32-batch2,2,cuFFT,1,0.0,fft18-fp32,0,,,,,,vendor-baseline,0,0,0,0,0,0,none,none,Tesla V100-SXM2-16GB,7.0,fft,fp32,forward,none,in-place,cufft,scalar,18,262144,2,100,50,0.028037,18699781090.844635,0.000583,1
fft18-fp32_b2_p10s8_t512x512_e16x16_rec,fft18-fp32-batch2,1,fft18-fp32_b2_p10s8_t512x512_e16x16_rec,0,81804.82522882584,fft18-fp32,2,10x8,512x512,16x16,recurrence,direct-strided,cufftdx-online-shared+cufftdx-online-shared,10,8,512,512,16,16,recurrence,direct-strided,Tesla V100-SXM2-16GB,7.0,fft,fp32,forward,none,in-place,online-reorder,cufftdx-block,18,262144,2,100,50,0.038728,13537811255.969238,0.000637,1
fft18-fp32_b64_p10s8_t128x128_e16x16_rec,fft18-fp32-batch64,1,fft18-fp32_b64_p10s8_t128x128_e16x16_rec,0,2386543.3993224264,fft18-fp32,2,10x8,128x128,16x16,recurrence,direct-strided,cufftdx-online-shared+cufftdx-online-shared,10,8,128,128,16,16,recurrence,direct-strided,Tesla V100-SXM2-16GB,7.0,fft,fp32,forward,none,in-place,online-reorder,cufftdx-block,18,262144,64,100,50,0.861348,19477864930.391479,0.000739,1
fft20-fp32_b2_p10s10_t512x512_e8x8_rec,fft20-fp32-batch2,2,fft20-fp32_b2_p10s10_t512x512_e8x8_rec,0,596635.8498306066,fft20-fp32,2,10x10,512x512,8x8,recurrence,direct-strided,cufftdx-online-shared+cufftdx-online-shared,10,10,512,512,8,8,recurrence,direct-strided,Tesla V100-SXM2-16GB,7.0,fft,fp32,forward,none,in-place,online-reorder,cufftdx-block,20,1048576,2,100,50,0.128942,16264295750.050962,0.001288,1
fft20-fp32_b2_p10s10_t128x128_e16x16_rec,fft20-fp32-batch2,1,fft20-fp32_b2_p10s10_t128x128_e16x16_rec,0,298317.9249153033,fft20-fp32,2,10x10,128x128,16x16,recurrence,direct-strided,cufftdx-online-shared+cufftdx-online-shared,10,10,128,128,16,16,recurrence,direct-strided,Tesla V100-SXM2-16GB,7.0,fft,fp32,forward,none,in-place,online-reorder,cufftdx-block,20,1048576,2,100,50,0.156508,13399633379.652552,0.001320,1
fft18-fp32_b2_p9s9_t512x512_e16x16_rec,fft18-fp32-batch2,3,fft18-fp32_b2_p9s9_t512x512_e16x16_rec,0,81804.82522882584,fft18-fp32,2,9x9,512x512,16x16,recurrence,direct-strided,cufftdx-online-shared+cufftdx-online-shared,9,9,512,512,16,16,recurrence,direct-strided,Tesla V100-SXM2-16GB,7.0,fft,fp32,forward,none,in-place,online-reorder,cufftdx-block,18,262144,2,100,50,0.045404,11547136142.239889,0.000725,1
fft20-fp32_b2_p10s10_t512x512_e8x8_rec,fft20-fp32-batch2,1,fft20-fp32_b2_p10s10_t512x512_e8x8_rec,0,596635.8498306066,fft20-fp32,2,10x10,512x512,8x8,recurrence,direct-strided,cufftdx-online-shared+cufftdx-online-shared,10,10,512,512,8,8,recurrence,direct-strided,Tesla V100-SXM2-16GB,7.0,fft,fp32,forward,none,in-place,online-reorder,cufftdx-block,20,1048576,2,100,50,0.128799,16282397430.325737,0.001288,1
fft20-fp32_b16_p10s10_t256x128_e16x16_rec,fft20-fp32-batch16,3,fft20-fp32_b16_p10s10_t256x128_e16x16_rec,0,2386543.3993224264,fft20-fp32,2,10x10,256x128,16x16,recurrence,direct-strided,cufftdx-online-shared+cufftdx-online-shared,10,10,256,128,16,16,recurrence,direct-strided,Tesla V100-SXM2-16GB,7.0,fft,fp32,forward,none,in-place,online-reorder,cufftdx-block,20,1048576,16,100,50,0.888463,18883407483.448952,0.001451,1
fft20-fp32_b8_p10s10_t256x128_e16x16_rec,fft20-fp32-batch8,2,fft20-fp32_b8_p10s10_t256x128_e16x16_rec,0,1193271.6996612132,fft20-fp32,2,10x10,256x128,16x16,recurrence,direct-strided,cufftdx-online-shared+cufftdx-online-shared,10,10,256,128,16,16,recurrence,direct-strided,Tesla V100-SXM2-16GB,7.0,fft,fp32,forward,none,in-place,online-reorder,cufftdx-block,20,1048576,8,100,50,0.474644,17673455219.058941,0.001451,1
fft20-fp32_b2_p10s10_t256x128_e16x16_rec,fft20-fp32-batch2,3,fft20-fp32_b2_p10s10_t256x128_e16x16_rec,0,298317.9249153033,fft20-fp32,2,10x10,256x128,16x16,recurrence,direct-strided,cufftdx-online-shared+cufftdx-online-shared,10,10,256,128,16,16,recurrence,direct-strided,Tesla V100-SXM2-16GB,7.0,fft,fp32,forward,none,in-place,online-reorder,cufftdx-block,20,1048576,2,100,50,0.137032,15304140516.497099,0.001320,1
fft20-fp32_b2_p10s10_t256x128_e16x16_rec,fft20-fp32-batch2,2,fft20-fp32_b2_p10s10_t256x128_e16x16_rec,0,298317.9249153033,fft20-fp32,2,10x10,256x128,16x16,recurrence,direct-strided,cufftdx-online-shared+cufftdx-online-shared,10,10,256,128,16,16,recurrence,direct-strided,Tesla V100-SXM2-16GB,7.0,fft,fp32,forward,none,in-place,online-reorder,cufftdx-block,20,1048576,2,100,50,0.136704,15340824211.261984,0.001320,1
fft20-fp32_b16_p10s10_t256x128_e16x16_rec,fft20-fp32-batch16,1,fft20-fp32_b16_p10s10_t256x128_e16x16_rec,0,2386543.3993224264,fft20-fp32,2,10x10,256x128,16x16,recurrence,direct-strided,cufftdx-online-shared+cufftdx-online-shared,10,10,256,128,16,16,recurrence,direct-strided,Tesla V100-SXM2-16GB,7.0,fft,fp32,forward,none,in-place,online-reorder,cufftdx-block,20,1048576,16,100,50,0.883835,18982296387.038044,0.001451,1
fft20-fp32_b8_p10s10_t256x128_e16x16_rec,fft20-fp32-batch8,1,fft20-fp32_b8_p10s10_t256x128_e16x16_rec,0,1193271.6996612132,fft20-fp32,2,10x10,256x128,16x16,recurrence,direct-strided,cufftdx-online-shared+cufftdx-online-shared,10,10,256,128,16,16,recurrence,direct-strided,Tesla V100-SXM2-16GB,7.0,fft,fp32,forward,none,in-place,online-reorder,cufftdx-block,20,1048576,8,100,50,0.450109,18636818139.576687,0.001451,1
fft20-fp32_b8_p10s10_t256x128_e16x16_rec,fft20-fp32-batch8,3,fft20-fp32_b8_p10s10_t256x128_e16x16_rec,0,1193271.6996612132,fft20-fp32,2,10x10,256x128,16x16,recurrence,direct-strided,cufftdx-online-shared+cufftdx-online-shared,10,10,256,128,16,16,recurrence,direct-strided,Tesla V100-SXM2-16GB,7.0,fft,fp32,forward,none,in-place,online-reorder,cufftdx-block,20,1048576,8,100,50,0.449864,18647000229.922119,0.001451,1
fft20-fp32_b2_p10s10_t256x128_e16x16_rec,fft20-fp32-batch2,1,fft20-fp32_b2_p10s10_t256x128_e16x16_rec,0,298317.9249153033,fft20-fp32,2,10x10,256x128,16x16,recurrence,direct-strided,cufftdx-online-shared+cufftdx-online-shared,10,10,256,128,16,16,recurrence,direct-strided,Tesla V100-SXM2-16GB,7.0,fft,fp32,forward,none,in-place,online-reorder,cufftdx-block,20,1048576,2,100,50,0.134205,15626431719.949450,0.001320,1
fft20-fp32_b16_p10s10_t256x128_e16x16_rec,fft20-fp32-batch16,2,fft20-fp32_b16_p10s10_t256x128_e16x16_rec,0,2386543.3993224264,fft20-fp32,2,10x10,256x128,16x16,recurrence,direct-strided,cufftdx-online-shared+cufftdx-online-shared,10,10,256,128,16,16,recurrence,direct-strided,Tesla V100-SXM2-16GB,7.0,fft,fp32,forward,none,in-place,online-reorder,cufftdx-block,20,1048576,16,100,50,0.871465,19251738877.979771,0.001451,1
fft20-fp32_b8_p8s12_t128x256_e16x16_rec_tx,fft20-fp32-batch8,1,fft20-fp32_b8_p8s12_t128x256_e16x16_rec_tx,0,1193271.6996612132,fft20-fp32,2,8x12,128x256,16x16,recurrence,tiled-transpose,cufftdx-online-shared+cufftdx-large-online,8,12,128,256,16,16,recurrence,tiled-transpose,Tesla V100-SXM2-16GB,7.0,fft,fp32,forward,none,in-place,online-reorder,cufftdx-block,20,1048576,8,100,50,0.611983,13707248536.342630,0.001371,1
fft20-fp32_b16_p8s12_t128x256_e16x16_rec_tx,fft20-fp32-batch16,3,fft20-fp32_b16_p8s12_t128x256_e16x16_rec_tx,0,2386543.3993224264,fft20-fp32,2,8x12,128x256,16x16,recurrence,tiled-transpose,cufftdx-online-shared+cufftdx-large-online,8,12,128,256,16,16,recurrence,tiled-transpose,Tesla V100-SXM2-16GB,7.0,fft,fp32,forward,none,in-place,online-reorder,cufftdx-block,20,1048576,16,100,50,1.202012,13957608967.078634,0.001339,1
fft20-fp32_b8_p8s12_t128x256_e16x16_rec_tx,fft20-fp32-batch8,2,fft20-fp32_b8_p8s12_t128x256_e16x16_rec_tx,0,1193271.6996612132,fft20-fp32,2,8x12,128x256,16x16,recurrence,tiled-transpose,cufftdx-online-shared+cufftdx-large-online,8,12,128,256,16,16,recurrence,tiled-transpose,Tesla V100-SXM2-16GB,7.0,fft,fp32,forward,none,in-place,online-reorder,cufftdx-block,20,1048576,8,100,50,0.611820,13710919514.601795,0.001371,1
fft20-fp32_b2_p8s12_t128x256_e16x16_rec_tx,fft20-fp32-batch2,3,fft20-fp32_b2_p8s12_t128x256_e16x16_rec_tx,0,298317.9249153033,fft20-fp32,2,8x12,128x256,16x16,recurrence,tiled-transpose,cufftdx-online-shared+cufftdx-large-online,8,12,128,256,16,16,recurrence,tiled-transpose,Tesla V100-SXM2-16GB,7.0,fft,fp32,forward,none,in-place,online-reorder,cufftdx-block,20,1048576,2,100,50,0.170086,12329921826.631407,0.001274,1
fft20-fp32_b2_p8s12_t128x256_e16x16_rec_tx,fft20-fp32-batch2,1,fft20-fp32_b2_p8s12_t128x256_e16x16_rec_tx,0,298317.9249153033,fft20-fp32,2,8x12,128x256,16x16,recurrence,tiled-transpose,cufftdx-online-shared+cufftdx-large-online,8,12,128,256,16,16,recurrence,tiled-transpose,Tesla V100-SXM2-16GB,7.0,fft,fp32,forward,none,in-place,online-reorder,cufftdx-block,20,1048576,2,100,50,0.170271,12316574012.591415,0.001274,1
fft20-fp32_b16_p8s12_t128x256_e16x16_rec_tx,fft20-fp32-batch16,2,fft20-fp32_b16_p8s12_t128x256_e16x16_rec_tx,0,2386543.3993224264,fft20-fp32,2,8x12,128x256,16x16,recurrence,tiled-transpose,cufftdx-online-shared+cufftdx-large-online,8,12,128,256,16,16,recurrence,tiled-transpose,Tesla V100-SXM2-16GB,7.0,fft,fp32,forward,none,in-place,online-reorder,cufftdx-block,20,1048576,16,100,50,1.201418,13964508673.532358,0.001339,1
fft20-fp32_b8_p8s12_t128x256_e16x16_rec_tx,fft20-fp32-batch8,3,fft20-fp32_b8_p8s12_t128x256_e16x16_rec_tx,0,1193271.6996612132,fft20-fp32,2,8x12,128x256,16x16,recurrence,tiled-transpose,cufftdx-online-shared+cufftdx-large-online,8,12,128,256,16,16,recurrence,tiled-transpose,Tesla V100-SXM2-16GB,7.0,fft,fp32,forward,none,in-place,online-reorder,cufftdx-block,20,1048576,8,100,50,0.611656,13714591123.198479,0.001371,1
fft20-fp32_b16_p8s12_t128x256_e16x16_rec_tx,fft20-fp32-batch16,1,fft20-fp32_b16_p8s12_t128x256_e16x16_rec_tx,0,2386543.3993224264,fft20-fp32,2,8x12,128x256,16x16,recurrence,tiled-transpose,cufftdx-online-shared+cufftdx-large-online,8,12,128,256,16,16,recurrence,tiled-transpose,Tesla V100-SXM2-16GB,7.0,fft,fp32,forward,none,in-place,online-reorder,cufftdx-block,20,1048576,16,100,50,1.200947,13969986758.881210,0.001339,1
fft20-fp32_b2_p8s12_t128x256_e16x16_rec_tx,fft20-fp32-batch2,2,fft20-fp32_b2_p8s12_t128x256_e16x16_rec_tx,0,298317.9249153033,fft20-fp32,2,8x12,128x256,16x16,recurrence,tiled-transpose,cufftdx-online-shared+cufftdx-large-online,8,12,128,256,16,16,recurrence,tiled-transpose,Tesla V100-SXM2-16GB,7.0,fft,fp32,forward,none,in-place,online-reorder,cufftdx-block,20,1048576,2,100,50,0.170701,12285542646.785393,0.001274,1
fft20-fp32_b8_p12s8_t256x128_e16x16_rec_ptx,fft20-fp32-batch8,1,fft20-fp32_b8_p12s8_t256x128_e16x16_rec_ptx,0,1193271.6996612132,fft20-fp32,2,12x8,256x128,16x16,recurrence,prefix-tiled-transpose,cufftdx-large-online+cufftdx-online-shared,12,8,256,128,16,16,recurrence,prefix-tiled-transpose,Tesla V100-SXM2-16GB,7.0,fft,fp32,forward,none,in-place,online-reorder,cufftdx-block,20,1048576,8,100,50,0.861737,9734533708.989103,0.001355,1
fft20-fp32_b16_p12s8_t256x128_e16x16_rec_ptx,fft20-fp32-batch16,3,fft20-fp32_b16_p12s8_t256x128_e16x16_rec_ptx,0,2386543.3993224264,fft20-fp32,2,12x8,256x128,16x16,recurrence,prefix-tiled-transpose,cufftdx-large-online+cufftdx-online-shared,12,8,256,128,16,16,recurrence,prefix-tiled-transpose,Tesla V100-SXM2-16GB,7.0,fft,fp32,forward,none,in-place,online-reorder,cufftdx-block,20,1048576,16,100,50,1.990226,8429804325.819130,0.001377,1
fft20-fp32_b8_p12s8_t256x128_e16x16_rec_ptx,fft20-fp32-batch8,2,fft20-fp32_b8_p12s8_t256x128_e16x16_rec_ptx,0,1193271.6996612132,fft20-fp32,2,12x8,256x128,16x16,recurrence,prefix-tiled-transpose,cufftdx-large-online+cufftdx-online-shared,12,8,256,128,16,16,recurrence,prefix-tiled-transpose,Tesla V100-SXM2-16GB,7.0,fft,fp32,forward,none,in-place,online-reorder,cufftdx-block,20,1048576,8,100,50,0.856842,9790142481.693623,0.001355,1
fft20-fp32_b2_p12s8_t256x128_e16x16_rec_ptx,fft20-fp32-batch2,3,fft20-fp32_b2_p12s8_t256x128_e16x16_rec_ptx,0,298317.9249153033,fft20-fp32,2,12x8,256x128,16x16,recurrence,prefix-tiled-transpose,cufftdx-large-online+cufftdx-online-shared,12,8,256,128,16,16,recurrence,prefix-tiled-transpose,Tesla V100-SXM2-16GB,7.0,fft,fp32,forward,none,in-place,online-reorder,cufftdx-block,20,1048576,2,100,50,0.213094,9841421779.742336,0.001315,1
fft20-fp32_b2_p12s8_t256x128_e16x16_rec_ptx,fft20-fp32-batch2,1,fft20-fp32_b2_p12s8_t256x128_e16x16_rec_ptx,0,298317.9249153033,fft20-fp32,2,12x8,256x128,16x16,recurrence,prefix-tiled-transpose,cufftdx-large-online+cufftdx-online-shared,12,8,256,128,16,16,recurrence,prefix-tiled-transpose,Tesla V100-SXM2-16GB,7.0,fft,fp32,forward,none,in-place,online-reorder,cufftdx-block,20,1048576,2,100,50,0.215347,9738468825.433344,0.001315,1
fft20-fp32_b16_p12s8_t256x128_e16x16_rec_ptx,fft20-fp32-batch16,2,fft20-fp32_b16_p12s8_t256x128_e16x16_rec_ptx,0,2386543.3993224264,fft20-fp32,2,12x8,256x128,16x16,recurrence,prefix-tiled-transpose,cufftdx-large-online+cufftdx-online-shared,12,8,256,128,16,16,recurrence,prefix-tiled-transpose,Tesla V100-SXM2-16GB,7.0,fft,fp32,forward,none,in-place,online-reorder,cufftdx-block,20,1048576,16,100,50,1.944105,8629789428.848341,0.001377,1
fft20-fp32_b8_p12s8_t256x128_e16x16_rec_ptx,fft20-fp32-batch8,3,fft20-fp32_b8_p12s8_t256x128_e16x16_rec_ptx,0,1193271.6996612132,fft20-fp32,2,12x8,256x128,16x16,recurrence,prefix-tiled-transpose,cufftdx-large-online+cufftdx-online-shared,12,8,256,128,16,16,recurrence,prefix-tiled-transpose,Tesla V100-SXM2-16GB,7.0,fft,fp32,forward,none,in-place,online-reorder,cufftdx-block,20,1048576,8,100,50,0.816742,10270812183.333693,0.001355,1
fft20-fp32_b16_p12s8_t256x128_e16x16_rec_ptx,fft20-fp32-batch16,1,fft20-fp32_b16_p12s8_t256x128_e16x16_rec_ptx,0,2386543.3993224264,fft20-fp32,2,12x8,256x128,16x16,recurrence,prefix-tiled-transpose,cufftdx-large-online+cufftdx-online-shared,12,8,256,128,16,16,recurrence,prefix-tiled-transpose,Tesla V100-SXM2-16GB,7.0,fft,fp32,forward,none,in-place,online-reorder,cufftdx-block,20,1048576,16,100,50,1.932104,8683392893.973288,0.001377,1
fft20-fp32_b2_p12s8_t256x128_e16x16_rec_ptx,fft20-fp32-batch2,2,fft20-fp32_b2_p12s8_t256x128_e16x16_rec_ptx,0,298317.9249153033,fft20-fp32,2,12x8,256x128,16x16,recurrence,prefix-tiled-transpose,cufftdx-large-online+cufftdx-online-shared,12,8,256,128,16,16,recurrence,prefix-tiled-transpose,Tesla V100-SXM2-16GB,7.0,fft,fp32,forward,none,in-place,online-reorder,cufftdx-block,20,1048576,2,100,50,0.213893,9804672061.538269,0.001315,1
fft18-fp32_b64_p6s12_t128x256_e16x16_rec,fft18-fp32-batch64,1,fft18-fp32_b64_p6s12_t128x256_e16x16_rec,0,2386543.3993224264,fft18-fp32,2,6x12,128x256,16x16,recurrence,direct-strided,cufftdx-online-shared+cufftdx-large-online,6,12,128,256,16,16,recurrence,direct-strided,Tesla V100-SXM2-16GB,7.0,fft,fp32,forward,none,in-place,online-reorder,cufftdx-block,18,262144,64,100,50,1.229906,13641055906.290844,0.000637,1
fft18-fp32_b64_p7s11_t128x256_e16x8_rec,fft18-fp32-batch64,1,fft18-fp32_b64_p7s11_t128x256_e16x8_rec,0,3566171.2214231617,fft18-fp32,2,7x11,128x256,16x8,recurrence,direct-strided,cufftdx-online-shared+cufftdx-large-online,7,11,128,256,16,8,recurrence,direct-strided,Tesla V100-SXM2-16GB,7.0,fft,fp32,forward,none,in-place,online-reorder,cufftdx-block,18,262144,64,100,50,1.244570,13480335050.380514,0.000672,1
fft18-fp32_b2_p7s11_t128x256_e16x8_rec,fft18-fp32-batch2,2,fft18-fp32_b2_p7s11_t128x256_e16x8_rec,0,135794.93600280714,fft18-fp32,2,7x11,128x256,16x8,recurrence,direct-strided,cufftdx-online-shared+cufftdx-large-online,7,11,128,256,16,8,recurrence,direct-strided,Tesla V100-SXM2-16GB,7.0,fft,fp32,forward,none,in-place,online-reorder,cufftdx-block,18,262144,2,100,50,0.045609,11495285113.750792,0.000682,1
fft18-fp32_b2_p6s12_t128x256_e16x16_rec_tx,fft18-fp32-batch2,1,fft18-fp32_b2_p6s12_t128x256_e16x16_rec_tx,0,91438.61722882584,fft18-fp32,2,6x12,128x256,16x16,recurrence,tiled-transpose,cufftdx-online-shared+cufftdx-large-online,6,12,128,256,16,16,recurrence,tiled-transpose,Tesla V100-SXM2-16GB,7.0,fft,fp32,forward,none,in-place,online-reorder,cufftdx-block,18,262144,2,100,50,0.036229,14471453315.550766,0.000549,1
fft18-fp32_b16_p12s6_t256x128_e16x16_rec,fft18-fp32-batch16,3,fft18-fp32_b16_p12s6_t256x128_e16x16_rec,0,596635.8498306066,fft18-fp32,2,12x6,256x128,16x16,recurrence,direct-strided,cufftdx-large-online+cufftdx-online-shared,12,6,256,128,16,16,recurrence,direct-strided,Tesla V100-SXM2-16GB,7.0,fft,fp32,forward,none,in-place,online-reorder,cufftdx-block,18,262144,16,100,50,0.336056,12480955504.105425,0.000675,1
fft18-fp32_b16_p11s7_t256x128_e8x16_rec,fft18-fp32-batch16,3,fft18-fp32_b16_p11s7_t256x128_e8x16_rec,0,1018015.6028476105,fft18-fp32,2,11x7,256x128,8x16,recurrence,direct-strided,cufftdx-large-online+cufftdx-online-shared,11,7,256,128,8,16,recurrence,direct-strided,Tesla V100-SXM2-16GB,7.0,fft,fp32,forward,none,in-place,online-reorder,cufftdx-block,18,262144,16,100,50,0.324792,12913802669.401302,0.000633,1
fft18-fp32_b64_p6s12_t128x256_e16x16_rec,fft18-fp32-batch64,3,fft18-fp32_b64_p6s12_t128x256_e16x16_rec,0,2386543.3993224264,fft18-fp32,2,6x12,128x256,16x16,recurrence,direct-strided,cufftdx-online-shared+cufftdx-large-online,6,12,128,256,16,16,recurrence,direct-strided,Tesla V100-SXM2-16GB,7.0,fft,fp32,forward,none,in-place,online-reorder,cufftdx-block,18,262144,64,100,50,1.200599,13974037093.849636,0.000637,1
fft18-fp32_b16_p11s7_t256x128_e8x16_rec,fft18-fp32-batch16,2,fft18-fp32_b16_p11s7_t256x128_e8x16_rec,0,1018015.6028476105,fft18-fp32,2,11x7,256x128,8x16,recurrence,direct-strided,cufftdx-large-online+cufftdx-online-shared,11,7,256,128,8,16,recurrence,direct-strided,Tesla V100-SXM2-16GB,7.0,fft,fp32,forward,none,in-place,online-reorder,cufftdx-block,18,262144,16,100,50,0.324588,12921950754.987030,0.000633,1
fft18-fp32_b2_p11s7_t256x128_e8x16_rec,fft18-fp32-batch2,2,fft18-fp32_b2_p11s7_t256x128_e8x16_rec,0,153477.27302261797,fft18-fp32,2,11x7,256x128,8x16,recurrence,direct-strided,cufftdx-large-online+cufftdx-online-shared,11,7,256,128,8,16,recurrence,direct-strided,Tesla V100-SXM2-16GB,7.0,fft,fp32,forward,none,in-place,online-reorder,cufftdx-block,18,262144,2,100,50,0.047206,11106290243.093365,0.000546,1
fft18-fp32_b64_p12s6_t256x128_e16x16_rec_ptx,fft18-fp32-batch64,3,fft18-fp32_b64_p12s6_t256x128_e16x16_rec_ptx,0,2386543.3993224264,fft18-fp32,2,12x6,256x128,16x16,recurrence,prefix-tiled-transpose,cufftdx-large-online+cufftdx-online-shared,12,6,256,128,16,16,recurrence,prefix-tiled-transpose,Tesla V100-SXM2-16GB,7.0,fft,fp32,forward,none,in-place,online-reorder,cufftdx-block,18,262144,64,100,50,1.397248,12007329460.955475,0.000793,1
fft18-fp32_b16_p12s6_t256x128_e16x16_rec_ptx,fft18-fp32-batch16,1,fft18-fp32_b16_p12s6_t256x128_e16x16_rec_ptx,0,596635.8498306066,fft18-fp32,2,12x6,256x128,16x16,recurrence,prefix-tiled-transpose,cufftdx-large-online+cufftdx-online-shared,12,6,256,128,16,16,recurrence,prefix-tiled-transpose,Tesla V100-SXM2-16GB,7.0,fft,fp32,forward,none,in-place,online-reorder,cufftdx-block,18,262144,16,100,50,0.371589,11287477826.481567,0.000675,1
fft18-fp32_b2_p12s6_t256x128_e16x16_rec,fft18-fp32-batch2,3,fft18-fp32_b2_p12s6_t256x128_e16x16_rec,0,91438.61722882584,fft18-fp32,2,12x6,256x128,16x16,recurrence,direct-strided,cufftdx-large-online+cufftdx-online-shared,12,6,256,128,16,16,recurrence,direct-strided,Tesla V100-SXM2-16GB,7.0,fft,fp32,forward,none,in-place,online-reorder,cufftdx-block,18,262144,2,100,50,0.052675,9953343372.805685,0.000579,1
fft18-fp32_b16_p12s6_t256x128_e16x16_rec_ptx,fft18-fp32-batch16,3,fft18-fp32_b16_p12s6_t256x128_e16x16_rec_ptx,0,596635.8498306066,fft18-fp32,2,12x6,256x128,16x16,recurrence,prefix-tiled-transpose,cufftdx-large-online+cufftdx-online-shared,12,6,256,128,16,16,recurrence,prefix-tiled-transpose,Tesla V100-SXM2-16GB,7.0,fft,fp32,forward,none,in-place,online-reorder,cufftdx-block,18,262144,16,100,50,0.371261,11297440190.315414,0.000675,1
fft18-fp32_b2_p12s6_t256x128_e16x16_rec_ptx,fft18-fp32-batch2,2,fft18-fp32_b2_p12s6_t256x128_e16x16_rec_ptx,0,91438.61722882584,fft18-fp32,2,12x6,256x128,16x16,recurrence,prefix-tiled-transpose,cufftdx-large-online+cufftdx-online-shared,12,6,256,128,16,16,recurrence,prefix-tiled-transpose,Tesla V100-SXM2-16GB,7.0,fft,fp32,forward,none,in-place,online-reorder,cufftdx-block,18,262144,2,100,50,0.056320,9309090836.383095,0.000579,1
fft18-fp32_b64_p12s6_t256x128_e16x16_rec_ptx,fft18-fp32-batch64,2,fft18-fp32_b64_p12s6_t256x128_e16x16_rec_ptx,0,2386543.3993224264,fft18-fp32,2,12x6,256x128,16x16,recurrence,prefix-tiled-transpose,cufftdx-large-online+cufftdx-online-shared,12,6,256,128,16,16,recurrence,prefix-tiled-transpose,Tesla V100-SXM2-16GB,7.0,fft,fp32,forward,none,in-place,online-reorder,cufftdx-block,18,262144,64,100,50,1.390674,12064089829.897757,0.000793,1
fft18-fp32_b64_p6s12_t128x256_e16x16_rec,fft18-fp32-batch64,2,fft18-fp32_b64_p6s12_t128x256_e16x16_rec,0,2386543.3993224264,fft18-fp32,2,6x12,128x256,16x16,recurrence,direct-strided,cufftdx-online-shared+cufftdx-large-online,6,12,128,256,16,16,recurrence,direct-strided,Tesla V100-SXM2-16GB,7.0,fft,fp32,forward,none,in-place,online-reorder,cufftdx-block,18,262144,64,100,50,1.192264,14071732356.286142,0.000637,1
fft18-fp32_b64_p12s6_t256x128_e16x16_rec,fft18-fp32-batch64,2,fft18-fp32_b64_p12s6_t256x128_e16x16_rec,0,2386543.3993224264,fft18-fp32,2,12x6,256x128,16x16,recurrence,direct-strided,cufftdx-large-online+cufftdx-online-shared,12,6,256,128,16,16,recurrence,direct-strided,Tesla V100-SXM2-16GB,7.0,fft,fp32,forward,none,in-place,online-reorder,cufftdx-block,18,262144,64,100,50,1.262858,13285113917.620819,0.000793,1
fft18-fp32_b64_p7s11_t128x256_e16x8_rec,fft18-fp32-batch64,3,fft18-fp32_b64_p7s11_t128x256_e16x8_rec,0,3566171.2214231617,fft18-fp32,2,7x11,128x256,16x8,recurrence,direct-strided,cufftdx-online-shared+cufftdx-large-online,7,11,128,256,16,8,recurrence,direct-strided,Tesla V100-SXM2-16GB,7.0,fft,fp32,forward,none,in-place,online-reorder,cufftdx-block,18,262144,64,100,50,1.132524,14814010885.063791,0.000672,1
fft18-fp32_b64_p12s6_t256x128_e16x16_rec,fft18-fp32-batch64,3,fft18-fp32_b64_p12s6_t256x128_e16x16_rec,0,2386543.3993224264,fft18-fp32,2,12x6,256x128,16x16,recurrence,direct-strided,cufftdx-large-online+cufftdx-online-shared,12,6,256,128,16,16,recurrence,direct-strided,Tesla V100-SXM2-16GB,7.0,fft,fp32,forward,none,in-place,online-reorder,cufftdx-block,18,262144,64,100,50,1.263800,13275210413.607248,0.000793,1
fft18-fp32_b16_p6s12_t128x256_e16x16_rec,fft18-fp32-batch16,3,fft18-fp32_b16_p6s12_t128x256_e16x16_rec,0,596635.8498306066,fft18-fp32,2,6x12,128x256,16x16,recurrence,direct-strided,cufftdx-online-shared+cufftdx-large-online,6,12,128,256,16,16,recurrence,direct-strided,Tesla V100-SXM2-16GB,7.0,fft,fp32,forward,none,in-place,online-reorder,cufftdx-block,18,262144,16,100,50,0.322806,12993274872.892593,0.000644,1
fft18-fp32_b2_p7s11_t128x256_e16x8_rec,fft18-fp32-batch2,1,fft18-fp32_b2_p7s11_t128x256_e16x8_rec,0,135794.93600280714,fft18-fp32,2,7x11,128x256,16x8,recurrence,direct-strided,cufftdx-online-shared+cufftdx-large-online,7,11,128,256,16,8,recurrence,direct-strided,Tesla V100-SXM2-16GB,7.0,fft,fp32,forward,none,in-place,online-reorder,cufftdx-block,18,262144,2,100,50,0.045548,11510791650.161873,0.000682,1
fft18-fp32_b16_p6s12_t128x256_e16x16_rec_tx,fft18-fp32-batch16,3,fft18-fp32_b16_p6s12_t128x256_e16x16_rec_tx,0,596635.8498306066,fft18-fp32,2,6x12,128x256,16x16,recurrence,tiled-transpose,cufftdx-online-shared+cufftdx-large-online,6,12,128,256,16,16,recurrence,tiled-transpose,Tesla V100-SXM2-16GB,7.0,fft,fp32,forward,none,in-place,online-reorder,cufftdx-block,18,262144,16,100,50,0.300810,13943354764.779016,0.000644,1
fft18-fp32_b64_p6s12_t128x256_e16x16_rec_tx,fft18-fp32-batch64,2,fft18-fp32_b64_p6s12_t128x256_e16x16_rec_tx,0,2386543.3993224264,fft18-fp32,2,6x12,128x256,16x16,recurrence,tiled-transpose,cufftdx-online-shared+cufftdx-large-online,6,12,128,256,16,16,recurrence,tiled-transpose,Tesla V100-SXM2-16GB,7.0,fft,fp32,forward,none,in-place,online-reorder,cufftdx-block,18,262144,64,100,50,1.139651,14721368326.686737,0.000637,1
fft18-fp32_b64_p6s12_t128x256_e16x16_rec_tx,fft18-fp32-batch64,1,fft18-fp32_b64_p6s12_t128x256_e16x16_rec_tx,0,2386543.3993224264,fft18-fp32,2,6x12,128x256,16x16,recurrence,tiled-transpose,cufftdx-online-shared+cufftdx-large-online,6,12,128,256,16,16,recurrence,tiled-transpose,Tesla V100-SXM2-16GB,7.0,fft,fp32,forward,none,in-place,online-reorder,cufftdx-block,18,262144,64,100,50,1.139200,14727191371.236280,0.000637,1
fft18-fp32_b16_p6s12_t128x256_e16x16_rec,fft18-fp32-batch16,2,fft18-fp32_b16_p6s12_t128x256_e16x16_rec,0,596635.8498306066,fft18-fp32,2,6x12,128x256,16x16,recurrence,direct-strided,cufftdx-online-shared+cufftdx-large-online,6,12,128,256,16,16,recurrence,direct-strided,Tesla V100-SXM2-16GB,7.0,fft,fp32,forward,none,in-place,online-reorder,cufftdx-block,18,262144,16,100,50,0.322560,13003174105.697348,0.000644,1
fft18-fp32_b2_p6s12_t128x256_e16x16_rec_tx,fft18-fp32-batch2,2,fft18-fp32_b2_p6s12_t128x256_e16x16_rec_tx,0,91438.61722882584,fft18-fp32,2,6x12,128x256,16x16,recurrence,tiled-transpose,cufftdx-online-shared+cufftdx-large-online,6,12,128,256,16,16,recurrence,tiled-transpose,Tesla V100-SXM2-16GB,7.0,fft,fp32,forward,none,in-place,online-reorder,cufftdx-block,18,262144,2,100,50,0.036106,14520703344.838606,0.000549,1
fft18-fp32_b2_p6s12_t128x256_e16x16_rec,fft18-fp32-batch2,1,fft18-fp32_b2_p6s12_t128x256_e16x16_rec,0,91438.61722882584,fft18-fp32,2,6x12,128x256,16x16,recurrence,direct-strided,cufftdx-online-shared+cufftdx-large-online,6,12,128,256,16,16,recurrence,direct-strided,Tesla V100-SXM2-16GB,7.0,fft,fp32,forward,none,in-place,online-reorder,cufftdx-block,18,262144,2,100,50,0.050012,10483210463.801924,0.000549,1
fft18-fp32_b16_p12s6_t256x128_e16x16_rec,fft18-fp32-batch16,2,fft18-fp32_b16_p12s6_t256x128_e16x16_rec,0,596635.8498306066,fft18-fp32,2,12x6,256x128,16x16,recurrence,direct-strided,cufftdx-large-online+cufftdx-online-shared,12,6,256,128,16,16,recurrence,direct-strided,Tesla V100-SXM2-16GB,7.0,fft,fp32,forward,none,in-place,online-reorder,cufftdx-block,18,262144,16,100,50,0.336978,12446821113.713036,0.000675,1
fft18-fp32_b16_p12s6_t256x128_e16x16_rec_ptx,fft18-fp32-batch16,2,fft18-fp32_b16_p12s6_t256x128_e16x16_rec_ptx,0,596635.8498306066,fft18-fp32,2,12x6,256x128,16x16,recurrence,prefix-tiled-transpose,cufftdx-large-online+cufftdx-online-shared,12,6,256,128,16,16,recurrence,prefix-tiled-transpose,Tesla V100-SXM2-16GB,7.0,fft,fp32,forward,none,in-place,online-reorder,cufftdx-block,18,262144,16,100,50,0.372511,11259552137.627239,0.000675,1
fft18-fp32_b2_p12s6_t256x128_e16x16_rec,fft18-fp32-batch2,2,fft18-fp32_b2_p12s6_t256x128_e16x16_rec,0,91438.61722882584,fft18-fp32,2,12x6,256x128,16x16,recurrence,direct-strided,cufftdx-large-online+cufftdx-online-shared,12,6,256,128,16,16,recurrence,direct-strided,Tesla V100-SXM2-16GB,7.0,fft,fp32,forward,none,in-place,online-reorder,cufftdx-block,18,262144,2,100,50,0.052777,9934031345.860666,0.000579,1
fft18-fp32_b64_p7s11_t128x256_e16x8_rec,fft18-fp32-batch64,2,fft18-fp32_b64_p7s11_t128x256_e16x8_rec,0,3566171.2214231617,fft18-fp32,2,7x11,128x256,16x8,recurrence,direct-strided,cufftdx-online-shared+cufftdx-large-online,7,11,128,256,16,8,recurrence,direct-strided,Tesla V100-SXM2-16GB,7.0,fft,fp32,forward,none,in-place,online-reorder,cufftdx-block,18,262144,64,100,50,1.131827,14823126043.406815,0.000672,1
fft18-fp32_b16_p7s11_t128x256_e16x8_rec,fft18-fp32-batch16,3,fft18-fp32_b16_p7s11_t128x256_e16x8_rec,0,891542.8053557904,fft18-fp32,2,7x11,128x256,16x8,recurrence,direct-strided,cufftdx-online-shared+cufftdx-large-online,7,11,128,256,16,8,recurrence,direct-strided,Tesla V100-SXM2-16GB,7.0,fft,fp32,forward,none,in-place,online-reorder,cufftdx-block,18,262144,16,100,50,0.309596,13547661961.928600,0.000712,1
fft18-fp32_b2_p11s7_t256x128_e8x16_rec,fft18-fp32-batch2,3,fft18-fp32_b2_p11s7_t256x128_e8x16_rec,0,153477.27302261797,fft18-fp32,2,11x7,256x128,8x16,recurrence,direct-strided,cufftdx-large-online+cufftdx-online-shared,11,7,256,128,8,16,recurrence,direct-strided,Tesla V100-SXM2-16GB,7.0,fft,fp32,forward,none,in-place,online-reorder,cufftdx-block,18,262144,2,100,50,0.047063,11140121495.137054,0.000546,1
fft18-fp32_b2_p6s12_t128x256_e16x16_rec,fft18-fp32-batch2,3,fft18-fp32_b2_p6s12_t128x256_e16x16_rec,0,91438.61722882584,fft18-fp32,2,6x12,128x256,16x16,recurrence,direct-strided,cufftdx-online-shared+cufftdx-large-online,6,12,128,256,16,16,recurrence,direct-strided,Tesla V100-SXM2-16GB,7.0,fft,fp32,forward,none,in-place,online-reorder,cufftdx-block,18,262144,2,100,50,0.050115,10461789764.771149,0.000549,1
fft18-fp32_b16_p6s12_t128x256_e16x16_rec_tx,fft18-fp32-batch16,2,fft18-fp32_b16_p6s12_t128x256_e16x16_rec_tx,0,596635.8498306066,fft18-fp32,2,6x12,128x256,16x16,recurrence,tiled-transpose,cufftdx-online-shared+cufftdx-large-online,6,12,128,256,16,16,recurrence,tiled-transpose,Tesla V100-SXM2-16GB,7.0,fft,fp32,forward,none,in-place,online-reorder,cufftdx-block,18,262144,16,100,50,0.302141,13881922872.511292,0.000644,1
fft18-fp32_b2_p6s12_t128x256_e16x16_rec,fft18-fp32-batch2,2,fft18-fp32_b2_p6s12_t128x256_e16x16_rec,0,91438.61722882584,fft18-fp32,2,6x12,128x256,16x16,recurrence,direct-strided,cufftdx-online-shared+cufftdx-large-online,6,12,128,256,16,16,recurrence,direct-strided,Tesla V100-SXM2-16GB,7.0,fft,fp32,forward,none,in-place,online-reorder,cufftdx-block,18,262144,2,100,50,0.050115,10461789764.771149,0.000549,1
fft18-fp32_b64_p11s7_t256x128_e8x16_rec,fft18-fp32-batch64,3,fft18-fp32_b64_p11s7_t256x128_e8x16_rec,0,4072062.411390442,fft18-fp32,2,11x7,256x128,8x16,recurrence,direct-strided,cufftdx-large-online+cufftdx-online-shared,11,7,256,128,8,16,recurrence,direct-strided,Tesla V100-SXM2-16GB,7.0,fft,fp32,forward,none,in-place,online-reorder,cufftdx-block,18,262144,64,100,50,1.380659,12151598110.047232,0.000697,1
fft18-fp32_b2_p7s11_t128x256_e16x8_rec,fft18-fp32-batch2,3,fft18-fp32_b2_p7s11_t128x256_e16x8_rec,0,135794.93600280714,fft18-fp32,2,7x11,128x256,16x8,recurrence,direct-strided,cufftdx-online-shared+cufftdx-large-online,7,11,128,256,16,8,recurrence,direct-strided,Tesla V100-SXM2-16GB,7.0,fft,fp32,forward,none,in-place,online-reorder,cufftdx-block,18,262144,2,100,50,0.045568,11505617844.909451,0.000682,1
fft18-fp32_b64_p6s12_t128x256_e16x16_rec_tx,fft18-fp32-batch64,3,fft18-fp32_b64_p6s12_t128x256_e16x16_rec_tx,0,2386543.3993224264,fft18-fp32,2,6x12,128x256,16x16,recurrence,tiled-transpose,cufftdx-online-shared+cufftdx-large-online,6,12,128,256,16,16,recurrence,tiled-transpose,Tesla V100-SXM2-16GB,7.0,fft,fp32,forward,none,in-place,online-reorder,cufftdx-block,18,262144,64,100,50,1.139282,14726132713.486225,0.000637,1
fft18-fp32_b2_p12s6_t256x128_e16x16_rec_ptx,fft18-fp32-batch2,1,fft18-fp32_b2_p12s6_t256x128_e16x16_rec_ptx,0,91438.61722882584,fft18-fp32,2,12x6,256x128,16x16,recurrence,prefix-tiled-transpose,cufftdx-large-online+cufftdx-online-shared,12,6,256,128,16,16,recurrence,prefix-tiled-transpose,Tesla V100-SXM2-16GB,7.0,fft,fp32,forward,none,in-place,online-reorder,cufftdx-block,18,262144,2,100,50,0.053453,9808428942.736332,0.000579,1
fft18-fp32_b16_p11s7_t256x128_e8x16_rec,fft18-fp32-batch16,1,fft18-fp32_b16_p11s7_t256x128_e8x16_rec,0,1018015.6028476105,fft18-fp32,2,11x7,256x128,8x16,recurrence,direct-strided,cufftdx-large-online+cufftdx-online-shared,11,7,256,128,8,16,recurrence,direct-strided,Tesla V100-SXM2-16GB,7.0,fft,fp32,forward,none,in-place,online-reorder,cufftdx-block,18,262144,16,100,50,0.324895,12909732478.796162,0.000633,1
fft18-fp32_b16_p6s12_t128x256_e16x16_rec,fft18-fp32-batch16,1,fft18-fp32_b16_p6s12_t128x256_e16x16_rec,0,596635.8498306066,fft18-fp32,2,6x12,128x256,16x16,recurrence,direct-strided,cufftdx-online-shared+cufftdx-large-online,6,12,128,256,16,16,recurrence,direct-strided,Tesla V100-SXM2-16GB,7.0,fft,fp32,forward,none,in-place,online-reorder,cufftdx-block,18,262144,16,100,50,0.324280,12934192180.797392,0.000644,1
fft18-fp32_b2_p12s6_t256x128_e16x16_rec_ptx,fft18-fp32-batch2,3,fft18-fp32_b2_p12s6_t256x128_e16x16_rec_ptx,0,91438.61722882584,fft18-fp32,2,12x6,256x128,16x16,recurrence,prefix-tiled-transpose,cufftdx-large-online+cufftdx-online-shared,12,6,256,128,16,16,recurrence,prefix-tiled-transpose,Tesla V100-SXM2-16GB,7.0,fft,fp32,forward,none,in-place,online-reorder,cufftdx-block,18,262144,2,100,50,0.053617,9778456978.317270,0.000579,1
fft18-fp32_b16_p7s11_t128x256_e16x8_rec,fft18-fp32-batch16,2,fft18-fp32_b16_p7s11_t128x256_e16x8_rec,0,891542.8053557904,fft18-fp32,2,7x11,128x256,16x8,recurrence,direct-strided,cufftdx-online-shared+cufftdx-large-online,7,11,128,256,16,8,recurrence,direct-strided,Tesla V100-SXM2-16GB,7.0,fft,fp32,forward,none,in-place,online-reorder,cufftdx-block,18,262144,16,100,50,0.309084,13570102618.894115,0.000712,1
fft18-fp32_b2_p11s7_t256x128_e8x16_rec,fft18-fp32-batch2,1,fft18-fp32_b2_p11s7_t256x128_e8x16_rec,0,153477.27302261797,fft18-fp32,2,11x7,256x128,8x16,recurrence,direct-strided,cufftdx-large-online+cufftdx-online-shared,11,7,256,128,8,16,recurrence,direct-strided,Tesla V100-SXM2-16GB,7.0,fft,fp32,forward,none,in-place,online-reorder,cufftdx-block,18,262144,2,100,50,0.047124,11125596930.890581,0.000546,1
fft18-fp32_b64_p12s6_t256x128_e16x16_rec,fft18-fp32-batch64,1,fft18-fp32_b64_p12s6_t256x128_e16x16_rec,0,2386543.3993224264,fft18-fp32,2,12x6,256x128,16x16,recurrence,direct-strided,cufftdx-large-online+cufftdx-online-shared,12,6,256,128,16,16,recurrence,direct-strided,Tesla V100-SXM2-16GB,7.0,fft,fp32,forward,none,in-place,online-reorder,cufftdx-block,18,262144,64,100,50,1.264148,13271555002.055553,0.000793,1
fft18-fp32_b16_p6s12_t128x256_e16x16_rec_tx,fft18-fp32-batch16,1,fft18-fp32_b16_p6s12_t128x256_e16x16_rec_tx,0,596635.8498306066,fft18-fp32,2,6x12,128x256,16x16,recurrence,tiled-transpose,cufftdx-online-shared+cufftdx-large-online,6,12,128,256,16,16,recurrence,tiled-transpose,Tesla V100-SXM2-16GB,7.0,fft,fp32,forward,none,in-place,online-reorder,cufftdx-block,18,262144,16,100,50,0.302264,13876278294.381121,0.000644,1
fft18-fp32_b2_p12s6_t256x128_e16x16_rec,fft18-fp32-batch2,1,fft18-fp32_b2_p12s6_t256x128_e16x16_rec,0,91438.61722882584,fft18-fp32,2,12x6,256x128,16x16,recurrence,direct-strided,cufftdx-large-online+cufftdx-online-shared,12,6,256,128,16,16,recurrence,direct-strided,Tesla V100-SXM2-16GB,7.0,fft,fp32,forward,none,in-place,online-reorder,cufftdx-block,18,262144,2,100,50,0.052572,9972730632.215231,0.000579,1
fft18-fp32_b16_p7s11_t128x256_e16x8_rec,fft18-fp32-batch16,1,fft18-fp32_b16_p7s11_t128x256_e16x8_rec,0,891542.8053557904,fft18-fp32,2,7x11,128x256,16x8,recurrence,direct-strided,cufftdx-online-shared+cufftdx-large-online,7,11,128,256,16,8,recurrence,direct-strided,Tesla V100-SXM2-16GB,7.0,fft,fp32,forward,none,in-place,online-reorder,cufftdx-block,18,262144,16,100,50,0.309391,13556628528.969551,0.000712,1
fft18-fp32_b64_p11s7_t256x128_e8x16_rec,fft18-fp32-batch64,2,fft18-fp32_b64_p11s7_t256x128_e8x16_rec,0,4072062.411390442,fft18-fp32,2,11x7,256x128,8x16,recurrence,direct-strided,cufftdx-large-online+cufftdx-online-shared,11,7,256,128,8,16,recurrence,direct-strided,Tesla V100-SXM2-16GB,7.0,fft,fp32,forward,none,in-place,online-reorder,cufftdx-block,18,262144,64,100,50,1.233387,13602551026.939215,0.000697,1
fft18-fp32_b16_p12s6_t256x128_e16x16_rec,fft18-fp32-batch16,1,fft18-fp32_b16_p12s6_t256x128_e16x16_rec,0,596635.8498306066,fft18-fp32,2,12x6,256x128,16x16,recurrence,direct-strided,cufftdx-large-online+cufftdx-online-shared,12,6,256,128,16,16,recurrence,direct-strided,Tesla V100-SXM2-16GB,7.0,fft,fp32,forward,none,in-place,online-reorder,cufftdx-block,18,262144,16,100,50,0.336261,12473352808.737211,0.000675,1
fft18-fp32_b64_p12s6_t256x128_e16x16_rec_ptx,fft18-fp32-batch64,1,fft18-fp32_b64_p12s6_t256x128_e16x16_rec_ptx,0,2386543.3993224264,fft18-fp32,2,12x6,256x128,16x16,recurrence,prefix-tiled-transpose,cufftdx-large-online+cufftdx-online-shared,12,6,256,128,16,16,recurrence,prefix-tiled-transpose,Tesla V100-SXM2-16GB,7.0,fft,fp32,forward,none,in-place,online-reorder,cufftdx-block,18,262144,64,100,50,1.391329,12058407839.812408,0.000793,1
fft18-fp32_b2_p6s12_t128x256_e16x16_rec_tx,fft18-fp32-batch2,3,fft18-fp32_b2_p6s12_t128x256_e16x16_rec_tx,0,91438.61722882584,fft18-fp32,2,6x12,128x256,16x16,recurrence,tiled-transpose,cufftdx-online-shared+cufftdx-large-online,6,12,128,256,16,16,recurrence,tiled-transpose,Tesla V100-SXM2-16GB,7.0,fft,fp32,forward,none,in-place,online-reorder,cufftdx-block,18,262144,2,100,50,0.036209,14479637695.522373,0.000549,1
fft18-fp32_b64_p11s7_t256x128_e8x16_rec,fft18-fp32-batch64,1,fft18-fp32_b64_p11s7_t256x128_e8x16_rec,0,4072062.411390442,fft18-fp32,2,11x7,256x128,8x16,recurrence,direct-strided,cufftdx-large-online+cufftdx-online-shared,11,7,256,128,8,16,recurrence,direct-strided,Tesla V100-SXM2-16GB,7.0,fft,fp32,forward,none,in-place,online-reorder,cufftdx-block,18,262144,64,100,50,1.233408,13602324900.075930,0.000697,1
fft18-fp32_b64_d4_4x4x4x6_t512x512x512x512_e16x16x16x16_ttt,fft18-fp32-batch64,1,fft18-fp32_b64_d4_4x4x4x6_t512x512x512x512_e16x16x16x16_ttt,0,4599913.58146046,fft18-fp32,4,4x4x4x6,512x512x512x512,16x16x16x16,tablextablextable,direct-stridedxdirect-stridedxdirect-strided,cufftdx-online-shared+cufftdx-online-shared+cufftdx-online-shared+cufftdx-online-shared,4,6,512,512,16,16,table,direct-strided,Tesla V100-SXM2-16GB,7.0,fft,fp32,forward,none,in-place,online-reorder,cufftdx-block,18,262144,64,100,50,3.172168,5288880404.206648,0.000521,1
fft20-fp32_b8_d3_4x4x12_t512x512x256_e16x16x16_tt,fft20-fp32-batch8,2,fft20-fp32_b8_d3_4x4x12_t512x512x256_e16x16x16_tt,0,1758790.4870289993,fft20-fp32,3,4x4x12,512x512x256,16x16x16,tablextable,direct-stridedxdirect-strided,cufftdx-online-shared+cufftdx-online-shared+cufftdx-large-online,4,12,512,256,16,16,table,direct-strided,Tesla V100-SXM2-16GB,7.0,fft,fp32,forward,none,in-place,online-reorder,cufftdx-block,20,1048576,8,100,50,1.590907,5272846713.479771,0.001092,1
fft18-fp32_b2_d4_4x4x4x6_t512x512x512x512_e16x16x16x16_ttt,fft18-fp32-batch2,1,fft18-fp32_b2_d4_4x4x4x6_t512x512x512x512_e16x16x16x16_ttt,0,157673.69942063937,fft18-fp32,4,4x4x4x6,512x512x512x512,16x16x16x16,tablextablextable,direct-stridedxdirect-stridedxdirect-strided,cufftdx-online-shared+cufftdx-online-shared+cufftdx-online-shared+cufftdx-online-shared,4,6,512,512,16,16,table,direct-strided,Tesla V100-SXM2-16GB,7.0,fft,fp32,forward,none,in-place,online-reorder,cufftdx-block,18,262144,2,100,50,0.114954,4560840880.437791,0.000401,1
fft18-fp32_b16_d3_4x4x10_t512x512x512_e16x16x16_tt,fft18-fp32-batch16,2,fft18-fp32_b16_d3_4x4x10_t512x512x512_e16x16x16_tt,0,879395.2435144996,fft18-fp32,3,4x4x10,512x512x512,16x16x16,tablextable,direct-stridedxdirect-strided,cufftdx-online-shared+cufftdx-online-shared+cufftdx-online-shared,4,10,512,512,16,16,table,direct-strided,Tesla V100-SXM2-16GB,7.0,fft,fp32,forward,none,in-place,online-reorder,cufftdx-block,18,262144,16,100,50,0.715858,5859129116.350126,0.000512,1
fft18-fp32_b64_d3_4x4x10_t512x512x512_e16x16x16_tt,fft18-fp32-batch64,1,fft18-fp32_b64_d3_4x4x10_t512x512x512_e16x16x16_tt,0,3517580.9740579985,fft18-fp32,3,4x4x10,512x512x512,16x16x16,tablextable,direct-stridedxdirect-strided,cufftdx-online-shared+cufftdx-online-shared+cufftdx-online-shared,4,10,512,512,16,16,table,direct-strided,Tesla V100-SXM2-16GB,7.0,fft,fp32,forward,none,in-place,online-reorder,cufftdx-block,18,262144,64,100,50,2.614006,6418201510.467182,0.000521,1
fft20-fp32_b8_d4_4x4x4x8_t512x512x512x512_e16x16x16x16_ttt,fft20-fp32-batch8,3,fft20-fp32_b8_d4_4x4x4x8_t512x512x512x512_e16x16x16x16_ttt,0,2299956.79073023,fft20-fp32,4,4x4x4x8,512x512x512x512,16x16x16x16,tablextablextable,direct-stridedxdirect-stridedxdirect-strided,cufftdx-online-shared+cufftdx-online-shared+cufftdx-online-shared+cufftdx-online-shared,4,8,512,512,16,16,table,direct-strided,Tesla V100-SXM2-16GB,7.0,fft,fp32,forward,none,in-place,online-reorder,cufftdx-block,20,1048576,8,100,50,1.800069,4660158895.755345,0.001023,1
fft18-fp32_b16_d4_4x4x4x6_t512x512x512x512_e16x16x16x16_ttt,fft18-fp32-batch16,3,fft18-fp32_b16_d4_4x4x4x6_t512x512x512x512_e16x16x16x16_ttt,0,1149978.395365115,fft18-fp32,4,4x4x4x6,512x512x512x512,16x16x16x16,tablextablextable,direct-stridedxdirect-stridedxdirect-strided,cufftdx-online-shared+cufftdx-online-shared+cufftdx-online-shared+cufftdx-online-shared,4,6,512,512,16,16,table,direct-strided,Tesla V100-SXM2-16GB,7.0,fft,fp32,forward,none,in-place,online-reorder,cufftdx-block,18,262144,16,100,50,0.868803,4827683818.708010,0.000492,1
fft20-fp32_b16_d4_4x4x4x8_t512x512x512x512_e16x16x16x16_ttt,fft20-fp32-batch16,3,fft20-fp32_b16_d4_4x4x4x8_t512x512x512x512_e16x16x16x16_ttt,0,4599913.58146046,fft20-fp32,4,4x4x4x8,512x512x512x512,16x16x16x16,tablextablextable,direct-stridedxdirect-stridedxdirect-strided,cufftdx-online-shared+cufftdx-online-shared+cufftdx-online-shared+cufftdx-online-shared,4,8,512,512,16,16,table,direct-strided,Tesla V100-SXM2-16GB,7.0,fft,fp32,forward,none,in-place,online-reorder,cufftdx-block,20,1048576,16,100,50,3.581092,4684944301.473723,0.001043,1
fft20-fp32_b8_d4_4x4x4x8_t512x512x512x512_e16x16x16x16_ttt,fft20-fp32-batch8,1,fft20-fp32_b8_d4_4x4x4x8_t512x512x512x512_e16x16x16x16_ttt,0,2299956.79073023,fft20-fp32,4,4x4x4x8,512x512x512x512,16x16x16x16,tablextablextable,direct-stridedxdirect-stridedxdirect-strided,cufftdx-online-shared+cufftdx-online-shared+cufftdx-online-shared+cufftdx-online-shared,4,8,512,512,16,16,table,direct-strided,Tesla V100-SXM2-16GB,7.0,fft,fp32,forward,none,in-place,online-reorder,cufftdx-block,20,1048576,8,100,50,1.799393,4661909109.876408,0.001023,1
fft18-fp32_b64_d4_4x4x4x6_t512x512x512x512_e16x16x16x16_ttt,fft18-fp32-batch64,3,fft18-fp32_b64_d4_4x4x4x6_t512x512x512x512_e16x16x16x16_ttt,0,4599913.58146046,fft18-fp32,4,4x4x4x6,512x512x512x512,16x16x16x16,tablextablextable,direct-stridedxdirect-stridedxdirect-strided,cufftdx-online-shared+cufftdx-online-shared+cufftdx-online-shared+cufftdx-online-shared,4,6,512,512,16,16,table,direct-strided,Tesla V100-SXM2-16GB,7.0,fft,fp32,forward,none,in-place,online-reorder,cufftdx-block,18,262144,64,100,50,3.168543,5294931055.386103,0.000521,1
fft20-fp32_b2_d3_4x4x12_t512x512x256_e16x16x16_tt,fft20-fp32-batch2,1,fft20-fp32_b2_d3_4x4x12_t512x512x256_e16x16x16_tt,0,439697.6217572498,fft20-fp32,3,4x4x12,512x512x256,16x16x16,tablextable,direct-stridedxdirect-strided,cufftdx-online-shared+cufftdx-online-shared+cufftdx-large-online,4,12,512,256,16,16,table,direct-strided,Tesla V100-SXM2-16GB,7.0,fft,fp32,forward,none,in-place,online-reorder,cufftdx-block,20,1048576,2,100,50,0.394138,5320862279.204395,0.000977,1
fft18-fp32_b16_d4_4x4x4x6_t512x512x512x512_e16x16x16x16_ttt,fft18-fp32-batch16,2,fft18-fp32_b16_d4_4x4x4x6_t512x512x512x512_e16x16x16x16_ttt,0,1149978.395365115,fft18-fp32,4,4x4x4x6,512x512x512x512,16x16x16x16,tablextablextable,direct-stridedxdirect-stridedxdirect-strided,cufftdx-online-shared+cufftdx-online-shared+cufftdx-online-shared+cufftdx-online-shared,4,6,512,512,16,16,table,direct-strided,Tesla V100-SXM2-16GB,7.0,fft,fp32,forward,none,in-place,online-reorder,cufftdx-block,18,262144,16,100,50,0.868905,4827114874.327728,0.000492,1
fft18-fp32_b2_d4_4x4x4x6_t512x512x512x512_e16x16x16x16_ttt,fft18-fp32-batch2,3,fft18-fp32_b2_d4_4x4x4x6_t512x512x512x512_e16x16x16x16_ttt,0,157673.69942063937,fft18-fp32,4,4x4x4x6,512x512x512x512,16x16x16x16,tablextablextable,direct-stridedxdirect-stridedxdirect-strided,cufftdx-online-shared+cufftdx-online-shared+cufftdx-online-shared+cufftdx-online-shared,4,6,512,512,16,16,table,direct-strided,Tesla V100-SXM2-16GB,7.0,fft,fp32,forward,none,in-place,online-reorder,cufftdx-block,18,262144,2,100,50,0.114934,4561653640.148144,0.000401,1
fft18-fp32_b2_d3_4x4x10_t512x512x512_e16x16x16_tt,fft18-fp32-batch2,2,fft18-fp32_b2_d3_4x4x10_t512x512x512_e16x16x16_tt,0,120574.00543931246,fft18-fp32,3,4x4x10,512x512x512,16x16x16,tablextable,direct-stridedxdirect-strided,cufftdx-online-shared+cufftdx-online-shared+cufftdx-online-shared,4,10,512,512,16,16,table,direct-strided,Tesla V100-SXM2-16GB,7.0,fft,fp32,forward,none,in-place,online-reorder,cufftdx-block,18,262144,2,100,50,0.095683,5479451974.760900,0.000415,1
fft20-fp32_b16_d3_4x4x12_t512x512x256_e16x16x16_tt,fft20-fp32-batch16,1,fft20-fp32_b16_d3_4x4x12_t512x512x256_e16x16x16_tt,0,3517580.9740579985,fft20-fp32,3,4x4x12,512x512x256,16x16x16,tablextable,direct-stridedxdirect-strided,cufftdx-online-shared+cufftdx-online-shared+cufftdx-large-online,4,12,512,256,16,16,table,direct-strided,Tesla V100-SXM2-16GB,7.0,fft,fp32,forward,none,in-place,online-reorder,cufftdx-block,20,1048576,16,100,50,3.257139,5150905423.213614,0.001043,1
fft18-fp32_b64_d4_4x4x4x6_t512x512x512x512_e16x16x16x16_ttt,fft18-fp32-batch64,2,fft18-fp32_b64_d4_4x4x4x6_t512x512x512x512_e16x16x16x16_ttt,0,4599913.58146046,fft18-fp32,4,4x4x4x6,512x512x512x512,16x16x16x16,tablextablextable,direct-stridedxdirect-stridedxdirect-strided,cufftdx-online-shared+cufftdx-online-shared+cufftdx-online-shared+cufftdx-online-shared,4,6,512,512,16,16,table,direct-strided,Tesla V100-SXM2-16GB,7.0,fft,fp32,forward,none,in-place,online-reorder,cufftdx-block,18,262144,64,100,50,3.175199,5283832084.648546,0.000521,1
fft20-fp32_b16_d3_4x4x12_t512x512x256_e16x16x16_tt,fft20-fp32-batch16,3,fft20-fp32_b16_d3_4x4x12_t512x512x256_e16x16x16_tt,0,3517580.9740579985,fft20-fp32,3,4x4x12,512x512x256,16x16x16,tablextable,direct-stridedxdirect-strided,cufftdx-online-shared+cufftdx-online-shared+cufftdx-large-online,4,12,512,256,16,16,table,direct-strided,Tesla V100-SXM2-16GB,7.0,fft,fp32,forward,none,in-place,online-reorder,cufftdx-block,20,1048576,16,100,50,3.256013,5152687175.977109,0.001043,1
fft20-fp32_b8_d4_4x4x4x8_t512x512x512x512_e16x16x16x16_ttt,fft20-fp32-batch8,2,fft20-fp32_b8_d4_4x4x4x8_t512x512x512x512_e16x16x16x16_ttt,0,2299956.79073023,fft20-fp32,4,4x4x4x8,512x512x512x512,16x16x16x16,tablextablextable,direct-stridedxdirect-stridedxdirect-strided,cufftdx-online-shared+cufftdx-online-shared+cufftdx-online-shared+cufftdx-online-shared,4,8,512,512,16,16,table,direct-strided,Tesla V100-SXM2-16GB,7.0,fft,fp32,forward,none,in-place,online-reorder,cufftdx-block,20,1048576,8,100,50,1.800213,4659787657.538101,0.001023,1
fft18-fp32_b2_d3_4x4x10_t512x512x512_e16x16x16_tt,fft18-fp32-batch2,1,fft18-fp32_b2_d3_4x4x10_t512x512x512_e16x16x16_tt,0,120574.00543931246,fft18-fp32,3,4x4x10,512x512x512,16x16x16,tablextable,direct-stridedxdirect-strided,cufftdx-online-shared+cufftdx-online-shared+cufftdx-online-shared,4,10,512,512,16,16,table,direct-strided,Tesla V100-SXM2-16GB,7.0,fft,fp32,forward,none,in-place,online-reorder,cufftdx-block,18,262144,2,100,50,0.111473,4703288776.902798,0.000415,1
fft20-fp32_b8_d3_4x4x12_t512x512x256_e16x16x16_tt,fft20-fp32-batch8,3,fft20-fp32_b8_d3_4x4x12_t512x512x256_e16x16x16_tt,0,1758790.4870289993,fft20-fp32,3,4x4x12,512x512x256,16x16x16,tablextable,direct-stridedxdirect-strided,cufftdx-online-shared+cufftdx-online-shared+cufftdx-large-online,4,12,512,256,16,16,table,direct-strided,Tesla V100-SXM2-16GB,7.0,fft,fp32,forward,none,in-place,online-reorder,cufftdx-block,20,1048576,8,100,50,1.618330,5183497707.063436,0.001092,1
fft20-fp32_b16_d4_4x4x4x8_t512x512x512x512_e16x16x16x16_ttt,fft20-fp32-batch16,1,fft20-fp32_b16_d4_4x4x4x8_t512x512x512x512_e16x16x16x16_ttt,0,4599913.58146046,fft20-fp32,4,4x4x4x8,512x512x512x512,16x16x16x16,tablextablextable,direct-stridedxdirect-stridedxdirect-strided,cufftdx-online-shared+cufftdx-online-shared+cufftdx-online-shared+cufftdx-online-shared,4,8,512,512,16,16,table,direct-strided,Tesla V100-SXM2-16GB,7.0,fft,fp32,forward,none,in-place,online-reorder,cufftdx-block,20,1048576,16,100,50,3.580416,4685828732.777608,0.001043,1
fft20-fp32_b2_d4_4x4x4x8_t512x512x512x512_e16x16x16x16_ttt,fft20-fp32-batch2,1,fft20-fp32_b2_d4_4x4x4x8_t512x512x512x512_e16x16x16x16_ttt,0,574989.1976825575,fft20-fp32,4,4x4x4x8,512x512x512x512,16x16x16x16,tablextablextable,direct-stridedxdirect-stridedxdirect-strided,cufftdx-online-shared+cufftdx-online-shared+cufftdx-online-shared+cufftdx-online-shared,4,8,512,512,16,16,table,direct-strided,Tesla V100-SXM2-16GB,7.0,fft,fp32,forward,none,in-place,online-reorder,cufftdx-block,20,1048576,2,100,50,0.546406,3838081041.824649,0.000859,1
fft20-fp32_b2_d3_4x4x12_t512x512x256_e16x16x16_tt,fft20-fp32-batch2,2,fft20-fp32_b2_d3_4x4x12_t512x512x256_e16x16x16_tt,0,439697.6217572498,fft20-fp32,3,4x4x12,512x512x256,16x16x16,tablextable,direct-stridedxdirect-strided,cufftdx-online-shared+cufftdx-online-shared+cufftdx-large-online,4,12,512,256,16,16,table,direct-strided,Tesla V100-SXM2-16GB,7.0,fft,fp32,forward,none,in-place,online-reorder,cufftdx-block,20,1048576,2,100,50,0.389673,5381825760.007281,0.000977,1
fft20-fp32_b2_d3_4x4x12_t512x512x256_e16x16x16_tt,fft20-fp32-batch2,3,fft20-fp32_b2_d3_4x4x12_t512x512x256_e16x16x16_tt,0,439697.6217572498,fft20-fp32,3,4x4x12,512x512x256,16x16x16,tablextable,direct-stridedxdirect-strided,cufftdx-online-shared+cufftdx-online-shared+cufftdx-large-online,4,12,512,256,16,16,table,direct-strided,Tesla V100-SXM2-16GB,7.0,fft,fp32,forward,none,in-place,online-reorder,cufftdx-block,20,1048576,2,100,50,0.388608,5396574320.303944,0.000977,1
fft20-fp32_b8_d3_4x4x12_t512x512x256_e16x16x16_tt,fft20-fp32-batch8,1,fft20-fp32_b8_d3_4x4x12_t512x512x256_e16x16x16_tt,0,1758790.4870289993,fft20-fp32,3,4x4x12,512x512x256,16x16x16,tablextable,direct-stridedxdirect-strided,cufftdx-online-shared+cufftdx-online-shared+cufftdx-large-online,4,12,512,256,16,16,table,direct-strided,Tesla V100-SXM2-16GB,7.0,fft,fp32,forward,none,in-place,online-reorder,cufftdx-block,20,1048576,8,100,50,1.591009,5272507341.718296,0.001092,1
fft18-fp32_b2_d4_4x4x4x6_t512x512x512x512_e16x16x16x16_ttt,fft18-fp32-batch2,2,fft18-fp32_b2_d4_4x4x4x6_t512x512x512x512_e16x16x16x16_ttt,0,157673.69942063937,fft18-fp32,4,4x4x4x6,512x512x512x512,16x16x16x16,tablextablextable,direct-stridedxdirect-stridedxdirect-strided,cufftdx-online-shared+cufftdx-online-shared+cufftdx-online-shared+cufftdx-online-shared,4,6,512,512,16,16,table,direct-strided,Tesla V100-SXM2-16GB,7.0,fft,fp32,forward,none,in-place,online-reorder,cufftdx-block,18,262144,2,100,50,0.114934,4561653640.148144,0.000401,1
fft18-fp32_b16_d3_4x4x10_t512x512x512_e16x16x16_tt,fft18-fp32-batch16,1,fft18-fp32_b16_d3_4x4x10_t512x512x512_e16x16x16_tt,0,879395.2435144996,fft18-fp32,3,4x4x10,512x512x512,16x16x16,tablextable,direct-stridedxdirect-strided,cufftdx-online-shared+cufftdx-online-shared+cufftdx-online-shared,4,10,512,512,16,16,table,direct-strided,Tesla V100-SXM2-16GB,7.0,fft,fp32,forward,none,in-place,online-reorder,cufftdx-block,18,262144,16,100,50,0.716186,5856448144.180553,0.000512,1
fft20-fp32_b2_d4_4x4x4x8_t512x512x512x512_e16x16x16x16_ttt,fft20-fp32-batch2,3,fft20-fp32_b2_d4_4x4x4x8_t512x512x512x512_e16x16x16x16_ttt,0,574989.1976825575,fft20-fp32,4,4x4x4x8,512x512x512x512,16x16x16x16,tablextablextable,direct-stridedxdirect-stridedxdirect-strided,cufftdx-online-shared+cufftdx-online-shared+cufftdx-online-shared+cufftdx-online-shared,4,8,512,512,16,16,table,direct-strided,Tesla V100-SXM2-16GB,7.0,fft,fp32,forward,none,in-place,online-reorder,cufftdx-block,20,1048576,2,100,50,0.545915,3841536555.663040,0.000859,1
fft18-fp32_b64_d3_4x4x10_t512x512x512_e16x16x16_tt,fft18-fp32-batch64,2,fft18-fp32_b64_d3_4x4x10_t512x512x512_e16x16x16_tt,0,3517580.9740579985,fft18-fp32,3,4x4x10,512x512x512,16x16x16,tablextable,direct-stridedxdirect-strided,cufftdx-online-shared+cufftdx-online-shared+cufftdx-online-shared,4,10,512,512,16,16,table,direct-strided,Tesla V100-SXM2-16GB,7.0,fft,fp32,forward,none,in-place,online-reorder,cufftdx-block,18,262144,64,100,50,2.613064,6420515814.455551,0.000521,1
fft18-fp32_b64_d3_4x4x10_t512x512x512_e16x16x16_tt,fft18-fp32-batch64,3,fft18-fp32_b64_d3_4x4x10_t512x512x512_e16x16x16_tt,0,3517580.9740579985,fft18-fp32,3,4x4x10,512x512x512,16x16x16,tablextable,direct-stridedxdirect-strided,cufftdx-online-shared+cufftdx-online-shared+cufftdx-online-shared,4,10,512,512,16,16,table,direct-strided,Tesla V100-SXM2-16GB,7.0,fft,fp32,forward,none,in-place,online-reorder,cufftdx-block,18,262144,64,100,50,2.708623,6194000960.995142,0.000521,1
fft20-fp32_b16_d4_4x4x4x8_t512x512x512x512_e16x16x16x16_ttt,fft20-fp32-batch16,2,fft20-fp32_b16_d4_4x4x4x8_t512x512x512x512_e16x16x16x16_ttt,0,4599913.58146046,fft20-fp32,4,4x4x4x8,512x512x512x512,16x16x16x16,tablextablextable,direct-stridedxdirect-stridedxdirect-strided,cufftdx-online-shared+cufftdx-online-shared+cufftdx-online-shared+cufftdx-online-shared,4,8,512,512,16,16,table,direct-strided,Tesla V100-SXM2-16GB,7.0,fft,fp32,forward,none,in-place,online-reorder,cufftdx-block,20,1048576,16,100,50,3.584348,4680688107.199183,0.001043,1
fft20-fp32_b2_d4_4x4x4x8_t512x512x512x512_e16x16x16x16_ttt,fft20-fp32-batch2,2,fft20-fp32_b2_d4_4x4x4x8_t512x512x512x512_e16x16x16x16_ttt,0,574989.1976825575,fft20-fp32,4,4x4x4x8,512x512x512x512,16x16x16x16,tablextablextable,direct-stridedxdirect-stridedxdirect-strided,cufftdx-online-shared+cufftdx-online-shared+cufftdx-online-shared+cufftdx-online-shared,4,8,512,512,16,16,table,direct-strided,Tesla V100-SXM2-16GB,7.0,fft,fp32,forward,none,in-place,online-reorder,cufftdx-block,20,1048576,2,100,50,0.545833,3842112939.806878,0.000859,1
fft18-fp32_b16_d4_4x4x4x6_t512x512x512x512_e16x16x16x16_ttt,fft18-fp32-batch16,1,fft18-fp32_b16_d4_4x4x4x6_t512x512x512x512_e16x16x16x16_ttt,0,1149978.395365115,fft18-fp32,4,4x4x4x6,512x512x512x512,16x16x16x16,tablextablextable,direct-stridedxdirect-stridedxdirect-strided,cufftdx-online-shared+cufftdx-online-shared+cufftdx-online-shared+cufftdx-online-shared,4,6,512,512,16,16,table,direct-strided,Tesla V100-SXM2-16GB,7.0,fft,fp32,forward,none,in-place,online-reorder,cufftdx-block,18,262144,16,100,50,0.868516,4829277444.137981,0.000492,1
fft20-fp32_b16_d3_4x4x12_t512x512x256_e16x16x16_tt,fft20-fp32-batch16,2,fft20-fp32_b16_d3_4x4x12_t512x512x256_e16x16x16_tt,0,3517580.9740579985,fft20-fp32,3,4x4x12,512x512x256,16x16x16,tablextable,direct-stridedxdirect-strided,cufftdx-online-shared+cufftdx-online-shared+cufftdx-large-online,4,12,512,256,16,16,table,direct-strided,Tesla V100-SXM2-16GB,7.0,fft,fp32,forward,none,in-place,online-reorder,cufftdx-block,20,1048576,16,100,50,3.255562,5153400750.640891,0.001043,1
fft18-fp32_b16_d3_4x4x10_t512x512x512_e16x16x16_tt,fft18-fp32-batch16,3,fft18-fp32_b16_d3_4x4x10_t512x512x512_e16x16x16_tt,0,879395.2435144996,fft18-fp32,3,4x4x10,512x512x512,16x16x16,tablextable,direct-stridedxdirect-strided,cufftdx-online-shared+cufftdx-online-shared+cufftdx-online-shared,4,10,512,512,16,16,table,direct-strided,Tesla V100-SXM2-16GB,7.0,fft,fp32,forward,none,in-place,online-reorder,cufftdx-block,18,262144,16,100,50,0.716104,5857118400.941017,0.000512,1
fft18-fp32_b2_d3_4x4x10_t512x512x512_e16x16x16_tt,fft18-fp32-batch2,3,fft18-fp32_b2_d3_4x4x10_t512x512x512_e16x16x16_tt,0,120574.00543931246,fft18-fp32,3,4x4x10,512x512x512,16x16x16,tablextable,direct-stridedxdirect-strided,cufftdx-online-shared+cufftdx-online-shared+cufftdx-online-shared,4,10,512,512,16,16,table,direct-strided,Tesla V100-SXM2-16GB,7.0,fft,fp32,forward,none,in-place,online-reorder,cufftdx-block,18,262144,2,100,50,0.095683,5479451974.760900,0.000415,1
fft20-fp32_b16_d3_4x12x4_t128x512x128_e16x8x16_tt,fft20-fp32-batch16,2,fft20-fp32_b16_d3_4x12x4_t128x512x128_e16x8x16_tt,0,4902092.800000001,fft20-fp32,3,4x12x4,128x512x128,16x8x16,tablextable,direct-stridedxdirect-strided,cufftdx-online-shared+cufftdx-large-online+cufftdx-online-shared,4,4,128,128,16,16,table,direct-strided,Tesla V100-SXM2-16GB,7.0,fft,fp32,forward,none,in-place,online-reorder,cufftdx-block,20,1048576,16,100,50,4.094505,4097495712.760016,0.001152,1
fft18-fp32_b2_d3_3x5x10_t128x128x128_e8x16x16_tt,fft18-fp32-batch2,1,fft18-fp32_b2_d3_3x5x10_t128x128x128_e8x16x16_tt,0,201355.02291597112,fft18-fp32,3,3x5x10,128x128x128,8x16x16,tablextable,direct-stridedxdirect-strided,cufftdx-online-shared+cufftdx-online-shared+cufftdx-online-shared,3,10,128,128,8,16,table,direct-strided,Tesla V100-SXM2-16GB,7.0,fft,fp32,forward,none,in-place,online-reorder,cufftdx-block,18,262144,2,100,50,0.073810,7103218478.354228,0.000669,1
fft20-fp32_b8_p9s11_t128x256_e16x8_rec_tx,fft20-fp32-batch8,3,fft20-fp32_b8_p9s11_t128x256_e16x8_rec_tx,0,1783085.6107115808,fft20-fp32,2,9x11,128x256,16x8,recurrence,tiled-transpose,cufftdx-online-shared+cufftdx-large-online,9,11,128,256,16,8,recurrence,tiled-transpose,Tesla V100-SXM2-16GB,7.0,fft,fp32,forward,none,in-place,online-reorder,cufftdx-block,20,1048576,8,100,50,0.596910,14053385479.972321,0.001716,1
fft18-fp32_b16_p11s7_t256x128_e8x16_rec_ptx,fft18-fp32-batch16,1,fft18-fp32_b16_p11s7_t256x128_e8x16_rec_ptx,0,1018015.6028476105,fft18-fp32,2,11x7,256x128,8x16,recurrence,prefix-tiled-transpose,cufftdx-large-online+cufftdx-online-shared,11,7,256,128,8,16,recurrence,prefix-tiled-transpose,Tesla V100-SXM2-16GB,7.0,fft,fp32,forward,none,in-place,online-reorder,cufftdx-block,18,262144,16,100,50,0.369930,11338094522.865309,0.000633,1
fft20-fp32_b16_d3_3x5x12_t256x256x1024_e8x16x4_tt,fft20-fp32-batch16,2,fft20-fp32_b16_d3_3x5x12_t256x256x1024_e8x16x4_tt,0,9437184.0,fft20-fp32,3,3x5x12,256x256x1024,8x16x4,tablextable,direct-stridedxdirect-strided,cufftdx-online-shared+cufftdx-online-shared+cufftdx-large-online,3,12,256,1024,8,4,table,direct-strided,Tesla V100-SXM2-16GB,7.0,fft,fp32,forward,none,in-place,online-reorder,cufftdx-block,20,1048576,16,100,50,3.139543,5343840074.220026,0.001245,1
fft20-fp32_b16_p9s11_t128x256_e16x8_rec_tx,fft20-fp32-batch16,3,fft20-fp32_b16_p9s11_t128x256_e16x8_rec_tx,0,3566171.2214231617,fft20-fp32,2,9x11,128x256,16x8,recurrence,tiled-transpose,cufftdx-online-shared+cufftdx-large-online,9,11,128,256,16,8,recurrence,tiled-transpose,Tesla V100-SXM2-16GB,7.0,fft,fp32,forward,none,in-place,online-reorder,cufftdx-block,20,1048576,16,100,50,1.150423,14583518646.525839,0.001748,1
fft18-fp32_b64_p7s11_t128x256_e16x8_rec_tx,fft18-fp32-batch64,1,fft18-fp32_b64_p7s11_t128x256_e16x8_rec_tx,0,3566171.2214231617,fft18-fp32,2,7x11,128x256,16x8,recurrence,tiled-transpose,cufftdx-online-shared+cufftdx-large-online,7,11,128,256,16,8,recurrence,tiled-transpose,Tesla V100-SXM2-16GB,7.0,fft,fp32,forward,none,in-place,online-reorder,cufftdx-block,18,262144,64,100,50,1.148293,14610568896.885269,0.000672,1
fft18-fp32_b2_d3_3x12x3_t256x1024x256_e8x4x8_tt,fft18-fp32-batch2,2,fft18-fp32_b2_d3_3x12x3_t256x1024x256_e8x4x8_tt,0,356515.84,fft18-fp32,3,3x12x3,256x1024x256,8x4x8,tablextable,direct-stridedxdirect-strided,cufftdx-online-shared+cufftdx-large-online+cufftdx-online-shared,3,3,256,256,8,8,table,direct-strided,Tesla V100-SXM2-16GB,7.0,fft,fp32,forward,none,in-place,online-reorder,cufftdx-block,18,262144,2,100,50,0.086938,6030624341.246359,0.000391,1
fft18-fp32_b2_p7s11_t128x256_e16x8_rec_tx,fft18-fp32-batch2,1,fft18-fp32_b2_p7s11_t128x256_e16x8_rec_tx,0,135794.93600280714,fft18-fp32,2,7x11,128x256,16x8,recurrence,tiled-transpose,cufftdx-online-shared+cufftdx-large-online,7,11,128,256,16,8,recurrence,tiled-transpose,Tesla V100-SXM2-16GB,7.0,fft,fp32,forward,none,in-place,online-reorder,cufftdx-block,18,262144,2,100,50,0.036209,14479637695.522373,0.000682,1
fft20-fp32_b8_d3_4x12x4_t128x512x128_e16x8x16_tt,fft20-fp32-batch8,1,fft20-fp32_b8_d3_4x12x4_t128x512x128_e16x8x16_tt,0,2451046.4000000004,fft20-fp32,3,4x12x4,128x512x128,16x8x16,tablextable,direct-stridedxdirect-strided,cufftdx-online-shared+cufftdx-large-online+cufftdx-online-shared,4,4,128,128,16,16,table,direct-strided,Tesla V100-SXM2-16GB,7.0,fft,fp32,forward,none,in-place,online-reorder,cufftdx-block,20,1048576,8,100,50,2.034401,4123379444.147984,0.001035,1
fft18-fp32_b16_d3_3x5x10_t256x256x256_e8x16x16_tt,fft18-fp32-batch16,1,fft18-fp32_b16_d3_3x5x10_t256x256x256_e8x16x16_tt,0,1335588.9833277687,fft18-fp32,3,3x5x10,256x256x256,8x16x16,tablextable,direct-stridedxdirect-strided,cufftdx-online-shared+cufftdx-online-shared+cufftdx-online-shared,3,10,256,256,8,16,table,direct-strided,Tesla V100-SXM2-16GB,7.0,fft,fp32,forward,none,in-place,online-reorder,cufftdx-block,18,262144,16,100,50,0.535388,7834136467.555664,0.000691,1
fft20-fp32_b16_d3_3x7x10_t256x256x256_e8x16x16_tt,fft20-fp32-batch16,1,fft20-fp32_b16_d3_3x7x10_t256x256x256_e8x16x16_tt,0,5342355.933311075,fft20-fp32,3,3x7x10,256x256x256,8x16x16,tablextable,direct-stridedxdirect-strided,cufftdx-online-shared+cufftdx-online-shared+cufftdx-online-shared,3,10,256,256,8,16,table,direct-strided,Tesla V100-SXM2-16GB,7.0,fft,fp32,forward,none,in-place,online-reorder,cufftdx-block,20,1048576,16,100,50,2.251776,7450659456.822092,0.001283,1
fft18-fp32_b2_d3_11x4x3_t256x512x512_e8x16x8_tt,fft18-fp32-batch2,2,fft18-fp32_b2_d3_11x4x3_t256x512x512_e8x16x8_tt,0,246100.5835639647,fft18-fp32,3,11x4x3,256x512x512,8x16x8,tablextable,direct-stridedxdirect-strided,cufftdx-large-online+cufftdx-online-shared+cufftdx-online-shared,11,3,256,512,8,8,table,direct-strided,Tesla V100-SXM2-16GB,7.0,fft,fp32,forward,none,in-place,online-reorder,cufftdx-block,18,262144,2,100,50,0.088351,5934168278.851687,0.000518,1
fft20-fp32_b2_p9s11_t128x256_e16x8_rec_tx,fft20-fp32-batch2,3,fft20-fp32_b2_p9s11_t128x256_e16x8_rec_tx,0,445771.4026778952,fft20-fp32,2,9x11,128x256,16x8,recurrence,tiled-transpose,cufftdx-online-shared+cufftdx-large-online,9,11,128,256,16,8,recurrence,tiled-transpose,Tesla V100-SXM2-16GB,7.0,fft,fp32,forward,none,in-place,online-reorder,cufftdx-block,20,1048576,2,100,50,0.161976,12947275053.670696,0.001638,1
fft20-fp32_b16_d3_3x12x5_t128x512x128_e8x8x16_tt,fft20-fp32-batch16,1,fft20-fp32_b16_d3_3x12x5_t128x512x128_e8x8x16_tt,0,6529546.140713537,fft20-fp32,3,3x12x5,128x512x128,8x8x16,tablextable,direct-stridedxdirect-strided,cufftdx-online-shared+cufftdx-large-online+cufftdx-online-shared,3,5,128,128,8,16,table,direct-strided,Tesla V100-SXM2-16GB,7.0,fft,fp32,forward,none,in-place,online-reorder,cufftdx-block,20,1048576,16,100,50,2.946642,5693673152.056880,0.001393,1
fft18-fp32_b16_d3_4x11x3_t128x512x128_e16x4x8_tt,fft18-fp32-batch16,2,fft18-fp32_b16_d3_4x11x3_t128x512x128_e16x4x8_tt,0,2219468.9490830395,fft18-fp32,3,4x11x3,128x512x128,16x4x8,tablextable,direct-stridedxdirect-strided,cufftdx-online-shared+cufftdx-large-online+cufftdx-online-shared,4,3,128,128,16,8,table,direct-strided,Tesla V100-SXM2-16GB,7.0,fft,fp32,forward,none,in-place,online-reorder,cufftdx-block,18,262144,16,100,50,0.752169,5576279080.565873,0.000488,1
fft18-fp32_b64_d3_3x11x4_t256x1024x256_e8x2x16_tt,fft18-fp32-batch64,1,fft18-fp32_b64_d3_3x11x4_t256x1024x256_e8x2x16_tt,0,15676211.200000001,fft18-fp32,3,3x11x4,256x1024x256,8x2x16,tablextable,direct-stridedxdirect-strided,cufftdx-online-shared+cufftdx-large-online+cufftdx-online-shared,3,4,256,256,8,16,table,direct-strided,Tesla V100-SXM2-16GB,7.0,fft,fp32,forward,none,in-place,online-reorder,cufftdx-block,18,262144,64,100,50,3.580539,4685667732.063983,0.000397,1
fft20-fp32_b8_d3_3x5x12_t256x256x1024_e8x16x4_tt,fft20-fp32-batch8,3,fft20-fp32_b8_d3_3x5x12_t256x256x1024_e8x16x4_tt,0,4718592.0,fft20-fp32,3,3x5x12,256x256x1024,8x16x4,tablextable,direct-stridedxdirect-strided,cufftdx-online-shared+cufftdx-online-shared+cufftdx-large-online,3,12,256,1024,8,4,table,direct-strided,Tesla V100-SXM2-16GB,7.0,fft,fp32,forward,none,in-place,online-reorder,cufftdx-block,20,1048576,8,100,50,1.553961,5398209988.336836,0.001274,1
fft18-fp32_b16_d3_5x3x10_t256x256x256_e16x8x16_tt,fft18-fp32-batch16,1,fft18-fp32_b16_d3_5x3x10_t256x256x256_e16x8x16_tt,0,1225523.2000000002,fft18-fp32,3,5x3x10,256x256x256,16x8x16,tablextable,direct-stridedxdirect-strided,cufftdx-online-shared+cufftdx-online-shared+cufftdx-online-shared,5,10,256,256,16,16,table,direct-strided,Tesla V100-SXM2-16GB,7.0,fft,fp32,forward,none,in-place,online-reorder,cufftdx-block,18,262144,16,100,50,0.557752,7520011868.265677,0.000696,1
fft20-fp32_b8_d3_4x11x5_t128x512x128_e16x4x16_tt,fft20-fp32-batch8,2,fft20-fp32_b8_d3_4x11x5_t128x512x128_e16x4x16_tt,0,3932160.0,fft20-fp32,3,4x11x5,128x512x128,16x4x16,tablextable,direct-stridedxdirect-strided,cufftdx-online-shared+cufftdx-large-online+cufftdx-online-shared,4,5,128,128,16,16,table,direct-strided,Tesla V100-SXM2-16GB,7.0,fft,fp32,forward,none,in-place,online-reorder,cufftdx-block,20,1048576,8,100,50,1.620890,5175311315.031610,0.001234,1
fft20-fp32_b8_d3_5x3x12_t128x128x512_e16x8x8_tt,fft20-fp32-batch8,2,fft20-fp32_b8_d3_5x3x12_t128x128x512_e16x8x8_tt,0,2939152.10556854,fft20-fp32,3,5x3x12,128x128x512,16x8x8,tablextable,direct-stridedxdirect-strided,cufftdx-online-shared+cufftdx-online-shared+cufftdx-large-online,5,12,128,512,16,8,table,direct-strided,Tesla V100-SXM2-16GB,7.0,fft,fp32,forward,none,in-place,online-reorder,cufftdx-block,20,1048576,8,100,50,1.317376,6367664696.488898,0.001360,1
fft18-fp32_b64_d3_5x3x10_t128x128x128_e16x8x16_tt,fft18-fp32-batch64,3,fft18-fp32_b64_d3_5x3x10_t128x128x128_e16x8x16_tt,0,4902092.800000001,fft18-fp32,3,5x3x10,128x128x128,16x8x16,tablextable,direct-stridedxdirect-strided,cufftdx-online-shared+cufftdx-online-shared+cufftdx-online-shared,5,10,128,128,16,16,table,direct-strided,Tesla V100-SXM2-16GB,7.0,fft,fp32,forward,none,in-place,online-reorder,cufftdx-block,18,262144,64,100,50,1.836687,9134497613.482485,0.000735,1
fft18-fp32_b16_d3_4x4x10_t128x128x128_e16x16x16_tt,fft18-fp32-batch16,2,fft18-fp32_b16_d3_4x4x10_t128x128x128_e16x16x16_tt,0,879395.2435144996,fft18-fp32,3,4x4x10,128x128x128,16x16x16,tablextable,direct-stridedxdirect-strided,cufftdx-online-shared+cufftdx-online-shared+cufftdx-online-shared,4,10,128,128,16,16,table,direct-strided,Tesla V100-SXM2-16GB,7.0,fft,fp32,forward,none,in-place,online-reorder,cufftdx-block,18,262144,16,100,50,0.532275,7879953830.021984,0.000512,1
fft20-fp32_b16_d3_3x12x5_t128x512x128_e8x8x16_tt,fft20-fp32-batch16,3,fft20-fp32_b16_d3_3x12x5_t128x512x128_e8x8x16_tt,0,6529546.140713537,fft20-fp32,3,3x12x5,128x512x128,8x8x16,tablextable,direct-stridedxdirect-strided,cufftdx-online-shared+cufftdx-large-online+cufftdx-online-shared,3,5,128,128,8,16,table,direct-strided,Tesla V100-SXM2-16GB,7.0,fft,fp32,forward,none,in-place,online-reorder,cufftdx-block,20,1048576,16,100,50,2.945454,5695969216.582957,0.001393,1
fft18-fp32_b2_d3_5x3x10_t256x256x256_e16x8x16_tt,fft18-fp32-batch2,1,fft18-fp32_b2_d3_5x3x10_t256x256x256_e16x8x16_tt,0,185685.33333333334,fft18-fp32,3,5x3x10,256x256x256,16x8x16,tablextable,direct-stridedxdirect-strided,cufftdx-online-shared+cufftdx-online-shared+cufftdx-online-shared,5,10,256,256,16,16,table,direct-strided,Tesla V100-SXM2-16GB,7.0,fft,fp32,forward,none,in-place,online-reorder,cufftdx-block,18,262144,2,100,50,0.090501,5793166212.227792,0.000612,1
fft20-fp32_b2_d3_4x4x12_t128x128x512_e16x16x8_tt,fft20-fp32-batch2,2,fft20-fp32_b2_d3_4x4x12_t128x128x512_e16x16x8_tt,0,612761.6000000001,fft20-fp32,3,4x4x12,128x128x512,16x16x8,tablextable,direct-stridedxdirect-strided,cufftdx-online-shared+cufftdx-online-shared+cufftdx-large-online,4,12,128,512,16,8,table,direct-strided,Tesla V100-SXM2-16GB,7.0,fft,fp32,forward,none,in-place,online-reorder,cufftdx-block,20,1048576,2,100,50,0.352768,5944848041.047133,0.000994,1
fft18-fp32_b2_p7s11_t128x256_e16x8_rec_tx,fft18-fp32-batch2,3,fft18-fp32_b2_p7s11_t128x256_e16x8_rec_tx,0,135794.93600280714,fft18-fp32,2,7x11,128x256,16x8,recurrence,tiled-transpose,cufftdx-online-shared+cufftdx-large-online,7,11,128,256,16,8,recurrence,tiled-transpose,Tesla V100-SXM2-16GB,7.0,fft,fp32,forward,none,in-place,online-reorder,cufftdx-block,18,262144,2,100,50,0.036209,14479637695.522373,0.000682,1
fft18-fp32_b64_d3_3x4x11_t128x128x512_e8x16x4_tt,fft18-fp32-batch64,3,fft18-fp32_b64_d3_3x4x11_t128x128x512_e8x16x4_tt,0,9437184.0,fft18-fp32,3,3x4x11,128x128x512,8x16x4,tablextable,direct-stridedxdirect-strided,cufftdx-online-shared+cufftdx-online-shared+cufftdx-large-online,3,11,128,512,8,4,table,direct-strided,Tesla V100-SXM2-16GB,7.0,fft,fp32,forward,none,in-place,online-reorder,cufftdx-block,18,262144,64,100,50,1.840599,9115084520.072456,0.000521,1
fft18-fp32_b2_d3_11x3x4_t256x512x512_e8x8x16_tt,fft18-fp32-batch2,2,fft18-fp32_b2_d3_11x3x4_t256x512x512_e8x8x16_tt,0,246100.5835639647,fft18-fp32,3,11x3x4,256x512x512,8x8x16,tablextable,direct-stridedxdirect-strided,cufftdx-large-online+cufftdx-online-shared+cufftdx-online-shared,11,4,256,512,8,16,table,direct-strided,Tesla V100-SXM2-16GB,7.0,fft,fp32,forward,none,in-place,online-reorder,cufftdx-block,18,262144,2,100,50,0.083743,6260699223.031671,0.000549,1
fft20-fp32_b8_d3_5x12x3_t128x512x128_e16x8x8_tt,fft20-fp32-batch8,2,fft20-fp32_b8_d3_5x12x3_t128x512x128_e16x8x8_tt,0,2939152.10556854,fft20-fp32,3,5x12x3,128x512x128,16x8x8,tablextable,direct-stridedxdirect-strided,cufftdx-online-shared+cufftdx-large-online+cufftdx-online-shared,5,3,128,128,16,8,table,direct-strided,Tesla V100-SXM2-16GB,7.0,fft,fp32,forward,none,in-place,online-reorder,cufftdx-block,20,1048576,8,100,50,1.748910,4796477615.663257,0.001348,1
fft20-fp32_b2_d3_3x6x11_t256x256x1024_e8x16x2_tt,fft20-fp32-batch2,1,fft20-fp32_b2_d3_3x6x11_t256x256x1024_e8x16x2_tt,0,1959526.4000000001,fft20-fp32,3,3x6x11,256x256x1024,8x16x2,tablextable,direct-stridedxdirect-strided,cufftdx-online-shared+cufftdx-online-shared+cufftdx-large-online,3,11,256,1024,8,2,table,direct-strided,Tesla V100-SXM2-16GB,7.0,fft,fp32,forward,none,in-place,online-reorder,cufftdx-block,20,1048576,2,100,50,0.386478,5426315700.898176,0.000984,1
fft20-fp32_b16_d3_6x3x11_t128x128x512_e16x8x4_tt,fft20-fp32-batch16,3,fft20-fp32_b16_d3_6x3x11_t128x128x512_e16x8x4_tt,0,8877875.796332158,fft20-fp32,3,6x3x11,128x128x512,16x8x4,tablextable,direct-stridedxdirect-strided,cufftdx-online-shared+cufftdx-online-shared+cufftdx-large-online,6,11,128,512,16,4,table,direct-strided,Tesla V100-SXM2-16GB,7.0,fft,fp32,forward,none,in-place,online-reorder,cufftdx-block,20,1048576,16,100,50,2.537062,6612851129.224297,0.001255,1
fft18-fp32_b2_d3_4x3x11_t128x128x512_e16x8x4_tt,fft18-fp32-batch2,1,fft18-fp32_b2_d3_4x3x11_t128x128x512_e16x8x4_tt,0,332866.15196871327,fft18-fp32,3,4x3x11,128x128x512,16x8x4,tablextable,direct-stridedxdirect-strided,cufftdx-online-shared+cufftdx-online-shared+cufftdx-large-online,4,11,128,512,16,4,table,direct-strided,Tesla V100-SXM2-16GB,7.0,fft,fp32,forward,none,in-place,online-reorder,cufftdx-block,18,262144,2,100,50,0.073236,7158836654.311239,0.000411,1
fft18-fp32_b16_d3_3x5x10_t256x256x256_e8x16x16_tt,fft18-fp32-batch16,2,fft18-fp32_b16_d3_3x5x10_t256x256x256_e8x16x16_tt,0,1335588.9833277687,fft18-fp32,3,3x5x10,256x256x256,8x16x16,tablextable,direct-stridedxdirect-strided,cufftdx-online-shared+cufftdx-online-shared+cufftdx-online-shared,3,10,256,256,8,16,table,direct-strided,Tesla V100-SXM2-16GB,7.0,fft,fp32,forward,none,in-place,online-reorder,cufftdx-block,18,262144,16,100,50,0.535347,7834735695.998368,0.000691,1
fft18-fp32_b2_d3_5x3x10_t128x128x128_e16x8x16_tt,fft18-fp32-batch2,1,fft18-fp32_b2_d3_5x3x10_t128x128x128_e16x8x16_tt,0,185685.33333333334,fft18-fp32,3,5x3x10,128x128x128,16x8x16,tablextable,direct-stridedxdirect-strided,cufftdx-online-shared+cufftdx-online-shared+cufftdx-online-shared,5,10,128,128,16,16,table,direct-strided,Tesla V100-SXM2-16GB,7.0,fft,fp32,forward,none,in-place,online-reorder,cufftdx-block,18,262144,2,100,50,0.080978,6474456509.283195,0.000612,1
fft18-fp32_b2_d3_3x12x3_t128x512x128_e8x8x8_tt,fft18-fp32-batch2,2,fft18-fp32_b2_d3_3x12x3_t128x512x128_e8x8x8_tt,0,269546.94421195827,fft18-fp32,3,3x12x3,128x512x128,8x8x8,tablextable,direct-stridedxdirect-strided,cufftdx-online-shared+cufftdx-large-online+cufftdx-online-shared,3,3,128,128,8,8,table,direct-strided,Tesla V100-SXM2-16GB,7.0,fft,fp32,forward,none,in-place,online-reorder,cufftdx-block,18,262144,2,100,50,0.081101,6464646532.933951,0.000440,1
fft20-fp32_b2_d3_6x3x11_t128x128x512_e16x8x4_tt,fft20-fp32-batch2,1,fft20-fp32_b2_d3_6x3x11_t128x128x512_e16x8x4_tt,0,1109734.4745415198,fft20-fp32,3,6x3x11,128x128x512,16x8x4,tablextable,direct-stridedxdirect-strided,cufftdx-online-shared+cufftdx-online-shared+cufftdx-large-online,6,11,128,512,16,4,table,direct-strided,Tesla V100-SXM2-16GB,7.0,fft,fp32,forward,none,in-place,online-reorder,cufftdx-block,20,1048576,2,100,50,0.315965,6637282781.462928,0.001007,1
fft20-fp32_b2_d3_5x12x3_t128x512x128_e16x8x8_tt,fft20-fp32-batch2,1,fft20-fp32_b2_d3_5x12x3_t128x512x128_e16x8x8_tt,0,734788.026392135,fft20-fp32,3,5x12x3,128x512x128,16x8x8,tablextable,direct-stridedxdirect-strided,cufftdx-online-shared+cufftdx-large-online+cufftdx-online-shared,5,3,128,128,16,8,table,direct-strided,Tesla V100-SXM2-16GB,7.0,fft,fp32,forward,none,in-place,online-reorder,cufftdx-block,20,1048576,2,100,50,0.435917,4810899899.614273,0.001315,1
fft20-fp32_b2_p9s11_t128x256_e16x8_rec_tx,fft20-fp32-batch2,2,fft20-fp32_b2_p9s11_t128x256_e16x8_rec_tx,0,445771.4026778952,fft20-fp32,2,9x11,128x256,16x8,recurrence,tiled-transpose,cufftdx-online-shared+cufftdx-large-online,9,11,128,256,16,8,recurrence,tiled-transpose,Tesla V100-SXM2-16GB,7.0,fft,fp32,forward,none,in-place,online-reorder,cufftdx-block,20,1048576,2,100,50,0.161874,12955466639.430428,0.001638,1
fft18-fp32_b16_d3_5x3x10_t128x128x128_e16x8x16_tt,fft18-fp32-batch16,3,fft18-fp32_b16_d3_5x3x10_t128x128x128_e16x8x16_tt,0,1225523.2000000002,fft18-fp32,3,5x3x10,128x128x128,16x8x16,tablextable,direct-stridedxdirect-strided,cufftdx-online-shared+cufftdx-online-shared+cufftdx-online-shared,5,10,128,128,16,16,table,direct-strided,Tesla V100-SXM2-16GB,7.0,fft,fp32,forward,none,in-place,online-reorder,cufftdx-block,18,262144,16,100,50,0.515338,8138934116.906880,0.000696,1
fft18-fp32_b2_d3_3x3x12_t256x256x1024_e8x8x4_tt,fft18-fp32-batch2,3,fft18-fp32_b2_d3_3x3x12_t256x256x1024_e8x8x4_tt,0,356515.84,fft18-fp32,3,3x3x12,256x256x1024,8x8x4,tablextable,direct-stridedxdirect-strided,cufftdx-online-shared+cufftdx-online-shared+cufftdx-large-online,3,12,256,1024,8,4,table,direct-strided,Tesla V100-SXM2-16GB,7.0,fft,fp32,forward,none,in-place,online-reorder,cufftdx-block,18,262144,2,100,50,0.072827,7199099649.170779,0.000440,1
fft20-fp32_b2_d3_6x3x11_t128x128x512_e16x8x4_tt,fft20-fp32-batch2,3,fft20-fp32_b2_d3_6x3x11_t128x128x512_e16x8x4_tt,0,1109734.4745415198,fft20-fp32,3,6x3x11,128x128x512,16x8x4,tablextable,direct-stridedxdirect-strided,cufftdx-online-shared+cufftdx-online-shared+cufftdx-large-online,6,11,128,512,16,4,table,direct-strided,Tesla V100-SXM2-16GB,7.0,fft,fp32,forward,none,in-place,online-reorder,cufftdx-block,20,1048576,2,100,50,0.318566,6583092010.822395,0.001007,1
fft20-fp32_b16_d3_6x11x3_t128x512x128_e16x4x8_tt,fft20-fp32-batch16,2,fft20-fp32_b16_d3_6x11x3_t128x512x128_e16x4x8_tt,0,8877875.796332158,fft20-fp32,3,6x11x3,128x512x128,16x4x8,tablextable,direct-stridedxdirect-strided,cufftdx-online-shared+cufftdx-large-online+cufftdx-online-shared,6,3,128,128,16,8,table,direct-strided,Tesla V100-SXM2-16GB,7.0,fft,fp32,forward,none,in-place,online-reorder,cufftdx-block,20,1048576,16,100,50,3.368387,4980787081.578566,0.001152,1
fft18-fp32_b16_d3_3x12x3_t256x1024x256_e8x4x8_tt,fft18-fp32-batch16,2,fft18-fp32_b16_d3_3x12x3_t256x1024x256_e8x4x8_tt,0,2451046.4000000004,fft18-fp32,3,3x12x3,256x1024x256,8x4x8,tablextable,direct-stridedxdirect-strided,cufftdx-online-shared+cufftdx-large-online+cufftdx-online-shared,3,3,256,256,8,8,table,direct-strided,Tesla V100-SXM2-16GB,7.0,fft,fp32,forward,none,in-place,online-reorder,cufftdx-block,18,262144,16,100,50,0.793723,5284342752.752703,0.000488,1
fft20-fp32_b16_d3_6x11x3_t128x512x128_e16x4x8_tt,fft20-fp32-batch16,3,fft20-fp32_b16_d3_6x11x3_t128x512x128_e16x4x8_tt,0,8877875.796332158,fft20-fp32,3,6x11x3,128x512x128,16x4x8,tablextable,direct-stridedxdirect-strided,cufftdx-online-shared+cufftdx-large-online+cufftdx-online-shared,6,3,128,128,16,8,table,direct-strided,Tesla V100-SXM2-16GB,7.0,fft,fp32,forward,none,in-place,online-reorder,cufftdx-block,20,1048576,16,100,50,3.353580,5002778641.163913,0.001152,1
fft18-fp32_b64_d3_3x4x11_t256x256x1024_e8x16x2_tt,fft18-fp32-batch64,1,fft18-fp32_b64_d3_3x4x11_t256x256x1024_e8x16x2_tt,0,15676211.200000001,fft18-fp32,3,3x4x11,256x256x1024,8x16x2,tablextable,direct-stridedxdirect-strided,cufftdx-online-shared+cufftdx-online-shared+cufftdx-large-online,3,11,256,1024,8,2,table,direct-strided,Tesla V100-SXM2-16GB,7.0,fft,fp32,forward,none,in-place,online-reorder,cufftdx-block,18,262144,64,100,50,2.023363,8291749435.717822,0.000397,1
fft20-fp32_b8_d3_6x11x3_t128x512x128_e16x4x8_tt,fft20-fp32-batch8,3,fft20-fp32_b8_d3_6x11x3_t128x512x128_e16x4x8_tt,0,4438937.898166079,fft20-fp32,3,6x11x3,128x512x128,16x4x8,tablextable,direct-stridedxdirect-strided,cufftdx-online-shared+cufftdx-large-online+cufftdx-online-shared,6,3,128,128,16,8,table,direct-strided,Tesla V100-SXM2-16GB,7.0,fft,fp32,forward,none,in-place,online-reorder,cufftdx-block,20,1048576,8,100,50,1.695560,4947397488.731867,0.001120,1
fft18-fp32_b64_d3_3x11x4_t256x1024x256_e8x2x16_tt,fft18-fp32-batch64,3,fft18-fp32_b64_d3_3x11x4_t256x1024x256_e8x2x16_tt,0,15676211.200000001,fft18-fp32,3,3x11x4,256x1024x256,8x2x16,tablextable,direct-stridedxdirect-strided,cufftdx-online-shared+cufftdx-large-online+cufftdx-online-shared,3,4,256,256,8,16,table,direct-strided,Tesla V100-SXM2-16GB,7.0,fft,fp32,forward,none,in-place,online-reorder,cufftdx-block,18,262144,64,100,50,3.574456,4693641491.548360,0.000397,1
fft18-fp32_b64_d3_11x3x4_t256x512x512_e8x8x16_tt,fft18-fp32-batch64,3,fft18-fp32_b64_d3_11x3x4_t256x512x512_e8x8x16_tt,0,6529546.140713537,fft18-fp32,3,11x3x4,256x512x512,8x8x16,tablextable,direct-stridedxdirect-strided,cufftdx-large-online+cufftdx-online-shared+cufftdx-online-shared,11,4,256,512,8,16,table,direct-strided,Tesla V100-SXM2-16GB,7.0,fft,fp32,forward,none,in-place,online-reorder,cufftdx-block,18,262144,64,100,50,2.319852,7232021105.675619,0.000568,1
fft20-fp32_b2_d3_3x7x10_t128x128x128_e8x16x16_tt,fft20-fp32-batch2,3,fft20-fp32_b2_d3_3x7x10_t128x128x128_e8x16x16_tt,0,667794.4916638844,fft20-fp32,3,3x7x10,128x128x128,8x16x16,tablextable,direct-stridedxdirect-strided,cufftdx-online-shared+cufftdx-online-shared+cufftdx-online-shared,3,10,128,128,8,16,table,direct-strided,Tesla V100-SXM2-16GB,7.0,fft,fp32,forward,none,in-place,online-reorder,cufftdx-block,20,1048576,2,100,50,0.332063,6315529765.250881,0.001050,1
fft20-fp32_b8_d3_3x12x5_t128x512x128_e8x8x16_tt,fft20-fp32-batch8,1,fft20-fp32_b8_d3_3x12x5_t128x512x128_e8x8x16_tt,0,3264773.0703567686,fft20-fp32,3,3x12x5,128x512x128,8x8x16,tablextable,direct-stridedxdirect-strided,cufftdx-online-shared+cufftdx-large-online+cufftdx-online-shared,3,5,128,128,8,16,table,direct-strided,Tesla V100-SXM2-16GB,7.0,fft,fp32,forward,none,in-place,online-reorder,cufftdx-block,20,1048576,8,100,50,1.484882,5649343644.673144,0.001365,1
fft18-fp32_b16_d3_3x12x3_t256x1024x256_e8x4x8_tt,fft18-fp32-batch16,1,fft18-fp32_b16_d3_3x12x3_t256x1024x256_e8x4x8_tt,0,2451046.4000000004,fft18-fp32,3,3x12x3,256x1024x256,8x4x8,tablextable,direct-stridedxdirect-strided,cufftdx-online-shared+cufftdx-large-online+cufftdx-online-shared,3,3,256,256,8,8,table,direct-strided,Tesla V100-SXM2-16GB,7.0,fft,fp32,forward,none,in-place,online-reorder,cufftdx-block,18,262144,16,100,50,0.794214,5281072535.228279,0.000488,1
fft20-fp32_b2_d3_4x11x5_t128x512x128_e16x4x16_tt,fft20-fp32-batch2,1,fft20-fp32_b2_d3_4x11x5_t128x512x128_e16x4x16_tt,0,983040.0,fft20-fp32,3,4x11x5,128x512x128,16x4x16,tablextable,direct-stridedxdirect-strided,cufftdx-online-shared+cufftdx-large-online+cufftdx-online-shared,4,5,128,128,16,16,table,direct-strided,Tesla V100-SXM2-16GB,7.0,fft,fp32,forward,none,in-place,online-reorder,cufftdx-block,20,1048576,2,100,50,0.402063,5215973793.630839,0.001234,1
fft18-fp32_b64_d3_3x12x3_t256x1024x256_e8x4x8_tt,fft18-fp32-batch64,1,fft18-fp32_b64_d3_3x12x3_t256x1024x256_e8x4x8_tt,0,9804185.600000001,fft18-fp32,3,3x12x3,256x1024x256,8x4x8,tablextable,direct-stridedxdirect-strided,cufftdx-online-shared+cufftdx-large-online+cufftdx-online-shared,3,3,256,256,8,8,table,direct-strided,Tesla V100-SXM2-16GB,7.0,fft,fp32,forward,none,in-place,online-reorder,cufftdx-block,18,262144,64,100,50,3.044966,5509819639.851968,0.000489,1
fft20-fp32_b16_p11s9_t256x128_e8x16_rec_ptx,fft20-fp32-batch16,3,fft20-fp32_b16_p11s9_t256x128_e8x16_rec_ptx,0,4072062.411390442,fft20-fp32,2,11x9,256x128,8x16,recurrence,prefix-tiled-transpose,cufftdx-large-online+cufftdx-online-shared,11,9,256,128,8,16,recurrence,prefix-tiled-transpose,Tesla V100-SXM2-16GB,7.0,fft,fp32,forward,none,in-place,online-reorder,cufftdx-block,20,1048576,16,100,50,1.472430,11394235886.859064,0.001713,1
fft18-fp32_b64_p7s11_t128x256_e16x8_rec_tx,fft18-fp32-batch64,3,fft18-fp32_b64_p7s11_t128x256_e16x8_rec_tx,0,3566171.2214231617,fft18-fp32,2,7x11,128x256,16x8,recurrence,tiled-transpose,cufftdx-online-shared+cufftdx-large-online,7,11,128,256,16,8,recurrence,tiled-transpose,Tesla V100-SXM2-16GB,7.0,fft,fp32,forward,none,in-place,online-reorder,cufftdx-block,18,262144,64,100,50,1.148744,14604839208.511097,0.000672,1
fft20-fp32_b8_d3_4x12x4_t128x512x128_e16x8x16_tt,fft20-fp32-batch8,3,fft20-fp32_b8_d3_4x12x4_t128x512x128_e16x8x16_tt,0,2451046.4000000004,fft20-fp32,3,4x12x4,128x512x128,16x8x16,tablextable,direct-stridedxdirect-strided,cufftdx-online-shared+cufftdx-large-online+cufftdx-online-shared,4,4,128,128,16,16,table,direct-strided,Tesla V100-SXM2-16GB,7.0,fft,fp32,forward,none,in-place,online-reorder,cufftdx-block,20,1048576,8,100,50,2.077450,4037934433.015227,0.001035,1
fft20-fp32_b2_d3_3x12x5_t128x512x128_e8x8x16_tt,fft20-fp32-batch2,1,fft20-fp32_b2_d3_3x12x5_t128x512x128_e8x8x16_tt,0,816193.2675891921,fft20-fp32,3,3x12x5,128x512x128,8x8x16,tablextable,direct-stridedxdirect-strided,cufftdx-online-shared+cufftdx-large-online+cufftdx-online-shared,3,5,128,128,8,16,table,direct-strided,Tesla V100-SXM2-16GB,7.0,fft,fp32,forward,none,in-place,online-reorder,cufftdx-block,20,1048576,2,100,50,0.383140,5473594059.886559,0.001274,1
fft20-fp32_b8_d3_5x3x12_t128x128x512_e16x8x8_tt,fft20-fp32-batch8,1,fft20-fp32_b8_d3_5x3x12_t128x128x512_e16x8x8_tt,0,2939152.10556854,fft20-fp32,3,5x3x12,128x128x512,16x8x8,tablextable,direct-stridedxdirect-strided,cufftdx-online-shared+cufftdx-online-shared+cufftdx-large-online,5,12,128,512,16,8,table,direct-strided,Tesla V100-SXM2-16GB,7.0,fft,fp32,forward,none,in-place,online-reorder,cufftdx-block,20,1048576,8,100,50,1.314079,6383642070.019198,0.001360,1
fft20-fp32_b8_d3_7x3x10_t128x128x128_e16x8x16_tt,fft20-fp32-batch8,1,fft20-fp32_b8_d3_7x3x10_t128x128x128_e16x8x16_tt,0,2451046.4000000004,fft20-fp32,3,7x3x10,128x128x128,16x8x16,tablextable,direct-stridedxdirect-strided,cufftdx-online-shared+cufftdx-online-shared+cufftdx-online-shared,7,10,128,128,16,16,table,direct-strided,Tesla V100-SXM2-16GB,7.0,fft,fp32,forward,none,in-place,online-reorder,cufftdx-block,20,1048576,8,100,50,1.045729,8021777877.220263,0.001245,1
fft20-fp32_b8_p9s11_t128x256_e16x8_rec_tx,fft20-fp32-batch8,2,fft20-fp32_b8_p9s11_t128x256_e16x8_rec_tx,0,1783085.6107115808,fft20-fp32,2,9x11,128x256,16x8,recurrence,tiled-transpose,cufftdx-online-shared+cufftdx-large-online,9,11,128,256,16,8,recurrence,tiled-transpose,Tesla V100-SXM2-16GB,7.0,fft,fp32,forward,none,in-place,online-reorder,cufftdx-block,20,1048576,8,100,50,0.582820,14393141276.339542,0.001716,1
fft20-fp32_b16_d3_6x3x11_t128x128x512_e16x8x4_tt,fft20-fp32-batch16,1,fft20-fp32_b16_d3_6x3x11_t128x128x512_e16x8x4_tt,0,8877875.796332158,fft20-fp32,3,6x3x11,128x128x512,16x8x4,tablextable,direct-stridedxdirect-strided,cufftdx-online-shared+cufftdx-online-shared+cufftdx-large-online,6,11,128,512,16,4,table,direct-strided,Tesla V100-SXM2-16GB,7.0,fft,fp32,forward,none,in-place,online-reorder,cufftdx-block,20,1048576,16,100,50,2.531267,6627992250.250026,0.001255,1
fft18-fp32_b16_d3_5x3x10_t128x128x128_e16x8x16_tt,fft18-fp32-batch16,2,fft18-fp32_b16_d3_5x3x10_t128x128x128_e16x8x16_tt,0,1225523.2000000002,fft18-fp32,3,5x3x10,128x128x128,16x8x16,tablextable,direct-stridedxdirect-strided,cufftdx-online-shared+cufftdx-online-shared+cufftdx-online-shared,5,10,128,128,16,16,table,direct-strided,Tesla V100-SXM2-16GB,7.0,fft,fp32,forward,none,in-place,online-reorder,cufftdx-block,18,262144,16,100,50,0.515174,8141522735.774469,0.000696,1
fft18-fp32_b64_d3_3x11x4_t128x512x128_e8x4x16_tt,fft18-fp32-batch64,2,fft18-fp32_b64_d3_3x11x4_t128x512x128_e8x4x16_tt,0,9437184.0,fft18-fp32,3,3x11x4,128x512x128,8x4x16,tablextable,direct-stridedxdirect-strided,cufftdx-online-shared+cufftdx-large-online+cufftdx-online-shared,3,4,128,128,8,16,table,direct-strided,Tesla V100-SXM2-16GB,7.0,fft,fp32,forward,none,in-place,online-reorder,cufftdx-block,18,262144,64,100,50,3.344896,5015766350.903488,0.000553,1
fft20-fp32_b16_d3_7x10x3_t128x128x128_e16x16x8_tt,fft20-fp32-batch16,1,fft20-fp32_b16_d3_7x10x3_t128x128x128_e16x16x8_tt,0,4902092.800000001,fft20-fp32,3,7x10x3,128x128x128,16x16x8,tablextable,direct-stridedxdirect-strided,cufftdx-online-shared+cufftdx-online-shared+cufftdx-online-shared,7,3,128,128,16,8,table,direct-strided,Tesla V100-SXM2-16GB,7.0,fft,fp32,forward,none,in-place,online-reorder,cufftdx-block,20,1048576,16,100,50,3.154923,5317788632.354315,0.001125,1
fft20-fp32_b2_d3_4x6x10_t128x128x128_e16x16x16_tt,fft20-fp32-batch2,3,fft20-fp32_b2_d3_4x6x10_t128x128x128_e16x16x16_tt,0,439697.6217572498,fft20-fp32,3,4x6x10,128x128x128,16x16x16,tablextable,direct-stridedxdirect-strided,cufftdx-online-shared+cufftdx-online-shared+cufftdx-online-shared,4,10,128,128,16,16,table,direct-strided,Tesla V100-SXM2-16GB,7.0,fft,fp32,forward,none,in-place,online-reorder,cufftdx-block,20,1048576,2,100,50,0.349184,6005864991.657101,0.001234,1
fft20-fp32_b2_d3_3x7x10_t128x128x128_e8x16x16_tt,fft20-fp32-batch2,1,fft20-fp32_b2_d3_3x7x10_t128x128x128_e8x16x16_tt,0,667794.4916638844,fft20-fp32,3,3x7x10,128x128x128,8x16x16,tablextable,direct-stridedxdirect-strided,cufftdx-online-shared+cufftdx-online-shared+cufftdx-online-shared,3,10,128,128,8,16,table,direct-strided,Tesla V100-SXM2-16GB,7.0,fft,fp32,forward,none,in-place,online-reorder,cufftdx-block,20,1048576,2,100,50,0.332718,6303090098.952667,0.001050,1
fft20-fp32_b16_d3_3x6x11_t256x256x1024_e8x16x2_tt,fft20-fp32-batch16,3,fft20-fp32_b16_d3_3x6x11_t256x256x1024_e8x16x2_tt,0,15676211.200000001,fft20-fp32,3,3x6x11,256x256x1024,8x16x2,tablextable,direct-stridedxdirect-strided,cufftdx-online-shared+cufftdx-online-shared+cufftdx-large-online,3,11,256,1024,8,2,table,direct-strided,Tesla V100-SXM2-16GB,7.0,fft,fp32,forward,none,in-place,online-reorder,cufftdx-block,20,1048576,16,100,50,2.988175,5614535225.766588,0.001014,1
fft20-fp32_b8_d3_4x12x4_t128x512x128_e16x8x16_tt,fft20-fp32-batch8,2,fft20-fp32_b8_d3_4x12x4_t128x512x128_e16x8x16_tt,0,2451046.4000000004,fft20-fp32,3,4x12x4,128x512x128,16x8x16,tablextable,direct-stridedxdirect-strided,cufftdx-online-shared+cufftdx-large-online+cufftdx-online-shared,4,4,128,128,16,16,table,direct-strided,Tesla V100-SXM2-16GB,7.0,fft,fp32,forward,none,in-place,online-reorder,cufftdx-block,20,1048576,8,100,50,2.035814,4120517308.804116,0.001035,1
fft18-fp32_b16_d3_3x3x12_t256x256x1024_e8x8x4_tt,fft18-fp32-batch16,1,fft18-fp32_b16_d3_3x3x12_t256x256x1024_e8x8x4_tt,0,2451046.4000000004,fft18-fp32,3,3x3x12,256x256x1024,8x8x4,tablextable,direct-stridedxdirect-strided,cufftdx-online-shared+cufftdx-online-shared+cufftdx-large-online,3,12,256,1024,8,4,table,direct-strided,Tesla V100-SXM2-16GB,7.0,fft,fp32,forward,none,in-place,online-reorder,cufftdx-block,18,262144,16,100,50,0.495145,8470860679.561736,0.000432,1
fft18-fp32_b16_d3_3x4x11_t128x128x512_e8x16x4_tt,fft18-fp32-batch16,3,fft18-fp32_b16_d3_3x4x11_t128x128x512_e8x16x4_tt,0,2359296.0,fft18-fp32,3,3x4x11,128x128x512,8x16x4,tablextable,direct-stridedxdirect-strided,cufftdx-online-shared+cufftdx-online-shared+cufftdx-large-online,3,11,128,512,8,4,table,direct-strided,Tesla V100-SXM2-16GB,7.0,fft,fp32,forward,none,in-place,online-reorder,cufftdx-block,18,262144,16,100,50,0.495411,8466308607.047687,0.000489,1
fft20-fp32_b8_d3_3x6x11_t128x128x512_e8x16x4_tt,fft20-fp32-batch8,3,fft20-fp32_b8_d3_3x6x11_t128x128x512_e8x16x4_tt,0,4718592.0,fft20-fp32,3,3x6x11,128x128x512,8x16x4,tablextable,direct-stridedxdirect-strided,cufftdx-online-shared+cufftdx-online-shared+cufftdx-large-online,3,11,128,512,8,4,table,direct-strided,Tesla V100-SXM2-16GB,7.0,fft,fp32,forward,none,in-place,online-reorder,cufftdx-block,20,1048576,8,100,50,1.496003,5607348712.447365,0.001109,1
fft20-fp32_b8_p11s9_t256x128_e8x16_rec_ptx,fft20-fp32-batch8,2,fft20-fp32_b8_p11s9_t256x128_e8x16_rec_ptx,0,2036031.205695221,fft20-fp32,2,11x9,256x128,8x16,recurrence,prefix-tiled-transpose,cufftdx-large-online+cufftdx-online-shared,11,9,256,128,8,16,recurrence,prefix-tiled-transpose,Tesla V100-SXM2-16GB,7.0,fft,fp32,forward,none,in-place,online-reorder,cufftdx-block,20,1048576,8,100,50,0.735150,11410741852.154230,0.001587,1
fft18-fp32_b64_p11s7_t256x128_e8x16_rec_ptx,fft18-fp32-batch64,3,fft18-fp32_b64_p11s7_t256x128_e8x16_rec_ptx,0,4072062.411390442,fft18-fp32,2,11x7,256x128,8x16,recurrence,prefix-tiled-transpose,cufftdx-large-online+cufftdx-online-shared,11,7,256,128,8,16,recurrence,prefix-tiled-transpose,Tesla V100-SXM2-16GB,7.0,fft,fp32,forward,none,in-place,online-reorder,cufftdx-block,18,262144,64,100,50,1.333310,12583136629.009985,0.000697,1
fft20-fp32_b2_d3_3x12x5_t128x512x128_e8x8x16_tt,fft20-fp32-batch2,3,fft20-fp32_b2_d3_3x12x5_t128x512x128_e8x8x16_tt,0,816193.2675891921,fft20-fp32,3,3x12x5,128x512x128,8x8x16,tablextable,direct-stridedxdirect-strided,cufftdx-online-shared+cufftdx-large-online+cufftdx-online-shared,3,5,128,128,8,16,table,direct-strided,Tesla V100-SXM2-16GB,7.0,fft,fp32,forward,none,in-place,online-reorder,cufftdx-block,20,1048576,2,100,50,0.384389,5455805033.452892,0.001274,1
fft20-fp32_b8_d3_5x12x3_t128x512x128_e16x8x8_tt,fft20-fp32-batch8,1,fft20-fp32_b8_d3_5x12x3_t128x512x128_e16x8x8_tt,0,2939152.10556854,fft20-fp32,3,5x12x3,128x512x128,16x8x8,tablextable,direct-stridedxdirect-strided,cufftdx-online-shared+cufftdx-large-online+cufftdx-online-shared,5,3,128,128,16,8,table,direct-strided,Tesla V100-SXM2-16GB,7.0,fft,fp32,forward,none,in-place,online-reorder,cufftdx-block,20,1048576,8,100,50,1.716900,4885904028.333055,0.001348,1
fft18-fp32_b16_d3_4x11x3_t128x512x128_e16x4x8_tt,fft18-fp32-batch16,3,fft18-fp32_b16_d3_4x11x3_t128x512x128_e16x4x8_tt,0,2219468.9490830395,fft18-fp32,3,4x11x3,128x512x128,16x4x8,tablextable,direct-stridedxdirect-strided,cufftdx-online-shared+cufftdx-large-online+cufftdx-online-shared,4,3,128,128,16,8,table,direct-strided,Tesla V100-SXM2-16GB,7.0,fft,fp32,forward,none,in-place,online-reorder,cufftdx-block,18,262144,16,100,50,0.751800,5579013479.116817,0.000488,1
fft20-fp32_b8_d3_4x4x12_t128x128x512_e16x16x8_tt,fft20-fp32-batch8,2,fft20-fp32_b8_d3_4x4x12_t128x128x512_e16x16x8_tt,0,2451046.4000000004,fft20-fp32,3,4x4x12,128x128x512,16x16x8,tablextable,direct-stridedxdirect-strided,cufftdx-online-shared+cufftdx-online-shared+cufftdx-large-online,4,12,128,512,16,8,table,direct-strided,Tesla V100-SXM2-16GB,7.0,fft,fp32,forward,none,in-place,online-reorder,cufftdx-block,20,1048576,8,100,50,1.486295,5643972485.737747,0.001049,1
fft20-fp32_b2_d3_5x3x12_t128x128x512_e16x8x8_tt,fft20-fp32-batch2,3,fft20-fp32_b2_d3_5x3x12_t128x128x512_e16x8x8_tt,0,734788.026392135,fft20-fp32,3,5x3x12,128x128x512,16x8x8,tablextable,direct-stridedxdirect-strided,cufftdx-online-shared+cufftdx-online-shared+cufftdx-large-online,5,12,128,512,16,8,table,direct-strided,Tesla V100-SXM2-16GB,7.0,fft,fp32,forward,none,in-place,online-reorder,cufftdx-block,20,1048576,2,100,50,0.319222,6569577112.934792,0.001315,1
fft18-fp32_b2_d3_3x11x4_t256x1024x256_e8x2x16_tt,fft18-fp32-batch2,1,fft18-fp32_b2_d3_3x11x4_t256x1024x256_e8x2x16_tt,0,577809.0666666667,fft18-fp32,3,3x11x4,256x1024x256,8x2x16,tablextable,direct-stridedxdirect-strided,cufftdx-online-shared+cufftdx-large-online+cufftdx-online-shared,3,4,256,256,8,16,table,direct-strided,Tesla V100-SXM2-16GB,7.0,fft,fp32,forward,none,in-place,online-reorder,cufftdx-block,18,262144,2,100,50,0.103813,5050305455.106455,0.000348,1
fft20-fp32_b16_d3_3x5x12_t256x256x1024_e8x16x4_tt,fft20-fp32-batch16,3,fft20-fp32_b16_d3_3x5x12_t256x256x1024_e8x16x4_tt,0,9437184.0,fft20-fp32,3,3x5x12,256x256x1024,8x16x4,tablextable,direct-stridedxdirect-strided,cufftdx-online-shared+cufftdx-online-shared+cufftdx-large-online,3,12,256,1024,8,4,table,direct-strided,Tesla V100-SXM2-16GB,7.0,fft,fp32,forward,none,in-place,online-reorder,cufftdx-block,20,1048576,16,100,50,3.136922,5348305728.631229,0.001245,1
fft20-fp32_b16_d3_3x6x11_t256x256x1024_e8x16x2_tt,fft20-fp32-batch16,1,fft20-fp32_b16_d3_3x6x11_t256x256x1024_e8x16x2_tt,0,15676211.200000001,fft20-fp32,3,3x6x11,256x256x1024,8x16x2,tablextable,direct-stridedxdirect-strided,cufftdx-online-shared+cufftdx-online-shared+cufftdx-large-online,3,11,256,1024,8,2,table,direct-strided,Tesla V100-SXM2-16GB,7.0,fft,fp32,forward,none,in-place,online-reorder,cufftdx-block,20,1048576,16,100,50,2.979861,5630201732.973256,0.001014,1
fft20-fp32_b16_d3_3x5x12_t128x128x512_e8x16x8_tt,fft20-fp32-batch16,1,fft20-fp32_b16_d3_3x5x12_t128x128x512_e8x16x8_tt,0,6529546.140713537,fft20-fp32,3,3x5x12,128x128x512,8x16x8,tablextable,direct-stridedxdirect-strided,cufftdx-online-shared+cufftdx-online-shared+cufftdx-large-online,3,12,128,512,8,8,table,direct-strided,Tesla V100-SXM2-16GB,7.0,fft,fp32,forward,none,in-place,online-reorder,cufftdx-block,20,1048576,16,100,50,3.002061,5588566192.904514,0.001465,1
fft20-fp32_b16_d3_3x6x11_t128x128x512_e8x16x4_tt,fft20-fp32-batch16,1,fft20-fp32_b16_d3_3x6x11_t128x128x512_e8x16x4_tt,0,9437184.0,fft20-fp32,3,3x6x11,128x128x512,8x16x4,tablextable,direct-stridedxdirect-strided,cufftdx-online-shared+cufftdx-online-shared+cufftdx-large-online,3,11,128,512,8,4,table,direct-strided,Tesla V100-SXM2-16GB,7.0,fft,fp32,forward,none,in-place,online-reorder,cufftdx-block,20,1048576,16,100,50,2.996121,5599644915.354012,0.001293,1
fft20-fp32_b8_d3_7x3x10_t128x128x128_e16x8x16_tt,fft20-fp32-batch8,3,fft20-fp32_b8_d3_7x3x10_t128x128x128_e16x8x16_tt,0,2451046.4000000004,fft20-fp32,3,7x3x10,128x128x128,16x8x16,tablextable,direct-stridedxdirect-strided,cufftdx-online-shared+cufftdx-online-shared+cufftdx-online-shared,7,10,128,128,16,16,table,direct-strided,Tesla V100-SXM2-16GB,7.0,fft,fp32,forward,none,in-place,online-reorder,cufftdx-block,20,1048576,8,100,50,1.046466,8016126882.580498,0.001245,1
fft18-fp32_b2_d3_3x5x10_t256x256x256_e8x16x16_tt,fft18-fp32-batch2,1,fft18-fp32_b2_d3_3x5x10_t256x256x256_e8x16x16_tt,0,201355.02291597112,fft18-fp32,3,3x5x10,256x256x256,8x16x16,tablextable,direct-stridedxdirect-strided,cufftdx-online-shared+cufftdx-online-shared+cufftdx-online-shared,3,10,256,256,8,16,table,direct-strided,Tesla V100-SXM2-16GB,7.0,fft,fp32,forward,none,in-place,online-reorder,cufftdx-block,18,262144,2,100,50,0.080937,6477733319.715214,0.000669,1
fft20-fp32_b8_d3_3x11x6_t128x512x128_e8x4x16_tt,fft20-fp32-batch8,3,fft20-fp32_b8_d3_3x11x6_t128x512x128_e8x4x16_tt,0,4718592.0,fft20-fp32,3,3x11x6,128x512x128,8x4x16,tablextable,direct-stridedxdirect-strided,cufftdx-online-shared+cufftdx-large-online+cufftdx-online-shared,3,6,128,128,8,16,table,direct-strided,Tesla V100-SXM2-16GB,7.0,fft,fp32,forward,none,in-place,online-reorder,cufftdx-block,20,1048576,8,100,50,1.411994,5940967843.539958,0.001221,1
fft20-fp32_b16_d3_5x3x12_t128x128x512_e16x8x8_tt,fft20-fp32-batch16,3,fft20-fp32_b16_d3_5x3x12_t128x128x512_e16x8x8_tt,0,5878304.21113708,fft20-fp32,3,5x3x12,128x128x512,16x8x8,tablextable,direct-stridedxdirect-strided,cufftdx-online-shared+cufftdx-online-shared+cufftdx-large-online,5,12,128,512,16,8,table,direct-strided,Tesla V100-SXM2-16GB,7.0,fft,fp32,forward,none,in-place,online-reorder,cufftdx-block,20,1048576,16,100,50,2.677207,6266686155.841204,0.001544,1
fft18-fp32_b64_d3_3x11x4_t128x512x128_e8x4x16_tt,fft18-fp32-batch64,1,fft18-fp32_b64_d3_3x11x4_t128x512x128_e8x4x16_tt,0,9437184.0,fft18-fp32,3,3x11x4,128x512x128,8x4x16,tablextable,direct-stridedxdirect-strided,cufftdx-online-shared+cufftdx-large-online+cufftdx-online-shared,3,4,128,128,8,16,table,direct-strided,Tesla V100-SXM2-16GB,7.0,fft,fp32,forward,none,in-place,online-reorder,cufftdx-block,18,262144,64,100,50,3.343954,5017179292.295159,0.000553,1
fft18-fp32_b64_d3_3x12x3_t128x512x128_e8x8x8_tt,fft18-fp32-batch64,1,fft18-fp32_b64_d3_3x12x3_t128x512x128_e8x8x8_tt,0,7035161.948115997,fft18-fp32,3,3x12x3,128x512x128,8x8x8,tablextable,direct-stridedxdirect-strided,cufftdx-online-shared+cufftdx-large-online+cufftdx-online-shared,3,3,128,128,8,8,table,direct-strided,Tesla V100-SXM2-16GB,7.0,fft,fp32,forward,none,in-place,online-reorder,cufftdx-block,18,262144,64,100,50,2.920632,5744377901.233141,0.000568,1
fft18-fp32_b2_d3_3x3x12_t128x128x512_e8x8x8_tt,fft18-fp32-batch2,2,fft18-fp32_b2_d3_3x3x12_t128x128x512_e8x8x8_tt,0,269546.94421195827,fft18-fp32,3,3x3x12,128x128x512,8x8x8,tablextable,direct-stridedxdirect-strided,cufftdx-online-shared+cufftdx-online-shared+cufftdx-large-online,3,12,128,512,8,8,table,direct-strided,Tesla V100-SXM2-16GB,7.0,fft,fp32,forward,none,in-place,online-reorder,cufftdx-block,18,262144,2,100,50,0.068301,7676162083.649298,0.000488,1
fft20-fp32_b8_p11s9_t256x128_e8x16_rec_ptx,fft20-fp32-batch8,1,fft20-fp32_b8_p11s9_t256x128_e8x16_rec_ptx,0,2036031.205695221,fft20-fp32,2,11x9,256x128,8x16,recurrence,prefix-tiled-transpose,cufftdx-large-online+cufftdx-online-shared,11,9,256,128,8,16,recurrence,prefix-tiled-transpose,Tesla V100-SXM2-16GB,7.0,fft,fp32,forward,none,in-place,online-reorder,cufftdx-block,20,1048576,8,100,50,0.733676,11433675444.312157,0.001587,1
fft18-fp32_b2_d3_11x3x4_t256x512x512_e8x8x16_tt,fft18-fp32-batch2,1,fft18-fp32_b2_d3_11x3x4_t256x512x512_e8x8x16_tt,0,246100.5835639647,fft18-fp32,3,11x3x4,256x512x512,8x8x16,tablextable,direct-stridedxdirect-strided,cufftdx-large-online+cufftdx-online-shared+cufftdx-online-shared,11,4,256,512,8,16,table,direct-strided,Tesla V100-SXM2-16GB,7.0,fft,fp32,forward,none,in-place,online-reorder,cufftdx-block,18,262144,2,100,50,0.084296,6219630516.919474,0.000549,1
fft18-fp32_b2_d3_4x4x10_t128x128x128_e16x16x16_tt,fft18-fp32-batch2,2,fft18-fp32_b2_d3_4x4x10_t128x128x128_e16x16x16_tt,0,134773.47210597913,fft18-fp32,3,4x4x10,128x128x128,16x16x16,tablextable,direct-stridedxdirect-strided,cufftdx-online-shared+cufftdx-online-shared+cufftdx-online-shared,4,10,128,128,16,16,table,direct-strided,Tesla V100-SXM2-16GB,7.0,fft,fp32,forward,none,in-place,online-reorder,cufftdx-block,18,262144,2,100,50,0.081285,6449986886.014498,0.000415,1
fft18-fp32_b64_d3_11x3x4_t256x512x512_e8x8x16_tt,fft18-fp32-batch64,2,fft18-fp32_b64_d3_11x3x4_t256x512x512_e8x8x16_tt,0,6529546.140713537,fft18-fp32,3,11x3x4,256x512x512,8x8x16,tablextable,direct-stridedxdirect-strided,cufftdx-large-online+cufftdx-online-shared+cufftdx-online-shared,11,4,256,512,8,16,table,direct-strided,Tesla V100-SXM2-16GB,7.0,fft,fp32,forward,none,in-place,online-reorder,cufftdx-block,18,262144,64,100,50,2.323354,7221120587.442947,0.000568,1
fft18-fp32_b16_d3_5x10x3_t128x128x128_e16x16x8_tt,fft18-fp32-batch16,1,fft18-fp32_b16_d3_5x10x3_t128x128x128_e16x16x8_tt,0,1225523.2000000002,fft18-fp32,3,5x10x3,128x128x128,16x16x8,tablextable,direct-stridedxdirect-strided,cufftdx-online-shared+cufftdx-online-shared+cufftdx-online-shared,5,3,128,128,16,8,table,direct-strided,Tesla V100-SXM2-16GB,7.0,fft,fp32,forward,none,in-place,online-reorder,cufftdx-block,18,262144,16,100,50,0.723784,5794969081.362340,0.000669,1
fft20-fp32_b2_p11s9_t256x128_e8x16_rec_ptx,fft20-fp32-batch2,2,fft20-fp32_b2_p11s9_t256x128_e8x16_rec_ptx,0,509007.80142380524,fft20-fp32,2,11x9,256x128,8x16,recurrence,prefix-tiled-transpose,cufftdx-large-online+cufftdx-online-shared,11,9,256,128,8,16,recurrence,prefix-tiled-transpose,Tesla V100-SXM2-16GB,7.0,fft,fp32,forward,none,in-place,online-reorder,cufftdx-block,20,1048576,2,100,50,0.196751,10658893958.723427,0.001485,1
fft18-fp32_b16_d3_3x5x10_t256x256x256_e8x16x16_tt,fft18-fp32-batch16,3,fft18-fp32_b16_d3_3x5x10_t256x256x256_e8x16x16_tt,0,1335588.9833277687,fft18-fp32,3,3x5x10,256x256x256,8x16x16,tablextable,direct-stridedxdirect-strided,cufftdx-online-shared+cufftdx-online-shared+cufftdx-online-shared,3,10,256,256,8,16,table,direct-strided,Tesla V100-SXM2-16GB,7.0,fft,fp32,forward,none,in-place,online-reorder,cufftdx-block,18,262144,16,100,50,0.534467,7847645254.862765,0.000691,1
fft20-fp32_b16_d3_3x6x11_t128x128x512_e8x16x4_tt,fft20-fp32-batch16,2,fft20-fp32_b16_d3_3x6x11_t128x128x512_e8x16x4_tt,0,9437184.0,fft20-fp32,3,3x6x11,128x128x512,8x16x4,tablextable,direct-stridedxdirect-strided,cufftdx-online-shared+cufftdx-online-shared+cufftdx-large-online,3,11,128,512,8,4,table,direct-strided,Tesla V100-SXM2-16GB,7.0,fft,fp32,forward,none,in-place,online-reorder,cufftdx-block,20,1048576,16,100,50,2.984448,5621547517.956120,0.001293,1
fft18-fp32_b2_d3_3x4x11_t128x128x512_e8x16x4_tt,fft18-fp32-batch2,1,fft18-fp32_b2_d3_3x4x11_t128x128x512_e8x16x4_tt,0,352256.0,fft18-fp32,3,3x4x11,128x128x512,8x16x4,tablextable,direct-stridedxdirect-strided,cufftdx-online-shared+cufftdx-online-shared+cufftdx-large-online,3,11,128,512,8,4,table,direct-strided,Tesla V100-SXM2-16GB,7.0,fft,fp32,forward,none,in-place,online-reorder,cufftdx-block,18,262144,2,100,50,0.071352,7347876217.836832,0.000424,1
fft18-fp32_b16_d3_5x3x10_t256x256x256_e16x8x16_tt,fft18-fp32-batch16,2,fft18-fp32_b16_d3_5x3x10_t256x256x256_e16x8x16_tt,0,1225523.2000000002,fft18-fp32,3,5x3x10,256x256x256,16x8x16,tablextable,direct-stridedxdirect-strided,cufftdx-online-shared+cufftdx-online-shared+cufftdx-online-shared,5,10,256,256,16,16,table,direct-strided,Tesla V100-SXM2-16GB,7.0,fft,fp32,forward,none,in-place,online-reorder,cufftdx-block,18,262144,16,100,50,0.557691,7520840504.212473,0.000696,1
fft20-fp32_b2_d3_6x11x3_t128x512x128_e16x4x8_tt,fft20-fp32-batch2,2,fft20-fp32_b2_d3_6x11x3_t128x512x128_e16x4x8_tt,0,1109734.4745415198,fft20-fp32,3,6x11x3,128x512x128,16x4x8,tablextable,direct-stridedxdirect-strided,cufftdx-online-shared+cufftdx-large-online+cufftdx-online-shared,6,3,128,128,16,8,table,direct-strided,Tesla V100-SXM2-16GB,7.0,fft,fp32,forward,none,in-place,online-reorder,cufftdx-block,20,1048576,2,100,50,0.422441,4964367254.998354,0.001152,1
fft18-fp32_b16_d3_3x3x12_t128x128x512_e8x8x8_tt,fft18-fp32-batch16,2,fft18-fp32_b16_d3_3x3x12_t128x128x512_e8x8x8_tt,0,1758790.4870289993,fft18-fp32,3,3x3x12,128x128x512,8x8x8,tablextable,direct-stridedxdirect-strided,cufftdx-online-shared+cufftdx-online-shared+cufftdx-large-online,3,12,128,512,8,8,table,direct-strided,Tesla V100-SXM2-16GB,7.0,fft,fp32,forward,none,in-place,online-reorder,cufftdx-block,18,262144,16,100,50,0.486646,8618802635.960793,0.000518,1
fft18-fp32_b2_d3_3x11x4_t128x512x128_e8x4x16_tt,fft18-fp32-batch2,3,fft18-fp32_b2_d3_3x11x4_t128x512x128_e8x4x16_tt,0,352256.0,fft18-fp32,3,3x11x4,128x512x128,8x4x16,tablextable,direct-stridedxdirect-strided,cufftdx-online-shared+cufftdx-large-online+cufftdx-online-shared,3,4,128,128,8,16,table,direct-strided,Tesla V100-SXM2-16GB,7.0,fft,fp32,forward,none,in-place,online-reorder,cufftdx-block,18,262144,2,100,50,0.089088,5885057447.671354,0.000391,1
fft18-fp32_b2_d3_5x3x10_t256x256x256_e16x8x16_tt,fft18-fp32-batch2,2,fft18-fp32_b2_d3_5x3x10_t256x256x256_e16x8x16_tt,0,185685.33333333334,fft18-fp32,3,5x3x10,256x256x256,16x8x16,tablextable,direct-stridedxdirect-strided,cufftdx-online-shared+cufftdx-online-shared+cufftdx-online-shared,5,10,256,256,16,16,table,direct-strided,Tesla V100-SXM2-16GB,7.0,fft,fp32,forward,none,in-place,online-reorder,cufftdx-block,18,262144,2,100,50,0.090378,5801042390.792954,0.000612,1
fft20-fp32_b16_d3_4x4x12_t128x128x512_e16x16x8_tt,fft20-fp32-batch16,1,fft20-fp32_b16_d3_4x4x12_t128x128x512_e16x16x8_tt,0,4902092.800000001,fft20-fp32,3,4x4x12,128x128x512,16x16x8,tablextable,direct-stridedxdirect-strided,cufftdx-online-shared+cufftdx-online-shared+cufftdx-large-online,4,12,128,512,16,8,table,direct-strided,Tesla V100-SXM2-16GB,7.0,fft,fp32,forward,none,in-place,online-reorder,cufftdx-block,20,1048576,16,100,50,3.041239,5516572644.230845,0.001100,1
fft18-fp32_b64_d3_3x3x12_t128x128x512_e8x8x8_tt,fft18-fp32-batch64,1,fft18-fp32_b64_d3_3x3x12_t128x128x512_e8x8x8_tt,0,7035161.948115997,fft18-fp32,3,3x3x12,128x128x512,8x8x8,tablextable,direct-stridedxdirect-strided,cufftdx-online-shared+cufftdx-online-shared+cufftdx-large-online,3,12,128,512,8,8,table,direct-strided,Tesla V100-SXM2-16GB,7.0,fft,fp32,forward,none,in-place,online-reorder,cufftdx-block,18,262144,64,100,50,1.806541,9286928678.911018,0.000561,1
fft20-fp32_b2_d3_3x5x12_t256x256x1024_e8x16x4_tt,fft20-fp32-batch2,3,fft20-fp32_b2_d3_3x5x12_t256x256x1024_e8x16x4_tt,0,1179648.0,fft20-fp32,3,3x5x12,256x256x1024,8x16x4,tablextable,direct-stridedxdirect-strided,cufftdx-online-shared+cufftdx-online-shared+cufftdx-large-online,3,12,256,1024,8,4,table,direct-strided,Tesla V100-SXM2-16GB,7.0,fft,fp32,forward,none,in-place,online-reorder,cufftdx-block,20,1048576,2,100,50,0.371732,5641562548.917717,0.001298,1
fft18-fp32_b64_d3_3x5x10_t256x256x256_e8x16x16_tt,fft18-fp32-batch64,1,fft18-fp32_b64_d3_3x5x10_t256x256x256_e8x16x16_tt,0,5342355.933311075,fft18-fp32,3,3x5x10,256x256x256,8x16x16,tablextable,direct-stridedxdirect-strided,cufftdx-online-shared+cufftdx-online-shared+cufftdx-online-shared,3,10,256,256,8,16,table,direct-strided,Tesla V100-SXM2-16GB,7.0,fft,fp32,forward,none,in-place,online-reorder,cufftdx-block,18,262144,64,100,50,1.939333,8651022937.196287,0.000657,1
fft18-fp32_b2_d3_3x11x4_t256x1024x256_e8x2x16_tt,fft18-fp32-batch2,2,fft18-fp32_b2_d3_3x11x4_t256x1024x256_e8x2x16_tt,0,577809.0666666667,fft18-fp32,3,3x11x4,256x1024x256,8x2x16,tablextable,direct-stridedxdirect-strided,cufftdx-online-shared+cufftdx-large-online+cufftdx-online-shared,3,4,256,256,8,16,table,direct-strided,Tesla V100-SXM2-16GB,7.0,fft,fp32,forward,none,in-place,online-reorder,cufftdx-block,18,262144,2,100,50,0.104059,5038378434.987720,0.000348,1
fft20-fp32_b8_d3_6x11x3_t128x512x128_e16x4x8_tt,fft20-fp32-batch8,2,fft20-fp32_b8_d3_6x11x3_t128x512x128_e16x4x8_tt,0,4438937.898166079,fft20-fp32,3,6x11x3,128x512x128,16x4x8,tablextable,direct-stridedxdirect-strided,cufftdx-online-shared+cufftdx-large-online+cufftdx-online-shared,6,3,128,128,16,8,table,direct-strided,Tesla V100-SXM2-16GB,7.0,fft,fp32,forward,none,in-place,online-reorder,cufftdx-block,20,1048576,8,100,50,1.725788,4860740388.704811,0.001120,1
fft20-fp32_b8_d3_3x7x10_t256x256x256_e8x16x16_tt,fft20-fp32-batch8,2,fft20-fp32_b8_d3_3x7x10_t256x256x256_e8x16x16_tt,0,2671177.9666555375,fft20-fp32,3,3x7x10,256x256x256,8x16x16,tablextable,direct-stridedxdirect-strided,cufftdx-online-shared+cufftdx-online-shared+cufftdx-online-shared,3,10,256,256,8,16,table,direct-strided,Tesla V100-SXM2-16GB,7.0,fft,fp32,forward,none,in-place,online-reorder,cufftdx-block,20,1048576,8,100,50,1.148600,7303330591.741620,0.001222,1
fft20-fp32_b16_d3_3x12x5_t128x512x128_e8x8x16_tt,fft20-fp32-batch16,2,fft20-fp32_b16_d3_3x12x5_t128x512x128_e8x8x16_tt,0,6529546.140713537,fft20-fp32,3,3x12x5,128x512x128,8x8x16,tablextable,direct-stridedxdirect-strided,cufftdx-online-shared+cufftdx-large-online+cufftdx-online-shared,3,5,128,128,8,16,table,direct-strided,Tesla V100-SXM2-16GB,7.0,fft,fp32,forward,none,in-place,online-reorder,cufftdx-block,20,1048576,16,100,50,2.951577,5684152432.485370,0.001393,1
fft18-fp32_b64_d3_3x5x10_t128x128x128_e8x16x16_tt,fft18-fp32-batch64,2,fft18-fp32_b64_d3_3x5x10_t128x128x128_e8x16x16_tt,0,5342355.933311075,fft18-fp32,3,3x5x10,128x128x128,8x16x16,tablextable,direct-stridedxdirect-strided,cufftdx-online-shared+cufftdx-online-shared+cufftdx-online-shared,3,10,128,128,8,16,table,direct-strided,Tesla V100-SXM2-16GB,7.0,fft,fp32,forward,none,in-place,online-reorder,cufftdx-block,18,262144,64,100,50,1.725727,9721826619.403315,0.000657,1
fft20-fp32_b16_d3_7x10x3_t128x128x128_e16x16x8_tt,fft20-fp32-batch16,2,fft20-fp32_b16_d3_7x10x3_t128x128x128_e16x16x8_tt,0,4902092.800000001,fft20-fp32,3,7x10x3,128x128x128,16x16x8,tablextable,direct-stridedxdirect-strided,cufftdx-online-shared+cufftdx-online-shared+cufftdx-online-shared,7,3,128,128,16,8,table,direct-strided,Tesla V100-SXM2-16GB,7.0,fft,fp32,forward,none,in-place,online-reorder,cufftdx-block,20,1048576,16,100,50,3.156480,5315166136.663616,0.001125,1
fft18-fp32_b64_d3_11x4x3_t256x512x512_e8x16x8_tt,fft18-fp32-batch64,2,fft18-fp32_b64_d3_11x4x3_t256x512x512_e8x16x8_tt,0,6529546.140713537,fft18-fp32,3,11x4x3,256x512x512,8x16x8,tablextable,direct-stridedxdirect-strided,cufftdx-large-online+cufftdx-online-shared+cufftdx-online-shared,11,3,256,512,8,8,table,direct-strided,Tesla V100-SXM2-16GB,7.0,fft,fp32,forward,none,in-place,online-reorder,cufftdx-block,18,262144,64,100,50,2.844447,5898235407.718419,0.000570,1
fft18-fp32_b2_d3_3x4x11_t128x128x512_e8x16x4_tt,fft18-fp32-batch2,2,fft18-fp32_b2_d3_3x4x11_t128x128x512_e8x16x4_tt,0,352256.0,fft18-fp32,3,3x4x11,128x128x512,8x16x4,tablextable,direct-stridedxdirect-strided,cufftdx-online-shared+cufftdx-online-shared+cufftdx-large-online,3,11,128,512,8,4,table,direct-strided,Tesla V100-SXM2-16GB,7.0,fft,fp32,forward,none,in-place,online-reorder,cufftdx-block,18,262144,2,100,50,0.071332,7349986027.535209,0.000424,1
fft18-fp32_b16_d3_3x4x11_t128x128x512_e8x16x4_tt,fft18-fp32-batch16,1,fft18-fp32_b16_d3_3x4x11_t128x128x512_e8x16x4_tt,0,2359296.0,fft18-fp32,3,3x4x11,128x128x512,8x16x4,tablextable,direct-stridedxdirect-strided,cufftdx-online-shared+cufftdx-online-shared+cufftdx-large-online,3,11,128,512,8,4,table,direct-strided,Tesla V100-SXM2-16GB,7.0,fft,fp32,forward,none,in-place,online-reorder,cufftdx-block,18,262144,16,100,50,0.495698,8461410904.143682,0.000489,1
fft18-fp32_b16_d3_3x12x3_t128x512x128_e8x8x8_tt,fft18-fp32-batch16,1,fft18-fp32_b16_d3_3x12x3_t128x512x128_e8x8x8_tt,0,1758790.4870289993,fft18-fp32,3,3x12x3,128x512x128,8x8x8,tablextable,direct-stridedxdirect-strided,cufftdx-online-shared+cufftdx-large-online+cufftdx-online-shared,3,3,128,128,8,8,table,direct-strided,Tesla V100-SXM2-16GB,7.0,fft,fp32,forward,none,in-place,online-reorder,cufftdx-block,18,262144,16,100,50,0.719278,5831268902.255350,0.000498,1
fft20-fp32_b16_d3_3x5x12_t128x128x512_e8x16x8_tt,fft20-fp32-batch16,3,fft20-fp32_b16_d3_3x5x12_t128x128x512_e8x16x8_tt,0,6529546.140713537,fft20-fp32,3,3x5x12,128x128x512,8x16x8,tablextable,direct-stridedxdirect-strided,cufftdx-online-shared+cufftdx-online-shared+cufftdx-large-online,3,12,128,512,8,8,table,direct-strided,Tesla V100-SXM2-16GB,7.0,fft,fp32,forward,none,in-place,online-reorder,cufftdx-block,20,1048576,16,100,50,3.002225,5588261295.280276,0.001465,1
fft20-fp32_b16_d3_4x4x12_t128x128x512_e16x16x8_tt,fft20-fp32-batch16,2,fft20-fp32_b16_d3_4x4x12_t128x128x512_e16x16x8_tt,0,4902092.800000001,fft20-fp32,3,4x4x12,128x128x512,16x16x8,tablextable,direct-stridedxdirect-strided,cufftdx-online-shared+cufftdx-online-shared+cufftdx-large-online,4,12,128,512,16,8,table,direct-strided,Tesla V100-SXM2-16GB,7.0,fft,fp32,forward,none,in-place,online-reorder,cufftdx-block,20,1048576,16,100,50,3.036774,5524683037.747754,0.001100,1
fft20-fp32_b2_d3_5x3x12_t128x128x512_e16x8x8_tt,fft20-fp32-batch2,1,fft20-fp32_b2_d3_5x3x12_t128x128x512_e16x8x8_tt,0,734788.026392135,fft20-fp32,3,5x3x12,128x128x512,16x8x8,tablextable,direct-stridedxdirect-strided,cufftdx-online-shared+cufftdx-online-shared+cufftdx-large-online,5,12,128,512,16,8,table,direct-strided,Tesla V100-SXM2-16GB,7.0,fft,fp32,forward,none,in-place,online-reorder,cufftdx-block,20,1048576,2,100,50,0.321208,6528947140.253789,0.001315,1
fft18-fp32_b16_d3_5x3x10_t256x256x256_e16x8x16_tt,fft18-fp32-batch16,3,fft18-fp32_b16_d3_5x3x10_t256x256x256_e16x8x16_tt,0,1225523.2000000002,fft18-fp32,3,5x3x10,256x256x256,16x8x16,tablextable,direct-stridedxdirect-strided,cufftdx-online-shared+cufftdx-online-shared+cufftdx-online-shared,5,10,256,256,16,16,table,direct-strided,Tesla V100-SXM2-16GB,7.0,fft,fp32,forward,none,in-place,online-reorder,cufftdx-block,18,262144,16,100,50,0.557773,7519735429.001136,0.000696,1
fft20-fp32_b16_d3_3x5x12_t256x256x1024_e8x16x4_tt,fft20-fp32-batch16,1,fft20-fp32_b16_d3_3x5x12_t256x256x1024_e8x16x4_tt,0,9437184.0,fft20-fp32,3,3x5x12,256x256x1024,8x16x4,tablextable,direct-stridedxdirect-strided,cufftdx-online-shared+cufftdx-online-shared+cufftdx-large-online,3,12,256,1024,8,4,table,direct-strided,Tesla V100-SXM2-16GB,7.0,fft,fp32,forward,none,in-place,online-reorder,cufftdx-block,20,1048576,16,100,50,3.144438,5335521680.154751,0.001245,1
fft18-fp32_b2_d3_5x3x10_t128x128x128_e16x8x16_tt,fft18-fp32-batch2,2,fft18-fp32_b2_d3_5x3x10_t128x128x128_e16x8x16_tt,0,185685.33333333334,fft18-fp32,3,5x3x10,128x128x128,16x8x16,tablextable,direct-stridedxdirect-strided,cufftdx-online-shared+cufftdx-online-shared+cufftdx-online-shared,5,10,128,128,16,16,table,direct-strided,Tesla V100-SXM2-16GB,7.0,fft,fp32,forward,none,in-place,online-reorder,cufftdx-block,18,262144,2,100,50,0.080732,6494164853.921966,0.000612,1
fft20-fp32_b2_d3_3x6x11_t128x128x512_e8x16x4_tt,fft20-fp32-batch2,3,fft20-fp32_b2_d3_3x6x11_t128x128x512_e8x16x4_tt,0,1179648.0,fft20-fp32,3,3x6x11,128x128x512,8x16x4,tablextable,direct-stridedxdirect-strided,cufftdx-online-shared+cufftdx-online-shared+cufftdx-large-online,3,11,128,512,8,4,table,direct-strided,Tesla V100-SXM2-16GB,7.0,fft,fp32,forward,none,in-place,online-reorder,cufftdx-block,20,1048576,2,100,50,0.377631,5553446199.204258,0.001038,1
fft20-fp32_b8_d3_6x3x11_t128x128x512_e16x8x4_tt,fft20-fp32-batch8,1,fft20-fp32_b8_d3_6x3x11_t128x128x512_e16x8x4_tt,0,4438937.898166079,fft20-fp32,3,6x3x11,128x128x512,16x8x4,tablextable,direct-stridedxdirect-strided,cufftdx-online-shared+cufftdx-online-shared+cufftdx-large-online,6,11,128,512,16,4,table,direct-strided,Tesla V100-SXM2-16GB,7.0,fft,fp32,forward,none,in-place,online-reorder,cufftdx-block,20,1048576,8,100,50,1.279877,6554229479.401589,0.001185,1
fft20-fp32_b2_d3_5x12x3_t128x512x128_e16x8x8_tt,fft20-fp32-batch2,2,fft20-fp32_b2_d3_5x12x3_t128x512x128_e16x8x8_tt,0,734788.026392135,fft20-fp32,3,5x12x3,128x512x128,16x8x8,tablextable,direct-stridedxdirect-strided,cufftdx-online-shared+cufftdx-large-online+cufftdx-online-shared,5,3,128,128,16,8,table,direct-strided,Tesla V100-SXM2-16GB,7.0,fft,fp32,forward,none,in-place,online-reorder,cufftdx-block,20,1048576,2,100,50,0.436613,4803227248.693048,0.001315,1
fft18-fp32_b16_d3_11x3x4_t256x512x512_e8x8x16_tt,fft18-fp32-batch16,2,fft18-fp32_b16_d3_11x3x4_t256x512x512_e8x8x16_tt,0,1632386.5351783843,fft18-fp32,3,11x3x4,256x512x512,8x8x16,tablextable,direct-stridedxdirect-strided,cufftdx-large-online+cufftdx-online-shared+cufftdx-online-shared,11,4,256,512,8,16,table,direct-strided,Tesla V100-SXM2-16GB,7.0,fft,fp32,forward,none,in-place,online-reorder,cufftdx-block,18,262144,16,100,50,0.617411,6793379322.702765,0.000550,1
fft18-fp32_b16_d3_4x4x10_t128x128x128_e16x16x16_tt,fft18-fp32-batch16,1,fft18-fp32_b16_d3_4x4x10_t128x128x128_e16x16x16_tt,0,879395.2435144996,fft18-fp32,3,4x4x10,128x128x128,16x16x16,tablextable,direct-stridedxdirect-strided,cufftdx-online-shared+cufftdx-online-shared+cufftdx-online-shared,4,10,128,128,16,16,table,direct-strided,Tesla V100-SXM2-16GB,7.0,fft,fp32,forward,none,in-place,online-reorder,cufftdx-block,18,262144,16,100,50,0.532337,7879044176.358034,0.000512,1
fft20-fp32_b2_d3_6x11x3_t128x512x128_e16x4x8_tt,fft20-fp32-batch2,1,fft20-fp32_b2_d3_6x11x3_t128x512x128_e16x4x8_tt,0,1109734.4745415198,fft20-fp32,3,6x11x3,128x512x128,16x4x8,tablextable,direct-stridedxdirect-strided,cufftdx-online-shared+cufftdx-large-online+cufftdx-online-shared,6,3,128,128,16,8,table,direct-strided,Tesla V100-SXM2-16GB,7.0,fft,fp32,forward,none,in-place,online-reorder,cufftdx-block,20,1048576,2,100,50,0.421765,4972321697.902147,0.001152,1
fft20-fp32_b8_d3_7x10x3_t128x128x128_e16x16x8_tt,fft20-fp32-batch8,3,fft20-fp32_b8_d3_7x10x3_t128x128x128_e16x16x8_tt,0,2451046.4000000004,fft20-fp32,3,7x10x3,128x128x128,16x16x8,tablextable,direct-stridedxdirect-strided,cufftdx-online-shared+cufftdx-online-shared+cufftdx-online-shared,7,3,128,128,16,8,table,direct-strided,Tesla V100-SXM2-16GB,7.0,fft,fp32,forward,none,in-place,online-reorder,cufftdx-block,20,1048576,8,100,50,1.591951,5269387485.686323,0.001092,1
fft18-fp32_b64_d3_4x4x10_t128x128x128_e16x16x16_tt,fft18-fp32-batch64,2,fft18-fp32_b64_d3_4x4x10_t128x128x128_e16x16x16_tt,0,3517580.9740579985,fft18-fp32,3,4x4x10,128x128x128,16x16x16,tablextable,direct-stridedxdirect-strided,cufftdx-online-shared+cufftdx-online-shared+cufftdx-online-shared,4,10,128,128,16,16,table,direct-strided,Tesla V100-SXM2-16GB,7.0,fft,fp32,forward,none,in-place,online-reorder,cufftdx-block,18,262144,64,100,50,1.941811,8639983107.428265,0.000521,1
fft18-fp32_b64_d3_4x3x11_t128x128x512_e16x8x4_tt,fft18-fp32-batch64,2,fft18-fp32_b64_d3_4x3x11_t128x128x512_e16x8x4_tt,0,8877875.796332158,fft18-fp32,3,4x3x11,128x128x512,16x8x4,tablextable,direct-stridedxdirect-strided,cufftdx-online-shared+cufftdx-online-shared+cufftdx-large-online,4,11,128,512,16,4,table,direct-strided,Tesla V100-SXM2-16GB,7.0,fft,fp32,forward,none,in-place,online-reorder,cufftdx-block,18,262144,64,100,50,1.814016,9248659407.099226,0.000546,1
fft18-fp32_b2_d3_3x4x11_t256x256x1024_e8x16x2_tt,fft18-fp32-batch2,3,fft18-fp32_b2_d3_3x4x11_t256x256x1024_e8x16x2_tt,0,577809.0666666667,fft18-fp32,3,3x4x11,256x256x1024,8x16x2,tablextable,direct-stridedxdirect-strided,cufftdx-online-shared+cufftdx-online-shared+cufftdx-large-online,3,11,256,1024,8,2,table,direct-strided,Tesla V100-SXM2-16GB,7.0,fft,fp32,forward,none,in-place,online-reorder,cufftdx-block,18,262144,2,100,50,0.085565,6127333626.919789,0.000371,1
fft20-fp32_b8_d3_6x11x3_t128x512x128_e16x4x8_tt,fft20-fp32-batch8,1,fft20-fp32_b8_d3_6x11x3_t128x512x128_e16x4x8_tt,0,4438937.898166079,fft20-fp32,3,6x11x3,128x512x128,16x4x8,tablextable,direct-stridedxdirect-strided,cufftdx-online-shared+cufftdx-large-online+cufftdx-online-shared,6,3,128,128,16,8,table,direct-strided,Tesla V100-SXM2-16GB,7.0,fft,fp32,forward,none,in-place,online-reorder,cufftdx-block,20,1048576,8,100,50,1.730847,4846534182.565044,0.001120,1
fft20-fp32_b2_d3_4x12x4_t128x512x128_e16x8x16_tt,fft20-fp32-batch2,1,fft20-fp32_b2_d3_4x12x4_t128x512x128_e16x8x16_tt,0,612761.6000000001,fft20-fp32,3,4x12x4,128x512x128,16x8x16,tablextable,direct-stridedxdirect-strided,cufftdx-online-shared+cufftdx-large-online+cufftdx-online-shared,4,4,128,128,16,16,table,direct-strided,Tesla V100-SXM2-16GB,7.0,fft,fp32,forward,none,in-place,online-reorder,cufftdx-block,20,1048576,2,100,50,0.524022,4002032398.652081,0.000994,1
fft18-fp32_b16_d3_3x3x12_t128x128x512_e8x8x8_tt,fft18-fp32-batch16,3,fft18-fp32_b16_d3_3x3x12_t128x128x512_e8x8x8_tt,0,1758790.4870289993,fft18-fp32,3,3x3x12,128x128x512,8x8x8,tablextable,direct-stridedxdirect-strided,cufftdx-online-shared+cufftdx-online-shared+cufftdx-large-online,3,12,128,512,8,8,table,direct-strided,Tesla V100-SXM2-16GB,7.0,fft,fp32,forward,none,in-place,online-reorder,cufftdx-block,18,262144,16,100,50,0.485929,8631516967.135254,0.000518,1
fft20-fp32_b8_d3_4x11x5_t128x512x128_e16x4x16_tt,fft20-fp32-batch8,3,fft20-fp32_b8_d3_4x11x5_t128x512x128_e16x4x16_tt,0,3932160.0,fft20-fp32,3,4x11x5,128x512x128,16x4x16,tablextable,direct-stridedxdirect-strided,cufftdx-online-shared+cufftdx-large-online+cufftdx-online-shared,4,5,128,128,16,16,table,direct-strided,Tesla V100-SXM2-16GB,7.0,fft,fp32,forward,none,in-place,online-reorder,cufftdx-block,20,1048576,8,100,50,1.622774,5169302199.160747,0.001234,1
fft18-fp32_b2_d3_3x5x10_t256x256x256_e8x16x16_tt,fft18-fp32-batch2,3,fft18-fp32_b2_d3_3x5x10_t256x256x256_e8x16x16_tt,0,201355.02291597112,fft18-fp32,3,3x5x10,256x256x256,8x16x16,tablextable,direct-stridedxdirect-strided,cufftdx-online-shared+cufftdx-online-shared+cufftdx-online-shared,3,10,256,256,8,16,table,direct-strided,Tesla V100-SXM2-16GB,7.0,fft,fp32,forward,none,in-place,online-reorder,cufftdx-block,18,262144,2,100,50,0.080896,6481012851.797304,0.000669,1
fft18-fp32_b2_d3_3x4x11_t128x128x512_e8x16x4_tt,fft18-fp32-batch2,3,fft18-fp32_b2_d3_3x4x11_t128x128x512_e8x16x4_tt,0,352256.0,fft18-fp32,3,3x4x11,128x128x512,8x16x4,tablextable,direct-stridedxdirect-strided,cufftdx-online-shared+cufftdx-online-shared+cufftdx-large-online,3,11,128,512,8,4,table,direct-strided,Tesla V100-SXM2-16GB,7.0,fft,fp32,forward,none,in-place,online-reorder,cufftdx-block,18,262144,2,100,50,0.071455,7337346076.964159,0.000424,1
fft18-fp32_b16_d3_3x5x10_t128x128x128_e8x16x16_tt,fft18-fp32-batch16,2,fft18-fp32_b16_d3_3x5x10_t128x128x128_e8x16x16_tt,0,1335588.9833277687,fft18-fp32,3,3x5x10,128x128x128,8x16x16,tablextable,direct-stridedxdirect-strided,cufftdx-online-shared+cufftdx-online-shared+cufftdx-online-shared,3,10,128,128,8,16,table,direct-strided,Tesla V100-SXM2-16GB,7.0,fft,fp32,forward,none,in-place,online-reorder,cufftdx-block,18,262144,16,100,50,0.487649,8601067052.199520,0.000691,1
fft20-fp32_b8_d3_4x5x11_t128x128x512_e16x16x4_tt,fft20-fp32-batch8,3,fft20-fp32_b8_d3_4x5x11_t128x128x512_e16x16x4_tt,0,3932160.0,fft20-fp32,3,4x5x11,128x128x512,16x16x4,tablextable,direct-stridedxdirect-strided,cufftdx-online-shared+cufftdx-online-shared+cufftdx-large-online,4,11,128,512,16,4,table,direct-strided,Tesla V100-SXM2-16GB,7.0,fft,fp32,forward,none,in-place,online-reorder,cufftdx-block,20,1048576,8,100,50,1.509990,5555405096.495327,0.001274,1
fft18-fp32_b16_p7s11_t128x256_e16x8_rec_tx,fft18-fp32-batch16,3,fft18-fp32_b16_p7s11_t128x256_e16x8_rec_tx,0,891542.8053557904,fft18-fp32,2,7x11,128x256,16x8,recurrence,tiled-transpose,cufftdx-online-shared+cufftdx-large-online,7,11,128,256,16,8,recurrence,tiled-transpose,Tesla V100-SXM2-16GB,7.0,fft,fp32,forward,none,in-place,online-reorder,cufftdx-block,18,262144,16,100,50,0.305316,13737590008.036154,0.000712,1
fft18-fp32_b2_d3_3x12x3_t128x512x128_e8x8x8_tt,fft18-fp32-batch2,1,fft18-fp32_b2_d3_3x12x3_t128x512x128_e8x8x8_tt,0,269546.94421195827,fft18-fp32,3,3x12x3,128x512x128,8x8x8,tablextable,direct-stridedxdirect-strided,cufftdx-online-shared+cufftdx-large-online+cufftdx-online-shared,3,3,128,128,8,8,table,direct-strided,Tesla V100-SXM2-16GB,7.0,fft,fp32,forward,none,in-place,online-reorder,cufftdx-block,18,262144,2,100,50,0.081121,6463014327.415150,0.000440,1
fft20-fp32_b8_d3_3x7x10_t128x128x128_e8x16x16_tt,fft20-fp32-batch8,1,fft20-fp32_b8_d3_3x7x10_t128x128x128_e8x16x16_tt,0,2671177.9666555375,fft20-fp32,3,3x7x10,128x128x128,8x16x16,tablextable,direct-stridedxdirect-strided,cufftdx-online-shared+cufftdx-online-shared+cufftdx-online-shared,3,10,128,128,8,16,table,direct-strided,Tesla V100-SXM2-16GB,7.0,fft,fp32,forward,none,in-place,online-reorder,cufftdx-block,20,1048576,8,100,50,1.247375,6725006928.941584,0.001222,1
fft18-fp32_b16_d3_11x4x3_t256x512x512_e8x16x8_tt,fft18-fp32-batch16,3,fft18-fp32_b16_d3_11x4x3_t256x512x512_e8x16x8_tt,0,1632386.5351783843,fft18-fp32,3,11x4x3,256x512x512,8x16x8,tablextable,direct-stridedxdirect-strided,cufftdx-large-online+cufftdx-online-shared+cufftdx-online-shared,11,3,256,512,8,8,table,direct-strided,Tesla V100-SXM2-16GB,7.0,fft,fp32,forward,none,in-place,online-reorder,cufftdx-block,18,262144,16,100,50,0.719278,5831268902.255350,0.000527,1
fft20-fp32_b16_d3_4x5x11_t128x128x512_e16x16x4_tt,fft20-fp32-batch16,1,fft20-fp32_b16_d3_4x5x11_t128x128x512_e16x16x4_tt,0,7864320.0,fft20-fp32,3,4x5x11,128x128x512,16x16x4,tablextable,direct-stridedxdirect-strided,cufftdx-online-shared+cufftdx-online-shared+cufftdx-large-online,4,11,128,512,16,4,table,direct-strided,Tesla V100-SXM2-16GB,7.0,fft,fp32,forward,none,in-place,online-reorder,cufftdx-block,20,1048576,16,100,50,2.982912,5624442035.934408,0.001485,1
fft20-fp32_b16_d3_6x11x3_t128x512x128_e16x4x8_tt,fft20-fp32-batch16,1,fft20-fp32_b16_d3_6x11x3_t128x512x128_e16x4x8_tt,0,8877875.796332158,fft20-fp32,3,6x11x3,128x512x128,16x4x8,tablextable,direct-stridedxdirect-strided,cufftdx-online-shared+cufftdx-large-online+cufftdx-online-shared,6,3,128,128,16,8,table,direct-strided,Tesla V100-SXM2-16GB,7.0,fft,fp32,forward,none,in-place,online-reorder,cufftdx-block,20,1048576,16,100,50,3.358044,4996127288.121870,0.001152,1
fft18-fp32_b16_d3_11x4x3_t256x512x512_e8x16x8_tt,fft18-fp32-batch16,2,fft18-fp32_b16_d3_11x4x3_t256x512x512_e8x16x8_tt,0,1632386.5351783843,fft18-fp32,3,11x4x3,256x512x512,8x16x8,tablextable,direct-stridedxdirect-strided,cufftdx-large-online+cufftdx-online-shared+cufftdx-online-shared,11,3,256,512,8,8,table,direct-strided,Tesla V100-SXM2-16GB,7.0,fft,fp32,forward,none,in-place,online-reorder,cufftdx-block,18,262144,16,100,50,0.722698,5803672864.096786,0.000527,1
fft20-fp32_b2_d3_4x11x5_t128x512x128_e16x4x16_tt,fft20-fp32-batch2,3,fft20-fp32_b2_d3_4x11x5_t128x512x128_e16x4x16_tt,0,983040.0,fft20-fp32,3,4x11x5,128x512x128,16x4x16,tablextable,direct-stridedxdirect-strided,cufftdx-online-shared+cufftdx-large-online+cufftdx-online-shared,4,5,128,128,16,16,table,direct-strided,Tesla V100-SXM2-16GB,7.0,fft,fp32,forward,none,in-place,online-reorder,cufftdx-block,20,1048576,2,100,50,0.402227,5213848990.076692,0.001234,1
fft18-fp32_b64_d3_3x5x10_t128x128x128_e8x16x16_tt,fft18-fp32-batch64,1,fft18-fp32_b64_d3_3x5x10_t128x128x128_e8x16x16_tt,0,5342355.933311075,fft18-fp32,3,3x5x10,128x128x128,8x16x16,tablextable,direct-stridedxdirect-strided,cufftdx-online-shared+cufftdx-online-shared+cufftdx-online-shared,3,10,128,128,8,16,table,direct-strided,Tesla V100-SXM2-16GB,7.0,fft,fp32,forward,none,in-place,online-reorder,cufftdx-block,18,262144,64,100,50,1.723249,9735807120.722912,0.000657,1
fft20-fp32_b16_d3_4x6x10_t128x128x128_e16x16x16_tt,fft20-fp32-batch16,3,fft20-fp32_b16_d3_4x6x10_t128x128x128_e16x16x16_tt,0,3517580.9740579985,fft20-fp32,3,4x6x10,128x128x128,16x16x16,tablextable,direct-stridedxdirect-strided,cufftdx-online-shared+cufftdx-online-shared+cufftdx-online-shared,4,10,128,128,16,16,table,direct-strided,Tesla V100-SXM2-16GB,7.0,fft,fp32,forward,none,in-place,online-reorder,cufftdx-block,20,1048576,16,100,50,2.574172,6517519369.304038,0.001274,1
fft18-fp32_b2_d3_3x3x12_t128x128x512_e8x8x8_tt,fft18-fp32-batch2,3,fft18-fp32_b2_d3_3x3x12_t128x128x512_e8x8x8_tt,0,269546.94421195827,fft18-fp32,3,3x3x12,128x128x512,8x8x8,tablextable,direct-stridedxdirect-strided,cufftdx-online-shared+cufftdx-online-shared+cufftdx-large-online,3,12,128,512,8,8,table,direct-strided,Tesla V100-SXM2-16GB,7.0,fft,fp32,forward,none,in-place,online-reorder,cufftdx-block,18,262144,2,100,50,0.068219,7685379833.240991,0.000488,1
fft20-fp32_b16_d3_3x7x10_t128x128x128_e8x16x16_tt,fft20-fp32-batch16,1,fft20-fp32_b16_d3_3x7x10_t128x128x128_e8x16x16_tt,0,5342355.933311075,fft20-fp32,3,3x7x10,128x128x128,8x16x16,tablextable,direct-stridedxdirect-strided,cufftdx-online-shared+cufftdx-online-shared+cufftdx-online-shared,3,10,128,128,8,16,table,direct-strided,Tesla V100-SXM2-16GB,7.0,fft,fp32,forward,none,in-place,online-reorder,cufftdx-block,20,1048576,16,100,50,2.483610,6755174196.527335,0.001283,1
fft18-fp32_b16_d3_5x3x10_t128x128x128_e16x8x16_tt,fft18-fp32-batch16,1,fft18-fp32_b16_d3_5x3x10_t128x128x128_e16x8x16_tt,0,1225523.2000000002,fft18-fp32,3,5x3x10,128x128x128,16x8x16,tablextable,direct-stridedxdirect-strided,cufftdx-online-shared+cufftdx-online-shared+cufftdx-online-shared,5,10,128,128,16,16,table,direct-strided,Tesla V100-SXM2-16GB,7.0,fft,fp32,forward,none,in-place,online-reorder,cufftdx-block,18,262144,16,100,50,0.515523,8136023534.843776,0.000696,1
fft20-fp32_b2_d3_3x5x12_t128x128x512_e8x16x8_tt,fft20-fp32-batch2,2,fft20-fp32_b2_d3_3x5x12_t128x128x512_e8x16x8_tt,0,816193.2675891921,fft20-fp32,3,3x5x12,128x128x512,8x16x8,tablextable,direct-stridedxdirect-strided,cufftdx-online-shared+cufftdx-online-shared+cufftdx-large-online,3,12,128,512,8,8,table,direct-strided,Tesla V100-SXM2-16GB,7.0,fft,fp32,forward,none,in-place,online-reorder,cufftdx-block,20,1048576,2,100,50,0.337736,6209447527.349279,0.001274,1
fft20-fp32_b2_d3_4x12x4_t128x512x128_e16x8x16_tt,fft20-fp32-batch2,2,fft20-fp32_b2_d3_4x12x4_t128x512x128_e16x8x16_tt,0,612761.6000000001,fft20-fp32,3,4x12x4,128x512x128,16x8x16,tablextable,direct-stridedxdirect-strided,cufftdx-online-shared+cufftdx-large-online+cufftdx-online-shared,4,4,128,128,16,16,table,direct-strided,Tesla V100-SXM2-16GB,7.0,fft,fp32,forward,none,in-place,online-reorder,cufftdx-block,20,1048576,2,100,50,0.525107,3993759713.015349,0.000994,1
fft18-fp32_b16_d3_3x3x12_t128x128x512_e8x8x8_tt,fft18-fp32-batch16,1,fft18-fp32_b16_d3_3x3x12_t128x128x512_e8x8x8_tt,0,1758790.4870289993,fft18-fp32,3,3x3x12,128x128x512,8x8x8,tablextable,direct-stridedxdirect-strided,cufftdx-online-shared+cufftdx-online-shared+cufftdx-large-online,3,12,128,512,8,8,table,direct-strided,Tesla V100-SXM2-16GB,7.0,fft,fp32,forward,none,in-place,online-reorder,cufftdx-block,18,262144,16,100,50,0.485396,8640985708.554625,0.000518,1
fft20-fp32_b8_d3_4x6x10_t128x128x128_e16x16x16_tt,fft20-fp32-batch8,1,fft20-fp32_b8_d3_4x6x10_t128x128x128_e16x16x16_tt,0,1758790.4870289993,fft20-fp32,3,4x6x10,128x128x128,16x16x16,tablextable,direct-stridedxdirect-strided,cufftdx-online-shared+cufftdx-online-shared+cufftdx-online-shared,4,10,128,128,16,16,table,direct-strided,Tesla V100-SXM2-16GB,7.0,fft,fp32,forward,none,in-place,online-reorder,cufftdx-block,20,1048576,8,100,50,1.303306,6436406010.071779,0.001258,1
fft18-fp32_b16_d3_3x11x4_t256x1024x256_e8x2x16_tt,fft18-fp32-batch16,2,fft18-fp32_b16_d3_3x11x4_t256x1024x256_e8x2x16_tt,0,3919052.8000000003,fft18-fp32,3,3x11x4,256x1024x256,8x2x16,tablextable,direct-stridedxdirect-strided,cufftdx-online-shared+cufftdx-large-online+cufftdx-online-shared,3,4,256,256,8,16,table,direct-strided,Tesla V100-SXM2-16GB,7.0,fft,fp32,forward,none,in-place,online-reorder,cufftdx-block,18,262144,16,100,50,0.905359,4632750634.186228,0.000377,1
fft18-fp32_b64_d3_4x4x10_t128x128x128_e16x16x16_tt,fft18-fp32-batch64,3,fft18-fp32_b64_d3_4x4x10_t128x128x128_e16x16x16_tt,0,3517580.9740579985,fft18-fp32,3,4x4x10,128x128x128,16x16x16,tablextable,direct-stridedxdirect-strided,cufftdx-online-shared+cufftdx-online-shared+cufftdx-online-shared,4,10,128,128,16,16,table,direct-strided,Tesla V100-SXM2-16GB,7.0,fft,fp32,forward,none,in-place,online-reorder,cufftdx-block,18,262144,64,100,50,1.945190,8624973547.034828,0.000521,1
fft18-fp32_b2_d3_5x10x3_t128x128x128_e16x16x8_tt,fft18-fp32-batch2,2,fft18-fp32_b2_d3_5x10x3_t128x128x128_e16x16x8_tt,0,185685.33333333334,fft18-fp32,3,5x10x3,128x128x128,16x16x8,tablextable,direct-stridedxdirect-strided,cufftdx-online-shared+cufftdx-online-shared+cufftdx-online-shared,5,3,128,128,16,8,table,direct-strided,Tesla V100-SXM2-16GB,7.0,fft,fp32,forward,none,in-place,online-reorder,cufftdx-block,18,262144,2,100,50,0.088125,5949337840.295516,0.000540,1
fft20-fp32_b8_d3_3x5x12_t128x128x512_e8x16x8_tt,fft20-fp32-batch8,2,fft20-fp32_b8_d3_3x5x12_t128x128x512_e8x16x8_tt,0,3264773.0703567686,fft20-fp32,3,3x5x12,128x128x512,8x16x8,tablextable,direct-stridedxdirect-strided,cufftdx-online-shared+cufftdx-online-shared+cufftdx-large-online,3,12,128,512,8,8,table,direct-strided,Tesla V100-SXM2-16GB,7.0,fft,fp32,forward,none,in-place,online-reorder,cufftdx-block,20,1048576,8,100,50,1.486848,5641873290.714315,0.001381,1
fft18-fp32_b2_d3_3x12x3_t128x512x128_e8x8x8_tt,fft18-fp32-batch2,3,fft18-fp32_b2_d3_3x12x3_t128x512x128_e8x8x8_tt,0,269546.94421195827,fft18-fp32,3,3x12x3,128x512x128,8x8x8,tablextable,direct-stridedxdirect-strided,cufftdx-online-shared+cufftdx-large-online+cufftdx-online-shared,3,3,128,128,8,8,table,direct-strided,Tesla V100-SXM2-16GB,7.0,fft,fp32,forward,none,in-place,online-reorder,cufftdx-block,18,262144,2,100,50,0.080855,6484296303.780466,0.000440,1
fft18-fp32_b64_d3_3x4x11_t128x128x512_e8x16x4_tt,fft18-fp32-batch64,1,fft18-fp32_b64_d3_3x4x11_t128x128x512_e8x16x4_tt,0,9437184.0,fft18-fp32,3,3x4x11,128x128x512,8x16x4,tablextable,direct-stridedxdirect-strided,cufftdx-online-shared+cufftdx-online-shared+cufftdx-large-online,3,11,128,512,8,4,table,direct-strided,Tesla V100-SXM2-16GB,7.0,fft,fp32,forward,none,in-place,online-reorder,cufftdx-block,18,262144,64,100,50,1.839882,9118635694.240482,0.000521,1
fft20-fp32_b8_d3_4x5x11_t128x128x512_e16x16x4_tt,fft20-fp32-batch8,1,fft20-fp32_b8_d3_4x5x11_t128x128x512_e16x16x4_tt,0,3932160.0,fft20-fp32,3,4x5x11,128x128x512,16x16x4,tablextable,direct-stridedxdirect-strided,cufftdx-online-shared+cufftdx-online-shared+cufftdx-large-online,4,11,128,512,16,4,table,direct-strided,Tesla V100-SXM2-16GB,7.0,fft,fp32,forward,none,in-place,online-reorder,cufftdx-block,20,1048576,8,100,50,1.538458,5452609045.035154,0.001274,1
fft18-fp32_b2_d3_3x12x3_t256x1024x256_e8x4x8_tt,fft18-fp32-batch2,1,fft18-fp32_b2_d3_3x12x3_t256x1024x256_e8x4x8_tt,0,356515.84,fft18-fp32,3,3x12x3,256x1024x256,8x4x8,tablextable,direct-stridedxdirect-strided,cufftdx-online-shared+cufftdx-large-online+cufftdx-online-shared,3,3,256,256,8,8,table,direct-strided,Tesla V100-SXM2-16GB,7.0,fft,fp32,forward,none,in-place,online-reorder,cufftdx-block,18,262144,2,100,50,0.086692,6047720709.233514,0.000391,1
fft18-fp32_b64_p11s7_t256x128_e8x16_rec_ptx,fft18-fp32-batch64,1,fft18-fp32_b64_p11s7_t256x128_e8x16_rec_ptx,0,4072062.411390442,fft18-fp32,2,11x7,256x128,8x16,recurrence,prefix-tiled-transpose,cufftdx-large-online+cufftdx-online-shared,11,7,256,128,8,16,recurrence,prefix-tiled-transpose,Tesla V100-SXM2-16GB,7.0,fft,fp32,forward,none,in-place,online-reorder,cufftdx-block,18,262144,64,100,50,1.333432,12581977944.342037,0.000697,1
fft20-fp32_b16_d3_3x11x6_t128x512x128_e8x4x16_tt,fft20-fp32-batch16,2,fft20-fp32_b16_d3_3x11x6_t128x512x128_e8x4x16_tt,0,9437184.0,fft20-fp32,3,3x11x6,128x512x128,8x4x16,tablextable,direct-stridedxdirect-strided,cufftdx-online-shared+cufftdx-large-online+cufftdx-online-shared,3,6,128,128,8,16,table,direct-strided,Tesla V100-SXM2-16GB,7.0,fft,fp32,forward,none,in-place,online-reorder,cufftdx-block,20,1048576,16,100,50,2.792305,6008375688.370379,0.001274,1
fft18-fp32_b2_d3_3x11x4_t128x512x128_e8x4x16_tt,fft18-fp32-batch2,2,fft18-fp32_b2_d3_3x11x4_t128x512x128_e8x4x16_tt,0,352256.0,fft18-fp32,3,3x11x4,128x512x128,8x4x16,tablextable,direct-stridedxdirect-strided,cufftdx-online-shared+cufftdx-large-online+cufftdx-online-shared,3,4,128,128,8,16,table,direct-strided,Tesla V100-SXM2-16GB,7.0,fft,fp32,forward,none,in-place,online-reorder,cufftdx-block,18,262144,2,100,50,0.089170,5879650929.302558,0.000391,1
fft18-fp32_b16_d3_4x3x11_t128x128x512_e16x8x4_tt,fft18-fp32-batch16,2,fft18-fp32_b16_d3_4x3x11_t128x128x512_e16x8x4_tt,0,2219468.9490830395,fft18-fp32,3,4x3x11,128x128x512,16x8x4,tablextable,direct-stridedxdirect-strided,cufftdx-online-shared+cufftdx-online-shared+cufftdx-large-online,4,11,128,512,16,4,table,direct-strided,Tesla V100-SXM2-16GB,7.0,fft,fp32,forward,none,in-place,online-reorder,cufftdx-block,18,262144,16,100,50,0.491540,8532977591.550345,0.000440,1
fft18-fp32_b16_d3_5x10x3_t128x128x128_e16x16x8_tt,fft18-fp32-batch16,2,fft18-fp32_b16_d3_5x10x3_t128x128x128_e16x16x8_tt,0,1225523.2000000002,fft18-fp32,3,5x10x3,128x128x128,16x16x8,tablextable,direct-stridedxdirect-strided,cufftdx-online-shared+cufftdx-online-shared+cufftdx-online-shared,5,3,128,128,16,8,table,direct-strided,Tesla V100-SXM2-16GB,7.0,fft,fp32,forward,none,in-place,online-reorder,cufftdx-block,18,262144,16,100,50,0.724152,5792018952.402369,0.000669,1
fft18-fp32_b64_d3_5x3x10_t128x128x128_e16x8x16_tt,fft18-fp32-batch64,1,fft18-fp32_b64_d3_5x3x10_t128x128x128_e16x8x16_tt,0,4902092.800000001,fft18-fp32,3,5x3x10,128x128x128,16x8x16,tablextable,direct-stridedxdirect-strided,cufftdx-online-shared+cufftdx-online-shared+cufftdx-online-shared,5,10,128,128,16,16,table,direct-strided,Tesla V100-SXM2-16GB,7.0,fft,fp32,forward,none,in-place,online-reorder,cufftdx-block,18,262144,64,100,50,1.846559,9085666266.775391,0.000735,1
fft20-fp32_b8_d3_6x3x11_t128x128x512_e16x8x4_tt,fft20-fp32-batch8,2,fft20-fp32_b8_d3_6x3x11_t128x128x512_e16x8x4_tt,0,4438937.898166079,fft20-fp32,3,6x3x11,128x128x512,16x8x4,tablextable,direct-stridedxdirect-strided,cufftdx-online-shared+cufftdx-online-shared+cufftdx-large-online,6,11,128,512,16,4,table,direct-strided,Tesla V100-SXM2-16GB,7.0,fft,fp32,forward,none,in-place,online-reorder,cufftdx-block,20,1048576,8,100,50,1.281638,6545222198.090216,0.001185,1
fft18-fp32_b64_d3_5x3x10_t256x256x256_e16x8x16_tt,fft18-fp32-batch64,3,fft18-fp32_b64_d3_5x3x10_t256x256x256_e16x8x16_tt,0,4902092.800000001,fft18-fp32,3,5x3x10,256x256x256,16x8x16,tablextable,direct-stridedxdirect-strided,cufftdx-online-shared+cufftdx-online-shared+cufftdx-online-shared,5,10,256,256,16,16,table,direct-strided,Tesla V100-SXM2-16GB,7.0,fft,fp32,forward,none,in-place,online-reorder,cufftdx-block,18,262144,64,100,50,2.011914,8338931926.658751,0.000735,1
fft18-fp32_b16_d3_3x12x3_t128x512x128_e8x8x8_tt,fft18-fp32-batch16,2,fft18-fp32_b16_d3_3x12x3_t128x512x128_e8x8x8_tt,0,1758790.4870289993,fft18-fp32,3,3x12x3,128x512x128,8x8x8,tablextable,direct-stridedxdirect-strided,cufftdx-online-shared+cufftdx-large-online+cufftdx-online-shared,3,3,128,128,8,8,table,direct-strided,Tesla V100-SXM2-16GB,7.0,fft,fp32,forward,none,in-place,online-reorder,cufftdx-block,18,262144,16,100,50,0.719421,5830106985.877336,0.000498,1
fft18-fp32_b64_d3_3x3x12_t128x128x512_e8x8x8_tt,fft18-fp32-batch64,2,fft18-fp32_b64_d3_3x3x12_t128x128x512_e8x8x8_tt,0,7035161.948115997,fft18-fp32,3,3x3x12,128x128x512,8x8x8,tablextable,direct-stridedxdirect-strided,cufftdx-online-shared+cufftdx-online-shared+cufftdx-large-online,3,12,128,512,8,8,table,direct-strided,Tesla V100-SXM2-16GB,7.0,fft,fp32,forward,none,in-place,online-reorder,cufftdx-block,18,262144,64,100,50,1.806111,9289140267.618876,0.000561,1
fft18-fp32_b64_p11s7_t256x128_e8x16_rec_ptx,fft18-fp32-batch64,2,fft18-fp32_b64_p11s7_t256x128_e8x16_rec_ptx,0,4072062.411390442,fft18-fp32,2,11x7,256x128,8x16,recurrence,prefix-tiled-transpose,cufftdx-large-online+cufftdx-online-shared,11,7,256,128,8,16,recurrence,prefix-tiled-transpose,Tesla V100-SXM2-16GB,7.0,fft,fp32,forward,none,in-place,online-reorder,cufftdx-block,18,262144,64,100,50,1.333924,12577341966.758907,0.000697,1
fft20-fp32_b2_d3_3x5x12_t256x256x1024_e8x16x4_tt,fft20-fp32-batch2,2,fft20-fp32_b2_d3_3x5x12_t256x256x1024_e8x16x4_tt,0,1179648.0,fft20-fp32,3,3x5x12,256x256x1024,8x16x4,tablextable,direct-stridedxdirect-strided,cufftdx-online-shared+cufftdx-online-shared+cufftdx-large-online,3,12,256,1024,8,4,table,direct-strided,Tesla V100-SXM2-16GB,7.0,fft,fp32,forward,none,in-place,online-reorder,cufftdx-block,20,1048576,2,100,50,0.371773,5640940715.810555,0.001298,1
fft20-fp32_b8_d3_3x5x12_t256x256x1024_e8x16x4_tt,fft20-fp32-batch8,2,fft20-fp32_b8_d3_3x5x12_t256x256x1024_e8x16x4_tt,0,4718592.0,fft20-fp32,3,3x5x12,256x256x1024,8x16x4,tablextable,direct-stridedxdirect-strided,cufftdx-online-shared+cufftdx-online-shared+cufftdx-large-online,3,12,256,1024,8,4,table,direct-strided,Tesla V100-SXM2-16GB,7.0,fft,fp32,forward,none,in-place,online-reorder,cufftdx-block,20,1048576,8,100,50,1.553490,5399846648.191909,0.001274,1
fft20-fp32_b8_d3_7x10x3_t128x128x128_e16x16x8_tt,fft20-fp32-batch8,2,fft20-fp32_b8_d3_7x10x3_t128x128x128_e16x16x8_tt,0,2451046.4000000004,fft20-fp32,3,7x10x3,128x128x128,16x16x8,tablextable,direct-stridedxdirect-strided,cufftdx-online-shared+cufftdx-online-shared+cufftdx-online-shared,7,3,128,128,16,8,table,direct-strided,Tesla V100-SXM2-16GB,7.0,fft,fp32,forward,none,in-place,online-reorder,cufftdx-block,20,1048576,8,100,50,1.589187,5278554619.212586,0.001092,1
fft20-fp32_b2_d3_4x6x10_t128x128x128_e16x16x16_tt,fft20-fp32-batch2,1,fft20-fp32_b2_d3_4x6x10_t128x128x128_e16x16x16_tt,0,439697.6217572498,fft20-fp32,3,4x6x10,128x128x128,16x16x16,tablextable,direct-stridedxdirect-strided,cufftdx-online-shared+cufftdx-online-shared+cufftdx-online-shared,4,10,128,128,16,16,table,direct-strided,Tesla V100-SXM2-16GB,7.0,fft,fp32,forward,none,in-place,online-reorder,cufftdx-block,20,1048576,2,100,50,0.349716,5996720465.489480,0.001234,1
fft18-fp32_b2_p11s7_t256x128_e8x16_rec_ptx,fft18-fp32-batch2,1,fft18-fp32_b2_p11s7_t256x128_e8x16_rec_ptx,0,153477.27302261797,fft18-fp32,2,11x7,256x128,8x16,recurrence,prefix-tiled-transpose,cufftdx-large-online+cufftdx-online-shared,11,7,256,128,8,16,recurrence,prefix-tiled-transpose,Tesla V100-SXM2-16GB,7.0,fft,fp32,forward,none,in-place,online-reorder,cufftdx-block,18,262144,2,100,50,0.049295,10635646386.281420,0.000546,1
fft20-fp32_b2_d3_3x7x10_t256x256x256_e8x16x16_tt,fft20-fp32-batch2,2,fft20-fp32_b2_d3_3x7x10_t256x256x256_e8x16x16_tt,0,667794.4916638844,fft20-fp32,3,3x7x10,256x256x256,8x16x16,tablextable,direct-stridedxdirect-strided,cufftdx-online-shared+cufftdx-online-shared+cufftdx-online-shared,3,10,256,256,8,16,table,direct-strided,Tesla V100-SXM2-16GB,7.0,fft,fp32,forward,none,in-place,online-reorder,cufftdx-block,20,1048576,2,100,50,0.319693,6559897696.365936,0.001050,1
fft18-fp32_b2_d3_4x3x11_t128x128x512_e16x8x4_tt,fft18-fp32-batch2,2,fft18-fp32_b2_d3_4x3x11_t128x128x512_e16x8x4_tt,0,332866.15196871327,fft18-fp32,3,4x3x11,128x128x512,16x8x4,tablextable,direct-stridedxdirect-strided,cufftdx-online-shared+cufftdx-online-shared+cufftdx-large-online,4,11,128,512,16,4,table,direct-strided,Tesla V100-SXM2-16GB,7.0,fft,fp32,forward,none,in-place,online-reorder,cufftdx-block,18,262144,2,100,50,0.073175,7164847186.330893,0.000411,1
fft20-fp32_b2_d3_4x4x12_t128x128x512_e16x16x8_tt,fft20-fp32-batch2,3,fft20-fp32_b2_d3_4x4x12_t128x128x512_e16x16x8_tt,0,612761.6000000001,fft20-fp32,3,4x4x12,128x128x512,16x16x8,tablextable,direct-stridedxdirect-strided,cufftdx-online-shared+cufftdx-online-shared+cufftdx-large-online,4,12,128,512,16,8,table,direct-strided,Tesla V100-SXM2-16GB,7.0,fft,fp32,forward,none,in-place,online-reorder,cufftdx-block,20,1048576,2,100,50,0.351642,5963890079.879923,0.000994,1
fft20-fp32_b8_d3_3x12x5_t128x512x128_e8x8x16_tt,fft20-fp32-batch8,3,fft20-fp32_b8_d3_3x12x5_t128x512x128_e8x8x16_tt,0,3264773.0703567686,fft20-fp32,3,3x12x5,128x512x128,8x8x16,tablextable,direct-stridedxdirect-strided,cufftdx-online-shared+cufftdx-large-online+cufftdx-online-shared,3,5,128,128,8,16,table,direct-strided,Tesla V100-SXM2-16GB,7.0,fft,fp32,forward,none,in-place,online-reorder,cufftdx-block,20,1048576,8,100,50,1.487995,5637525114.966786,0.001365,1
fft20-fp32_b16_d3_7x10x3_t128x128x128_e16x16x8_tt,fft20-fp32-batch16,3,fft20-fp32_b16_d3_7x10x3_t128x128x128_e16x16x8_tt,0,4902092.800000001,fft20-fp32,3,7x10x3,128x128x128,16x16x8,tablextable,direct-stridedxdirect-strided,cufftdx-online-shared+cufftdx-online-shared+cufftdx-online-shared,7,3,128,128,16,8,table,direct-strided,Tesla V100-SXM2-16GB,7.0,fft,fp32,forward,none,in-place,online-reorder,cufftdx-block,20,1048576,16,100,50,3.159880,5309447724.409017,0.001125,1
fft20-fp32_b2_d3_3x6x11_t128x128x512_e8x16x4_tt,fft20-fp32-batch2,1,fft20-fp32_b2_d3_3x6x11_t128x128x512_e8x16x4_tt,0,1179648.0,fft20-fp32,3,3x6x11,128x128x512,8x16x4,tablextable,direct-stridedxdirect-strided,cufftdx-online-shared+cufftdx-online-shared+cufftdx-large-online,3,11,128,512,8,4,table,direct-strided,Tesla V100-SXM2-16GB,7.0,fft,fp32,forward,none,in-place,online-reorder,cufftdx-block,20,1048576,2,100,50,0.378081,5546828274.373077,0.001038,1
fft20-fp32_b16_d3_4x6x10_t128x128x128_e16x16x16_tt,fft20-fp32-batch16,2,fft20-fp32_b16_d3_4x6x10_t128x128x128_e16x16x16_tt,0,3517580.9740579985,fft20-fp32,3,4x6x10,128x128x128,16x16x16,tablextable,direct-stridedxdirect-strided,cufftdx-online-shared+cufftdx-online-shared+cufftdx-online-shared,4,10,128,128,16,16,table,direct-strided,Tesla V100-SXM2-16GB,7.0,fft,fp32,forward,none,in-place,online-reorder,cufftdx-block,20,1048576,16,100,50,2.573742,6518607931.172943,0.001274,1
fft20-fp32_b2_d3_6x3x11_t128x128x512_e16x8x4_tt,fft20-fp32-batch2,2,fft20-fp32_b2_d3_6x3x11_t128x128x512_e16x8x4_tt,0,1109734.4745415198,fft20-fp32,3,6x3x11,128x128x512,16x8x4,tablextable,direct-stridedxdirect-strided,cufftdx-online-shared+cufftdx-online-shared+cufftdx-large-online,6,11,128,512,16,4,table,direct-strided,Tesla V100-SXM2-16GB,7.0,fft,fp32,forward,none,in-place,online-reorder,cufftdx-block,20,1048576,2,100,50,0.315945,6637712897.584970,0.001007,1
fft20-fp32_b8_d3_5x12x3_t128x512x128_e16x8x8_tt,fft20-fp32-batch8,3,fft20-fp32_b8_d3_5x12x3_t128x512x128_e16x8x8_tt,0,2939152.10556854,fft20-fp32,3,5x12x3,128x512x128,16x8x8,tablextable,direct-stridedxdirect-strided,cufftdx-online-shared+cufftdx-large-online+cufftdx-online-shared,5,3,128,128,16,8,table,direct-strided,Tesla V100-SXM2-16GB,7.0,fft,fp32,forward,none,in-place,online-reorder,cufftdx-block,20,1048576,8,100,50,1.713398,4895890320.196663,0.001348,1
fft20-fp32_b2_d3_4x4x12_t128x128x512_e16x16x8_tt,fft20-fp32-batch2,1,fft20-fp32_b2_d3_4x4x12_t128x128x512_e16x16x8_tt,0,612761.6000000001,fft20-fp32,3,4x4x12,128x128x512,16x16x8,tablextable,direct-stridedxdirect-strided,cufftdx-online-shared+cufftdx-online-shared+cufftdx-large-online,4,12,128,512,16,8,table,direct-strided,Tesla V100-SXM2-16GB,7.0,fft,fp32,forward,none,in-place,online-reorder,cufftdx-block,20,1048576,2,100,50,0.351334,5969105335.651235,0.000994,1
fft20-fp32_b8_d3_3x7x10_t128x128x128_e8x16x16_tt,fft20-fp32-batch8,2,fft20-fp32_b8_d3_3x7x10_t128x128x128_e8x16x16_tt,0,2671177.9666555375,fft20-fp32,3,3x7x10,128x128x128,8x16x16,tablextable,direct-stridedxdirect-strided,cufftdx-online-shared+cufftdx-online-shared+cufftdx-online-shared,3,10,128,128,8,16,table,direct-strided,Tesla V100-SXM2-16GB,7.0,fft,fp32,forward,none,in-place,online-reorder,cufftdx-block,20,1048576,8,100,50,1.250591,6707716058.433380,0.001222,1
fft18-fp32_b2_d3_4x4x10_t128x128x128_e16x16x16_tt,fft18-fp32-batch2,1,fft18-fp32_b2_d3_4x4x10_t128x128x128_e16x16x16_tt,0,134773.47210597913,fft18-fp32,3,4x4x10,128x128x128,16x16x16,tablextable,direct-stridedxdirect-strided,cufftdx-online-shared+cufftdx-online-shared+cufftdx-online-shared,4,10,128,128,16,16,table,direct-strided,Tesla V100-SXM2-16GB,7.0,fft,fp32,forward,none,in-place,online-reorder,cufftdx-block,18,262144,2,100,50,0.081285,6449986886.014498,0.000415,1
fft20-fp32_b2_d3_7x10x3_t128x128x128_e16x16x8_tt,fft20-fp32-batch2,3,fft20-fp32_b2_d3_7x10x3_t128x128x128_e16x16x8_tt,0,612761.6000000001,fft20-fp32,3,7x10x3,128x128x128,16x16x8,tablextable,direct-stridedxdirect-strided,cufftdx-online-shared+cufftdx-online-shared+cufftdx-online-shared,7,3,128,128,16,8,table,direct-strided,Tesla V100-SXM2-16GB,7.0,fft,fp32,forward,none,in-place,online-reorder,cufftdx-block,20,1048576,2,100,50,0.392131,5348096393.133216,0.001043,1
fft20-fp32_b8_d3_7x10x3_t128x128x128_e16x16x8_tt,fft20-fp32-batch8,1,fft20-fp32_b8_d3_7x10x3_t128x128x128_e16x16x8_tt,0,2451046.4000000004,fft20-fp32,3,7x10x3,128x128x128,16x16x8,tablextable,direct-stridedxdirect-strided,cufftdx-online-shared+cufftdx-online-shared+cufftdx-online-shared,7,3,128,128,16,8,table,direct-strided,Tesla V100-SXM2-16GB,7.0,fft,fp32,forward,none,in-place,online-reorder,cufftdx-block,20,1048576,8,100,50,1.594900,5259643506.680733,0.001092,1
fft18-fp32_b2_d3_3x5x10_t128x128x128_e8x16x16_tt,fft18-fp32-batch2,3,fft18-fp32_b2_d3_3x5x10_t128x128x128_e8x16x16_tt,0,201355.02291597112,fft18-fp32,3,3x5x10,128x128x128,8x16x16,tablextable,direct-stridedxdirect-strided,cufftdx-online-shared+cufftdx-online-shared+cufftdx-online-shared,3,10,128,128,8,16,table,direct-strided,Tesla V100-SXM2-16GB,7.0,fft,fp32,forward,none,in-place,online-reorder,cufftdx-block,18,262144,2,100,50,0.073646,7119021518.976016,0.000669,1
fft18-fp32_b16_p11s7_t256x128_e8x16_rec_ptx,fft18-fp32-batch16,2,fft18-fp32_b16_p11s7_t256x128_e8x16_rec_ptx,0,1018015.6028476105,fft18-fp32,2,11x7,256x128,8x16,recurrence,prefix-tiled-transpose,cufftdx-large-online+cufftdx-online-shared,11,7,256,128,8,16,recurrence,prefix-tiled-transpose,Tesla V100-SXM2-16GB,7.0,fft,fp32,forward,none,in-place,online-reorder,cufftdx-block,18,262144,16,100,50,0.358113,11712226633.992794,0.000633,1
fft20-fp32_b16_p11s9_t256x128_e8x16_rec_ptx,fft20-fp32-batch16,1,fft20-fp32_b16_p11s9_t256x128_e8x16_rec_ptx,0,4072062.411390442,fft20-fp32,2,11x9,256x128,8x16,recurrence,prefix-tiled-transpose,cufftdx-large-online+cufftdx-online-shared,11,9,256,128,8,16,recurrence,prefix-tiled-transpose,Tesla V100-SXM2-16GB,7.0,fft,fp32,forward,none,in-place,online-reorder,cufftdx-block,20,1048576,16,100,50,1.474621,11377303915.274517,0.001713,1
fft20-fp32_b2_d3_3x7x10_t256x256x256_e8x16x16_tt,fft20-fp32-batch2,1,fft20-fp32_b2_d3_3x7x10_t256x256x256_e8x16x16_tt,0,667794.4916638844,fft20-fp32,3,3x7x10,256x256x256,8x16x16,tablextable,direct-stridedxdirect-strided,cufftdx-online-shared+cufftdx-online-shared+cufftdx-online-shared,3,10,256,256,8,16,table,direct-strided,Tesla V100-SXM2-16GB,7.0,fft,fp32,forward,none,in-place,online-reorder,cufftdx-block,20,1048576,2,100,50,0.343654,6102503083.624083,0.001050,1
fft20-fp32_b2_d3_7x10x3_t128x128x128_e16x16x8_tt,fft20-fp32-batch2,1,fft20-fp32_b2_d3_7x10x3_t128x128x128_e16x16x8_tt,0,612761.6000000001,fft20-fp32,3,7x10x3,128x128x128,16x16x8,tablextable,direct-stridedxdirect-strided,cufftdx-online-shared+cufftdx-online-shared+cufftdx-online-shared,7,3,128,128,16,8,table,direct-strided,Tesla V100-SXM2-16GB,7.0,fft,fp32,forward,none,in-place,online-reorder,cufftdx-block,20,1048576,2,100,50,0.410235,5112076424.738969,0.001043,1
fft20-fp32_b2_d3_5x12x3_t128x512x128_e16x8x8_tt,fft20-fp32-batch2,3,fft20-fp32_b2_d3_5x12x3_t128x512x128_e16x8x8_tt,0,734788.026392135,fft20-fp32,3,5x12x3,128x512x128,16x8x8,tablextable,direct-stridedxdirect-strided,cufftdx-online-shared+cufftdx-large-online+cufftdx-online-shared,5,3,128,128,16,8,table,direct-strided,Tesla V100-SXM2-16GB,7.0,fft,fp32,forward,none,in-place,online-reorder,cufftdx-block,20,1048576,2,100,50,0.451748,4642306394.501226,0.001315,1
fft18-fp32_b16_d3_3x11x4_t128x512x128_e8x4x16_tt,fft18-fp32-batch16,2,fft18-fp32_b16_d3_3x11x4_t128x512x128_e8x4x16_tt,0,2359296.0,fft18-fp32,3,3x11x4,128x512x128,8x4x16,tablextable,direct-stridedxdirect-strided,cufftdx-online-shared+cufftdx-large-online+cufftdx-online-shared,3,4,128,128,8,16,table,direct-strided,Tesla V100-SXM2-16GB,7.0,fft,fp32,forward,none,in-place,online-reorder,cufftdx-block,18,262144,16,100,50,0.859832,4878048968.642950,0.000503,1
fft20-fp32_b16_d3_3x7x10_t128x128x128_e8x16x16_tt,fft20-fp32-batch16,2,fft20-fp32_b16_d3_3x7x10_t128x128x128_e8x16x16_tt,0,5342355.933311075,fft20-fp32,3,3x7x10,128x128x128,8x16x16,tablextable,direct-stridedxdirect-strided,cufftdx-online-shared+cufftdx-online-shared+cufftdx-online-shared,3,10,128,128,8,16,table,direct-strided,Tesla V100-SXM2-16GB,7.0,fft,fp32,forward,none,in-place,online-reorder,cufftdx-block,20,1048576,16,100,50,2.488136,6742886585.504385,0.001283,1
fft20-fp32_b8_p11s9_t256x128_e8x16_rec_ptx,fft20-fp32-batch8,3,fft20-fp32_b8_p11s9_t256x128_e8x16_rec_ptx,0,2036031.205695221,fft20-fp32,2,11x9,256x128,8x16,recurrence,prefix-tiled-transpose,cufftdx-large-online+cufftdx-online-shared,11,9,256,128,8,16,recurrence,prefix-tiled-transpose,Tesla V100-SXM2-16GB,7.0,fft,fp32,forward,none,in-place,online-reorder,cufftdx-block,20,1048576,8,100,50,0.734904,11414557572.184578,0.001587,1
fft18-fp32_b16_d3_3x3x12_t256x256x1024_e8x8x4_tt,fft18-fp32-batch16,3,fft18-fp32_b16_d3_3x3x12_t256x256x1024_e8x8x4_tt,0,2451046.4000000004,fft18-fp32,3,3x3x12,256x256x1024,8x8x4,tablextable,direct-stridedxdirect-strided,cufftdx-online-shared+cufftdx-online-shared+cufftdx-large-online,3,12,256,1024,8,4,table,direct-strided,Tesla V100-SXM2-16GB,7.0,fft,fp32,forward,none,in-place,online-reorder,cufftdx-block,18,262144,16,100,50,0.494899,8475067018.015950,0.000432,1
fft18-fp32_b2_d3_4x11x3_t128x512x128_e16x4x8_tt,fft18-fp32-batch2,2,fft18-fp32_b2_d3_4x11x3_t128x512x128_e16x4x8_tt,0,332866.15196871327,fft18-fp32,3,4x11x3,128x512x128,16x4x8,tablextable,direct-stridedxdirect-strided,cufftdx-online-shared+cufftdx-large-online+cufftdx-online-shared,4,3,128,128,16,8,table,direct-strided,Tesla V100-SXM2-16GB,7.0,fft,fp32,forward,none,in-place,online-reorder,cufftdx-block,18,262144,2,100,50,0.090563,5789235661.444853,0.000397,1
fft20-fp32_b2_d3_4x6x10_t128x128x128_e16x16x16_tt,fft20-fp32-batch2,2,fft20-fp32_b2_d3_4x6x10_t128x128x128_e16x16x16_tt,0,439697.6217572498,fft20-fp32,3,4x6x10,128x128x128,16x16x16,tablextable,direct-stridedxdirect-strided,cufftdx-online-shared+cufftdx-online-shared+cufftdx-online-shared,4,10,128,128,16,16,table,direct-strided,Tesla V100-SXM2-16GB,7.0,fft,fp32,forward,none,in-place,online-reorder,cufftdx-block,20,1048576,2,100,50,0.350044,5991106932.113171,0.001234,1
fft18-fp32_b2_d3_11x4x3_t256x512x512_e8x16x8_tt,fft18-fp32-batch2,1,fft18-fp32_b2_d3_11x4x3_t256x512x512_e8x16x8_tt,0,246100.5835639647,fft18-fp32,3,11x4x3,256x512x512,8x16x8,tablextable,direct-stridedxdirect-strided,cufftdx-large-online+cufftdx-online-shared+cufftdx-online-shared,11,3,256,512,8,8,table,direct-strided,Tesla V100-SXM2-16GB,7.0,fft,fp32,forward,none,in-place,online-reorder,cufftdx-block,18,262144,2,100,50,0.088207,5943812625.388768,0.000518,1
fft20-fp32_b2_d3_7x3x10_t128x128x128_e16x8x16_tt,fft20-fp32-batch2,3,fft20-fp32_b2_d3_7x3x10_t128x128x128_e16x8x16_tt,0,612761.6000000001,fft20-fp32,3,7x3x10,128x128x128,16x8x16,tablextable,direct-stridedxdirect-strided,cufftdx-online-shared+cufftdx-online-shared+cufftdx-online-shared,7,10,128,128,16,16,table,direct-strided,Tesla V100-SXM2-16GB,7.0,fft,fp32,forward,none,in-place,online-reorder,cufftdx-block,20,1048576,2,100,50,0.306340,6845835224.572989,0.001125,1
fft20-fp32_b8_d3_5x3x12_t128x128x512_e16x8x8_tt,fft20-fp32-batch8,3,fft20-fp32_b8_d3_5x3x12_t128x128x512_e16x8x8_tt,0,2939152.10556854,fft20-fp32,3,5x3x12,128x128x512,16x8x8,tablextable,direct-stridedxdirect-strided,cufftdx-online-shared+cufftdx-online-shared+cufftdx-large-online,5,12,128,512,16,8,table,direct-strided,Tesla V100-SXM2-16GB,7.0,fft,fp32,forward,none,in-place,online-reorder,cufftdx-block,20,1048576,8,100,50,1.311683,6395303342.245354,0.001360,1
fft18-fp32_b64_d3_4x4x10_t128x128x128_e16x16x16_tt,fft18-fp32-batch64,1,fft18-fp32_b64_d3_4x4x10_t128x128x128_e16x16x16_tt,0,3517580.9740579985,fft18-fp32,3,4x4x10,128x128x128,16x16x16,tablextable,direct-stridedxdirect-strided,cufftdx-online-shared+cufftdx-online-shared+cufftdx-online-shared,4,10,128,128,16,16,table,direct-strided,Tesla V100-SXM2-16GB,7.0,fft,fp32,forward,none,in-place,online-reorder,cufftdx-block,18,262144,64,100,50,1.942999,8634700751.131016,0.000521,1
fft20-fp32_b8_d3_3x6x11_t256x256x1024_e8x16x2_tt,fft20-fp32-batch8,3,fft20-fp32_b8_d3_3x6x11_t256x256x1024_e8x16x2_tt,0,7838105.600000001,fft20-fp32,3,3x6x11,256x256x1024,8x16x2,tablextable,direct-stridedxdirect-strided,cufftdx-online-shared+cufftdx-online-shared+cufftdx-large-online,3,11,256,1024,8,2,table,direct-strided,Tesla V100-SXM2-16GB,7.0,fft,fp32,forward,none,in-place,online-reorder,cufftdx-block,20,1048576,8,100,50,1.503826,5578177180.374454,0.001033,1
fft18-fp32_b64_d3_5x10x3_t128x128x128_e16x16x8_tt,fft18-fp32-batch64,3,fft18-fp32_b64_d3_5x10x3_t128x128x128_e16x16x8_tt,0,4902092.800000001,fft18-fp32,3,5x10x3,128x128x128,16x16x8,tablextable,direct-stridedxdirect-strided,cufftdx-online-shared+cufftdx-online-shared+cufftdx-online-shared,5,3,128,128,16,8,table,direct-strided,Tesla V100-SXM2-16GB,7.0,fft,fp32,forward,none,in-place,online-reorder,cufftdx-block,18,262144,64,100,50,2.808013,5974764949.270819,0.000660,1
fft20-fp32_b8_d3_7x3x10_t128x128x128_e16x8x16_tt,fft20-fp32-batch8,2,fft20-fp32_b8_d3_7x3x10_t128x128x128_e16x8x16_tt,0,2451046.4000000004,fft20-fp32,3,7x3x10,128x128x128,16x8x16,tablextable,direct-stridedxdirect-strided,cufftdx-online-shared+cufftdx-online-shared+cufftdx-online-shared,7,10,128,128,16,16,table,direct-strided,Tesla V100-SXM2-16GB,7.0,fft,fp32,forward,none,in-place,online-reorder,cufftdx-block,20,1048576,8,100,50,1.046507,8015812766.051989,0.001245,1
fft20-fp32_b8_d3_3x11x6_t128x512x128_e8x4x16_tt,fft20-fp32-batch8,1,fft20-fp32_b8_d3_3x11x6_t128x512x128_e8x4x16_tt,0,4718592.0,fft20-fp32,3,3x11x6,128x512x128,8x4x16,tablextable,direct-stridedxdirect-strided,cufftdx-online-shared+cufftdx-large-online+cufftdx-online-shared,3,6,128,128,8,16,table,direct-strided,Tesla V100-SXM2-16GB,7.0,fft,fp32,forward,none,in-place,online-reorder,cufftdx-block,20,1048576,8,100,50,1.412383,5939331158.577991,0.001221,1
fft18-fp32_b64_d3_4x3x11_t128x128x512_e16x8x4_tt,fft18-fp32-batch64,3,fft18-fp32_b64_d3_4x3x11_t128x128x512_e16x8x4_tt,0,8877875.796332158,fft18-fp32,3,4x3x11,128x128x512,16x8x4,tablextable,direct-stridedxdirect-strided,cufftdx-online-shared+cufftdx-online-shared+cufftdx-large-online,4,11,128,512,16,4,table,direct-strided,Tesla V100-SXM2-16GB,7.0,fft,fp32,forward,none,in-place,online-reorder,cufftdx-block,18,262144,64,100,50,1.810268,9267807632.817053,0.000546,1
fft18-fp32_b16_d3_3x11x4_t256x1024x256_e8x2x16_tt,fft18-fp32-batch16,3,fft18-fp32_b16_d3_3x11x4_t256x1024x256_e8x2x16_tt,0,3919052.8000000003,fft18-fp32,3,3x11x4,256x1024x256,8x2x16,tablextable,direct-stridedxdirect-strided,cufftdx-online-shared+cufftdx-large-online+cufftdx-online-shared,3,4,256,256,8,16,table,direct-strided,Tesla V100-SXM2-16GB,7.0,fft,fp32,forward,none,in-place,online-reorder,cufftdx-block,18,262144,16,100,50,0.904274,4638311327.777323,0.000377,1
fft18-fp32_b16_d3_3x11x4_t128x512x128_e8x4x16_tt,fft18-fp32-batch16,3,fft18-fp32_b16_d3_3x11x4_t128x512x128_e8x4x16_tt,0,2359296.0,fft18-fp32,3,3x11x4,128x512x128,8x4x16,tablextable,direct-stridedxdirect-strided,cufftdx-online-shared+cufftdx-large-online+cufftdx-online-shared,3,4,128,128,8,16,table,direct-strided,Tesla V100-SXM2-16GB,7.0,fft,fp32,forward,none,in-place,online-reorder,cufftdx-block,18,262144,16,100,50,0.855327,4903744897.137219,0.000503,1
fft20-fp32_b16_d3_5x12x3_t128x512x128_e16x8x8_tt,fft20-fp32-batch16,2,fft20-fp32_b16_d3_5x12x3_t128x512x128_e16x8x8_tt,0,5878304.21113708,fft20-fp32,3,5x12x3,128x512x128,16x8x8,tablextable,direct-stridedxdirect-strided,cufftdx-online-shared+cufftdx-large-online+cufftdx-online-shared,5,3,128,128,16,8,table,direct-strided,Tesla V100-SXM2-16GB,7.0,fft,fp32,forward,none,in-place,online-reorder,cufftdx-block,20,1048576,16,100,50,3.420344,4905124826.582863,0.001466,1
fft20-fp32_b16_d3_5x3x12_t128x128x512_e16x8x8_tt,fft20-fp32-batch16,1,fft20-fp32_b16_d3_5x3x12_t128x128x512_e16x8x8_tt,0,5878304.21113708,fft20-fp32,3,5x3x12,128x128x512,16x8x8,tablextable,direct-stridedxdirect-strided,cufftdx-online-shared+cufftdx-online-shared+cufftdx-large-online,5,12,128,512,16,8,table,direct-strided,Tesla V100-SXM2-16GB,7.0,fft,fp32,forward,none,in-place,online-reorder,cufftdx-block,20,1048576,16,100,50,2.662892,6300375063.684346,0.001544,1
fft20-fp32_b16_d3_7x3x10_t128x128x128_e16x8x16_tt,fft20-fp32-batch16,1,fft20-fp32_b16_d3_7x3x10_t128x128x128_e16x8x16_tt,0,4902092.800000001,fft20-fp32,3,7x3x10,128x128x128,16x8x16,tablextable,direct-stridedxdirect-strided,cufftdx-online-shared+cufftdx-online-shared+cufftdx-online-shared,7,10,128,128,16,16,table,direct-strided,Tesla V100-SXM2-16GB,7.0,fft,fp32,forward,none,in-place,online-reorder,cufftdx-block,20,1048576,16,100,50,2.054185,8167334833.702806,0.001100,1
fft18-fp32_b64_d3_5x3x10_t256x256x256_e16x8x16_tt,fft18-fp32-batch64,1,fft18-fp32_b64_d3_5x3x10_t256x256x256_e16x8x16_tt,0,4902092.800000001,fft18-fp32,3,5x3x10,256x256x256,16x8x16,tablextable,direct-stridedxdirect-strided,cufftdx-online-shared+cufftdx-online-shared+cufftdx-online-shared,5,10,256,256,16,16,table,direct-strided,Tesla V100-SXM2-16GB,7.0,fft,fp32,forward,none,in-place,online-reorder,cufftdx-block,18,262144,64,100,50,2.012590,8336132332.529123,0.000735,1
fft20-fp32_b2_d3_3x5x12_t256x256x1024_e8x16x4_tt,fft20-fp32-batch2,1,fft20-fp32_b2_d3_3x5x12_t256x256x1024_e8x16x4_tt,0,1179648.0,fft20-fp32,3,3x5x12,256x256x1024,8x16x4,tablextable,direct-stridedxdirect-strided,cufftdx-online-shared+cufftdx-online-shared+cufftdx-large-online,3,12,256,1024,8,4,table,direct-strided,Tesla V100-SXM2-16GB,7.0,fft,fp32,forward,none,in-place,online-reorder,cufftdx-block,20,1048576,2,100,50,0.380314,5514270254.973844,0.001298,1
fft18-fp32_b16_d3_3x11x4_t128x512x128_e8x4x16_tt,fft18-fp32-batch16,1,fft18-fp32_b16_d3_3x11x4_t128x512x128_e8x4x16_tt,0,2359296.0,fft18-fp32,3,3x11x4,128x512x128,8x4x16,tablextable,direct-stridedxdirect-strided,cufftdx-online-shared+cufftdx-large-online+cufftdx-online-shared,3,4,128,128,8,16,table,direct-strided,Tesla V100-SXM2-16GB,7.0,fft,fp32,forward,none,in-place,online-reorder,cufftdx-block,18,262144,16,100,50,0.854630,4907740173.563164,0.000503,1
fft18-fp32_b2_d3_3x3x12_t128x128x512_e8x8x8_tt,fft18-fp32-batch2,1,fft18-fp32_b2_d3_3x3x12_t128x128x512_e8x8x8_tt,0,269546.94421195827,fft18-fp32,3,3x3x12,128x128x512,8x8x8,tablextable,direct-stridedxdirect-strided,cufftdx-online-shared+cufftdx-online-shared+cufftdx-large-online,3,12,128,512,8,8,table,direct-strided,Tesla V100-SXM2-16GB,7.0,fft,fp32,forward,none,in-place,online-reorder,cufftdx-block,18,262144,2,100,50,0.068321,7673860890.895205,0.000488,1
fft18-fp32_b16_d3_4x3x11_t128x128x512_e16x8x4_tt,fft18-fp32-batch16,3,fft18-fp32_b16_d3_4x3x11_t128x128x512_e16x8x4_tt,0,2219468.9490830395,fft18-fp32,3,4x3x11,128x128x512,16x8x4,tablextable,direct-stridedxdirect-strided,cufftdx-online-shared+cufftdx-online-shared+cufftdx-large-online,4,11,128,512,16,4,table,direct-strided,Tesla V100-SXM2-16GB,7.0,fft,fp32,forward,none,in-place,online-reorder,cufftdx-block,18,262144,16,100,50,0.490762,8546508791.804144,0.000440,1
fft18-fp32_b16_d3_3x12x3_t256x1024x256_e8x4x8_tt,fft18-fp32-batch16,3,fft18-fp32_b16_d3_3x12x3_t256x1024x256_e8x4x8_tt,0,2451046.4000000004,fft18-fp32,3,3x12x3,256x1024x256,8x4x8,tablextable,direct-stridedxdirect-strided,cufftdx-online-shared+cufftdx-large-online+cufftdx-online-shared,3,3,256,256,8,8,table,direct-strided,Tesla V100-SXM2-16GB,7.0,fft,fp32,forward,none,in-place,online-reorder,cufftdx-block,18,262144,16,100,50,0.791409,5299795842.953635,0.000488,1
fft18-fp32_b2_p11s7_t256x128_e8x16_rec_ptx,fft18-fp32-batch2,2,fft18-fp32_b2_p11s7_t256x128_e8x16_rec_ptx,0,153477.27302261797,fft18-fp32,2,11x7,256x128,8x16,recurrence,prefix-tiled-transpose,cufftdx-large-online+cufftdx-online-shared,11,7,256,128,8,16,recurrence,prefix-tiled-transpose,Tesla V100-SXM2-16GB,7.0,fft,fp32,forward,none,in-place,online-reorder,cufftdx-block,18,262144,2,100,50,0.049295,10635646386.281420,0.000546,1
fft20-fp32_b8_d3_3x5x12_t256x256x1024_e8x16x4_tt,fft20-fp32-batch8,1,fft20-fp32_b8_d3_3x5x12_t256x256x1024_e8x16x4_tt,0,4718592.0,fft20-fp32,3,3x5x12,256x256x1024,8x16x4,tablextable,direct-stridedxdirect-strided,cufftdx-online-shared+cufftdx-online-shared+cufftdx-large-online,3,12,256,1024,8,4,table,direct-strided,Tesla V100-SXM2-16GB,7.0,fft,fp32,forward,none,in-place,online-reorder,cufftdx-block,20,1048576,8,100,50,1.547182,5421862583.469550,0.001274,1
fft18-fp32_b64_d3_3x3x12_t256x256x1024_e8x8x4_tt,fft18-fp32-batch64,1,fft18-fp32_b64_d3_3x3x12_t256x256x1024_e8x8x4_tt,0,9804185.600000001,fft18-fp32,3,3x3x12,256x256x1024,8x8x4,tablextable,direct-stridedxdirect-strided,cufftdx-online-shared+cufftdx-online-shared+cufftdx-large-online,3,12,256,1024,8,4,table,direct-strided,Tesla V100-SXM2-16GB,7.0,fft,fp32,forward,none,in-place,online-reorder,cufftdx-block,18,262144,64,100,50,1.788314,9381584831.886919,0.000492,1
fft18-fp32_b64_d3_11x3x4_t256x512x512_e8x8x16_tt,fft18-fp32-batch64,1,fft18-fp32_b64_d3_11x3x4_t256x512x512_e8x8x16_tt,0,6529546.140713537,fft18-fp32,3,11x3x4,256x512x512,8x8x16,tablextable,direct-stridedxdirect-strided,cufftdx-large-online+cufftdx-online-shared+cufftdx-online-shared,11,4,256,512,8,16,table,direct-strided,Tesla V100-SXM2-16GB,7.0,fft,fp32,forward,none,in-place,online-reorder,cufftdx-block,18,262144,64,100,50,2.369618,7080135461.463032,0.000568,1
fft20-fp32_b8_d3_6x3x11_t128x128x512_e16x8x4_tt,fft20-fp32-batch8,3,fft20-fp32_b8_d3_6x3x11_t128x128x512_e16x8x4_tt,0,4438937.898166079,fft20-fp32,3,6x3x11,128x128x512,16x8x4,tablextable,direct-stridedxdirect-strided,cufftdx-online-shared+cufftdx-online-shared+cufftdx-large-online,6,11,128,512,16,4,table,direct-strided,Tesla V100-SXM2-16GB,7.0,fft,fp32,forward,none,in-place,online-reorder,cufftdx-block,20,1048576,8,100,50,1.281167,6547629029.084200,0.001185,1
fft20-fp32_b16_d3_4x11x5_t128x512x128_e16x4x16_tt,fft20-fp32-batch16,3,fft20-fp32_b16_d3_4x11x5_t128x512x128_e16x4x16_tt,0,7864320.0,fft20-fp32,3,4x11x5,128x512x128,16x4x16,tablextable,direct-stridedxdirect-strided,cufftdx-online-shared+cufftdx-large-online+cufftdx-online-shared,4,5,128,128,16,16,table,direct-strided,Tesla V100-SXM2-16GB,7.0,fft,fp32,forward,none,in-place,online-reorder,cufftdx-block,20,1048576,16,100,50,3.333837,5032405074.693180,0.001298,1
fft20-fp32_b16_d3_4x6x10_t128x128x128_e16x16x16_tt,fft20-fp32-batch16,1,fft20-fp32_b16_d3_4x6x10_t128x128x128_e16x16x16_tt,0,3517580.9740579985,fft20-fp32,3,4x6x10,128x128x128,16x16x16,tablextable,direct-stridedxdirect-strided,cufftdx-online-shared+cufftdx-online-shared+cufftdx-online-shared,4,10,128,128,16,16,table,direct-strided,Tesla V100-SXM2-16GB,7.0,fft,fp32,forward,none,in-place,online-reorder,cufftdx-block,20,1048576,16,100,50,2.574561,6516534362.174273,0.001274,1
fft20-fp32_b16_d3_4x12x4_t128x512x128_e16x8x16_tt,fft20-fp32-batch16,3,fft20-fp32_b16_d3_4x12x4_t128x512x128_e16x8x16_tt,0,4902092.800000001,fft20-fp32,3,4x12x4,128x512x128,16x8x16,tablextable,direct-stridedxdirect-strided,cufftdx-online-shared+cufftdx-large-online+cufftdx-online-shared,4,4,128,128,16,16,table,direct-strided,Tesla V100-SXM2-16GB,7.0,fft,fp32,forward,none,in-place,online-reorder,cufftdx-block,20,1048576,16,100,50,4.097516,4094484977.543296,0.001152,1
fft18-fp32_b16_d3_4x3x11_t128x128x512_e16x8x4_tt,fft18-fp32-batch16,1,fft18-fp32_b16_d3_4x3x11_t128x128x512_e16x8x4_tt,0,2219468.9490830395,fft18-fp32,3,4x3x11,128x128x512,16x8x4,tablextable,direct-stridedxdirect-strided,cufftdx-online-shared+cufftdx-online-shared+cufftdx-large-online,4,11,128,512,16,4,table,direct-strided,Tesla V100-SXM2-16GB,7.0,fft,fp32,forward,none,in-place,online-reorder,cufftdx-block,18,262144,16,100,50,0.490189,8556507600.698102,0.000440,1
fft18-fp32_b64_d3_3x3x12_t128x128x512_e8x8x8_tt,fft18-fp32-batch64,3,fft18-fp32_b64_d3_3x3x12_t128x128x512_e8x8x8_tt,0,7035161.948115997,fft18-fp32,3,3x3x12,128x128x512,8x8x8,tablextable,direct-stridedxdirect-strided,cufftdx-online-shared+cufftdx-online-shared+cufftdx-large-online,3,12,128,512,8,8,table,direct-strided,Tesla V100-SXM2-16GB,7.0,fft,fp32,forward,none,in-place,online-reorder,cufftdx-block,18,262144,64,100,50,1.804739,9296202575.183107,0.000561,1
fft20-fp32_b2_d3_7x3x10_t128x128x128_e16x8x16_tt,fft20-fp32-batch2,1,fft20-fp32_b2_d3_7x3x10_t128x128x128_e16x8x16_tt,0,612761.6000000001,fft20-fp32,3,7x3x10,128x128x128,16x8x16,tablextable,direct-stridedxdirect-strided,cufftdx-online-shared+cufftdx-online-shared+cufftdx-online-shared,7,10,128,128,16,16,table,direct-strided,Tesla V100-SXM2-16GB,7.0,fft,fp32,forward,none,in-place,online-reorder,cufftdx-block,20,1048576,2,100,50,0.305992,6853624268.171315,0.001125,1
fft18-fp32_b64_d3_5x10x3_t128x128x128_e16x16x8_tt,fft18-fp32-batch64,2,fft18-fp32_b64_d3_5x10x3_t128x128x128_e16x16x8_tt,0,4902092.800000001,fft18-fp32,3,5x10x3,128x128x128,16x16x8,tablextable,direct-stridedxdirect-strided,cufftdx-online-shared+cufftdx-online-shared+cufftdx-online-shared,5,3,128,128,16,8,table,direct-strided,Tesla V100-SXM2-16GB,7.0,fft,fp32,forward,none,in-place,online-reorder,cufftdx-block,18,262144,64,100,50,2.806477,5978034741.663839,0.000660,1
fft18-fp32_b2_d3_3x5x10_t128x128x128_e8x16x16_tt,fft18-fp32-batch2,2,fft18-fp32_b2_d3_3x5x10_t128x128x128_e8x16x16_tt,0,201355.02291597112,fft18-fp32,3,3x5x10,128x128x128,8x16x16,tablextable,direct-stridedxdirect-strided,cufftdx-online-shared+cufftdx-online-shared+cufftdx-online-shared,3,10,128,128,8,16,table,direct-strided,Tesla V100-SXM2-16GB,7.0,fft,fp32,forward,none,in-place,online-reorder,cufftdx-block,18,262144,2,100,50,0.073728,7111111578.198158,0.000669,1
fft18-fp32_b16_d3_5x10x3_t128x128x128_e16x16x8_tt,fft18-fp32-batch16,3,fft18-fp32_b16_d3_5x10x3_t128x128x128_e16x16x8_tt,0,1225523.2000000002,fft18-fp32,3,5x10x3,128x128x128,16x16x8,tablextable,direct-stridedxdirect-strided,cufftdx-online-shared+cufftdx-online-shared+cufftdx-online-shared,5,3,128,128,16,8,table,direct-strided,Tesla V100-SXM2-16GB,7.0,fft,fp32,forward,none,in-place,online-reorder,cufftdx-block,18,262144,16,100,50,0.722145,5808116302.540496,0.000669,1
fft20-fp32_b8_d3_3x7x10_t256x256x256_e8x16x16_tt,fft20-fp32-batch8,3,fft20-fp32_b8_d3_3x7x10_t256x256x256_e8x16x16_tt,0,2671177.9666555375,fft20-fp32,3,3x7x10,256x256x256,8x16x16,tablextable,direct-stridedxdirect-strided,cufftdx-online-shared+cufftdx-online-shared+cufftdx-online-shared,3,10,256,256,8,16,table,direct-strided,Tesla V100-SXM2-16GB,7.0,fft,fp32,forward,none,in-place,online-reorder,cufftdx-block,20,1048576,8,100,50,1.150484,7291370216.388147,0.001222,1
fft18-fp32_b64_d3_5x10x3_t128x128x128_e16x16x8_tt,fft18-fp32-batch64,1,fft18-fp32_b64_d3_5x10x3_t128x128x128_e16x16x8_tt,0,4902092.800000001,fft18-fp32,3,5x10x3,128x128x128,16x16x8,tablextable,direct-stridedxdirect-strided,cufftdx-online-shared+cufftdx-online-shared+cufftdx-online-shared,5,3,128,128,16,8,table,direct-strided,Tesla V100-SXM2-16GB,7.0,fft,fp32,forward,none,in-place,online-reorder,cufftdx-block,18,262144,64,100,50,2.810737,5968974703.858586,0.000660,1
fft18-fp32_b64_d3_3x4x11_t256x256x1024_e8x16x2_tt,fft18-fp32-batch64,2,fft18-fp32_b64_d3_3x4x11_t256x256x1024_e8x16x2_tt,0,15676211.200000001,fft18-fp32,3,3x4x11,256x256x1024,8x16x2,tablextable,direct-stridedxdirect-strided,cufftdx-online-shared+cufftdx-online-shared+cufftdx-large-online,3,11,256,1024,8,2,table,direct-strided,Tesla V100-SXM2-16GB,7.0,fft,fp32,forward,none,in-place,online-reorder,cufftdx-block,18,262144,64,100,50,2.023957,8289316342.149788,0.000397,1
fft20-fp32_b2_d3_3x6x11_t256x256x1024_e8x16x2_tt,fft20-fp32-batch2,3,fft20-fp32_b2_d3_3x6x11_t256x256x1024_e8x16x2_tt,0,1959526.4000000001,fft20-fp32,3,3x6x11,256x256x1024,8x16x2,tablextable,direct-stridedxdirect-strided,cufftdx-online-shared+cufftdx-online-shared+cufftdx-large-online,3,11,256,1024,8,2,table,direct-strided,Tesla V100-SXM2-16GB,7.0,fft,fp32,forward,none,in-place,online-reorder,cufftdx-block,20,1048576,2,100,50,0.387871,5406832752.519155,0.000984,1
fft18-fp32_b16_d3_3x11x4_t256x1024x256_e8x2x16_tt,fft18-fp32-batch16,1,fft18-fp32_b16_d3_3x11x4_t256x1024x256_e8x2x16_tt,0,3919052.8000000003,fft18-fp32,3,3x11x4,256x1024x256,8x2x16,tablextable,direct-stridedxdirect-strided,cufftdx-online-shared+cufftdx-large-online+cufftdx-online-shared,3,4,256,256,8,16,table,direct-strided,Tesla V100-SXM2-16GB,7.0,fft,fp32,forward,none,in-place,online-reorder,cufftdx-block,18,262144,16,100,50,0.902922,4645255083.163828,0.000377,1
fft20-fp32_b2_d3_3x5x12_t128x128x512_e8x16x8_tt,fft20-fp32-batch2,1,fft20-fp32_b2_d3_3x5x12_t128x128x512_e8x16x8_tt,0,816193.2675891921,fft20-fp32,3,3x5x12,128x128x512,8x16x8,tablextable,direct-stridedxdirect-strided,cufftdx-online-shared+cufftdx-online-shared+cufftdx-large-online,3,12,128,512,8,8,table,direct-strided,Tesla V100-SXM2-16GB,7.0,fft,fp32,forward,none,in-place,online-reorder,cufftdx-block,20,1048576,2,100,50,0.340828,6153106231.044037,0.001274,1
fft20-fp32_b2_d3_3x5x12_t128x128x512_e8x16x8_tt,fft20-fp32-batch2,3,fft20-fp32_b2_d3_3x5x12_t128x128x512_e8x16x8_tt,0,816193.2675891921,fft20-fp32,3,3x5x12,128x128x512,8x16x8,tablextable,direct-stridedxdirect-strided,cufftdx-online-shared+cufftdx-online-shared+cufftdx-large-online,3,12,128,512,8,8,table,direct-strided,Tesla V100-SXM2-16GB,7.0,fft,fp32,forward,none,in-place,online-reorder,cufftdx-block,20,1048576,2,100,50,0.340111,6166074817.865690,0.001274,1
fft20-fp32_b8_p9s11_t128x256_e16x8_rec_tx,fft20-fp32-batch8,1,fft20-fp32_b8_p9s11_t128x256_e16x8_rec_tx,0,1783085.6107115808,fft20-fp32,2,9x11,128x256,16x8,recurrence,tiled-transpose,cufftdx-online-shared+cufftdx-large-online,9,11,128,256,16,8,recurrence,tiled-transpose,Tesla V100-SXM2-16GB,7.0,fft,fp32,forward,none,in-place,online-reorder,cufftdx-block,20,1048576,8,100,50,0.583598,14373947287.231911,0.001716,1
fft20-fp32_b2_d3_4x12x4_t128x512x128_e16x8x16_tt,fft20-fp32-batch2,3,fft20-fp32_b2_d3_4x12x4_t128x512x128_e16x8x16_tt,0,612761.6000000001,fft20-fp32,3,4x12x4,128x512x128,16x8x16,tablextable,direct-stridedxdirect-strided,cufftdx-online-shared+cufftdx-large-online+cufftdx-online-shared,4,4,128,128,16,16,table,direct-strided,Tesla V100-SXM2-16GB,7.0,fft,fp32,forward,none,in-place,online-reorder,cufftdx-block,20,1048576,2,100,50,0.524882,3995473580.668217,0.000994,1
fft20-fp32_b2_d3_3x11x6_t128x512x128_e8x4x16_tt,fft20-fp32-batch2,1,fft20-fp32_b2_d3_3x11x6_t128x512x128_e8x4x16_tt,0,1179648.0,fft20-fp32,3,3x11x6,128x512x128,8x4x16,tablextable,direct-stridedxdirect-strided,cufftdx-online-shared+cufftdx-large-online+cufftdx-online-shared,3,6,128,128,8,16,table,direct-strided,Tesla V100-SXM2-16GB,7.0,fft,fp32,forward,none,in-place,online-reorder,cufftdx-block,20,1048576,2,100,50,0.371753,5641251389.106908,0.001014,1
fft20-fp32_b8_d3_3x12x5_t128x512x128_e8x8x16_tt,fft20-fp32-batch8,2,fft20-fp32_b8_d3_3x12x5_t128x512x128_e8x8x16_tt,0,3264773.0703567686,fft20-fp32,3,3x12x5,128x512x128,8x8x16,tablextable,direct-stridedxdirect-strided,cufftdx-online-shared+cufftdx-large-online+cufftdx-online-shared,3,5,128,128,8,16,table,direct-strided,Tesla V100-SXM2-16GB,7.0,fft,fp32,forward,none,in-place,online-reorder,cufftdx-block,20,1048576,8,100,50,1.486377,5643661060.037851,0.001365,1
fft18-fp32_b64_d3_3x5x10_t256x256x256_e8x16x16_tt,fft18-fp32-batch64,3,fft18-fp32_b64_d3_3x5x10_t256x256x256_e8x16x16_tt,0,5342355.933311075,fft18-fp32,3,3x5x10,256x256x256,8x16x16,tablextable,direct-stridedxdirect-strided,cufftdx-online-shared+cufftdx-online-shared+cufftdx-online-shared,3,10,256,256,8,16,table,direct-strided,Tesla V100-SXM2-16GB,7.0,fft,fp32,forward,none,in-place,online-reorder,cufftdx-block,18,262144,64,100,50,1.938575,8654405262.846001,0.000657,1
fft18-fp32_b2_d3_5x10x3_t128x128x128_e16x16x8_tt,fft18-fp32-batch2,3,fft18-fp32_b2_d3_5x10x3_t128x128x128_e16x16x8_tt,0,185685.33333333334,fft18-fp32,3,5x10x3,128x128x128,16x16x8,tablextable,direct-stridedxdirect-strided,cufftdx-online-shared+cufftdx-online-shared+cufftdx-online-shared,5,3,128,128,16,8,table,direct-strided,Tesla V100-SXM2-16GB,7.0,fft,fp32,forward,none,in-place,online-reorder,cufftdx-block,18,262144,2,100,50,0.088105,5950720372.009450,0.000540,1
fft20-fp32_b16_d3_3x7x10_t256x256x256_e8x16x16_tt,fft20-fp32-batch16,3,fft20-fp32_b16_d3_3x7x10_t256x256x256_e8x16x16_tt,0,5342355.933311075,fft20-fp32,3,3x7x10,256x256x256,8x16x16,tablextable,direct-stridedxdirect-strided,cufftdx-online-shared+cufftdx-online-shared+cufftdx-online-shared,3,10,256,256,8,16,table,direct-strided,Tesla V100-SXM2-16GB,7.0,fft,fp32,forward,none,in-place,online-reorder,cufftdx-block,20,1048576,16,100,50,2.245161,7472611352.886855,0.001283,1
fft18-fp32_b64_d3_11x4x3_t256x512x512_e8x16x8_tt,fft18-fp32-batch64,1,fft18-fp32_b64_d3_11x4x3_t256x512x512_e8x16x8_tt,0,6529546.140713537,fft18-fp32,3,11x4x3,256x512x512,8x16x8,tablextable,direct-stridedxdirect-strided,cufftdx-large-online+cufftdx-online-shared+cufftdx-online-shared,11,3,256,512,8,8,table,direct-strided,Tesla V100-SXM2-16GB,7.0,fft,fp32,forward,none,in-place,online-reorder,cufftdx-block,18,262144,64,100,50,2.869985,5845749716.672049,0.000570,1
fft20-fp32_b16_d3_3x6x11_t256x256x1024_e8x16x2_tt,fft20-fp32-batch16,2,fft20-fp32_b16_d3_3x6x11_t256x256x1024_e8x16x2_tt,0,15676211.200000001,fft20-fp32,3,3x6x11,256x256x1024,8x16x2,tablextable,direct-stridedxdirect-strided,cufftdx-online-shared+cufftdx-online-shared+cufftdx-large-online,3,11,256,1024,8,2,table,direct-strided,Tesla V100-SXM2-16GB,7.0,fft,fp32,forward,none,in-place,online-reorder,cufftdx-block,20,1048576,16,100,50,2.976583,5636400291.818399,0.001014,1
fft20-fp32_b2_p9s11_t128x256_e16x8_rec_tx,fft20-fp32-batch2,1,fft20-fp32_b2_p9s11_t128x256_e16x8_rec_tx,0,445771.4026778952,fft20-fp32,2,9x11,128x256,16x8,recurrence,tiled-transpose,cufftdx-online-shared+cufftdx-large-online,9,11,128,256,16,8,recurrence,tiled-transpose,Tesla V100-SXM2-16GB,7.0,fft,fp32,forward,none,in-place,online-reorder,cufftdx-block,20,1048576,2,100,50,0.161567,12980098919.021608,0.001638,1
fft20-fp32_b16_d3_3x11x6_t128x512x128_e8x4x16_tt,fft20-fp32-batch16,1,fft20-fp32_b16_d3_3x11x6_t128x512x128_e8x4x16_tt,0,9437184.0,fft20-fp32,3,3x11x6,128x512x128,8x4x16,tablextable,direct-stridedxdirect-strided,cufftdx-online-shared+cufftdx-large-online+cufftdx-online-shared,3,6,128,128,8,16,table,direct-strided,Tesla V100-SXM2-16GB,7.0,fft,fp32,forward,none,in-place,online-reorder,cufftdx-block,20,1048576,16,100,50,2.791014,6011153436.610842,0.001274,1
fft20-fp32_b8_d3_3x6x11_t128x128x512_e8x16x4_tt,fft20-fp32-batch8,1,fft20-fp32_b8_d3_3x6x11_t128x128x512_e8x16x4_tt,0,4718592.0,fft20-fp32,3,3x6x11,128x128x512,8x16x4,tablextable,direct-stridedxdirect-strided,cufftdx-online-shared+cufftdx-online-shared+cufftdx-large-online,3,11,128,512,8,4,table,direct-strided,Tesla V100-SXM2-16GB,7.0,fft,fp32,forward,none,in-place,online-reorder,cufftdx-block,20,1048576,8,100,50,1.499095,5595781592.648458,0.001109,1
fft18-fp32_b64_d3_3x12x3_t128x512x128_e8x8x8_tt,fft18-fp32-batch64,2,fft18-fp32_b64_d3_3x12x3_t128x512x128_e8x8x8_tt,0,7035161.948115997,fft18-fp32,3,3x12x3,128x512x128,8x8x8,tablextable,direct-stridedxdirect-strided,cufftdx-online-shared+cufftdx-large-online+cufftdx-online-shared,3,3,128,128,8,8,table,direct-strided,Tesla V100-SXM2-16GB,7.0,fft,fp32,forward,none,in-place,online-reorder,cufftdx-block,18,262144,64,100,50,2.915635,5754223478.964369,0.000568,1
fft18-fp32_b16_d3_11x3x4_t256x512x512_e8x8x16_tt,fft18-fp32-batch16,1,fft18-fp32_b16_d3_11x3x4_t256x512x512_e8x8x16_tt,0,1632386.5351783843,fft18-fp32,3,11x3x4,256x512x512,8x8x16,tablextable,direct-stridedxdirect-strided,cufftdx-large-online+cufftdx-online-shared+cufftdx-online-shared,11,4,256,512,8,16,table,direct-strided,Tesla V100-SXM2-16GB,7.0,fft,fp32,forward,none,in-place,online-reorder,cufftdx-block,18,262144,16,100,50,0.614482,6825756499.538280,0.000550,1
fft20-fp32_b16_d3_3x7x10_t128x128x128_e8x16x16_tt,fft20-fp32-batch16,3,fft20-fp32_b16_d3_3x7x10_t128x128x128_e8x16x16_tt,0,5342355.933311075,fft20-fp32,3,3x7x10,128x128x128,8x16x16,tablextable,direct-stridedxdirect-strided,cufftdx-online-shared+cufftdx-online-shared+cufftdx-online-shared,3,10,128,128,8,16,table,direct-strided,Tesla V100-SXM2-16GB,7.0,fft,fp32,forward,none,in-place,online-reorder,cufftdx-block,20,1048576,16,100,50,2.482156,6759131563.139647,0.001283,1
fft20-fp32_b2_d3_3x6x11_t256x256x1024_e8x16x2_tt,fft20-fp32-batch2,2,fft20-fp32_b2_d3_3x6x11_t256x256x1024_e8x16x2_tt,0,1959526.4000000001,fft20-fp32,3,3x6x11,256x256x1024,8x16x2,tablextable,direct-stridedxdirect-strided,cufftdx-online-shared+cufftdx-online-shared+cufftdx-large-online,3,11,256,1024,8,2,table,direct-strided,Tesla V100-SXM2-16GB,7.0,fft,fp32,forward,none,in-place,online-reorder,cufftdx-block,20,1048576,2,100,50,0.386417,5427178655.672571,0.000984,1
fft18-fp32_b64_d3_4x11x3_t128x512x128_e16x4x8_tt,fft18-fp32-batch64,3,fft18-fp32_b64_d3_4x11x3_t128x512x128_e16x4x8_tt,0,8877875.796332158,fft18-fp32,3,4x11x3,128x512x128,16x4x8,tablextable,direct-stridedxdirect-strided,cufftdx-online-shared+cufftdx-large-online+cufftdx-online-shared,4,3,128,128,16,8,table,direct-strided,Tesla V100-SXM2-16GB,7.0,fft,fp32,forward,none,in-place,online-reorder,cufftdx-block,18,262144,64,100,50,3.030753,5535659042.130917,0.000546,1
fft18-fp32_b2_d3_4x11x3_t128x512x128_e16x4x8_tt,fft18-fp32-batch2,3,fft18-fp32_b2_d3_4x11x3_t128x512x128_e16x4x8_tt,0,332866.15196871327,fft18-fp32,3,4x11x3,128x512x128,16x4x8,tablextable,direct-stridedxdirect-strided,cufftdx-online-shared+cufftdx-large-online+cufftdx-online-shared,4,3,128,128,16,8,table,direct-strided,Tesla V100-SXM2-16GB,7.0,fft,fp32,forward,none,in-place,online-reorder,cufftdx-block,18,262144,2,100,50,0.090440,5797101148.711850,0.000397,1
fft18-fp32_b64_d3_4x11x3_t128x512x128_e16x4x8_tt,fft18-fp32-batch64,2,fft18-fp32_b64_d3_4x11x3_t128x512x128_e16x4x8_tt,0,8877875.796332158,fft18-fp32,3,4x11x3,128x512x128,16x4x8,tablextable,direct-stridedxdirect-strided,cufftdx-online-shared+cufftdx-large-online+cufftdx-online-shared,4,3,128,128,16,8,table,direct-strided,Tesla V100-SXM2-16GB,7.0,fft,fp32,forward,none,in-place,online-reorder,cufftdx-block,18,262144,64,100,50,3.029197,5538503254.974668,0.000546,1
fft18-fp32_b64_d3_3x4x11_t128x128x512_e8x16x4_tt,fft18-fp32-batch64,2,fft18-fp32_b64_d3_3x4x11_t128x128x512_e8x16x4_tt,0,9437184.0,fft18-fp32,3,3x4x11,128x128x512,8x16x4,tablextable,direct-stridedxdirect-strided,cufftdx-online-shared+cufftdx-online-shared+cufftdx-large-online,3,11,128,512,8,4,table,direct-strided,Tesla V100-SXM2-16GB,7.0,fft,fp32,forward,none,in-place,online-reorder,cufftdx-block,18,262144,64,100,50,1.841418,9111029420.677862,0.000521,1
fft18-fp32_b16_d3_3x4x11_t128x128x512_e8x16x4_tt,fft18-fp32-batch16,2,fft18-fp32_b16_d3_3x4x11_t128x128x512_e8x16x4_tt,0,2359296.0,fft18-fp32,3,3x4x11,128x128x512,8x16x4,tablextable,direct-stridedxdirect-strided,cufftdx-online-shared+cufftdx-online-shared+cufftdx-large-online,3,11,128,512,8,4,table,direct-strided,Tesla V100-SXM2-16GB,7.0,fft,fp32,forward,none,in-place,online-reorder,cufftdx-block,18,262144,16,100,50,0.495411,8466308607.047687,0.000489,1
fft18-fp32_b64_d3_3x3x12_t256x256x1024_e8x8x4_tt,fft18-fp32-batch64,3,fft18-fp32_b64_d3_3x3x12_t256x256x1024_e8x8x4_tt,0,9804185.600000001,fft18-fp32,3,3x3x12,256x256x1024,8x8x4,tablextable,direct-stridedxdirect-strided,cufftdx-online-shared+cufftdx-online-shared+cufftdx-large-online,3,12,256,1024,8,4,table,direct-strided,Tesla V100-SXM2-16GB,7.0,fft,fp32,forward,none,in-place,online-reorder,cufftdx-block,18,262144,64,100,50,1.788518,9380510555.450777,0.000492,1
fft20-fp32_b16_d3_4x5x11_t128x128x512_e16x16x4_tt,fft20-fp32-batch16,3,fft20-fp32_b16_d3_4x5x11_t128x128x512_e16x16x4_tt,0,7864320.0,fft20-fp32,3,4x5x11,128x128x512,16x16x4,tablextable,direct-stridedxdirect-strided,cufftdx-online-shared+cufftdx-online-shared+cufftdx-large-online,4,11,128,512,16,4,table,direct-strided,Tesla V100-SXM2-16GB,7.0,fft,fp32,forward,none,in-place,online-reorder,cufftdx-block,20,1048576,16,100,50,2.987069,5616614122.757256,0.001485,1
fft18-fp32_b64_d3_3x11x4_t256x1024x256_e8x2x16_tt,fft18-fp32-batch64,2,fft18-fp32_b64_d3_3x11x4_t256x1024x256_e8x2x16_tt,0,15676211.200000001,fft18-fp32,3,3x11x4,256x1024x256,8x2x16,tablextable,direct-stridedxdirect-strided,cufftdx-online-shared+cufftdx-large-online+cufftdx-online-shared,3,4,256,256,8,16,table,direct-strided,Tesla V100-SXM2-16GB,7.0,fft,fp32,forward,none,in-place,online-reorder,cufftdx-block,18,262144,64,100,50,3.577610,4689503553.354568,0.000397,1
fft18-fp32_b16_p7s11_t128x256_e16x8_rec_tx,fft18-fp32-batch16,1,fft18-fp32_b16_p7s11_t128x256_e16x8_rec_tx,0,891542.8053557904,fft18-fp32,2,7x11,128x256,16x8,recurrence,tiled-transpose,cufftdx-online-shared+cufftdx-large-online,7,11,128,256,16,8,recurrence,tiled-transpose,Tesla V100-SXM2-16GB,7.0,fft,fp32,forward,none,in-place,online-reorder,cufftdx-block,18,262144,16,100,50,0.305275,13739434056.356504,0.000712,1
fft18-fp32_b64_d3_3x12x3_t256x1024x256_e8x4x8_tt,fft18-fp32-batch64,3,fft18-fp32_b64_d3_3x12x3_t256x1024x256_e8x4x8_tt,0,9804185.600000001,fft18-fp32,3,3x12x3,256x1024x256,8x4x8,tablextable,direct-stridedxdirect-strided,cufftdx-online-shared+cufftdx-large-online+cufftdx-online-shared,3,3,256,256,8,8,table,direct-strided,Tesla V100-SXM2-16GB,7.0,fft,fp32,forward,none,in-place,online-reorder,cufftdx-block,18,262144,64,100,50,3.048653,5503157601.739770,0.000489,1
fft20-fp32_b2_d3_4x5x11_t128x128x512_e16x16x4_tt,fft20-fp32-batch2,3,fft20-fp32_b2_d3_4x5x11_t128x128x512_e16x16x4_tt,0,983040.0,fft20-fp32,3,4x5x11,128x128x512,16x16x4,tablextable,direct-stridedxdirect-strided,cufftdx-online-shared+cufftdx-online-shared+cufftdx-large-online,4,11,128,512,16,4,table,direct-strided,Tesla V100-SXM2-16GB,7.0,fft,fp32,forward,none,in-place,online-reorder,cufftdx-block,20,1048576,2,100,50,0.389632,5382391774.872035,0.001298,1
fft18-fp32_b2_d3_3x4x11_t256x256x1024_e8x16x2_tt,fft18-fp32-batch2,1,fft18-fp32_b2_d3_3x4x11_t256x256x1024_e8x16x2_tt,0,577809.0666666667,fft18-fp32,3,3x4x11,256x256x1024,8x16x2,tablextable,direct-stridedxdirect-strided,cufftdx-online-shared+cufftdx-online-shared+cufftdx-large-online,3,11,256,1024,8,2,table,direct-strided,Tesla V100-SXM2-16GB,7.0,fft,fp32,forward,none,in-place,online-reorder,cufftdx-block,18,262144,2,100,50,0.085811,6109785362.514960,0.000371,1
fft18-fp32_b64_p7s11_t128x256_e16x8_rec_tx,fft18-fp32-batch64,2,fft18-fp32_b64_p7s11_t128x256_e16x8_rec_tx,0,3566171.2214231617,fft18-fp32,2,7x11,128x256,16x8,recurrence,tiled-transpose,cufftdx-online-shared+cufftdx-large-online,7,11,128,256,16,8,recurrence,tiled-transpose,Tesla V100-SXM2-16GB,7.0,fft,fp32,forward,none,in-place,online-reorder,cufftdx-block,18,262144,64,100,50,1.148682,14605619782.730835,0.000672,1
fft18-fp32_b2_d3_4x11x3_t128x512x128_e16x4x8_tt,fft18-fp32-batch2,1,fft18-fp32_b2_d3_4x11x3_t128x512x128_e16x4x8_tt,0,332866.15196871327,fft18-fp32,3,4x11x3,128x512x128,16x4x8,tablextable,direct-stridedxdirect-strided,cufftdx-online-shared+cufftdx-large-online+cufftdx-online-shared,4,3,128,128,16,8,table,direct-strided,Tesla V100-SXM2-16GB,7.0,fft,fp32,forward,none,in-place,online-reorder,cufftdx-block,18,262144,2,100,50,0.090542,5790545252.282356,0.000397,1
fft18-fp32_b64_d3_5x3x10_t128x128x128_e16x8x16_tt,fft18-fp32-batch64,2,fft18-fp32_b64_d3_5x3x10_t128x128x128_e16x8x16_tt,0,4902092.800000001,fft18-fp32,3,5x3x10,128x128x128,16x8x16,tablextable,direct-stridedxdirect-strided,cufftdx-online-shared+cufftdx-online-shared+cufftdx-online-shared,5,10,128,128,16,16,table,direct-strided,Tesla V100-SXM2-16GB,7.0,fft,fp32,forward,none,in-place,online-reorder,cufftdx-block,18,262144,64,100,50,1.836728,9134293670.726786,0.000735,1
fft20-fp32_b16_d3_3x7x10_t256x256x256_e8x16x16_tt,fft20-fp32-batch16,2,fft20-fp32_b16_d3_3x7x10_t256x256x256_e8x16x16_tt,0,5342355.933311075,fft20-fp32,3,3x7x10,256x256x256,8x16x16,tablextable,direct-stridedxdirect-strided,cufftdx-online-shared+cufftdx-online-shared+cufftdx-online-shared,3,10,256,256,8,16,table,direct-strided,Tesla V100-SXM2-16GB,7.0,fft,fp32,forward,none,in-place,online-reorder,cufftdx-block,20,1048576,16,100,50,2.246001,7469817574.570958,0.001283,1
fft20-fp32_b2_d3_4x5x11_t128x128x512_e16x16x4_tt,fft20-fp32-batch2,1,fft20-fp32_b2_d3_4x5x11_t128x128x512_e16x16x4_tt,0,983040.0,fft20-fp32,3,4x5x11,128x128x512,16x16x4,tablextable,direct-stridedxdirect-strided,cufftdx-online-shared+cufftdx-online-shared+cufftdx-large-online,4,11,128,512,16,4,table,direct-strided,Tesla V100-SXM2-16GB,7.0,fft,fp32,forward,none,in-place,online-reorder,cufftdx-block,20,1048576,2,100,50,0.388321,5400559035.576942,0.001298,1
fft18-fp32_b64_d3_11x4x3_t256x512x512_e8x16x8_tt,fft18-fp32-batch64,3,fft18-fp32_b64_d3_11x4x3_t256x512x512_e8x16x8_tt,0,6529546.140713537,fft18-fp32,3,11x4x3,256x512x512,8x16x8,tablextable,direct-stridedxdirect-strided,cufftdx-large-online+cufftdx-online-shared+cufftdx-online-shared,11,3,256,512,8,8,table,direct-strided,Tesla V100-SXM2-16GB,7.0,fft,fp32,forward,none,in-place,online-reorder,cufftdx-block,18,262144,64,100,50,2.841825,5903676173.905252,0.000570,1
fft20-fp32_b2_d3_5x3x12_t128x128x512_e16x8x8_tt,fft20-fp32-batch2,2,fft20-fp32_b2_d3_5x3x12_t128x128x512_e16x8x8_tt,0,734788.026392135,fft20-fp32,3,5x3x12,128x128x512,16x8x8,tablextable,direct-stridedxdirect-strided,cufftdx-online-shared+cufftdx-online-shared+cufftdx-large-online,5,12,128,512,16,8,table,direct-strided,Tesla V100-SXM2-16GB,7.0,fft,fp32,forward,none,in-place,online-reorder,cufftdx-block,20,1048576,2,100,50,0.320205,6549407883.467044,0.001315,1
fft18-fp32_b16_p11s7_t256x128_e8x16_rec_ptx,fft18-fp32-batch16,3,fft18-fp32_b16_p11s7_t256x128_e8x16_rec_ptx,0,1018015.6028476105,fft18-fp32,2,11x7,256x128,8x16,recurrence,prefix-tiled-transpose,cufftdx-large-online+cufftdx-online-shared,11,7,256,128,8,16,recurrence,prefix-tiled-transpose,Tesla V100-SXM2-16GB,7.0,fft,fp32,forward,none,in-place,online-reorder,cufftdx-block,18,262144,16,100,50,0.359096,11680163332.274460,0.000633,1
fft18-fp32_b2_d3_5x3x10_t256x256x256_e16x8x16_tt,fft18-fp32-batch2,3,fft18-fp32_b2_d3_5x3x10_t256x256x256_e16x8x16_tt,0,185685.33333333334,fft18-fp32,3,5x3x10,256x256x256,16x8x16,tablextable,direct-stridedxdirect-strided,cufftdx-online-shared+cufftdx-online-shared+cufftdx-online-shared,5,10,256,256,16,16,table,direct-strided,Tesla V100-SXM2-16GB,7.0,fft,fp32,forward,none,in-place,online-reorder,cufftdx-block,18,262144,2,100,50,0.090542,5790545252.282356,0.000612,1
fft20-fp32_b8_d3_4x6x10_t128x128x128_e16x16x16_tt,fft20-fp32-batch8,3,fft20-fp32_b8_d3_4x6x10_t128x128x128_e16x16x16_tt,0,1758790.4870289993,fft20-fp32,3,4x6x10,128x128x128,16x16x16,tablextable,direct-stridedxdirect-strided,cufftdx-online-shared+cufftdx-online-shared+cufftdx-online-shared,4,10,128,128,16,16,table,direct-strided,Tesla V100-SXM2-16GB,7.0,fft,fp32,forward,none,in-place,online-reorder,cufftdx-block,20,1048576,8,100,50,1.302753,6439137641.394667,0.001258,1
fft18-fp32_b2_d3_4x4x10_t128x128x128_e16x16x16_tt,fft18-fp32-batch2,3,fft18-fp32_b2_d3_4x4x10_t128x128x128_e16x16x16_tt,0,134773.47210597913,fft18-fp32,3,4x4x10,128x128x128,16x16x16,tablextable,direct-stridedxdirect-strided,cufftdx-online-shared+cufftdx-online-shared+cufftdx-online-shared,4,10,128,128,16,16,table,direct-strided,Tesla V100-SXM2-16GB,7.0,fft,fp32,forward,none,in-place,online-reorder,cufftdx-block,18,262144,2,100,50,0.081306,6448362664.666786,0.000415,1
fft20-fp32_b2_d3_3x6x11_t128x128x512_e8x16x4_tt,fft20-fp32-batch2,2,fft20-fp32_b2_d3_3x6x11_t128x128x512_e8x16x4_tt,0,1179648.0,fft20-fp32,3,3x6x11,128x128x512,8x16x4,tablextable,direct-stridedxdirect-strided,cufftdx-online-shared+cufftdx-online-shared+cufftdx-large-online,3,11,128,512,8,4,table,direct-strided,Tesla V100-SXM2-16GB,7.0,fft,fp32,forward,none,in-place,online-reorder,cufftdx-block,20,1048576,2,100,50,0.377897,5549533859.043267,0.001038,1
fft18-fp32_b64_d3_3x3x12_t256x256x1024_e8x8x4_tt,fft18-fp32-batch64,2,fft18-fp32_b64_d3_3x3x12_t256x256x1024_e8x8x4_tt,0,9804185.600000001,fft18-fp32,3,3x3x12,256x256x1024,8x8x4,tablextable,direct-stridedxdirect-strided,cufftdx-online-shared+cufftdx-online-shared+cufftdx-large-online,3,12,256,1024,8,4,table,direct-strided,Tesla V100-SXM2-16GB,7.0,fft,fp32,forward,none,in-place,online-reorder,cufftdx-block,18,262144,64,100,50,1.790300,9371175095.702887,0.000492,1
fft20-fp32_b16_d3_3x11x6_t128x512x128_e8x4x16_tt,fft20-fp32-batch16,3,fft20-fp32_b16_d3_3x11x6_t128x512x128_e8x4x16_tt,0,9437184.0,fft20-fp32,3,3x11x6,128x512x128,8x4x16,tablextable,direct-stridedxdirect-strided,cufftdx-online-shared+cufftdx-large-online+cufftdx-online-shared,3,6,128,128,8,16,table,direct-strided,Tesla V100-SXM2-16GB,7.0,fft,fp32,forward,none,in-place,online-reorder,cufftdx-block,20,1048576,16,100,50,2.790769,6011682896.107859,0.001274,1
fft20-fp32_b8_d3_3x6x11_t256x256x1024_e8x16x2_tt,fft20-fp32-batch8,1,fft20-fp32_b8_d3_3x6x11_t256x256x1024_e8x16x2_tt,0,7838105.600000001,fft20-fp32,3,3x6x11,256x256x1024,8x16x2,tablextable,direct-stridedxdirect-strided,cufftdx-online-shared+cufftdx-online-shared+cufftdx-large-online,3,11,256,1024,8,2,table,direct-strided,Tesla V100-SXM2-16GB,7.0,fft,fp32,forward,none,in-place,online-reorder,cufftdx-block,20,1048576,8,100,50,1.503478,5579469104.291233,0.001033,1
fft20-fp32_b8_d3_3x6x11_t256x256x1024_e8x16x2_tt,fft20-fp32-batch8,2,fft20-fp32_b8_d3_3x6x11_t256x256x1024_e8x16x2_tt,0,7838105.600000001,fft20-fp32,3,3x6x11,256x256x1024,8x16x2,tablextable,direct-stridedxdirect-strided,cufftdx-online-shared+cufftdx-online-shared+cufftdx-large-online,3,11,256,1024,8,2,table,direct-strided,Tesla V100-SXM2-16GB,7.0,fft,fp32,forward,none,in-place,online-reorder,cufftdx-block,20,1048576,8,100,50,1.505444,5572182284.140124,0.001033,1
fft20-fp32_b8_d3_4x6x10_t128x128x128_e16x16x16_tt,fft20-fp32-batch8,2,fft20-fp32_b8_d3_4x6x10_t128x128x128_e16x16x16_tt,0,1758790.4870289993,fft20-fp32,3,4x6x10,128x128x128,16x16x16,tablextable,direct-stridedxdirect-strided,cufftdx-online-shared+cufftdx-online-shared+cufftdx-online-shared,4,10,128,128,16,16,table,direct-strided,Tesla V100-SXM2-16GB,7.0,fft,fp32,forward,none,in-place,online-reorder,cufftdx-block,20,1048576,8,100,50,1.305702,6424594500.392723,0.001258,1
fft18-fp32_b2_d3_11x4x3_t256x512x512_e8x16x8_tt,fft18-fp32-batch2,3,fft18-fp32_b2_d3_11x4x3_t256x512x512_e8x16x8_tt,0,246100.5835639647,fft18-fp32,3,11x4x3,256x512x512,8x16x8,tablextable,direct-stridedxdirect-strided,cufftdx-large-online+cufftdx-online-shared+cufftdx-online-shared,11,3,256,512,8,8,table,direct-strided,Tesla V100-SXM2-16GB,7.0,fft,fp32,forward,none,in-place,online-reorder,cufftdx-block,18,262144,2,100,50,0.088187,5945192590.052773,0.000518,1
fft20-fp32_b16_d3_6x3x11_t128x128x512_e16x8x4_tt,fft20-fp32-batch16,2,fft20-fp32_b16_d3_6x3x11_t128x128x512_e16x8x4_tt,0,8877875.796332158,fft20-fp32,3,6x3x11,128x128x512,16x8x4,tablextable,direct-stridedxdirect-strided,cufftdx-online-shared+cufftdx-online-shared+cufftdx-large-online,6,11,128,512,16,4,table,direct-strided,Tesla V100-SXM2-16GB,7.0,fft,fp32,forward,none,in-place,online-reorder,cufftdx-block,20,1048576,16,100,50,2.532393,6625044430.830459,0.001255,1
fft20-fp32_b8_d3_3x7x10_t256x256x256_e8x16x16_tt,fft20-fp32-batch8,1,fft20-fp32_b8_d3_3x7x10_t256x256x256_e8x16x16_tt,0,2671177.9666555375,fft20-fp32,3,3x7x10,256x256x256,8x16x16,tablextable,direct-stridedxdirect-strided,cufftdx-online-shared+cufftdx-online-shared+cufftdx-online-shared,3,10,256,256,8,16,table,direct-strided,Tesla V100-SXM2-16GB,7.0,fft,fp32,forward,none,in-place,online-reorder,cufftdx-block,20,1048576,8,100,50,1.150177,7293316922.057956,0.001222,1
fft18-fp32_b16_d3_4x4x10_t128x128x128_e16x16x16_tt,fft18-fp32-batch16,3,fft18-fp32_b16_d3_4x4x10_t128x128x128_e16x16x16_tt,0,879395.2435144996,fft18-fp32,3,4x4x10,128x128x128,16x16x16,tablextable,direct-stridedxdirect-strided,cufftdx-online-shared+cufftdx-online-shared+cufftdx-online-shared,4,10,128,128,16,16,table,direct-strided,Tesla V100-SXM2-16GB,7.0,fft,fp32,forward,none,in-place,online-reorder,cufftdx-block,18,262144,16,100,50,0.532111,7882380306.004012,0.000512,1
fft18-fp32_b16_d3_3x5x10_t128x128x128_e8x16x16_tt,fft18-fp32-batch16,3,fft18-fp32_b16_d3_3x5x10_t128x128x128_e8x16x16_tt,0,1335588.9833277687,fft18-fp32,3,3x5x10,128x128x128,8x16x16,tablextable,direct-stridedxdirect-strided,cufftdx-online-shared+cufftdx-online-shared+cufftdx-online-shared,3,10,128,128,8,16,table,direct-strided,Tesla V100-SXM2-16GB,7.0,fft,fp32,forward,none,in-place,online-reorder,cufftdx-block,18,262144,16,100,50,0.487137,8610106646.665054,0.000691,1
fft20-fp32_b16_d3_5x12x3_t128x512x128_e16x8x8_tt,fft20-fp32-batch16,3,fft20-fp32_b16_d3_5x12x3_t128x512x128_e16x8x8_tt,0,5878304.21113708,fft20-fp32,3,5x12x3,128x512x128,16x8x8,tablextable,direct-stridedxdirect-strided,cufftdx-online-shared+cufftdx-large-online+cufftdx-online-shared,5,3,128,128,16,8,table,direct-strided,Tesla V100-SXM2-16GB,7.0,fft,fp32,forward,none,in-place,online-reorder,cufftdx-block,20,1048576,16,100,50,3.427696,4894603756.264277,0.001466,1
fft18-fp32_b2_d3_3x3x12_t256x256x1024_e8x8x4_tt,fft18-fp32-batch2,2,fft18-fp32_b2_d3_3x3x12_t256x256x1024_e8x8x4_tt,0,356515.84,fft18-fp32,3,3x3x12,256x256x1024,8x8x4,tablextable,direct-stridedxdirect-strided,cufftdx-online-shared+cufftdx-online-shared+cufftdx-large-online,3,12,256,1024,8,4,table,direct-strided,Tesla V100-SXM2-16GB,7.0,fft,fp32,forward,none,in-place,online-reorder,cufftdx-block,18,262144,2,100,50,0.072950,7186973643.615955,0.000440,1
fft18-fp32_b16_p7s11_t128x256_e16x8_rec_tx,fft18-fp32-batch16,2,fft18-fp32_b16_p7s11_t128x256_e16x8_rec_tx,0,891542.8053557904,fft18-fp32,2,7x11,128x256,16x8,recurrence,tiled-transpose,cufftdx-online-shared+cufftdx-large-online,7,11,128,256,16,8,recurrence,tiled-transpose,Tesla V100-SXM2-16GB,7.0,fft,fp32,forward,none,in-place,online-reorder,cufftdx-block,18,262144,16,100,50,0.305275,13739434056.356504,0.000712,1
fft18-fp32_b64_d3_3x11x4_t128x512x128_e8x4x16_tt,fft18-fp32-batch64,3,fft18-fp32_b64_d3_3x11x4_t128x512x128_e8x4x16_tt,0,9437184.0,fft18-fp32,3,3x11x4,128x512x128,8x4x16,tablextable,direct-stridedxdirect-strided,cufftdx-online-shared+cufftdx-large-online+cufftdx-online-shared,3,4,128,128,8,16,table,direct-strided,Tesla V100-SXM2-16GB,7.0,fft,fp32,forward,none,in-place,online-reorder,cufftdx-block,18,262144,64,100,50,3.342623,5019177220.964144,0.000553,1
fft20-fp32_b8_d3_3x11x6_t128x512x128_e8x4x16_tt,fft20-fp32-batch8,2,fft20-fp32_b8_d3_3x11x6_t128x512x128_e8x4x16_tt,0,4718592.0,fft20-fp32,3,3x11x6,128x512x128,8x4x16,tablextable,direct-stridedxdirect-strided,cufftdx-online-shared+cufftdx-large-online+cufftdx-online-shared,3,6,128,128,8,16,table,direct-strided,Tesla V100-SXM2-16GB,7.0,fft,fp32,forward,none,in-place,online-reorder,cufftdx-block,20,1048576,8,100,50,1.411973,5941053613.850627,0.001221,1
fft18-fp32_b2_p11s7_t256x128_e8x16_rec_ptx,fft18-fp32-batch2,3,fft18-fp32_b2_p11s7_t256x128_e8x16_rec_ptx,0,153477.27302261797,fft18-fp32,2,11x7,256x128,8x16,recurrence,prefix-tiled-transpose,cufftdx-large-online+cufftdx-online-shared,11,7,256,128,8,16,recurrence,prefix-tiled-transpose,Tesla V100-SXM2-16GB,7.0,fft,fp32,forward,none,in-place,online-reorder,cufftdx-block,18,262144,2,100,50,0.049254,10644490905.342285,0.000546,1
fft20-fp32_b8_d3_3x5x12_t128x128x512_e8x16x8_tt,fft20-fp32-batch8,1,fft20-fp32_b8_d3_3x5x12_t128x128x512_e8x16x8_tt,0,3264773.0703567686,fft20-fp32,3,3x5x12,128x128x512,8x16x8,tablextable,direct-stridedxdirect-strided,cufftdx-online-shared+cufftdx-online-shared+cufftdx-large-online,3,12,128,512,8,8,table,direct-strided,Tesla V100-SXM2-16GB,7.0,fft,fp32,forward,none,in-place,online-reorder,cufftdx-block,20,1048576,8,100,50,1.481462,5662385764.753083,0.001381,1
fft18-fp32_b2_d3_3x11x4_t128x512x128_e8x4x16_tt,fft18-fp32-batch2,1,fft18-fp32_b2_d3_3x11x4_t128x512x128_e8x4x16_tt,0,352256.0,fft18-fp32,3,3x11x4,128x512x128,8x4x16,tablextable,direct-stridedxdirect-strided,cufftdx-online-shared+cufftdx-large-online+cufftdx-online-shared,3,4,128,128,8,16,table,direct-strided,Tesla V100-SXM2-16GB,7.0,fft,fp32,forward,none,in-place,online-reorder,cufftdx-block,18,262144,2,100,50,0.089149,5881001750.263489,0.000391,1
fft20-fp32_b16_p9s11_t128x256_e16x8_rec_tx,fft20-fp32-batch16,2,fft20-fp32_b16_p9s11_t128x256_e16x8_rec_tx,0,3566171.2214231617,fft20-fp32,2,9x11,128x256,16x8,recurrence,tiled-transpose,cufftdx-online-shared+cufftdx-large-online,9,11,128,256,16,8,recurrence,tiled-transpose,Tesla V100-SXM2-16GB,7.0,fft,fp32,forward,none,in-place,online-reorder,cufftdx-block,20,1048576,16,100,50,1.149747,14592092047.668489,0.001748,1
fft20-fp32_b16_d3_3x6x11_t128x128x512_e8x16x4_tt,fft20-fp32-batch16,3,fft20-fp32_b16_d3_3x6x11_t128x128x512_e8x16x4_tt,0,9437184.0,fft20-fp32,3,3x6x11,128x128x512,8x16x4,tablextable,direct-stridedxdirect-strided,cufftdx-online-shared+cufftdx-online-shared+cufftdx-large-online,3,11,128,512,8,4,table,direct-strided,Tesla V100-SXM2-16GB,7.0,fft,fp32,forward,none,in-place,online-reorder,cufftdx-block,20,1048576,16,100,50,2.994319,5603014755.824110,0.001293,1
fft20-fp32_b2_p11s9_t256x128_e8x16_rec_ptx,fft20-fp32-batch2,3,fft20-fp32_b2_p11s9_t256x128_e8x16_rec_ptx,0,509007.80142380524,fft20-fp32,2,11x9,256x128,8x16,recurrence,prefix-tiled-transpose,cufftdx-large-online+cufftdx-online-shared,11,9,256,128,8,16,recurrence,prefix-tiled-transpose,Tesla V100-SXM2-16GB,7.0,fft,fp32,forward,none,in-place,online-reorder,cufftdx-block,20,1048576,2,100,50,0.196813,10655566656.652042,0.001485,1
fft20-fp32_b16_p9s11_t128x256_e16x8_rec_tx,fft20-fp32-batch16,1,fft20-fp32_b16_p9s11_t128x256_e16x8_rec_tx,0,3566171.2214231617,fft20-fp32,2,9x11,128x256,16x8,recurrence,tiled-transpose,cufftdx-online-shared+cufftdx-large-online,9,11,128,256,16,8,recurrence,tiled-transpose,Tesla V100-SXM2-16GB,7.0,fft,fp32,forward,none,in-place,online-reorder,cufftdx-block,20,1048576,16,100,50,1.149215,14598852024.221622,0.001748,1
fft20-fp32_b2_d3_4x5x11_t128x128x512_e16x16x4_tt,fft20-fp32-batch2,2,fft20-fp32_b2_d3_4x5x11_t128x128x512_e16x16x4_tt,0,983040.0,fft20-fp32,3,4x5x11,128x128x512,16x16x4,tablextable,direct-stridedxdirect-strided,cufftdx-online-shared+cufftdx-online-shared+cufftdx-large-online,4,11,128,512,16,4,table,direct-strided,Tesla V100-SXM2-16GB,7.0,fft,fp32,forward,none,in-place,online-reorder,cufftdx-block,20,1048576,2,100,50,0.391188,5360975967.791821,0.001298,1
fft18-fp32_b64_d3_3x5x10_t128x128x128_e8x16x16_tt,fft18-fp32-batch64,3,fft18-fp32_b64_d3_3x5x10_t128x128x128_e8x16x16_tt,0,5342355.933311075,fft18-fp32,3,3x5x10,128x128x128,8x16x16,tablextable,direct-stridedxdirect-strided,cufftdx-online-shared+cufftdx-online-shared+cufftdx-online-shared,3,10,128,128,8,16,table,direct-strided,Tesla V100-SXM2-16GB,7.0,fft,fp32,forward,none,in-place,online-reorder,cufftdx-block,18,262144,64,100,50,1.727447,9712144963.170481,0.000657,1
fft18-fp32_b2_p7s11_t128x256_e16x8_rec_tx,fft18-fp32-batch2,2,fft18-fp32_b2_p7s11_t128x256_e16x8_rec_tx,0,135794.93600280714,fft18-fp32,2,7x11,128x256,16x8,recurrence,tiled-transpose,cufftdx-online-shared+cufftdx-large-online,7,11,128,256,16,8,recurrence,tiled-transpose,Tesla V100-SXM2-16GB,7.0,fft,fp32,forward,none,in-place,online-reorder,cufftdx-block,18,262144,2,100,50,0.036229,14471453315.550766,0.000682,1
fft20-fp32_b16_d3_4x11x5_t128x512x128_e16x4x16_tt,fft20-fp32-batch16,1,fft20-fp32_b16_d3_4x11x5_t128x512x128_e16x4x16_tt,0,7864320.0,fft20-fp32,3,4x11x5,128x512x128,16x4x16,tablextable,direct-stridedxdirect-strided,cufftdx-online-shared+cufftdx-large-online+cufftdx-online-shared,4,5,128,128,16,16,table,direct-strided,Tesla V100-SXM2-16GB,7.0,fft,fp32,forward,none,in-place,online-reorder,cufftdx-block,20,1048576,16,100,50,3.336438,5028481721.400991,0.001298,1
fft20-fp32_b8_d3_3x7x10_t128x128x128_e8x16x16_tt,fft20-fp32-batch8,3,fft20-fp32_b8_d3_3x7x10_t128x128x128_e8x16x16_tt,0,2671177.9666555375,fft20-fp32,3,3x7x10,128x128x128,8x16x16,tablextable,direct-stridedxdirect-strided,cufftdx-online-shared+cufftdx-online-shared+cufftdx-online-shared,3,10,128,128,8,16,table,direct-strided,Tesla V100-SXM2-16GB,7.0,fft,fp32,forward,none,in-place,online-reorder,cufftdx-block,20,1048576,8,100,50,1.252782,6695983249.719814,0.001222,1
fft18-fp32_b2_d3_3x12x3_t256x1024x256_e8x4x8_tt,fft18-fp32-batch2,3,fft18-fp32_b2_d3_3x12x3_t256x1024x256_e8x4x8_tt,0,356515.84,fft18-fp32,3,3x12x3,256x1024x256,8x4x8,tablextable,direct-stridedxdirect-strided,cufftdx-online-shared+cufftdx-large-online+cufftdx-online-shared,3,3,256,256,8,8,table,direct-strided,Tesla V100-SXM2-16GB,7.0,fft,fp32,forward,none,in-place,online-reorder,cufftdx-block,18,262144,2,100,50,0.086651,6050579185.641651,0.000391,1
fft20-fp32_b16_p11s9_t256x128_e8x16_rec_ptx,fft20-fp32-batch16,2,fft20-fp32_b16_p11s9_t256x128_e8x16_rec_ptx,0,4072062.411390442,fft20-fp32,2,11x9,256x128,8x16,recurrence,prefix-tiled-transpose,cufftdx-large-online+cufftdx-online-shared,11,9,256,128,8,16,recurrence,prefix-tiled-transpose,Tesla V100-SXM2-16GB,7.0,fft,fp32,forward,none,in-place,online-reorder,cufftdx-block,20,1048576,16,100,50,1.476731,11361052219.418655,0.001713,1
fft20-fp32_b16_d3_4x5x11_t128x128x512_e16x16x4_tt,fft20-fp32-batch16,2,fft20-fp32_b16_d3_4x5x11_t128x128x512_e16x16x4_tt,0,7864320.0,fft20-fp32,3,4x5x11,128x128x512,16x16x4,tablextable,direct-stridedxdirect-strided,cufftdx-online-shared+cufftdx-online-shared+cufftdx-large-online,4,11,128,512,16,4,table,direct-strided,Tesla V100-SXM2-16GB,7.0,fft,fp32,forward,none,in-place,online-reorder,cufftdx-block,20,1048576,16,100,50,2.986619,5617461090.397953,0.001485,1
fft20-fp32_b16_d3_4x11x5_t128x512x128_e16x4x16_tt,fft20-fp32-batch16,2,fft20-fp32_b16_d3_4x11x5_t128x512x128_e16x4x16_tt,0,7864320.0,fft20-fp32,3,4x11x5,128x512x128,16x4x16,tablextable,direct-stridedxdirect-strided,cufftdx-online-shared+cufftdx-large-online+cufftdx-online-shared,4,5,128,128,16,16,table,direct-strided,Tesla V100-SXM2-16GB,7.0,fft,fp32,forward,none,in-place,online-reorder,cufftdx-block,20,1048576,16,100,50,3.334943,5030736092.516294,0.001298,1
fft18-fp32_b16_d3_3x4x11_t256x256x1024_e8x16x2_tt,fft18-fp32-batch16,3,fft18-fp32_b16_d3_3x4x11_t256x256x1024_e8x16x2_tt,0,3919052.8000000003,fft18-fp32,3,3x4x11,256x256x1024,8x16x2,tablextable,direct-stridedxdirect-strided,cufftdx-online-shared+cufftdx-online-shared+cufftdx-large-online,3,11,256,1024,8,2,table,direct-strided,Tesla V100-SXM2-16GB,7.0,fft,fp32,forward,none,in-place,online-reorder,cufftdx-block,18,262144,16,100,50,0.547369,7662663452.762164,0.000386,1
fft20-fp32_b16_d3_5x3x12_t128x128x512_e16x8x8_tt,fft20-fp32-batch16,2,fft20-fp32_b16_d3_5x3x12_t128x128x512_e16x8x8_tt,0,5878304.21113708,fft20-fp32,3,5x3x12,128x128x512,16x8x8,tablextable,direct-stridedxdirect-strided,cufftdx-online-shared+cufftdx-online-shared+cufftdx-large-online,5,12,128,512,16,8,table,direct-strided,Tesla V100-SXM2-16GB,7.0,fft,fp32,forward,none,in-place,online-reorder,cufftdx-block,20,1048576,16,100,50,2.667192,6290215744.543854,0.001544,1
fft18-fp32_b2_d3_3x11x4_t256x1024x256_e8x2x16_tt,fft18-fp32-batch2,3,fft18-fp32_b2_d3_3x11x4_t256x1024x256_e8x2x16_tt,0,577809.0666666667,fft18-fp32,3,3x11x4,256x1024x256,8x2x16,tablextable,direct-stridedxdirect-strided,cufftdx-online-shared+cufftdx-large-online+cufftdx-online-shared,3,4,256,256,8,16,table,direct-strided,Tesla V100-SXM2-16GB,7.0,fft,fp32,forward,none,in-place,online-reorder,cufftdx-block,18,262144,2,100,50,0.103526,5064292850.868775,0.000348,1
fft18-fp32_b2_d3_3x4x11_t256x256x1024_e8x16x2_tt,fft18-fp32-batch2,2,fft18-fp32_b2_d3_3x4x11_t256x256x1024_e8x16x2_tt,0,577809.0666666667,fft18-fp32,3,3x4x11,256x256x1024,8x16x2,tablextable,direct-stridedxdirect-strided,cufftdx-online-shared+cufftdx-online-shared+cufftdx-large-online,3,11,256,1024,8,2,table,direct-strided,Tesla V100-SXM2-16GB,7.0,fft,fp32,forward,none,in-place,online-reorder,cufftdx-block,18,262144,2,100,50,0.085770,6112702824.277549,0.000371,1
fft20-fp32_b8_d3_3x6x11_t128x128x512_e8x16x4_tt,fft20-fp32-batch8,2,fft20-fp32_b8_d3_3x6x11_t128x128x512_e8x16x4_tt,0,4718592.0,fft20-fp32,3,3x6x11,128x128x512,8x16x4,tablextable,direct-stridedxdirect-strided,cufftdx-online-shared+cufftdx-online-shared+cufftdx-large-online,3,11,128,512,8,4,table,direct-strided,Tesla V100-SXM2-16GB,7.0,fft,fp32,forward,none,in-place,online-reorder,cufftdx-block,20,1048576,8,100,50,1.503949,5577721766.166665,0.001109,1
fft20-fp32_b2_d3_3x7x10_t128x128x128_e8x16x16_tt,fft20-fp32-batch2,2,fft20-fp32_b2_d3_3x7x10_t128x128x128_e8x16x16_tt,0,667794.4916638844,fft20-fp32,3,3x7x10,128x128x128,8x16x16,tablextable,direct-stridedxdirect-strided,cufftdx-online-shared+cufftdx-online-shared+cufftdx-online-shared,3,10,128,128,8,16,table,direct-strided,Tesla V100-SXM2-16GB,7.0,fft,fp32,forward,none,in-place,online-reorder,cufftdx-block,20,1048576,2,100,50,0.333681,6284907261.145727,0.001050,1
fft20-fp32_b8_d3_4x4x12_t128x128x512_e16x16x8_tt,fft20-fp32-batch8,1,fft20-fp32_b8_d3_4x4x12_t128x128x512_e16x16x8_tt,0,2451046.4000000004,fft20-fp32,3,4x4x12,128x128x512,16x16x8,tablextable,direct-stridedxdirect-strided,cufftdx-online-shared+cufftdx-online-shared+cufftdx-large-online,4,12,128,512,16,8,table,direct-strided,Tesla V100-SXM2-16GB,7.0,fft,fp32,forward,none,in-place,online-reorder,cufftdx-block,20,1048576,8,100,50,1.489633,5631324083.216082,0.001049,1
fft20-fp32_b2_p11s9_t256x128_e8x16_rec_ptx,fft20-fp32-batch2,1,fft20-fp32_b2_p11s9_t256x128_e8x16_rec_ptx,0,509007.80142380524,fft20-fp32,2,11x9,256x128,8x16,recurrence,prefix-tiled-transpose,cufftdx-large-online+cufftdx-online-shared,11,9,256,128,8,16,recurrence,prefix-tiled-transpose,Tesla V100-SXM2-16GB,7.0,fft,fp32,forward,none,in-place,online-reorder,cufftdx-block,20,1048576,2,100,50,0.197284,10630125921.377962,0.001485,1
fft18-fp32_b2_d3_4x3x11_t128x128x512_e16x8x4_tt,fft18-fp32-batch2,3,fft18-fp32_b2_d3_4x3x11_t128x128x512_e16x8x4_tt,0,332866.15196871327,fft18-fp32,3,4x3x11,128x128x512,16x8x4,tablextable,direct-stridedxdirect-strided,cufftdx-online-shared+cufftdx-online-shared+cufftdx-large-online,4,11,128,512,16,4,table,direct-strided,Tesla V100-SXM2-16GB,7.0,fft,fp32,forward,none,in-place,online-reorder,cufftdx-block,18,262144,2,100,50,0.073257,7156835141.355254,0.000411,1
fft18-fp32_b2_d3_11x3x4_t256x512x512_e8x8x16_tt,fft18-fp32-batch2,3,fft18-fp32_b2_d3_11x3x4_t256x512x512_e8x8x16_tt,0,246100.5835639647,fft18-fp32,3,11x3x4,256x512x512,8x8x16,tablextable,direct-stridedxdirect-strided,cufftdx-large-online+cufftdx-online-shared+cufftdx-online-shared,11,4,256,512,8,16,table,direct-strided,Tesla V100-SXM2-16GB,7.0,fft,fp32,forward,none,in-place,online-reorder,cufftdx-block,18,262144,2,100,50,0.084029,6239337359.168097,0.000549,1
fft20-fp32_b2_d3_3x7x10_t256x256x256_e8x16x16_tt,fft20-fp32-batch2,3,fft20-fp32_b2_d3_3x7x10_t256x256x256_e8x16x16_tt,0,667794.4916638844,fft20-fp32,3,3x7x10,256x256x256,8x16x16,tablextable,direct-stridedxdirect-strided,cufftdx-online-shared+cufftdx-online-shared+cufftdx-online-shared,3,10,256,256,8,16,table,direct-strided,Tesla V100-SXM2-16GB,7.0,fft,fp32,forward,none,in-place,online-reorder,cufftdx-block,20,1048576,2,100,50,0.320102,6551503649.306098,0.001050,1
fft20-fp32_b2_d3_6x11x3_t128x512x128_e16x4x8_tt,fft20-fp32-batch2,3,fft20-fp32_b2_d3_6x11x3_t128x512x128_e16x4x8_tt,0,1109734.4745415198,fft20-fp32,3,6x11x3,128x512x128,16x4x8,tablextable,direct-stridedxdirect-strided,cufftdx-online-shared+cufftdx-large-online+cufftdx-online-shared,6,3,128,128,16,8,table,direct-strided,Tesla V100-SXM2-16GB,7.0,fft,fp32,forward,none,in-place,online-reorder,cufftdx-block,20,1048576,2,100,50,0.421990,4969667620.103551,0.001152,1
fft18-fp32_b64_d3_3x12x3_t128x512x128_e8x8x8_tt,fft18-fp32-batch64,3,fft18-fp32_b64_d3_3x12x3_t128x512x128_e8x8x8_tt,0,7035161.948115997,fft18-fp32,3,3x12x3,128x512x128,8x8x8,tablextable,direct-stridedxdirect-strided,cufftdx-online-shared+cufftdx-large-online+cufftdx-online-shared,3,3,128,128,8,8,table,direct-strided,Tesla V100-SXM2-16GB,7.0,fft,fp32,forward,none,in-place,online-reorder,cufftdx-block,18,262144,64,100,50,2.914324,5756811654.218631,0.000568,1
fft18-fp32_b64_d3_5x3x10_t256x256x256_e16x8x16_tt,fft18-fp32-batch64,2,fft18-fp32_b64_d3_5x3x10_t256x256x256_e16x8x16_tt,0,4902092.800000001,fft18-fp32,3,5x3x10,256x256x256,16x8x16,tablextable,direct-stridedxdirect-strided,cufftdx-online-shared+cufftdx-online-shared+cufftdx-online-shared,5,10,256,256,16,16,table,direct-strided,Tesla V100-SXM2-16GB,7.0,fft,fp32,forward,none,in-place,online-reorder,cufftdx-block,18,262144,64,100,50,2.010051,8346663780.925166,0.000735,1
fft18-fp32_b2_d3_3x5x10_t256x256x256_e8x16x16_tt,fft18-fp32-batch2,2,fft18-fp32_b2_d3_3x5x10_t256x256x256_e8x16x16_tt,0,201355.02291597112,fft18-fp32,3,3x5x10,256x256x256,8x16x16,tablextable,direct-stridedxdirect-strided,cufftdx-online-shared+cufftdx-online-shared+cufftdx-online-shared,3,10,256,256,8,16,table,direct-strided,Tesla V100-SXM2-16GB,7.0,fft,fp32,forward,none,in-place,online-reorder,cufftdx-block,18,262144,2,100,50,0.081060,6467913418.458856,0.000669,1
fft20-fp32_b8_d3_4x4x12_t128x128x512_e16x16x8_tt,fft20-fp32-batch8,3,fft20-fp32_b8_d3_4x4x12_t128x128x512_e16x16x8_tt,0,2451046.4000000004,fft20-fp32,3,4x4x12,128x128x512,16x16x8,tablextable,direct-stridedxdirect-strided,cufftdx-online-shared+cufftdx-online-shared+cufftdx-large-online,4,12,128,512,16,8,table,direct-strided,Tesla V100-SXM2-16GB,7.0,fft,fp32,forward,none,in-place,online-reorder,cufftdx-block,20,1048576,8,100,50,1.511997,5548030916.704806,0.001049,1
fft20-fp32_b16_d3_5x12x3_t128x512x128_e16x8x8_tt,fft20-fp32-batch16,1,fft20-fp32_b16_d3_5x12x3_t128x512x128_e16x8x8_tt,0,5878304.21113708,fft20-fp32,3,5x12x3,128x512x128,16x8x8,tablextable,direct-stridedxdirect-strided,cufftdx-online-shared+cufftdx-large-online+cufftdx-online-shared,5,3,128,128,16,8,table,direct-strided,Tesla V100-SXM2-16GB,7.0,fft,fp32,forward,none,in-place,online-reorder,cufftdx-block,20,1048576,16,100,50,3.422413,4902160491.647614,0.001466,1
fft18-fp32_b2_d3_3x3x12_t256x256x1024_e8x8x4_tt,fft18-fp32-batch2,1,fft18-fp32_b2_d3_3x3x12_t256x256x1024_e8x8x4_tt,0,356515.84,fft18-fp32,3,3x3x12,256x256x1024,8x8x4,tablextable,direct-stridedxdirect-strided,cufftdx-online-shared+cufftdx-online-shared+cufftdx-large-online,3,12,256,1024,8,4,table,direct-strided,Tesla V100-SXM2-16GB,7.0,fft,fp32,forward,none,in-place,online-reorder,cufftdx-block,18,262144,2,100,50,0.072786,7203151240.691396,0.000440,1
fft18-fp32_b16_d3_11x4x3_t256x512x512_e8x16x8_tt,fft18-fp32-batch16,1,fft18-fp32_b16_d3_11x4x3_t256x512x512_e8x16x8_tt,0,1632386.5351783843,fft18-fp32,3,11x4x3,256x512x512,8x16x8,tablextable,direct-stridedxdirect-strided,cufftdx-large-online+cufftdx-online-shared+cufftdx-online-shared,11,3,256,512,8,8,table,direct-strided,Tesla V100-SXM2-16GB,7.0,fft,fp32,forward,none,in-place,online-reorder,cufftdx-block,18,262144,16,100,50,0.718500,5837585160.842900,0.000527,1
fft20-fp32_b16_d3_4x12x4_t128x512x128_e16x8x16_tt,fft20-fp32-batch16,1,fft20-fp32_b16_d3_4x12x4_t128x512x128_e16x8x16_tt,0,4902092.800000001,fft20-fp32,3,4x12x4,128x512x128,16x8x16,tablextable,direct-stridedxdirect-strided,cufftdx-online-shared+cufftdx-large-online+cufftdx-online-shared,4,4,128,128,16,16,table,direct-strided,Tesla V100-SXM2-16GB,7.0,fft,fp32,forward,none,in-place,online-reorder,cufftdx-block,20,1048576,16,100,50,4.098703,4093298398.673555,0.001152,1
fft18-fp32_b64_d3_4x11x3_t128x512x128_e16x4x8_tt,fft18-fp32-batch64,1,fft18-fp32_b64_d3_4x11x3_t128x512x128_e16x4x8_tt,0,8877875.796332158,fft18-fp32,3,4x11x3,128x512x128,16x4x8,tablextable,direct-stridedxdirect-strided,cufftdx-online-shared+cufftdx-large-online+cufftdx-online-shared,4,3,128,128,16,8,table,direct-strided,Tesla V100-SXM2-16GB,7.0,fft,fp32,forward,none,in-place,online-reorder,cufftdx-block,18,262144,64,100,50,3.027927,5540825929.107973,0.000546,1
fft18-fp32_b16_d3_3x5x10_t128x128x128_e8x16x16_tt,fft18-fp32-batch16,1,fft18-fp32_b16_d3_3x5x10_t128x128x128_e8x16x16_tt,0,1335588.9833277687,fft18-fp32,3,3x5x10,128x128x128,8x16x16,tablextable,direct-stridedxdirect-strided,cufftdx-online-shared+cufftdx-online-shared+cufftdx-online-shared,3,10,128,128,8,16,table,direct-strided,Tesla V100-SXM2-16GB,7.0,fft,fp32,forward,none,in-place,online-reorder,cufftdx-block,18,262144,16,100,50,0.487158,8609745309.065825,0.000691,1
fft20-fp32_b8_d3_3x5x12_t128x128x512_e8x16x8_tt,fft20-fp32-batch8,3,fft20-fp32_b8_d3_3x5x12_t128x128x512_e8x16x8_tt,0,3264773.0703567686,fft20-fp32,3,3x5x12,128x128x512,8x16x8,tablextable,direct-stridedxdirect-strided,cufftdx-online-shared+cufftdx-online-shared+cufftdx-large-online,3,12,128,512,8,8,table,direct-strided,Tesla V100-SXM2-16GB,7.0,fft,fp32,forward,none,in-place,online-reorder,cufftdx-block,20,1048576,8,100,50,1.481421,5662542508.264144,0.001381,1
fft18-fp32_b64_d3_3x5x10_t256x256x256_e8x16x16_tt,fft18-fp32-batch64,2,fft18-fp32_b64_d3_3x5x10_t256x256x256_e8x16x16_tt,0,5342355.933311075,fft18-fp32,3,3x5x10,256x256x256,8x16x16,tablextable,direct-stridedxdirect-strided,cufftdx-online-shared+cufftdx-online-shared+cufftdx-online-shared,3,10,256,256,8,16,table,direct-strided,Tesla V100-SXM2-16GB,7.0,fft,fp32,forward,none,in-place,online-reorder,cufftdx-block,18,262144,64,100,50,1.942282,8637887945.022919,0.000657,1
fft20-fp32_b2_d3_3x12x5_t128x512x128_e8x8x16_tt,fft20-fp32-batch2,2,fft20-fp32_b2_d3_3x12x5_t128x512x128_e8x8x16_tt,0,816193.2675891921,fft20-fp32,3,3x12x5,128x512x128,8x8x16,tablextable,direct-stridedxdirect-strided,cufftdx-online-shared+cufftdx-large-online+cufftdx-online-shared,3,5,128,128,8,16,table,direct-strided,Tesla V100-SXM2-16GB,7.0,fft,fp32,forward,none,in-place,online-reorder,cufftdx-block,20,1048576,2,100,50,0.383775,5464539088.355726,0.001274,1
fft18-fp32_b16_d3_3x4x11_t256x256x1024_e8x16x2_tt,fft18-fp32-batch16,2,fft18-fp32_b16_d3_3x4x11_t256x256x1024_e8x16x2_tt,0,3919052.8000000003,fft18-fp32,3,3x4x11,256x256x1024,8x16x2,tablextable,direct-stridedxdirect-strided,cufftdx-online-shared+cufftdx-online-shared+cufftdx-large-online,3,11,256,1024,8,2,table,direct-strided,Tesla V100-SXM2-16GB,7.0,fft,fp32,forward,none,in-place,online-reorder,cufftdx-block,18,262144,16,100,50,0.546755,7671273384.083323,0.000386,1
fft18-fp32_b16_d3_11x3x4_t256x512x512_e8x8x16_tt,fft18-fp32-batch16,3,fft18-fp32_b16_d3_11x3x4_t256x512x512_e8x8x16_tt,0,1632386.5351783843,fft18-fp32,3,11x3x4,256x512x512,8x8x16,tablextable,direct-stridedxdirect-strided,cufftdx-large-online+cufftdx-online-shared+cufftdx-online-shared,11,4,256,512,8,16,table,direct-strided,Tesla V100-SXM2-16GB,7.0,fft,fp32,forward,none,in-place,online-reorder,cufftdx-block,18,262144,16,100,50,0.614892,6821209598.143807,0.000550,1
fft20-fp32_b16_d3_4x4x12_t128x128x512_e16x16x8_tt,fft20-fp32-batch16,3,fft20-fp32_b16_d3_4x4x12_t128x128x512_e16x16x8_tt,0,4902092.800000001,fft20-fp32,3,4x4x12,128x128x512,16x16x8,tablextable,direct-stridedxdirect-strided,cufftdx-online-shared+cufftdx-online-shared+cufftdx-large-online,4,12,128,512,16,8,table,direct-strided,Tesla V100-SXM2-16GB,7.0,fft,fp32,forward,none,in-place,online-reorder,cufftdx-block,20,1048576,16,100,50,3.041792,5515569921.906224,0.001100,1
fft20-fp32_b2_d3_7x3x10_t128x128x128_e16x8x16_tt,fft20-fp32-batch2,2,fft20-fp32_b2_d3_7x3x10_t128x128x128_e16x8x16_tt,0,612761.6000000001,fft20-fp32,3,7x3x10,128x128x128,16x8x16,tablextable,direct-stridedxdirect-strided,cufftdx-online-shared+cufftdx-online-shared+cufftdx-online-shared,7,10,128,128,16,16,table,direct-strided,Tesla V100-SXM2-16GB,7.0,fft,fp32,forward,none,in-place,online-reorder,cufftdx-block,20,1048576,2,100,50,0.306196,6849040175.847792,0.001125,1
fft18-fp32_b16_d3_4x11x3_t128x512x128_e16x4x8_tt,fft18-fp32-batch16,1,fft18-fp32_b16_d3_4x11x3_t128x512x128_e16x4x8_tt,0,2219468.9490830395,fft18-fp32,3,4x11x3,128x512x128,16x4x8,tablextable,direct-stridedxdirect-strided,cufftdx-online-shared+cufftdx-large-online+cufftdx-online-shared,4,3,128,128,16,8,table,direct-strided,Tesla V100-SXM2-16GB,7.0,fft,fp32,forward,none,in-place,online-reorder,cufftdx-block,18,262144,16,100,50,0.750961,5585251828.765203,0.000488,1
fft18-fp32_b64_d3_3x12x3_t256x1024x256_e8x4x8_tt,fft18-fp32-batch64,2,fft18-fp32_b64_d3_3x12x3_t256x1024x256_e8x4x8_tt,0,9804185.600000001,fft18-fp32,3,3x12x3,256x1024x256,8x4x8,tablextable,direct-stridedxdirect-strided,cufftdx-online-shared+cufftdx-large-online+cufftdx-online-shared,3,3,256,256,8,8,table,direct-strided,Tesla V100-SXM2-16GB,7.0,fft,fp32,forward,none,in-place,online-reorder,cufftdx-block,18,262144,64,100,50,3.045110,5509560371.802448,0.000489,1
fft18-fp32_b64_d3_3x4x11_t256x256x1024_e8x16x2_tt,fft18-fp32-batch64,3,fft18-fp32_b64_d3_3x4x11_t256x256x1024_e8x16x2_tt,0,15676211.200000001,fft18-fp32,3,3x4x11,256x256x1024,8x16x2,tablextable,direct-stridedxdirect-strided,cufftdx-online-shared+cufftdx-online-shared+cufftdx-large-online,3,11,256,1024,8,2,table,direct-strided,Tesla V100-SXM2-16GB,7.0,fft,fp32,forward,none,in-place,online-reorder,cufftdx-block,18,262144,64,100,50,2.024653,8286465062.766530,0.000397,1
fft20-fp32_b16_d3_7x3x10_t128x128x128_e16x8x16_tt,fft20-fp32-batch16,2,fft20-fp32_b16_d3_7x3x10_t128x128x128_e16x8x16_tt,0,4902092.800000001,fft20-fp32,3,7x3x10,128x128x128,16x8x16,tablextable,direct-stridedxdirect-strided,cufftdx-online-shared+cufftdx-online-shared+cufftdx-online-shared,7,10,128,128,16,16,table,direct-strided,Tesla V100-SXM2-16GB,7.0,fft,fp32,forward,none,in-place,online-reorder,cufftdx-block,20,1048576,16,100,50,2.050642,8181445561.508548,0.001100,1
fft20-fp32_b16_d3_7x3x10_t128x128x128_e16x8x16_tt,fft20-fp32-batch16,3,fft20-fp32_b16_d3_7x3x10_t128x128x128_e16x8x16_tt,0,4902092.800000001,fft20-fp32,3,7x3x10,128x128x128,16x8x16,tablextable,direct-stridedxdirect-strided,cufftdx-online-shared+cufftdx-online-shared+cufftdx-online-shared,7,10,128,128,16,16,table,direct-strided,Tesla V100-SXM2-16GB,7.0,fft,fp32,forward,none,in-place,online-reorder,cufftdx-block,20,1048576,16,100,50,2.050929,8180302356.632207,0.001100,1
fft18-fp32_b16_d3_3x3x12_t256x256x1024_e8x8x4_tt,fft18-fp32-batch16,2,fft18-fp32_b16_d3_3x3x12_t256x256x1024_e8x8x4_tt,0,2451046.4000000004,fft18-fp32,3,3x3x12,256x256x1024,8x8x4,tablextable,direct-stridedxdirect-strided,cufftdx-online-shared+cufftdx-online-shared+cufftdx-large-online,3,12,256,1024,8,4,table,direct-strided,Tesla V100-SXM2-16GB,7.0,fft,fp32,forward,none,in-place,online-reorder,cufftdx-block,18,262144,16,100,50,0.495514,8464558485.785795,0.000432,1
fft18-fp32_b2_d3_5x10x3_t128x128x128_e16x16x8_tt,fft18-fp32-batch2,1,fft18-fp32_b2_d3_5x10x3_t128x128x128_e16x16x8_tt,0,185685.33333333334,fft18-fp32,3,5x10x3,128x128x128,16x16x8,tablextable,direct-stridedxdirect-strided,cufftdx-online-shared+cufftdx-online-shared+cufftdx-online-shared,5,3,128,128,16,8,table,direct-strided,Tesla V100-SXM2-16GB,7.0,fft,fp32,forward,none,in-place,online-reorder,cufftdx-block,18,262144,2,100,50,0.088023,5956258442.887925,0.000540,1
fft18-fp32_b64_d3_4x3x11_t128x128x512_e16x8x4_tt,fft18-fp32-batch64,1,fft18-fp32_b64_d3_4x3x11_t128x128x512_e16x8x4_tt,0,8877875.796332158,fft18-fp32,3,4x3x11,128x128x512,16x8x4,tablextable,direct-stridedxdirect-strided,cufftdx-online-shared+cufftdx-online-shared+cufftdx-large-online,4,11,128,512,16,4,table,direct-strided,Tesla V100-SXM2-16GB,7.0,fft,fp32,forward,none,in-place,online-reorder,cufftdx-block,18,262144,64,100,50,1.811272,9262672354.024944,0.000546,1
fft20-fp32_b8_d3_4x11x5_t128x512x128_e16x4x16_tt,fft20-fp32-batch8,1,fft20-fp32_b8_d3_4x11x5_t128x512x128_e16x4x16_tt,0,3932160.0,fft20-fp32,3,4x11x5,128x512x128,16x4x16,tablextable,direct-stridedxdirect-strided,cufftdx-online-shared+cufftdx-large-online+cufftdx-online-shared,4,5,128,128,16,16,table,direct-strided,Tesla V100-SXM2-16GB,7.0,fft,fp32,forward,none,in-place,online-reorder,cufftdx-block,20,1048576,8,100,50,1.620931,5175180003.993718,0.001234,1
fft18-fp32_b16_d3_3x4x11_t256x256x1024_e8x16x2_tt,fft18-fp32-batch16,1,fft18-fp32_b16_d3_3x4x11_t256x256x1024_e8x16x2_tt,0,3919052.8000000003,fft18-fp32,3,3x4x11,256x256x1024,8x16x2,tablextable,direct-stridedxdirect-strided,cufftdx-online-shared+cufftdx-online-shared+cufftdx-large-online,3,11,256,1024,8,2,table,direct-strided,Tesla V100-SXM2-16GB,7.0,fft,fp32,forward,none,in-place,online-reorder,cufftdx-block,18,262144,16,100,50,0.546980,7668114358.575794,0.000386,1
fft20-fp32_b2_d3_3x11x6_t128x512x128_e8x4x16_tt,fft20-fp32-batch2,3,fft20-fp32_b2_d3_3x11x6_t128x512x128_e8x4x16_tt,0,1179648.0,fft20-fp32,3,3x11x6,128x512x128,8x4x16,tablextable,direct-stridedxdirect-strided,cufftdx-online-shared+cufftdx-large-online+cufftdx-online-shared,3,6,128,128,8,16,table,direct-strided,Tesla V100-SXM2-16GB,7.0,fft,fp32,forward,none,in-place,online-reorder,cufftdx-block,20,1048576,2,100,50,0.371589,5643738913.240784,0.001014,1
fft18-fp32_b16_d3_3x12x3_t128x512x128_e8x8x8_tt,fft18-fp32-batch16,3,fft18-fp32_b16_d3_3x12x3_t128x512x128_e8x8x8_tt,0,1758790.4870289993,fft18-fp32,3,3x12x3,128x512x128,8x8x8,tablextable,direct-stridedxdirect-strided,cufftdx-online-shared+cufftdx-large-online+cufftdx-online-shared,3,3,128,128,8,8,table,direct-strided,Tesla V100-SXM2-16GB,7.0,fft,fp32,forward,none,in-place,online-reorder,cufftdx-block,18,262144,16,100,50,0.721265,5815207968.064956,0.000498,1
fft20-fp32_b2_d3_4x11x5_t128x512x128_e16x4x16_tt,fft20-fp32-batch2,2,fft20-fp32_b2_d3_4x11x5_t128x512x128_e16x4x16_tt,0,983040.0,fft20-fp32,3,4x11x5,128x512x128,16x4x16,tablextable,direct-stridedxdirect-strided,cufftdx-online-shared+cufftdx-large-online+cufftdx-online-shared,4,5,128,128,16,16,table,direct-strided,Tesla V100-SXM2-16GB,7.0,fft,fp32,forward,none,in-place,online-reorder,cufftdx-block,20,1048576,2,100,50,0.400445,5237048134.865663,0.001234,1
fft20-fp32_b2_d3_7x10x3_t128x128x128_e16x16x8_tt,fft20-fp32-batch2,2,fft20-fp32_b2_d3_7x10x3_t128x128x128_e16x16x8_tt,0,612761.6000000001,fft20-fp32,3,7x10x3,128x128x128,16x16x8,tablextable,direct-stridedxdirect-strided,cufftdx-online-shared+cufftdx-online-shared+cufftdx-online-shared,7,3,128,128,16,8,table,direct-strided,Tesla V100-SXM2-16GB,7.0,fft,fp32,forward,none,in-place,online-reorder,cufftdx-block,20,1048576,2,100,50,0.391270,5359853453.923480,0.001043,1
fft20-fp32_b16_d3_3x5x12_t128x128x512_e8x16x8_tt,fft20-fp32-batch16,2,fft20-fp32_b16_d3_3x5x12_t128x128x512_e8x16x8_tt,0,6529546.140713537,fft20-fp32,3,3x5x12,128x128x512,8x16x8,tablextable,direct-stridedxdirect-strided,cufftdx-online-shared+cufftdx-online-shared+cufftdx-large-online,3,12,128,512,8,8,table,direct-strided,Tesla V100-SXM2-16GB,7.0,fft,fp32,forward,none,in-place,online-reorder,cufftdx-block,20,1048576,16,100,50,2.993623,5604318211.624648,0.001465,1
fft18-fp32_b2_d3_5x3x10_t128x128x128_e16x8x16_tt,fft18-fp32-batch2,3,fft18-fp32_b2_d3_5x3x10_t128x128x128_e16x8x16_tt,0,185685.33333333334,fft18-fp32,3,5x3x10,128x128x128,16x8x16,tablextable,direct-stridedxdirect-strided,cufftdx-online-shared+cufftdx-online-shared+cufftdx-online-shared,5,10,128,128,16,16,table,direct-strided,Tesla V100-SXM2-16GB,7.0,fft,fp32,forward,none,in-place,online-reorder,cufftdx-block,18,262144,2,100,50,0.093921,5582206633.041462,0.000612,1
fft20-fp32_b8_d3_4x5x11_t128x128x512_e16x16x4_tt,fft20-fp32-batch8,2,fft20-fp32_b8_d3_4x5x11_t128x128x512_e16x16x4_tt,0,3932160.0,fft20-fp32,3,4x5x11,128x128x512,16x16x4,tablextable,direct-stridedxdirect-strided,cufftdx-online-shared+cufftdx-online-shared+cufftdx-large-online,4,11,128,512,16,4,table,direct-strided,Tesla V100-SXM2-16GB,7.0,fft,fp32,forward,none,in-place,online-reorder,cufftdx-block,20,1048576,8,100,50,1.511608,5549459020.820740,0.001274,1
fft20-fp32_b2_d3_3x11x6_t128x512x128_e8x4x16_tt,fft20-fp32-batch2,2,fft20-fp32_b2_d3_3x11x6_t128x512x128_e8x4x16_tt,0,1179648.0,fft20-fp32,3,3x11x6,128x512x128,8x4x16,tablextable,direct-stridedxdirect-strided,cufftdx-online-shared+cufftdx-large-online+cufftdx-online-shared,3,6,128,128,8,16,table,direct-strided,Tesla V100-SXM2-16GB,7.0,fft,fp32,forward,none,in-place,online-reorder,cufftdx-block,20,1048576,2,100,50,0.371118,5650901986.432614,0.001014,1
